data,at1,at2,at3,at4,at5
0,-0.888,-0.143,1.57,-0.89,-0.683
1,-0.826,2.892,-0.561,1.58,-0.793
2,0.184,-0.247,1.193,-0.875,0.897
3,-0.313,0.45,0.555,-0.791,1.143
4,-1.421,-0.791,-0.017,0.643,0.988
5,-0.27,-0.626,2.006,0.091,-1.177
6,-0.256,0.691,-0.074,0.162,1.033
7,1.06,-0.144,0.51,0.782,1.609
8,-0.36,-0.567,-1.034,0.437,0.117
9,-0.078,-0.336,-0.318,1.625,1.375
10,-2.378,1.469,0.338,1.165,-1.624
11,1.844,1.061,-0.544,0.368,1.337
12,0.122,-1.623,0.416,0.794,0.586
13,-0.16,1.307,0.915,-0.468,-0.552
14,0.494,-0.954,-0.428,1.749,-1.36
15,-2.687,0.077,-1.057,-1.844,-1.41
16,-2.472,0.981,-1.414,0.766,-1.062
17,1.818,-1.073,-0.497,-0.403,1.854
18,0.261,-0.832,0.512,-0.121,0.321
19,-1.483,-0.602,-1.742,-0.26,1.529
20,-1.181,0.261,-0.199,-0.814,-1.715
21,-0.283,1.547,-0.922,-1.638,1.718
22,0.025,1.393,-0.527,-0.651,1.239
23,0.849,0.386,1.694,0.314,-0.067
24,2.422,0.404,-0.423,1.232,-0.41
25,0.402,0.015,0.388,0.413,-0.834
26,-0.006,-0.223,-1.492,0.079,-0.391
27,-1.415,-0.945,1.276,0.037,-0.705
28,-0.734,0.624,-0.481,0.771,1.494
29,-0.417,1.116,1.518,-0.79,0.86
30,0.499,-0.706,-1.048,0.36,0.28
31,0.396,-1.636,0.121,1.372,0.615
32,-1.23,0.159,-0.971,0.857,-1.254
33,0.65,1.212,-0.58,-0.654,-0.647
34,1.223,1.325,-1.231,2.059,1.217
35,-0.295,0.461,-0.636,0.657,1.19
36,0.178,0.984,-1.772,0.949,0.355
37,-1.726,-0.652,-0.369,-0.795,-1.583
38,-2.323,-0.072,-0.126,-0.542,-1.598
39,0.577,0.4,0.856,-0.051,-1.209
40,0.391,0.115,-0.652,-0.997,-0.527
41,0.567,0.428,0.117,0.401,-0.766
42,0.809,-0.089,-1.266,0.663,0.017
43,0.352,0.047,-1.376,-0.305,-1.065
44,0.203,-0.39,-0.499,-1.629,-0.767
45,0.634,-0.307,1.356,1.942,-1.707
46,-1.652,0.881,0.052,0.423,0.717
47,-0.198,-0.202,-0.421,0.453,-0.019
48,0.098,0.785,1.062,0.545,1.11
49,-1.524,-0.41,-1.673,-0.165,-0.446
50,-0.602,0.425,-0.316,-1.105,0.558
51,0.436,-0.658,1.959,1.81,1.033
52,-0.775,-0.288,-0.118,-0.455,0.041
53,-0.128,-0.321,1.2,0.084,-1.626
54,1.621,0.635,-0.868,-0.867,0.281
55,-2.238,-0.284,0.862,-0.136,1.143
56,1.697,1.488,-0.614,-0.657,-0.213
57,-0.418,-0.466,1.487,1.893,-0.494
58,0.233,1.139,1.513,-0.07,1.757
59,2.169,-1.471,-0.173,1.14,0.775
60,0.718,0.225,-1.631,-1.465,-0.177
61,-0.109,1.028,1.252,0.249,-1.013
62,-0.043,-0.033,-0.994,1.07,0.828
63,-1.442,-0.788,-0.527,1.566,0.28
64,0.139,-3.061,-0.855,-1.051,0.74
65,0.856,-0.034,-0.199,0.331,0.491
66,-0.982,-1.478,-0.525,0.182,-1.833
67,0.057,-0.587,0.417,0.052,-2.1
68,0.211,0.071,1.539,1.111,-1.389
69,-0.392,1.037,-1.293,-0.075,0.971
70,0.452,-0.243,-1.501,-0.304,-1.252
71,-0.215,-0.504,2.023,0.667,-0.582
72,1.388,-0.483,-1.273,-0.871,-0.579
73,-2.151,-3.574,0.534,-1.493,-1.045
74,-1.043,0.062,1.072,0.225,0.496
75,2.067,-1.221,1.147,-0.592,0.972
76,-1.83,0.692,0.431,-0.099,-0.071
77,0.247,-0.768,-1.761,0.389,-1.022
78,-0.476,1.045,-1.031,0.106,-0.758
79,-1.595,0.989,0.822,-1.571,1.872
80,-1.197,-0.222,-1.512,-0.461,-0.108
81,1.796,0.699,-0.043,-0.729,-1.006
82,-1.273,-1.007,-1.506,0.361,-1.886
83,-0.844,0.039,-0.223,-1.319,1.829
84,-0.66,0.123,-0.299,0.155,-1.311
85,-1.668,0.659,-1.045,1.442,-1.001
86,-0.309,-0.319,0.905,-0.739,-1.167
87,-1.364,0.468,0.214,0.744,2.491
88,-1.036,0.107,0.642,0.071,0.679
89,0.242,-2.019,1.513,0.006,-0.984
90,1.51,0.28,0.839,-0.675,-1.786
91,-0.199,0.043,-0.57,0.62,0.976
92,-1.583,-0.975,-0.572,-0.201,0.16
93,0.267,1.337,0.576,0.057,-0.7
94,1.099,-0.682,-0.099,1.193,1.952
95,0.652,1.929,0.221,-0.734,0.029
96,0.706,-0.108,-1.145,1.109,0.153
97,1.015,0.114,0.608,0.293,1.349
98,-0.056,-0.353,0.117,0.246,-1.111
99,-0.67,0.964,0.996,-1.584,-0.484
100,0.215,1.335,0.593,2.328,-0.173
101,0.389,1.006,0.193,1.151,0.354
102,-0.574,1.351,-1.026,-1.859,0.314
103,0.065,-1.161,0.252,-0.638,-0.814
104,-0.435,0.162,-1.181,-0.306,-1.083
105,0.133,1.17,1.209,-0.631,-0.654
106,-0.957,1.202,-0.074,0.025,1.418
107,3.003,-0.453,0.218,1.732,-0.737
108,0.585,1.162,0.507,0.813,1.8
109,-1.371,-0.582,0.892,-0.35,-0.627
110,-0.39,-0.096,-1.25,1.481,-0.907
111,-0.164,-1.448,-1.344,0.098,-0.625
112,1.519,0.318,-0.629,-0.073,1.322
113,-1.766,0.117,-1.104,1.357,0.297
114,1.382,0.283,0.9,-0.674,0.584
115,0.46,0.701,0.162,-1.163,1.671
116,-0.412,0.218,0.749,-0.69,-0.455
117,0.806,-0.216,-1.91,0.169,1.029
118,-0.156,1.845,-0.415,-0.45,0.062
119,-0.811,-0.123,-1.617,-0.495,-1.643
120,1.809,-0.645,-1.527,0.428,-0.69
121,0.471,0.078,0.795,-1.659,0.14
122,-0.214,0.221,0.523,-0.856,-0.138
123,-0.265,-0.184,0.797,1.607,0.784
124,1.582,1.351,-0.304,-1.441,0.26
125,1.445,-1.22,-0.102,-1.734,0.048
126,1.666,-0.373,1.338,-1.209,1.163
127,0.909,0.822,-1.4,1.383,-1.65
128,0.839,0.617,0.735,-0.322,0.512
129,1.49,0.86,-0.44,0.533,-0.096
130,-0.532,-0.232,-0.931,-0.295,1.195
131,-0.075,1.433,-0.148,0.16,1.168
132,-0.863,-0.422,0.483,-1.397,-0.616
133,1.347,-0.535,-0.029,0.155,-1.495
134,0.632,-1.132,-0.674,-1.369,0.585
135,0.129,-0.686,1.437,-2.268,-0.881
136,-0.922,-0.636,-0.496,-0.478,-0.902
137,0.091,-1.65,-0.874,0.368,-0.842
138,1.102,0.011,0.138,-1.348,0.215
139,0.221,1.718,-0.13,0.031,0.536
140,-1.278,1.195,-0.756,0.472,0.662
141,0.509,-0.413,-2.613,-1.327,-1.492
142,-1.725,0.25,0.006,0.453,-0.504
143,-0.806,0.371,0.746,1.024,0.458
144,1.102,0.848,-1.117,0.253,-0.141
145,0.921,0.318,-1.731,-0.204,-0.493
146,0.476,0.227,-0.112,0.767,0.213
147,-1.71,0.73,-0.462,-0.598,0.351
148,1.39,1.583,-0.836,-0.492,-0.733
149,0.487,-0.11,0.178,-0.701,-1.096
150,0.632,0.158,0.849,0.437,-0.578
151,1.848,-0.98,-3.074,1.938,-0.637
152,-0.386,0.041,0.244,1.02,-0.211
153,-1.199,0.929,-0.703,0.618,0.678
154,-0.936,0.291,-1.074,-0.873,0.331
155,-0.671,1.82,-0.525,0.378,-1.525
156,0.76,-0.741,1.217,0.804,-0.354
157,-0.78,0.899,1.036,1.343,-0.442
158,0.949,-0.06,0.656,2.062,0.206
159,-0.306,-0.358,1.456,-0.405,-0.459
160,0.116,-1.178,-1.258,1.013,0.727
161,-0.047,-2.741,0.104,0.251,0.686
162,-0.051,0.31,-1.304,1.214,0.455
163,-0.133,-0.109,-0.391,-1.256,0.162
164,-2.57,-1.416,-0.972,0.641,0.633
165,-0.23,-0.938,-0.004,1.227,0.028
166,2.065,-1.452,0.974,0.239,0.037
167,-1.9,0.517,-1.572,1.015,0.709
168,0.139,-1.959,0.701,-1.136,-0.095
169,-2.137,-0.614,0.413,-0.583,-1.203
170,-0.944,0.604,-0.076,0.53,0.356
171,-0.197,0.363,-1.174,0.494,-1.357
172,0.332,-0.974,1.432,0.432,-0.205
173,0.457,-0.456,0.312,0.768,2.044
174,-0.539,0.311,1.486,0.076,-1.228
175,0.821,-0.785,1.107,-0.47,-1.611
176,0.67,-0.777,0.759,-1.091,2.081
177,0.708,0.7,-0.004,0.18,1.745
178,-0.071,0.262,-0.091,-0.422,1.296
179,0.505,-0.207,-0.961,-0.883,0.85
180,-0.11,-0.589,1.213,-0.504,-0.848
181,-1.893,-0.062,-0.138,-2.367,-0.604
182,0.389,-0.423,-1.855,-0.806,-0.102
183,-0.257,0.648,1.832,-0.796,0.261
184,-1.225,0.961,-1.47,0.244,-0.026
185,0.336,1.593,-1.038,0.214,1.054
186,0.077,-1.688,1.351,0.865,0.829
187,1.146,0.049,1.336,-0.598,-0.594
188,-0.314,-0.532,0.772,0.942,-2.883
189,0.783,-0.041,0.96,-0.653,-0.431
190,-0.131,0.326,0.37,-0.948,0.037
191,0.731,-1.375,0.52,0.142,-1.671
192,-1.525,1.28,0.542,-1.79,1.296
193,-0.235,1.045,0.729,1.33,-0.687
194,1.808,-0.009,0.025,0.403,-0.587
195,-1.059,0.324,0.323,1.955,-1.358
196,-1.087,0.936,-1.035,-0.895,0.226
197,-0.736,0.703,0.037,0.866,0.317
198,0.64,-1.593,0.463,-1.061,-0.116
199,1.01,-1.09,1.572,-0.919,-0.03
200,-1.785,-1.112,-0.475,0.091,0.21
201,0.175,0.229,-0.283,-0.448,1.124
202,-0.469,-1.139,-0.614,-0.05,-1.132
203,1.686,-1.143,-0.743,-0.642,0.201
204,0.485,0.992,0.308,0.182,0.034
205,-0.033,0.797,-1.376,-0.264,1.115
206,-1.15,-0.253,0.315,0.399,-0.297
207,0.269,1.072,-0.005,-0.018,0.389
208,-1.185,-0.263,-0.717,0.899,0.13
209,-0.49,-0.659,-0.66,0.534,3.005
210,0.356,-0.383,0.689,1.457,0.478
211,-0.48,1.8,-0.628,-0.082,-0.943
212,0.786,0.687,-1.202,0.994,1.633
213,0.059,-0.64,-0.818,0.802,-0.006
214,1.42,1.053,1.012,0.737,0.727
215,-0.579,-0.503,-1.022,1.73,1.001
216,1.675,0.613,-0.019,-0.763,0.422
217,1.638,-0.321,0.785,-1.366,-0.056
218,-1.888,0.681,0.496,1.425,-0.437
219,-0.096,1.262,0.248,-0.17,0.273
220,0.216,-0.215,-1.446,-1.271,-1.949
221,0.333,-1.501,1.01,-0.297,-0.096
222,1.149,0.404,-0.467,-0.626,0.182
223,1.289,0.494,1.54,-0.97,-0.828
224,-1.002,-0.669,0.105,1.293,-0.686
225,-0.417,-0.407,-0.592,0.95,0.083
226,1.655,-0.464,1.359,-0.72,-0.38
227,1.371,-0.123,-0.651,-0.029,-0.706
228,-0.835,1.122,-0.972,0.571,-0.957
229,-0.764,-1.035,-0.494,-1.192,0.828
230,0.374,-1.886,-0.153,2.21,0.531
231,-0.107,-0.552,-1.391,-1.263,0.883
232,-0.648,1.72,-0.06,-1.188,-1.271
233,0.809,-1.33,-0.628,-0.08,-0.096
234,1.742,-0.356,-0.124,3.76,-0.3
235,-0.375,0.012,-0.117,0.081,1.131
236,1.412,-1.549,-0.115,-0.019,-0.372
237,-1.299,-2.057,-2.007,0.433,-0.813
238,-0.545,-0.095,-1.46,0.457,0.558
239,-0.485,1.162,-0.355,1.133,-0.652
240,-0.059,0.342,0.429,-1.879,0.142
241,-0.07,1.099,0.72,-0.045,-1.101
242,0.073,1.179,-0.868,-0.374,-0.526
243,-1.382,-0.914,-0.691,-0.27,-1.045
244,-0.428,1.287,-0.069,-1.031,0.717
245,-0.336,-0.504,-0.132,1.581,1.353
246,-0.404,0.959,0.362,2.704,-1.004
247,0.196,0.994,1.374,0.189,1.628
248,-0.958,0.009,-1.378,-1.248,-1.475
249,0.484,-1.067,-1.022,0.256,-0.248
250,-0.096,-1.175,0.073,0.288,0.867
251,0.008,0.732,1.46,-0.647,0.525
252,0.584,-0.845,-1.331,-0.391,-1.236
253,-0.98,1.245,2.453,0.937,-2.257
254,-0.068,2.513,0.971,0.264,-1.121
255,0.05,1.251,-0.721,1.178,-0.855
256,1.153,1.843,1.414,-0.224,-0.356
257,0.167,0.321,-0.698,0.661,-0.402
258,0.601,2.082,0.199,-0.505,0.635
259,0.258,2.437,0.507,1.395,-0.957
260,0.272,0.145,-1.303,-0.696,-1.787
261,0.162,1.491,0.577,-1.02,-1.836
262,-0.014,-1.25,-0.886,0.443,-0.442
263,-1.27,-0.039,-1.44,0.757,-0.282
264,-1.188,0.64,2.503,-0.723,-0.458
265,-0.996,0.642,-0.174,-1.313,-0.882
266,0.82,-0.749,-0.491,1.652,1.795
267,0.134,1.379,1.132,1.398,-0.267
268,0.687,-1.621,0.486,-0.276,0.326
269,-0.794,-0.188,0.55,-0.054,0.852
270,0.726,-0.595,-0.117,0.162,0.98
271,-0.455,0.435,0.766,-1.861,0.856
272,1.277,-1.781,-1.228,-0.172,0.335
273,0.597,0.556,-0.597,0.808,-0.407
274,0.119,-0.524,-0.68,-0.612,-0.716
275,0.959,-1.846,2.31,2.089,1.031
276,0.153,0.678,0.529,0.579,-2.335
277,1.764,-0.144,-0.0,2.248,0.398
278,-0.09,0.905,-1.246,-0.367,0.677
279,-0.586,2.231,0.922,-0.504,-0.234
280,0.721,-0.839,-0.129,1.456,-0.634
281,0.083,-1.363,0.959,-0.672,0.751
282,-0.727,-1.389,0.132,0.659,-0.667
283,1.219,-0.37,-0.3,-1.402,2.469
284,1.504,-0.761,-1.112,-0.758,-0.246
285,-0.327,-0.366,0.917,1.936,1.355
286,-0.448,0.321,1.395,-0.834,-1.306
287,-0.663,-0.453,0.547,1.167,-0.35
288,-0.352,0.329,-0.838,-0.369,-0.847
289,-1.375,1.682,-0.844,-0.103,0.663
290,-0.317,-1.208,1.387,0.846,-0.847
291,0.446,0.835,-1.049,-0.65,-0.974
292,-0.251,0.324,0.579,-0.847,-0.233
293,0.999,-0.085,0.632,-1.559,0.846
294,2.478,0.16,2.035,1.769,0.603
295,-1.314,-0.941,0.692,-0.389,0.185
296,-0.998,-2.298,1.534,-1.079,-1.347
297,0.65,0.862,0.832,-0.168,0.939
298,0.455,-1.518,-0.573,1.104,-1.994
299,-0.916,1.065,0.561,-1.187,-0.224
300,0.309,1.316,-0.332,-0.539,2.812
301,-0.212,0.588,-0.111,1.518,0.275
302,2.09,-0.816,-0.972,0.075,0.234
303,-0.381,-0.019,0.248,0.532,-0.701
304,0.65,-1.844,-0.261,0.032,-0.765
305,-0.276,-0.714,-0.074,-0.528,1.044
306,-0.48,-0.117,0.966,-0.537,0.267
307,-1.036,-1.309,-0.343,0.094,-1.083
308,1.516,0.105,-0.965,-0.242,-0.522
309,0.411,-0.9,0.483,-1.032,-0.302
310,-1.848,1.107,0.935,0.684,-1.867
311,-0.394,2.081,-1.616,1.076,-1.142
312,0.632,-1.696,1.182,1.163,-0.892
313,-0.648,-2.475,0.012,1.544,-1.707
314,0.179,1.565,1.095,-0.628,-0.227
315,0.364,-0.577,1.852,1.269,0.521
316,-0.941,1.748,-0.936,-0.682,4.014
317,-0.562,-0.02,-0.854,-1.066,-0.741
318,-0.195,0.947,0.517,0.632,0.757
319,0.082,-0.297,-0.581,-1.289,0.475
320,-2.006,-0.861,-0.168,2.03,0.811
321,2.163,0.055,0.172,-0.745,0.028
322,0.446,0.268,0.189,-1.781,-1.095
323,0.974,0.196,0.588,1.016,2.026
324,0.741,0.926,-0.795,-1.269,0.66
325,0.234,0.608,-0.057,-0.389,0.28
326,-0.409,-0.029,1.653,0.444,0.118
327,0.194,0.683,0.714,-0.207,-0.746
328,1.486,0.277,1.677,0.225,0.206
329,0.262,1.438,0.358,1.746,-1.072
330,0.208,0.803,0.36,2.06,0.601
331,0.4,-0.973,-0.175,1.166,-2.507
332,0.138,0.293,-0.009,-0.832,1.239
333,1.33,-0.273,0.5,0.339,1.191
334,-0.477,-0.684,1.052,-1.014,0.677
335,0.717,2.824,-0.033,-0.442,-0.25
336,-0.065,-0.45,0.417,-0.886,-2.416
337,1.272,-0.067,-0.998,1.739,-0.697
338,1.264,-0.072,0.077,-0.744,-1.498
339,-1.026,0.435,-3.324,-1.822,0.85
340,-0.216,1.636,1.841,0.29,0.792
341,-0.291,0.706,-0.616,2.102,0.178
342,-0.165,-2.248,-0.412,1.54,-1.653
343,0.373,-0.523,0.641,0.673,0.6
344,0.333,0.933,-0.941,-0.14,-0.5
345,-1.049,-0.339,-0.582,-0.475,0.273
346,0.156,0.374,0.257,-0.034,1.359
347,-0.262,-0.636,-1.195,1.427,-0.108
348,1.51,-0.93,0.515,1.721,-0.224
349,-0.309,-1.288,1.287,0.806,-0.246
350,-2.46,0.175,0.268,0.316,-0.488
351,0.526,-1.593,0.376,-0.264,0.266
352,-0.864,-0.704,-0.661,0.166,-0.731
353,-0.604,-0.229,0.779,-0.773,0.549
354,0.916,0.135,-0.165,-0.015,-0.039
355,0.307,0.436,1.056,-0.455,0.113
356,0.567,-0.406,0.351,-1.386,-0.223
357,0.342,-0.241,0.854,0.163,-0.207
358,-0.619,1.033,0.549,-0.677,-0.646
359,-0.784,-0.911,-1.212,0.365,1.042
360,1.064,0.491,1.513,-0.186,-1.624
361,-1.712,0.028,1.333,0.118,-0.893
362,0.785,1.221,-0.837,-0.602,0.638
363,1.682,-0.225,-0.998,-0.198,-1.136
364,1.508,1.881,-0.336,1.183,1.922
365,-1.396,0.611,-0.625,-0.268,0.298
366,0.554,0.611,1.157,-0.065,-1.619
367,1.202,2.187,-1.18,0.796,0.16
368,0.119,0.305,1.214,0.185,-1.767
369,0.125,-0.123,-1.368,1.213,0.715
370,-0.194,0.006,-0.394,-1.458,-0.414
371,1.529,-0.158,0.405,0.069,1.699
372,1.431,-0.971,0.668,-1.778,-0.108
373,-1.841,0.531,-0.552,-1.76,0.508
374,0.186,-0.257,1.126,1.17,-0.787
375,-1.195,-0.233,1.034,0.199,1.073
376,-0.883,-0.569,-2.106,0.471,0.779
377,-0.637,-1.262,-1.076,-0.997,1.4
378,-1.085,0.078,0.634,0.569,0.192
379,-2.712,-0.208,0.124,-0.84,0.45
380,-0.163,0.517,-1.047,-1.413,0.655
381,-0.147,1.136,-0.288,0.577,-1.791
382,2.504,0.259,-0.702,-0.378,1.077
383,-0.545,0.979,-1.171,-1.681,1.116
384,1.384,0.5,1.825,1.164,-1.119
385,1.361,-0.036,0.937,0.709,0.58
386,-1.433,-0.424,-0.936,0.453,-0.275
387,2.743,-0.476,-1.842,1.318,0.088
388,-2.054,-1.378,-1.2,0.293,0.382
389,-0.395,-1.051,-0.697,0.694,-0.966
390,-1.639,0.522,-0.812,0.266,0.297
391,-0.064,-1.466,-0.318,-0.379,-1.932
392,-0.951,-1.28,-1.216,0.739,-0.659
393,-0.29,1.575,-0.165,-1.644,-1.174
394,-0.154,1.299,-0.622,1.214,-0.17
395,0.465,-0.081,0.436,-0.309,0.411
396,-1.08,1.548,-0.785,-2.185,1.581
397,1.68,-0.124,-1.875,0.903,1.389
398,-0.917,-1.032,-0.026,0.28,-0.081
399,-0.787,0.635,-0.565,0.647,1.83
400,0.855,-0.137,0.943,1.07,-1.145
401,1.471,-0.145,0.004,-0.729,-1.584
402,-0.382,-0.208,-0.122,0.563,-1.402
403,-1.291,-0.262,1.237,0.656,0.67
404,1.048,2.371,0.595,1.714,0.812
405,1.493,0.105,0.276,-1.224,0.196
406,-1.005,-1.991,-0.049,-0.125,-0.175
407,0.134,0.327,-0.358,0.783,-0.228
408,-0.95,0.909,-1.118,1.051,-0.108
409,1.78,-0.813,-0.828,-0.335,0.786
410,1.07,0.62,-0.883,1.769,1.689
411,-0.258,0.263,0.098,1.551,0.444
412,-0.762,-0.741,-0.898,0.071,1.848
413,-2.454,-0.085,-1.449,-0.778,0.144
414,-0.235,-0.95,0.334,0.122,-0.781
415,0.935,-0.678,0.735,0.823,-0.021
416,1.019,-2.248,-0.267,-0.035,1.406
417,1.013,0.928,-0.057,0.715,-0.715
418,-1.46,-0.989,0.936,0.744,-0.266
419,-0.152,-0.578,0.223,1.285,1.685
420,-0.417,1.407,0.404,0.645,0.915
421,-0.649,-0.036,-0.311,-0.207,-0.748
422,2.764,-0.416,-0.173,0.233,-1.028
423,0.566,-0.02,-0.134,1.606,0.396
424,-0.588,0.073,1.353,-0.602,-0.845
425,-1.659,0.284,-0.962,1.828,-1.26
426,-0.212,-0.844,0.478,-0.261,0.119
427,1.8,-1.735,1.057,-1.395,0.623
428,-0.121,-1.253,-0.467,-0.216,-0.622
429,-1.344,-1.416,0.7,0.444,0.449
430,0.491,-0.157,-0.985,0.842,2.017
431,0.033,-0.688,0.33,-0.015,1.356
432,-0.968,0.374,0.16,0.694,0.459
433,-0.464,0.461,0.509,-1.205,-1.327
434,-1.632,0.557,-1.813,0.514,0.512
435,0.127,-0.563,0.081,-0.761,-2.384
436,-0.385,-0.077,1.903,0.594,0.588
437,0.009,-1.439,-1.303,1.956,-0.219
438,0.957,2.43,0.321,-0.5,-0.515
439,-0.798,0.714,0.675,0.551,-0.769
440,-0.974,-0.913,-0.12,0.595,-0.258
441,0.858,0.8,-0.666,-0.274,0.415
442,0.44,1.369,0.439,1.598,0.453
443,-2.936,-0.517,-0.628,0.617,-1.07
444,0.206,-3.211,-0.226,-1.175,-0.679
445,0.275,0.418,0.336,-0.219,0.85
446,-0.971,-0.273,0.854,0.803,-0.671
447,0.071,-1.645,0.066,-0.758,-1.364
448,-1.378,-1.179,-1.208,-2.359,-0.208
449,-0.449,-2.148,-0.177,-0.271,1.077
450,1.413,0.867,-0.704,-0.225,0.589
451,-1.904,0.616,-0.253,-1.193,1.612
452,0.809,-0.765,0.237,0.53,-0.553
453,-3.045,-0.665,-1.061,-2.322,0.094
454,-0.695,-1.479,-0.517,0.478,1.619
455,-1.085,-1.722,0.542,-1.449,-0.987
456,-1.259,0.653,0.427,-1.37,0.372
457,0.088,2.214,-0.437,0.311,0.07
458,-0.024,-0.447,-0.133,-0.543,-0.489
459,0.131,-0.908,1.181,0.444,-0.564
460,1.575,-1.158,-0.276,0.154,-0.501
461,1.081,0.021,-0.097,1.584,1.557
462,-1.058,-1.477,0.508,-0.414,0.272
463,-0.948,-0.272,0.096,-1.325,-2.087
464,-0.751,0.018,-0.784,0.089,0.597
465,-0.302,0.753,-0.863,0.379,0.556
466,0.025,-0.762,-0.071,0.707,0.563
467,-0.823,-0.654,-1.421,0.248,0.031
468,-0.796,-0.228,-1.214,0.673,-0.494
469,-0.214,-1.405,1.154,-1.463,1.862
470,1.109,0.963,-0.933,-0.106,-0.065
471,-0.948,-1.823,-0.788,-0.355,0.415
472,-1.319,-1.444,1.17,1.721,-0.491
473,0.224,1.453,1.093,0.206,-0.976
474,-0.195,1.554,0.348,-0.178,0.598
475,-1.421,-0.076,1.917,-0.86,0.215
476,-0.47,1.428,-1.231,-0.301,-0.874
477,-0.279,-0.913,1.119,1.806,-1.289
478,0.37,-0.608,-0.512,-0.835,0.673
479,0.002,0.692,0.408,0.452,-1.145
480,0.116,1.557,-1.813,-1.655,0.39
481,0.812,1.793,0.389,-2.241,0.323
482,-1.477,0.798,-1.985,-0.513,-0.852
483,-0.045,0.665,1.384,1.148,0.743
484,0.455,-1.788,-0.705,-0.808,-0.94
485,-0.546,0.24,1.581,-0.809,-1.457
486,-0.182,-0.187,0.738,-1.444,-0.67
487,-0.87,1.749,2.185,-0.621,-1.503
488,0.396,-1.726,0.113,0.118,-0.453
489,-0.364,-0.015,1.119,0.408,1.967
490,0.424,-0.438,0.826,-0.155,0.06
491,0.664,-0.295,-2.328,0.175,1.121
492,-0.24,-0.638,-0.77,-0.486,-0.604
493,0.442,-0.811,-1.047,0.316,0.309
494,0.117,-0.509,0.94,-0.554,-1.396
495,-0.301,-0.648,-0.598,-0.57,1.027
496,-0.452,-1.012,0.246,-2.48,0.313
497,1.768,0.519,0.536,-1.052,0.664
498,-1.48,-0.06,0.536,0.705,-0.688
499,0.493,0.068,-1.057,0.006,0.584
500,-0.051,0.62,-2.326,-1.899,0.056
501,1.519,-0.613,0.521,0.313,-1.321
502,-0.765,0.232,0.699,0.993,-0.992
503,0.61,0.591,-0.144,0.951,2.519
504,-0.148,1.26,0.699,-0.162,-0.628
505,0.565,0.516,-2.165,-0.09,0.817
506,-1.533,0.486,-0.093,-0.488,-0.292
507,0.389,1.094,-0.761,1.344,-1.664
508,0.322,0.265,-0.148,-0.395,1.548
509,1.146,-1.445,1.5,-0.227,0.529
510,-0.518,-1.297,0.794,-0.037,-0.464
511,-2.329,0.942,0.177,0.107,-2.323
512,1.144,-0.3,0.468,-3.118,0.582
513,-0.319,1.711,-0.591,-0.06,1.639
514,-0.939,0.045,0.474,-0.871,0.386
515,0.895,0.122,-1.246,-0.181,1.185
516,-0.728,0.537,-1.239,-0.961,1.295
517,-0.769,-0.825,-0.317,0.776,-0.279
518,0.226,-0.311,0.414,1.269,-0.619
519,1.739,-0.97,-0.559,-0.35,0.374
520,0.431,-1.6,-0.848,0.019,-0.291
521,2.255,-2.138,1.131,-0.683,1.02
522,0.017,-0.986,0.877,-0.697,0.042
523,-1.171,0.059,1.371,0.717,-0.992
524,-1.098,1.11,0.786,-0.115,0.936
525,2.832,-1.241,-0.574,-1.278,1.131
526,0.22,-0.984,-1.179,-1.259,-0.56
527,0.096,1.079,-0.587,-0.378,1.271
528,-0.356,1.235,-0.151,-0.422,0.132
529,-0.713,0.298,-0.003,-1.046,-1.395
530,-1.329,0.043,0.01,0.063,-0.595
531,0.677,-0.389,-0.9,-1.487,0.875
532,0.435,-1.432,0.307,0.223,1.74
533,-0.527,0.04,0.512,-0.2,-0.452
534,0.541,1.366,0.213,1.666,0.69
535,-0.825,0.533,1.045,0.382,1.347
536,1.794,-1.523,1.687,-0.034,1.014
537,0.152,-1.042,0.509,-1.297,-2.402
538,-0.233,0.227,0.424,0.932,-1.788
539,-0.811,-1.129,0.453,-1.409,-0.593
540,0.997,-1.307,0.583,-0.275,0.655
541,1.392,0.137,1.803,-1.304,-0.325
542,-0.625,-1.741,2.31,0.303,0.053
543,-0.724,0.316,-0.303,1.115,0.524
544,0.11,-0.759,2.25,0.213,1.157
545,-0.569,-0.354,-0.285,1.894,-1.519
546,0.335,1.079,0.104,0.337,-1.149
547,0.329,1.619,0.793,-0.359,-1.357
548,0.603,-0.242,-1.1,-0.858,-0.757
549,-1.468,-1.826,1.013,0.993,1.833
550,-0.797,0.007,1.265,-0.25,1.64
551,-0.427,-1.725,-1.954,1.195,0.326
552,-0.981,-0.659,-1.369,-1.019,0.183
553,-0.377,0.469,1.577,-0.739,1.771
554,0.187,0.447,0.515,0.518,0.198
555,0.304,1.152,0.946,0.531,-0.71
556,0.79,0.194,0.352,0.331,0.789
557,-1.573,0.45,0.14,-1.092,1.601
558,-0.071,-0.112,-0.599,0.696,0.54
559,0.224,0.902,0.532,-0.868,-0.197
560,-0.493,-0.951,2.028,0.4,-0.334
561,0.325,-0.093,1.153,-0.969,-0.714
562,0.039,-0.667,0.635,1.716,0.264
563,1.861,0.058,0.671,0.091,0.298
564,-1.009,0.076,-0.148,-0.442,0.839
565,1.55,-0.516,-1.091,0.219,0.274
566,1.302,0.565,0.816,-0.935,-1.981
567,1.429,-0.64,-0.047,-1.516,-2.278
568,-0.436,-1.42,0.317,-0.654,0.535
569,-0.191,-0.513,0.245,0.324,0.023
570,0.603,-0.613,-0.068,0.445,1.53
571,-0.049,-0.463,0.257,0.977,0.54
572,0.396,-0.116,-0.953,-1.053,1.286
573,0.004,-0.569,1.454,0.125,0.222
574,-0.887,0.519,0.141,0.206,-1.001
575,-0.743,-0.78,0.389,0.66,1.943
576,-0.15,0.231,0.649,0.166,-1.647
577,1.494,0.028,0.307,0.467,0.373
578,-0.071,-0.971,0.155,-0.822,0.693
579,0.676,0.972,0.102,-0.016,1.335
580,0.165,-1.192,0.256,0.626,1.169
581,-0.231,0.765,0.338,-0.3,-0.206
582,-1.472,0.816,-1.351,-1.011,1.088
583,0.752,0.058,-0.073,0.56,-1.276
584,-0.182,-0.158,0.273,-2.244,-0.148
585,1.456,2.249,-0.816,-1.474,-1.522
586,0.125,-0.05,1.886,-1.395,-0.296
587,0.164,1.073,-0.887,1.681,1.428
588,-1.124,0.697,-1.449,-1.195,-0.352
589,-2.576,-0.645,0.103,1.765,-0.612
590,-0.991,-0.287,0.758,-1.411,0.52
591,1.188,-1.397,2.215,-0.781,-1.65
592,-0.023,0.663,1.642,0.338,1.166
593,-0.589,-1.165,-1.918,-0.01,1.602
594,0.896,-0.951,-0.373,1.332,-2.329
595,-0.312,0.373,1.114,1.14,-0.426
596,-0.591,1.873,-0.811,1.51,-0.275
597,0.31,-1.896,1.76,0.567,0.28
598,1.098,-0.139,-0.706,-0.047,-0.357
599,-0.351,-0.172,-0.605,1.504,-0.308
600,-0.475,-1.771,-0.7,-0.293,1.397
601,0.132,-1.615,-0.444,-1.378,2.01
602,1.003,-0.951,-1.338,-0.736,0.282
603,-0.598,-0.795,-0.479,-0.654,-2.493
604,1.311,-0.649,-0.206,-0.496,0.929
605,-0.52,-0.109,0.588,0.056,0.216
606,-0.93,1.345,2.194,-0.56,-0.226
607,0.817,-0.321,-1.181,1.499,1.109
608,0.365,0.989,0.242,-0.285,-0.321
609,0.865,1.368,-0.476,-1.001,1.771
610,-0.457,0.064,0.795,-0.054,-0.534
611,0.21,0.527,-0.393,0.143,-0.66
612,0.774,0.635,0.411,1.998,1.512
613,-0.485,0.753,-1.131,-1.213,-1.666
614,-1.649,0.569,1.017,-1.012,2.584
615,0.865,0.487,-1.916,-0.079,-0.74
616,0.457,0.809,-0.675,1.211,0.977
617,-0.047,-1.496,0.43,1.208,0.23
618,-0.578,-0.963,0.696,-0.206,0.548
619,-0.152,0.112,0.01,-0.423,-1.133
620,-0.23,-0.955,1.051,-1.323,0.135
621,0.218,0.141,0.273,-0.248,-0.218
622,0.75,-0.288,0.609,-1.648,1.678
623,-0.709,-0.5,-0.443,-0.558,-0.877
624,0.581,-0.019,0.436,-1.148,0.161
625,0.306,0.261,-0.592,-0.055,-0.768
626,1.391,-0.549,-0.235,-0.12,1.43
627,-0.351,-0.774,0.109,1.055,-0.677
628,0.113,-0.508,0.384,-2.111,1.094
629,0.569,-0.736,-1.227,-1.845,-1.558
630,0.584,1.1,-0.75,-0.19,1.253
631,0.061,-1.276,2.073,-0.698,1.549
632,1.878,0.904,2.046,0.566,0.005
633,-0.315,0.875,0.109,0.548,-0.885
634,1.706,1.488,-1.492,0.508,-0.683
635,-1.479,-0.325,0.893,0.156,-0.021
636,0.125,0.169,-1.609,2.357,0.628
637,0.839,-0.759,0.151,-1.227,1.087
638,0.693,1.835,1.139,-1.01,1.419
639,-0.639,-0.434,-0.426,-1.504,0.941
640,0.303,0.471,1.87,0.347,0.799
641,0.305,-0.875,0.075,-0.26,0.877
642,-0.553,0.675,0.082,0.201,-0.467
643,0.885,-0.417,-0.61,1.784,0.997
644,0.098,-1.237,0.806,-0.489,0.594
645,-1.728,-0.285,-1.034,0.749,1.506
646,-2.604,-0.046,-1.486,0.169,0.608
647,2.078,0.495,0.21,1.609,1.556
648,-0.182,-0.631,-0.705,1.256,-0.549
649,0.102,-0.354,-0.567,0.414,-2.144
650,-0.392,0.3,0.28,-1.962,0.487
651,-0.451,0.458,0.403,0.289,0.661
652,0.763,2.325,0.885,0.974,0.9
653,-0.103,0.185,1.026,0.481,-0.016
654,0.12,0.344,-2.508,-0.146,-0.38
655,-0.148,-1.015,0.566,-1.098,0.95
656,1.993,0.087,0.107,-1.389,0.751
657,0.842,0.274,2.126,-0.52,-1.087
658,-1.643,-0.172,-0.224,-0.691,-1.661
659,-0.912,-0.357,0.949,-0.857,1.087
660,-0.186,0.129,-0.316,3.297,1.068
661,-0.085,-0.482,-0.459,-1.205,0.182
662,-0.424,1.224,0.813,0.157,-0.211
663,0.098,-0.575,0.53,-0.292,0.51
664,-0.155,1.616,0.006,0.077,-0.013
665,0.984,1.433,0.061,1.564,-0.342
666,1.196,-1.643,0.636,-0.897,-0.119
667,-0.009,0.189,0.665,-0.952,-0.507
668,0.807,-3.094,0.352,-1.686,0.885
669,-1.073,-0.816,1.215,1.078,-1.732
670,-0.93,1.148,-0.776,0.344,-0.342
671,-0.217,0.81,0.302,0.266,-0.586
672,0.304,-1.998,0.297,-0.544,-0.48
673,0.856,0.031,0.624,-0.719,-1.108
674,1.256,-1.246,0.175,0.724,0.29
675,-1.285,1.437,-1.18,-1.532,-0.487
676,1.554,0.251,-0.648,-0.439,0.197
677,1.402,-1.019,0.297,-1.179,-0.452
678,-1.002,0.414,-0.371,0.821,-0.406
679,-0.034,-0.978,0.168,-1.371,0.465
680,1.52,0.687,1.029,1.868,0.218
681,0.372,-0.035,0.401,-0.689,-2.632
682,0.35,1.325,2.373,1.241,1.496
683,-0.687,0.528,0.292,-1.997,1.185
684,-0.295,-2.138,1.463,2.181,0.315
685,-0.636,-0.664,1.147,-0.125,0.585
686,-1.507,0.378,0.736,-1.316,1.6
687,0.848,-1.297,-0.413,-1.21,0.691
688,0.749,-1.455,-1.11,-1.327,-1.229
689,1.383,0.205,-0.538,0.383,-0.49
690,1.837,0.98,-1.79,-0.48,-0.56
691,0.358,0.056,-0.904,-0.641,0.876
692,0.545,-1.161,-1.935,-0.029,0.103
693,-0.541,2.606,-0.376,-1.14,-0.161
694,-1.277,-0.008,0.77,0.264,0.857
695,-0.867,0.862,-0.876,2.001,1.404
696,-0.25,-0.784,-1.328,-1.116,0.886
697,1.449,-1.092,0.013,1.747,-0.645
698,-0.047,0.455,0.807,0.327,-0.929
699,-0.513,0.864,0.738,0.934,0.261
700,-0.192,-1.035,0.414,-0.436,1.31
701,-0.055,-0.81,-0.195,1.257,0.476
702,-0.32,0.535,0.401,-1.408,-0.808
703,0.33,-0.503,0.038,-0.396,0.399
704,0.319,0.893,2.436,-0.008,0.688
705,-0.233,-0.729,-0.58,-0.714,2.468
706,1.699,1.172,-1.142,-0.074,0.544
707,0.22,0.033,0.766,-1.368,2.23
708,-0.164,-1.358,-0.496,2.392,-0.459
709,0.924,-0.675,0.473,-0.079,0.834
710,0.894,-1.635,-0.576,2.284,0.324
711,-0.474,0.668,-0.556,-1.598,-2.643
712,-0.323,-0.399,0.439,0.012,-1.384
713,0.202,1.35,-1.532,-1.476,1.706
714,1.023,-0.012,-0.477,-0.598,-1.584
715,2.492,-0.021,0.099,1.624,-1.41
716,1.347,-1.467,0.564,0.152,0.406
717,0.648,1.415,-1.8,-1.962,0.624
718,-0.558,0.712,1.543,-0.697,0.684
719,0.57,-0.893,0.917,-0.438,-1.8
720,0.065,-0.809,0.098,0.139,-0.356
721,-1.944,-0.402,-0.06,-0.329,-0.101
722,0.082,1.06,0.674,0.551,0.859
723,0.7,-0.42,-1.087,0.751,-0.209
724,0.73,-0.394,0.251,0.574,-0.385
725,0.04,-1.025,1.263,-0.529,-1.808
726,-0.301,-0.045,0.883,-0.439,1.578
727,2.518,0.038,-1.748,-0.247,1.427
728,-0.733,-0.134,0.8,-1.021,-1.095
729,2.64,-0.593,-0.895,0.146,0.013
730,-0.118,0.483,-1.612,-1.395,-1.609
731,1.532,-0.894,-0.807,-0.082,-0.16
732,0.262,-1.819,0.731,-0.186,-0.96
733,0.13,0.223,0.554,0.977,1.165
734,-0.925,-0.507,0.845,0.001,-0.573
735,-0.261,1.617,-0.523,-1.118,0.223
736,-0.036,-0.647,-0.93,-0.664,-0.426
737,0.099,-1.047,-0.095,1.105,-1.505
738,0.6,-1.008,2.288,-1.555,-0.508
739,-0.189,0.586,0.285,-0.086,-1.157
740,0.998,1.827,-2.59,1.104,0.449
741,-0.327,-0.25,-0.451,-2.972,-1.547
742,0.858,-0.872,-0.771,-0.006,-0.968
743,-0.752,0.047,0.134,0.735,0.464
744,0.873,0.907,2.585,0.275,-0.284
745,-0.038,-0.549,0.44,-0.251,-0.742
746,0.377,0.145,0.581,-0.076,-0.589
747,0.23,0.383,0.073,1.457,-0.103
748,-0.123,2.963,-0.371,-0.537,-1.688
749,-1.551,0.771,0.385,0.448,-0.344
750,-1.731,1.341,0.907,-0.874,0.053
751,-2.202,-0.195,-0.738,0.731,-1.477
752,-0.429,1.434,0.011,-1.027,-1.084
753,0.609,-0.816,-0.148,-0.045,-0.858
754,-0.681,-1.295,0.692,-0.989,0.292
755,1.068,1.01,-1.079,-0.422,-1.413
756,0.921,-0.113,0.979,-0.366,-1.155
757,-1.109,0.461,-0.024,-1.293,0.105
758,-0.05,-0.864,-0.376,1.114,0.129
759,0.542,0.362,-0.558,0.977,1.212
760,-0.449,-0.968,-0.485,-1.307,-0.846
761,0.957,0.011,-0.049,0.959,0.209
762,-0.562,-0.082,-1.168,-1.942,0.455
763,-0.543,-1.109,0.363,1.332,-0.318
764,-0.004,-0.604,1.011,-0.218,0.265
765,0.209,0.12,0.158,-1.268,0.725
766,-0.377,-0.13,-0.832,-1.281,0.284
767,-0.493,-1.208,0.122,-1.686,1.22
768,-1.57,0.856,1.158,0.49,0.571
769,-1.522,-1.04,0.303,-1.129,-2.226
770,-0.591,0.674,0.903,-0.651,0.376
771,-0.847,1.302,0.007,1.499,0.548
772,1.484,-0.986,-0.272,1.129,0.967
773,0.703,-0.939,-0.432,0.582,-0.159
774,1.501,-0.496,1.474,-0.523,1.077
775,0.329,-0.862,0.967,0.238,0.531
776,-0.052,-0.238,0.821,-0.532,0.859
777,-0.224,0.399,-1.051,-1.497,-0.913
778,-1.197,1.227,0.383,1.463,-0.463
779,-0.765,-0.085,-0.436,0.822,-1.296
780,0.176,0.644,-0.911,-0.978,0.267
781,2.528,0.446,0.614,0.5,-1.932
782,-0.153,-0.124,-0.29,-0.572,1.014
783,-0.927,1.354,0.091,1.39,0.2
784,-0.032,-0.092,0.731,1.067,0.598
785,0.448,-0.093,1.571,-0.379,-0.797
786,-0.631,-0.823,-0.418,-0.321,0.34
787,-0.563,1.743,0.626,-0.914,-1.689
788,-0.319,1.681,-0.044,1.371,0.024
789,-1.83,0.208,-1.849,1.884,0.991
790,0.769,-0.429,0.254,0.127,-3.24
791,-0.335,-0.876,0.684,-0.241,1.039
792,0.103,1.161,0.071,0.578,0.784
793,-0.852,1.517,-1.211,0.657,1.135
794,2.109,-0.053,0.231,-1.124,1.675
795,-0.173,0.516,0.243,1.543,-0.799
796,-0.444,-1.552,-0.535,-0.508,-0.87
797,0.396,-0.232,0.507,1.787,-0.846
798,1.804,-0.549,0.044,0.049,-0.791
799,-1.668,1.111,-0.141,1.231,0.551
800,0.869,1.995,0.037,0.973,-1.086
801,0.538,-0.819,-1.174,0.217,0.372
802,-0.27,-0.713,-0.0,0.166,-0.425
803,-0.555,1.635,-1.997,0.497,1.906
804,1.258,0.233,0.656,1.291,-1.576
805,0.611,0.253,-0.662,0.817,1.287
806,-0.122,0.884,1.539,-0.652,0.995
807,1.432,-0.267,-0.432,0.498,1.537
808,-0.221,-0.766,-0.263,0.533,-0.508
809,-1.491,-0.246,-2.761,-0.645,0.672
810,-1.792,-0.346,0.489,0.144,0.723
811,-0.49,-0.182,-0.098,0.851,-1.769
812,-0.034,0.735,1.651,0.642,-0.662
813,-1.28,0.557,-0.914,-0.073,0.525
814,0.423,0.941,-0.377,0.123,0.24
815,-3.144,0.005,0.181,-0.152,-1.825
816,0.749,-1.955,2.09,-0.077,0.005
817,2.677,-1.866,0.664,-1.662,-0.09
818,-1.196,-1.353,1.861,-0.163,2.025
819,-1.297,-0.918,0.079,0.947,1.112
820,-0.48,1.779,0.607,0.276,-1.479
821,0.462,0.495,-0.898,-0.604,0.258
822,0.496,0.65,-0.02,0.124,-0.212
823,0.257,-0.634,-0.307,0.696,0.189
824,-1.162,-0.803,-0.298,1.736,-0.581
825,0.471,0.937,-0.787,0.402,0.608
826,-0.596,0.528,-0.709,0.371,-0.267
827,-0.689,0.813,-1.068,-1.349,1.131
828,0.249,-0.237,-2.066,0.223,0.149
829,-1.194,0.241,-0.762,-1.423,0.844
830,0.799,1.248,0.568,2.803,-1.668
831,1.907,0.213,0.119,0.384,-0.106
832,0.642,0.57,0.943,0.503,0.212
833,0.24,1.267,-1.059,0.238,2.538
834,1.294,1.531,-1.788,1.257,-1.341
835,1.742,-2.52,0.311,0.01,0.6
836,-0.234,0.508,-0.822,-0.537,0.565
837,-0.802,-1.784,0.472,0.298,-0.65
838,0.001,0.23,-0.232,-1.634,-0.787
839,1.771,0.165,-0.923,-1.335,0.812
840,-0.487,0.877,-0.278,1.76,0.292
841,0.234,1.536,-2.236,0.781,-0.563
842,-0.536,0.217,-0.782,-1.246,-1.802
843,-0.167,-0.124,1.702,-0.369,-0.419
844,-0.312,-0.273,-0.699,-0.047,-1.773
845,0.977,0.81,0.127,0.758,1.048
846,-0.261,-1.458,-1.559,1.125,0.822
847,0.654,-0.767,-2.181,-0.765,-1.914
848,1.597,1.459,-1.315,-1.125,-0.121
849,0.876,0.783,0.23,0.136,-1.367
850,-0.399,0.631,0.512,-2.111,-0.643
851,0.671,0.703,1.628,-0.144,-1.091
852,1.183,-0.341,-0.746,0.19,0.078
853,-1.452,-0.802,0.435,0.004,0.106
854,-0.412,1.133,2.007,1.472,1.087
855,0.215,-0.061,-0.984,-0.909,-1.071
856,-2.445,1.84,0.849,-0.364,0.202
857,-0.948,-0.418,0.161,0.172,-0.111
858,0.464,1.024,1.919,-0.313,2.025
859,1.604,-1.709,-2.348,-0.016,0.786
860,-0.516,-0.586,0.371,-0.952,0.69
861,-2.21,-1.064,-2.104,-1.26,-0.655
862,-0.881,-0.06,-0.518,-1.104,-0.998
863,0.211,-0.4,-1.069,-0.488,-0.511
864,1.006,0.171,2.454,-0.104,0.217
865,1.85,-0.403,0.09,0.461,-1.768
866,-1.382,0.626,-0.767,-1.088,-0.559
867,1.194,-0.923,-0.718,1.689,-1.272
868,-0.247,1.445,1.082,1.455,-0.779
869,0.184,0.59,0.659,1.421,0.498
870,0.561,-0.878,-0.557,-0.238,-2.539
871,1.494,-0.095,0.762,1.064,-0.222
872,-0.597,0.672,-0.289,-1.442,1.586
873,-0.198,0.796,-1.417,-0.284,0.674
874,-0.563,-0.484,-0.468,0.034,-0.213
875,-0.991,3.699,-0.119,-1.407,0.641
876,0.929,-1.994,-0.908,0.648,0.215
877,0.693,2.532,-0.102,-0.253,-1.428
878,0.313,0.372,0.856,-0.478,-0.03
879,-0.807,0.155,-1.004,0.505,-0.249
880,0.613,1.64,0.471,1.851,0.931
881,0.178,1.143,-0.85,0.904,1.078
882,-0.138,-1.262,-0.925,1.515,-0.176
883,0.349,-1.584,0.383,-1.461,-0.643
884,0.058,-0.734,0.688,0.268,-1.496
885,0.231,-0.563,0.122,-0.79,0.863
886,-1.256,-1.991,0.917,0.141,2.078
887,0.169,-0.275,0.277,0.828,-0.318
888,0.116,-0.965,1.877,-1.418,-1.785
889,0.897,1.98,-1.285,-0.554,-0.869
890,0.264,-0.871,-0.351,-0.146,0.308
891,1.249,-0.307,-1.772,-0.557,1.482
892,-1.361,1.677,1.297,0.294,-0.213
893,0.223,0.22,0.527,-2.46,-1.06
894,-0.333,-0.735,0.964,-0.693,0.041
895,-1.261,0.332,0.695,1.172,0.374
896,0.39,0.509,-1.285,1.11,-1.774
897,0.567,1.231,0.75,-0.24,1.953
898,0.14,-0.564,0.192,0.201,-0.57
899,-0.392,-0.627,0.784,-0.389,-0.05
900,-1.801,0.881,0.239,3.222,0.781
901,-0.847,-0.229,0.381,-1.536,-0.368
902,0.087,0.329,0.935,0.123,2.539
903,-1.331,1.076,0.85,-0.152,2.234
904,0.312,-0.012,1.064,-0.008,-0.175
905,-0.731,1.081,0.006,1.222,-1.606
906,-0.665,-1.015,-1.045,1.149,-1.738
907,1.571,0.666,-0.628,-0.086,0.207
908,-0.379,0.936,-0.485,0.458,-1.254
909,1.728,0.383,0.211,0.65,-1.032
910,0.285,1.628,1.545,0.139,-0.125
911,1.041,-1.123,-0.877,0.735,-0.483
912,-0.379,-0.133,-0.641,0.144,-1.726
913,0.766,0.596,-0.366,1.253,-0.866
914,-0.5,-0.344,-0.892,-1.017,-0.044
915,-0.468,2.299,1.823,0.4,-0.381
916,-0.425,0.676,-0.02,1.186,0.762
917,-2.401,0.878,-0.056,1.449,1.544
918,-1.004,0.219,0.389,1.25,-1.832
919,-0.13,-1.844,-0.235,0.335,-0.07
920,-0.442,-0.159,0.3,-0.782,0.502
921,0.634,-1.509,1.733,-1.524,-0.11
922,-2.069,-0.431,1.789,0.663,-0.323
923,0.746,0.517,1.565,1.939,-1.112
924,1.271,0.343,0.122,1.394,0.743
925,-0.613,0.325,1.238,1.609,1.899
926,0.374,-0.496,0.477,-0.636,1.921
927,1.314,1.607,-0.863,0.547,0.063
928,-0.964,0.034,-0.577,-0.208,0.464
929,-0.61,0.356,0.828,-0.241,-0.833
930,1.261,-1.275,1.026,-0.38,-0.007
931,-0.679,-1.292,0.629,0.459,-0.276
932,0.617,1.952,1.455,-1.767,-0.418
933,-0.418,-0.984,-0.506,1.81,0.566
934,-0.243,0.64,0.613,-1.486,1.169
935,0.489,0.973,-0.085,0.079,-0.185
936,0.721,-1.459,0.802,0.059,-1.693
937,0.043,-0.014,1.176,-0.073,-1.096
938,-0.134,-0.044,0.941,0.308,-0.459
939,-0.706,-0.471,-0.293,-0.765,-0.342
940,0.914,2.116,-0.106,0.875,-2.448
941,0.593,1.277,-0.6,-0.93,-0.991
942,-1.026,-0.301,0.584,-0.056,1.622
943,0.594,-0.172,-0.002,-1.324,-2.096
944,-0.858,-1.288,0.811,-0.559,0.946
945,-0.383,0.042,-0.425,1.454,-1.374
946,0.048,0.871,-0.467,0.534,-0.976
947,-1.2,-1.394,0.746,-0.256,-0.298
948,-0.127,-1.584,-3.196,0.158,-1.172
949,-0.038,-1.419,-0.112,-1.904,1.615
950,-1.402,-0.946,-0.861,1.475,1.963
951,-0.287,0.723,-2.308,1.344,1.399
952,0.571,2.554,0.792,-1.154,-1.377
953,1.253,-0.462,0.562,-1.611,0.273
954,0.144,-1.475,0.102,0.734,-1.075
955,-2.135,-0.93,-0.301,-0.317,0.155
956,0.932,-0.439,0.017,-1.475,0.068
957,-1.57,-0.24,-0.301,-0.963,0.012
958,-0.418,1.408,0.242,1.476,0.305
959,-0.117,-1.036,0.186,0.816,0.015
960,-1.923,-0.663,0.135,1.552,0.505
961,0.594,0.732,-1.4,0.974,-1.031
962,0.897,-0.946,-0.848,-1.909,0.442
963,-0.066,-0.071,1.452,-0.812,-0.804
964,-0.13,-2.098,0.782,-0.558,-0.888
965,-1.796,2.055,-0.415,0.439,-0.202
966,-0.054,1.711,-0.068,-0.241,1.435
967,0.171,1.338,-1.337,0.931,0.757
968,0.451,1.277,-0.164,-0.057,-0.856
969,-0.499,-0.777,0.749,1.106,-1.625
970,0.492,-0.683,1.096,0.306,0.219
971,-0.312,-2.062,-0.592,-1.098,-0.698
972,-1.12,-0.334,-0.9,-1.62,1.303
973,0.708,-0.34,1.279,0.512,0.315
974,0.854,-0.032,1.987,-2.965,-2.86
975,-1.21,-1.78,-0.661,-0.386,-0.779
976,-1.045,-0.603,0.174,-0.124,-0.144
977,1.072,0.915,0.728,-0.672,-1.331
978,-1.07,1.406,-0.025,0.068,-0.812
979,-0.486,-0.18,-0.945,-2.108,-1.093
980,1.161,0.829,-1.644,0.952,0.068
981,0.679,-2.346,1.448,1.431,-0.999
982,-0.028,-0.97,0.419,0.218,-0.827
983,0.765,-0.302,-1.367,-0.238,-2.265
984,0.002,-2.045,0.227,-0.883,-1.611
985,0.017,2.39,0.115,-0.225,-1.88
986,0.296,0.179,-1.091,-0.439,2.267
987,-0.502,-0.412,-0.436,0.83,-0.378
988,0.745,0.384,-0.245,1.374,0.231
989,-0.094,0.173,0.259,-0.139,-0.046
990,0.167,0.547,-0.363,0.228,1.879
991,-0.941,-0.253,-1.042,-1.188,-0.424
992,-1.078,-0.46,-0.249,0.416,-0.39
993,0.093,-0.721,1.281,-1.7,-1.649
994,-1.17,1.04,0.796,0.172,-1.186
995,2.025,0.535,0.647,0.188,1.647
996,2.283,-0.306,1.173,0.567,-0.049
997,1.368,0.721,0.925,1.309,-1.606
998,0.75,0.32,-0.094,-0.502,-1.041
999,-0.593,-0.432,0.073,1.8,0.383
1000,0.418,-1.391,-0.577,-0.114,1.259
1001,-0.938,0.424,0.232,0.012,0.088
1002,0.517,-1.173,0.975,1.997,1.029
1003,0.764,1.488,-0.114,1.396,0.459
1004,0.388,1.031,0.723,-0.638,-2.077
1005,0.035,-2.086,0.73,-1.33,0.381
1006,-1.183,0.313,-0.551,-0.529,0.232
1007,0.225,-1.22,-1.124,-1.169,-0.768
1008,0.434,-0.12,-0.328,0.227,1.639
1009,-0.527,-0.563,-0.01,0.129,0.057
1010,0.059,0.833,-1.11,-0.398,-1.328
1011,-1.964,-0.723,-1.447,-2.227,1.108
1012,-1.133,-0.111,-0.402,0.234,-1.182
1013,0.002,0.069,-1.123,-1.523,-0.031
1014,-0.44,-0.425,-0.719,0.648,0.006
1015,0.878,-1.096,0.052,0.246,0.612
1016,0.633,1.799,0.763,-0.05,0.286
1017,0.176,-2.8,1.839,0.785,-0.335
1018,-1.092,1.014,0.036,1.816,-1.226
1019,0.095,-1.526,-0.962,-0.34,1.807
1020,-1.011,-0.38,-1.492,0.082,0.373
1021,-0.169,-1.546,1.905,-0.522,1.625
1022,-0.577,-0.076,-0.193,-1.041,-0.059
1023,-1.943,-0.015,1.285,-0.659,-0.503
1024,2.444,0.961,0.43,-1.357,-0.51
1025,-1.488,-0.942,-0.426,0.276,-0.283
1026,1.146,-0.003,0.647,-0.329,-1.025
1027,-1.076,-0.246,-2.834,-1.179,1.551
1028,-1.033,1.55,0.16,0.309,-1.073
1029,-0.635,-0.413,-0.932,-0.665,-1.709
1030,-1.767,0.764,-0.466,0.639,0.67
1031,0.514,0.544,0.181,0.859,1.645
1032,-0.758,-1.171,-2.578,-0.199,2.002
1033,0.06,-0.526,1.84,-1.392,-0.246
1034,-0.31,1.099,-0.249,-1.203,0.438
1035,0.756,2.016,0.952,-0.181,1.429
1036,-0.425,0.606,-2.881,0.232,-0.177
1037,1.473,-0.914,-1.0,0.055,0.146
1038,0.252,-0.963,-0.633,1.754,-2.249
1039,-1.244,1.03,-1.097,0.522,-0.175
1040,0.14,-0.478,1.819,1.014,0.579
1041,0.758,-0.408,0.502,0.743,-2.362
1042,-0.725,2.124,0.892,-0.651,0.81
1043,0.745,-1.197,0.689,0.615,1.645
1044,-0.643,1.679,-0.051,1.522,-1.133
1045,-0.588,-2.235,-1.087,0.848,1.937
1046,-1.023,0.741,0.722,-1.415,-1.646
1047,-2.191,0.377,-0.6,-0.108,0.81
1048,-1.068,0.391,-1.428,-0.244,-0.569
1049,0.636,-1.337,-1.645,0.418,0.22
1050,1.08,-1.114,-0.388,-0.14,0.209
1051,-0.702,-0.035,-0.466,0.265,-0.265
1052,-1.306,-1.647,-0.39,2.433,-0.048
1053,1.335,0.064,1.67,-1.492,-1.119
1054,0.746,0.586,0.868,1.736,0.595
1055,1.068,0.93,-0.368,-1.706,-0.093
1056,0.209,0.352,0.067,-0.192,-0.891
1057,1.768,0.541,-0.574,-1.039,0.221
1058,-0.799,-0.43,-0.783,0.119,-0.438
1059,-0.472,-2.036,-0.538,1.171,0.514
1060,-0.412,-0.083,-0.66,0.078,-0.23
1061,-1.205,-1.375,-0.479,0.554,0.531
1062,-0.779,0.083,-0.309,-0.03,0.891
1063,-0.241,0.185,1.084,-1.663,-0.262
1064,-0.22,0.022,0.926,-0.193,-0.729
1065,1.175,-0.482,0.304,0.49,0.483
1066,0.316,-2.132,2.108,-0.222,-1.486
1067,-0.497,-0.594,-0.707,-0.612,-0.101
1068,-1.072,-0.856,0.677,-1.027,0.376
1069,-0.535,1.105,0.713,0.274,-1.467
1070,-0.146,-0.044,0.61,-0.967,0.013
1071,-0.948,-1.956,0.134,0.604,-0.558
1072,-0.236,1.2,-1.217,0.227,0.492
1073,2.315,0.59,-3.035,-1.816,0.733
1074,1.027,0.691,1.274,0.609,-1.356
1075,-1.105,-0.492,-0.923,-0.268,1.527
1076,-0.703,-0.059,0.241,-0.37,0.142
1077,0.632,-0.51,0.401,-1.379,0.675
1078,1.639,0.855,0.289,-1.94,-0.68
1079,0.781,0.024,-0.134,-0.008,-0.723
1080,-0.858,-0.17,-0.722,0.704,1.443
1081,-1.239,0.928,-0.933,-0.606,0.158
1082,-0.003,0.681,0.221,-0.698,-1.169
1083,0.668,-0.588,0.07,0.231,0.792
1084,0.244,-0.181,0.732,-1.828,-1.192
1085,1.143,1.784,-0.221,0.824,-0.908
1086,-0.439,1.195,-0.652,0.644,1.503
1087,0.133,0.035,-0.364,0.539,0.433
1088,0.998,0.311,0.028,-1.252,-0.628
1089,3.045,0.963,-1.911,1.099,0.587
1090,0.51,0.163,0.093,-0.877,-1.175
1091,-1.266,0.319,0.628,-0.439,-1.931
1092,0.798,0.656,0.949,0.011,-0.294
1093,-0.582,1.365,1.819,0.348,0.34
1094,0.483,1.811,1.123,0.233,0.403
1095,-0.523,-0.941,0.895,0.217,-0.567
1096,-0.874,-1.118,1.439,-0.229,-0.413
1097,0.899,0.379,0.213,0.787,-0.554
1098,0.398,0.725,-0.444,-0.434,1.74
1099,0.223,-0.682,-0.296,0.428,1.519
1100,0.424,1.579,-0.227,-0.304,0.247
1101,-0.692,-1.628,1.409,-1.264,1.149
1102,0.83,1.472,0.569,0.525,-0.602
1103,-0.65,0.672,1.321,0.44,0.613
1104,0.383,-0.448,1.019,2.036,1.117
1105,-0.369,-0.072,-0.073,0.53,-0.214
1106,-0.337,0.907,-0.409,0.194,0.399
1107,-1.635,0.825,0.962,-0.219,0.552
1108,-0.481,2.147,-0.688,-0.714,0.344
1109,0.136,-1.165,0.075,0.404,0.414
1110,0.71,0.04,1.147,1.851,0.595
1111,0.37,1.061,0.959,-0.359,1.433
1112,-0.231,0.749,-0.953,0.61,0.129
1113,0.241,0.778,-0.426,-0.603,1.597
1114,-0.77,1.016,1.439,-0.177,0.594
1115,0.462,1.26,-0.268,0.28,-0.529
1116,2.418,0.552,-0.119,0.079,-1.629
1117,-1.01,-0.51,-0.168,0.573,-0.684
1118,1.633,0.227,0.663,0.808,1.02
1119,-0.262,1.125,0.602,0.636,-0.762
1120,0.66,-0.077,-0.466,0.66,-0.002
1121,0.096,-2.215,1.654,-1.107,1.041
1122,-0.132,-0.83,-0.786,0.934,1.289
1123,0.322,0.762,0.036,-0.07,1.725
1124,1.074,0.353,-1.295,0.052,1.59
1125,0.312,0.744,-0.24,0.324,-0.167
1126,-1.925,-0.063,0.141,-1.689,0.652
1127,0.275,-1.139,0.652,-0.498,-0.107
1128,-0.535,1.014,-0.885,0.296,-2.037
1129,-1.143,0.613,-2.343,0.936,0.497
1130,0.204,-1.431,0.215,0.373,-1.11
1131,-0.699,1.885,-0.05,-1.011,0.18
1132,-1.873,0.643,0.265,0.666,0.618
1133,-1.09,-0.406,-0.989,-1.207,0.553
1134,1.245,-0.298,0.671,-0.855,0.151
1135,-1.111,0.736,0.001,1.19,-0.111
1136,-0.497,-1.082,-0.004,-0.705,0.803
1137,-0.424,-0.251,0.013,1.838,0.473
1138,0.821,-0.291,-0.141,-1.73,-2.321
1139,0.007,1.303,-0.145,1.038,1.021
1140,-0.648,0.995,-0.809,0.649,0.352
1141,-0.135,1.473,0.076,0.209,0.591
1142,-1.555,-0.23,-0.168,0.285,-0.062
1143,-0.322,-0.515,1.567,0.266,-0.096
1144,0.753,0.22,-1.547,1.549,0.63
1145,-0.575,-0.055,0.559,-0.052,1.153
1146,1.401,-0.818,-0.966,-1.191,1.332
1147,1.112,0.141,1.187,-0.54,0.295
1148,-0.561,-0.686,-0.592,0.462,-1.417
1149,-1.47,0.347,-0.296,2.332,-0.806
1150,1.075,0.207,-0.493,0.311,-0.981
1151,0.693,-0.252,0.363,-0.046,0.385
1152,-0.327,0.011,0.72,-1.892,-1.488
1153,-0.444,-0.988,-0.222,-0.511,-0.11
1154,1.768,0.728,0.067,-0.205,1.842
1155,-0.312,-0.0,1.224,0.473,-1.063
1156,0.226,0.698,-0.117,-0.175,0.307
1157,-1.364,1.303,-1.304,-0.185,1.667
1158,-2.387,-0.656,0.292,-0.056,1.091
1159,0.189,-0.481,0.463,-0.084,-0.146
1160,-1.236,-1.028,-0.729,-0.293,1.371
1161,0.281,1.625,-1.589,-0.901,0.621
1162,-1.683,-0.211,0.568,1.147,-0.421
1163,2.073,0.934,0.404,0.727,-0.547
1164,-0.93,-0.529,0.603,-0.332,0.414
1165,0.076,-0.158,0.482,-0.606,0.334
1166,-0.799,0.696,0.65,-2.036,0.712
1167,0.02,1.119,1.225,-0.062,3.215
1168,1.65,0.033,1.514,0.404,-0.812
1169,-0.242,-0.142,0.719,1.258,0.524
1170,0.277,-0.41,-2.063,-1.354,-0.764
1171,1.441,0.94,0.704,0.019,0.56
1172,-1.699,-0.057,-0.976,0.133,-0.311
1173,-1.507,-0.379,-1.228,0.12,0.505
1174,1.216,0.547,0.646,-0.492,0.542
1175,-0.939,-0.867,1.176,-0.003,1.518
1176,1.729,0.452,0.693,2.212,1.845
1177,-0.898,0.79,-0.569,1.935,0.247
1178,-0.529,-0.019,-0.183,-0.12,1.899
1179,0.528,0.378,-0.16,2.998,2.185
1180,0.069,-0.2,-0.53,-0.999,-1.87
1181,1.805,0.733,1.384,-1.385,0.326
1182,-2.137,-0.156,-2.691,1.174,0.049
1183,0.479,0.341,0.993,0.494,0.011
1184,0.127,0.018,-0.663,-1.317,0.31
1185,1.39,0.971,1.14,0.167,0.73
1186,1.018,0.618,0.204,-0.45,1.229
1187,0.233,-0.501,0.734,1.086,0.657
1188,-1.157,0.763,1.274,0.809,-0.296
1189,1.657,0.97,-0.773,0.214,-1.942
1190,-0.943,0.948,-1.228,-0.413,-1.501
1191,-0.889,-0.073,0.014,-2.29,0.62
1192,-0.539,1.38,-0.414,1.039,1.208
1193,-0.16,0.195,2.079,2.39,1.391
1194,-0.116,-0.781,-1.088,0.812,0.313
1195,0.315,-1.488,0.086,1.492,0.357
1196,-1.187,-0.653,1.052,0.739,0.008
1197,-0.081,-1.563,1.477,-1.242,-0.196
1198,0.526,0.276,0.295,0.961,1.069
1199,0.157,1.084,-0.837,0.831,-0.706
1200,0.139,1.1,-0.197,-1.136,-1.115
1201,-0.017,2.249,-0.642,2.382,0.564
1202,0.206,-1.302,-0.084,-0.289,1.539
1203,0.617,1.445,0.88,-0.632,0.39
1204,-1.038,-0.784,0.916,-2.039,1.256
1205,-0.836,-0.304,-0.544,-2.283,0.477
1206,0.926,-1.468,-0.606,-0.611,0.484
1207,1.15,-0.142,0.347,0.75,-1.111
1208,-1.293,1.238,0.762,0.671,-0.42
1209,-0.455,0.472,0.408,0.463,-1.726
1210,-1.401,-1.102,0.137,-1.547,-0.978
1211,-0.586,-2.116,0.246,-1.398,-0.073
1212,-0.708,1.485,0.498,0.089,-0.203
1213,-1.457,-0.047,-1.581,-0.017,0.275
1214,0.448,0.51,0.428,0.731,-0.368
1215,1.943,0.528,-1.075,-0.48,-0.849
1216,0.219,-0.055,-1.901,1.505,1.479
1217,-1.291,-0.034,1.173,-1.219,0.607
1218,-0.618,-0.32,0.638,-0.538,0.371
1219,-0.66,1.289,-0.448,-1.92,-2.018
1220,1.473,-0.1,-0.056,-0.013,-1.191
1221,0.633,0.952,-3.029,-0.55,-1.38
1222,-1.115,1.26,-0.918,1.388,0.365
1223,-0.647,1.443,0.083,-0.2,-1.063
1224,-0.26,-1.191,-0.475,-0.278,-0.294
1225,0.308,-0.069,-0.543,0.989,0.695
1226,-1.368,-1.043,1.07,0.543,3.095
1227,-0.363,0.283,-0.592,1.626,-1.143
1228,-0.656,0.648,-1.537,0.139,-0.467
1229,-0.842,2.195,0.348,0.495,-0.361
1230,-1.124,-0.524,-0.126,1.583,-1.636
1231,0.224,-0.153,-1.037,1.202,-0.501
1232,-1.07,0.446,-1.04,1.995,0.653
1233,-0.407,-0.069,0.16,0.276,-0.599
1234,0.805,0.537,-1.037,-0.81,-0.856
1235,1.13,-1.871,-0.486,0.011,1.576
1236,1.077,-0.831,1.652,-2.03,-1.374
1237,1.563,-0.9,0.423,-1.22,1.542
1238,0.081,0.17,0.952,-0.419,-0.09
1239,-0.585,-0.471,-0.341,0.091,-0.285
1240,-1.551,0.209,0.094,0.379,-0.05
1241,-0.58,0.04,0.903,0.24,-1.37
1242,-1.639,-0.405,1.127,1.478,-0.502
1243,0.122,1.022,-0.796,-0.318,0.188
1244,1.087,1.85,-0.372,0.887,-3.198
1245,-2.503,-0.238,0.642,-1.606,0.456
1246,1.08,-0.629,-1.872,0.623,-1.243
1247,1.081,-0.279,-0.059,1.522,1.23
1248,0.592,-0.261,-0.623,-1.219,-0.818
1249,0.329,0.219,-1.135,0.718,-1.0
1250,-0.192,-0.011,-0.104,0.062,1.103
1251,1.158,0.285,0.997,0.773,-1.521
1252,-0.051,0.682,0.5,1.335,-0.347
1253,-1.585,-0.715,-0.768,-0.116,-0.535
1254,0.593,-0.974,-0.741,-0.434,-1.018
1255,-1.077,0.794,-0.8,-0.724,0.482
1256,1.141,1.904,-2.301,0.298,1.435
1257,0.168,0.84,0.609,1.343,-0.873
1258,0.127,-1.78,-0.062,1.492,1.504
1259,-1.988,0.211,-0.5,0.069,-0.654
1260,-0.071,0.889,0.035,-0.184,0.554
1261,0.605,0.082,-0.325,-0.235,0.027
1262,1.093,-0.019,-1.001,0.26,-1.103
1263,-0.739,-0.267,0.272,0.191,0.818
1264,0.452,-1.347,1.058,-1.485,-0.35
1265,-0.318,-0.475,-0.325,1.109,-1.34
1266,-0.437,-1.76,1.746,-1.382,-0.988
1267,1.22,-0.312,2.165,-0.412,-0.716
1268,0.185,-0.283,-0.893,0.475,-1.569
1269,-0.112,-0.651,-0.851,-1.032,0.557
1270,-0.634,-1.141,0.257,-0.708,1.312
1271,2.791,-0.029,0.4,0.77,-1.198
1272,-1.48,-0.833,0.81,-1.191,-0.096
1273,-0.464,-1.135,-2.086,-0.075,0.246
1274,-0.814,-0.036,-1.272,0.779,2.193
1275,-0.222,-0.47,1.385,1.213,0.096
1276,-1.503,-0.458,-1.454,-1.209,0.14
1277,-0.124,0.32,-0.013,1.616,0.457
1278,-0.706,-0.546,-0.231,0.312,-0.199
1279,-0.044,0.837,0.44,0.377,0.767
1280,1.038,-0.612,-0.329,0.367,0.421
1281,-0.769,1.52,0.401,-0.265,1.505
1282,2.44,-1.815,-0.095,0.635,-0.139
1283,-0.993,-0.628,1.074,-0.207,2.54
1284,-2.571,-0.016,0.172,0.042,1.589
1285,-0.025,0.403,0.567,-1.286,-0.267
1286,1.342,0.105,0.922,0.732,1.276
1287,0.872,-0.968,-0.93,0.366,-1.072
1288,0.809,-0.259,0.689,-0.461,-0.39
1289,0.292,-0.514,-0.27,0.243,-1.785
1290,-2.279,-0.027,0.158,-0.266,-1.639
1291,1.921,0.371,1.851,-1.383,0.04
1292,-0.156,-0.373,-0.508,2.007,-0.274
1293,1.629,-2.113,0.792,0.685,1.406
1294,0.646,-0.601,-0.297,-0.818,-0.875
1295,-0.812,-0.127,-1.049,-0.792,0.179
1296,0.631,-1.183,1.044,-0.343,1.566
1297,0.082,0.602,0.523,0.422,-0.119
1298,-0.082,1.71,0.498,1.095,-0.231
1299,-1.006,-0.715,-0.69,0.694,0.226
1300,0.294,-0.123,-1.074,-0.627,-0.147
1301,-0.962,0.087,0.663,1.215,-0.733
1302,0.536,0.623,0.004,1.21,-1.161
1303,0.75,0.452,-1.134,-1.463,-0.247
1304,1.445,0.944,1.694,-0.747,0.622
1305,1.796,1.041,-0.579,-2.263,-1.177
1306,0.488,0.702,0.344,0.462,-0.679
1307,-0.205,-1.937,0.292,0.468,0.901
1308,-0.363,0.484,-1.319,-0.155,-0.857
1309,-0.103,-0.349,-1.865,-0.593,0.992
1310,1.17,0.067,0.219,1.272,-0.007
1311,-0.435,-0.23,0.052,-0.042,0.354
1312,-0.635,-0.552,0.527,-1.334,0.083
1313,-1.325,0.482,-0.299,-0.114,-0.594
1314,0.823,-1.458,1.279,-1.079,-0.978
1315,-0.243,0.633,0.589,-0.285,0.324
1316,0.919,-0.266,0.711,-0.38,0.722
1317,0.317,0.151,-0.068,0.969,-0.261
1318,-0.556,0.454,-1.709,-0.885,0.355
1319,0.706,0.781,0.553,1.213,-0.045
1320,-0.598,-0.878,-0.138,-1.06,1.288
1321,-1.103,1.097,0.824,-0.917,1.024
1322,-1.955,-0.696,2.104,-0.895,-0.401
1323,-0.791,-0.506,-0.015,1.059,1.362
1324,1.518,-0.369,0.526,-0.757,-1.418
1325,0.716,-1.657,0.485,1.747,2.669
1326,0.409,-1.197,0.298,-0.351,-0.536
1327,1.184,0.176,0.644,-1.334,0.392
1328,-1.049,0.251,1.289,-0.313,-0.114
1329,-1.736,0.551,-0.091,-1.208,-0.847
1330,-0.238,0.217,0.338,0.347,0.045
1331,1.511,-0.217,0.289,-0.816,-1.097
1332,0.147,-0.915,0.044,0.215,-0.332
1333,-1.327,-1.019,-0.422,-1.145,-0.487
1334,0.044,1.1,-0.457,-1.974,-0.733
1335,-0.811,-0.172,0.781,-0.93,0.981
1336,-0.74,-1.775,-0.256,0.842,0.637
1337,1.08,-1.605,-0.418,0.311,-0.749
1338,-2.131,0.951,0.352,-2.594,0.223
1339,1.743,-2.521,1.013,-0.786,1.293
1340,-0.649,1.955,0.835,1.669,-0.487
1341,-0.353,0.549,-0.545,-0.335,0.272
1342,0.667,-0.209,0.97,1.13,-0.015
1343,1.788,-0.84,0.779,0.313,-1.358
1344,0.294,0.519,-1.858,-0.708,-0.347
1345,-1.46,-0.678,0.132,-0.184,-0.487
1346,-0.425,1.302,0.93,-0.48,-1.152
1347,-0.899,-0.881,-0.814,0.819,0.096
1348,0.6,0.64,0.424,-0.581,1.865
1349,0.589,0.141,-1.218,-0.622,0.866
1350,1.445,1.508,-0.175,-0.559,-0.137
1351,-0.338,-1.773,0.254,1.614,-0.893
1352,-1.279,0.274,-0.652,-2.092,1.076
1353,0.105,-0.939,1.024,-0.325,-0.825
1354,0.309,2.273,1.052,0.034,0.559
1355,2.542,1.505,1.283,-0.338,-0.144
1356,0.826,1.083,2.051,-0.093,-0.621
1357,-0.555,0.084,-0.249,0.986,-0.271
1358,1.397,-0.536,-0.8,-0.482,0.392
1359,0.066,-1.123,0.533,-1.551,0.93
1360,-0.125,-0.449,-0.184,-0.509,0.935
1361,-0.155,0.545,0.132,-0.016,1.088
1362,0.502,-1.385,0.765,-0.99,-1.305
1363,0.541,0.459,-1.147,0.073,0.738
1364,-1.333,-1.119,0.15,-0.548,0.92
1365,-0.603,-0.454,0.343,0.849,0.279
1366,1.091,0.872,-0.039,1.075,-1.117
1367,-0.862,2.693,1.276,0.581,-1.052
1368,1.321,1.148,0.036,-0.221,1.655
1369,-1.35,0.664,-0.33,1.514,0.529
1370,0.095,0.66,-0.022,0.363,-0.827
1371,0.048,2.325,-0.541,1.997,1.129
1372,-0.08,0.436,0.059,-0.13,0.175
1373,-1.375,-2.04,1.118,-1.013,-0.653
1374,-0.089,0.07,-0.015,1.228,-1.286
1375,-0.165,1.211,0.984,-0.122,3.657
1376,0.548,-0.743,-0.081,-0.075,-1.788
1377,-0.928,-0.834,1.393,0.351,-0.012
1378,-0.347,-0.582,1.629,0.261,0.598
1379,0.126,1.224,1.649,0.969,0.589
1380,0.079,-0.206,-0.832,-2.155,0.969
1381,-1.246,-0.653,-0.081,-1.306,-0.104
1382,-1.248,-0.063,-0.617,1.114,-0.184
1383,-1.473,0.677,-1.218,2.232,0.986
1384,1.002,-0.649,1.402,0.384,-0.266
1385,-0.4,-0.739,-0.155,-0.472,0.698
1386,-0.976,-2.048,1.607,-0.282,0.577
1387,-0.416,0.79,-0.401,-0.784,0.342
1388,-0.243,0.396,0.099,-0.202,-0.238
1389,0.049,1.381,-0.901,0.118,0.485
1390,-0.492,1.444,-0.923,-0.038,1.441
1391,0.916,0.577,0.504,-0.801,-0.871
1392,-0.587,1.338,-1.381,-0.713,-0.093
1393,-0.822,0.571,0.09,-0.335,1.38
1394,-0.895,0.005,2.224,0.931,0.651
1395,-2.042,-0.458,0.651,-1.748,-1.716
1396,0.145,0.056,-1.338,-0.769,0.064
1397,1.306,0.309,0.326,0.293,-0.511
1398,-0.715,-0.733,-0.01,1.318,0.29
1399,1.791,-0.209,-0.869,-0.681,-0.273
1400,-0.143,-0.206,-0.448,0.503,0.302
1401,1.143,-2.819,0.314,-0.747,-1.617
1402,0.722,0.11,-0.475,0.245,0.993
1403,2.016,0.961,0.372,-1.062,0.268
1404,-0.171,0.33,0.004,-0.716,0.156
1405,-0.302,-0.269,-1.22,0.605,-0.001
1406,-0.523,0.833,-0.973,0.482,-0.439
1407,-1.025,-1.74,-0.285,-1.287,0.102
1408,-2.058,-1.08,1.073,-0.694,0.035
1409,-0.577,-0.468,1.088,-1.292,0.182
1410,-0.64,-1.587,-0.172,-0.44,-0.69
1411,-1.619,-2.025,0.775,-0.073,0.573
1412,2.02,-0.544,-0.942,1.149,0.129
1413,1.911,0.808,0.422,0.465,1.809
1414,-0.056,0.632,0.501,0.893,1.734
1415,-0.234,-0.517,-0.211,-1.096,0.328
1416,-1.334,-0.36,1.995,0.434,0.467
1417,0.187,-0.747,1.052,-0.247,0.722
1418,0.134,-0.179,0.563,0.3,0.077
1419,-0.132,-0.832,0.08,0.263,-0.912
1420,0.733,1.379,1.018,0.28,-0.751
1421,0.234,-0.61,-0.391,-0.309,0.399
1422,-2.03,0.665,1.475,-0.429,0.978
1423,1.277,-0.127,-0.577,-0.236,-0.134
1424,-1.663,0.146,0.294,1.667,-0.365
1425,0.29,0.262,-0.86,0.89,1.108
1426,1.453,-0.358,-0.345,0.487,-1.881
1427,0.878,-0.649,-0.111,-0.42,-1.017
1428,-0.336,-0.11,2.4,0.529,-0.338
1429,-0.893,-0.435,-0.382,2.32,-0.136
1430,-0.389,-1.344,1.443,0.501,1.095
1431,-0.521,-1.851,-0.359,-0.974,0.76
1432,-0.878,-0.395,1.481,-1.835,0.503
1433,-0.275,-1.118,-1.259,0.185,0.367
1434,0.553,0.167,2.888,0.597,1.848
1435,-0.365,-0.635,-0.094,-0.342,0.938
1436,0.52,-0.032,-0.231,2.037,0.185
1437,0.126,-0.721,-0.376,0.977,0.248
1438,1.758,-0.088,-0.375,-1.952,1.014
1439,-0.742,2.671,0.717,-1.695,-0.943
1440,2.881,-0.631,-0.378,0.648,-0.596
1441,-0.582,-1.174,1.592,0.26,1.661
1442,0.11,-0.913,0.458,-1.115,-0.367
1443,-1.574,-0.108,2.575,0.792,-0.708
1444,-1.128,0.295,0.394,-0.738,0.339
1445,-0.849,-1.258,0.757,1.088,0.479
1446,-1.002,0.227,0.708,0.025,-1.25
1447,-0.415,-1.189,-0.988,-0.914,-0.821
1448,-0.969,-0.239,-0.044,0.742,-0.352
1449,0.279,0.347,1.158,-1.193,-0.568
1450,0.652,-0.353,-0.051,-0.502,-0.278
1451,0.157,0.79,0.547,1.347,0.524
1452,1.171,1.599,0.644,0.491,-0.955
1453,-0.74,2.007,-0.362,0.348,1.503
1454,0.762,1.023,1.984,-0.601,-0.499
1455,-0.459,1.305,-0.588,-2.71,-2.055
1456,0.384,-0.592,-0.428,1.727,-2.13
1457,0.271,0.15,1.428,-0.895,0.011
1458,0.956,-1.158,-0.59,0.048,-1.528
1459,0.6,0.469,-0.678,1.099,1.243
1460,-0.82,-0.736,0.72,-1.417,-1.719
1461,0.818,-0.256,-0.047,1.436,0.638
1462,-0.244,-0.593,-0.412,0.307,-1.447
1463,-0.286,1.303,1.546,0.996,0.815
1464,0.373,-0.208,0.946,1.108,1.272
1465,0.684,0.098,-0.296,-0.467,-0.962
1466,0.392,0.938,-0.814,0.164,0.946
1467,0.419,-0.158,-0.41,0.03,0.104
1468,-1.561,0.6,1.336,0.249,-0.141
1469,1.199,-0.323,0.791,0.097,0.677
1470,-0.448,-1.604,0.565,1.354,3.369
1471,-1.15,1.178,0.529,-0.048,1.105
1472,0.667,-1.076,-0.66,-2.011,0.741
1473,-1.004,-0.198,-0.391,1.111,1.413
1474,0.338,1.341,-1.263,-0.131,-0.345
1475,-0.855,-1.761,-0.634,0.347,0.611
1476,0.675,-0.696,-0.314,0.405,-0.367
1477,1.818,0.023,-0.851,1.055,-1.353
1478,0.194,0.14,0.582,0.383,-0.309
1479,-0.325,-0.166,-0.205,-0.694,0.065
1480,-0.051,-0.71,-0.645,1.074,0.179
1481,1.279,-0.911,-0.566,-0.451,-0.106
1482,-0.456,1.744,0.308,-0.821,1.908
1483,0.612,-0.492,0.752,-0.009,0.17
1484,1.675,0.13,-0.487,-1.104,-1.269
1485,-0.509,-1.296,1.93,0.732,-0.457
1486,-1.737,0.838,0.693,0.284,-0.375
1487,-0.568,-0.683,-0.422,-0.749,-1.93
1488,0.378,-0.933,1.409,0.111,1.747
1489,-0.003,0.369,0.007,-0.124,0.423
1490,1.341,1.048,0.35,-0.865,0.365
1491,-1.72,-0.362,1.673,0.573,0.681
1492,-0.704,-1.676,-1.922,-0.274,0.154
1493,-0.792,-0.052,-1.07,-2.032,-1.776
1494,0.502,1.728,0.303,0.818,0.217
1495,-1.92,0.182,-0.456,0.818,-0.206
1496,2.089,1.316,0.853,-0.959,0.385
1497,1.497,0.305,-0.473,0.058,-0.076
1498,-0.024,-0.543,-0.246,0.106,-0.259
1499,1.088,-1.449,-0.444,-0.614,-1.002
1500,-2.528,-0.119,1.903,-0.793,1.233
1501,-1.837,0.956,-0.441,0.487,0.532
1502,0.07,-0.508,-0.161,1.205,-0.851
1503,0.044,1.49,0.934,1.481,-0.49
1504,0.857,0.584,1.322,-2.498,0.39
1505,0.766,1.9,0.82,-3.028,-0.097
1506,0.971,-0.409,-0.382,-0.927,0.255
1507,0.202,-1.049,-0.295,1.03,-0.797
1508,0.444,-0.666,-0.861,-0.628,1.617
1509,-0.003,0.442,-0.226,0.351,-0.567
1510,0.948,-1.165,-0.668,-0.656,-1.768
1511,1.115,-2.693,-0.209,-0.85,-0.165
1512,0.405,-0.088,0.568,-0.619,-0.021
1513,0.089,0.219,2.124,-0.481,1.526
1514,-0.397,-0.348,-0.541,0.893,-0.062
1515,-0.466,-0.33,1.091,0.106,0.039
1516,0.514,-0.956,-1.333,-2.059,0.812
1517,0.577,0.365,-0.797,0.059,-1.386
1518,0.733,-0.433,1.239,-0.025,-1.335
1519,-0.727,1.348,0.267,-0.821,-1.065
1520,0.48,0.538,-0.005,0.94,-0.458
1521,1.572,-0.294,-1.18,0.029,-1.333
1522,1.991,1.489,-0.93,-0.906,-0.512
1523,0.112,1.196,1.899,-0.499,0.181
1524,1.05,-0.522,1.294,0.154,0.227
1525,0.451,-0.772,0.461,-0.035,0.847
1526,1.13,0.503,0.54,-1.5,1.629
1527,-0.922,-0.021,0.002,1.584,2.057
1528,0.436,-1.38,0.172,-2.665,-2.093
1529,-0.003,-1.52,0.444,0.753,-1.201
1530,-0.807,1.597,-0.322,0.719,-1.179
1531,0.93,0.426,-0.985,0.617,-0.858
1532,0.944,0.298,-0.395,0.447,2.205
1533,0.055,-0.102,0.144,-1.333,-0.241
1534,-0.031,-0.673,0.755,0.647,-0.437
1535,-0.964,0.353,-0.685,-0.822,-0.332
1536,-0.532,-0.98,0.368,-0.472,0.105
1537,0.017,0.672,-0.729,-0.247,0.341
1538,0.794,0.14,-0.721,1.132,0.822
1539,1.204,-0.275,1.369,0.766,-0.983
1540,-1.143,0.341,0.181,0.318,-1.321
1541,-0.325,-0.938,-1.129,1.603,0.381
1542,0.541,-0.529,0.618,1.143,0.064
1543,-0.998,1.845,1.437,0.988,-0.322
1544,-1.192,0.174,0.795,-0.07,1.733
1545,0.448,-2.128,0.504,1.512,-1.401
1546,-1.207,-1.106,0.233,0.398,2.413
1547,-0.947,-0.9,1.494,-0.766,-0.849
1548,0.029,-1.151,-0.569,0.496,-1.727
1549,-2.061,-3.202,-0.331,1.837,-0.357
1550,0.88,0.521,0.739,0.652,1.807
1551,-0.385,0.629,1.194,0.854,-0.048
1552,0.8,0.582,1.591,0.577,0.387
1553,-1.742,4.153,0.748,0.902,0.67
1554,0.249,2.692,-2.667,-0.644,-0.116
1555,1.035,-0.053,-0.221,-1.765,1.464
1556,-0.297,0.54,-0.814,-0.578,-0.603
1557,1.234,2.39,-0.897,-0.178,0.972
1558,-0.891,0.955,-0.755,-0.626,0.935
1559,-0.827,-1.131,-0.936,1.257,-1.104
1560,-1.985,-0.588,1.026,-0.312,-0.633
1561,-0.109,1.314,0.762,1.164,0.477
1562,0.434,0.458,-0.022,0.508,0.329
1563,-2.707,0.071,0.222,0.343,-0.188
1564,-1.188,-0.847,-0.102,-0.572,-0.101
1565,-0.12,-0.022,-0.934,-1.031,-0.398
1566,-0.935,-1.869,-0.069,0.017,1.904
1567,0.648,-1.233,-0.589,0.602,1.033
1568,-0.292,-0.614,-1.414,0.299,-0.633
1569,-0.909,-2.1,-0.128,-1.458,0.11
1570,-0.246,-0.66,-1.801,-1.142,1.45
1571,1.056,-1.322,-2.178,-0.416,-0.356
1572,-0.823,1.156,-1.187,0.092,-1.363
1573,-0.601,-0.982,1.258,-0.08,0.624
1574,-1.288,-0.026,0.742,0.259,1.159
1575,-0.953,-0.196,0.104,-0.713,-1.016
1576,-1.82,0.218,2.125,0.769,-0.652
1577,-0.825,-1.714,-0.451,0.785,-0.6
1578,0.074,1.188,0.309,-0.131,1.216
1579,-0.764,0.753,0.953,-0.942,-0.289
1580,-0.279,-0.76,-1.17,0.566,-0.191
1581,0.318,0.092,1.794,-0.031,-0.719
1582,-0.841,-0.089,2.691,2.215,0.568
1583,-0.191,-0.531,0.473,0.898,0.866
1584,0.221,-0.694,1.324,1.697,-1.099
1585,1.047,-1.094,-0.804,-0.094,-0.624
1586,-0.94,1.461,2.037,-0.83,-0.32
1587,0.316,-0.304,-0.424,0.139,0.092
1588,-1.106,-0.559,1.039,0.299,-0.82
1589,0.245,0.9,-1.343,1.203,0.109
1590,-0.049,2.617,1.027,-0.201,-1.111
1591,-0.927,2.498,1.522,0.088,-1.297
1592,-0.914,0.498,-0.665,-0.451,-0.459
1593,1.257,0.182,1.208,-0.215,-0.262
1594,0.025,-0.5,-0.534,1.37,-1.008
1595,1.028,-0.598,0.706,-0.244,-0.467
1596,1.556,1.194,-1.434,-0.016,0.115
1597,-1.644,-0.369,-0.185,1.493,0.543
1598,1.331,0.311,-1.287,-1.5,-0.337
1599,1.825,-0.723,0.238,-0.816,0.396
1600,1.436,-1.717,-1.666,0.329,-1.118
1601,-3.252,0.497,-0.575,0.592,-0.994
1602,-0.949,0.002,0.081,1.414,-0.119
1603,0.668,1.456,1.81,0.454,-1.054
1604,0.134,-0.132,-1.0,-1.431,-0.905
1605,0.448,1.258,-0.153,-0.262,-0.514
1606,3.214,0.106,-1.229,-0.251,0.25
1607,0.449,0.672,-1.307,0.329,0.376
1608,1.054,-0.344,0.454,1.091,0.016
1609,-1.571,0.988,0.655,-0.398,0.489
1610,0.354,1.13,1.918,0.967,0.064
1611,1.242,1.762,-1.33,0.631,-0.932
1612,0.798,-1.156,2.008,1.507,-0.274
1613,0.038,0.225,-0.706,0.005,0.43
1614,2.285,0.807,0.376,-0.063,0.439
1615,0.937,-0.443,-2.608,-0.768,0.12
1616,2.663,0.118,0.34,-1.1,-0.315
1617,0.407,0.846,-0.313,0.776,-1.023
1618,-0.517,0.2,-0.103,-0.462,-2.082
1619,0.367,1.179,-0.317,0.483,0.221
1620,0.733,1.506,-0.242,2.569,-0.2
1621,1.441,-0.224,-0.314,2.091,0.75
1622,-0.726,1.783,-1.079,-1.858,-0.336
1623,0.247,-1.063,-0.851,0.938,1.697
1624,-1.203,-0.807,-0.664,0.803,0.104
1625,0.243,-1.818,-0.11,-0.524,1.022
1626,0.091,0.486,-0.54,0.51,0.695
1627,0.854,-0.794,-0.305,-1.402,1.515
1628,0.054,1.165,-0.677,0.372,-0.23
1629,-0.696,-0.376,0.42,1.527,-1.268
1630,-0.355,1.221,-0.636,-0.627,-1.54
1631,0.262,-0.511,0.728,0.209,1.48
1632,-0.911,-0.821,-2.24,-0.269,2.639
1633,1.759,0.326,0.462,-0.201,-0.438
1634,0.83,-0.239,-0.72,2.058,1.039
1635,0.795,-0.057,1.537,-2.274,-0.812
1636,-0.304,-0.751,3.293,-1.714,-0.457
1637,-0.669,-0.694,-1.275,-0.054,-0.055
1638,-0.947,-1.33,-0.898,2.07,0.752
1639,0.823,1.097,2.177,-0.142,-0.308
1640,-0.219,-0.729,1.303,0.231,1.094
1641,-2.679,0.857,-0.332,-1.914,0.655
1642,-0.661,0.61,-1.381,1.201,-0.786
1643,0.4,0.929,0.279,0.672,1.613
1644,-0.063,0.69,-0.689,-0.237,0.824
1645,2.33,-0.871,-0.001,2.045,0.627
1646,1.031,-2.35,0.618,-1.231,0.974
1647,0.07,0.485,1.459,-0.836,0.632
1648,0.107,0.391,1.692,-0.723,-0.064
1649,-1.192,0.945,0.104,-0.944,-0.436
1650,-0.689,0.047,2.128,1.187,1.182
1651,-0.9,0.104,1.705,0.852,1.614
1652,0.442,-2.257,0.901,-1.556,3.143
1653,0.098,-1.612,-1.164,-1.355,-1.07
1654,-1.308,0.039,-0.088,0.637,0.516
1655,-2.121,-0.93,0.805,0.64,0.268
1656,1.696,-0.313,2.351,2.252,0.341
1657,-0.057,-1.386,0.971,-0.434,0.188
1658,0.066,-1.396,-0.448,-0.53,-0.31
1659,-0.8,0.421,-1.341,-0.214,-0.15
1660,0.389,-1.53,2.637,1.546,-1.115
1661,1.334,3.252,0.388,0.024,0.796
1662,0.267,-1.28,0.968,-1.746,-1.582
1663,-1.091,0.153,2.18,-0.276,-0.183
1664,-0.711,1.568,-1.288,-0.906,-1.465
1665,2.787,-0.219,-0.481,0.4,-0.939
1666,0.026,-1.2,-0.186,-1.593,1.24
1667,1.73,0.266,0.898,-0.814,1.007
1668,-0.066,1.14,0.371,-1.919,0.969
1669,-0.318,-1.218,0.271,-0.596,-0.85
1670,-0.929,-0.692,0.47,1.034,0.834
1671,-0.775,0.203,0.93,1.384,1.175
1672,0.413,-1.056,-1.681,-1.195,-1.697
1673,-0.023,-1.417,0.577,-1.409,-0.693
1674,1.538,-0.394,0.897,-0.894,-0.68
1675,0.829,1.08,0.727,0.287,0.762
1676,-1.095,-0.928,0.468,-0.941,0.756
1677,0.601,-2.059,-1.005,-0.049,-0.578
1678,1.386,-0.066,-0.916,1.655,0.939
1679,-0.768,-1.22,-0.753,-0.437,0.814
1680,0.061,-0.153,-0.252,0.758,-0.497
1681,0.623,-0.921,0.398,-0.913,-0.086
1682,1.338,0.79,1.079,-1.116,-1.928
1683,-1.376,0.785,-1.597,-0.17,1.111
1684,0.063,-1.086,-0.859,-0.116,-0.029
1685,-0.382,0.554,0.817,1.213,0.842
1686,1.642,0.393,-0.402,-0.11,0.684
1687,-0.098,0.586,-0.209,0.78,0.093
1688,1.469,-0.422,1.019,0.724,1.03
1689,-0.81,1.544,-1.303,-0.521,-0.068
1690,0.129,0.901,0.774,0.965,0.724
1691,-0.392,-1.913,-2.352,1.208,-0.716
1692,0.92,1.281,-0.103,0.347,-1.52
1693,-1.158,1.488,-2.052,-0.12,0.609
1694,1.455,0.104,-1.252,0.774,0.522
1695,0.745,0.437,-1.99,0.32,0.266
1696,-1.542,0.77,1.658,0.549,0.955
1697,-0.8,-1.496,0.409,0.632,1.861
1698,-0.063,0.385,-0.087,0.204,-0.902
1699,2.406,0.236,-1.533,0.868,1.386
1700,-0.817,1.54,-0.639,-1.475,-1.381
1701,-2.145,0.411,0.654,1.356,0.162
1702,1.886,0.295,1.217,1.827,0.55
1703,0.375,-0.174,-0.341,-0.845,-1.232
1704,-0.215,0.964,-0.593,0.047,-0.964
1705,-1.01,-0.439,0.384,1.084,0.369
1706,-0.404,-0.147,-0.212,-0.19,-0.578
1707,-0.436,1.123,-0.66,0.434,1.337
1708,-0.932,-0.104,0.287,0.492,-0.237
1709,-0.234,-0.606,0.24,-1.042,-0.857
1710,-0.442,-0.17,0.745,1.887,-0.241
1711,-0.419,-0.005,-2.883,-0.731,1.128
1712,-0.926,-0.321,-1.63,-0.776,0.164
1713,-0.381,1.017,-0.353,0.028,-0.599
1714,-0.313,1.452,0.366,-0.914,1.305
1715,2.008,1.406,-0.526,0.156,0.531
1716,-0.586,0.813,0.283,-0.1,-0.007
1717,-2.021,-0.538,0.617,-0.655,1.272
1718,-0.396,-0.518,2.618,0.718,0.666
1719,-1.11,-0.862,0.297,0.344,0.509
1720,-1.236,1.043,-0.516,1.094,-0.78
1721,2.158,-0.1,-1.613,-1.412,1.05
1722,-1.388,1.166,-1.358,-0.306,-0.527
1723,1.381,0.046,-1.429,0.518,-0.516
1724,0.212,-0.353,0.027,-0.225,0.329
1725,-0.074,-1.013,0.344,-1.023,0.273
1726,-0.128,0.221,-0.411,0.049,-0.287
1727,-2.16,0.438,0.33,1.25,-0.003
1728,1.141,1.471,0.167,1.627,0.4
1729,0.198,-0.179,0.347,0.457,-0.715
1730,-1.999,1.947,-0.322,-0.45,-0.038
1731,2.016,-0.179,1.629,-1.579,0.875
1732,0.882,0.861,0.782,1.308,1.188
1733,0.535,0.992,0.836,1.198,0.868
1734,0.063,1.034,0.415,0.319,0.871
1735,2.756,-0.85,-0.36,1.324,0.368
1736,-0.288,-0.055,0.233,-0.09,0.576
1737,-0.68,0.75,-0.949,-2.199,0.522
1738,1.816,-0.197,-0.114,-1.608,-1.805
1739,0.123,-1.043,-0.08,-1.373,2.063
1740,0.417,0.255,-0.827,1.051,1.033
1741,-1.655,1.079,-0.406,-0.273,-0.034
1742,-0.432,0.336,1.281,-0.551,-1.787
1743,-0.575,1.245,-1.772,-0.495,-0.635
1744,0.612,-1.978,0.632,-0.405,0.026
1745,1.486,0.271,1.448,1.308,0.213
1746,-0.812,-0.467,-0.154,-1.316,-0.943
1747,1.443,0.838,-1.247,-0.34,-1.911
1748,0.024,-1.244,0.824,0.51,-0.568
1749,0.274,1.18,-0.376,-0.54,-0.533
1750,-2.076,-0.081,-2.288,-0.224,0.498
1751,-0.829,0.894,-0.505,1.153,-0.167
1752,0.366,-0.817,-0.434,-0.977,-0.903
1753,-0.687,-0.481,-1.693,0.341,-0.231
1754,-1.499,1.324,0.103,-0.393,1.672
1755,0.065,0.15,-1.67,0.266,0.293
1756,-1.7,-0.671,1.634,0.73,-1.414
1757,0.712,1.444,-0.55,-1.117,-0.829
1758,0.783,-1.793,-0.833,1.389,-1.365
1759,-0.476,1.231,1.493,0.829,1.611
1760,-0.987,0.136,0.137,0.0,0.587
1761,-0.497,0.204,0.414,0.861,0.19
1762,-2.239,-0.22,-0.486,-0.738,-0.155
1763,0.603,-1.289,-1.581,0.079,0.017
1764,0.19,0.753,0.269,2.718,0.532
1765,0.576,-0.93,-0.596,-0.557,0.018
1766,-1.695,-0.65,1.435,1.43,1.057
1767,0.025,0.35,-0.578,0.224,0.558
1768,1.296,-1.498,0.004,-0.149,1.805
1769,-1.468,1.253,-0.415,0.79,-1.584
1770,-1.361,0.047,-0.089,-0.746,0.19
1771,0.576,0.295,-2.047,0.114,0.741
1772,0.18,-2.127,0.41,-0.795,0.572
1773,-0.854,-0.461,0.099,0.754,-2.256
1774,0.96,-0.845,-0.112,1.188,-0.94
1775,-1.099,0.498,0.717,-1.049,-1.281
1776,0.855,1.332,1.643,0.566,0.572
1777,0.61,-0.683,1.808,1.294,0.809
1778,1.077,-1.292,-1.986,-2.217,0.195
1779,-0.736,1.305,-0.66,-1.072,-0.461
1780,-0.97,-0.882,-0.935,-1.184,-0.068
1781,0.694,-0.461,0.081,0.407,-0.651
1782,-1.641,-0.539,2.064,-1.108,-0.763
1783,-0.51,0.068,0.252,0.054,0.537
1784,-0.054,-0.557,1.765,-2.765,0.31
1785,-1.111,-0.52,-0.478,1.184,0.832
1786,0.251,-0.142,-0.449,1.056,0.906
1787,-0.546,0.665,-0.067,-0.1,-0.49
1788,0.027,-0.875,0.067,0.183,0.866
1789,-1.085,0.916,0.757,-0.101,-0.762
1790,-0.076,1.731,0.291,-0.036,0.765
1791,-0.479,0.055,1.788,-0.987,1.047
1792,-0.285,-0.194,1.761,-0.59,1.405
1793,0.524,-1.824,-1.844,-0.597,1.472
1794,-1.338,-0.671,0.558,0.063,-0.249
1795,-1.27,-1.392,-1.301,0.24,0.317
1796,2.304,0.238,-1.355,-0.617,1.184
1797,-0.637,-0.344,-0.511,-0.347,-0.439
1798,0.394,-0.061,-0.67,1.07,-1.479
1799,0.169,0.87,0.437,1.333,-0.583
1800,-0.49,-0.234,1.023,-1.135,-0.792
1801,-1.549,-0.271,-0.155,1.106,0.574
1802,0.97,0.245,-0.288,1.03,-0.311
1803,-1.514,-1.427,1.723,1.328,-0.699
1804,-1.704,-0.653,-0.561,-2.126,1.206
1805,1.299,-0.695,1.499,-0.204,-0.332
1806,-1.313,1.325,-0.717,-0.3,-1.794
1807,1.232,-0.973,0.994,-1.903,-0.513
1808,-2.177,-0.034,0.329,0.361,0.886
1809,0.276,1.236,0.45,0.556,-0.683
1810,-1.644,0.444,-0.82,0.745,-0.44
1811,0.97,1.015,1.761,-0.521,-1.418
1812,0.444,-0.546,1.191,-1.251,-0.25
1813,0.502,-0.543,-1.194,0.917,0.386
1814,-1.131,0.63,-1.383,0.133,0.138
1815,-0.423,-1.195,-0.238,-0.661,0.383
1816,-0.583,0.572,2.9,1.343,0.652
1817,-0.935,2.766,0.667,1.946,-2.153
1818,0.395,0.442,-0.004,-0.272,0.793
1819,2.415,-0.274,0.341,0.006,-1.324
1820,0.589,1.96,1.774,0.428,-0.125
1821,0.605,-0.086,-0.289,1.257,0.089
1822,-0.741,0.668,1.257,-1.198,-1.175
1823,-0.534,0.495,-0.517,1.821,0.322
1824,2.143,0.077,1.483,0.529,-2.779
1825,1.133,0.341,1.521,0.187,-1.673
1826,2.78,1.53,-0.549,-1.276,-0.044
1827,-0.001,0.668,0.82,0.027,1.172
1828,0.889,0.444,0.293,1.078,-1.035
1829,-0.735,-0.738,-0.275,0.462,1.006
1830,0.912,1.665,0.099,-0.425,0.579
1831,-0.897,1.461,0.614,0.403,0.945
1832,-0.922,1.994,0.62,-0.232,0.63
1833,1.607,1.117,-0.381,-0.081,-1.223
1834,1.332,0.479,-0.89,-1.309,0.666
1835,1.703,0.858,-0.406,-0.491,-0.216
1836,-0.795,-2.173,0.174,-1.66,0.289
1837,0.904,0.603,2.563,-0.193,-0.651
1838,-1.058,0.885,1.175,2.025,-0.504
1839,1.257,-2.301,-0.121,-0.906,1.849
1840,-0.143,2.337,1.271,-0.465,0.65
1841,0.658,-0.666,-1.201,1.035,-0.5
1842,-0.315,1.066,-0.799,1.996,-0.664
1843,-1.36,0.445,-1.744,-0.509,2.201
1844,0.526,-0.918,-0.103,2.05,-1.005
1845,-0.079,-0.203,2.392,0.76,-0.034
1846,0.022,2.373,0.863,-0.243,0.76
1847,-1.017,0.02,-0.724,0.284,1.437
1848,-0.677,-0.624,-0.085,1.171,-0.682
1849,0.677,-0.115,-0.565,1.869,-1.9
1850,-2.392,0.498,-0.376,-0.939,-0.128
1851,0.014,-1.849,-1.546,0.677,0.438
1852,-0.622,0.032,-1.008,0.144,0.043
1853,-2.386,-0.754,-0.154,0.345,0.508
1854,0.105,0.724,1.949,1.736,-0.419
1855,-1.244,-0.21,0.443,0.776,1.458
1856,0.813,-2.21,0.258,-1.316,-0.24
1857,-1.799,0.63,-0.115,-0.452,0.785
1858,-0.31,1.096,0.691,0.298,-0.279
1859,1.282,0.616,0.507,-0.144,-0.096
1860,-1.311,-0.419,0.135,0.322,-1.771
1861,-1.634,-1.725,0.641,0.467,-0.48
1862,-0.645,3.242,0.631,0.434,1.092
1863,-0.761,-0.038,-0.049,0.225,0.828
1864,-0.015,-0.523,-0.348,-1.079,-0.875
1865,-1.035,0.335,-0.757,-0.369,-0.496
1866,0.299,2.122,1.04,-0.721,-0.9
1867,0.664,-0.122,-0.44,0.483,-0.155
1868,1.528,0.222,0.826,-0.483,1.194
1869,-1.497,-0.104,-0.248,0.459,-0.108
1870,0.893,-1.095,-0.417,-0.103,0.265
1871,1.561,0.511,0.997,-0.513,0.081
1872,0.158,-0.554,0.681,0.643,0.916
1873,0.119,1.302,0.41,-1.536,-1.298
1874,-0.361,0.065,-2.599,-0.523,0.662
1875,2.205,-0.522,-0.08,-1.073,-0.14
1876,-1.089,-0.812,-0.451,-0.611,-0.201
1877,0.162,0.14,0.405,-0.136,0.0
1878,-1.153,1.427,0.659,-0.338,1.004
1879,-0.472,-0.66,-1.376,0.143,1.572
1880,0.391,1.305,0.878,-1.014,0.288
1881,-0.43,-1.395,-0.879,1.164,-0.446
1882,-1.291,0.383,1.314,-1.572,-0.471
1883,0.546,0.676,-0.689,0.16,-0.308
1884,-0.962,0.669,0.451,0.669,0.267
1885,0.412,1.391,0.967,1.028,-0.138
1886,-1.854,0.007,0.018,-0.575,0.497
1887,1.79,2.769,-0.213,-0.473,-1.022
1888,-0.461,0.413,-0.408,-1.552,-0.826
1889,-0.85,-0.626,-0.306,0.72,-0.436
1890,0.326,-0.602,0.531,0.301,0.023
1891,0.026,-2.182,1.503,-0.245,-0.129
1892,-0.522,-1.932,0.159,-0.466,-0.772
1893,0.15,-0.213,-0.285,0.299,-0.581
1894,0.371,-2.394,0.753,0.903,-1.934
1895,0.956,1.064,-0.565,0.483,-0.151
1896,0.702,-1.808,-0.932,1.688,-1.088
1897,0.966,0.424,-0.064,1.223,-0.528
1898,-0.019,-1.44,-0.308,1.282,-1.402
1899,0.086,1.092,-0.836,1.463,2.745
1900,-0.347,-0.091,-0.964,1.116,0.494
1901,-0.71,-0.829,0.154,-0.368,-1.992
1902,0.628,0.233,1.634,0.585,0.706
1903,-1.082,-0.02,0.309,-0.217,0.428
1904,0.72,-1.404,0.951,-0.186,2.267
1905,-0.653,0.951,1.264,0.802,0.632
1906,-0.325,-0.749,-0.005,0.468,0.84
1907,0.712,1.189,1.299,0.273,-2.144
1908,0.075,0.601,-1.397,1.419,-1.697
1909,-0.355,0.66,0.32,-0.788,1.477
1910,0.477,0.473,-1.566,-0.398,-0.377
1911,-1.648,1.732,-0.304,1.577,-2.244
1912,-0.322,-0.644,0.998,-1.114,1.62
1913,0.298,1.379,0.46,0.475,-1.189
1914,-0.715,-0.632,1.461,0.261,1.035
1915,-1.514,1.598,-0.502,0.004,-0.538
1916,0.6,-1.071,0.326,0.459,-1.011
1917,0.82,1.061,1.791,-0.622,2.006
1918,-0.248,0.786,1.504,-1.436,-0.037
1919,-0.138,-1.644,-0.372,-0.197,-0.179
1920,-1.62,-1.04,0.919,0.011,-0.704
1921,-0.622,0.879,0.431,1.351,1.158
1922,-1.245,-1.108,-1.217,0.049,-0.473
1923,1.253,-0.417,-0.262,0.482,0.188
1924,1.396,-0.894,0.861,-0.431,0.185
1925,-1.173,0.364,1.096,-0.079,-0.872
1926,2.033,-1.982,0.582,0.099,1.514
1927,0.489,-0.468,0.646,-0.441,-0.359
1928,1.428,1.59,-1.815,-0.749,0.854
1929,1.259,0.542,-0.054,0.448,0.375
1930,0.123,-0.766,-2.644,0.398,1.006
1931,0.16,-0.627,0.568,-1.042,1.796
1932,-0.395,-1.014,-0.706,1.59,-0.528
1933,0.64,-0.91,1.108,-1.997,-0.343
1934,0.141,0.553,-0.663,1.453,-0.59
1935,-1.595,-0.39,1.731,0.301,-0.039
1936,-1.704,0.42,0.333,1.287,0.692
1937,-1.721,-0.558,-1.633,-1.674,-1.493
1938,0.437,-1.457,1.334,-0.935,1.171
1939,-1.148,1.626,0.084,-0.364,-0.251
1940,0.981,-2.144,1.001,-0.227,-0.361
1941,0.144,-0.623,2.538,-0.37,0.6
1942,-0.067,-0.07,-1.606,0.206,-0.205
1943,-1.429,-0.453,0.223,0.31,-0.341
1944,0.513,-1.664,-0.293,-0.304,-1.007
1945,0.809,0.901,-0.834,0.362,-0.491
1946,-0.683,-0.661,-1.149,-2.017,0.191
1947,-1.862,0.971,-0.343,-2.402,0.753
1948,-0.886,-0.037,-1.422,-0.942,-0.386
1949,-1.68,-0.389,0.524,-1.279,0.458
1950,-1.033,-1.32,-0.173,1.26,-0.092
1951,-0.298,0.178,-1.748,0.716,0.122
1952,-1.325,0.285,-1.712,-1.279,0.922
1953,-1.061,0.417,0.605,-0.49,0.436
1954,-1.073,0.106,0.718,0.335,2.382
1955,-1.719,0.054,-2.104,1.674,-0.338
1956,-0.601,0.193,-1.642,1.512,1.863
1957,-0.195,-1.341,0.387,-2.024,-0.33
1958,0.447,1.77,1.861,-0.806,0.282
1959,1.221,-0.538,1.428,-2.746,0.173
1960,1.284,0.524,-0.591,-0.697,0.438
1961,0.35,-0.128,0.995,-1.03,-0.87
1962,-1.244,1.056,0.079,-0.171,0.341
1963,1.057,0.036,-0.816,-0.114,1.381
1964,0.905,1.551,0.232,-0.078,-0.111
1965,1.413,0.515,-1.09,0.124,-0.125
1966,-0.17,-0.78,1.185,1.192,1.644
1967,0.473,-0.059,0.82,0.182,-0.284
1968,1.283,-0.322,2.332,-0.616,0.594
1969,-1.291,1.383,0.012,0.416,-1.361
1970,0.359,-0.432,1.314,0.116,-0.812
1971,-0.221,0.88,0.118,-1.0,-0.057
1972,-1.493,0.712,1.716,0.93,0.395
1973,-0.153,-1.268,-0.7,1.57,0.009
1974,0.835,-0.644,-0.188,0.591,-0.748
1975,-1.147,0.387,0.617,-1.144,1.468
1976,-1.57,0.238,1.287,0.202,-0.312
1977,0.35,0.249,-0.225,-0.16,0.367
1978,-1.659,0.295,0.608,-0.029,-0.141
1979,-0.477,0.394,1.208,-1.68,0.461
1980,1.327,0.879,3.054,-0.788,-0.06
1981,-0.508,-0.167,0.021,1.395,0.196
1982,-1.721,-0.483,2.208,0.308,2.254
1983,-0.453,0.64,1.639,-1.199,0.573
1984,0.797,1.046,1.682,-0.023,-0.342
1985,-1.128,-0.626,0.394,-0.864,0.918
1986,-0.446,1.008,0.55,-0.476,1.158
1987,1.103,1.434,0.579,-0.054,0.338
1988,-0.665,-0.805,1.023,0.07,-0.021
1989,1.039,0.116,-0.134,-2.089,-0.218
1990,0.914,1.307,-0.261,-0.119,-0.563
1991,0.931,0.537,-0.448,0.965,0.905
1992,1.729,1.044,0.7,-1.139,0.94
1993,-0.749,-1.573,-2.839,-0.388,0.374
1994,-1.108,-0.941,1.264,-0.281,1.54
1995,-1.994,0.86,0.035,0.776,1.202
1996,1.867,2.4,0.328,-0.043,-0.472
1997,0.671,0.699,0.55,0.822,2.036
1998,0.401,0.621,0.725,0.24,-0.754
1999,0.422,0.264,0.924,0.425,0.07
2000,-0.241,0.131,0.364,0.363,0.533
2001,0.874,-0.518,1.305,0.141,-0.803
2002,-1.275,0.199,0.53,1.334,-0.402
2003,-0.166,-0.557,1.004,-0.68,-0.837
2004,-0.268,-0.358,-0.768,1.27,-0.994
2005,-0.341,0.827,-0.143,-0.473,0.449
2006,-1.385,1.193,-0.525,-1.375,-0.882
2007,1.781,-0.668,1.038,-0.466,-1.405
2008,0.012,-0.685,-0.065,0.127,-0.221
2009,1.683,1.782,1.292,-0.872,-0.256
2010,-0.159,0.787,0.161,1.221,-1.637
2011,0.364,1.129,-1.261,-0.509,0.812
2012,-1.042,2.071,-0.583,-0.393,-0.757
2013,-0.583,-1.89,2.229,0.536,-0.142
2014,0.71,0.573,0.257,-1.06,0.171
2015,0.479,-0.952,-1.364,0.57,-0.006
2016,0.012,0.675,-1.203,-0.913,-0.083
2017,-0.495,0.972,1.138,-0.857,0.754
2018,-0.064,-0.208,-0.555,0.293,-0.17
2019,-0.071,0.649,0.08,0.376,0.611
2020,-0.416,-0.095,-0.909,-1.467,-0.694
2021,0.089,-0.096,-0.339,0.371,-0.875
2022,0.122,1.668,0.687,-0.057,-0.078
2023,0.986,0.741,0.522,-0.03,-1.017
2024,0.576,0.67,0.159,-0.973,0.057
2025,-1.643,-0.961,-0.873,0.045,-0.215
2026,-0.659,0.404,-0.277,0.099,0.789
2027,0.069,-0.016,0.39,-1.75,1.46
2028,-0.716,0.092,1.108,-0.091,0.221
2029,-0.08,-0.969,-0.37,0.402,0.322
2030,0.505,0.264,-2.215,0.672,-1.455
2031,0.801,0.125,1.414,0.567,-2.063
2032,0.319,-0.088,0.978,0.627,-1.239
2033,0.037,0.381,0.002,-0.361,0.768
2034,2.43,0.543,-0.679,-0.303,-0.043
2035,-1.35,0.8,-0.666,0.613,1.612
2036,0.832,0.325,1.02,0.489,0.747
2037,0.814,0.963,-2.304,1.668,-1.561
2038,0.006,1.007,0.578,-0.093,1.235
2039,-0.548,1.06,0.572,-0.608,-0.677
2040,0.253,0.46,1.748,0.66,-1.581
2041,0.198,-0.533,-0.72,-1.575,-0.1
2042,-1.747,-1.439,0.599,-0.717,0.6
2043,1.102,-0.595,2.386,-0.128,-1.474
2044,1.033,0.524,0.254,0.839,1.707
2045,0.487,-0.523,0.371,-0.733,0.191
2046,1.362,-0.312,0.868,0.773,0.58
2047,1.346,1.038,0.503,-0.398,0.824
2048,-0.561,0.907,-1.627,1.063,-0.372
2049,0.681,0.399,-0.996,-1.43,-0.945
2050,1.076,-1.491,-0.658,-0.571,1.601
2051,0.385,-1.325,0.846,-0.145,0.995
2052,-0.513,0.326,0.823,-1.287,-0.678
2053,0.976,-0.178,-1.693,0.849,0.476
2054,-1.129,-0.385,-0.777,0.682,-0.515
2055,0.265,-0.408,-1.417,1.672,-0.39
2056,-0.385,-0.071,-2.031,-0.269,0.049
2057,-1.656,-0.071,-0.2,0.404,0.854
2058,2.45,-0.382,-0.921,1.539,0.329
2059,0.658,0.504,0.333,0.089,0.224
2060,-0.939,-0.262,0.46,0.031,0.842
2061,-1.785,0.683,0.38,0.573,0.878
2062,0.437,1.766,0.875,-0.708,0.585
2063,0.224,0.262,0.059,0.064,0.123
2064,0.381,-0.169,-0.904,0.642,1.463
2065,1.171,-1.83,-0.354,1.498,0.566
2066,-0.475,-0.113,1.548,-0.672,1.049
2067,1.155,-0.606,0.601,-2.312,1.468
2068,0.228,1.45,0.414,-1.576,0.83
2069,-0.338,-0.799,0.561,-0.307,1.591
2070,1.201,-0.655,0.482,1.572,1.038
2071,-0.085,-1.675,-0.76,0.08,-1.676
2072,0.371,-1.057,0.573,0.267,-0.856
2073,-0.448,-0.432,0.165,-1.052,1.298
2074,-0.029,1.029,-2.413,-0.193,0.085
2075,-1.333,1.607,-0.038,0.058,-1.457
2076,-0.577,-0.766,0.973,0.647,0.844
2077,2.024,-0.484,1.042,-0.641,-0.153
2078,0.141,-0.863,1.198,-1.085,-0.104
2079,-1.315,2.075,-1.644,-0.661,0.322
2080,-0.038,-0.364,-1.389,0.091,-0.802
2081,-0.05,0.853,0.685,-1.317,0.686
2082,0.569,-0.393,0.742,0.797,-0.394
2083,-0.691,-0.423,0.556,-0.396,-1.007
2084,1.501,-0.576,0.687,-1.988,0.716
2085,-0.296,0.541,0.867,-1.367,0.424
2086,-0.27,0.268,-1.345,-2.686,0.22
2087,0.027,0.233,0.323,-0.463,1.811
2088,-0.2,-1.372,-0.134,0.451,0.534
2089,0.899,0.373,0.42,-0.657,-0.653
2090,1.58,0.676,-0.002,-0.115,0.127
2091,0.937,-0.091,-1.16,0.98,1.011
2092,2.198,0.939,1.02,-0.238,0.248
2093,0.617,0.378,-0.226,-0.974,1.402
2094,0.891,-1.349,-0.283,1.657,0.162
2095,1.526,-0.993,-0.781,0.39,-0.085
2096,-0.286,0.341,-0.887,-0.568,0.458
2097,0.704,-0.423,0.51,-0.056,0.677
2098,-1.897,-1.97,1.115,-1.115,-0.129
2099,0.521,-0.297,-0.377,0.12,0.693
2100,1.648,1.474,-0.691,-0.925,-0.316
2101,0.757,0.383,-0.81,-0.088,-1.794
2102,0.545,0.314,1.251,0.252,-0.045
2103,1.369,-1.156,-1.976,-1.249,1.102
2104,0.566,1.829,-0.233,0.852,1.065
2105,-0.43,0.238,-0.245,0.291,-0.431
2106,0.491,1.346,0.617,0.964,0.453
2107,-0.995,-0.678,-0.213,0.173,0.105
2108,0.812,-0.227,-1.119,-0.452,-0.041
2109,1.62,1.074,-1.757,0.859,1.082
2110,-0.753,-0.126,1.44,1.214,0.099
2111,-0.554,-2.057,-1.719,-1.312,1.767
2112,-0.026,-0.181,-0.103,1.783,1.57
2113,-0.307,-2.523,0.662,-1.748,-0.488
2114,-0.102,-2.087,-1.883,-1.027,0.73
2115,-0.729,1.829,0.73,0.722,0.1
2116,-0.215,1.183,0.702,1.217,0.309
2117,-0.308,-1.503,-0.781,0.469,-0.922
2118,1.116,2.171,0.671,-0.757,0.279
2119,-0.594,1.152,-0.302,-2.382,-2.635
2120,-1.024,0.088,1.366,-0.83,0.439
2121,-0.11,-1.054,1.693,0.345,-1.484
2122,-0.799,-0.59,0.031,-0.855,-0.069
2123,0.484,-0.616,-0.928,-0.37,0.195
2124,0.321,-0.015,0.024,-0.631,0.806
2125,0.808,0.612,0.986,0.95,-0.723
2126,-0.237,0.58,-0.187,0.635,-1.528
2127,0.421,1.414,0.054,-1.176,-0.488
2128,2.126,-0.857,-0.189,0.893,0.717
2129,-1.091,-1.384,0.743,-1.891,1.98
2130,0.177,-0.176,-1.304,-0.976,-1.405
2131,-0.449,-0.054,0.745,-0.586,0.536
2132,-0.409,-0.989,-1.006,-0.557,2.053
2133,1.542,-1.319,0.234,1.152,-0.547
2134,-0.003,0.813,-0.397,1.305,-1.191
2135,-0.616,1.339,-1.239,-1.374,0.226
2136,-0.107,0.405,1.016,0.896,1.902
2137,0.028,0.482,0.187,0.728,0.153
2138,0.03,-0.435,-0.419,0.17,0.457
2139,0.016,1.803,-0.671,0.955,0.159
2140,-0.511,0.645,-1.413,0.647,-1.768
2141,-0.299,-0.065,0.945,-0.348,0.855
2142,-0.079,0.138,1.383,1.323,0.426
2143,0.457,-1.098,-0.199,0.94,0.657
2144,-0.669,-1.166,0.897,-0.665,1.511
2145,0.124,-2.312,-0.138,-1.919,0.712
2146,0.066,-0.371,-2.165,-1.2,0.707
2147,-0.162,-0.419,-1.468,0.032,0.563
2148,0.712,-0.092,-0.257,0.521,-2.308
2149,-0.439,0.09,-0.468,-0.938,0.912
2150,0.137,1.281,-0.033,-0.749,-0.116
2151,-0.222,0.872,-1.03,0.091,-0.034
2152,0.441,0.194,0.348,-0.64,-0.659
2153,-0.591,-0.11,0.246,-0.166,-0.087
2154,-1.735,0.808,0.034,-0.327,0.063
2155,-0.238,-0.257,0.704,0.329,-0.459
2156,0.047,-1.602,0.495,-1.759,1.078
2157,1.59,0.821,0.021,-0.934,0.172
2158,-0.214,0.744,0.987,1.24,-0.121
2159,0.496,-0.956,-0.415,-0.1,-0.661
2160,1.044,-0.295,-1.251,0.363,-0.708
2161,1.2,1.228,-2.884,-1.082,0.92
2162,-0.115,-0.063,1.085,-0.066,-0.578
2163,-0.846,0.022,1.73,1.302,0.387
2164,0.952,0.542,-1.836,0.395,0.002
2165,0.973,-1.121,0.533,0.856,-0.723
2166,-0.226,-1.869,-1.4,-0.428,-0.554
2167,-1.06,0.95,-0.823,3.095,-1.443
2168,0.256,0.143,0.517,-1.342,1.039
2169,-0.682,-0.757,0.711,-0.565,0.766
2170,0.106,0.489,-1.507,0.901,0.45
2171,0.807,-0.805,-2.337,0.238,0.214
2172,0.563,-0.058,-1.607,-0.872,-0.576
2173,1.11,-2.251,0.629,-0.541,0.747
2174,-0.292,-0.249,-0.698,-1.407,1.758
2175,-1.589,-2.02,-0.928,-0.102,-1.517
2176,1.296,-0.391,-0.348,1.448,0.067
2177,0.5,0.479,0.348,0.716,0.321
2178,-0.812,0.232,-1.054,-0.59,0.761
2179,-0.288,-1.122,-0.178,-0.556,0.022
2180,-0.512,-1.576,1.004,-1.002,-0.479
2181,-1.056,-0.585,0.984,-0.239,-0.351
2182,0.089,-0.211,0.459,-0.286,2.09
2183,1.479,-0.351,-1.673,1.539,-1.742
2184,-0.96,-1.689,-0.083,-0.249,1.193
2185,1.305,-0.066,0.465,0.922,-0.598
2186,0.128,-0.629,-1.291,-0.698,-0.089
2187,-0.457,0.51,1.527,-0.168,-0.597
2188,0.541,0.072,0.995,-0.519,-1.609
2189,1.147,0.645,-1.762,0.537,-0.522
2190,0.913,-1.346,0.307,-1.183,-1.007
2191,1.061,0.891,-0.309,-0.478,-0.098
2192,0.48,-0.221,0.701,1.94,0.37
2193,0.53,0.312,0.574,-1.202,-0.103
2194,-0.192,-0.123,-0.521,0.935,0.683
2195,2.829,-0.465,0.083,0.725,-0.714
2196,0.843,0.333,-1.319,1.295,-1.165
2197,1.34,0.468,-1.545,-1.548,-1.542
2198,-0.481,-0.318,-0.959,1.283,-0.327
2199,-0.3,-1.264,-0.584,0.731,0.298
2200,0.539,-0.192,2.561,1.679,-0.602
2201,1.32,-0.496,1.373,1.8,-0.125
2202,1.439,0.214,0.044,0.287,1.084
2203,0.383,-0.999,-1.498,0.962,1.466
2204,1.398,-1.211,0.508,0.537,1.906
2205,-0.816,-0.797,-0.579,-1.451,-0.017
2206,0.261,-0.132,-0.117,-0.9,0.106
2207,0.06,-0.43,1.097,-0.34,0.08
2208,-0.728,-0.535,1.012,0.031,-0.982
2209,-0.398,2.228,-0.353,-0.446,-1.037
2210,-0.267,-2.014,-2.531,-0.009,0.737
2211,2.222,0.727,-0.485,-0.912,0.17
2212,1.141,0.301,-0.605,-1.247,0.034
2213,0.324,-2.411,0.906,-0.273,0.35
2214,-0.024,-1.683,0.25,1.559,-0.247
2215,-0.998,0.369,-2.111,-0.044,0.28
2216,-0.186,1.219,-1.814,-0.135,1.499
2217,0.218,0.123,-0.256,0.569,0.746
2218,-1.426,0.836,-0.265,0.309,0.276
2219,0.25,-0.951,-0.126,-1.201,-2.509
2220,-0.735,-0.556,-0.952,0.243,0.229
2221,-0.078,-0.633,1.043,1.629,-1.22
2222,-0.359,1.031,-0.833,1.635,1.291
2223,2.209,1.504,0.147,0.938,-0.292
2224,-1.428,0.339,0.551,0.176,-0.796
2225,-0.133,0.193,-1.102,-0.268,-0.737
2226,0.944,0.625,1.028,-1.195,0.365
2227,1.356,0.204,-0.42,-0.325,0.447
2228,0.73,0.298,-2.059,1.109,0.866
2229,0.529,0.55,0.521,-2.352,0.059
2230,-1.609,-0.227,-1.64,1.482,0.584
2231,-1.606,1.367,1.072,-0.31,-1.762
2232,-1.636,1.614,1.214,0.095,-0.334
2233,-0.99,-1.124,0.406,-1.708,-1.384
2234,0.75,-2.396,1.392,-0.557,0.884
2235,0.024,0.662,0.207,-0.14,0.275
2236,0.268,0.736,-0.19,-0.422,0.352
2237,1.203,0.303,-0.397,-0.241,1.266
2238,0.725,0.58,-0.876,-2.382,-1.799
2239,0.929,1.177,0.298,0.792,0.456
2240,0.476,0.16,-0.592,-0.614,-0.109
2241,-0.365,0.906,0.775,1.237,1.342
2242,0.658,-0.026,-1.596,-0.606,0.887
2243,0.521,0.472,-0.693,0.83,2.113
2244,0.56,-0.063,0.043,-1.598,0.536
2245,0.201,-0.64,0.501,0.256,-0.304
2246,0.991,-0.374,-0.478,-0.824,0.925
2247,-0.947,1.189,0.964,-1.142,-1.665
2248,-1.717,-0.222,0.414,-0.841,0.755
2249,-0.787,0.088,-1.596,0.206,0.469
2250,-1.176,0.748,-1.649,0.442,0.457
2251,0.818,0.594,0.065,-0.452,0.699
2252,0.567,0.513,-0.526,-0.508,-1.908
2253,1.25,0.332,-0.71,-0.68,-0.329
2254,-1.468,0.468,1.672,-1.052,-0.636
2255,0.31,2.475,0.496,-0.449,0.534
2256,-1.046,-0.987,0.476,0.347,-1.352
2257,-1.249,-0.35,1.58,0.181,-1.409
2258,-0.752,-1.25,-2.42,-1.561,1.648
2259,1.1,-2.101,0.183,0.844,-1.754
2260,-1.03,0.98,-1.246,0.159,-0.785
2261,-1.235,-0.052,-0.159,-0.66,-0.346
2262,-0.645,0.025,-0.006,-0.27,-0.623
2263,-0.63,0.044,2.16,-0.604,-0.597
2264,-1.243,-0.026,0.443,-0.95,-0.599
2265,0.292,0.706,-2.412,-2.253,0.343
2266,0.316,0.395,1.556,3.421,2.124
2267,-0.465,1.187,1.143,-0.383,0.9
2268,0.713,-0.991,0.932,-0.391,-0.376
2269,0.046,0.334,-1.202,-0.047,-2.17
2270,-0.288,-1.263,-0.734,0.613,-0.136
2271,0.759,-1.642,-0.806,0.05,-0.073
2272,0.631,1.285,1.347,-0.192,-1.088
2273,-0.889,-0.158,-0.902,0.704,1.157
2274,0.407,2.543,-1.806,0.073,1.499
2275,-1.998,0.156,0.15,-0.536,1.676
2276,-0.971,1.026,2.285,-1.725,0.395
2277,0.267,-0.136,1.103,1.622,-1.36
2278,-3.222,-0.855,0.531,0.433,1.102
2279,-1.161,0.636,1.059,0.801,1.792
2280,2.126,-0.028,-1.038,0.006,1.261
2281,-0.111,-1.196,0.694,0.849,0.717
2282,2.205,0.284,0.33,-0.006,1.088
2283,1.562,0.793,0.18,-0.795,-2.524
2284,-0.104,0.57,-0.99,-1.059,0.373
2285,-0.452,1.178,-0.296,0.347,0.913
2286,0.562,0.309,0.085,0.11,0.515
2287,1.658,0.222,1.165,0.793,-0.704
2288,2.197,0.132,-1.068,2.203,1.194
2289,0.62,1.556,-1.573,0.3,0.649
2290,-0.638,0.632,1.174,0.022,-1.175
2291,1.027,-0.459,-1.266,-1.474,0.007
2292,0.597,0.1,-1.517,0.848,0.492
2293,-0.627,-1.122,1.205,0.116,-1.404
2294,1.394,-0.245,-1.53,-0.178,-0.217
2295,0.355,-1.312,-1.165,1.315,0.374
2296,0.088,3.317,0.355,-3.097,-0.566
2297,1.218,0.484,-0.704,0.561,0.503
2298,-0.145,0.131,-0.693,0.085,1.405
2299,0.432,-1.459,-0.225,0.404,0.396
2300,2.034,-1.472,-0.049,-0.192,-0.661
2301,-1.503,0.611,-0.242,0.346,0.58
2302,0.605,0.014,1.362,0.529,-0.036
2303,0.987,-0.388,-1.245,1.13,0.564
2304,0.444,1.513,-0.125,0.402,-0.514
2305,1.309,-0.019,1.445,0.297,0.036
2306,-0.242,0.831,1.514,0.089,0.287
2307,-0.304,0.09,0.728,-1.045,-0.592
2308,0.069,0.984,-1.035,0.11,-0.488
2309,0.451,-0.565,0.631,1.989,0.004
2310,0.869,-1.098,1.283,-0.225,0.069
2311,0.413,-1.281,-1.107,-0.31,1.438
2312,-0.601,0.486,1.493,1.85,0.471
2313,-0.955,-1.348,0.659,-0.184,-0.363
2314,-1.421,0.149,-1.325,-0.788,-1.732
2315,-0.29,-0.443,1.26,-0.17,-0.66
2316,0.07,1.005,0.988,0.053,0.637
2317,-0.752,0.461,-0.846,0.665,1.467
2318,1.025,-0.494,-0.594,-0.072,-0.771
2319,-0.4,0.675,0.903,0.781,0.294
2320,-0.372,1.924,-0.886,0.045,0.358
2321,0.216,0.633,-0.712,1.843,-1.463
2322,-1.033,-0.2,0.585,-0.92,-0.974
2323,0.5,1.884,-0.541,0.391,-0.911
2324,-0.434,-0.654,1.544,0.507,-0.148
2325,-0.921,-0.17,-1.184,-1.134,1.089
2326,0.185,0.864,1.729,-0.745,0.528
2327,0.601,-1.327,-0.124,-0.153,0.726
2328,0.166,-0.04,-1.982,-0.304,-0.37
2329,-0.226,1.645,0.723,0.965,1.364
2330,0.984,-1.04,0.002,0.505,-0.531
2331,0.189,0.394,0.21,-0.296,1.769
2332,-0.299,1.669,-0.886,0.882,1.159
2333,1.233,-0.193,-0.467,1.215,0.601
2334,-0.636,-1.261,0.91,1.154,0.281
2335,0.898,0.607,-1.988,-1.055,0.358
2336,0.348,0.633,0.953,1.952,1.316
2337,-0.141,0.203,-0.429,0.359,-0.419
2338,-1.376,-2.207,-0.332,1.622,-1.039
2339,-0.648,-0.303,1.353,-1.189,0.252
2340,0.119,0.31,0.234,-0.928,-0.602
2341,-1.372,-0.923,-0.958,0.461,-0.009
2342,0.259,0.617,-2.042,-0.279,-1.417
2343,-0.406,0.502,-0.486,-0.538,-1.87
2344,0.445,-1.007,0.039,-1.79,-0.145
2345,-0.468,-0.663,1.429,-1.253,1.029
2346,1.012,-0.729,-0.748,1.139,1.05
2347,-0.207,0.388,-0.207,-0.202,-0.994
2348,-2.052,0.232,1.173,0.52,-1.196
2349,-0.375,-1.352,1.696,-0.968,0.656
2350,-0.394,-0.952,0.681,0.471,-0.433
2351,1.557,0.072,-0.591,0.207,-0.033
2352,1.083,-0.399,0.867,0.7,0.452
2353,-0.222,-0.076,-0.419,1.153,-0.55
2354,0.766,1.227,1.493,0.155,-0.366
2355,0.792,0.591,2.19,0.603,0.289
2356,0.72,-0.67,-0.039,0.222,-0.465
2357,-1.721,0.881,0.778,-1.118,-1.166
2358,0.864,-0.43,0.056,-0.777,-0.31
2359,1.203,-0.598,0.13,-0.001,-0.449
2360,2.137,0.506,-0.471,0.471,-0.156
2361,1.099,-0.548,-1.158,-0.864,1.193
2362,-2.27,-1.298,-0.308,0.346,-1.453
2363,-0.829,-0.694,0.026,-0.142,-0.117
2364,-1.924,0.409,1.371,0.905,0.864
2365,-0.246,-0.594,-0.33,-0.737,1.129
2366,0.259,-0.298,-0.469,-0.511,-1.126
2367,0.381,1.39,1.919,0.656,0.049
2368,1.139,0.714,-0.196,0.956,-0.137
2369,-0.143,0.027,0.042,0.441,-0.448
2370,0.328,1.245,-1.524,-0.184,0.213
2371,0.477,-1.01,-0.581,-0.04,0.825
2372,0.741,0.557,-0.852,0.268,-0.489
2373,0.936,-0.7,-1.447,0.02,0.1
2374,0.057,-0.924,1.947,0.231,-0.656
2375,1.007,-0.615,1.508,-0.747,-0.599
2376,-0.41,1.48,0.417,-0.462,0.983
2377,0.415,-2.366,-0.585,-0.475,1.147
2378,-1.019,-0.898,0.672,-1.676,-0.261
2379,-0.122,-1.376,0.384,1.378,1.184
2380,0.347,2.377,0.749,1.347,2.167
2381,-1.51,1.497,-0.957,-1.353,0.452
2382,-0.471,0.275,0.893,-0.64,-0.426
2383,0.263,-0.686,-1.32,1.256,-1.611
2384,0.854,-1.485,-0.809,0.209,1.219
2385,-1.06,-0.261,-0.55,-1.792,-0.583
2386,1.209,-0.411,-1.047,-0.948,-0.003
2387,0.223,-0.166,2.072,0.328,0.85
2388,1.317,-1.416,0.932,-0.12,0.217
2389,-0.169,-0.849,0.261,-0.212,-0.198
2390,-0.392,-1.066,1.148,0.623,-0.01
2391,-0.157,-1.25,0.439,1.051,-0.434
2392,0.1,-0.32,-0.731,-1.182,-0.1
2393,0.929,-0.388,0.752,0.285,2.102
2394,-1.156,0.435,-0.661,-0.113,-1.021
2395,-0.987,1.158,-0.342,-1.869,-1.497
2396,0.545,0.548,-0.662,-1.352,1.585
2397,-0.531,-0.872,0.327,-0.653,-0.924
2398,0.934,-0.728,-0.087,-1.04,1.194
2399,-1.005,0.009,0.017,2.469,2.136
2400,1.096,-1.332,-0.021,-1.702,-0.022
2401,-0.107,-0.287,-0.241,0.093,-1.848
2402,-0.298,-1.033,-0.505,0.05,-0.692
2403,-1.13,-0.031,0.34,-0.425,0.122
2404,-1.582,-2.686,1.852,-0.165,-0.442
2405,-0.304,-0.406,-0.384,-0.488,-0.048
2406,0.016,2.442,1.04,1.376,1.048
2407,0.639,0.116,0.032,0.967,0.46
2408,0.01,0.89,-0.905,0.936,-0.304
2409,-2.79,-0.516,-0.573,-0.784,-0.839
2410,1.71,-0.105,0.805,-0.005,0.051
2411,1.246,1.772,1.008,-0.08,0.851
2412,-0.453,1.235,0.023,1.591,1.035
2413,0.463,-1.982,-0.883,0.012,-0.248
2414,0.848,-0.087,-0.065,0.004,0.751
2415,1.49,0.05,-0.302,0.625,0.581
2416,-2.139,0.805,0.224,0.531,-1.35
2417,-0.595,0.467,0.283,-0.006,-1.382
2418,-0.34,0.067,-0.495,0.9,-0.815
2419,-2.003,-0.727,0.156,0.457,-0.539
2420,0.212,1.339,-0.747,0.187,0.439
2421,-0.228,-1.711,2.118,-0.358,0.406
2422,1.215,0.814,-0.274,-0.565,-0.919
2423,2.156,-2.903,0.022,1.647,0.37
2424,1.306,-1.353,1.845,1.085,0.084
2425,-0.308,-0.02,-0.838,-0.201,-0.347
2426,-0.741,0.196,-0.577,-1.721,-1.976
2427,-1.276,0.802,0.132,-0.783,-0.081
2428,0.719,1.25,-0.475,-0.921,-0.55
2429,1.548,-0.571,0.608,-0.435,0.887
2430,0.84,0.193,-0.041,-1.181,-0.225
2431,-0.644,-0.964,-0.497,1.623,1.292
2432,0.274,-0.788,0.136,0.688,-1.331
2433,1.449,-0.541,0.295,-0.574,1.083
2434,-1.45,-1.023,0.099,0.216,-1.565
2435,-0.101,-0.658,0.473,-1.318,0.787
2436,1.159,-0.494,0.684,0.694,-1.855
2437,0.085,-1.1,1.041,0.126,-1.211
2438,1.902,-0.384,0.627,-0.756,0.913
2439,-0.736,-0.632,-0.638,-0.035,0.439
2440,-0.16,0.83,0.573,0.089,0.571
2441,1.772,-2.403,-0.052,1.421,-1.081
2442,0.08,2.055,1.528,-0.997,0.464
2443,0.278,-1.21,-0.778,0.011,-2.106
2444,-1.053,-1.088,-0.813,0.065,-0.282
2445,-1.963,1.74,-0.365,-0.162,-0.856
2446,-0.135,0.486,-0.038,-0.399,1.422
2447,2.244,-0.803,-0.274,0.362,0.507
2448,1.224,0.808,-1.269,0.11,0.319
2449,1.264,0.838,0.123,-0.271,-0.899
2450,0.43,0.029,1.155,-0.13,0.116
2451,-0.657,0.067,-0.181,0.523,-1.424
2452,-0.299,1.231,-0.002,-1.85,-0.502
2453,0.132,0.739,0.586,0.459,0.602
2454,2.113,-0.838,-0.763,1.309,-0.603
2455,-0.513,1.978,-0.392,-0.554,-0.245
2456,-1.159,-0.214,-1.614,-1.733,-0.539
2457,2.506,0.189,0.888,0.151,2.384
2458,0.985,0.001,-0.453,1.134,1.794
2459,-0.572,1.939,-0.525,0.591,1.748
2460,0.344,0.472,-0.096,0.914,-2.459
2461,-0.875,-0.117,-1.558,0.377,-1.216
2462,-1.753,1.019,0.996,-0.835,1.846
2463,0.922,0.024,-0.222,-0.462,-0.187
2464,1.43,-0.467,-0.458,0.013,0.294
2465,-1.442,0.985,-0.59,1.474,-0.486
2466,-0.072,-1.302,0.869,1.673,0.968
2467,-0.286,-0.402,-1.171,-1.315,-1.16
2468,-0.108,-0.749,-0.795,1.671,-0.245
2469,-0.532,-1.748,2.939,1.044,0.868
2470,0.581,-1.097,-1.978,-1.011,1.161
2471,0.458,-0.637,-1.214,0.333,1.69
2472,-0.158,-1.211,0.891,-2.364,-1.09
2473,0.425,0.258,-0.234,0.678,0.032
2474,0.053,-0.164,-1.048,1.253,-0.812
2475,0.813,1.089,0.396,-0.565,-0.695
2476,0.86,-1.223,0.15,0.841,0.165
2477,-0.393,2.417,-0.809,-0.76,0.798
2478,-0.587,1.243,1.711,0.235,-0.535
2479,0.467,1.291,0.432,1.319,-0.928
2480,-0.121,0.014,-0.525,1.093,0.906
2481,0.42,0.395,1.51,-0.26,-0.306
2482,-0.464,0.283,1.013,0.295,-0.677
2483,0.879,-1.734,-2.094,-0.508,-0.279
2484,-1.145,-0.449,0.807,0.355,0.088
2485,0.015,1.441,-1.259,1.412,1.778
2486,-0.217,0.919,-0.198,-0.016,0.066
2487,-0.225,-1.936,-0.569,0.981,-0.9
2488,-0.546,0.297,-1.624,-3.226,1.201
2489,-0.004,-0.571,2.605,-1.598,0.301
2490,1.288,-0.431,-2.567,-0.443,0.347
2491,-0.639,0.149,0.774,0.529,-2.872
2492,-0.178,-0.08,-1.017,1.137,-1.055
2493,-0.085,-0.344,-1.195,2.174,1.675
2494,0.286,0.535,-0.294,0.377,1.376
2495,0.731,0.72,0.242,-0.811,0.437
2496,1.591,0.892,-0.238,-0.413,0.222
2497,-2.164,1.042,1.436,-0.801,1.196
2498,0.693,-0.766,-0.933,-0.286,-0.178
2499,-0.566,0.44,-0.799,-1.167,0.402
2500,-0.643,-1.863,-0.129,-0.149,0.089
2501,1.07,-0.701,-0.644,0.902,-1.609
2502,0.456,0.455,-1.424,0.833,1.443
2503,-0.531,1.345,1.092,-0.109,0.73
2504,-0.987,2.026,0.378,0.167,0.695
2505,0.213,-0.109,-2.162,2.208,0.526
2506,-0.464,0.005,-1.398,-0.797,0.395
2507,-0.859,2.109,-1.17,0.482,-0.768
2508,-0.336,0.415,1.039,0.237,-0.592
2509,0.767,-1.011,0.442,0.101,1.096
2510,-1.28,-1.763,-2.267,-0.583,1.423
2511,-0.753,0.348,-0.775,0.978,1.306
2512,-0.469,2.131,0.804,-1.979,0.98
2513,1.611,0.086,-0.728,1.354,-1.481
2514,-0.524,0.179,1.92,0.609,0.886
2515,0.321,-0.421,0.51,0.167,1.002
2516,-0.543,-0.458,-0.048,0.659,-0.598
2517,-0.769,0.96,0.235,-0.359,-0.544
2518,0.045,1.946,0.463,0.024,0.383
2519,-1.066,0.319,-0.015,-1.479,-1.414
2520,-1.086,-0.411,-0.803,1.246,-0.389
2521,0.573,-1.184,-0.806,-0.524,2.373
2522,0.401,1.481,-0.408,1.706,0.659
2523,0.61,0.01,0.712,0.218,1.162
2524,-0.9,0.198,0.835,1.265,-1.136
2525,-1.857,-0.838,0.297,-0.599,-0.953
2526,-1.192,0.23,-1.891,0.562,0.414
2527,0.204,-0.265,0.691,0.922,-0.907
2528,0.251,-0.183,0.535,-0.274,-1.695
2529,0.223,0.047,-0.399,-0.034,0.552
2530,-1.779,-0.427,-0.334,-0.711,0.114
2531,0.022,-0.665,0.443,-1.725,-1.099
2532,0.487,0.08,-0.071,0.589,-0.194
2533,-0.009,-0.092,0.166,-0.213,-1.944
2534,-0.319,1.931,1.729,-1.512,-1.422
2535,0.776,-1.524,0.413,-0.475,-0.456
2536,0.024,-1.514,-1.966,-1.051,-1.191
2537,-0.086,-1.142,-1.709,1.574,0.04
2538,-0.015,-1.016,0.393,-0.692,0.047
2539,0.788,-0.089,2.243,0.979,0.835
2540,0.222,0.937,-1.975,1.231,-1.022
2541,0.176,-0.465,1.987,0.227,0.363
2542,-0.48,0.662,0.048,0.751,0.108
2543,-0.628,1.489,-0.64,0.117,-0.225
2544,-0.877,-0.351,0.661,-0.354,-1.373
2545,0.726,-0.861,0.775,0.763,0.246
2546,0.388,1.654,0.337,0.047,-0.194
2547,0.927,0.871,-1.155,0.042,1.034
2548,-1.153,-0.596,0.048,0.651,-0.632
2549,-1.759,0.136,1.697,0.588,0.905
2550,0.282,-0.614,1.749,-1.475,-0.725
2551,-1.875,0.072,-0.704,-1.219,1.662
2552,-0.758,-0.429,-1.123,1.081,1.314
2553,-1.153,-1.109,1.946,-0.809,-0.383
2554,1.415,-0.514,-1.74,0.511,0.703
2555,0.771,-0.173,0.152,0.039,0.064
2556,0.935,0.22,0.428,0.143,1.579
2557,-0.531,1.185,0.193,-0.522,-0.372
2558,0.054,-1.514,-1.526,0.381,-0.33
2559,-0.154,0.518,-0.8,-0.268,-0.401
2560,-1.296,-0.259,-1.33,0.329,0.237
2561,0.055,0.179,1.126,1.568,-0.07
2562,0.183,1.458,1.629,-0.782,-0.093
2563,1.54,0.508,0.742,-0.723,0.515
2564,0.082,0.774,0.072,0.065,0.631
2565,-2.192,0.865,0.749,0.063,2.367
2566,1.103,-0.973,1.736,-0.517,-0.732
2567,-2.003,0.312,-1.748,0.622,-0.298
2568,0.406,1.187,0.262,0.089,0.867
2569,-0.935,0.838,1.615,1.491,-1.747
2570,0.826,-0.976,-0.205,0.724,1.132
2571,-0.466,0.841,0.635,1.526,0.107
2572,-0.184,1.807,0.291,0.465,0.014
2573,0.929,0.574,-0.367,-0.698,0.145
2574,1.245,0.144,0.421,-0.393,-0.618
2575,-0.58,0.604,-2.057,-0.066,-0.415
2576,-0.588,-1.047,1.438,-0.263,-0.22
2577,0.872,-0.064,-1.15,-0.62,0.016
2578,-1.738,0.853,0.575,0.306,1.287
2579,-0.641,-0.601,-0.498,2.452,0.697
2580,1.03,-0.596,-0.41,0.946,-0.562
2581,-0.952,0.202,0.257,-0.756,0.49
2582,-1.073,-0.542,-3.547,-0.443,1.801
2583,-1.909,1.269,0.505,-0.571,-1.297
2584,-1.433,-0.842,0.593,-0.017,-0.054
2585,-1.362,-0.064,-0.386,-1.731,1.613
2586,-0.725,0.249,1.978,-0.499,0.354
2587,0.097,3.223,-1.732,0.257,0.61
2588,0.14,0.619,0.13,1.514,0.654
2589,-0.019,-0.596,-1.306,1.661,-1.408
2590,0.868,-0.367,-1.135,-0.301,-0.664
2591,1.909,0.307,-1.971,-0.759,-0.019
2592,-1.541,-0.38,1.228,-1.161,0.165
2593,2.281,-0.014,-0.362,-0.602,1.626
2594,0.165,-1.326,-0.151,-0.837,1.112
2595,-1.406,0.879,0.453,-0.498,-0.128
2596,-0.29,-1.673,0.572,-0.712,-1.832
2597,-0.049,-0.522,0.742,0.624,-3.562
2598,0.298,0.176,0.525,0.578,2.266
2599,1.656,0.153,-1.341,-1.828,0.179
2600,-0.695,-0.393,-0.056,-0.323,-0.046
2601,-1.419,1.306,1.275,0.034,0.727
2602,-0.947,1.116,-1.081,-1.57,0.666
2603,-1.174,0.717,-0.07,-0.232,-0.011
2604,0.155,1.57,-0.931,-0.072,-1.221
2605,-2.296,-0.473,-0.851,-0.985,0.767
2606,0.35,-0.592,-2.129,1.821,-0.008
2607,-0.92,0.855,-1.309,-1.004,0.559
2608,-0.264,-0.029,0.479,0.079,-0.545
2609,-0.905,-0.228,-2.646,0.266,0.635
2610,-1.183,0.416,0.122,-1.31,-1.19
2611,1.859,0.522,0.19,-1.546,-0.155
2612,0.792,-1.014,-0.855,1.051,0.239
2613,-0.316,0.491,-2.194,-2.771,-2.455
2614,0.129,0.851,-1.399,-0.36,-2.492
2615,0.576,-0.138,0.072,-0.008,1.017
2616,0.154,0.814,-0.519,-0.033,-0.297
2617,-0.508,-0.114,-0.041,0.409,-0.308
2618,-1.081,-1.306,-0.855,0.127,0.867
2619,-0.425,-0.327,-0.217,0.388,0.039
2620,-0.426,0.235,-1.212,0.652,0.138
2621,-0.381,-0.282,-1.294,-0.574,-0.609
2622,-1.715,0.015,-0.297,0.603,-0.402
2623,-2.633,-0.777,0.222,0.584,0.072
2624,-0.462,0.571,1.953,-0.35,-0.513
2625,0.662,1.084,1.177,-3.503,0.274
2626,0.359,-0.774,-1.02,-1.119,-0.942
2627,0.714,-0.658,-0.327,-0.409,0.322
2628,2.208,0.169,0.385,1.394,0.274
2629,-0.587,-0.294,-0.546,0.206,1.017
2630,1.918,-1.356,-0.832,0.828,-0.552
2631,-0.28,-1.545,0.543,0.583,-0.449
2632,-0.845,-0.417,1.387,-0.727,1.026
2633,-0.29,-0.652,-1.022,1.566,-1.37
2634,0.277,-0.115,0.019,-0.369,1.2
2635,0.711,-0.813,0.045,1.135,-0.567
2636,-1.23,2.283,-0.96,-0.53,0.36
2637,-1.719,-1.291,-0.12,-1.477,0.433
2638,0.797,-1.517,-0.673,1.573,-1.432
2639,-1.641,0.926,-0.411,0.555,-0.238
2640,0.04,-2.443,0.453,0.206,-0.806
2641,-0.618,-0.32,1.145,0.557,-0.584
2642,0.34,-0.833,-1.97,0.197,-0.56
2643,1.075,1.117,0.777,0.674,1.483
2644,1.937,-0.949,-1.572,0.994,-0.49
2645,0.171,-0.734,0.206,1.061,-0.4
2646,2.311,0.862,0.929,1.862,2.029
2647,1.099,-0.474,-0.39,0.736,0.77
2648,-0.911,0.118,-0.18,-0.672,-1.632
2649,-0.048,0.964,-0.88,-0.571,-1.342
2650,-0.236,0.948,0.205,-0.641,-1.121
2651,1.917,-0.603,0.849,1.137,-1.831
2652,-1.862,2.647,-0.189,0.161,0.172
2653,0.164,-0.144,0.866,-0.913,0.329
2654,-1.914,-1.26,-1.741,-1.326,0.653
2655,-1.325,-1.161,-0.56,0.349,-0.372
2656,-0.208,0.424,0.172,0.103,0.866
2657,-1.522,0.464,-1.083,1.514,0.025
2658,1.21,2.412,-0.386,0.752,1.567
2659,-0.584,0.703,0.78,-0.378,1.848
2660,-0.708,1.101,-0.504,-0.006,-1.134
2661,-0.578,1.119,-0.529,-0.752,-0.142
2662,-1.112,-0.171,-0.16,0.392,1.003
2663,1.163,-1.203,-0.055,-0.513,-0.321
2664,0.736,-0.07,0.44,1.399,0.223
2665,-1.831,0.56,-1.32,-0.937,-0.706
2666,-1.345,0.664,0.81,-0.453,-0.82
2667,-0.656,-0.42,0.458,0.987,0.123
2668,-1.166,-0.245,-0.442,1.427,-2.305
2669,-1.344,-0.474,1.102,-0.947,-2.245
2670,-1.09,-0.531,0.886,1.913,0.283
2671,-0.278,-0.106,0.972,1.484,0.958
2672,0.53,2.393,-1.981,-1.524,-0.321
2673,-0.674,-0.543,-0.683,0.382,-0.01
2674,-0.628,-0.357,-0.076,-0.366,-0.833
2675,1.308,0.71,0.064,-0.001,-0.355
2676,-0.645,-1.548,-0.727,0.127,2.433
2677,-1.547,0.662,-0.506,2.923,0.862
2678,0.764,-0.933,-0.731,2.063,1.343
2679,-0.23,0.013,-0.537,1.979,1.061
2680,1.772,-1.864,-0.961,0.597,-0.114
2681,1.008,0.521,-0.897,-1.314,1.774
2682,-0.568,0.193,-0.864,0.409,0.85
2683,-0.314,-2.494,1.273,0.157,0.345
2684,1.433,-0.74,-0.683,0.982,-0.669
2685,-3.415,1.18,-0.463,-0.391,-1.751
2686,0.121,-0.788,-0.757,2.305,0.654
2687,0.929,0.369,0.523,-1.673,0.718
2688,0.729,0.442,0.918,-0.099,0.422
2689,0.686,-0.539,1.055,0.787,-1.257
2690,-0.576,0.193,1.045,1.063,0.448
2691,1.627,-0.307,-1.103,-0.295,0.268
2692,-0.355,1.114,0.957,0.497,-0.577
2693,-0.899,-0.614,0.682,0.771,-0.564
2694,0.928,-0.099,-1.352,-0.027,-0.548
2695,-1.363,-0.456,-1.919,-1.349,-0.041
2696,-2.021,0.401,1.168,-0.095,0.002
2697,0.619,0.69,0.285,-1.236,0.354
2698,-0.756,-1.009,-1.472,-0.32,-0.198
2699,1.954,0.397,1.789,-0.122,0.176
2700,-0.256,-1.744,0.462,-0.293,1.047
2701,-0.877,-0.76,-0.647,0.228,0.077
2702,-0.601,0.661,-0.702,1.317,-0.534
2703,0.773,0.664,-1.101,-0.189,-0.472
2704,-2.318,0.099,-2.57,1.368,-0.166
2705,1.101,1.093,-0.634,0.338,1.483
2706,2.193,0.458,-0.2,-0.348,0.594
2707,-2.198,0.112,0.222,0.416,-0.861
2708,-1.104,1.29,0.005,-1.118,0.52
2709,-1.721,-0.802,0.524,-2.314,-1.689
2710,0.882,-0.181,2.648,0.255,0.266
2711,-0.709,-0.572,2.384,-0.533,0.223
2712,-0.975,0.183,0.807,1.163,0.447
2713,-0.001,-0.182,-1.445,0.634,0.443
2714,-0.468,-1.202,-0.556,0.504,-1.033
2715,-0.849,-0.196,0.225,0.743,-0.131
2716,-0.126,-0.067,2.083,-1.324,-0.146
2717,0.072,1.355,1.471,-0.681,0.206
2718,0.134,-0.449,0.966,0.114,2.685
2719,1.544,0.499,-0.495,-2.114,0.878
2720,0.171,0.327,0.714,-0.932,1.972
2721,-0.469,-0.459,0.725,-0.219,-1.093
2722,0.35,-1.238,0.448,0.459,-2.146
2723,-0.211,-0.227,-0.067,3.398,-1.158
2724,-2.077,-0.759,0.788,-1.692,-0.916
2725,-0.839,-0.936,-1.131,0.162,1.462
2726,-0.236,0.287,-1.032,-1.33,-0.832
2727,1.26,1.22,-0.506,1.464,1.429
2728,1.139,-0.225,-0.328,-0.754,0.852
2729,1.045,-0.995,1.621,0.167,1.414
2730,1.586,0.984,1.305,0.658,-0.103
2731,-2.256,0.208,-0.113,1.123,1.014
2732,-1.919,-1.002,1.316,1.15,0.155
2733,0.467,1.203,1.151,1.222,-0.675
2734,-0.155,-0.779,-0.098,-0.157,-0.222
2735,0.351,0.938,0.021,-0.608,0.487
2736,0.107,1.364,-1.897,-1.202,-0.012
2737,1.319,0.533,2.084,1.617,-0.794
2738,0.586,0.054,-2.019,-0.355,-0.149
2739,-0.88,-1.523,-0.382,0.11,-1.553
2740,-0.082,-1.22,-0.584,-0.121,-2.754
2741,0.453,0.697,-0.14,-1.255,0.888
2742,1.89,0.3,0.298,-0.278,0.003
2743,-1.186,0.819,-0.419,-0.5,-1.692
2744,-0.912,0.57,-0.095,1.784,1.822
2745,-0.202,-0.728,-0.355,0.467,0.091
2746,0.443,-1.132,1.246,0.859,-0.323
2747,-0.222,0.1,0.363,-0.889,-0.968
2748,-1.878,0.624,-0.676,-0.275,1.369
2749,-0.254,-1.104,-0.198,-0.01,-0.515
2750,-0.499,0.78,-0.094,0.992,-0.205
2751,0.575,0.051,-0.263,0.946,0.7
2752,-0.285,0.556,-0.846,-2.399,0.135
2753,-0.524,-2.708,-0.248,-1.098,-1.98
2754,1.134,1.518,0.838,0.982,1.95
2755,-0.572,-0.924,0.167,-0.483,1.964
2756,-1.817,-1.914,-0.853,0.407,1.11
2757,0.548,0.346,-2.445,-0.863,0.385
2758,0.662,-1.684,-0.11,-0.618,1.25
2759,0.951,0.641,0.743,-0.79,-0.483
2760,-0.09,-0.802,-2.004,0.833,0.599
2761,0.831,-1.159,1.449,0.778,-0.462
2762,1.289,-0.202,-1.44,0.054,-0.682
2763,-1.425,1.069,-0.558,1.608,-0.436
2764,-1.082,0.473,0.768,0.951,-1.033
2765,-0.685,-0.954,0.169,-1.244,1.761
2766,-1.226,-0.238,-0.454,0.558,-1.242
2767,0.79,0.088,0.719,-1.413,0.423
2768,1.065,-1.489,-0.546,0.483,-0.287
2769,-0.71,1.387,-1.546,-0.165,-0.066
2770,-0.518,-0.28,-1.891,-0.61,1.009
2771,-0.031,-0.099,1.452,0.511,1.096
2772,0.614,-0.111,1.475,0.088,0.352
2773,-1.194,-0.466,0.789,0.701,0.175
2774,-0.182,-1.138,2.248,-1.388,0.476
2775,-2.076,-0.818,0.652,0.647,-0.738
2776,0.222,-0.736,-0.271,-0.76,0.167
2777,-0.567,-1.218,0.075,0.358,-0.417
2778,-0.965,-0.95,-0.654,1.493,0.031
2779,-0.795,0.607,1.146,1.307,0.83
2780,0.817,0.123,-2.376,-1.31,1.648
2781,0.5,1.976,0.268,-0.429,-0.789
2782,0.649,-0.863,0.661,-0.967,1.126
2783,-1.091,-1.027,0.779,-0.902,0.353
2784,-0.0,-0.982,-1.291,-0.249,1.082
2785,-0.481,-0.267,-3.238,-0.978,2.633
2786,0.243,0.047,-0.676,2.118,-2.224
2787,-1.492,-0.13,-0.244,-0.254,-0.566
2788,2.104,1.263,0.106,2.315,-0.935
2789,-0.198,-0.584,0.519,0.755,1.274
2790,0.495,-0.496,-0.763,0.395,-1.357
2791,0.461,-0.534,0.695,0.703,-0.605
2792,-1.699,0.431,0.845,-0.818,0.66
2793,0.845,-0.519,1.091,-0.064,0.242
2794,1.274,0.842,1.632,0.144,1.479
2795,1.675,-0.153,-2.564,-0.287,1.228
2796,-0.676,1.302,1.491,-0.601,-2.188
2797,0.586,-0.018,-0.765,0.722,-0.709
2798,-0.656,1.559,-0.597,0.593,-1.527
2799,1.32,1.637,3.069,0.825,-0.358
2800,0.441,-0.676,1.833,-0.611,0.406
2801,0.677,-0.436,-0.359,-1.223,-0.407
2802,-0.625,0.186,1.101,-1.28,-0.193
2803,-0.541,1.293,-1.171,-1.372,-0.188
2804,-0.027,0.814,-0.132,0.622,0.154
2805,0.632,-0.645,0.55,0.258,-0.034
2806,-0.113,-2.227,-0.43,1.176,1.412
2807,-0.159,-1.869,0.473,-0.54,-1.407
2808,-0.912,-0.68,0.511,-0.923,-1.438
2809,0.829,-0.362,-1.057,-2.056,-1.203
2810,-1.365,1.499,-1.261,-0.455,-0.23
2811,1.567,-0.724,1.515,1.141,0.655
2812,-1.325,-3.039,-3.302,0.595,1.175
2813,-0.37,-0.771,-0.629,0.144,-0.513
2814,-1.318,0.283,0.587,-0.452,0.17
2815,-0.427,0.053,-0.325,0.314,0.145
2816,1.436,1.307,-0.367,0.86,-0.136
2817,1.369,0.904,0.995,1.232,-0.009
2818,0.152,-0.891,-0.472,-0.902,-0.807
2819,0.897,-2.68,-0.636,0.619,3.026
2820,0.982,0.654,1.045,0.391,-1.23
2821,-1.044,-1.054,-0.579,-0.447,-0.237
2822,0.484,-1.24,-2.482,-0.368,1.644
2823,-0.909,0.076,0.585,0.133,-0.206
2824,1.099,-0.006,0.344,0.032,1.319
2825,0.131,0.802,-0.594,-0.695,0.091
2826,-0.292,0.877,0.354,-0.675,0.743
2827,0.912,-0.936,1.939,-2.122,1.141
2828,-0.643,-0.863,0.226,-0.595,0.257
2829,1.237,1.267,-0.982,0.405,-0.064
2830,-0.783,-0.259,-0.393,1.319,-0.128
2831,0.086,0.751,0.711,0.14,0.815
2832,0.558,0.302,-0.619,1.041,-0.574
2833,0.209,-0.028,0.304,0.611,1.177
2834,-1.962,1.508,-0.803,0.341,1.645
2835,0.063,0.106,0.713,-1.628,-0.962
2836,-1.295,0.533,-0.406,-0.207,0.591
2837,0.529,-0.357,-0.123,0.53,0.52
2838,1.416,-0.061,-0.255,1.463,-0.396
2839,-1.408,0.12,0.968,-0.383,0.392
2840,2.833,0.774,0.285,0.661,0.036
2841,-0.837,0.455,-0.91,0.634,0.696
2842,-0.987,-1.438,1.637,0.437,-0.519
2843,1.353,-0.395,-1.764,-0.453,-0.951
2844,0.358,-0.187,1.316,1.821,-0.401
2845,1.322,-0.968,-0.647,-0.839,-0.453
2846,-1.602,0.313,-0.607,1.334,-0.465
2847,0.377,-0.455,-1.59,-1.506,-0.982
2848,0.235,-0.094,1.065,-1.011,-0.802
2849,-0.544,-0.278,-1.005,-1.248,-0.892
2850,-1.459,-1.009,0.649,-0.91,0.344
2851,-0.436,-0.648,2.457,0.085,0.331
2852,-0.26,1.004,0.561,-1.42,-0.078
2853,0.098,1.624,-0.589,-0.278,-0.187
2854,-1.156,-0.398,0.908,-1.568,-0.199
2855,0.531,-0.172,-0.053,-0.534,1.08
2856,0.895,1.375,-0.271,-0.357,0.14
2857,-0.503,0.384,1.02,0.051,-0.722
2858,-0.494,0.147,-0.064,-1.84,-1.264
2859,0.609,0.387,1.522,0.222,-0.588
2860,-0.177,-1.424,-0.117,0.864,0.374
2861,-0.371,0.304,-1.779,1.28,-1.438
2862,0.128,-0.949,1.005,-1.264,-0.415
2863,-0.934,-1.544,-0.67,-0.509,-0.123
2864,-1.928,-0.407,-0.752,0.024,0.3
2865,-0.399,-0.012,-0.82,0.402,3.395
2866,-0.235,0.826,-1.171,0.695,-1.221
2867,-0.906,2.059,-0.043,0.911,-0.342
2868,-0.304,-1.362,-1.101,-1.978,-0.115
2869,0.352,0.621,2.893,0.1,0.626
2870,-0.186,0.807,-0.257,1.172,1.062
2871,0.332,-0.857,1.293,0.523,-1.045
2872,0.405,0.567,-0.816,-0.665,-0.866
2873,-1.002,0.569,-1.081,-1.3,0.232
2874,0.451,2.103,0.149,-1.648,0.794
2875,0.406,0.767,0.293,0.866,0.042
2876,2.043,1.813,1.249,-0.851,1.392
2877,0.49,-0.717,-0.584,0.566,0.909
2878,2.124,-0.154,0.606,-0.624,-0.755
2879,-0.511,-0.261,-0.452,1.336,0.651
2880,0.492,0.476,0.681,-1.092,0.279
2881,0.44,0.112,-0.138,-0.076,-0.188
2882,-0.628,-1.105,-1.15,-0.63,-0.181
2883,1.605,-0.178,0.074,-1.173,-0.658
2884,-0.066,1.0,-0.143,-0.877,0.213
2885,1.238,0.192,-0.684,-0.144,-1.402
2886,-0.988,-0.9,1.003,-1.781,-0.253
2887,-0.64,0.958,-1.477,-0.065,-0.321
2888,0.969,1.095,0.702,2.522,-1.02
2889,0.511,1.686,-1.355,-0.821,1.532
2890,0.644,-0.24,1.401,1.243,-2.447
2891,0.635,0.048,-0.527,-0.317,0.166
2892,-1.494,0.971,0.208,-0.123,0.687
2893,2.481,0.257,0.866,2.198,0.133
2894,0.846,0.475,0.791,2.156,0.378
2895,-0.648,-1.306,0.731,-0.79,0.781
2896,-0.533,1.483,-0.505,0.73,1.493
2897,-0.582,0.271,-0.499,0.675,-1.315
2898,-0.422,0.475,-0.22,-0.377,1.652
2899,-0.254,-2.868,1.251,-0.137,-1.444
2900,0.39,0.934,0.549,-0.515,0.233
2901,-2.671,-1.654,0.471,0.42,-0.262
2902,-0.247,-1.069,0.51,0.98,-0.003
2903,-0.582,-0.773,0.231,-0.04,1.399
2904,0.966,1.182,0.473,-1.558,1.089
2905,-2.943,0.007,-0.069,-0.498,0.856
2906,0.429,0.597,0.14,1.076,0.257
2907,-0.638,-0.956,-0.008,-1.67,-0.277
2908,-1.122,-0.658,0.823,0.726,0.456
2909,0.981,-0.992,-1.283,1.319,1.655
2910,1.001,-0.677,0.184,0.504,-0.693
2911,-0.677,-0.396,2.127,-1.011,-0.577
2912,0.385,-0.044,-1.335,-0.262,-1.048
2913,0.655,1.281,-1.328,0.122,-0.467
2914,1.355,0.192,-0.779,1.156,-1.049
2915,1.789,-1.067,2.001,-1.388,-0.326
2916,-0.099,0.964,-0.934,0.167,-1.229
2917,1.975,2.319,1.177,-0.784,-1.327
2918,1.615,1.61,0.752,-2.095,1.014
2919,0.555,0.885,-0.047,1.492,-0.252
2920,1.177,0.499,-0.229,-1.251,2.015
2921,-0.131,-0.586,-1.632,-2.421,-1.213
2922,0.362,-1.316,0.45,1.094,-0.553
2923,-1.004,0.483,-0.195,0.267,-0.578
2924,-0.542,0.032,-0.699,0.411,-0.494
2925,0.405,-1.54,-1.085,0.336,0.669
2926,0.138,0.22,1.17,0.238,0.929
2927,-2.005,1.842,-0.712,-0.148,0.183
2928,0.074,1.936,-0.414,0.126,1.231
2929,0.011,-0.418,-0.635,-0.573,-0.648
2930,-0.97,-0.73,1.935,-0.863,-0.167
2931,-0.641,-0.429,-1.021,0.071,-0.384
2932,-0.96,0.89,1.166,1.377,-0.09
2933,-1.346,-2.136,-1.967,-0.822,0.619
2934,-2.585,-0.6,0.233,-0.279,0.843
2935,-0.254,-1.65,0.018,1.487,0.035
2936,1.043,-1.81,-1.038,0.957,0.485
2937,0.857,0.192,-0.797,-0.288,0.84
2938,0.209,-0.956,-1.091,0.578,1.059
2939,-0.346,0.369,1.845,0.267,-0.742
2940,-0.686,-0.054,-0.783,-0.319,-0.244
2941,-0.308,0.435,0.647,0.818,0.053
2942,-1.669,-0.984,0.071,1.309,-0.012
2943,0.573,0.105,-0.177,0.27,-0.296
2944,0.784,-0.925,-0.779,-0.23,-0.487
2945,1.416,-0.602,0.623,0.934,-1.524
2946,-0.889,0.328,0.299,1.33,2.531
2947,1.336,-0.799,1.2,-0.915,0.207
2948,-1.065,-1.414,-0.972,-0.945,-0.227
2949,-0.294,0.95,0.759,0.545,-0.334
2950,0.388,0.512,1.418,-0.187,0.363
2951,1.526,0.325,-3.326,-0.632,1.294
2952,0.46,1.15,-0.077,0.489,0.409
2953,0.274,-0.023,-0.849,1.039,0.387
2954,0.258,-0.525,-0.897,-1.176,-1.68
2955,-0.251,0.028,0.314,0.089,0.833
2956,1.029,-0.194,0.46,0.81,-1.077
2957,-0.416,0.352,0.76,0.454,0.997
2958,0.543,0.038,-1.248,-2.483,1.047
2959,1.411,0.604,-0.548,0.758,-0.191
2960,-1.381,-1.57,0.591,0.432,0.163
2961,0.71,-0.28,0.111,0.445,0.002
2962,-0.117,0.253,0.33,-0.055,-0.133
2963,-1.633,0.573,0.459,-0.554,0.203
2964,-0.474,0.082,-1.05,0.086,0.422
2965,-0.88,0.7,0.18,-0.453,0.012
2966,0.735,-0.624,-0.148,-1.196,-0.341
2967,-0.317,-1.508,-1.116,0.554,-1.303
2968,-1.194,0.121,0.281,-0.28,0.113
2969,0.016,0.12,0.328,1.417,-0.963
2970,0.069,0.714,0.368,0.268,0.654
2971,-0.982,-0.244,-0.608,0.486,0.073
2972,0.688,0.416,0.673,-1.085,-1.136
2973,0.071,-0.773,-0.024,-1.048,0.893
2974,-1.049,1.126,1.653,-1.512,-0.253
2975,-0.823,-0.088,-2.136,-0.659,-0.506
2976,0.041,0.791,-0.264,0.188,-0.04
2977,-0.475,0.135,-0.868,0.368,-0.187
2978,-0.962,0.681,-0.212,0.375,0.532
2979,-0.263,0.14,0.277,-0.784,2.014
2980,1.42,1.509,-1.092,-0.344,-1.058
2981,0.76,0.627,-0.711,0.572,-0.07
2982,0.236,1.268,-1.012,-0.825,-0.27
2983,-1.299,-0.767,-0.348,-0.296,-0.423
2984,-0.089,-1.37,-0.878,1.466,-0.897
2985,0.745,0.715,-0.277,0.091,-0.738
2986,0.795,-0.814,0.735,-1.496,-0.451
2987,-0.073,0.505,-1.77,0.305,1.465
2988,0.002,-0.413,0.467,-1.339,-0.485
2989,0.176,-0.001,0.916,-0.472,-1.917
2990,-0.425,-0.177,-0.149,-0.319,0.907
2991,-1.054,0.697,0.199,-0.746,-0.937
2992,-0.45,0.143,0.789,-1.248,0.345
2993,-1.788,-1.795,0.642,0.092,0.994
2994,1.73,0.7,0.798,0.846,1.274
2995,-0.19,0.74,1.437,0.905,0.42
2996,0.549,-1.427,0.248,-0.277,0.752
2997,-0.063,0.738,0.031,-0.65,-0.598
2998,-0.747,0.711,1.819,0.491,-0.113
2999,0.895,0.291,-0.716,-1.142,1.086
3000,0.455,-0.678,1.358,-0.337,0.809
3001,-1.171,-0.8,0.068,1.275,0.052
3002,-0.388,-0.373,-1.219,-1.03,-0.221
3003,-0.016,1.074,-0.543,0.134,-0.796
3004,1.628,-0.877,-0.261,-0.327,0.597
3005,1.037,2.033,-0.257,0.812,1.087
3006,1.52,-0.907,-0.833,0.084,-0.905
3007,-0.086,0.028,1.305,0.958,-0.576
3008,-2.766,0.612,0.808,-1.257,-1.459
3009,0.084,-0.039,0.688,1.945,-0.656
3010,-0.366,-0.373,-2.224,1.31,-0.245
3011,1.976,-0.96,0.91,0.143,-0.142
3012,-0.28,0.778,-0.317,0.946,0.401
3013,-0.674,-1.362,1.078,0.542,0.455
3014,-2.169,0.208,0.831,0.09,0.02
3015,0.231,-0.89,0.222,1.024,0.049
3016,0.322,1.413,1.734,0.394,0.765
3017,1.448,-1.335,-0.582,-0.016,1.041
3018,-0.06,-0.878,-1.265,-0.141,-0.118
3019,0.305,1.568,1.228,-0.947,-0.455
3020,1.316,-2.571,-1.427,-0.137,0.497
3021,0.556,-3.38,-0.05,0.137,0.828
3022,1.126,1.35,-0.415,0.45,-0.577
3023,-0.055,0.135,-0.223,0.7,0.024
3024,-0.191,-0.692,-0.142,0.961,-0.011
3025,0.587,0.093,-2.048,-0.818,-0.135
3026,0.618,-0.348,1.159,0.961,0.048
3027,1.232,-1.264,0.614,1.297,1.072
3028,-0.172,-1.302,1.221,0.372,-1.698
3029,0.39,-2.16,-0.762,1.425,-0.597
3030,1.481,-0.755,0.16,1.324,0.454
3031,1.323,2.281,-1.942,-0.532,-0.541
3032,-0.743,0.111,-0.699,-1.569,1.678
3033,0.861,-1.572,-2.094,-1.884,3.362
3034,-0.564,-0.804,-0.243,1.615,-2.16
3035,0.077,-0.911,0.209,-1.852,1.174
3036,-0.749,-1.151,0.02,1.167,-2.297
3037,0.56,-1.088,-0.691,0.489,0.975
3038,0.522,0.725,-1.025,-0.514,0.183
3039,-0.156,-1.96,-0.438,0.146,0.25
3040,-0.449,0.587,-0.704,0.633,-0.103
3041,-0.293,-1.268,-0.134,0.498,0.16
3042,-0.615,-0.126,-0.201,-1.753,0.338
3043,0.281,0.612,0.215,0.024,-1.509
3044,-0.737,0.857,0.514,0.142,-0.61
3045,1.347,-1.048,0.863,-0.597,-0.933
3046,0.667,-0.56,-0.733,2.158,0.873
3047,1.133,-0.547,-0.275,-0.342,-0.199
3048,1.094,-0.143,-0.799,-0.242,-0.089
3049,0.561,-0.794,-0.414,-0.425,-0.173
3050,-0.163,-1.745,-2.011,0.112,0.484
3051,1.721,0.54,-0.222,0.921,0.679
3052,-0.056,0.132,-1.32,-0.741,0.781
3053,-0.459,2.866,-0.285,1.758,0.149
3054,0.107,0.977,0.781,-1.138,2.265
3055,-1.391,1.863,-1.394,-0.41,1.273
3056,-1.345,1.761,-0.827,0.664,1.227
3057,-0.626,0.972,-0.83,-0.417,1.179
3058,-0.697,-0.036,-0.535,-0.278,0.403
3059,-0.963,-0.237,-0.724,0.089,1.167
3060,0.046,-0.143,-0.353,-0.113,0.431
3061,-0.685,1.033,0.115,-0.553,0.211
3062,0.545,-0.418,-0.299,0.023,-0.492
3063,-0.886,0.659,1.019,-0.953,1.117
3064,0.457,-2.139,0.203,-1.092,-0.592
3065,-2.04,-1.03,0.567,2.034,-0.229
3066,1.138,0.405,0.836,-0.776,0.852
3067,1.032,1.888,0.568,1.819,-1.652
3068,2.115,1.588,-1.76,0.243,-0.099
3069,0.018,-1.286,0.216,2.175,0.3
3070,0.029,-0.108,-0.139,0.677,-1.845
3071,1.828,-0.107,0.417,0.169,1.539
3072,0.612,-1.379,-0.183,0.292,-1.197
3073,0.335,0.688,0.6,0.571,1.149
3074,-1.269,1.186,-0.344,0.796,-0.082
3075,1.218,-1.87,-1.39,-0.371,0.317
3076,-1.572,1.405,-0.412,0.777,0.131
3077,0.224,-0.38,1.157,-2.361,-1.012
3078,-0.89,1.301,-0.263,0.784,-1.476
3079,-0.766,0.632,-1.113,0.583,-0.387
3080,-0.06,-0.58,-0.723,-0.247,1.087
3081,0.375,0.767,-1.34,-0.242,-0.796
3082,-0.177,-1.353,-0.783,-0.847,-1.017
3083,2.014,-1.469,-0.23,-0.203,1.601
3084,0.742,0.452,0.682,-0.73,0.071
3085,-0.727,-0.255,-2.17,0.074,-1.005
3086,-0.358,-1.247,0.802,1.34,0.748
3087,-1.085,-0.817,-0.81,-1.658,-0.053
3088,-0.022,-0.831,0.294,1.039,-0.116
3089,0.648,-0.88,-0.177,0.255,1.074
3090,-1.235,2.497,-0.545,-1.216,0.84
3091,-0.9,0.96,0.063,0.112,0.392
3092,-0.532,-0.389,0.066,0.154,-0.724
3093,0.359,1.077,-0.623,0.275,0.077
3094,0.333,0.948,-0.891,-2.135,-0.066
3095,-0.434,-0.253,-1.064,-0.692,1.646
3096,0.674,0.247,-0.9,-0.732,1.075
3097,0.82,-1.068,-1.001,-1.996,0.318
3098,-0.669,2.135,-0.339,-0.211,-0.639
3099,2.944,0.966,1.2,0.623,0.459
3100,0.285,-1.294,0.257,-1.101,0.573
3101,-0.335,0.409,0.636,-2.224,-0.538
3102,0.132,1.453,-0.296,-0.183,-0.672
3103,-1.831,-2.195,0.384,0.688,-1.287
3104,-0.807,0.024,-2.743,1.86,-0.174
3105,-0.182,-1.002,-0.265,-1.004,-0.313
3106,1.4,-0.626,-0.763,-0.219,0.195
3107,0.956,0.294,-1.199,-0.001,0.673
3108,-0.463,1.223,0.327,-1.172,2.167
3109,-0.172,-1.059,-0.305,-0.364,-1.595
3110,0.754,-1.124,0.167,1.407,-0.797
3111,0.49,-0.529,-0.515,0.338,-0.242
3112,-0.832,-0.158,0.985,-0.623,0.535
3113,-0.053,-0.003,-0.173,-0.318,1.306
3114,1.049,-0.451,0.027,-1.772,2.006
3115,1.181,-1.01,-0.659,0.212,-1.199
3116,-1.106,-0.085,-1.175,-0.5,-0.927
3117,-0.244,-0.94,0.666,-1.643,-1.443
3118,-1.049,-0.367,-0.118,-1.931,1.214
3119,2.083,-0.591,1.876,-1.308,1.646
3120,0.405,0.224,0.483,-0.931,-1.537
3121,0.443,-0.832,-0.301,0.119,-0.302
3122,-1.251,0.173,-1.716,0.281,0.013
3123,-1.642,0.355,0.676,0.917,-0.143
3124,0.489,0.189,0.912,-0.113,-0.386
3125,0.495,0.67,-0.29,0.124,-0.024
3126,0.279,1.356,0.546,1.363,1.219
3127,0.478,0.161,0.397,0.088,-0.538
3128,-0.091,-1.408,1.026,2.762,-1.474
3129,0.029,2.114,0.352,0.454,0.854
3130,-1.032,-0.629,0.177,1.225,0.648
3131,0.009,-0.266,-0.24,-0.905,-1.493
3132,-0.68,-0.103,0.065,-0.528,0.236
3133,0.673,1.096,-0.842,0.322,-0.384
3134,-1.353,-1.529,-1.24,0.228,0.927
3135,-1.399,-0.319,-0.283,-0.942,-0.566
3136,0.367,0.232,-0.277,1.674,1.122
3137,-0.921,-0.207,-0.256,-0.812,1.078
3138,-0.524,-1.738,0.321,1.189,2.598
3139,-1.015,-0.902,-1.137,-1.535,-1.104
3140,-1.235,1.378,0.433,-0.145,0.376
3141,-0.767,0.71,0.763,0.821,0.005
3142,0.373,1.098,0.969,0.492,0.887
3143,1.405,-2.507,-0.444,0.957,0.345
3144,-0.355,1.081,1.612,0.017,1.213
3145,0.192,-0.313,-0.496,-0.945,2.633
3146,0.062,0.381,-1.069,-1.834,0.225
3147,0.031,-0.826,-0.8,-0.395,1.493
3148,-0.356,-0.074,-1.121,0.766,0.168
3149,0.396,1.227,0.246,1.316,0.658
3150,0.205,0.816,-0.509,0.692,1.875
3151,-1.577,0.43,0.674,1.259,-0.476
3152,0.473,0.954,0.588,-1.519,0.809
3153,1.58,-0.205,1.315,1.178,-0.214
3154,-0.583,1.26,-1.893,-0.183,0.49
3155,-0.24,2.031,-0.657,-0.919,-1.784
3156,1.237,-1.367,1.198,0.944,1.413
3157,-0.234,0.702,0.536,-0.798,2.057
3158,-0.012,-1.411,-0.259,-0.767,-0.06
3159,1.244,1.182,2.064,-1.477,0.11
3160,0.53,-0.806,-1.231,0.957,0.736
3161,-0.436,-0.011,-0.028,-2.279,0.389
3162,0.261,1.681,-1.1,0.883,-0.275
3163,-1.09,-0.238,0.038,2.082,2.015
3164,-0.507,0.289,-1.213,-0.152,-1.116
3165,-0.854,-1.645,-0.799,1.017,-0.688
3166,-1.038,1.155,1.278,-1.776,0.255
3167,-1.011,0.763,0.33,0.807,1.783
3168,-0.273,-1.444,-0.054,-0.145,0.387
3169,-0.525,-0.087,0.445,0.546,-0.964
3170,-1.635,1.012,2.048,0.344,0.709
3171,0.607,1.743,-1.116,0.813,1.87
3172,0.977,-0.571,-0.277,-0.422,-0.944
3173,-0.154,-0.543,-1.321,-1.175,0.281
3174,-0.121,-0.678,-1.606,-0.934,0.435
3175,2.799,-0.808,-1.598,-0.296,0.685
3176,-0.082,1.197,0.237,-0.483,-0.609
3177,0.647,-0.331,-1.072,-0.105,-1.04
3178,-1.508,-0.039,0.005,-1.046,-0.206
3179,0.173,0.634,-1.344,0.356,1.11
3180,-0.638,-0.802,-0.537,-1.235,-0.312
3181,0.382,-1.245,-0.594,-1.962,-0.75
3182,0.961,-1.078,0.029,1.24,-0.568
3183,-0.43,1.721,-0.437,-0.157,0.142
3184,-0.684,2.081,1.001,-0.97,2.079
3185,0.246,-0.702,-0.415,-0.914,0.743
3186,-0.345,-0.354,2.018,0.152,0.415
3187,-0.99,-0.213,1.203,0.59,-1.791
3188,-0.269,-1.752,0.026,-0.512,-0.356
3189,0.617,-0.24,0.873,0.337,0.178
3190,-1.022,-0.342,-0.552,0.461,0.43
3191,-0.627,1.266,0.559,-0.819,-2.216
3192,-1.054,0.397,0.295,1.224,-2.149
3193,-0.264,0.564,-0.513,0.942,0.255
3194,0.001,-1.761,0.606,0.04,0.604
3195,-0.386,-0.183,-0.758,-0.787,-0.38
3196,0.608,-0.444,-0.941,0.587,-0.99
3197,0.077,-0.471,-0.994,0.619,0.656
3198,-0.638,-0.367,0.769,-1.66,-0.884
3199,-0.393,-0.477,1.962,-0.214,-0.536
3200,-0.839,0.376,-0.187,1.124,0.904
3201,0.029,-0.51,0.494,0.524,-1.141
3202,-0.92,-0.117,1.223,0.744,2.046
3203,-2.317,-0.757,-0.275,-1.787,1.379
3204,-0.406,0.144,0.32,1.071,-0.299
3205,0.916,-0.607,0.801,-0.7,2.217
3206,-1.184,1.043,-0.194,0.981,-0.509
3207,-0.557,-0.12,-2.177,-0.56,0.839
3208,-0.653,1.884,1.62,0.534,-0.031
3209,0.188,-0.856,-1.282,0.199,-0.93
3210,0.005,-0.374,-1.132,1.075,0.239
3211,-0.578,-1.449,-0.932,-1.276,0.524
3212,0.803,-1.336,-0.208,0.644,0.767
3213,0.596,-0.38,0.315,-0.61,1.664
3214,0.085,-0.714,-0.562,-0.248,0.295
3215,1.001,-0.47,-0.591,-0.07,-0.268
3216,1.271,-0.309,2.015,-0.58,0.877
3217,-1.725,-0.437,0.469,-0.718,0.041
3218,-1.504,-1.401,-0.381,1.118,-0.879
3219,1.147,-0.107,-1.188,-1.179,0.473
3220,-2.135,0.738,0.011,0.189,1.309
3221,0.173,1.187,-0.768,0.386,1.131
3222,0.998,-1.038,1.456,-1.327,0.143
3223,0.601,-0.821,0.339,0.606,1.563
3224,-0.681,-1.13,0.104,0.393,0.742
3225,-0.256,0.254,-1.735,-0.467,1.368
3226,0.931,-0.974,0.993,0.344,-0.439
3227,0.59,0.76,0.311,0.196,-1.183
3228,-0.874,0.784,-1.401,1.565,1.874
3229,-0.757,-2.113,2.009,-0.11,-0.706
3230,0.844,-0.079,0.034,0.383,-0.321
3231,-0.227,-0.022,0.244,-0.859,-0.364
3232,1.126,0.177,-1.893,-1.687,0.404
3233,-0.627,-0.812,-0.971,-1.354,0.214
3234,1.726,0.427,-0.939,-0.305,-1.751
3235,-0.642,0.264,1.391,-0.13,1.453
3236,1.036,-0.042,0.069,-0.661,0.592
3237,-0.916,0.201,0.153,0.578,0.742
3238,-1.235,-1.41,-1.081,0.548,1.82
3239,1.8,-0.5,0.354,-0.436,0.85
3240,-0.274,-0.411,-0.77,0.042,-0.39
3241,-0.131,1.152,0.861,1.621,0.987
3242,0.771,0.102,0.701,-1.556,-0.759
3243,1.217,-0.816,-0.616,-0.755,-0.023
3244,-1.14,-0.03,0.744,-0.825,-0.911
3245,0.455,-0.119,-0.566,0.106,0.519
3246,1.636,0.819,-0.404,-0.129,-0.371
3247,-0.12,0.902,-1.176,0.151,1.154
3248,-0.241,0.144,0.662,-1.102,0.082
3249,-0.673,-0.325,0.56,0.334,0.203
3250,0.889,0.613,-0.389,-0.318,0.106
3251,-0.004,-0.428,0.287,-1.151,0.421
3252,-0.201,2.185,-0.293,-1.643,-1.569
3253,-1.166,0.335,-0.397,1.67,1.563
3254,0.819,-0.559,-1.083,0.167,0.008
3255,0.629,-1.137,-0.418,0.678,-1.496
3256,-0.797,0.453,1.096,0.632,0.769
3257,-1.449,-0.928,-0.577,0.46,-0.385
3258,-0.618,-1.65,0.52,1.168,-1.038
3259,-1.419,-1.327,0.616,-1.078,-0.92
3260,-1.635,1.564,1.721,1.104,-1.737
3261,0.129,1.799,-0.421,-1.257,0.969
3262,0.082,-0.267,0.885,1.641,1.156
3263,-2.042,2.636,0.518,-0.877,-1.583
3264,-1.338,-0.812,-0.646,0.477,-0.367
3265,-2.105,-1.191,1.232,-1.281,-2.353
3266,1.63,-0.451,-1.047,0.713,-1.888
3267,0.255,0.49,-0.167,-0.834,1.036
3268,-0.174,0.045,-0.339,0.245,-0.486
3269,-0.91,-1.374,0.195,-1.59,0.071
3270,-0.016,-0.588,0.044,0.134,-0.212
3271,-0.649,0.166,-0.335,-1.485,0.274
3272,0.541,-0.708,0.578,1.602,-0.572
3273,-1.616,0.135,-0.026,0.562,-1.119
3274,-0.469,-0.034,-0.659,-0.934,-0.943
3275,-0.195,-0.735,0.52,1.275,-1.127
3276,0.912,-0.046,1.223,-1.276,-2.318
3277,0.116,0.682,-0.24,-1.289,-0.584
3278,-0.287,-0.743,-0.411,1.606,-0.668
3279,1.701,0.9,-0.05,1.263,-0.462
3280,0.597,0.646,1.288,0.457,0.452
3281,0.002,0.332,-1.626,0.277,0.623
3282,-0.906,1.709,-0.876,-0.754,0.221
3283,0.489,1.008,-1.052,1.028,1.21
3284,-0.037,-1.55,-0.449,0.468,0.164
3285,1.355,-1.522,0.58,-1.606,-0.259
3286,-0.363,-1.608,-0.304,-0.287,-0.572
3287,-0.615,-0.23,0.786,0.718,1.985
3288,2.559,0.577,-0.53,1.236,-0.213
3289,1.508,-2.147,0.099,-0.48,-1.883
3290,-1.364,0.535,-0.209,-0.824,-0.606
3291,-2.34,-0.415,-1.529,0.308,-0.751
3292,0.973,1.135,0.087,-1.54,0.394
3293,0.314,0.603,0.427,-0.704,-0.262
3294,0.803,0.12,-1.073,0.543,0.415
3295,1.474,-0.332,1.155,-1.479,-0.298
3296,-0.408,-1.174,-0.453,1.824,1.479
3297,-1.002,-0.066,0.178,1.959,0.291
3298,-0.396,0.026,0.356,1.581,-0.364
3299,0.589,0.503,0.03,-0.008,0.318
3300,0.928,0.455,-0.392,-1.919,0.356
3301,0.717,-0.225,-0.155,-0.187,1.436
3302,1.266,-2.521,0.768,-2.292,-0.137
3303,-1.911,3.152,2.103,0.386,1.2
3304,1.029,-0.639,0.01,-0.211,0.676
3305,1.226,-1.387,-0.612,0.532,-0.746
3306,1.299,-0.974,0.744,0.447,0.363
3307,-0.262,0.34,2.254,0.779,0.684
3308,-1.888,1.777,-0.947,-1.334,-0.321
3309,0.123,1.588,0.789,0.393,-0.508
3310,-1.315,-0.897,-1.093,0.944,-0.796
3311,0.464,0.129,-0.215,-0.889,-0.295
3312,-0.135,0.017,0.951,0.48,0.546
3313,-0.329,-0.385,-1.178,-2.192,0.736
3314,-1.298,1.293,-0.379,1.96,-0.048
3315,-0.5,0.251,-1.559,-1.962,-0.466
3316,0.85,-0.735,-0.744,-0.755,-0.485
3317,0.159,-1.797,-0.918,-0.618,-0.797
3318,-0.677,-0.848,-1.292,0.69,-0.455
3319,-0.004,0.491,-0.751,0.721,1.577
3320,-0.498,0.953,-0.116,-0.226,0.005
3321,0.331,-0.383,-0.09,1.215,-0.983
3322,0.022,0.143,0.465,0.813,-0.209
3323,-0.577,0.183,0.397,0.053,0.388
3324,0.83,0.863,0.905,0.732,1.02
3325,-0.639,-1.221,-2.062,-0.13,-1.037
3326,0.957,-2.242,0.261,1.436,0.721
3327,-0.624,-2.05,1.612,-0.699,1.732
3328,0.946,-0.478,0.107,-1.28,0.562
3329,-1.205,-0.683,-1.083,1.2,0.571
3330,0.406,0.344,-0.677,-0.683,-0.078
3331,2.224,-0.168,0.418,-1.439,-0.138
3332,1.017,-0.347,-0.068,-1.649,1.297
3333,-1.232,-0.083,0.787,0.197,-1.512
3334,-0.186,1.053,0.135,-0.996,0.576
3335,1.409,2.078,0.155,-0.664,0.601
3336,1.266,-0.267,-0.217,-0.744,-1.123
3337,1.327,-0.719,2.526,-1.305,-1.152
3338,-2.172,1.245,0.444,0.898,-1.472
3339,-1.38,-0.055,1.413,-1.847,1.178
3340,-0.322,-0.055,-0.385,-0.701,-0.016
3341,-2.09,-0.336,-0.603,0.093,-0.663
3342,0.13,0.87,0.53,-0.41,-0.463
3343,-0.748,-0.593,1.339,-0.175,1.468
3344,1.951,-0.573,0.789,-2.275,-0.226
3345,1.415,0.364,0.376,0.552,1.287
3346,0.318,1.086,0.097,1.721,0.259
3347,1.17,-0.486,0.429,-1.714,1.406
3348,1.052,-1.645,0.41,-1.758,-0.906
3349,0.278,-0.838,1.522,-0.534,-1.921
3350,0.56,0.161,-1.601,0.18,-0.393
3351,-0.72,0.39,-0.406,0.164,-1.867
3352,-1.662,-0.438,0.106,2.238,-1.122
3353,2.557,-1.204,2.088,0.156,-1.144
3354,1.331,-0.629,-0.375,-0.089,-0.335
3355,-1.456,-0.021,-1.127,-1.76,0.761
3356,-0.968,-2.142,-0.398,-1.015,0.671
3357,0.981,0.473,-0.021,-1.018,-0.218
3358,0.518,0.096,-1.056,-0.695,-0.415
3359,0.787,-1.31,-0.691,-0.154,-1.452
3360,0.897,-0.384,0.706,-0.148,0.501
3361,1.003,-0.085,-0.993,1.224,0.04
3362,0.26,1.06,1.183,-0.131,-1.24
3363,-0.452,-0.517,-2.226,0.205,0.856
3364,-1.517,-0.457,-0.8,-3.55,0.836
3365,0.975,1.104,0.183,-0.492,-0.29
3366,0.842,0.338,0.272,0.556,0.645
3367,0.144,1.575,-0.208,-1.331,0.595
3368,-0.773,-1.65,0.551,-0.33,0.063
3369,-0.291,-1.517,-0.14,-1.378,0.64
3370,0.168,0.002,-1.723,0.359,0.56
3371,-0.135,-0.254,-0.785,1.241,-2.17
3372,0.641,0.004,-0.616,-0.178,-1.208
3373,0.014,-1.324,0.266,0.079,-0.451
3374,0.016,-1.318,0.465,-0.45,0.979
3375,1.636,1.024,-0.477,-0.554,-0.306
3376,1.722,1.025,-0.592,0.393,-0.201
3377,0.147,-2.333,0.167,-1.52,1.753
3378,0.472,-0.568,1.568,-0.426,-1.469
3379,0.098,0.564,2.18,-0.077,0.821
3380,0.677,-0.507,0.607,-0.274,0.487
3381,0.299,1.601,-2.221,0.062,0.259
3382,-1.38,0.145,0.864,-1.439,-0.029
3383,-0.001,1.674,0.747,0.383,1.622
3384,0.363,1.742,0.949,-0.558,1.232
3385,-0.233,-1.772,1.965,-0.701,0.289
3386,2.315,-0.626,-1.869,-0.887,-0.141
3387,1.546,0.11,-1.053,-0.779,1.096
3388,0.241,-0.177,1.14,-0.809,1.077
3389,0.819,-0.597,-0.453,-0.764,0.412
3390,0.025,1.021,-1.539,-1.487,0.1
3391,-1.886,-0.488,1.544,0.313,0.198
3392,-0.192,0.712,0.01,0.127,-2.016
3393,-3.026,-1.024,0.707,-0.143,-1.521
3394,-2.152,1.01,-2.022,0.188,1.679
3395,0.67,-0.248,-2.062,-0.791,1.198
3396,-0.969,0.87,-0.408,0.717,-0.6
3397,-0.485,-0.187,0.372,-0.459,-1.404
3398,-0.603,0.525,-1.204,1.348,1.263
3399,-0.444,0.122,-0.759,1.143,-1.783
3400,0.098,0.598,-0.179,0.141,-0.479
3401,0.324,1.717,0.197,1.379,0.702
3402,0.213,-1.225,-1.104,0.28,0.567
3403,-1.527,-0.056,-0.605,-1.635,-1.502
3404,-0.337,-0.541,-0.002,-0.401,-0.797
3405,0.903,0.965,0.395,0.507,-0.547
3406,0.462,1.673,-1.752,0.872,-0.373
3407,-0.618,-0.587,-1.953,-1.301,-0.01
3408,-0.821,0.765,-1.473,-0.017,0.781
3409,-2.083,0.321,0.066,-0.697,-1.337
3410,0.509,0.28,-0.21,-0.998,-0.946
3411,0.638,1.468,-0.689,-1.408,-0.098
3412,-0.022,1.513,0.298,-0.515,0.18
3413,1.773,-0.24,0.294,0.239,0.191
3414,-2.185,1.521,-0.906,-0.125,0.575
3415,-1.72,-0.05,-0.001,1.825,-0.546
3416,0.562,-0.043,0.801,-1.252,0.559
3417,0.529,0.299,-0.129,1.383,-0.423
3418,0.295,0.045,0.909,-0.875,-0.153
3419,0.519,0.888,0.912,-0.673,-2.34
3420,0.134,0.488,-1.192,0.6,0.999
3421,0.292,-0.613,0.4,-0.369,-1.197
3422,1.752,2.104,0.508,-1.506,-1.09
3423,-0.131,-0.381,-0.233,1.77,-0.306
3424,0.303,-0.208,1.415,-0.663,-1.008
3425,-0.092,1.221,0.612,0.691,-0.358
3426,-0.379,0.527,-1.426,-0.698,-0.585
3427,-0.735,-0.434,0.19,0.692,0.037
3428,0.998,0.962,-1.18,3.467,0.264
3429,1.234,-0.221,0.006,-0.893,-0.471
3430,1.916,0.431,0.509,-0.364,1.86
3431,-1.643,0.909,-0.259,0.319,-0.521
3432,0.349,1.558,0.235,-0.905,-0.565
3433,0.036,-1.441,-0.703,-0.776,0.989
3434,0.586,-0.16,-1.79,0.055,-0.492
3435,-2.483,-1.343,-0.766,0.551,1.286
3436,-0.131,1.485,-1.563,0.904,1.314
3437,1.01,-0.478,2.07,0.58,1.93
3438,-0.712,-0.762,0.126,-0.438,-0.733
3439,-1.239,0.087,-1.499,1.028,-0.559
3440,-1.745,0.306,1.278,0.714,-0.235
3441,-1.394,-0.385,0.082,0.74,-1.345
3442,-1.166,-0.591,-0.863,1.863,-0.74
3443,-1.401,1.295,0.846,1.122,0.473
3444,-1.423,0.823,0.298,-0.639,0.873
3445,-0.383,1.214,-0.137,-0.778,1.315
3446,0.21,0.528,0.876,-0.997,1.165
3447,-0.758,0.764,0.735,1.078,0.028
3448,-0.026,-1.695,0.6,-0.998,-0.636
3449,-0.177,0.369,0.874,-0.589,-1.936
3450,-1.349,-0.883,-0.013,-0.447,-1.477
3451,0.644,1.649,-3.394,1.973,-0.554
3452,0.997,0.187,0.454,0.242,-1.011
3453,0.66,0.461,-0.991,-1.434,1.421
3454,-0.508,-0.069,-0.793,-0.501,0.899
3455,-1.867,1.592,-1.134,0.504,-0.595
3456,1.653,-0.36,-0.1,-1.511,-1.288
3457,-0.604,1.109,0.073,-1.851,0.828
3458,1.013,-0.245,-0.329,1.039,-0.547
3459,0.49,-0.374,-0.543,1.692,-0.909
3460,-0.301,0.452,0.467,-1.05,-0.022
3461,0.105,-1.751,0.703,0.32,-0.411
3462,2.228,-1.619,-0.696,-1.148,0.445
3463,1.691,0.148,-0.509,-1.048,1.844
3464,-0.443,-2.199,1.018,-0.079,-0.174
3465,-0.883,-1.515,2.39,-1.092,0.876
3466,-1.083,1.308,-0.091,0.654,0.574
3467,0.369,1.369,0.138,-1.933,0.089
3468,-0.298,-0.49,-0.72,-0.167,0.539
3469,-0.071,0.646,0.275,1.367,-1.803
3470,-0.334,0.468,-0.265,0.209,0.093
3471,0.737,-1.043,0.267,0.309,0.404
3472,-0.337,-0.286,-1.029,0.807,-0.819
3473,1.739,-0.972,0.202,-0.36,-0.214
3474,-1.999,-0.409,2.082,-1.886,0.834
3475,-0.839,1.576,1.003,1.518,1.774
3476,-0.258,-0.256,0.898,0.667,0.141
3477,0.297,0.003,1.222,-0.977,0.454
3478,0.79,0.803,-0.079,-0.393,-0.629
3479,-1.175,0.264,-1.35,-0.382,-0.181
3480,1.443,1.253,1.536,0.21,0.128
3481,-0.071,-1.169,-0.034,-0.247,0.108
3482,-0.086,-0.304,-0.154,0.136,0.472
3483,-0.516,-1.206,1.043,-0.265,-0.714
3484,-0.587,1.145,0.604,-0.122,-0.134
3485,1.097,0.132,1.086,0.373,0.295
3486,-0.058,1.545,1.078,-1.059,0.029
3487,0.926,0.865,-0.447,-1.42,-0.395
3488,0.53,-0.221,-0.319,0.363,-0.434
3489,-0.337,0.499,-0.246,-0.006,-0.194
3490,0.229,-1.922,-0.076,-0.824,0.135
3491,0.755,0.247,0.088,-0.105,0.982
3492,-1.904,-0.949,0.27,0.093,-0.837
3493,-0.479,-1.385,-1.221,-0.786,0.291
3494,-1.571,-0.089,-1.126,1.797,0.201
3495,-0.759,0.399,-0.48,0.583,0.633
3496,0.479,-0.458,1.209,-1.709,-1.421
3497,1.469,1.858,-1.003,0.119,1.77
3498,0.86,0.136,-0.977,0.81,-1.327
3499,0.471,0.955,2.4,0.227,-1.506
3500,0.119,0.337,-0.283,0.002,-0.623
3501,-1.209,-0.328,1.394,0.004,0.584
3502,0.02,0.238,0.011,1.147,0.742
3503,-0.537,1.232,0.717,-1.484,-0.211
3504,-0.586,-0.38,1.727,-0.484,0.533
3505,-0.909,-0.313,-0.408,0.743,0.048
3506,0.626,-0.785,0.669,0.813,1.101
3507,0.28,-2.132,0.248,0.709,-0.692
3508,0.297,3.487,0.828,1.492,-0.809
3509,0.2,-0.166,2.245,1.956,-0.801
3510,0.581,-0.547,-2.071,0.259,-0.171
3511,0.772,0.271,0.014,1.333,0.485
3512,-0.837,-1.326,0.462,-1.22,-0.733
3513,0.512,-0.931,1.76,0.584,1.369
3514,-1.261,0.152,-1.342,-0.424,-0.181
3515,0.981,0.976,-0.936,0.711,0.457
3516,1.697,-0.248,0.173,1.266,-0.654
3517,-0.145,-0.176,0.611,-0.556,-0.143
3518,0.09,-1.621,0.37,-0.288,0.532
3519,0.009,0.49,-0.105,-0.616,-0.012
3520,0.099,-0.001,-0.289,-0.712,0.811
3521,-1.357,2.638,-0.274,-0.167,0.625
3522,1.155,-0.905,-0.977,1.317,0.151
3523,-0.678,-0.332,0.676,0.097,-0.022
3524,1.634,1.137,0.015,0.35,1.472
3525,-0.835,-0.494,0.563,-1.55,-1.175
3526,0.585,1.092,-1.183,1.011,-1.672
3527,-0.197,0.089,-0.305,-0.16,0.526
3528,0.367,-1.903,-0.944,1.216,1.375
3529,0.361,0.165,0.285,0.615,0.141
3530,2.054,-0.814,1.541,0.921,0.608
3531,-0.543,-0.48,-1.031,-0.148,0.087
3532,-0.594,1.685,-0.685,-0.427,0.533
3533,0.055,-0.256,0.372,-0.51,-0.134
3534,-1.84,-0.745,-1.557,0.24,0.196
3535,0.75,-1.201,-0.402,1.075,-0.242
3536,-0.244,1.094,1.377,1.8,-0.9
3537,2.344,-0.393,-0.956,1.735,-0.846
3538,2.76,0.15,0.126,0.624,-0.659
3539,1.361,-0.785,0.265,0.071,1.728
3540,-0.511,-0.738,0.376,-0.148,0.207
3541,-0.122,0.886,0.514,-1.203,-0.755
3542,1.116,-0.043,1.26,0.156,-1.643
3543,-0.696,0.595,1.709,1.966,0.102
3544,-0.189,-0.307,-0.624,0.823,-0.303
3545,2.129,-1.365,-0.583,1.458,-1.589
3546,-1.321,-0.19,-0.103,0.909,-0.632
3547,-0.145,0.26,1.75,-0.247,-0.926
3548,-0.26,-1.784,1.098,-0.849,-0.33
3549,-0.344,0.019,-0.195,-1.765,0.121
3550,0.189,0.565,-0.444,-0.413,0.054
3551,0.189,0.543,-0.039,0.046,-0.224
3552,-1.353,-1.007,-1.599,0.322,0.952
3553,0.247,-0.654,-0.066,0.225,-1.03
3554,-0.047,1.227,-1.08,-0.313,0.581
3555,-0.88,-0.125,1.3,0.43,0.224
3556,-0.91,1.784,-0.557,-0.035,-0.677
3557,-1.242,-0.335,-0.099,0.604,-0.56
3558,-1.58,-1.508,-0.866,0.885,-0.699
3559,0.954,0.341,0.854,-1.09,0.896
3560,-0.658,1.621,0.881,-1.905,-0.423
3561,-0.913,-1.21,-0.139,0.463,-1.119
3562,0.209,0.032,-0.405,-0.07,0.524
3563,0.082,0.923,0.269,-1.204,0.652
3564,-0.408,-0.25,-0.023,-1.138,1.026
3565,0.158,1.388,0.861,1.192,1.241
3566,-0.858,1.356,1.242,-0.149,-0.941
3567,-1.316,-1.068,-1.834,0.923,-0.861
3568,-0.241,2.22,-1.005,1.249,-2.02
3569,-0.171,-0.335,0.629,1.095,-2.148
3570,0.128,0.664,-1.386,-0.195,-0.356
3571,0.04,1.09,-0.855,0.865,-1.005
3572,-1.336,-0.012,-1.128,1.567,0.693
3573,0.207,0.7,-1.225,-0.868,-0.921
3574,0.37,0.924,1.271,0.925,0.493
3575,0.216,0.88,-0.413,0.249,-0.548
3576,-2.201,-0.647,0.094,-0.223,0.273
3577,-0.634,-2.385,-1.116,0.279,-1.004
3578,-1.889,0.617,1.519,1.361,0.412
3579,1.549,-0.396,0.889,-0.444,0.284
3580,-2.184,0.188,1.363,1.746,0.04
3581,-0.102,0.452,-0.552,0.331,-1.24
3582,0.569,-1.427,-0.203,-0.089,0.047
3583,0.553,-0.318,1.539,0.531,1.136
3584,0.477,1.631,1.37,-0.675,-1.039
3585,-0.508,0.952,-0.861,0.355,1.817
3586,1.216,-0.239,0.076,-1.165,0.782
3587,0.514,-0.63,-0.456,-0.021,-0.82
3588,0.392,-0.283,-1.225,-1.649,-0.339
3589,-1.545,2.255,0.211,0.786,0.207
3590,0.48,-0.346,-0.964,-0.268,0.982
3591,1.572,0.327,0.582,0.349,-1.201
3592,0.543,-1.058,-0.969,0.5,-0.106
3593,-1.473,0.741,-0.982,-0.138,1.455
3594,0.01,-0.089,1.573,1.481,1.731
3595,0.716,0.173,0.761,0.096,1.838
3596,1.509,1.599,-1.497,0.635,1.081
3597,-0.644,1.196,0.31,1.721,-0.151
3598,0.616,-0.221,-0.482,0.498,1.364
3599,1.298,1.196,-0.305,-1.91,0.543
3600,-0.232,1.136,-1.126,-1.759,1.111
3601,1.891,0.174,0.677,1.746,-0.934
3602,0.498,0.865,-0.294,-1.37,1.765
3603,-0.809,-0.127,-0.415,-1.858,-1.269
3604,0.018,-0.381,-1.464,-2.974,-1.592
3605,-0.484,-0.516,-0.333,-0.819,-0.96
3606,0.43,1.432,-2.19,-0.081,-0.097
3607,-0.267,-0.27,-0.089,1.166,0.603
3608,-0.537,-0.532,-0.076,-1.77,0.35
3609,1.194,0.539,2.487,-0.373,0.357
3610,0.217,0.263,-1.517,0.048,-0.635
3611,-0.336,2.574,0.824,2.285,0.2
3612,1.568,-2.296,-0.539,-1.543,0.595
3613,-1.51,0.371,-0.26,0.75,-0.025
3614,1.76,1.272,1.071,1.082,0.185
3615,-1.656,0.591,-0.031,0.621,-0.769
3616,-1.039,0.858,1.116,-0.498,0.478
3617,0.985,-0.473,-0.272,0.312,-1.255
3618,-1.402,0.081,-0.6,-0.476,0.827
3619,-0.94,0.718,-0.239,-0.427,0.356
3620,0.994,-1.079,0.519,-0.799,-0.557
3621,-0.348,2.221,-0.048,0.354,-1.15
3622,-1.329,0.432,2.08,1.497,0.145
3623,-0.023,-1.81,0.371,0.481,-0.672
3624,-0.346,1.021,2.19,1.154,1.298
3625,1.391,-1.329,-1.275,-0.73,-0.204
3626,-1.05,-0.534,0.337,-1.782,0.136
3627,-1.059,0.286,1.237,0.007,1.241
3628,-0.365,0.354,0.492,-2.301,-1.24
3629,0.285,0.685,1.253,1.381,1.606
3630,0.537,0.995,0.447,-0.48,-0.611
3631,0.254,0.668,0.399,-0.424,-0.836
3632,-2.761,1.614,-0.652,-0.223,0.553
3633,-1.067,0.749,0.368,2.369,-0.992
3634,-0.772,-0.112,1.354,-0.839,0.101
3635,0.27,0.323,-0.993,-0.565,-1.32
3636,1.704,-0.54,-0.263,-0.261,-0.519
3637,-0.244,-1.397,0.348,0.677,0.133
3638,-0.857,0.47,-0.041,1.052,0.121
3639,0.79,-2.8,0.511,0.392,-0.486
3640,-1.028,-0.399,0.723,2.052,-0.16
3641,1.182,0.166,0.01,0.067,-1.607
3642,-0.537,-0.637,-2.543,-1.725,1.326
3643,-2.171,-0.741,-0.264,-0.112,-0.338
3644,0.083,-0.928,-0.456,-0.705,-0.934
3645,1.147,0.938,-2.113,-1.67,1.409
3646,-0.587,0.516,-0.406,0.793,-0.71
3647,-0.281,-0.159,-0.285,-0.695,-0.229
3648,1.338,0.308,0.328,-0.515,-0.794
3649,-0.986,-1.005,-0.338,-0.5,0.942
3650,0.559,0.798,1.054,-1.037,0.888
3651,1.855,-0.516,-2.512,-0.35,0.936
3652,-1.192,-3.002,0.126,0.877,-0.686
3653,0.135,-3.043,0.48,-0.161,0.315
3654,0.441,0.313,-0.439,0.757,2.172
3655,-0.025,-1.225,-0.197,0.441,-0.861
3656,1.044,-0.545,-0.525,0.771,1.503
3657,0.444,1.094,1.017,0.194,1.1
3658,0.516,-0.254,0.763,0.397,0.601
3659,-1.702,-0.345,1.106,-0.391,-1.755
3660,-0.216,-0.472,-0.961,2.357,-0.37
3661,0.637,0.335,-0.842,0.522,-1.471
3662,0.811,0.931,-1.282,-0.511,-0.87
3663,-1.61,0.737,-0.87,-1.309,-0.561
3664,-0.142,-0.817,2.297,-0.787,0.362
3665,-0.137,0.765,0.282,2.834,1.008
3666,0.131,0.672,1.308,0.437,-0.793
3667,-2.143,0.442,-0.935,-0.463,-0.861
3668,0.204,1.264,0.012,1.62,-0.324
3669,0.503,0.74,0.251,-0.348,0.477
3670,-0.988,0.965,-0.296,-0.311,0.051
3671,0.999,-0.407,-0.183,-2.212,-0.143
3672,0.985,0.849,-0.739,-0.657,0.895
3673,-0.011,-0.169,0.842,1.573,-0.281
3674,-0.859,1.533,-2.418,-0.183,-0.13
3675,0.885,-1.573,-1.172,0.741,-0.25
3676,0.628,-0.339,-1.399,1.016,0.615
3677,-2.691,0.651,-0.55,-0.313,1.014
3678,0.636,-1.405,0.91,-0.426,0.881
3679,-1.994,-0.71,0.966,-0.45,-0.117
3680,-0.127,-0.229,-1.455,0.173,-0.094
3681,-1.481,1.069,0.678,-0.127,-0.274
3682,0.189,0.43,-0.958,1.076,-0.783
3683,-0.739,-0.432,0.368,-1.651,0.714
3684,-0.078,0.393,-0.272,0.789,0.343
3685,-0.364,-0.972,0.924,0.198,0.599
3686,-2.036,-0.871,-0.536,-0.074,-0.915
3687,0.76,-0.353,1.117,0.078,0.686
3688,1.967,0.274,-0.931,0.581,-0.424
3689,-1.439,-0.103,-0.836,1.047,0.926
3690,0.087,-1.112,-0.706,-1.47,0.142
3691,-0.034,-0.715,-0.312,-0.919,-0.635
3692,-0.385,-2.01,0.037,0.047,0.399
3693,0.359,0.03,0.067,-0.935,-0.348
3694,0.814,0.066,-0.718,0.239,-2.287
3695,0.912,-0.767,0.908,-0.978,0.848
3696,-1.357,-1.017,0.107,0.181,-1.803
3697,0.462,-0.794,-1.104,-0.407,-1.013
3698,-1.035,-0.116,0.743,1.127,0.681
3699,1.607,0.384,-0.205,-0.655,-0.152
3700,-1.003,-0.172,-0.594,-1.784,0.892
3701,-0.198,0.619,0.055,0.004,-0.592
3702,0.136,1.265,2.394,-0.852,-1.445
3703,0.955,-0.191,-0.647,0.225,-0.425
3704,0.691,-1.776,-0.989,0.224,0.979
3705,-2.286,1.096,1.59,-0.497,-2.879
3706,0.502,-0.046,-1.325,-1.744,0.678
3707,0.427,-1.958,-1.011,0.86,-0.679
3708,-0.15,-0.188,-0.409,-0.375,-0.304
3709,0.186,-0.495,0.025,1.51,-0.443
3710,0.744,-0.51,0.87,-1.487,0.073
3711,0.389,-0.489,0.698,-0.126,-0.528
3712,1.455,-1.827,0.763,-2.168,-1.03
3713,0.624,-0.229,-0.153,0.395,-1.1
3714,1.144,0.935,-0.569,0.577,-0.272
3715,-1.244,1.394,2.552,1.448,-0.165
3716,-0.492,-2.08,1.74,-0.276,0.393
3717,-2.001,-0.526,0.312,0.229,0.014
3718,1.493,-0.742,-0.277,0.019,-0.901
3719,-0.277,1.233,-0.111,0.698,0.081
3720,-1.204,-1.307,0.53,-0.777,-1.359
3721,0.217,-0.592,0.074,0.682,-1.204
3722,-0.46,-0.306,-1.173,-0.444,0.954
3723,0.342,-0.5,1.547,-1.765,0.089
3724,-0.501,1.436,0.112,0.931,-0.005
3725,-0.207,-0.56,-0.072,-0.056,1.162
3726,0.58,-1.593,0.362,0.662,0.35
3727,0.113,-0.444,2.153,-0.542,1.587
3728,0.083,0.779,1.663,0.052,-0.303
3729,0.159,0.276,1.106,-0.401,0.814
3730,-0.392,1.48,-0.942,-0.296,1.194
3731,0.878,-1.546,-1.456,0.541,-0.159
3732,0.38,-0.844,0.005,-0.935,-0.022
3733,-0.337,0.671,-2.034,0.58,-0.515
3734,-0.762,-0.46,0.423,0.069,-0.711
3735,0.076,0.365,-0.038,0.624,-0.922
3736,0.778,0.864,0.341,-0.771,0.598
3737,0.038,-0.054,-0.03,0.506,0.222
3738,0.595,0.773,-0.845,0.21,0.223
3739,-0.407,0.266,-1.55,-0.215,0.644
3740,-1.782,0.263,-1.292,-1.03,-2.101
3741,-0.905,-1.136,1.53,0.286,0.676
3742,-0.611,0.062,-0.236,-2.398,-0.698
3743,-0.148,0.02,1.691,-1.171,0.73
3744,0.95,1.622,-0.06,-0.08,0.156
3745,0.467,0.592,0.209,-0.266,0.886
3746,0.054,-0.631,2.538,-0.872,-0.287
3747,0.591,1.898,-0.042,-0.274,-2.347
3748,0.947,0.205,0.853,-1.186,-1.684
3749,-0.528,-0.102,-0.474,-0.67,-0.85
3750,0.775,-1.845,-1.114,0.22,-1.791
3751,0.753,0.013,0.583,1.161,-0.741
3752,0.282,0.219,-1.45,-0.761,-0.364
3753,0.014,-1.164,0.042,0.282,0.342
3754,-2.442,-0.258,-2.23,1.044,0.721
3755,1.247,0.651,-0.553,-1.399,0.063
3756,1.262,-0.128,-1.839,-0.256,1.083
3757,-1.193,-0.071,1.599,-0.395,0.825
3758,0.144,-0.499,-0.383,1.123,-0.607
3759,0.809,0.5,0.306,-0.984,-1.069
3760,2.597,0.268,1.021,-1.362,-1.387
3761,1.729,1.007,-0.103,0.09,1.717
3762,0.252,0.041,-0.341,-0.599,0.341
3763,0.747,1.754,-0.727,1.639,-0.421
3764,1.813,-0.466,-1.15,0.218,0.398
3765,-1.746,-0.921,0.522,1.637,-0.843
3766,-1.198,-0.88,-0.717,-0.795,-0.732
3767,2.176,1.943,1.152,-0.101,-1.047
3768,-1.448,0.02,1.281,0.002,0.522
3769,-0.142,1.225,-0.056,0.538,1.293
3770,-0.336,-0.023,-0.848,1.256,0.333
3771,0.409,1.193,-0.064,-0.478,-2.311
3772,0.678,0.742,-1.233,2.026,-0.877
3773,-0.917,0.309,-0.447,-0.294,1.503
3774,-0.378,0.215,0.238,1.23,0.958
3775,-1.116,0.527,1.542,-1.001,-0.409
3776,0.422,-0.27,0.838,1.031,-1.246
3777,1.946,-0.766,0.427,0.511,-0.656
3778,-0.501,-0.583,0.163,-0.451,-1.485
3779,-0.188,1.611,0.078,-1.503,-0.248
3780,-1.39,0.389,0.758,0.73,-0.885
3781,1.064,0.045,0.674,-1.657,-1.394
3782,1.396,0.4,-0.459,-0.23,-0.088
3783,-0.938,0.214,0.047,-0.901,-0.246
3784,-0.051,-0.252,0.641,-0.453,1.415
3785,1.083,0.837,-1.004,0.364,-2.038
3786,-0.521,0.476,1.161,1.213,-0.874
3787,0.945,1.037,-0.334,0.678,-0.23
3788,0.323,-0.121,1.163,1.628,-1.866
3789,0.716,-1.512,-0.578,1.451,0.759
3790,0.83,0.259,0.604,0.51,-0.153
3791,-0.266,-1.777,-3.209,-1.823,-2.506
3792,-0.518,1.607,-0.613,0.139,-1.859
3793,0.253,0.688,-0.198,1.364,-0.604
3794,-1.012,0.086,0.108,-0.249,2.246
3795,1.072,2.937,1.084,-1.051,-0.292
3796,-0.263,0.341,-0.839,-0.516,-1.05
3797,0.026,1.149,1.214,0.028,-0.35
3798,-0.891,0.024,0.219,0.264,0.454
3799,1.683,-0.626,-0.312,0.118,-0.664
3800,0.451,-0.473,-0.906,0.086,0.16
3801,-0.722,-1.786,0.27,0.55,0.424
3802,-0.107,0.027,0.274,-1.251,0.375
3803,2.397,0.895,0.29,-0.016,-0.664
3804,-0.09,0.114,-0.346,-2.149,0.684
3805,1.822,0.213,-0.762,0.391,1.562
3806,-0.787,0.039,-0.231,-0.851,3.481
3807,0.45,-0.849,-0.668,-0.053,-0.854
3808,0.858,-0.285,1.038,0.693,0.624
3809,-1.607,1.479,1.773,-0.53,0.428
3810,-0.269,0.191,-0.008,0.612,-0.036
3811,0.703,0.153,-1.224,1.653,-0.032
3812,0.212,-0.434,-1.307,0.053,-0.523
3813,0.534,-1.548,-0.619,0.738,0.347
3814,-1.074,-0.844,-0.219,0.41,0.301
3815,-0.869,0.081,0.139,-0.269,-1.0
3816,1.182,-0.905,-0.034,-0.055,-0.275
3817,2.01,0.064,-1.037,-0.574,-0.128
3818,-1.676,0.957,1.03,-0.1,-1.454
3819,-1.171,1.189,-2.203,-1.372,-0.163
3820,-0.976,0.878,-0.353,1.922,-0.301
3821,-1.307,-0.637,1.875,1.715,-0.291
3822,-0.818,0.819,-0.44,-1.629,-0.804
3823,0.414,2.087,0.123,-0.87,0.373
3824,0.508,0.677,-1.821,-0.26,-0.389
3825,0.085,-0.344,0.871,1.128,0.035
3826,0.447,-0.879,-0.306,-1.12,-0.99
3827,-0.348,-2.091,-1.039,-0.418,1.243
3828,-0.37,0.26,-0.403,-0.323,-1.463
3829,0.657,0.925,0.625,-0.364,0.344
3830,0.062,-0.724,0.06,0.408,0.234
3831,-1.289,1.82,-0.236,-0.063,0.576
3832,0.108,0.252,0.095,2.528,0.296
3833,0.419,-0.46,-0.087,-0.742,0.251
3834,-0.056,0.98,0.037,0.623,0.127
3835,0.285,-1.804,-1.284,1.362,0.867
3836,1.117,0.922,2.061,-0.218,-0.055
3837,-0.957,-0.302,-0.165,0.585,0.294
3838,-1.005,0.343,-0.579,0.614,-0.244
3839,-0.077,0.413,0.725,-0.427,0.547
3840,-0.553,-0.819,0.404,0.131,-0.028
3841,0.023,-0.037,0.098,-0.977,-0.34
3842,-0.776,0.614,-1.087,-0.303,-0.181
3843,0.136,-0.771,-0.554,-0.03,0.455
3844,-0.541,0.602,0.931,0.377,0.363
3845,-1.093,-0.303,0.159,0.081,0.262
3846,1.075,-0.691,1.001,1.146,0.922
3847,-0.212,0.968,0.263,0.108,-0.261
3848,1.224,-1.481,0.218,-1.382,0.611
3849,-0.712,1.361,0.031,2.132,-0.136
3850,-0.156,0.1,0.724,-1.13,-0.732
3851,0.644,-0.661,0.778,-0.01,-0.347
3852,-1.242,-0.264,-0.298,0.736,1.557
3853,-0.161,0.929,-0.287,-0.489,-0.038
3854,-0.636,-0.522,-0.526,-0.422,1.409
3855,-0.815,-0.232,-0.754,0.36,-1.438
3856,1.327,1.503,-0.462,-0.613,-1.51
3857,0.705,1.06,-1.245,2.059,-0.116
3858,2.192,0.193,0.583,0.083,-0.218
3859,1.707,-1.556,0.592,0.346,-0.112
3860,-0.6,0.157,0.869,0.749,-1.016
3861,-1.232,0.912,0.709,-1.262,-1.293
3862,0.904,-0.529,-0.21,1.114,-0.36
3863,0.017,2.145,0.149,0.311,2.661
3864,0.215,1.024,-0.09,0.579,-1.165
3865,0.487,-0.124,-0.112,0.42,1.005
3866,2.319,2.317,-0.41,-0.671,0.649
3867,0.969,-0.333,0.042,0.319,-0.647
3868,-0.756,-1.8,0.053,-0.198,-1.366
3869,1.081,0.059,1.282,0.956,-0.465
3870,-1.205,-0.064,2.823,0.675,0.365
3871,0.93,0.536,-0.673,0.241,0.095
3872,-2.378,-0.7,-0.994,-0.312,-1.212
3873,-0.905,0.813,0.792,1.854,-1.319
3874,-2.095,0.891,0.205,0.083,0.416
3875,-0.837,-0.119,-1.23,1.278,-0.704
3876,-0.993,0.543,1.333,-1.083,-0.718
3877,-1.087,-0.566,0.555,-0.453,1.941
3878,-0.954,0.591,-0.038,0.814,-0.97
3879,1.722,-0.72,0.158,-0.302,1.483
3880,0.582,0.581,1.047,1.35,-0.32
3881,1.319,0.837,0.254,0.121,0.435
3882,-0.105,1.735,0.046,0.387,-0.148
3883,-0.677,-1.09,0.954,-0.095,-0.555
3884,-0.608,1.271,0.013,0.509,-1.149
3885,-0.149,0.222,0.639,-1.62,1.379
3886,0.647,-0.74,-2.295,0.15,0.357
3887,-1.169,1.75,-0.002,0.248,0.249
3888,-1.11,-0.39,-2.359,0.509,0.238
3889,-3.216,0.956,0.368,-0.567,-0.363
3890,0.821,-1.736,0.782,0.197,-0.782
3891,0.278,0.546,-0.592,-0.174,1.135
3892,2.149,-0.843,0.412,1.291,0.984
3893,0.802,-0.144,0.349,2.975,1.257
3894,-0.182,1.283,0.28,1.572,-0.149
3895,0.619,0.746,0.056,0.558,-0.254
3896,-0.769,0.787,1.387,0.242,0.113
3897,0.355,1.109,-0.996,-1.541,1.561
3898,0.705,0.542,-0.653,-2.051,0.637
3899,1.444,0.391,1.207,-0.116,-2.453
3900,-0.331,-1.457,-0.73,0.481,-0.403
3901,-0.455,-0.529,-0.257,0.505,-0.143
3902,-0.088,-0.059,-0.812,-1.012,0.924
3903,-2.37,0.558,-0.935,0.385,-0.064
3904,0.94,-0.393,-0.037,-0.003,0.389
3905,1.153,2.046,0.595,0.08,0.473
3906,0.414,0.412,0.62,-0.586,-1.637
3907,-2.35,-1.319,1.345,-0.163,-1.195
3908,-0.079,-1.198,0.056,0.355,-0.379
3909,0.4,0.686,0.442,0.533,2.855
3910,1.85,1.384,-0.713,-0.258,0.827
3911,-0.701,-0.445,0.402,-0.632,0.504
3912,-1.813,1.344,-0.141,-1.035,-1.064
3913,0.573,0.908,-0.054,-0.555,-0.156
3914,-0.044,-0.209,2.515,0.612,0.734
3915,1.335,0.026,1.306,-0.219,-1.632
3916,0.718,1.292,0.169,-1.803,0.401
3917,0.34,-0.736,0.543,1.652,-0.395
3918,1.225,0.754,1.752,-0.756,-0.032
3919,-1.887,-1.804,0.57,0.001,-1.461
3920,0.286,-1.946,0.271,-0.9,-0.274
3921,-0.185,-1.881,0.303,-0.158,-0.122
3922,-0.385,0.204,1.435,-0.158,0.074
3923,0.117,-1.248,1.097,0.264,-0.029
3924,0.812,1.053,-0.927,-0.369,0.603
3925,-0.953,1.195,-0.116,0.974,0.046
3926,0.727,-0.289,1.692,0.585,-1.269
3927,-0.098,0.167,0.397,0.333,0.279
3928,0.561,-0.173,-0.232,-0.797,0.701
3929,-0.29,-1.671,1.151,-2.32,-0.91
3930,-0.771,0.923,-0.625,3.027,1.415
3931,-0.574,-0.386,-1.141,-1.465,-0.359
3932,-0.758,1.073,1.111,-0.825,0.824
3933,-1.847,-1.432,-0.536,-1.091,-0.891
3934,-0.026,1.479,-0.233,2.941,0.494
3935,0.727,-1.651,-0.507,-1.008,-0.316
3936,-0.891,-0.402,-0.958,-0.647,0.176
3937,-0.427,-0.741,0.655,0.958,1.053
3938,-0.355,0.15,-1.643,-0.245,0.671
3939,0.819,-0.804,0.512,-0.122,0.377
3940,-0.645,-0.5,0.594,1.513,1.016
3941,0.593,-1.197,-0.533,1.483,1.09
3942,-0.659,1.49,2.116,1.616,0.187
3943,1.49,0.466,0.203,-0.001,-0.127
3944,0.755,0.946,0.011,-0.855,-0.422
3945,0.854,0.016,-0.464,-2.502,0.66
3946,-0.484,0.836,1.327,-0.367,1.091
3947,-0.447,-0.383,0.515,0.479,-0.251
3948,-0.235,-2.342,0.122,-1.772,-0.328
3949,0.154,0.231,-0.244,-1.298,-0.631
3950,2.003,0.013,-0.26,-0.27,-0.72
3951,-0.246,1.361,-0.366,-1.425,-0.377
3952,0.461,1.237,-1.76,-0.259,-1.147
3953,0.038,-0.288,-0.664,-0.98,-1.132
3954,2.637,0.274,-0.85,-0.123,-1.166
3955,0.834,-0.41,-1.416,1.058,-1.252
3956,-0.252,-0.63,-0.012,0.288,1.346
3957,0.458,0.054,0.993,-0.473,-0.278
3958,-0.332,-1.759,0.74,0.5,0.295
3959,-0.944,0.533,-1.984,-1.613,-1.54
3960,0.222,0.7,0.101,0.755,1.289
3961,0.297,0.381,-0.602,2.339,-0.405
3962,0.582,0.856,1.119,-0.101,1.066
3963,0.241,2.091,-1.333,0.411,-1.302
3964,-1.021,0.192,-0.153,0.11,0.281
3965,2.156,-0.496,0.132,-0.015,-0.826
3966,-0.803,-1.027,0.49,1.158,0.945
3967,-0.336,0.971,-0.944,0.597,1.448
3968,0.549,0.936,-1.066,1.325,-1.471
3969,-0.54,1.485,-1.505,-0.867,1.901
3970,-0.583,0.234,-2.485,-1.104,0.29
3971,0.098,0.276,-0.711,-1.09,0.168
3972,-0.493,-0.381,-1.325,0.38,-1.179
3973,2.153,1.231,-1.982,-1.458,-0.997
3974,0.542,-0.021,0.225,-0.777,2.082
3975,0.198,-0.135,-0.373,-1.125,-1.718
3976,-0.466,-0.084,1.552,0.453,1.648
3977,0.177,-1.009,1.546,-0.466,-0.897
3978,1.081,0.139,2.742,0.937,-1.989
3979,-1.041,-0.79,0.62,0.449,1.145
3980,0.573,-0.063,1.872,0.624,-0.577
3981,-0.462,-1.044,0.374,-0.443,-1.693
3982,-1.268,-0.678,0.61,1.646,-0.612
3983,-0.1,0.986,0.751,0.34,1.792
3984,1.163,0.184,0.125,-1.656,1.296
3985,-0.773,0.888,0.621,0.301,0.387
3986,0.596,-0.374,-0.519,1.164,-0.579
3987,0.365,-0.754,-0.359,3.304,-0.796
3988,-0.237,1.158,0.929,0.019,0.036
3989,0.112,-0.961,0.897,0.196,0.713
3990,-0.318,-0.971,0.389,-0.088,0.609
3991,1.268,0.348,0.954,-1.654,-0.463
3992,2.358,1.968,-0.939,-1.463,1.953
3993,0.483,0.658,-0.811,0.499,0.098
3994,-1.38,1.111,-0.588,1.064,0.545
3995,-0.732,0.013,-1.701,2.0,0.457
3996,1.056,-1.627,-0.354,-1.383,1.066
3997,-1.264,0.161,-0.969,-0.175,1.255
3998,-0.97,0.513,-0.044,-1.333,1.053
3999,-1.382,-0.773,0.462,0.36,0.123
4000,0.387,-0.658,0.342,-0.043,1.295
4001,0.107,0.387,1.843,0.379,-0.829
4002,-0.684,-0.541,0.428,-1.359,-0.52
4003,-1.565,-0.12,0.871,-0.55,0.186
4004,-0.355,-0.554,-0.622,0.317,-1.497
4005,0.517,0.313,-0.054,-1.587,-1.812
4006,1.21,-2.092,-0.872,-0.032,0.438
4007,0.344,0.456,0.064,-1.027,-0.589
4008,-0.075,-0.405,-0.794,1.443,0.595
4009,-0.509,0.295,0.006,-0.887,-1.513
4010,-0.803,0.613,-0.845,-0.651,-0.239
4011,-0.753,-0.41,-1.632,0.798,-1.637
4012,-0.537,-0.727,1.109,-0.297,-1.267
4013,-0.882,0.116,1.355,-0.053,-0.783
4014,0.341,-0.542,-1.324,-0.721,-1.434
4015,1.756,-1.451,-1.614,2.341,0.939
4016,-0.858,-0.715,-0.17,0.234,0.403
4017,-1.093,-1.378,-0.059,1.331,1.968
4018,-1.834,-0.34,0.326,0.867,0.701
4019,0.339,-0.288,-0.054,0.523,-0.694
4020,1.158,-0.206,0.131,-0.189,0.037
4021,1.154,-1.142,0.312,-0.229,-0.431
4022,-0.058,-0.841,0.532,-0.348,0.796
4023,1.119,-0.703,0.429,0.749,1.152
4024,0.039,-0.064,-1.353,-0.188,0.342
4025,0.257,0.916,0.713,0.576,1.04
4026,1.712,-1.031,-0.019,-0.761,-1.133
4027,-0.162,1.2,0.435,1.575,0.821
4028,-0.487,-1.316,-1.233,-1.129,-1.342
4029,1.548,-1.216,-0.232,0.675,-1.245
4030,1.776,0.42,0.849,1.992,0.442
4031,-0.637,0.614,0.301,-0.229,0.989
4032,0.334,-0.601,-0.049,1.776,0.354
4033,-0.063,-1.538,1.585,-0.19,-0.606
4034,-0.309,1.11,-0.42,0.386,0.095
4035,-1.791,0.009,-1.405,-1.15,-1.319
4036,0.677,0.43,1.028,-0.477,-1.252
4037,1.008,0.856,1.675,0.914,-1.264
4038,-1.026,0.05,-0.687,-0.274,-0.26
4039,-0.058,-0.611,1.206,1.024,0.545
4040,-0.753,-1.953,-1.201,0.052,-0.572
4041,-0.759,2.02,-0.405,-1.254,-0.044
4042,0.029,0.404,-0.02,-1.657,-1.516
4043,0.605,-0.732,0.585,-0.277,2.664
4044,-0.803,-1.621,1.033,0.575,-0.34
4045,1.294,-1.638,-0.572,0.759,0.275
4046,0.849,1.852,-0.601,-0.405,-0.982
4047,-0.532,-0.365,0.55,-0.834,2.073
4048,0.386,-0.098,0.793,0.133,-1.156
4049,-0.406,-0.969,0.487,-0.817,0.518
4050,1.441,0.132,0.555,-0.887,0.892
4051,-0.151,-2.035,-0.234,1.018,1.376
4052,-0.616,-0.958,0.103,-1.346,0.942
4053,1.492,-0.421,0.299,-0.57,-0.929
4054,-1.141,-0.99,-1.313,-0.246,-1.266
4055,-1.776,-0.256,-0.206,-1.576,0.084
4056,-0.695,2.032,-0.264,-0.681,-1.254
4057,-0.188,0.98,-1.727,0.641,0.505
4058,-1.533,-0.554,0.513,-0.609,-0.108
4059,0.295,0.796,0.617,0.264,0.604
4060,-0.236,-1.542,1.506,1.212,-0.243
4061,0.379,0.147,0.07,1.034,0.295
4062,0.595,0.329,0.013,0.536,0.937
4063,1.109,-0.74,-0.796,-0.812,1.933
4064,-0.764,-3.435,-0.186,0.365,-0.643
4065,-0.548,-1.02,-0.134,0.465,0.647
4066,-0.198,-0.217,-1.354,-0.712,-1.698
4067,-0.194,-1.208,0.646,-0.2,-0.202
4068,-1.191,0.904,0.347,0.082,2.33
4069,0.367,-0.121,-0.534,-0.144,0.056
4070,-1.261,-0.322,0.349,-1.78,-0.008
4071,2.184,-2.163,-1.023,-1.907,-1.014
4072,0.736,-0.156,-0.104,0.08,-0.813
4073,-0.023,0.006,0.75,1.15,1.67
4074,0.615,0.68,0.863,-0.308,0.328
4075,1.161,-1.225,0.673,1.155,-0.672
4076,-2.616,-0.203,-0.371,-0.598,-0.832
4077,0.779,-0.537,0.562,1.216,1.587
4078,-1.695,-0.747,-1.424,0.653,-0.135
4079,0.0,-1.24,0.086,0.291,1.392
4080,-0.75,-0.211,-0.545,1.577,-1.264
4081,-0.313,0.203,-0.182,0.825,-0.333
4082,-0.089,-1.359,0.151,-0.633,-0.527
4083,-0.626,-1.815,0.533,-1.662,0.039
4084,-1.188,0.302,-0.96,0.757,0.002
4085,1.34,0.218,-0.144,1.446,-0.575
4086,-0.66,0.162,-0.865,0.271,-1.202
4087,0.55,0.763,0.221,-1.065,1.694
4088,1.035,1.11,0.22,-1.206,0.604
4089,-0.359,-0.294,0.629,1.302,1.214
4090,0.12,-0.597,0.325,-1.339,1.381
4091,1.042,2.218,-1.256,0.895,-0.423
4092,-0.093,1.253,0.997,-0.376,-1.014
4093,-0.097,-0.423,-1.93,-0.223,-1.588
4094,0.935,-0.986,2.07,0.707,-0.428
4095,-1.45,1.602,0.687,-0.984,-1.764
4096,0.624,1.058,-0.186,0.585,0.19
4097,-0.943,0.853,-1.267,0.327,0.759
4098,-2.593,-1.336,0.474,0.188,-0.396
4099,-0.726,-1.554,-0.497,-0.055,-0.487
4100,0.307,1.787,-0.123,1.313,-0.853
4101,-0.78,-0.158,1.514,-0.964,-0.334
4102,-1.696,-0.702,1.389,-0.779,-0.362
4103,-0.382,-0.436,-0.488,-0.089,1.765
4104,-0.338,1.78,0.286,0.456,0.541
4105,1.373,0.137,1.511,0.351,-0.84
4106,-0.282,0.12,1.621,-0.963,0.991
4107,1.178,-0.744,-0.172,-1.58,-0.582
4108,-0.766,0.08,-0.115,-1.303,0.521
4109,1.841,0.33,1.742,-0.804,-0.693
4110,-1.586,-0.717,-0.378,0.706,2.004
4111,0.332,0.794,-0.677,-1.715,0.152
4112,0.125,-1.03,0.515,-0.019,0.074
4113,-2.068,-0.626,0.465,-0.811,0.183
4114,-0.463,-0.664,-0.302,-1.177,-1.01
4115,1.601,0.382,-1.359,-0.614,-0.318
4116,0.729,-1.151,-1.319,0.957,0.654
4117,0.555,-1.699,0.053,-0.293,0.46
4118,-0.425,-0.196,-0.296,0.426,0.157
4119,-0.297,0.592,-0.38,1.808,0.964
4120,1.483,-0.125,0.64,-0.126,0.817
4121,0.425,-0.735,-0.344,-1.053,0.177
4122,-1.034,-0.082,-1.065,0.281,0.229
4123,-1.221,1.501,0.592,-2.857,1.057
4124,-1.129,-0.101,-0.937,-2.047,-0.916
4125,-0.917,0.564,1.334,0.117,-2.318
4126,-1.192,2.055,-0.533,0.648,-0.081
4127,-0.223,-1.212,0.219,-0.36,-0.31
4128,0.29,1.169,-0.2,-1.318,-1.001
4129,-0.418,0.679,-0.758,-1.144,-0.166
4130,0.178,-1.356,0.164,-0.597,-1.383
4131,0.956,0.652,-0.751,-0.271,-0.239
4132,-0.357,-0.429,-0.461,-0.045,-0.496
4133,0.5,0.132,0.775,0.878,-1.129
4134,0.259,-0.842,0.668,0.111,-0.282
4135,-0.961,1.946,0.58,-0.792,-0.276
4136,0.659,1.153,-0.783,1.732,0.534
4137,1.294,-1.953,1.5,-2.361,0.577
4138,-1.356,-2.06,-0.719,-0.79,0.249
4139,-0.773,-0.592,1.518,1.354,-0.068
4140,0.26,-2.124,1.646,0.352,-0.624
4141,1.127,0.12,-0.294,0.897,0.807
4142,0.178,-1.775,-0.917,0.586,0.629
4143,-0.193,1.019,1.276,-0.39,-0.544
4144,-0.609,-0.17,-0.461,-0.656,-1.362
4145,1.668,-0.722,0.147,-0.393,-0.471
4146,1.562,0.828,0.559,0.393,1.457
4147,-0.321,-0.798,-0.83,0.056,-0.649
4148,-0.534,-1.842,0.472,-0.8,-2.701
4149,-0.044,-0.625,-0.653,-0.241,-1.236
4150,-0.698,-1.051,1.608,-1.579,-0.026
4151,-0.684,1.866,-0.679,-0.448,-0.217
4152,1.428,0.688,-0.424,0.118,-0.018
4153,-0.112,0.012,0.874,0.963,-1.325
4154,0.709,-0.643,-1.669,-2.216,1.455
4155,0.76,0.545,0.698,0.159,0.068
4156,1.25,0.21,-0.956,-0.116,0.193
4157,-1.318,-0.257,0.677,0.338,0.423
4158,-1.212,1.117,-0.867,-1.881,0.266
4159,-0.02,-1.775,2.115,1.219,0.162
4160,-0.194,0.838,1.555,0.428,-0.835
4161,0.316,-1.62,0.406,0.815,-0.31
4162,-2.031,-0.934,1.058,-0.096,0.966
4163,-0.258,-0.789,0.542,0.322,0.98
4164,0.837,2.102,-0.087,1.569,-0.229
4165,-0.216,-0.748,0.931,-1.175,0.437
4166,1.255,-0.397,1.126,0.158,0.533
4167,0.57,1.372,0.965,0.461,-0.585
4168,-0.986,-0.559,-0.136,-2.055,1.211
4169,-0.643,1.559,0.796,-0.503,0.999
4170,-0.043,-0.324,-0.185,-1.166,-0.098
4171,2.714,0.154,0.057,0.695,1.258
4172,0.351,0.386,-1.33,0.221,0.606
4173,-0.071,-1.083,-0.667,-1.478,-0.848
4174,-0.868,0.107,0.265,-2.007,0.37
4175,-0.657,0.891,0.09,-0.679,0.614
4176,-0.352,0.4,-0.281,0.163,0.492
4177,-0.451,0.578,-0.317,-1.237,0.495
4178,-0.909,-2.321,-0.654,0.655,-0.041
4179,-0.257,-1.183,0.307,-1.209,-0.464
4180,0.206,-1.355,-1.059,0.377,-0.551
4181,-2.677,1.485,0.746,-0.787,-0.66
4182,-1.255,-0.299,0.178,0.588,1.605
4183,0.888,0.132,3.076,2.136,0.25
4184,-0.43,-0.971,-0.654,0.994,-0.967
4185,-0.664,1.943,-0.308,0.122,0.124
4186,0.863,-0.568,0.993,-0.659,-0.364
4187,-0.105,-0.248,0.111,1.385,0.44
4188,0.507,-0.52,-1.053,1.861,0.072
4189,-0.688,0.092,-1.672,0.055,0.191
4190,-0.353,1.397,1.397,0.12,-1.735
4191,0.346,-0.764,-0.751,0.896,-2.032
4192,-1.98,0.114,0.001,-0.442,0.033
4193,-1.694,-0.761,0.335,1.219,-0.384
4194,-0.505,-0.752,-0.976,-2.436,-0.318
4195,-0.063,0.825,0.836,-1.809,-2.367
4196,0.495,-1.876,1.542,1.085,0.106
4197,0.039,-0.632,2.463,-2.014,-0.689
4198,-0.383,0.806,0.126,0.086,-1.654
4199,-0.738,-1.081,-0.357,1.306,0.465
4200,1.119,0.714,-0.542,0.044,0.263
4201,0.206,1.75,-1.432,-0.154,-1.007
4202,-1.047,1.799,-0.778,1.102,-0.407
4203,-0.744,-0.664,1.508,0.475,-1.424
4204,0.769,-0.398,-0.477,-0.237,1.318
4205,-1.195,0.315,0.031,-0.813,-0.204
4206,-2.31,-0.32,0.957,1.064,0.535
4207,0.297,-0.306,-2.754,-0.222,-0.192
4208,-0.205,0.094,-0.084,1.261,0.048
4209,-0.288,-1.443,-1.031,-1.738,-0.994
4210,-1.187,0.467,0.791,1.183,0.982
4211,0.037,-0.68,-0.772,-0.039,-1.246
4212,-0.454,0.72,-0.178,-0.072,-0.299
4213,-1.709,0.264,0.534,0.601,-0.78
4214,-0.641,-0.178,1.619,-0.997,0.438
4215,-1.087,-1.208,0.782,0.256,-1.215
4216,-1.58,0.2,0.147,-1.122,0.083
4217,2.071,-0.974,-0.808,0.643,1.658
4218,0.438,0.458,-0.689,-0.423,0.222
4219,1.544,0.339,0.335,0.198,-0.069
4220,-0.212,0.605,0.911,0.108,-0.529
4221,1.297,-0.905,-0.2,-0.16,-0.174
4222,0.46,0.892,-2.364,-0.439,0.44
4223,0.272,-0.714,-0.607,-0.106,-1.71
4224,0.781,-2.078,0.061,-0.444,0.574
4225,1.331,0.778,0.539,-0.27,1.042
4226,1.026,-0.657,1.039,-0.484,-0.059
4227,0.99,-1.085,1.222,-0.266,-0.049
4228,-0.977,0.549,-0.35,2.06,-0.777
4229,-0.04,0.397,-0.341,-0.425,0.77
4230,0.142,0.291,-3.82,0.647,0.982
4231,-1.793,-2.195,-1.474,0.658,1.413
4232,0.28,-0.099,0.515,-0.891,0.561
4233,0.23,0.296,-0.268,-0.496,-0.011
4234,-1.237,0.828,-0.615,-1.046,-0.732
4235,0.278,-0.161,-0.068,0.914,0.612
4236,1.026,0.089,-0.159,-0.451,-0.588
4237,-1.301,-1.355,1.286,-0.843,1.403
4238,0.243,0.025,1.406,-1.369,0.839
4239,0.32,-0.531,0.3,-1.463,1.91
4240,1.496,1.366,-0.6,-1.541,0.258
4241,-0.368,0.652,-0.069,0.093,1.503
4242,-1.66,-0.174,-1.287,-0.866,-0.392
4243,0.222,1.125,-0.63,1.329,0.705
4244,0.534,0.58,-1.914,1.928,0.542
4245,-0.477,-0.239,-0.501,1.02,1.442
4246,-1.068,-1.162,-0.621,-0.669,1.168
4247,0.183,0.628,0.71,0.195,-0.445
4248,-2.365,-1.094,-0.82,2.301,-0.09
4249,0.446,2.283,0.252,1.264,0.479
4250,-0.473,0.616,-0.532,0.848,0.559
4251,-0.969,-0.182,-0.59,-0.708,0.886
4252,1.282,0.364,-1.213,1.102,-1.396
4253,1.455,-1.305,-2.18,-0.297,0.802
4254,0.17,0.599,0.085,-0.685,-1.299
4255,1.317,-0.485,1.972,0.352,1.528
4256,0.821,-0.101,0.4,0.229,0.29
4257,-0.251,1.04,1.898,-0.137,-1.268
4258,-0.455,0.426,-0.008,0.563,-1.854
4259,-0.405,0.648,-0.217,0.032,0.156
4260,0.708,-0.154,1.191,1.19,-0.715
4261,-0.51,-0.28,-0.075,0.054,0.399
4262,0.163,-0.242,-0.482,-1.532,0.863
4263,-0.811,2.051,-0.567,-0.963,2.43
4264,0.394,-0.144,1.143,-0.183,-1.055
4265,2.365,-0.032,-0.383,0.682,-0.591
4266,0.005,0.052,-0.248,-1.7,0.915
4267,0.912,0.046,-0.712,-1.411,1.094
4268,1.05,-1.054,0.344,0.12,-1.355
4269,0.359,0.452,0.254,-0.0,0.215
4270,0.323,-0.104,-0.201,0.968,-1.115
4271,0.148,-1.278,-0.28,-1.709,-0.36
4272,-0.796,0.45,0.768,1.162,-0.972
4273,1.157,-0.689,0.219,0.162,-0.035
4274,1.583,1.807,0.693,-0.545,-1.247
4275,1.362,-0.509,0.636,-1.067,-2.305
4276,0.727,-1.237,-0.394,-0.338,0.775
4277,0.147,1.351,0.32,0.383,0.478
4278,0.074,-0.485,0.554,-0.497,0.729
4279,-1.929,0.666,-1.719,0.062,0.046
4280,0.567,-1.716,1.058,-0.733,-1.047
4281,-0.573,1.476,-0.42,-0.451,0.069
4282,-0.794,1.624,-0.532,-1.162,1.286
4283,-0.469,-0.068,-2.865,-1.337,-0.23
4284,0.461,0.546,-0.925,0.559,0.082
4285,-0.245,0.039,-1.35,1.25,-1.009
4286,0.742,-0.208,-1.398,-0.588,1.203
4287,-1.732,0.207,0.8,-1.564,-1.485
4288,-1.98,0.537,0.099,0.995,-1.297
4289,-0.138,0.565,-0.159,1.023,0.66
4290,-0.402,-1.321,-0.555,-2.071,0.382
4291,-1.996,0.598,0.34,-1.534,1.776
4292,-0.79,0.383,0.632,-1.209,1.68
4293,-0.615,1.198,0.413,0.238,-0.379
4294,-0.804,0.023,0.198,0.163,1.117
4295,0.461,1.749,0.541,-0.497,-0.555
4296,-0.379,-0.047,0.005,-0.877,0.078
4297,0.441,0.347,1.222,1.302,1.369
4298,1.08,1.249,-1.57,-1.096,-1.163
4299,-0.069,-1.697,-0.108,-0.742,-0.069
4300,0.702,-1.221,-0.347,1.858,0.046
4301,-1.062,0.323,-1.071,-0.404,-0.141
4302,-0.778,-0.472,-0.236,-0.393,0.707
4303,-0.087,1.06,0.263,0.458,0.402
4304,1.737,0.22,1.26,1.139,2.408
4305,1.134,-0.239,1.265,0.744,0.145
4306,-0.749,-1.213,0.011,-0.132,0.311
4307,1.621,-0.913,-2.249,0.449,1.121
4308,1.008,0.595,-0.687,-0.599,1.67
4309,0.168,1.211,-1.178,-0.297,-0.001
4310,-0.535,-0.16,0.315,1.756,0.35
4311,0.072,0.665,1.303,0.042,-0.335
4312,-0.067,0.034,1.452,-1.516,1.937
4313,-0.769,0.184,-0.055,0.463,-0.101
4314,0.352,-0.683,0.333,-0.298,-1.636
4315,-0.142,-0.183,-1.96,0.38,0.199
4316,-1.252,0.246,0.188,-0.506,0.352
4317,1.854,0.148,0.829,-1.318,0.207
4318,-0.685,-1.572,-0.936,0.251,1.055
4319,0.43,-1.818,0.384,-1.432,-1.144
4320,-0.095,-0.172,-0.257,-0.08,0.326
4321,0.411,1.16,-0.284,1.704,-0.083
4322,-1.475,0.932,1.441,-0.484,-0.23
4323,-0.776,1.035,-0.249,0.716,-1.117
4324,-0.457,0.174,-0.456,0.377,0.629
4325,0.342,0.78,1.97,0.955,0.384
4326,-0.851,-2.898,2.462,0.396,-1.7
4327,-0.116,-1.339,0.863,-2.571,1.822
4328,0.348,-0.026,1.406,-0.723,1.198
4329,-0.801,-0.337,-0.235,-0.08,-1.798
4330,0.345,0.14,1.194,0.36,0.107
4331,0.806,-0.284,0.179,0.804,-0.964
4332,0.944,-0.427,1.517,-0.174,-1.368
4333,-0.028,1.606,-0.6,0.82,-0.108
4334,1.651,-0.814,0.767,-0.111,1.748
4335,0.582,-0.521,-0.002,1.184,0.078
4336,0.662,-0.721,-1.867,-0.379,-0.008
4337,0.066,-0.942,-0.331,0.502,0.094
4338,1.233,-0.792,-0.01,0.179,-0.786
4339,-0.249,-1.275,0.837,-1.047,-0.025
4340,-0.398,1.819,0.778,-0.362,0.563
4341,0.262,0.563,0.472,1.591,0.172
4342,0.361,0.11,1.276,-0.169,0.118
4343,-0.521,-0.477,0.499,2.133,-0.976
4344,1.034,0.226,-1.518,1.179,1.179
4345,0.142,-1.037,-0.234,-0.699,1.007
4346,-0.324,-2.183,0.478,-0.503,0.564
4347,-0.083,-1.325,-0.456,-0.827,0.651
4348,0.112,1.097,-1.443,0.762,-0.87
4349,-0.409,-0.805,-0.783,1.061,1.059
4350,3.033,1.039,-0.462,-1.125,-0.044
4351,1.883,-0.885,-0.897,-0.697,-0.296
4352,-1.789,-0.873,-1.395,-0.256,-0.541
4353,0.472,2.746,-1.071,1.726,-0.132
4354,-1.37,-0.548,-1.264,0.432,-1.612
4355,0.995,-0.049,0.219,0.281,0.019
4356,-0.144,-1.855,-0.652,-1.539,-0.799
4357,0.634,0.962,0.354,0.138,-1.022
4358,0.961,0.208,1.561,-1.12,1.06
4359,-1.427,0.064,-1.54,-0.381,-1.151
4360,-0.662,0.96,-2.003,1.916,0.192
4361,0.747,-0.526,-0.972,-1.2,0.339
4362,0.447,-0.816,-0.451,-1.323,-0.801
4363,-0.216,-0.337,0.438,0.125,-1.24
4364,0.26,-1.377,0.374,-1.173,1.679
4365,-1.572,0.51,-0.494,-0.965,-1.785
4366,1.901,0.835,-1.202,-0.285,-1.352
4367,1.657,-2.824,-0.235,-0.68,-1.354
4368,-1.201,-1.374,2.068,-0.095,-0.352
4369,-0.989,-2.061,1.046,-0.311,-0.609
4370,-2.105,0.37,-0.346,-0.182,0.317
4371,0.309,-0.794,0.678,0.251,0.421
4372,0.888,-1.144,0.349,1.315,-1.214
4373,-0.974,-0.576,0.617,0.015,0.572
4374,0.763,0.621,-0.156,-0.555,-0.135
4375,-0.179,-0.092,-1.228,-0.142,0.151
4376,0.829,0.997,-1.124,1.7,-0.071
4377,-0.322,-1.016,-0.606,-0.238,0.537
4378,-1.834,-0.744,0.919,2.293,-0.553
4379,-0.109,-0.603,-1.23,0.654,-1.299
4380,-0.084,-0.569,-0.792,-0.839,-0.364
4381,1.183,0.068,0.758,1.875,-0.48
4382,0.455,0.344,-1.018,0.4,1.55
4383,-0.081,-0.459,-3.532,-0.309,-1.246
4384,-0.804,-0.939,0.081,0.545,0.994
4385,0.042,-2.368,0.187,-0.566,-0.944
4386,0.192,0.542,0.744,0.298,1.039
4387,-0.417,-0.761,0.381,0.131,-0.438
4388,0.235,-1.19,0.811,-0.791,1.29
4389,2.698,0.206,-2.139,-0.448,1.663
4390,-0.918,2.878,0.125,-0.357,-0.374
4391,-1.088,-0.306,-0.113,0.639,0.557
4392,-1.104,0.95,-0.355,-0.005,-0.102
4393,0.569,-0.425,-0.978,0.364,-0.51
4394,1.624,-0.548,-0.516,-0.843,0.438
4395,-0.474,0.315,-0.944,0.092,0.668
4396,-0.024,0.803,0.391,1.739,-0.129
4397,0.625,1.606,-0.287,0.062,1.471
4398,0.072,-0.345,0.683,-0.951,-1.2
4399,-0.019,0.075,-0.531,-0.63,1.281
4400,-0.306,0.714,0.667,1.28,0.732
4401,0.93,1.254,1.951,0.438,-1.645
4402,0.974,-1.479,-0.956,0.674,0.194
4403,0.686,1.098,0.689,0.255,-0.79
4404,0.618,1.416,-2.078,-0.399,0.777
4405,-1.274,-1.19,1.222,0.216,1.833
4406,0.226,0.381,0.112,0.975,-2.8
4407,-1.205,0.261,0.442,-1.145,0.839
4408,-0.8,-1.233,0.11,-1.02,-0.677
4409,2.641,-0.216,-1.277,-0.343,-0.208
4410,-0.444,-1.779,-1.162,0.101,0.61
4411,0.254,2.758,-1.443,-0.888,-0.949
4412,-0.075,-0.18,-0.187,-0.485,-0.449
4413,-1.343,-0.712,-1.28,-1.236,-0.134
4414,0.675,0.865,0.122,-0.243,-0.174
4415,0.321,0.314,-0.507,1.33,-0.965
4416,-0.509,-1.025,1.597,0.587,-0.148
4417,-0.228,-0.289,0.17,-1.528,-0.796
4418,0.774,-1.356,0.137,-1.875,0.213
4419,-1.128,0.048,-1.075,0.653,-0.344
4420,0.053,0.743,0.231,1.151,-0.362
4421,0.738,0.168,-0.874,0.126,-0.784
4422,0.078,0.881,-1.34,-0.089,-0.601
4423,-1.031,1.716,-1.32,1.667,-0.775
4424,-2.209,-0.998,-0.471,-1.296,-0.334
4425,-0.31,0.394,0.334,-0.455,1.07
4426,1.361,1.28,1.629,1.83,0.502
4427,-0.737,-0.474,0.299,-0.597,-1.465
4428,1.125,-1.55,-0.149,-0.361,-0.13
4429,1.133,0.524,1.153,-0.993,0.848
4430,0.25,-1.685,-2.63,-0.182,1.294
4431,0.071,-0.131,-0.505,0.74,0.608
4432,0.762,0.458,-0.627,-3.157,-0.741
4433,1.069,-0.757,1.436,-0.02,-1.491
4434,-0.076,-0.328,-0.28,-1.597,0.457
4435,1.44,0.326,-2.558,0.424,-0.563
4436,-0.605,0.16,0.146,0.679,0.048
4437,1.396,-0.297,1.2,-1.036,1.565
4438,-1.503,-0.972,-1.494,-0.886,0.201
4439,0.19,1.361,0.263,0.676,0.167
4440,0.199,-0.602,1.446,-0.721,-0.221
4441,-0.686,-0.727,-0.098,0.195,-1.028
4442,-0.122,-0.604,1.036,1.925,0.001
4443,1.613,-0.289,1.268,1.029,0.72
4444,0.586,0.604,-1.354,0.274,-0.106
4445,-0.551,-0.242,0.272,-1.608,1.899
4446,0.535,0.781,0.282,-0.001,-0.471
4447,-0.197,2.334,0.149,-1.637,1.123
4448,-0.435,-1.404,0.405,-0.977,-1.047
4449,-2.097,1.609,-0.017,-0.847,0.145
4450,0.541,0.021,0.635,0.161,-1.055
4451,0.882,-0.105,0.244,1.628,0.335
4452,-0.666,-1.485,0.546,-1.844,1.025
4453,-0.666,-0.052,-1.479,1.374,-0.63
4454,-0.9,0.987,0.276,0.323,1.774
4455,0.329,1.897,-0.009,1.221,0.323
4456,-1.558,-0.901,1.236,-2.34,0.955
4457,-0.818,-0.678,-1.661,-1.849,-0.17
4458,0.838,0.219,-0.459,0.304,-0.792
4459,-0.098,1.473,-1.736,-1.469,-0.956
4460,0.791,-0.696,1.362,0.611,-1.067
4461,0.095,-0.271,0.466,-0.736,-0.039
4462,-0.633,0.964,0.625,-0.68,-0.356
4463,-0.783,1.081,1.933,-1.102,-1.605
4464,-1.067,0.155,-1.439,-0.466,0.559
4465,-0.24,-0.572,-0.585,-1.473,0.763
4466,0.541,1.748,1.125,0.792,-1.874
4467,1.4,-0.133,0.233,0.054,0.877
4468,-0.616,-0.74,0.35,-1.901,-0.074
4469,-1.972,1.737,1.132,-0.26,0.439
4470,-1.481,-0.301,1.738,-0.543,-0.438
4471,0.561,-1.304,1.229,-2.085,-0.332
4472,-0.718,1.577,-1.554,-0.26,-1.137
4473,1.564,2.531,0.039,1.258,-0.912
4474,-0.447,1.585,-1.446,1.1,1.028
4475,2.179,0.303,-2.227,0.462,-2.044
4476,-0.267,-1.785,1.935,-2.588,-0.268
4477,-0.012,0.569,-0.874,-1.204,-0.431
4478,0.293,-0.852,-0.619,1.151,1.202
4479,0.22,-0.482,-0.642,-0.063,0.691
4480,-0.394,-0.648,-0.348,0.242,-1.748
4481,-0.06,-0.054,-0.077,-0.104,1.476
4482,-0.106,-1.446,-0.869,-1.423,-0.457
4483,-0.362,-1.246,-0.219,0.993,-0.741
4484,0.499,0.745,2.838,-0.369,-0.647
4485,-0.186,1.693,-0.773,0.848,1.309
4486,-0.351,1.492,-0.41,1.448,-1.59
4487,0.476,-0.402,0.879,0.781,0.879
4488,2.093,-0.304,0.205,-0.453,1.964
4489,-0.13,-0.1,-2.26,-1.327,1.189
4490,-0.161,0.278,0.048,-2.398,0.409
4491,0.847,0.234,-0.146,0.685,-0.2
4492,0.036,-0.479,-1.097,-0.644,-0.084
4493,1.027,1.119,0.599,-1.106,1.224
4494,0.172,0.35,-0.909,-0.647,0.667
4495,0.359,0.71,-0.353,-1.172,0.048
4496,1.171,-0.835,-0.867,-1.677,-0.875
4497,0.054,-0.655,-1.083,-0.64,0.94
4498,-0.924,-0.464,1.025,-1.32,1.165
4499,-0.723,-0.402,-2.242,-0.327,0.536
4500,1.215,-0.29,0.791,-0.612,-0.597
4501,-1.488,-0.023,0.299,-0.569,0.839
4502,-0.875,-0.124,0.261,-0.341,-0.08
4503,-0.415,-0.844,0.506,1.175,-0.486
4504,0.174,-1.435,-1.717,1.744,2.901
4505,-0.796,1.444,-0.019,-0.682,0.313
4506,-0.271,-0.33,1.034,0.886,-0.546
4507,-1.716,0.741,-0.49,-0.357,-0.455
4508,-0.518,0.366,0.892,-0.012,1.895
4509,1.177,-0.819,0.548,0.263,1.419
4510,1.33,0.938,-1.351,-1.44,1.394
4511,0.475,0.569,-0.708,-0.434,0.003
4512,1.141,1.883,1.154,1.686,-0.844
4513,-0.625,0.866,-0.783,-0.067,-0.601
4514,-0.976,0.793,-0.624,-1.844,0.717
4515,0.79,0.168,-0.667,-0.299,0.278
4516,-0.925,0.507,-0.441,-0.54,-0.032
4517,-0.871,1.836,0.904,0.431,-0.334
4518,-0.223,1.27,1.801,0.127,-0.032
4519,-0.711,1.704,0.212,0.361,0.67
4520,1.471,0.941,-1.023,0.387,0.266
4521,-0.51,-2.191,1.152,1.027,0.961
4522,-0.271,0.734,0.036,1.311,-0.117
4523,0.469,-0.017,-0.561,0.194,-0.309
4524,-0.546,0.563,0.178,-0.615,-0.222
4525,-0.309,0.39,-0.39,-0.908,0.809
4526,-0.513,-0.733,-1.021,-0.209,-0.629
4527,1.437,-2.032,0.516,2.654,-0.755
4528,0.437,-1.287,0.513,-0.368,-0.296
4529,1.206,-1.12,-0.101,-0.827,0.546
4530,-1.167,0.393,-1.109,1.128,-2.273
4531,-0.88,0.141,-0.047,0.877,-1.827
4532,0.604,-1.092,-0.629,1.037,0.522
4533,-0.242,-0.399,-0.455,0.326,-1.784
4534,0.147,1.186,-0.248,-0.846,0.36
4535,0.803,-1.362,-1.048,1.473,0.97
4536,0.526,0.389,2.116,0.785,-0.285
4537,0.122,1.084,-0.11,0.96,0.29
4538,-1.408,-1.542,-0.912,0.701,0.726
4539,0.138,-0.061,0.229,-1.402,0.799
4540,-1.239,1.145,0.132,-1.199,0.773
4541,1.34,0.162,-1.347,1.138,0.81
4542,0.115,-0.246,-0.451,-0.08,0.214
4543,-0.93,-0.133,0.001,0.05,-1.311
4544,0.375,3.548,-0.467,-0.08,-0.913
4545,-1.418,-1.374,0.518,-1.261,-0.301
4546,-1.453,-0.84,0.838,0.18,-0.519
4547,-1.346,0.083,0.308,-1.285,0.413
4548,2.023,-0.432,1.137,-2.222,1.534
4549,-0.077,-2.023,0.414,2.505,-0.415
4550,0.438,-1.367,-0.084,-0.932,-0.094
4551,1.371,0.988,-1.587,1.93,0.555
4552,-0.615,0.1,-0.469,-0.053,0.831
4553,0.069,-0.468,0.608,1.384,0.241
4554,0.242,0.032,-1.713,2.803,0.169
4555,-0.485,0.741,-1.6,-0.202,0.48
4556,1.575,-0.311,-1.006,0.953,-0.553
4557,-1.019,0.144,0.092,0.302,-0.775
4558,0.612,-1.152,0.828,0.939,-0.257
4559,0.444,-0.281,-0.872,-0.221,1.026
4560,-2.207,0.05,-0.671,1.123,-2.195
4561,0.912,1.005,0.188,-0.623,-1.552
4562,1.181,-0.376,-1.072,0.03,0.731
4563,-0.609,-1.886,0.516,1.08,0.352
4564,-0.591,-0.221,-0.547,-0.562,0.01
4565,-0.653,0.248,-0.197,-0.536,1.14
4566,-1.191,1.073,-1.081,-1.808,0.079
4567,0.255,-1.082,0.28,-0.796,0.718
4568,-0.232,0.421,-1.144,-0.167,0.611
4569,0.243,-0.992,1.567,0.724,-0.21
4570,-0.881,-0.248,-0.967,-0.269,-0.181
4571,-0.58,-0.746,0.491,-0.771,2.246
4572,0.339,-0.247,0.958,-0.645,1.946
4573,-0.857,-2.112,0.244,-0.266,-1.137
4574,0.963,-1.073,0.613,-0.635,0.918
4575,-1.046,1.11,-0.018,-0.809,-1.73
4576,-0.592,-1.193,0.75,-2.285,-1.587
4577,-0.279,0.689,1.552,0.739,-1.304
4578,-1.844,-0.28,0.322,1.998,-0.145
4579,-2.919,1.156,0.677,-0.022,-1.82
4580,0.536,0.445,2.009,-0.158,-2.002
4581,-0.285,-1.638,-1.05,0.252,-0.235
4582,-0.737,-0.446,0.005,-0.844,0.692
4583,0.882,0.859,-1.224,-0.878,-0.408
4584,-0.684,-1.13,0.242,1.492,0.896
4585,-0.336,-0.624,-0.821,0.716,0.7
4586,-0.004,-1.199,-0.261,0.352,-0.203
4587,-0.288,-0.38,0.917,0.648,-0.856
4588,1.857,0.153,0.306,0.622,-1.469
4589,1.016,-0.679,0.272,0.673,-0.741
4590,0.142,-0.175,0.667,-0.731,-0.206
4591,-0.067,0.373,0.912,0.345,-0.884
4592,-0.319,0.144,-2.168,0.274,-0.46
4593,1.459,-0.314,0.209,0.058,0.298
4594,1.72,1.779,-0.526,1.294,0.595
4595,1.08,-1.911,0.007,-0.45,-0.315
4596,-0.172,-1.936,-0.246,1.209,-0.295
4597,1.979,-0.677,-1.186,0.633,-1.004
4598,0.506,0.924,0.762,-0.372,-0.824
4599,0.149,-0.714,0.528,0.896,-0.174
4600,1.32,0.576,0.036,0.084,-0.23
4601,-0.153,1.699,0.132,-0.251,-1.099
4602,1.188,0.739,1.36,0.266,-0.464
4603,-0.399,0.0,-0.326,-0.168,-2.314
4604,0.425,1.062,0.543,0.12,-0.105
4605,-0.577,-0.852,-0.613,0.889,-1.346
4606,1.312,1.801,0.22,0.539,-0.623
4607,1.482,0.315,-0.508,-1.748,-0.7
4608,-0.545,-1.066,-1.073,0.124,-3.167
4609,-1.057,1.52,-0.889,-0.222,-0.743
4610,0.449,0.266,-1.334,-0.565,0.79
4611,1.58,1.344,-0.74,-1.548,0.405
4612,-0.007,-0.603,0.225,-0.153,-0.075
4613,0.567,3.027,2.869,0.405,0.128
4614,1.529,-0.854,1.241,-1.669,1.976
4615,-1.101,0.076,1.461,-0.486,-0.045
4616,0.745,1.074,1.321,-0.549,-0.233
4617,1.293,-0.095,-1.534,1.239,0.385
4618,0.899,0.68,1.025,-1.232,-0.332
4619,-2.053,1.622,1.437,0.007,-0.516
4620,1.137,-0.14,-0.162,-0.294,0.128
4621,0.792,-3.318,0.294,1.381,-0.485
4622,0.284,-0.467,-0.542,0.31,0.748
4623,-0.248,-0.744,-0.656,-1.079,-0.329
4624,1.196,0.917,-2.306,-0.46,1.59
4625,0.53,0.562,1.197,0.236,-0.675
4626,0.961,1.824,-0.484,-1.528,0.3
4627,-0.502,-0.349,-1.683,-0.213,-0.266
4628,0.132,1.252,0.74,0.83,1.832
4629,-0.916,0.337,0.033,0.243,1.745
4630,1.12,0.412,0.519,0.259,0.249
4631,1.058,-0.711,1.239,-1.179,0.263
4632,1.156,-0.067,0.613,-0.174,-0.174
4633,1.332,-0.498,-0.91,-0.056,0.832
4634,0.593,0.479,-0.28,-0.935,0.396
4635,0.646,-0.87,-0.457,1.125,0.163
4636,-0.295,0.807,0.449,1.715,-0.577
4637,-2.218,0.79,-0.093,-1.308,0.899
4638,-0.313,-0.353,-0.288,-0.565,-2.031
4639,1.844,-1.962,0.255,-0.605,-0.247
4640,-1.729,0.931,0.746,-0.484,-2.475
4641,0.423,-0.012,1.26,-0.541,0.856
4642,0.404,-1.293,-1.435,-2.079,-1.028
4643,0.39,-0.299,0.098,0.026,0.2
4644,0.766,-0.276,0.8,0.993,0.32
4645,-0.41,0.855,-0.112,0.458,-1.113
4646,-0.944,-0.84,1.055,1.168,1.193
4647,-1.814,0.653,0.523,-1.301,-2.239
4648,-0.387,1.465,-0.794,0.33,0.426
4649,0.946,-1.072,-1.075,-1.177,-1.271
4650,1.041,0.323,1.007,-0.418,-0.761
4651,-0.309,1.65,0.995,0.921,0.776
4652,-0.616,0.367,-0.847,0.812,-1.844
4653,0.309,0.165,-1.751,-0.098,0.626
4654,3.205,-0.485,2.171,-0.469,0.735
4655,0.201,-0.196,0.359,1.477,1.246
4656,0.971,1.076,0.203,-0.68,-2.065
4657,-1.468,-0.283,0.135,1.555,0.019
4658,-2.657,1.197,0.949,-0.368,0.23
4659,-0.254,-1.153,-1.171,-0.234,1.17
4660,-0.202,0.651,1.243,-0.203,-1.593
4661,-1.657,-0.111,1.945,0.943,0.935
4662,-0.158,1.189,0.452,-1.12,-0.44
4663,0.717,-0.013,-2.296,1.595,-0.496
4664,-1.805,-0.982,-0.552,-0.99,-1.101
4665,0.667,-0.784,0.216,1.121,0.318
4666,0.551,-0.762,2.115,0.975,-0.034
4667,-0.741,2.241,1.09,0.092,0.909
4668,-0.929,1.502,-0.099,-0.89,0.151
4669,-1.02,1.366,-0.333,-0.177,0.13
4670,1.584,0.702,1.473,-0.722,-1.066
4671,-0.678,0.051,1.065,0.51,0.015
4672,-0.011,-0.701,0.411,2.373,-0.426
4673,0.106,-0.017,0.576,0.74,0.506
4674,-0.268,1.096,-1.236,1.186,0.341
4675,-0.759,0.697,-0.226,0.049,0.302
4676,-1.069,-0.827,-0.082,0.546,-0.786
4677,1.006,0.862,0.218,-1.378,-1.022
4678,-1.247,0.648,0.68,-0.024,-1.225
4679,-0.3,-0.007,1.781,-0.809,0.279
4680,-1.047,0.297,-1.535,1.436,-0.139
4681,2.348,0.331,-1.574,0.901,0.021
4682,0.362,1.261,-2.006,-1.011,1.149
4683,-0.022,-1.205,-2.511,-0.126,1.577
4684,1.935,-1.955,-0.753,-1.143,-0.26
4685,-1.972,0.775,-0.879,0.483,0.224
4686,-0.566,0.301,-0.193,0.083,-0.53
4687,1.548,-0.853,0.737,1.11,1.167
4688,0.343,-0.736,-0.383,-0.555,0.338
4689,0.96,-0.268,1.774,-0.631,0.234
4690,-1.819,0.235,-0.895,-0.466,-0.413
4691,-1.002,0.733,1.489,-1.728,0.954
4692,0.538,0.211,0.636,-0.263,-0.072
4693,-0.349,-1.103,0.365,-0.234,-0.039
4694,1.833,-0.556,-0.49,-1.248,-1.568
4695,-1.184,0.577,-0.501,1.25,0.665
4696,0.912,-0.011,-0.264,0.89,-2.362
4697,0.248,-0.287,0.722,1.842,-0.511
4698,0.209,-0.082,-0.222,-0.804,-0.714
4699,-0.244,-0.04,-0.508,-0.694,0.385
4700,-0.774,1.172,1.157,-0.841,-0.875
4701,-2.333,0.931,0.388,0.595,-2.001
4702,-0.187,-1.122,0.498,-1.513,-0.774
4703,1.478,1.209,0.532,0.845,0.17
4704,-0.326,-1.081,-0.596,0.597,-0.634
4705,0.343,-0.627,-1.474,0.606,-0.948
4706,-0.692,0.46,-0.069,-0.363,1.916
4707,-0.14,1.679,1.019,1.094,0.016
4708,-1.583,0.128,0.412,-0.648,0.051
4709,-0.702,1.319,0.518,0.764,-0.016
4710,1.519,-0.393,0.92,-0.01,-0.44
4711,0.263,-1.986,0.623,-0.766,0.114
4712,1.145,0.044,-0.63,-1.324,-0.493
4713,-0.735,-0.19,-0.854,-0.354,2.587
4714,1.012,0.68,0.541,-0.375,-1.176
4715,-0.821,-1.555,0.987,-0.575,0.762
4716,0.031,0.995,1.824,2.417,-0.139
4717,-0.611,-0.459,-0.055,0.771,-0.485
4718,0.234,-0.747,-0.514,0.87,-0.224
4719,-0.62,-0.669,-0.226,0.918,1.384
4720,2.284,0.171,-0.697,0.79,-0.654
4721,0.519,-0.829,0.303,0.292,0.292
4722,0.744,1.704,0.294,-1.231,0.17
4723,1.201,1.131,-0.121,0.535,-0.053
4724,-0.583,-0.398,2.033,-0.192,3.092
4725,0.868,-1.705,-0.098,-1.341,-0.299
4726,-0.223,-0.198,-0.756,-1.065,0.268
4727,-1.357,0.192,-0.486,-1.56,-0.851
4728,0.24,-1.079,0.813,-0.533,0.597
4729,0.686,-2.194,1.53,-1.06,-1.048
4730,0.651,1.981,-0.366,1.957,0.337
4731,-0.342,1.121,0.777,1.052,0.379
4732,-0.429,0.16,-1.18,0.06,1.023
4733,0.535,-0.543,-0.233,0.409,-0.549
4734,2.132,1.357,-0.983,-1.246,-0.356
4735,1.445,-0.033,-0.726,0.299,0.049
4736,0.202,-0.085,0.141,1.903,-0.737
4737,1.302,-0.455,0.081,-0.454,-0.959
4738,0.432,-1.038,-0.965,0.835,1.277
4739,-1.183,0.674,0.545,-0.393,-1.064
4740,-0.431,0.187,-0.507,1.427,0.643
4741,-0.304,-0.285,0.641,0.738,-0.505
4742,0.909,1.033,-0.193,0.113,-0.808
4743,-0.235,-0.295,0.467,0.76,-0.184
4744,-1.321,0.181,0.142,-0.165,0.029
4745,0.938,-1.271,1.547,-1.115,-0.526
4746,0.199,-0.747,1.172,1.069,0.247
4747,2.048,1.432,-1.606,-0.602,-2.041
4748,0.332,-0.275,-1.447,0.39,0.187
4749,-1.588,2.445,-1.919,-0.029,1.299
4750,0.616,1.045,1.35,-0.202,0.124
4751,-0.647,0.483,-1.139,1.173,-1.677
4752,-0.44,-0.156,0.302,-1.481,-0.768
4753,-2.776,0.74,-0.262,-1.323,-3.064
4754,0.81,-0.088,-0.918,-0.648,-1.509
4755,-1.127,0.397,0.844,0.408,1.092
4756,-1.918,0.042,-0.169,0.056,0.636
4757,0.819,-0.461,-0.404,-0.919,-1.361
4758,-0.072,0.962,-1.393,1.129,-1.601
4759,0.068,-0.432,-1.65,-0.878,0.633
4760,0.84,0.717,-0.912,1.197,-1.156
4761,-0.421,-0.885,-1.007,-0.236,-0.699
4762,0.016,0.324,0.491,-0.636,1.851
4763,-0.533,0.925,0.376,0.409,1.009
4764,-0.601,-0.06,-0.483,-1.464,-0.896
4765,-0.315,0.039,-1.416,-0.83,0.108
4766,1.981,1.286,-0.398,0.701,1.556
4767,-0.017,0.863,-0.338,0.824,-1.626
4768,-0.175,1.25,1.9,0.765,-0.587
4769,-0.821,0.211,0.101,0.014,0.331
4770,1.124,0.674,0.578,-0.67,0.536
4771,-0.314,0.326,0.174,0.095,-0.895
4772,1.892,-0.848,-1.313,-0.443,-1.198
4773,-0.755,0.051,0.958,-0.321,0.144
4774,0.565,1.16,-0.526,-1.784,-1.128
4775,-0.049,-0.481,-1.466,-0.534,0.939
4776,-1.029,-0.457,0.312,-0.638,0.296
4777,-0.942,0.345,-0.139,0.577,-1.172
4778,-1.566,-0.401,1.09,-0.561,0.693
4779,-0.367,-0.586,0.468,1.068,1.015
4780,0.975,0.391,-0.262,-0.001,-0.472
4781,-0.488,0.074,0.856,-1.215,1.555
4782,1.374,0.471,1.34,-1.483,-0.665
4783,0.425,0.229,0.01,1.543,-0.276
4784,1.1,1.687,-2.232,-0.521,-0.624
4785,1.843,-1.34,0.66,0.202,0.817
4786,-1.372,-0.426,-1.746,1.397,-0.694
4787,-1.395,-0.143,1.921,0.707,-2.498
4788,-0.972,1.65,-0.755,-0.644,0.386
4789,1.251,-0.337,-1.175,-1.673,-0.923
4790,-0.106,1.178,-0.202,-0.938,-1.382
4791,-0.573,-0.999,-0.854,0.212,-0.387
4792,-1.252,0.116,-2.176,-0.535,1.649
4793,-0.047,1.076,0.168,-2.067,-0.485
4794,1.778,0.266,0.484,0.658,-1.535
4795,0.699,-0.947,-0.127,-0.669,-1.092
4796,-0.888,-1.072,-1.066,-0.217,1.791
4797,-1.499,0.025,0.286,1.084,0.514
4798,-0.016,-0.601,0.118,-0.336,1.26
4799,1.028,1.259,1.456,-0.226,1.562
4800,0.677,0.795,0.06,0.31,-1.007
4801,0.152,-0.803,-0.428,-1.137,0.847
4802,0.656,-1.565,-0.368,1.198,0.52
4803,0.371,0.043,1.032,1.217,0.213
4804,-0.44,0.191,-0.957,-1.929,1.758
4805,0.661,1.404,0.421,1.236,0.433
4806,-0.714,-0.153,-1.268,0.371,0.542
4807,-0.76,0.663,-1.152,0.589,0.686
4808,1.738,-0.191,-0.512,1.386,-0.245
4809,0.351,-0.062,-0.93,-0.765,0.329
4810,0.307,-1.645,0.418,-0.884,0.112
4811,-0.43,0.018,0.341,0.589,1.092
4812,-1.21,-0.15,1.9,-0.642,0.302
4813,0.525,-0.531,-0.983,-0.867,0.046
4814,-0.094,0.61,0.264,0.307,-0.967
4815,-0.716,2.468,-3.075,0.357,0.947
4816,-0.021,0.241,-1.481,-0.13,-0.967
4817,0.347,0.244,0.078,0.107,-0.719
4818,1.348,0.314,0.504,0.007,-1.803
4819,0.129,0.314,0.178,1.202,-0.531
4820,-0.675,-1.143,-0.761,-0.134,0.263
4821,1.033,-0.623,0.556,0.565,1.89
4822,0.05,-0.828,0.109,-2.803,-0.596
4823,-0.66,-0.469,-0.586,-1.484,0.865
4824,0.603,0.427,-0.454,0.771,0.131
4825,1.039,0.38,-0.623,0.825,0.703
4826,-0.018,1.294,-2.217,1.273,0.894
4827,-0.446,-0.864,-0.162,-1.62,0.515
4828,0.601,-0.614,-1.311,0.933,1.148
4829,0.245,-0.342,1.555,0.408,-0.571
4830,0.839,-0.561,0.773,-0.131,0.589
4831,-0.866,0.277,-1.918,1.115,0.282
4832,0.248,-0.618,0.213,0.411,-0.177
4833,-0.381,0.805,0.153,-0.543,-0.872
4834,0.781,1.855,-1.637,1.715,-1.407
4835,-0.637,1.376,0.901,0.796,-0.588
4836,-1.221,-0.29,0.324,0.263,1.095
4837,-0.368,0.383,0.582,-0.692,0.226
4838,0.049,-0.113,0.307,1.511,-0.292
4839,0.567,1.923,0.337,0.981,0.176
4840,0.075,1.504,1.074,-2.859,0.956
4841,-0.162,1.006,0.562,-0.148,-0.127
4842,-0.86,-0.475,0.901,1.058,0.585
4843,-0.264,0.989,0.084,0.22,1.544
4844,1.886,0.732,0.485,-1.865,0.575
4845,-0.768,-0.119,-0.031,1.132,0.953
4846,-0.888,1.115,0.455,0.468,0.901
4847,0.478,-1.08,0.733,0.836,0.359
4848,0.982,-0.347,0.139,1.497,0.248
4849,0.806,1.523,0.097,1.148,-0.591
4850,0.236,0.678,-1.419,-0.455,-1.158
4851,-0.157,-1.089,1.362,0.025,0.672
4852,-0.003,-0.763,0.874,-0.133,0.964
4853,-0.724,-0.143,0.448,-0.654,-0.014
4854,0.222,-1.352,0.218,-0.038,0.551
4855,0.203,-1.261,-0.83,1.038,-0.383
4856,-0.733,1.006,-0.855,2.295,-0.851
4857,0.185,1.396,-0.233,-0.179,1.003
4858,0.063,0.553,-0.352,-0.407,0.613
4859,0.374,-0.994,1.908,-1.207,0.333
4860,-0.032,-0.401,-2.498,2.171,0.366
4861,2.216,2.802,-2.121,0.746,-2.283
4862,1.147,-0.655,-1.495,0.411,-0.76
4863,0.84,2.31,0.201,-0.672,-1.342
4864,-0.285,-0.166,2.793,-0.308,0.656
4865,0.519,-1.508,0.332,1.577,0.069
4866,1.113,-0.967,-0.391,-1.011,0.01
4867,0.566,0.022,-0.708,-0.423,-0.677
4868,-0.214,-0.642,-0.779,-0.414,0.206
4869,-0.159,-0.75,-0.784,0.692,-0.193
4870,-0.975,0.079,0.476,-1.437,1.269
4871,1.367,1.257,-1.196,-0.026,-0.868
4872,0.741,-0.612,-0.384,-0.521,0.565
4873,0.779,-0.363,1.591,-1.372,0.335
4874,0.814,-1.157,-1.727,0.554,1.354
4875,0.113,0.598,-0.963,0.492,0.573
4876,0.145,-0.728,0.27,0.748,0.315
4877,-0.089,3.233,-1.336,-0.067,-0.139
4878,-0.782,-1.859,-0.704,1.064,1.53
4879,1.345,-0.716,1.018,-2.154,0.169
4880,0.51,-0.639,-1.789,0.588,-0.083
4881,1.585,0.232,-1.69,1.039,0.474
4882,0.416,0.948,-2.319,0.54,2.317
4883,-0.615,-0.706,0.19,-0.895,0.242
4884,-1.085,0.463,0.504,-0.449,-0.516
4885,2.725,-0.149,-0.492,1.336,-1.157
4886,-0.962,-0.458,-0.749,-0.582,1.138
4887,-0.388,0.88,1.215,0.102,-1.157
4888,0.74,0.265,-0.19,0.639,-2.183
4889,1.689,1.854,0.996,-2.003,1.537
4890,0.671,0.403,0.658,-0.849,-0.6
4891,-0.258,0.658,0.007,-0.481,0.203
4892,0.875,0.506,0.571,-0.479,-0.038
4893,0.948,-0.663,1.261,0.319,-1.221
4894,-1.423,0.02,-0.75,0.283,-0.051
4895,-0.835,2.446,0.018,0.089,0.795
4896,-0.878,-1.534,-0.061,1.972,0.312
4897,-0.87,-1.242,-1.264,0.807,0.541
4898,-0.341,-1.137,0.373,0.914,-1.227
4899,1.006,0.154,-0.748,-0.231,-0.401
4900,-0.948,1.129,-0.42,-0.069,0.322
4901,-1.086,-0.302,-0.167,-0.662,-0.392
4902,1.356,-0.277,-1.245,-1.328,0.556
4903,-1.323,-0.28,-0.391,-0.541,-0.444
4904,1.317,-0.536,-2.611,0.821,0.508
4905,0.153,2.087,0.727,-1.269,0.0
4906,0.166,0.539,-0.115,-0.799,1.227
4907,-2.448,2.146,1.249,0.649,0.82
4908,0.037,0.615,-0.828,1.567,-0.345
4909,-0.146,0.27,0.725,-0.324,-0.672
4910,-0.359,-1.382,-0.383,1.117,-0.976
4911,0.516,0.431,-2.279,1.039,-0.651
4912,-0.615,0.486,-0.677,1.191,0.041
4913,-0.891,0.229,-1.494,-0.527,-0.639
4914,0.119,0.375,1.265,1.751,0.681
4915,0.437,1.237,-0.197,0.857,0.637
4916,0.409,0.771,-0.713,-0.328,0.814
4917,0.488,0.298,0.457,-0.124,0.368
4918,0.636,-0.513,1.016,0.175,-0.161
4919,1.017,-0.169,-0.331,0.213,-1.357
4920,-0.621,0.502,-1.038,-0.565,-1.755
4921,0.1,-1.317,-1.816,0.796,-0.799
4922,-0.312,1.516,1.119,0.253,0.099
4923,-0.161,-1.149,0.595,0.148,-0.14
4924,0.017,1.163,-1.922,0.218,-0.037
4925,-2.087,1.459,0.395,0.177,0.213
4926,-0.103,-0.028,-0.439,-0.35,2.289
4927,1.013,0.527,-0.678,-1.286,-0.339
4928,0.536,-0.516,-1.23,-0.612,-0.565
4929,-0.35,0.549,-1.42,-0.342,1.311
4930,-0.042,-0.727,0.574,1.05,-1.362
4931,-0.179,0.308,-0.216,2.241,-0.506
4932,0.774,-0.307,0.743,1.841,-0.845
4933,-0.711,0.666,0.161,-1.297,-0.861
4934,1.124,1.347,0.231,1.386,0.885
4935,0.01,0.308,-0.508,-0.723,-0.285
4936,-0.044,0.768,0.633,-1.511,1.376
4937,-0.779,0.01,-1.111,-1.04,-0.364
4938,-0.067,2.147,-0.279,-1.062,-1.149
4939,1.258,-0.47,0.623,0.757,0.558
4940,0.376,-0.134,-0.533,-1.31,-0.339
4941,0.23,0.032,-1.297,-0.224,-0.479
4942,0.673,-0.534,-0.947,-0.381,-1.634
4943,-0.345,1.308,-0.599,0.042,0.523
4944,1.279,-0.986,-0.032,0.282,-0.401
4945,0.553,1.296,-0.98,1.615,0.605
4946,1.796,-1.023,-1.21,-0.41,1.517
4947,-0.07,0.39,-1.889,-0.245,-0.003
4948,-0.467,0.027,0.042,-1.627,-1.332
4949,-0.759,-0.417,0.718,1.793,-1.078
4950,1.374,0.188,-0.13,0.856,0.804
4951,-1.083,0.877,0.22,1.173,-1.447
4952,-1.283,0.548,-0.288,1.494,-0.157
4953,0.282,1.469,-0.626,-0.868,1.096
4954,1.187,2.247,-0.531,0.481,0.587
4955,-1.367,0.16,1.009,0.09,-0.676
4956,0.475,-1.328,-0.335,0.717,-1.501
4957,-1.097,0.298,0.122,-1.796,0.266
4958,-0.727,0.05,0.281,1.795,1.593
4959,1.43,-1.296,-2.093,0.833,-0.769
4960,1.275,0.583,-0.097,-0.831,-0.237
4961,-1.213,-0.878,0.272,-0.809,0.129
4962,-0.803,0.516,-0.155,1.748,0.663
4963,-0.602,0.43,2.165,-0.498,-1.655
4964,0.205,-0.074,-2.052,1.631,1.267
4965,-2.182,0.628,-1.455,0.055,1.18
4966,-1.2,-0.324,0.485,-1.253,-0.046
4967,1.388,-2.592,-0.016,-0.329,0.775
4968,1.511,-0.454,-1.092,0.644,0.085
4969,0.078,1.228,-1.086,0.959,0.106
4970,0.586,-0.193,-0.29,-0.425,-1.578
4971,-0.403,0.846,-0.412,0.613,0.927
4972,-0.082,0.193,-0.009,0.03,-0.752
4973,1.991,-1.998,0.738,-0.269,-0.639
4974,1.916,0.183,-0.777,-0.613,-0.734
4975,-2.106,0.606,-0.085,0.862,-0.453
4976,0.946,-1.664,-0.358,-0.03,1.184
4977,1.408,0.34,-1.751,0.233,0.74
4978,-1.328,0.946,0.076,-2.2,0.017
4979,1.236,0.645,-1.728,0.986,0.748
4980,0.455,0.015,-0.712,1.118,0.2
4981,-1.342,-1.188,-0.474,1.088,0.402
4982,-0.614,-0.39,1.024,-1.193,-1.049
4983,1.636,0.061,-1.253,-0.371,-1.199
4984,1.074,0.788,-0.044,0.045,-0.445
4985,0.697,0.974,-0.367,0.825,0.834
4986,0.314,0.96,-0.821,-0.573,0.3
4987,-1.126,0.567,0.74,-1.165,-1.679
4988,0.696,0.4,-0.168,0.728,-0.107
4989,1.732,-0.228,1.005,2.299,1.172
4990,1.645,0.326,0.977,-1.177,1.013
4991,2.078,-0.795,-0.671,-0.244,-0.842
4992,0.203,1.121,1.982,-0.888,0.746
4993,0.56,-0.192,-1.377,0.578,1.798
4994,-0.992,-0.208,0.351,0.449,-1.266
4995,1.288,0.831,-1.293,-1.825,0.56
4996,-0.244,-1.644,-1.627,-0.834,0.26
4997,2.313,0.491,-1.889,0.534,-0.698
4998,0.514,-0.346,0.269,-0.725,0.492
4999,0.875,-0.938,-0.246,0.047,1.681
