data,at1,at2,at3,at4,at5
0,0.473,1.672,-0.187,-1.473,0.079
1,-0.606,-0.794,0.987,-0.436,0.127
2,0.036,-1.655,0.628,-0.725,0.027
3,-0.051,-0.578,-1.333,-2.176,-0.317
4,-0.804,0.207,0.63,-1.489,-0.599
5,1.656,0.641,0.2,-0.771,3.044
6,-0.173,-0.014,-0.467,0.028,0.071
7,1.342,1.293,0.994,-0.767,1.206
8,-0.524,1.364,-1.052,-0.644,-1.311
9,-0.856,0.235,-0.672,0.722,-0.527
10,1.311,0.947,0.088,-1.556,0.713
11,-0.764,-0.396,-2.45,0.745,0.239
12,0.455,-0.805,-0.828,0.774,-0.913
13,2.677,0.603,0.526,1.52,-0.092
14,-0.784,0.113,0.418,0.423,1.75
15,-2.391,1.573,-0.296,0.677,1.714
16,-1.374,0.633,0.543,0.206,1.696
17,1.594,0.552,2.351,-0.375,-0.842
18,-0.698,0.49,-0.332,-0.551,-0.058
19,0.442,0.321,-0.249,0.246,-1.122
20,-0.053,-0.534,0.433,-0.243,0.926
21,-0.481,-1.34,-1.057,0.284,0.656
22,0.842,0.437,1.582,0.656,0.792
23,0.695,-0.868,0.688,-0.801,1.513
24,1.208,0.114,-0.54,1.639,-1.366
25,2.046,-0.793,-0.218,0.801,2.187
26,0.447,-0.366,0.481,1.255,-1.195
27,-0.338,-0.491,1.037,0.264,1.093
28,-0.615,2.209,1.14,0.596,2.009
29,-0.251,-0.521,-0.344,-1.37,-0.32
30,-1.783,-0.107,-0.278,-0.054,-0.346
31,-0.266,-1.865,-1.407,0.732,0.022
32,0.431,0.322,-0.004,-0.719,-0.704
33,0.53,0.353,-0.665,-0.111,0.74
34,0.094,-0.685,0.263,-1.083,0.377
35,0.866,0.129,-0.021,0.014,-0.429
36,-1.995,0.332,-1.366,1.67,-0.519
37,-0.124,-2.282,2.57,-0.944,-0.981
38,0.76,0.246,1.317,1.687,-0.867
39,-0.611,1.306,2.461,-1.609,0.827
40,-1.945,-0.337,-0.73,0.31,0.755
41,-1.261,1.699,1.386,0.224,0.933
42,0.829,-1.179,-0.153,0.449,-0.295
43,1.661,-0.181,-1.018,0.411,2.06
44,-0.393,0.536,1.301,-0.845,0.769
45,0.168,0.113,-0.736,1.07,-2.328
46,1.172,0.713,-0.604,-0.608,-0.283
47,-1.505,-0.011,-1.407,-1.484,0.123
48,0.201,-1.115,-0.324,1.774,-0.803
49,1.13,1.072,-0.092,0.129,-1.592
50,0.986,-0.714,-1.262,-1.376,1.027
51,-1.075,-0.312,-0.264,-0.499,-1.568
52,0.635,0.53,1.45,-1.007,-0.523
53,-0.624,-1.053,-0.291,0.728,-0.347
54,0.208,-0.45,-0.314,0.181,3.309
55,0.557,-1.14,-1.25,0.355,0.266
56,0.755,-0.479,-1.081,-2.094,-0.794
57,-1.215,-0.538,1.246,-2.121,0.793
58,0.139,1.411,-0.786,0.834,-1.288
59,-0.615,-0.873,1.461,1.729,1.899
60,0.344,0.368,0.713,-0.631,-0.503
61,1.932,0.979,-0.604,-1.689,-0.71
62,0.72,0.23,-1.048,0.117,1.497
63,1.116,0.523,-0.641,-0.238,1.648
64,-0.502,0.92,-0.588,1.719,0.729
65,-1.448,0.92,2.006,-0.583,-0.715
66,0.764,-0.49,0.366,-0.017,0.183
67,-1.142,0.005,-0.974,1.753,-0.82
68,-0.361,1.755,-0.321,0.845,1.222
69,0.065,-0.798,0.531,-0.368,1.012
70,-0.179,-0.851,-0.685,-1.515,-0.712
71,-1.015,1.216,0.328,0.071,-0.732
72,-1.652,-0.654,-0.711,-1.127,-0.471
73,0.117,0.253,-0.214,-0.241,1.532
74,-0.616,0.008,1.424,0.71,0.466
75,0.181,0.636,-1.573,-0.908,-1.858
76,1.906,1.585,0.674,-1.195,-0.24
77,-0.565,1.951,0.597,-0.407,-0.656
78,-1.074,0.694,-0.374,0.673,0.631
79,-1.002,0.244,0.12,-1.57,-1.341
80,1.112,-0.104,2.315,0.56,-0.222
81,-0.837,-0.073,0.432,-0.385,0.297
82,0.361,-0.461,0.667,0.59,-1.544
83,-0.546,0.235,1.571,0.996,-0.478
84,0.899,-0.367,-0.658,-0.769,-1.035
85,0.0,1.782,-0.829,-0.705,0.257
86,-0.22,-0.009,-0.537,1.392,0.472
87,2.464,0.349,0.2,-0.25,0.138
88,-0.962,-0.374,-0.54,0.255,0.163
89,-0.406,0.591,-0.251,-0.029,-0.594
90,-1.346,-0.64,-0.582,-0.238,1.98
91,-0.197,0.022,-1.433,-0.189,-0.302
92,-0.863,-1.053,1.615,-1.382,-0.155
93,-1.39,0.21,1.195,-0.324,-0.333
94,0.199,1.467,0.59,0.416,1.803
95,-2.287,1.625,0.222,0.286,0.298
96,1.122,1.772,-0.764,-0.098,0.298
97,-1.202,0.357,-0.028,-0.948,0.519
98,-0.529,2.017,0.691,0.289,-0.944
99,0.877,-0.996,0.328,-0.746,-0.669
100,-0.939,0.023,0.306,2.719,0.241
101,-1.498,0.053,-0.824,0.637,1.705
102,-0.977,-0.318,-0.328,0.304,-1.181
103,0.505,-0.525,-0.143,0.728,0.965
104,-0.354,-0.105,1.462,0.576,0.074
105,0.908,1.489,-0.954,0.539,-1.246
106,-0.705,0.557,0.202,0.785,-2.662
107,-1.116,-0.987,-2.363,1.003,-0.24
108,-1.223,-0.229,0.297,0.822,-1.425
109,0.373,-0.195,-0.114,-1.189,1.762
110,-1.345,0.925,-1.237,0.252,0.195
111,-0.928,-1.274,-0.029,-1.722,-0.602
112,-1.284,0.243,-0.378,-0.416,-1.831
113,-1.313,-0.805,-1.863,1.257,0.863
114,-1.054,1.866,1.173,-0.238,-0.784
115,1.05,-1.327,0.123,1.862,-0.069
116,-1.935,0.76,-0.95,-0.628,-2.019
117,-0.515,0.447,0.815,1.256,0.768
118,0.996,3.316,-0.839,-0.512,-2.045
119,1.539,0.377,-1.865,1.66,-0.633
120,2.06,-0.403,-1.242,0.308,-0.089
121,0.566,0.123,0.828,0.545,-0.802
122,-0.466,-0.075,0.507,-1.033,2.118
123,0.119,0.539,0.407,-0.212,1.099
124,-0.771,0.326,0.469,-0.229,-0.539
125,0.962,0.12,-0.148,0.832,0.126
126,2.663,-0.133,-0.688,0.116,-0.379
127,-0.066,-0.815,-0.953,-0.638,-0.208
128,-1.254,1.558,-0.566,-0.401,0.888
129,0.399,1.208,-0.394,2.504,-0.12
130,-0.626,-0.722,-0.956,0.31,1.312
131,-1.519,0.437,1.985,-0.92,1.136
132,-0.667,-0.146,0.424,0.056,-1.092
133,0.085,-0.068,-0.908,0.69,0.463
134,-0.817,-0.658,-1.416,1.733,-0.545
135,0.042,0.388,0.019,0.009,-1.376
136,1.671,2.162,0.948,0.475,-0.237
137,-1.257,0.722,0.358,0.397,-1.133
138,0.819,2.228,1.258,-0.994,-0.052
139,-0.512,1.017,-1.995,-1.335,-1.727
140,1.498,0.457,1.394,-0.623,-0.196
141,-0.326,-0.181,1.467,-1.829,-1.233
142,0.986,-0.506,-0.296,-1.125,0.939
143,0.843,0.645,-0.217,-1.968,-2.875
144,1.634,-1.202,-0.29,1.868,-0.263
145,0.2,0.475,-1.774,0.069,1.529
146,1.174,-1.591,-1.722,0.756,0.754
147,-1.416,0.411,-0.118,-0.845,-0.054
148,0.888,-1.139,-1.248,-0.744,0.845
149,-0.569,-1.726,-0.689,-0.765,0.424
150,-1.456,0.193,1.27,0.262,0.334
151,-1.687,0.033,-1.433,2.206,-0.602
152,-0.546,0.354,-1.221,-0.337,0.311
153,0.138,0.684,-0.263,0.192,-0.117
154,-0.726,-0.137,0.372,1.169,-0.159
155,1.805,1.021,-1.198,0.657,0.34
156,-0.927,1.22,0.459,-1.534,0.621
157,0.927,-0.398,0.511,-1.142,-0.638
158,0.083,2.766,1.154,-0.918,0.205
159,0.415,1.541,-0.005,0.193,0.056
160,0.229,0.635,0.454,-0.423,-0.534
161,-0.485,2.03,-0.486,-0.885,-1.292
162,1.645,0.237,-0.969,-0.257,0.299
163,0.592,-0.658,-1.072,-0.838,0.818
164,-0.094,0.147,2.07,0.389,0.133
165,0.928,0.776,2.055,-0.677,1.259
166,0.71,-1.067,1.281,-0.904,-0.094
167,-0.398,0.351,-0.0,0.323,-0.468
168,-0.626,0.214,1.236,-0.923,1.805
169,0.166,-0.766,-0.149,0.891,-1.231
170,0.131,-2.139,-0.347,-1.155,-0.829
171,-0.085,-0.847,1.297,-0.182,-1.388
172,-0.717,-0.719,1.184,-0.145,-0.191
173,0.883,0.598,0.06,0.659,0.303
174,-1.86,-0.273,-0.059,2.173,-1.399
175,-0.733,-0.698,0.793,-0.082,0.455
176,0.901,-0.012,-1.166,0.666,0.769
177,-0.183,-0.134,1.312,-1.291,-0.93
178,-0.049,0.034,0.657,0.891,-0.942
179,-0.454,1.404,-0.38,-0.897,-0.555
180,0.288,1.691,0.141,0.242,0.171
181,-0.416,-0.475,0.529,-0.317,-1.159
182,-0.57,-1.849,-0.589,-0.074,-0.936
183,0.597,-0.258,-0.577,1.7,2.078
184,0.13,0.642,-1.375,-1.372,-1.443
185,0.868,0.504,-0.296,-0.163,-1.088
186,0.354,-0.378,-0.453,-0.071,1.397
187,1.701,-0.4,-1.926,1.104,-0.059
188,-0.085,0.259,0.813,-1.044,1.183
189,0.668,-0.11,1.061,1.255,0.752
190,-0.483,-0.131,0.589,1.076,-0.319
191,0.808,0.797,-0.54,0.155,-0.386
192,0.459,0.262,1.392,-0.266,-0.994
193,1.21,-1.257,-0.559,-0.228,0.267
194,0.46,-0.902,0.42,1.211,0.146
195,-0.98,-1.312,0.148,0.168,-0.064
196,-0.698,-1.131,0.711,1.143,-0.349
197,-1.127,-0.153,0.513,1.62,0.033
198,1.142,-1.075,-0.274,1.599,0.081
199,-1.221,2.673,-0.598,1.124,-0.029
200,0.571,0.965,0.089,0.8,0.56
201,-1.061,-1.086,-0.39,-0.936,-0.603
202,-0.052,-0.992,-0.745,0.117,-0.922
203,0.842,-0.536,-0.456,-0.285,0.636
204,1.749,0.314,-0.689,0.216,-0.331
205,-0.758,0.238,0.894,-0.74,1.264
206,1.581,0.08,0.661,-1.585,1.322
207,-1.99,2.237,0.263,0.928,-0.309
208,0.833,0.079,0.952,-0.402,-0.448
209,-2.514,-0.41,2.071,0.348,-0.438
210,-0.965,0.51,-1.236,0.158,-1.87
211,0.364,0.663,-0.899,-0.009,0.137
212,-0.747,1.821,-2.494,-0.412,0.491
213,0.289,0.152,0.116,-2.809,0.367
214,-0.605,0.204,0.024,1.03,0.402
215,-0.152,-1.526,1.557,0.361,-0.383
216,1.373,-2.578,-0.874,-0.313,-0.807
217,-0.235,-0.156,-2.789,0.612,0.493
218,-0.593,-0.492,-1.009,1.037,-0.236
219,-1.316,0.208,-0.53,0.222,0.303
220,1.656,-0.179,0.393,1.493,0.309
221,0.738,0.674,-1.313,0.303,-0.126
222,-1.196,-0.332,-0.316,-1.188,-0.458
223,0.484,-1.02,0.126,0.287,-0.461
224,-0.534,-1.082,0.047,-1.013,0.365
225,1.94,0.529,-0.715,-0.861,-0.906
226,-1.066,-0.226,0.265,0.266,-0.137
227,-1.722,0.302,-1.068,0.363,-1.226
228,1.059,0.436,1.308,0.184,0.023
229,1.586,-1.724,-1.155,0.518,1.097
230,0.047,0.265,-0.129,-1.028,-1.75
231,-0.193,0.829,-0.028,-1.814,-0.253
232,-0.161,-1.241,-0.489,-0.48,-0.286
233,0.973,0.773,-0.589,-0.385,-0.026
234,-1.21,1.593,-0.532,-0.563,-0.693
235,0.188,-0.758,-0.522,2.531,0.359
236,1.142,-0.343,0.846,-0.413,-0.865
237,0.257,-0.742,2.415,1.376,-1.963
238,0.408,0.38,-0.113,-1.547,-0.263
239,1.384,0.019,0.259,-0.256,0.577
240,0.384,0.496,0.233,0.221,0.279
241,0.207,-0.536,1.652,-0.678,0.899
242,0.328,0.446,-0.438,-0.881,0.348
243,-1.104,1.84,2.61,1.146,0.356
244,-1.557,-1.084,0.106,-0.495,-0.358
245,2.222,-0.499,0.998,0.88,0.089
246,-2.041,-0.289,0.998,1.152,-0.876
247,0.058,-0.437,-0.892,0.335,0.603
248,-0.351,1.72,-0.599,0.671,0.873
249,0.719,0.103,-0.577,-0.206,1.149
250,0.048,-0.232,0.876,1.697,0.886
251,-0.116,-0.539,-1.24,-0.976,-1.514
252,2.356,-0.885,-0.702,0.516,-0.244
253,-1.948,0.61,-2.011,-0.245,1.629
254,0.082,-1.231,-0.217,0.455,0.076
255,0.903,0.074,-1.151,0.146,-0.467
256,-1.142,0.069,1.655,1.072,-0.952
257,-0.035,0.54,1.888,1.075,0.362
258,0.132,2.581,2.046,0.302,-1.252
259,-0.679,-0.033,0.334,-1.739,-1.538
260,1.713,-0.039,-0.498,-1.201,-0.334
261,0.431,-1.229,-0.237,-0.12,-1.035
262,-0.142,-1.383,-0.044,0.622,1.388
263,1.428,-0.945,0.288,0.655,-0.456
264,-1.262,-1.286,0.089,-0.595,-0.792
265,0.463,-0.06,-0.815,-0.591,-0.545
266,-1.173,-1.742,-0.612,0.017,0.43
267,-0.806,1.552,0.18,0.283,-0.359
268,0.459,-0.023,-0.418,0.804,-1.035
269,-2.547,-0.798,1.352,0.42,-1.941
270,-0.766,1.498,0.143,0.505,-1.335
271,1.055,-1.176,0.279,-0.557,-0.441
272,0.004,-1.745,0.743,-1.781,-1.197
273,0.46,-0.201,-0.396,0.518,-1.403
274,0.085,1.204,-0.507,0.558,0.554
275,-1.002,1.414,-0.074,1.808,-1.179
276,0.534,-0.186,1.534,-0.16,-1.583
277,-0.697,-0.012,-0.41,-0.576,-1.3
278,1.263,-0.009,0.229,-0.818,1.054
279,0.001,-1.25,1.626,1.792,0.187
280,-0.206,-0.54,-1.23,0.685,0.788
281,0.316,0.093,0.307,0.23,-0.272
282,-0.497,0.004,-0.344,0.397,0.102
283,-1.0,-0.82,0.518,-0.868,0.925
284,0.696,-0.352,0.328,-0.166,-0.192
285,-1.122,0.557,-0.914,-0.468,0.92
286,0.122,0.201,0.561,1.719,0.98
287,1.068,-0.953,-0.056,0.404,-0.733
288,-2.72,0.166,1.565,-1.438,-1.199
289,1.142,-0.457,-1.418,-1.139,-1.147
290,0.215,0.063,-0.078,-0.083,1.001
291,-1.33,1.004,0.155,0.744,-0.875
292,-1.291,-0.398,-0.666,0.029,-0.079
293,3.157,-0.053,-0.916,1.178,-0.616
294,-0.146,0.416,0.547,-0.586,-0.187
295,0.047,1.662,-0.098,-1.3,-0.011
296,0.363,0.972,0.646,-1.424,0.876
297,-2.038,0.143,-2.036,1.85,0.243
298,1.436,0.029,0.933,0.172,0.609
299,-0.834,-1.304,-1.461,-0.262,0.143
300,-0.314,-0.011,-0.698,0.971,0.21
301,-1.044,-0.386,-0.671,-0.275,-0.292
302,1.082,-1.201,1.142,-1.402,-0.909
303,-1.536,0.245,-0.562,-0.394,1.44
304,-0.352,1.248,2.023,-0.242,-0.801
305,-2.119,-0.134,0.111,2.239,-0.911
306,0.797,0.185,0.388,-0.312,0.142
307,-1.103,0.255,-1.414,3.48,0.092
308,0.8,-1.475,-1.503,-0.238,0.157
309,0.817,0.371,0.437,-0.347,-0.317
310,0.828,-0.873,-0.469,-1.608,0.112
311,0.952,-1.887,0.311,1.199,0.264
312,-0.234,0.127,0.889,-0.698,-1.676
313,1.001,1.293,1.039,-0.45,0.235
314,-0.981,0.094,0.075,0.25,-0.471
315,1.636,-0.51,-1.07,1.727,-0.018
316,-0.672,0.622,-1.162,0.925,1.7
317,-0.523,0.366,-1.413,-0.276,1.207
318,-0.108,0.66,1.737,0.479,-0.345
319,0.44,-1.036,-0.719,-0.399,-0.464
320,-0.956,0.051,0.385,-0.754,-0.628
321,-0.56,1.39,-1.708,-0.006,-0.599
322,-1.675,0.51,1.659,0.712,-0.188
323,0.542,-0.033,-1.271,0.406,-0.79
324,0.147,1.509,0.618,0.025,0.735
325,-1.453,-0.316,-0.91,-0.505,0.872
326,-1.964,-0.324,-0.446,1.702,0.766
327,-0.391,-1.062,-0.767,1.044,0.937
328,1.679,-0.419,1.747,1.58,-0.41
329,-1.588,0.679,-1.272,0.487,-0.471
330,-1.932,-0.736,-0.136,0.793,-0.593
331,-0.239,0.208,-0.885,-0.97,-1.224
332,0.351,-0.787,1.439,1.083,-1.57
333,0.394,-0.085,-0.092,0.023,1.113
334,1.039,1.694,0.185,1.698,-0.596
335,0.73,-1.731,1.336,0.533,-0.935
336,0.302,-0.053,0.034,1.147,-1.437
337,0.523,2.502,0.454,-1.086,0.52
338,-0.603,-1.25,-0.706,-1.178,-2.926
339,-1.444,2.187,-1.198,-0.947,0.549
340,-0.055,1.175,0.722,0.053,0.681
341,-1.193,1.879,-0.575,-0.26,0.592
342,-0.036,-1.061,-2.744,-0.648,-1.286
343,-0.562,0.635,0.569,0.782,0.861
344,-2.65,1.81,0.465,0.43,1.715
345,0.514,1.033,-0.98,-0.75,-0.341
346,-0.576,0.874,-0.462,1.606,1.241
347,0.476,0.406,0.684,0.879,0.196
348,-0.088,0.807,-2.38,-2.283,0.04
349,-0.058,-0.01,1.02,0.785,-0.816
350,-0.306,0.724,1.376,0.148,-0.146
351,-1.133,-0.773,0.692,0.22,0.277
352,-0.96,-0.139,-1.64,0.453,0.268
353,0.689,-0.41,-0.907,-0.084,2.05
354,0.462,0.724,-0.236,0.323,-1.242
355,1.388,-0.757,-0.27,-0.263,0.749
356,1.064,-0.891,0.7,-0.473,-1.07
357,0.769,0.339,-0.656,0.114,0.466
358,-1.16,-0.615,-1.442,-0.593,1.367
359,-0.124,1.185,-0.873,-0.171,0.021
360,-0.656,1.17,0.677,-0.101,1.766
361,1.524,0.185,-0.078,1.052,0.41
362,-1.22,0.775,-1.446,-1.404,2.536
363,0.598,0.189,0.159,-0.118,0.144
364,-0.752,-1.236,-0.14,-1.227,1.423
365,1.017,-2.567,1.408,1.366,0.967
366,-1.209,0.62,1.193,0.002,0.715
367,-1.419,-0.827,0.054,1.601,1.091
368,-0.472,1.019,0.985,-1.151,0.13
369,-0.484,1.424,-0.947,0.025,-0.325
370,-0.559,0.256,-0.79,-0.226,0.904
371,-1.017,0.311,-0.067,-2.381,0.265
372,0.074,-0.9,0.8,0.609,-2.756
373,-2.49,0.23,-0.041,-1.036,-0.589
374,-0.775,1.278,1.866,0.494,0.147
375,-0.976,1.104,1.111,-0.457,-0.846
376,0.36,0.775,1.508,-0.714,0.018
377,0.44,0.251,1.435,-0.901,-0.267
378,2.179,0.819,0.353,1.136,0.564
379,1.571,0.764,0.596,0.998,0.169
380,-0.243,0.347,-0.256,0.719,1.243
381,0.1,-2.217,1.266,-0.0,-0.252
382,-0.523,0.632,-0.969,-1.751,1.981
383,0.95,-0.254,-0.394,-1.637,-1.365
384,0.266,0.546,0.49,-0.923,0.356
385,-0.638,-0.542,-0.556,1.071,-0.24
386,-1.599,-1.6,0.627,-1.567,-1.408
387,0.127,-0.356,0.239,0.482,-0.76
388,0.795,1.002,1.798,0.157,-1.245
389,-1.249,0.19,0.135,-1.31,1.566
390,-0.491,-1.085,1.334,-0.914,0.024
391,-0.501,-1.268,0.595,-0.036,-0.822
392,1.123,1.602,-1.459,-0.21,0.108
393,0.423,1.944,-0.0,0.902,0.814
394,-0.55,0.096,1.092,-1.839,-1.147
395,0.174,-1.113,1.817,0.053,-1.85
396,-1.506,-0.646,1.774,0.245,0.509
397,-0.405,-0.632,1.145,1.044,2.247
398,0.817,-0.165,-0.779,0.692,0.555
399,-3.392,-3.537,0.201,0.296,0.451
400,1.043,-1.497,-0.513,0.343,-0.98
401,-0.734,1.112,-0.706,-0.095,-0.837
402,1.284,0.23,-1.09,0.96,0.064
403,-0.822,-0.032,0.302,0.893,-0.998
404,-0.498,0.59,0.211,-0.028,1.273
405,-1.386,-1.162,1.346,-2.052,0.607
406,0.104,-1.21,1.51,-1.559,-0.23
407,-1.188,-0.436,-0.454,-0.023,-0.942
408,0.266,-0.643,-0.567,-0.688,-0.428
409,0.73,-1.171,0.923,0.774,0.796
410,-0.541,1.29,-1.008,0.166,0.573
411,-1.739,-1.437,2.062,0.338,-0.931
412,0.278,-0.456,1.065,0.12,-0.687
413,-0.809,0.64,0.95,-0.169,0.308
414,1.42,-1.338,-1.801,0.25,0.14
415,-0.663,0.175,-0.793,0.461,-0.99
416,0.52,-2.532,1.04,-0.858,1.338
417,-0.658,0.015,-0.955,-0.647,1.157
418,1.734,0.254,0.008,-1.135,-0.408
419,0.396,-1.942,-0.736,-0.99,-1.581
420,1.398,-0.125,-0.461,-0.489,0.173
421,-1.452,0.215,-1.155,-1.124,-0.096
422,0.754,-0.576,0.525,0.213,0.229
423,-0.217,-0.296,-0.132,0.785,0.339
424,-0.156,0.289,0.513,-1.162,0.029
425,0.956,0.254,1.509,1.323,1.142
426,2.154,1.223,-0.59,-2.491,0.273
427,-0.455,-0.476,-0.729,-0.062,0.226
428,-0.418,-0.536,1.208,0.67,0.024
429,-1.131,1.383,-1.236,0.619,-0.435
430,-0.703,0.255,1.653,-0.014,-1.212
431,1.565,-0.818,0.476,0.612,-0.092
432,0.08,0.076,1.462,0.471,-0.126
433,1.913,-1.272,-0.866,0.88,0.253
434,-0.698,0.578,-0.107,1.428,-0.27
435,0.363,1.56,0.675,-0.529,0.599
436,-1.272,0.109,-0.718,-0.034,-1.55
437,0.953,-0.001,0.324,-2.091,0.294
438,-0.684,1.131,0.25,0.848,-0.724
439,0.227,-1.154,-0.385,-1.415,0.687
440,1.388,-0.171,0.881,0.718,2.488
441,1.079,0.868,0.845,0.009,0.858
442,0.626,1.212,0.989,-1.142,0.5
443,-0.152,1.045,0.931,-0.663,-0.059
444,0.936,0.337,0.026,-0.892,-0.13
445,0.57,1.369,-0.089,0.765,-0.264
446,0.712,-0.603,-0.095,0.263,0.543
447,0.791,0.576,0.291,-1.358,1.07
448,0.876,-0.312,-1.403,0.336,-1.126
449,-0.981,-2.497,-0.675,0.099,0.263
450,0.784,-1.057,-1.431,0.068,1.095
451,-0.712,0.713,-1.166,0.16,1.816
452,-1.838,1.633,1.369,-0.521,-0.388
453,-0.207,0.421,-0.572,-1.863,0.993
454,0.838,0.089,0.113,0.467,0.515
455,-0.272,1.203,-0.654,1.181,0.895
456,0.556,-0.092,-3.099,0.086,-0.956
457,0.638,-1.06,0.732,0.137,0.677
458,-0.326,0.468,0.223,-0.442,-0.267
459,1.497,-1.295,-0.665,0.847,1.238
460,-1.718,-0.459,0.263,-1.227,-0.256
461,-0.138,-2.314,0.592,0.81,-0.027
462,0.336,0.77,0.336,1.391,-2.339
463,0.399,-1.163,0.057,-0.327,-0.262
464,0.237,1.79,-0.499,1.625,-0.447
465,-0.238,1.061,0.783,-0.439,-1.275
466,-1.201,-0.31,0.519,0.184,1.027
467,0.417,1.547,0.232,-0.511,-2.337
468,1.32,-0.91,-0.95,-1.198,-0.935
469,0.066,-0.126,-0.574,0.076,-1.17
470,-0.589,0.326,0.419,0.803,-1.183
471,1.935,0.415,-1.177,-0.019,1.367
472,-0.114,0.27,0.752,0.641,1.868
473,0.561,0.998,0.142,1.322,-0.404
474,-0.181,0.379,0.55,-0.604,-0.848
475,1.345,1.46,-0.397,1.477,-0.289
476,0.626,0.6,-0.018,0.332,0.952
477,1.733,0.024,-0.82,2.526,1.505
478,-3.632,1.318,0.085,-0.602,-1.328
479,-1.29,0.859,-0.782,-0.346,-0.957
480,-0.161,0.224,0.938,0.198,-0.587
481,0.199,0.181,2.417,-0.978,2.098
482,-2.093,0.071,-1.418,1.615,1.084
483,-1.936,0.75,-1.164,-0.137,0.477
484,0.476,-0.462,0.279,0.459,0.01
485,-0.819,1.168,0.799,-0.665,0.254
486,1.489,2.073,-1.086,0.094,0.869
487,-1.041,1.471,-0.158,0.794,-0.503
488,0.157,-1.971,0.944,-0.899,0.099
489,-1.455,0.332,-1.077,-0.936,1.384
490,1.196,-1.01,1.227,-0.153,0.834
491,0.548,0.636,0.07,0.914,0.11
492,0.7,0.196,1.924,1.199,0.225
493,1.134,0.25,-2.715,1.332,0.283
494,-0.808,-0.1,-0.415,0.115,-0.795
495,-2.482,1.03,-1.184,-1.707,-1.162
496,-2.486,0.841,-1.475,-0.696,0.031
497,1.01,1.39,1.012,-1.398,0.163
498,0.245,-0.463,-2.282,0.575,-1.065
499,-1.467,-2.288,-0.109,1.488,0.412
500,-1.797,0.925,0.577,1.172,-1.495
501,1.239,-0.197,0.173,-0.446,2.135
502,0.198,0.607,-0.226,-0.374,0.804
503,0.854,-0.019,0.568,1.76,0.963
504,-1.021,-0.721,-1.133,-1.352,-0.506
505,1.273,-0.396,-1.274,1.699,-0.502
506,-0.076,-0.664,-3.562,-1.269,0.229
507,-0.163,-0.573,1.077,-0.051,-0.672
508,-0.734,-0.786,-0.704,-0.186,0.025
509,0.821,-0.164,-1.346,-0.725,-0.968
510,1.369,-0.264,0.684,-0.959,-1.201
511,-0.57,-0.318,-1.737,0.188,-0.263
512,2.008,-0.684,0.115,0.769,0.84
513,1.342,-0.268,1.392,-0.1,1.177
514,0.78,-0.941,0.765,0.493,1.36
515,0.149,1.083,-0.758,0.573,-1.642
516,0.027,-0.554,0.025,-0.813,-1.14
517,-0.554,-0.017,0.701,-1.239,0.135
518,-0.169,0.395,-0.417,-0.231,0.964
519,1.348,0.722,-0.31,0.037,-1.265
520,-0.228,1.094,0.107,0.277,0.867
521,-1.981,1.495,2.542,1.846,0.458
522,1.148,-0.779,0.303,-0.005,0.474
523,0.781,-0.38,0.95,-0.206,0.486
524,0.901,0.604,-0.649,-1.689,-0.487
525,-0.471,0.887,-1.156,1.102,1.383
526,-1.049,0.34,1.681,-1.003,1.295
527,0.71,-0.137,0.375,0.345,0.192
528,-1.363,0.006,-0.813,0.996,0.658
529,0.348,-0.005,1.15,0.248,0.171
530,-0.952,0.263,1.106,1.377,0.785
531,0.397,1.157,-0.303,-0.112,1.338
532,-0.233,0.442,1.011,0.478,0.262
533,0.187,0.648,0.757,-0.955,-1.332
534,0.585,-0.859,-1.189,-1.65,-2.177
535,1.303,0.724,-0.61,0.254,0.954
536,2.532,0.275,0.534,0.427,-1.356
537,0.039,1.789,0.042,-1.202,-0.543
538,1.369,0.059,0.063,-0.121,-1.235
539,0.973,-2.159,-0.457,-0.598,-0.154
540,1.559,-0.789,-0.09,1.337,-0.002
541,0.174,-1.868,1.002,0.361,-0.121
542,-0.504,-0.884,0.251,0.581,0.598
543,-0.626,-1.663,0.096,-0.315,0.623
544,0.802,-0.705,-0.844,0.978,0.102
545,1.402,-0.208,-0.238,1.013,-1.389
546,-1.351,-0.773,1.373,1.594,-0.592
547,0.599,-0.127,0.315,-0.164,-1.165
548,-1.209,-0.076,-0.024,1.636,-0.14
549,-1.388,0.744,0.04,-0.687,0.614
550,1.357,0.383,-0.083,-0.42,-0.975
551,1.267,-1.327,-0.356,1.982,0.176
552,0.442,0.732,-0.143,1.538,-0.247
553,-2.573,0.475,-0.349,1.058,-0.217
554,-0.822,0.44,0.208,-0.836,0.293
555,0.359,0.345,-0.498,0.62,-1.299
556,1.49,1.104,0.684,0.595,0.191
557,0.545,0.828,-0.669,0.368,-0.126
558,0.144,-1.442,-0.793,-0.046,1.791
559,-0.724,0.214,-0.81,-2.043,-0.869
560,-0.709,1.334,-0.462,0.954,0.881
561,-0.071,-0.743,1.313,-2.912,-0.893
562,2.079,-1.255,1.235,-0.823,-0.15
563,-0.932,1.423,1.282,0.864,-1.228
564,-0.385,0.846,-0.442,0.456,-0.186
565,0.162,-0.721,-1.052,1.348,-0.082
566,0.704,0.647,-0.224,-0.569,-0.963
567,-0.679,-1.285,0.05,-0.689,0.495
568,-1.251,-1.076,1.283,1.011,-0.393
569,0.872,0.242,-0.875,-0.406,-0.547
570,0.725,-0.053,-0.024,-1.59,1.006
571,0.149,0.647,-0.028,0.425,-0.044
572,0.465,0.004,-1.065,1.267,-0.332
573,-0.784,0.466,-0.414,-0.314,0.336
574,0.65,0.23,0.323,0.47,-0.219
575,0.761,1.283,0.044,-1.02,1.575
576,2.656,1.184,-1.678,-1.465,-1.532
577,-0.768,0.365,-0.663,0.075,0.796
578,-0.071,1.036,0.242,2.161,-1.187
579,-0.426,0.647,-0.062,-0.534,1.227
580,0.328,-0.238,2.225,-0.652,-0.075
581,-0.232,-2.233,1.185,0.782,-0.021
582,0.57,0.922,1.151,-1.547,0.749
583,-0.916,-0.812,0.401,0.474,0.907
584,-0.147,-0.321,-1.753,1.438,0.171
585,-0.854,-0.067,-0.895,-0.936,-0.18
586,0.992,-1.827,1.207,0.444,0.682
587,-0.032,0.19,-0.927,-0.028,-0.123
588,1.119,0.823,0.077,0.11,-1.641
589,-0.634,-2.277,1.382,0.761,-0.056
590,-0.605,-0.627,-0.959,-0.922,-0.779
591,-2.522,-0.287,0.155,-0.833,-0.975
592,-0.574,1.566,-0.761,-0.402,-0.601
593,-1.419,1.631,0.849,-0.306,0.708
594,-1.506,0.436,-2.177,0.577,-1.934
595,0.473,-0.376,0.745,-0.936,0.658
596,0.228,-1.739,0.039,-0.016,-0.599
597,-0.998,-0.572,-0.453,0.383,-1.52
598,-0.302,1.232,0.291,-1.271,-0.746
599,0.839,0.797,0.636,-0.464,-0.736
600,-1.834,0.145,0.585,0.463,-0.092
601,1.923,-1.297,-0.041,1.767,0.222
602,-0.624,-0.582,0.8,-0.758,1.855
603,0.527,-0.736,-1.234,-0.58,0.836
604,0.905,-0.997,1.883,1.306,1.199
605,0.189,0.702,-1.224,-1.578,0.539
606,-1.99,-0.753,-0.102,1.144,-1.112
607,0.419,0.036,2.151,0.488,1.392
608,1.289,-2.089,0.858,-1.288,-1.999
609,0.474,-0.079,1.042,-0.087,-1.03
610,0.719,0.215,-0.347,0.915,-1.835
611,0.129,0.488,-0.866,0.076,0.262
612,0.129,-0.766,-1.674,-1.895,-0.313
613,-0.931,-0.476,-0.235,-0.289,1.838
614,0.253,0.936,-0.628,-1.367,-0.574
615,1.09,-0.145,0.094,-1.623,0.148
616,1.519,0.191,-0.182,-0.223,-0.817
617,-1.155,-0.348,-1.082,0.632,-0.905
618,1.674,0.819,0.488,-0.407,-0.054
619,1.232,0.733,-0.466,1.426,-0.567
620,-0.298,0.809,-0.205,-1.461,1.551
621,-0.703,0.281,1.724,0.925,0.741
622,-1.49,1.776,-0.107,1.791,0.401
623,0.532,0.534,-0.936,0.19,1.034
624,-0.966,-1.557,-0.97,-0.028,-0.888
625,1.555,-0.197,0.672,-0.645,-0.44
626,-1.061,3.436,-0.106,-0.83,1.497
627,-0.283,0.111,1.132,2.088,-1.402
628,0.116,0.09,-0.524,-0.445,-1.521
629,1.081,1.057,1.225,-0.701,-0.03
630,1.26,-1.421,-0.354,-1.36,1.46
631,0.352,-0.238,-1.913,-1.61,-0.472
632,-2.725,2.011,1.016,-0.144,0.32
633,0.929,0.001,-1.525,0.033,-1.062
634,-3.053,0.389,-1.17,0.016,-0.243
635,0.793,-0.134,-0.258,1.808,0.891
636,-1.242,0.811,0.929,-2.332,0.382
637,1.775,0.965,-0.234,0.338,0.656
638,1.356,0.913,-0.965,1.294,-0.888
639,0.387,-1.717,0.177,0.522,-0.385
640,0.507,-0.002,0.247,0.332,0.258
641,1.63,-0.665,-0.241,-0.796,1.728
642,-0.166,-2.462,-0.716,0.757,0.519
643,-0.182,0.464,-1.044,1.043,-1.796
644,-1.548,-0.378,1.147,-0.874,0.14
645,-0.234,-1.347,0.106,0.634,-1.466
646,-1.264,-1.278,-0.496,0.591,-0.139
647,0.179,0.722,-0.454,-0.078,0.707
648,0.373,-0.263,-0.54,0.283,-0.783
649,-0.388,0.107,-1.057,-0.707,-0.598
650,0.888,1.382,-0.281,0.353,0.714
651,-0.075,0.692,-1.168,0.809,-0.365
652,1.32,-0.346,-0.441,0.775,0.721
653,-0.686,0.255,-1.424,-0.062,-1.097
654,-1.268,-1.466,0.223,-0.185,-0.327
655,-1.741,-0.025,-1.432,0.271,0.487
656,-0.586,0.189,-0.877,-0.622,0.323
657,-0.503,-1.277,0.612,-2.09,0.905
658,0.167,0.134,0.31,-0.301,-1.788
659,0.359,2.096,0.502,0.572,1.65
660,-0.123,-0.143,0.254,-2.287,-1.796
661,0.616,-1.039,0.454,0.482,0.996
662,-2.3,-2.26,-1.982,-1.574,-0.966
663,-0.527,2.051,-0.294,-1.908,2.364
664,0.308,1.187,1.239,0.502,1.337
665,-1.312,0.545,1.948,-2.717,-0.993
666,0.407,-0.068,-0.042,-0.466,0.851
667,-0.02,0.915,-0.406,1.078,1.51
668,-0.17,-1.437,0.11,-1.17,1.028
669,0.408,-0.272,-0.977,-0.549,0.73
670,-1.682,0.164,0.316,0.427,-1.302
671,-0.19,-1.549,-0.279,-0.931,-0.524
672,1.236,-1.086,1.183,-0.02,-1.346
673,-0.881,1.56,-0.974,0.302,0.263
674,-0.603,0.508,-0.02,0.59,-0.603
675,-0.35,0.459,0.533,-0.906,-0.12
676,-0.55,-1.935,0.175,-3.069,-0.512
677,-1.031,-0.642,-0.071,-0.896,0.731
678,0.386,0.165,-0.936,-0.566,-0.006
679,-0.213,0.114,-0.435,0.448,-0.414
680,1.521,-2.43,-0.628,0.773,1.267
681,1.386,1.4,0.865,-1.784,-2.036
682,-0.307,0.038,-1.461,-0.938,-1.355
683,0.094,-2.152,-1.498,0.697,0.44
684,0.471,1.362,-0.276,2.408,0.771
685,-0.319,1.318,-3.508,-1.331,-0.293
686,0.833,-1.052,-0.423,-0.461,-1.709
687,0.06,1.543,-0.498,-1.17,0.977
688,-0.621,-1.703,0.086,0.583,0.072
689,1.363,1.124,0.709,0.029,-0.873
690,-0.896,0.44,0.503,0.905,-0.623
691,-0.538,0.85,0.274,0.161,-1.051
692,0.845,1.901,0.57,-1.565,-0.133
693,0.159,-1.543,-0.696,0.146,-2.845
694,-0.32,-0.287,1.695,-0.754,-0.571
695,-0.423,0.137,2.22,0.761,0.284
696,-0.052,0.311,0.366,-0.334,-1.081
697,-0.078,-0.314,-0.614,-1.392,0.105
698,-0.192,0.774,-1.252,0.777,-0.447
699,0.533,-0.948,-0.99,1.005,-0.553
700,1.136,-1.011,-1.915,-0.89,-0.831
701,0.083,-0.244,1.037,-0.097,0.394
702,-1.551,0.924,-0.01,-2.574,0.053
703,-0.676,-1.385,-0.402,1.452,-1.487
704,1.553,-0.133,-1.31,1.309,0.416
705,0.935,1.031,1.183,1.341,-0.713
706,0.921,-2.423,-0.436,0.48,-0.523
707,-1.537,0.414,-0.638,0.447,-0.284
708,2.166,0.293,-1.059,1.217,0.677
709,0.821,1.176,0.431,0.297,0.834
710,0.661,-0.222,-0.23,-0.32,-0.564
711,1.51,0.632,-1.13,1.898,1.146
712,-1.941,1.442,-1.666,2.453,-0.399
713,-0.315,0.512,-1.303,-0.904,1.867
714,-0.166,-0.456,-1.091,-0.154,0.454
715,-0.949,-1.361,0.035,0.338,-0.449
716,-0.474,0.45,-1.231,0.619,-1.369
717,0.747,-0.469,-0.039,-0.338,-1.473
718,0.102,1.381,-1.197,1.264,0.383
719,0.899,-0.315,0.336,-0.108,1.038
720,0.782,-0.505,0.695,-0.882,-0.228
721,0.046,-0.51,0.235,0.702,1.052
722,-0.227,-0.542,0.764,-1.209,0.134
723,0.883,-2.227,0.367,0.119,-0.104
724,0.816,0.192,-1.491,-0.006,0.377
725,0.335,0.134,0.564,-1.977,-1.413
726,1.763,0.51,-0.274,-0.09,-1.181
727,0.387,-1.137,-0.295,-1.323,0.077
728,-1.122,0.486,0.467,0.248,1.735
729,1.313,0.414,-1.567,0.139,-1.857
730,0.8,1.103,0.18,-0.264,-0.255
731,-0.493,-0.533,0.41,-0.95,0.428
732,-2.882,0.48,-1.293,0.365,-1.489
733,-0.934,0.738,1.211,0.539,0.299
734,0.333,-1.498,-0.423,0.912,-0.193
735,-0.527,-0.518,-1.089,0.854,-0.419
736,-0.645,1.121,0.192,-0.621,2.7
737,-1.149,-0.43,0.978,-0.75,-0.121
738,-0.527,0.084,-0.647,0.239,-2.391
739,-0.21,1.034,-0.32,-0.411,-0.346
740,0.773,0.004,0.41,-0.72,0.21
741,-3.127,1.113,0.622,-1.421,1.137
742,0.057,0.299,-0.071,1.376,0.364
743,-0.228,0.186,-2.132,-1.462,2.113
744,-0.353,-0.818,0.808,1.756,0.593
745,-0.596,-0.2,-1.141,-0.144,-1.182
746,-0.902,0.289,-1.383,-0.221,0.076
747,0.423,-0.355,-1.819,0.328,-0.484
748,1.689,2.102,1.108,1.294,-0.736
749,0.396,-1.513,-0.275,1.106,-0.874
750,-2.41,-0.347,-1.33,-0.843,-0.567
751,-1.624,-0.707,-0.484,-0.206,1.168
752,0.109,-1.005,0.253,1.933,-0.027
753,-0.021,-0.94,1.376,1.065,-0.413
754,0.191,0.696,-1.303,0.77,0.023
755,0.838,-0.032,0.327,-0.688,1.101
756,-0.72,0.664,-1.034,-0.83,-0.398
757,-0.187,-0.395,0.698,-1.892,-0.774
758,0.635,1.264,1.379,-0.312,-2.599
759,0.553,0.377,1.014,-0.249,1.809
760,-1.185,-1.925,1.359,-0.066,-1.029
761,-3.218,0.356,-2.291,0.016,-1.614
762,-1.754,0.57,-0.024,-0.998,-2.448
763,2.308,0.144,-1.314,-1.157,0.442
764,0.404,0.769,0.14,0.355,0.375
765,-0.099,-1.619,-0.537,1.644,-0.721
766,-0.506,-1.325,-0.37,1.183,-0.008
767,0.249,0.355,-0.732,-0.611,0.497
768,0.446,-1.301,-0.3,-0.081,1.424
769,-0.096,-0.054,0.342,-0.411,2.16
770,0.156,-0.921,-0.12,0.231,-1.965
771,0.336,1.96,0.822,-0.397,-1.175
772,2.169,-0.77,-0.557,-0.244,0.343
773,-1.57,-0.282,0.229,-0.575,-0.477
774,-0.823,0.244,1.815,0.826,-0.147
775,-0.153,-0.053,0.224,-1.098,-1.234
776,1.419,-0.548,2.167,-0.976,-0.169
777,0.122,-2.392,1.375,1.948,0.058
778,0.492,1.781,1.211,2.745,-0.998
779,2.139,2.077,0.851,-1.978,-0.226
780,1.199,0.611,0.753,0.95,-1.408
781,0.545,-0.989,-0.492,-0.046,0.699
782,1.003,-2.19,0.665,2.399,0.893
783,-0.977,-1.647,-0.056,-1.001,2.327
784,1.197,-0.094,-0.983,-0.427,0.018
785,0.025,-0.116,-1.859,-0.573,-1.496
786,-1.27,-1.63,-0.233,0.05,0.2
787,-0.379,-0.153,-0.179,-0.539,0.223
788,1.323,-0.519,-1.509,-1.685,-1.085
789,-0.035,0.528,-0.241,0.429,-1.417
790,-0.58,-0.38,0.608,0.633,-0.355
791,-0.809,-1.084,-0.85,0.53,-0.344
792,-0.027,-2.044,-0.098,0.836,0.363
793,0.454,1.006,0.174,-2.814,0.105
794,-1.274,0.329,-1.937,-1.234,-1.7
795,0.275,0.83,-0.245,-0.108,0.77
796,1.297,-0.523,-1.071,1.04,0.215
797,-0.723,1.209,-1.261,-0.299,-0.193
798,-1.323,-0.097,0.336,-0.699,-0.803
799,-1.41,-0.728,0.217,0.341,-0.23
800,0.176,-0.495,1.236,0.646,0.441
801,-0.851,-0.396,-1.205,-0.565,0.076
802,-0.409,-0.491,-0.652,0.264,-0.141
803,0.906,0.487,0.784,0.926,-0.319
804,0.16,0.281,0.952,-0.868,0.009
805,-0.67,-1.53,0.534,0.716,-0.769
806,-2.173,0.352,1.488,1.96,-0.031
807,-1.844,1.388,-0.288,2.339,-1.173
808,-0.959,1.151,-1.77,-1.02,1.23
809,3.472,0.627,1.143,-1.177,0.605
810,-0.123,-0.149,0.493,-1.835,-0.713
811,2.197,0.24,-0.398,-0.733,1.205
812,-1.753,0.765,-0.358,-1.433,1.881
813,1.118,-1.056,0.203,-1.399,0.457
814,-0.364,-1.56,-0.165,-0.242,1.634
815,0.007,-0.772,-1.23,0.612,-0.004
816,-0.723,-1.007,2.385,0.569,-0.283
817,-0.578,-0.154,0.761,0.788,-0.526
818,1.015,0.307,0.859,-1.26,-0.544
819,1.728,0.021,1.261,-2.14,-0.635
820,0.568,0.993,-1.32,-0.018,0.63
821,-0.891,-1.608,-0.473,0.629,1.886
822,-0.414,-0.478,0.167,-0.4,0.443
823,1.412,-1.273,-1.011,1.508,-0.737
824,-0.928,-1.156,-0.022,1.134,-0.235
825,0.589,1.151,0.448,0.12,1.273
826,-0.518,-0.297,-0.663,-0.144,-1.693
827,-0.037,0.718,1.383,0.646,0.692
828,0.843,-1.284,-1.03,0.794,-0.71
829,-0.378,-0.898,0.071,-0.137,-0.262
830,0.751,-1.785,-0.381,0.432,-1.423
831,-0.981,0.063,-0.618,0.394,0.777
832,-1.19,-0.227,-0.131,0.782,-0.715
833,-1.944,-1.997,0.48,-0.154,-1.646
834,-2.176,-0.504,-0.54,1.674,-0.425
835,0.106,-1.123,-1.632,0.006,-0.871
836,0.893,-0.021,-0.689,-2.457,2.496
837,-0.11,2.339,1.265,-1.288,-0.752
838,0.71,0.162,1.306,-1.485,0.54
839,0.108,0.152,-0.629,1.366,1.288
840,1.227,-0.401,0.728,0.361,-0.185
841,-0.382,1.697,-0.996,-1.008,-0.033
842,0.661,-1.608,0.301,0.308,-0.633
843,0.822,0.503,1.522,0.507,1.386
844,0.666,-1.988,0.813,2.01,-0.591
845,0.346,1.015,-0.127,-0.07,0.35
846,-1.14,0.921,-0.797,-0.521,1.029
847,-1.734,0.673,-0.708,1.542,-0.244
848,-0.485,0.791,-0.512,-1.431,0.773
849,1.119,-1.348,0.38,-0.165,0.296
850,-1.72,-0.156,1.675,-2.027,1.178
851,-0.899,-2.035,0.453,0.308,-0.882
852,1.259,-1.904,-0.373,1.424,-0.039
853,0.851,2.078,-0.006,0.069,0.531
854,1.028,-0.452,0.57,-1.989,1.03
855,1.575,-0.574,0.274,0.225,0.595
856,-1.776,0.748,-0.281,1.253,-0.973
857,0.96,0.973,-0.275,0.011,-1.142
858,1.019,0.267,0.417,-0.464,-0.815
859,0.756,0.017,0.711,-2.51,-3.077
860,-1.243,-2.494,-0.627,-1.448,-0.614
861,1.269,0.094,0.126,0.033,2.135
862,0.223,1.225,2.081,-0.265,-0.094
863,0.586,-2.366,-0.002,-0.748,-0.087
864,-0.956,1.156,2.841,0.043,-0.261
865,-0.38,0.507,0.153,1.15,0.828
866,-0.636,-2.736,1.611,1.909,-1.367
867,0.193,-0.686,1.863,-0.005,1.381
868,-0.788,-2.458,0.801,0.944,-1.289
869,1.399,-0.33,0.82,-0.702,-0.433
870,-1.082,-0.27,-1.164,0.478,1.635
871,-0.449,-0.806,1.043,0.58,-0.711
872,0.616,-0.601,-1.627,-1.953,-1.419
873,-1.149,-1.037,-0.937,-0.128,-0.514
874,0.246,-0.854,1.321,-1.684,-1.925
875,-1.82,0.846,1.212,0.536,-0.038
876,-0.333,-0.265,0.503,-1.494,-0.135
877,0.798,-1.702,-1.809,0.884,-0.866
878,-1.264,0.364,0.306,-0.73,-0.049
879,1.462,-1.129,0.285,-0.297,-0.267
880,0.831,0.485,1.019,-2.616,0.121
881,0.072,0.187,1.269,-0.105,2.33
882,0.867,-1.113,0.811,1.314,0.732
883,0.203,2.001,-1.274,-0.812,0.753
884,0.128,1.524,-0.317,-0.56,1.002
885,-0.384,-0.225,0.952,-0.739,-1.811
886,-0.413,0.39,-1.323,-1.97,1.184
887,-1.718,0.668,-0.717,-0.824,-0.202
888,1.312,-1.605,-0.902,1.671,-2.215
889,0.121,-0.644,0.517,1.491,-0.05
890,-0.535,0.868,1.509,-0.67,-1.256
891,2.36,-0.018,0.448,-1.185,1.601
892,-0.359,-0.172,0.832,-0.502,0.39
893,-0.268,-0.046,-0.108,1.334,-1.098
894,-1.029,-1.698,-0.679,-2.203,-2.043
895,0.204,-1.137,-1.533,0.844,-0.465
896,1.437,-0.097,-1.561,-0.653,1.515
897,-0.955,-0.493,-0.433,1.461,-0.623
898,-0.87,-1.02,-0.222,0.003,0.914
899,-0.262,-0.828,0.449,2.411,-0.405
900,-0.64,-0.386,-0.453,-1.8,0.757
901,-0.636,-0.509,0.787,0.285,1.14
902,0.68,-0.598,0.949,0.771,0.539
903,-0.778,0.176,-0.182,-1.917,0.001
904,0.218,-1.19,-0.042,1.393,-1.257
905,0.846,0.827,-0.287,-2.329,-0.154
906,0.031,-1.847,-0.32,0.119,-0.306
907,-0.017,-0.345,-1.231,-0.48,0.548
908,-0.369,1.432,-1.647,-1.704,0.69
909,-0.101,-1.758,0.216,-1.493,-1.722
910,0.256,0.633,0.229,1.205,-1.846
911,1.725,0.604,-0.266,1.145,-0.935
912,0.336,2.132,0.696,-0.354,0.305
913,-0.396,-0.049,-0.64,-1.834,-0.699
914,0.764,0.849,0.252,-1.886,-0.291
915,-1.118,0.7,-0.233,0.158,-0.635
916,-1.487,0.218,2.441,0.065,-0.153
917,0.738,0.227,1.16,1.089,1.324
918,0.759,-0.426,-0.224,1.582,-1.326
919,-0.782,-0.356,0.615,-0.17,-0.909
920,0.82,-0.602,1.49,-2.85,0.439
921,0.246,0.999,0.412,0.189,-0.002
922,0.546,-0.327,0.175,-0.031,0.195
923,1.281,-0.036,1.01,-2.481,0.951
924,-0.802,1.423,-0.445,-1.199,1.216
925,-0.028,-0.002,-1.025,0.033,1.022
926,0.934,0.536,-1.475,-0.636,0.95
927,-0.213,0.34,-0.479,0.438,0.427
928,1.258,-0.871,0.874,-0.904,0.371
929,-0.298,-0.659,0.222,0.519,0.256
930,0.12,-0.584,0.772,-1.443,1.465
931,-1.808,0.115,0.175,1.072,0.03
932,-0.1,-0.957,-0.042,-0.097,0.981
933,-0.577,-0.156,-1.198,0.136,0.778
934,0.466,0.359,-2.398,-0.076,-1.559
935,0.202,0.188,0.213,0.871,-0.272
936,-1.105,-1.262,-0.289,1.198,0.125
937,-1.312,1.566,-0.068,-0.707,0.762
938,-0.196,-0.475,-0.032,-0.9,1.759
939,0.351,-0.566,2.029,-0.822,-0.936
940,0.572,0.28,-0.324,0.761,0.051
941,1.287,-0.09,0.585,-1.15,-1.735
942,0.904,-1.973,-1.027,-0.297,0.591
943,0.419,-1.521,0.169,-0.093,0.142
944,-1.015,1.48,0.854,0.79,-1.245
945,-0.599,-0.293,0.091,-0.334,0.457
946,-0.589,1.904,-2.393,0.698,-0.474
947,-1.198,-0.609,-1.045,1.246,-2.419
948,0.441,-0.052,-0.343,0.249,-0.38
949,1.176,-0.464,-0.207,0.851,0.552
950,-0.301,-1.522,-1.152,-1.965,-1.821
951,-0.219,0.035,0.624,0.267,-0.135
952,0.346,0.092,-1.375,0.134,-0.832
953,1.154,-0.144,0.067,0.25,-0.603
954,-0.835,-0.215,-0.939,-0.997,-0.839
955,-0.18,0.789,1.235,-0.64,-0.334
956,1.051,-0.984,1.32,0.905,0.726
957,-1.8,0.28,1.479,0.255,0.217
958,0.466,-1.235,-1.122,0.607,-0.465
959,0.478,-1.887,0.16,-1.566,-1.852
960,-1.279,1.178,-0.135,0.913,0.258
961,2.128,-0.74,0.129,0.737,1.478
962,0.857,0.829,2.146,0.49,-1.288
963,-0.897,-0.968,0.501,0.434,-0.482
964,1.286,-1.684,-0.474,-1.938,-1.592
965,0.203,1.643,-2.224,0.468,-0.306
966,0.41,0.381,1.538,0.272,0.211
967,1.189,1.017,-1.959,0.805,-1.314
968,1.117,-0.292,-0.206,-0.684,1.694
969,-0.31,0.22,0.346,0.469,0.554
970,1.205,-0.311,1.451,-0.367,1.729
971,0.239,0.319,1.092,-0.148,-0.584
972,-0.533,0.952,-0.031,-0.286,-1.468
973,-1.444,-1.017,-0.344,-0.414,-1.469
974,-0.365,-0.685,1.231,0.139,0.815
975,-0.586,0.86,0.748,1.021,-0.495
976,-0.923,-1.842,0.542,0.826,-0.218
977,-0.326,4.107,0.617,1.243,1.109
978,2.406,-0.75,-0.009,0.691,0.327
979,-2.018,-0.958,-0.673,-0.026,-0.11
980,1.406,0.475,-0.41,0.993,-0.874
981,1.009,0.359,0.643,1.336,-0.136
982,1.066,0.104,-0.291,-1.505,0.238
983,3.319,-0.648,0.573,-1.936,1.17
984,0.681,-1.411,-0.288,-0.099,-0.053
985,0.741,-0.459,-1.088,1.013,-0.256
986,0.115,1.792,0.223,0.296,-0.773
987,0.659,0.213,1.001,-0.458,-0.721
988,-1.011,1.06,-0.905,1.181,0.586
989,0.602,0.594,0.048,-0.257,-0.753
990,-1.05,0.774,0.626,-0.116,-2.23
991,-0.301,-1.222,-0.958,1.183,0.086
992,0.316,0.787,-2.137,-0.919,0.731
993,0.881,-0.52,-1.445,0.589,-0.436
994,-0.97,1.611,-0.007,0.764,-1.421
995,0.069,0.174,-0.019,0.145,0.373
996,1.691,0.333,0.158,-0.498,-0.111
997,0.259,-0.214,0.985,1.055,-0.185
998,0.679,-0.532,0.255,-2.217,1.52
999,2.386,-0.118,-0.452,1.792,-0.142
1000,-0.054,-1.006,0.563,2.06,0.541
1001,-0.181,-0.192,0.731,-0.976,-1.056
1002,0.641,0.086,0.883,0.89,-0.543
1003,-0.989,-0.709,0.454,1.139,1.425
1004,1.057,2.413,0.155,-0.485,1.649
1005,-0.979,0.635,1.698,-0.403,0.842
1006,-0.076,-1.052,-0.045,-1.591,-1.347
1007,-0.804,-2.154,0.4,0.164,-0.142
1008,-0.087,-0.761,0.13,0.563,0.553
1009,-0.669,0.844,-0.305,0.631,-1.444
1010,-0.035,2.558,0.086,-0.06,-0.677
1011,1.546,-1.076,2.396,-0.613,-0.248
1012,-0.207,-0.292,-1.334,1.248,1.113
1013,-0.788,0.919,1.265,-0.486,-0.818
1014,0.163,0.843,-0.326,0.333,1.199
1015,0.179,-0.515,0.037,2.097,-1.434
1016,1.247,0.354,0.552,-0.606,-0.112
1017,0.489,-0.558,0.821,1.096,0.454
1018,-1.121,-0.301,-0.874,0.344,0.72
1019,-0.584,0.405,-0.547,1.108,-1.195
1020,0.341,-0.489,0.02,0.166,0.596
1021,1.51,0.93,1.836,0.131,0.559
1022,0.398,-1.379,-0.182,0.245,0.49
1023,-0.967,0.315,0.607,-0.212,-1.453
1024,-0.23,0.737,-0.433,-0.145,-1.174
1025,-1.609,1.183,0.515,0.059,1.115
1026,-0.537,0.446,-1.167,-1.032,0.21
1027,1.371,-1.519,0.392,-1.264,-0.721
1028,0.956,0.071,2.772,1.623,-1.049
1029,-0.461,0.669,-0.133,0.14,-0.839
1030,-0.844,-0.711,-0.097,-0.88,-0.94
1031,-0.062,1.26,-1.529,-0.782,-0.501
1032,0.624,-1.443,-1.108,-0.842,1.539
1033,-0.616,0.008,-1.135,0.427,0.904
1034,0.82,0.686,-0.375,-1.195,-0.392
1035,-1.486,-0.838,-0.218,0.417,-0.816
1036,0.339,-0.348,0.403,0.075,-0.307
1037,-0.192,-0.561,-1.294,-0.868,-0.824
1038,0.311,-0.327,0.188,1.462,-1.778
1039,1.794,-1.071,-0.003,1.354,-1.02
1040,1.028,1.986,0.568,-1.212,-0.401
1041,-0.549,-0.8,0.346,0.335,0.713
1042,0.45,-0.359,0.915,-1.819,0.002
1043,-2.1,-0.502,2.317,-0.172,-0.943
1044,-2.623,0.687,-0.33,-0.274,2.061
1045,0.619,0.636,0.226,1.749,0.088
1046,-0.277,-0.136,0.581,-0.788,1.474
1047,-0.514,-0.4,0.609,0.1,0.196
1048,-1.269,-1.385,-1.324,-0.95,-0.546
1049,0.881,1.377,1.445,1.026,-0.352
1050,0.189,0.493,-1.201,0.037,-0.17
1051,0.062,1.005,0.687,1.446,0.316
1052,-1.159,0.569,-0.272,1.386,0.724
1053,-0.051,-0.854,1.03,0.508,0.746
1054,-1.764,-0.718,2.183,-1.45,-1.422
1055,-1.056,-0.648,1.773,-0.368,-0.403
1056,0.725,0.546,0.705,-0.443,-0.241
1057,0.611,0.395,0.587,0.868,-0.715
1058,-0.423,-1.094,-0.727,0.579,-0.595
1059,-0.154,2.103,-0.317,-0.072,1.425
1060,0.27,-0.246,-1.999,0.247,0.33
1061,-1.264,-1.824,1.959,-2.26,-0.3
1062,0.796,0.258,-0.087,0.494,-0.725
1063,-2.169,0.278,1.215,0.134,-1.084
1064,-1.248,0.538,0.239,-0.855,-0.499
1065,0.848,-2.29,-1.345,1.246,-2.499
1066,1.754,-1.764,-1.198,-0.56,1.525
1067,-1.86,1.027,-0.571,0.37,-0.461
1068,0.482,-0.043,-1.123,1.222,-1.422
1069,1.306,1.956,1.004,1.462,0.439
1070,0.098,1.74,1.5,1.087,-0.467
1071,-0.144,-0.601,1.018,0.403,-0.333
1072,0.436,-0.37,0.882,-0.088,1.001
1073,-0.569,0.999,-1.115,0.167,-0.27
1074,-0.278,-0.589,-0.56,-0.632,1.023
1075,-0.502,-0.653,2.374,-0.16,-0.835
1076,0.17,0.156,0.714,1.492,0.432
1077,0.528,0.96,-0.313,-2.522,0.369
1078,-0.134,-2.242,0.206,0.786,-1.187
1079,0.964,0.711,1.508,0.089,0.203
1080,0.12,-0.445,0.719,1.242,0.238
1081,-1.531,-0.894,-1.049,0.211,0.636
1082,2.649,-0.247,-0.478,0.396,0.096
1083,-1.134,-0.224,0.286,0.468,-0.822
1084,0.254,-0.484,0.341,0.2,-0.125
1085,0.23,-0.871,-1.602,0.627,0.31
1086,1.7,0.197,-0.073,1.445,0.845
1087,0.463,-0.823,-1.218,-0.473,-1.116
1088,2.444,-2.094,-0.451,0.362,-1.263
1089,0.241,-0.592,0.645,1.178,-0.379
1090,-0.831,0.056,-1.277,-0.075,0.716
1091,-1.127,-1.422,0.164,-0.39,-1.127
1092,1.224,0.855,0.504,0.238,-0.535
1093,0.124,-0.092,0.157,-0.86,0.16
1094,1.52,0.395,1.519,-0.245,-0.95
1095,0.307,0.34,1.013,-0.813,-1.121
1096,1.619,-0.831,-0.141,0.187,-0.827
1097,0.426,2.373,-1.894,-1.674,-0.214
1098,-2.283,1.042,0.646,-0.79,-0.103
1099,-0.069,0.959,-0.334,0.137,0.207
1100,-0.55,0.941,0.878,0.428,-0.498
1101,-0.394,-1.895,1.518,-0.534,-0.341
1102,-0.977,-1.171,0.241,-0.277,-1.087
1103,0.105,0.083,0.079,-0.196,-0.6
1104,-0.606,0.605,0.759,0.697,-0.971
1105,1.126,0.521,1.363,0.091,-0.03
1106,0.852,0.208,0.071,-0.288,-1.169
1107,-0.202,0.488,-0.562,-2.001,-0.846
1108,0.78,-0.904,1.535,0.267,1.243
1109,1.058,-0.335,-0.137,0.089,-0.724
1110,0.607,-1.094,0.506,1.222,-0.917
1111,-1.975,-0.674,0.476,0.22,-1.252
1112,-0.893,1.414,-0.681,0.247,1.315
1113,-1.156,0.375,0.158,-0.539,-0.55
1114,2.448,-0.204,0.248,0.21,0.245
1115,-1.384,-0.541,-0.517,-0.01,0.706
1116,-0.281,-0.04,0.793,-0.381,0.089
1117,-0.65,-0.937,-1.388,-0.242,1.861
1118,0.399,0.441,-0.595,0.258,0.89
1119,0.156,0.105,-0.875,-0.271,0.769
1120,-0.802,-0.293,-0.986,0.91,-2.048
1121,0.217,-2.391,-0.415,-1.342,-0.981
1122,0.756,-2.416,-1.257,-1.181,0.539
1123,0.739,-0.784,2.608,0.725,-0.73
1124,-1.547,-0.684,-0.006,0.398,-1.049
1125,0.612,-1.976,-0.821,0.365,-0.872
1126,-2.078,-0.087,0.139,-1.38,0.978
1127,-1.286,1.131,-0.775,0.312,-0.802
1128,0.236,0.736,0.201,-0.755,0.313
1129,-1.829,-0.957,0.033,-0.029,-0.063
1130,1.275,0.635,0.107,0.897,0.921
1131,1.1,0.795,-0.28,1.503,-0.94
1132,-0.222,-0.163,0.029,-0.093,-0.567
1133,-0.235,-0.588,1.393,-1.778,1.047
1134,-0.173,2.018,1.608,-0.758,0.939
1135,0.356,0.298,-1.884,-1.485,-0.249
1136,1.026,1.742,-0.548,-0.803,1.336
1137,0.959,1.819,1.163,-0.497,0.792
1138,1.449,1.052,-1.281,0.132,0.716
1139,-0.075,-1.751,0.021,0.967,-1.161
1140,-1.171,1.343,-0.396,1.484,-1.259
1141,0.403,0.401,-0.36,0.711,0.782
1142,0.119,-0.945,-0.921,-1.559,0.111
1143,0.251,-0.057,1.008,-0.137,0.809
1144,0.106,-1.094,0.173,-1.774,0.372
1145,0.24,-0.082,-1.055,0.485,-0.595
1146,0.164,1.3,1.287,1.513,0.019
1147,0.878,1.085,0.887,-1.246,0.602
1148,-0.237,-0.404,0.003,1.175,-0.778
1149,-0.516,-0.151,2.264,0.151,-0.222
1150,-0.6,0.224,0.71,-1.359,0.122
1151,-0.735,-0.066,0.365,-0.637,0.266
1152,-0.498,0.61,1.488,1.025,1.411
1153,-0.891,-0.758,0.16,-1.304,0.242
1154,0.338,0.348,-0.25,-0.541,0.952
1155,0.317,1.349,1.179,0.523,-0.724
1156,1.231,0.876,0.38,-0.172,0.683
1157,-1.339,0.749,-1.279,-1.301,0.291
1158,0.879,1.478,-0.743,0.756,0.385
1159,1.224,-1.336,-0.779,1.418,-1.178
1160,1.402,2.044,0.169,-0.533,-0.815
1161,-0.59,-1.124,-0.021,-0.64,-0.966
1162,0.29,0.33,-0.213,0.895,-0.319
1163,-0.553,-2.584,1.995,-0.276,1.109
1164,0.152,0.966,-0.12,-0.619,-0.116
1165,-1.036,-0.831,-1.084,-1.254,-0.627
1166,-0.927,-0.814,-0.566,-1.206,0.198
1167,0.211,-0.957,0.874,0.196,0.519
1168,-0.063,-0.217,0.184,1.456,1.244
1169,1.898,0.265,0.965,-2.445,0.673
1170,-0.11,-0.639,0.376,-0.331,-0.127
1171,0.229,-1.083,0.503,1.794,1.865
1172,0.115,0.291,0.13,0.932,-0.96
1173,-0.455,0.662,0.343,0.396,1.002
1174,-1.151,1.572,0.79,0.414,1.746
1175,-1.768,0.297,-0.135,1.133,-0.916
1176,-0.833,-0.195,-1.677,1.371,-0.29
1177,-0.337,0.017,-0.101,1.146,1.351
1178,-0.421,0.167,-0.364,1.794,0.158
1179,-0.529,-0.518,-0.062,-0.212,-0.474
1180,0.984,-0.854,-0.583,-0.068,1.219
1181,1.887,0.055,1.042,-1.004,2.065
1182,-0.55,0.267,-0.061,1.263,-0.821
1183,1.386,-0.034,-0.111,-1.592,-0.023
1184,0.078,-0.523,-0.834,-0.709,-1.265
1185,-1.002,-0.023,1.178,-0.856,-0.084
1186,-0.271,-1.773,0.783,0.885,-1.602
1187,-0.996,0.946,-2.082,0.38,-1.158
1188,0.145,-0.544,-0.96,-1.634,-0.793
1189,-0.81,0.44,-0.877,0.848,0.138
1190,0.224,0.413,0.213,-0.013,-1.06
1191,-0.81,-1.045,1.135,1.44,-1.766
1192,-1.142,-1.126,1.212,0.028,-0.219
1193,0.361,-0.312,1.323,0.11,-1.461
1194,0.148,1.194,-0.058,-0.96,2.02
1195,-0.809,0.087,-0.02,-0.691,0.001
1196,-0.258,0.837,-1.086,2.198,-0.092
1197,-0.813,0.654,0.115,-1.146,-0.129
1198,0.499,1.212,-0.112,0.488,-0.859
1199,-0.337,-0.478,0.057,0.633,-0.139
1200,-0.933,1.939,0.261,1.523,0.623
1201,-1.605,-0.621,0.425,-1.376,-0.76
1202,0.735,0.211,1.118,0.645,-1.071
1203,0.585,1.158,0.738,1.504,1.26
1204,-0.201,0.345,1.19,1.018,0.522
1205,-1.32,-1.172,0.595,-0.035,0.431
1206,-1.954,-0.956,2.164,-1.005,-0.715
1207,-0.003,-0.049,1.348,0.494,-1.072
1208,-0.64,-0.813,1.498,1.175,-0.076
1209,-0.26,-1.581,-0.208,0.473,-0.403
1210,-0.658,-0.116,0.559,-0.219,1.531
1211,-0.147,1.213,1.142,1.142,0.269
1212,-0.818,-1.538,-0.093,-0.072,-0.692
1213,0.321,-0.442,0.765,-0.058,-1.697
1214,-0.574,0.751,0.16,-0.711,-1.06
1215,-0.127,-0.717,0.086,-0.485,-2.273
1216,0.327,-0.461,-0.966,0.057,2.023
1217,1.045,2.781,1.829,-0.695,-1.654
1218,-0.102,-1.208,1.819,0.452,0.335
1219,1.722,-0.255,1.325,0.114,-2.708
1220,-0.116,0.235,0.07,-0.725,-0.43
1221,1.897,1.451,0.71,1.912,0.697
1222,-1.557,0.185,0.617,0.427,0.103
1223,-0.69,-0.108,-0.975,-0.632,-0.408
1224,-0.535,-0.104,-2.423,-1.431,1.245
1225,-1.835,0.127,0.414,0.579,-2.083
1226,0.518,0.412,-0.485,-0.384,-0.892
1227,-1.286,0.587,0.295,-0.731,-0.566
1228,-1.018,0.775,0.76,-0.493,-1.318
1229,1.082,-0.51,0.905,-0.432,-0.953
1230,-1.42,1.621,1.125,-1.261,-1.637
1231,1.645,-1.314,-1.079,0.329,-1.333
1232,-0.82,0.878,0.608,-0.696,-0.615
1233,2.01,0.657,-0.719,0.602,-0.24
1234,-0.024,0.464,1.587,2.92,-2.413
1235,-1.165,1.943,0.204,0.468,-0.402
1236,0.437,-1.607,1.972,1.378,1.795
1237,0.493,0.351,0.098,0.852,0.56
1238,0.312,0.258,1.149,0.429,0.722
1239,1.015,-0.866,-1.235,0.145,0.303
1240,0.296,0.956,1.46,2.583,1.869
1241,0.821,-0.975,1.381,-0.159,0.667
1242,-0.718,0.8,-0.73,0.292,-0.281
1243,-1.354,-0.997,-0.468,0.678,-1.569
1244,-0.144,0.293,-0.156,0.861,-1.353
1245,-1.371,-2.288,-1.928,0.092,1.738
1246,-0.433,-0.18,-0.497,0.683,-0.161
1247,0.051,1.502,-0.39,0.141,-1.038
1248,-0.763,-1.806,-1.066,1.127,0.1
1249,0.054,0.97,0.322,-0.448,2.733
1250,-1.339,-0.905,0.518,1.619,1.006
1251,-0.357,1.098,-1.548,-1.113,-0.934
1252,2.102,1.081,0.442,-0.445,0.759
1253,2.414,0.299,-0.288,0.498,-1.769
1254,1.791,-0.267,-0.255,0.359,-1.437
1255,1.497,1.092,-0.065,-0.906,0.525
1256,0.712,0.307,-1.314,2.388,0.056
1257,0.613,-1.786,0.32,0.09,-0.634
1258,0.193,-0.883,-0.532,-0.831,-1.235
1259,1.062,0.187,-0.114,-0.623,-0.408
1260,1.267,-0.41,1.123,0.475,0.795
1261,2.049,-1.921,0.92,0.153,0.532
1262,0.397,-0.113,-1.318,-1.244,1.11
1263,-0.816,0.074,0.805,-0.786,-1.222
1264,0.424,0.569,-1.844,-0.527,0.963
1265,-0.527,-1.585,-0.196,-0.58,-1.414
1266,-0.088,0.921,-0.292,0.775,0.716
1267,0.147,2.369,1.197,0.986,1.123
1268,-2.156,0.022,-1.257,-0.248,-0.52
1269,-0.105,-1.414,-0.492,-0.243,0.922
1270,-0.452,-0.019,0.081,-1.208,-0.041
1271,2.306,-0.712,0.427,0.026,0.077
1272,-1.392,-0.835,-0.027,1.159,1.435
1273,-0.916,2.372,-0.556,-0.751,-0.027
1274,-0.569,0.967,0.338,-0.914,0.753
1275,-0.07,-1.75,0.49,-0.118,0.04
1276,1.57,0.609,0.05,0.036,1.048
1277,1.299,1.913,0.135,0.347,-0.222
1278,-0.045,0.937,0.974,0.601,0.252
1279,1.376,1.918,-0.335,0.29,0.583
1280,-0.94,0.178,-1.103,-0.697,0.354
1281,-0.837,-0.742,0.94,-1.257,-1.298
1282,-0.609,1.313,-1.805,0.778,-1.134
1283,-0.51,-0.525,-0.263,-0.187,-0.702
1284,-1.396,0.76,0.771,0.022,-0.418
1285,-0.474,-1.236,-2.424,0.772,-0.808
1286,-0.343,2.037,-1.325,-0.259,2.123
1287,-0.817,1.357,0.264,1.371,1.22
1288,-2.186,-0.222,-0.14,0.09,-0.282
1289,0.882,-0.738,-0.854,0.81,-0.033
1290,-1.512,-0.227,-0.642,-0.455,-2.414
1291,-0.027,-0.047,-0.914,0.009,-1.909
1292,-1.188,0.067,0.144,0.513,-0.926
1293,-0.599,-0.503,-1.304,1.216,-0.454
1294,-0.557,-1.697,-0.677,-2.212,-1.518
1295,1.479,0.205,-1.048,-0.83,-0.475
1296,-1.005,-1.098,-0.45,0.04,-0.706
1297,0.996,-0.21,-1.337,1.147,0.048
1298,0.197,-0.128,0.234,-1.0,0.183
1299,1.802,-0.859,-0.439,-0.376,-0.932
1300,-0.334,-1.845,-1.318,-0.505,-0.707
1301,0.154,-0.167,-1.303,-0.05,0.44
1302,-0.095,-0.957,0.179,0.292,1.321
1303,0.617,-1.679,0.266,-1.188,-1.013
1304,-0.597,1.187,0.382,-1.345,-1.344
1305,-0.352,-1.442,1.238,0.578,1.265
1306,0.033,-0.67,0.06,-0.626,1.55
1307,-1.414,-0.798,1.151,0.264,-1.823
1308,-0.697,-0.597,-0.174,-1.901,-0.143
1309,-0.218,0.397,1.653,0.569,-1.948
1310,-0.476,0.592,1.12,-0.175,-0.445
1311,-0.064,-0.664,-0.068,-2.015,-0.28
1312,0.213,0.057,-2.111,-0.917,1.03
1313,0.218,-0.337,-1.795,0.787,-1.14
1314,0.26,1.061,-0.156,-1.514,-0.927
1315,-0.687,0.062,1.122,-0.801,-1.152
1316,0.88,-1.791,-3.173,0.499,-0.653
1317,-1.834,-0.728,1.412,0.096,0.8
1318,0.776,-0.13,0.069,-0.309,-0.906
1319,0.258,-0.534,-0.476,-0.943,0.138
1320,-1.678,0.592,-1.065,0.676,0.831
1321,-2.071,-0.916,-0.336,1.224,-1.399
1322,-0.095,-0.475,-0.156,0.035,-0.855
1323,0.377,1.122,0.208,-0.069,-0.674
1324,1.123,-0.652,-1.699,-2.197,-0.698
1325,-0.182,1.934,-0.242,-0.144,0.358
1326,1.154,-0.122,-0.526,-0.132,0.942
1327,0.591,0.879,0.462,2.545,-0.387
1328,0.571,0.481,-1.64,-0.916,-0.993
1329,0.227,-2.067,0.421,0.488,0.247
1330,-0.606,1.033,-1.707,0.545,-0.1
1331,-0.011,2.033,-0.283,-2.108,-0.519
1332,1.395,0.539,1.311,-0.593,0.314
1333,0.599,-0.71,-0.648,-1.514,-0.59
1334,0.5,0.67,-0.967,0.653,0.689
1335,-0.348,-0.913,0.168,-1.303,1.4
1336,-0.155,-0.208,0.241,-0.497,1.497
1337,0.015,-0.752,0.309,0.074,0.427
1338,-0.659,0.383,1.447,-0.388,-0.58
1339,-1.842,-0.688,0.774,0.966,1.092
1340,-0.128,0.209,0.579,0.437,0.737
1341,-1.541,-0.082,-1.822,-0.219,1.126
1342,-0.525,-0.404,0.941,0.833,0.594
1343,0.283,-1.76,1.891,-0.582,-2.284
1344,-0.969,-0.315,-0.985,0.071,0.174
1345,-1.096,-1.271,-0.35,0.402,-1.116
1346,-0.016,0.122,-0.041,-0.458,0.045
1347,0.525,-0.183,0.022,-0.357,0.163
1348,1.055,0.568,0.41,-0.644,0.488
1349,0.246,-0.189,-0.512,0.739,1.044
1350,0.171,0.839,-0.693,0.515,1.743
1351,0.541,0.183,-0.484,1.77,-0.296
1352,-1.782,-0.986,-0.278,0.142,-0.766
1353,1.793,-1.618,0.177,0.641,-0.259
1354,-0.677,1.176,-0.017,0.587,1.38
1355,-0.594,-0.652,-1.153,-1.272,-0.252
1356,-1.023,1.247,1.304,-0.808,-0.99
1357,0.654,0.01,-0.745,0.364,-2.261
1358,1.005,0.048,-0.321,0.792,2.737
1359,-0.486,-0.906,0.035,0.078,1.222
1360,-0.349,0.24,0.483,-0.022,0.468
1361,0.679,0.559,0.21,0.913,0.665
1362,1.233,-0.26,0.002,-1.115,0.548
1363,-0.601,0.695,1.077,-0.386,2.218
1364,0.13,1.345,-1.037,1.887,-0.695
1365,1.036,1.793,-2.031,0.598,-0.696
1366,-1.09,1.487,-2.386,-0.048,0.427
1367,-0.296,0.845,0.416,0.809,0.658
1368,1.134,-1.354,-0.361,-1.072,-0.697
1369,-0.003,1.859,0.676,-0.41,0.119
1370,0.047,-0.927,2.183,-0.232,1.001
1371,0.17,0.49,0.024,-0.405,0.983
1372,-0.989,0.584,-0.287,-0.274,1.068
1373,1.032,-0.475,0.502,-2.092,0.006
1374,0.488,-1.481,0.088,0.903,0.188
1375,1.543,1.219,0.526,2.279,-0.648
1376,-0.489,0.741,0.635,0.885,0.078
1377,0.675,-0.876,0.138,-1.434,0.04
1378,-1.227,0.907,-1.154,-1.047,0.289
1379,1.924,-1.723,1.601,0.061,0.016
1380,-0.984,-0.969,-0.202,1.352,0.373
1381,2.225,0.921,1.284,-0.456,-0.032
1382,-1.577,-0.375,1.411,-0.435,0.45
1383,-0.052,-0.677,0.956,0.214,-1.817
1384,-0.922,-0.231,-1.198,-0.795,1.326
1385,-0.955,0.508,-0.747,0.71,-0.368
1386,-1.262,0.688,0.15,-0.594,-0.214
1387,0.761,-1.431,-0.627,0.596,0.545
1388,-0.708,0.887,0.623,-0.572,-1.256
1389,-1.101,-0.488,0.499,-0.026,0.722
1390,0.063,-0.565,-1.095,0.737,0.422
1391,-0.173,1.258,-2.452,-0.08,0.408
1392,0.35,-0.752,0.161,-1.135,-0.832
1393,-0.424,0.686,1.859,0.855,-1.363
1394,-1.162,0.018,-0.939,0.214,0.082
1395,1.502,1.326,0.224,-0.22,0.171
1396,-0.986,0.982,-0.616,0.893,0.379
1397,-0.4,-0.073,-0.62,-1.788,1.053
1398,-1.035,1.129,2.182,-0.499,0.785
1399,-2.387,1.02,-1.348,-0.471,0.754
1400,-1.169,-0.538,-2.431,0.195,-0.944
1401,-1.795,0.306,-2.051,1.938,-1.159
1402,-0.704,1.103,-0.756,-0.374,-0.445
1403,0.17,-2.375,-0.654,0.621,-0.684
1404,0.439,-0.219,-0.712,-1.71,0.636
1405,0.783,-0.407,-1.847,0.819,0.23
1406,0.596,-0.572,-1.011,0.114,-0.209
1407,-2.083,-1.452,-0.256,1.306,-1.494
1408,-1.417,0.386,0.378,-0.032,-1.041
1409,0.834,-0.464,0.511,-0.524,1.37
1410,0.452,-1.805,0.242,-0.294,0.236
1411,1.223,0.674,1.042,-0.372,0.592
1412,-0.732,-0.155,-0.447,0.656,-1.13
1413,2.856,0.007,-1.073,-0.53,1.72
1414,0.553,0.701,-1.529,0.155,-0.208
1415,0.481,-0.021,0.129,1.055,-0.277
1416,-0.322,2.177,-0.578,-0.263,-0.189
1417,-1.505,0.545,-0.175,-0.005,-0.304
1418,-0.071,0.759,1.872,-0.881,-0.617
1419,0.444,0.263,-1.196,0.096,-0.972
1420,-1.261,0.345,0.109,2.067,-0.628
1421,-1.459,-0.091,-0.818,0.132,-1.008
1422,0.095,-0.484,-0.158,-1.494,-0.126
1423,0.279,0.33,-0.931,-0.356,1.184
1424,0.655,1.048,-0.618,1.319,1.844
1425,-1.55,1.589,0.155,0.124,-0.171
1426,1.596,-0.698,-1.403,-0.724,0.016
1427,-2.023,-1.794,0.399,0.385,1.041
1428,-0.562,1.28,0.232,-1.166,-0.584
1429,1.68,0.682,0.109,-0.697,0.481
1430,1.265,-1.124,1.001,0.768,-1.771
1431,0.106,0.668,1.657,0.301,-0.686
1432,0.592,0.212,0.287,0.253,1.063
1433,1.413,1.335,-0.021,0.629,0.265
1434,1.826,-0.594,0.679,0.453,1.238
1435,1.241,0.695,-0.055,-0.281,0.702
1436,-0.831,1.085,-1.535,-0.527,-1.041
1437,-0.389,-0.01,-0.108,-0.577,-1.297
1438,-0.338,-0.355,0.074,-1.317,-0.466
1439,0.031,-0.363,1.535,-1.922,0.177
1440,0.963,-0.328,-1.223,1.013,0.477
1441,-1.002,1.433,0.274,-1.465,-2.884
1442,-0.393,0.415,1.391,-0.74,-1.296
1443,-0.236,-0.977,0.125,-0.947,-0.227
1444,0.027,-0.599,-1.064,0.676,-0.63
1445,1.116,0.189,-0.252,0.996,-1.226
1446,0.368,0.583,0.805,0.341,-1.707
1447,-2.461,-1.233,0.291,-0.882,0.47
1448,0.195,0.984,-0.483,-0.159,1.558
1449,0.239,-0.957,1.369,-0.648,0.544
1450,-0.237,-1.905,0.037,0.838,1.45
1451,-0.137,0.264,-0.036,0.854,0.471
1452,-0.269,-0.654,0.95,-1.183,1.05
1453,-0.974,-1.314,-1.93,-0.968,-0.023
1454,-2.169,0.158,0.28,2.015,0.773
1455,-0.717,-0.509,-0.314,1.056,-0.657
1456,-1.499,0.209,1.464,-0.463,-1.065
1457,-0.064,0.348,-1.447,0.653,0.289
1458,-0.314,1.11,0.391,0.806,0.445
1459,-0.401,1.846,-0.395,0.925,0.069
1460,-0.128,-0.912,-0.074,1.917,-0.964
1461,-1.414,-0.291,-0.89,0.88,-1.414
1462,-0.349,2.04,0.62,-0.077,2.026
1463,0.287,0.541,0.925,0.192,-0.847
1464,-0.786,0.572,-0.704,0.383,0.366
1465,0.406,0.058,0.632,-1.36,0.5
1466,-0.694,-0.12,-0.211,0.166,-0.543
1467,0.825,-1.927,0.195,0.99,0.092
1468,0.612,1.209,0.85,-0.515,1.799
1469,-1.689,0.501,-0.229,1.725,-0.597
1470,1.169,-1.73,1.344,1.213,1.106
1471,1.019,0.32,-0.74,-1.165,-1.949
1472,-1.78,1.455,1.572,0.286,0.924
1473,-0.785,1.747,-1.46,1.02,0.417
1474,0.369,0.284,0.551,-0.729,0.127
1475,0.01,0.958,-1.303,-1.665,-0.18
1476,-0.371,1.471,0.012,0.222,-0.126
1477,0.022,-0.102,-0.559,2.486,0.355
1478,-0.967,0.208,1.494,-1.213,-0.591
1479,0.755,-1.379,0.462,-1.155,-0.421
1480,-1.687,-1.018,0.743,-0.078,-1.06
1481,-0.135,-0.259,-0.47,0.814,0.458
1482,-0.504,-0.013,0.332,1.836,-0.478
1483,-0.987,-0.294,-0.322,0.386,2.256
1484,-0.269,1.929,1.167,0.592,1.024
1485,-1.387,0.748,0.127,1.341,0.121
1486,0.166,-0.986,1.546,-1.113,0.394
1487,-3.675,2.065,-0.672,-0.642,0.208
1488,0.996,1.151,0.545,-0.126,-0.205
1489,-0.776,0.32,-0.685,-0.339,1.5
1490,-0.331,-0.546,0.667,0.144,-1.735
1491,-1.224,0.156,1.002,-2.093,0.606
1492,-0.156,1.279,0.474,-1.793,0.753
1493,1.144,-1.691,-1.124,-0.698,-1.466
1494,1.856,1.412,-0.082,1.191,-0.318
1495,-1.638,-0.834,0.962,-2.643,-0.189
1496,1.731,0.639,0.472,0.307,-1.413
1497,1.098,-2.544,0.131,-1.441,-0.051
1498,1.324,0.386,-1.548,0.395,0.06
1499,1.324,-0.462,0.221,0.041,0.337
1500,-0.984,-1.06,-0.992,-0.148,0.069
1501,-0.112,-0.562,-1.03,1.088,-0.561
1502,0.542,-0.322,-0.098,0.011,-0.278
1503,0.259,-0.285,0.499,0.684,-0.88
1504,-0.137,-0.245,0.824,-1.385,-0.301
1505,0.106,-1.588,0.576,-0.632,1.177
1506,0.632,0.134,-2.856,-0.642,-0.617
1507,0.637,-0.732,0.21,-2.648,-0.995
1508,-0.713,-1.099,0.218,0.528,0.828
1509,-0.797,-0.022,0.34,0.48,1.18
1510,-0.325,0.222,-0.505,0.46,-0.136
1511,-2.093,0.323,-1.045,1.111,-0.572
1512,0.764,-0.469,-0.391,-1.061,0.314
1513,0.916,0.831,-0.304,-0.203,-0.302
1514,-1.06,1.085,0.358,0.385,0.079
1515,0.421,-0.437,-0.79,0.506,0.913
1516,-0.042,-0.178,0.361,1.56,-0.873
1517,0.172,0.929,-0.014,-0.044,-1.11
1518,-0.265,0.916,-2.294,-1.238,1.701
1519,-0.947,0.431,-1.095,-0.656,-0.502
1520,-0.178,0.114,0.415,0.689,-0.993
1521,0.425,0.259,-0.768,0.206,0.873
1522,1.685,-0.527,-0.935,-0.525,-1.65
1523,-1.315,-0.187,0.255,-1.429,-1.538
1524,-1.83,-1.189,-0.152,-0.671,-0.484
1525,0.866,0.809,1.47,0.265,0.59
1526,1.117,-0.381,-0.532,-0.184,-1.573
1527,1.008,-0.687,0.519,0.468,-0.573
1528,0.065,-0.38,-0.726,1.853,0.542
1529,-0.795,-0.409,-0.42,-1.939,0.869
1530,-1.093,1.023,-1.121,-1.045,1.458
1531,-0.424,-0.191,-0.39,0.142,0.925
1532,-1.918,-0.646,1.613,0.387,-0.391
1533,-0.107,1.499,0.587,0.654,-0.654
1534,-0.245,0.11,0.672,-0.4,0.676
1535,-1.545,-1.309,0.772,0.207,0.064
1536,-0.328,-0.209,0.766,-1.309,-0.558
1537,-1.612,-0.656,-0.893,0.193,-0.191
1538,1.333,-0.673,-0.154,-0.576,-1.65
1539,-1.025,-1.088,-0.216,2.036,-1.006
1540,0.502,1.048,1.738,0.686,0.094
1541,-0.175,-0.427,0.107,1.235,1.158
1542,-0.357,0.84,0.578,-1.096,-0.434
1543,-0.823,1.028,-1.646,0.282,-0.441
1544,1.036,-0.055,-1.165,1.301,1.085
1545,0.193,-0.48,-0.485,0.094,0.61
1546,-0.103,0.81,2.024,-1.334,-1.326
1547,-0.079,0.481,0.1,0.017,-0.061
1548,2.698,-0.02,1.115,-0.103,1.073
1549,0.975,-0.546,-0.679,1.005,-1.261
1550,1.921,-0.319,0.45,0.401,0.371
1551,-0.399,-0.03,-1.628,1.749,-1.248
1552,0.259,0.218,0.573,0.763,-0.469
1553,-0.747,0.222,0.015,0.673,-0.897
1554,1.71,1.856,-0.713,0.226,2.598
1555,1.555,0.018,-0.539,0.824,-0.017
1556,-1.124,-0.298,0.594,-2.139,1.042
1557,-0.449,0.647,-1.422,-0.433,0.386
1558,-0.798,0.175,0.697,1.143,0.741
1559,0.492,-0.002,0.058,-1.282,-0.349
1560,1.254,-1.094,1.138,0.83,0.593
1561,-0.745,-1.258,0.207,-0.445,-0.906
1562,-0.71,0.494,-1.025,-0.984,-0.653
1563,-1.027,0.682,2.147,0.162,0.323
1564,-0.035,-0.758,0.048,1.534,1.038
1565,0.464,-0.092,1.249,-0.802,-1.104
1566,0.675,-0.987,-0.619,-1.463,-0.802
1567,-0.352,0.912,0.097,-0.25,1.235
1568,1.762,0.162,0.813,-0.497,-2.399
1569,-0.872,2.498,2.008,-1.163,-1.054
1570,-0.574,-1.286,0.313,0.149,2.482
1571,-0.431,0.745,-0.306,-1.234,1.914
1572,-0.24,-0.599,-0.039,-0.763,-1.07
1573,0.112,1.57,-0.004,-0.336,1.189
1574,1.623,-0.162,-0.267,0.249,-0.509
1575,1.19,-3.113,0.425,-1.337,-0.659
1576,-0.498,1.128,0.706,-0.614,-1.366
1577,-0.563,-0.115,0.649,0.622,1.182
1578,0.105,-1.105,-0.877,0.633,-1.251
1579,1.294,0.997,0.212,0.096,-1.029
1580,0.926,-1.14,-0.755,0.829,-0.011
1581,-0.454,-0.858,-0.276,0.87,1.228
1582,-0.194,0.46,0.554,2.441,-2.528
1583,1.318,0.497,1.856,1.364,1.363
1584,0.488,-1.754,-1.017,-1.429,0.234
1585,-0.153,0.292,0.574,1.268,1.392
1586,0.956,-0.995,0.721,-0.93,0.595
1587,1.227,-0.643,0.858,0.696,-0.042
1588,-0.384,-0.346,0.283,-0.18,0.262
1589,-0.209,0.195,-0.955,-1.599,-0.558
1590,0.68,-0.22,0.62,-0.003,0.365
1591,0.774,-0.705,0.672,-0.709,0.264
1592,1.218,0.256,0.832,-0.633,-0.234
1593,1.117,0.523,1.692,0.918,-0.313
1594,-0.979,0.669,1.017,1.425,0.287
1595,1.127,-1.663,0.903,0.443,0.705
1596,-0.261,0.673,-0.795,0.187,1.159
1597,-1.355,0.684,0.232,1.02,0.096
1598,0.201,0.535,-0.214,1.361,0.537
1599,0.931,1.083,1.452,0.294,-0.265
1600,1.826,0.527,-0.944,0.753,-0.498
1601,-0.806,-2.163,1.083,-0.714,-0.673
1602,-0.269,0.983,0.344,-0.938,-0.079
1603,-0.288,-1.316,-0.395,0.155,-0.313
1604,1.122,-0.108,1.929,1.376,-1.017
1605,0.331,1.049,0.925,-0.123,-0.037
1606,0.368,0.997,1.409,0.751,1.008
1607,-0.598,1.84,-0.865,-0.61,-1.21
1608,-1.25,0.508,-1.298,0.029,-1.642
1609,0.062,0.538,-2.267,-0.308,-0.034
1610,0.325,0.966,-0.439,-1.374,-0.1
1611,1.458,1.654,0.131,-0.671,0.503
1612,-0.856,-0.698,0.481,1.441,-0.086
1613,-0.128,-0.511,0.48,0.729,-1.102
1614,-0.879,1.358,-1.149,-0.04,0.741
1615,-0.841,-1.292,-0.097,-1.733,0.321
1616,0.886,1.905,-0.782,-0.583,0.827
1617,-1.112,-1.84,0.281,-1.022,-0.779
1618,-1.778,0.747,-0.778,0.434,-1.196
1619,0.76,-0.528,-0.116,0.346,2.03
1620,-0.025,1.58,-0.935,0.752,-0.329
1621,0.975,-1.25,-0.084,-0.401,-0.499
1622,0.662,-1.562,1.484,0.693,3.073
1623,-0.669,0.398,0.047,-1.061,-1.983
1624,-0.843,-0.8,-0.885,1.349,0.864
1625,0.48,-1.77,1.196,0.997,0.918
1626,1.84,-0.407,0.273,1.117,0.663
1627,0.465,-0.714,-1.422,-0.695,-0.083
1628,-0.407,-0.312,0.303,0.424,-0.216
1629,0.454,2.379,1.209,-0.18,0.436
1630,-1.714,1.509,0.072,0.756,-0.535
1631,-0.122,0.454,-0.365,1.007,0.351
1632,-0.327,-0.656,0.664,0.28,2.514
1633,0.315,-0.427,0.116,0.518,0.417
1634,0.629,0.009,-0.603,0.205,1.695
1635,-0.237,-0.206,-0.665,-0.789,0.2
1636,1.156,0.378,-3.102,-0.16,0.823
1637,-1.577,-0.425,-0.332,-2.387,-1.401
1638,0.564,-0.776,-1.429,1.093,-0.786
1639,-2.129,0.729,0.033,-1.382,0.107
1640,-0.011,-0.172,-0.089,0.903,-0.129
1641,1.314,-0.699,-2.261,-0.501,0.163
1642,-0.256,1.117,0.055,0.293,1.437
1643,-0.396,0.066,-1.073,-0.266,0.492
1644,0.505,-0.112,0.311,0.141,-0.722
1645,-1.189,-0.229,-0.224,-1.061,-1.802
1646,0.155,-0.516,-0.596,-0.124,-2.74
1647,0.007,-1.515,-0.461,-1.16,0.412
1648,0.077,-0.526,2.148,-0.376,-1.515
1649,-0.086,-2.401,0.98,0.698,-0.58
1650,-2.675,0.562,2.069,-0.045,-0.133
1651,0.491,-0.851,1.858,-0.273,0.508
1652,0.99,-0.444,-0.559,0.063,0.985
1653,-0.626,0.136,1.116,-0.096,1.791
1654,-1.037,-0.848,0.489,0.616,-0.91
1655,2.336,1.011,0.766,-0.597,-1.374
1656,1.525,-0.565,0.503,-0.593,0.528
1657,0.248,0.69,0.154,1.026,-0.786
1658,0.009,1.19,-0.153,-2.27,0.081
1659,-0.527,-0.764,0.289,-0.935,-0.539
1660,-0.628,-0.192,-1.013,-0.054,0.748
1661,-0.43,-0.308,-0.115,-1.665,-1.358
1662,-0.057,0.899,0.545,1.602,0.796
1663,-3.045,-0.525,0.105,-0.519,-0.519
1664,-1.211,0.316,0.469,-0.544,-0.177
1665,-0.17,0.811,-0.983,-0.976,0.932
1666,2.854,0.179,0.371,-0.004,0.018
1667,0.921,0.766,1.485,0.875,-1.272
1668,-0.566,-1.011,0.497,0.206,-1.299
1669,-0.08,-0.382,-0.176,0.39,0.84
1670,-0.185,1.053,-1.453,-0.873,2.574
1671,-0.263,-1.15,0.731,-2.074,-1.264
1672,-0.895,1.241,-0.379,2.621,-1.572
1673,-0.917,-0.487,0.362,0.016,-0.962
1674,1.963,-1.052,-1.28,2.317,0.0
1675,1.897,-0.385,1.238,0.441,0.22
1676,-0.797,1.054,0.657,-0.138,-0.634
1677,0.739,-1.609,0.264,-0.05,-0.619
1678,0.585,0.322,0.193,1.466,0.59
1679,1.375,0.329,-0.571,0.242,1.364
1680,0.872,0.706,-1.526,0.093,-0.864
1681,-1.019,-0.54,0.126,0.762,1.056
1682,-0.863,0.764,0.955,0.49,1.203
1683,1.73,-0.403,1.802,-0.466,-0.534
1684,-0.244,0.779,0.59,-0.21,3.049
1685,-0.746,0.757,0.28,-2.721,0.599
1686,-0.362,0.99,-1.654,1.428,-0.309
1687,-0.679,0.056,-0.404,-0.172,0.059
1688,-1.03,-0.679,0.629,1.455,-0.806
1689,-0.161,-0.33,0.194,0.466,0.088
1690,-0.48,-0.667,1.209,-0.623,-0.235
1691,-0.171,-0.305,0.651,0.104,-0.809
1692,0.403,-1.071,0.226,-1.342,1.869
1693,-0.027,-0.453,-0.204,0.414,-0.481
1694,0.377,-1.141,0.059,0.781,-0.202
1695,0.264,-0.634,1.018,0.328,-0.858
1696,0.266,1.883,0.849,-0.175,0.815
1697,1.408,-0.524,0.608,-1.318,-0.327
1698,0.25,1.149,0.63,0.053,1.154
1699,2.182,-2.253,-0.062,0.149,-1.104
1700,0.89,0.87,1.216,-0.403,-0.206
1701,-0.193,0.298,-1.73,-2.03,-0.228
1702,-0.063,1.358,-1.558,1.367,-0.273
1703,1.74,-0.071,0.76,-1.01,-0.235
1704,-0.159,0.545,0.581,-0.508,-0.861
1705,-0.196,0.72,-0.365,-0.714,-1.237
1706,1.041,-0.314,1.103,0.185,-0.015
1707,0.72,0.264,0.643,0.244,0.591
1708,1.338,0.203,2.094,1.159,1.825
1709,-0.503,1.204,-1.117,1.524,0.077
1710,-1.291,-1.452,1.898,1.795,0.349
1711,-0.165,0.106,1.615,-1.189,0.156
1712,1.384,0.549,-1.016,1.532,-0.767
1713,0.988,0.736,-0.908,-0.672,0.235
1714,-0.302,-0.872,0.12,-0.811,-0.725
1715,0.375,-0.523,-0.821,-0.025,-0.878
1716,-0.889,1.745,-0.427,-0.891,-1.444
1717,-2.024,-0.37,0.865,2.576,1.376
1718,0.654,0.323,0.388,-0.509,-0.443
1719,-0.749,0.749,-0.06,1.169,-1.085
1720,0.614,-0.501,0.404,0.522,-1.225
1721,0.192,0.381,0.171,-1.341,-1.957
1722,2.396,-0.445,1.139,-1.285,0.14
1723,0.352,0.42,0.375,0.126,-0.725
1724,-0.007,0.21,-0.586,-0.442,0.953
1725,-1.536,0.525,-1.226,0.055,0.611
1726,-1.007,0.254,0.854,-0.381,-0.33
1727,-0.996,-0.303,1.329,1.189,1.026
1728,2.311,0.571,-1.511,0.885,0.447
1729,1.627,1.324,0.302,-1.105,-0.61
1730,1.176,-0.057,-0.2,-1.045,0.612
1731,1.229,1.198,0.448,-0.438,0.574
1732,-0.932,-0.272,-0.708,-0.175,-1.045
1733,-1.165,-0.473,0.896,0.672,0.658
1734,0.262,-0.652,0.985,-0.869,1.028
1735,0.476,1.251,-0.057,0.224,-0.041
1736,-0.554,0.367,0.877,2.123,3.512
1737,-0.387,-1.54,-1.136,-0.332,0.271
1738,2.058,-0.895,-1.026,-1.256,-1.296
1739,-0.223,-0.883,-1.072,-0.579,0.153
1740,-1.018,-2.729,0.804,-0.862,0.685
1741,-0.119,0.081,1.074,0.074,0.282
1742,0.914,-0.986,0.624,0.398,0.512
1743,0.81,1.177,-2.18,-0.535,-1.888
1744,-0.689,0.135,-2.467,-2.071,-1.774
1745,-0.524,1.43,1.944,-0.234,-0.225
1746,-2.366,0.949,-0.857,-1.278,0.224
1747,-0.608,1.05,-0.564,1.253,-0.582
1748,0.644,-0.429,-0.097,-1.376,-0.555
1749,1.074,0.495,-1.021,-0.378,-1.309
1750,-1.06,0.662,0.714,0.938,0.642
1751,1.927,0.434,-0.917,0.284,-0.285
1752,-0.714,-0.868,0.796,-0.231,0.59
1753,-0.857,-0.07,0.192,-0.6,-0.178
1754,-1.158,-1.622,2.021,0.197,-0.835
1755,0.366,0.083,-0.524,-0.314,0.97
1756,1.501,0.607,0.604,-1.493,0.215
1757,0.665,0.663,-0.428,0.848,0.903
1758,0.771,1.015,1.608,-0.045,0.502
1759,0.739,1.029,-0.294,-0.498,0.187
1760,0.263,-0.393,0.004,0.493,0.513
1761,-0.491,-0.235,1.405,-0.838,0.04
1762,-0.069,-1.044,-1.12,-1.259,-0.556
1763,0.354,-0.958,-0.304,-1.855,0.49
1764,-1.324,0.367,-0.639,-1.425,-0.145
1765,-2.806,-0.2,0.539,-1.488,0.399
1766,-0.378,-0.496,1.281,-0.262,0.437
1767,-1.025,-0.806,-0.541,0.199,-0.501
1768,1.479,0.766,0.342,1.621,-1.31
1769,1.397,-0.247,-1.545,-0.201,0.967
1770,-0.416,0.393,-0.097,0.054,1.67
1771,-0.936,-0.648,0.825,-0.965,-1.238
1772,-0.238,0.249,-0.14,-1.361,0.805
1773,1.21,-0.451,-0.092,-0.781,-0.971
1774,0.368,1.563,-2.545,0.072,-1.055
1775,0.577,1.347,1.096,-2.036,-0.384
1776,1.593,0.818,1.232,0.22,0.895
1777,-1.955,-0.796,-0.253,0.441,1.256
1778,0.842,0.834,0.193,-1.837,1.032
1779,-0.084,3.252,-0.246,0.513,-1.697
1780,0.626,0.474,0.929,1.185,0.224
1781,0.127,-1.073,1.062,-0.34,0.154
1782,0.088,-0.543,0.807,0.417,1.888
1783,-1.984,-0.198,-0.094,-0.727,-0.5
1784,0.583,0.516,-0.245,-0.866,-0.159
1785,0.425,0.843,-0.441,-2.895,1.74
1786,1.228,1.309,0.23,0.914,-1.975
1787,-0.732,-1.164,0.201,0.567,0.599
1788,1.046,-0.371,-1.07,1.449,0.443
1789,2.117,0.262,0.208,-1.359,1.266
1790,0.335,-1.378,0.188,2.074,-0.105
1791,-1.811,0.973,0.377,-0.986,-0.447
1792,-0.339,2.284,0.655,0.501,1.105
1793,0.099,0.121,-1.124,-0.536,0.762
1794,1.428,-0.798,0.406,-0.567,-0.787
1795,0.584,0.006,0.224,0.72,-1.916
1796,-0.231,-0.287,-1.132,-1.447,-0.064
1797,1.653,-1.83,-2.702,-2.185,-0.706
1798,-1.457,-1.929,-0.597,-0.762,-0.944
1799,0.233,-0.084,-0.493,-0.748,0.139
1800,0.068,1.419,0.25,-2.271,1.609
1801,0.839,1.7,2.104,0.068,-0.947
1802,0.398,0.069,-0.47,0.201,-0.832
1803,-0.947,-0.524,0.002,-0.221,-0.161
1804,-0.224,-1.214,0.336,-0.704,0.272
1805,-1.165,-0.965,-0.345,-0.099,-0.023
1806,1.242,-1.947,2.446,1.398,-0.016
1807,-0.477,0.713,0.439,-0.971,1.756
1808,-1.162,0.094,0.561,0.96,-0.119
1809,0.704,0.64,-1.784,-0.398,-0.41
1810,1.424,-0.885,3.986,1.447,-1.235
1811,0.603,-0.321,-0.017,-0.279,-1.018
1812,0.026,0.735,0.928,1.23,-0.352
1813,-0.921,-0.597,0.033,1.114,-0.045
1814,1.298,-1.098,0.147,-0.23,0.435
1815,-0.657,1.129,0.558,-1.18,0.734
1816,-0.917,-0.208,0.513,0.244,1.479
1817,-0.454,-0.037,0.637,-2.611,1.137
1818,-1.311,0.269,1.291,0.935,1.578
1819,-0.311,-0.402,1.934,0.475,0.104
1820,-0.84,-0.031,-0.593,-0.934,-2.096
1821,0.998,0.921,0.01,-0.704,-1.05
1822,-0.221,-0.131,-1.348,0.075,-1.257
1823,1.037,0.199,-0.491,1.022,-1.354
1824,2.163,-0.899,-0.282,-0.283,-0.914
1825,-0.401,0.956,-1.114,-0.386,-1.575
1826,0.588,-0.918,0.579,0.875,1.625
1827,-0.476,1.822,-0.283,-1.062,-0.685
1828,-0.309,-0.685,-0.052,1.268,-0.377
1829,-0.634,0.34,0.545,-0.577,-0.816
1830,-0.763,0.437,-0.72,0.841,-0.552
1831,0.59,-0.835,-1.081,-1.679,-0.186
1832,-1.424,0.016,0.943,0.673,-0.621
1833,0.365,-1.494,-0.003,-0.523,-0.802
1834,1.534,0.238,0.006,-2.185,-0.032
1835,0.035,-0.023,2.027,-1.638,-0.009
1836,-0.499,-1.453,1.396,1.238,-0.04
1837,0.901,0.06,-0.158,-0.583,0.18
1838,0.406,2.329,0.567,-0.147,-1.522
1839,-0.897,0.265,0.235,1.123,1.058
1840,-0.032,-0.569,0.737,-0.658,-0.602
1841,-0.39,-0.625,-1.399,1.295,1.103
1842,1.861,1.111,-0.614,-1.392,1.52
1843,1.267,-0.301,0.341,0.711,0.745
1844,-1.749,-1.036,1.235,0.481,-0.998
1845,-1.297,-2.375,1.398,1.244,-0.328
1846,-0.036,-1.455,0.033,-0.197,-0.334
1847,1.281,-2.463,0.872,0.5,1.653
1848,0.337,-0.956,0.472,0.132,2.825
1849,0.829,-2.361,0.56,-2.102,-0.057
1850,1.346,-0.048,-0.827,-0.832,0.08
1851,0.774,1.222,-1.547,1.95,-1.005
1852,-1.459,2.048,-0.074,-0.481,-1.42
1853,0.678,0.424,-1.277,0.469,0.168
1854,1.373,0.756,-2.74,0.761,0.373
1855,0.171,1.139,0.057,-0.716,1.44
1856,-0.873,0.986,-0.984,1.303,-1.218
1857,1.356,0.145,0.896,1.082,1.114
1858,2.053,1.103,0.457,1.142,-0.253
1859,0.31,0.145,0.008,-1.08,-0.228
1860,-1.208,-0.32,2.46,0.539,0.516
1861,-0.579,0.679,1.41,0.743,-0.501
1862,-0.701,-0.333,2.132,-0.993,-0.654
1863,0.718,1.742,-0.66,-0.936,-0.275
1864,0.361,-0.649,0.331,-0.296,1.165
1865,1.153,-0.274,0.015,-1.342,0.909
1866,1.143,0.753,0.844,0.4,-1.189
1867,0.718,1.002,0.374,0.15,0.303
1868,0.208,0.572,0.254,-0.66,-0.361
1869,-0.227,-0.543,-0.781,-0.756,1.237
1870,-1.99,0.224,-2.04,-0.05,1.039
1871,0.541,-0.941,-0.914,0.377,-0.024
1872,-1.625,0.655,-0.139,-0.239,0.531
1873,1.003,-0.145,1.328,0.272,1.319
1874,1.32,0.284,2.009,0.668,0.194
1875,-0.169,-1.823,0.43,0.593,-1.115
1876,-0.45,-0.606,-0.141,0.39,-0.162
1877,0.676,-0.94,-0.272,-1.211,-0.675
1878,1.244,1.285,0.137,0.532,-0.923
1879,-0.527,-0.757,-0.817,0.91,-1.738
1880,1.1,1.135,0.433,-0.056,0.401
1881,-0.548,1.026,1.348,0.245,-0.028
1882,1.528,-2.013,0.172,-1.276,0.171
1883,0.523,0.937,0.105,0.458,-2.649
1884,0.78,-0.343,-0.675,-0.849,0.246
1885,1.23,-0.861,1.018,-0.468,-0.783
1886,0.635,-1.296,1.895,-0.366,-1.114
1887,0.572,-0.363,-0.573,2.005,1.29
1888,-2.124,-0.179,-1.388,0.716,0.219
1889,-1.45,-1.197,1.04,-1.012,-2.069
1890,-1.158,-0.556,-0.656,0.848,1.16
1891,2.086,-0.703,1.014,0.703,0.407
1892,-0.351,0.709,0.269,-1.447,-0.642
1893,-0.734,-1.719,-0.584,1.395,-0.055
1894,1.447,-1.676,1.862,-1.09,2.012
1895,-0.175,1.0,1.08,0.592,0.934
1896,0.61,0.436,0.345,-0.849,1.403
1897,2.615,-0.358,-0.285,0.353,0.146
1898,0.023,-0.092,0.101,0.578,0.004
1899,-0.993,1.461,-2.025,-0.679,-0.386
1900,-0.125,-1.262,-1.086,0.176,0.787
1901,0.51,0.467,0.396,-0.997,1.849
1902,0.971,0.817,-0.343,-2.448,0.34
1903,-0.058,-1.346,1.208,-0.988,0.146
1904,0.861,0.588,2.12,-1.048,0.796
1905,-0.96,0.056,0.33,-1.087,2.21
1906,-1.735,-0.693,-0.857,0.252,0.062
1907,1.419,-1.142,1.377,-0.409,1.349
1908,-0.135,-0.953,0.443,-2.362,-1.314
1909,0.117,-1.053,1.53,0.288,1.054
1910,0.953,1.681,-1.397,0.618,0.711
1911,-1.223,0.802,-1.497,-0.144,0.857
1912,0.149,-1.824,1.475,0.719,0.84
1913,-0.4,-1.198,0.439,-0.807,-0.628
1914,-0.564,-0.057,-0.625,-0.356,2.27
1915,0.014,0.36,0.598,-0.052,0.96
1916,-1.121,-0.848,-1.121,0.763,0.303
1917,-1.001,-0.665,-0.315,-0.058,0.226
1918,0.69,-0.162,0.038,0.049,-0.165
1919,0.771,1.971,0.561,0.977,-1.252
1920,-0.13,0.193,-0.995,-1.298,0.395
1921,1.879,2.314,-0.491,-0.343,-0.66
1922,0.539,0.128,-1.07,-0.677,2.032
1923,-0.073,0.582,0.563,-0.193,-0.961
1924,-0.091,0.425,-0.798,-1.711,-0.348
1925,-0.563,1.964,-0.044,-1.058,1.072
1926,-0.358,0.332,-0.854,1.802,-1.078
1927,1.423,-0.542,0.554,-0.988,-0.018
1928,-0.294,2.396,0.752,0.286,-1.373
1929,0.499,-1.186,0.445,-0.496,-0.559
1930,-1.464,-1.536,0.153,0.744,-0.245
1931,-0.003,-0.38,-0.811,-0.632,-1.212
1932,0.688,-1.429,0.965,2.285,2.044
1933,0.864,-0.587,0.396,0.054,-0.402
1934,1.988,-0.862,-0.261,-0.895,1.342
1935,-0.361,-0.632,1.042,-1.826,-2.293
1936,-0.12,0.411,-0.127,-1.401,-1.131
1937,-0.723,-0.208,-0.087,0.952,-1.084
1938,-0.641,-0.037,-1.242,0.072,0.954
1939,-1.181,0.398,-1.322,0.438,-0.618
1940,0.447,-1.168,-0.261,-0.241,-0.08
1941,-0.169,1.847,0.212,-0.162,-1.103
1942,0.09,0.255,0.871,2.008,0.431
1943,-0.379,-0.729,1.403,-0.566,0.626
1944,-2.078,-1.4,0.96,-0.271,-0.889
1945,-0.678,1.497,1.383,0.566,1.14
1946,-1.368,-0.997,0.106,-0.262,1.171
1947,0.756,0.028,-0.55,-0.104,-0.568
1948,2.122,-0.233,-1.705,-0.007,0.721
1949,0.284,-1.328,-0.986,-0.554,0.035
1950,1.041,-0.196,0.866,0.438,1.3
1951,-1.432,-1.192,0.087,-0.159,0.646
1952,1.061,-0.667,-0.327,0.495,-1.14
1953,0.403,-0.154,1.264,-0.407,-1.512
1954,-1.074,-0.334,0.043,0.79,-0.451
1955,-0.325,1.444,-2.139,0.124,-0.243
1956,1.604,-1.003,1.393,0.538,-0.792
1957,-0.492,1.913,1.013,0.14,0.389
1958,0.216,-1.024,-1.013,-0.616,-0.866
1959,0.73,0.749,-0.459,1.161,-0.802
1960,0.545,0.11,-0.226,-0.538,-0.847
1961,0.714,0.613,1.446,0.185,1.109
1962,-2.89,0.172,1.127,1.015,0.002
1963,-0.024,0.351,0.829,1.411,-1.436
1964,-0.993,-0.939,-1.046,0.944,-0.777
1965,0.148,0.391,-0.413,0.1,0.913
1966,-0.96,-0.294,-0.042,0.335,-0.243
1967,0.243,0.234,-2.095,-1.408,-0.56
1968,-0.896,0.31,0.433,0.56,-0.494
1969,0.425,-0.283,2.501,2.32,-1.776
1970,1.412,0.449,-1.752,0.396,0.692
1971,1.11,-0.164,0.573,1.206,-0.455
1972,-0.849,0.143,0.489,1.297,1.21
1973,-2.126,-1.086,-1.215,0.71,0.314
1974,1.412,0.662,1.586,0.95,0.505
1975,-0.119,-0.162,1.545,0.892,-0.135
1976,0.869,-1.492,-0.227,2.11,-0.837
1977,-0.747,-0.248,0.0,0.667,-0.335
1978,-1.076,0.862,-1.845,-1.992,0.87
1979,-0.89,-0.523,0.277,-0.612,0.242
1980,-1.233,0.301,0.159,0.592,-0.832
1981,0.661,-0.499,0.471,0.54,0.049
1982,-0.251,-0.438,0.729,2.047,0.639
1983,-0.78,0.075,-1.112,-0.265,1.745
1984,0.361,-0.038,2.012,-0.415,-0.88
1985,-0.157,0.369,0.11,-0.724,-0.547
1986,0.382,0.165,-0.24,-0.001,0.05
1987,0.812,-0.757,0.179,-0.132,0.918
1988,0.056,1.056,-1.235,0.128,-0.855
1989,0.119,1.595,0.235,0.661,-0.655
1990,-0.457,0.062,-0.114,0.133,-0.301
1991,-0.884,0.581,-0.816,-0.24,-0.796
1992,-1.548,-0.229,-0.683,0.347,1.012
1993,0.835,-0.296,-0.261,0.538,0.569
1994,0.306,-0.027,0.01,1.146,-1.928
1995,-0.187,1.102,0.147,0.593,-1.014
1996,1.178,0.208,-0.308,-0.286,0.464
1997,0.206,-1.206,-1.051,-1.228,0.639
1998,0.735,-1.418,2.517,1.275,-0.479
1999,0.635,0.485,0.503,0.57,-0.035
2000,0.421,-0.487,0.035,2.487,0.967
2001,0.794,-0.147,0.479,-0.572,0.898
2002,-0.357,-0.127,0.59,-0.424,-0.051
2003,-0.81,-0.486,-0.01,-1.133,-0.152
2004,-0.429,1.198,-0.934,0.054,1.426
2005,-0.517,-0.207,-1.907,-1.066,-2.119
2006,-0.397,0.919,-0.917,1.009,0.195
2007,-2.176,-0.753,-0.698,-0.671,-0.591
2008,1.541,-1.217,0.614,-1.018,0.096
2009,0.734,-0.702,4.237,0.25,-0.754
2010,1.224,-0.38,-0.027,0.32,0.817
2011,-2.686,-0.886,-0.594,-0.371,-0.123
2012,0.772,1.198,-0.189,-0.387,-0.004
2013,1.281,-0.42,-0.584,1.557,-1.162
2014,0.899,-0.301,-2.372,-0.017,-0.037
2015,-1.191,1.05,1.143,0.017,-0.31
2016,0.034,0.832,-1.478,-0.021,0.234
2017,1.397,-1.33,0.099,-1.068,-0.946
2018,-0.059,0.148,-0.324,-0.902,-0.932
2019,-0.653,0.104,-0.571,0.096,0.307
2020,1.994,-0.454,0.078,-0.719,0.559
2021,-0.236,-0.536,-1.375,0.329,2.56
2022,-0.725,0.159,0.021,0.431,-1.824
2023,-0.572,-0.522,0.397,-0.82,-0.549
2024,0.818,1.012,-0.18,0.399,-1.409
2025,0.083,-1.311,-0.384,1.262,0.284
2026,1.179,-0.0,-0.056,0.402,-1.283
2027,0.218,-0.036,-0.359,-0.323,-1.437
2028,1.296,-0.541,-2.239,-0.045,-1.011
2029,-0.687,-0.047,2.004,-0.756,1.39
2030,0.02,-0.9,-0.527,-0.277,-1.319
2031,-0.628,0.994,-0.679,0.525,-0.092
2032,1.087,-0.479,-0.155,0.927,-0.67
2033,0.954,0.089,-0.445,1.183,-0.263
2034,0.931,-0.423,-0.648,-0.099,-0.872
2035,-1.41,-0.299,0.246,-0.58,0.382
2036,0.148,0.236,0.492,0.551,-0.188
2037,-0.14,0.567,-2.531,-1.873,-0.31
2038,0.134,-0.638,0.049,0.205,1.926
2039,-0.418,-0.226,0.207,1.347,-0.403
2040,0.95,0.365,-1.314,2.038,-0.902
2041,0.373,-1.062,-0.513,0.272,-0.283
2042,0.288,-0.703,0.849,1.357,-0.314
2043,0.851,1.541,0.725,1.61,0.376
2044,0.76,1.097,3.581,0.584,-0.234
2045,-0.774,-0.309,1.641,0.739,0.258
2046,-0.048,0.203,-0.624,0.699,-1.071
2047,-0.67,-0.706,0.963,0.197,1.675
2048,-0.052,-0.246,0.272,-2.033,0.834
2049,-0.207,1.122,-0.357,-1.506,0.132
2050,-0.198,0.99,0.124,-0.46,-0.756
2051,-2.037,0.278,-0.215,1.721,1.991
2052,-0.335,-0.32,0.359,0.921,-0.608
2053,0.164,-0.144,-0.143,-1.62,0.549
2054,-0.143,2.942,-1.86,-0.192,1.565
2055,-1.358,0.086,0.43,1.104,0.08
2056,0.88,-1.067,0.585,1.01,0.465
2057,-0.025,-0.012,0.046,1.378,-1.175
2058,0.171,1.049,-0.722,0.377,-0.175
2059,-2.355,-0.397,-0.765,0.23,-1.752
2060,-0.002,-0.494,0.277,2.191,0.66
2061,1.442,0.677,0.787,-0.353,0.056
2062,-1.703,-0.718,-2.061,-0.642,1.272
2063,-0.96,0.63,1.076,0.721,-1.158
2064,1.507,0.465,1.01,0.319,0.394
2065,0.981,0.465,0.322,-0.431,-0.986
2066,1.71,1.869,-1.834,1.28,0.441
2067,-1.547,-1.116,-1.407,1.282,-0.151
2068,1.32,0.852,1.9,-1.37,0.306
2069,0.167,0.237,-0.403,-0.494,-0.18
2070,0.301,1.221,-0.426,0.036,-0.943
2071,0.156,0.291,-1.135,-0.545,-0.187
2072,-0.269,1.358,0.024,-0.334,0.044
2073,-0.204,0.489,1.668,0.696,-1.052
2074,0.333,1.861,-0.84,1.17,-0.981
2075,0.696,1.781,-2.204,-0.365,1.675
2076,-0.811,-1.252,0.849,0.261,-1.479
2077,-1.058,-0.464,0.941,-0.05,-0.899
2078,0.135,-0.461,0.583,0.608,-0.195
2079,-1.005,-1.34,-0.423,0.513,-0.498
2080,-0.036,-0.437,0.32,-1.703,-0.767
2081,-0.865,-2.8,1.265,0.677,-0.363
2082,1.513,1.153,1.35,-0.243,1.544
2083,-0.038,0.816,-0.728,-0.235,-0.266
2084,0.311,0.086,-0.15,0.006,-0.689
2085,-0.526,0.46,0.146,-0.405,-1.163
2086,0.493,0.269,2.359,0.274,-0.854
2087,-0.554,0.368,-0.151,-1.129,-0.155
2088,1.434,-0.146,-0.835,-1.893,-0.726
2089,-1.199,0.558,-0.769,-0.809,-0.404
2090,0.652,1.884,-1.974,0.118,2.108
2091,0.244,1.196,-1.043,-0.217,-0.561
2092,1.296,0.993,0.409,-0.221,-0.342
2093,-2.69,-0.122,-1.418,-1.796,0.203
2094,1.694,0.05,-0.208,-0.235,1.479
2095,1.965,0.347,-0.207,0.457,0.763
2096,-0.948,-0.213,0.547,-1.406,1.299
2097,-0.008,-0.044,1.091,-0.599,-0.379
2098,-0.305,-1.135,0.437,-0.676,-1.221
2099,0.142,0.288,-0.044,2.395,1.685
2100,-1.19,1.143,1.082,0.081,0.883
2101,0.791,-0.63,0.6,-0.78,0.072
2102,-2.794,-1.737,-0.597,-0.71,0.5
2103,-0.228,-1.749,-0.561,-0.287,2.476
2104,0.862,-0.202,0.284,0.987,0.585
2105,1.585,-0.449,0.051,0.773,0.207
2106,0.587,0.031,0.727,-0.561,-0.273
2107,-0.662,-2.602,-0.587,1.091,0.112
2108,1.02,0.812,-1.728,-1.45,-1.584
2109,-0.962,0.898,0.139,1.738,-0.153
2110,-1.317,1.447,-0.895,0.782,0.507
2111,-0.638,-1.057,-0.867,-1.188,-0.12
2112,0.174,2.892,0.196,-0.014,1.601
2113,0.012,0.224,0.471,-0.511,-0.226
2114,0.272,0.801,-0.748,0.963,-0.167
2115,-1.018,-0.526,-0.625,0.763,1.14
2116,0.447,-0.382,-1.02,-1.484,-0.581
2117,-0.241,0.875,-0.738,-0.128,3.235
2118,2.545,-0.23,-1.087,-0.343,-1.855
2119,-0.685,0.822,0.198,1.573,0.149
2120,0.098,0.104,0.283,-0.227,0.471
2121,-0.001,-1.049,-1.227,0.095,0.315
2122,-0.838,-0.732,1.093,-0.224,0.854
2123,0.864,-0.276,-0.324,-0.462,-0.722
2124,-1.271,0.512,0.38,0.055,0.834
2125,-1.528,-0.798,-0.76,0.689,-1.43
2126,0.473,-0.101,0.224,1.08,-1.674
2127,0.621,-0.104,-0.452,-1.776,2.158
2128,-0.335,0.078,-1.595,0.49,-0.91
2129,0.919,-1.154,1.641,1.481,0.585
2130,-0.543,0.266,0.152,-1.236,-0.088
2131,-1.138,-0.552,-0.173,1.227,0.9
2132,-0.779,-0.589,-0.033,0.667,-0.038
2133,0.434,1.107,-0.101,0.871,-1.791
2134,-2.187,0.707,0.412,0.843,0.817
2135,-1.389,-0.629,1.607,-0.732,-0.998
2136,-1.03,-0.844,-0.164,-0.4,1.398
2137,-0.279,-0.872,-1.306,-2.427,1.069
2138,-1.418,-1.507,0.414,-1.043,0.562
2139,0.113,-0.963,0.414,0.407,1.086
2140,-1.184,1.367,1.479,-0.163,1.417
2141,0.805,-1.594,-0.638,-1.224,0.19
2142,1.266,0.062,-0.491,0.905,-1.321
2143,-0.171,0.183,1.308,0.031,-0.609
2144,0.494,0.556,1.231,1.268,-1.182
2145,0.384,2.587,-0.139,0.174,-0.068
2146,-1.494,1.187,0.728,1.584,-0.296
2147,0.722,0.67,-0.692,-0.97,0.15
2148,-0.296,0.767,0.157,1.954,-0.564
2149,0.301,-0.533,-0.292,-0.436,-0.269
2150,-0.437,0.292,1.14,0.405,0.823
2151,0.4,-0.284,0.04,2.639,1.343
2152,-1.155,0.86,0.929,1.445,1.917
2153,0.816,-0.383,-0.536,-0.453,0.041
2154,-0.328,-1.237,-1.17,1.292,0.535
2155,0.891,0.096,-1.071,0.282,-0.977
2156,0.523,-0.127,-1.749,-0.659,0.757
2157,-0.879,-0.377,1.308,-1.217,0.091
2158,0.594,1.036,0.661,-2.457,-0.432
2159,-0.236,-0.56,0.381,0.561,0.119
2160,0.332,-0.059,0.52,0.66,-0.549
2161,-0.317,2.245,-0.085,-1.331,-0.969
2162,-1.388,-2.146,0.969,-0.505,0.81
2163,-0.533,-0.251,0.804,0.171,0.619
2164,-1.894,0.687,1.077,-0.383,2.311
2165,-0.525,-0.438,-0.414,0.486,1.244
2166,-0.439,-0.053,-0.762,0.115,-1.331
2167,0.06,1.496,0.297,-2.346,-0.053
2168,0.244,0.248,-1.179,-1.403,0.437
2169,0.927,0.036,-0.741,0.092,-1.65
2170,0.07,0.291,0.123,-1.901,-0.169
2171,-1.189,0.017,-0.6,0.056,0.641
2172,0.823,0.124,0.279,-0.538,-0.899
2173,0.348,0.052,1.042,0.03,0.303
2174,0.929,0.307,-0.193,0.176,0.79
2175,0.172,0.126,0.454,0.35,1.287
2176,-1.885,0.403,1.157,1.933,-1.194
2177,0.235,-1.317,-1.488,-0.563,1.426
2178,1.247,1.874,-1.96,0.972,-1.243
2179,-1.589,1.205,1.061,0.833,-0.159
2180,-0.612,0.141,0.887,-0.011,-0.416
2181,-1.252,0.39,1.733,-0.077,1.682
2182,-0.567,0.211,-2.139,0.281,-0.312
2183,-0.903,-0.491,0.631,0.13,0.132
2184,0.856,-0.635,-0.418,0.005,0.138
2185,-0.772,0.059,1.185,-1.299,0.176
2186,0.827,0.388,-0.163,2.11,2.158
2187,-1.472,0.024,-1.486,1.621,-1.545
2188,-0.525,-1.1,-1.56,-1.494,0.488
2189,-0.655,-1.714,-0.544,0.117,-0.524
2190,-0.411,0.197,0.147,-1.15,-0.983
2191,1.037,-0.369,0.591,-1.658,-0.168
2192,-0.861,-0.579,0.045,-0.156,-0.364
2193,0.122,1.635,0.204,-1.251,0.457
2194,0.31,-1.759,-1.199,-1.074,-0.689
2195,0.867,1.656,0.807,1.873,-2.08
2196,-0.893,-1.334,-0.839,-0.403,0.883
2197,-0.384,-0.541,-0.605,0.143,1.291
2198,1.232,1.28,-0.007,1.988,0.641
2199,0.685,0.883,1.017,1.028,-0.118
2200,-1.102,-0.108,-2.631,-0.925,0.131
2201,-0.811,0.917,1.646,0.349,0.005
2202,-1.12,-1.173,1.914,0.052,-0.466
2203,0.279,0.853,-1.753,-0.377,-0.753
2204,-1.133,1.215,1.264,0.401,-0.5
2205,0.014,-0.398,0.202,0.984,-1.578
2206,0.424,-0.197,0.552,0.812,-0.336
2207,1.337,-1.373,1.002,1.253,-0.884
2208,-0.158,0.353,-0.089,2.655,-1.214
2209,-0.872,-0.328,-1.171,-1.508,-0.479
2210,-0.652,-1.059,0.255,-0.49,-0.665
2211,0.429,-1.048,-0.583,1.725,0.69
2212,-0.681,-0.452,1.478,-1.095,0.945
2213,1.704,1.331,1.092,-0.82,-0.843
2214,1.024,-0.659,-0.655,1.053,-0.049
2215,-1.553,-0.943,0.932,0.402,0.227
2216,0.453,-1.018,-0.091,-0.041,0.835
2217,-1.447,2.156,-0.593,0.66,1.41
2218,1.012,1.648,0.777,-0.884,-1.531
2219,1.422,-0.867,1.143,-1.127,0.397
2220,0.847,0.398,0.158,-0.617,-1.315
2221,0.416,-0.445,0.619,1.09,0.719
2222,-0.74,0.371,0.556,0.731,-2.102
2223,0.984,0.072,0.864,0.118,-0.645
2224,-0.43,0.83,-1.348,0.412,1.213
2225,-0.842,-2.533,0.059,-0.63,-0.945
2226,-1.243,0.274,-1.621,1.5,-1.406
2227,-0.347,0.824,-0.091,1.59,-1.269
2228,-0.651,-0.207,-0.143,-0.05,1.407
2229,-1.727,0.448,0.67,-2.36,-1.31
2230,0.241,0.877,-1.713,0.579,0.331
2231,-2.369,-0.377,0.115,0.6,-0.108
2232,-0.396,-0.68,0.128,-1.963,0.564
2233,0.337,0.956,-0.327,0.028,-1.664
2234,-0.206,1.842,-0.463,0.324,0.408
2235,0.002,1.444,0.417,-0.366,0.632
2236,2.3,1.32,-0.223,0.651,0.134
2237,-0.992,0.438,0.532,0.055,-0.924
2238,0.604,-0.274,-0.157,-0.515,-0.231
2239,-0.062,-1.296,0.599,-0.833,0.411
2240,-0.899,-0.5,0.165,0.283,0.158
2241,-0.959,-0.506,-0.562,0.693,0.664
2242,-1.265,1.179,0.812,0.587,-0.465
2243,0.127,-0.371,0.354,1.186,0.033
2244,1.337,-0.462,1.92,-0.9,0.004
2245,0.309,0.59,-0.47,1.448,0.413
2246,0.198,-0.345,-0.969,0.31,1.088
2247,0.602,-0.222,1.572,-0.087,1.134
2248,1.035,1.042,1.314,0.529,-1.782
2249,0.715,1.1,-1.302,0.085,1.27
2250,1.241,-0.301,0.309,-0.552,0.127
2251,-1.273,-1.588,-0.235,-1.225,0.857
2252,-0.028,-1.416,1.517,-0.97,-1.931
2253,-1.848,0.58,1.87,0.252,1.196
2254,0.206,-2.013,-0.279,0.952,-1.418
2255,0.602,0.113,0.166,0.79,0.138
2256,0.502,0.39,0.212,-0.169,-2.994
2257,-1.714,0.425,-0.308,-1.797,-1.296
2258,1.448,0.462,0.234,-0.321,1.535
2259,-3.091,0.12,0.738,1.593,0.752
2260,-0.878,1.777,1.073,-0.699,-1.284
2261,-2.366,-0.852,1.926,-1.861,-0.063
2262,2.293,1.241,-1.798,-0.649,-0.24
2263,-0.067,0.584,-0.091,-0.242,1.159
2264,-0.11,0.603,0.251,-0.216,-0.006
2265,0.326,-0.226,0.143,-0.712,1.393
2266,1.128,0.058,1.351,-0.193,-0.467
2267,0.291,-0.575,0.312,0.082,2.049
2268,-1.714,-0.729,-1.915,-0.416,-1.451
2269,-0.407,-1.551,3.11,-0.415,-0.283
2270,0.243,-1.325,-1.521,0.453,-0.821
2271,-0.302,0.142,2.128,1.694,1.262
2272,0.878,0.998,-0.428,-1.037,1.324
2273,-2.383,0.153,-2.041,-0.914,-1.445
2274,0.246,0.658,-2.372,-1.321,0.68
2275,0.509,0.041,-0.979,0.643,-0.545
2276,-0.776,0.741,-1.003,-0.316,1.345
2277,0.404,0.085,0.469,-0.164,1.369
2278,-0.859,-0.93,0.547,-0.076,-1.476
2279,-0.493,0.435,-1.072,0.218,-0.384
2280,-1.113,0.069,-0.47,1.953,-0.717
2281,0.31,-1.187,1.37,0.147,0.419
2282,-0.55,-0.291,-0.914,0.565,-0.12
2283,-0.917,0.248,-1.678,0.084,1.148
2284,1.173,-1.042,-0.617,-0.014,-2.047
2285,1.958,-1.232,-0.016,0.254,0.914
2286,0.644,0.636,1.388,0.216,1.201
2287,-1.786,1.376,0.429,-0.907,-0.566
2288,1.373,-1.496,0.552,-0.337,0.567
2289,-1.719,2.242,-1.284,0.307,0.782
2290,0.603,0.705,-0.563,-0.807,-0.772
2291,-1.438,1.479,-1.093,1.168,-1.257
2292,-0.93,0.894,-0.145,-0.077,-0.419
2293,0.074,-0.107,0.94,-0.508,0.163
2294,-0.653,0.082,2.567,0.461,0.238
2295,-1.023,-0.499,0.061,-1.056,-0.497
2296,1.118,0.819,-1.847,-0.288,-1.674
2297,-0.723,-0.009,0.171,-0.964,2.01
2298,0.254,0.485,0.595,-0.716,-2.094
2299,0.234,1.779,-0.106,0.552,-0.221
2300,-0.633,0.793,0.135,0.433,-0.216
2301,-0.903,-2.073,0.028,0.762,-0.32
2302,1.317,-0.249,-0.039,-0.812,-0.947
2303,0.203,0.675,-1.783,-0.142,-0.42
2304,1.042,0.223,-0.084,0.496,0.178
2305,-0.898,0.385,0.131,1.176,-1.561
2306,-0.207,1.975,1.136,-1.721,0.568
2307,0.08,-1.583,0.427,1.412,-1.375
2308,-1.217,1.116,0.664,0.055,-1.331
2309,-0.238,0.049,-0.166,-1.193,-0.203
2310,0.958,1.325,-0.108,-0.033,-0.037
2311,0.191,1.545,1.048,0.557,0.905
2312,-0.786,-0.394,0.713,-0.243,0.341
2313,-0.562,-0.511,-0.867,-1.559,-0.089
2314,-1.442,0.226,-1.113,0.405,0.928
2315,-0.375,-0.02,-0.276,-0.66,0.758
2316,-0.455,-0.317,-0.231,-0.999,-1.928
2317,-0.465,0.443,-0.823,0.466,0.482
2318,1.632,1.191,-0.216,0.845,-0.493
2319,1.315,0.353,1.392,0.731,0.292
2320,-0.272,0.518,-0.337,0.385,-0.794
2321,-0.363,0.516,-1.322,0.25,0.129
2322,-0.14,0.102,-1.119,-0.95,-1.621
2323,0.792,-1.158,0.461,0.442,1.44
2324,-0.051,0.959,-2.523,0.117,1.844
2325,-0.031,-0.035,1.678,-1.013,-0.665
2326,-0.25,1.14,-1.496,1.876,1.423
2327,-1.695,0.902,-1.425,-0.818,1.011
2328,1.353,-0.684,1.431,0.262,-1.774
2329,0.435,0.858,0.784,-0.34,-0.194
2330,0.989,0.693,-1.474,-0.995,0.085
2331,-1.154,0.523,-0.451,-1.12,-0.251
2332,1.149,2.658,-0.151,0.106,1.41
2333,-0.544,-0.889,-0.106,-1.02,0.85
2334,-0.384,1.113,0.359,-1.26,-0.552
2335,-0.311,0.418,0.998,0.177,0.929
2336,-1.44,-0.137,0.628,0.118,0.4
2337,-0.54,1.735,1.343,2.014,0.583
2338,2.338,1.401,1.452,-1.854,1.386
2339,-0.19,0.849,0.546,1.798,1.025
2340,-0.346,-0.698,1.744,1.331,0.386
2341,0.201,-1.113,0.463,0.856,0.647
2342,-0.975,0.654,0.336,-1.457,0.558
2343,0.759,1.05,-1.53,0.097,-0.395
2344,0.454,1.042,-1.562,0.327,-0.168
2345,-0.698,-2.299,0.388,-2.613,0.296
2346,-0.979,0.734,-1.661,0.649,1.341
2347,-1.179,-0.122,1.223,-0.557,0.251
2348,0.883,-1.157,1.05,-0.385,0.563
2349,-0.776,1.122,2.375,-0.782,-2.095
2350,-0.066,1.998,1.543,4.139,0.911
2351,-0.967,-0.072,-0.087,-0.751,0.56
2352,-0.549,1.458,-0.387,-0.364,0.67
2353,2.062,-0.179,0.31,0.534,-0.77
2354,0.843,0.105,-0.695,-1.443,0.348
2355,1.343,-1.433,0.2,-1.084,0.017
2356,0.937,-0.801,0.871,-0.023,0.409
2357,0.671,1.073,0.476,0.449,0.56
2358,-0.821,0.126,1.075,-0.716,-0.728
2359,0.749,0.76,-0.701,1.033,0.983
2360,2.528,-0.686,-1.226,-0.842,0.168
2361,0.956,0.897,-0.307,-0.399,0.082
2362,1.009,-1.061,-1.371,0.49,-0.094
2363,0.667,0.722,-0.406,-0.641,0.036
2364,-0.901,-1.326,0.056,0.599,0.504
2365,-0.418,-1.142,0.064,1.08,-0.645
2366,0.83,1.819,-0.286,0.175,1.32
2367,0.507,-0.177,1.249,-0.618,0.337
2368,-0.821,0.86,-1.068,-1.218,-1.516
2369,-0.427,0.69,1.23,-0.914,0.594
2370,0.064,0.485,-0.084,2.784,2.423
2371,-0.088,1.521,-0.807,-0.942,-0.355
2372,0.165,-0.069,-1.083,0.156,0.388
2373,0.979,2.094,0.499,0.336,-0.722
2374,-0.415,0.173,-0.539,-1.676,-0.739
2375,-0.181,0.694,-0.761,0.198,-0.27
2376,0.583,0.105,0.84,1.021,-0.283
2377,-1.139,0.075,-0.578,0.727,-0.356
2378,-0.005,-0.3,-0.519,0.366,-0.463
2379,-1.757,0.572,0.695,-0.329,-2.739
2380,-2.005,0.857,1.193,0.072,1.416
2381,-1.024,1.1,-0.167,-0.188,-1.736
2382,-1.134,-0.409,0.083,-1.02,-0.725
2383,-1.309,1.131,0.763,-1.374,-0.502
2384,-0.243,0.198,0.995,0.594,-0.265
2385,-0.541,-0.114,0.331,-0.974,-0.678
2386,-1.608,-0.389,-0.01,0.079,0.804
2387,-0.055,0.152,-1.019,-0.177,-0.352
2388,-0.649,-0.471,-1.155,0.453,0.102
2389,1.505,-2.266,0.426,-0.327,1.302
2390,0.855,0.668,0.178,-0.621,-0.435
2391,0.319,1.629,-0.975,-0.187,-0.24
2392,-2.024,-0.205,-0.627,0.654,1.039
2393,-0.274,0.806,0.193,-1.286,-1.455
2394,1.046,-0.638,1.21,-0.563,0.861
2395,0.385,1.286,0.336,0.338,-1.581
2396,-0.275,0.111,0.845,0.192,0.164
2397,0.488,1.366,0.884,0.539,-0.504
2398,-0.703,-0.084,-2.433,-0.503,1.613
2399,0.631,-1.24,-1.297,-0.572,-1.54
2400,-1.156,-0.949,1.17,0.548,-0.222
2401,-1.377,0.654,0.147,0.056,0.41
2402,1.418,1.38,0.492,0.056,0.218
2403,1.798,-0.25,0.599,-0.689,0.302
2404,0.092,-0.696,-0.15,-1.253,0.948
2405,0.793,0.843,-0.768,-0.571,-0.437
2406,0.001,-0.326,-0.119,0.009,0.401
2407,2.19,1.362,-0.092,-0.412,1.498
2408,-1.231,-0.727,-0.279,0.411,-1.909
2409,-0.364,-0.442,-0.937,0.329,0.161
2410,-0.998,-0.289,1.3,0.121,-0.701
2411,-1.697,1.236,1.161,-0.714,0.102
2412,0.731,1.227,1.471,1.006,-1.864
2413,-1.236,-0.574,0.419,1.234,0.047
2414,-0.418,-0.285,-0.644,0.771,1.768
2415,-0.546,-0.612,1.169,0.645,0.896
2416,-1.557,0.727,1.942,0.829,-0.025
2417,2.384,0.176,1.834,0.692,-0.258
2418,-1.179,-1.048,-0.064,0.572,-1.104
2419,1.082,-1.829,-1.687,0.257,-0.622
2420,0.563,-1.548,0.398,0.398,0.529
2421,1.646,-0.307,-0.356,0.472,-0.411
2422,-0.178,0.834,-0.277,-0.813,0.357
2423,0.185,-1.026,-0.048,0.241,1.603
2424,1.164,2.2,0.287,-0.448,-0.128
2425,0.439,0.448,0.433,-0.957,-0.252
2426,-0.005,0.29,0.011,-0.986,0.434
2427,0.195,0.74,0.143,0.172,1.113
2428,1.554,-1.634,-0.424,1.406,0.958
2429,1.345,-0.186,0.294,-0.65,0.689
2430,0.448,-0.356,-0.284,0.474,0.241
2431,-0.825,0.084,-1.658,-1.039,0.642
2432,0.728,1.681,1.101,-0.18,-0.97
2433,0.62,-0.397,-0.003,-0.028,-0.269
2434,-1.041,-0.047,-3.136,0.137,-0.138
2435,-1.11,-0.14,-0.877,0.319,-0.39
2436,0.228,-1.201,-0.716,0.313,-0.047
2437,0.591,1.682,1.2,1.022,0.296
2438,0.416,1.061,-0.363,-0.49,-1.399
2439,1.046,1.146,2.846,-1.423,-0.728
2440,-0.127,0.219,-0.133,-2.149,-1.195
2441,-1.306,-0.071,-1.249,-0.057,-0.475
2442,-0.633,-2.36,1.178,1.382,-0.856
2443,0.199,1.299,-0.07,-2.674,-0.153
2444,1.716,1.22,2.695,0.448,-1.968
2445,-2.374,-0.077,0.542,-1.926,-0.716
2446,-1.205,-0.71,-0.267,-0.56,1.546
2447,0.152,-0.227,-0.062,1.031,0.693
2448,0.692,-0.858,0.422,1.191,-1.179
2449,0.161,-0.384,1.376,-1.486,-0.501
2450,-1.233,0.981,-1.114,-1.62,-1.224
2451,1.354,-0.985,1.073,-1.179,0.765
2452,-0.061,0.987,0.197,-0.132,-0.678
2453,0.587,-0.035,-0.629,2.434,0.235
2454,0.16,-0.744,-0.271,0.473,-0.521
2455,0.626,0.71,0.123,0.232,-0.334
2456,-0.404,-0.349,1.897,-0.198,-0.485
2457,1.57,-0.117,-0.8,-0.051,-1.448
2458,-0.224,0.451,0.181,0.792,1.389
2459,-0.462,-1.118,0.808,-1.875,0.531
2460,0.167,-0.151,-0.769,0.305,-0.402
2461,2.281,-1.702,-0.28,-0.325,0.821
2462,1.552,-1.779,0.994,0.409,0.45
2463,0.006,-1.142,0.22,-0.69,-0.344
2464,-0.267,0.151,1.153,1.334,-1.448
2465,-1.526,-0.879,-0.03,0.132,0.09
2466,-0.409,-1.616,1.433,0.324,0.518
2467,0.703,-0.639,-0.691,0.22,-0.338
2468,1.849,0.634,-0.541,-1.632,0.174
2469,-0.805,0.736,-0.979,-0.012,-1.27
2470,-0.695,-1.506,-0.229,1.301,1.026
2471,-0.474,0.935,0.899,0.04,-0.651
2472,0.097,0.78,0.17,1.492,1.797
2473,-1.054,0.092,-0.111,-0.784,-0.679
2474,-0.556,-0.742,-0.872,0.709,1.46
2475,-0.463,0.548,0.259,0.137,0.732
2476,0.839,-0.458,-3.748,0.965,-1.025
2477,1.304,1.665,3.369,-0.049,0.363
2478,-0.669,1.202,-0.998,-0.073,1.142
2479,-1.388,0.436,0.315,-1.933,-0.042
2480,-1.002,0.283,1.412,-0.119,1.395
2481,-0.296,2.121,-0.864,-0.209,0.414
2482,0.907,1.529,-2.032,-1.791,0.702
2483,0.744,-0.833,0.509,0.326,0.353
2484,1.792,0.028,-1.035,-0.017,-0.474
2485,-0.126,0.346,-0.66,-0.263,-2.117
2486,1.301,1.554,0.695,1.17,1.216
2487,1.172,0.583,-1.41,-0.615,0.384
2488,-1.498,-1.238,0.804,0.396,0.04
2489,1.349,-1.599,1.37,1.762,0.926
2490,-1.605,1.469,1.498,-1.138,0.25
2491,0.222,-0.126,-2.054,1.47,-0.573
2492,-0.041,0.799,-0.033,0.111,-0.744
2493,-0.222,-0.467,1.44,0.66,2.234
2494,-1.768,-0.805,0.188,-0.824,-0.367
2495,-1.0,-0.458,-1.575,-0.087,-0.142
2496,0.249,1.314,0.579,-1.112,-1.767
2497,0.22,-0.209,2.115,-1.602,-0.108
2498,0.647,-1.204,-2.676,1.176,-1.475
2499,-0.893,0.678,0.294,-0.117,0.619
2500,-0.308,0.612,-0.692,0.515,-1.329
2501,-1.138,2.371,-0.563,0.714,1.491
2502,-0.738,-0.898,0.917,-0.077,-0.361
2503,-0.893,-1.094,0.201,-0.576,0.746
2504,-0.871,-0.776,-1.341,0.449,-0.533
2505,-0.366,-0.252,-0.144,-0.906,-1.273
2506,-0.026,1.039,-0.24,0.477,0.585
2507,0.217,-1.569,-0.225,-0.966,-0.279
2508,-1.01,-0.305,-0.498,-1.45,0.929
2509,0.368,-0.039,0.808,0.288,-1.485
2510,-0.892,0.893,-0.43,-0.069,-0.733
2511,-0.057,-0.381,0.163,0.007,0.555
2512,1.981,0.166,-0.002,1.151,-0.604
2513,0.657,0.324,-0.6,-0.814,0.36
2514,0.71,-2.449,-0.847,0.356,-0.853
2515,-0.904,0.049,-1.886,0.55,2.043
2516,-0.983,-1.237,-0.314,-0.866,1.701
2517,-1.093,1.955,2.077,-0.085,0.18
2518,0.426,0.401,0.358,-0.527,0.025
2519,-1.817,1.11,0.661,0.312,2.497
2520,0.671,-0.625,0.858,0.69,0.936
2521,-0.482,1.172,0.996,0.313,-1.29
2522,-1.199,0.64,-0.05,1.293,-0.148
2523,-0.395,-0.717,-0.881,0.401,-0.566
2524,-0.384,-1.384,2.67,0.957,-0.621
2525,0.209,1.438,-0.529,1.696,-0.457
2526,-0.481,1.383,-1.977,1.194,0.04
2527,0.314,-0.57,0.967,-0.605,0.544
2528,1.58,-0.728,0.239,0.483,-0.749
2529,0.956,-0.277,1.927,0.757,1.101
2530,-1.079,1.237,0.485,-0.723,-0.105
2531,-0.383,-0.105,0.312,-1.729,0.032
2532,0.677,0.183,-0.702,-0.211,0.826
2533,0.136,0.002,-1.66,0.383,0.573
2534,-1.081,0.587,-0.329,-0.431,-1.33
2535,0.659,0.6,-1.601,0.209,-0.668
2536,0.099,1.085,0.427,-0.579,0.2
2537,2.013,0.258,-1.449,-0.797,1.489
2538,-0.596,-1.328,-0.541,0.057,0.913
2539,0.389,-2.238,2.413,0.083,1.064
2540,0.068,-1.379,1.009,0.337,1.166
2541,1.814,-1.799,-0.627,0.125,0.132
2542,0.715,2.295,0.237,-0.185,0.258
2543,-0.762,0.48,-0.241,-1.254,-1.339
2544,1.746,-0.826,-0.198,-0.471,0.309
2545,0.593,-1.314,-0.098,0.801,-0.935
2546,1.006,0.156,-0.15,-1.185,-0.198
2547,-0.24,0.322,1.137,-2.479,-0.232
2548,1.315,0.954,0.143,-1.361,-0.301
2549,0.016,0.153,-0.217,-1.313,-0.15
2550,-0.228,0.521,-0.955,-1.134,-0.717
2551,-0.243,0.395,0.364,-0.338,1.4
2552,-0.239,0.748,1.061,0.403,0.854
2553,-0.201,0.288,-2.507,0.885,1.434
2554,-0.141,1.022,0.604,0.975,-0.483
2555,1.446,0.404,0.964,0.635,0.817
2556,-0.294,-0.021,-0.266,1.51,-0.774
2557,1.327,0.1,1.0,0.851,1.244
2558,-0.099,0.034,0.131,0.949,-0.437
2559,0.656,1.687,0.508,-0.937,-1.261
2560,0.047,-0.815,0.641,-0.894,1.888
2561,-1.042,-0.256,-0.04,-0.169,-0.116
2562,0.894,-1.077,0.553,1.552,-1.924
2563,0.501,1.344,-1.211,-0.496,-0.409
2564,-1.436,0.949,0.513,-1.221,-0.603
2565,-0.317,0.163,1.579,-0.739,0.426
2566,0.484,0.644,-1.489,-0.223,1.91
2567,1.136,-0.357,-0.089,-0.482,1.641
2568,-0.095,0.607,-0.426,1.279,-0.032
2569,-0.109,0.469,-3.025,-0.219,1.194
2570,0.465,0.327,-1.321,-0.736,1.469
2571,0.279,-0.637,0.215,-0.849,0.103
2572,-1.379,-1.117,-0.158,0.678,-1.231
2573,0.564,1.003,-0.472,-0.02,0.505
2574,0.322,-0.906,0.325,-0.343,-0.197
2575,-2.142,-1.535,-0.501,1.497,0.348
2576,-0.088,0.119,-0.22,0.392,0.889
2577,0.221,-0.896,-0.243,0.868,-0.336
2578,-0.294,-0.319,0.132,1.967,-0.508
2579,-0.568,-0.611,0.05,-0.847,0.238
2580,-0.39,-1.341,-1.34,1.452,0.323
2581,-1.2,-0.707,0.557,-0.619,-1.014
2582,-0.619,1.083,-0.472,-0.838,-0.335
2583,-0.682,-0.475,-0.81,1.681,0.836
2584,-1.402,0.044,1.125,-0.525,-0.616
2585,0.023,-0.135,0.361,1.174,0.636
2586,-0.062,-0.197,-1.798,-0.343,0.857
2587,-0.543,1.134,-0.981,1.012,-1.168
2588,0.616,-0.185,-0.379,-0.9,0.635
2589,1.735,2.129,0.977,-0.943,-0.53
2590,1.478,0.814,1.01,-0.308,-1.916
2591,0.063,1.52,0.546,0.37,-1.886
2592,-0.884,2.103,-0.709,-0.431,0.986
2593,-0.769,0.661,0.339,-0.058,-1.133
2594,-0.436,0.268,0.002,0.789,1.976
2595,-1.09,-1.518,-1.769,-0.17,-0.094
2596,0.83,0.554,2.203,-0.384,2.101
2597,-0.976,0.463,1.455,-0.45,-1.473
2598,-0.747,1.836,1.641,0.206,0.417
2599,1.354,2.46,1.066,1.167,1.121
2600,1.339,1.276,-0.269,-1.806,-1.857
2601,-1.464,-2.413,-1.817,-0.541,-0.727
2602,-0.15,-0.73,1.144,0.723,1.297
2603,-0.03,0.071,-0.576,-1.41,0.257
2604,-0.409,-0.675,-0.419,0.202,1.136
2605,0.487,-0.302,-0.49,0.318,0.376
2606,0.561,0.804,-0.179,1.107,0.475
2607,-1.072,-0.198,0.505,0.759,-1.371
2608,0.379,0.118,0.206,-2.129,0.277
2609,0.097,0.278,1.372,1.105,0.044
2610,1.739,1.241,0.602,1.166,-0.873
2611,0.48,-1.588,0.26,0.603,0.154
2612,-0.897,-2.434,-0.299,1.446,-0.345
2613,-0.164,0.125,0.59,0.96,-1.207
2614,0.571,-0.29,1.207,1.045,-0.859
2615,-0.907,-0.591,2.282,2.076,-0.839
2616,0.445,-0.729,0.135,0.063,0.419
2617,-1.735,0.748,0.436,1.279,0.324
2618,0.88,2.568,1.116,-1.024,1.88
2619,0.333,0.165,-1.19,-2.773,-0.676
2620,-0.656,-1.12,-0.002,-0.82,1.32
2621,-0.18,1.943,0.3,-0.514,-1.283
2622,-0.364,0.472,-0.701,-1.383,-1.209
2623,-1.184,0.195,-0.635,-1.164,-0.646
2624,1.913,0.474,0.271,0.028,-0.046
2625,2.046,1.408,0.88,0.528,0.448
2626,-1.47,-0.355,-0.957,-0.365,1.244
2627,-0.302,-0.186,0.094,-0.586,-1.792
2628,-0.771,-0.881,-1.528,1.672,0.131
2629,-0.156,0.247,1.251,-2.92,-0.989
2630,0.812,-1.494,1.301,-0.244,0.752
2631,-1.075,2.112,0.811,0.859,1.636
2632,1.172,0.408,-1.699,-0.493,1.554
2633,-0.559,2.304,-1.658,-1.217,0.284
2634,1.37,-0.478,1.289,0.723,-0.808
2635,0.936,-1.456,0.133,-0.33,1.844
2636,-1.139,0.907,-0.041,-0.006,1.133
2637,-2.129,0.255,-0.78,-1.139,0.042
2638,0.913,-0.21,-0.97,-1.093,-0.371
2639,1.425,0.279,0.729,1.388,0.436
2640,-1.621,-0.769,0.381,-0.423,1.194
2641,-0.389,1.99,-0.827,0.382,-0.322
2642,-1.249,-0.415,-0.593,1.282,0.377
2643,-1.849,1.42,-0.189,1.163,0.136
2644,0.908,1.963,-1.202,0.001,0.844
2645,0.219,-1.141,-1.979,1.994,-2.002
2646,0.647,1.431,2.428,0.086,-0.47
2647,-0.387,0.772,0.914,-0.565,0.42
2648,-1.541,0.377,0.928,-0.369,-0.146
2649,-2.387,0.25,0.216,-1.505,-0.347
2650,-0.604,1.627,-1.179,1.021,-2.742
2651,1.086,-0.883,0.007,-1.318,-1.337
2652,2.495,0.251,0.86,-0.032,0.036
2653,-1.756,0.744,0.102,-0.752,0.985
2654,0.31,-0.278,-1.075,1.872,0.202
2655,1.181,0.432,0.282,-1.574,0.263
2656,0.408,0.115,0.027,1.677,-1.442
2657,-1.066,0.855,-0.312,-2.457,-0.358
2658,-1.33,0.114,0.041,-0.083,0.468
2659,-1.06,0.94,-0.957,-1.427,-0.757
2660,0.891,0.73,-2.274,1.989,-0.665
2661,0.139,0.77,-1.144,-1.207,-0.01
2662,-0.612,-2.413,0.57,0.106,-0.491
2663,-1.117,-0.489,0.014,-0.861,0.263
2664,-0.252,-0.025,0.472,1.423,0.374
2665,-1.003,0.658,-0.206,-0.226,-1.562
2666,-0.943,0.455,1.702,1.626,-1.06
2667,-0.072,-1.721,0.212,-1.646,-1.09
2668,-0.044,0.531,-1.304,0.137,-0.576
2669,1.314,-0.522,1.859,0.653,-0.859
2670,-1.068,0.135,2.264,0.22,-0.434
2671,-0.018,0.223,-1.528,-0.572,1.792
2672,1.262,0.133,0.675,0.488,0.041
2673,1.689,-0.685,0.973,1.4,-0.944
2674,1.082,-2.09,-0.317,-0.27,0.856
2675,-0.827,0.529,0.862,-2.097,-2.526
2676,-0.629,2.069,-0.92,-0.198,1.332
2677,-0.125,-1.532,0.062,0.566,1.948
2678,-0.704,1.096,0.429,-0.731,-0.415
2679,-0.207,-1.803,0.009,0.838,0.226
2680,2.189,1.16,0.631,-1.15,1.806
2681,0.239,1.052,0.654,-0.442,0.093
2682,-2.462,0.377,0.157,0.5,0.264
2683,0.136,-0.344,-2.478,0.484,0.518
2684,-0.722,-0.454,-1.463,-0.257,-0.008
2685,-0.593,0.692,-0.543,1.045,1.325
2686,-0.554,-0.186,-1.229,0.275,-1.051
2687,-0.62,0.562,0.72,-0.109,0.983
2688,-0.113,-0.843,1.416,0.91,0.451
2689,0.964,-1.143,-0.165,1.243,-0.781
2690,0.484,-0.888,-1.849,0.567,1.416
2691,0.05,-0.803,0.806,0.317,-0.34
2692,0.059,0.257,-0.668,0.047,-0.357
2693,-0.115,-0.898,-0.905,-0.937,-0.837
2694,-0.936,-0.314,-0.251,-1.655,0.059
2695,-1.366,-1.055,-0.008,-0.188,0.105
2696,0.018,-1.122,2.221,0.328,-0.838
2697,-0.485,1.022,1.375,-0.781,1.075
2698,-0.981,1.227,0.584,0.833,-0.391
2699,0.81,0.876,-0.034,-0.596,-1.716
2700,-0.185,-0.754,-1.457,0.445,-0.739
2701,-1.135,0.956,-0.189,-0.604,-1.298
2702,-2.285,-0.198,1.57,1.386,0.396
2703,-1.312,-1.758,-0.04,-2.936,-0.653
2704,0.126,0.639,1.131,1.639,2.131
2705,-0.364,0.436,0.032,-1.806,-0.435
2706,0.721,2.184,-0.407,0.753,0.212
2707,2.299,-0.632,-0.957,0.659,-0.87
2708,-0.96,0.414,-0.424,0.0,0.074
2709,-0.171,-0.205,-1.585,0.436,0.625
2710,-1.457,-1.163,-0.837,0.889,0.082
2711,-0.67,0.836,-0.728,-0.981,0.064
2712,-1.192,1.178,-0.207,1.291,1.084
2713,0.318,-0.529,-0.172,1.28,-1.715
2714,-0.244,-0.559,0.726,0.968,1.596
2715,0.978,-1.137,0.31,-1.788,-0.102
2716,2.018,-0.519,-0.614,1.594,-0.793
2717,0.828,-1.488,-0.347,-0.124,0.203
2718,-0.723,0.574,-0.033,1.198,-1.087
2719,0.562,-0.538,0.041,0.12,0.164
2720,-0.469,-0.124,-1.638,-1.641,0.448
2721,-0.649,-0.853,1.552,-1.326,0.111
2722,0.72,-0.893,2.83,-0.161,0.186
2723,0.451,0.528,-0.406,0.497,0.357
2724,0.549,0.33,0.916,-1.356,0.934
2725,-1.079,-0.994,0.295,0.581,-1.995
2726,1.131,-1.852,1.627,-0.876,0.369
2727,-0.811,0.346,-0.268,0.611,0.741
2728,0.875,-2.811,0.073,0.472,0.216
2729,-0.954,0.952,-1.323,0.993,0.394
2730,0.458,-0.843,-1.328,0.302,-0.442
2731,-0.051,0.932,-0.541,-1.725,0.088
2732,0.436,-0.495,-1.204,1.166,-1.165
2733,-0.732,0.067,0.206,0.983,-0.421
2734,-0.55,-0.3,-0.406,0.732,0.13
2735,-0.171,-0.52,0.839,-0.593,1.624
2736,-0.05,0.911,1.13,0.656,-1.438
2737,-0.837,-0.763,0.163,-0.63,0.692
2738,-1.039,-0.121,3.213,-1.251,0.001
2739,0.198,0.076,-0.138,-0.841,1.257
2740,-0.457,-0.493,1.015,-0.359,-0.685
2741,-0.03,1.66,1.145,-1.078,-0.238
2742,-1.137,-2.178,0.201,-0.642,0.369
2743,-2.174,-0.208,-0.329,-0.529,0.257
2744,-0.158,0.682,0.78,-0.362,-0.892
2745,-2.04,0.399,1.073,-0.605,0.03
2746,2.415,-0.04,-0.358,0.009,0.524
2747,0.682,-1.264,-0.103,-1.31,-1.071
2748,0.588,-0.215,0.453,-1.319,-0.832
2749,0.163,0.566,-0.186,-0.286,-0.146
2750,0.17,0.736,0.864,-1.292,0.686
2751,0.054,-0.421,0.955,-1.167,-1.293
2752,0.383,-0.212,1.664,0.458,1.724
2753,1.017,-0.71,0.376,-0.448,-0.223
2754,1.408,-0.59,0.226,-2.223,-0.44
2755,-0.252,0.942,-0.338,-0.381,0.203
2756,-0.912,-0.606,1.943,0.048,-0.115
2757,1.697,-2.197,-1.847,1.102,-0.76
2758,-0.071,0.41,-0.826,0.395,-1.29
2759,1.096,-0.346,-0.016,0.634,1.394
2760,-0.912,0.932,0.252,-0.463,-0.815
2761,-0.914,0.59,0.897,1.564,-1.838
2762,0.105,-0.065,-1.501,-0.133,-1.327
2763,0.052,-1.001,0.623,1.516,-1.949
2764,-0.799,0.474,-0.348,-1.082,2.611
2765,-0.691,-0.042,-0.355,0.411,0.769
2766,0.592,-1.091,0.111,-1.401,-0.656
2767,-0.721,-1.711,0.029,-0.39,-0.873
2768,1.454,-1.153,0.64,2.793,-0.422
2769,1.417,-1.271,-1.042,0.383,0.294
2770,-0.106,-0.037,1.71,2.066,0.346
2771,-0.259,1.128,0.765,-1.229,-1.88
2772,-2.476,2.334,-0.241,-0.398,-0.53
2773,0.994,0.308,1.61,0.177,-1.732
2774,-0.53,-1.121,-0.256,0.062,0.043
2775,1.058,-0.374,-2.169,-1.004,-0.229
2776,0.714,0.027,-0.837,-0.232,-3.35
2777,-0.47,0.912,-0.237,0.264,1.273
2778,1.581,-2.318,0.034,-0.078,-1.555
2779,-0.537,2.115,-0.438,-0.68,0.313
2780,-0.869,0.282,-1.51,0.875,0.516
2781,-0.637,-0.989,0.185,2.471,0.315
2782,0.316,0.596,-0.616,0.468,-0.439
2783,-1.451,-0.271,-0.031,1.217,1.373
2784,-0.634,-0.598,0.502,0.387,0.37
2785,0.77,-0.968,-1.601,0.937,-0.137
2786,0.054,-1.083,-0.148,-0.215,-0.803
2787,0.961,2.354,0.231,-0.061,1.058
2788,0.043,1.672,0.06,0.54,-0.377
2789,-0.307,0.646,0.892,1.088,-0.765
2790,-0.389,-1.363,-1.109,-1.499,-0.788
2791,-0.503,-0.843,0.734,0.173,2.346
2792,-1.147,-1.044,0.07,-1.212,-0.662
2793,-0.679,1.446,-0.105,1.206,0.902
2794,0.127,-0.306,-0.604,-0.466,0.778
2795,0.251,-0.269,-1.926,0.156,-0.648
2796,0.244,-0.723,-0.363,-0.999,-1.098
2797,0.254,1.588,-0.442,-0.015,0.237
2798,0.972,0.867,0.042,-0.454,-2.052
2799,0.653,-1.018,0.003,1.936,0.274
2800,0.938,1.746,0.343,-0.404,0.674
2801,-0.595,-0.199,-0.245,0.112,-0.856
2802,0.456,0.802,-0.121,-0.344,-0.621
2803,-0.022,-1.257,0.059,0.513,-1.289
2804,-0.25,-0.121,-0.81,-0.366,-0.038
2805,1.138,-0.418,-0.214,1.046,-0.889
2806,0.42,1.626,-1.622,-0.457,-1.881
2807,-0.426,-1.497,0.776,0.601,0.736
2808,0.018,-1.715,0.8,0.025,-0.255
2809,1.127,-0.142,0.622,-0.031,-1.076
2810,2.232,-0.425,-0.659,-1.332,-0.18
2811,-0.861,0.033,2.289,-0.066,-1.538
2812,1.1,-0.892,-1.091,-0.11,-0.414
2813,0.234,0.755,-1.019,-1.081,-0.469
2814,2.206,1.252,0.534,0.551,-0.653
2815,0.742,-0.052,1.183,2.048,0.838
2816,-1.16,1.291,-0.199,0.893,-0.21
2817,-0.055,0.412,-0.373,-0.571,1.223
2818,0.373,0.051,0.236,2.148,-0.972
2819,0.998,-0.859,0.971,0.767,-0.524
2820,-0.132,0.029,1.33,0.889,1.211
2821,0.942,0.996,1.388,-0.146,-0.321
2822,-0.367,-1.26,-2.054,1.011,0.605
2823,0.459,0.334,0.469,-0.755,1.39
2824,1.089,-0.878,-1.331,0.511,-0.469
2825,-0.117,-0.711,0.184,-0.698,-0.293
2826,-0.433,-1.751,0.802,-0.602,-0.997
2827,-0.827,0.512,1.076,0.259,2.23
2828,-0.137,0.057,0.177,0.663,-0.262
2829,1.349,0.248,1.693,1.15,-0.881
2830,0.175,0.451,-0.438,0.374,-1.985
2831,2.183,0.944,-0.854,-0.458,-0.2
2832,1.229,0.21,-1.304,0.966,0.917
2833,-0.306,1.281,-0.21,-0.019,0.863
2834,0.016,-1.45,1.096,0.82,-1.231
2835,-1.075,-0.422,-0.265,1.648,-0.24
2836,-0.181,-0.074,0.41,0.505,-1.874
2837,-0.908,-0.501,-0.028,-0.872,-0.715
2838,0.512,0.307,1.449,1.103,1.808
2839,0.24,0.596,0.646,0.039,-0.689
2840,-0.27,2.666,-1.953,0.358,-0.166
2841,-0.956,-1.109,-2.35,-2.367,1.473
2842,-2.167,0.87,1.914,-1.135,1.056
2843,0.914,0.02,0.213,1.404,-0.102
2844,-0.838,0.109,0.66,-1.182,-0.9
2845,-1.292,-0.825,-0.45,0.441,-1.341
2846,-0.537,0.085,0.582,-1.367,0.357
2847,-0.119,-2.244,2.486,0.523,0.787
2848,0.841,-2.333,1.318,1.01,-1.096
2849,2.048,-0.478,-0.011,1.15,-0.818
2850,-0.388,1.088,0.403,0.033,0.485
2851,0.585,0.381,-1.167,-0.838,0.253
2852,0.738,0.361,0.806,0.734,0.552
2853,1.71,-0.693,-0.117,0.961,1.234
2854,-1.121,1.354,-1.618,-1.881,0.701
2855,0.922,-1.019,0.299,0.455,0.284
2856,0.791,-2.453,-1.281,-1.583,-0.405
2857,0.153,0.001,-0.334,-0.117,-0.626
2858,-1.284,0.746,-0.02,0.184,0.276
2859,-1.78,0.853,0.07,0.454,0.581
2860,-0.065,0.122,0.426,0.521,-1.212
2861,-0.135,-1.127,0.075,1.124,0.997
2862,-1.078,1.642,1.229,-0.311,-0.433
2863,0.547,-0.315,1.251,0.245,0.824
2864,-1.956,0.467,0.836,-0.716,-2.021
2865,-0.002,1.308,-0.076,-1.224,-0.618
2866,0.282,1.014,1.749,-1.383,-0.029
2867,0.001,-0.33,0.442,1.052,0.722
2868,-0.089,-0.69,0.239,-0.056,-1.2
2869,-0.986,-0.617,-1.154,-0.13,-0.788
2870,1.303,0.018,-2.089,1.037,-0.166
2871,-0.19,0.048,-0.032,0.177,-0.904
2872,-2.292,-0.1,-0.257,0.039,0.157
2873,-0.171,-1.182,-0.476,1.103,-0.281
2874,-0.173,-1.59,0.473,-0.703,-0.507
2875,0.737,0.471,-0.601,-0.855,-0.042
2876,-0.11,0.113,-0.757,0.277,0.485
2877,-1.217,0.563,1.272,-0.303,0.318
2878,-0.312,0.102,-0.253,1.991,0.808
2879,0.577,1.177,-0.258,0.66,1.275
2880,-0.635,0.489,-0.582,-1.386,0.553
2881,-1.14,1.063,1.289,-0.631,-0.41
2882,0.326,-0.942,-0.936,-0.715,0.354
2883,0.559,1.595,0.535,-0.491,-1.031
2884,-0.531,0.092,0.635,1.14,0.054
2885,-0.934,-0.63,-1.79,0.621,0.902
2886,-0.073,2.762,0.075,-0.822,0.18
2887,1.487,0.784,0.285,0.006,0.273
2888,-0.87,0.227,-0.982,0.06,-0.207
2889,-0.35,-0.254,1.325,-2.204,0.126
2890,0.739,-1.197,-0.18,0.195,-2.147
2891,-0.186,0.355,-1.684,-1.032,0.984
2892,0.492,2.26,0.278,-0.291,0.188
2893,-0.646,0.851,1.101,0.592,-2.096
2894,0.242,0.457,0.543,-0.753,-0.082
2895,-1.532,0.038,-1.653,-0.587,0.492
2896,0.7,2.378,-0.433,-1.074,-0.92
2897,0.083,-0.244,1.082,1.271,2.546
2898,1.508,-0.753,-0.302,-0.321,0.435
2899,-0.482,-0.749,-1.134,-1.203,0.779
2900,-0.111,-0.275,-0.349,-0.892,1.211
2901,1.058,-0.098,-1.275,-0.205,-0.661
2902,-1.319,-0.37,0.539,-1.347,0.643
2903,-0.229,-0.985,0.369,1.285,0.197
2904,-1.872,0.654,-1.311,0.371,1.112
2905,0.693,1.19,0.313,0.768,-1.035
2906,-0.119,1.768,0.96,0.244,-1.96
2907,-0.562,0.743,-0.467,-1.198,2.105
2908,-1.324,-0.114,-0.57,1.081,2.241
2909,0.236,-0.732,0.216,-0.705,0.415
2910,1.626,1.204,0.157,0.511,-0.909
2911,-2.789,-1.497,-0.646,0.549,0.363
2912,0.268,1.19,0.293,0.653,-0.006
2913,-0.89,-2.229,0.014,0.24,-0.699
2914,-0.221,0.337,0.49,-0.904,-0.172
2915,0.033,-0.205,0.643,-0.833,-0.503
2916,0.947,-0.176,-0.159,0.085,-0.672
2917,-1.576,-0.299,-0.766,0.094,0.2
2918,0.842,-1.253,0.284,0.501,-0.784
2919,0.352,0.151,0.67,0.226,0.05
2920,1.183,-1.448,-0.124,-0.224,1.95
2921,0.501,0.428,-2.801,1.711,-0.711
2922,-1.488,0.132,-2.354,0.168,1.318
2923,-0.624,-0.716,-0.772,-2.612,0.207
2924,1.05,0.985,0.158,0.393,0.181
2925,-1.088,-1.118,-0.706,-0.272,-0.031
2926,0.993,-1.374,0.515,-0.035,-1.118
2927,-0.897,1.054,0.105,-1.142,1.694
2928,-1.815,0.665,0.469,-1.789,1.176
2929,1.254,-0.783,-0.338,-0.792,0.71
2930,0.068,0.916,-0.352,1.032,-2.057
2931,-2.419,0.65,-0.649,1.163,0.793
2932,0.154,3.271,-0.549,1.948,0.851
2933,-0.038,-0.218,2.247,1.132,0.426
2934,1.613,-0.802,0.099,0.553,-0.71
2935,-0.387,1.054,1.279,1.688,-0.917
2936,-0.558,0.934,1.397,-0.475,0.746
2937,-1.466,-0.618,-0.728,-0.255,-1.813
2938,0.356,0.153,0.814,1.374,1.539
2939,-0.796,-0.179,1.187,-0.426,-0.928
2940,-0.331,-1.218,1.327,-1.741,-1.431
2941,0.985,-1.969,-1.622,-0.452,-1.056
2942,-1.85,0.373,-1.05,0.12,-0.427
2943,-0.928,0.206,1.159,-0.051,-1.202
2944,-0.109,1.416,1.532,-0.296,0.4
2945,-0.739,0.196,0.36,0.664,0.755
2946,0.257,-0.787,-0.574,0.931,-1.302
2947,1.538,1.536,-0.456,0.903,-1.582
2948,0.457,-0.084,0.615,1.094,0.009
2949,1.2,0.257,0.732,0.267,0.864
2950,-0.073,-1.079,1.733,0.084,-0.12
2951,0.69,0.478,-1.154,0.691,-0.868
2952,-1.166,-1.096,-2.514,1.089,-1.977
2953,-0.459,0.766,1.407,0.183,-0.206
2954,1.7,-0.575,0.652,0.804,-1.389
2955,-1.47,1.338,-0.161,-0.477,-0.898
2956,1.08,0.003,-0.305,0.831,0.788
2957,0.768,0.078,1.035,0.63,0.178
2958,-0.191,0.396,0.775,0.78,0.975
2959,-1.342,0.627,1.253,-0.362,0.02
2960,-0.731,-0.999,0.985,0.036,1.598
2961,1.181,-1.119,0.307,0.347,-0.256
2962,0.038,-0.728,0.635,-0.142,-1.529
2963,-1.382,0.871,1.217,0.24,-0.274
2964,0.012,1.048,0.56,0.422,-0.252
2965,1.505,-1.441,-0.826,0.454,0.118
2966,-1.683,0.373,1.719,-0.69,1.505
2967,-0.575,0.957,0.879,-0.771,0.313
2968,0.718,0.928,0.991,0.323,0.224
2969,0.329,1.411,-0.604,0.178,1.332
2970,2.041,0.112,-1.363,-1.201,0.848
2971,-0.033,0.462,-0.784,0.651,-0.478
2972,-0.203,-0.458,0.915,-0.197,0.814
2973,1.151,-0.081,0.44,-0.381,-0.45
2974,0.402,-1.14,-0.077,-0.45,-0.574
2975,0.347,-0.666,-0.416,2.21,2.384
2976,-0.724,0.588,0.185,1.622,1.407
2977,0.757,-1.028,-0.203,-0.411,0.385
2978,1.145,-0.101,-0.541,1.203,0.379
2979,1.89,-0.781,0.403,0.181,-0.565
2980,1.443,1.071,-1.209,0.7,0.049
2981,-0.26,0.144,0.874,-1.711,-0.587
2982,0.423,-0.169,0.721,-0.334,0.427
2983,0.8,-0.27,-0.314,-0.269,0.482
2984,0.426,1.536,-0.465,0.706,0.237
2985,-0.177,1.205,-1.125,-0.944,1.832
2986,0.175,0.553,-1.101,-0.026,-2.222
2987,0.122,0.789,-0.334,0.679,-0.471
2988,0.034,-0.572,1.288,-0.909,-0.132
2989,-0.533,1.226,0.538,-0.997,-0.674
2990,1.451,-0.304,-0.969,-0.695,1.173
2991,0.464,0.113,-0.827,-1.393,-2.389
2992,-0.994,-0.878,2.274,1.582,0.618
2993,-0.351,0.574,0.77,0.651,0.038
2994,0.923,0.843,-0.87,0.75,-1.458
2995,0.442,0.247,0.664,1.108,0.385
2996,0.15,-0.503,-0.0,0.213,1.431
2997,-0.986,-0.117,0.164,-1.444,-0.805
2998,0.603,-1.322,-1.602,2.077,-0.187
2999,-1.712,-0.014,0.396,0.739,0.483
3000,0.111,-0.942,0.259,0.105,1.484
3001,0.644,1.278,-0.189,-1.65,-0.28
3002,-0.171,-0.142,1.581,1.431,-0.254
3003,2.047,0.661,0.401,-0.982,0.838
3004,-0.87,-1.08,-1.193,-0.545,-0.622
3005,0.246,-0.635,0.012,-0.073,-1.815
3006,-0.591,0.812,-1.255,-1.683,0.896
3007,-0.211,0.854,-1.388,-0.327,0.202
3008,0.259,-0.607,-1.04,0.804,0.22
3009,-0.243,2.246,0.67,-0.379,0.17
3010,1.434,-1.02,1.818,-1.802,-1.091
3011,-0.829,-0.44,1.4,1.204,-0.582
3012,-0.226,-1.317,-1.552,-1.534,1.357
3013,0.501,-0.383,-0.226,0.027,0.096
3014,0.447,0.289,-0.106,-0.555,-0.412
3015,0.935,-0.067,-0.641,0.511,0.064
3016,-1.356,-2.01,-0.434,0.527,0.253
3017,0.891,-0.701,0.311,0.996,-1.152
3018,0.199,-0.196,0.886,1.241,0.881
3019,-1.104,-0.628,1.027,0.431,-1.267
3020,0.089,-0.205,1.337,0.903,-0.54
3021,-0.831,0.369,-0.21,-0.478,0.808
3022,-1.509,0.614,0.45,0.402,-0.87
3023,0.382,-0.6,-1.449,-1.65,0.722
3024,0.871,-1.143,-0.99,-0.857,-0.754
3025,0.178,-0.527,1.258,-0.677,-1.91
3026,-1.972,-2.352,1.158,1.862,1.897
3027,0.25,1.2,-1.207,-0.729,-2.13
3028,-1.815,1.183,-0.144,1.195,-0.244
3029,-1.684,0.015,2.984,-0.316,-0.984
3030,-0.871,1.292,-0.032,0.952,-0.172
3031,0.713,-0.469,-1.182,0.119,-0.254
3032,-0.341,1.105,0.707,1.077,1.093
3033,-0.493,-1.756,-0.123,0.355,1.067
3034,-0.835,0.007,-0.4,-0.724,-0.669
3035,1.157,-1.597,1.39,0.385,-0.287
3036,0.778,-0.737,1.073,1.845,1.375
3037,-0.535,-0.18,1.343,-1.005,0.818
3038,1.02,0.795,-1.785,-1.085,0.293
3039,-0.89,0.85,0.372,-0.032,0.829
3040,-0.809,0.409,-1.558,-1.169,2.076
3041,-2.439,0.682,-0.955,-0.512,1.696
3042,-0.644,-1.861,0.277,0.466,-0.467
3043,-0.853,1.567,-0.284,-0.689,0.216
3044,-0.037,-1.146,1.324,0.159,0.691
3045,0.712,-0.806,-0.767,0.954,-0.472
3046,0.12,1.051,-1.05,0.329,0.197
3047,0.662,0.372,-0.457,-0.624,1.403
3048,-0.551,0.064,-0.387,1.006,-0.079
3049,0.012,1.427,-0.501,0.862,-1.97
3050,-1.018,-1.304,0.224,-0.572,-0.458
3051,0.935,0.153,-1.464,-0.252,-1.377
3052,-1.479,0.961,0.805,-1.057,-0.23
3053,-1.051,1.043,0.95,-0.247,0.917
3054,0.066,-1.47,-0.52,0.256,1.32
3055,0.724,-0.779,0.509,0.128,1.245
3056,-1.659,-0.453,-0.832,0.094,-1.1
3057,0.198,0.678,-0.197,-0.541,-0.724
3058,-0.603,0.072,-0.225,-0.87,0.025
3059,1.484,-0.03,-0.395,1.757,-0.533
3060,-0.654,-0.245,-0.959,-0.782,-0.848
3061,-0.734,1.147,-1.667,0.591,0.001
3062,-0.485,-0.113,-1.9,-0.783,0.171
3063,1.935,1.046,-0.201,1.613,0.662
3064,-1.256,-1.473,-0.56,0.429,-0.458
3065,-0.317,-1.473,0.004,0.241,-0.818
3066,-0.474,0.106,0.134,-1.393,-0.595
3067,0.299,0.911,1.269,-0.602,0.048
3068,0.205,0.927,-1.213,0.489,0.999
3069,0.477,-0.082,0.244,-0.873,1.477
3070,-1.163,1.242,-0.717,-0.604,-0.884
3071,-0.509,-1.328,-0.462,1.902,-0.452
3072,-0.11,-2.847,0.258,-0.146,0.493
3073,-0.156,0.596,0.018,0.257,-0.633
3074,0.055,-0.295,0.698,0.658,-1.443
3075,-0.537,0.114,2.46,0.609,1.33
3076,0.547,0.907,0.566,-0.394,-0.726
3077,-0.026,0.601,-0.771,-1.256,-0.097
3078,0.785,-0.354,-0.001,0.623,-0.497
3079,-1.214,0.669,-2.358,-0.528,-0.795
3080,-0.243,-1.034,1.684,0.726,-0.808
3081,0.761,1.64,-0.018,0.341,-0.171
3082,-0.385,0.747,-0.607,-0.364,-1.401
3083,0.221,-0.519,-0.78,-0.959,-1.717
3084,-0.644,1.666,-0.885,-0.066,1.024
3085,-0.098,0.504,0.025,-0.328,0.065
3086,-0.893,0.135,1.201,0.925,-0.403
3087,1.487,1.105,0.13,-1.422,0.831
3088,-0.029,-1.145,-0.029,1.779,0.432
3089,-1.265,0.821,-0.02,1.324,-0.376
3090,1.42,-0.089,-1.573,0.01,-0.454
3091,-1.456,-0.168,1.258,0.646,-0.037
3092,-0.733,1.281,-0.131,0.384,0.98
3093,0.564,-0.285,2.27,-0.099,-0.226
3094,-2.21,-1.654,0.481,-0.554,-0.563
3095,1.111,-0.577,-0.508,-0.868,0.233
3096,-0.136,-0.455,-0.795,0.36,0.059
3097,-1.272,0.023,0.325,0.075,-1.215
3098,-0.209,0.546,0.308,-0.064,-0.412
3099,0.19,0.551,-2.532,-0.255,1.126
3100,0.766,0.712,-0.987,0.696,-0.469
3101,0.826,1.464,-1.64,-0.022,0.302
3102,1.514,0.258,-0.546,-0.748,0.634
3103,-0.632,1.689,0.139,0.294,-0.014
3104,0.809,-1.01,0.78,0.201,-0.545
3105,0.046,0.013,-1.676,0.197,-0.175
3106,-1.071,1.556,-0.402,-1.212,1.045
3107,1.161,0.499,0.322,1.442,0.464
3108,-0.146,1.573,-0.579,-1.97,0.528
3109,0.124,1.302,-1.093,-0.892,-2.596
3110,-1.504,-0.827,-0.195,-1.203,1.034
3111,-1.288,-0.691,-1.684,-1.206,0.149
3112,-0.986,1.192,1.906,0.704,-0.323
3113,-1.447,-0.153,-0.316,-1.688,-0.128
3114,-0.653,-1.372,-0.077,0.138,0.435
3115,0.625,-1.113,-0.048,-0.557,0.364
3116,-0.242,0.798,0.156,0.172,-1.046
3117,-1.3,-0.369,-0.333,1.5,1.592
3118,-0.004,1.133,-0.747,-0.42,0.002
3119,0.012,-0.71,-0.361,0.343,1.016
3120,-0.122,0.991,2.765,-0.331,0.563
3121,-0.525,-0.058,1.498,0.012,-0.3
3122,-1.244,-0.193,-0.778,1.197,0.017
3123,-2.033,-0.164,0.103,-0.251,0.19
3124,-0.912,-0.31,0.646,-0.639,-1.081
3125,-0.536,0.123,1.959,0.671,0.13
3126,-0.2,0.315,-0.598,-1.055,1.005
3127,-0.907,-2.27,-0.446,-0.15,0.709
3128,-2.463,-1.624,-0.272,-0.098,1.23
3129,0.551,0.86,-1.852,-1.434,-1.137
3130,-1.674,-0.384,-0.217,-1.543,-0.16
3131,0.478,-0.259,0.434,0.834,1.055
3132,-0.778,1.652,0.977,0.194,0.306
3133,-1.049,1.443,0.077,-0.485,-0.25
3134,-0.452,1.44,0.157,-0.682,0.056
3135,1.608,-0.152,-0.76,0.37,-1.083
3136,0.788,0.078,0.704,-0.539,-0.767
3137,-0.476,-0.359,-0.236,-1.064,1.471
3138,0.473,-0.759,-0.39,1.037,1.852
3139,-2.145,0.417,-1.162,0.653,-0.303
3140,-0.385,-0.782,0.279,2.599,-0.188
3141,-1.77,-0.575,-0.431,-1.0,0.986
3142,1.002,-1.304,-0.235,0.38,-1.207
3143,0.825,1.371,-1.06,-0.111,-0.525
3144,0.846,0.4,-0.591,0.089,0.286
3145,1.946,1.45,-0.601,-0.142,0.497
3146,2.101,1.575,-0.487,0.547,0.758
3147,1.483,1.124,-0.503,0.922,-2.206
3148,0.437,-0.621,-0.536,-1.218,0.519
3149,-0.256,-0.725,-0.742,0.059,-0.429
3150,-0.13,-0.959,0.715,-0.818,2.161
3151,0.487,-0.14,-1.192,-1.61,0.902
3152,0.689,-0.331,-0.658,-0.195,0.675
3153,0.932,0.278,1.069,-0.641,1.401
3154,-0.587,-1.915,-0.723,-1.503,0.329
3155,1.018,0.394,-0.499,-0.093,-0.047
3156,-0.134,0.055,-0.978,0.767,1.66
3157,-1.091,0.532,-1.962,-0.959,1.471
3158,0.582,-1.868,-1.147,1.488,-1.283
3159,0.52,0.093,-1.875,1.118,-1.371
3160,3.733,-0.543,0.71,0.992,1.002
3161,-0.658,1.093,-1.227,-0.575,0.436
3162,-0.233,0.22,0.739,0.92,-2.652
3163,-0.921,1.008,-0.164,1.437,-1.542
3164,-1.3,-1.754,-1.267,1.347,-1.534
3165,-1.527,1.227,2.153,-0.016,-0.747
3166,0.026,1.106,-0.023,-1.275,-0.252
3167,0.102,0.464,1.731,-1.909,0.923
3168,1.898,0.058,-0.309,-0.869,1.8
3169,-2.001,-1.618,-0.026,-0.668,-0.913
3170,-0.305,-0.794,0.185,0.488,-0.137
3171,-0.586,-1.531,0.362,-0.687,-0.841
3172,-0.062,0.032,0.285,0.056,0.49
3173,-1.224,-1.278,-0.576,1.37,-0.498
3174,-0.534,0.193,-0.458,1.33,-2.391
3175,-1.318,-0.741,0.001,-0.084,-0.531
3176,0.305,-2.707,-0.908,-0.872,0.013
3177,-1.342,-0.132,-1.227,-1.076,0.151
3178,0.239,-1.69,-1.533,0.176,-0.771
3179,-1.124,0.96,0.608,-0.722,0.392
3180,0.051,0.205,-1.285,0.294,-0.537
3181,-0.469,-1.038,1.202,-0.673,-0.733
3182,0.554,-0.88,-0.304,-0.552,0.64
3183,-0.007,1.083,-0.517,0.591,1.569
3184,-0.65,0.312,0.166,-0.508,-0.218
3185,0.441,0.078,0.969,1.414,-1.277
3186,0.542,-0.504,1.985,-0.097,0.179
3187,0.618,-0.273,0.805,0.028,1.061
3188,0.674,-0.883,1.238,0.436,0.595
3189,-1.923,0.134,0.046,-0.902,0.182
3190,-0.135,0.971,1.062,0.111,-0.382
3191,-1.332,-0.882,-1.293,-0.248,-0.988
3192,-1.703,0.896,-1.322,-0.239,-0.705
3193,0.98,0.025,-1.258,-1.053,0.731
3194,1.181,0.6,-0.658,-0.161,0.089
3195,0.749,-1.16,-1.306,1.353,-0.0
3196,0.043,-0.806,-0.428,1.271,-0.336
3197,0.758,-1.15,-1.214,0.021,1.387
3198,-0.936,0.121,-0.021,-1.23,1.529
3199,-0.42,1.195,0.125,-0.067,0.034
3200,0.04,0.923,1.32,0.342,-1.359
3201,0.565,-0.47,-1.622,1.953,-0.127
3202,-0.033,-2.223,0.592,-1.447,0.142
3203,-0.173,-2.134,0.051,1.368,-0.484
3204,-0.884,0.948,-0.393,-1.188,0.779
3205,-0.763,-0.753,0.178,-0.349,-0.025
3206,-1.482,-0.512,0.175,1.077,0.334
3207,-1.017,-0.071,-0.462,1.63,2.008
3208,2.798,0.82,1.389,0.589,0.176
3209,-0.646,-2.299,-0.293,-0.355,-0.289
3210,1.76,-0.279,0.747,2.342,1.255
3211,1.418,1.669,-0.825,0.231,0.081
3212,1.482,1.996,1.416,-1.312,-0.003
3213,2.987,1.381,-2.408,2.527,-1.898
3214,0.224,0.8,0.421,3.018,1.852
3215,-1.557,2.554,-0.13,1.409,0.764
3216,2.193,1.524,1.028,-0.403,1.115
3217,-0.143,-0.579,-0.42,1.829,0.097
3218,0.27,1.159,0.864,-1.119,-0.195
3219,-1.266,1.648,0.942,0.923,-0.084
3220,-1.005,0.331,1.84,-0.844,-0.981
3221,0.543,1.115,-0.193,0.444,0.497
3222,-0.27,1.44,0.637,-1.275,-1.445
3223,0.347,0.872,0.845,0.043,-1.484
3224,0.847,2.427,1.014,-0.562,-0.421
3225,0.598,1.303,-0.649,-1.751,-0.196
3226,1.15,-0.548,-0.216,1.482,0.184
3227,-1.279,-0.966,-0.62,-2.011,-0.387
3228,0.633,1.062,-0.365,1.131,-0.407
3229,0.65,0.446,0.764,-1.563,-0.976
3230,-1.189,0.456,-0.108,0.667,1.376
3231,-0.578,0.945,0.241,-0.241,0.017
3232,-2.805,-1.804,0.958,1.315,1.461
3233,-0.091,-0.692,1.123,1.104,0.853
3234,1.267,0.072,0.722,0.412,1.723
3235,0.805,-0.38,-1.1,1.463,3.683
3236,-0.535,-0.636,1.811,-0.153,1.248
3237,-0.152,0.594,-1.307,2.33,-0.041
3238,0.551,-2.605,-0.74,-0.721,-1.418
3239,-1.681,-0.845,-1.054,0.779,0.426
3240,-0.014,0.796,0.122,-0.129,-1.309
3241,1.426,-0.82,0.056,-1.303,-0.804
3242,-0.323,0.401,-0.348,0.943,1.383
3243,1.149,0.788,0.131,0.169,-0.975
3244,0.318,0.683,-0.115,-1.302,0.938
3245,-0.934,-1.021,-2.087,-0.383,0.084
3246,-0.064,0.641,0.749,-0.463,0.313
3247,-0.507,-1.94,-0.221,0.023,-1.611
3248,0.715,-0.302,-0.264,-2.06,0.08
3249,-0.292,1.75,1.299,0.586,1.045
3250,0.365,-0.715,-0.031,-0.447,0.185
3251,0.289,-0.506,1.506,-0.862,0.666
3252,-0.371,2.334,0.208,-1.39,-1.633
3253,-1.17,-0.819,0.425,1.19,-0.238
3254,-0.934,1.019,1.667,1.55,0.226
3255,-0.052,0.973,-0.791,-1.02,-0.374
3256,0.101,-1.389,-0.788,0.39,0.943
3257,-0.087,-0.818,1.813,-0.71,0.976
3258,-1.5,-1.168,1.125,0.92,-1.147
3259,-0.917,1.533,-0.316,-0.115,0.586
3260,1.322,-0.489,-1.478,1.906,0.621
3261,0.384,-0.052,-0.908,-0.384,0.433
3262,1.675,0.104,-0.491,1.239,-0.061
3263,0.578,0.32,-0.345,-0.53,0.932
3264,1.146,-0.616,-0.276,-0.602,-0.902
3265,0.143,-1.085,-1.038,1.076,0.317
3266,1.357,-1.228,2.354,0.115,0.85
3267,-0.58,-0.099,-0.999,-1.693,-0.462
3268,-1.69,-0.234,1.707,-0.464,-0.542
3269,2.222,1.484,0.987,1.578,0.637
3270,0.057,-1.532,-0.701,-0.35,-1.027
3271,0.61,1.642,-0.459,-1.456,0.821
3272,0.051,-0.864,0.253,-0.323,-0.626
3273,-0.701,2.248,1.949,1.519,-0.474
3274,0.21,-0.572,1.493,1.656,0.294
3275,0.077,0.915,0.686,-1.37,0.259
3276,-1.888,-0.424,-0.284,-0.773,-0.576
3277,0.367,0.625,1.57,1.3,0.673
3278,-1.107,0.668,-1.399,0.933,0.274
3279,0.547,0.994,-0.169,-0.322,-0.969
3280,-0.218,-0.644,1.292,0.469,1.119
3281,1.343,-1.056,0.838,-0.061,-0.532
3282,1.971,0.627,-1.586,0.78,0.765
3283,0.397,0.34,1.82,-1.919,-0.588
3284,0.245,-0.062,-1.61,1.249,-1.074
3285,0.161,0.063,0.608,0.305,-1.086
3286,-0.26,-0.169,0.233,0.388,-0.611
3287,0.0,0.578,1.29,1.618,-0.038
3288,-0.041,-0.376,-0.215,1.153,0.085
3289,0.376,0.0,0.825,2.094,1.576
3290,1.371,-0.874,1.95,-1.292,-0.395
3291,-1.326,0.166,0.4,-0.37,-1.782
3292,0.163,-0.008,-0.402,-0.33,0.042
3293,0.354,0.324,0.605,-0.279,-0.551
3294,-0.11,0.485,-0.552,0.735,-1.648
3295,-0.493,0.173,0.134,0.901,0.138
3296,-0.234,-0.523,1.684,0.569,-1.969
3297,1.509,0.28,-0.22,1.637,-0.264
3298,-1.431,-1.006,-0.442,0.048,0.354
3299,-0.451,1.741,-0.867,0.08,1.669
3300,-0.06,0.034,-0.326,1.396,0.525
3301,0.542,1.108,-1.317,-1.242,0.959
3302,0.25,0.546,0.171,0.691,0.798
3303,0.017,-0.244,-0.405,-0.575,-0.018
3304,-0.789,0.986,0.83,-0.131,0.587
3305,-0.089,0.1,-0.341,0.356,1.675
3306,0.119,0.352,0.696,-0.703,0.167
3307,0.142,-1.811,0.518,-0.248,-1.747
3308,-0.033,0.359,-2.838,0.293,0.231
3309,0.044,-1.301,0.122,1.199,0.047
3310,0.054,-0.804,0.138,0.511,-0.457
3311,-1.474,1.993,-0.54,-0.311,-0.316
3312,0.626,0.314,-0.033,-1.904,0.023
3313,0.422,-0.139,2.002,-1.717,-1.203
3314,1.312,0.05,0.353,-0.111,0.376
3315,1.508,1.013,-2.011,-0.624,0.429
3316,0.107,0.707,0.494,-0.452,0.443
3317,0.33,-0.144,1.676,0.201,-0.459
3318,-0.768,-0.067,0.112,-1.126,0.52
3319,-0.615,-0.244,-0.366,0.118,-0.902
3320,0.808,1.883,0.76,-1.545,0.623
3321,-0.733,-1.145,0.277,0.263,-0.236
3322,0.323,-0.352,-1.096,0.48,1.919
3323,0.524,-0.528,-0.896,-0.554,0.225
3324,1.25,0.095,-0.748,0.084,-1.714
3325,1.933,0.405,0.126,0.084,0.852
3326,0.586,0.33,-1.013,0.095,-0.496
3327,-1.071,-0.505,1.301,0.191,0.903
3328,-0.397,0.055,1.363,0.949,0.045
3329,0.068,1.362,-0.523,-0.536,-0.858
3330,-0.19,-0.9,1.744,-0.942,0.098
3331,-0.166,-0.717,-0.857,0.524,-0.079
3332,-0.332,-0.795,-0.063,0.363,0.943
3333,0.499,0.017,0.959,-0.012,-0.594
3334,-0.732,-0.386,0.189,0.947,0.407
3335,-0.98,0.65,-2.455,0.26,-1.141
3336,-0.662,0.01,-0.84,1.098,-1.76
3337,0.847,-0.239,1.444,-1.526,0.749
3338,0.218,1.323,0.535,-1.07,-0.761
3339,-0.071,0.179,0.044,-0.142,-1.211
3340,0.731,-1.7,1.137,-2.039,-1.432
3341,0.937,-0.267,-1.571,0.465,1.443
3342,-0.716,0.33,0.094,-0.151,-0.573
3343,-0.248,-0.477,1.012,-1.19,-0.834
3344,-0.751,0.324,-1.662,-1.363,-0.261
3345,0.608,-0.234,1.159,0.903,-0.081
3346,0.854,0.775,-0.968,0.041,-0.507
3347,-0.025,0.557,-0.719,-0.68,-0.691
3348,-0.393,1.22,0.622,0.658,-1.286
3349,0.509,0.433,0.261,2.769,-0.321
3350,0.059,1.146,1.281,0.542,-2.245
3351,0.899,-0.155,-0.064,0.583,-1.837
3352,-1.172,-0.747,0.708,0.692,-0.423
3353,-1.357,0.729,-0.149,0.366,0.426
3354,0.458,0.217,-1.62,-0.901,0.701
3355,-0.392,-0.304,0.677,0.191,-0.006
3356,-1.415,-0.948,1.085,0.764,0.584
3357,0.874,1.246,-1.086,2.953,-0.18
3358,0.113,0.471,0.218,-0.324,1.232
3359,-0.869,-1.619,-0.426,0.996,1.525
3360,0.246,1.838,0.625,-1.658,0.444
3361,0.758,-0.226,0.233,-0.297,1.182
3362,0.182,-0.431,-1.782,-0.974,-2.423
3363,0.2,-0.157,1.434,-2.094,0.369
3364,-0.366,-0.884,0.843,-0.002,0.545
3365,0.796,1.331,-0.9,-0.747,-0.132
3366,0.305,1.085,-0.448,0.265,-0.832
3367,0.415,-0.339,-1.02,-0.357,1.178
3368,-2.211,0.63,-1.848,-2.006,0.412
3369,0.609,-0.232,-0.163,-1.994,0.356
3370,1.002,1.128,-0.67,0.536,0.543
3371,0.115,1.828,0.034,-1.278,0.158
3372,-0.282,0.314,-0.507,-1.813,1.284
3373,-2.048,1.528,0.76,-0.427,-0.32
3374,0.807,-0.204,0.587,-0.324,-0.659
3375,-0.457,0.633,-0.926,1.248,-0.354
3376,-0.092,0.172,0.844,0.591,-0.477
3377,-1.767,0.041,0.914,1.014,-0.422
3378,0.362,-1.924,-0.569,0.587,2.052
3379,0.288,-0.779,0.823,-1.478,-1.953
3380,-0.149,-0.188,-0.625,-0.732,-0.369
3381,2.042,1.029,-0.489,2.218,0.062
3382,1.375,1.2,-1.585,-0.746,-0.455
3383,-0.773,-0.138,-0.395,-0.701,0.887
3384,0.523,-0.121,-0.229,0.535,-1.184
3385,-2.51,-0.738,0.96,-0.77,1.225
3386,-0.272,0.866,-0.175,-0.302,1.207
3387,0.61,1.416,-0.874,-0.859,0.04
3388,0.653,-0.651,-1.765,0.324,-0.723
3389,0.725,0.631,0.924,-0.376,-1.125
3390,0.238,0.892,1.285,-1.227,-1.093
3391,-0.853,-0.964,0.133,-1.57,0.893
3392,-1.376,0.416,-1.165,-0.7,0.631
3393,0.908,1.151,-0.586,-0.781,-0.273
3394,-0.477,0.119,0.836,-1.409,-1.844
3395,-1.128,0.807,1.23,-0.012,-2.08
3396,0.415,0.127,-0.206,0.844,1.273
3397,-0.043,-0.097,-0.731,1.43,0.155
3398,-1.163,1.149,-0.707,-0.764,0.247
3399,0.909,1.17,0.184,0.524,0.018
3400,-1.114,-0.887,-0.125,-0.975,-0.326
3401,1.48,-0.643,0.646,-0.985,-2.453
3402,-1.045,0.513,-0.358,0.092,-0.745
3403,1.369,-2.419,1.503,-0.052,-0.401
3404,0.647,1.607,-0.894,-0.254,0.815
3405,-0.515,0.423,0.115,0.67,-1.533
3406,0.599,0.644,1.058,1.231,0.821
3407,2.341,-0.81,0.367,-1.21,-0.353
3408,0.013,0.596,-1.246,-2.043,-1.15
3409,-1.245,0.053,0.134,-0.933,1.073
3410,-2.225,-1.009,-0.128,-1.189,-1.196
3411,0.064,-1.673,-0.217,0.546,-0.6
3412,0.337,-1.198,0.526,1.371,0.662
3413,-0.456,1.255,0.205,0.549,-0.469
3414,-1.294,0.894,0.043,-0.184,-0.716
3415,0.363,-1.242,1.378,1.206,1.401
3416,0.006,-3.015,-0.663,0.079,0.168
3417,-0.148,2.27,-0.801,-1.566,-0.223
3418,-0.362,-0.429,-0.437,0.083,0.31
3419,0.504,-0.992,-0.678,-0.174,0.63
3420,1.06,0.585,-0.323,-0.043,-0.387
3421,0.064,0.814,-0.62,-1.668,-0.569
3422,-0.501,0.004,0.102,1.266,-0.955
3423,-1.221,0.402,2.013,-0.356,0.483
3424,0.518,0.178,-0.473,2.179,-0.098
3425,-0.108,-0.883,0.738,1.314,-2.203
3426,-0.695,-0.053,-1.011,0.76,-0.969
3427,0.784,-0.06,1.596,-0.617,1.752
3428,0.371,0.061,-1.06,-0.891,-1.506
3429,0.034,0.122,-0.38,0.138,0.94
3430,-1.055,0.03,1.289,1.752,-1.642
3431,1.123,-0.509,0.639,0.154,-1.127
3432,0.377,0.502,-0.082,-1.992,-0.159
3433,0.286,-0.043,-0.289,-1.582,-0.217
3434,-0.936,2.09,1.013,1.38,-1.134
3435,0.491,-0.321,0.461,-3.14,-0.271
3436,1.021,-0.895,-0.808,-0.074,0.292
3437,-0.979,-1.965,-0.07,0.272,-0.497
3438,0.684,-1.118,-0.462,-0.017,0.611
3439,0.504,1.369,1.3,-0.343,-0.95
3440,-0.106,-0.445,-0.011,-0.39,1.281
3441,1.118,-0.291,0.689,0.479,1.315
3442,0.705,0.261,-0.641,-1.33,-0.584
3443,0.221,0.421,0.452,0.525,-0.595
3444,0.69,0.76,0.303,-0.645,-1.084
3445,-0.917,-0.101,-1.19,-0.647,0.028
3446,-1.367,0.522,1.156,2.434,-0.695
3447,-1.034,1.765,0.728,0.927,2.541
3448,1.037,2.554,1.248,-0.445,1.171
3449,0.545,-0.654,0.535,-0.457,-1.047
3450,0.8,-1.21,1.138,-0.61,0.33
3451,-0.627,1.659,-0.598,-0.23,1.434
3452,0.528,-0.12,0.36,-1.0,1.343
3453,0.626,1.26,-2.07,-0.643,-1.504
3454,-0.507,0.06,-0.976,-0.791,-0.788
3455,0.185,-0.353,-0.87,-0.629,0.121
3456,2.037,0.054,-0.703,-1.591,-0.073
3457,-0.415,-0.322,-0.604,-0.089,0.439
3458,-0.935,1.021,-0.449,-0.411,-0.14
3459,-0.184,-0.021,1.56,-0.536,-0.09
3460,-0.199,2.138,-0.229,0.609,-0.188
3461,-0.207,0.56,-0.063,-0.513,-0.54
3462,1.201,0.232,0.343,-0.423,1.943
3463,0.003,-0.399,0.126,-0.713,-1.076
3464,-0.35,-1.099,0.188,-1.402,0.259
3465,1.282,0.302,0.615,-0.07,0.182
3466,-0.907,0.969,-0.072,-0.61,2.127
3467,0.32,0.183,1.066,-0.234,0.358
3468,-0.971,-0.064,-1.155,1.621,0.307
3469,-0.213,-0.235,-0.658,0.728,-2.145
3470,1.237,0.816,-0.952,-0.815,2.415
3471,1.473,0.051,-0.529,-0.325,-1.456
3472,-0.426,-0.266,0.223,-1.479,0.221
3473,-0.208,-0.941,-0.07,-1.301,-0.314
3474,1.928,0.719,-0.042,1.082,0.818
3475,-0.148,-1.174,-1.576,3.212,1.225
3476,-0.619,-0.714,-0.127,2.312,-1.088
3477,-0.25,-1.379,-0.758,-2.511,-1.008
3478,1.288,-1.69,-1.389,-0.036,0.632
3479,0.415,0.656,-1.081,0.272,-1.301
3480,-0.592,-0.308,-0.857,-0.388,-1.065
3481,-0.424,1.698,-0.711,-0.429,0.217
3482,0.517,-0.409,0.193,1.34,0.541
3483,-1.084,1.651,0.784,0.341,0.404
3484,-0.454,-1.087,-1.711,-0.348,1.805
3485,0.567,0.771,0.66,0.428,0.022
3486,0.227,-0.545,1.36,-0.859,-0.109
3487,0.39,-0.883,0.046,0.508,0.375
3488,-1.037,0.496,2.009,1.474,0.099
3489,-0.511,-0.953,0.148,1.895,-0.688
3490,-1.324,1.666,0.674,0.578,0.776
3491,0.294,0.729,-0.679,0.388,-0.275
3492,1.012,0.473,-0.903,-0.594,-0.078
3493,0.685,0.657,0.514,-2.252,0.825
3494,1.069,-0.276,0.698,0.436,1.003
3495,0.332,1.324,-1.476,1.185,-0.877
3496,-0.679,1.33,-0.155,-1.073,-0.637
3497,-1.043,-0.598,-0.701,0.388,-0.441
3498,1.532,-0.466,-0.885,-0.755,-0.93
3499,-0.492,1.769,-1.927,1.071,0.687
3500,-1.151,1.41,0.77,-0.174,0.969
3501,-2.693,-0.072,-0.008,0.909,-0.204
3502,-0.067,0.907,-2.395,-1.075,-2.254
3503,-0.391,0.617,-0.93,-0.244,-1.728
3504,0.022,-0.22,-1.557,1.313,-0.16
3505,0.323,-0.237,1.222,-0.173,0.436
3506,1.368,-0.927,-1.368,2.707,1.607
3507,0.436,-0.028,-0.008,-0.399,-0.873
3508,1.871,2.131,-2.726,1.641,-0.208
3509,0.109,-0.057,0.593,1.054,-2.528
3510,-0.421,-0.807,0.252,-1.502,0.459
3511,1.75,0.796,-0.58,-0.158,0.572
3512,-0.119,-0.788,-1.659,-0.398,-0.074
3513,-1.847,0.788,-0.677,-1.127,0.251
3514,0.613,-0.279,0.815,-0.64,0.595
3515,0.387,1.104,0.586,2.529,-1.129
3516,-0.035,0.401,0.472,-0.441,-0.055
3517,-1.186,0.497,-0.302,-0.006,1.404
3518,0.485,0.597,-0.144,0.394,0.656
3519,1.583,0.328,-0.668,0.401,-0.31
3520,-1.841,-0.918,0.082,0.248,-0.945
3521,-0.136,1.075,-1.58,-1.376,0.752
3522,1.386,1.119,0.13,1.81,-1.984
3523,-1.126,-1.54,-0.987,0.193,-0.974
3524,-0.749,0.49,0.937,0.243,0.086
3525,0.593,0.238,-2.236,0.096,0.155
3526,0.298,0.308,-0.607,0.074,0.864
3527,-0.457,-1.518,-1.244,0.091,-0.065
3528,0.915,1.115,-0.756,2.22,1.195
3529,-0.052,1.127,-0.428,-1.116,0.646
3530,-1.852,-0.578,0.403,0.61,-0.005
3531,-0.465,0.914,0.597,-0.971,1.436
3532,0.463,0.074,-0.387,-1.253,-1.203
3533,-0.396,-0.304,-1.194,-0.756,0.386
3534,-0.054,-0.346,-0.994,1.047,0.302
3535,0.568,-0.289,-0.189,-0.233,0.137
3536,0.019,-0.764,0.117,-0.471,0.326
3537,-0.03,0.193,1.05,-0.456,1.496
3538,0.406,-0.849,-0.951,-2.531,-1.611
3539,1.094,-2.921,-0.864,0.29,1.751
3540,-0.377,-0.735,-1.21,-0.1,-0.637
3541,1.62,1.888,-0.143,1.717,-0.257
3542,0.659,-0.053,-1.413,0.267,1.111
3543,0.584,0.562,0.246,0.467,1.318
3544,-0.589,0.306,0.651,-1.415,-0.706
3545,-0.976,-0.116,0.876,1.558,0.571
3546,-0.161,1.352,-0.07,1.111,0.347
3547,0.493,0.415,0.826,1.401,0.94
3548,0.24,-0.215,-1.535,0.792,0.289
3549,-0.103,0.459,0.952,0.339,1.58
3550,-0.191,0.804,0.629,-0.133,0.482
3551,-0.13,-0.773,-0.104,-0.942,-0.466
3552,-0.905,0.553,0.219,-2.112,-0.226
3553,1.036,0.659,-2.181,-1.546,-0.195
3554,0.558,1.048,-0.593,1.389,0.072
3555,-0.308,-1.581,0.66,0.473,-0.826
3556,0.884,-1.59,-1.954,-1.21,-1.013
3557,-0.247,-1.391,-0.186,0.499,1.787
3558,0.205,1.252,-0.351,1.465,-0.38
3559,0.091,-1.114,0.677,-1.466,0.507
3560,-1.086,-2.196,0.148,-0.724,0.389
3561,0.116,0.469,-1.082,2.373,0.137
3562,0.877,0.821,1.059,0.763,-0.205
3563,0.368,-0.131,0.649,-0.945,1.077
3564,-1.309,-0.646,0.028,-1.977,1.601
3565,0.435,-0.486,-0.815,0.506,-1.0
3566,-1.026,0.905,-1.185,0.12,1.103
3567,-0.891,-0.559,0.11,-1.206,0.42
3568,-0.441,-0.036,-1.751,-2.856,0.177
3569,1.3,-0.145,1.068,0.862,-2.083
3570,-0.335,0.602,0.846,0.98,-0.345
3571,-0.891,1.656,0.328,-0.243,0.706
3572,-0.375,0.509,1.09,0.538,-0.095
3573,-0.679,-0.662,0.742,-0.631,-1.005
3574,-1.772,0.87,-0.864,0.784,1.334
3575,0.19,-1.177,-0.139,0.58,-0.748
3576,0.579,1.566,0.517,0.604,0.775
3577,0.129,-1.291,-0.294,0.224,0.62
3578,1.288,-0.499,0.432,2.201,-1.237
3579,1.583,-1.946,0.183,0.369,-0.374
3580,1.356,0.1,0.635,-2.073,-0.171
3581,0.573,0.529,0.659,1.017,-0.231
3582,0.477,1.084,-0.052,-2.762,0.141
3583,-0.754,-0.94,0.524,1.117,0.034
3584,-1.104,-2.054,-0.174,1.031,-0.781
3585,-0.493,-1.152,-0.862,1.048,0.207
3586,-0.419,-0.868,0.149,1.161,1.075
3587,-0.184,0.392,1.479,1.011,0.633
3588,0.421,1.029,-0.816,0.214,-0.337
3589,1.056,0.894,0.356,0.409,-0.066
3590,-0.176,-0.147,1.152,-0.057,-0.635
3591,0.576,-0.021,-0.033,1.911,1.188
3592,1.845,-0.283,1.504,0.639,-1.026
3593,0.825,-3.413,-0.581,-0.775,-0.936
3594,1.822,-0.673,-0.862,0.111,-0.486
3595,0.45,1.969,0.863,0.609,-0.423
3596,0.551,-0.04,-0.592,-1.306,-1.859
3597,-0.919,-0.001,1.049,-0.861,-1.066
3598,-0.588,0.021,-0.323,0.298,0.598
3599,-0.006,1.237,-0.204,1.062,-0.006
3600,-0.592,0.371,1.749,0.042,0.432
3601,0.006,-0.726,-0.193,-2.437,-0.751
3602,-0.65,-1.887,-0.594,0.914,-0.207
3603,-0.339,1.896,0.573,0.643,0.17
3604,-0.899,-0.13,2.455,-0.411,-0.5
3605,-0.067,1.48,-0.84,-0.566,0.051
3606,-0.324,0.398,0.139,1.513,0.661
3607,-0.929,-0.744,-0.935,1.019,0.397
3608,-2.343,1.265,1.398,-0.473,2.201
3609,-0.766,-0.582,-1.102,-0.017,1.973
3610,-0.697,0.689,0.101,1.649,-0.136
3611,-0.473,0.596,2.114,0.663,-0.221
3612,-1.85,2.237,-0.107,0.072,-0.133
3613,0.623,0.484,0.536,-0.312,-2.246
3614,0.758,2.395,-0.596,0.34,0.772
3615,-1.394,-0.049,-0.566,2.145,2.118
3616,0.993,0.081,0.706,-0.038,1.575
3617,1.073,0.102,0.686,-0.694,-0.281
3618,0.29,-0.506,0.481,1.202,0.134
3619,0.891,-0.962,-0.088,-1.374,-0.897
3620,0.386,-0.097,-0.182,-0.338,-0.179
3621,-0.989,0.502,1.127,-0.066,1.33
3622,-0.305,0.311,0.401,1.136,1.135
3623,-0.27,0.261,0.059,0.207,0.673
3624,-0.19,-0.062,-1.45,0.218,-0.408
3625,-0.599,-1.491,-0.834,0.947,0.705
3626,0.419,0.951,1.34,-0.558,-0.54
3627,0.921,1.418,-0.148,-0.552,0.05
3628,-0.304,0.712,0.05,-0.783,-1.247
3629,0.102,0.842,-0.827,-0.101,-1.15
3630,-0.927,-0.086,-1.19,-0.131,-0.296
3631,-0.243,0.443,-1.756,-0.863,-0.573
3632,0.052,-0.833,-0.747,-0.042,-0.522
3633,-0.273,-1.103,-1.453,0.554,-1.546
3634,-1.621,0.19,1.461,-0.951,-1.156
3635,0.688,0.42,-0.975,1.01,-0.638
3636,0.275,0.734,0.679,-0.002,0.322
3637,-0.276,-1.126,1.204,0.427,0.741
3638,-1.767,1.47,-0.444,-0.601,0.266
3639,0.613,0.467,0.123,-0.925,0.472
3640,-0.002,0.217,1.733,-0.022,-1.034
3641,-0.175,-0.249,0.074,2.18,-0.036
3642,-0.575,1.061,0.79,-1.778,-0.012
3643,1.096,-0.427,-0.64,-0.848,-1.756
3644,1.184,-0.614,-0.593,1.057,0.42
3645,0.569,-1.807,-0.844,0.911,-0.474
3646,1.03,1.007,-1.129,-0.388,-1.038
3647,0.505,-0.519,0.535,2.025,-1.754
3648,-0.135,-0.853,0.346,1.044,-0.855
3649,-1.085,-0.812,0.235,-0.339,-1.069
3650,-0.027,-0.69,0.582,-1.529,-0.142
3651,-0.595,0.686,0.293,-0.613,-0.963
3652,0.85,0.052,1.213,0.125,-0.02
3653,0.304,-0.289,2.811,-0.393,1.256
3654,0.498,-0.083,-0.628,0.339,0.493
3655,-0.444,0.115,1.489,0.118,0.007
3656,-0.973,1.9,0.027,-0.162,-0.29
3657,-0.691,-2.448,-2.1,-0.395,-0.371
3658,0.605,0.592,-0.065,-0.551,0.697
3659,1.901,0.284,-0.519,-0.092,-0.577
3660,0.099,-0.029,0.717,-0.995,0.598
3661,0.477,-1.543,1.737,0.245,-1.113
3662,-1.72,-0.608,-0.375,1.212,-0.393
3663,-1.451,0.275,1.691,-1.092,-2.118
3664,1.387,0.255,-0.305,0.193,0.07
3665,2.38,-1.473,-0.439,0.82,0.795
3666,-0.484,0.212,-0.855,0.457,-0.477
3667,0.465,1.084,-1.102,-0.048,0.768
3668,-2.095,0.016,-0.383,-0.316,-0.524
3669,-0.578,-0.188,-0.872,1.203,0.464
3670,-0.898,0.314,0.505,-0.218,0.642
3671,-1.844,0.749,-0.103,0.487,-0.961
3672,-1.653,1.132,-0.891,-0.071,0.506
3673,-0.671,0.839,0.152,-0.237,-0.083
3674,0.255,0.354,-1.107,0.171,-0.635
3675,-0.04,1.352,0.531,-0.085,0.977
3676,0.326,-2.399,1.172,-0.908,0.821
3677,1.563,0.602,-0.917,0.8,-0.29
3678,-1.001,-0.743,-0.347,1.906,0.992
3679,1.323,-0.406,-0.372,1.354,1.005
3680,0.319,0.688,0.117,1.736,0.056
3681,0.454,-0.216,0.661,1.219,-0.129
3682,-0.884,1.648,-2.446,-0.709,-0.09
3683,-0.372,0.212,-1.06,-0.39,-1.512
3684,0.01,-0.952,0.065,-1.085,-0.279
3685,0.843,0.213,-0.367,1.863,-0.972
3686,-0.126,-0.367,1.941,0.277,1.187
3687,-0.804,-0.482,-1.671,-0.03,-0.126
3688,-0.964,0.688,-0.596,0.373,-0.203
3689,-0.959,1.111,1.402,-0.442,-0.798
3690,0.003,-0.809,0.806,2.395,0.061
3691,0.086,-0.122,-0.316,1.72,-0.822
3692,0.257,0.478,-0.987,1.544,1.414
3693,-0.268,-0.265,0.513,-0.337,0.289
3694,0.576,0.001,0.206,1.637,-1.012
3695,-1.523,0.215,1.163,0.199,0.66
3696,-0.401,0.56,0.839,0.04,0.653
3697,-0.203,-1.81,-1.357,1.228,-0.549
3698,-2.149,-0.493,1.407,0.839,-0.807
3699,-0.514,1.103,-0.173,1.48,-0.655
3700,0.529,1.309,-0.206,-1.411,-1.47
3701,-1.722,0.36,-1.248,-0.289,0.75
3702,1.382,-0.518,-0.401,-1.199,0.162
3703,0.597,0.622,1.111,-2.019,0.779
3704,1.433,-0.004,0.056,0.509,-0.175
3705,0.577,-2.135,-0.932,2.728,1.066
3706,0.118,0.496,-0.147,-0.494,-0.411
3707,-0.275,0.219,-0.131,0.552,0.78
3708,0.022,1.946,1.797,-2.578,0.569
3709,-0.215,-0.877,-0.769,-0.121,1.967
3710,0.5,-0.358,-2.069,0.787,-1.122
3711,-0.948,1.372,-1.179,1.252,-2.169
3712,0.511,0.168,0.298,-0.375,-0.38
3713,-0.619,0.112,-0.737,-0.816,0.368
3714,0.428,0.438,-0.976,0.33,0.544
3715,-0.964,-0.678,-0.86,-0.504,2.798
3716,-0.429,-0.12,-0.429,-2.306,0.036
3717,0.029,1.108,-0.434,0.53,0.311
3718,0.397,-0.516,-2.119,-0.509,-3.043
3719,-0.008,0.534,0.128,-1.813,-0.841
3720,-0.371,-0.21,0.032,-0.086,-0.227
3721,-1.0,-1.046,-1.322,-1.181,-0.377
3722,0.202,-2.636,-0.275,-0.11,-1.617
3723,0.985,2.415,-0.887,-1.151,0.534
3724,-1.602,0.194,1.319,0.591,-0.16
3725,-0.203,0.583,0.487,-0.355,0.254
3726,0.864,0.257,-0.336,0.718,0.607
3727,-0.381,-2.031,1.659,0.66,-0.791
3728,-1.291,-0.648,1.197,-0.211,0.019
3729,0.828,0.786,0.635,2.6,0.559
3730,-0.01,-1.589,0.425,-1.003,-0.141
3731,-0.212,1.144,1.68,1.233,-0.622
3732,0.776,-0.667,-0.235,1.548,-0.48
3733,-1.449,-1.005,-0.177,0.783,0.783
3734,0.042,-0.483,-0.838,-0.253,1.259
3735,-0.996,0.237,0.352,0.914,0.191
3736,-1.812,-0.129,-0.331,0.022,-0.067
3737,-0.366,-0.823,-1.357,0.723,0.641
3738,0.464,-0.738,-0.869,1.148,-0.233
3739,1.452,-0.764,-0.915,2.394,1.854
3740,0.07,-0.028,0.054,0.55,1.299
3741,-0.687,1.416,0.032,0.779,0.267
3742,-1.233,-0.785,0.694,0.355,-1.583
3743,-0.384,-1.043,0.667,1.746,1.402
3744,-0.312,1.766,-0.308,-0.721,0.147
3745,1.057,0.222,1.016,1.827,-0.27
3746,-1.421,1.558,-0.06,0.633,0.886
3747,-0.212,1.491,-0.012,0.283,0.451
3748,1.316,-0.072,-0.688,-0.861,0.881
3749,0.234,0.321,0.393,0.166,0.716
3750,-1.695,1.923,-0.045,0.342,0.194
3751,0.26,-0.381,-0.461,0.901,0.725
3752,-1.602,-1.57,0.089,-0.309,-0.228
3753,-0.317,0.824,-0.271,0.187,0.888
3754,1.079,-1.742,-2.132,1.905,1.064
3755,0.816,-1.645,0.534,1.646,-0.918
3756,-0.885,-1.467,-2.22,-0.772,1.506
3757,-1.352,-0.534,-0.382,-0.7,-0.405
3758,0.829,1.107,-0.17,-0.636,-0.518
3759,0.738,-1.857,-0.003,1.201,-1.045
3760,0.65,-0.69,0.818,-1.374,2.024
3761,-0.762,-0.762,-0.344,-0.719,2.45
3762,1.847,0.925,-1.338,-0.691,0.013
3763,1.513,-0.934,-0.19,0.674,0.785
3764,-2.159,-0.218,-0.547,-0.517,-0.322
3765,1.418,1.746,-1.482,-0.723,0.87
3766,-0.586,1.179,0.315,-1.588,1.205
3767,-1.222,0.476,-0.029,-1.323,1.388
3768,-1.262,-0.819,-0.295,1.876,0.49
3769,0.812,0.358,-0.332,0.138,-0.523
3770,-0.958,0.44,-0.066,-1.107,0.81
3771,0.211,0.392,0.627,-1.258,-1.594
3772,0.291,-0.709,-0.871,-0.154,-0.354
3773,0.079,0.041,-0.034,0.68,0.814
3774,-0.578,-1.987,1.397,-1.582,0.875
3775,-0.727,0.691,-0.161,-1.14,-0.542
3776,0.922,-0.662,-0.28,1.62,-0.511
3777,-1.047,1.14,-0.2,0.186,0.063
3778,0.489,-0.555,-2.182,0.348,0.342
3779,-1.042,-0.577,0.268,2.288,1.889
3780,1.084,1.022,0.752,1.543,-3.125
3781,-0.734,0.548,1.503,0.481,-0.714
3782,-0.255,-0.809,-2.202,0.193,-0.149
3783,-0.407,-0.148,-0.238,-0.94,0.923
3784,-0.135,0.191,0.054,-0.022,0.304
3785,1.212,-0.106,-1.209,-1.378,0.413
3786,0.07,1.518,-1.518,1.236,1.502
3787,-0.661,2.765,1.214,-0.102,-1.047
3788,0.642,0.386,-0.279,-1.102,-0.105
3789,-0.1,-1.507,0.218,0.757,-0.411
3790,-0.836,-0.529,1.123,-0.871,0.749
3791,-0.821,-0.943,1.186,0.423,0.18
3792,1.587,0.324,-0.226,0.905,0.299
3793,-0.477,0.289,0.654,0.464,0.327
3794,-1.737,0.02,-1.002,1.117,-1.447
3795,-1.323,0.274,1.083,-0.874,-0.206
3796,0.385,-0.144,-1.303,-0.086,0.233
3797,-1.293,-0.139,1.994,-0.083,-0.243
3798,1.17,1.018,-0.241,-0.771,-0.496
3799,-1.1,0.722,-0.145,-1.659,-0.736
3800,0.298,1.309,-1.496,0.092,1.719
3801,-0.716,0.572,-0.882,-0.392,-1.255
3802,0.63,-0.188,-0.385,0.32,0.583
3803,1.089,-0.774,1.083,-0.285,0.071
3804,0.461,-0.189,-1.652,1.344,1.345
3805,-0.914,0.183,-0.286,0.214,0.957
3806,0.853,-2.066,0.603,-0.293,-0.539
3807,0.861,-1.43,0.918,-0.665,0.292
3808,0.477,0.438,-0.432,-0.345,-0.212
3809,0.386,-0.63,-2.319,1.13,0.891
3810,0.772,0.701,0.77,-0.183,0.805
3811,-0.179,0.507,-1.748,0.418,0.3
3812,-0.027,-0.349,1.57,-1.17,0.349
3813,0.727,1.607,1.85,1.609,0.413
3814,-0.619,0.858,-2.521,2.101,-0.274
3815,0.4,1.263,1.226,-0.328,0.957
3816,0.158,-1.052,-2.045,1.197,-0.474
3817,0.645,-1.289,0.738,0.714,-0.638
3818,-1.019,-2.104,-1.365,-1.004,-1.499
3819,2.797,-0.35,0.551,0.878,0.021
3820,-1.095,-0.509,-0.621,-0.681,0.811
3821,1.935,0.291,0.127,-0.834,1.219
3822,-1.01,1.981,-0.256,-0.435,0.524
3823,0.889,-1.262,-0.491,-0.507,0.604
3824,1.345,-1.289,-0.602,-0.677,0.411
3825,-0.691,0.624,1.408,-0.203,1.142
3826,1.555,1.404,-1.682,0.556,-1.65
3827,-0.607,-0.062,2.858,0.68,0.2
3828,-1.617,-0.823,1.076,0.18,-0.204
3829,0.061,1.078,0.58,-1.385,-0.232
3830,-1.38,-0.734,-0.229,-1.297,0.639
3831,0.331,1.217,0.287,0.597,-0.872
3832,-0.826,-0.273,0.278,0.33,0.857
3833,-0.089,0.605,1.003,-0.244,0.432
3834,-0.699,-0.451,0.998,-0.941,-0.578
3835,0.721,-0.216,-0.611,-0.284,-0.054
3836,-0.127,-0.732,-1.308,0.02,-0.285
3837,-0.957,-0.768,-1.277,-0.906,-1.357
3838,0.807,0.741,0.039,1.32,-0.156
3839,-0.552,3.294,0.719,0.746,-0.625
3840,0.618,0.558,1.083,1.89,-0.337
3841,-0.102,-1.365,0.473,-0.625,-0.311
3842,-0.188,-0.09,1.279,0.354,0.517
3843,-0.411,0.856,1.982,-0.696,1.611
3844,-0.792,-0.622,-0.899,1.872,-1.474
3845,2.04,0.198,0.347,-0.791,0.866
3846,0.277,0.065,-0.006,-0.527,-0.517
3847,0.66,0.987,1.337,0.98,0.685
3848,-1.479,1.964,-1.241,-0.037,-0.524
3849,-0.629,-0.676,0.04,-1.06,0.556
3850,1.208,1.17,0.796,-0.677,2.271
3851,0.579,0.944,-0.328,-1.224,2.116
3852,-0.779,0.255,-0.668,-1.02,-2.18
3853,-0.055,1.564,0.03,-0.788,-0.848
3854,-2.029,-0.997,-0.693,-1.902,-1.084
3855,1.177,-0.687,-1.229,0.716,-1.101
3856,0.781,0.943,1.118,-0.864,-0.02
3857,0.02,-1.183,0.415,-0.498,-1.113
3858,-0.042,-1.931,1.043,-0.456,1.982
3859,-1.792,-0.21,-1.102,0.844,-0.343
3860,-1.608,-0.817,-2.212,-0.574,-0.712
3861,2.443,-0.956,0.877,0.271,0.786
3862,0.086,-1.031,1.818,-0.016,-0.416
3863,0.521,-0.153,-0.666,-0.238,0.555
3864,1.297,-1.094,-0.772,-1.323,-0.403
3865,0.022,1.763,0.442,0.466,1.505
3866,0.057,0.514,-1.314,1.419,-1.446
3867,0.023,1.639,-1.474,0.271,0.784
3868,2.063,-0.137,0.305,-0.952,0.609
3869,-0.659,-1.278,0.124,-0.085,1.866
3870,0.361,0.094,-0.883,-0.171,-0.133
3871,0.708,0.924,2.451,0.964,-0.004
3872,-0.165,-0.389,-0.62,-2.02,0.539
3873,0.095,-0.667,-0.068,1.243,-0.484
3874,-0.213,0.614,-0.86,-0.265,0.541
3875,-1.302,-0.823,-1.584,-2.18,-0.017
3876,1.605,-0.404,1.894,0.14,0.119
3877,-1.5,-0.986,-1.904,-0.842,0.212
3878,-0.632,1.659,1.556,0.737,0.465
3879,0.588,-0.431,-0.833,-1.653,1.789
3880,0.047,-0.139,-1.985,-1.571,-0.663
3881,-0.701,0.921,-0.274,-0.822,-0.69
3882,-0.185,1.235,1.722,-0.581,-0.085
3883,2.04,1.983,-0.872,-1.246,1.301
3884,0.553,-0.817,-0.983,-0.583,0.028
3885,1.265,0.811,-0.128,-1.121,-0.401
3886,0.229,0.392,0.904,0.586,0.774
3887,-0.456,0.196,-1.006,1.124,-1.408
3888,-0.945,0.101,0.238,-1.928,-0.271
3889,-0.372,-1.766,0.346,-1.496,-0.191
3890,-0.248,-0.107,0.883,0.392,2.168
3891,0.728,0.426,1.743,0.252,1.044
3892,-0.301,-1.367,2.087,-0.546,-0.158
3893,0.215,-1.234,-0.271,0.047,0.023
3894,1.397,-1.088,0.045,1.982,-0.262
3895,-0.572,0.643,1.599,0.102,-0.965
3896,-2.038,-0.576,-0.743,-0.714,1.337
3897,0.601,-0.439,0.218,0.186,0.128
3898,-2.332,-0.354,-0.456,-1.544,-1.135
3899,0.493,0.789,0.661,-0.058,-1.546
3900,1.04,-0.547,0.427,-0.169,1.13
3901,-1.37,-1.123,-0.196,-1.642,1.38
3902,1.178,0.283,0.266,-0.243,0.172
3903,-0.179,0.415,-2.03,-0.251,1.048
3904,0.641,0.954,0.021,-0.054,-1.151
3905,-1.933,-0.428,-0.005,-0.461,-1.379
3906,-0.171,-0.661,0.061,-0.693,0.299
3907,-0.688,-0.953,-0.823,-0.423,0.596
3908,-1.418,-1.298,-2.393,0.485,-0.088
3909,1.336,0.119,-1.695,-1.482,-1.379
3910,1.414,0.569,0.171,1.53,-0.25
3911,-1.17,-0.397,0.606,-0.124,-0.027
3912,-2.178,0.795,-0.81,0.443,1.988
3913,0.391,-0.284,0.702,0.113,1.173
3914,-0.309,-0.198,0.129,-0.573,-1.632
3915,-0.073,0.778,-0.338,-0.439,-2.273
3916,-0.581,0.219,0.135,0.258,0.862
3917,1.447,-0.008,-0.944,0.933,1.807
3918,0.642,-0.563,-0.546,-0.556,0.001
3919,-0.105,-1.079,-1.497,0.453,1.275
3920,-0.021,-0.057,-0.544,1.671,0.822
3921,-0.766,-1.182,0.589,-0.963,0.269
3922,0.615,0.31,1.82,1.544,1.334
3923,0.377,-0.964,-0.268,-0.196,0.004
3924,-1.009,-0.94,-0.063,2.244,0.423
3925,0.376,1.334,1.865,-0.465,2.155
3926,0.671,0.112,2.33,-0.264,1.155
3927,1.407,-0.882,0.208,-0.623,0.286
3928,1.514,1.528,-0.293,0.919,-0.909
3929,-1.009,0.157,-1.521,-0.365,0.247
3930,-0.373,0.326,-0.909,-0.582,0.13
3931,-0.368,1.122,0.544,-0.18,-0.464
3932,-0.266,-0.101,-0.68,0.306,0.072
3933,0.494,-0.643,-1.456,1.958,1.82
3934,0.36,-0.284,0.545,0.262,-1.146
3935,1.073,1.075,0.883,-0.188,0.263
3936,-0.275,-0.02,1.336,-1.9,0.377
3937,1.367,1.705,0.797,-0.04,0.465
3938,-0.183,0.534,-0.254,-1.157,-0.441
3939,0.309,-0.23,0.651,1.382,0.747
3940,0.265,0.133,-0.048,0.179,0.35
3941,0.469,1.762,0.432,0.886,0.965
3942,-0.475,-0.303,-0.752,0.382,-1.589
3943,-0.846,-0.743,-0.085,0.575,1.404
3944,-1.662,0.663,-2.674,-0.682,0.601
3945,-0.79,-0.435,0.14,-0.856,0.142
3946,-1.076,-0.475,0.328,-1.525,1.239
3947,-2.917,-1.141,0.638,2.919,-0.691
3948,0.657,0.158,0.677,1.112,1.04
3949,0.382,1.5,0.441,0.353,1.544
3950,0.36,-1.305,0.032,1.42,-0.658
3951,0.058,-0.354,-0.688,-1.265,-1.366
3952,-0.331,0.028,-0.102,0.369,-1.534
3953,0.259,0.184,-1.108,-1.004,-0.09
3954,-0.325,0.311,0.772,0.436,0.236
3955,-0.59,1.495,-2.052,0.531,1.404
3956,-1.014,0.086,1.095,1.563,0.133
3957,1.276,0.105,-0.014,-1.012,0.163
3958,0.794,-1.189,1.443,0.745,-0.478
3959,-0.491,0.234,-0.474,-0.248,0.481
3960,1.396,-0.822,0.374,2.12,-1.253
3961,1.349,0.898,-0.335,0.574,0.631
3962,0.011,0.189,0.552,0.62,1.2
3963,-1.393,-0.232,0.977,1.945,0.109
3964,0.336,-1.085,-0.462,-2.473,-0.772
3965,0.013,-1.924,2.077,-0.619,-0.619
3966,-1.589,1.043,0.612,0.787,0.293
3967,-1.74,0.981,0.388,0.686,0.3
3968,-0.494,0.342,-0.743,1.527,-1.491
3969,0.337,-0.943,1.956,-1.403,-1.843
3970,-0.255,-0.077,-0.805,0.649,0.298
3971,-1.22,0.703,-0.48,-1.032,-0.628
3972,0.385,-0.463,-0.828,2.309,1.646
3973,-0.785,1.769,0.855,-0.395,-0.725
3974,0.145,-0.101,0.076,-1.511,0.588
3975,0.203,-0.293,-0.69,0.166,-0.22
3976,0.344,-1.355,-0.17,-1.421,1.765
3977,0.004,-0.336,-0.614,-0.147,0.143
3978,-0.529,1.468,0.509,-0.428,-0.495
3979,-0.161,-0.465,-0.29,1.039,1.47
3980,2.325,-0.147,-0.324,-0.883,0.363
3981,0.7,0.903,-0.294,0.348,-0.752
3982,1.025,0.298,0.999,0.321,-2.399
3983,1.591,-0.3,0.026,-1.899,1.572
3984,-0.868,-1.426,-1.356,1.056,-1.18
3985,0.126,2.294,0.119,0.098,-0.801
3986,0.143,0.723,1.897,1.568,0.51
3987,0.72,-0.209,-0.75,2.759,0.087
3988,-0.463,-0.534,1.148,-1.208,-0.364
3989,-0.893,-0.639,0.288,0.311,-0.615
3990,-1.667,-0.175,-0.271,0.008,0.838
3991,-0.68,-0.734,-0.743,2.824,-0.146
3992,-0.843,-1.3,-0.366,1.549,-1.396
3993,0.322,-0.593,0.175,0.038,0.258
3994,-1.527,-0.09,1.133,0.934,0.159
3995,1.429,-0.587,-2.011,0.408,0.051
3996,0.735,0.595,-0.112,-0.872,-2.196
3997,-0.362,-0.998,1.285,1.273,0.274
3998,0.273,0.753,0.19,-0.62,0.909
3999,0.903,-1.376,-0.002,0.751,-0.606
4000,0.692,0.751,0.947,0.177,1.171
4001,0.692,-0.108,-0.741,-1.028,-0.059
4002,-0.354,-0.739,0.299,0.277,0.292
4003,1.256,-2.166,-0.006,-0.36,1.594
4004,-2.279,2.001,0.698,-1.17,1.274
4005,-0.872,0.855,-0.637,0.271,0.481
4006,-0.602,1.919,0.842,0.941,-1.213
4007,1.359,-2.249,0.405,1.106,2.167
4008,-0.17,1.621,0.713,1.183,-0.572
4009,-0.251,-0.3,-1.48,-1.752,-0.408
4010,1.01,-0.085,0.391,-0.212,-1.45
4011,-0.131,-0.333,1.615,-1.507,-0.753
4012,0.441,0.602,-1.234,-1.2,2.523
4013,0.035,0.033,1.392,0.849,1.111
4014,-0.976,0.6,-0.301,-0.208,0.786
4015,2.072,0.082,1.016,2.031,0.29
4016,1.078,0.4,1.377,-0.04,-0.78
4017,-0.634,0.468,-0.101,1.157,2.332
4018,-1.099,0.159,1.155,0.374,1.409
4019,-0.289,-0.46,1.516,0.396,-1.221
4020,-0.141,-0.577,-1.321,0.837,-0.255
4021,1.193,2.172,-0.432,0.555,-0.285
4022,0.845,-1.116,0.959,0.288,0.959
4023,1.075,-0.273,0.972,1.458,0.753
4024,-0.275,-0.095,-1.644,0.782,2.781
4025,0.614,0.949,0.221,-1.449,-0.98
4026,2.386,-0.19,-1.084,0.626,0.563
4027,-0.057,0.778,0.636,1.351,0.338
4028,1.467,0.733,1.687,0.229,0.489
4029,-1.501,0.237,-1.348,-0.523,-0.421
4030,0.668,0.603,0.118,0.883,0.377
4031,-0.676,0.806,1.332,-0.259,-0.992
4032,0.526,-0.382,-0.222,-0.306,-0.543
4033,0.586,-0.157,-0.373,2.072,-0.348
4034,-0.126,-1.837,-1.058,-0.449,-0.674
4035,0.971,0.251,1.049,-0.527,-0.361
4036,1.132,-0.634,-0.418,0.933,-1.075
4037,-2.146,-0.439,0.22,1.022,-0.701
4038,0.389,-1.074,0.909,-1.052,0.102
4039,-0.799,0.519,-0.808,1.132,-1.16
4040,1.206,-0.278,0.172,-1.105,-0.871
4041,0.051,0.516,0.188,0.353,0.739
4042,1.239,-1.082,0.829,-0.47,-1.314
4043,-0.789,0.53,1.039,-1.455,0.394
4044,-0.215,1.182,-1.241,-2.715,0.549
4045,-0.569,0.618,-0.429,1.261,-1.8
4046,-0.413,1.355,0.346,0.968,0.146
4047,-0.401,0.989,1.398,0.68,-0.161
4048,0.452,-0.088,0.848,0.072,-0.568
4049,-0.642,2.849,-0.069,-0.25,0.166
4050,0.181,0.183,-0.297,1.357,1.304
4051,0.389,1.601,0.298,-0.3,-0.395
4052,0.609,-2.19,-1.546,0.425,0.751
4053,0.204,0.406,-0.474,0.081,0.06
4054,-0.31,-1.302,0.787,1.154,-1.412
4055,-0.093,2.189,1.952,0.676,0.293
4056,-0.544,-0.056,-0.425,-0.591,-0.791
4057,1.004,-0.347,-1.377,1.179,0.177
4058,-0.515,0.117,-0.101,0.869,0.413
4059,-1.574,-0.539,0.848,-0.187,1.678
4060,0.786,-0.369,-0.336,-1.106,-0.031
4061,-0.332,-0.373,0.815,-0.989,0.33
4062,-0.615,1.596,0.631,-0.129,-1.034
4063,-0.349,1.074,0.5,-0.527,-0.619
4064,-0.345,0.111,0.979,-1.283,-0.913
4065,1.168,0.159,-1.606,-0.58,0.485
4066,0.326,1.422,1.478,0.06,0.814
4067,-0.765,-1.436,0.066,-0.789,2.708
4068,0.028,0.041,-0.05,2.377,1.057
4069,1.304,1.182,-2.163,-0.634,0.333
4070,0.573,-1.715,-0.338,1.855,0.067
4071,-0.099,0.305,-0.555,-1.019,-0.726
4072,-0.662,-0.304,-0.12,1.308,0.979
4073,-0.259,-0.835,-1.494,0.356,0.037
4074,0.68,0.268,-0.925,-1.753,1.475
4075,-0.805,-0.774,-0.952,0.412,-0.204
4076,0.664,-0.013,1.115,0.149,-1.784
4077,-1.079,0.645,1.131,-0.134,-0.583
4078,-0.984,1.197,0.019,-1.512,0.604
4079,-1.042,1.224,1.049,0.269,0.503
4080,-2.308,1.046,1.279,-0.031,-0.482
4081,0.84,-1.029,-1.222,0.622,-0.611
4082,0.144,0.301,-0.349,-0.278,0.326
4083,-0.47,-0.28,1.561,-1.189,1.02
4084,0.176,1.523,0.06,0.218,0.635
4085,-0.018,-0.879,-0.263,-0.538,-0.611
4086,-0.574,-1.395,0.258,0.33,-0.797
4087,-1.851,0.994,0.815,1.196,0.151
4088,-0.317,0.787,1.173,-1.86,-1.357
4089,-0.502,0.972,-0.752,-0.274,-0.607
4090,1.377,-1.309,0.056,-2.525,-0.833
4091,-0.178,-0.279,-1.373,0.594,0.128
4092,1.959,0.478,-0.294,-0.454,0.031
4093,-1.006,-0.946,0.351,0.355,-0.087
4094,1.017,-1.303,-2.36,-1.445,0.627
4095,0.57,-1.83,0.269,0.623,0.877
4096,0.066,1.318,-1.824,-0.777,-0.045
4097,0.768,-0.718,0.233,-1.67,0.205
4098,-0.887,0.374,0.196,-1.042,-1.314
4099,0.09,-1.586,1.789,-0.556,0.094
4100,0.899,0.602,-0.359,-0.612,-1.358
4101,-1.377,0.549,-0.7,0.662,0.389
4102,0.223,-0.772,0.868,0.494,0.902
4103,0.794,-1.157,1.446,1.047,0.057
4104,-0.887,0.474,0.959,-1.155,-0.531
4105,0.364,-1.144,0.536,0.634,-0.507
4106,-0.027,-0.595,-1.848,0.407,0.91
4107,0.316,0.625,0.924,0.807,-0.794
4108,-0.691,0.111,-1.069,-0.358,-0.709
4109,0.902,-0.04,0.014,-0.201,0.247
4110,0.931,1.814,1.13,0.485,-0.81
4111,0.185,0.272,-0.596,-1.933,-0.682
4112,1.158,0.041,-2.539,0.432,1.026
4113,1.308,0.747,1.231,-0.808,-3.111
4114,0.851,-0.882,-1.46,0.697,-0.907
4115,0.035,1.007,-0.87,1.472,-0.751
4116,0.061,1.793,-1.94,0.475,-2.267
4117,-1.593,-0.723,-0.629,-1.052,1.41
4118,0.836,1.639,2.161,0.56,-1.043
4119,0.233,-1.215,0.469,-0.352,0.223
4120,-0.567,-0.795,1.997,0.337,0.068
4121,-0.6,0.738,1.007,-0.723,0.768
4122,-0.639,0.587,-0.882,-2.778,-1.641
4123,0.308,1.838,-0.336,0.432,0.643
4124,-0.068,0.954,1.59,-0.023,1.239
4125,0.419,0.26,0.079,-1.342,1.506
4126,-0.02,0.503,-0.927,0.716,0.61
4127,-0.762,0.881,-1.041,0.766,-2.649
4128,-1.126,0.883,-0.335,0.564,0.036
4129,0.621,0.534,-0.574,-2.044,-0.744
4130,0.395,0.012,-0.362,2.739,1.141
4131,-1.521,0.462,1.694,-1.595,-0.706
4132,1.019,0.854,-1.392,0.241,-0.137
4133,0.586,-1.428,-0.619,0.714,-0.034
4134,-0.999,0.453,0.367,-0.465,-0.094
4135,0.342,1.623,1.0,0.156,3.014
4136,1.233,-0.069,-1.245,-0.374,0.903
4137,-0.395,1.241,0.008,0.777,-0.714
4138,0.592,0.703,0.544,0.537,-1.365
4139,-0.905,0.207,0.017,0.285,-0.504
4140,1.011,0.462,-1.524,0.204,-0.315
4141,0.368,1.828,-1.567,0.696,0.062
4142,1.837,-1.249,-1.195,0.861,1.018
4143,0.92,2.848,-0.005,-0.106,-1.303
4144,-0.461,-0.674,0.348,-1.456,1.858
4145,2.001,0.528,-1.206,-1.078,0.945
4146,-0.337,-1.402,-2.523,-0.647,1.26
4147,-0.318,0.91,0.573,-0.001,1.38
4148,-0.812,0.195,-0.347,-1.409,1.355
4149,-1.6,0.522,-0.041,0.772,0.581
4150,-1.478,1.477,-1.391,-0.835,-1.054
4151,1.541,0.657,0.131,-0.875,-1.097
4152,-0.128,-0.345,-0.195,-0.829,0.314
4153,-0.097,-0.784,-0.289,0.978,0.341
4154,0.806,-1.186,0.603,-0.447,-1.265
4155,-0.41,-0.587,-0.264,0.301,-0.486
4156,-1.302,0.678,0.422,1.649,-0.967
4157,0.189,1.191,1.884,0.063,-0.701
4158,-0.042,0.591,0.796,0.747,-1.205
4159,0.438,-0.179,-0.14,-0.571,0.633
4160,1.107,-0.298,-0.039,0.016,0.386
4161,0.994,0.568,0.284,0.143,-1.58
4162,0.621,-2.189,1.991,-0.92,1.43
4163,-0.536,-1.059,0.068,0.97,0.604
4164,0.771,1.444,-0.149,-0.874,0.173
4165,-1.156,2.171,-0.609,-0.435,2.201
4166,-1.248,-0.417,0.391,-0.934,-0.485
4167,0.694,0.908,-0.143,-1.529,-0.555
4168,0.056,0.495,-1.877,-1.162,0.137
4169,-0.184,0.288,-0.735,0.182,-0.99
4170,0.415,0.397,-0.515,-1.941,-0.324
4171,0.839,-1.508,0.501,-0.613,3.152
4172,0.887,-0.998,1.941,0.804,0.051
4173,-2.057,0.466,1.472,0.927,-0.666
4174,-0.623,-0.057,0.511,-0.068,0.299
4175,-0.667,0.505,-0.122,1.26,-0.681
4176,-0.441,-1.143,-0.179,-1.594,1.802
4177,-0.366,-0.785,1.333,1.912,-0.983
4178,1.946,0.954,-1.279,-1.757,-0.844
4179,-1.785,-1.306,-1.486,1.206,-0.733
4180,-1.81,0.458,-2.009,-0.241,0.22
4181,1.044,-0.733,-1.61,0.113,-0.22
4182,-0.831,-1.321,0.967,0.69,-0.179
4183,0.514,1.0,-0.085,-1.724,0.069
4184,-0.126,0.649,0.157,-0.664,-1.105
4185,-0.713,0.006,0.499,0.818,-0.035
4186,-0.935,0.952,-0.851,0.072,0.33
4187,1.07,2.518,-0.965,2.326,-0.666
4188,1.035,-0.131,-0.41,-0.2,0.371
4189,0.567,-0.653,-0.444,-0.576,1.436
4190,-0.217,-0.823,1.966,2.207,0.066
4191,1.191,-1.084,-0.437,0.772,0.595
4192,-1.281,1.1,1.692,-0.529,1.085
4193,1.259,0.986,-0.65,0.243,-1.294
4194,-0.615,1.101,-1.247,0.415,0.253
4195,-0.768,0.797,-0.409,-0.707,-1.597
4196,-2.03,-0.486,-0.07,3.036,0.986
4197,2.319,-1.059,-1.165,-0.789,-0.445
4198,0.246,2.325,1.624,2.156,-0.868
4199,-0.621,1.459,-0.295,-0.77,0.19
4200,0.339,0.487,0.011,2.466,0.624
4201,-0.331,-0.551,0.432,-1.215,-0.634
4202,0.292,1.001,0.265,2.01,0.579
4203,-0.941,0.08,-1.363,0.442,-0.041
4204,-0.173,1.975,0.71,1.014,0.282
4205,-2.231,0.553,-1.099,-0.727,-0.113
4206,-1.194,1.956,-0.529,0.373,-0.091
4207,-0.153,-0.172,1.866,-0.404,-1.036
4208,-1.474,-0.515,1.138,-0.136,-0.305
4209,1.384,-0.729,-0.11,-0.571,1.834
4210,-0.616,0.686,0.351,-0.811,-0.403
4211,2.02,-1.397,-1.644,0.036,1.629
4212,0.788,0.496,1.775,0.886,1.274
4213,0.349,-0.573,0.16,0.924,-0.218
4214,0.509,-1.205,-0.363,0.208,0.651
4215,0.638,-0.003,0.763,0.098,-0.779
4216,0.343,0.362,1.183,-0.897,0.247
4217,0.239,1.99,0.963,-0.186,0.869
4218,0.402,1.846,-1.55,-1.135,0.689
4219,1.368,-0.181,0.059,-0.156,-0.028
4220,0.649,-1.077,-2.034,-0.835,-0.617
4221,1.151,0.574,-0.167,0.296,-1.748
4222,-1.018,-0.885,0.732,1.703,1.849
4223,-1.033,1.515,-0.06,-0.603,-0.152
4224,-0.261,1.522,-1.999,-0.668,-0.205
4225,-1.74,0.703,0.232,0.534,-1.863
4226,-0.403,1.085,-0.771,-0.173,-1.913
4227,0.679,-0.395,-2.037,-0.659,-1.722
4228,-0.048,1.299,0.136,-0.449,0.671
4229,0.061,-0.853,-1.606,2.049,-0.42
4230,0.088,-1.043,-0.881,-1.035,-0.599
4231,-0.134,1.255,0.429,0.267,0.987
4232,-2.184,-0.475,2.014,-0.244,0.957
4233,-0.859,-0.127,-0.38,-0.579,-0.878
4234,1.0,0.694,-0.461,-0.703,-1.714
4235,-0.179,0.472,0.299,1.31,0.243
4236,0.599,1.473,-0.284,-1.248,1.725
4237,1.645,0.083,-0.118,-0.768,0.565
4238,0.136,0.198,-1.166,-0.088,0.247
4239,0.75,-0.314,0.326,-1.213,-0.17
4240,-0.316,-0.516,-1.425,-0.634,-0.161
4241,-0.086,1.344,-0.565,-0.048,0.953
4242,-1.23,-0.159,-0.721,-1.489,1.538
4243,-1.669,0.002,0.16,-0.329,0.262
4244,-0.079,-0.27,-0.515,0.723,0.598
4245,-3.325,-0.901,-2.105,-1.851,-1.797
4246,2.2,-0.645,0.826,-0.785,-0.436
4247,0.586,-0.117,0.868,-0.687,-1.022
4248,0.937,-2.149,0.677,0.142,-1.226
4249,0.756,0.046,-0.631,0.353,-0.508
4250,-2.503,-0.313,-0.213,-0.258,-0.23
4251,-0.06,0.538,-0.76,0.55,0.487
4252,-1.998,1.136,-0.772,-1.651,-0.763
4253,-0.891,0.762,0.494,0.887,-1.557
4254,-0.624,-0.073,0.921,0.516,0.301
4255,1.342,0.49,0.621,-0.967,-0.213
4256,0.287,-0.145,-0.751,0.067,-2.057
4257,-1.192,-0.221,-1.232,0.355,-0.526
4258,1.218,-0.022,1.492,0.274,-0.488
4259,-1.123,-0.776,0.082,0.105,-1.075
4260,0.657,0.101,-0.03,2.174,-0.175
4261,-0.327,0.6,1.439,1.461,0.087
4262,-0.306,-0.718,0.332,-1.015,0.48
4263,-1.143,0.247,-0.072,-0.896,0.017
4264,0.135,0.374,0.675,0.206,0.208
4265,-0.806,0.724,0.929,1.431,0.441
4266,0.53,-0.409,0.252,-0.826,-0.301
4267,-0.941,-0.976,-0.315,1.787,-0.187
4268,2.013,0.322,-1.105,0.144,0.07
4269,0.713,1.13,-0.573,-1.176,-0.218
4270,-2.634,0.555,-0.205,0.008,2.221
4271,-0.407,-1.395,-0.147,-1.878,-1.611
4272,1.042,-0.665,0.536,-0.509,-1.1
4273,0.842,-1.622,-1.113,-0.875,0.315
4274,1.186,-0.711,0.651,-0.095,-0.454
4275,0.892,-0.013,-0.148,0.384,-1.532
4276,-1.254,-0.169,0.334,-0.448,1.257
4277,0.052,-0.723,-0.629,0.56,-0.108
4278,0.22,-1.244,-0.274,-0.98,1.836
4279,-1.731,-0.946,1.39,-0.701,-0.745
4280,0.611,-0.074,2.041,-0.386,-0.819
4281,-0.921,1.15,2.404,0.459,1.024
4282,0.581,1.064,-2.118,1.872,0.294
4283,-1.035,0.245,0.012,-0.248,0.076
4284,-0.117,0.746,-0.209,2.343,0.565
4285,-0.393,-0.187,1.083,1.699,0.21
4286,-2.543,-0.964,-1.332,-0.141,-0.251
4287,1.021,0.103,-1.089,-0.438,0.387
4288,-0.01,-0.257,-1.315,0.076,0.328
4289,0.405,-0.072,2.511,1.883,-0.537
4290,-0.98,0.206,0.434,0.352,1.536
4291,-1.586,-0.258,1.075,-0.236,1.064
4292,1.764,0.569,0.917,-0.784,-0.186
4293,1.021,0.649,1.313,-0.113,0.337
4294,1.115,0.688,0.264,-0.007,-0.491
4295,-0.516,0.868,0.063,0.319,0.827
4296,0.783,0.416,1.156,-1.304,0.79
4297,2.004,-2.153,0.327,0.917,-0.32
4298,-1.082,0.586,-1.111,-0.912,-0.652
4299,-0.765,-2.395,-0.024,0.287,-1.418
4300,-1.839,0.578,1.766,0.479,-0.317
4301,0.161,-1.283,-0.207,-1.353,-0.37
4302,0.514,0.475,0.139,-0.834,0.179
4303,0.174,-1.625,-1.76,-0.356,2.135
4304,-0.584,0.039,1.439,0.019,-0.503
4305,0.163,0.025,-0.328,1.225,0.051
4306,-1.426,-1.023,-0.057,0.518,0.174
4307,-0.771,-0.184,-0.986,-0.487,-0.312
4308,-0.641,-0.227,1.842,0.189,-0.656
4309,-0.345,-0.269,-0.588,-1.91,-0.771
4310,-0.419,0.184,-0.243,-0.263,0.245
4311,-0.626,0.812,0.893,0.752,-0.363
4312,0.446,1.771,-0.61,-0.155,-0.898
4313,-0.643,-1.296,-0.893,0.414,0.764
4314,-0.119,-0.31,2.416,0.876,-0.822
4315,0.26,-0.676,-1.818,-1.581,0.99
4316,-0.245,-0.393,0.541,-0.867,-0.859
4317,-0.604,0.107,1.041,1.278,0.938
4318,0.775,-0.239,2.184,0.701,0.65
4319,1.6,-0.508,1.357,-1.36,-1.656
4320,0.665,-0.502,0.248,0.399,0.344
4321,0.273,-1.71,-1.032,-1.231,-0.014
4322,0.276,-0.587,-0.65,0.758,1.052
4323,0.755,-0.051,-0.671,-0.421,-0.412
4324,-0.248,1.779,-3.412,-0.19,0.214
4325,0.058,-1.372,-1.969,0.243,-0.606
4326,-1.997,0.362,-0.222,0.228,-1.053
4327,3.071,0.011,1.942,-0.182,-1.324
4328,1.202,-0.297,0.309,0.067,-0.753
4329,0.249,-0.262,0.085,0.075,-0.237
4330,-1.582,0.468,-1.558,-2.773,-0.251
4331,1.157,-0.379,0.763,0.234,-0.597
4332,1.507,-1.698,-2.638,0.551,-0.387
4333,0.749,-0.663,0.121,-1.638,0.59
4334,0.265,-1.399,-1.104,-0.118,2.035
4335,-0.286,-0.006,-0.586,-0.8,1.568
4336,-1.355,2.093,1.82,0.088,0.287
4337,0.807,-1.338,0.18,1.734,-0.222
4338,-0.303,-0.751,-1.63,0.582,-0.391
4339,0.325,0.137,-0.196,-2.586,-2.033
4340,0.211,0.429,-0.111,-0.33,1.113
4341,-1.918,1.674,-3.377,-0.36,1.444
4342,0.362,-1.211,0.746,-0.066,-0.249
4343,2.06,0.59,0.663,-2.524,-0.226
4344,-0.658,-1.156,-1.311,0.217,-1.288
4345,-0.101,0.243,0.348,0.792,2.014
4346,-1.285,-0.282,0.098,-0.981,-0.648
4347,-0.146,-0.168,-0.407,-1.24,1.406
4348,-0.859,-0.113,-0.435,0.682,-0.385
4349,-0.608,-1.8,0.316,0.754,0.211
4350,-0.434,-0.748,0.192,-0.581,-1.792
4351,-0.661,-0.972,1.242,0.274,1.759
4352,-0.913,0.586,-0.362,-0.76,-1.411
4353,0.385,-1.116,-0.291,0.595,-0.986
4354,0.219,-0.809,-0.27,-2.294,1.401
4355,-1.95,0.181,0.628,-0.179,-0.124
4356,-0.636,0.493,-1.919,1.475,-0.246
4357,-0.158,1.585,-0.604,0.161,-0.289
4358,-0.049,-1.864,-0.217,-0.222,-1.275
4359,-0.108,-0.821,-0.983,0.476,-0.146
4360,0.776,-0.395,2.425,-2.624,-1.791
4361,-2.407,0.386,1.483,0.788,1.211
4362,0.493,-0.299,0.6,-0.18,0.321
4363,0.068,0.059,0.716,0.186,1.025
4364,-1.136,-0.88,-0.006,-0.652,-0.199
4365,0.684,0.255,-0.665,-0.546,0.819
4366,2.451,0.264,-1.771,-2.269,0.528
4367,1.568,0.098,-0.777,0.047,0.654
4368,0.574,-0.385,-0.016,-0.996,-0.719
4369,0.022,-0.587,0.263,-0.602,0.516
4370,-1.027,1.073,-0.838,0.839,-1.564
4371,-0.328,-1.617,0.766,1.073,-0.484
4372,-0.7,0.893,-0.005,-0.355,1.715
4373,-0.533,-0.405,1.251,0.741,-0.108
4374,-0.516,-1.509,-1.254,-0.875,-0.035
4375,0.036,-0.969,0.983,-0.294,-0.805
4376,-0.85,0.255,-0.191,0.068,-0.601
4377,1.287,0.154,0.496,0.248,-1.55
4378,-2.166,-0.117,0.977,-0.204,-0.142
4379,-1.723,-1.006,0.602,0.581,-1.03
4380,-0.249,-0.648,-0.907,0.54,0.462
4381,1.38,-0.789,1.379,-1.88,-0.425
4382,1.411,1.062,2.174,-0.319,-0.313
4383,-1.113,0.053,0.419,0.553,-0.639
4384,0.432,-1.481,0.006,0.645,-1.439
4385,0.689,-0.914,1.502,0.851,-2.36
4386,-0.306,-0.788,1.291,-0.194,0.723
4387,0.579,-1.465,-2.209,-0.511,0.33
4388,-0.203,-1.617,1.081,-1.136,1.502
4389,-0.268,0.534,0.556,0.4,0.355
4390,0.102,-1.417,0.378,-1.268,0.56
4391,-0.251,1.135,0.103,-2.154,0.571
4392,1.68,-1.327,1.112,2.25,0.881
4393,1.721,-1.03,-0.162,-0.282,0.62
4394,1.318,0.427,0.531,-1.304,0.09
4395,-0.494,1.356,0.095,0.403,1.984
4396,-1.523,-0.658,2.358,-1.595,0.539
4397,-0.269,-1.302,-1.556,1.804,0.688
4398,-0.722,-1.331,0.429,0.447,-1.387
4399,-0.862,-0.872,0.908,-2.384,-0.8
4400,-0.992,-0.9,-0.38,-1.434,-0.354
4401,-1.949,-1.725,-0.706,-0.068,0.973
4402,-0.908,0.922,-1.159,1.244,0.115
4403,-0.008,-1.401,0.176,-1.524,-0.397
4404,-0.925,1.268,-1.328,0.547,-0.895
4405,0.313,-0.176,-1.322,-1.066,0.864
4406,0.491,-0.633,1.275,-1.311,-1.259
4407,1.05,0.09,-0.929,-1.801,0.428
4408,-2.541,0.327,-1.056,0.726,-1.536
4409,1.382,-0.5,0.485,0.154,0.165
4410,2.75,-0.312,-1.389,-0.649,-0.413
4411,0.41,0.012,-2.333,1.956,0.815
4412,2.216,0.143,0.879,0.693,0.055
4413,1.136,1.501,-0.717,1.42,-0.939
4414,-0.197,-0.801,-0.643,-0.908,0.256
4415,-0.862,0.115,0.088,-0.339,1.186
4416,0.147,0.158,1.261,1.136,-0.594
4417,0.983,1.2,0.635,-0.34,-0.401
4418,0.391,-0.48,-0.695,-0.008,0.608
4419,-0.036,0.465,1.033,-1.348,-0.371
4420,1.437,0.62,-0.201,-1.269,0.172
4421,0.806,-0.101,0.797,1.087,-1.369
4422,-0.498,-0.041,0.533,2.113,-0.426
4423,1.748,-0.062,-0.108,1.132,-1.763
4424,-0.045,-1.061,-0.077,0.663,0.107
4425,-0.227,0.737,0.288,0.549,-2.478
4426,0.166,1.462,-0.005,2.57,-1.792
4427,1.146,-1.57,-2.005,1.301,-0.679
4428,0.573,-0.457,-0.49,-0.988,-0.569
4429,-0.087,-0.68,-2.286,2.712,-0.439
4430,0.734,-1.163,1.546,1.577,1.751
4431,1.002,-0.087,0.045,-1.005,-0.545
4432,0.236,-0.811,-1.431,-0.903,0.225
4433,0.883,0.281,0.195,0.622,1.756
4434,0.287,-1.011,-2.252,1.055,0.803
4435,-0.662,0.465,-1.05,-1.012,0.81
4436,-1.307,0.072,-0.401,-0.021,-1.15
4437,0.993,-1.118,-0.918,0.037,0.592
4438,-0.608,-0.605,0.212,-0.222,-0.837
4439,0.512,0.903,-0.516,-0.246,-0.784
4440,-2.078,-0.337,-0.883,-0.661,-0.615
4441,0.913,0.552,0.826,0.085,0.126
4442,0.257,-1.991,-0.447,-0.006,-0.208
4443,0.223,-0.485,0.391,-0.138,-0.323
4444,0.747,-1.177,-0.778,1.301,-1.125
4445,0.186,-0.857,0.559,-0.837,0.617
4446,0.156,-0.857,-1.591,0.331,0.332
4447,0.163,-0.327,-1.033,0.588,0.889
4448,1.8,-0.505,1.285,0.772,-2.174
4449,0.855,-0.815,-0.128,1.934,-1.839
4450,-1.144,1.992,-0.983,-0.13,-1.11
4451,0.897,1.594,-0.276,-1.023,-0.814
4452,0.386,0.318,2.094,-0.166,1.651
4453,-0.931,-1.721,-0.649,-0.749,1.345
4454,0.694,0.33,-1.816,-0.242,-0.298
4455,-0.937,-0.6,-0.247,-1.562,-0.128
4456,-1.841,0.322,0.639,0.886,0.793
4457,-0.772,-0.599,-1.599,-1.013,-1.512
4458,1.355,1.552,-0.665,-1.878,0.803
4459,0.309,0.556,-1.252,0.72,0.859
4460,-0.418,0.748,-1.864,-0.157,0.771
4461,-1.34,-0.296,-0.545,0.956,-0.658
4462,0.908,-0.947,-2.514,0.674,-1.917
4463,-0.005,1.494,-0.037,-0.525,0.927
4464,-0.749,-0.392,1.168,0.003,0.262
4465,0.291,0.401,0.487,-2.03,0.468
4466,-1.058,0.039,1.452,1.122,0.338
4467,-0.188,1.324,0.666,0.127,-0.656
4468,0.266,-1.004,0.021,0.786,-0.536
4469,-0.077,-0.416,-0.128,-0.657,1.12
4470,-0.643,0.124,-0.451,-1.101,-1.367
4471,1.685,-0.743,-1.833,1.099,-0.85
4472,0.681,-0.56,1.416,0.195,-0.094
4473,-0.662,0.186,-2.023,1.156,-0.213
4474,0.87,0.691,-0.035,1.991,-0.908
4475,1.416,-0.904,1.601,0.795,0.584
4476,2.253,-0.264,-1.29,-0.297,0.524
4477,0.897,-2.996,0.048,1.115,0.032
4478,-1.205,-1.027,0.012,0.259,0.223
4479,-2.108,-1.268,1.16,-1.362,0.669
4480,0.413,-0.466,0.426,1.012,-1.415
4481,1.002,-2.116,-0.036,1.473,0.561
4482,-0.37,-0.337,-0.319,1.092,0.633
4483,0.487,-0.391,1.586,0.989,0.186
4484,-0.275,0.539,-0.021,-1.085,1.292
4485,-0.938,1.815,0.74,1.148,-0.976
4486,-1.409,1.01,0.787,0.443,0.791
4487,-0.046,1.242,0.994,0.533,-0.569
4488,-0.222,0.977,-0.093,-0.337,2.491
4489,-0.348,-0.791,-0.49,0.388,1.263
4490,0.747,-1.699,-0.662,-2.402,-0.211
4491,-0.686,-2.057,-0.762,-0.952,-0.47
4492,-2.09,2.367,1.083,1.442,-0.094
4493,-1.089,-0.072,-0.389,2.979,-0.269
4494,-0.838,0.071,1.902,0.431,-0.375
4495,0.633,0.2,0.336,0.792,-0.693
4496,-0.626,-0.547,-0.048,-0.091,1.56
4497,-1.065,1.593,0.812,0.478,0.518
4498,-0.375,1.57,-1.066,0.749,0.974
4499,0.853,-1.268,-1.471,-0.597,0.393
4500,-1.469,-1.653,-0.316,1.217,-1.033
4501,0.22,0.72,-0.275,-1.544,-0.651
4502,0.206,0.304,-1.182,0.981,-0.298
4503,-0.442,-0.55,0.637,0.353,1.123
4504,-1.107,-0.344,0.006,0.738,-0.788
4505,0.331,1.23,-0.514,-2.021,0.094
4506,-0.104,1.07,-2.12,-1.532,-0.121
4507,1.559,-0.806,1.057,-0.744,-0.426
4508,-1.847,1.07,0.92,-1.508,0.884
4509,0.099,-0.981,0.205,2.644,-0.093
4510,-0.425,-1.092,-0.485,-0.728,1.28
4511,0.663,-2.126,0.87,0.006,-0.219
4512,0.003,-2.197,-0.524,0.029,-0.824
4513,0.535,1.154,-0.158,-1.457,-0.355
4514,-2.314,0.633,-0.862,-1.63,-0.519
4515,-0.616,-0.776,-0.835,-1.025,-0.777
4516,-0.168,-0.404,0.308,-0.921,-2.003
4517,-0.813,0.874,-0.493,0.551,0.386
4518,0.8,-1.734,-0.256,-1.844,-0.535
4519,-0.717,-0.021,1.34,-1.05,-0.871
4520,-0.003,0.876,-0.414,0.393,0.124
4521,-0.729,-0.288,-0.778,1.227,0.304
4522,-1.111,1.035,1.415,0.24,0.243
4523,-0.66,2.884,2.078,1.314,0.525
4524,1.329,1.891,0.093,-0.959,0.157
4525,0.398,-1.483,0.599,-0.922,0.492
4526,1.245,-0.926,0.409,0.161,-0.801
4527,0.074,-1.179,0.315,1.19,0.505
4528,-0.026,-0.053,1.236,-0.038,0.963
4529,0.681,0.655,0.527,1.349,-0.801
4530,-0.377,2.483,-0.562,-0.011,0.293
4531,-0.784,1.913,1.027,0.075,0.344
4532,-0.997,-0.195,-0.442,-0.196,0.08
4533,0.889,-1.668,-1.479,-2.09,0.663
4534,-0.029,-0.031,0.117,1.0,-0.819
4535,0.512,1.415,-0.233,0.059,-0.673
4536,0.852,-1.1,0.541,0.122,-0.076
4537,0.772,0.974,-0.464,-0.458,0.156
4538,-0.102,-0.199,0.195,0.127,0.235
4539,0.752,0.139,0.209,-0.846,0.745
4540,-0.605,1.121,-0.025,-0.667,0.13
4541,0.645,-0.998,-0.434,0.164,-0.536
4542,-1.731,1.032,-0.742,0.663,-1.667
4543,-0.297,0.542,1.361,-0.998,-0.775
4544,-0.126,1.623,0.959,0.212,-0.929
4545,0.303,-1.516,0.492,-0.597,-1.643
4546,0.086,0.345,0.29,-0.825,-0.79
4547,-1.347,-0.95,0.151,0.017,-1.02
4548,-0.919,0.91,0.302,-0.219,-0.19
4549,1.306,-1.011,1.284,-0.373,-1.426
4550,1.672,1.157,0.257,0.169,0.215
4551,-0.36,1.272,-0.91,-1.075,1.116
4552,0.047,-0.325,1.871,-0.837,-0.745
4553,-0.317,0.126,0.661,0.507,-0.847
4554,0.934,-0.297,1.668,-0.234,0.035
4555,0.931,0.013,0.214,0.937,-0.89
4556,0.919,0.033,0.026,-1.005,0.653
4557,0.695,-0.13,-0.905,0.006,-0.881
4558,-0.962,1.77,-1.191,-1.075,0.003
4559,-0.171,-1.082,0.193,-0.754,0.669
4560,-0.192,-0.273,-0.205,-0.473,-1.579
4561,0.014,-1.128,1.223,-0.002,-0.385
4562,-0.8,-1.025,0.692,-0.769,1.216
4563,-0.216,0.97,-0.796,0.255,-0.998
4564,-0.688,-2.568,-0.701,-0.503,0.817
4565,-0.752,-1.196,0.268,1.126,0.479
4566,0.011,-1.382,-0.487,0.053,-0.982
4567,-0.108,-2.42,1.547,-1.109,1.013
4568,1.293,-0.695,-0.877,0.255,-0.413
4569,0.639,0.563,0.57,-0.514,-0.075
4570,-0.228,0.267,0.437,-1.387,-0.985
4571,-1.186,1.19,0.891,-1.325,-0.642
4572,-1.691,-1.718,0.391,1.811,-0.121
4573,0.078,0.612,-1.05,-0.06,0.422
4574,0.184,0.071,-0.635,0.273,0.26
4575,1.649,0.489,-0.376,2.043,-0.888
4576,1.696,-2.419,-0.479,0.771,0.299
4577,0.462,0.371,-2.415,0.804,0.196
4578,1.326,-0.274,-0.088,-1.429,0.771
4579,0.533,-0.899,1.527,1.009,0.135
4580,-0.942,-0.926,-1.088,0.902,-0.06
4581,1.944,1.471,-0.248,-0.136,0.132
4582,0.922,0.612,-0.673,0.466,1.205
4583,-0.954,0.136,0.963,-0.151,1.456
4584,-1.283,-0.485,2.119,0.8,1.134
4585,1.102,-1.06,-0.449,1.639,0.223
4586,0.392,-0.521,-1.156,-0.85,-0.179
4587,-0.464,0.374,-1.419,-0.372,0.887
4588,-1.421,-0.736,0.755,-1.794,-0.315
4589,-1.199,-0.728,1.345,0.991,0.568
4590,-1.498,0.883,0.487,0.079,0.912
4591,0.954,-1.846,0.426,2.358,2.053
4592,0.492,-0.356,1.027,1.057,-0.955
4593,0.402,-0.344,1.391,0.879,0.249
4594,-1.257,0.847,-0.274,-0.512,-0.6
4595,-0.305,-0.895,1.524,0.553,1.662
4596,-0.955,-0.13,-1.084,-0.623,-0.612
4597,1.949,0.725,-0.573,-1.376,-0.836
4598,1.725,1.622,-0.851,-0.448,1.077
4599,-1.017,-0.194,-0.375,-1.154,-2.493
4600,0.764,0.029,-0.33,-0.128,1.403
4601,-1.86,-0.651,0.14,0.713,-0.071
4602,-0.379,-0.131,-1.211,2.951,0.137
4603,1.481,-0.274,0.252,1.827,0.053
4604,-0.098,-0.774,0.961,-0.327,1.081
4605,0.228,-0.103,0.464,0.814,-1.18
4606,0.992,0.917,1.227,-0.048,-0.747
4607,1.452,0.276,0.706,0.164,-1.42
4608,0.967,-2.107,-0.608,0.058,-1.31
4609,-0.63,-1.304,-0.223,0.142,0.749
4610,1.25,0.511,0.856,0.224,1.058
4611,-1.306,-0.548,0.611,-0.783,-0.791
4612,0.185,-1.224,1.537,-1.129,-0.295
4613,-0.827,-0.239,0.523,-0.364,-0.172
4614,-0.588,-0.779,-0.328,0.264,1.615
4615,1.069,-2.607,-0.204,-0.039,0.078
4616,-0.944,0.345,1.178,-1.067,0.925
4617,1.012,0.89,0.079,-0.738,-0.001
4618,0.649,-2.572,0.582,0.971,0.313
4619,0.81,-1.89,1.221,-0.395,-1.492
4620,0.737,1.319,0.364,-0.687,-0.119
4621,0.412,-0.136,3.318,-0.001,0.631
4622,-0.449,-0.509,0.658,-0.165,-0.896
4623,0.64,0.154,0.032,0.347,-0.355
4624,0.055,-0.352,-0.354,0.385,0.599
4625,0.355,-2.259,-0.445,-0.617,1.231
4626,0.172,-0.441,0.163,0.552,1.766
4627,-1.9,-2.239,-0.009,0.408,0.307
4628,-1.242,-0.19,1.753,1.348,-0.008
4629,-1.528,-0.067,-2.395,0.931,0.568
4630,1.817,-0.268,-0.576,0.322,0.884
4631,0.221,-0.834,-0.964,-1.812,-0.4
4632,0.67,0.839,-0.534,-0.145,0.198
4633,0.645,1.774,-0.955,1.004,0.429
4634,-1.023,0.828,0.464,-0.534,-2.463
4635,0.839,2.007,0.306,0.434,0.693
4636,0.536,-0.108,-1.07,-2.206,-0.722
4637,-0.885,0.231,-1.594,-0.65,-0.057
4638,0.403,0.463,0.142,-1.097,0.762
4639,-0.121,1.272,0.153,0.792,2.265
4640,-0.28,-1.193,0.217,-1.612,0.938
4641,-0.688,-0.812,1.754,-0.548,-1.648
4642,-1.726,0.001,0.63,-0.617,0.079
4643,1.49,0.811,0.386,-1.121,0.959
4644,-1.431,0.226,0.421,-0.249,-0.663
4645,0.315,0.98,0.663,-1.099,-0.43
4646,-1.974,1.656,-0.635,-1.593,0.173
4647,1.251,1.071,-0.243,-0.313,-2.076
4648,-1.922,-0.038,0.855,-0.058,-0.207
4649,1.405,1.879,-2.61,-0.258,-1.083
4650,0.859,0.362,0.523,1.744,-0.751
4651,-1.171,0.882,1.328,0.667,1.066
4652,1.515,-1.1,-0.145,1.637,0.466
4653,-0.182,-0.229,0.529,2.038,0.077
4654,0.549,-1.765,-0.634,-0.051,0.657
4655,1.125,0.923,-0.551,0.683,0.494
4656,-0.275,-0.947,0.22,-0.122,0.373
4657,-1.141,1.474,0.031,1.098,0.357
4658,-2.035,-0.458,-0.191,-0.799,-1.32
4659,0.261,0.688,0.147,0.412,-0.672
4660,0.591,1.402,0.196,1.103,-1.351
4661,1.883,-1.042,1.086,0.336,-0.005
4662,0.6,-1.223,1.422,0.386,-1.446
4663,1.76,-0.234,0.357,-0.791,-1.102
4664,-0.909,-1.065,1.379,0.345,-0.191
4665,0.29,-0.948,-1.637,-0.182,-0.897
4666,-0.178,0.067,-0.794,-0.062,-1.295
4667,0.429,1.093,0.695,0.681,-0.16
4668,1.182,1.124,-0.03,1.079,1.076
4669,-0.618,0.576,0.338,-1.065,-0.518
4670,0.332,-1.999,0.478,-1.008,1.029
4671,1.699,-1.117,-0.597,1.568,-0.045
4672,-0.647,-0.619,-1.256,1.169,1.471
4673,0.293,0.621,-1.798,0.78,0.277
4674,0.985,-0.765,1.584,-1.028,0.771
4675,0.177,-0.537,-1.613,-1.212,0.622
4676,0.492,0.975,-1.758,2.169,0.236
4677,0.989,0.178,0.775,-2.096,-0.741
4678,1.408,0.229,1.583,-0.147,0.091
4679,-0.013,1.374,0.1,-1.401,-0.702
4680,0.197,-0.68,1.071,0.958,-1.363
4681,0.716,-0.199,1.229,0.194,-0.02
4682,1.176,1.918,-0.255,0.568,0.481
4683,-1.025,1.957,0.741,-0.018,-0.392
4684,-1.054,0.944,-0.982,-0.41,0.023
4685,0.683,-0.242,0.936,-1.034,0.374
4686,1.418,1.87,0.442,-0.223,-0.015
4687,-0.107,2.873,1.72,-1.112,-0.695
4688,0.038,-0.171,1.193,-1.732,0.674
4689,-1.261,1.308,0.677,0.829,0.587
4690,1.181,-0.578,-1.187,-1.023,0.49
4691,1.068,1.237,-2.383,2.328,0.396
4692,0.353,0.243,-0.914,0.569,0.2
4693,1.027,0.817,1.023,-1.247,0.822
4694,-0.319,-0.166,-0.147,-0.164,-1.213
4695,0.632,0.42,-0.797,-1.792,1.243
4696,0.018,-0.453,-0.921,-0.749,2.623
4697,-0.727,1.071,-0.997,-2.061,-1.196
4698,-0.021,1.241,0.372,0.74,0.756
4699,-1.386,1.116,0.665,0.949,-1.669
4700,2.342,1.352,-0.627,-0.795,0.623
4701,0.199,-0.431,-0.431,-1.804,2.282
4702,0.349,1.009,-2.189,0.399,0.242
4703,0.698,-0.268,2.273,-2.823,-0.598
4704,0.101,-0.179,0.436,-0.075,-0.382
4705,-0.239,-0.401,-1.268,-0.534,3.132
4706,1.644,0.587,-0.432,0.276,-0.344
4707,0.842,-1.373,1.37,-0.465,-1.705
4708,2.774,-0.48,-0.766,0.131,-0.759
4709,-2.134,0.218,0.233,-0.46,0.355
4710,-0.266,-1.208,-2.271,-0.944,0.273
4711,-0.615,2.089,0.056,-0.236,0.048
4712,1.212,0.244,1.856,0.318,1.327
4713,0.645,-0.124,-0.38,0.198,0.148
4714,-1.037,-0.019,-0.105,-0.329,-1.398
4715,1.895,2.647,-0.743,-0.274,-0.755
4716,-0.71,0.526,-0.786,1.344,1.421
4717,1.803,-0.366,-0.678,-0.276,0.816
4718,1.027,-0.245,-0.904,-0.262,0.084
4719,0.263,-0.813,-1.427,-0.053,-0.414
4720,0.378,1.683,-0.174,-1.869,2.032
4721,1.606,-0.198,1.601,-0.711,0.444
4722,0.589,-1.189,-1.073,0.221,-0.533
4723,-0.373,-1.753,-0.615,-0.649,-0.112
4724,0.68,-0.613,0.826,0.654,-0.082
4725,0.259,1.594,1.044,1.013,-0.613
4726,-0.421,-1.224,0.615,-0.755,0.177
4727,0.043,0.556,-0.655,1.275,-0.858
4728,-1.984,0.337,0.607,0.38,0.665
4729,-0.246,-0.461,-0.013,-0.381,-0.914
4730,-0.437,0.439,1.942,0.26,0.482
4731,-1.462,-1.012,-1.002,-0.108,-0.834
4732,-2.014,3.081,-0.596,0.733,1.285
4733,-1.134,0.13,0.24,-0.328,2.208
4734,-0.375,-2.25,1.258,1.082,-0.584
4735,1.816,-0.804,-1.238,-0.124,-0.431
4736,-0.785,-0.925,-0.501,-1.834,0.853
4737,0.634,-0.015,-2.394,0.262,1.507
4738,-0.387,0.283,-0.916,-1.095,0.055
4739,-1.126,-1.447,0.635,0.219,1.147
4740,1.512,-1.195,0.036,-0.879,-0.791
4741,-0.087,-1.113,0.154,2.294,-0.234
4742,-0.841,-0.261,0.117,-0.774,1.223
4743,1.987,-0.323,1.423,-2.166,0.62
4744,-0.164,-0.889,-0.429,-0.129,-0.14
4745,0.134,-0.623,-0.533,-0.228,-0.63
4746,-0.137,-0.453,0.356,1.135,0.217
4747,-0.845,1.359,0.309,0.949,0.24
4748,-0.265,-1.632,-0.579,-1.258,-0.008
4749,0.855,-0.608,-0.884,-0.794,0.209
4750,-1.136,-1.998,-1.429,0.981,-1.074
4751,-0.408,0.197,0.399,0.515,-0.807
4752,-0.675,-0.537,0.509,-0.471,1.172
4753,0.132,0.898,-0.289,1.011,0.084
4754,-1.152,-0.782,0.991,-1.027,-1.197
4755,-1.887,0.444,-0.086,0.143,-0.425
4756,1.36,-1.14,2.11,1.112,-1.684
4757,-1.24,0.307,0.095,-0.285,-0.831
4758,2.123,0.911,-1.211,-1.354,-0.523
4759,-0.053,-0.682,-0.225,0.257,0.008
4760,0.543,0.635,-0.09,0.366,0.999
4761,-1.869,-0.591,-0.405,-0.143,-0.354
4762,0.81,-0.935,0.461,-0.768,-1.067
4763,-1.109,0.37,-0.248,-1.226,-0.701
4764,0.755,0.473,1.632,1.081,1.115
4765,-0.357,-0.541,0.202,-2.534,-0.301
4766,1.231,0.294,-0.673,0.156,1.753
4767,0.467,-0.663,2.627,0.653,-0.032
4768,-0.466,0.109,0.78,-0.252,0.281
4769,0.497,0.888,-1.619,0.436,0.537
4770,0.487,0.077,1.153,0.534,0.084
4771,-0.219,-1.347,0.404,1.228,-0.15
4772,-0.283,0.098,1.73,-0.658,-0.04
4773,-0.172,0.067,1.897,0.238,-1.043
4774,-0.163,-0.669,0.691,-0.513,-1.381
4775,0.55,-0.682,0.65,-0.25,0.608
4776,-0.151,0.18,-1.226,-1.576,1.125
4777,0.996,0.717,-0.195,0.291,-0.316
4778,-0.602,0.176,0.535,-0.442,0.941
4779,0.588,0.431,-0.342,-0.044,2.068
4780,-0.225,-0.028,0.956,-0.557,0.443
4781,0.279,-0.206,-0.748,-1.463,1.718
4782,-0.524,0.601,0.045,0.71,0.154
4783,-0.259,0.704,-1.33,-0.644,-0.125
4784,1.692,0.516,1.12,1.34,-0.217
4785,0.156,-0.618,-1.201,-0.302,0.16
4786,0.182,-0.151,0.894,-0.63,-1.186
4787,-0.356,-0.804,0.222,0.404,-1.797
4788,1.121,0.346,-1.209,0.471,0.825
4789,0.673,0.361,-1.377,1.43,1.028
4790,0.97,-0.548,-2.788,-1.483,-1.246
4791,-0.665,0.05,0.055,-1.766,1.27
4792,-1.372,0.147,1.283,1.781,0.186
4793,-1.442,-0.636,-0.265,-1.512,-1.18
4794,0.202,1.444,-0.082,0.853,0.344
4795,-1.972,0.322,2.552,-0.28,-0.537
4796,-0.186,-0.288,-0.157,0.605,0.639
4797,0.423,0.221,-1.278,-0.228,0.916
4798,-0.085,-1.984,-0.811,0.072,0.724
4799,-0.451,0.63,0.362,-0.061,-0.535
4800,-1.868,1.072,0.278,0.199,-0.485
4801,-0.452,-1.571,-1.158,-2.023,-0.736
4802,1.023,2.03,-0.51,1.521,1.255
4803,-1.07,0.545,-0.419,1.634,1.341
4804,-0.63,1.846,0.238,2.552,-0.888
4805,-0.371,0.413,-1.674,0.849,-0.541
4806,-1.114,0.469,0.706,0.563,-1.222
4807,-0.915,-1.208,-2.451,0.803,-0.412
4808,-0.577,-0.764,-0.249,-0.098,-0.93
4809,-0.848,0.499,0.188,-0.499,-1.836
4810,0.92,0.188,0.742,-0.794,-0.463
4811,-0.475,-1.205,1.609,-0.763,0.311
4812,1.691,1.12,-1.467,1.037,0.315
4813,0.247,0.424,-0.476,0.077,-0.188
4814,-2.334,0.725,-0.438,-1.244,-3.463
4815,0.344,0.3,0.647,-0.295,1.463
4816,2.575,-0.578,1.491,-0.588,0.329
4817,0.888,-0.954,-2.395,0.694,0.922
4818,0.195,0.772,0.163,-0.432,0.405
4819,0.653,-0.282,-0.331,1.498,-1.227
4820,1.114,1.728,0.364,0.212,0.489
4821,-1.685,-0.73,0.657,0.821,0.511
4822,-0.663,-0.389,1.709,0.444,1.667
4823,0.19,-0.462,-0.899,-0.349,-0.889
4824,0.331,-0.37,1.392,-0.74,-0.301
4825,-0.545,0.973,-0.871,0.212,0.846
4826,-2.727,-0.748,-1.031,-0.214,1.094
4827,0.922,-0.627,0.169,-1.636,0.979
4828,0.332,0.994,1.395,-0.004,-0.014
4829,-2.114,0.109,0.949,1.048,-1.662
4830,0.308,-0.755,-0.141,0.897,0.784
4831,0.626,-0.945,-1.578,-1.249,0.106
4832,0.824,-1.447,0.749,-0.711,-0.387
4833,-0.753,-0.01,0.533,-0.549,1.457
4834,-0.319,1.409,-0.02,-0.942,0.87
4835,-0.68,0.125,-0.902,-1.931,1.77
4836,-1.032,1.233,0.12,0.327,-1.668
4837,-0.236,0.906,-0.964,-1.118,0.964
4838,-0.917,-0.177,0.487,1.431,-0.931
4839,0.609,0.7,-0.002,1.092,1.001
4840,1.546,0.913,0.36,0.279,-0.026
4841,-1.252,-2.104,-0.099,0.54,0.418
4842,0.2,-0.139,-0.768,1.432,0.53
4843,-1.137,-0.226,-0.339,1.235,0.832
4844,-0.046,0.092,-0.476,0.457,0.203
4845,0.096,0.88,-0.192,1.572,0.79
4846,-0.212,-0.957,-0.092,-0.859,1.094
4847,-0.391,1.56,-0.47,-1.216,-1.976
4848,0.556,-0.406,0.359,-0.155,-1.501
4849,2.225,-0.688,-1.015,-1.72,1.832
4850,3.764,-0.526,-0.061,0.456,0.421
4851,-0.373,0.257,-1.629,0.858,0.835
4852,1.135,-0.228,0.446,1.157,0.424
4853,0.282,-0.713,-1.069,-0.926,0.774
4854,0.376,0.925,0.022,-0.527,-0.2
4855,0.473,-0.626,0.29,1.224,0.277
4856,-1.913,-0.062,1.733,0.711,0.687
4857,-1.667,2.17,2.553,-1.184,-0.206
4858,0.404,-0.596,0.064,-0.501,-1.397
4859,0.86,-0.027,1.075,0.482,1.571
4860,1.692,-2.195,1.756,0.442,-0.252
4861,-0.714,-0.505,-1.183,1.786,-0.122
4862,1.19,-0.532,-1.678,-0.048,0.543
4863,2.061,0.505,-1.854,0.25,1.272
4864,-1.573,-0.102,-0.671,-1.602,-0.852
4865,0.657,0.545,-0.623,-0.106,0.115
4866,-2.136,0.286,1.812,0.15,-0.895
4867,-1.3,2.159,-0.426,0.602,-0.691
4868,1.179,-0.643,-1.426,1.825,-1.517
4869,0.224,0.063,-0.487,-1.314,-1.71
4870,0.577,0.824,-1.95,0.238,-1.543
4871,-0.096,1.591,-0.632,0.726,-0.948
4872,-0.418,-0.278,0.15,1.606,0.143
4873,0.519,1.156,1.689,-0.606,-0.399
4874,-0.073,-1.387,-1.195,-0.586,1.697
4875,-0.36,-0.982,-0.378,0.022,0.292
4876,2.026,-0.749,-0.63,1.437,0.053
4877,0.072,-0.802,-0.295,1.536,-2.163
4878,-0.605,-0.931,-0.705,-0.599,-1.162
4879,1.25,-1.526,0.303,-3.242,1.467
4880,0.138,-0.337,0.943,-0.397,0.913
4881,0.335,1.29,1.287,0.07,1.311
4882,-0.221,-1.208,-1.29,1.335,-0.682
4883,0.038,1.458,0.759,-1.081,-0.44
4884,-0.08,0.61,2.061,0.095,-0.388
4885,0.0,-0.684,1.411,-0.296,0.519
4886,-1.268,-1.437,0.702,-0.334,-1.223
4887,0.422,0.607,1.116,1.084,-0.329
4888,-0.864,-0.278,0.019,-1.373,1.326
4889,-1.562,0.214,-0.341,1.643,-0.939
4890,0.246,-0.684,0.312,-0.807,0.3
4891,-1.719,-0.752,-0.615,0.535,1.41
4892,0.88,0.347,0.146,0.589,-0.95
4893,-0.069,-1.161,2.769,-1.142,-1.939
4894,0.086,-0.55,-0.388,0.009,-0.083
4895,-0.539,-0.888,1.924,0.166,-0.112
4896,1.412,1.136,-0.306,1.665,-0.574
4897,-0.076,0.574,-0.851,-0.428,-0.552
4898,0.685,0.374,-1.615,0.403,-0.519
4899,0.275,-1.177,-0.73,-0.216,0.252
4900,-0.975,0.53,0.285,1.972,0.812
4901,-0.634,-2.029,-0.154,-1.469,2.06
4902,-1.802,-1.301,-0.684,0.607,0.697
4903,-0.297,-0.293,-1.484,-0.072,-0.131
4904,0.589,-0.362,-1.597,-2.665,-0.583
4905,-2.061,0.897,0.802,0.267,1.205
4906,-0.935,-0.888,1.373,0.116,-1.045
4907,-1.033,-1.255,0.451,-0.544,0.51
4908,-1.498,0.166,-0.435,-0.72,-0.076
4909,0.271,0.315,-0.507,-0.878,0.259
4910,0.367,0.052,0.338,-0.316,0.011
4911,1.386,0.295,-0.406,-0.118,0.209
4912,1.653,-1.104,-1.183,-1.381,-0.273
4913,0.911,-0.527,2.089,1.074,0.173
4914,2.439,-1.077,-1.482,1.135,0.386
4915,1.605,1.393,0.808,-0.819,0.961
4916,1.8,-0.834,0.195,-0.516,-0.196
4917,-0.448,1.355,1.028,-0.88,0.842
4918,0.086,0.266,-0.07,-0.501,-0.646
4919,-0.445,0.469,-0.562,-1.239,0.237
4920,0.74,-2.009,1.679,1.902,1.305
4921,0.412,0.979,0.051,1.41,-0.058
4922,0.505,0.798,0.011,-1.623,-0.419
4923,0.478,0.495,1.145,0.704,-2.064
4924,-0.368,-2.145,-1.121,2.528,0.642
4925,-0.053,-1.581,-0.375,-0.981,1.007
4926,-0.123,1.054,0.907,0.204,0.269
4927,-1.934,-1.136,-0.62,0.506,0.595
4928,-1.07,-2.271,0.703,-0.523,0.898
4929,-0.89,-0.906,0.992,0.138,1.211
4930,0.974,0.197,-0.037,-0.873,-0.219
4931,0.154,-1.312,-2.044,-0.471,-0.81
4932,0.704,-0.386,0.086,0.714,0.039
4933,0.808,1.183,0.246,0.469,0.911
4934,-0.031,-0.815,-0.258,1.426,1.392
4935,-0.969,1.472,0.526,0.946,-1.571
4936,-0.448,0.863,-0.2,0.951,-0.238
4937,-1.158,-0.148,-3.398,0.333,1.538
4938,-0.911,1.226,-0.652,0.145,-0.065
4939,-0.684,0.114,0.123,-0.165,0.675
4940,-1.55,0.727,0.736,0.696,0.582
4941,1.951,0.24,0.968,-1.06,0.247
4942,0.808,-0.447,-1.363,-2.115,1.013
4943,0.65,-0.607,-1.053,-0.213,-0.363
4944,-1.758,0.696,-1.205,0.152,1.185
4945,-0.05,-0.547,-1.062,-0.678,0.258
4946,2.77,-0.137,-0.867,1.666,1.041
4947,0.668,0.737,-1.739,-0.561,0.143
4948,-0.708,-0.311,2.604,-0.599,-0.798
4949,-0.488,0.086,1.752,-0.508,-1.363
4950,1.092,-1.467,2.766,-0.274,0.247
4951,-0.264,-1.025,-0.924,-0.442,-0.141
4952,0.065,-1.739,-0.267,-0.733,-0.171
4953,-1.925,-1.76,0.693,0.389,0.644
4954,-0.35,1.057,0.381,-0.336,1.455
4955,1.385,-1.33,1.521,-2.671,-1.248
4956,0.814,0.866,1.078,-1.813,0.387
4957,1.02,0.355,1.476,-1.943,-0.495
4958,-0.476,-0.158,-0.516,-0.809,-0.585
4959,0.158,0.064,1.498,-0.795,-0.615
4960,-0.978,-1.268,1.184,1.7,1.264
4961,0.233,-1.233,-1.751,-0.254,-1.828
4962,-0.509,-0.979,-0.426,0.632,-0.099
4963,0.073,1.679,0.084,-0.067,-0.869
4964,0.129,-1.341,0.485,-0.298,0.519
4965,1.232,-1.373,-0.203,3.076,-1.476
4966,0.194,0.648,0.115,-1.06,-0.668
4967,-0.389,-0.028,0.125,-1.025,-1.781
4968,0.439,-0.225,0.193,0.398,0.763
4969,-1.751,0.504,1.05,1.516,-0.306
4970,-1.3,0.879,-0.906,-0.154,0.089
4971,0.873,-1.711,-1.383,1.509,0.176
4972,-0.173,-0.991,0.651,-0.472,-0.261
4973,1.348,0.823,1.013,0.21,0.54
4974,0.126,-0.521,0.638,0.394,0.861
4975,-0.032,1.583,1.979,-1.508,1.177
4976,0.422,1.657,-0.752,1.386,-1.533
4977,1.165,-0.832,-1.539,-0.376,0.558
4978,0.041,-0.999,-0.307,-1.46,1.797
4979,0.639,-0.048,-0.994,1.978,-0.443
4980,-0.509,1.511,-0.965,0.466,1.36
4981,-0.108,-0.772,-0.431,-1.371,-0.323
4982,-0.993,0.368,1.233,1.362,-2.845
4983,0.066,-0.028,0.057,0.545,-0.22
4984,0.774,-0.381,-0.301,-0.425,-0.005
4985,-0.726,-0.14,0.888,0.322,-1.948
4986,1.792,0.681,0.434,0.329,1.835
4987,0.102,0.527,1.818,-0.396,-0.721
4988,-0.445,-0.065,0.439,-0.37,0.697
4989,0.049,0.276,-0.216,-0.855,-0.811
4990,0.622,0.689,-0.162,0.184,-0.615
4991,0.556,-1.301,0.49,-0.751,-0.176
4992,-1.435,-1.426,1.247,-0.22,-1.018
4993,-0.074,0.277,0.263,0.369,0.531
4994,0.134,0.216,-0.167,-0.83,-2.2
4995,0.11,-1.055,-0.355,-0.291,0.77
4996,-0.645,1.191,-0.545,-0.72,0.198
4997,0.218,0.541,-0.256,-1.257,0.201
4998,0.166,0.175,0.632,-0.857,1.261
4999,1.173,-0.666,1.83,0.576,-1.4
