data,at1,at2,at3,at4,at5
0,-1.085,-0.597,-1.058,0.972,1.029
1,0.231,1.443,-0.583,0.631,0.495
2,-0.233,-1.752,-1.409,0.335,-0.477
3,-0.044,0.241,-2.166,-0.445,-0.456
4,-0.788,-0.078,-0.382,-0.643,1.376
5,-0.744,0.382,-0.162,0.125,1.444
6,0.755,1.396,0.265,-0.894,-1.438
7,0.582,-0.161,-0.904,1.117,-0.771
8,-0.751,1.469,-0.286,-1.101,0.935
9,-0.295,0.419,-0.106,0.13,-0.288
10,0.562,1.392,0.309,-0.974,-1.35
11,-0.119,-0.863,-0.827,-0.339,0.234
12,0.139,-1.076,-2.186,0.449,0.426
13,1.27,-0.965,0.728,0.029,-1.448
14,1.055,-1.716,-0.526,0.744,1.516
15,0.478,1.089,0.832,1.282,1.552
16,-2.932,-0.31,0.246,0.343,-0.158
17,1.74,0.464,0.152,-0.76,0.279
18,1.614,-0.158,0.835,-0.196,0.26
19,-1.225,0.879,-2.37,-1.338,0.596
20,1.399,0.331,2.249,1.274,1.021
21,0.253,0.036,0.19,1.064,0.151
22,-1.374,0.407,-0.909,-0.207,-0.83
23,0.268,1.293,0.316,2.028,-0.611
24,-0.568,1.54,0.711,0.318,0.584
25,1.192,0.237,-1.875,1.037,0.457
26,0.64,0.558,-1.55,0.103,1.081
27,-0.869,1.486,0.533,0.73,0.805
28,2.276,0.559,0.435,0.828,-0.185
29,0.216,-0.246,-0.533,-0.724,0.708
30,1.263,0.491,-0.32,-0.345,-1.059
31,1.289,-0.763,-1.678,1.366,-0.351
32,-0.124,-0.794,-0.299,1.559,-0.458
33,0.233,-0.684,0.71,-0.034,1.614
34,0.805,0.454,-1.451,-0.891,0.041
35,0.024,-0.235,-1.072,0.256,-0.745
36,0.601,2.303,0.262,-1.001,1.114
37,0.64,-0.492,1.063,-0.13,-1.989
38,1.469,0.098,-1.417,-0.529,-0.345
39,-1.164,0.828,-1.225,0.162,-0.283
40,0.073,-0.728,-0.632,-0.48,-0.662
41,-0.293,0.326,0.156,0.479,0.823
42,0.442,-1.494,1.134,-0.493,0.17
43,-1.023,0.41,-0.924,-1.077,-1.244
44,0.987,-1.066,0.466,0.597,0.774
45,-0.102,-0.551,-0.591,-0.689,0.296
46,-1.147,-0.224,-1.874,-0.066,-0.264
47,0.387,-0.814,-2.041,-0.927,-1.331
48,0.556,-1.794,1.733,1.474,1.26
49,0.489,0.47,-0.054,-1.577,-1.089
50,0.759,0.524,-0.406,0.348,1.284
51,0.676,-0.103,0.834,0.936,-0.373
52,0.9,-1.076,0.528,-0.852,0.016
53,-0.804,0.65,0.65,-1.624,0.795
54,0.154,0.943,-1.045,1.315,0.775
55,-0.101,-1.813,0.096,0.818,-0.658
56,0.046,-0.001,-0.646,-0.034,2.161
57,-0.418,0.634,-0.925,-1.866,-1.808
58,0.384,1.877,0.108,1.283,0.053
59,-0.095,1.166,0.905,-0.769,0.361
60,0.043,1.511,0.041,0.555,-0.189
61,1.994,-0.555,-0.778,-0.516,-0.864
62,1.266,-1.862,1.12,-1.151,0.401
63,1.093,-1.766,-0.564,-0.409,-0.507
64,-0.017,-0.255,1.252,-0.486,-0.319
65,-0.008,-0.04,0.093,0.41,-0.673
66,2.553,0.096,-0.377,0.026,0.97
67,1.898,-1.534,-2.011,1.141,-0.304
68,0.149,-0.054,0.19,0.943,-0.693
69,-0.76,0.139,-1.554,-0.607,-0.108
70,-0.33,1.197,1.065,-1.179,-0.528
71,-0.439,0.201,-1.693,0.667,0.338
72,-0.014,-0.427,-0.501,0.388,0.694
73,0.01,-0.94,-0.738,0.676,0.563
74,-1.184,1.593,-0.112,0.334,-0.707
75,-0.197,-0.132,0.135,-0.191,-0.78
76,0.47,-0.446,-0.342,-0.099,0.244
77,1.96,0.908,0.192,-0.083,-0.783
78,-0.246,-0.053,0.435,0.615,-1.844
79,-0.307,1.053,-0.369,0.264,0.023
80,1.667,-1.33,0.456,-1.226,0.917
81,0.006,0.714,-0.397,0.248,1.377
82,0.687,1.27,-0.417,0.172,0.381
83,-0.922,-0.561,0.678,-0.066,-2.674
84,0.476,-1.708,1.264,0.186,-0.163
85,0.811,0.698,-1.484,-0.576,0.666
86,0.156,0.4,0.252,-0.19,0.745
87,1.442,0.097,0.067,-0.924,-1.54
88,-0.443,2.596,0.453,0.253,-2.048
89,0.395,0.688,-0.173,-0.587,2.116
90,-2.273,1.168,0.759,1.856,0.239
91,1.375,-1.392,0.777,1.05,-0.868
92,-0.313,0.905,-0.422,0.196,0.845
93,-0.786,0.844,0.574,0.332,-0.277
94,-0.392,-1.954,-0.921,-0.647,-0.7
95,-0.604,1.03,0.47,-0.262,-0.026
96,1.186,0.345,-0.512,0.609,-0.695
97,-1.743,-0.374,0.877,-1.098,0.856
98,-1.408,-0.717,0.736,0.426,0.316
99,-0.231,-1.158,1.171,-0.493,0.302
100,0.821,-1.297,-0.512,0.208,-1.461
101,0.472,1.026,-0.182,-0.669,0.402
102,0.051,1.425,0.089,-0.099,-1.101
103,-0.689,-0.165,-0.309,0.234,-1.994
104,-2.058,-0.221,2.164,1.037,-0.902
105,0.317,-0.339,-1.763,-0.015,0.879
106,-0.748,0.824,0.001,-0.352,0.525
107,-0.858,-0.287,-0.309,0.318,0.601
108,0.095,-2.42,0.147,-0.189,-1.045
109,-0.365,-0.182,0.655,-0.51,-0.421
110,-2.107,0.884,0.181,0.943,2.281
111,0.295,-1.446,0.394,0.239,-1.768
112,-0.195,0.116,0.585,-0.395,-1.658
113,0.536,-0.61,0.181,1.069,-1.409
114,0.297,-0.848,-0.185,-1.094,-0.983
115,-1.657,-1.843,0.382,-1.706,-0.184
116,-0.158,-0.268,0.164,0.442,0.389
117,0.734,-0.002,0.701,1.14,0.489
118,-0.065,-1.764,-1.006,0.207,-1.704
119,-0.979,2.612,-1.432,-0.183,-0.277
120,0.472,0.247,-0.151,-1.598,1.164
121,2.312,-0.271,0.412,0.58,-0.18
122,0.904,-0.787,0.398,0.0,1.594
123,0.198,1.372,-1.229,1.133,-2.022
124,0.931,-0.516,-1.702,0.508,-2.604
125,-1.505,-1.733,0.108,-0.178,0.997
126,1.604,0.6,-1.207,-1.532,1.034
127,-0.484,0.724,-1.607,0.506,2.208
128,0.683,-0.973,1.034,-0.493,1.092
129,-0.844,0.38,1.513,1.48,1.406
130,-1.277,-0.82,-0.869,0.106,-0.903
131,0.823,-0.892,1.519,0.84,-0.289
132,-0.588,-0.522,0.472,-0.738,0.564
133,-1.158,-0.172,-0.794,0.402,0.71
134,0.598,0.105,-1.203,-0.994,-2.041
135,0.562,-0.036,-1.197,-1.133,-1.085
136,0.809,0.368,0.016,-1.698,0.145
137,-0.811,0.505,-0.542,1.03,1.233
138,-0.424,-0.364,-0.141,2.05,-1.6
139,-0.357,0.885,-0.438,-0.752,0.195
140,-0.212,-1.602,-0.965,-0.894,0.856
141,-1.144,-0.923,-0.036,1.772,-1.154
142,-1.337,2.642,-1.023,0.184,-0.303
143,-1.663,-0.354,0.723,-1.37,-0.65
144,0.396,0.135,1.811,0.229,0.335
145,1.247,1.628,1.294,-1.226,-0.506
146,0.889,0.202,-0.273,-0.053,1.224
147,-1.573,0.417,0.887,-2.64,0.922
148,-0.748,-1.691,-1.298,-1.225,1.045
149,-0.955,1.701,-1.994,0.321,0.744
150,0.848,1.127,-1.475,1.167,1.552
151,0.003,-0.492,1.066,0.485,-0.246
152,-1.111,1.354,1.978,-0.705,0.646
153,0.682,-0.22,0.066,1.026,1.01
154,0.78,0.581,-0.901,-0.83,-0.207
155,0.807,0.903,-1.671,0.081,0.504
156,0.422,-2.057,-0.104,-0.491,0.665
157,-1.47,-1.0,-1.964,0.467,1.273
158,0.178,0.157,-0.702,-1.261,-0.216
159,-0.19,-0.809,0.165,1.757,0.518
160,0.806,-0.127,0.284,0.077,0.167
161,1.891,0.244,-1.103,0.762,1.162
162,-0.3,0.138,-1.666,0.299,1.257
163,2.101,1.185,-0.105,0.981,0.608
164,-0.867,0.717,0.106,-0.018,0.517
165,1.62,0.185,-1.413,-1.729,0.814
166,-0.741,0.257,-0.043,0.016,-2.083
167,-0.259,-0.15,-1.672,-0.494,-0.391
168,0.573,-0.225,0.572,1.501,-0.228
169,-0.666,0.071,-1.446,0.543,-0.014
170,-0.64,-1.81,0.278,-0.732,1.521
171,0.039,-0.67,0.654,-1.022,-0.526
172,-2.81,-0.39,-0.626,-1.213,0.623
173,-2.969,2.688,-0.263,-2.007,-1.598
174,1.266,-0.99,1.029,0.032,1.731
175,-1.154,0.903,-0.35,0.693,1.119
176,-0.18,0.585,-0.399,-1.061,-1.05
177,-0.285,0.003,-0.861,1.836,-0.516
178,0.193,0.176,-0.506,-1.616,-0.514
179,0.032,0.574,-0.283,0.679,1.041
180,0.835,-1.077,1.064,-1.41,-1.403
181,-0.703,0.67,0.035,-1.328,2.588
182,0.932,0.409,0.752,0.48,-0.353
183,-0.748,-0.53,-0.708,-1.055,1.025
184,0.359,-0.513,-0.95,-0.905,-0.015
185,-0.091,-0.51,1.838,0.553,0.458
186,-0.357,-1.109,-1.325,0.05,-0.268
187,-0.305,0.19,-0.101,-0.477,-2.677
188,-1.638,-1.502,-2.151,-1.36,0.474
189,0.053,0.449,1.402,0.224,-0.932
190,0.049,-1.665,0.115,-1.797,-0.409
191,-2.466,1.276,-0.799,-0.504,0.065
192,-1.448,0.1,0.198,1.024,-2.559
193,-0.568,2.07,0.065,0.214,-0.924
194,1.622,0.25,-0.133,1.102,-0.157
195,-0.68,0.104,-1.097,0.912,-0.059
196,-0.947,-0.416,-0.175,1.551,1.243
197,-0.167,0.925,1.252,0.728,-1.554
198,-0.105,-1.09,-1.915,0.409,0.339
199,-0.587,-0.953,0.05,0.624,-0.823
200,2.066,-1.331,0.498,-0.06,1.507
201,0.408,0.181,0.085,0.461,1.074
202,1.225,-1.257,1.052,-1.712,0.076
203,0.021,-0.359,-0.055,-0.413,-1.236
204,0.705,0.772,0.17,0.634,0.458
205,1.04,-1.839,1.109,-0.315,-1.294
206,-1.163,-1.168,-0.218,1.322,0.556
207,-1.217,-0.96,-0.283,0.65,-0.278
208,1.778,-0.4,1.017,-0.137,0.995
209,0.739,0.724,0.712,0.683,0.208
210,2.275,-0.358,-0.225,0.198,-0.413
211,1.806,0.679,1.113,2.836,2.284
212,-0.201,0.715,-2.398,0.945,0.23
213,1.033,-0.855,0.029,0.721,-0.126
214,1.367,-0.606,1.033,0.308,-0.654
215,1.124,0.952,-0.478,0.661,1.439
216,-1.146,-0.218,-0.899,-0.512,-0.503
217,0.515,0.701,0.472,0.6,0.644
218,-0.241,0.868,-0.026,-0.961,0.289
219,0.597,-0.921,0.841,0.754,-1.047
220,0.0,-0.106,-0.176,-0.253,-0.288
221,0.472,-0.796,-1.47,-0.743,0.141
222,1.513,-1.769,0.711,0.017,-0.094
223,0.8,0.314,-0.373,-1.146,-0.633
224,1.971,2.6,-1.997,-0.521,-0.456
225,-1.461,-0.354,-2.472,0.078,0.485
226,-1.718,2.319,-1.19,-1.194,-0.26
227,1.616,0.51,-0.529,0.474,-0.406
228,0.592,0.57,1.399,-0.433,-0.112
229,1.95,-1.235,-0.811,0.035,-0.675
230,-0.462,1.831,2.373,-1.133,1.891
231,-0.549,-1.586,-1.25,-0.944,-1.329
232,0.876,-0.163,-0.701,-0.001,-0.118
233,0.698,1.019,-0.894,-0.258,1.765
234,-0.288,0.392,0.837,-2.467,-0.137
235,1.617,-1.865,0.902,-0.891,-0.39
236,-0.524,2.828,0.252,1.036,-1.099
237,0.088,-0.502,-0.075,0.603,-0.652
238,-0.19,-0.116,2.462,-0.717,-0.151
239,1.509,-0.81,-0.283,-0.985,-0.659
240,-0.03,0.683,0.397,-1.16,-0.628
241,-1.281,0.449,-0.622,0.466,0.595
242,-0.171,-2.216,0.253,1.058,-0.5
243,-0.231,-1.099,0.095,-1.023,0.689
244,1.16,0.346,-0.819,0.878,-0.761
245,-0.294,0.149,-1.715,-1.88,0.387
246,1.531,1.849,-0.899,-1.195,-0.246
247,0.162,-0.363,0.57,-0.762,0.039
248,1.9,0.761,0.162,1.178,-2.299
249,-0.202,0.646,1.74,0.377,0.61
250,0.228,0.387,-0.133,-1.436,1.186
251,0.238,-0.042,-1.505,-0.679,0.422
252,1.672,1.51,1.344,-0.112,1.554
253,0.027,-0.17,-1.1,-1.347,-0.543
254,0.44,-1.696,0.078,-0.0,1.322
255,1.369,-0.763,0.144,0.474,-0.067
256,0.061,0.428,-1.128,-0.762,0.331
257,-0.682,-1.461,-0.63,1.523,-0.972
258,0.431,0.055,0.224,0.491,-1.215
259,0.691,0.69,-1.063,0.061,0.284
260,0.497,1.2,-0.165,-1.011,1.375
261,0.745,-0.89,-0.229,1.416,-1.051
262,0.343,-1.353,-0.068,0.779,0.554
263,-0.25,-0.324,-0.864,-0.141,0.695
264,0.394,-0.062,-0.308,-0.816,1.535
265,-0.416,-0.017,-0.288,-1.392,-0.191
266,0.724,0.215,0.294,-0.383,-1.771
267,-0.455,0.138,0.716,0.506,0.617
268,-0.423,-0.911,-0.823,0.507,-0.895
269,0.261,1.348,-2.372,0.3,-0.237
270,0.512,0.736,-0.914,-0.552,-1.362
271,-0.27,0.494,1.901,-0.327,0.137
272,-1.252,0.075,-1.578,0.389,-0.225
273,-1.367,2.778,-1.58,-0.706,0.615
274,-0.562,-1.737,-0.154,-0.35,1.578
275,-0.862,0.585,0.136,0.626,0.458
276,0.558,0.144,-1.612,-1.135,1.885
277,-0.982,0.855,0.891,-0.555,1.145
278,1.052,1.641,1.042,-0.652,-2.095
279,0.022,-1.495,1.321,-1.317,-0.644
280,0.977,-0.803,0.229,0.966,0.917
281,2.858,1.684,0.235,-0.466,-0.651
282,-0.383,1.229,0.758,0.139,-1.459
283,0.213,0.328,-0.165,-0.122,1.251
284,1.656,-0.318,-0.514,-0.965,0.319
285,-1.344,-0.098,-0.359,-0.06,-0.707
286,-0.374,0.71,1.547,0.564,-0.77
287,0.353,-0.91,1.094,-1.33,0.743
288,0.179,-0.918,0.223,-0.214,-1.494
289,0.984,-0.8,-1.241,-0.804,-1.268
290,-0.653,-0.01,1.009,-0.184,0.588
291,0.857,0.495,0.852,-1.11,-2.215
292,-0.308,0.837,0.4,-0.541,1.088
293,0.464,-0.941,1.034,-1.999,-0.08
294,0.478,-0.77,0.273,0.451,-0.712
295,-0.369,1.146,-0.501,0.396,1.121
296,-0.515,-0.959,-0.537,-0.241,-1.755
297,1.579,-0.867,-0.577,0.583,1.731
298,-0.081,0.289,-1.326,0.682,0.441
299,0.175,-0.71,-0.485,-0.384,0.065
300,0.635,0.79,0.043,-0.891,-0.052
301,1.358,0.903,-1.166,-0.533,-1.178
302,0.05,-1.168,0.489,-1.9,0.269
303,0.542,0.202,-0.433,-0.535,-0.951
304,-1.639,2.123,-1.403,-0.804,-0.178
305,-0.076,0.782,-0.468,-0.312,0.181
306,0.246,-0.34,0.628,0.087,1.148
307,-1.315,-0.429,-0.908,0.549,2.619
308,-0.982,-0.827,0.657,-1.67,-0.691
309,1.578,-0.849,-1.055,-0.072,-0.188
310,-0.116,-0.558,-2.257,0.111,1.449
311,1.871,-0.27,-2.083,0.224,0.96
312,-1.473,0.938,-0.163,-0.255,-0.06
313,1.982,1.719,-2.142,0.739,-0.039
314,-0.538,1.209,0.496,-0.62,-0.887
315,-1.621,0.674,-0.691,-2.018,-1.451
316,-0.358,-0.447,-1.278,0.657,0.501
317,0.457,0.056,0.1,0.502,-0.814
318,-1.376,0.337,-1.479,-0.246,-0.177
319,1.42,0.196,-0.242,-1.747,-0.013
320,-0.127,1.031,-0.593,0.751,0.839
321,0.216,-1.009,-0.653,0.202,-2.368
322,-2.387,-1.394,-2.249,-0.231,-1.827
323,1.053,0.288,0.047,1.447,0.881
324,-1.384,-0.834,-0.44,1.976,0.122
325,-1.279,-0.603,-1.06,2.418,0.581
326,1.024,0.07,1.411,0.096,-0.314
327,-0.4,2.053,0.053,-0.383,-1.822
328,0.188,-1.912,0.861,0.438,-0.404
329,-0.895,1.167,-0.661,0.144,-0.605
330,-0.033,1.345,-0.939,0.68,0.732
331,-0.538,2.051,0.678,1.35,-1.979
332,-0.948,-1.096,0.751,1.335,0.418
333,-0.769,0.899,-0.377,0.928,0.367
334,-0.554,-0.486,1.789,0.073,-1.473
335,-0.188,-0.238,0.431,0.362,-1.474
336,1.191,-0.612,-0.555,0.587,0.644
337,-0.235,0.688,1.151,-1.049,-0.204
338,-1.208,-1.361,0.14,0.78,-0.31
339,2.37,-1.425,0.487,-0.424,-1.093
340,-0.066,1.074,1.306,-0.774,1.36
341,0.086,1.834,-0.054,-1.42,-0.077
342,0.913,-1.354,0.129,1.109,0.275
343,0.129,-0.792,2.222,1.876,-1.15
344,1.707,-2.107,1.289,-3.736,-1.406
345,0.505,0.692,0.537,1.125,0.138
346,-0.113,1.364,-0.639,-0.09,0.569
347,1.302,-1.28,1.746,-1.205,0.072
348,0.296,-2.855,-0.294,-0.003,0.064
349,-0.999,-0.23,-2.048,-0.647,0.882
350,1.467,-1.464,-0.657,1.447,1.446
351,-0.103,-0.476,-0.441,1.034,-0.476
352,-0.413,0.016,0.187,0.951,-0.168
353,0.129,1.587,-1.341,0.273,0.971
354,-1.104,-1.061,-0.618,0.895,-0.145
355,-0.456,0.21,-0.24,0.563,-0.43
356,1.731,1.326,0.022,0.983,-0.723
357,-0.701,0.384,-0.382,0.654,0.679
358,-0.719,-1.058,1.546,-2.147,2.169
359,0.427,-1.177,-0.219,-0.342,0.804
360,1.118,-0.758,-0.627,-0.207,1.721
361,1.538,-0.116,-0.411,-0.577,-0.011
362,1.505,1.864,-0.442,0.646,-0.606
363,0.508,1.133,-0.475,-1.099,-0.488
364,1.897,0.796,-2.438,0.007,-0.043
365,-0.317,0.453,-0.599,1.065,0.572
366,-0.246,-1.299,0.469,-0.695,-1.447
367,0.68,0.634,-0.603,3.038,0.345
368,-0.219,-0.276,0.169,-0.732,-1.072
369,-0.65,-1.11,1.089,1.204,1.379
370,0.735,-2.624,1.46,-1.061,0.163
371,0.594,-0.448,-0.28,-1.191,0.123
372,0.86,-2.034,-0.287,0.592,-0.036
373,1.627,-2.187,-0.922,-0.187,-1.806
374,-1.695,1.334,0.488,-0.571,1.774
375,0.15,-1.422,-1.009,-1.046,0.268
376,0.834,0.035,0.612,0.528,-0.045
377,-1.817,0.759,-2.686,-1.734,0.194
378,0.741,0.456,-1.356,2.015,0.192
379,-1.283,-1.147,-0.12,2.18,-1.074
380,-0.542,0.76,-0.253,0.705,-0.765
381,0.89,0.891,-1.831,0.873,-0.022
382,0.575,-1.232,-0.153,0.833,-1.574
383,1.555,1.169,0.532,-0.063,2.102
384,-1.705,-1.401,-1.03,-0.473,1.412
385,-0.031,-0.946,-0.067,0.126,0.251
386,1.066,1.153,-0.765,-3.236,0.738
387,-1.758,1.216,0.254,0.147,1.771
388,-1.203,0.79,-0.773,-1.113,-0.119
389,0.846,-0.466,-1.993,-0.862,0.188
390,-0.432,-0.446,-0.566,0.97,-0.611
391,0.743,-1.761,-0.195,0.661,0.65
392,-0.928,1.746,0.564,-0.008,-1.788
393,1.344,0.405,0.714,-0.229,0.465
394,1.384,-2.412,0.326,0.302,-0.645
395,-0.592,-0.372,-1.329,-1.299,-0.656
396,-2.479,0.336,0.265,-0.268,0.974
397,1.199,-0.343,-0.493,-0.092,0.131
398,-0.687,0.288,-0.433,0.353,-0.854
399,-0.615,0.243,0.622,-1.837,0.256
400,1.915,-0.131,0.96,0.976,-1.222
401,-1.213,0.803,0.043,-0.907,-1.304
402,1.017,-0.449,-0.214,-2.144,-1.82
403,-0.705,0.561,1.797,1.484,1.594
404,-1.807,-0.983,-1.589,0.071,-0.718
405,1.483,0.668,1.84,1.411,0.804
406,-0.288,0.022,-0.739,-0.46,2.344
407,-0.245,-0.788,-1.712,0.161,-1.023
408,0.017,0.111,-1.495,0.677,0.543
409,0.017,1.144,0.921,0.881,0.439
410,-1.356,0.527,0.86,1.21,0.73
411,-0.91,-1.34,-0.138,-0.478,-1.476
412,1.259,0.375,0.87,0.526,0.944
413,-2.534,0.552,0.008,0.468,-1.029
414,1.07,-2.23,-0.205,-0.029,-1.22
415,-0.163,-0.258,0.197,-0.326,2.331
416,-0.107,1.316,0.249,0.656,0.987
417,0.387,0.371,-0.828,0.041,1.499
418,0.368,1.008,0.238,0.034,0.532
419,-0.529,-0.832,-0.299,0.688,1.064
420,-0.224,0.424,0.607,-1.23,-0.597
421,-0.028,0.031,0.248,-1.127,0.731
422,-0.311,1.555,-0.338,0.666,1.851
423,0.139,1.687,-0.866,-1.832,0.598
424,0.913,-0.148,0.036,-1.715,1.812
425,0.132,-1.378,-0.326,0.039,-0.167
426,-1.307,0.017,1.007,1.633,-2.535
427,-1.347,0.898,-0.504,-0.079,1.927
428,-1.487,-0.407,-0.31,0.813,-0.755
429,-0.706,-1.843,-1.121,0.504,-1.901
430,-1.823,0.711,-0.614,-0.539,0.506
431,0.03,-0.529,0.563,-2.333,0.595
432,-0.342,-0.465,-0.37,-1.295,1.831
433,-1.259,1.047,1.497,0.331,0.73
434,1.12,-1.087,-0.619,1.465,0.501
435,1.803,-0.748,-1.389,-0.472,-0.991
436,-0.585,2.826,-0.302,-0.271,0.346
437,1.224,0.454,-0.914,0.639,-0.291
438,1.94,-0.179,-0.728,0.553,-1.047
439,1.367,0.554,0.158,-1.787,-1.243
440,-1.579,1.035,0.842,0.554,1.013
441,-1.101,-1.371,-0.124,0.898,-0.131
442,-0.472,0.355,1.048,0.618,0.684
443,0.365,-1.476,-0.122,-2.832,0.602
444,3.105,0.321,0.374,0.607,0.878
445,-0.173,0.245,-0.124,0.715,0.123
446,0.474,-1.1,-0.017,-0.912,0.428
447,-1.337,0.148,-0.247,-0.144,0.538
448,2.073,-2.145,1.07,-0.037,-0.003
449,-0.98,1.294,-0.061,-1.226,1.109
450,-1.183,-0.996,0.21,1.217,1.274
451,-1.108,-0.292,0.134,0.44,0.021
452,0.643,0.398,-0.52,-0.236,-1.917
453,-0.956,2.063,0.93,0.179,-1.508
454,-0.006,-0.149,-1.31,1.271,-0.945
455,1.369,-0.951,2.393,0.997,0.037
456,-1.029,-1.543,0.985,-0.685,-1.003
457,-0.413,1.606,0.631,-0.402,0.185
458,0.633,1.204,0.437,-0.963,-0.806
459,-0.631,0.511,-0.189,0.337,0.305
460,-1.243,-2.085,-1.471,-0.747,-0.817
461,-0.465,0.2,-0.443,-1.557,-1.435
462,0.602,-0.819,0.244,-1.656,0.71
463,0.409,1.648,1.337,0.706,-0.925
464,0.25,0.184,0.786,-1.001,1.881
465,-0.826,0.195,0.253,-1.918,-0.175
466,-1.194,-0.02,-1.126,-0.257,0.778
467,0.501,-0.096,-0.491,-0.676,-0.274
468,-0.678,-0.125,0.954,1.644,-0.981
469,-0.352,0.307,1.119,-0.404,1.043
470,-0.175,-0.434,0.692,-1.047,1.118
471,-0.369,-0.025,1.252,1.04,-0.101
472,-0.727,-0.075,1.221,-0.738,-0.119
473,-0.529,0.252,-0.217,-0.753,-1.651
474,-2.01,-0.163,0.893,0.638,-0.25
475,-1.002,0.043,-0.616,-1.926,-1.908
476,0.87,-0.112,0.363,-0.701,-0.413
477,1.491,-0.585,0.622,-0.571,0.557
478,0.551,0.429,1.579,1.046,0.062
479,0.406,0.371,-1.445,0.135,0.505
480,-0.474,-0.441,1.519,-0.702,-0.579
481,-2.012,-1.084,-1.109,-0.221,1.038
482,-0.4,-1.408,0.439,1.809,0.046
483,-0.683,-1.098,-0.522,-0.964,1.982
484,0.068,0.372,0.862,-0.298,-1.574
485,0.16,-1.231,-0.484,0.668,-0.981
486,-0.648,-0.294,-0.071,-0.909,-1.223
487,0.059,1.057,-1.731,0.079,-2.769
488,0.104,-1.85,-1.095,-0.577,0.624
489,-3.059,0.291,2.09,0.504,0.872
490,-1.559,0.391,-1.031,-0.512,0.158
491,-0.247,0.377,0.805,0.069,-0.857
492,-0.113,-0.602,0.792,-1.229,-1.523
493,1.336,-0.01,0.123,-1.105,0.798
494,0.861,-0.708,-0.189,0.274,1.927
495,-1.388,0.064,0.611,-0.237,1.698
496,-0.533,0.767,0.023,-0.995,-2.622
497,0.105,0.792,-0.606,0.032,0.393
498,0.685,-1.643,-1.508,0.354,0.151
499,-0.233,0.66,0.203,-0.394,-1.792
500,1.461,0.117,-0.35,0.243,-0.969
501,-0.545,-0.886,0.261,0.364,-1.273
502,-0.368,-0.583,2.371,-3.167,-2.128
503,0.647,1.004,1.666,-0.234,0.542
504,0.399,1.074,-0.012,0.122,0.255
505,-1.319,0.74,-0.212,-0.559,-0.416
506,-1.326,1.025,-0.11,-1.458,-1.95
507,1.782,1.931,-0.598,-1.924,-1.078
508,-0.288,-0.226,1.164,-1.701,0.169
509,-1.084,-1.606,0.893,-0.067,-0.179
510,0.285,-0.137,0.504,0.646,-0.326
511,-0.203,0.692,-1.219,-0.182,0.655
512,0.891,-1.777,-1.189,1.66,-0.641
513,1.498,-0.833,1.847,-0.874,0.096
514,-0.701,-1.27,-0.862,-0.428,0.622
515,0.031,1.549,-1.267,-1.409,-2.094
516,1.366,2.053,-1.551,-0.046,-0.056
517,-0.605,-1.465,-0.589,2.78,-0.372
518,0.108,-0.462,2.473,-0.856,-0.917
519,0.604,0.486,1.157,0.577,0.952
520,0.419,1.214,-1.308,-1.404,0.773
521,0.51,0.801,0.713,0.565,-1.28
522,-0.118,0.581,0.333,0.408,1.14
523,-1.171,1.375,-1.098,-0.001,-2.338
524,-1.341,-0.931,1.067,-0.717,0.056
525,0.185,-0.974,-0.4,0.811,-0.822
526,-2.059,2.281,0.381,-0.467,-1.226
527,2.102,0.835,0.268,-0.309,-1.342
528,-1.593,-0.231,-1.042,1.257,0.375
529,0.193,-0.616,1.668,-0.556,-0.637
530,-1.918,-0.053,-0.383,-0.827,2.514
531,0.026,-0.28,-1.021,1.064,-0.173
532,1.837,-0.664,-0.517,-0.522,0.038
533,-1.073,0.924,-0.777,-0.253,-0.552
534,-2.187,1.026,1.441,0.006,-0.074
535,1.282,0.402,1.353,0.177,1.066
536,0.418,-0.431,0.561,-0.949,1.431
537,-0.983,0.169,-0.909,-0.973,0.145
538,0.589,-0.498,1.098,0.278,0.757
539,0.283,0.572,-0.536,1.331,-0.26
540,0.627,-0.941,0.054,0.824,-1.204
541,1.05,0.073,1.518,0.343,-0.448
542,0.964,0.237,-1.504,2.05,0.071
543,-1.549,0.797,-0.037,-0.368,1.341
544,-0.431,0.696,0.66,0.894,-0.787
545,0.838,0.289,0.032,0.002,-0.872
546,-0.007,-0.718,-0.625,-1.128,-1.023
547,-1.624,-0.984,-0.479,0.779,-0.625
548,-0.316,-0.069,0.65,-0.255,-0.515
549,-0.224,0.38,0.209,-0.116,-0.452
550,1.872,1.288,1.014,-0.065,1.565
551,-0.373,2.225,-0.3,0.993,1.186
552,0.405,0.61,-2.461,0.305,-0.292
553,-2.633,-0.975,-0.355,-0.418,-1.441
554,-1.342,2.117,-0.783,0.14,-1.055
555,-0.084,-1.428,-0.308,-0.498,1.055
556,-0.199,0.8,-1.226,-0.361,0.013
557,-0.224,1.245,-1.354,-0.079,-0.643
558,0.922,-1.682,1.387,2.646,-1.352
559,0.489,0.401,-0.358,0.203,2.681
560,-0.558,-0.989,-0.162,1.35,-0.113
561,1.049,0.278,-1.393,1.725,2.061
562,-1.314,-0.222,1.702,1.458,-0.945
563,-0.174,-0.786,1.371,-0.605,-2.145
564,0.434,1.43,0.777,1.412,-0.493
565,0.393,-2.619,-0.593,0.754,0.349
566,-0.233,-0.686,-0.39,-1.02,0.831
567,-0.501,0.355,0.871,2.232,-2.195
568,2.009,-0.473,1.1,-1.217,-2.044
569,-0.658,-0.47,-1.23,-1.165,-0.489
570,-0.202,-0.56,1.614,1.634,0.67
571,1.762,-0.082,1.499,0.859,-0.138
572,-0.523,0.139,0.121,-0.402,1.333
573,-0.984,-0.177,-0.996,-0.489,-1.627
574,-0.506,-0.591,2.075,-0.342,-0.648
575,1.18,-1.452,0.391,-0.679,0.517
576,-1.285,-2.515,-0.343,1.126,-0.418
577,1.109,0.935,-0.523,-0.767,-0.007
578,1.101,0.193,-0.338,-0.116,0.167
579,-0.909,-0.267,0.482,1.019,0.747
580,-0.907,-0.002,0.071,0.062,0.349
581,-1.929,0.523,-1.115,1.315,1.058
582,0.65,0.432,-0.69,-0.902,0.496
583,0.231,1.45,-0.96,-0.218,0.488
584,-2.194,-0.88,-1.425,-0.147,1.129
585,-0.392,0.13,-0.919,0.293,-1.393
586,-0.629,-0.119,1.285,-0.298,0.507
587,1.278,1.078,0.176,0.05,0.824
588,0.074,0.915,-0.428,-0.984,-0.636
589,1.234,-0.529,2.667,-1.191,0.233
590,-1.045,0.057,-1.575,0.373,-0.15
591,-0.844,1.452,-0.356,-0.255,0.03
592,-0.34,-0.359,0.438,-0.595,1.08
593,0.207,1.593,-1.775,-0.866,2.2
594,-1.665,-0.367,-2.961,-1.138,1.496
595,-0.274,-0.711,1.644,1.168,-0.435
596,-0.647,-1.967,-0.122,-1.273,-1.667
597,-0.083,-1.123,-0.153,-0.517,-0.783
598,0.41,-1.344,-1.319,-1.184,0.457
599,0.173,1.695,0.018,-1.541,-1.464
600,-1.838,-0.148,1.171,0.174,-0.212
601,-1.047,0.79,0.0,2.013,-0.412
602,-0.355,3.263,-0.841,0.837,-1.308
603,-0.177,0.352,1.987,0.871,1.381
604,-0.332,0.269,-1.898,1.562,0.015
605,-0.012,1.289,0.506,0.236,0.357
606,-1.215,1.388,-1.196,0.371,0.186
607,0.251,0.331,-0.84,0.054,0.785
608,1.513,-0.211,0.435,0.412,-1.403
609,0.635,-2.055,0.264,0.197,1.22
610,-1.488,0.957,0.261,1.738,-0.575
611,-1.074,-1.032,-0.573,-1.314,0.271
612,1.614,-0.379,0.065,0.295,0.062
613,0.135,-0.359,-0.766,1.327,1.276
614,-0.096,-0.446,-0.854,0.456,-0.064
615,2.541,-0.841,0.791,-0.224,-1.114
616,0.719,-0.287,0.25,-0.033,-1.67
617,-0.874,0.853,-0.699,-0.495,0.417
618,1.252,1.144,1.056,0.005,0.826
619,-1.329,-1.759,0.26,-1.88,0.284
620,0.942,0.149,-1.451,-0.151,1.604
621,0.735,0.031,-0.511,0.494,-1.606
622,0.036,-0.725,-1.992,0.099,-0.469
623,0.373,-0.871,0.599,-1.094,-0.063
624,-0.569,-0.096,0.481,-0.207,0.252
625,0.333,0.192,-1.272,0.517,-0.421
626,-0.083,-1.282,1.071,-1.073,-1.031
627,-2.103,-1.026,0.502,-0.386,0.685
628,1.497,-0.601,1.583,-2.074,-0.25
629,-0.249,-0.653,-0.965,-0.059,0.485
630,1.897,-1.898,0.783,1.457,-0.672
631,-0.056,-1.571,0.842,1.253,1.918
632,-1.015,-0.13,-0.105,0.991,-0.178
633,0.604,0.04,-0.777,-0.658,1.34
634,-0.728,1.695,-0.75,-1.056,-0.749
635,0.606,-0.838,-1.135,0.188,1.801
636,-0.156,1.129,0.311,-0.824,1.018
637,1.582,0.797,-1.366,-1.498,1.003
638,-0.657,-1.375,-1.116,-0.721,0.345
639,-0.224,0.472,-0.645,1.057,-1.292
640,0.207,0.524,-0.068,1.058,-0.779
641,-2.163,-1.006,0.503,-0.486,-0.335
642,0.796,-0.173,1.177,0.334,-0.945
643,0.685,0.719,-0.534,0.832,-0.237
644,-2.401,-0.643,-1.466,0.054,0.614
645,0.211,1.03,1.609,0.767,0.739
646,-1.911,1.429,-1.527,-0.679,-0.221
647,-0.056,0.495,0.366,2.014,0.504
648,0.085,1.764,-0.708,-0.518,0.027
649,-0.149,0.559,0.829,0.515,0.102
650,-1.974,0.226,-0.282,-0.802,-0.473
651,0.319,-0.073,-0.424,0.52,-0.334
652,0.385,2.65,-0.616,1.301,0.372
653,-1.058,-0.444,0.376,1.732,0.989
654,-0.632,2.279,0.046,0.276,1.762
655,-0.786,0.418,0.866,-0.48,1.14
656,-0.94,2.128,2.064,-1.403,2.029
657,0.886,-1.949,0.577,-1.117,2.14
658,0.054,-0.801,-0.097,-0.118,0.664
659,1.611,1.972,-1.281,1.182,-1.467
660,-1.139,2.133,1.367,-1.292,-0.14
661,0.471,1.681,-0.26,-0.659,-0.973
662,-0.058,0.28,-0.728,-0.874,1.03
663,-0.314,2.667,0.073,-0.59,0.3
664,0.816,-0.147,1.146,-0.395,0.018
665,2.214,-0.523,0.189,-0.116,-0.578
666,-0.256,1.823,-0.967,-1.022,-0.203
667,-0.384,0.697,0.741,0.456,0.535
668,-1.021,0.356,-1.192,-0.948,-1.014
669,-0.666,-0.316,0.509,-0.177,-0.387
670,0.368,-0.595,-1.376,-1.978,0.57
671,1.047,0.186,1.315,0.226,0.561
672,1.124,0.654,-1.22,-0.754,0.996
673,0.522,1.068,2.468,-1.482,-0.488
674,-1.174,-0.305,-0.101,1.003,2.461
675,0.252,0.173,0.249,1.446,0.392
676,0.196,-0.404,0.018,1.123,0.818
677,-0.202,0.357,2.374,-0.175,0.604
678,-0.186,0.374,-1.483,0.438,1.143
679,-1.707,-0.053,0.122,-1.013,-0.703
680,-1.699,-1.644,-0.447,1.334,-0.21
681,0.425,0.146,-1.957,-0.033,0.286
682,-1.178,-2.203,-0.651,0.627,0.309
683,0.468,1.241,1.519,0.024,0.942
684,-0.866,-0.056,-1.399,0.731,0.108
685,-2.841,1.505,1.606,-1.691,-0.642
686,-0.59,-3.015,0.433,0.91,0.774
687,0.388,0.438,-2.428,0.911,0.364
688,0.844,-0.5,1.132,-1.73,0.093
689,0.421,0.669,0.502,-2.229,-1.127
690,-1.183,0.697,1.385,-0.005,-0.136
691,-0.111,-0.787,-1.331,-0.298,0.149
692,0.393,1.099,0.65,-3.009,-0.728
693,-0.204,0.229,-0.839,1.513,-1.813
694,-0.78,0.988,-1.037,0.063,0.272
695,0.236,0.438,-1.645,-1.589,-0.889
696,0.609,0.753,0.515,0.67,-0.039
697,-1.05,-0.911,-1.261,-0.581,-0.997
698,-0.235,-1.141,-2.214,0.951,-0.966
699,0.504,0.578,-2.674,-0.416,-3.174
700,1.996,-1.063,-0.79,0.981,-0.585
701,1.656,-0.902,-1.242,-0.599,0.688
702,1.444,-0.437,0.864,-1.135,-1.026
703,-0.42,2.812,0.767,-1.413,0.398
704,0.001,-0.148,0.678,0.389,-0.387
705,-0.186,-0.424,1.533,0.293,0.364
706,-1.251,0.845,-0.599,1.207,0.062
707,2.199,-0.143,1.68,0.534,1.697
708,0.967,0.117,0.644,-0.467,-0.432
709,-0.355,0.594,2.349,0.411,-2.18
710,-1.062,-0.736,-0.098,1.758,1.205
711,-0.002,-2.569,0.969,-0.68,-0.087
712,0.973,-2.498,-0.381,-0.967,-0.695
713,-0.153,-1.655,1.23,1.802,0.534
714,-1.14,0.319,1.146,-0.995,1.298
715,-0.605,1.243,-0.676,0.281,0.025
716,0.75,-1.107,0.778,-1.451,1.088
717,-0.272,1.206,0.98,-0.369,-0.576
718,0.338,0.429,-0.69,1.759,1.015
719,-0.414,-1.128,0.849,-0.784,1.908
720,-1.574,0.104,0.037,-0.25,-3.097
721,-0.848,-0.155,-0.22,-0.704,0.058
722,-0.854,0.064,-0.959,-0.108,-1.362
723,0.162,0.492,-0.01,0.203,0.448
724,0.538,0.884,1.441,1.332,0.128
725,0.115,-0.085,0.493,1.27,2.067
726,0.149,0.528,1.703,-0.273,2.493
727,-1.477,-0.719,0.539,-0.355,3.537
728,-0.238,0.905,0.592,0.241,-0.324
729,0.954,-0.641,0.022,0.336,-1.414
730,0.297,-0.281,0.713,-1.313,0.975
731,0.122,-1.212,-0.175,1.087,-1.124
732,-0.088,-0.781,-1.246,1.992,-0.074
733,-0.612,2.503,-0.322,0.944,0.221
734,-0.206,-1.242,0.249,-0.631,-1.543
735,-0.053,0.966,-0.137,-0.421,-2.052
736,-1.491,-0.071,2.04,0.493,2.411
737,0.435,-0.697,1.12,-2.021,-0.609
738,0.582,-1.545,-1.695,1.381,-0.006
739,0.837,0.498,-0.305,0.413,-0.027
740,0.215,-0.287,-1.501,-0.418,-0.709
741,1.278,0.244,0.803,-0.283,-1.371
742,0.982,0.813,0.835,0.686,1.31
743,1.386,0.297,0.66,-3.068,0.971
744,-0.354,-0.457,1.308,1.586,-1.92
745,-0.025,0.427,-0.577,-1.094,0.308
746,0.572,-0.769,0.009,1.241,2.059
747,-0.44,-0.819,0.151,1.55,-0.731
748,1.556,0.005,0.659,1.313,-0.036
749,-0.488,-0.318,-0.161,0.706,-0.489
750,1.558,-1.028,0.875,1.552,2.733
751,-0.362,0.35,-0.36,-1.428,0.252
752,-1.482,0.734,-1.465,-2.32,-1.15
753,0.422,0.33,-1.294,0.512,1.493
754,-1.962,-1.046,-0.061,-0.064,-0.36
755,-1.603,0.012,-0.492,-0.635,-0.834
756,-0.213,0.033,-0.373,0.554,-0.079
757,2.554,-2.246,1.196,-0.636,1.649
758,0.507,0.74,1.021,0.337,0.31
759,0.55,-1.356,0.054,0.985,-1.201
760,-2.56,-1.157,-1.259,0.806,1.493
761,0.047,-0.211,-1.623,1.749,-0.729
762,0.642,-0.808,0.082,-0.22,-0.776
763,-0.641,1.246,-1.002,0.351,0.773
764,-0.744,-0.302,-0.099,0.099,1.186
765,0.33,-1.021,-0.46,-1.687,0.473
766,0.57,1.972,0.899,0.568,0.932
767,-0.296,0.293,0.481,1.321,1.465
768,1.659,-1.355,0.271,-0.196,-0.851
769,1.517,-1.44,0.217,-0.453,-1.479
770,0.662,1.752,-1.994,0.104,1.053
771,-0.888,-0.635,0.117,0.778,-1.226
772,-1.039,-0.473,0.837,-1.822,-0.062
773,-0.254,0.769,1.099,-0.913,-0.613
774,-0.025,-0.632,-1.14,-0.625,0.347
775,0.392,-0.704,0.904,0.582,-1.086
776,0.485,-1.255,1.061,-1.147,-1.181
777,-0.102,0.136,-1.325,1.813,-1.613
778,1.25,-0.658,0.445,-1.274,0.546
779,-0.525,0.041,-0.82,-0.827,-1.294
780,-0.711,0.036,-0.905,1.438,1.729
781,-0.654,-0.979,-0.125,0.368,-0.034
782,0.246,0.176,1.057,-0.043,0.213
783,0.39,-0.758,-0.1,0.248,-0.215
784,0.151,0.443,-0.439,0.284,-1.274
785,-0.451,0.148,2.489,0.696,1.443
786,0.991,0.646,-0.879,0.985,-0.651
787,-1.02,0.315,0.818,1.785,1.098
788,0.315,-0.543,0.096,-0.859,-0.104
789,-0.63,0.084,-1.836,-0.258,-1.313
790,-0.678,-2.258,0.983,-0.527,-2.597
791,0.179,1.4,-0.908,-0.982,0.786
792,0.971,0.345,-2.091,2.359,-0.913
793,-0.209,1.54,1.804,0.434,-0.77
794,-1.812,-1.414,1.331,1.005,-0.648
795,1.27,-0.448,0.646,0.044,0.087
796,2.065,-0.01,1.061,0.476,1.681
797,0.979,-0.041,-0.763,-0.84,0.944
798,-0.418,0.003,0.336,-0.14,0.428
799,0.807,0.735,0.544,-1.972,-1.483
800,-1.766,-1.621,0.318,-1.098,2.132
801,-0.088,0.223,-0.505,1.104,-0.965
802,1.503,-1.406,1.211,0.558,-0.316
803,-0.583,1.732,-0.987,1.893,-2.011
804,1.501,0.07,-0.27,1.277,0.637
805,-1.562,-0.659,-0.791,0.715,-1.381
806,-0.049,-0.283,1.664,0.644,-0.371
807,0.039,0.473,1.126,-0.689,-1.187
808,0.685,-0.16,-0.515,-1.047,1.36
809,0.235,-0.993,-0.56,-0.94,-1.393
810,-0.935,-0.25,1.532,-0.294,-2.047
811,0.302,-0.966,-0.463,-1.388,1.836
812,1.685,-1.09,1.024,-0.697,1.016
813,0.902,0.771,0.347,1.11,-1.223
814,-0.026,0.96,0.837,0.89,-0.062
815,-1.591,-1.393,-0.521,0.837,0.746
816,-0.427,0.547,0.033,-0.272,1.224
817,-1.392,-0.547,1.807,0.307,-1.379
818,-0.467,-1.02,0.047,1.339,-1.684
819,-2.296,0.399,0.409,0.659,0.649
820,0.135,-0.059,-0.357,0.915,-1.098
821,-1.707,0.59,0.863,0.639,-0.933
822,-2.334,-0.083,0.04,1.169,0.319
823,1.695,-1.043,-1.57,-1.826,0.435
824,1.428,-0.26,-1.007,-0.247,0.509
825,-0.362,-1.404,-0.345,-0.419,0.753
826,0.225,0.577,0.066,-0.383,-0.088
827,0.996,-0.767,-0.997,1.077,0.785
828,-0.337,-0.639,-0.832,1.561,-1.326
829,1.211,0.156,-0.767,-0.071,1.626
830,0.155,1.378,0.668,0.986,-0.176
831,-1.329,0.874,1.403,-0.955,-2.451
832,0.132,-0.544,-0.195,-0.157,-1.89
833,-0.3,-0.844,0.429,-0.383,-1.302
834,1.089,0.203,-0.207,-0.834,0.78
835,2.374,-1.766,-1.315,1.122,0.058
836,0.631,1.301,-1.202,-0.129,0.956
837,1.368,-2.422,-0.764,0.325,2.077
838,0.395,0.478,1.094,2.201,0.525
839,-0.55,0.607,-0.104,0.191,0.461
840,-1.372,-0.965,-0.548,-2.041,1.061
841,1.028,0.089,1.21,-0.064,0.931
842,-0.445,0.859,0.609,2.155,0.553
843,-0.922,0.289,0.534,-0.496,0.44
844,0.067,-0.651,-0.227,-0.162,-1.08
845,-1.032,-0.289,-0.531,0.972,0.587
846,-0.543,0.721,-0.487,0.33,2.765
847,-0.727,0.706,-1.073,1.142,1.096
848,0.09,-0.08,-0.838,-0.371,-0.456
849,-0.803,-2.552,2.311,1.136,-0.54
850,-1.055,-0.989,-1.057,0.911,-0.982
851,-1.805,-1.277,0.504,0.067,-0.125
852,1.07,-0.283,-0.14,0.807,0.879
853,-0.896,0.974,0.28,1.044,0.812
854,0.98,1.79,0.207,-1.686,1.008
855,0.281,0.044,-1.03,-0.878,0.533
856,0.661,0.718,0.988,-1.073,-0.798
857,0.579,-0.623,-0.271,-0.651,-0.489
858,1.35,0.112,1.17,0.107,-0.558
859,-0.587,0.408,-0.358,-1.094,1.216
860,-0.19,-0.944,0.063,0.288,-1.52
861,0.218,-0.363,0.092,0.122,0.176
862,0.608,1.468,1.179,0.327,-0.975
863,-0.036,1.846,-1.368,-0.113,1.306
864,-1.363,-0.402,-0.477,-0.832,-0.376
865,0.492,1.48,1.974,0.131,0.384
866,-0.297,-0.761,-0.443,-1.541,0.503
867,0.15,0.542,-2.066,2.286,-1.357
868,-0.457,-1.942,-0.839,-0.475,1.936
869,-1.024,0.661,-3.085,0.792,-0.363
870,-0.661,0.265,-0.589,0.294,-2.087
871,1.289,-2.465,-0.519,0.26,-0.257
872,-1.697,1.009,1.747,-1.742,1.072
873,-0.841,0.686,-1.829,0.025,2.888
874,0.92,-1.106,0.195,0.791,-1.479
875,1.141,-1.173,-0.798,-0.285,-0.705
876,0.076,-1.46,0.246,-0.32,0.567
877,0.002,-1.277,-0.973,-0.886,0.773
878,1.305,1.289,0.771,-0.842,-0.798
879,0.235,1.535,1.885,1.382,-0.335
880,1.199,-0.713,-0.849,-1.298,1.312
881,0.576,1.241,-1.149,-0.516,-0.098
882,0.596,0.427,-0.142,0.374,-1.178
883,-0.368,0.044,0.746,1.018,-0.13
884,0.588,0.246,1.403,-0.911,-0.705
885,-0.989,-0.617,0.775,-0.184,0.315
886,-0.403,-1.333,0.13,-1.884,-2.001
887,0.676,0.107,-0.513,-0.872,-0.405
888,-0.317,0.778,-2.028,-0.369,-0.879
889,1.895,1.08,0.116,0.094,0.267
890,-0.058,-0.305,0.21,1.003,-0.305
891,0.386,1.771,0.643,-0.054,-1.14
892,0.571,0.162,-1.093,-2.839,0.985
893,0.745,1.044,-0.291,-0.277,-1.534
894,0.142,0.349,-0.428,-0.838,1.658
895,0.302,-0.412,-0.296,-1.71,-1.092
896,0.702,-0.772,-0.131,1.291,0.571
897,0.056,0.265,0.359,0.649,-0.051
898,-1.646,0.587,0.224,0.483,1.339
899,-1.238,1.327,0.972,0.176,0.436
900,0.073,1.134,0.687,2.355,-0.58
901,-0.585,-0.797,0.272,0.27,-0.041
902,0.487,-0.614,1.294,-0.135,-0.813
903,-0.213,0.538,-0.348,-1.567,0.701
904,0.003,1.96,0.208,2.429,-1.044
905,-0.121,-0.468,0.175,2.226,-0.045
906,0.401,-0.548,0.276,0.012,-0.128
907,0.068,-0.573,0.177,-0.671,0.016
908,0.337,-0.093,0.417,0.897,1.301
909,0.438,1.082,0.536,-0.94,0.95
910,-0.431,0.427,1.44,-0.324,0.316
911,1.073,-1.472,-0.038,-0.304,0.424
912,1.436,0.595,-0.472,1.394,-1.529
913,-0.308,-1.306,1.721,0.694,-0.97
914,-1.887,0.288,-0.537,0.288,-0.554
915,0.159,-0.869,-0.511,-0.879,-0.424
916,-0.284,-0.287,-0.166,1.687,-0.278
917,-0.887,0.823,-0.812,-0.445,0.16
918,0.179,0.095,-0.84,3.798,-1.002
919,-1.096,-0.484,0.848,0.455,-0.045
920,-0.416,-0.975,-0.557,-0.905,1.657
921,-1.114,0.031,1.418,-0.267,0.016
922,0.084,-1.281,0.632,0.149,0.107
923,1.09,-1.228,0.834,-1.261,0.451
924,-1.788,-0.753,0.127,-0.531,-0.036
925,-0.177,-1.906,-1.045,-1.266,0.519
926,2.226,-2.406,1.304,-0.608,-0.327
927,0.746,0.016,0.982,0.641,0.333
928,1.81,-0.951,0.215,-1.751,-0.839
929,1.677,-0.739,0.721,0.784,-0.291
930,-0.164,0.837,-1.891,0.583,-0.565
931,0.166,1.635,-1.795,-0.306,-1.715
932,1.022,0.114,-1.197,1.458,-1.433
933,0.742,0.96,-1.216,-0.387,0.338
934,0.918,0.752,0.095,1.251,-1.287
935,0.686,-1.722,-0.548,-0.31,0.219
936,-1.214,0.477,-0.005,-2.48,1.487
937,1.779,-0.665,-1.098,-1.567,0.31
938,-0.165,-0.018,-0.301,-0.698,0.704
939,1.53,0.643,0.84,-1.54,-0.934
940,3.307,2.153,0.919,-1.507,-1.997
941,0.879,-0.871,1.482,-0.742,-0.737
942,-0.927,0.485,-0.073,-0.48,0.337
943,1.538,0.515,0.629,-0.655,0.919
944,0.275,-2.292,1.402,0.323,0.169
945,0.32,0.055,-0.32,0.082,-0.818
946,-0.001,1.848,-0.699,0.561,0.069
947,-0.214,1.939,-0.567,0.239,0.423
948,-1.747,-0.57,-0.276,-0.627,-1.3
949,1.228,-0.364,2.652,1.099,-1.677
950,0.942,-0.843,-0.733,0.118,2.31
951,-0.073,1.829,-1.244,0.847,0.935
952,-0.525,0.553,1.762,1.431,-0.95
953,0.455,1.114,-0.096,1.086,0.348
954,-1.513,-0.435,-0.67,-0.931,0.232
955,0.331,0.404,-1.347,0.856,0.444
956,-1.949,1.393,0.129,1.217,0.285
957,0.146,-0.043,-1.01,-1.265,1.49
958,0.551,-1.145,-0.907,-0.142,0.362
959,0.611,0.784,-1.165,0.846,0.186
960,-0.615,-0.466,-1.78,-0.876,-1.802
961,-0.269,1.876,0.644,0.739,0.61
962,-0.025,-0.554,0.884,1.22,-0.043
963,-1.509,0.105,-0.21,-0.919,-0.141
964,-1.661,1.443,-0.168,-0.891,-0.472
965,0.032,0.047,-0.978,0.355,1.266
966,-0.924,-0.064,-0.029,-1.391,0.911
967,0.942,1.194,-1.256,-1.015,-0.106
968,0.501,0.077,-1.108,-0.175,-0.203
969,-0.309,-0.403,-1.032,-0.154,-0.191
970,-0.081,0.414,-1.383,-0.01,0.605
971,0.097,1.721,0.405,-0.469,0.37
972,0.842,-0.884,-1.313,0.305,2.7
973,0.239,-0.013,-1.375,2.367,0.302
974,-0.568,-1.713,0.246,-1.278,0.755
975,-0.654,0.728,-0.067,-1.908,0.557
976,2.148,-0.162,1.068,1.671,-2.712
977,0.557,0.457,-0.776,1.037,-1.075
978,-0.053,1.374,-1.818,0.797,-1.308
979,-1.163,0.702,-0.77,-0.609,0.491
980,-0.993,-0.842,1.041,-0.385,1.003
981,-0.097,-0.116,-1.589,-0.552,0.809
982,0.393,-0.2,1.808,1.331,0.35
983,0.319,-0.692,-0.693,-0.975,-0.047
984,1.147,-1.018,-1.119,-0.002,0.096
985,-2.674,0.227,-1.35,0.603,-0.721
986,1.839,-0.634,0.645,-1.318,-0.56
987,-0.801,2.054,1.065,1.23,0.83
988,0.28,0.905,0.508,-0.028,-0.496
989,-0.754,0.443,-0.127,0.411,-1.285
990,-0.264,0.167,0.075,0.966,1.387
991,1.321,-0.953,0.509,-1.573,-0.248
992,-1.087,-0.162,0.573,1.93,-0.828
993,-0.7,1.187,-0.377,-0.975,1.338
994,-0.546,-1.384,-1.491,0.278,0.862
995,-0.627,0.702,1.763,-1.283,-2.269
996,0.345,-0.039,0.032,0.407,1.75
997,1.185,-1.262,0.69,-0.714,0.207
998,-0.351,-0.395,0.609,1.39,-0.853
999,0.047,0.068,0.138,-0.221,0.809
1000,0.467,0.531,0.298,0.031,1.664
1001,-1.167,-0.25,0.693,0.714,-1.112
1002,1.174,-0.435,0.339,-0.687,1.308
1003,-0.141,-1.041,0.289,0.121,-2.365
1004,-0.784,0.193,0.686,0.603,-0.418
1005,0.821,0.562,-1.203,0.708,-1.009
1006,-1.87,-1.298,0.438,-1.578,1.286
1007,0.467,1.263,0.79,-1.108,-0.178
1008,0.525,-0.658,-1.112,-1.087,-1.647
1009,-2.04,-0.729,-1.169,0.494,-0.268
1010,1.092,0.61,0.025,-1.057,-1.678
1011,0.767,1.119,0.144,0.681,-1.24
1012,0.069,1.459,0.366,0.374,0.526
1013,0.915,1.186,0.196,0.662,0.425
1014,0.805,1.61,-0.524,-0.988,0.91
1015,0.859,1.786,-0.162,-0.179,1.173
1016,-0.948,-0.888,0.634,-0.402,1.17
1017,0.312,-0.442,0.676,1.319,-1.081
1018,0.351,-1.695,0.862,-0.441,-0.507
1019,0.472,-0.759,0.372,1.579,-0.491
1020,-0.614,0.002,-0.831,1.372,-1.632
1021,-1.153,-1.083,-0.363,-1.352,-0.419
1022,1.442,0.816,1.228,-1.102,-1.503
1023,0.786,0.415,1.595,0.633,0.579
1024,-1.202,0.859,-0.492,-0.608,0.294
1025,0.257,-0.055,-1.104,-0.978,-0.478
1026,1.683,-1.719,-0.704,-0.057,1.023
1027,-0.258,0.442,1.132,0.276,0.444
1028,-1.933,0.146,0.625,0.237,-0.984
1029,-1.414,0.428,-1.299,-0.378,0.908
1030,1.803,1.667,0.495,-0.303,0.885
1031,0.007,0.473,1.318,0.25,-0.468
1032,-1.168,-2.626,0.062,1.338,0.953
1033,2.04,-0.355,-0.473,0.507,1.215
1034,-0.235,0.745,0.833,-0.783,1.692
1035,0.124,0.233,-1.305,0.511,-0.706
1036,-0.288,0.599,0.045,-0.14,-1.318
1037,-0.375,0.167,-0.985,0.321,-0.795
1038,-1.9,-1.73,-0.225,-0.656,-0.459
1039,-0.638,-0.575,-0.096,-0.714,0.188
1040,-1.864,-0.419,0.514,-0.648,-0.665
1041,1.522,2.138,2.352,-0.329,0.874
1042,-0.073,0.478,-0.569,-1.135,1.183
1043,1.575,0.035,0.733,1.49,-1.787
1044,0.648,-0.926,-0.895,-1.916,0.78
1045,-1.124,-1.637,0.853,0.113,0.603
1046,0.354,0.732,-0.655,-1.218,2.753
1047,-0.12,-2.119,-1.485,1.123,-0.111
1048,0.034,0.556,1.229,0.555,1.156
1049,2.28,1.377,0.976,1.521,-2.089
1050,0.622,-0.656,-0.817,-1.043,0.773
1051,0.864,0.249,0.209,0.548,-1.144
1052,-0.81,-0.685,-4.397,-0.103,1.55
1053,0.01,-0.584,-0.073,0.197,-1.139
1054,0.241,2.091,1.61,-0.005,1.438
1055,0.858,0.934,-1.028,0.764,-0.378
1056,-0.337,-1.158,0.386,-0.514,-1.474
1057,0.309,-2.208,-0.087,1.479,-0.105
1058,1.094,-1.439,2.039,-1.019,1.39
1059,0.155,-0.465,-0.379,-0.569,-0.296
1060,-1.115,0.627,0.277,-0.943,1.98
1061,0.843,0.607,-0.652,0.847,0.369
1062,-0.766,0.253,-1.019,0.656,1.343
1063,0.025,-0.202,-0.31,0.995,0.93
1064,-1.693,0.987,-0.029,0.295,-0.219
1065,-0.756,-1.281,1.807,-0.802,-0.949
1066,-1.277,0.93,-0.536,1.638,0.093
1067,-0.583,-0.038,0.766,0.031,-0.042
1068,-0.722,1.849,0.69,-0.801,-0.019
1069,-0.027,-0.455,-0.956,-0.339,-0.423
1070,1.123,-0.656,-0.198,0.914,0.511
1071,-0.433,0.614,-0.688,-1.56,1.43
1072,-0.538,0.187,0.397,0.449,0.423
1073,-1.597,-1.245,0.468,0.526,-0.584
1074,0.096,0.636,0.692,1.082,1.029
1075,-0.162,0.024,0.267,1.561,2.8
1076,0.539,-0.043,0.989,-0.563,1.956
1077,-0.791,-0.496,-0.7,-2.622,-2.104
1078,0.919,0.645,1.543,-0.497,0.184
1079,-1.294,-0.153,-0.328,1.136,1.245
1080,-0.867,-0.857,0.109,0.018,-0.443
1081,0.637,0.196,-0.201,-1.69,-1.615
1082,0.384,-0.522,-0.272,-1.067,-1.576
1083,0.949,-0.981,-0.923,0.417,-0.549
1084,-0.47,-1.396,1.007,-2.436,0.229
1085,2.121,-0.847,-0.976,-0.095,-1.164
1086,1.466,-0.39,0.046,0.57,0.246
1087,0.596,-0.182,-1.885,1.046,-0.707
1088,0.122,0.998,-1.566,-0.586,0.381
1089,1.279,-1.394,-0.523,1.851,1.435
1090,-0.825,-0.318,-0.931,-1.339,1.039
1091,-1.128,-2.249,-0.297,-1.27,0.354
1092,-1.302,0.683,-0.67,-0.329,1.354
1093,1.353,0.935,2.488,0.838,0.638
1094,-0.083,-0.176,-0.48,0.228,-0.715
1095,0.234,1.366,2.461,1.243,0.784
1096,-0.554,1.151,-0.291,0.581,-0.863
1097,0.095,0.075,-1.292,0.918,0.755
1098,1.495,1.48,-0.231,0.137,-0.771
1099,-0.094,-1.436,-1.637,0.268,0.8
1100,-1.052,0.375,1.193,1.029,0.962
1101,0.019,-0.04,0.316,-0.353,0.949
1102,0.644,-1.138,0.769,-0.613,-0.761
1103,-1.456,1.154,0.101,0.973,1.379
1104,-0.412,2.277,-0.058,0.753,0.296
1105,-0.417,-0.091,0.833,0.525,-0.236
1106,-0.226,-0.554,0.277,0.121,0.276
1107,0.656,-1.735,-0.168,0.746,1.734
1108,0.998,-0.53,-0.738,-1.12,1.027
1109,-0.502,-0.647,0.112,0.576,-0.44
1110,-0.511,-0.16,-1.624,-0.453,-3.167
1111,0.483,1.082,1.239,-0.7,1.7
1112,0.098,-0.843,-0.927,0.354,0.817
1113,0.291,-0.051,1.364,-1.094,2.359
1114,0.123,0.945,0.105,-0.207,1.183
1115,-0.116,0.91,1.647,-1.948,-2.655
1116,-1.114,-1.427,-0.784,-0.709,0.568
1117,-2.765,0.674,0.451,1.58,-0.616
1118,0.231,-1.032,0.388,-0.084,-0.44
1119,-0.426,-0.024,-0.464,0.685,1.182
1120,-0.042,-0.353,1.896,-0.112,-0.468
1121,0.875,-0.169,-0.673,-0.0,-0.101
1122,-0.396,-0.979,-0.33,0.479,-0.85
1123,-0.914,2.042,-0.792,0.944,-0.281
1124,1.47,-2.197,0.713,-0.203,0.17
1125,-0.108,-0.07,0.582,-0.646,1.12
1126,-0.232,-0.436,-0.081,0.409,1.606
1127,2.347,0.097,-0.57,1.14,-1.459
1128,-1.225,0.564,1.705,0.188,0.503
1129,-0.731,-0.432,-0.69,0.336,-0.837
1130,-0.785,0.169,-0.381,1.041,0.754
1131,-0.737,0.074,-0.043,0.646,0.237
1132,-0.238,-0.868,0.987,-0.709,0.301
1133,-1.311,0.156,1.47,0.241,-0.248
1134,-2.622,0.06,1.429,2.191,0.981
1135,1.065,-0.515,0.989,0.451,-0.805
1136,-0.475,-0.428,-0.126,0.348,0.535
1137,-2.341,-2.435,-1.789,-0.592,2.713
1138,-0.766,0.121,1.17,-0.488,-2.889
1139,0.903,0.077,0.2,-1.385,0.085
1140,-0.579,-0.069,1.06,0.267,0.835
1141,-0.947,0.326,-0.408,-0.108,-0.655
1142,1.668,-1.291,-0.525,0.249,-0.121
1143,1.464,0.992,0.872,-1.148,-0.257
1144,1.255,1.494,-1.211,-1.107,0.008
1145,0.418,-0.633,-0.719,1.087,0.674
1146,0.253,-0.614,0.999,-0.109,1.613
1147,1.326,1.346,-0.577,0.43,0.546
1148,-0.635,1.282,1.696,0.903,-0.624
1149,-0.127,1.958,-0.123,1.069,-0.664
1150,0.273,-0.3,-1.258,0.438,0.325
1151,-0.257,0.527,-0.369,-0.553,0.941
1152,1.238,-0.686,-0.038,-0.1,-1.846
1153,0.076,-0.661,-1.981,-0.446,0.189
1154,0.122,0.304,-0.815,1.116,1.514
1155,0.368,0.048,-0.247,1.335,-1.822
1156,-0.617,0.763,0.248,-0.357,-1.744
1157,-2.469,1.713,-0.703,0.197,0.354
1158,-0.083,-0.675,-0.251,-1.128,0.513
1159,-0.124,1.411,0.08,-0.841,1.245
1160,-0.122,0.948,2.326,-0.509,1.587
1161,-0.765,-0.959,0.071,0.043,-0.769
1162,-1.277,-0.96,0.168,-2.666,0.357
1163,-0.214,1.564,-0.109,1.509,-1.827
1164,0.551,1.25,2.143,1.591,-0.404
1165,-0.836,-0.782,1.353,1.101,0.746
1166,1.978,0.311,-0.564,1.406,0.825
1167,0.168,-0.396,-0.776,-0.348,-0.754
1168,0.019,-0.862,-0.022,-2.179,-0.122
1169,0.714,0.921,0.43,1.113,0.12
1170,0.472,1.098,0.699,0.876,-0.369
1171,-1.188,-1.1,-0.219,0.409,0.687
1172,-0.957,-0.084,-1.683,-1.165,-1.286
1173,0.813,1.106,-0.817,1.173,-1.557
1174,0.412,-0.718,-0.205,-1.047,2.202
1175,-0.497,0.699,1.986,1.909,-0.282
1176,-1.458,0.03,1.631,0.271,0.636
1177,0.104,1.449,-1.489,1.368,0.606
1178,1.175,-0.169,2.359,0.101,1.004
1179,-1.266,-0.493,0.314,-0.136,-0.073
1180,0.259,1.903,-0.527,0.778,-0.509
1181,0.584,0.631,-0.075,-1.385,-0.537
1182,-1.717,-0.309,0.501,-0.855,-1.092
1183,0.929,-2.158,1.424,1.446,0.949
1184,-0.526,-0.846,-0.927,1.773,1.125
1185,1.492,0.517,-0.017,1.441,1.396
1186,-0.59,0.109,-0.197,1.55,1.001
1187,-0.315,0.266,1.396,-0.119,-0.611
1188,2.029,-1.554,-0.748,-1.242,-0.234
1189,0.442,-2.79,-0.193,-1.516,0.607
1190,-0.244,2.669,-1.085,-2.046,-0.269
1191,0.479,-0.285,-0.998,-1.12,1.472
1192,0.535,0.382,0.875,-1.143,-1.062
1193,1.057,1.455,0.273,-0.158,0.573
1194,-0.91,-1.552,-0.518,-0.642,1.075
1195,1.613,-0.34,-0.695,-0.825,2.109
1196,0.344,0.672,-0.093,1.321,-1.771
1197,-0.225,-1.269,-0.73,-1.325,-1.069
1198,-0.039,-1.087,1.116,0.577,-0.231
1199,-0.269,-1.181,-0.057,0.484,1.284
1200,-0.473,0.749,1.816,-0.72,0.42
1201,-1.615,-0.543,0.446,-0.267,-0.182
1202,0.284,-2.058,-0.084,0.233,0.726
1203,0.386,1.037,0.204,-0.999,0.7
1204,0.044,1.5,1.015,-0.532,-0.489
1205,0.835,0.062,-1.134,-0.386,0.118
1206,0.067,-0.537,0.235,-0.78,0.494
1207,0.111,-0.905,-1.759,0.881,-0.377
1208,-0.409,0.124,-0.03,1.311,-1.17
1209,1.413,-0.327,-0.225,1.696,-1.663
1210,0.919,0.846,1.494,0.682,0.118
1211,2.22,-1.255,0.087,0.588,0.171
1212,0.618,0.046,0.838,0.123,0.992
1213,0.825,-0.188,0.897,0.149,0.046
1214,0.205,-0.365,-2.38,0.116,0.343
1215,0.503,0.209,-0.783,0.721,0.096
1216,0.843,-0.883,-1.604,0.273,-3.034
1217,1.629,-0.207,-0.72,-1.551,0.416
1218,-0.297,2.649,0.302,1.319,0.909
1219,-1.653,0.775,1.646,1.88,1.283
1220,-1.818,-0.797,2.217,-1.651,1.067
1221,-0.05,-1.312,1.034,0.728,-1.405
1222,0.026,0.446,-2.157,0.649,0.256
1223,0.991,-0.034,-0.104,0.849,1.556
1224,-1.597,1.277,1.77,-0.834,1.196
1225,-0.345,0.705,0.706,0.79,-0.022
1226,1.117,1.637,-1.713,-0.989,-0.384
1227,-0.323,-0.462,-0.977,-1.106,1.26
1228,0.972,0.067,-0.688,-0.499,-0.271
1229,0.94,1.375,-0.835,0.145,-1.921
1230,-0.107,-1.029,0.775,1.045,-0.528
1231,0.526,-0.431,1.309,-0.07,0.063
1232,-0.44,-0.477,-0.345,-0.085,-0.824
1233,0.607,0.428,1.781,-0.082,-0.199
1234,-1.405,-0.453,0.146,0.716,0.633
1235,0.5,0.85,0.337,-0.946,0.514
1236,0.185,0.761,0.072,0.13,-1.756
1237,0.331,-0.67,-0.799,0.761,0.192
1238,-0.266,-0.394,1.453,2.238,-0.663
1239,-0.178,-1.296,0.66,-0.477,1.305
1240,-0.055,0.012,-0.017,-0.233,0.292
1241,0.716,0.734,1.097,-0.546,-0.339
1242,-1.122,-0.16,0.33,0.106,0.553
1243,-0.883,0.543,0.559,-0.883,-1.294
1244,-0.237,0.334,0.23,0.483,-0.589
1245,0.881,-1.02,-0.608,0.794,1.132
1246,-0.56,2.504,0.259,0.48,1.041
1247,0.122,2.338,0.543,-0.393,0.162
1248,0.643,-1.113,-1.031,0.45,0.318
1249,-0.683,-1.254,-0.404,-2.539,2.065
1250,0.535,0.388,-1.571,1.997,-0.043
1251,-0.687,1.354,-0.878,-0.352,0.252
1252,-1.153,1.927,-0.315,0.338,0.503
1253,-1.553,0.275,-0.26,0.262,0.632
1254,-1.186,-1.655,-0.245,-0.652,0.417
1255,0.58,-0.295,-0.234,-0.694,0.483
1256,-1.863,-0.419,-0.772,0.148,-0.145
1257,0.243,0.12,1.07,-0.018,-0.575
1258,0.41,1.776,1.024,-0.249,1.269
1259,0.297,0.203,0.317,1.214,-1.068
1260,0.078,1.235,-0.757,-1.464,-0.835
1261,0.825,0.678,0.407,1.713,0.637
1262,-1.284,-0.47,-0.283,0.395,-0.03
1263,-2.355,-0.094,-1.123,1.053,0.779
1264,2.245,0.276,0.693,0.78,-0.476
1265,-0.052,-0.458,1.881,-0.954,-1.094
1266,0.559,-1.275,-2.86,3.252,-0.429
1267,-1.015,0.867,0.589,0.597,1.605
1268,-1.235,-0.303,0.747,2.205,-0.305
1269,-0.87,0.075,-0.95,-0.665,-1.116
1270,0.404,-0.126,0.763,1.385,-0.631
1271,0.796,1.23,-0.968,0.49,1.052
1272,0.032,-0.229,0.295,-1.255,0.584
1273,0.619,1.618,0.849,0.461,0.573
1274,-0.581,-1.881,1.313,-0.778,-0.972
1275,-0.304,0.459,0.892,-0.382,0.234
1276,1.466,-1.284,-0.078,-1.008,-0.815
1277,1.707,0.085,1.331,0.269,-0.222
1278,0.218,0.301,0.879,2.981,0.836
1279,-0.5,-0.481,0.171,-0.852,-0.09
1280,1.237,0.33,-0.681,-2.736,-2.096
1281,1.71,1.251,0.687,1.592,1.496
1282,0.44,-0.717,-1.011,-0.301,-0.435
1283,-2.031,0.687,0.256,0.591,2.521
1284,-0.098,0.795,-0.468,-0.117,0.128
1285,1.249,0.509,-1.076,0.36,-1.423
1286,-0.708,-0.278,0.308,0.546,2.214
1287,-0.13,1.418,0.439,-0.709,-1.536
1288,-1.2,-0.354,-0.642,-0.811,-0.59
1289,-1.8,-0.026,-0.336,-0.692,-1.075
1290,0.075,1.213,0.007,0.223,1.543
1291,-0.807,0.242,-0.791,1.086,0.87
1292,0.942,0.399,0.165,2.385,-0.433
1293,0.475,-0.501,1.998,-0.373,1.712
1294,0.081,-1.147,1.17,1.812,0.544
1295,1.496,-0.573,-0.856,-0.264,0.117
1296,-0.666,0.495,0.855,1.007,-0.938
1297,-1.07,-1.18,0.069,0.305,-0.373
1298,0.475,-0.818,0.873,-1.27,-0.745
1299,-1.221,-0.215,-0.643,-1.382,1.071
1300,-1.607,-0.837,-0.082,-0.856,0.306
1301,-1.176,0.183,0.981,-0.032,0.139
1302,-1.337,0.87,0.766,2.145,-0.425
1303,0.147,-0.508,0.298,-0.965,-0.143
1304,-0.498,-2.749,-1.701,0.925,0.025
1305,-1.053,-0.76,-2.495,0.629,0.624
1306,-0.592,0.21,0.868,-0.459,0.483
1307,0.611,-0.006,-0.898,-0.56,1.042
1308,-1.57,-0.326,1.057,-1.292,1.209
1309,-0.268,-1.331,-0.652,-1.276,-1.245
1310,-0.495,-0.098,1.285,0.58,-0.86
1311,0.307,-0.918,0.537,0.511,0.774
1312,1.845,0.601,2.899,1.361,-0.367
1313,0.302,-0.183,0.108,0.476,1.149
1314,0.883,1.046,-1.595,-1.54,-0.019
1315,0.587,0.752,-0.144,-0.651,0.0
1316,0.86,-0.384,0.909,0.071,0.427
1317,-0.873,0.052,2.389,0.948,0.467
1318,-0.405,-0.888,-2.161,-0.633,-0.828
1319,-0.373,0.193,-1.474,0.315,0.407
1320,0.791,-1.173,-0.348,-0.766,0.324
1321,-0.268,1.168,0.252,-2.892,-2.267
1322,0.713,-1.656,-0.056,-0.604,-1.092
1323,0.702,0.826,1.191,1.004,0.718
1324,1.092,0.266,0.051,-1.598,0.062
1325,1.587,0.643,0.426,0.357,-0.487
1326,-1.102,0.863,0.874,-1.654,-0.343
1327,0.212,-0.069,-0.306,-0.875,-0.177
1328,0.647,-0.63,0.655,1.09,-0.604
1329,1.849,-1.22,-0.422,0.089,1.171
1330,-0.141,-0.492,-0.281,-0.255,0.95
1331,-1.252,-1.021,-1.367,0.793,-0.592
1332,0.705,-0.171,-1.279,0.25,-0.475
1333,-0.49,-0.942,0.532,-0.98,-0.078
1334,-1.018,-0.088,-0.529,-0.914,-0.052
1335,-0.273,-1.105,-1.063,-1.152,0.671
1336,-0.475,0.637,2.633,-0.34,-1.048
1337,-0.025,0.915,-1.034,0.858,0.94
1338,-1.062,-0.507,-0.136,0.758,0.53
1339,-0.773,-1.988,-0.367,1.332,-0.627
1340,0.648,0.156,-0.856,1.036,-0.168
1341,-0.63,-0.313,-0.426,-0.837,0.959
1342,-0.211,1.207,0.002,-1.527,1.213
1343,1.002,-0.118,-1.391,0.19,-0.075
1344,-1.214,-1.103,-0.9,1.333,-0.716
1345,0.783,0.164,0.488,-1.34,-0.191
1346,-0.263,-0.996,-0.736,-1.754,0.76
1347,1.121,1.443,2.135,0.525,0.306
1348,-1.951,-0.083,-0.043,0.389,1.134
1349,1.969,0.225,-1.223,-1.455,0.741
1350,0.82,1.814,-0.488,0.735,-1.184
1351,-0.991,1.003,-0.133,-0.607,-0.036
1352,-0.358,0.246,-0.78,0.556,1.986
1353,-2.086,-0.266,0.418,-0.164,1.342
1354,0.146,0.717,-1.103,0.526,-0.024
1355,-0.755,-0.602,0.039,-0.099,-0.537
1356,-1.471,1.345,-0.964,1.18,-0.166
1357,0.614,-0.558,1.226,0.277,0.758
1358,-0.843,-0.649,0.605,0.462,1.108
1359,0.554,2.443,1.965,-0.707,0.237
1360,0.071,0.914,0.44,1.766,0.408
1361,1.103,-0.593,1.149,-1.03,-0.607
1362,2.174,0.052,0.969,1.28,-0.425
1363,0.536,1.643,1.221,-0.35,-0.902
1364,-1.776,1.223,-1.001,-1.426,0.942
1365,1.947,-0.734,-1.348,-0.562,0.736
1366,-0.577,-0.18,-0.016,1.712,-0.422
1367,-1.879,-0.024,0.563,0.344,-1.301
1368,-1.068,0.482,-0.423,-0.035,-0.115
1369,-0.15,0.179,0.193,0.129,-0.364
1370,0.289,-0.952,-1.01,0.489,0.103
1371,-2.041,0.915,0.786,0.449,-1.809
1372,0.881,1.59,-2.111,-0.468,1.068
1373,-1.08,-1.797,-0.798,0.472,-1.958
1374,-1.765,1.18,1.056,0.306,0.168
1375,1.357,-0.387,-2.864,-0.776,-0.87
1376,0.995,0.21,2.404,-0.652,-1.48
1377,0.122,0.168,0.851,-0.525,-0.966
1378,-0.534,-0.813,-1.134,-1.481,0.27
1379,1.345,0.469,1.172,0.844,0.115
1380,-1.823,1.211,0.87,-0.566,-1.493
1381,-0.93,0.764,0.815,-0.524,0.034
1382,0.875,0.261,0.109,0.426,-1.707
1383,-1.039,-1.646,-0.276,-2.125,-0.983
1384,0.768,1.231,0.635,-0.756,-0.976
1385,-1.073,-1.974,0.156,-0.901,-2.007
1386,-1.244,0.374,-0.325,0.506,-0.403
1387,-1.066,-0.456,-0.839,0.405,-0.856
1388,-0.437,0.319,-0.392,-0.748,0.557
1389,0.101,1.124,1.757,-0.402,-0.011
1390,0.799,-0.732,1.94,1.334,0.191
1391,-0.431,-0.726,-1.561,-0.203,1.142
1392,-0.995,0.701,0.794,0.288,0.007
1393,1.666,-0.549,-0.472,-0.665,-1.889
1394,-0.12,0.715,0.1,-0.975,-0.863
1395,1.336,0.793,-1.182,0.075,0.258
1396,-0.801,-0.994,0.458,-0.08,1.89
1397,-1.781,0.76,-2.251,-0.049,1.541
1398,2.017,-1.134,-0.556,0.876,-0.664
1399,0.222,1.412,-2.073,-0.377,0.498
1400,0.029,-0.342,-1.35,0.197,0.342
1401,-0.577,0.999,-0.184,0.519,0.292
1402,-1.069,1.627,-0.114,-1.428,2.015
1403,-0.075,0.768,-0.797,0.239,1.257
1404,0.964,-0.696,1.996,0.375,-1.11
1405,1.128,0.167,-1.534,-0.235,1.965
1406,0.33,1.161,1.419,-0.818,1.1
1407,1.927,0.269,0.695,2.338,0.317
1408,0.809,0.191,-0.358,-1.267,-0.896
1409,-0.726,-0.456,0.28,1.539,-0.333
1410,-0.708,0.093,0.283,0.538,0.133
1411,-0.432,-2.299,-0.314,-2.285,1.602
1412,-0.76,-0.989,0.373,0.547,0.519
1413,0.113,-0.293,1.105,0.762,-0.299
1414,2.621,0.001,-1.33,0.353,0.666
1415,-0.729,-0.606,0.451,-1.448,-0.334
1416,0.332,0.947,-0.787,0.215,-0.226
1417,2.413,-0.922,-2.173,0.117,1.176
1418,-0.261,-0.235,-0.269,1.053,-0.833
1419,0.351,-0.02,2.789,0.152,0.408
1420,2.381,0.449,-0.274,0.439,0.141
1421,0.401,1.505,-2.058,-0.807,0.638
1422,-1.529,0.547,-0.525,1.225,1.242
1423,-0.639,0.013,0.62,1.332,0.238
1424,0.617,0.1,-0.498,-0.563,0.913
1425,-0.185,-0.593,0.047,0.385,-0.285
1426,-0.119,-0.879,-0.386,0.338,-0.408
1427,0.14,-0.9,-0.636,2.013,0.166
1428,-0.907,0.617,-2.766,-0.363,0.538
1429,-0.153,2.09,-1.729,0.077,1.285
1430,-0.651,-0.557,1.379,0.934,-0.014
1431,1.052,-1.341,-0.464,0.306,-0.86
1432,-0.319,1.633,0.476,-0.195,-2.412
1433,1.668,-0.769,-0.28,0.861,1.006
1434,-2.242,-1.07,-0.237,-0.527,0.499
1435,1.628,0.952,0.648,-1.816,-0.742
1436,-1.314,-0.196,-0.122,0.251,-0.091
1437,-0.019,-0.892,0.696,-0.284,0.242
1438,0.836,-0.871,-0.249,0.753,0.317
1439,-0.028,0.223,0.626,0.081,-1.576
1440,-0.489,0.668,-0.154,1.062,-0.369
1441,-0.931,-0.57,0.512,0.124,-0.897
1442,-1.789,0.465,-0.71,0.732,0.072
1443,1.213,-0.395,1.01,-0.131,-0.214
1444,-0.961,-0.329,-1.253,2.063,-0.589
1445,-0.825,-1.818,-0.461,-1.113,-0.721
1446,-2.128,0.371,0.952,-1.243,1.279
1447,0.548,-1.546,0.393,-0.217,-0.163
1448,-0.864,-0.188,-2.366,-0.736,-1.858
1449,1.283,0.646,0.626,0.737,0.59
1450,-0.199,-0.064,-0.366,-0.43,1.719
1451,1.223,1.789,-0.455,0.8,-1.533
1452,1.2,0.495,0.328,1.147,-0.889
1453,-0.579,-0.135,-0.562,0.224,0.847
1454,0.161,1.323,-1.204,-0.085,-1.746
1455,-0.66,-2.216,-1.681,0.703,-1.028
1456,-0.157,1.334,0.019,-0.448,-0.48
1457,-2.272,-1.494,-1.408,-1.026,1.035
1458,-1.062,0.277,0.303,0.958,0.931
1459,-0.348,0.225,-0.433,-1.079,-1.948
1460,-0.581,0.42,-0.884,-0.211,-0.29
1461,-0.131,-0.246,-0.207,1.251,-0.148
1462,0.061,0.652,0.803,-0.914,-1.273
1463,0.144,0.528,-1.968,0.544,-0.429
1464,-0.474,-0.166,1.078,0.368,1.957
1465,0.748,1.317,-1.792,1.033,-1.219
1466,-0.798,1.718,-0.066,0.821,-0.146
1467,-2.167,-0.098,0.658,3.107,1.095
1468,1.547,-0.108,0.471,1.36,-1.4
1469,0.493,0.747,-0.687,-1.437,1.002
1470,-0.816,0.174,-2.141,-1.402,-0.504
1471,-0.459,1.235,0.797,-0.711,1.134
1472,-0.675,-1.225,0.428,-0.814,-1.099
1473,-0.079,1.508,-0.031,0.975,0.013
1474,0.812,-1.828,0.424,0.697,-0.535
1475,-0.597,-0.865,-0.63,-0.609,0.004
1476,-0.854,-0.049,1.23,1.016,-0.735
1477,-0.431,1.205,-1.747,-2.513,0.896
1478,-0.494,-1.324,0.028,0.262,0.564
1479,-1.56,0.597,-0.169,1.513,1.497
1480,0.4,1.013,2.027,1.28,-0.03
1481,2.282,-0.67,-0.581,-0.123,1.379
1482,-0.905,-0.517,-1.295,2.263,1.239
1483,-0.265,-1.757,-0.174,2.535,0.797
1484,0.94,0.101,0.711,-0.567,-0.311
1485,-1.72,-0.535,0.613,0.114,-0.822
1486,0.34,0.721,0.792,-0.721,-1.448
1487,-1.18,2.664,-0.449,1.043,-0.763
1488,0.619,-0.631,0.686,-1.07,1.445
1489,0.356,0.083,-0.482,1.025,-0.487
1490,0.21,0.534,-0.326,-2.451,0.439
1491,2.566,-0.587,-0.882,-0.431,-1.264
1492,-1.539,-0.263,-0.051,-1.36,-0.656
1493,1.145,0.11,1.041,0.133,-1.489
1494,-0.699,-1.212,-0.146,0.904,1.679
1495,-1.672,-0.314,-0.066,0.222,-0.445
1496,-0.008,0.717,-1.087,-0.317,0.326
1497,0.247,-0.412,0.56,-1.034,0.879
1498,0.527,-0.363,-0.679,-1.051,-0.801
1499,-0.81,1.164,0.393,-0.3,0.895
1500,-2.233,-0.121,1.334,-1.517,-1.619
1501,0.196,1.917,0.603,0.914,0.264
1502,-0.473,-0.185,1.002,-0.135,-0.187
1503,-0.222,-0.606,-1.606,-1.511,-0.232
1504,0.816,-0.96,0.39,-1.067,0.06
1505,0.235,1.154,-1.331,-0.374,-0.378
1506,1.195,0.512,0.025,-0.83,2.626
1507,0.594,-2.064,1.358,0.528,1.204
1508,-2.084,-1.052,-0.606,0.982,0.806
1509,-0.187,-2.065,-0.48,-0.134,0.304
1510,-1.756,1.944,1.666,0.045,0.2
1511,0.717,0.166,0.985,0.275,-1.285
1512,0.046,0.073,-1.353,-1.545,1.393
1513,-0.546,-0.675,1.173,0.592,-0.408
1514,-0.094,-0.65,-0.537,-1.749,-0.197
1515,0.378,-0.417,-0.727,-2.101,-0.622
1516,-0.571,-0.877,0.702,-0.725,-0.661
1517,-0.832,-0.506,-2.402,-0.89,1.314
1518,0.622,-0.245,0.839,-1.08,-0.465
1519,0.304,0.999,-1.497,1.193,-0.858
1520,1.654,-0.567,-0.695,-0.183,-1.075
1521,-0.078,-0.956,0.308,-0.05,0.239
1522,0.148,0.719,-0.198,0.372,0.141
1523,-1.255,0.446,0.394,0.1,1.415
1524,-1.319,0.313,-0.466,-1.098,0.426
1525,-0.614,-1.552,-0.995,-0.669,0.455
1526,0.172,-0.998,-0.277,2.156,-1.85
1527,0.215,-0.809,-1.382,0.452,-0.124
1528,-0.202,0.757,-0.615,0.553,1.573
1529,0.388,-0.75,-0.063,1.058,1.195
1530,-1.06,0.039,0.778,1.358,0.542
1531,0.398,1.154,0.991,-0.166,-2.266
1532,-0.915,-0.705,0.815,-0.148,-0.111
1533,-1.33,-0.461,-0.567,0.446,-1.431
1534,1.33,1.14,1.04,1.092,-0.311
1535,1.644,0.509,-1.115,-1.035,-1.286
1536,-1.182,-0.966,0.84,-0.29,-1.054
1537,-1.447,-0.743,1.329,-0.645,0.122
1538,-0.05,0.622,-1.758,-0.473,0.097
1539,0.74,-1.36,-0.442,-1.498,-1.925
1540,0.949,0.332,0.185,-0.657,1.567
1541,0.552,0.853,-0.48,-0.081,-0.041
1542,-0.432,-1.277,0.475,-0.426,-0.029
1543,0.238,0.916,0.98,1.434,1.948
1544,0.359,1.854,0.06,-0.686,-0.045
1545,0.85,-0.096,1.098,-0.503,-1.654
1546,0.743,-2.367,-2.063,-0.53,-0.133
1547,-2.107,1.164,-0.086,0.103,0.384
1548,0.815,2.11,0.989,-2.259,1.927
1549,-1.551,-1.522,0.235,-0.267,0.921
1550,-0.951,-0.885,0.69,-1.331,-0.733
1551,-1.072,-0.338,1.19,0.099,0.325
1552,-0.792,-2.297,-1.801,-0.351,0.744
1553,0.748,-0.02,1.207,-0.295,0.202
1554,2.502,1.641,-1.17,-0.878,-0.017
1555,-1.95,-0.779,-0.477,0.304,-1.451
1556,-0.619,-1.615,-1.318,1.19,0.084
1557,-0.467,-0.556,0.577,-0.53,-0.499
1558,-0.003,-2.042,-1.763,0.469,-0.378
1559,-1.292,-0.21,-0.395,0.602,-0.959
1560,-0.653,0.888,-2.72,1.25,1.064
1561,-1.827,-0.014,-1.181,-1.01,0.709
1562,0.606,-0.632,-0.702,-0.761,-1.183
1563,0.277,-0.637,-0.087,-0.399,0.677
1564,-1.647,1.094,0.404,1.214,0.299
1565,-1.067,-0.855,0.497,0.064,-1.262
1566,-0.217,-0.624,-0.428,-1.306,-0.653
1567,0.149,-0.282,-0.585,0.955,0.883
1568,-0.428,-0.059,0.27,0.056,-0.715
1569,0.574,2.152,-1.401,0.846,0.67
1570,1.615,-0.671,1.509,-0.245,-0.379
1571,-1.511,-1.242,-0.024,-0.017,-0.244
1572,0.572,-0.524,-0.224,0.071,-0.817
1573,-0.286,0.54,0.5,-0.407,0.271
1574,0.547,0.647,0.527,-0.97,0.278
1575,-2.151,2.137,-1.413,1.561,1.583
1576,0.283,-0.4,-0.311,0.659,0.525
1577,-0.443,-1.034,1.147,0.724,-0.474
1578,1.196,0.999,0.892,0.886,-1.313
1579,0.269,-1.327,-0.037,0.583,-0.706
1580,-2.077,1.141,0.836,-1.077,-1.005
1581,0.207,0.307,-0.414,1.067,-1.161
1582,0.087,0.201,-1.93,0.04,-1.479
1583,0.204,1.745,-0.731,2.247,0.177
1584,-0.355,0.224,1.377,-2.142,-2.136
1585,0.663,-1.349,-0.026,-0.81,0.078
1586,1.228,1.733,-2.126,0.889,-1.507
1587,2.843,1.948,1.357,-0.206,-0.363
1588,-0.73,0.234,-0.914,0.103,-0.086
1589,1.705,0.886,0.757,1.575,1.455
1590,0.705,1.204,-1.415,-0.26,-0.985
1591,-0.224,1.406,0.732,-2.145,-0.019
1592,-0.065,-0.139,0.427,1.947,-1.101
1593,0.338,1.36,0.744,-0.407,0.486
1594,0.078,-1.421,-0.868,0.182,-1.312
1595,0.052,0.492,-0.228,0.799,0.834
1596,-1.722,-0.765,0.241,-1.335,-0.506
1597,-0.582,1.685,-0.097,-0.431,-1.56
1598,-0.921,-1.301,-0.396,1.449,2.111
1599,-1.141,0.75,-0.978,1.488,1.111
1600,-0.59,0.688,-1.21,-0.121,-1.236
1601,1.605,0.261,0.043,-2.883,1.335
1602,-0.064,-1.422,-0.496,0.376,0.613
1603,1.028,0.489,-1.213,-0.474,-0.281
1604,0.584,0.729,0.132,-0.584,-0.926
1605,0.948,-0.541,-0.376,0.918,-2.329
1606,1.517,0.979,-0.135,-1.03,-1.413
1607,-1.232,0.625,-0.042,-0.685,2.056
1608,0.121,2.234,1.188,-0.429,0.646
1609,0.53,1.13,0.803,-0.427,0.488
1610,0.202,-1.333,1.024,-1.14,-0.403
1611,0.21,0.298,0.985,-0.836,-0.688
1612,0.435,-1.295,-1.153,-0.21,-1.139
1613,0.429,-0.216,0.379,-0.904,0.35
1614,0.987,0.676,-0.423,-0.98,-0.872
1615,0.852,0.075,-2.116,0.709,0.212
1616,-0.531,1.523,-0.479,0.61,-1.329
1617,0.845,2.06,1.256,0.33,-0.506
1618,3.353,2.033,1.217,-1.086,-0.489
1619,1.033,0.608,0.703,-0.177,1.09
1620,0.774,0.485,0.726,1.13,-1.542
1621,-1.273,-0.773,0.524,-1.269,-0.728
1622,0.137,-0.275,0.215,0.59,1.162
1623,-0.559,0.009,-0.956,0.537,0.186
1624,1.26,0.237,0.81,-0.768,1.665
1625,0.264,-0.323,-0.771,1.391,-1.051
1626,1.15,-0.508,-0.509,-1.851,1.701
1627,-0.329,0.098,-0.237,-0.321,-0.716
1628,-0.073,1.298,0.588,0.253,0.119
1629,0.856,-0.267,-1.824,0.649,-0.874
1630,0.517,-1.671,-0.758,-0.4,1.134
1631,-0.224,1.115,-1.479,1.121,1.958
1632,0.854,-1.297,-0.192,-0.363,-0.152
1633,1.293,0.243,-0.516,-0.978,0.458
1634,-1.136,-0.623,-0.892,0.412,0.346
1635,-0.878,0.922,0.482,-1.796,-0.197
1636,-0.75,-0.246,-0.725,0.031,-0.259
1637,-0.604,0.792,0.109,-0.251,-0.272
1638,-0.608,-0.844,0.035,0.23,-0.862
1639,-0.822,2.485,-0.95,1.47,1.316
1640,-1.05,0.157,0.459,0.411,-0.685
1641,-0.254,1.932,-0.123,0.93,-1.817
1642,0.992,-1.115,-0.96,0.015,-0.971
1643,1.269,-0.671,-0.712,0.798,-3.405
1644,-0.437,-0.427,-0.47,-1.653,-0.794
1645,0.473,0.377,-1.903,-0.65,-0.302
1646,-1.466,-0.341,-1.297,-1.486,-0.509
1647,0.792,0.195,-1.045,-0.335,-0.897
1648,0.055,-0.198,-1.221,-2.997,0.219
1649,-0.021,1.208,0.241,-1.373,1.249
1650,0.217,-0.005,-0.457,1.234,-0.707
1651,-0.187,-1.463,0.473,2.884,-2.63
1652,-1.05,0.096,1.333,-0.34,0.439
1653,1.138,1.145,-0.41,-1.38,0.477
1654,-1.105,0.35,0.347,1.213,-0.682
1655,0.209,-0.362,0.139,0.718,0.631
1656,-0.22,-0.006,2.237,-0.963,-0.326
1657,0.97,-0.487,1.636,-0.883,0.78
1658,-2.721,2.059,-0.352,-0.343,1.066
1659,0.282,-1.004,-1.37,0.23,-0.485
1660,0.963,-0.911,0.253,-0.029,0.24
1661,-0.133,-1.201,-0.629,-0.997,0.648
1662,-1.945,-0.328,1.8,0.435,-0.317
1663,1.064,0.081,-1.01,1.041,0.385
1664,-0.552,-0.333,-1.353,-1.429,0.444
1665,-0.248,0.297,1.764,1.366,0.692
1666,-0.942,-0.046,1.378,0.056,-0.102
1667,0.987,2.497,0.565,-1.6,0.737
1668,1.249,-0.964,-0.736,-0.843,0.402
1669,-0.928,-0.061,-1.634,-0.216,-0.466
1670,-1.067,0.844,0.043,2.352,0.952
1671,1.517,-0.267,-2.181,0.647,-1.092
1672,-0.721,-0.611,-0.043,-1.843,0.48
1673,0.453,1.428,0.757,-0.927,-0.174
1674,0.181,0.263,-0.479,0.82,0.858
1675,1.591,-1.79,-1.225,-0.456,0.292
1676,0.477,-0.4,0.142,0.391,2.038
1677,1.258,2.595,-0.714,0.294,-0.551
1678,-0.835,-0.098,0.249,0.828,0.656
1679,1.343,1.506,0.115,-1.665,-0.566
1680,0.902,-0.174,0.585,-1.26,-1.936
1681,1.241,-0.952,-1.137,-0.303,0.605
1682,-1.561,1.254,-0.647,-0.226,-0.645
1683,-0.538,0.985,-0.073,1.132,0.709
1684,0.023,1.723,-3.06,0.711,-0.155
1685,0.605,0.545,0.84,-0.243,-2.331
1686,-0.13,-0.203,-1.092,1.047,1.001
1687,0.832,-0.22,1.473,-0.156,0.021
1688,-2.001,-1.47,-0.216,0.141,0.069
1689,0.009,1.759,2.06,0.317,-1.516
1690,0.224,-0.519,-0.597,-0.645,-0.937
1691,-1.059,-0.348,-2.01,-1.536,-0.498
1692,-0.559,-1.341,1.041,0.36,0.923
1693,-0.726,0.254,-1.495,0.298,-0.049
1694,2.144,0.74,0.123,0.331,0.579
1695,0.673,-0.918,0.67,1.455,0.344
1696,1.288,-0.451,-0.018,-0.859,1.051
1697,-1.065,-1.198,1.523,0.489,-1.029
1698,0.158,-0.468,1.966,-0.687,-0.1
1699,-0.155,-0.453,0.89,1.183,-0.887
1700,-0.734,-0.638,0.243,-0.879,0.262
1701,-0.243,-1.327,0.146,-2.194,-0.86
1702,-1.551,-1.237,-0.144,0.957,0.005
1703,-1.139,1.611,-0.466,-0.052,-0.562
1704,0.775,1.351,-0.599,-1.183,-0.02
1705,-0.885,2.246,0.354,0.626,-1.172
1706,-0.295,-2.397,1.437,0.21,-1.472
1707,0.126,-0.645,0.039,-0.23,1.595
1708,-1.52,0.32,0.065,-0.083,-1.823
1709,0.53,-0.466,0.566,-0.423,0.642
1710,1.144,0.419,0.667,-1.293,0.148
1711,1.276,-0.68,-0.336,-0.651,0.151
1712,0.255,-1.291,-0.015,-1.19,0.242
1713,-0.213,-0.116,0.455,1.842,0.528
1714,1.936,-0.776,1.03,-0.148,0.497
1715,-0.797,0.867,-1.017,-0.319,-2.531
1716,0.615,1.203,-0.335,1.062,2.185
1717,1.132,-1.151,2.053,-1.322,-0.56
1718,-1.533,0.916,-0.466,0.703,0.754
1719,1.201,0.215,-0.523,0.353,1.17
1720,-1.549,0.553,0.337,-0.744,-0.928
1721,-0.566,1.95,-0.881,0.889,-0.603
1722,-1.433,-1.123,-1.323,1.899,0.937
1723,0.729,-0.339,-0.849,-1.062,0.166
1724,0.783,-1.937,-0.472,1.189,0.064
1725,1.911,0.859,-0.216,1.641,0.761
1726,-0.651,-2.412,0.339,-0.802,-0.483
1727,-0.902,-0.213,0.395,-0.033,-0.087
1728,1.745,-0.292,-0.988,-0.127,0.543
1729,0.131,-1.053,0.295,1.159,-0.305
1730,-1.447,1.439,0.802,-0.407,-0.695
1731,-0.023,1.044,1.75,0.259,-0.318
1732,-0.238,-0.546,1.039,0.029,0.466
1733,0.952,0.659,-1.646,0.358,1.058
1734,0.992,-0.549,-0.473,0.565,-0.657
1735,-0.153,-0.361,-2.149,0.774,-0.424
1736,-0.439,-0.227,0.063,0.97,1.247
1737,0.233,0.842,0.593,-0.463,0.26
1738,-1.269,-2.029,-1.613,-1.662,-0.836
1739,1.696,0.441,1.178,-1.443,-1.279
1740,-0.277,0.55,-2.075,0.907,0.686
1741,1.113,-0.569,-1.424,0.937,0.033
1742,0.789,0.803,-0.991,0.149,-1.293
1743,-0.434,0.116,0.302,-1.52,-1.112
1744,-0.284,1.375,-0.382,-0.412,-1.557
1745,0.052,2.618,0.706,0.748,1.111
1746,-0.012,-0.059,-2.487,-0.628,-1.625
1747,-0.538,0.822,0.441,0.054,-0.051
1748,0.528,1.004,0.712,0.026,0.738
1749,0.358,1.359,0.609,0.235,0.771
1750,-0.26,-1.552,-0.151,0.628,-1.864
1751,-0.905,1.552,-0.124,-0.654,1.217
1752,1.22,-0.948,1.599,0.104,1.288
1753,0.411,-0.266,-0.382,-1.856,-0.246
1754,0.369,0.15,1.836,-0.461,-1.591
1755,-1.893,-1.34,0.717,-1.487,-0.354
1756,0.039,0.24,0.602,0.921,-1.067
1757,-1.493,-1.122,-0.628,-1.924,0.797
1758,-2.416,-1.469,-0.438,0.733,1.244
1759,-0.055,-1.983,-1.678,-1.069,-1.058
1760,-0.452,2.012,1.055,0.406,1.112
1761,0.599,0.34,-0.888,1.432,0.447
1762,-0.27,1.697,-1.355,1.145,0.005
1763,0.833,1.37,-0.438,0.404,-0.049
1764,1.729,-0.718,1.655,1.717,0.955
1765,1.24,-1.172,-2.545,-0.86,-1.613
1766,0.632,0.782,-0.721,0.822,-1.395
1767,0.676,0.042,0.583,0.13,0.981
1768,1.498,0.683,0.006,-0.914,0.136
1769,-0.608,1.605,-0.892,-0.527,-0.682
1770,-0.059,1.842,-1.084,-0.791,-1.454
1771,-0.735,-1.701,-0.639,-0.282,-0.413
1772,1.594,-0.143,0.651,0.839,0.624
1773,1.337,2.344,-0.046,-0.845,-0.94
1774,-1.11,0.585,0.166,1.672,-0.627
1775,0.905,1.016,-1.604,-0.941,-0.233
1776,0.179,1.769,0.194,-0.973,1.515
1777,-0.637,0.701,0.27,-1.11,-0.842
1778,-0.281,-0.564,0.127,1.11,-0.185
1779,0.265,-1.212,0.125,-1.177,-0.172
1780,-1.254,-0.931,0.293,-0.523,-1.536
1781,-0.946,1.036,-0.015,1.267,-0.043
1782,-0.449,-1.833,0.262,-2.178,-2.076
1783,0.749,-0.867,0.131,1.037,-2.451
1784,-0.325,0.278,0.867,0.527,-1.825
1785,0.401,1.504,0.984,-0.218,-0.18
1786,1.986,1.654,-0.079,0.034,-0.314
1787,0.304,-0.533,2.009,0.811,0.833
1788,1.229,-0.455,0.219,0.575,1.099
1789,-2.452,-0.172,0.627,-0.306,-0.74
1790,0.363,0.923,-0.48,-0.413,-0.94
1791,-0.324,-0.141,1.168,1.38,1.498
1792,0.095,0.004,1.549,-0.241,-1.698
1793,-0.681,1.454,-0.025,-1.36,0.138
1794,-2.151,0.059,0.228,-1.356,1.039
1795,-0.085,0.096,-1.876,-0.344,0.001
1796,-0.587,-0.033,-1.526,1.972,-0.429
1797,-1.215,0.495,0.676,0.125,-0.283
1798,-1.113,0.203,2.59,0.403,1.083
1799,-0.816,0.308,-0.054,-1.15,0.547
1800,1.521,0.023,0.768,1.161,0.962
1801,-0.302,0.884,0.274,1.407,1.402
1802,-0.613,-0.455,-0.702,-0.073,-1.207
1803,-0.45,-0.422,0.857,1.049,-1.223
1804,1.186,-0.669,0.153,-1.026,-0.579
1805,-1.118,-0.484,0.58,0.092,-1.038
1806,-0.856,1.723,-1.827,1.173,-1.844
1807,1.302,2.088,-1.291,-1.078,-0.843
1808,0.087,1.57,0.933,-0.689,-0.887
1809,-0.319,0.016,1.339,0.429,-1.05
1810,-0.449,0.131,0.145,-0.952,-0.174
1811,0.252,0.816,0.011,-0.185,-0.592
1812,1.185,0.764,-0.258,-0.107,-0.556
1813,0.888,-0.203,-0.194,0.085,-1.912
1814,-1.063,0.519,0.905,-1.359,0.506
1815,-0.583,-0.796,2.039,-0.828,-0.931
1816,-0.343,-0.598,-0.02,-0.046,0.519
1817,0.532,0.486,-1.792,0.981,0.321
1818,2.262,-1.194,1.758,0.57,-0.303
1819,-0.026,-0.936,-0.634,-0.448,0.576
1820,-0.814,-0.813,-0.949,-0.78,0.141
1821,-2.906,1.541,-1.11,0.337,0.718
1822,-0.047,-0.171,-1.382,0.533,-0.942
1823,-2.399,-0.66,-0.988,1.954,-0.653
1824,0.675,-1.326,-1.292,-1.285,-1.114
1825,-0.076,-0.979,2.123,-0.558,1.27
1826,0.499,-1.849,-1.8,0.795,1.256
1827,-0.704,0.917,-0.985,0.941,0.941
1828,-0.315,1.658,0.246,1.4,-2.302
1829,-0.975,0.779,0.309,-1.655,0.16
1830,0.276,0.642,0.742,0.246,-0.584
1831,-1.713,-0.064,-0.434,-0.914,-0.447
1832,0.701,-0.363,-0.474,-0.868,-1.587
1833,-0.111,0.779,0.657,-0.658,0.626
1834,-0.078,-0.391,1.036,0.438,-0.711
1835,-0.443,-0.399,-0.674,2.27,1.167
1836,-1.387,1.586,0.858,-0.829,-2.634
1837,-1.828,0.195,0.683,-1.745,1.05
1838,-0.469,-0.195,3.06,-0.541,0.97
1839,-0.457,-2.309,0.632,-1.051,-0.58
1840,0.076,0.387,-1.079,0.491,-0.988
1841,0.495,-0.153,-0.437,-0.479,-1.087
1842,-0.9,0.301,1.774,-2.157,2.031
1843,-0.397,0.246,-1.607,0.103,0.627
1844,-1.063,-0.642,-0.124,0.299,0.372
1845,1.708,0.746,1.238,2.612,1.265
1846,-1.32,0.8,-1.752,0.17,-0.202
1847,-0.214,0.221,-0.436,0.654,0.469
1848,-0.45,-0.283,-1.854,-0.98,-1.069
1849,0.202,-0.933,-0.547,-0.434,1.097
1850,0.383,0.886,-0.046,1.886,0.172
1851,0.563,-0.599,1.359,-1.824,0.871
1852,-0.156,-1.369,-0.76,-0.153,0.266
1853,-1.135,-0.34,0.334,0.297,0.55
1854,-1.406,-0.449,2.303,-0.13,0.239
1855,0.33,0.699,-1.079,-0.229,0.465
1856,1.175,-1.158,-0.536,1.878,-0.253
1857,0.915,-0.039,0.204,-1.948,-0.928
1858,0.524,1.399,-0.433,0.673,-0.503
1859,0.992,0.825,-0.215,-0.61,0.333
1860,-0.443,0.653,0.261,0.002,0.623
1861,1.007,-0.058,0.923,-0.727,0.792
1862,0.531,-0.288,0.668,-0.201,-1.007
1863,-0.502,0.326,-0.623,-2.453,-1.455
1864,-0.299,0.595,1.684,0.496,0.673
1865,-0.979,0.288,-0.657,-0.203,-0.584
1866,-0.75,-0.502,-0.02,-2.381,0.526
1867,1.955,-0.622,-0.265,1.041,0.715
1868,0.604,-0.789,1.94,-1.826,0.327
1869,-0.812,-1.478,-0.245,0.698,0.773
1870,-0.946,-0.728,-0.837,-0.148,-0.388
1871,-1.072,-0.212,-1.482,0.373,0.645
1872,0.364,-0.701,-0.02,1.295,-1.454
1873,0.428,0.785,0.53,1.918,0.198
1874,-1.423,0.503,-0.394,-0.914,-0.813
1875,-0.448,-0.431,-0.173,0.144,-0.617
1876,0.185,1.635,1.071,-0.528,0.179
1877,1.971,1.159,-0.659,0.665,-0.044
1878,0.096,-1.207,0.206,-1.288,0.934
1879,1.177,-1.715,-0.909,0.259,1.435
1880,0.872,-0.969,1.221,1.292,0.499
1881,-0.898,1.388,1.242,0.22,-0.374
1882,0.795,0.695,0.462,-3.616,-0.308
1883,-1.887,-0.395,-0.293,-0.757,2.075
1884,-0.552,-1.18,2.028,-0.923,-0.961
1885,-2.235,-0.905,-2.515,0.341,-0.233
1886,-0.214,1.148,-0.441,-0.698,2.916
1887,-0.137,0.936,1.309,-1.729,-0.909
1888,-0.042,-0.304,0.613,0.527,-0.516
1889,-0.245,-0.336,0.298,-1.17,0.28
1890,-1.963,-1.551,1.767,1.178,-0.737
1891,-1.438,-0.772,-0.213,-0.267,-1.176
1892,1.04,-0.843,1.232,-1.565,0.415
1893,-0.691,0.477,-0.931,-1.905,-0.123
1894,0.329,1.016,0.421,1.894,-0.245
1895,-0.557,-0.197,-0.307,-0.688,0.753
1896,2.053,-0.089,0.323,2.571,-0.349
1897,-0.82,-1.148,0.739,-1.412,-0.098
1898,-1.297,-0.986,-1.075,-0.902,0.984
1899,-0.107,-0.91,-1.688,0.567,-0.932
1900,-0.474,-0.88,-1.021,-0.715,-0.866
1901,-1.29,-0.817,-0.013,1.122,-0.162
1902,0.287,0.205,0.521,1.061,-2.713
1903,-2.034,-0.763,-0.601,0.579,-2.429
1904,1.248,-0.128,-1.737,-0.25,0.092
1905,0.287,0.876,-0.658,1.122,1.524
1906,-0.011,-1.144,-0.538,-0.671,1.088
1907,-2.067,1.327,-2.172,1.177,-0.323
1908,0.849,-1.485,1.247,-0.133,0.752
1909,1.228,-0.882,-0.026,2.779,-0.139
1910,0.719,-1.354,-0.784,0.149,-0.956
1911,-0.177,0.137,0.559,-0.609,0.81
1912,0.817,0.178,0.487,-2.424,-0.709
1913,-1.432,-0.97,-0.989,1.105,-0.851
1914,-0.746,-0.415,0.721,0.756,1.464
1915,0.724,0.709,0.522,0.488,-1.411
1916,-0.29,-0.761,0.817,0.733,1.568
1917,0.624,0.528,-0.683,0.735,-0.303
1918,-0.369,0.247,-0.126,0.861,1.661
1919,-3.016,0.986,-1.323,1.476,0.669
1920,-0.626,-0.36,1.139,0.908,-1.609
1921,-0.589,2.079,-0.669,-1.651,1.728
1922,-0.878,-0.555,-2.138,0.526,-0.226
1923,-0.728,2.355,0.955,-1.316,1.712
1924,-0.255,-0.594,-0.908,0.246,0.592
1925,1.219,1.989,-0.917,0.837,0.189
1926,1.642,-1.683,-1.998,0.017,1.095
1927,1.272,-0.165,1.41,0.031,-1.509
1928,0.419,-2.238,0.694,1.546,1.085
1929,0.867,1.288,-0.341,0.051,-0.0
1930,-2.172,0.836,0.582,-0.558,1.13
1931,2.173,0.863,-1.202,-0.479,-1.473
1932,-0.656,0.389,-0.622,-0.047,-0.379
1933,-1.177,0.025,0.707,0.889,0.014
1934,1.111,-0.205,0.558,0.176,0.176
1935,-0.766,2.25,-1.328,0.754,-1.151
1936,-1.462,0.557,0.466,-0.582,0.278
1937,-0.138,-0.727,0.124,0.529,0.815
1938,-0.263,-1.202,-1.455,1.377,0.653
1939,0.412,-0.972,0.433,-1.177,0.499
1940,0.276,0.713,-0.68,-1.4,0.68
1941,0.841,1.137,-0.134,-1.083,1.522
1942,-0.143,0.547,1.063,-0.081,-0.671
1943,0.085,1.01,1.924,1.398,0.068
1944,-0.548,-0.845,-0.928,-0.984,-0.067
1945,-0.884,-0.649,-0.365,-0.283,-0.235
1946,0.667,0.502,0.601,0.852,-0.457
1947,-0.389,1.83,1.034,-0.699,0.671
1948,-0.024,0.04,0.446,-2.235,1.786
1949,0.086,-0.351,-0.302,-2.301,-0.926
1950,-0.558,-1.608,0.172,-0.193,-0.578
1951,0.44,-3.232,-0.14,-1.818,0.213
1952,-0.654,1.529,0.292,-0.341,-0.311
1953,0.746,0.094,-0.363,-1.166,-0.175
1954,0.021,-1.728,1.844,1.184,0.829
1955,-0.218,-1.552,-1.444,-0.766,-0.484
1956,0.038,-0.293,-1.706,1.526,-0.904
1957,0.163,0.729,-0.323,0.333,0.028
1958,0.876,0.64,0.06,0.557,-1.243
1959,-0.519,1.169,0.369,0.351,1.964
1960,-0.062,1.337,-1.678,-0.426,-0.909
1961,0.344,0.523,-0.91,-0.23,-0.172
1962,-0.386,1.07,-0.657,-1.653,-1.479
1963,0.423,-0.825,-0.747,0.267,-1.433
1964,-1.897,-1.16,0.605,-1.36,1.243
1965,1.168,0.722,-0.053,-0.276,-0.013
1966,0.427,-0.05,-0.278,0.202,-0.407
1967,1.097,0.448,0.446,0.828,-0.119
1968,-2.332,-2.804,-1.049,-0.013,0.726
1969,-0.661,0.836,-0.844,-1.249,-0.199
1970,-0.3,-0.328,0.577,-0.991,0.646
1971,1.591,1.81,0.276,-0.977,-0.153
1972,-1.3,0.523,0.806,-0.964,-0.147
1973,-0.634,-0.497,0.484,-0.369,1.675
1974,-0.065,-0.167,-0.272,-0.005,-1.169
1975,0.929,-1.255,-0.423,0.428,0.31
1976,-1.06,0.732,-0.199,-0.519,-0.351
1977,0.147,0.913,-0.484,-0.153,0.398
1978,0.129,-0.19,0.544,-0.636,0.893
1979,-0.842,-2.199,-0.949,-0.1,0.139
1980,-0.338,1.364,1.036,-0.143,-0.967
1981,-2.06,0.991,-0.488,-0.01,-0.469
1982,0.513,-0.368,-0.325,0.402,-0.143
1983,-0.402,-0.185,-0.64,0.33,0.967
1984,1.779,-0.311,-2.124,1.264,-0.427
1985,2.633,0.345,0.935,-1.424,1.72
1986,-0.834,-0.047,0.54,0.644,0.285
1987,-0.659,1.856,0.003,-0.552,1.414
1988,1.509,-0.492,-0.05,0.942,-0.828
1989,-0.225,-1.332,0.635,1.681,0.754
1990,-1.04,0.966,0.278,0.042,0.877
1991,0.954,0.069,0.658,-0.633,-1.749
1992,2.406,-1.559,-0.984,-0.274,-0.964
1993,-0.734,-1.098,0.629,-0.077,0.89
1994,-0.845,0.115,-0.666,0.963,0.341
1995,0.337,-1.078,-1.612,-0.209,-0.462
1996,0.618,-0.019,-1.734,-0.601,0.71
1997,-0.866,-3.07,1.012,-0.786,-0.815
1998,-0.331,-0.695,-1.442,1.036,0.756
1999,0.367,1.258,-0.773,-0.301,0.986
2000,-0.468,-0.601,1.543,-1.779,-0.053
2001,-0.441,0.196,0.421,-0.657,-0.315
2002,-1.548,-0.49,-0.289,1.39,0.36
2003,0.401,-0.786,-1.126,-0.725,-0.112
2004,2.074,-1.072,-0.515,0.044,-1.432
2005,0.276,0.037,-1.922,1.105,0.958
2006,0.643,1.421,-1.11,0.358,-0.79
2007,0.697,0.687,0.326,1.438,-1.01
2008,-0.944,-0.422,0.609,1.664,0.454
2009,1.119,0.135,0.7,-0.776,0.328
2010,0.909,1.403,-0.46,-0.348,1.457
2011,-0.683,0.802,-2.622,0.201,-0.372
2012,0.332,-0.451,0.388,-0.438,0.419
2013,0.648,-0.36,0.158,-0.206,-0.245
2014,-1.151,-1.479,0.924,-0.664,-0.008
2015,-0.251,0.994,-1.025,0.33,1.429
2016,0.117,1.473,0.525,-0.078,0.278
2017,-0.247,-1.252,1.66,1.658,-0.796
2018,2.639,0.41,-0.743,0.39,0.894
2019,-1.781,-1.062,-0.126,-0.892,-1.774
2020,0.631,0.955,0.351,-0.929,-1.562
2021,0.72,-0.464,-0.658,0.048,-1.437
2022,0.427,-1.652,0.458,0.338,0.135
2023,-0.401,-0.605,0.529,0.039,0.71
2024,0.695,0.501,0.088,-2.443,0.763
2025,-0.685,0.753,-0.563,1.158,0.209
2026,-0.903,-1.662,-0.426,-1.132,-0.149
2027,0.197,-0.694,0.399,1.64,-0.873
2028,-0.3,1.065,0.779,-0.983,0.648
2029,-1.337,-0.672,0.312,-0.22,0.116
2030,-1.193,0.567,-1.196,-0.735,0.303
2031,-0.133,-0.959,-0.874,-0.136,-1.371
2032,0.449,-0.37,0.119,1.038,0.031
2033,-1.597,-1.638,-0.469,-0.381,-0.522
2034,-1.037,-1.921,-2.347,-0.178,-0.101
2035,-0.614,0.134,1.561,-0.109,-0.62
2036,-0.123,0.242,0.684,-0.685,-0.272
2037,-0.223,-0.691,-1.749,2.157,0.784
2038,0.235,0.579,1.266,-0.59,0.471
2039,-0.651,-0.565,-0.245,0.38,0.343
2040,0.813,1.405,0.189,-2.205,-0.091
2041,-0.254,1.592,0.492,-1.9,0.319
2042,-1.4,0.967,1.228,-0.372,1.962
2043,-1.036,0.338,-1.303,0.147,1.094
2044,1.236,0.252,-0.012,0.787,-2.008
2045,1.372,1.021,-0.671,0.308,-0.609
2046,-1.14,-0.031,0.434,0.087,-0.933
2047,-0.136,0.328,-0.259,-1.805,-0.741
2048,-0.761,0.237,-0.087,-2.63,-0.162
2049,0.727,-0.811,-0.541,1.265,-0.511
2050,-0.288,0.444,-0.229,0.767,0.162
2051,0.707,-1.436,0.346,1.737,0.299
2052,0.224,0.536,-0.293,0.495,0.135
2053,1.629,0.26,-0.569,2.233,1.671
2054,-1.225,1.701,1.726,0.005,-0.057
2055,-1.652,-0.625,0.515,0.964,0.476
2056,0.904,-0.095,0.64,1.014,-1.54
2057,0.863,0.475,-0.274,-0.889,1.404
2058,-0.437,0.503,-0.941,0.286,-1.272
2059,0.151,-0.432,1.75,1.328,-0.954
2060,1.671,-0.125,1.779,0.45,1.531
2061,-0.089,0.493,-0.805,-0.303,-0.268
2062,1.172,2.203,-0.711,-0.398,0.284
2063,-0.338,0.732,1.686,0.16,-0.928
2064,1.757,-1.105,1.031,0.501,-0.409
2065,0.671,-1.881,-0.267,0.531,-0.17
2066,-0.501,1.072,0.387,-0.296,0.915
2067,0.765,0.371,-1.838,0.894,2.028
2068,-0.795,0.785,-0.065,0.608,0.186
2069,-0.212,1.391,2.153,1.568,-0.777
2070,0.601,-0.084,-0.782,0.173,2.12
2071,0.273,1.64,0.672,-0.488,1.022
2072,-0.389,0.917,0.281,0.104,0.472
2073,1.689,-0.674,-1.209,-0.172,1.446
2074,-0.306,0.75,-1.249,0.016,0.688
2075,-1.034,-0.086,2.591,-0.599,1.078
2076,-0.752,-1.839,0.741,-1.929,0.525
2077,-0.766,-0.459,0.115,-0.427,0.941
2078,-0.199,2.123,-0.739,-0.015,0.148
2079,0.067,0.263,-0.22,-1.188,1.521
2080,-0.508,-0.792,1.452,-0.643,-2.357
2081,-1.579,-0.164,-0.954,-0.633,0.071
2082,-0.791,-0.953,1.015,-1.903,-0.829
2083,0.778,-0.731,-0.732,0.584,0.659
2084,-0.437,-0.26,-1.861,0.458,0.531
2085,0.437,1.03,0.079,0.951,-0.512
2086,-0.551,0.162,-0.094,0.092,-0.661
2087,1.113,0.057,-1.435,0.426,-0.487
2088,-0.138,0.632,-0.783,-0.356,0.054
2089,-0.66,0.083,-0.125,-1.768,1.397
2090,-0.853,1.138,-1.049,-0.483,-2.15
2091,-0.768,-1.852,-0.7,-1.193,-0.189
2092,-1.01,0.001,-0.17,1.139,1.979
2093,-0.682,1.33,-1.422,1.037,-0.703
2094,1.115,-1.706,-0.717,-1.867,0.12
2095,0.511,0.108,0.773,-1.808,-0.823
2096,0.003,0.065,-1.497,-1.118,0.356
2097,-0.21,-1.703,0.609,0.801,-2.168
2098,-0.303,-0.38,0.21,1.019,-0.998
2099,-0.472,3.478,0.254,-0.357,-0.895
2100,-3.127,-0.409,0.041,-1.748,0.514
2101,0.932,-0.502,-1.079,-0.828,0.882
2102,-1.589,0.69,0.753,0.576,-2.937
2103,-1.359,1.931,-1.242,-0.723,0.72
2104,-1.123,0.291,1.659,0.298,-1.049
2105,-0.387,-1.045,1.931,-0.395,0.29
2106,0.666,2.454,0.087,-0.048,-0.867
2107,-0.122,0.089,-1.013,-0.193,1.268
2108,0.02,-0.033,0.736,-1.56,0.153
2109,0.242,0.305,-0.056,1.032,-0.306
2110,-0.071,0.39,2.051,0.269,0.671
2111,0.043,-0.832,-0.109,-0.006,0.89
2112,0.461,-1.205,0.49,-0.145,0.215
2113,0.889,1.13,-0.505,-0.891,-0.574
2114,0.754,-1.036,1.735,0.719,-0.173
2115,-0.345,0.226,-0.132,2.346,0.066
2116,1.415,-0.774,0.151,0.032,-1.047
2117,0.963,2.485,1.778,0.059,0.72
2118,-1.967,-1.272,-0.061,0.328,-0.861
2119,1.821,0.622,-1.185,-2.192,1.643
2120,-0.276,0.599,-0.749,-1.251,-1.505
2121,-0.376,-0.465,0.397,-0.851,-0.043
2122,-0.39,1.014,-0.014,0.607,-2.418
2123,-0.398,-1.14,0.169,1.392,0.154
2124,1.43,1.06,0.529,-0.519,2.934
2125,0.426,1.268,0.391,-0.091,-1.449
2126,0.011,0.79,-0.78,1.143,-0.14
2127,1.324,-1.683,-1.212,-1.039,-0.998
2128,0.904,-1.34,-1.731,0.134,0.203
2129,-1.292,-1.347,-0.094,0.12,0.925
2130,0.472,0.098,1.956,0.889,-0.455
2131,0.349,-0.421,0.04,-0.356,1.122
2132,0.714,0.504,-0.51,-0.411,-1.661
2133,0.39,1.09,1.335,-0.694,-0.17
2134,-0.221,0.955,0.542,-0.113,-0.388
2135,1.189,-0.352,-1.83,-0.24,-0.859
2136,1.511,-0.895,-1.453,0.314,-0.288
2137,-0.177,-1.926,0.664,-0.268,0.164
2138,-1.082,-0.96,0.646,-1.922,-0.151
2139,0.405,-0.389,-0.057,1.859,0.179
2140,0.74,0.714,-2.263,-0.662,0.849
2141,0.49,-0.39,-1.135,1.486,-1.408
2142,-0.408,-1.208,-0.109,-2.327,0.12
2143,0.454,0.367,0.457,-0.065,-1.211
2144,-0.917,1.752,1.357,-1.835,1.413
2145,-0.703,-1.753,-0.02,0.386,-0.445
2146,0.823,1.215,-0.778,-1.336,-0.128
2147,-0.25,1.591,-0.392,-0.578,0.814
2148,-0.365,0.416,1.313,-0.904,-0.371
2149,0.089,1.544,0.42,-1.311,0.716
2150,0.737,-0.744,-1.711,3.053,0.627
2151,-0.736,-0.199,0.838,-0.723,3.444
2152,-2.474,0.136,1.93,1.699,-0.348
2153,0.944,-0.603,0.882,0.271,-0.743
2154,-0.706,0.582,0.308,1.289,-2.781
2155,-0.435,-2.457,0.734,0.504,-0.786
2156,-0.533,-0.106,-0.208,-0.86,-0.37
2157,-0.477,-1.918,-0.965,-0.157,-0.25
2158,-1.726,0.579,-1.284,0.944,-0.058
2159,-0.72,-0.294,-0.381,1.368,-2.028
2160,1.464,-1.456,1.456,1.005,-0.024
2161,-0.082,-0.174,0.719,-0.808,0.936
2162,-0.775,0.125,2.317,-0.161,-0.331
2163,-1.616,-0.567,1.348,-0.045,-0.104
2164,-0.786,-0.101,-0.707,0.611,-1.265
2165,0.389,-0.423,-0.13,2.274,1.069
2166,0.526,-0.134,1.148,1.735,-1.087
2167,1.573,0.163,-0.776,1.129,0.243
2168,0.797,-2.345,0.58,0.406,-1.943
2169,-2.065,0.74,0.361,0.896,0.168
2170,2.205,1.0,-0.794,1.522,-0.078
2171,-0.063,0.033,-0.222,1.518,-0.926
2172,0.562,-0.443,0.713,-0.008,0.372
2173,-0.782,-1.979,-0.303,0.099,1.44
2174,0.437,0.381,-0.841,-0.188,1.602
2175,-1.131,-0.798,-0.339,-0.525,1.007
2176,0.455,-0.719,-0.047,-0.041,0.329
2177,1.01,-0.848,-0.436,-0.641,0.851
2178,-0.891,-1.029,1.888,0.678,-0.112
2179,0.789,-0.907,1.417,0.105,-1.101
2180,0.842,1.165,0.204,-0.621,-0.029
2181,1.175,-0.106,-0.457,0.016,0.855
2182,-0.927,0.394,1.702,-1.076,-0.19
2183,0.723,0.253,-0.054,1.746,-1.376
2184,-0.485,-0.167,-1.622,-0.2,-0.556
2185,-0.907,-1.305,-0.433,-2.597,0.356
2186,1.587,-0.43,0.07,-0.697,0.067
2187,-0.014,1.026,-0.784,-0.328,0.976
2188,0.512,0.372,-0.799,2.04,0.768
2189,1.146,-1.037,0.405,1.253,-0.189
2190,-0.563,0.531,0.376,1.196,2.661
2191,-0.371,-0.866,0.204,0.376,-0.063
2192,-0.874,-0.104,-1.565,-0.42,-0.573
2193,-1.036,0.998,-0.288,0.329,0.025
2194,-0.618,1.24,1.213,-1.55,-0.172
2195,0.268,-1.59,-0.418,-0.472,-1.736
2196,1.34,-1.212,0.009,0.731,1.743
2197,0.971,1.365,-0.391,1.507,-0.187
2198,0.664,2.261,-0.804,1.084,1.56
2199,0.198,0.02,-1.358,-0.068,0.597
2200,1.54,-1.579,-0.484,0.29,1.542
2201,-0.817,-1.495,-0.738,-2.228,0.31
2202,-1.121,0.713,-0.878,0.874,-0.201
2203,-0.61,0.809,-0.279,0.645,1.325
2204,1.372,-0.576,-0.507,-1.692,2.217
2205,0.902,-0.317,0.284,-0.256,0.152
2206,-1.509,-0.211,0.087,0.081,-0.484
2207,-0.692,-0.475,0.282,-0.298,0.791
2208,0.172,-0.837,-0.904,-0.915,0.357
2209,0.774,0.688,0.702,-0.072,0.114
2210,-1.062,0.473,1.052,0.35,-0.136
2211,-1.262,0.211,0.067,0.693,-0.232
2212,1.405,-0.521,-0.625,-0.312,-0.485
2213,-0.016,-0.244,-0.994,-0.087,-0.308
2214,-1.646,0.424,0.076,-1.651,0.689
2215,0.696,-1.121,0.02,1.284,0.341
2216,0.034,1.503,1.584,0.23,0.397
2217,-0.971,-1.228,0.255,0.106,0.054
2218,-0.266,-0.55,-0.218,0.744,-0.159
2219,0.403,-0.243,-0.631,-1.367,-0.041
2220,-0.066,0.254,1.112,0.23,0.349
2221,0.418,1.013,-1.151,0.427,-0.456
2222,-0.542,0.325,0.285,0.311,1.318
2223,-0.535,-0.928,0.474,1.719,0.127
2224,0.822,0.329,1.619,-1.122,0.645
2225,-0.45,-0.32,0.29,-0.609,1.092
2226,-1.178,-0.344,-1.785,-0.469,2.079
2227,1.913,0.591,0.481,1.287,-0.12
2228,-1.23,-0.782,1.09,-0.839,1.318
2229,0.254,0.488,0.893,0.071,0.188
2230,1.018,1.584,0.024,2.121,1.444
2231,0.212,1.216,0.472,0.826,-0.942
2232,1.82,1.223,-0.422,-1.522,-0.006
2233,0.417,0.057,0.959,-0.292,0.878
2234,-0.828,-0.537,-0.793,-1.298,-0.942
2235,1.116,-0.171,-0.197,0.627,0.998
2236,-0.271,-1.128,-0.623,1.32,-0.902
2237,-0.599,0.433,0.077,-1.294,-0.285
2238,-0.671,-0.281,1.175,-0.273,0.967
2239,-0.7,0.238,0.951,-2.423,0.987
2240,-0.605,-0.642,-0.374,0.442,-0.819
2241,-0.908,0.461,-1.004,-0.613,-0.621
2242,-0.399,0.986,-0.211,-1.054,0.306
2243,-0.096,1.133,-0.386,-0.503,0.946
2244,-0.187,-0.757,0.84,1.609,-0.285
2245,1.102,-0.628,-0.854,0.94,-0.811
2246,-0.408,0.919,0.58,-1.673,-0.804
2247,0.064,-0.547,-1.424,-0.561,-0.215
2248,-0.686,1.094,0.279,0.585,-0.176
2249,0.943,1.37,0.186,1.812,-0.801
2250,0.556,-0.52,-2.577,-2.0,-1.063
2251,0.202,0.591,0.345,-1.06,-1.568
2252,0.19,0.587,-0.226,-0.732,-1.137
2253,0.736,0.839,-0.85,-0.821,-0.024
2254,1.147,0.148,-0.658,0.389,0.686
2255,0.274,-1.297,-1.311,0.952,1.504
2256,1.351,-1.297,-0.372,1.042,0.443
2257,0.159,1.663,-0.349,-1.195,0.358
2258,0.989,-1.102,0.008,0.914,-0.398
2259,-0.059,-0.796,-0.986,-0.416,-0.401
2260,-0.624,-0.545,-0.873,-0.027,-0.326
2261,-0.261,-0.391,-0.838,0.557,-0.17
2262,-0.097,-0.853,-0.027,-0.444,0.07
2263,0.237,0.035,-0.266,0.236,0.497
2264,-1.053,-1.383,-1.206,-0.389,1.654
2265,0.098,0.577,-0.366,-1.799,-1.019
2266,-1.526,-1.549,-0.088,0.442,-1.195
2267,1.693,-0.522,-1.245,-0.141,-1.112
2268,0.082,0.329,-0.143,0.265,0.334
2269,-0.83,0.773,-0.35,-1.506,0.805
2270,0.392,2.245,0.819,0.558,-0.093
2271,0.153,-2.063,1.179,-1.12,3.494
2272,-0.188,0.959,0.652,0.818,0.72
2273,0.675,1.762,1.848,0.452,0.158
2274,0.05,0.619,0.967,-0.351,-1.24
2275,1.129,1.005,-0.973,0.221,1.086
2276,-0.188,-0.291,1.82,-1.085,-1.498
2277,-1.697,2.516,0.641,1.086,-0.847
2278,1.552,-0.348,1.886,1.452,-1.022
2279,-0.596,-1.267,-0.324,0.24,-1.782
2280,1.225,0.564,1.121,-1.289,1.615
2281,1.022,-0.236,0.42,-0.455,-1.407
2282,1.037,-0.602,-1.021,-0.715,0.785
2283,1.132,1.59,0.489,0.11,-1.901
2284,1.045,1.588,-0.364,1.339,-1.03
2285,0.367,-0.371,-1.343,0.345,1.095
2286,1.312,-0.398,-0.656,-1.404,-1.07
2287,0.775,0.35,1.42,0.106,-0.373
2288,0.549,1.301,0.442,0.517,0.399
2289,-0.177,0.199,0.197,0.172,-0.463
2290,0.106,0.408,-0.268,-1.127,0.418
2291,-0.209,-0.903,0.544,0.39,-0.444
2292,-0.295,1.716,0.232,-0.21,-0.397
2293,-0.127,-0.469,1.339,1.001,-0.519
2294,0.202,0.679,0.611,1.368,-1.221
2295,-0.599,0.542,-0.247,1.243,-0.127
2296,-0.743,1.274,-0.844,-0.444,-0.425
2297,-0.03,1.681,-1.272,-0.583,-1.253
2298,-0.222,0.697,1.848,1.403,0.26
2299,0.068,1.117,-1.335,1.038,0.502
2300,0.963,-0.217,-0.279,0.451,-0.816
2301,-1.516,2.778,0.383,-0.342,0.348
2302,-0.272,-0.245,0.833,-1.313,-0.255
2303,-0.868,-1.786,-1.001,0.625,0.778
2304,-0.315,-0.487,-0.42,0.992,0.549
2305,0.748,-0.423,1.179,-0.318,0.007
2306,-1.631,-0.415,-0.475,0.691,1.38
2307,-0.97,1.143,-0.51,-0.858,-0.359
2308,0.55,-0.544,0.458,0.647,0.388
2309,-1.211,-0.482,-2.453,1.126,-1.385
2310,-0.761,0.099,0.407,0.499,1.04
2311,-0.359,-0.469,-0.686,1.166,-1.335
2312,-0.877,-0.981,-0.259,-1.352,0.394
2313,0.333,-0.321,-0.822,-0.82,0.601
2314,-0.192,1.464,-0.693,0.289,-0.286
2315,-0.736,-0.742,-0.848,-1.73,-0.043
2316,-0.868,0.643,-0.143,-2.388,-0.545
2317,1.107,-0.028,-1.503,1.374,0.186
2318,0.199,0.876,-0.409,1.268,-1.297
2319,-0.404,0.717,-1.247,0.012,-1.143
2320,0.684,-0.788,-1.172,0.476,1.138
2321,-1.732,-0.761,0.805,-1.101,-0.69
2322,-0.233,-0.193,-0.804,0.421,0.955
2323,0.048,1.669,0.764,-1.026,-0.526
2324,1.2,-1.29,0.409,-0.636,-0.328
2325,1.45,-1.066,-0.527,0.592,-0.024
2326,1.143,0.161,-0.867,0.099,0.845
2327,0.626,-0.963,0.99,0.253,-0.673
2328,0.414,0.478,0.615,-0.502,0.051
2329,-1.938,0.74,-0.611,0.695,-0.3
2330,0.271,-0.034,0.456,-2.194,0.302
2331,-0.379,-0.171,-0.216,-0.502,-0.822
2332,-0.935,0.975,-1.241,0.587,0.811
2333,-1.265,-0.703,0.516,-1.493,0.445
2334,-2.297,0.682,-1.054,0.642,-2.775
2335,-0.363,-0.231,0.25,-0.871,-0.101
2336,0.01,-1.146,1.137,-0.451,0.901
2337,0.46,-0.684,-0.275,-0.268,-0.635
2338,-0.195,-0.934,-0.67,-0.901,-0.991
2339,-0.186,0.181,0.074,-1.132,-0.704
2340,0.466,-0.001,-1.197,-0.495,-0.801
2341,-0.571,-1.139,0.352,0.852,0.398
2342,-0.626,0.385,0.68,1.063,0.151
2343,0.454,1.775,-1.139,0.001,0.891
2344,0.343,0.061,1.664,-0.205,0.657
2345,-0.457,1.16,0.351,0.207,-0.03
2346,-2.94,-1.609,1.017,-0.614,-1.784
2347,-0.846,-0.867,0.38,-1.119,-1.308
2348,-1.76,0.753,1.636,-0.524,0.275
2349,1.306,0.469,0.478,-0.886,-0.948
2350,-0.472,-0.338,1.452,0.633,0.416
2351,0.432,0.044,0.093,-0.809,-1.052
2352,-0.585,-0.334,-0.14,1.542,-1.089
2353,-0.092,0.723,-1.01,-0.712,-1.151
2354,-0.45,-0.117,-0.683,1.185,0.43
2355,-0.315,-0.163,-0.479,0.381,-0.607
2356,-0.199,0.248,0.076,0.235,0.381
2357,-1.759,-0.059,-2.254,-0.262,0.301
2358,-0.94,-0.328,0.89,-1.347,0.682
2359,-2.683,-0.725,-0.333,-0.763,0.014
2360,0.576,0.828,-0.252,0.159,0.673
2361,-0.426,1.324,0.619,-0.683,0.578
2362,-0.098,0.258,0.48,-1.409,-0.093
2363,0.308,0.468,-1.218,-1.121,0.408
2364,0.562,0.67,-0.261,1.746,1.924
2365,-1.057,-2.497,0.536,-1.947,-0.004
2366,0.119,0.251,-0.358,-0.248,0.208
2367,1.282,-0.316,0.504,0.232,1.403
2368,0.609,-1.019,0.048,-1.705,-0.443
2369,0.584,0.875,0.971,0.97,0.176
2370,0.402,-1.605,1.137,0.66,0.653
2371,-0.966,-0.958,0.949,-1.084,-0.514
2372,-0.832,-0.655,-0.409,0.698,0.423
2373,-0.081,0.006,0.725,-0.818,0.381
2374,-0.834,-1.679,-1.287,-1.766,-0.973
2375,-0.101,-0.295,-1.37,0.576,0.39
2376,-0.104,-1.087,0.335,-1.002,-0.961
2377,-1.64,0.491,-1.487,-1.083,-0.006
2378,-1.648,1.454,-0.193,1.1,-0.349
2379,0.304,0.789,0.132,1.141,-0.258
2380,-1.36,0.536,-0.055,0.068,-0.959
2381,-0.081,-0.681,-1.585,-2.674,-0.563
2382,0.543,-0.359,-1.537,-0.809,0.122
2383,-0.265,-2.097,1.649,-0.552,0.469
2384,-2.12,-0.922,-1.446,0.963,0.765
2385,-1.008,0.085,-0.84,-0.216,0.111
2386,0.301,-0.802,-0.786,0.418,-0.465
2387,0.795,0.209,0.657,-0.242,-0.316
2388,0.204,1.926,0.543,0.383,0.802
2389,-0.651,1.001,-2.031,-1.039,0.081
2390,0.806,-0.178,1.778,-1.383,2.438
2391,0.035,1.007,1.395,-0.208,-0.711
2392,1.015,-1.128,-1.38,0.709,0.026
2393,-0.553,0.308,0.45,0.249,-0.99
2394,0.026,0.237,1.543,1.011,-2.002
2395,1.398,0.602,-0.752,-0.687,0.323
2396,0.4,0.157,0.785,-0.127,0.181
2397,-0.122,-0.558,1.363,-0.11,0.122
2398,-0.518,-0.755,-0.607,0.432,-0.381
2399,1.25,1.558,-1.159,-1.171,1.071
2400,-2.025,-0.601,0.365,0.167,-0.14
2401,-0.295,0.72,-1.295,0.175,-0.057
2402,-0.7,0.526,0.91,-0.47,0.265
2403,-0.23,-0.233,-0.594,-0.466,1.691
2404,-0.653,0.696,0.83,1.055,0.515
2405,-0.237,-0.112,-0.105,0.733,-0.237
2406,-0.499,0.525,-0.935,0.239,0.507
2407,-0.563,-0.734,-0.676,-1.582,-0.457
2408,-1.351,1.575,-0.233,-0.534,-2.061
2409,-0.832,-0.934,0.648,0.531,1.651
2410,0.483,-0.176,1.666,0.958,0.19
2411,-0.086,0.359,-1.291,1.028,0.169
2412,0.239,0.392,1.3,-0.502,-1.317
2413,-0.462,0.099,0.052,-0.667,-0.545
2414,-0.614,0.91,-0.47,-0.59,0.117
2415,-0.676,0.492,-0.431,0.651,-0.078
2416,0.078,0.8,1.106,0.755,0.452
2417,0.12,-0.175,-1.155,1.242,-0.653
2418,-0.58,0.149,0.746,-0.208,0.319
2419,-2.156,-0.022,1.583,1.437,0.732
2420,-0.254,-0.285,0.729,0.57,-1.148
2421,2.458,-1.123,0.81,0.395,1.255
2422,-1.855,0.764,-0.024,0.458,-0.316
2423,-0.07,0.204,-2.374,1.934,1.502
2424,-0.51,0.374,-0.074,-1.286,-0.178
2425,0.131,2.297,2.114,0.769,0.338
2426,1.557,-0.299,-1.423,-0.561,0.738
2427,0.234,0.644,-1.161,0.099,-1.033
2428,-0.174,-0.938,-0.621,-1.268,-0.557
2429,0.461,0.123,0.608,-0.124,2.487
2430,-1.82,0.117,2.319,1.422,0.331
2431,0.092,0.441,-0.268,0.233,-0.356
2432,0.408,3.617,-1.193,-1.073,0.59
2433,-1.43,0.443,0.914,0.408,-0.697
2434,0.294,-0.05,-0.914,-0.408,1.743
2435,0.075,2.539,2.798,-1.237,-0.725
2436,0.653,0.554,-0.345,-0.673,1.572
2437,-0.44,-0.431,-1.54,0.728,0.512
2438,2.188,-0.772,0.508,-0.214,-0.154
2439,-0.765,0.691,-0.51,-0.951,-0.962
2440,1.599,-1.388,-0.551,1.086,-1.734
2441,1.41,0.748,0.389,0.168,-0.064
2442,-0.435,-0.953,-0.107,-2.607,1.042
2443,0.599,1.234,-0.665,-0.456,-0.749
2444,0.716,-0.996,-0.881,1.063,-0.636
2445,1.558,-1.614,-0.056,-0.311,-0.622
2446,0.262,0.702,-0.094,1.144,0.24
2447,0.569,1.287,1.242,-0.059,-0.371
2448,-0.845,-0.004,-0.644,1.024,-0.827
2449,0.12,-0.162,-1.125,-0.319,-1.162
2450,-0.573,1.013,-0.251,-0.419,-0.174
2451,0.918,-1.064,-0.387,0.856,0.311
2452,-0.262,1.154,-0.65,-0.469,-0.801
2453,0.456,1.525,-2.891,0.39,1.426
2454,0.699,0.789,-0.02,1.289,-0.038
2455,0.563,-0.875,1.846,-0.886,-0.939
2456,0.243,0.655,0.063,-0.099,-0.034
2457,-0.879,-1.287,-0.703,0.149,0.664
2458,0.159,0.411,0.595,0.318,-0.178
2459,0.754,-0.861,-0.474,0.064,0.557
2460,0.128,0.005,-0.264,0.306,-0.962
2461,1.13,-1.877,0.998,-0.182,-0.896
2462,1.369,0.189,-0.281,0.985,0.382
2463,-1.511,1.406,-1.155,0.153,-0.507
2464,-1.423,-1.28,-0.022,0.732,-1.084
2465,-0.963,1.554,0.039,-0.543,-0.243
2466,0.624,0.907,0.308,2.603,1.743
2467,0.444,0.542,-0.485,-0.87,0.272
2468,-1.153,-0.529,1.139,-0.185,-0.029
2469,0.743,-0.377,-0.341,-1.008,1.385
2470,-1.108,-0.027,-0.534,0.523,1.045
2471,-0.572,-0.439,0.124,-1.353,-0.084
2472,-0.312,-0.085,-1.309,0.634,-1.159
2473,-0.899,0.373,-0.128,-0.244,-0.674
2474,-1.678,1.055,-1.4,2.096,1.076
2475,-0.717,-1.569,0.113,0.183,-1.448
2476,1.342,1.544,0.679,-0.938,2.004
2477,1.157,0.501,-1.401,0.53,-0.859
2478,0.392,-0.162,-0.67,-0.159,-0.349
2479,1.587,-0.073,-0.948,1.232,0.935
2480,0.113,0.962,-0.529,1.123,-0.334
2481,-1.551,1.322,-0.09,-0.675,2.339
2482,-0.872,-0.503,0.383,-0.757,-0.096
2483,-0.193,0.007,1.486,-0.609,1.571
2484,-0.222,-1.935,1.344,0.746,1.047
2485,-1.518,0.523,1.229,0.579,-0.791
2486,1.48,-0.286,0.038,-0.962,-0.952
2487,1.006,-0.694,0.33,1.129,-0.275
2488,1.209,1.483,-2.205,-1.013,-0.153
2489,1.487,1.892,-0.312,-0.844,-0.229
2490,0.178,0.119,-1.569,-0.277,0.472
2491,2.322,-0.451,-1.796,-0.407,-0.262
2492,0.408,-0.194,-1.423,-0.175,-0.324
2493,-0.785,-0.796,0.823,-0.402,-0.692
2494,-0.022,-0.208,0.639,-0.963,0.359
2495,1.298,-0.307,-1.393,-1.157,1.078
2496,-1.427,-0.126,-0.94,-2.388,-1.365
2497,0.224,0.629,-0.09,0.335,0.275
2498,-0.943,-1.006,-1.837,0.529,0.861
2499,0.202,0.539,1.892,0.771,0.408
2500,-1.304,-0.373,-0.684,1.305,-0.549
2501,0.043,-1.211,-0.019,-0.786,-0.311
2502,0.1,0.676,0.635,-0.322,0.999
2503,-1.645,-0.994,0.04,0.296,0.737
2504,2.032,-1.322,0.427,0.541,-0.157
2505,-2.028,2.008,-1.036,0.531,0.563
2506,-0.373,-0.791,-0.443,1.248,1.758
2507,1.721,-0.447,0.363,-0.713,-0.477
2508,1.543,0.301,-0.494,-0.873,-0.111
2509,-0.168,-0.302,-0.327,0.198,-0.038
2510,-0.291,-0.627,-0.184,0.205,0.503
2511,-1.251,-0.704,1.515,-2.224,0.702
2512,0.322,0.016,0.355,-0.65,1.221
2513,0.304,-0.033,0.403,-0.518,0.625
2514,0.797,-0.8,0.576,-0.758,0.762
2515,-0.918,0.751,-1.373,-0.01,1.105
2516,-0.228,-0.736,-0.294,0.745,-0.495
2517,0.948,-1.124,-2.781,1.324,-2.64
2518,0.632,-0.184,-1.278,1.479,1.345
2519,0.166,-1.144,0.328,1.932,0.259
2520,-0.102,-0.403,-1.156,1.551,-1.705
2521,1.9,-0.784,-0.09,-0.267,-0.242
2522,-0.984,-0.78,0.05,-1.694,1.585
2523,0.974,0.856,-0.747,-1.745,0.979
2524,-0.42,-0.122,-0.494,-0.143,1.097
2525,0.133,-1.829,1.503,-0.865,-0.736
2526,0.1,-0.188,0.823,-0.049,-1.998
2527,-0.207,-1.597,-0.136,0.017,-0.906
2528,1.73,0.713,-0.808,-0.683,-0.351
2529,-1.076,1.728,0.022,0.348,-0.69
2530,-0.869,0.442,0.509,-1.27,-0.219
2531,0.495,-0.775,1.299,-0.592,0.354
2532,0.214,0.734,1.686,0.969,-0.353
2533,1.156,-1.079,0.288,1.554,-0.462
2534,1.07,0.914,-1.458,-0.076,-0.159
2535,0.199,0.715,-0.442,-0.96,-1.364
2536,0.083,-0.492,1.527,-1.05,-1.324
2537,0.088,0.63,-1.077,-0.216,0.93
2538,1.572,0.257,-1.158,0.141,0.264
2539,-1.041,-0.933,0.366,0.029,0.137
2540,-0.013,0.401,-0.531,0.405,0.013
2541,0.832,-2.175,-0.113,0.91,0.489
2542,0.098,-0.543,-0.363,-0.211,0.181
2543,-0.683,0.143,-1.089,-0.643,-1.49
2544,-0.921,0.355,0.056,-1.572,-0.232
2545,-1.036,-0.482,0.353,0.48,1.452
2546,-2.174,0.71,-0.458,1.069,0.459
2547,0.264,0.937,0.182,1.078,0.81
2548,0.292,0.341,-1.143,-1.19,-1.612
2549,0.11,0.363,-1.349,0.219,0.851
2550,-0.538,0.194,-2.047,-0.256,1.731
2551,0.122,1.084,-2.262,-0.377,-1.346
2552,0.819,0.716,0.241,-0.117,0.542
2553,-0.39,-0.334,-0.046,-0.774,0.146
2554,0.037,0.069,-0.683,-0.802,-0.842
2555,-0.016,-0.451,0.437,-1.796,-1.134
2556,0.103,1.009,-0.864,-0.701,1.233
2557,-0.342,1.524,-0.575,1.728,1.068
2558,1.277,-1.257,0.048,1.15,0.621
2559,1.162,1.252,0.725,-0.897,-0.643
2560,0.442,-0.391,-0.702,-0.465,1.116
2561,-0.999,-0.74,0.709,-0.334,1.236
2562,-0.596,-2.05,-0.71,-0.22,-0.436
2563,0.262,1.108,-2.395,-1.766,0.242
2564,0.501,0.39,1.633,-1.421,-0.572
2565,-1.169,-1.718,-0.148,0.213,0.594
2566,0.777,-2.865,1.376,1.042,1.993
2567,0.004,-0.482,1.161,-0.341,-2.546
2568,1.451,-0.629,1.237,0.076,1.321
2569,1.129,-1.089,1.296,-1.436,-0.804
2570,-0.699,2.094,-0.448,-0.889,-1.106
2571,-0.459,-1.321,0.302,1.186,-1.459
2572,2.073,-0.982,0.655,-0.504,-0.74
2573,-0.993,-0.674,1.309,-1.579,1.747
2574,-1.296,-1.192,-2.066,1.025,0.008
2575,0.465,-1.441,0.875,0.145,-0.535
2576,0.35,-0.428,2.122,-0.226,-0.407
2577,-0.004,1.417,-2.491,-0.516,-1.582
2578,-0.407,0.161,0.801,1.548,-0.345
2579,-0.209,1.114,1.153,-0.233,-0.311
2580,-0.117,-1.021,-0.741,-1.318,-0.024
2581,0.611,-1.646,1.445,0.915,0.488
2582,0.374,0.978,1.201,1.768,-1.179
2583,1.335,-0.766,-0.107,0.499,-1.622
2584,-0.588,1.695,0.372,-1.329,-0.9
2585,1.168,1.026,0.492,1.242,1.38
2586,2.538,-0.129,-2.166,0.554,-0.239
2587,1.998,0.215,-1.222,-1.046,0.811
2588,-0.34,0.615,2.27,-1.201,-0.248
2589,0.922,-1.33,-1.055,-1.013,1.293
2590,0.108,-2.344,-0.87,0.081,-0.154
2591,-0.726,1.192,0.711,-0.215,-0.311
2592,-0.796,-0.362,0.215,0.678,-0.889
2593,0.805,0.399,-0.538,0.345,0.967
2594,-0.008,-1.663,0.758,-0.324,-0.808
2595,1.103,-0.082,0.188,0.032,-0.789
2596,-1.672,-0.551,0.859,-0.575,-0.644
2597,1.639,-0.341,-0.135,0.088,-0.25
2598,-0.162,0.299,-1.681,-1.563,-0.886
2599,1.326,-2.654,0.469,-0.417,-0.1
2600,-1.676,-0.586,0.018,-1.277,0.787
2601,-1.803,0.877,0.762,0.969,0.919
2602,1.978,-0.729,-1.251,0.478,-0.441
2603,0.084,1.047,0.499,0.818,-0.243
2604,0.407,-0.267,-0.442,0.27,2.314
2605,1.166,0.696,-0.397,0.831,0.286
2606,0.419,-1.045,0.212,1.026,0.079
2607,0.843,-0.204,-1.062,1.052,0.578
2608,1.518,0.892,-0.757,-1.745,-2.003
2609,0.797,0.537,0.06,-0.323,1.411
2610,0.168,1.066,-0.892,1.032,0.491
2611,0.196,0.777,-0.007,0.543,0.313
2612,0.0,0.809,-1.534,0.218,-0.287
2613,-0.791,0.904,-0.568,-0.443,-1.755
2614,-0.181,-0.191,0.758,-0.401,-0.509
2615,-0.023,0.516,1.18,-0.148,0.156
2616,0.796,1.233,0.28,0.458,1.92
2617,-0.765,1.548,-0.558,-0.705,0.747
2618,-0.596,-0.792,-2.128,-1.079,-2.153
2619,0.476,-1.048,1.566,1.385,0.4
2620,-0.303,-1.717,-0.681,-0.106,1.408
2621,-0.097,0.428,0.022,1.211,0.625
2622,-0.756,-0.624,-0.863,0.826,-1.663
2623,0.287,-0.892,0.498,-1.186,-1.594
2624,-1.006,-1.051,1.705,1.282,1.207
2625,0.069,0.534,-0.213,-0.016,-0.72
2626,-0.788,0.116,1.193,0.896,-1.37
2627,0.144,-0.852,-0.037,-1.135,0.281
2628,-0.355,-0.276,-1.423,-0.161,0.694
2629,-0.49,0.909,-0.652,-1.764,1.424
2630,-0.198,-1.311,0.093,1.89,0.918
2631,0.16,2.198,0.729,0.698,-1.147
2632,1.433,-0.817,0.627,0.073,0.048
2633,-0.339,-1.621,0.292,-0.061,0.738
2634,-0.427,-0.263,-1.072,-1.023,1.226
2635,-2.534,0.488,-0.087,0.308,-0.376
2636,-0.292,-0.227,-0.612,1.118,-0.807
2637,0.517,-0.196,0.457,0.209,-1.336
2638,0.174,0.712,0.119,-0.349,0.093
2639,-0.413,-0.697,0.63,0.208,0.806
2640,-0.173,0.384,0.272,0.49,-0.996
2641,2.061,-0.744,-0.093,1.319,-0.484
2642,1.416,-0.279,-0.27,-0.231,-1.164
2643,1.296,0.896,0.757,-0.791,-0.387
2644,0.227,0.122,-0.43,-0.578,-0.183
2645,0.845,0.215,-1.249,-0.108,-1.157
2646,0.09,0.081,-0.641,-1.531,1.073
2647,-0.444,0.511,-1.505,-0.903,-0.741
2648,-0.184,1.168,1.317,-0.92,-0.594
2649,0.249,-0.372,0.39,-0.364,0.328
2650,0.016,-0.794,2.111,1.374,0.225
2651,0.654,-0.359,-1.223,1.147,-0.153
2652,0.364,1.19,1.151,-0.616,-0.114
2653,0.029,-1.113,0.809,1.067,1.194
2654,1.087,0.544,-0.443,0.008,-0.638
2655,0.112,-1.011,0.541,-1.705,-1.206
2656,0.161,1.587,0.122,-1.73,0.876
2657,1.462,-0.231,-1.081,-0.338,0.338
2658,-0.34,0.884,0.525,1.622,0.305
2659,-0.455,1.202,0.677,0.127,0.588
2660,1.687,0.677,0.419,0.292,-0.115
2661,0.709,-0.205,-1.754,-0.137,0.581
2662,-0.506,0.328,0.921,0.112,-0.761
2663,1.592,0.229,-1.186,-1.576,0.46
2664,0.466,0.626,1.814,0.481,-0.912
2665,-0.004,0.12,-0.721,-0.155,-0.447
2666,-0.147,0.864,0.787,0.255,0.398
2667,-1.0,0.649,0.909,-0.308,0.671
2668,-0.787,1.737,0.649,-1.367,-0.343
2669,0.38,-1.436,0.305,0.484,1.854
2670,0.65,-0.528,0.811,0.771,0.992
2671,-0.627,-0.974,0.17,0.97,0.352
2672,0.133,1.655,-0.493,-0.411,0.378
2673,-1.769,0.473,0.732,0.593,-0.648
2674,1.535,1.513,0.517,-1.862,-0.566
2675,-0.895,0.738,-0.615,0.919,-0.431
2676,0.995,0.952,-0.408,-0.506,-0.322
2677,0.231,1.01,0.642,-0.541,-0.813
2678,1.377,-0.681,-0.509,0.851,0.713
2679,1.504,-2.745,-0.537,-0.228,1.224
2680,0.058,0.701,-0.05,1.297,-2.195
2681,0.014,0.741,-0.134,-0.252,0.207
2682,-1.394,-1.077,-1.554,0.493,0.546
2683,-0.556,-1.158,-1.029,0.928,-0.359
2684,0.553,0.055,-0.538,-0.513,0.051
2685,0.967,0.749,-0.473,1.35,-1.152
2686,-1.633,-0.093,0.032,-0.659,1.061
2687,0.463,0.181,-1.33,0.619,-0.233
2688,-1.053,-0.752,1.767,0.783,-2.083
2689,-0.587,-0.489,0.04,0.454,1.486
2690,-0.538,1.087,-1.675,1.566,-1.492
2691,-0.581,-0.309,-0.024,-1.188,-1.097
2692,0.43,-0.131,-0.711,0.843,1.781
2693,0.961,0.799,2.178,-1.317,0.542
2694,0.958,0.158,0.558,1.156,1.143
2695,0.934,1.819,-1.218,0.549,-0.071
2696,1.04,0.466,-0.55,-1.126,0.502
2697,-0.641,-0.701,-0.674,-0.008,-0.16
2698,0.913,-0.643,0.003,-0.374,-0.076
2699,0.096,-0.755,-0.603,-0.017,-0.379
2700,-0.056,-0.205,2.219,-1.437,-0.749
2701,-0.734,-0.568,-0.146,0.298,0.25
2702,-0.404,-1.207,-1.289,-0.74,-0.972
2703,-1.221,0.227,-1.027,-0.223,0.483
2704,-0.645,-1.462,0.801,0.365,-0.092
2705,0.175,0.533,0.682,0.94,1.401
2706,0.715,-0.053,-0.926,1.741,2.22
2707,0.226,1.893,-0.386,-2.659,0.38
2708,1.897,-0.506,-1.241,-0.172,0.74
2709,1.134,-1.078,-1.811,-2.648,-1.423
2710,-0.1,-0.372,-0.752,0.452,-0.303
2711,-0.365,-1.066,-2.608,1.085,-0.499
2712,0.644,-1.476,0.226,-0.732,1.068
2713,-0.923,-0.411,0.027,0.621,0.325
2714,-1.338,0.811,-1.744,0.16,-0.128
2715,0.428,0.164,-2.336,1.417,-0.258
2716,-1.101,-0.354,-0.955,-2.494,-0.178
2717,-0.248,0.31,1.702,1.165,1.491
2718,0.398,-0.489,0.119,0.085,0.394
2719,0.108,-0.138,-0.341,-0.496,0.009
2720,1.53,-1.404,1.035,0.958,0.159
2721,-0.501,-0.819,-1.243,0.274,1.869
2722,0.498,1.208,-0.488,-0.548,0.641
2723,-0.104,-2.882,-1.697,0.29,-0.819
2724,-1.297,0.81,-0.768,0.163,0.441
2725,0.331,-0.011,1.32,1.558,0.093
2726,-0.937,0.836,-1.013,0.842,-0.893
2727,0.752,0.156,-1.299,0.838,-0.755
2728,0.79,-1.648,1.828,-0.427,-0.755
2729,0.083,-0.619,-0.54,0.9,0.945
2730,-2.477,0.684,1.027,-0.076,0.215
2731,-0.867,-0.426,1.058,-0.24,-0.393
2732,0.206,2.291,0.808,-0.294,0.532
2733,-0.385,1.116,-1.216,0.204,-0.824
2734,0.595,0.664,1.331,-0.347,-0.185
2735,-0.365,0.436,-0.13,0.581,-0.681
2736,0.117,0.694,-0.917,-0.502,0.839
2737,-0.663,-0.559,-1.681,-1.327,1.912
2738,0.228,0.368,2.716,-0.042,-1.22
2739,-0.462,-1.413,-1.989,0.472,0.225
2740,-1.643,0.332,0.529,-2.885,-0.012
2741,-0.464,-0.29,-0.047,0.009,1.219
2742,0.276,-0.644,0.897,0.887,0.687
2743,1.528,-0.738,-0.349,0.743,1.044
2744,2.085,-2.293,-1.582,-0.67,0.028
2745,-0.43,0.329,1.104,0.549,-0.899
2746,0.312,0.899,-0.154,0.913,-1.225
2747,0.016,0.339,-0.256,-0.557,-0.386
2748,-0.1,0.788,2.142,-1.553,-2.086
2749,1.203,-0.791,-0.153,-0.335,0.847
2750,0.257,-1.348,0.953,0.471,-0.281
2751,-1.471,0.994,0.44,-0.441,1.512
2752,-0.516,-0.966,-1.944,-0.958,0.859
2753,-0.927,0.6,-1.52,-2.173,-1.01
2754,-0.919,1.115,-0.701,0.666,0.909
2755,-1.264,1.561,0.149,-1.677,1.851
2756,0.56,1.214,0.375,0.519,-1.829
2757,0.831,-1.467,-0.917,0.019,-0.015
2758,-2.666,-1.172,2.149,-0.679,0.307
2759,0.31,1.032,2.557,-0.515,0.831
2760,-2.285,0.105,-0.756,0.421,-0.4
2761,2.567,-0.005,-0.305,0.241,0.459
2762,1.145,-2.999,-1.363,-0.26,1.576
2763,-0.261,-2.006,1.124,2.073,0.412
2764,0.223,-0.681,0.174,-1.085,-0.292
2765,0.625,2.314,1.096,0.108,1.516
2766,0.687,1.518,1.89,-1.115,-1.4
2767,0.372,-0.882,0.008,-0.962,-0.855
2768,-0.555,-1.045,0.655,-1.066,2.139
2769,-0.787,-0.362,0.424,-1.931,1.012
2770,1.324,-1.842,-0.29,0.139,0.211
2771,-0.217,-0.972,-0.246,-0.074,0.173
2772,-1.313,1.922,1.36,1.288,0.24
2773,0.37,0.447,-1.898,-1.057,-0.52
2774,-0.527,0.371,0.707,-0.255,0.276
2775,0.315,1.762,0.38,-0.066,-0.621
2776,1.616,1.273,-0.412,0.879,0.25
2777,-0.372,-0.008,0.525,-0.881,-1.727
2778,-0.42,0.776,-2.739,-0.673,-0.394
2779,-1.556,2.309,-0.079,-1.843,0.456
2780,0.613,-1.884,-1.778,-0.119,-0.735
2781,-0.399,-1.723,-1.462,-1.462,-0.058
2782,1.284,1.133,-0.203,1.082,1.98
2783,-0.367,0.099,1.278,0.114,0.76
2784,-0.427,2.553,0.35,0.279,1.231
2785,0.1,-0.838,2.237,-0.307,-1.247
2786,-0.889,1.32,2.586,-0.862,-1.372
2787,0.302,-0.334,0.58,0.491,-0.945
2788,0.645,1.522,1.273,1.31,0.598
2789,-1.079,-0.253,-0.013,0.273,1.342
2790,-0.301,-0.206,0.839,1.927,-0.886
2791,-0.018,-1.216,-2.07,0.69,0.077
2792,1.648,0.684,0.123,1.625,0.372
2793,0.919,-1.092,-0.187,1.394,0.216
2794,-0.703,-0.884,-0.529,-1.38,-1.578
2795,1.312,-0.499,0.91,1.004,-1.498
2796,0.793,-0.162,0.209,1.003,0.884
2797,0.312,0.448,-0.627,-0.522,-1.192
2798,-1.06,-0.613,0.185,1.19,-0.354
2799,-1.09,-0.175,-1.316,0.507,1.081
2800,-0.388,-0.533,0.009,1.631,1.403
2801,0.597,-0.514,-1.714,0.188,1.346
2802,-2.097,-0.287,0.445,-0.822,0.1
2803,-1.09,-0.361,-1.245,0.329,0.6
2804,-0.718,-0.028,0.869,0.163,-0.397
2805,0.054,-1.669,0.729,1.8,1.144
2806,-0.045,1.375,1.86,-0.478,-1.037
2807,-0.204,-0.158,-0.049,0.772,-0.651
2808,-1.761,0.445,-0.857,-0.444,0.823
2809,2.45,-2.394,-1.872,0.589,2.105
2810,-0.877,-0.812,0.836,0.114,-0.852
2811,-0.572,-1.007,-0.802,-2.245,-0.784
2812,-0.268,0.071,-0.825,-0.269,1.224
2813,-0.284,-2.206,-0.959,-0.198,0.035
2814,0.293,0.606,-0.748,-2.467,0.844
2815,-0.5,0.014,0.888,1.349,1.177
2816,0.804,1.223,-0.163,-1.106,1.507
2817,-1.741,-0.956,-0.996,-0.132,-0.689
2818,-2.352,0.432,0.523,-0.187,-0.546
2819,-0.656,0.582,-0.261,-0.889,-1.532
2820,0.6,0.616,1.461,-0.127,1.203
2821,2.346,1.549,-0.491,1.701,1.223
2822,-1.367,-0.813,-1.52,1.007,0.074
2823,1.599,0.324,0.582,-0.18,0.31
2824,-1.218,1.253,-0.029,1.165,0.862
2825,0.27,0.665,-1.864,0.688,-1.347
2826,0.931,-0.168,0.059,-1.35,0.235
2827,-0.11,0.842,1.116,-0.194,-0.394
2828,0.422,1.024,-0.517,-0.143,-1.514
2829,0.313,0.057,-2.051,0.316,0.746
2830,0.71,-0.644,0.474,-0.118,-0.71
2831,-0.34,-0.204,-0.888,1.588,0.139
2832,-0.718,0.733,-0.641,1.343,-0.784
2833,1.79,0.63,0.207,1.438,0.445
2834,0.509,-0.374,1.339,0.4,-0.451
2835,-0.78,-1.547,-0.634,1.065,0.696
2836,0.665,-0.084,1.152,2.132,1.104
2837,-1.033,0.033,-0.609,2.458,-1.046
2838,-2.183,0.043,0.84,0.085,0.013
2839,-1.251,0.148,-0.216,-0.236,-0.361
2840,0.346,-0.857,1.759,-0.508,-1.247
2841,-1.896,-1.177,-0.577,-1.215,-0.347
2842,0.212,-0.899,1.659,-1.851,-1.523
2843,0.986,0.365,0.107,1.374,-1.606
2844,1.023,-0.775,1.739,-1.862,-1.162
2845,-0.353,1.099,0.976,-0.677,-0.299
2846,-0.056,-0.433,1.577,-2.222,0.123
2847,0.608,0.531,-0.833,-0.565,-0.865
2848,0.451,1.174,1.186,-1.367,0.156
2849,-0.758,-0.604,-1.231,0.244,1.106
2850,1.076,-0.281,1.288,-0.179,-0.836
2851,1.584,1.259,0.422,-0.162,0.39
2852,-0.975,0.525,0.19,-0.079,0.761
2853,-1.026,-1.058,-1.481,0.097,-0.943
2854,-1.867,0.71,-1.741,-2.783,0.226
2855,-1.098,0.619,-0.701,-1.744,-0.071
2856,0.812,0.37,0.27,0.745,-1.438
2857,1.099,-0.698,1.112,-0.577,0.955
2858,0.458,1.057,-1.201,-0.427,0.648
2859,0.614,0.894,-0.292,0.067,1.728
2860,0.105,-0.161,-1.79,0.116,0.172
2861,0.397,0.255,-0.287,0.986,-0.196
2862,-2.036,-0.074,-0.192,-0.72,1.483
2863,0.179,0.371,0.115,0.8,0.415
2864,-2.194,1.292,-0.126,-1.034,-0.743
2865,-0.12,-0.636,0.656,-0.22,-0.931
2866,-0.298,0.498,2.171,0.287,0.037
2867,-0.326,-0.689,-0.435,-1.148,0.116
2868,2.066,-0.025,-1.821,-1.783,-0.482
2869,1.325,-1.407,0.426,1.313,-0.289
2870,-1.376,-1.443,1.032,-0.221,-0.384
2871,-1.29,0.252,-2.15,-0.602,-0.172
2872,0.637,0.132,-1.48,-0.612,1.034
2873,-1.339,1.434,-0.863,-1.003,-0.673
2874,1.389,0.676,-0.661,1.235,1.102
2875,-0.462,0.424,0.048,-1.642,-0.246
2876,1.018,0.849,0.343,1.113,0.077
2877,-0.465,1.337,0.873,-1.276,1.497
2878,0.413,0.671,-0.199,-0.202,1.083
2879,0.767,1.328,-0.747,0.493,0.198
2880,-0.015,-0.557,0.16,0.073,0.372
2881,-0.476,-0.762,-1.207,-1.125,0.976
2882,-1.471,-0.054,0.076,1.401,0.692
2883,-0.941,0.162,-0.56,0.177,-0.235
2884,0.054,-0.594,0.281,-0.128,0.836
2885,-0.734,-0.645,1.425,0.139,-0.157
2886,-1.751,0.097,-1.526,1.327,-0.095
2887,-2.022,-0.596,0.9,0.15,-0.44
2888,0.987,1.32,1.42,1.151,0.547
2889,-0.038,2.132,0.916,1.564,-0.604
2890,-0.538,0.974,-0.082,0.462,-1.592
2891,0.298,0.696,0.945,-0.137,-1.269
2892,-0.135,0.388,2.12,-0.523,1.466
2893,-1.1,-1.712,-0.034,-1.171,-0.121
2894,0.115,1.367,-0.792,0.84,-1.649
2895,-1.326,-0.711,-0.199,0.113,1.245
2896,-0.055,0.583,0.179,-0.08,0.456
2897,1.64,0.511,-0.445,-0.629,-2.037
2898,-2.387,-2.27,-0.952,0.683,-1.514
2899,0.857,1.921,0.572,1.205,-0.827
2900,0.346,0.8,0.138,0.029,0.839
2901,-0.048,0.073,-0.306,-0.34,-0.309
2902,1.549,-0.463,2.077,0.511,-1.159
2903,0.706,1.082,1.0,1.541,0.23
2904,1.196,0.808,-0.805,0.277,-0.581
2905,-1.028,1.82,1.137,-0.477,0.02
2906,-0.685,2.051,0.143,1.333,0.107
2907,-0.899,-0.67,-1.008,-1.027,-0.132
2908,0.329,1.168,-0.935,-0.796,-0.649
2909,2.21,0.37,-0.386,-0.072,-1.683
2910,-0.744,0.836,-0.429,-0.84,0.411
2911,-2.26,-0.458,0.787,-0.442,1.763
2912,-1.011,0.967,2.176,0.827,1.283
2913,1.846,1.149,0.194,-0.815,1.148
2914,0.952,-0.985,0.189,-0.397,0.636
2915,0.691,-2.38,-2.169,0.927,0.781
2916,-0.0,0.31,0.875,0.881,-1.265
2917,1.787,0.589,0.466,1.017,-2.243
2918,-1.266,-1.166,0.827,-1.751,0.884
2919,-0.198,-1.363,0.484,0.352,0.806
2920,1.555,1.1,-0.886,-2.148,-0.014
2921,-0.856,-1.354,0.252,-0.493,-1.338
2922,0.614,0.974,0.019,1.427,0.643
2923,0.858,1.179,0.156,-0.114,-0.535
2924,-2.327,0.756,0.8,-0.081,-0.176
2925,0.105,-1.513,0.716,0.073,-1.116
2926,-0.923,3.063,0.411,-1.841,0.611
2927,0.259,-0.832,0.846,-0.061,0.521
2928,1.328,-0.551,1.885,0.748,0.237
2929,-0.322,-0.055,0.393,-1.437,0.137
2930,-1.709,-0.761,0.966,-0.58,-0.076
2931,0.641,-1.063,0.093,-0.838,-0.366
2932,2.285,-1.189,-0.473,0.134,-0.243
2933,-0.444,0.03,0.101,-0.476,0.284
2934,0.717,0.996,0.587,-0.482,0.238
2935,1.167,-0.381,-1.286,0.628,-1.31
2936,-0.329,0.068,0.727,0.244,-0.781
2937,-0.013,1.616,0.577,-0.134,0.469
2938,-0.616,1.534,-1.369,-0.83,0.671
2939,-2.102,-0.57,0.442,-0.001,0.35
2940,0.268,0.789,-1.135,-0.484,0.591
2941,-1.09,0.595,0.223,1.267,1.049
2942,0.046,0.383,-0.035,-1.806,-1.038
2943,0.539,0.739,0.463,-1.008,0.376
2944,-0.893,0.763,-1.643,0.318,-1.459
2945,0.136,0.083,-1.065,-0.47,1.52
2946,-0.526,0.235,0.68,-0.46,-0.163
2947,0.707,-0.626,-1.074,-1.006,0.536
2948,0.469,1.651,-0.288,0.592,-1.053
2949,-1.249,1.273,0.759,0.239,1.107
2950,-0.541,0.412,-0.55,0.754,0.055
2951,-1.039,-0.328,-1.505,1.067,0.915
2952,-0.098,1.517,1.592,-0.375,-0.349
2953,0.019,-0.17,-0.077,-0.651,0.383
2954,0.477,1.252,0.18,-0.589,-0.577
2955,1.167,1.726,0.334,-1.019,0.238
2956,-0.551,1.429,-1.031,-0.749,-0.271
2957,-0.349,-2.958,-0.908,0.076,0.843
2958,0.277,0.973,-0.993,0.711,1.047
2959,-1.207,-1.78,-0.406,0.198,-0.323
2960,-0.303,-0.152,-0.097,-1.079,0.806
2961,1.795,-0.773,-1.868,0.436,-0.261
2962,-0.782,0.877,0.106,-0.73,-0.578
2963,0.881,1.231,-0.695,-1.836,-0.474
2964,1.231,0.477,-0.865,1.098,1.508
2965,-1.757,1.5,1.252,0.605,-1.138
2966,1.517,1.115,-0.193,1.011,-0.219
2967,-0.084,-1.273,1.046,-0.351,-1.069
2968,-1.478,2.233,-1.02,-1.335,-0.744
2969,-0.435,0.081,1.856,0.72,-0.123
2970,-0.359,0.304,-1.165,-0.237,-0.65
2971,1.427,-0.383,0.397,1.288,-0.633
2972,-0.224,0.815,0.119,-0.067,0.678
2973,0.323,0.035,-1.629,1.41,-0.265
2974,-0.529,1.881,0.505,0.277,0.55
2975,-0.627,0.472,-0.516,-0.007,-1.232
2976,0.155,0.932,-0.947,0.274,-1.043
2977,-0.579,-1.849,0.045,0.799,0.741
2978,0.284,-0.34,-0.072,1.338,0.235
2979,1.144,0.788,0.634,-0.121,-0.228
2980,0.866,0.706,-1.159,-0.26,0.547
2981,-0.341,-1.54,0.659,1.239,0.324
2982,-0.273,0.265,0.597,0.09,-0.48
2983,1.019,-0.257,0.091,0.365,-0.545
2984,-0.827,1.463,1.425,0.203,0.285
2985,0.886,0.207,-0.121,-0.57,-0.584
2986,0.701,1.748,1.152,0.42,-0.309
2987,-0.825,-0.646,-0.511,0.829,-0.527
2988,0.355,-0.201,0.221,0.866,0.908
2989,-0.792,-0.692,-0.995,0.587,1.388
2990,0.749,0.321,0.422,-1.195,0.692
2991,1.165,-1.507,-1.822,-0.734,1.728
2992,0.006,-1.165,1.291,-0.094,0.309
2993,-1.636,1.584,0.062,-0.007,0.004
2994,-0.712,-0.333,-0.254,-0.706,-0.184
2995,0.766,-0.528,0.983,-0.565,-0.565
2996,-0.37,0.991,-1.229,0.63,0.761
2997,-1.444,0.145,-0.418,-0.457,2.025
2998,-0.211,0.176,-0.343,0.853,-1.394
2999,0.18,0.246,0.47,0.175,-2.353
3000,-1.587,0.647,-0.443,-1.791,-0.296
3001,-0.233,-0.988,-0.731,0.414,-0.517
3002,-1.199,1.779,0.109,-0.865,2.32
3003,-0.327,1.002,-2.63,-0.728,-1.719
3004,-0.462,-0.915,0.797,-0.754,-1.365
3005,0.129,-0.26,-1.865,-1.768,0.449
3006,-0.155,2.155,0.16,1.753,0.814
3007,1.087,0.2,-0.911,-0.992,-0.344
3008,0.571,1.354,-1.114,2.745,-0.003
3009,-0.447,0.477,-0.5,-1.266,1.017
3010,-1.578,-0.015,-0.158,-0.218,0.861
3011,0.084,-1.15,-1.1,-0.248,-0.411
3012,0.308,-0.819,1.843,0.762,-0.528
3013,0.515,0.326,1.409,0.661,-0.724
3014,-0.786,-0.545,1.305,-0.483,0.304
3015,0.818,-0.849,-0.437,0.533,1.456
3016,0.308,-0.771,-0.399,0.013,-0.727
3017,0.219,-0.031,-2.132,-0.399,-0.006
3018,1.812,-0.277,1.17,-0.188,0.302
3019,0.097,-0.257,-2.771,0.23,-0.969
3020,-0.673,1.207,-0.504,-1.383,-1.256
3021,-1.441,-0.409,0.699,0.099,1.0
3022,-2.036,0.011,-0.064,1.359,-0.157
3023,0.009,-0.494,1.371,-0.955,1.005
3024,-0.926,0.483,1.439,-1.443,-0.4
3025,0.465,0.239,0.625,-0.394,-1.011
3026,-1.692,0.975,-1.614,-0.639,-1.33
3027,-2.231,-1.481,0.909,-0.697,-1.512
3028,1.721,-0.109,1.398,2.159,0.052
3029,1.955,0.895,-0.403,0.472,-0.658
3030,0.168,-1.335,0.007,-1.136,-2.102
3031,0.895,0.71,-1.086,1.08,0.121
3032,0.481,0.368,-1.543,2.138,0.617
3033,-1.223,0.385,-0.255,0.531,-1.858
3034,1.45,-0.488,-1.188,-0.072,1.593
3035,0.452,-1.461,-0.147,1.107,-2.999
3036,1.047,0.175,-0.079,0.485,-1.057
3037,-0.528,1.954,0.186,1.593,0.725
3038,0.168,-0.451,0.111,0.026,-0.867
3039,0.399,1.552,1.325,-0.343,-0.634
3040,0.503,-0.146,-0.107,-1.437,0.843
3041,1.194,0.221,-1.196,0.976,0.036
3042,-0.057,-0.216,-0.086,-0.077,-1.048
3043,-0.845,-1.097,0.302,2.219,-0.187
3044,0.296,-0.563,-0.453,0.328,-1.139
3045,0.182,-0.946,0.079,-1.758,1.25
3046,-0.262,1.606,1.015,1.802,0.427
3047,-0.455,0.033,0.945,1.003,0.363
3048,-0.094,1.509,-0.322,-2.408,-0.888
3049,-2.032,-0.563,0.218,-0.389,1.969
3050,1.026,0.613,-0.575,-0.187,-0.79
3051,-0.185,-0.405,-1.125,-0.006,0.088
3052,-0.628,0.455,0.29,-0.191,0.278
3053,-0.879,-1.551,-0.44,2.301,-0.743
3054,1.361,-0.892,2.973,0.837,0.867
3055,0.537,-0.136,-1.742,1.27,-0.499
3056,-1.369,-0.326,0.415,-1.118,-2.372
3057,0.164,-0.508,-0.042,0.752,1.382
3058,1.306,0.289,0.416,0.406,-1.301
3059,-0.679,-3.24,-2.067,-0.912,1.534
3060,-0.505,-0.282,-0.512,-0.074,1.55
3061,0.283,0.171,-0.941,0.37,-0.374
3062,0.865,1.427,-0.249,2.179,1.32
3063,0.554,-0.002,0.615,-0.339,1.393
3064,1.729,-0.117,-1.241,0.207,0.429
3065,-1.259,-0.893,-0.271,0.395,-0.311
3066,0.139,-0.897,1.522,-0.506,1.902
3067,-0.623,0.212,-0.693,-0.081,1.139
3068,-1.156,-0.174,1.602,2.611,-0.654
3069,2.493,0.38,-0.854,0.23,-0.511
3070,-0.191,-0.182,-0.048,-0.533,-1.859
3071,0.558,-1.998,-0.048,0.754,1.407
3072,-1.714,-0.546,0.124,-1.396,-0.912
3073,-0.365,-0.868,0.114,-1.77,-0.789
3074,0.132,-0.144,0.057,-1.024,2.295
3075,-1.654,-0.574,-0.808,-0.783,-0.278
3076,0.715,0.61,1.717,0.426,0.515
3077,-1.042,0.606,0.174,-0.265,-0.644
3078,-0.394,0.635,-0.435,-1.109,-0.887
3079,0.856,0.561,0.545,-0.905,1.3
3080,0.49,0.218,-0.668,-1.035,0.08
3081,-0.326,0.214,0.17,-1.526,0.811
3082,-0.672,-1.067,-1.347,-0.945,0.043
3083,0.475,0.657,1.038,0.286,-2.507
3084,0.072,-1.859,-0.371,1.1,-1.132
3085,0.991,-1.813,-1.266,-0.556,1.211
3086,-1.11,0.504,-0.779,-0.149,0.89
3087,1.282,-0.529,-0.866,-0.053,0.053
3088,-0.439,0.704,-0.609,-0.196,1.048
3089,-1.238,-0.713,0.884,0.514,-0.516
3090,0.358,0.957,1.807,1.12,2.436
3091,-0.344,0.049,-0.316,-0.023,0.581
3092,-1.426,-0.422,-0.501,0.302,0.871
3093,0.505,-0.582,-0.433,1.029,-0.462
3094,-0.972,-0.056,-0.923,0.357,-1.027
3095,-0.063,0.616,0.467,-1.278,-0.325
3096,-0.725,1.824,-1.002,0.291,-0.875
3097,0.129,-0.62,1.976,-1.584,-0.33
3098,0.15,0.656,-0.782,1.11,-0.222
3099,1.251,-2.016,1.189,-0.223,0.448
3100,1.809,-0.531,-1.437,-1.27,0.3
3101,0.616,-0.554,1.629,-0.216,-1.436
3102,0.735,-0.994,-1.917,0.725,0.164
3103,1.563,0.362,-0.126,0.936,0.519
3104,-0.463,0.268,0.557,1.309,-0.78
3105,0.625,0.414,0.1,-0.093,1.173
3106,-0.497,0.916,-0.376,0.045,-1.36
3107,2.026,-0.093,0.382,-1.07,1.188
3108,0.257,1.117,0.771,-1.179,-0.136
3109,-0.382,-0.688,2.641,-0.15,-0.253
3110,-0.096,0.86,0.081,-0.939,1.244
3111,0.319,0.084,-0.975,0.981,-0.442
3112,0.198,0.086,0.611,-0.503,2.384
3113,-0.614,1.001,0.12,-0.234,1.002
3114,-1.572,0.074,1.402,-1.171,0.434
3115,1.726,-1.286,0.187,0.884,-0.483
3116,-0.509,-0.628,1.227,0.145,-0.366
3117,-2.37,1.048,-0.864,-0.199,-0.63
3118,0.118,-0.207,-0.499,-0.299,-0.318
3119,1.616,0.569,0.34,0.162,0.627
3120,-0.254,-0.397,1.107,0.123,-1.296
3121,-2.19,-0.049,-0.533,-1.438,0.86
3122,-0.263,-2.069,-1.146,0.427,-0.145
3123,1.586,0.219,0.808,0.579,1.302
3124,-0.785,0.677,-0.308,0.258,-0.888
3125,0.468,-1.204,0.602,1.165,-0.573
3126,-1.045,-1.626,0.405,-0.535,0.362
3127,-0.381,0.674,0.363,-1.301,1.003
3128,0.194,0.892,-0.499,-0.5,1.774
3129,-2.203,-0.936,-0.657,2.114,-0.261
3130,0.407,-0.149,-0.14,1.425,-1.082
3131,1.947,-0.715,-1.183,0.304,0.062
3132,-0.192,-0.528,2.027,-0.862,0.289
3133,0.089,0.072,-1.722,-1.439,0.075
3134,0.213,-0.881,1.237,-1.59,0.554
3135,0.785,1.182,0.833,0.911,-1.501
3136,0.619,-1.006,0.283,-0.055,-1.556
3137,0.787,0.797,-0.215,-1.126,1.619
3138,-0.304,-0.834,-0.33,-0.793,0.511
3139,1.513,-0.596,-0.804,1.321,1.497
3140,1.555,-0.938,-0.442,0.631,-0.011
3141,0.639,-0.539,-0.945,-0.366,0.035
3142,0.734,-0.074,-1.736,0.34,0.409
3143,0.385,-2.157,-0.278,0.71,-0.479
3144,0.711,-0.681,-1.446,-1.108,1.382
3145,0.14,-0.361,0.87,-0.166,1.457
3146,-0.516,0.481,-0.404,1.637,2.194
3147,0.455,-1.101,-0.032,-1.667,1.393
3148,0.609,-1.535,-1.12,0.366,-0.057
3149,-1.041,1.073,-0.589,1.453,0.698
3150,0.177,-1.121,-1.533,1.747,-0.905
3151,0.143,-0.079,-0.877,0.574,0.37
3152,-0.212,-0.043,-0.55,-0.638,-1.372
3153,-0.045,-1.171,0.274,-0.144,0.259
3154,-1.301,-1.295,-2.64,-1.062,-1.1
3155,0.351,-0.318,0.669,0.428,-0.138
3156,1.853,-1.133,0.375,-0.166,0.852
3157,-1.909,0.069,-0.779,-0.855,-1.708
3158,-1.951,2.772,-1.269,-1.521,-0.046
3159,0.754,-0.484,-0.559,0.249,-1.734
3160,0.674,-2.514,0.152,1.673,0.622
3161,0.54,0.185,0.088,-0.299,0.209
3162,-1.665,0.854,-0.636,1.912,-0.094
3163,0.74,0.614,1.85,1.04,1.611
3164,-1.111,1.188,-2.009,0.188,1.058
3165,-1.096,-0.871,1.604,-0.344,-0.901
3166,0.605,0.186,-0.204,0.02,0.385
3167,0.759,0.375,0.415,-2.611,0.351
3168,-0.555,-1.011,0.033,1.339,0.736
3169,-0.303,-0.163,1.37,1.917,-0.221
3170,-1.018,-1.035,0.198,1.196,-1.772
3171,-2.458,1.076,-0.382,2.506,0.87
3172,-0.014,-0.395,0.034,0.29,-1.215
3173,0.506,-0.462,0.648,0.645,0.115
3174,-0.671,0.857,1.972,0.75,-1.067
3175,0.908,2.064,0.205,-0.025,0.064
3176,1.757,1.34,-0.85,1.362,-0.189
3177,0.386,-0.147,-0.239,-0.086,-0.696
3178,-0.049,-0.489,1.213,1.141,0.375
3179,0.96,0.433,-1.227,-0.337,1.563
3180,-0.229,-0.256,0.802,-1.059,-0.655
3181,-0.459,-0.172,-1.837,0.399,-0.74
3182,-0.324,-0.809,-1.222,-1.193,-1.109
3183,0.216,-1.092,0.044,-1.936,-2.276
3184,-0.538,-0.521,-2.008,-0.757,-0.724
3185,1.185,-0.976,0.064,-0.123,-0.631
3186,-0.474,-1.293,-0.596,-0.558,2.115
3187,-1.438,-0.771,-2.182,-1.278,0.349
3188,-0.768,-0.135,0.564,-0.189,0.612
3189,-0.829,0.432,-0.743,-2.413,1.009
3190,0.658,0.337,1.019,0.059,-0.96
3191,-0.779,-0.504,-0.051,-1.889,0.065
3192,-0.751,0.968,0.072,-0.946,0.298
3193,-0.155,-0.998,-0.839,0.322,1.74
3194,0.599,-0.376,-1.344,0.293,-0.418
3195,-0.701,0.266,-0.259,-0.186,0.548
3196,0.132,0.121,0.794,-1.114,-0.124
3197,1.637,-0.123,1.015,1.403,0.615
3198,0.089,0.617,-0.072,-1.425,0.356
3199,0.216,0.029,0.063,0.83,-0.438
3200,0.006,-1.99,-1.034,-1.211,-0.44
3201,0.779,-0.824,-2.68,-0.46,-1.071
3202,0.559,-1.061,0.948,0.886,0.375
3203,0.305,-2.188,-0.992,0.106,0.828
3204,1.33,0.272,-0.152,-2.591,-1.11
3205,0.653,-0.655,0.182,1.268,0.089
3206,0.268,1.509,0.841,0.896,2.048
3207,-0.11,-1.424,0.126,-0.313,0.637
3208,-1.746,-2.264,-0.076,1.494,1.285
3209,0.228,1.284,2.016,-1.022,1.133
3210,1.501,-1.839,1.3,0.281,-0.002
3211,-0.141,0.826,1.182,0.15,1.292
3212,1.199,0.172,0.758,0.132,-0.171
3213,0.829,-0.499,1.684,1.266,-1.546
3214,-0.601,-1.412,0.056,0.039,0.764
3215,-1.274,1.081,-0.811,-1.742,-0.093
3216,0.033,0.285,0.014,-0.502,0.674
3217,-0.804,0.336,1.859,0.789,2.26
3218,0.134,0.579,1.376,1.811,0.1
3219,0.83,0.063,0.316,0.124,3.353
3220,-0.763,-2.758,0.979,0.465,0.319
3221,-0.034,0.671,0.13,0.464,-2.915
3222,0.124,0.413,0.001,0.9,1.242
3223,-1.69,-1.638,-0.441,-0.8,-0.758
3224,0.597,-0.621,0.71,-0.481,-0.735
3225,-0.934,-0.228,-0.684,1.359,-0.476
3226,1.074,-0.049,-0.074,0.353,-0.669
3227,1.373,-0.703,0.298,-0.592,-1.809
3228,0.105,-1.051,-0.594,-0.552,-0.746
3229,0.649,0.056,0.464,2.645,0.541
3230,-0.326,-0.246,2.389,-0.933,0.56
3231,-0.157,-0.107,0.321,-1.102,-0.758
3232,0.763,0.086,0.175,-0.114,1.008
3233,1.053,0.383,-1.564,1.88,-0.67
3234,-2.909,0.844,-0.519,-0.121,0.033
3235,0.146,0.857,-1.023,-0.725,-1.182
3236,0.262,-0.318,1.482,-0.595,1.594
3237,-0.445,0.144,-0.871,-0.606,1.404
3238,-1.914,-0.302,-1.2,2.137,-0.181
3239,0.098,0.064,-1.514,-0.088,-0.213
3240,-1.446,0.346,0.247,0.646,0.727
3241,0.303,-0.807,0.54,1.181,0.694
3242,0.02,0.889,-1.036,-0.624,0.13
3243,-0.101,1.336,-0.252,-0.835,0.56
3244,0.103,0.52,1.334,-1.033,-0.813
3245,-0.103,0.19,1.445,-0.083,1.239
3246,-2.831,1.316,1.237,0.006,-0.508
3247,1.21,1.091,-1.465,-2.474,0.13
3248,-1.299,1.016,1.544,-0.294,-0.259
3249,0.294,-0.538,1.163,-0.525,1.453
3250,0.354,-0.15,-1.401,-1.353,-2.089
3251,-1.054,-0.383,0.428,0.628,0.961
3252,0.851,-2.362,1.568,-0.867,-0.218
3253,1.908,0.347,0.443,-0.839,0.131
3254,-0.373,-1.191,-0.686,-0.096,0.008
3255,0.864,0.762,0.159,0.38,0.569
3256,-0.605,1.612,0.375,1.428,1.084
3257,0.041,-0.374,-0.429,-0.581,0.734
3258,-1.405,-0.794,0.392,-1.102,-1.35
3259,0.157,1.734,-1.192,-0.45,-2.048
3260,-0.49,2.545,-0.607,-1.036,1.084
3261,0.169,-0.419,-1.043,-0.183,0.969
3262,0.278,-0.051,-1.344,0.988,-1.226
3263,-0.692,-0.206,0.124,2.12,1.313
3264,-0.74,-0.621,-2.286,-0.505,0.443
3265,-0.699,1.009,-0.55,0.164,-0.386
3266,-0.95,0.441,0.664,0.747,1.524
3267,-0.005,0.17,0.957,0.175,0.691
3268,1.495,-1.706,-0.174,0.415,-0.755
3269,0.442,0.664,0.049,-0.671,-0.996
3270,-1.286,1.636,-0.309,-0.679,-1.601
3271,-0.055,0.632,-1.726,-1.024,-0.1
3272,1.19,-0.335,1.565,0.923,0.005
3273,0.334,0.841,-0.386,-0.145,-0.033
3274,-0.951,-0.746,1.557,-0.612,2.494
3275,0.907,1.55,-1.435,0.109,1.17
3276,-0.865,-0.195,-0.301,-1.395,1.125
3277,0.924,-1.491,-0.598,-1.046,-0.293
3278,-1.323,-1.161,-0.197,-0.339,-0.64
3279,1.409,0.267,-2.432,1.087,1.744
3280,0.439,-1.695,-0.927,1.06,0.34
3281,1.208,-0.29,0.112,1.747,1.143
3282,0.243,0.537,-1.316,0.03,-0.218
3283,0.191,-0.171,0.068,1.383,0.967
3284,0.496,-0.499,-1.672,-1.016,0.873
3285,-0.619,-2.106,0.366,0.732,0.606
3286,0.253,-0.697,0.491,-0.141,-1.04
3287,-1.223,-1.54,1.424,-0.559,0.265
3288,1.754,-0.184,-0.501,1.108,0.174
3289,0.695,-0.718,-0.754,-2.112,1.627
3290,0.866,-0.177,-1.047,1.206,0.162
3291,-0.211,0.104,1.708,0.726,-0.585
3292,-1.076,0.64,-0.633,-0.5,-0.001
3293,0.005,0.781,0.507,-1.124,-0.303
3294,-0.684,0.356,0.184,-0.635,1.079
3295,-1.234,0.223,-1.716,-2.537,0.716
3296,-0.163,2.459,-0.624,0.814,1.16
3297,-1.142,0.62,0.758,-0.998,-1.244
3298,0.114,0.079,0.384,1.768,-0.697
3299,0.209,-0.036,-0.21,0.589,-0.64
3300,0.011,0.491,1.046,1.588,0.29
3301,-1.341,0.247,0.265,-1.531,0.417
3302,0.761,0.016,-2.119,0.176,-0.017
3303,-0.828,1.066,0.075,0.098,1.097
3304,0.139,-0.374,-0.019,-0.542,0.776
3305,0.084,0.737,-1.441,0.064,0.385
3306,0.279,2.354,-0.21,0.021,0.947
3307,0.517,0.525,-1.232,-0.271,-0.607
3308,-2.308,0.477,0.108,1.403,-0.528
3309,-0.461,-1.606,-0.575,-0.445,-0.975
3310,0.698,-0.595,2.202,0.741,0.781
3311,0.538,2.41,0.926,0.262,0.397
3312,-0.035,0.246,0.807,0.827,-0.75
3313,0.607,-0.337,-0.114,1.814,-0.436
3314,-0.333,-0.799,-1.307,-0.176,1.168
3315,-2.797,-0.54,-0.852,-0.179,-0.824
3316,0.055,-2.085,-0.708,1.777,-1.096
3317,0.668,0.614,-1.838,-1.08,-0.17
3318,-0.384,-1.106,0.075,-1.208,0.226
3319,1.132,-1.001,0.464,1.009,0.416
3320,1.515,0.664,0.607,0.175,1.624
3321,-1.487,-0.32,-1.747,0.119,0.997
3322,0.335,0.489,1.276,1.022,-0.469
3323,-0.285,0.584,-0.804,-0.123,-1.071
3324,-0.256,1.31,0.003,0.699,1.153
3325,-1.287,0.995,-2.257,-0.968,-0.908
3326,0.191,0.418,-0.569,0.722,0.675
3327,1.964,0.616,0.012,-1.192,0.831
3328,-1.18,-0.523,-0.702,-1.49,-0.953
3329,-1.118,0.273,0.275,0.379,-0.35
3330,-0.949,-0.006,0.257,0.045,1.213
3331,0.696,-0.652,1.156,0.517,-0.228
3332,1.818,0.506,-1.441,-1.12,0.783
3333,2.099,0.072,1.699,0.58,0.095
3334,-0.994,-0.996,0.248,-0.104,0.606
3335,1.513,0.133,0.123,-0.656,0.722
3336,1.356,0.115,-0.706,0.843,-1.544
3337,1.881,-0.031,0.092,-0.403,-0.486
3338,1.487,-1.747,0.952,-0.048,-2.143
3339,-0.347,0.347,-2.131,0.937,0.19
3340,-1.342,0.859,0.16,-0.385,0.297
3341,0.027,-0.655,-0.857,-0.264,-0.193
3342,-0.752,-0.268,1.358,-0.918,1.87
3343,0.283,-0.017,2.436,0.276,0.167
3344,-0.047,-0.533,-0.627,-0.155,0.507
3345,1.427,0.287,0.325,-0.649,-1.642
3346,-0.762,-0.034,0.478,-0.206,0.47
3347,-0.241,0.853,0.91,0.656,-0.348
3348,-0.222,-0.012,-1.652,-1.172,0.68
3349,-0.183,0.693,1.296,0.367,0.534
3350,1.083,0.297,1.27,-0.956,1.594
3351,1.256,-1.327,0.367,0.052,1.248
3352,0.723,0.206,1.255,0.811,1.129
3353,0.466,0.504,-1.994,-0.364,-0.115
3354,0.663,-0.137,0.919,0.536,-0.764
3355,1.387,2.864,-0.186,0.065,-2.232
3356,-0.385,-0.426,0.353,-0.307,-0.654
3357,-0.803,-0.344,-0.877,-0.639,1.428
3358,-0.006,-0.248,0.97,-0.651,0.277
3359,-0.822,1.042,-0.526,3.118,-0.223
3360,0.589,-0.941,0.543,-0.729,0.351
3361,-1.741,0.472,-1.687,1.38,-0.766
3362,-0.707,-0.035,0.765,1.897,0.211
3363,0.044,0.053,0.449,-0.997,0.86
3364,-0.615,-0.075,-1.642,0.679,-0.364
3365,-0.189,1.041,-0.427,-0.4,-2.238
3366,-0.086,-1.245,-1.132,0.54,1.776
3367,0.211,-0.095,0.348,-0.167,-1.914
3368,-0.835,-1.329,-0.934,-0.842,0.585
3369,-0.131,-0.123,0.586,-0.609,-0.052
3370,0.946,-0.201,-0.307,1.852,-1.49
3371,0.817,0.092,0.494,-1.093,-0.293
3372,-0.818,0.768,-1.415,1.269,-0.059
3373,0.949,-0.942,-0.668,0.067,0.055
3374,-1.115,1.1,0.371,-1.176,0.453
3375,-0.004,-0.809,-0.809,0.247,-1.301
3376,-0.216,-0.548,0.023,1.365,0.659
3377,1.137,-0.096,-1.163,0.37,-2.171
3378,-0.414,-1.109,-0.066,0.601,-1.652
3379,0.051,0.795,-1.692,0.041,0.279
3380,-0.255,-0.271,-2.185,0.044,1.044
3381,1.242,-0.093,-1.136,-0.518,-1.465
3382,-0.525,0.584,-0.891,-0.417,-0.722
3383,-0.488,2.293,0.949,-0.013,0.113
3384,1.227,-0.996,0.685,-0.249,0.601
3385,-0.73,1.44,0.983,-0.404,1.185
3386,0.538,0.361,0.908,-1.321,-0.616
3387,0.682,0.223,1.628,1.321,0.437
3388,0.676,-1.074,-1.061,-0.224,0.005
3389,-1.02,1.776,-0.277,-1.57,0.071
3390,-0.583,0.478,1.228,0.721,-0.641
3391,0.615,0.902,0.301,0.359,0.391
3392,-0.767,0.908,1.599,0.15,0.057
3393,0.403,1.741,0.273,-0.532,-1.034
3394,0.933,0.305,0.364,0.365,0.589
3395,-1.855,0.395,-0.209,0.43,-0.694
3396,0.155,-0.885,0.516,-0.655,-0.025
3397,-0.931,-0.387,0.26,0.032,3.154
3398,0.722,-1.985,-0.954,-0.643,0.353
3399,-0.811,-0.574,-0.586,1.738,0.331
3400,-1.764,-0.887,-0.733,-0.059,2.108
3401,0.135,0.32,0.336,1.249,1.001
3402,0.732,1.007,-0.629,0.294,-2.219
3403,1.751,0.202,-0.973,0.611,-0.291
3404,-0.54,0.365,-0.074,-0.499,1.528
3405,-0.213,-1.376,0.65,1.396,1.054
3406,-1.705,-0.497,0.292,-0.327,-0.419
3407,1.006,-0.851,-1.722,0.775,-0.172
3408,-0.536,1.028,0.511,1.844,-0.57
3409,-1.004,1.06,-0.05,0.819,-1.256
3410,1.847,0.198,-0.244,0.093,-1.994
3411,0.123,-1.224,-0.674,-0.104,-1.608
3412,0.416,-0.16,-0.061,0.167,-0.303
3413,-0.452,0.913,-1.424,-1.13,-0.531
3414,2.057,0.092,-0.165,-0.96,-1.495
3415,-0.257,-1.088,-0.572,0.645,0.516
3416,-0.72,-0.197,-1.304,0.879,-0.652
3417,0.656,-0.166,0.691,1.069,-0.526
3418,-0.135,-0.57,0.663,-0.113,0.088
3419,1.08,-0.269,0.507,0.474,-0.921
3420,-0.594,-0.077,0.046,-0.674,-0.149
3421,1.943,-0.112,-0.149,-0.066,-0.182
3422,-0.636,-0.618,-0.32,0.619,1.115
3423,-1.405,1.112,1.022,-1.251,0.42
3424,-1.259,-1.178,0.646,0.709,0.41
3425,1.047,-1.433,0.033,-0.362,-0.866
3426,-1.916,1.616,0.668,0.693,0.177
3427,1.3,-1.689,1.472,-0.803,0.609
3428,-0.256,0.108,0.404,-1.727,1.525
3429,-1.622,-0.799,-2.811,2.73,-0.53
3430,-1.992,-0.17,0.12,-1.07,0.477
3431,0.409,-1.19,-0.539,0.019,-1.008
3432,-1.321,-0.912,0.096,0.574,0.75
3433,-2.622,1.121,0.591,-0.856,-0.099
3434,0.39,-2.277,-0.441,-1.38,-0.41
3435,1.538,1.209,0.946,-1.115,0.687
3436,2.06,-0.402,-0.819,-1.1,0.622
3437,1.542,-0.05,0.993,0.196,0.206
3438,-0.996,-0.625,-1.734,0.576,0.897
3439,-0.454,0.369,0.139,0.533,0.005
3440,-0.408,-1.074,0.795,-0.771,0.24
3441,1.354,-0.264,-1.297,-1.07,-0.062
3442,1.934,0.827,1.041,0.388,-0.855
3443,-0.33,-0.172,1.187,0.46,0.8
3444,1.482,0.567,1.106,0.491,-0.964
3445,0.901,-0.6,0.22,-0.768,1.102
3446,0.697,-1.173,0.615,1.175,0.65
3447,-0.138,-0.659,1.883,0.482,-0.933
3448,-0.291,0.81,1.539,0.671,0.64
3449,-0.007,-1.217,0.314,-0.689,-1.497
3450,2.04,0.553,-0.186,-0.469,0.432
3451,-1.174,0.628,-0.612,1.224,0.336
3452,-0.009,1.2,-0.021,-0.353,-2.061
3453,-0.174,-1.12,0.757,0.585,-1.123
3454,1.402,-0.095,-0.418,-0.486,-0.888
3455,0.141,-1.167,-0.152,0.569,-0.016
3456,0.179,-1.904,1.582,0.111,1.226
3457,-0.798,1.481,-0.356,1.1,0.115
3458,0.154,-2.743,-0.111,0.639,0.197
3459,-0.12,0.709,-0.597,1.178,0.85
3460,0.621,-2.803,-1.143,1.398,0.886
3461,-1.798,1.661,1.859,0.655,1.224
3462,-0.856,0.957,-2.051,0.935,0.032
3463,-2.872,-0.482,0.171,-0.693,-1.271
3464,0.312,-1.375,1.564,1.067,0.555
3465,0.159,0.539,-1.563,-0.077,-0.605
3466,0.853,-1.455,-1.173,0.116,0.527
3467,-0.219,0.417,-0.181,0.33,-0.165
3468,-1.605,-1.102,-1.122,-0.688,0.408
3469,0.507,-0.495,-0.596,0.378,0.53
3470,0.11,-0.282,0.156,-0.666,1.443
3471,-0.445,-0.578,0.585,-0.601,-0.128
3472,-0.891,0.72,-0.467,-0.002,0.098
3473,-1.148,0.932,-0.192,1.274,0.537
3474,-0.683,-1.016,-2.175,0.164,0.603
3475,-1.091,0.405,0.602,-0.062,-0.96
3476,2.061,1.489,-0.555,-0.656,-0.041
3477,-0.375,1.0,0.191,0.328,-1.575
3478,-0.387,-0.336,-0.342,-0.071,1.339
3479,-1.993,0.83,-1.207,0.643,-1.234
3480,0.358,0.441,-0.796,-0.872,0.895
3481,1.508,-0.492,1.471,0.389,-1.447
3482,-0.902,-1.32,-0.587,-1.12,0.1
3483,-0.011,-2.43,0.817,-1.293,-1.09
3484,-1.784,-0.217,-1.436,0.812,1.708
3485,1.029,0.554,0.013,0.014,1.99
3486,0.563,-1.262,0.738,1.472,0.997
3487,-0.224,0.62,2.195,1.409,-0.902
3488,0.216,-0.146,0.014,-0.863,1.709
3489,0.8,-0.469,-1.933,-1.816,0.555
3490,-0.539,0.91,-0.896,0.362,-0.335
3491,0.233,-0.167,0.557,0.852,-0.406
3492,0.377,0.67,1.264,-0.665,0.646
3493,-0.539,-1.003,-0.272,-0.459,0.552
3494,-0.061,-0.102,1.647,0.229,1.615
3495,0.694,0.097,0.833,-0.011,-0.586
3496,0.006,1.099,1.601,-0.736,0.523
3497,-0.182,-0.294,-0.201,-0.552,1.186
3498,0.186,1.049,-0.599,0.595,-0.7
3499,1.818,-0.597,-0.33,1.106,-1.738
3500,0.459,-1.719,-0.605,-1.684,0.329
3501,-0.754,0.023,-0.37,1.19,1.086
3502,-0.001,0.825,-2.086,-0.167,1.03
3503,-0.548,-2.451,0.681,0.234,-1.626
3504,-0.222,0.544,0.661,1.067,0.344
3505,-1.484,0.816,1.658,0.824,0.092
3506,0.598,-0.352,-0.365,-2.006,-0.314
3507,-1.026,-1.105,-0.541,-0.837,0.605
3508,-0.382,-1.25,0.567,-0.996,-0.252
3509,-1.836,1.452,-0.352,0.392,-0.39
3510,-2.059,0.716,1.254,-1.259,0.472
3511,0.591,0.308,0.392,0.845,-0.843
3512,0.678,0.784,-2.409,-0.407,1.301
3513,0.487,-1.233,0.131,1.41,-1.478
3514,0.07,1.167,0.649,0.431,0.036
3515,-0.295,1.677,-0.246,0.903,-1.464
3516,-0.778,0.025,0.103,-2.053,0.035
3517,-0.165,-1.51,0.673,0.334,-3.054
3518,0.188,-0.902,-0.097,-1.466,-0.261
3519,-0.13,-0.805,0.431,0.925,0.864
3520,-0.932,-1.715,-0.422,-0.783,-1.744
3521,-1.538,-0.862,-0.217,-1.246,-0.288
3522,-0.312,1.628,-1.448,-0.614,-1.796
3523,0.081,-1.35,0.68,-0.937,-0.533
3524,-0.947,0.676,-0.804,-0.358,0.974
3525,-0.309,-2.134,2.529,0.206,0.267
3526,-0.085,-1.141,0.46,0.493,0.234
3527,0.045,1.426,-1.173,-1.763,-0.754
3528,1.125,0.249,1.411,0.379,-0.584
3529,0.161,-0.272,0.967,0.627,0.236
3530,0.537,0.054,-1.23,-0.201,-0.528
3531,-0.086,-0.009,-1.109,0.639,-0.441
3532,-1.218,1.069,-0.356,0.405,-1.392
3533,0.918,1.376,-0.773,0.708,-0.585
3534,-0.973,0.357,0.725,-1.446,1.826
3535,0.496,-1.285,-0.505,0.421,0.886
3536,1.61,0.128,-1.252,-3.326,-1.97
3537,0.112,1.196,2.224,0.429,2.028
3538,-0.529,2.101,0.087,1.412,0.489
3539,1.299,-0.094,-1.635,1.08,2.05
3540,0.928,0.209,-0.967,-0.433,0.013
3541,-1.103,-0.585,0.178,-0.093,0.243
3542,1.029,1.388,0.887,-0.44,1.391
3543,-0.229,0.868,0.99,1.422,-0.962
3544,-1.031,-1.116,-0.926,-0.362,-0.158
3545,-0.441,0.55,-2.636,0.401,-0.091
3546,0.945,1.257,0.302,-1.32,1.257
3547,0.428,-0.501,0.837,-1.444,-0.995
3548,0.582,0.359,0.624,-0.979,-1.229
3549,0.762,-1.278,-1.357,0.063,0.498
3550,-0.522,-0.298,0.209,0.01,-1.149
3551,-0.947,0.187,-0.67,0.792,0.083
3552,0.163,0.591,2.917,-0.16,1.999
3553,0.479,-1.001,-1.59,0.174,-0.223
3554,0.764,0.67,1.157,1.115,0.223
3555,-0.197,0.101,0.913,1.912,-2.013
3556,-0.746,0.724,-0.481,-1.05,-0.855
3557,0.569,-1.437,0.152,0.995,-0.394
3558,1.643,0.234,-0.743,0.748,0.471
3559,0.925,-0.558,0.775,-0.908,-0.643
3560,0.139,0.216,0.177,-0.102,0.768
3561,0.786,-1.003,0.593,1.272,-0.098
3562,0.714,-1.129,0.829,-0.999,2.037
3563,-1.798,-0.817,-0.304,0.257,-0.971
3564,0.547,-0.748,1.305,-0.246,-0.314
3565,1.488,0.555,-0.85,-1.584,0.929
3566,-1.672,-0.928,0.903,-0.736,0.925
3567,-0.123,-0.702,-0.72,1.004,0.485
3568,-0.091,-0.498,-2.321,-1.343,-0.864
3569,-1.119,-0.862,-0.211,-0.893,0.411
3570,0.622,0.179,1.472,0.13,-0.726
3571,-0.827,1.369,-0.189,-1.268,2.357
3572,0.525,-0.598,0.206,-0.057,0.146
3573,-0.405,-0.262,-0.699,0.196,-0.01
3574,-0.007,1.275,0.191,0.877,-0.019
3575,0.997,-0.575,-2.015,-1.101,-1.093
3576,0.249,-1.803,-1.142,0.69,-0.517
3577,-0.121,1.201,-0.166,-0.271,0.248
3578,-0.64,-0.85,0.059,0.241,1.079
3579,-0.484,-0.797,0.061,0.086,-0.158
3580,-0.795,-0.501,-1.194,-0.25,0.124
3581,0.603,-0.482,1.942,1.23,-0.362
3582,1.173,-0.472,0.248,-1.942,2.494
3583,2.131,0.572,0.939,-0.423,-0.005
3584,0.519,-1.477,0.79,0.776,0.892
3585,-0.223,-2.154,0.159,0.318,-0.328
3586,0.658,-1.079,-1.221,-0.894,-0.197
3587,0.161,-0.847,0.194,0.73,-0.33
3588,-0.61,-1.299,-0.255,0.554,0.185
3589,0.434,0.043,-1.12,-0.007,-0.498
3590,0.245,-0.728,-2.423,0.49,0.94
3591,1.293,-0.457,1.262,-1.556,-0.373
3592,0.05,-1.427,0.404,-1.122,-1.498
3593,-0.644,0.307,-1.521,-0.426,0.334
3594,0.51,-0.164,-0.135,0.951,-0.586
3595,-0.099,-0.205,0.42,-0.814,0.999
3596,-0.285,0.396,0.61,1.838,-2.422
3597,0.002,-0.759,0.842,1.458,0.142
3598,-0.311,-0.459,0.361,-0.224,0.819
3599,0.194,2.059,1.196,2.283,0.476
3600,0.806,-2.015,-0.93,0.658,0.726
3601,-1.315,0.339,0.326,-0.515,1.42
3602,-0.502,0.401,0.182,1.331,-0.323
3603,1.885,0.124,1.133,1.075,0.251
3604,-0.249,-0.653,-0.528,0.518,0.005
3605,0.98,-0.962,0.384,2.113,-1.917
3606,0.366,-0.106,1.213,-0.321,0.754
3607,0.286,2.076,-1.303,0.934,0.852
3608,0.008,-0.168,0.107,0.043,-0.159
3609,0.445,1.793,-1.288,0.411,-0.078
3610,0.49,0.172,-0.124,-0.688,0.915
3611,0.992,0.803,-0.374,-0.569,-0.918
3612,0.111,0.863,0.978,-0.725,0.99
3613,0.556,-1.64,-1.163,1.11,1.011
3614,0.231,-0.513,-0.985,-0.214,0.291
3615,0.412,0.617,0.276,-0.685,1.098
3616,-1.183,0.606,-0.028,0.046,-0.066
3617,2.575,-1.513,-1.214,0.069,0.082
3618,-0.322,0.499,-1.361,0.027,1.156
3619,-0.6,-1.352,-0.252,0.018,-0.594
3620,0.202,-1.064,0.586,-0.013,1.188
3621,-1.36,-1.192,-0.634,0.491,0.331
3622,1.166,-1.177,-0.326,0.866,-0.479
3623,0.103,1.364,2.215,0.077,-0.353
3624,-1.534,-0.694,0.142,1.08,-0.338
3625,-1.005,-0.385,1.031,0.905,-0.635
3626,2.033,-0.172,1.859,1.066,0.099
3627,-1.004,0.832,0.665,-0.286,1.14
3628,-0.121,-1.432,-0.97,0.547,0.283
3629,0.203,1.439,1.213,1.672,-0.133
3630,1.518,1.482,-1.115,0.531,-1.425
3631,0.408,0.126,0.992,-0.647,0.205
3632,1.963,-1.271,-0.195,0.34,0.654
3633,0.521,1.353,1.199,-1.431,-0.155
3634,-0.637,-1.14,-2.045,0.21,-0.819
3635,-1.05,0.371,-0.25,0.809,-0.407
3636,2.449,0.514,0.334,-0.046,0.776
3637,0.762,-0.594,-1.184,1.199,0.311
3638,-0.753,0.739,1.236,-0.357,-0.243
3639,1.202,-1.625,-0.038,-0.5,-0.873
3640,-0.426,0.342,-0.483,1.791,-0.592
3641,-1.379,-0.643,1.414,0.897,-0.931
3642,0.672,1.701,0.18,0.332,-0.15
3643,1.144,-0.652,0.289,1.407,2.112
3644,-0.528,0.172,0.483,-0.406,1.687
3645,0.83,1.966,-1.76,-1.259,-0.814
3646,0.632,1.514,-0.569,-0.878,-0.439
3647,-0.349,-0.527,0.152,-0.585,1.537
3648,-0.678,0.998,0.147,0.735,-1.128
3649,0.76,-0.858,0.671,-0.611,0.059
3650,-1.773,-2.059,-0.985,1.932,0.899
3651,-0.672,-0.228,0.697,-1.316,1.369
3652,0.449,-1.195,0.242,1.183,-0.571
3653,1.526,-0.792,0.032,-0.364,-2.507
3654,-0.681,0.411,-0.636,-0.23,1.819
3655,-0.438,-0.306,0.505,-0.778,-1.864
3656,-0.624,0.351,-1.012,1.213,-0.572
3657,-1.151,-2.817,0.359,0.188,-1.124
3658,0.157,-0.035,-1.092,0.238,1.363
3659,0.514,0.988,0.144,-0.47,-0.309
3660,-1.209,-1.236,-0.158,-0.479,0.396
3661,-0.555,-0.043,0.577,0.273,-0.193
3662,-0.035,-1.062,0.684,0.639,-1.291
3663,1.311,0.814,0.962,0.795,1.067
3664,0.854,-0.401,0.033,-0.24,-0.93
3665,-0.636,-1.656,1.149,0.435,0.326
3666,-0.182,-0.94,1.296,-0.02,-0.274
3667,-0.014,0.412,-0.672,-1.043,-0.014
3668,0.833,-0.405,0.46,-0.416,1.593
3669,-0.031,2.074,0.996,-0.681,-0.38
3670,-2.396,1.02,1.166,-0.698,-0.061
3671,-1.305,1.791,0.504,-0.637,-0.577
3672,2.249,0.619,-0.604,1.773,0.279
3673,0.305,-0.014,0.098,-0.994,0.579
3674,1.059,0.756,0.402,-1.243,-0.581
3675,-0.85,-0.872,0.454,1.409,-2.336
3676,0.178,0.133,1.912,-1.76,0.07
3677,1.403,0.582,0.156,-0.431,1.713
3678,-0.225,-1.609,-0.457,0.902,0.361
3679,-0.185,-1.823,-0.096,1.687,-0.826
3680,-1.066,0.114,-1.411,-0.05,1.404
3681,0.192,-0.278,-0.123,-0.249,-2.386
3682,-0.289,-1.41,-0.946,1.037,2.239
3683,-0.187,-1.548,0.478,-0.069,-1.416
3684,0.67,-0.147,-0.423,-0.773,1.0
3685,-1.782,2.777,-0.952,-0.558,-0.335
3686,-0.715,1.487,-0.689,-1.097,-0.315
3687,0.205,-0.848,-1.009,0.182,-0.211
3688,-0.509,1.7,1.746,-0.754,1.748
3689,0.02,0.068,-0.039,0.244,0.212
3690,0.322,-0.753,1.109,1.566,-1.627
3691,-0.175,0.484,0.587,-1.209,-0.821
3692,-0.199,-1.871,-0.284,0.453,-0.98
3693,-1.175,-0.475,-0.235,0.268,0.485
3694,-0.578,1.871,0.727,-1.722,0.976
3695,0.907,0.23,-0.027,-0.477,-0.196
3696,-0.422,-0.148,-0.01,-1.963,-1.067
3697,-0.179,0.802,0.77,0.566,-0.797
3698,-0.25,0.972,0.662,1.04,0.709
3699,0.692,-1.039,-0.047,3.235,1.456
3700,-0.391,0.911,-0.419,0.635,0.704
3701,1.842,2.668,-1.148,0.119,-0.171
3702,-0.049,0.065,-0.864,-0.263,-0.977
3703,0.979,-1.594,1.323,0.807,0.707
3704,0.994,-0.308,-0.032,0.148,-0.422
3705,0.001,0.162,1.359,-0.023,0.817
3706,-0.753,-2.313,-0.484,-0.984,-1.057
3707,1.514,-1.468,0.531,1.23,-0.292
3708,-0.249,1.618,1.936,-1.407,-1.139
3709,0.231,0.004,0.152,0.246,-0.163
3710,-0.847,-0.825,1.775,-1.153,0.192
3711,-0.847,0.742,0.16,0.121,0.998
3712,-1.155,-1.508,-1.965,-0.812,1.837
3713,-1.439,0.239,-0.85,-0.134,1.276
3714,-0.417,0.469,-0.177,-0.522,0.439
3715,0.089,0.217,0.689,-2.509,1.295
3716,0.111,1.189,-1.983,-0.841,0.42
3717,-0.084,-0.994,-0.223,-0.448,0.624
3718,0.998,0.693,0.784,0.376,0.567
3719,-0.39,0.042,-1.007,-0.041,-0.3
3720,-0.795,0.182,-0.364,0.226,1.658
3721,-0.021,1.519,0.384,0.964,1.74
3722,-0.945,-0.585,-0.891,0.758,0.364
3723,0.118,-1.413,-0.271,-0.585,-1.219
3724,-1.021,0.736,-1.746,0.851,-0.567
3725,-0.214,-0.704,-0.181,-1.008,2.08
3726,-0.769,0.86,-1.18,0.341,1.434
3727,1.25,0.484,-0.766,1.657,-0.307
3728,0.759,-0.57,-0.377,-0.014,-1.48
3729,0.808,-0.908,-1.766,-1.014,1.379
3730,0.403,-0.275,0.634,0.499,0.03
3731,0.039,1.046,-0.937,-0.697,0.176
3732,-1.413,-0.909,0.935,-0.943,-0.05
3733,-2.182,1.777,1.63,-1.282,0.787
3734,0.283,-1.04,-1.488,-1.599,1.536
3735,-0.949,2.197,-0.786,0.018,-0.503
3736,2.047,-0.925,1.427,0.046,2.559
3737,-0.88,-0.304,-1.095,-0.799,-0.987
3738,-0.972,0.659,0.609,1.174,0.134
3739,1.021,0.595,1.333,-0.263,-0.39
3740,0.691,-0.234,1.665,1.467,1.497
3741,-2.213,-0.007,-0.692,0.601,0.993
3742,-1.081,-0.672,-0.297,-1.231,-1.028
3743,-2.025,-0.737,2.094,0.994,0.038
3744,0.89,-1.358,0.158,-0.398,-1.065
3745,1.969,-0.035,-0.41,-0.653,-1.11
3746,0.521,-0.679,-1.576,-0.265,-0.366
3747,-1.329,-1.305,2.542,3.331,3.216
3748,-0.054,0.732,-0.687,0.606,0.315
3749,0.354,-0.965,-0.605,0.88,1.129
3750,-0.555,0.6,1.067,-1.397,0.16
3751,-0.215,-0.443,-1.545,-1.169,-0.39
3752,2.623,-1.073,-0.111,0.683,-1.293
3753,-0.018,0.12,0.667,-1.009,0.524
3754,0.139,0.7,1.57,-0.101,-1.876
3755,1.811,-0.657,-1.069,-1.144,0.549
3756,1.448,-0.653,1.343,-0.65,-2.149
3757,0.437,-1.313,-0.913,1.48,0.789
3758,0.123,0.801,-0.618,-0.568,0.528
3759,-0.179,1.272,-0.535,0.192,-0.761
3760,0.516,-0.941,0.028,0.901,-0.839
3761,-1.917,0.291,1.008,-0.753,-0.719
3762,0.519,0.008,0.365,0.179,-0.981
3763,0.483,-0.874,-0.984,-0.748,0.526
3764,-0.616,0.378,0.867,-0.347,-1.828
3765,0.329,-0.934,2.551,-0.812,0.942
3766,-0.759,-0.065,-0.486,0.229,0.734
3767,1.001,-0.588,-0.653,0.435,-0.743
3768,0.055,0.905,0.2,-0.183,-0.279
3769,0.101,1.769,-0.222,1.673,-1.747
3770,1.973,-0.325,-0.279,-0.565,0.986
3771,-0.464,-0.816,-0.234,-2.053,1.524
3772,-0.372,-0.282,1.073,-1.217,-0.275
3773,0.343,-0.822,-0.189,1.139,1.502
3774,0.812,0.343,0.404,2.012,1.349
3775,-1.23,-0.044,0.818,-0.576,-1.312
3776,0.566,-0.524,0.157,0.961,0.151
3777,-2.336,-0.073,0.524,0.057,0.084
3778,1.235,1.806,0.696,-0.193,-0.129
3779,-0.715,0.167,0.378,0.585,0.919
3780,0.504,1.576,-0.322,0.884,-0.452
3781,0.398,-0.378,0.722,-0.705,-0.097
3782,-0.599,-0.578,-1.855,0.084,-1.306
3783,-0.126,0.552,1.791,1.059,-1.467
3784,-1.38,1.699,-1.217,0.731,0.78
3785,-1.117,-0.083,0.731,-1.554,-1.062
3786,0.745,-1.161,-0.871,0.1,-0.515
3787,-2.666,-1.035,0.617,0.689,2.103
3788,-0.023,-0.11,-0.135,-0.556,-0.658
3789,0.593,-0.054,-0.913,-0.363,-1.01
3790,-0.916,0.706,0.112,-0.28,-0.072
3791,1.002,1.071,-1.268,-0.647,-1.311
3792,-0.44,-0.67,1.334,0.077,0.613
3793,0.23,0.597,-0.672,1.198,-1.113
3794,-0.564,-0.542,-0.92,0.123,0.175
3795,0.368,0.715,-1.03,-0.388,1.52
3796,-1.377,-0.475,-0.116,-1.557,-0.889
3797,0.131,1.367,-1.53,0.858,-0.456
3798,-0.724,-0.381,-1.012,-0.7,-0.393
3799,0.366,1.192,-0.109,0.418,1.148
3800,-0.295,-1.18,-0.009,0.544,-0.613
3801,0.915,-0.635,0.633,-0.489,2.138
3802,-1.029,0.845,0.774,-0.194,-0.016
3803,-0.959,1.129,-0.665,0.594,0.862
3804,1.218,1.983,0.699,-0.585,0.025
3805,-0.719,0.618,1.276,1.001,-1.76
3806,0.226,-0.706,-1.036,1.63,-0.175
3807,-0.081,-0.525,-1.497,-0.931,1.367
3808,-0.221,-1.334,0.507,-1.372,0.186
3809,-0.829,-1.086,0.612,1.109,-0.04
3810,-0.925,0.985,-1.858,-0.713,-0.536
3811,-0.851,-0.182,-1.063,-0.965,1.678
3812,-0.362,-0.445,-0.096,-0.574,-1.327
3813,-0.143,0.426,1.433,1.527,0.411
3814,-0.814,-1.35,-0.823,0.662,1.656
3815,-1.268,-1.232,0.506,-0.283,-0.374
3816,-0.842,-1.158,0.53,-0.08,-1.912
3817,-0.535,-0.079,0.645,1.021,-0.268
3818,0.611,-0.242,0.325,0.253,0.843
3819,0.316,0.832,0.29,0.936,-0.566
3820,0.83,1.591,0.216,-0.935,0.552
3821,-1.534,-0.335,1.604,0.93,0.183
3822,-0.779,0.161,-2.517,0.828,-0.208
3823,0.515,-0.803,0.24,0.551,1.306
3824,0.916,0.7,1.224,-1.201,-0.934
3825,0.72,1.553,0.312,-0.834,-0.523
3826,-0.535,0.96,1.202,-0.107,-0.201
3827,-0.431,1.272,-0.447,-1.451,-1.675
3828,-1.551,-0.935,0.308,0.068,-1.039
3829,0.674,0.042,0.407,-0.505,0.448
3830,0.575,0.019,-0.213,-1.254,0.001
3831,-0.799,0.002,-0.786,-1.368,-2.133
3832,-0.371,-1.343,-0.74,-1.228,0.357
3833,0.262,-0.393,0.21,-0.107,1.357
3834,0.165,0.089,-1.423,-0.77,0.018
3835,-1.79,0.775,1.641,1.18,-0.194
3836,1.053,0.914,-0.161,1.522,0.857
3837,0.355,-1.73,-0.281,0.119,-0.938
3838,-0.204,0.412,-0.436,-1.493,-0.904
3839,-1.071,-0.348,-0.983,0.927,-0.828
3840,-1.846,1.443,-1.097,0.518,0.288
3841,-0.506,-0.693,-0.384,0.156,1.526
3842,-1.458,0.157,-0.684,0.994,0.393
3843,0.216,-0.959,0.497,0.022,1.049
3844,2.063,-2.552,-0.436,-0.48,-0.488
3845,1.616,-0.818,-1.63,0.648,-0.74
3846,-0.739,-0.355,-0.047,-1.486,-0.326
3847,-0.363,0.353,1.028,-0.882,0.065
3848,1.129,0.632,-0.904,-0.937,1.293
3849,0.896,0.399,0.504,-0.208,1.834
3850,-0.82,0.352,-0.63,-0.064,-0.03
3851,-0.782,1.156,1.926,1.44,0.275
3852,2.229,0.89,1.058,0.356,-0.211
3853,-0.212,-1.282,1.027,0.085,-1.069
3854,-0.611,-1.19,1.202,-1.274,0.208
3855,0.024,0.026,-1.961,-0.964,-0.576
3856,-0.001,2.058,-1.177,1.349,-0.182
3857,-1.235,1.095,-0.843,-0.324,1.623
3858,-1.72,-0.258,-1.858,-0.463,-0.786
3859,-0.491,-2.168,-1.548,-0.578,-0.05
3860,0.605,-1.166,-0.767,0.354,-0.237
3861,0.871,0.571,-0.462,-0.848,-0.736
3862,0.625,-0.031,-0.839,-0.339,0.059
3863,0.588,-0.726,-0.605,0.257,0.492
3864,-0.567,0.64,2.077,0.654,0.729
3865,-0.513,1.145,-0.492,0.21,-0.491
3866,-1.861,-0.429,-1.274,-2.065,0.425
3867,-0.919,1.784,-0.277,0.276,0.766
3868,-2.225,-0.344,1.742,-1.045,1.265
3869,-0.328,1.616,-1.72,-0.328,0.935
3870,1.522,-0.095,0.952,0.961,-0.054
3871,0.596,-0.269,-1.148,0.932,1.296
3872,-1.02,0.459,0.205,0.923,-0.655
3873,-0.527,-1.026,0.968,0.536,0.059
3874,-0.016,0.711,-0.628,-0.988,0.434
3875,2.901,0.365,-0.61,0.381,2.2
3876,0.408,-0.708,-0.118,-0.339,-0.151
3877,1.316,-1.714,-0.28,0.097,-0.743
3878,-0.042,-0.54,-0.321,1.831,2.505
3879,0.758,1.107,0.118,-0.281,-0.21
3880,-0.333,-1.216,1.463,0.607,0.421
3881,0.799,0.354,-0.643,1.876,-0.486
3882,-0.229,0.447,0.924,-0.932,-1.537
3883,0.542,-1.247,-2.315,0.164,-0.456
3884,-0.521,-0.422,0.667,2.754,0.515
3885,-0.024,0.218,-0.864,0.563,-1.213
3886,0.096,-0.693,1.061,-0.477,-1.328
3887,1.714,1.088,-0.955,-0.552,0.36
3888,-0.012,-1.272,-1.261,-1.79,0.767
3889,1.13,-1.523,0.191,0.601,1.697
3890,0.521,-1.406,0.759,0.087,0.4
3891,0.093,1.289,-0.737,-0.916,-1.763
3892,0.839,0.855,0.332,1.024,0.307
3893,0.501,-0.96,0.792,0.851,0.182
3894,1.585,-0.153,-0.229,-1.5,0.396
3895,0.286,-1.239,0.956,-0.463,1.394
3896,-1.858,0.23,0.22,-0.159,0.13
3897,0.695,-1.274,-0.22,-0.461,-1.407
3898,-0.618,1.08,1.495,1.157,0.044
3899,-1.015,0.271,1.611,-0.563,-0.1
3900,-0.107,1.611,0.878,-0.095,-0.734
3901,0.959,1.006,-0.118,-0.151,-0.345
3902,0.649,-1.172,0.645,-1.166,0.665
3903,-0.652,1.725,-0.239,0.643,-0.441
3904,-1.174,0.857,0.854,-0.056,0.019
3905,-0.22,0.519,1.045,-0.914,-1.363
3906,2.016,-0.125,-0.756,1.069,-0.37
3907,1.439,1.399,0.494,0.993,-0.235
3908,-1.284,0.195,-0.359,-1.214,0.087
3909,1.137,0.847,1.591,1.137,0.154
3910,1.09,-0.704,-2.043,0.117,-0.53
3911,-1.899,-0.067,-0.325,-0.423,-1.455
3912,-0.598,1.291,-2.029,-0.492,0.515
3913,-0.002,0.286,-1.185,-0.572,0.978
3914,0.007,-0.378,0.37,0.06,-0.834
3915,0.455,-0.729,1.403,0.653,-0.766
3916,-0.7,-1.193,-0.155,0.047,0.566
3917,1.137,-1.2,-0.256,-0.176,-0.508
3918,-1.276,0.418,-0.689,1.842,0.879
3919,0.928,-0.108,0.059,-0.729,-0.656
3920,-0.668,0.06,-0.226,1.077,-1.621
3921,-0.643,-1.171,-1.791,1.931,-1.516
3922,1.123,0.049,-1.408,2.664,1.262
3923,-0.985,0.139,1.118,2.221,-0.919
3924,1.039,-0.24,2.126,-1.369,0.432
3925,-0.955,-0.741,0.558,1.214,0.061
3926,0.11,1.523,1.351,-0.467,-0.448
3927,-0.994,-2.438,-0.178,0.427,0.157
3928,-0.108,-0.452,0.139,-1.614,-1.278
3929,-1.89,0.758,-0.513,-0.675,1.268
3930,1.396,0.054,-0.242,-0.598,-0.28
3931,-1.023,-0.257,0.401,0.792,0.843
3932,-1.053,0.591,-0.622,-0.259,0.246
3933,1.066,-1.552,-0.986,0.77,-1.124
3934,0.333,-1.472,-0.664,-0.244,-0.319
3935,0.101,-2.064,0.336,-0.086,0.188
3936,0.325,-1.2,1.235,-0.139,0.564
3937,0.92,0.355,0.263,0.096,0.715
3938,-0.544,-1.093,-1.297,-0.747,-0.522
3939,0.831,-0.226,0.256,0.874,2.064
3940,-0.308,-1.0,-0.336,-0.625,0.18
3941,0.404,-0.085,0.448,-0.225,-0.532
3942,-0.33,0.797,0.25,-2.225,1.228
3943,2.807,0.664,-0.781,0.703,-0.148
3944,-0.342,0.53,0.447,-0.166,-0.639
3945,-0.551,-0.057,0.479,-0.967,0.846
3946,0.319,-1.245,1.032,1.236,1.314
3947,0.579,-0.056,0.252,-0.645,-0.066
3948,0.304,1.815,0.27,-0.444,-0.915
3949,-0.806,-0.986,-0.788,-0.313,-0.451
3950,-0.784,0.255,-0.387,-0.845,0.24
3951,1.275,-1.625,0.935,0.899,-0.716
3952,0.691,-1.163,-0.816,1.031,-1.474
3953,-0.923,-0.438,-0.537,-0.573,-0.45
3954,0.786,0.628,1.491,-1.305,1.431
3955,0.716,-1.327,-0.502,-0.433,1.629
3956,0.595,-0.482,0.48,-0.105,-2.586
3957,-0.047,0.173,-0.307,0.109,0.637
3958,-0.65,0.407,-0.237,-0.692,-0.444
3959,-1.252,0.6,1.083,-1.682,0.3
3960,1.085,-1.891,-0.352,0.312,0.968
3961,-1.548,0.042,2.012,-1.132,-0.121
3962,-1.14,0.599,-0.44,1.019,-0.668
3963,0.384,1.415,-0.381,0.05,-1.514
3964,0.105,1.143,-1.034,1.569,-0.857
3965,-2.022,-1.441,-0.975,-0.117,0.819
3966,-1.715,-0.667,-1.124,1.149,-0.074
3967,-1.637,-1.007,1.552,1.895,1.633
3968,-0.158,-0.599,-0.431,1.384,-2.063
3969,0.49,-0.224,-1.14,0.416,-1.085
3970,-0.311,0.766,-0.624,2.319,-0.86
3971,-1.528,-0.964,0.98,-2.19,0.332
3972,-0.383,1.248,1.003,-0.402,1.132
3973,0.008,0.833,2.535,-1.1,-0.378
3974,-0.615,1.615,1.584,-0.223,-0.535
3975,-1.246,-0.337,-0.839,-0.51,2.325
3976,-0.008,0.689,0.227,-2.879,0.485
3977,1.5,-1.236,0.449,0.858,-0.193
3978,-2.454,1.569,-0.069,-0.255,-0.678
3979,0.638,-0.187,0.611,-2.177,-1.772
3980,1.116,1.361,-1.21,0.727,0.989
3981,0.68,-0.459,-2.007,-1.615,1.848
3982,-0.004,0.761,1.439,1.641,0.35
3983,-0.31,-1.629,0.623,-0.342,0.943
3984,0.283,-0.163,-0.404,0.396,0.195
3985,0.161,0.088,0.603,-0.753,-0.185
3986,-0.048,-0.61,0.056,-1.905,0.234
3987,-1.712,0.463,0.443,-0.712,-0.486
3988,-1.129,-0.963,0.816,0.57,-0.981
3989,0.714,-1.93,-2.133,-1.371,0.323
3990,0.861,1.767,0.035,0.343,-0.345
3991,-0.536,0.002,-0.885,0.085,-0.851
3992,-0.468,0.561,-0.054,-1.375,-0.156
3993,0.496,-0.187,0.284,1.704,1.583
3994,-0.865,0.278,-0.36,0.353,-0.399
3995,-1.084,-0.393,-0.546,0.251,-2.507
3996,2.185,0.27,-1.155,0.484,1.185
3997,1.534,0.025,-0.786,0.915,-0.599
3998,-0.627,-0.645,0.914,1.212,-1.944
3999,-2.617,0.425,0.662,-0.414,-1.106
4000,-0.722,-0.405,0.755,-1.644,0.517
4001,0.503,-0.725,-0.978,1.033,0.593
4002,1.755,-0.231,-0.03,-1.52,0.164
4003,0.603,-0.982,1.887,-0.051,1.038
4004,-0.087,0.471,0.313,0.339,-0.121
4005,0.296,1.093,0.71,-2.341,-1.032
4006,0.843,-0.644,-0.209,-1.403,0.196
4007,1.084,1.276,-0.582,-0.115,0.008
4008,0.427,0.416,-0.666,-0.535,-0.564
4009,-0.409,1.434,-0.496,-0.602,-2.257
4010,0.585,-0.807,1.327,-1.41,0.258
4011,0.27,-0.191,-0.876,-0.985,-1.543
4012,-1.974,-0.22,1.158,-0.095,0.069
4013,2.112,-0.311,-0.742,1.176,0.24
4014,1.202,-0.445,-1.024,-0.632,-1.684
4015,0.408,0.384,1.183,2.094,1.231
4016,1.456,-2.098,-0.993,0.378,-0.954
4017,-0.016,0.01,-0.161,1.373,0.613
4018,0.564,-0.235,1.364,1.28,-0.475
4019,-0.446,-0.876,-0.301,0.637,-1.181
4020,0.281,-0.884,-0.075,1.044,1.584
4021,0.253,0.529,-1.826,0.901,-0.001
4022,-0.103,-0.171,1.071,1.449,-1.057
4023,-0.812,1.321,0.794,0.241,0.374
4024,0.919,0.94,0.577,-0.116,-1.292
4025,0.933,0.43,0.767,-0.863,1.998
4026,0.13,-0.545,0.809,0.035,2.027
4027,0.625,0.982,0.361,1.713,-0.918
4028,0.034,1.22,0.075,0.56,-0.072
4029,0.975,0.401,1.076,-0.076,-0.399
4030,1.257,-1.384,-0.57,2.922,-2.911
4031,-1.792,0.58,-1.744,0.36,-1.267
4032,0.038,-0.083,-0.281,-0.544,0.668
4033,0.507,1.8,0.918,-0.289,-0.672
4034,0.282,0.672,0.275,0.929,-1.773
4035,-2.468,-0.735,1.094,-1.077,-1.272
4036,0.961,-0.188,1.456,0.329,0.022
4037,-0.549,-0.642,-1.799,-0.624,-0.359
4038,0.568,0.63,1.121,0.343,0.585
4039,1.697,2.474,1.153,0.284,-1.297
4040,1.139,1.73,0.03,0.034,-0.186
4041,0.482,0.715,-0.472,-1.314,0.65
4042,-0.15,1.495,-0.067,0.078,0.177
4043,1.066,-0.784,0.334,0.084,0.246
4044,-0.668,-0.537,-0.468,-0.988,0.111
4045,-0.485,0.898,0.865,-0.32,-0.034
4046,-0.628,0.295,1.055,-0.589,0.287
4047,1.181,0.033,-0.742,-0.314,0.456
4048,-1.688,-0.681,-0.89,-1.236,0.001
4049,-0.023,1.828,-2.575,0.179,-2.312
4050,0.498,0.496,-1.832,0.262,-0.186
4051,0.134,-0.699,-0.45,1.219,0.66
4052,1.569,0.821,-3.239,2.085,0.006
4053,1.154,1.143,-0.08,-0.414,0.215
4054,1.279,0.172,0.295,-0.971,1.242
4055,0.708,0.177,1.93,0.017,1.321
4056,-0.339,0.205,-0.209,-0.675,0.422
4057,1.124,0.576,0.479,1.404,0.28
4058,0.806,2.08,0.427,-1.382,-1.692
4059,-1.572,-1.848,-1.184,0.787,0.151
4060,1.602,-0.828,-0.122,0.468,-1.968
4061,-0.513,0.972,-0.378,-1.037,-1.388
4062,0.155,0.356,-0.925,0.154,-0.156
4063,1.057,-0.353,0.169,0.063,1.037
4064,-1.575,0.665,0.746,-0.16,1.952
4065,-0.886,-1.111,1.342,1.129,-0.362
4066,0.067,-0.992,0.609,-0.799,0.628
4067,1.9,-2.524,0.27,-0.425,0.885
4068,-1.92,1.586,-0.571,0.82,0.398
4069,-0.147,0.331,1.333,-0.771,-1.012
4070,2.518,-0.252,-0.739,1.042,0.003
4071,0.083,0.45,0.698,1.028,-0.366
4072,-0.325,-1.013,-0.464,-0.202,0.23
4073,-0.326,-1.099,0.152,-0.164,-0.428
4074,-1.274,0.376,0.654,0.401,-0.555
4075,-0.436,-0.09,0.056,-0.351,-0.333
4076,-2.112,-0.509,0.386,-0.08,0.173
4077,1.589,1.329,-0.532,-1.588,0.848
4078,-0.005,-1.48,0.029,0.282,-0.9
4079,-0.768,-0.167,-0.019,0.428,0.153
4080,0.175,0.087,1.119,-0.828,0.151
4081,0.507,0.136,-0.557,1.491,0.423
4082,1.28,-1.208,0.027,0.093,-1.989
4083,-0.461,-1.597,-2.298,-0.891,-0.876
4084,0.041,-2.301,0.833,-0.328,-1.203
4085,-0.567,0.737,0.529,0.117,0.654
4086,0.137,1.136,1.132,-0.352,0.097
4087,-1.597,-0.324,0.21,0.131,1.692
4088,-0.511,-0.983,-0.18,-0.003,-0.127
4089,-2.798,-0.862,-0.033,0.892,-0.226
4090,-0.011,0.254,-1.597,-0.032,-0.08
4091,0.507,-0.682,-0.26,-0.592,-1.029
4092,0.286,0.878,0.318,0.062,0.687
4093,-0.301,-0.256,-0.276,-0.828,-0.543
4094,2.581,2.151,-0.566,-0.475,0.317
4095,0.143,-0.184,-0.942,-0.076,-0.042
4096,-0.039,-1.011,-0.648,0.661,0.241
4097,-1.561,1.903,0.245,0.997,1.826
4098,-2.034,1.803,-0.002,1.695,-0.997
4099,0.708,-1.027,0.504,0.437,0.09
4100,1.137,0.01,-0.419,2.159,-0.248
4101,-0.334,-1.663,-0.843,-1.531,-0.692
4102,-0.37,-0.148,0.985,-1.661,0.077
4103,-0.282,-1.666,-0.45,0.054,-1.185
4104,-0.373,-1.062,0.661,0.267,-0.563
4105,0.635,0.067,-0.1,1.493,1.316
4106,-0.126,0.969,1.622,-0.227,0.029
4107,0.702,-1.579,0.722,-1.996,-0.146
4108,0.659,-0.926,1.488,0.073,-0.511
4109,-0.214,-0.761,0.469,1.766,-0.144
4110,-1.382,1.285,0.545,0.643,-0.624
4111,1.393,0.908,0.419,-0.054,1.097
4112,-1.507,-0.612,1.489,-2.182,-1.053
4113,1.381,-0.3,-0.717,0.216,-0.233
4114,-0.641,0.357,0.739,-0.483,0.046
4115,-1.17,-0.308,-0.371,0.501,1.038
4116,0.721,0.871,0.048,-1.588,-0.828
4117,0.766,2.051,-0.436,-0.327,-0.185
4118,-1.668,0.371,-1.953,1.719,-1.985
4119,-0.659,-1.161,-1.785,0.272,-0.247
4120,-1.101,0.783,-0.589,-0.117,0.594
4121,-0.027,0.918,-0.684,0.255,-0.777
4122,0.488,-0.572,0.263,-0.33,-0.528
4123,0.769,0.262,0.183,-0.178,-0.032
4124,1.439,-0.483,-0.239,0.7,1.054
4125,0.713,0.198,0.54,-1.542,-0.343
4126,-1.186,0.787,0.153,-0.46,-0.291
4127,-1.593,0.177,1.3,-0.09,-0.414
4128,-0.344,-0.383,1.236,1.199,0.599
4129,-0.267,-0.219,-0.07,-0.131,-2.637
4130,0.781,-1.22,1.605,1.668,-0.356
4131,0.013,-0.144,-1.36,-1.164,-0.346
4132,0.751,0.71,1.321,-0.429,-0.373
4133,-0.451,-0.243,0.743,-0.389,1.058
4134,0.194,0.161,-2.123,0.615,1.101
4135,1.205,-0.815,0.327,-0.046,0.697
4136,-0.286,-0.611,-0.016,-0.517,1.486
4137,0.804,-2.334,3.003,2.061,-1.329
4138,-1.035,0.003,-0.678,-0.715,-0.772
4139,0.83,-0.21,-0.722,-0.36,-0.374
4140,-0.469,0.531,-0.651,0.983,-0.655
4141,1.228,-1.238,-1.886,-1.105,-1.825
4142,1.477,0.615,-0.021,0.647,-0.57
4143,0.281,1.035,-1.096,1.314,0.323
4144,-0.373,0.78,-0.31,-0.516,0.018
4145,-0.268,-0.113,-1.402,-0.838,1.746
4146,0.455,-0.654,-0.529,0.294,-0.702
4147,-0.015,-0.846,1.858,-1.711,-0.046
4148,-1.04,-0.642,-0.132,-0.794,-0.524
4149,0.68,1.815,1.32,0.133,-0.282
4150,-1.755,-1.841,0.235,0.052,1.011
4151,-0.329,0.263,-0.661,1.744,0.701
4152,-1.195,-1.295,-0.486,1.779,-0.143
4153,-0.315,-1.836,-0.613,-0.363,-1.712
4154,-0.25,0.53,-0.402,0.465,-0.585
4155,-1.265,1.35,0.315,-0.185,-0.421
4156,2.392,-1.209,-0.438,-0.663,0.789
4157,-0.024,-1.094,0.233,-1.727,-1.737
4158,0.588,0.345,0.557,1.549,-0.298
4159,-1.782,0.519,1.201,-0.683,-0.072
4160,0.621,-1.042,0.926,-0.779,0.333
4161,0.056,1.043,0.171,-0.128,-0.133
4162,-0.411,-0.035,0.8,0.077,-0.623
4163,-0.265,-1.105,-1.402,-0.347,0.01
4164,-0.864,-0.198,-2.589,-0.923,-1.502
4165,0.962,-1.623,0.151,1.05,-0.893
4166,-0.43,-1.215,0.696,0.094,-0.833
4167,-1.31,-0.239,0.859,0.974,1.156
4168,-0.585,-1.029,1.414,-0.388,-0.154
4169,1.345,0.735,-1.888,0.82,-1.632
4170,-0.894,0.764,0.847,0.121,0.975
4171,-0.178,1.071,-2.053,-1.124,-0.089
4172,0.417,0.061,-0.487,-0.442,0.103
4173,-0.458,1.762,-1.624,1.65,-0.162
4174,0.357,-1.052,-0.749,1.295,0.959
4175,0.187,-0.739,-0.07,0.446,-0.21
4176,0.839,-0.273,-0.307,-0.495,0.212
4177,-0.584,-0.455,-0.108,-0.316,-0.203
4178,1.431,0.868,0.119,-0.462,-0.438
4179,0.492,-0.274,-0.331,-1.371,-0.258
4180,2.155,0.48,-0.819,-1.081,-0.8
4181,-1.619,-0.764,0.462,-1.074,-0.446
4182,-0.583,0.893,1.765,1.887,-0.202
4183,-0.242,0.828,-0.136,0.872,1.606
4184,-2.047,-0.043,0.952,-1.807,1.118
4185,2.159,0.291,1.338,-0.259,-0.136
4186,1.101,1.123,-0.595,-0.373,-0.828
4187,1.061,0.138,0.757,0.182,0.247
4188,-0.448,0.785,1.013,0.384,-0.492
4189,0.315,0.449,2.143,0.391,-0.183
4190,-0.581,1.625,0.414,0.849,0.459
4191,0.834,-0.51,-1.001,-0.788,-0.89
4192,-1.724,-1.283,0.981,0.215,0.045
4193,-0.366,1.209,0.776,-2.658,-0.056
4194,1.48,-0.176,0.802,1.983,-0.781
4195,-0.574,1.141,0.109,1.342,0.366
4196,-2.512,-0.437,-1.222,-0.623,0.539
4197,-0.987,0.118,-0.313,0.783,-2.315
4198,0.158,-0.289,-0.564,-0.322,-0.383
4199,1.28,-0.207,-0.017,0.061,0.185
4200,0.236,-1.347,0.328,-0.988,-0.669
4201,-1.101,-2.186,-0.038,-2.505,0.187
4202,0.19,0.101,0.057,-0.423,-0.396
4203,1.78,-0.246,0.391,-1.326,-1.06
4204,0.911,1.495,0.081,1.851,-0.419
4205,-0.103,-0.891,-0.001,-0.557,-1.903
4206,-0.427,1.315,-0.045,1.18,-0.375
4207,-0.339,-0.093,-1.191,-0.137,-0.246
4208,-0.317,-2.543,-2.092,-2.412,-0.629
4209,-0.097,1.346,-0.236,-0.672,0.946
4210,-1.287,0.02,-0.487,-1.667,-1.158
4211,-1.674,-0.188,1.179,1.81,-0.238
4212,0.397,0.719,0.415,0.308,1.055
4213,-0.682,2.083,-0.6,0.625,0.737
4214,0.25,0.13,-0.965,-1.498,0.148
4215,-0.71,-1.677,0.144,-1.603,-0.866
4216,-1.311,-0.482,-0.454,0.213,1.169
4217,-0.722,1.387,-0.983,2.003,0.05
4218,0.162,0.379,-0.606,-1.245,-1.098
4219,0.202,-1.896,-0.244,-0.463,-0.41
4220,1.416,0.302,-0.063,-0.084,-1.01
4221,-1.148,-0.953,-0.031,0.114,-0.937
4222,-1.284,0.859,-1.033,0.886,-0.649
4223,0.078,2.204,0.639,-1.075,-0.275
4224,0.59,2.106,-1.115,0.34,-1.364
4225,-0.701,-0.391,-1.493,0.29,-0.872
4226,-0.84,0.359,0.006,-0.504,-1.307
4227,-0.027,-0.593,0.441,-0.375,1.137
4228,0.421,0.499,-0.614,0.132,-1.034
4229,-0.816,1.349,-1.512,0.435,1.218
4230,-0.291,-2.093,-0.839,0.002,1.236
4231,1.059,-0.178,0.139,-0.35,1.305
4232,0.973,1.048,0.785,0.801,0.083
4233,-0.939,1.165,-1.292,0.477,-0.992
4234,-1.654,-0.141,-0.047,1.706,-1.129
4235,-1.78,0.238,0.554,1.352,-0.041
4236,1.867,0.244,0.486,1.368,0.264
4237,0.183,0.536,-0.834,-0.853,-1.667
4238,-0.015,0.685,-1.395,-0.084,-0.958
4239,1.083,1.182,-1.195,0.893,-0.861
4240,0.431,-0.56,1.133,0.407,0.269
4241,-0.943,0.981,-0.101,0.269,-0.636
4242,1.44,-0.596,0.598,-0.608,0.115
4243,0.441,-0.255,0.648,-1.134,1.213
4244,2.158,0.006,-0.872,1.367,-1.744
4245,-0.5,-1.288,-1.501,-1.083,-0.331
4246,0.913,1.621,0.381,0.289,0.577
4247,0.222,2.204,-1.516,1.941,-0.904
4248,0.633,0.653,1.1,-1.388,0.687
4249,-1.105,-0.335,-0.101,0.038,-0.275
4250,-0.432,0.996,-1.147,-1.694,-0.412
4251,-2.177,-0.929,-1.699,1.313,0.54
4252,1.014,1.362,-0.736,-0.617,-0.053
4253,2.476,-0.937,0.7,0.172,-0.661
4254,-0.763,-0.502,-1.057,0.195,1.611
4255,-2.16,1.352,-0.829,-0.676,-0.325
4256,-0.011,-0.447,0.243,1.72,0.082
4257,-0.973,0.343,1.283,-1.424,0.514
4258,1.127,-0.573,-0.178,0.447,-0.011
4259,2.149,1.563,0.74,0.402,0.648
4260,-1.987,0.033,0.013,-1.376,1.612
4261,0.402,2.85,-1.392,-1.615,-2.295
4262,0.692,0.147,0.072,0.849,0.838
4263,0.369,0.662,1.535,1.109,-0.054
4264,-1.963,0.656,-0.791,-1.845,-0.742
4265,1.37,-1.237,0.244,0.008,1.14
4266,-0.533,-0.998,-0.434,-0.358,-0.437
4267,-0.055,-1.829,-0.391,1.596,0.019
4268,-0.207,-0.921,0.81,0.649,1.27
4269,-0.272,-0.618,-1.921,0.484,2.084
4270,-0.097,-0.928,-0.162,-2.042,1.327
4271,-0.152,-2.006,-1.437,1.252,1.189
4272,-0.105,2.558,-0.75,-0.481,-0.645
4273,0.816,0.364,0.225,-0.364,-1.582
4274,1.135,-1.255,-0.625,0.295,-1.235
4275,-1.772,0.61,1.621,-1.073,0.729
4276,1.138,-1.178,-1.712,0.431,0.853
4277,-0.241,-2.516,-0.975,0.359,1.378
4278,-0.12,-0.509,-1.649,-0.181,0.249
4279,-0.354,-0.992,-1.229,-1.24,2.142
4280,-0.187,-1.119,-0.79,0.421,-0.834
4281,-1.959,0.746,2.055,1.464,-1.137
4282,0.216,-0.567,1.243,1.314,1.13
4283,0.825,-1.018,-2.296,0.713,1.584
4284,0.041,1.452,1.14,-1.529,-2.461
4285,0.659,-0.392,0.654,0.422,-0.26
4286,0.725,-0.038,-0.764,-0.969,-0.14
4287,-0.393,-0.511,0.389,0.515,-0.8
4288,0.285,0.083,-0.06,-0.366,-0.972
4289,1.636,-1.284,-1.371,2.368,-2.873
4290,1.001,-0.262,0.069,0.321,-0.556
4291,-0.742,-1.016,0.985,1.359,1.042
4292,-0.815,-0.593,2.077,0.922,-1.17
4293,-0.444,-0.009,0.68,0.19,-0.335
4294,-0.506,0.801,1.566,0.679,1.012
4295,0.158,1.695,-1.651,-0.224,-0.334
4296,0.766,-1.534,-1.301,-0.902,-0.3
4297,1.381,-0.404,-1.0,-0.843,0.78
4298,0.759,0.235,-0.629,-0.2,-2.061
4299,-1.369,-1.937,-0.5,1.471,0.355
4300,-0.932,-0.514,-0.459,0.024,-1.746
4301,0.412,-0.445,-0.222,-0.69,0.684
4302,1.786,-1.018,0.46,-1.189,0.742
4303,-0.183,-2.764,-0.267,-0.402,-1.28
4304,-1.425,0.19,-2.873,0.002,1.818
4305,0.036,-0.263,-3.032,-2.052,-0.49
4306,-1.259,3.224,-0.711,-1.713,2.09
4307,1.388,-0.718,-1.578,1.18,-0.73
4308,-0.422,1.908,-0.376,-2.839,-0.627
4309,-0.151,-0.925,0.151,0.226,0.559
4310,-1.315,-0.021,-1.103,1.768,0.386
4311,-1.125,0.439,-1.381,0.551,1.94
4312,0.159,0.058,-2.355,-0.199,0.043
4313,2.243,-1.298,-0.391,-1.556,-0.953
4314,-0.082,-0.082,0.559,-2.455,-0.717
4315,-0.657,-0.408,0.993,-0.669,0.548
4316,1.615,0.337,-0.666,-0.356,0.356
4317,-0.667,0.774,-0.202,-0.737,-2.547
4318,3.125,1.31,1.772,1.089,-0.502
4319,-1.23,-0.132,-1.687,2.408,0.2
4320,-0.669,-1.196,0.366,-1.461,-0.336
4321,-0.422,0.397,0.711,-0.67,0.09
4322,0.585,0.747,-0.05,3.176,1.16
4323,-0.702,1.73,-1.309,-0.369,0.153
4324,-0.437,-0.669,0.968,1.769,0.533
4325,0.578,0.949,-1.409,-1.25,1.819
4326,0.84,-0.091,-0.9,1.278,1.679
4327,-0.472,1.453,-0.736,1.21,0.716
4328,1.243,1.433,0.912,-0.873,0.183
4329,0.637,0.183,-0.766,0.269,2.378
4330,0.01,-1.879,-0.222,0.069,2.303
4331,-0.34,2.109,-0.255,-0.051,-0.357
4332,-1.349,0.337,0.231,-1.664,-0.021
4333,0.072,0.087,0.81,-0.539,-0.537
4334,0.347,1.015,-1.57,0.381,1.512
4335,0.665,2.255,1.636,-0.806,0.233
4336,1.948,0.257,0.232,0.746,0.117
4337,-0.867,-0.915,0.226,-0.572,0.277
4338,-0.788,-0.436,0.532,1.145,-0.123
4339,-0.947,-2.025,-1.069,-0.681,1.206
4340,-0.823,1.281,1.164,0.081,1.321
4341,-0.541,-0.317,0.272,-0.357,0.079
4342,0.231,-0.968,-0.874,0.982,-0.727
4343,1.249,-0.988,0.422,-0.698,0.936
4344,0.793,2.104,1.542,0.625,-1.272
4345,-0.614,-0.128,1.111,-0.149,-0.99
4346,0.749,-1.351,0.69,-0.535,1.428
4347,-0.76,1.394,0.258,-0.809,2.141
4348,0.434,-0.238,1.043,0.031,-0.584
4349,-0.297,-0.795,0.396,0.034,-2.231
4350,-0.498,-0.641,0.923,1.204,1.233
4351,1.657,-0.681,0.508,1.689,0.703
4352,-0.126,0.906,0.572,-1.445,-0.031
4353,0.661,-0.559,-0.851,1.005,0.77
4354,-0.1,-0.2,-0.774,-0.758,-0.501
4355,1.472,0.54,-1.529,0.024,1.237
4356,-1.192,-0.949,-0.648,0.525,-1.703
4357,-1.067,-0.447,-0.096,1.738,-0.634
4358,0.255,1.709,0.549,-0.241,-0.312
4359,-0.416,0.181,-1.894,0.515,-1.694
4360,-0.369,-0.396,1.883,-0.198,-0.558
4361,0.437,0.727,-1.281,0.566,-0.432
4362,0.603,-1.319,-0.615,-1.048,-0.094
4363,0.728,-1.595,1.185,0.487,-0.998
4364,0.766,-1.177,1.769,-1.185,-0.907
4365,-0.408,0.067,-1.558,1.072,-0.815
4366,-0.315,-0.302,-0.836,-0.349,-0.191
4367,-0.362,0.322,-0.15,-0.021,-0.42
4368,2.314,1.395,-2.1,-0.837,0.678
4369,1.414,-0.947,2.031,-1.484,-0.189
4370,-1.147,0.798,-0.117,-1.238,-0.202
4371,-0.06,0.753,0.651,-0.248,0.12
4372,1.386,0.557,-0.921,0.095,0.079
4373,0.618,0.662,-0.333,-1.051,1.09
4374,-0.658,0.453,1.919,1.075,0.991
4375,1.218,-1.012,-1.952,-1.588,-1.175
4376,-0.868,0.109,1.058,-1.789,0.292
4377,0.708,-0.253,-1.245,-0.78,1.551
4378,-0.438,0.423,-0.686,-0.447,0.076
4379,0.663,-0.419,2.817,-0.831,1.269
4380,-0.051,0.5,-0.02,-0.554,2.095
4381,0.819,2.243,-0.013,-2.188,0.342
4382,0.087,1.229,-1.141,-1.127,1.1
4383,1.301,0.035,-0.102,0.368,1.579
4384,0.452,0.115,-0.954,-1.396,0.028
4385,-1.548,-1.076,0.294,0.512,-1.537
4386,-2.328,2.137,-0.57,0.58,0.778
4387,1.818,2.402,1.494,1.442,0.883
4388,-0.677,0.371,-0.385,0.087,0.34
4389,1.101,-0.046,1.538,2.4,-0.215
4390,-0.239,-1.929,0.38,-0.139,0.665
4391,2.792,-1.024,0.834,0.572,-0.991
4392,0.294,0.72,-0.511,-0.448,-0.046
4393,0.345,-0.496,-0.936,-0.626,0.143
4394,2.137,2.01,-0.473,-1.232,1.666
4395,0.95,-0.392,0.913,-1.656,-2.729
4396,-1.282,0.222,-0.845,-0.858,0.503
4397,-0.15,-0.096,-0.985,-0.232,0.103
4398,-1.281,0.073,-0.161,-1.775,0.067
4399,0.205,0.5,1.052,-1.069,1.268
4400,1.002,0.853,-0.824,0.002,0.136
4401,1.982,0.326,-1.224,0.23,-0.53
4402,0.655,0.337,-0.822,-0.02,-0.626
4403,-0.387,-1.099,0.741,1.174,0.11
4404,-0.558,-0.249,0.266,-0.755,-1.773
4405,-0.196,-2.191,0.268,-0.054,0.893
4406,2.094,1.66,-0.354,-0.658,0.162
4407,0.802,1.441,0.526,0.919,-0.691
4408,0.5,0.131,0.592,-1.747,-1.054
4409,-0.5,-0.746,-1.402,-0.663,0.188
4410,0.016,1.197,-0.93,0.862,1.372
4411,-0.01,0.345,-0.699,1.601,1.084
4412,-1.703,-0.346,0.774,-1.472,-0.467
4413,-0.44,0.217,-0.523,-0.511,-0.72
4414,-0.582,0.994,0.695,-0.993,0.0
4415,0.159,-0.402,0.948,-0.689,-2.189
4416,-1.97,-0.555,0.461,-0.177,0.413
4417,0.935,1.386,-1.48,0.693,-0.302
4418,-0.174,-0.854,0.25,0.982,1.297
4419,0.838,0.024,0.542,0.522,-0.269
4420,0.857,-1.904,0.36,-1.879,-0.309
4421,-0.629,0.109,1.044,1.767,1.832
4422,-0.099,-0.157,-0.169,0.662,1.711
4423,1.173,0.345,-0.471,1.539,0.671
4424,0.069,0.292,-0.942,-0.39,0.067
4425,0.534,0.727,1.674,-0.691,-0.677
4426,-0.481,0.086,1.079,2.107,-0.155
4427,1.334,0.318,-0.505,0.42,0.46
4428,0.831,0.601,-0.267,0.383,-0.092
4429,0.444,0.563,0.442,-0.347,-0.84
4430,0.334,-1.233,-1.359,-0.606,0.623
4431,0.049,-0.336,0.712,1.588,-0.743
4432,0.332,-0.255,0.306,-0.611,1.386
4433,-1.054,-0.561,1.074,-1.051,0.563
4434,0.364,0.0,0.139,-0.066,-0.067
4435,-0.958,0.631,-1.338,0.737,-0.466
4436,-1.149,1.565,-1.062,1.582,1.8
4437,-0.397,1.103,-0.829,-0.365,-0.146
4438,0.464,0.15,0.921,-1.581,0.063
4439,0.449,1.12,1.706,-1.158,-0.504
4440,-0.198,0.33,0.415,0.892,0.294
4441,-1.851,-0.081,0.422,-2.592,-1.502
4442,-0.352,-0.359,0.078,0.326,0.011
4443,-0.472,-0.495,-1.592,1.202,0.029
4444,0.132,0.188,-0.233,-0.04,0.289
4445,-0.44,1.658,1.6,0.204,0.278
4446,-0.539,-0.215,-0.657,-1.727,-0.296
4447,-0.17,-1.097,0.867,-1.14,0.526
4448,2.0,-0.872,0.896,-1.1,-1.523
4449,1.861,1.031,-1.418,0.662,-0.966
4450,0.192,-0.305,-0.316,-0.811,0.046
4451,1.784,-0.696,-0.317,-1.068,0.725
4452,-0.38,0.187,-0.273,1.23,-0.782
4453,-0.848,1.684,-0.949,0.032,1.131
4454,1.117,0.168,-2.071,1.212,0.767
4455,-0.604,0.499,-1.259,0.681,-0.209
4456,0.306,-1.948,1.229,-1.445,0.997
4457,0.408,0.359,0.546,-1.066,0.38
4458,-0.2,-0.149,0.276,-0.114,-1.121
4459,0.446,-0.299,0.595,-1.162,0.407
4460,-0.89,-0.912,-0.224,-1.692,-0.733
4461,0.464,0.059,-0.809,-0.144,1.228
4462,0.122,1.349,0.178,-1.05,-0.624
4463,-0.45,-1.015,1.009,-0.533,0.65
4464,1.153,-1.058,0.876,-0.772,0.563
4465,-1.326,-0.715,-1.742,0.116,-0.35
4466,0.073,-0.226,0.738,0.107,-1.909
4467,0.697,0.503,0.951,-0.271,-0.487
4468,0.645,2.558,-1.6,2.129,0.927
4469,-0.613,-0.256,0.089,0.724,-1.911
4470,-0.784,2.817,-1.047,0.409,0.659
4471,-0.938,-0.893,0.386,0.577,1.421
4472,-0.609,0.494,0.857,-2.073,-0.385
4473,-1.038,1.067,-0.53,1.119,0.504
4474,1.096,-0.782,1.175,0.769,1.453
4475,3.033,0.095,0.236,-0.484,0.42
4476,0.626,0.145,-1.057,1.416,0.595
4477,-0.192,-2.03,1.781,-0.592,0.207
4478,1.061,-0.715,-0.105,-2.028,-0.508
4479,-0.803,-0.822,-0.628,0.713,0.631
4480,0.547,-0.937,-0.368,1.128,0.142
4481,0.004,2.266,0.212,-0.479,0.302
4482,-0.141,0.377,-0.425,0.002,0.051
4483,-0.973,-0.275,0.227,-1.342,0.399
4484,0.717,-0.288,-0.651,-1.041,0.416
4485,-0.159,0.509,-0.942,0.054,0.149
4486,0.188,0.446,2.131,0.634,-0.6
4487,0.75,1.739,0.175,-0.5,2.332
4488,0.136,-0.216,-0.636,-0.786,-0.44
4489,0.788,0.774,-0.933,0.769,0.764
4490,-0.436,0.529,0.951,-0.361,-0.783
4491,1.97,1.036,-0.082,0.181,-0.176
4492,-0.51,0.669,0.635,-1.265,0.281
4493,0.995,-0.722,0.268,-0.652,1.669
4494,0.339,0.378,0.432,-0.483,-1.141
4495,0.271,-0.352,-1.178,0.555,0.128
4496,1.163,1.588,-0.794,-1.007,-1.882
4497,1.114,0.144,0.877,-0.164,-1.675
4498,-0.766,-0.019,0.784,-0.147,-1.097
4499,-0.679,-0.44,0.984,-1.786,-0.532
4500,1.116,1.258,2.496,0.789,0.138
4501,1.157,0.442,2.027,0.116,0.448
4502,-0.481,0.158,-0.457,0.584,0.247
4503,0.289,0.403,0.923,-0.608,-0.74
4504,-0.736,0.4,1.556,0.222,-1.162
4505,-0.169,-2.272,2.107,-0.148,1.048
4506,-0.229,-0.829,-1.402,-0.091,-0.497
4507,0.649,-0.734,-1.082,1.433,1.166
4508,1.479,-0.056,-1.183,-1.157,-0.308
4509,-0.066,3.208,2.005,-0.552,-0.016
4510,-0.222,-1.721,-0.3,0.279,-0.048
4511,1.256,1.976,0.394,1.528,0.135
4512,0.33,1.7,0.687,0.781,1.923
4513,-0.122,1.12,-0.476,0.828,-0.042
4514,-0.044,-2.731,-1.034,-0.693,-0.263
4515,0.219,-0.477,0.786,-0.13,0.817
4516,-0.143,0.654,2.236,-1.065,-0.657
4517,0.574,-2.258,0.907,-1.146,-1.135
4518,-0.404,-0.987,1.222,-1.304,1.459
4519,0.627,-0.892,-1.385,-0.06,1.241
4520,-0.667,-0.306,0.083,-0.201,0.948
4521,-2.463,-0.308,-0.443,0.099,0.743
4522,0.165,-0.996,0.063,0.372,-0.557
4523,2.185,-1.805,1.618,-0.364,1.392
4524,0.891,-0.646,-1.307,1.241,-0.578
4525,-0.836,-0.82,-1.197,-0.489,-0.1
4526,0.964,-0.194,-0.024,1.046,-0.174
4527,-0.709,0.173,-0.627,-1.69,-0.087
4528,0.25,-1.815,-1.028,0.594,1.163
4529,-0.587,-0.128,-0.241,0.689,0.887
4530,1.475,0.118,2.809,0.26,-0.864
4531,0.738,0.836,-1.717,0.12,2.056
4532,1.003,0.335,1.569,0.665,1.28
4533,-0.665,-0.421,1.484,-1.327,-0.107
4534,-0.884,-1.851,0.278,0.917,0.843
4535,-1.318,-1.235,1.174,-0.174,0.223
4536,-0.736,1.516,0.03,0.464,0.942
4537,-0.103,-2.092,-0.924,-0.316,-0.01
4538,0.188,0.518,0.624,-0.895,-0.946
4539,-2.048,-0.713,-0.562,0.5,-0.645
4540,-0.312,0.74,1.67,-0.64,-0.742
4541,-0.702,-0.325,1.543,-0.722,0.646
4542,-1.361,1.414,0.128,-0.127,0.302
4543,0.677,0.753,-0.539,0.143,-1.597
4544,0.46,-2.374,-1.423,-1.374,1.318
4545,-2.023,-0.416,0.587,2.295,-0.806
4546,-0.973,0.51,0.552,-1.135,-0.287
4547,-0.831,-0.714,0.848,1.132,1.603
4548,0.917,-1.396,1.673,-0.74,0.334
4549,0.163,-0.524,0.77,-1.749,-0.33
4550,1.938,-0.717,-1.043,0.997,-0.11
4551,0.127,0.12,0.34,-0.031,2.343
4552,-0.27,2.399,1.325,-2.086,-0.968
4553,0.026,-0.316,-0.966,-1.18,0.159
4554,0.147,-0.969,-0.742,-0.869,-0.13
4555,0.336,0.927,0.661,-2.861,0.562
4556,0.853,-0.22,-1.43,0.483,1.556
4557,-1.132,0.083,-0.891,-1.158,-0.678
4558,-0.508,0.497,-1.391,0.105,-0.536
4559,-0.524,-0.754,0.272,-0.384,-0.457
4560,1.398,-0.791,-0.09,0.116,0.26
4561,-1.244,-0.654,0.108,0.381,-1.227
4562,0.248,-0.168,0.645,-1.127,-1.835
4563,-0.387,-0.798,1.089,1.003,-2.291
4564,-1.266,-0.057,-1.062,0.376,0.454
4565,0.068,-0.656,-1.026,1.421,0.463
4566,1.724,0.855,-0.268,0.888,-0.482
4567,0.761,-0.631,-0.859,-0.162,-0.153
4568,-1.215,-0.227,-1.066,-0.645,-0.201
4569,-0.172,0.264,-0.108,0.946,-0.518
4570,0.29,-0.81,-1.63,-0.5,-0.645
4571,-0.882,-0.823,-0.644,1.8,-0.963
4572,0.987,-0.28,0.019,-0.681,0.304
4573,0.006,-1.075,1.63,0.395,-0.599
4574,1.356,2.256,0.468,1.639,0.462
4575,0.516,-0.201,0.101,0.746,-1.904
4576,-1.41,0.907,-0.431,0.302,-1.208
4577,0.665,-0.205,0.274,0.156,-0.279
4578,-0.65,1.795,0.309,0.069,-0.076
4579,0.684,1.033,-0.852,2.099,2.511
4580,-0.145,-1.022,-0.332,-0.552,0.221
4581,0.309,0.862,0.81,-2.436,-0.36
4582,-1.424,0.61,-0.331,-1.491,1.071
4583,-0.59,0.551,-0.471,-0.584,0.883
4584,-0.521,0.814,-0.255,0.572,-0.199
4585,0.75,1.316,0.572,-0.566,-2.144
4586,-1.467,-0.422,1.237,-0.521,0.618
4587,1.277,0.345,-1.044,0.393,0.677
4588,-0.551,-0.076,-0.56,-1.387,-0.124
4589,-2.863,-1.092,0.232,0.249,-0.835
4590,0.882,-0.017,0.058,-0.679,-0.293
4591,0.61,0.514,0.198,0.221,-1.878
4592,2.17,0.822,0.664,-0.566,0.617
4593,-0.232,-0.328,-1.569,-1.745,-0.362
4594,-1.799,1.683,-1.137,1.485,-0.001
4595,-0.035,-0.475,-0.682,-0.423,-0.061
4596,-0.727,1.518,0.022,1.201,0.817
4597,-0.254,1.846,-0.864,-0.914,0.243
4598,1.249,-0.374,-0.922,0.167,0.529
4599,-2.587,-2.556,0.054,-0.278,-0.435
4600,0.158,-0.352,-0.358,-1.584,-0.116
4601,0.339,0.975,-0.485,0.852,0.573
4602,1.347,1.649,0.894,0.158,-0.291
4603,0.245,0.408,-0.003,1.191,0.325
4604,0.55,-0.489,-0.041,0.515,1.936
4605,1.641,-0.687,0.641,-1.243,-1.396
4606,0.286,0.19,-0.706,-0.811,-0.419
4607,0.204,-0.81,1.062,-0.042,-0.999
4608,0.678,0.392,2.62,0.025,-1.014
4609,-0.939,1.621,-1.201,-0.641,-0.664
4610,0.069,0.066,-0.382,-2.076,0.537
4611,0.298,-1.852,1.461,-0.027,-0.875
4612,1.211,0.21,-0.193,1.219,0.066
4613,1.085,-0.699,0.571,-0.979,0.833
4614,0.103,-0.098,-0.364,-1.075,1.076
4615,-0.41,-2.001,0.326,-1.006,-0.28
4616,-0.605,0.46,0.671,-1.61,0.767
4617,0.172,-0.864,-0.132,-0.224,-1.098
4618,-1.898,0.891,-1.45,1.745,1.185
4619,1.705,-0.666,-0.221,0.382,-0.57
4620,-2.211,-0.007,2.413,-1.42,0.455
4621,-1.2,-1.161,-0.235,0.21,0.445
4622,0.886,-0.174,-0.073,-0.529,-1.031
4623,0.248,0.775,0.345,-0.509,1.48
4624,1.349,-0.739,0.086,-0.441,-0.228
4625,-0.064,0.027,0.599,-1.258,0.156
4626,0.142,-1.584,-0.909,0.14,2.793
4627,-0.425,-0.707,-0.481,-0.401,-0.973
4628,0.985,0.923,0.612,-0.027,-2.04
4629,-0.987,0.308,-0.465,-0.249,2.007
4630,1.177,-0.258,0.444,0.221,-1.289
4631,0.93,0.405,1.741,-0.755,-0.041
4632,0.414,-0.695,2.854,0.352,-0.612
4633,0.139,0.345,-0.761,0.305,1.641
4634,-1.058,0.814,0.818,1.521,-0.503
4635,-0.089,-0.41,-1.47,-0.743,-1.147
4636,-0.047,0.063,1.091,-1.319,2.123
4637,1.579,-0.482,-0.125,-0.399,-1.031
4638,1.607,-1.294,0.446,-0.346,-1.337
4639,-0.42,1.232,1.416,1.178,-1.909
4640,0.388,-0.494,0.935,1.149,0.835
4641,1.453,0.604,-0.242,-1.064,-1.577
4642,-0.21,1.434,-1.037,1.331,-1.085
4643,0.143,1.111,0.738,0.615,0.728
4644,0.259,-1.865,1.159,-0.16,-1.214
4645,-0.358,1.506,-1.601,1.02,0.057
4646,-0.563,0.847,1.389,0.348,1.505
4647,1.2,0.485,-1.317,1.014,0.891
4648,-0.389,1.533,-0.439,-0.643,-2.206
4649,-0.525,1.62,0.018,-0.268,-1.01
4650,-1.326,1.302,-1.721,-0.848,-0.513
4651,1.492,-0.703,0.281,0.085,1.915
4652,-1.49,-0.388,-1.259,2.071,0.905
4653,0.239,0.777,-0.643,1.448,-1.397
4654,1.074,-0.432,0.927,-0.216,-0.204
4655,0.041,-0.726,-2.166,-0.961,-0.523
4656,-0.586,-0.066,0.558,-0.96,0.782
4657,-0.108,-1.002,-1.203,1.617,0.73
4658,1.088,-0.303,2.352,-0.068,-0.413
4659,-0.222,0.332,-1.416,0.657,-1.522
4660,0.132,-1.032,-0.369,0.496,1.193
4661,-0.196,-1.504,-1.685,0.425,0.231
4662,-0.285,0.519,1.248,0.566,0.551
4663,0.421,-1.515,-0.444,2.647,2.547
4664,-0.535,-0.091,1.331,-0.304,1.091
4665,0.15,-0.614,0.081,-1.486,-0.509
4666,-0.259,0.353,1.162,-0.008,-0.416
4667,-1.324,0.65,0.738,0.124,-0.618
4668,-0.67,-1.081,0.455,-0.854,-0.293
4669,1.136,-0.758,0.499,-1.592,-1.763
4670,0.374,-1.115,-0.106,1.501,-0.689
4671,-0.178,0.463,1.02,-0.994,-0.058
4672,1.991,-0.155,0.067,-2.214,-0.273
4673,-0.932,1.04,-1.183,-0.573,-0.238
4674,-0.09,0.711,0.092,-0.262,-0.594
4675,-0.121,-1.047,-1.25,0.563,0.062
4676,-0.766,-0.054,0.254,-1.617,-0.147
4677,-0.769,-0.249,-0.766,-0.156,-1.604
4678,-1.387,0.504,-0.743,-1.799,0.112
4679,-1.876,0.62,0.276,0.989,-2.09
4680,-1.627,0.308,0.057,2.264,-0.173
4681,-0.348,-0.548,0.148,-0.212,-0.203
4682,-0.5,-1.163,-1.087,0.393,-1.287
4683,0.237,0.509,-0.943,-0.319,-0.045
4684,-0.239,0.881,-1.298,-0.9,-1.678
4685,1.406,-0.162,-0.244,2.3,0.081
4686,-1.7,0.044,0.939,0.103,0.09
4687,-0.171,-0.26,0.188,1.085,-2.219
4688,0.162,-0.549,1.93,-0.893,0.529
4689,-1.564,-0.946,-1.185,0.541,-0.694
4690,1.65,-1.442,1.51,-0.043,-1.884
4691,1.201,-0.692,0.597,0.231,-2.115
4692,-0.712,-0.348,1.099,-0.31,-0.077
4693,-0.475,0.616,-0.597,-0.293,-0.467
4694,0.914,1.269,0.664,-0.346,2.585
4695,0.112,-1.484,0.032,-1.094,-1.887
4696,0.607,0.295,-0.517,1.35,-0.134
4697,1.993,0.003,-1.402,-0.644,0.722
4698,-1.301,-1.004,0.43,-2.038,-0.633
4699,-1.141,-1.36,-1.161,1.534,0.098
4700,-0.208,-0.091,0.492,0.621,-1.497
4701,0.328,0.068,0.857,0.466,-1.329
4702,-0.136,-0.899,0.677,-0.102,-1.593
4703,-0.557,1.167,0.478,0.748,-0.887
4704,0.697,1.182,0.686,0.133,2.593
4705,-2.084,-0.754,0.677,-0.194,0.574
4706,-2.148,2.214,0.419,-0.465,-0.794
4707,0.259,0.716,0.068,-0.182,-0.425
4708,-0.406,-0.45,0.319,-0.33,1.081
4709,0.755,-0.52,-0.354,-0.747,0.435
4710,1.755,-0.171,-0.352,-0.419,0.42
4711,-1.952,0.794,0.174,-0.009,-1.339
4712,-1.115,0.961,0.947,-0.133,-0.55
4713,-0.884,2.629,0.31,1.202,0.019
4714,0.142,-0.831,1.711,-1.286,1.646
4715,2.226,0.411,-1.019,0.217,1.146
4716,-0.275,-1.605,0.179,0.494,-2.012
4717,0.511,-0.928,-1.841,-0.216,-0.245
4718,0.407,0.656,-0.785,-0.694,-0.056
4719,-0.238,0.676,-1.306,-1.021,-0.91
4720,-0.716,-1.258,-0.834,-0.882,-0.969
4721,-0.044,0.262,0.736,0.21,-0.404
4722,-1.383,1.264,-1.017,1.724,1.883
4723,-0.184,-0.343,-1.872,0.175,-0.869
4724,0.366,1.473,-2.686,-1.225,0.087
4725,-1.663,-0.043,-3.723,-0.156,0.689
4726,-0.643,-0.411,0.412,-1.709,0.654
4727,0.71,0.51,1.34,-0.45,0.656
4728,-1.106,0.142,-2.459,0.378,-2.161
4729,-0.343,0.735,1.029,1.934,-2.007
4730,-2.072,0.383,-1.112,-0.201,-1.488
4731,-0.376,-0.526,0.626,-0.364,-0.364
4732,-0.456,-1.165,0.495,-0.295,-0.162
4733,1.031,1.072,-0.964,0.41,0.811
4734,-0.458,0.874,1.554,-0.837,-0.967
4735,0.39,-0.56,-0.32,0.196,1.8
4736,0.122,-0.957,-0.506,1.259,-0.718
4737,-0.06,1.097,0.168,-0.728,2.033
4738,-0.239,-2.464,-1.138,-0.736,-1.023
4739,1.183,0.399,1.038,0.479,0.251
4740,0.555,0.176,-2.175,-0.42,1.2
4741,1.466,-0.173,-0.74,-0.991,1.194
4742,0.69,0.249,1.032,-0.21,1.099
4743,0.597,0.398,-0.974,0.803,-1.476
4744,-0.139,-0.027,-1.733,0.609,0.953
4745,0.362,0.463,2.112,0.45,1.629
4746,-1.149,1.154,0.216,0.736,-0.622
4747,0.115,-0.69,-0.147,-1.979,-0.513
4748,-0.646,0.007,0.501,2.293,-0.143
4749,-1.04,0.422,0.702,-2.523,1.542
4750,-0.621,-0.184,-0.641,0.325,-0.013
4751,-0.318,1.605,-0.597,0.968,-0.395
4752,-1.394,-1.452,-1.045,-1.218,0.898
4753,0.983,1.415,-0.209,0.344,1.808
4754,0.215,0.103,-1.097,-1.006,-1.6
4755,-0.37,-1.711,0.351,-0.047,1.891
4756,-0.534,-1.304,0.262,-0.062,-0.045
4757,-2.195,-0.786,-1.831,1.032,1.236
4758,-2.086,0.123,-1.121,0.089,1.477
4759,0.812,-0.659,1.553,-0.754,1.091
4760,1.252,-1.576,-1.4,0.983,0.746
4761,-0.578,-0.585,0.859,0.375,0.863
4762,-1.119,-0.908,0.937,1.521,1.116
4763,-0.594,0.27,-0.092,-0.115,0.093
4764,1.368,3.553,0.399,0.332,-1.358
4765,0.083,0.757,-0.142,-0.433,0.696
4766,0.133,-0.676,-1.237,-1.106,-0.3
4767,0.793,-0.256,0.056,0.369,-0.38
4768,0.654,-0.236,1.014,2.4,0.267
4769,0.097,1.152,-1.194,0.526,-1.124
4770,1.658,-0.154,1.08,-0.841,-0.296
4771,1.039,-0.877,0.203,1.305,-0.388
4772,-0.291,0.316,-1.176,-0.938,0.002
4773,1.195,0.514,0.503,-0.241,0.678
4774,0.524,-0.726,0.847,0.258,0.439
4775,-0.691,2.422,-1.012,1.266,1.537
4776,-0.48,-1.431,0.543,-1.499,-1.889
4777,-0.146,-1.144,-0.039,1.31,-1.258
4778,-1.023,-1.518,1.13,-0.039,-0.475
4779,1.493,0.916,0.306,-0.539,-0.35
4780,0.696,-0.544,1.42,-1.804,0.768
4781,-0.298,1.009,1.331,1.565,-1.796
4782,2.021,-0.167,-1.587,0.242,-0.999
4783,-0.287,0.063,-0.717,-0.565,0.722
4784,1.131,-2.296,-0.232,0.413,0.084
4785,0.539,0.762,-0.031,-1.32,-1.751
4786,-0.743,-0.04,1.685,-1.577,-0.417
4787,0.47,0.017,-0.143,0.666,-1.538
4788,-1.782,-0.259,-1.282,0.7,-0.406
4789,-0.259,-0.311,-0.056,-1.135,0.644
4790,-1.679,1.612,2.211,-1.344,-0.745
4791,-0.245,-1.379,-1.563,1.608,-0.729
4792,-1.91,0.663,-1.517,0.17,0.409
4793,-0.036,0.831,-1.387,0.802,0.483
4794,0.811,-1.418,0.595,-0.123,0.121
4795,-1.818,0.782,0.029,0.073,-0.532
4796,-0.854,0.854,1.021,1.338,0.353
4797,1.024,-0.416,-1.279,-0.822,0.045
4798,-0.532,1.926,0.516,-0.682,-0.796
4799,0.6,-0.569,-0.406,0.237,1.168
4800,2.935,-0.496,-1.505,-0.005,1.285
4801,0.169,1.519,-0.863,-0.883,-1.76
4802,0.414,0.302,-1.356,-0.609,-0.025
4803,0.804,1.286,0.405,-0.776,-1.497
4804,0.609,0.845,-1.136,-0.204,-0.76
4805,-1.433,0.548,0.211,0.072,-1.263
4806,-1.038,0.723,0.622,-0.255,-0.431
4807,0.109,0.049,0.138,0.445,1.19
4808,0.655,1.764,0.087,-0.438,1.908
4809,-0.188,-0.1,-0.868,1.637,-1.171
4810,-0.134,1.089,-0.629,-0.135,-0.316
4811,0.268,0.565,0.116,-0.348,-0.659
4812,-0.141,0.079,0.725,-0.332,-0.604
4813,-1.089,-0.475,0.104,-0.373,-0.856
4814,-2.203,-1.264,-0.567,0.252,-0.124
4815,-0.611,0.44,0.13,-0.211,1.409
4816,-0.183,1.666,-0.185,-0.038,-1.161
4817,-0.813,-2.807,-0.745,0.233,-0.046
4818,0.659,0.571,0.097,-0.001,0.837
4819,-1.251,0.688,0.333,0.03,-0.11
4820,-1.404,1.101,1.037,-1.032,-0.749
4821,0.328,-0.475,-0.05,-1.152,-0.115
4822,-1.465,-0.641,0.216,-1.195,1.36
4823,1.67,-2.057,0.186,0.041,-0.905
4824,-0.302,-0.012,-0.745,-1.26,0.583
4825,-0.508,-0.372,-1.238,1.535,0.974
4826,2.172,0.387,0.433,0.295,-0.664
4827,1.204,-0.377,1.461,0.222,1.639
4828,-0.019,-0.117,-0.746,0.55,-1.105
4829,0.585,-0.168,1.081,-0.869,0.191
4830,-0.143,0.298,-0.513,-1.389,1.687
4831,-0.613,0.131,-0.458,1.019,-0.553
4832,0.855,-0.277,0.063,0.612,1.273
4833,-0.905,0.451,-0.611,-0.233,0.768
4834,-0.577,0.469,-0.034,-1.545,-1.62
4835,-1.629,0.032,-0.49,0.099,1.561
4836,-0.67,0.571,-0.225,-2.481,-0.908
4837,-0.418,0.033,-0.703,-0.167,-0.549
4838,0.695,-0.994,1.041,-0.241,-0.258
4839,0.817,0.17,0.125,-0.784,-3.093
4840,0.738,0.938,-0.213,-0.204,-0.382
4841,0.006,0.407,-1.672,-0.581,0.161
4842,0.912,0.065,-1.016,-1.281,0.387
4843,0.827,-0.724,0.351,-0.36,0.909
4844,-0.096,-0.466,0.819,0.109,-0.953
4845,1.871,0.899,0.646,-1.62,-0.744
4846,-0.164,-0.016,0.751,1.581,-0.698
4847,0.009,-0.958,0.401,-0.814,-0.123
4848,-0.401,0.842,1.192,-0.157,0.421
4849,-0.136,0.722,-0.613,0.925,-0.142
4850,-0.44,-0.349,1.664,-0.825,0.413
4851,-1.182,-0.479,0.556,-0.517,1.426
4852,0.911,-0.069,1.037,-0.198,0.252
4853,-0.185,0.607,-1.199,0.605,-1.123
4854,-0.619,-0.327,-0.857,-1.613,-0.565
4855,1.981,-0.164,-0.393,2.393,-0.631
4856,-0.307,-1.316,0.992,-0.873,1.04
4857,0.382,0.787,-1.581,0.291,0.787
4858,0.565,-2.147,1.198,1.466,0.321
4859,0.683,-1.302,-0.173,1.633,1.017
4860,-0.761,-0.559,1.023,1.838,0.107
4861,-0.753,0.455,-0.263,-0.597,0.535
4862,-0.517,1.112,2.781,0.506,0.917
4863,-0.507,-0.847,-1.321,0.872,-1.139
4864,-0.444,0.233,0.585,-2.561,1.466
4865,0.874,0.372,0.693,0.391,-1.445
4866,-0.396,-0.902,-1.212,0.668,0.292
4867,-0.963,-0.871,-0.102,-0.322,0.391
4868,0.301,1.49,0.294,0.575,0.034
4869,0.016,0.501,-1.618,1.771,0.264
4870,-0.111,-0.303,-0.646,-0.022,-1.452
4871,0.562,-1.319,0.417,0.635,-0.361
4872,-0.076,-1.058,-0.966,0.721,0.277
4873,-1.927,0.317,-0.434,-1.158,-1.298
4874,2.298,-1.398,1.053,0.789,1.782
4875,-0.467,0.816,-0.083,1.951,-1.377
4876,-0.542,-0.309,0.484,-1.507,0.401
4877,0.461,0.902,-2.06,2.126,-0.323
4878,-0.049,-1.098,1.526,-0.193,-0.291
4879,0.778,2.136,0.663,-2.104,0.978
4880,-0.257,0.094,-0.305,0.421,1.206
4881,-1.27,-1.283,0.285,-0.307,0.543
4882,0.694,0.82,0.617,-1.256,1.336
4883,-1.571,0.084,-0.514,2.557,1.055
4884,-1.196,-0.494,-0.77,0.285,1.241
4885,-0.478,-1.239,-0.227,-0.664,-0.533
4886,-0.691,1.046,0.107,1.631,-0.671
4887,-0.387,-1.994,2.359,-0.39,-1.125
4888,-1.552,-1.984,0.149,1.0,1.935
4889,0.502,-0.614,0.537,0.195,-2.706
4890,0.235,-1.051,0.882,-1.644,1.323
4891,1.581,-2.394,0.632,0.167,1.025
4892,1.925,1.211,0.007,1.063,-1.071
4893,0.274,-0.417,-0.526,-0.574,0.976
4894,-0.625,0.665,0.189,-1.948,0.21
4895,0.971,-1.324,-0.104,1.107,0.795
4896,0.833,-0.844,1.077,0.456,-0.123
4897,1.552,1.622,1.724,-0.209,0.68
4898,1.593,-0.111,-0.375,0.171,-0.103
4899,0.15,2.337,-0.82,0.463,1.972
4900,-1.348,-0.384,0.649,-0.891,-0.198
4901,0.262,-0.002,0.431,2.267,0.174
4902,-0.368,0.153,-0.056,2.042,0.634
4903,-1.13,-0.993,1.494,-2.061,-1.608
4904,2.124,0.81,-0.111,0.496,-0.373
4905,-0.226,2.118,-0.736,1.191,0.009
4906,-0.749,0.551,2.178,-2.4,0.528
4907,-1.211,-0.152,-0.473,-1.361,-0.433
4908,1.182,0.255,0.752,-1.107,0.237
4909,1.616,-0.708,0.485,0.25,-1.313
4910,1.297,1.254,1.03,-0.433,-0.879
4911,0.531,1.401,0.859,-1.017,0.553
4912,-0.543,-1.032,0.266,-1.686,0.162
4913,1.53,-1.347,-0.6,1.978,0.514
4914,0.732,-0.583,-1.55,1.096,-0.848
4915,-0.148,0.316,-0.114,-0.291,1.909
4916,-2.002,1.213,0.019,-2.392,-0.101
4917,0.83,0.294,-0.713,-0.747,0.948
4918,-1.006,-1.807,-0.023,1.616,1.991
4919,-0.653,0.804,0.02,-1.174,0.209
4920,1.808,-1.441,-1.188,0.779,-1.568
4921,-1.824,0.13,-0.004,2.528,-0.222
4922,-0.826,-0.213,-0.492,1.513,-1.06
4923,0.231,-0.717,0.349,1.887,1.729
4924,0.628,0.989,-1.117,-1.863,0.588
4925,-1.567,0.016,0.347,1.061,-1.916
4926,-0.014,0.953,-0.687,0.172,-1.168
4927,0.097,-0.318,0.57,-0.533,0.591
4928,-1.333,-0.812,0.063,-1.737,-0.174
4929,0.401,1.142,1.089,-1.404,2.507
4930,-0.066,0.068,-1.17,-0.352,1.061
4931,0.392,0.857,1.555,0.5,-0.364
4932,0.735,0.849,-0.924,0.017,-0.324
4933,0.165,0.258,1.801,-0.017,0.923
4934,1.755,-1.082,0.02,0.517,0.867
4935,2.0,1.098,0.57,0.415,0.837
4936,-1.862,1.255,0.198,-1.478,1.043
4937,1.321,-0.947,1.347,-0.121,0.426
4938,-0.446,1.242,-0.944,1.509,0.213
4939,-0.989,-1.537,0.513,-1.677,-0.385
4940,-0.324,1.169,0.264,-1.411,-0.479
4941,1.245,-0.929,0.554,-0.933,2.281
4942,0.156,-0.389,0.578,0.067,1.15
4943,1.278,-3.81,-0.241,-0.122,1.363
4944,-0.838,-0.896,0.051,0.84,0.138
4945,0.489,0.481,-0.953,0.81,-0.486
4946,0.632,1.982,1.017,0.224,-1.48
4947,-0.569,0.136,-1.219,-0.42,0.282
4948,-2.453,0.561,0.001,-1.042,0.11
4949,-0.965,0.094,-0.945,0.41,1.636
4950,-0.556,0.171,-0.461,1.887,-1.298
4951,0.394,-0.785,-0.093,-0.413,0.687
4952,0.167,-0.734,1.092,0.696,-0.398
4953,-1.375,-0.301,-1.453,0.371,0.566
4954,0.165,-1.392,1.05,0.229,-0.077
4955,-1.397,-1.294,-0.121,-0.18,-2.071
4956,1.973,-0.474,1.346,1.233,1.457
4957,1.657,1.318,-1.4,-0.825,-0.129
4958,0.612,0.876,-1.702,0.052,0.463
4959,-0.138,0.22,-0.875,-0.161,2.416
4960,-0.012,-0.61,1.232,0.382,-0.583
4961,-0.498,0.265,-1.262,-0.71,-0.016
4962,-0.06,-1.061,0.056,-0.842,-0.051
4963,-0.953,0.3,0.464,-0.653,1.618
4964,-0.063,0.976,1.551,0.007,0.293
4965,-0.872,1.35,0.076,-0.437,-0.179
4966,-0.722,1.132,0.479,-0.605,-0.325
4967,1.341,0.014,1.121,0.531,-1.004
4968,1.087,0.855,-0.434,0.53,-1.367
4969,0.708,-1.089,-0.125,0.643,-1.462
4970,-1.001,0.912,-1.742,0.05,0.383
4971,2.103,1.016,-0.864,-0.568,0.243
4972,-1.134,-1.685,0.39,0.881,-0.907
4973,-0.884,0.486,0.677,0.051,-0.673
4974,-2.618,-0.265,-0.06,-1.007,-0.945
4975,0.17,-1.402,-0.185,-1.746,-2.218
4976,-2.322,-0.492,-1.023,-0.499,0.865
4977,-0.826,0.497,-1.842,-0.404,0.259
4978,2.313,-0.086,0.691,1.398,-0.398
4979,-1.745,0.192,1.417,0.172,0.888
4980,-0.572,1.557,-0.669,-0.256,1.328
4981,1.752,0.36,-0.305,0.412,0.475
4982,1.45,0.215,0.036,1.108,-1.432
4983,0.471,-0.33,1.68,0.884,-2.384
4984,-1.368,-0.699,0.649,0.667,0.336
4985,0.069,0.301,-0.094,0.782,1.881
4986,-1.216,-0.772,0.55,-0.129,1.072
4987,-0.279,-0.701,-0.9,0.368,0.182
4988,1.508,1.632,2.341,0.912,-0.183
4989,0.409,0.438,1.116,-0.513,-1.199
4990,-2.089,1.33,0.252,0.732,0.278
4991,0.304,-1.176,0.013,0.449,1.453
4992,-0.944,-0.559,1.497,0.75,-0.446
4993,-1.653,0.209,1.035,0.075,0.603
4994,0.434,0.464,-0.507,1.78,-1.579
4995,0.873,-0.808,-0.128,-0.92,1.691
4996,-0.747,-0.111,1.267,0.773,-1.093
4997,0.865,0.095,-1.218,-0.2,-0.37
4998,0.906,0.595,-1.581,-0.326,-0.656
4999,-2.029,-1.037,0.534,0.715,-0.368
