data,at1,at2,at3,at4,at5
0,-0.447,-0.833,0.542,-0.441,0.159
1,0.555,0.385,-0.941,0.338,-0.245
2,-0.107,-0.023,-0.464,1.05,-1.956
3,0.22,1.076,0.115,1.477,-0.681
4,-0.329,0.3,-1.412,-1.128,-0.071
5,0.575,-2.122,-0.806,-1.506,0.259
6,-0.005,-0.585,0.36,0.463,1.37
7,-0.825,-1.204,-0.759,-0.493,0.549
8,0.255,0.725,0.535,0.833,1.579
9,0.484,1.04,0.03,-0.779,-0.97
10,1.377,0.422,0.564,1.227,0.215
11,-2.017,1.465,0.539,0.75,-0.938
12,-0.256,-0.495,-0.283,0.599,0.116
13,-1.048,0.116,0.137,-0.026,0.569
14,0.462,1.46,0.284,-0.155,-0.711
15,1.48,-0.881,2.135,0.706,-0.743
16,-1.33,1.997,0.694,1.033,0.065
17,-1.065,-0.593,1.188,0.532,-0.67
18,-0.153,0.914,0.864,-0.163,-0.848
19,-0.168,0.296,0.348,0.366,-0.672
20,-0.344,-1.351,-0.259,0.882,1.867
21,-0.26,-0.522,-0.401,0.592,-0.754
22,0.7,0.409,1.693,0.967,0.355
23,-1.146,0.724,-1.741,-0.702,-0.104
24,-0.173,0.16,-1.357,-0.096,0.301
25,-0.587,0.377,-0.787,0.186,-0.238
26,0.028,0.842,-0.689,0.501,0.24
27,-1.358,1.219,-0.931,-0.594,-0.628
28,-0.093,-1.141,-0.746,-0.813,-1.422
29,-0.865,0.545,1.447,-0.058,-1.743
30,-0.018,-0.961,0.11,0.345,-0.464
31,0.889,-1.031,-0.756,0.113,-0.714
32,0.409,0.078,-0.789,-0.212,0.549
33,0.442,-0.283,0.234,-1.067,1.834
34,1.045,-1.674,1.607,0.598,-0.665
35,1.126,0.704,0.212,-0.381,-0.41
36,0.462,1.922,-1.298,0.338,0.941
37,1.55,-0.544,0.458,3.258,-0.381
38,1.14,0.108,-1.058,-0.206,0.595
39,-0.727,-2.585,0.379,0.741,0.97
40,-0.016,-1.743,-1.023,-0.706,-0.55
41,-0.329,-0.425,0.439,-0.062,-0.096
42,0.519,-2.206,1.045,-0.5,-0.227
43,0.001,0.045,1.397,0.139,-0.667
44,0.773,-0.379,0.919,-1.133,-1.528
45,0.103,1.496,-1.478,0.24,-0.59
46,-0.204,0.059,-0.045,0.197,0.76
47,-1.013,0.071,1.261,-1.368,-0.761
48,-0.012,-0.519,-1.654,0.083,0.608
49,-1.251,-0.419,-0.037,-0.903,-1.3
50,-1.08,-0.577,0.901,-0.927,1.386
51,0.817,-0.131,-0.654,-0.846,0.289
52,0.072,0.601,-0.454,1.372,-0.987
53,0.282,1.232,0.357,1.716,-3.017
54,-1.542,0.154,0.296,0.338,-1.093
55,-0.704,-1.543,-0.154,-0.941,-0.28
56,-2.578,1.93,-1.145,1.118,-1.041
57,-0.469,-2.175,-1.248,0.123,0.852
58,0.399,0.287,0.558,0.795,2.148
59,2.622,-0.068,0.807,0.248,0.917
60,0.07,0.242,-1.323,1.829,-0.045
61,0.806,0.741,0.284,-0.773,-0.187
62,1.21,-0.447,0.591,-0.808,0.447
63,-0.28,-0.818,-0.855,0.028,0.07
64,-0.338,-0.242,-1.943,0.397,-0.462
65,-0.701,0.79,1.109,-1.021,-1.827
66,-1.008,0.609,0.384,0.276,-0.534
67,-0.365,0.678,-0.431,-0.742,0.787
68,-0.295,-0.596,-0.362,-0.493,-2.078
69,0.705,0.334,-0.083,0.836,-0.082
70,-0.703,-1.17,-0.395,-0.538,0.748
71,-3.017,-0.444,-0.653,0.955,-0.363
72,-1.309,-0.607,1.108,-2.738,-1.215
73,-1.182,0.214,-0.777,-1.08,-0.339
74,0.986,0.952,0.269,-1.008,-0.848
75,-0.278,0.277,-1.577,-0.092,-0.693
76,-0.404,-0.501,0.855,0.507,-1.086
77,-0.758,-1.366,0.195,-0.462,0.596
78,-1.104,0.296,-1.278,-1.34,0.074
79,0.941,0.144,-0.355,1.043,-1.423
80,-0.404,0.49,0.611,0.297,0.953
81,-0.805,0.309,-0.579,1.555,-1.144
82,1.106,-0.926,1.593,-0.418,0.165
83,-0.358,-1.346,-0.354,-0.761,-0.598
84,1.115,-0.282,-0.388,-1.035,-2.225
85,0.381,-1.921,0.04,-1.69,0.32
86,-1.086,1.093,-0.913,-0.594,-0.248
87,-0.704,-0.121,0.73,0.772,0.935
88,1.546,-0.194,-2.004,0.534,0.191
89,-0.287,-1.009,1.393,-0.242,1.084
90,-0.846,0.778,-0.102,0.314,2.265
91,-0.332,-0.033,2.684,0.906,0.482
92,1.329,1.185,0.043,-0.318,-0.708
93,0.507,1.499,-1.62,-0.577,-0.241
94,-0.868,0.369,-0.445,-0.635,1.418
95,0.704,-1.602,0.502,0.092,-1.673
96,0.866,-1.347,-0.979,0.187,0.43
97,-0.651,2.421,-1.379,-0.735,-0.47
98,-0.321,0.622,-1.618,-0.212,-0.705
99,0.137,0.866,-0.163,0.924,-0.148
100,0.527,0.892,-0.691,-1.57,2.009
101,-0.049,0.615,-2.757,-0.571,-0.631
102,-0.674,-0.948,-0.852,-1.334,-0.261
103,1.162,0.11,-0.938,0.181,-0.803
104,-0.604,-0.58,-0.424,-0.371,-0.751
105,-1.588,0.262,-1.433,-1.507,1.007
106,0.404,0.032,-0.457,1.392,1.269
107,0.735,-0.381,0.425,1.04,-0.084
108,-1.498,0.611,-0.324,-0.891,-0.528
109,0.716,0.858,1.271,-0.296,0.476
110,-1.481,-0.21,-1.016,0.398,0.186
111,0.234,-0.375,-0.329,0.679,-0.871
112,0.832,-0.192,-0.253,1.732,-0.909
113,-0.626,0.771,0.011,-1.136,1.703
114,-0.348,1.258,-0.455,0.784,0.632
115,0.144,-0.181,2.196,0.609,0.618
116,0.808,-0.765,0.205,0.26,-0.018
117,-1.866,-1.336,0.059,-1.294,-0.827
118,-0.022,0.331,-0.011,1.55,-1.233
119,0.624,1.174,0.759,-0.399,-2.459
120,0.205,-1.629,-0.205,0.354,-0.661
121,0.547,0.057,-1.578,-0.642,-0.355
122,-0.991,1.26,-0.298,0.983,0.591
123,0.097,-1.861,-0.024,0.021,-0.875
124,-0.08,0.356,-0.401,-0.066,0.391
125,-0.191,-0.104,0.494,1.501,0.731
126,0.911,0.557,-1.018,-1.096,-1.216
127,-1.271,-1.851,-0.825,-0.744,0.492
128,-0.164,1.958,0.284,0.799,-0.291
129,2.25,-0.414,-0.178,0.859,0.441
130,-1.466,-0.132,-0.66,0.418,0.614
131,-1.226,-0.72,-1.671,0.867,1.18
132,-0.351,1.109,-0.708,0.189,0.08
133,-0.262,0.511,-0.238,1.13,-0.212
134,1.253,-0.477,-0.779,0.795,-0.348
135,0.091,-0.835,-0.926,1.168,-0.746
136,-1.135,-0.332,1.768,-0.453,1.251
137,1.431,0.301,0.823,0.678,-0.891
138,-2.012,0.184,1.306,0.651,1.087
139,-0.707,0.157,0.526,-0.588,0.908
140,-1.382,-0.076,-1.102,-1.372,0.465
141,1.163,-0.087,-0.883,1.356,-0.639
142,-0.043,0.668,-0.488,0.175,2.387
143,0.454,-2.498,-0.236,-0.532,1.848
144,-0.324,-0.429,1.578,1.931,1.237
145,0.03,2.291,-0.847,0.224,-0.021
146,-0.125,0.234,0.637,-0.367,0.65
147,0.679,1.247,-1.079,-1.094,-1.113
148,1.099,0.487,0.544,-0.039,-2.006
149,-0.922,-1.313,-0.671,1.277,-0.611
150,-0.875,-0.848,0.531,-0.747,-0.017
151,1.291,-0.914,-0.234,0.624,1.918
152,1.12,-0.654,-0.538,-0.847,-1.156
153,0.27,0.823,-0.322,-0.303,-0.035
154,0.19,0.414,1.645,-1.334,0.352
155,-0.117,0.089,0.748,0.25,1.744
156,1.737,-0.173,0.721,0.847,2.198
157,0.732,0.0,-0.765,-1.315,1.07
158,-0.441,0.894,0.176,0.474,-0.847
159,-1.152,-0.658,-1.036,-0.463,-0.975
160,-1.295,0.553,-0.317,0.165,1.114
161,0.715,-0.294,1.023,-0.1,0.111
162,0.428,-1.251,0.175,-0.799,0.066
163,1.093,1.735,0.391,-0.406,-0.016
164,2.239,0.426,-0.4,0.282,-1.408
165,-0.175,-0.582,3.21,1.881,-1.171
166,-0.868,0.371,0.893,-1.033,0.571
167,-0.808,-1.067,0.066,0.983,-0.902
168,0.642,0.183,-0.561,0.201,-0.184
169,0.196,-0.653,1.52,0.166,-1.006
170,-1.093,1.159,-1.146,0.205,-0.281
171,2.042,-1.323,0.806,0.775,1.418
172,0.35,-0.407,0.757,0.568,-0.71
173,0.349,0.344,-0.259,0.855,0.444
174,1.089,-1.142,-0.63,0.094,0.969
175,-0.458,0.112,1.383,0.973,-0.694
176,-1.582,1.402,-0.168,1.113,1.13
177,-0.358,0.791,0.284,0.325,0.536
178,-0.239,-0.8,0.198,-0.781,-0.134
179,-1.643,1.489,-0.326,-0.478,-0.826
180,1.473,-1.204,-1.549,-0.865,2.141
181,0.022,-1.322,-0.716,1.35,0.092
182,-2.578,-0.024,-2.25,1.05,-0.782
183,-0.782,-1.039,1.294,-1.804,1.078
184,-0.702,-0.659,1.338,-0.183,1.49
185,0.245,1.264,0.715,0.274,-0.376
186,-0.09,1.721,-0.4,0.146,1.489
187,0.376,-0.278,-1.016,0.663,0.551
188,1.682,-0.145,-1.088,-0.984,-0.018
189,-0.867,-0.715,0.731,-2.731,-0.881
190,-0.229,0.155,0.342,1.373,-0.093
191,1.258,-0.487,0.226,-0.527,-0.633
192,0.371,-0.307,1.169,0.203,-1.63
193,-0.759,-0.096,-0.132,1.014,-0.401
194,1.069,-0.332,0.634,0.208,-1.185
195,-0.172,-0.401,1.055,-0.363,-1.161
196,-0.235,0.063,-1.233,1.665,0.054
197,-0.517,-0.964,-1.548,-0.183,0.284
198,0.485,-0.136,-0.143,-0.203,0.567
199,-0.677,-1.031,1.388,0.277,-1.162
200,-0.75,-0.781,-0.324,-0.806,-0.65
201,1.946,0.211,-0.418,-1.567,0.404
202,-1.385,-1.243,-1.433,0.472,-0.06
203,0.376,0.168,0.403,0.969,0.491
204,0.156,0.669,0.664,0.757,-2.255
205,0.478,0.385,-0.135,0.729,-0.22
206,-0.523,1.031,0.389,0.123,-1.196
207,-0.119,1.321,1.285,-0.476,-1.29
208,0.53,-0.569,0.579,0.666,-1.618
209,0.623,0.003,1.805,-0.168,0.713
210,-1.219,-0.602,-0.505,0.665,-1.367
211,-0.618,-0.228,0.71,-1.233,-0.651
212,0.856,0.811,-2.032,-0.784,-0.03
213,0.561,1.13,-1.324,1.062,0.914
214,-2.083,-1.354,0.434,0.023,-0.505
215,-1.065,-0.306,-0.17,-0.45,-0.495
216,-1.708,1.317,-0.132,-0.27,0.834
217,-0.679,-0.579,0.128,-0.879,0.148
218,-0.534,1.526,0.909,-3.068,0.518
219,0.947,0.403,0.186,0.65,-0.475
220,0.343,-1.44,0.544,-1.028,-0.311
221,-0.957,0.68,-1.27,0.795,-0.281
222,-0.845,-0.387,1.672,0.56,-0.561
223,-0.476,-2.548,-0.266,0.398,1.246
224,0.257,0.456,-0.728,-2.762,0.441
225,-0.005,-0.633,1.104,0.988,-1.059
226,0.578,-0.213,-0.404,-0.817,-1.835
227,1.708,-1.275,-2.61,0.029,1.062
228,-0.333,0.51,0.563,-0.605,-0.565
229,0.863,0.895,0.64,-1.025,0.311
230,2.783,0.579,-0.923,-1.055,-1.202
231,0.633,-0.231,-0.605,0.01,-0.794
232,0.675,0.35,-0.062,0.456,0.065
233,-0.305,-0.783,0.197,-0.079,-1.495
234,-1.378,-0.374,0.618,0.58,-0.881
235,0.253,1.293,-1.042,-0.961,0.229
236,-0.329,-1.152,0.535,1.847,-1.421
237,-1.092,0.588,-0.138,-0.522,-1.69
238,1.085,0.903,0.72,-0.497,0.442
239,0.679,0.922,-0.54,0.965,-0.925
240,0.429,-0.138,-0.001,0.29,1.265
241,-1.066,0.01,0.243,0.93,-0.032
242,0.8,1.231,-0.965,1.838,-0.971
243,-0.477,0.86,0.628,-0.378,1.882
244,1.221,-1.455,-0.861,-0.447,-0.67
245,-0.875,-0.974,0.631,-1.345,-0.969
246,-1.638,-0.342,-0.167,1.687,-0.372
247,-1.894,-0.688,-1.521,-0.622,0.846
248,0.701,0.534,-1.261,-0.465,-0.618
249,-0.15,-0.905,1.148,-0.937,-0.041
250,1.338,0.538,0.16,0.658,-0.099
251,0.436,0.528,0.879,-0.412,-0.431
252,2.076,0.94,1.25,1.096,-0.902
253,1.364,-1.586,0.336,0.853,-1.249
254,-1.489,0.197,-0.66,-1.694,0.076
255,0.196,0.204,0.736,0.096,-0.601
256,0.18,-0.261,-1.258,1.437,2.059
257,-0.871,-0.286,-0.425,0.18,-0.389
258,0.344,0.668,-0.066,-0.85,-0.062
259,0.831,-0.697,0.683,1.582,-0.409
260,-0.361,-0.282,0.43,0.503,-0.004
261,0.487,-1.253,1.004,1.528,-1.452
262,-0.725,-0.058,-0.642,0.28,-0.588
263,-1.081,-0.541,0.283,-1.162,-0.484
264,-0.2,-0.979,0.336,-0.659,0.856
265,0.2,0.091,-0.173,-0.733,0.115
266,-1.478,-0.399,0.753,-0.458,-1.554
267,1.52,1.45,-0.816,0.474,-1.113
268,-0.779,-0.131,-0.294,2.372,0.312
269,-2.058,0.553,1.071,-0.026,-0.704
270,0.681,0.845,0.792,-0.597,0.822
271,-1.963,-0.439,-0.448,0.828,-1.242
272,-0.19,0.543,0.563,-1.035,0.649
273,0.607,-0.076,-0.51,-0.498,0.326
274,1.732,-0.379,-1.517,0.829,1.322
275,-1.317,1.478,1.479,1.273,2.474
276,1.102,-0.099,-1.216,-0.099,-1.062
277,-1.189,-0.501,-0.058,-0.313,0.062
278,-0.181,0.1,-0.865,-0.081,0.851
279,0.46,1.072,1.13,-0.023,0.206
280,0.773,1.323,-0.022,-0.195,0.649
281,-2.049,-2.763,-0.008,-1.822,1.169
282,-0.84,-0.295,1.101,-0.844,-1.173
283,0.065,-0.504,-0.287,1.139,1.301
284,-0.336,0.191,0.209,0.463,-0.607
285,-1.083,-0.07,-0.079,-0.23,-0.166
286,0.098,-2.345,-2.762,-0.068,0.602
287,-0.493,-0.517,-0.851,-1.75,-1.553
288,1.088,-0.499,0.244,2.996,-1.621
289,2.585,0.181,1.999,0.449,1.494
290,-0.92,-0.789,0.723,-0.11,0.385
291,-0.136,0.187,0.307,-0.699,-0.708
292,0.151,1.755,-0.174,1.844,-0.344
293,-0.47,-0.12,0.956,-0.719,1.043
294,0.421,-0.004,-0.177,0.256,-0.178
295,-0.637,0.014,0.683,0.429,-0.921
296,1.532,-1.088,0.997,0.165,-0.858
297,0.471,-0.887,0.475,0.393,0.348
298,-0.001,2.155,1.916,-1.111,0.723
299,-0.317,-0.372,-0.236,-1.177,-0.374
300,1.277,-1.288,3.279,2.533,-1.104
301,-2.229,-0.487,0.889,2.015,-0.007
302,-0.211,1.021,0.546,1.583,1.737
303,0.561,1.355,-0.559,-1.15,-2.577
304,1.445,-1.158,-0.945,-0.544,1.437
305,1.107,-0.184,-2.159,0.012,-0.707
306,-1.14,-2.48,-0.361,0.899,0.328
307,0.903,-0.302,0.894,-0.089,1.087
308,-0.779,-0.426,0.999,1.289,0.389
309,0.251,1.844,-0.191,-0.353,-0.62
310,0.737,-0.057,0.195,1.412,0.453
311,-0.859,1.086,-0.637,-0.237,1.179
312,-0.871,-1.194,0.202,0.308,-0.056
313,0.105,-0.899,0.624,0.394,-0.979
314,-0.789,0.453,0.756,-0.575,-0.875
315,-0.655,0.219,0.7,1.198,1.748
316,-0.418,0.675,1.574,0.001,-0.976
317,0.897,-0.231,-2.06,1.369,1.89
318,-0.012,-0.481,1.169,0.501,-0.228
319,-0.375,1.507,-0.263,-0.609,-1.138
320,-1.237,-0.329,0.712,0.681,-0.205
321,-0.758,1.851,-0.224,0.24,1.837
322,0.775,1.188,2.61,0.775,0.642
323,-0.903,-0.551,0.012,-1.048,1.764
324,1.385,-0.294,0.942,0.126,1.057
325,0.389,-0.203,-1.274,-0.238,0.636
326,1.113,-0.294,-1.052,-0.847,-0.217
327,0.919,0.235,0.349,-0.486,-0.689
328,-1.443,1.145,-0.387,-0.325,0.272
329,-1.028,1.386,-0.576,0.223,0.821
330,1.848,-0.487,-0.443,-0.308,1.096
331,-0.692,0.889,-1.401,-1.22,1.28
332,1.351,-1.275,-0.49,-0.311,0.853
333,-0.768,-0.343,0.269,-0.144,-0.132
334,1.36,-0.805,0.098,-0.107,-0.838
335,-0.246,1.304,0.411,-0.195,-1.489
336,-0.138,-0.02,0.368,-0.454,1.948
337,-1.867,-0.706,-0.509,-0.644,0.703
338,0.134,1.002,-1.317,-0.856,-0.358
339,0.321,-1.123,-1.825,1.848,-1.225
340,-0.574,0.041,1.022,-1.381,0.566
341,-0.277,-0.382,-0.95,-0.159,0.77
342,0.17,-0.642,-0.105,0.139,-0.766
343,1.844,-0.623,-0.507,0.164,-1.006
344,0.114,0.813,-1.15,1.47,-0.742
345,0.961,0.002,0.22,-0.44,-0.008
346,-0.097,0.337,-0.496,-1.268,1.225
347,-0.492,0.392,-1.034,0.111,0.765
348,0.399,-0.841,-0.296,0.53,-1.51
349,-0.804,-0.765,0.427,-0.109,1.33
350,1.831,-0.639,-0.135,-1.13,-0.538
351,0.922,-0.366,-0.164,1.503,-0.345
352,0.407,1.385,-1.012,0.619,-1.846
353,-0.366,1.104,-0.165,-0.021,-0.556
354,-0.343,1.18,-1.648,1.239,0.314
355,-2.18,-1.112,1.357,-1.361,0.799
356,-0.277,-1.639,1.405,-0.302,0.938
357,-1.019,-2.295,-0.623,0.613,-0.324
358,-1.205,0.833,1.299,-0.104,0.116
359,0.211,-0.815,-0.357,-0.469,-0.568
360,0.526,-0.011,-0.567,-0.08,-0.396
361,-1.819,-1.636,2.437,-1.25,0.017
362,0.44,0.907,0.744,0.06,0.648
363,0.283,1.339,0.293,-1.657,0.18
364,-1.14,0.798,0.645,1.97,-0.556
365,0.1,-1.338,0.956,-1.888,-1.646
366,-0.664,1.028,-1.374,-0.683,-0.163
367,-0.429,1.312,-0.027,-0.503,0.838
368,-0.436,-0.657,-1.157,0.5,0.226
369,-0.703,-0.229,-0.273,-1.477,0.808
370,2.211,0.539,-1.405,-1.293,-0.623
371,-0.363,-1.586,-0.949,1.496,0.187
372,0.928,-0.79,-0.949,-0.482,-1.05
373,0.641,1.179,0.01,-0.914,0.155
374,-0.597,1.851,0.983,1.638,-0.258
375,-0.041,2.286,-2.046,-0.42,-0.324
376,-0.302,0.591,0.105,-1.588,-0.863
377,0.916,0.715,-0.175,0.053,1.376
378,0.57,-0.279,0.536,-0.378,0.592
379,-0.585,0.475,-0.506,-0.408,-0.882
380,-1.171,-1.265,0.164,-1.133,0.831
381,-1.632,-0.405,-0.156,-0.371,0.31
382,-0.193,0.36,-0.136,0.04,1.313
383,-0.667,-0.611,-0.18,1.266,-0.077
384,1.247,-0.18,0.059,-0.761,0.575
385,-0.982,-0.245,2.602,0.509,-0.6
386,1.132,1.56,0.749,0.944,1.973
387,-0.054,-0.439,-1.064,-1.161,0.382
388,1.215,0.074,0.986,1.161,-0.266
389,0.167,-1.153,-0.186,1.803,-0.869
390,0.372,0.984,0.938,-0.284,-0.543
391,-0.824,-1.839,-0.201,0.209,0.282
392,0.251,1.642,-0.84,0.825,1.365
393,0.351,-0.271,0.088,-1.431,-0.777
394,0.477,0.977,-1.238,-0.973,0.568
395,1.81,0.768,0.202,1.798,0.146
396,0.086,1.114,-0.447,-1.631,-0.117
397,0.359,0.611,-0.542,0.71,0.008
398,-1.131,0.523,-0.967,-0.645,-0.074
399,1.878,-0.058,1.471,-1.606,-1.795
400,-1.332,0.835,1.001,0.743,-0.249
401,-0.199,0.352,1.557,-2.32,0.021
402,0.837,-0.014,2.994,-0.853,-0.662
403,-0.779,0.362,-1.276,2.325,-0.398
404,0.253,-1.093,0.004,0.831,-1.114
405,-3.085,-0.007,0.32,0.679,1.57
406,1.815,0.627,0.258,0.284,1.148
407,-0.256,-0.241,0.636,-0.688,0.415
408,-0.326,3.425,0.391,0.379,-0.63
409,0.706,1.74,2.044,-0.385,0.176
410,-0.707,0.788,0.743,-0.402,1.062
411,-0.132,1.471,0.155,0.506,2.902
412,0.225,0.861,-1.222,0.487,-0.51
413,-1.719,-1.506,0.998,-0.906,0.075
414,-0.749,-0.163,-1.078,0.466,0.947
415,-0.978,0.016,1.15,-0.196,-1.074
416,-1.027,-0.123,-0.58,2.432,0.392
417,1.102,-0.212,-0.113,0.559,0.616
418,-0.055,0.31,0.147,-0.645,2.221
419,-0.086,-0.201,-0.596,0.917,0.589
420,-1.564,0.442,-0.982,-0.025,1.257
421,0.405,0.947,0.327,0.787,-0.474
422,1.579,0.636,0.603,-1.01,-0.953
423,-0.389,0.358,-1.813,-0.35,0.556
424,2.074,0.411,1.379,-0.851,1.398
425,-0.959,-0.152,-0.089,2.303,0.569
426,-0.445,0.421,1.637,0.851,0.012
427,1.19,0.395,-0.215,-0.745,0.108
428,2.05,-1.626,-0.148,-0.401,-1.865
429,1.51,2.03,0.255,1.222,0.601
430,-1.951,0.41,1.577,0.065,-0.094
431,-1.163,-0.39,-0.671,0.362,1.646
432,1.661,0.414,-0.322,-3.004,-1.088
433,0.689,-2.086,-0.077,-0.911,0.323
434,-0.25,-0.714,0.22,-0.963,0.732
435,1.033,0.091,-1.415,-2.135,0.352
436,0.257,0.599,0.182,0.404,1.395
437,0.618,1.429,-0.741,1.027,0.156
438,1.444,-0.37,1.698,0.425,0.638
439,-0.442,0.406,-0.779,-2.436,-0.738
440,-0.545,-0.885,-0.023,-2.078,0.934
441,1.534,-0.584,0.586,0.297,3.025
442,0.646,-0.791,-2.17,-1.019,0.583
443,0.458,2.119,-0.582,-0.03,-0.78
444,1.007,-0.403,-0.857,-0.278,0.161
445,2.015,1.083,-0.519,1.96,-0.95
446,-0.113,-0.309,0.139,-1.177,-0.04
447,0.614,1.61,0.802,-0.427,0.138
448,-0.968,0.69,-2.253,-0.352,-0.428
449,-2.887,-0.367,-0.283,0.462,0.168
450,0.251,-1.011,0.799,-0.071,-1.225
451,-0.201,0.543,-1.761,0.562,-0.466
452,0.429,0.457,2.544,1.267,-1.72
453,1.874,1.253,-0.733,1.203,0.301
454,0.402,-1.106,1.83,-1.063,-0.774
455,0.558,-0.002,1.165,1.859,0.124
456,-2.005,-0.094,-0.407,0.512,1.05
457,0.442,0.8,-0.337,-0.299,0.436
458,1.77,-0.707,0.012,0.733,0.574
459,1.433,-2.919,-0.633,-0.607,0.237
460,0.021,0.061,1.58,-0.192,-1.122
461,0.849,-1.317,-0.964,-0.398,-0.419
462,0.85,-0.662,-1.078,-0.203,-0.949
463,-1.32,0.3,1.054,-0.005,-0.446
464,0.194,-0.518,-0.555,-1.739,-0.47
465,1.154,-0.705,-0.157,-0.95,-1.757
466,-0.641,-0.7,1.118,0.041,-0.748
467,0.346,1.914,-0.626,-0.805,0.06
468,-1.037,0.488,-0.388,0.898,1.058
469,0.161,-0.532,-1.028,0.457,0.129
470,0.062,1.111,-1.363,-0.334,0.666
471,-0.765,-1.479,-0.228,0.053,0.099
472,0.435,-1.794,1.177,-0.935,-1.501
473,0.558,-0.955,0.201,1.316,1.989
474,1.237,2.653,0.566,0.285,-0.317
475,-0.783,-0.616,-0.485,0.72,-1.42
476,0.561,1.002,-0.307,-0.214,0.058
477,-0.96,-0.462,-0.228,0.972,-0.009
478,-0.979,0.349,-0.81,-0.122,-0.584
479,-0.194,-0.175,0.186,1.426,0.156
480,0.416,2.401,0.678,-0.386,-0.54
481,1.814,-0.813,0.25,2.436,-0.822
482,0.124,-1.903,0.703,-1.719,0.609
483,0.947,-0.51,0.818,1.368,1.235
484,-1.274,0.665,2.468,0.077,-0.193
485,0.476,-0.306,1.331,0.009,0.709
486,2.213,-2.201,-1.518,-1.193,0.484
487,0.512,-0.618,-0.102,-0.937,0.612
488,0.354,0.331,0.548,-0.551,1.07
489,-0.728,1.27,0.174,1.406,0.693
490,1.253,-0.222,0.295,-0.881,0.093
491,-0.397,0.045,0.881,0.938,-0.887
492,-0.503,-0.982,-0.353,0.332,0.7
493,-1.676,-0.759,-0.574,-0.429,-0.564
494,0.406,-0.57,-1.019,0.016,-0.816
495,0.315,-1.005,-1.88,-1.343,-1.896
496,0.142,0.648,-0.677,-0.274,-1.869
497,-0.376,2.638,-1.361,-0.664,1.303
498,-0.921,-1.252,-0.579,-0.479,-0.164
499,0.211,-0.789,-1.651,-0.345,0.172
500,0.095,-0.452,1.125,-1.604,0.565
501,-0.842,-0.653,0.834,-1.341,0.697
502,0.447,0.357,-0.053,-2.081,-0.312
503,0.135,-0.58,2.431,0.981,-0.208
504,-2.137,0.777,0.788,0.975,1.404
505,-0.296,-1.06,0.319,-0.732,0.014
506,0.992,-0.871,-0.644,-0.193,1.021
507,0.428,0.059,-0.385,-0.72,0.744
508,-0.209,2.134,-0.114,-0.363,0.35
509,-0.597,1.333,0.609,-1.104,-0.023
510,-0.557,0.185,-1.484,0.396,0.916
511,0.432,-0.451,0.455,0.264,-1.288
512,-0.712,0.174,0.399,0.229,2.791
513,-0.223,0.14,-0.537,0.98,-0.003
514,0.482,0.26,3.282,1.317,-2.377
515,-1.192,0.003,-0.361,1.733,-1.425
516,0.95,0.978,-0.389,0.175,0.725
517,1.346,0.048,-0.183,0.701,0.423
518,2.102,-1.699,-0.649,-0.775,0.305
519,-1.722,-0.368,-0.902,-0.009,0.18
520,1.025,-0.345,-0.499,0.536,-0.044
521,-0.972,0.64,-1.614,0.638,-0.64
522,-1.022,-1.535,0.387,-0.235,-1.191
523,1.058,1.881,-1.511,1.627,0.478
524,0.973,1.554,0.814,0.786,0.527
525,1.899,1.743,-0.174,-0.893,1.191
526,0.153,-1.654,0.802,-0.643,0.56
527,-0.171,0.656,0.846,0.698,-0.163
528,1.498,0.452,0.299,-0.208,-0.024
529,0.192,-0.432,0.76,0.867,0.818
530,1.136,-1.061,0.867,-0.961,0.551
531,-0.645,0.554,-1.306,-1.512,1.439
532,-0.228,-1.14,1.298,0.068,-0.407
533,-0.531,0.662,0.662,-2.032,2.409
534,-0.06,-0.642,0.508,0.591,1.711
535,-1.301,0.275,0.638,0.5,1.079
536,-0.584,-0.943,-0.645,-0.979,-1.536
537,0.602,-0.556,0.664,0.31,0.392
538,-0.871,-0.307,-1.439,-0.448,0.532
539,1.474,-1.445,-0.186,-1.188,2.015
540,-0.99,-0.482,-1.074,1.146,-1.209
541,1.752,0.183,-1.436,-1.805,-0.319
542,0.006,1.118,0.624,0.353,1.152
543,0.709,0.295,-0.963,1.113,-0.467
544,-0.096,0.895,0.542,0.623,0.628
545,0.888,1.021,-0.194,-0.392,0.71
546,1.088,0.791,0.583,-0.143,0.109
547,-0.333,-0.85,-1.093,0.845,-0.501
548,-1.626,-0.37,0.752,1.017,-1.523
549,0.09,-0.034,0.236,-1.402,0.519
550,1.301,1.64,0.588,-0.368,0.175
551,0.679,0.011,0.808,1.326,-0.14
552,0.641,1.265,2.167,0.622,0.169
553,-1.254,-0.072,-0.709,1.481,-0.84
554,0.028,0.161,-0.58,2.535,-0.597
555,-0.57,0.37,0.884,0.661,0.855
556,0.383,0.968,0.776,0.005,1.243
557,0.251,0.163,0.268,1.081,-0.103
558,-2.129,-1.285,-0.917,0.41,-0.656
559,0.85,-0.659,1.447,0.278,-0.414
560,-1.582,0.175,-0.126,-1.069,-0.14
561,-1.291,0.255,0.245,-1.591,1.179
562,1.28,0.398,0.216,0.152,-0.357
563,0.588,0.446,1.98,0.178,-0.281
564,2.492,1.372,-0.472,0.71,-0.179
565,0.419,-0.006,-0.992,1.447,0.49
566,-1.859,0.492,0.225,1.247,-0.539
567,-0.464,0.192,-1.065,1.154,0.23
568,0.437,-0.659,-0.24,-0.261,-0.836
569,-0.385,-0.558,0.221,0.681,-0.483
570,2.272,1.013,0.691,0.512,0.197
571,-0.2,-0.579,0.936,-0.399,0.644
572,-1.319,-0.323,-0.54,0.478,-0.946
573,-0.95,-0.406,-1.342,0.689,-0.576
574,0.02,1.925,-0.56,-0.755,0.816
575,0.543,1.176,1.223,-0.068,0.944
576,-0.556,-0.468,-0.193,-0.003,0.133
577,0.156,0.805,0.897,0.704,-0.744
578,0.462,0.047,-0.34,0.852,-1.951
579,0.054,1.125,-0.935,0.276,0.045
580,1.503,0.512,-1.629,-0.455,0.715
581,-0.213,-0.302,-1.257,-0.834,-0.411
582,-0.829,0.455,1.104,0.952,-1.917
583,-1.347,-0.016,-0.746,-0.008,0.889
584,-0.841,-1.746,0.101,0.418,0.887
585,-0.911,-0.006,-0.85,1.268,-0.432
586,-1.201,-0.699,-0.883,0.048,-0.896
587,0.385,1.153,-0.693,0.375,1.342
588,0.936,-0.141,2.691,-0.679,-0.159
589,0.226,-0.826,1.644,0.062,2.829
590,0.351,-0.533,-1.744,0.069,0.788
591,-0.921,2.271,-1.34,-0.722,1.209
592,0.074,-0.17,-1.702,-1.385,1.043
593,-0.335,0.202,-1.084,0.267,0.28
594,-0.275,-0.375,-2.043,-0.625,-0.06
595,1.076,-0.016,-0.296,-0.938,-0.781
596,1.099,0.839,1.617,-0.391,0.114
597,0.019,-1.019,0.573,0.135,0.279
598,-0.035,-1.471,-0.035,0.933,-1.072
599,1.125,0.138,1.087,0.859,-0.48
600,0.378,-0.211,-1.633,0.37,0.722
601,-0.275,-0.902,-0.129,-0.185,-0.565
602,-0.561,-1.281,-0.227,-1.651,1.6
603,1.529,1.74,-0.227,-0.947,-0.994
604,-0.127,-1.494,0.08,0.347,0.082
605,0.977,0.771,0.969,0.557,1.922
606,1.182,0.354,-1.528,1.47,-0.14
607,-0.539,-0.695,-1.888,0.647,-0.977
608,2.272,0.92,-1.221,-0.678,0.335
609,-1.159,0.425,0.679,0.434,-1.348
610,-0.061,-2.357,-0.207,0.247,-2.37
611,0.318,0.856,0.108,-0.305,1.642
612,0.59,-1.337,0.995,-0.72,1.111
613,-0.833,-1.431,1.397,-1.16,0.609
614,1.232,0.643,-1.401,-1.521,-0.391
615,-0.274,-0.802,-2.211,-0.346,-0.469
616,0.607,0.06,0.9,0.787,0.992
617,-2.477,-1.027,-1.28,0.216,1.219
618,1.168,2.009,0.9,1.377,0.704
619,-1.209,0.374,-0.125,-0.509,-0.105
620,-0.422,0.058,-0.268,-0.868,0.729
621,-0.588,1.838,-2.169,0.074,-0.652
622,-1.463,-0.04,0.317,1.055,0.028
623,1.074,-0.509,1.046,-0.123,0.05
624,-0.051,-0.517,-1.462,-0.271,-0.835
625,0.158,-1.273,1.309,-0.577,0.862
626,1.233,0.081,-1.167,0.273,0.379
627,0.099,-0.328,-0.688,0.688,0.11
628,-0.603,-1.083,1.442,-0.789,-1.063
629,1.21,-0.372,-0.751,1.011,-0.513
630,-0.947,-0.556,0.017,-0.129,-0.631
631,-0.705,-0.341,-0.424,0.996,0.766
632,-0.143,-1.833,-1.454,-0.734,-0.065
633,0.799,-0.706,-2.017,-0.008,-0.513
634,0.084,-1.606,-0.984,0.497,1.927
635,-1.059,-0.126,1.191,0.948,-0.357
636,-0.753,0.767,-0.729,-0.792,-2.005
637,2.615,1.622,0.88,-0.872,-0.492
638,2.223,0.69,0.438,0.707,-0.134
639,0.219,0.595,-1.802,-0.704,0.792
640,-0.534,-0.322,-0.636,0.129,0.652
641,0.14,1.511,0.525,0.789,1.017
642,-0.867,-1.223,2.215,-0.661,1.105
643,1.387,0.5,-0.478,-0.641,-0.757
644,-0.447,1.269,-1.113,0.499,0.821
645,0.53,1.026,0.897,-1.231,-0.339
646,1.231,1.185,0.095,1.398,0.54
647,1.488,-0.468,-0.335,-0.813,-0.553
648,-1.155,-0.395,-0.894,0.906,-0.01
649,0.785,-0.894,2.051,1.754,-0.114
650,1.57,0.921,1.827,0.443,0.95
651,-0.491,0.965,0.225,0.563,-1.368
652,-0.621,1.36,0.738,1.179,0.694
653,-1.396,-1.139,-0.156,0.824,-1.285
654,-1.08,-2.334,0.414,-1.032,-1.246
655,1.037,0.259,-0.455,-0.064,-0.052
656,-1.24,-1.312,-1.507,0.914,1.246
657,1.168,-1.928,-1.737,-1.029,1.317
658,-0.992,-0.154,-2.018,-1.397,0.527
659,-0.846,-0.977,-0.123,-1.527,-1.316
660,0.194,0.1,0.542,0.696,-0.142
661,0.886,-1.847,0.036,-1.17,0.352
662,-0.958,2.144,0.194,-0.864,-1.684
663,-0.663,-0.487,0.065,-1.441,1.117
664,-0.565,-0.105,0.729,0.57,0.99
665,-1.328,-1.341,0.686,0.686,1.42
666,-0.114,-0.554,0.565,0.993,-0.939
667,-1.227,-2.92,-0.83,0.72,-0.121
668,1.677,1.304,-1.71,1.249,-0.608
669,-0.343,0.199,0.202,0.528,-0.225
670,-0.253,-0.814,-1.116,0.447,-0.181
671,-1.096,0.329,0.396,0.268,1.18
672,0.552,-0.368,-0.411,0.175,0.326
673,0.579,-0.609,-0.309,-0.573,-1.558
674,-0.496,1.263,0.255,0.773,-1.049
675,3.206,0.828,1.568,0.048,1.321
676,-0.313,0.509,-0.311,1.749,-0.434
677,1.481,0.992,-0.002,0.434,0.05
678,-1.129,0.382,0.283,-1.657,-0.831
679,-1.186,-0.539,-0.665,0.599,0.218
680,0.739,-1.484,-0.419,-0.042,-0.699
681,0.067,-0.288,0.197,0.106,0.036
682,-0.219,-0.546,1.033,0.113,-0.624
683,-0.575,0.881,-0.399,-2.39,-0.559
684,-0.605,-0.899,0.531,1.754,1.665
685,-0.141,-0.014,-0.039,0.58,-1.205
686,0.712,0.342,-0.927,1.348,-0.789
687,-1.353,-0.599,1.212,-0.63,0.514
688,0.128,1.185,-0.906,1.05,0.096
689,0.263,-1.291,1.889,0.04,0.47
690,0.338,1.83,-0.973,-0.004,-0.843
691,0.954,0.687,-0.514,-2.038,0.747
692,-0.63,0.146,0.454,0.776,0.245
693,2.233,0.289,0.913,0.526,-0.044
694,-1.221,-0.112,0.613,-0.241,-0.65
695,-0.378,0.674,0.046,0.733,0.344
696,-1.338,-0.346,1.03,-1.516,0.067
697,-0.207,0.325,-0.243,0.469,0.887
698,0.885,-1.469,1.046,-1.074,0.043
699,-0.63,0.506,-0.929,2.258,-0.55
700,0.815,0.523,-0.216,1.339,1.147
701,1.806,-0.086,-1.619,-1.279,0.039
702,-0.057,-0.729,-0.893,-0.857,0.2
703,0.097,-0.831,0.426,0.786,0.804
704,0.177,-1.978,1.79,0.93,0.503
705,-0.227,-0.118,2.552,1.42,-0.7
706,-1.244,-0.167,-0.519,-1.577,0.496
707,-0.687,0.896,-1.209,-0.28,-1.179
708,0.114,1.296,-0.554,-0.822,0.752
709,0.019,2.638,0.341,0.056,0.66
710,0.612,0.792,-0.659,-0.739,-0.001
711,0.047,0.337,-0.083,-1.042,0.834
712,1.102,-0.051,1.475,0.651,0.118
713,-1.7,-0.765,-0.271,0.415,-1.048
714,0.372,-0.735,-0.674,-0.292,0.143
715,0.912,0.437,0.231,0.518,-2.162
716,-0.527,1.292,-0.72,-1.115,-2.751
717,-1.253,-0.065,-0.042,-2.259,1.344
718,-0.73,-0.332,-0.048,2.518,-0.141
719,-1.217,0.46,0.285,-0.592,0.054
720,-1.87,-1.318,-0.336,0.874,0.642
721,-0.959,0.453,0.337,-0.488,-0.208
722,-0.982,0.951,1.189,-0.653,-1.532
723,-0.27,1.399,0.197,-0.691,1.168
724,-0.054,0.322,1.416,-0.108,0.891
725,-1.521,0.099,1.44,-1.033,0.651
726,-0.685,2.379,-1.243,1.154,-0.4
727,-0.402,0.553,0.937,0.572,1.172
728,-0.767,-2.83,-2.035,0.278,-0.264
729,0.018,-0.642,-0.647,0.679,0.018
730,0.389,1.727,1.538,-0.717,0.349
731,0.895,-0.58,-0.555,0.413,0.795
732,-0.081,0.069,-1.798,0.701,0.935
733,0.876,-0.471,0.218,1.335,0.412
734,0.466,0.736,0.782,0.016,0.741
735,-0.792,-1.317,1.144,-1.212,-1.189
736,1.944,0.299,-0.87,-1.663,-0.7
737,1.62,-1.348,-1.598,1.039,1.555
738,1.366,-0.599,-0.918,0.45,-0.07
739,-0.956,-0.885,-0.144,2.173,0.395
740,-0.099,-0.848,-0.453,0.967,-1.593
741,-0.088,0.444,-1.769,0.581,-0.05
742,-0.151,0.873,0.516,1.176,0.535
743,-0.941,-0.252,1.03,1.79,-1.455
744,-0.771,0.627,0.126,2.426,0.468
745,1.223,-2.304,-2.02,-0.29,-0.375
746,1.147,-0.564,-0.42,-0.99,-1.497
747,1.503,0.486,0.252,0.698,1.5
748,0.662,-1.195,-0.117,0.29,-0.558
749,0.788,-0.144,1.084,0.084,0.144
750,-0.558,-1.667,1.474,-0.104,0.529
751,-0.256,-0.831,1.064,-0.527,1.048
752,-0.832,-2.209,0.389,-0.133,1.607
753,0.705,-0.962,-0.725,1.398,-2.179
754,-0.153,-0.739,-1.078,0.491,0.426
755,0.061,1.511,-0.771,-0.646,0.787
756,1.466,1.162,0.636,-1.896,0.358
757,-0.038,-0.721,-0.568,-0.841,0.496
758,1.018,0.328,-0.52,-0.451,1.276
759,-0.254,-0.024,1.454,-1.568,0.658
760,0.421,0.553,0.157,-0.75,0.442
761,0.743,-1.21,-0.336,0.622,0.121
762,0.821,0.177,-0.288,-0.069,0.082
763,0.291,1.028,1.305,-0.917,1.53
764,-0.722,0.068,-0.623,0.627,0.408
765,-1.183,0.192,0.388,-0.404,-0.445
766,0.367,1.067,-1.514,-0.403,1.407
767,-1.58,0.082,1.08,-0.452,0.694
768,-0.132,-0.802,-2.033,-2.626,-1.75
769,0.349,-0.269,-0.874,0.88,-0.143
770,1.095,0.734,1.14,0.662,0.847
771,-1.623,-0.521,-0.863,1.167,-1.1
772,-1.626,0.771,0.036,-1.287,0.267
773,1.432,-1.528,2.765,-0.635,0.133
774,-0.372,0.674,0.182,-0.872,-1.283
775,1.629,0.138,1.106,0.763,1.126
776,0.428,-1.492,0.069,0.423,-0.26
777,0.722,-0.404,0.613,0.504,-1.138
778,-1.004,-0.686,-0.577,-0.613,0.849
779,-0.798,-0.991,0.46,0.462,-0.195
780,-1.723,0.164,0.12,-1.289,0.127
781,-1.312,1.867,-0.454,1.936,0.308
782,-0.401,0.5,0.114,0.713,-0.7
783,-0.147,1.084,-2.766,-0.038,1.044
784,0.318,-0.849,0.495,1.574,-0.386
785,-1.09,-0.813,1.204,0.696,-0.051
786,3.048,-0.635,0.806,0.277,-0.366
787,0.5,-0.011,-0.786,-2.018,-1.134
788,-0.237,-0.206,0.184,0.214,-0.686
789,0.254,-0.744,0.305,-1.133,1.349
790,1.042,-0.626,0.563,1.129,-0.461
791,-0.396,-1.585,0.188,0.23,-0.883
792,-0.616,-2.228,0.947,0.056,0.323
793,-0.324,1.016,1.385,-0.481,0.119
794,0.569,0.447,-0.351,-0.664,-1.762
795,-0.221,0.719,-2.059,-0.876,-0.232
796,-1.643,-0.195,0.406,-1.633,0.722
797,-1.644,0.964,-0.317,1.447,-0.556
798,1.121,0.452,0.432,-0.29,0.247
799,-0.851,-0.489,0.052,-0.664,-0.064
800,0.425,-0.876,-2.204,1.273,-0.832
801,-0.035,0.929,1.241,0.563,-0.407
802,0.078,2.022,1.003,-0.056,0.415
803,0.824,-1.625,-0.189,-3.014,-0.989
804,0.024,-0.035,0.353,-1.47,-0.281
805,-0.426,0.726,-0.862,-2.272,1.797
806,-0.32,0.623,-0.091,0.788,-0.442
807,-0.49,0.274,-1.185,0.288,0.143
808,-0.649,-0.01,0.267,-1.464,0.741
809,0.092,-1.897,-0.011,-0.965,1.324
810,-0.791,-0.359,1.989,0.118,0.282
811,-1.992,2.236,-0.584,-0.23,2.233
812,0.382,-1.195,0.059,1.282,-0.499
813,0.642,-1.172,-0.069,-0.229,-0.468
814,1.775,-0.561,1.729,1.449,1.097
815,-0.014,-0.676,1.102,-0.608,1.169
816,-1.841,0.193,-2.815,-1.344,0.335
817,0.558,-0.463,0.452,1.454,1.024
818,-0.056,-0.329,0.754,1.019,0.721
819,-0.306,1.197,-0.638,0.005,1.592
820,-0.744,0.844,0.475,1.044,1.259
821,0.945,-0.286,-1.286,-0.411,0.63
822,-0.479,-0.226,-2.072,-0.947,1.153
823,-0.055,0.462,2.469,0.057,0.012
824,-1.201,-0.198,-0.272,1.073,1.915
825,1.295,2.62,-0.204,0.676,-0.369
826,0.104,-0.588,1.395,1.127,-1.279
827,-0.381,0.224,-0.599,-0.207,0.22
828,-0.683,-0.307,-1.745,-0.616,-1.346
829,0.516,0.706,0.167,0.179,0.085
830,-1.008,-0.589,-0.609,0.717,0.944
831,-1.769,-0.039,1.211,-2.87,-2.223
832,-0.488,1.68,-1.752,-0.439,-0.056
833,-0.369,-0.92,0.282,0.054,0.165
834,-0.566,0.816,3.337,0.904,0.127
835,0.756,0.829,0.239,-0.299,0.936
836,1.743,0.371,-1.052,-0.374,-0.786
837,1.14,0.218,1.372,-0.342,2.355
838,-0.812,0.364,-0.17,0.828,0.097
839,-0.448,1.564,1.271,-0.177,-0.112
840,-0.032,-0.717,-0.962,-1.248,-0.33
841,0.603,-0.163,-1.201,-0.34,-1.058
842,2.302,0.26,-1.223,1.423,1.071
843,-0.477,-0.136,0.271,0.592,1.367
844,-0.139,-0.892,0.858,-0.254,0.225
845,1.138,-1.765,0.559,0.568,0.736
846,-0.055,1.002,-0.654,0.103,-0.112
847,0.405,0.461,-1.2,1.56,0.81
848,0.849,0.859,-0.273,-1.154,-0.48
849,-1.234,0.832,0.577,0.409,-1.501
850,0.909,1.256,-1.071,-0.016,-0.83
851,-2.304,1.465,-0.199,1.453,-1.307
852,-0.02,0.215,0.47,0.081,0.495
853,0.382,-0.705,-0.481,-1.004,0.247
854,0.375,0.175,1.598,2.029,0.312
855,-0.263,0.904,1.974,0.106,0.77
856,0.63,-0.106,0.351,-2.156,-1.366
857,0.213,0.705,-1.346,1.592,0.302
858,1.071,-0.103,0.322,1.462,0.799
859,1.336,1.687,1.318,-0.374,0.455
860,2.601,0.604,0.779,-1.001,0.017
861,-0.038,2.05,-0.458,0.49,0.513
862,0.042,-0.146,1.192,0.376,0.237
863,-0.144,1.198,-0.056,-2.046,-0.184
864,1.426,0.583,0.727,0.047,1.405
865,0.348,-0.621,-2.326,-0.554,0.008
866,0.517,-0.383,-2.048,1.568,-1.199
867,1.632,-0.242,-0.672,1.24,-0.519
868,-2.021,0.129,-0.194,-0.883,-0.054
869,-2.44,0.936,-1.257,0.653,-0.4
870,-1.145,-0.967,1.177,0.056,-0.759
871,0.38,1.043,1.222,1.173,-0.271
872,-0.29,-0.524,-0.275,-0.838,-0.355
873,-0.337,0.463,1.43,-0.55,-0.757
874,-0.898,-0.051,-0.23,1.141,-0.828
875,2.315,-0.838,-0.599,-0.254,-1.667
876,0.959,-0.466,0.456,1.143,0.052
877,-0.658,0.479,0.614,-0.103,0.251
878,1.399,-0.687,-0.808,0.163,0.759
879,0.243,-0.016,0.8,-0.556,-1.173
880,-0.838,-1.83,-0.272,0.517,-0.102
881,-1.844,0.197,-1.141,0.458,-0.328
882,-1.171,1.965,-0.201,1.775,1.537
883,1.9,0.786,-1.099,-0.689,-1.56
884,-0.136,0.488,0.025,0.08,0.695
885,-0.193,0.39,0.196,1.151,1.472
886,-0.79,0.923,-0.095,0.347,-1.404
887,-1.287,0.426,1.178,0.797,-0.528
888,1.675,1.265,0.353,0.577,-0.834
889,-0.38,-0.082,0.856,0.342,0.089
890,1.151,0.227,-0.205,-0.015,-0.765
891,1.555,-0.198,0.75,-1.421,-0.202
892,-0.988,-0.186,-0.392,-0.468,-0.012
893,-0.718,0.677,0.443,0.29,-0.977
894,0.196,-0.459,-0.728,0.595,-0.442
895,-1.619,-0.489,0.498,-0.374,0.518
896,0.706,1.622,0.855,0.151,-0.184
897,0.166,-0.471,-0.275,-0.354,0.174
898,-0.531,2.198,-0.93,-0.911,3.285
899,-1.271,-0.774,0.387,0.108,-0.566
900,0.661,-1.9,-0.283,-0.47,0.693
901,1.644,-0.421,0.62,0.589,-1.054
902,0.673,-0.375,-2.059,0.083,0.753
903,0.506,2.083,0.094,-0.811,-0.116
904,-0.144,1.099,-1.815,0.469,0.69
905,-0.712,0.297,0.005,0.853,0.756
906,1.562,0.778,-0.17,0.492,1.122
907,0.565,-0.409,-0.708,0.18,-0.049
908,0.194,1.275,0.928,1.378,0.154
909,0.337,-1.032,0.174,-1.23,-0.251
910,-1.383,0.281,-1.662,-0.658,1.835
911,-0.031,-0.489,-0.229,-0.177,0.323
912,-0.199,-0.231,1.243,-0.32,-0.62
913,0.243,0.113,0.449,-2.049,0.38
914,2.972,1.349,1.603,-0.779,0.17
915,-0.855,-0.726,0.036,0.626,0.864
916,-1.363,0.965,0.725,0.118,2.343
917,0.565,-0.474,2.88,-0.998,0.136
918,-0.023,0.942,-0.042,-0.868,-0.355
919,1.89,-1.241,0.545,0.786,-1.573
920,0.154,-0.496,0.547,0.834,-0.365
921,-1.044,-1.33,-0.499,-1.958,-0.776
922,0.582,0.916,1.637,0.182,-0.775
923,0.855,0.028,-0.5,0.891,0.655
924,-0.561,-1.355,-0.912,-0.039,0.619
925,0.205,-1.616,-0.311,0.036,0.076
926,1.241,-0.685,-0.32,-0.343,0.013
927,0.596,0.212,-0.776,1.183,-1.476
928,-0.225,-0.189,0.013,2.848,1.097
929,-0.684,-0.682,1.168,-0.236,-1.058
930,1.604,2.952,-1.257,-0.668,-1.141
931,-0.323,0.629,0.842,-0.913,-0.106
932,0.887,0.043,-1.006,0.611,-2.331
933,-1.959,0.091,-0.833,-0.423,0.269
934,-0.876,0.2,1.351,-1.031,0.711
935,-0.269,0.461,-0.765,0.83,-0.896
936,-0.245,-0.303,-0.17,0.67,1.265
937,-0.608,-0.794,-0.638,1.52,0.652
938,0.797,-0.077,-0.314,-1.985,0.633
939,0.131,0.321,1.467,-0.107,0.817
940,1.33,-0.935,0.206,0.583,-0.446
941,-1.14,-1.941,0.731,1.989,0.896
942,-0.503,1.309,0.484,0.246,-2.512
943,-0.063,-0.174,0.274,1.34,1.162
944,0.44,-0.353,1.929,-0.124,0.554
945,0.704,0.959,-0.092,-0.931,-0.501
946,1.084,-0.756,-0.056,0.135,-0.673
947,0.288,0.792,-0.543,-0.589,-0.288
948,0.155,-0.561,0.192,0.284,-0.849
949,0.913,-1.041,-0.543,1.673,-0.647
950,0.939,-0.128,0.182,-2.176,-1.874
951,0.396,-0.444,0.717,0.151,1.649
952,-0.633,-0.318,-0.28,-1.021,-1.932
953,0.704,-0.903,-0.407,-1.132,0.52
954,-0.254,0.305,0.663,-0.361,0.454
955,0.06,0.462,0.54,-0.67,-0.989
956,0.446,3.354,0.575,1.264,0.251
957,-1.662,-0.245,-0.183,-0.584,0.873
958,1.085,-1.77,-0.886,-0.389,0.818
959,-0.932,0.553,0.221,-0.519,1.878
960,-1.138,0.737,-0.105,-0.795,1.274
961,-1.615,-1.259,1.248,0.193,0.03
962,0.631,0.143,0.071,-0.914,-1.441
963,1.207,1.103,-0.923,2.736,1.243
964,3.283,0.621,1.009,0.206,2.149
965,-0.115,1.395,-0.649,-0.204,-0.676
966,-1.492,0.869,-1.406,-1.063,-3.23
967,-0.156,-0.103,1.897,-0.31,0.846
968,1.008,-1.487,0.192,1.273,1.149
969,0.09,0.014,2.201,-0.181,-1.577
970,-0.157,-0.636,-1.33,0.538,-0.907
971,-0.781,0.407,-2.156,0.705,0.987
972,-0.893,2.282,0.711,0.333,-1.667
973,-0.039,-2.29,-0.585,-0.362,1.974
974,1.302,0.887,2.503,0.132,-0.876
975,-0.503,-1.012,-0.366,0.974,1.469
976,-0.308,0.502,-0.764,0.207,-0.64
977,-2.01,2.42,0.056,0.836,-1.51
978,-1.875,-1.049,0.857,0.537,-0.164
979,0.257,1.092,0.214,1.279,1.471
980,-0.938,-1.264,-0.224,-1.022,-1.049
981,-1.371,1.105,0.805,-1.116,0.566
982,-0.054,0.542,-1.879,0.69,-0.552
983,0.847,1.163,2.48,-0.23,0.755
984,1.501,0.034,-0.198,-0.161,0.017
985,-0.247,1.039,1.505,0.899,2.595
986,-0.804,-0.69,-0.006,1.326,-1.31
987,0.7,0.617,-0.106,0.413,0.253
988,-1.326,0.756,1.002,-1.489,-1.508
989,-0.517,-1.317,1.274,-0.794,-1.276
990,-0.196,-0.67,0.533,0.403,1.201
991,0.481,-0.315,-0.121,-0.325,-0.581
992,-0.29,-0.127,0.482,0.533,0.346
993,-1.313,-1.495,0.281,0.532,2.105
994,-0.24,-1.171,-1.164,0.364,-1.211
995,-0.898,0.685,-0.763,1.151,0.427
996,-0.77,-0.731,0.69,0.106,-1.423
997,0.555,0.2,1.867,0.189,0.249
998,-0.228,1.459,0.754,-0.364,-0.07
999,-0.876,0.98,-0.851,-0.8,-0.026
1000,0.987,-1.058,-1.663,1.122,0.463
1001,0.285,-1.62,0.137,-2.347,0.627
1002,0.27,0.184,-0.435,0.391,0.148
1003,-0.367,1.917,1.589,-1.065,0.339
1004,-0.297,-1.2,-0.12,0.745,0.144
1005,-0.737,-0.872,0.269,0.575,0.196
1006,0.452,1.917,-0.722,1.701,0.657
1007,0.244,0.674,0.402,0.47,-3.861
1008,-1.651,0.55,0.181,0.014,0.897
1009,0.557,-0.295,0.829,-0.929,-0.023
1010,-1.158,0.341,-1.222,0.549,-0.296
1011,0.693,0.492,-0.755,0.348,-0.19
1012,-0.767,-0.234,0.296,-0.071,0.347
1013,0.703,0.694,2.073,-0.179,-0.177
1014,-0.545,-0.348,-0.997,1.065,0.273
1015,2.582,-0.398,-0.035,-1.128,1.087
1016,0.407,-0.467,0.221,-0.428,-0.713
1017,0.835,-1.979,-1.133,-1.088,0.171
1018,-1.015,-0.26,0.508,0.472,1.259
1019,0.412,2.031,-0.451,0.086,0.35
1020,-2.208,-1.276,-1.504,-0.082,-0.753
1021,-0.691,-0.322,-0.308,0.985,0.397
1022,1.742,0.112,-0.14,-1.081,0.193
1023,0.387,-0.456,-0.009,0.734,-1.41
1024,-0.699,0.701,-2.078,-0.828,-0.16
1025,-0.406,-0.968,-0.949,-0.958,0.594
1026,0.193,0.291,-0.955,0.734,1.997
1027,-0.993,0.073,0.428,0.235,1.52
1028,0.159,0.672,0.745,-0.01,-0.942
1029,-0.938,-0.231,-0.763,-0.714,-0.249
1030,0.495,-0.489,-0.331,-0.466,-1.286
1031,-0.21,0.851,0.341,0.998,-1.407
1032,0.738,0.764,0.032,0.531,0.231
1033,-0.615,-0.909,-0.065,0.285,0.284
1034,-0.406,-0.363,-0.368,0.757,-0.78
1035,-0.031,0.553,-0.697,1.456,0.036
1036,0.971,-0.765,1.132,0.476,-0.109
1037,1.476,-1.575,-0.452,-0.79,-1.247
1038,0.233,-0.74,0.199,-0.82,-0.326
1039,0.127,0.148,0.162,0.072,-1.996
1040,-0.104,0.14,-0.323,0.811,-1.263
1041,0.193,1.109,0.762,-1.767,-0.141
1042,-0.059,-0.643,-1.109,-0.886,-0.403
1043,-0.229,0.419,1.006,-0.906,-0.238
1044,0.981,-0.096,0.238,-2.81,-0.028
1045,-0.246,0.328,-0.041,-1.402,-0.352
1046,0.223,-0.325,0.551,2.439,0.775
1047,1.579,1.2,-1.494,-0.511,-0.483
1048,0.505,-0.707,-0.802,-2.002,-3.115
1049,-1.184,1.128,0.154,-0.813,0.124
1050,1.086,0.9,0.087,-0.545,0.111
1051,0.349,0.844,0.007,-0.257,1.247
1052,0.757,0.395,-0.549,1.573,1.532
1053,0.096,1.294,-0.257,-0.935,0.392
1054,-0.676,-0.373,1.684,0.432,0.223
1055,-0.296,-0.862,-0.778,0.546,-0.143
1056,-0.303,-0.317,-1.185,0.435,-1.174
1057,0.915,-0.266,0.033,-0.339,-0.532
1058,0.499,0.301,0.69,0.88,-0.384
1059,-0.457,0.234,-0.816,-0.351,-0.341
1060,1.075,0.084,0.223,-0.879,-1.75
1061,-0.012,-0.643,-0.929,0.619,-0.773
1062,-0.312,1.493,1.093,-1.245,-1.453
1063,-1.451,1.485,0.053,1.107,0.644
1064,0.782,-1.2,0.222,-0.675,-0.523
1065,0.249,-0.898,-0.127,0.488,0.463
1066,-0.744,-2.545,2.059,-0.442,1.833
1067,-0.76,0.695,-1.403,-0.788,-1.454
1068,-2.012,-0.441,-1.016,-0.322,-0.08
1069,1.556,0.131,1.389,0.555,-0.294
1070,0.099,-1.106,1.591,0.549,2.05
1071,-0.222,0.79,0.187,-0.142,0.946
1072,1.196,-0.285,0.8,0.15,-0.533
1073,1.167,-1.188,1.282,-0.699,-0.001
1074,-0.405,-0.131,-0.621,-2.148,-0.55
1075,0.554,2.105,-0.724,1.288,0.422
1076,-0.108,-1.084,-1.289,0.271,-0.766
1077,1.282,0.042,0.487,1.184,-2.422
1078,2.135,-0.199,-0.414,-1.301,0.666
1079,-0.328,-0.19,0.452,0.68,0.464
1080,1.595,-0.974,1.991,-0.619,-2.348
1081,-0.507,0.496,-1.251,1.028,-1.335
1082,-0.713,1.144,-1.211,0.371,3.63
1083,0.771,0.731,1.583,-0.283,0.994
1084,0.938,-0.049,1.54,0.3,-0.284
1085,0.143,-0.429,-1.367,0.521,-0.665
1086,0.31,-0.474,0.013,0.646,-0.638
1087,-0.85,1.498,1.931,1.729,1.659
1088,-0.694,-1.54,0.26,1.792,-1.662
1089,0.669,0.167,-0.183,-0.337,-0.483
1090,0.11,0.911,0.142,0.56,-0.7
1091,-0.488,2.0,-1.315,0.618,2.359
1092,0.111,0.372,1.099,-1.05,-0.306
1093,-0.17,0.096,0.481,-1.133,0.038
1094,2.295,-0.439,-0.455,1.099,1.926
1095,2.439,-2.11,-0.364,1.445,-0.91
1096,0.565,-0.749,-0.458,-0.531,-0.218
1097,-1.493,1.138,0.281,-0.436,-0.707
1098,-0.25,1.949,2.367,-0.939,0.877
1099,0.307,-0.254,-0.62,2.451,0.214
1100,-1.882,-0.44,-1.01,0.827,-1.828
1101,-1.908,-1.38,1.24,-0.229,0.879
1102,-1.495,0.54,-0.801,-1.416,0.207
1103,-0.408,-1.389,0.313,-0.678,-0.619
1104,0.252,-2.215,1.188,-0.209,-0.59
1105,-0.496,-0.16,-2.259,0.094,-0.699
1106,-2.589,1.381,-0.836,0.446,-0.345
1107,-0.011,0.468,0.379,1.338,-0.647
1108,-0.409,-0.317,-1.081,3.348,0.31
1109,0.323,1.54,0.021,0.041,-2.203
1110,0.209,0.598,-0.192,0.02,-0.025
1111,0.198,0.163,-1.214,1.269,2.117
1112,-1.067,-0.549,0.77,2.437,-1.24
1113,0.675,2.379,1.031,0.387,1.25
1114,-0.742,-0.34,-0.714,-2.114,0.061
1115,0.245,0.05,0.849,0.876,1.469
1116,-0.599,-0.64,1.092,0.588,-1.196
1117,0.805,0.038,1.055,-1.547,-0.279
1118,0.836,-1.324,-0.248,1.013,-0.704
1119,1.436,1.472,1.689,-1.584,-0.085
1120,1.717,-1.438,1.04,-1.843,1.016
1121,0.357,0.244,1.534,-1.183,-0.666
1122,-0.259,-0.922,-0.146,1.228,1.561
1123,-1.996,1.526,0.745,-0.755,0.452
1124,1.077,-2.802,-0.782,-0.015,0.364
1125,1.261,0.732,-0.332,1.422,1.024
1126,0.312,0.756,-1.742,0.535,-0.393
1127,1.043,0.289,-0.446,-2.113,1.727
1128,0.724,-0.492,0.71,-0.202,0.637
1129,-0.242,-0.707,-1.884,-2.3,-0.554
1130,-0.955,1.48,2.604,-1.584,1.937
1131,0.517,0.688,-0.052,-0.464,-0.877
1132,0.226,2.155,-0.272,0.882,0.252
1133,0.541,0.552,0.268,-0.453,-1.172
1134,-1.445,-0.862,-1.422,0.589,0.923
1135,-0.016,-1.269,-0.318,0.09,-0.4
1136,-0.382,1.375,0.631,-0.734,1.064
1137,0.605,-0.685,0.134,-1.294,-0.315
1138,1.101,-0.5,1.479,-0.806,0.322
1139,0.691,-1.61,-0.905,-0.238,-0.625
1140,1.782,1.275,0.841,-1.508,-0.823
1141,0.729,-0.131,-0.171,-0.689,-0.136
1142,-1.145,0.717,0.622,-0.219,-1.653
1143,-1.483,-1.162,1.034,-2.323,-1.356
1144,0.583,-0.213,0.527,0.524,0.648
1145,1.757,0.275,-0.438,-0.381,0.726
1146,-2.435,0.352,-1.863,1.034,-0.329
1147,-0.12,1.103,0.238,-0.555,-1.534
1148,1.376,0.294,1.37,-0.535,-0.436
1149,-0.653,-0.882,-1.186,-0.621,0.577
1150,0.763,-0.939,-2.312,0.083,-0.655
1151,0.616,1.919,-1.405,0.383,0.045
1152,1.362,0.686,-0.107,0.449,-0.08
1153,0.031,-0.459,0.295,-0.34,0.55
1154,1.161,-0.103,1.448,-0.268,-0.673
1155,0.159,-1.433,-3.16,-0.218,1.336
1156,1.34,0.392,-0.364,0.383,2.235
1157,-0.191,1.108,2.025,-0.238,-1.051
1158,-1.236,-0.42,0.661,-0.859,-0.267
1159,-0.572,-1.509,-0.907,0.888,0.307
1160,-1.307,1.424,-0.645,3.298,0.359
1161,-0.12,-0.143,-0.835,0.534,0.129
1162,1.846,-0.165,0.257,-0.346,0.752
1163,0.118,0.504,-1.042,-0.853,-0.289
1164,-0.979,-1.379,0.631,-0.442,-0.549
1165,1.41,0.794,1.109,-0.11,0.808
1166,-0.676,-2.302,-0.772,-1.171,-0.28
1167,0.413,-0.884,-0.727,2.195,0.809
1168,1.102,0.428,-0.006,1.768,1.704
1169,0.003,1.701,0.075,0.927,-0.763
1170,0.843,-0.658,-0.685,-1.684,0.427
1171,-1.387,1.421,-1.759,-1.535,-1.402
1172,-0.398,-2.936,-0.377,-0.749,-0.059
1173,0.281,0.873,-1.577,0.667,2.191
1174,0.143,-0.99,-0.475,-1.049,1.15
1175,0.206,-0.025,1.044,0.25,-0.987
1176,-1.266,-0.158,1.52,0.379,0.361
1177,1.753,-0.567,-0.001,0.046,0.441
1178,-0.708,0.211,-0.309,-0.583,1.434
1179,0.789,1.587,0.938,1.558,0.032
1180,-1.46,1.223,-1.228,0.99,0.248
1181,0.532,0.742,-0.859,0.685,-0.209
1182,1.211,1.765,-0.264,0.13,-0.01
1183,1.488,-1.398,-0.764,-0.096,0.596
1184,1.087,0.845,-0.109,0.838,1.244
1185,-0.059,-1.375,0.283,-0.117,1.711
1186,0.51,-1.021,-0.23,0.251,1.594
1187,1.196,0.3,0.226,0.153,0.213
1188,0.019,-2.354,1.394,-1.102,0.521
1189,0.659,0.396,0.017,0.022,0.64
1190,-1.334,0.752,0.592,-1.508,-0.231
1191,0.497,-0.887,-1.686,-0.614,0.446
1192,-0.055,-0.003,0.329,0.771,-0.04
1193,-0.199,0.172,-0.563,-0.244,0.967
1194,2.053,-1.309,0.023,0.323,0.338
1195,0.461,-1.37,-1.854,0.385,0.564
1196,0.513,1.041,-0.656,-0.093,-1.116
1197,-1.754,-0.156,-0.753,-0.573,1.304
1198,1.491,-1.814,-0.615,-0.146,-0.002
1199,-1.525,1.585,0.706,0.33,-0.487
1200,0.355,-1.187,-2.174,-0.341,-1.833
1201,-0.768,-0.818,0.514,-0.533,-1.267
1202,-1.09,-0.499,-0.917,-0.445,-0.383
1203,-0.515,0.932,-0.176,0.633,-0.221
1204,-0.765,-0.452,-0.947,1.48,-1.41
1205,-2.861,-0.423,0.233,-0.539,1.829
1206,-0.395,-0.013,-0.566,-0.503,-0.865
1207,0.794,-1.209,-0.369,0.052,0.75
1208,0.77,-0.255,-1.943,-0.314,-0.196
1209,1.305,-0.959,1.278,-0.704,0.113
1210,-1.138,-0.078,0.655,0.388,-1.841
1211,0.675,-0.495,-2.117,-0.576,2.991
1212,-1.188,0.167,-1.698,-1.185,0.186
1213,0.118,-1.343,0.161,-0.901,-0.832
1214,-0.149,0.119,1.461,1.098,0.206
1215,-0.736,-0.01,0.596,0.053,0.735
1216,0.807,-0.978,0.012,1.624,-0.234
1217,-1.106,1.176,1.006,-0.665,-0.044
1218,0.014,-0.544,-1.271,0.681,-0.375
1219,0.407,-0.774,0.624,-0.351,-0.001
1220,-0.732,-1.768,1.129,0.125,-0.397
1221,-0.071,-0.449,1.73,0.214,0.152
1222,0.924,-0.031,-0.375,0.949,0.436
1223,-0.364,-0.133,-1.599,1.297,0.658
1224,-0.571,-0.297,0.335,-1.387,-0.382
1225,-0.978,1.355,-1.296,1.35,0.81
1226,-0.252,0.396,0.612,0.199,-0.06
1227,0.108,-0.174,1.141,-0.078,-0.288
1228,-0.096,-1.36,1.813,0.082,-2.497
1229,-0.543,-0.905,1.486,1.047,-0.631
1230,0.348,0.082,-0.207,0.839,-1.327
1231,2.571,0.358,0.149,-1.455,-0.455
1232,1.084,-0.101,-0.072,1.561,2.044
1233,0.385,-1.015,-0.231,-0.648,-1.179
1234,0.69,0.604,0.247,-1.212,1.726
1235,1.441,0.816,-0.488,-0.672,1.309
1236,-0.565,-0.825,0.087,-2.68,-0.504
1237,0.488,0.063,0.048,-0.478,0.301
1238,0.375,-0.165,-0.145,-1.421,0.048
1239,0.305,-0.524,0.397,-1.262,-0.866
1240,1.661,0.533,-1.961,-1.281,1.762
1241,-0.112,2.51,0.346,-1.075,-0.282
1242,-0.462,-0.24,-0.663,0.251,0.019
1243,-0.027,0.214,1.93,-0.405,0.267
1244,2.091,0.625,-0.631,0.023,-0.142
1245,-0.868,-0.941,-0.792,-0.514,0.004
1246,-0.443,0.052,1.195,0.36,1.347
1247,-0.71,-0.355,0.425,-1.784,-0.37
1248,1.556,0.594,1.542,0.417,-2.322
1249,1.328,-0.071,-0.504,1.615,1.839
1250,0.73,2.759,-0.611,-0.545,-0.654
1251,-1.301,1.093,0.585,-0.898,1.301
1252,-0.541,0.154,0.854,1.006,-0.505
1253,0.796,-0.053,-1.234,0.101,1.655
1254,-0.015,0.845,0.823,1.13,0.457
1255,1.264,1.401,1.451,-1.268,-2.77
1256,-1.416,1.611,1.259,-0.412,-0.055
1257,1.168,-1.319,-1.829,0.071,-0.281
1258,0.076,-1.62,-1.917,0.77,-1.36
1259,-0.232,0.928,-0.794,-2.157,-1.143
1260,-0.46,-0.068,1.122,1.056,-1.72
1261,0.559,-0.311,-0.204,-0.783,0.112
1262,-0.231,0.163,-1.045,1.261,1.622
1263,-0.925,-2.099,1.38,1.569,1.819
1264,1.713,1.382,-0.645,0.565,-0.667
1265,0.711,0.538,1.389,-0.341,0.649
1266,-1.553,1.415,-0.759,0.361,1.257
1267,-1.143,-0.403,-0.333,0.989,-0.674
1268,0.816,0.235,1.413,-1.152,0.477
1269,1.819,-0.908,0.391,-1.056,-1.84
1270,-0.565,1.533,0.749,-1.041,-1.691
1271,-0.782,-0.967,-0.28,1.568,0.431
1272,0.394,0.647,-1.487,-0.12,-0.214
1273,-0.66,-1.154,1.311,-0.069,-1.249
1274,-1.441,-1.417,0.262,-0.246,-0.483
1275,0.056,-0.286,-0.811,0.224,1.985
1276,-0.557,1.65,-0.337,-1.063,-0.655
1277,1.086,0.964,0.369,0.473,0.452
1278,1.909,-0.144,0.131,1.135,-0.009
1279,-0.573,0.662,-0.286,-0.335,0.34
1280,1.45,-1.748,0.158,-1.744,0.078
1281,-0.527,0.916,0.959,-0.508,-2.26
1282,1.345,0.073,0.648,0.447,-1.468
1283,0.077,0.406,-0.697,-1.592,1.114
1284,-1.213,0.665,0.005,-1.416,-0.842
1285,0.463,-0.862,1.371,-0.078,-0.641
1286,0.174,1.242,0.469,-0.516,0.079
1287,1.339,-0.33,0.292,0.57,-1.094
1288,-1.228,0.847,-0.363,-1.366,-0.056
1289,-0.39,-1.799,0.531,-0.023,-0.23
1290,0.53,-0.84,-0.348,0.994,0.186
1291,2.231,-0.346,-0.016,-0.481,0.311
1292,0.717,0.039,-1.335,1.237,-0.99
1293,-0.303,-1.955,-0.929,-1.507,-1.643
1294,1.086,1.218,-0.926,-0.11,0.885
1295,-0.317,0.203,-0.441,0.885,-0.54
1296,1.282,-1.071,0.56,-0.204,0.788
1297,1.012,-0.181,-1.604,-0.696,0.468
1298,0.125,-1.33,0.451,-0.864,-0.19
1299,1.038,0.056,0.05,0.609,-0.063
1300,0.65,-0.34,-0.556,0.65,1.336
1301,0.316,-0.574,0.644,0.114,-0.371
1302,0.014,0.709,-0.896,-0.207,0.402
1303,0.299,-1.36,0.037,0.628,-1.03
1304,1.777,-1.715,-0.614,-0.278,-0.77
1305,1.7,-0.682,-0.048,-0.213,0.365
1306,-0.766,-0.743,-0.898,1.76,-0.725
1307,-0.289,-0.152,0.427,0.323,1.366
1308,-0.003,0.459,-1.459,0.181,0.889
1309,0.965,1.179,-0.476,-1.224,-0.543
1310,1.003,0.335,0.025,-2.165,-1.106
1311,-0.174,0.629,-2.189,0.847,-0.139
1312,0.755,0.95,1.707,-0.921,0.456
1313,-0.339,0.092,-0.367,-0.374,1.476
1314,0.618,-0.127,-1.463,-0.362,-0.75
1315,1.218,-0.146,0.593,-0.865,-0.863
1316,-1.104,-0.101,0.241,-0.04,1.325
1317,0.728,-1.213,0.884,-0.306,-0.623
1318,0.46,-1.586,-1.034,0.074,0.665
1319,-0.572,0.115,0.698,0.353,0.564
1320,-0.069,1.77,0.102,0.354,-0.845
1321,0.192,1.772,0.76,-0.732,-0.709
1322,0.609,-0.104,-1.605,-1.013,0.336
1323,0.592,0.11,-0.281,-1.468,-1.276
1324,0.434,-0.511,1.56,0.327,-1.561
1325,0.357,0.746,1.062,-0.202,0.3
1326,0.552,-0.79,-1.604,-0.086,1.242
1327,-0.306,2.153,-0.047,1.064,-0.808
1328,0.638,-0.428,0.932,-0.434,0.007
1329,-0.406,-0.276,0.884,2.117,-0.361
1330,1.369,0.237,1.054,-0.691,-0.068
1331,-1.748,-0.532,0.344,0.039,1.053
1332,-2.432,-0.731,0.939,-1.51,-0.259
1333,-0.177,1.188,0.375,-1.057,-0.321
1334,0.981,0.329,1.208,1.186,0.942
1335,-0.738,1.113,-0.956,0.515,0.635
1336,-0.845,0.642,-0.519,-1.711,1.377
1337,-0.728,0.838,-0.618,-0.442,-1.242
1338,-1.759,-0.1,-0.536,-0.955,-2.048
1339,-0.919,-1.008,0.57,1.534,-0.683
1340,-0.796,-0.845,-0.248,0.363,0.969
1341,1.478,0.755,0.577,-1.144,2.019
1342,-0.134,-0.603,0.77,0.328,-0.489
1343,0.102,0.494,0.175,-0.302,1.078
1344,1.842,1.406,0.659,0.314,-0.431
1345,-0.589,0.718,-1.115,1.025,0.686
1346,-1.039,-1.904,-0.142,-1.582,0.206
1347,0.599,0.755,1.648,0.597,0.456
1348,-1.747,-0.575,-0.325,0.556,0.884
1349,0.468,1.193,0.649,-0.286,-0.467
1350,-0.942,0.178,-1.048,-1.395,-1.218
1351,-0.392,0.713,-1.4,-0.346,1.036
1352,0.809,0.705,-0.384,-0.663,-0.004
1353,-0.728,0.592,-0.933,0.286,2.127
1354,1.556,-0.368,0.997,-1.369,0.174
1355,1.525,0.179,0.415,-0.729,-0.315
1356,-0.59,-1.304,-0.855,1.816,-1.102
1357,-0.483,-0.718,-0.582,0.15,-1.329
1358,0.207,-0.755,-1.54,1.29,2.439
1359,0.155,0.339,-0.566,-0.836,-2.644
1360,-1.938,0.493,0.442,-0.156,-0.671
1361,-1.546,-0.687,-0.985,0.284,-0.282
1362,-0.411,1.603,-0.327,-0.718,1.61
1363,0.408,0.266,1.205,1.175,-2.446
1364,-1.776,-0.617,0.141,-0.392,-0.658
1365,-0.118,0.681,-0.303,0.195,-0.686
1366,2.459,-0.003,1.025,-0.057,0.756
1367,2.04,0.998,-0.73,-0.463,0.282
1368,-1.065,0.403,1.18,0.661,1.505
1369,-0.765,-0.592,-0.569,-2.513,0.464
1370,0.282,1.527,-0.772,-0.138,0.009
1371,0.33,0.261,-1.417,1.421,-0.182
1372,-2.666,-0.922,0.572,1.372,-0.115
1373,1.389,1.591,0.135,-0.629,0.281
1374,1.3,-0.573,0.305,-0.329,1.112
1375,0.401,0.336,0.581,-1.418,-0.664
1376,0.993,-0.715,-1.638,-0.81,0.016
1377,-0.785,-0.421,-0.11,-0.053,-1.505
1378,-1.397,0.464,-1.498,0.621,-0.008
1379,0.034,-1.633,-0.448,0.777,0.094
1380,0.402,1.483,0.667,0.696,-0.104
1381,-0.129,0.715,-0.557,0.68,1.041
1382,-2.051,-0.784,-0.486,-0.787,-0.656
1383,-0.643,-0.806,0.654,0.588,0.205
1384,0.902,-0.683,-1.564,0.101,-0.55
1385,-1.431,-0.222,1.076,0.009,0.678
1386,0.026,-0.239,-0.962,0.455,-0.382
1387,-1.508,0.584,-1.008,1.31,0.675
1388,1.107,0.302,0.94,0.804,0.38
1389,-0.754,0.372,0.004,-0.426,-0.861
1390,1.339,1.009,0.049,0.179,2.159
1391,-1.186,-0.442,-0.953,-1.028,-1.827
1392,-0.516,-0.891,-0.878,-0.772,0.146
1393,1.478,-0.287,-0.841,-0.364,-2.54
1394,1.064,0.789,0.267,1.002,-1.275
1395,-0.462,0.992,0.282,-1.948,0.847
1396,-0.998,-0.1,1.633,0.635,-0.686
1397,-0.762,0.131,0.218,0.385,1.566
1398,-0.862,0.907,2.281,0.941,-0.777
1399,1.435,-0.511,1.205,0.616,0.536
1400,-2.958,0.725,1.045,0.928,1.447
1401,0.158,-0.755,2.043,0.355,0.533
1402,-0.932,0.7,-0.748,-1.763,-0.304
1403,0.777,-0.872,-1.89,0.037,0.377
1404,2.053,1.385,-1.471,1.385,-0.73
1405,0.37,3.297,-1.509,-0.298,-1.07
1406,-0.044,1.101,0.119,0.231,0.568
1407,1.6,-0.412,-0.011,-1.054,-0.4
1408,-2.334,0.409,-1.017,0.626,-0.441
1409,0.034,-0.674,-1.788,0.824,-0.185
1410,1.393,0.771,-1.267,-1.184,1.368
1411,-1.399,-1.644,1.243,0.575,0.11
1412,1.301,0.955,-1.041,0.808,-0.442
1413,1.009,1.165,0.019,0.535,0.537
1414,-0.481,-0.916,0.556,-0.116,0.156
1415,0.333,0.603,0.6,-1.534,1.559
1416,1.014,-0.351,0.825,0.747,-0.429
1417,-0.101,1.239,0.595,0.367,0.854
1418,0.176,0.579,-1.025,0.506,-0.442
1419,-0.191,-1.08,0.869,0.152,-0.291
1420,2.459,-1.434,0.819,1.226,0.902
1421,0.267,0.901,2.169,0.037,-0.514
1422,1.161,-0.42,1.637,0.206,-1.309
1423,-0.763,-0.312,-0.793,0.088,-0.925
1424,2.194,0.337,1.982,-0.179,1.113
1425,0.744,0.003,-0.242,0.482,0.803
1426,-0.883,0.586,1.634,0.385,-0.937
1427,0.406,-1.522,-0.157,0.384,-0.352
1428,0.557,-1.133,0.375,0.26,-0.258
1429,-2.148,1.604,0.548,-0.955,-1.024
1430,-0.21,-1.248,1.195,-1.188,-1.053
1431,-1.496,-1.149,0.756,-0.511,2.375
1432,-0.48,-1.187,-1.99,1.38,-0.783
1433,-0.583,-0.06,-2.218,0.667,0.467
1434,-1.06,-0.021,-0.893,1.487,0.326
1435,1.802,0.257,0.433,1.416,0.141
1436,1.624,2.206,0.08,-0.261,-0.405
1437,-0.746,0.694,-0.446,-0.501,0.387
1438,-1.353,0.839,-0.37,0.474,-0.172
1439,0.041,-1.151,-0.054,-1.559,-0.806
1440,1.094,1.729,0.03,2.007,2.16
1441,-1.061,-0.268,-0.717,-0.696,0.187
1442,-1.936,-1.759,1.324,-0.839,-2.384
1443,1.346,1.592,0.535,0.212,0.193
1444,0.19,0.025,0.668,-0.23,1.717
1445,0.206,-1.177,-1.091,-0.685,-0.233
1446,0.103,1.125,1.675,-0.397,-1.355
1447,-0.189,1.074,-0.706,-1.727,-1.455
1448,-0.771,-0.964,0.076,-1.409,-1.055
1449,0.193,0.652,-1.49,0.761,0.687
1450,-1.139,-1.32,0.287,0.015,0.906
1451,1.149,-1.983,0.119,-2.135,-0.506
1452,0.243,0.33,-0.042,2.539,0.396
1453,-0.411,-1.979,-1.127,2.391,-1.288
1454,-0.556,-2.752,-0.103,-0.244,-0.614
1455,-0.711,0.313,-2.306,-1.748,-0.638
1456,0.313,1.902,0.432,-0.678,-0.349
1457,-0.028,-0.763,0.435,-0.344,0.078
1458,-1.144,0.463,-0.196,-0.198,0.398
1459,1.04,0.442,0.553,-0.469,-0.011
1460,-1.79,1.661,1.214,0.513,1.26
1461,-0.528,1.417,-0.229,-0.211,-0.23
1462,-0.864,-1.687,-0.837,1.715,0.67
1463,0.144,1.787,-0.508,-0.225,-0.246
1464,0.023,-0.623,-0.724,-2.69,1.708
1465,0.81,0.525,0.102,-0.994,0.457
1466,-0.724,1.226,-1.517,-0.992,1.832
1467,1.748,-0.955,-0.296,2.897,-0.338
1468,-1.425,-0.274,-0.367,0.32,-0.287
1469,0.746,-1.034,0.762,-0.946,0.454
1470,-3.0,0.146,0.54,0.017,1.523
1471,0.36,0.59,-1.018,0.966,2.132
1472,-0.47,0.192,-2.465,-0.041,-1.13
1473,0.922,0.955,1.044,-0.107,-0.064
1474,-0.345,-1.518,1.025,-0.225,1.56
1475,-1.131,-1.487,0.72,0.027,-0.454
1476,1.164,0.258,0.231,-0.238,-1.138
1477,0.963,-1.849,0.208,0.216,-0.823
1478,-1.007,-0.221,0.621,-0.334,-0.341
1479,1.403,0.734,0.702,1.368,-1.189
1480,1.257,-0.657,-0.018,-1.115,2.368
1481,-0.932,0.621,1.255,1.538,0.271
1482,-0.823,-0.779,0.521,1.476,1.848
1483,-0.376,-1.157,0.564,-1.557,-0.036
1484,0.24,-0.033,1.022,1.992,-1.601
1485,-0.156,-0.146,0.285,0.628,0.739
1486,0.517,1.233,0.99,-1.224,-0.744
1487,1.342,-1.003,0.881,0.904,0.087
1488,0.487,2.33,-0.911,1.942,1.436
1489,0.812,1.899,-0.215,0.272,-1.174
1490,0.491,0.375,1.352,0.442,0.377
1491,2.678,1.369,1.648,1.364,-1.178
1492,0.128,0.902,0.783,0.506,2.203
1493,1.978,-0.075,-0.633,-0.15,0.582
1494,0.927,-0.337,0.31,1.032,0.237
1495,-0.513,-2.391,-1.378,0.14,1.213
1496,1.175,0.189,0.47,1.815,0.581
1497,0.582,1.133,-1.136,-1.96,-0.723
1498,0.926,-0.962,-0.668,-0.943,1.81
1499,1.591,-0.082,2.824,0.321,0.016
1500,0.793,-0.504,0.889,0.308,0.97
1501,0.565,0.162,-0.682,1.588,-0.387
1502,-0.888,2.033,-1.142,1.85,-0.081
1503,0.118,0.21,1.351,-0.332,-0.083
1504,0.221,-1.897,0.569,0.857,-0.998
1505,0.749,0.227,1.345,0.214,1.117
1506,-0.536,0.02,0.541,0.937,-0.042
1507,0.179,-1.714,1.509,-0.758,-0.69
1508,-0.764,0.92,0.642,0.501,-0.276
1509,-1.149,-0.624,1.019,-1.256,-0.565
1510,-0.514,-0.26,-0.141,-0.875,-0.86
1511,-0.2,0.233,1.118,-0.967,-1.443
1512,1.186,1.635,0.579,-0.454,0.134
1513,0.593,2.286,0.308,-0.249,0.524
1514,0.134,0.104,-0.17,-0.745,-0.745
1515,-0.07,-1.443,-1.568,-0.745,0.288
1516,-1.264,0.835,1.531,0.935,-0.441
1517,0.157,-0.528,-0.441,-1.402,0.962
1518,-1.172,1.091,-0.411,-0.058,0.168
1519,0.041,0.777,1.851,1.348,-0.104
1520,0.222,0.947,1.376,1.101,0.971
1521,-1.112,1.135,-0.818,-0.914,-0.111
1522,0.568,-0.401,-0.649,-0.397,1.291
1523,-0.229,0.494,-0.081,1.053,-0.246
1524,-0.585,-0.611,0.865,0.673,-0.262
1525,-0.086,-0.997,0.679,-0.282,-1.733
1526,1.683,-0.176,-2.104,-1.442,1.664
1527,0.146,1.16,1.0,0.467,1.112
1528,-0.319,-1.265,0.657,-1.571,1.3
1529,1.961,-0.981,0.512,-0.687,-0.063
1530,1.654,0.825,0.781,0.655,0.242
1531,1.091,-0.037,0.296,1.49,-1.717
1532,-0.044,0.211,-1.179,-1.514,-0.59
1533,-0.556,-0.472,0.588,0.036,-0.587
1534,-0.133,1.881,-0.72,-0.264,0.793
1535,0.943,1.227,-0.71,0.239,-1.865
1536,1.251,-0.716,0.912,-0.358,0.852
1537,-1.1,-0.018,-0.323,-1.26,0.64
1538,-1.42,-0.855,0.105,-1.676,1.879
1539,0.678,-0.14,-0.892,0.015,-0.353
1540,-1.67,-0.122,0.777,-0.394,-0.059
1541,1.013,-0.829,-1.021,-1.13,-1.968
1542,-0.954,-0.747,1.392,-0.915,-1.989
1543,-1.59,1.17,0.426,1.568,-1.088
1544,-0.416,-0.249,1.017,0.117,0.492
1545,0.521,-1.815,-0.148,-0.926,0.862
1546,0.904,1.095,-0.773,-0.086,-0.025
1547,-1.537,0.323,-0.955,-0.254,0.715
1548,-2.278,1.015,-0.154,-0.167,-0.48
1549,-0.148,0.787,0.643,-0.414,-0.977
1550,-1.461,0.41,-0.819,-1.009,0.243
1551,1.406,-0.105,0.605,-0.116,-0.434
1552,1.005,-2.342,-0.547,0.59,-0.209
1553,0.111,0.765,0.323,0.232,0.343
1554,1.564,-0.858,0.947,-1.526,0.458
1555,-0.193,1.686,-0.82,-0.328,1.222
1556,0.063,-1.418,-0.532,0.043,-0.779
1557,-1.317,-1.741,-0.165,1.083,-0.968
1558,0.942,0.267,-0.628,0.16,-0.031
1559,0.165,-2.792,-0.592,-1.006,-0.14
1560,0.377,1.171,0.695,-1.494,1.171
1561,-1.355,-0.068,-0.872,-0.932,-0.92
1562,2.257,0.513,0.09,0.234,0.306
1563,1.523,0.251,0.894,-0.526,-1.4
1564,0.743,0.2,-1.247,-0.384,-0.177
1565,1.672,-1.423,-0.865,0.925,1.815
1566,-0.212,-0.018,-1.062,1.35,0.374
1567,-1.96,0.346,-0.453,-0.958,-0.272
1568,-1.745,0.107,-1.354,-0.169,-0.772
1569,0.865,0.879,0.823,-0.079,-0.441
1570,1.952,-0.034,0.789,1.526,-0.193
1571,-0.136,-0.075,-0.581,-0.66,-0.976
1572,0.713,0.95,-0.776,0.325,-1.614
1573,0.048,-0.081,-0.796,1.054,0.197
1574,-1.08,0.136,0.242,-1.526,0.723
1575,0.966,-0.21,-0.283,0.087,0.545
1576,0.182,-0.862,-0.611,-2.107,-1.098
1577,1.28,-0.303,-1.825,-0.015,1.916
1578,1.453,-1.076,-0.23,-1.033,-0.731
1579,0.826,0.957,0.334,0.261,-0.149
1580,0.22,0.897,0.523,0.558,-0.903
1581,-0.515,-0.259,-0.98,0.242,-0.024
1582,1.315,0.235,1.071,-0.158,-1.411
1583,1.068,0.041,-1.43,1.143,-0.778
1584,0.5,-1.368,0.781,-1.32,1.797
1585,-0.701,-0.615,-0.653,-0.002,0.377
1586,-0.452,0.253,-0.351,2.24,-0.208
1587,0.405,-0.28,-2.304,1.54,0.933
1588,0.758,1.547,0.641,1.378,0.282
1589,-0.895,-1.65,2.596,-0.444,-1.419
1590,0.876,-2.162,0.269,0.197,0.862
1591,-2.237,0.593,0.095,0.273,-0.138
1592,-0.475,-0.013,0.372,-1.013,-0.462
1593,0.284,0.109,0.144,-1.312,-1.314
1594,-0.944,-0.456,-1.09,1.049,0.497
1595,0.743,-0.349,-0.073,0.142,1.042
1596,0.292,-1.124,0.544,0.822,-1.965
1597,-1.381,0.2,-0.033,-1.506,0.45
1598,-0.733,-0.168,-1.149,0.89,-1.635
1599,1.358,-0.343,0.892,-0.342,-2.37
1600,0.648,-0.894,-0.276,0.211,-0.519
1601,0.491,-1.756,2.645,-0.759,-0.459
1602,0.414,-0.227,-1.501,0.781,-1.764
1603,0.156,2.054,0.079,1.465,0.173
1604,0.172,0.527,-0.231,1.436,-1.091
1605,0.242,0.18,-1.434,-0.456,0.722
1606,-0.724,1.489,-0.462,0.375,-0.356
1607,-1.87,0.315,-0.585,-2.297,0.343
1608,1.356,-0.934,-0.901,-1.811,0.088
1609,-0.104,-0.365,1.761,2.605,-0.598
1610,0.27,0.192,0.852,0.678,-1.108
1611,-1.159,0.46,0.361,-0.299,1.372
1612,0.616,-0.167,-0.579,-0.373,1.01
1613,-0.023,-1.225,-1.493,0.33,-0.352
1614,-0.699,1.788,2.123,0.214,0.133
1615,-0.211,-2.626,-0.275,-0.206,1.801
1616,0.114,0.042,1.266,1.338,-0.093
1617,0.559,0.796,-0.13,0.952,0.157
1618,1.613,0.617,0.288,0.603,1.215
1619,-0.204,-0.159,-1.04,1.045,0.001
1620,-0.219,-0.812,-0.088,-0.58,-0.136
1621,1.716,0.531,0.716,-2.096,-1.345
1622,-0.193,0.065,1.474,-2.256,2.583
1623,1.349,-0.535,0.628,0.805,-1.153
1624,-0.443,-1.341,0.389,-0.624,0.542
1625,-0.636,-0.638,-0.386,-0.64,-0.243
1626,-0.604,1.359,-1.451,-0.404,0.714
1627,1.385,-1.597,0.184,-0.15,0.741
1628,-2.001,0.512,-1.582,-0.15,0.403
1629,-0.879,0.793,-0.707,0.672,0.623
1630,-0.01,1.002,1.246,1.065,0.777
1631,0.98,-2.54,-1.399,0.657,0.956
1632,-1.057,0.012,0.942,0.669,0.287
1633,-0.191,0.546,-0.719,-1.767,1.619
1634,-0.4,-0.709,0.019,-0.556,-0.204
1635,0.718,-0.589,0.152,-0.278,0.292
1636,0.192,0.063,0.138,-0.644,-0.788
1637,1.458,1.056,0.666,-2.065,0.788
1638,-1.471,-1.189,-1.158,1.119,0.471
1639,1.119,1.552,0.726,-1.459,-1.127
1640,-0.56,1.087,2.059,-0.333,-0.233
1641,-0.212,0.715,-1.037,1.663,1.308
1642,0.197,-0.852,-0.796,1.146,0.381
1643,0.652,-0.192,0.247,0.777,-0.731
1644,0.055,0.317,-0.755,-1.308,0.802
1645,0.141,-1.106,1.203,1.522,0.729
1646,-0.792,1.893,0.628,1.88,-0.059
1647,0.639,0.327,0.253,-1.134,-0.259
1648,-0.333,-0.969,0.661,1.103,-1.42
1649,-0.256,2.307,0.873,0.881,0.344
1650,0.278,0.045,-0.671,0.978,0.653
1651,0.826,1.095,-1.287,-0.356,0.367
1652,1.09,0.152,0.73,0.557,-0.613
1653,-2.296,0.882,-0.511,-1.468,-0.107
1654,-1.022,-0.463,0.169,-0.133,0.583
1655,1.054,-0.083,0.192,1.259,-0.265
1656,0.2,-0.61,-0.961,0.643,-0.609
1657,-0.046,-0.037,-0.068,0.419,1.294
1658,-0.008,-0.067,1.353,-0.725,-0.423
1659,-0.755,0.457,2.485,0.201,1.059
1660,1.158,-0.415,0.84,-0.603,0.793
1661,-0.066,-1.769,-1.017,1.937,-0.436
1662,0.852,-2.078,0.622,-0.724,0.874
1663,1.172,-1.727,0.553,0.911,-0.985
1664,-0.241,0.707,1.549,-1.099,0.097
1665,-1.195,1.55,0.741,0.828,0.802
1666,0.926,-0.566,0.61,-0.819,-0.015
1667,-0.31,-0.56,1.108,0.492,-0.133
1668,-0.257,-0.756,-0.072,-0.449,-0.303
1669,-1.107,-0.238,-0.045,-0.779,-0.011
1670,0.624,-0.016,1.302,-0.509,-0.132
1671,-0.898,0.054,1.018,0.594,-1.768
1672,-2.308,0.175,0.02,-0.521,-0.602
1673,0.038,0.775,0.911,0.093,-0.351
1674,-0.868,-0.306,0.148,-0.04,0.603
1675,0.119,-0.49,-0.238,0.674,1.345
1676,1.128,0.51,-1.278,-0.807,-1.354
1677,0.907,-0.559,0.217,0.097,-1.477
1678,-0.456,1.526,0.699,0.302,-1.495
1679,1.24,0.658,0.245,0.728,0.506
1680,1.25,-0.429,1.379,-0.026,1.095
1681,2.428,-0.808,-0.532,-0.242,1.211
1682,-1.226,0.75,1.015,-1.742,-0.102
1683,-0.296,-1.56,-1.395,-0.634,1.109
1684,-0.619,1.729,0.788,-1.012,0.344
1685,-0.192,-0.357,-1.664,-0.377,1.19
1686,0.976,1.777,0.408,0.137,1.215
1687,-0.991,0.301,1.049,0.246,0.135
1688,2.095,0.35,0.074,0.191,-0.933
1689,0.044,-0.068,-0.516,0.418,-0.086
1690,0.735,-1.586,-0.592,0.926,-0.486
1691,-0.103,1.643,2.122,-1.339,0.632
1692,0.131,-0.238,2.042,-0.435,1.149
1693,0.035,-0.776,0.238,-0.337,2.064
1694,1.999,1.111,-0.073,-2.131,-0.59
1695,0.063,-0.198,0.913,-0.842,0.769
1696,0.538,-0.075,-0.413,0.611,1.039
1697,1.698,-0.215,-0.607,0.016,-0.668
1698,-1.867,-1.172,0.083,2.408,-0.409
1699,-1.51,-1.161,-1.31,-0.635,-0.25
1700,1.494,-1.179,0.46,-0.01,-1.609
1701,0.039,0.742,-0.897,-0.908,-0.213
1702,0.582,-0.231,-0.449,0.429,2.4
1703,-0.496,-0.69,0.388,-0.134,0.136
1704,0.115,0.245,-0.342,-0.282,2.302
1705,-0.094,0.783,-0.386,-0.654,1.117
1706,-0.111,-0.959,0.397,-0.221,0.072
1707,0.104,1.445,-1.204,-0.883,0.035
1708,-0.102,0.056,1.728,-1.408,-0.514
1709,1.503,-1.071,0.147,-0.133,1.866
1710,-0.006,-0.718,-1.144,-1.472,1.57
1711,2.129,-0.661,1.483,-0.787,-0.128
1712,-0.187,1.506,-0.421,-0.95,-1.399
1713,-0.517,-0.485,-1.421,1.642,-1.618
1714,1.184,-0.66,-1.18,-0.135,-1.201
1715,-0.496,-1.803,0.157,-0.413,1.054
1716,0.278,-0.138,0.254,1.454,-0.828
1717,0.395,0.91,0.227,-0.547,-0.651
1718,-0.197,-0.187,-0.089,-0.7,-0.236
1719,-0.976,-1.318,1.002,0.136,-1.211
1720,-0.19,-0.181,0.34,-0.52,-0.232
1721,0.435,-0.171,-0.173,0.601,-1.901
1722,-0.156,-0.504,-0.395,-0.777,0.039
1723,-0.777,1.157,0.244,1.768,-0.157
1724,-0.426,-1.69,0.564,0.862,-0.883
1725,-0.469,-0.372,0.651,0.391,-1.639
1726,0.709,0.89,-0.15,-1.78,0.496
1727,0.273,0.79,-0.54,0.682,-0.581
1728,0.211,-0.202,0.311,-0.812,-0.275
1729,0.02,0.743,0.927,-0.995,-0.207
1730,-0.037,-1.878,2.263,2.08,-0.426
1731,-0.314,-1.194,-0.427,-0.613,-0.454
1732,0.317,-0.201,1.73,-0.541,1.265
1733,1.891,0.131,0.303,-0.628,0.592
1734,0.052,-0.649,1.49,0.044,-0.646
1735,1.685,1.215,1.266,1.048,1.492
1736,-2.276,0.718,0.456,-0.111,0.502
1737,-0.596,1.743,-0.028,1.075,-1.547
1738,0.338,-0.816,0.642,-0.513,0.026
1739,2.152,-1.11,-0.881,-0.161,-0.735
1740,-1.496,0.197,-1.216,0.458,-1.45
1741,-1.882,1.683,-0.307,1.71,-0.489
1742,-2.34,-1.517,-1.058,0.838,-1.023
1743,-0.224,0.554,0.487,-1.606,0.044
1744,-0.98,-0.712,2.892,-0.28,1.488
1745,0.413,1.276,0.318,-0.58,-0.451
1746,0.239,-0.541,-0.977,1.702,-1.139
1747,0.963,0.456,0.121,0.397,-0.038
1748,0.012,0.767,1.294,-0.266,1.205
1749,-0.813,0.538,-0.358,-1.174,-0.971
1750,1.382,1.986,1.539,1.291,-0.459
1751,0.265,0.603,-1.297,-0.091,-0.177
1752,-0.95,0.155,0.213,-0.428,0.503
1753,-1.083,1.683,-0.38,2.034,-1.14
1754,-0.025,0.455,-0.943,-0.559,-0.681
1755,1.011,1.217,0.384,-1.334,-0.753
1756,-0.084,0.724,0.846,-2.217,0.999
1757,1.796,-1.188,0.218,-0.238,1.552
1758,0.454,1.104,-0.059,-1.71,-1.688
1759,-0.541,2.478,-0.949,-0.679,-0.633
1760,0.643,0.409,-0.91,0.17,2.019
1761,-1.48,-0.243,-1.447,0.124,-0.554
1762,-0.969,1.808,0.933,-0.119,0.074
1763,0.225,-0.392,0.753,0.856,-0.049
1764,-0.806,1.179,1.202,-2.152,-0.223
1765,0.184,-0.129,0.401,0.552,-0.652
1766,-0.315,0.303,1.854,-0.753,0.262
1767,1.282,-0.775,0.102,-0.232,0.735
1768,1.083,0.386,-0.365,-0.678,0.509
1769,-0.172,1.524,-0.038,-0.817,-0.62
1770,1.074,-1.398,0.786,0.458,0.366
1771,0.116,0.232,0.307,1.165,-0.423
1772,1.05,-0.511,-0.232,-0.434,0.795
1773,1.077,0.352,1.33,-0.854,0.99
1774,0.29,-1.394,-0.144,-2.547,0.724
1775,-0.623,-0.382,0.504,-0.759,-1.253
1776,0.382,-1.682,-1.203,-0.662,-2.181
1777,-0.519,0.409,-0.107,0.874,1.224
1778,0.631,0.885,-2.508,-1.075,0.241
1779,0.423,-1.211,-1.633,0.018,0.181
1780,1.875,0.993,1.232,0.24,-0.671
1781,-0.577,1.893,-0.753,0.427,-0.058
1782,-0.418,-1.985,-0.397,-0.366,1.071
1783,-0.83,-0.049,0.705,-1.101,0.272
1784,0.07,0.492,-0.663,0.372,1.803
1785,1.112,1.937,-0.004,-0.809,0.206
1786,-0.363,0.271,-0.596,-0.138,1.0
1787,0.673,1.021,-0.432,0.28,0.304
1788,-1.303,-2.148,0.584,-0.95,-0.533
1789,0.111,0.648,0.587,0.592,-2.306
1790,0.773,0.207,1.276,0.984,0.012
1791,2.164,0.34,1.49,0.641,2.14
1792,0.101,-1.451,0.067,1.637,1.203
1793,-0.517,-0.874,0.635,0.372,-0.223
1794,-1.123,-2.163,1.157,0.25,0.603
1795,1.299,-2.588,0.998,0.034,0.511
1796,0.231,-0.086,-0.01,-0.335,-0.673
1797,-1.405,-0.919,-0.132,-0.816,2.504
1798,-0.345,1.092,-1.497,0.218,-2.141
1799,0.712,0.687,-1.225,-0.079,1.884
1800,0.918,0.509,-0.496,0.5,-0.185
1801,-0.386,-0.352,-0.411,0.029,0.983
1802,-0.506,-0.112,-0.133,0.375,-0.586
1803,-0.48,1.074,-0.341,1.052,0.602
1804,-1.302,1.291,0.843,1.135,-1.318
1805,-0.834,-0.315,2.63,-0.666,0.124
1806,-0.975,0.341,-0.063,-0.075,1.055
1807,-0.053,0.117,0.273,-0.413,-0.965
1808,0.487,0.227,1.357,-0.652,1.568
1809,0.322,0.663,-0.62,1.413,0.369
1810,1.484,-0.292,0.228,0.497,-0.239
1811,0.91,-0.226,1.104,1.178,0.292
1812,0.835,-0.055,-1.165,-0.728,-0.568
1813,-0.492,-0.868,0.478,0.564,-0.227
1814,0.107,1.303,2.923,-0.338,-1.91
1815,0.001,-1.451,-1.582,-2.063,1.429
1816,-3.509,-1.622,-0.685,0.414,0.747
1817,-0.25,1.058,0.614,-0.051,0.131
1818,-0.203,-0.116,-1.206,0.712,-1.358
1819,0.808,-0.081,-1.205,0.269,-0.082
1820,-1.858,0.325,-0.548,-1.505,-0.491
1821,1.372,1.059,1.769,-1.527,0.129
1822,-0.541,-1.97,1.565,-1.537,-0.204
1823,1.973,0.209,-1.281,-0.527,-0.586
1824,-0.327,1.234,0.152,1.377,0.234
1825,0.603,-0.635,0.661,-0.388,1.525
1826,0.899,0.838,0.138,0.495,0.519
1827,0.18,0.363,0.204,-0.69,-0.475
1828,0.77,1.676,-0.441,0.435,-0.261
1829,0.849,1.82,-0.678,0.983,1.333
1830,1.025,-1.952,-0.285,-0.761,-0.604
1831,-0.69,0.04,-0.271,0.028,0.816
1832,0.438,-0.281,0.672,-1.478,-0.704
1833,0.359,-0.62,1.099,-0.577,0.889
1834,-2.122,-0.726,-1.386,-1.249,-1.611
1835,-1.162,-1.311,-1.091,-0.336,-0.384
1836,-0.464,-0.124,-1.677,0.35,2.808
1837,0.429,-1.299,0.393,-0.741,0.003
1838,-1.872,-0.455,-0.601,-0.758,0.727
1839,0.091,0.594,1.014,-0.302,-0.1
1840,-1.231,1.847,1.297,0.283,0.831
1841,0.104,-0.974,1.073,-0.453,-1.603
1842,-1.142,1.724,-2.155,-1.771,0.421
1843,0.047,-1.845,-0.876,-0.134,-1.722
1844,-0.543,-2.623,-0.614,-1.845,-0.158
1845,2.381,-0.487,-1.205,-0.316,-0.17
1846,-1.663,0.379,-1.072,0.679,-0.33
1847,1.195,0.465,0.26,-0.139,0.593
1848,1.241,0.259,3.895,-0.987,1.047
1849,0.076,0.62,-0.943,0.296,-0.916
1850,0.958,0.22,0.287,-0.094,-0.204
1851,0.66,-2.099,0.085,0.165,0.486
1852,-2.331,-1.223,0.107,-1.042,2.171
1853,0.095,0.201,0.108,-2.441,1.62
1854,1.283,2.049,1.166,-2.925,-1.678
1855,-0.613,-0.122,0.101,1.869,0.095
1856,0.189,-0.01,-0.802,-0.905,0.446
1857,-0.834,-0.918,0.382,-0.834,0.631
1858,-0.064,0.283,-0.154,0.151,1.618
1859,1.002,-1.071,-0.434,-0.996,0.308
1860,1.201,-0.652,0.366,0.757,1.472
1861,-0.24,1.118,-1.988,-0.362,-0.437
1862,0.93,0.018,1.17,-0.327,-0.451
1863,0.204,-1.685,1.34,-0.105,0.657
1864,-0.129,0.729,-0.388,1.495,-1.746
1865,-0.106,0.229,0.596,0.141,-0.067
1866,1.306,-0.402,0.719,-1.351,0.309
1867,-0.77,0.038,-0.739,-1.574,-0.171
1868,-1.572,0.362,0.867,-0.529,1.268
1869,-0.441,0.249,0.455,1.732,1.305
1870,-0.105,-0.352,2.244,-1.091,0.398
1871,-1.713,1.037,1.472,2.411,0.07
1872,-0.7,-0.084,-0.155,-0.161,-0.75
1873,1.742,0.002,0.161,-0.248,1.105
1874,0.055,-0.494,1.462,0.728,0.192
1875,-1.352,0.704,0.849,2.596,0.188
1876,0.579,-0.167,0.74,0.195,2.417
1877,0.345,-1.048,-0.331,-0.595,-0.776
1878,0.72,-0.201,-1.313,0.59,-1.186
1879,0.043,0.902,-0.384,0.181,-0.276
1880,-0.079,0.42,-0.83,0.515,1.282
1881,1.254,-0.215,0.711,-0.938,-2.829
1882,0.462,1.089,0.898,0.496,0.164
1883,-0.221,0.088,0.102,-0.59,0.608
1884,0.905,-1.079,0.618,1.929,0.576
1885,0.098,-1.71,1.297,0.653,2.253
1886,-0.749,-0.783,-0.8,-0.975,-0.518
1887,0.596,1.121,-0.03,-0.033,0.191
1888,-0.122,0.004,0.364,0.238,-0.291
1889,-0.516,0.662,0.44,-1.771,-0.167
1890,-0.023,1.072,0.88,-1.117,-0.103
1891,-0.611,-0.194,-0.511,0.988,1.807
1892,2.688,-1.043,-1.033,0.702,0.235
1893,-0.876,1.77,-1.021,1.078,0.497
1894,-1.225,-0.759,-1.124,-1.04,0.27
1895,0.883,-0.623,0.916,-0.528,0.848
1896,-0.259,1.167,0.607,0.19,0.318
1897,1.516,0.526,0.48,-0.863,1.391
1898,0.005,0.684,-1.19,1.134,0.94
1899,-0.561,-0.015,-1.419,1.044,-0.349
1900,-0.346,-1.349,0.131,0.431,0.565
1901,0.124,-0.559,0.329,-0.292,-0.418
1902,2.348,1.164,0.387,-0.191,-0.725
1903,-0.225,0.225,-0.692,0.631,0.488
1904,3.762,0.16,0.741,0.631,0.052
1905,-0.622,-0.632,-0.168,-1.145,-0.385
1906,-1.101,0.072,-0.46,0.522,0.271
1907,0.273,1.283,-1.567,0.164,-0.986
1908,-1.321,-1.535,0.231,-0.94,-0.316
1909,-1.026,-0.29,0.25,-0.943,-0.619
1910,1.498,-1.194,-0.933,-1.863,0.471
1911,0.558,-0.456,1.454,-0.368,0.96
1912,1.039,-0.904,0.508,0.195,-0.29
1913,0.118,-0.91,-0.685,-1.86,-0.675
1914,0.02,-1.483,1.529,-1.095,-0.768
1915,-0.556,0.663,-0.019,-0.261,0.277
1916,1.271,-0.942,-1.339,0.666,-0.939
1917,0.175,-0.354,0.553,-0.899,-0.576
1918,0.874,1.727,0.02,1.546,-0.692
1919,1.578,0.737,1.303,-0.596,-2.524
1920,-1.355,-0.738,-1.594,-1.172,0.531
1921,0.816,-0.426,-0.006,-1.04,-0.092
1922,-0.527,0.035,0.093,0.242,0.338
1923,-0.597,0.27,-2.126,-0.403,0.583
1924,-0.74,-2.253,-1.272,-2.047,0.561
1925,0.219,0.935,-0.521,0.788,1.013
1926,0.678,1.597,-1.538,-0.265,0.197
1927,-1.329,0.479,0.644,1.244,-0.499
1928,-1.835,-0.363,-0.205,-0.687,2.275
1929,-0.092,0.843,-1.458,-0.051,0.152
1930,2.071,1.48,-1.137,0.093,0.732
1931,1.084,-0.022,0.052,-1.662,-0.664
1932,-0.162,-0.438,0.224,-0.9,0.679
1933,1.134,1.174,-0.368,-0.338,-0.133
1934,0.929,2.698,0.345,-1.286,-1.08
1935,1.498,0.523,0.698,-0.436,-0.788
1936,-0.271,-0.165,-2.315,0.053,-0.163
1937,-0.774,-1.435,-0.378,0.569,0.311
1938,0.444,-1.705,0.167,1.119,0.108
1939,0.886,0.055,0.15,0.487,0.423
1940,0.227,-0.92,-1.208,-0.074,0.181
1941,-0.766,1.143,-1.785,1.225,0.076
1942,-0.358,1.748,0.104,-3.216,-0.688
1943,0.195,-1.889,-1.811,0.933,1.525
1944,-0.11,-0.761,-0.017,-1.462,1.012
1945,1.071,0.531,0.056,0.587,0.166
1946,1.401,0.733,-0.302,-0.134,-0.092
1947,-0.106,-0.6,0.272,0.775,-1.494
1948,1.214,-0.533,-0.115,-0.614,1.995
1949,0.124,-0.095,-0.776,-0.08,0.046
1950,1.478,1.231,1.473,-0.29,2.745
1951,1.35,0.727,3.114,0.646,0.834
1952,-0.63,-0.992,1.444,-0.968,0.42
1953,0.618,1.077,1.298,-0.055,-0.441
1954,-1.041,-1.001,-1.005,1.42,-2.65
1955,-0.177,0.834,0.907,-1.109,-0.505
1956,-2.053,-0.331,-0.85,-0.662,-0.988
1957,-0.78,-0.02,-0.506,-0.036,-0.87
1958,-0.467,0.319,-1.345,-1.232,-0.434
1959,-0.149,-0.482,-0.101,-1.807,-1.064
1960,0.422,1.194,-0.421,0.238,-0.921
1961,-0.116,0.761,-0.798,-0.03,1.829
1962,-0.239,0.001,-0.79,-0.536,-0.286
1963,0.19,-0.719,-0.947,-0.827,-0.151
1964,0.127,0.45,0.824,2.189,-0.133
1965,-0.517,0.386,-0.034,0.013,0.515
1966,1.779,1.517,-0.377,1.027,1.353
1967,0.181,-0.614,1.581,-1.524,2.567
1968,0.862,0.807,-0.471,-0.21,0.048
1969,-0.264,-0.234,1.17,-0.658,-0.304
1970,0.648,0.833,0.915,1.598,0.379
1971,-0.906,1.89,-1.77,-0.597,0.903
1972,0.013,-0.711,0.685,-0.485,-0.699
1973,0.703,-0.996,0.012,0.552,-0.597
1974,0.396,0.398,0.131,-0.284,1.025
1975,-0.712,-1.816,-0.469,-0.76,0.524
1976,-0.102,-0.107,0.059,1.678,0.342
1977,0.187,0.625,0.743,-0.009,0.476
1978,-0.143,-1.195,-0.36,-2.346,-0.486
1979,0.006,-1.935,-2.166,-0.016,0.302
1980,0.602,0.141,-0.015,-0.746,0.129
1981,-1.601,0.903,-1.064,-1.72,0.455
1982,-0.172,1.13,0.664,-0.936,0.313
1983,0.653,1.784,-0.68,-1.173,-0.319
1984,-2.159,1.547,-0.037,1.255,0.551
1985,0.703,0.278,0.496,-0.025,0.517
1986,1.121,-2.986,0.418,-0.716,0.951
1987,0.662,0.189,0.965,0.885,0.813
1988,0.249,1.141,0.559,-0.332,0.224
1989,-0.664,0.281,0.487,1.704,1.134
1990,-0.413,-1.284,-0.789,1.376,0.269
1991,-0.349,-0.552,0.926,-1.355,0.719
1992,0.869,1.52,2.128,-1.424,-0.834
1993,0.245,-0.617,-0.815,1.809,0.26
1994,0.292,-0.021,-1.333,-0.042,1.012
1995,-2.783,0.59,1.459,1.249,0.968
1996,-0.301,-1.831,0.559,-0.149,-0.641
1997,0.416,-0.982,1.091,1.511,-2.036
1998,-0.986,0.454,-1.114,0.037,0.036
1999,-0.148,0.309,-0.441,-0.455,-1.849
2000,0.381,1.026,-0.368,0.339,0.453
2001,-0.364,-1.15,-0.879,-0.032,1.311
2002,1.219,0.254,-0.635,1.727,0.105
2003,-0.465,1.286,-0.395,-1.028,-0.586
2004,0.96,0.79,-0.377,0.196,0.925
2005,0.283,-1.099,0.073,0.027,0.246
2006,-0.287,-0.775,-1.083,-1.641,-0.107
2007,-0.213,-0.927,0.101,0.588,0.649
2008,-0.128,-0.672,0.334,-0.822,-0.601
2009,-0.908,-1.194,-0.679,0.585,0.308
2010,2.36,0.835,0.536,0.395,-0.151
2011,-0.485,-1.105,0.521,-0.165,2.458
2012,-0.603,0.568,-0.069,-0.065,-0.91
2013,-0.629,-1.067,-3.564,1.255,0.075
2014,0.145,0.098,0.339,1.602,0.542
2015,0.849,-1.992,0.086,0.044,-0.401
2016,-0.4,-0.21,0.219,0.451,-1.921
2017,-0.686,0.639,0.949,0.351,0.518
2018,-0.648,1.031,1.3,1.54,-0.327
2019,1.394,-0.751,1.927,-0.264,1.257
2020,-1.823,-0.563,-2.013,-0.122,0.309
2021,0.038,-1.043,-0.861,2.538,0.417
2022,0.087,-0.829,-0.618,0.245,1.096
2023,1.363,0.851,0.117,-0.772,-1.107
2024,0.113,0.38,0.639,0.629,-0.762
2025,-0.961,-0.501,1.077,-0.431,0.313
2026,0.439,1.82,-0.639,1.94,0.285
2027,0.48,-1.129,0.634,-4.103,0.903
2028,0.435,-1.033,-0.477,-0.515,0.287
2029,-0.315,-0.073,-1.217,-0.858,0.576
2030,0.238,1.067,-1.014,-1.696,-0.407
2031,0.188,-1.786,0.61,1.139,1.184
2032,-1.047,-0.207,-1.304,-0.555,1.067
2033,-0.37,0.554,1.569,-0.069,0.171
2034,1.007,0.588,0.54,0.532,-1.705
2035,0.157,-1.025,-0.061,-0.217,2.058
2036,0.043,0.387,-0.471,-0.754,1.52
2037,0.116,0.246,-2.422,-1.779,1.319
2038,-1.007,-0.041,-0.25,-1.436,1.568
2039,0.145,1.311,1.112,0.387,0.054
2040,1.913,-1.51,-0.107,0.148,1.238
2041,-0.355,-1.045,-0.34,-0.729,-0.068
2042,-0.032,-1.304,1.05,-2.252,-1.228
2043,0.488,-2.282,0.98,2.035,-0.208
2044,0.189,-0.094,0.937,-0.37,1.338
2045,-2.215,-0.778,0.698,-1.391,-0.095
2046,0.631,-1.041,1.182,2.416,-0.33
2047,1.166,-0.667,-0.214,-0.717,-1.737
2048,0.942,-0.076,0.044,-1.354,2.327
2049,-1.65,-0.858,-1.394,-1.875,0.347
2050,1.363,1.211,0.463,-0.696,-0.521
2051,0.721,2.799,0.332,-0.795,-0.2
2052,0.431,-1.073,0.298,1.124,-0.561
2053,0.069,0.469,-0.536,-0.353,1.695
2054,-0.126,0.302,0.814,-1.157,0.944
2055,0.27,0.196,0.332,1.046,-1.206
2056,0.341,-1.079,-0.445,-0.228,-0.145
2057,0.701,0.615,0.072,1.812,-1.475
2058,0.208,-1.193,0.699,1.343,-0.375
2059,1.932,0.326,0.524,0.041,-0.877
2060,-0.65,-0.251,-1.204,0.685,-1.077
2061,0.147,0.77,0.946,0.968,1.049
2062,0.96,1.664,0.499,0.791,0.3
2063,1.597,0.267,-1.483,-0.894,-1.232
2064,-0.781,-1.479,-0.62,0.312,-0.271
2065,-1.794,0.183,-1.437,0.762,0.579
2066,-0.649,-0.154,-0.754,-1.014,0.138
2067,1.886,-0.32,-0.968,0.376,1.072
2068,0.551,-0.254,1.643,-1.596,-1.108
2069,-0.727,1.415,-1.308,1.023,-1.308
2070,0.733,-0.856,2.282,0.397,-0.276
2071,-0.075,-0.303,-0.501,-2.233,-1.084
2072,0.292,2.432,0.741,-0.645,-0.593
2073,-0.403,-0.428,-0.082,0.446,-0.093
2074,0.637,-0.019,-0.181,-1.32,-1.26
2075,0.34,0.773,-0.212,-0.921,1.074
2076,0.816,1.531,1.25,1.394,-0.292
2077,1.519,-1.353,-1.515,-0.345,0.232
2078,0.311,1.229,0.262,-0.144,0.707
2079,-0.733,-1.254,1.212,0.265,0.158
2080,-0.191,-0.588,0.112,0.308,-0.614
2081,0.209,-1.272,1.269,-1.048,0.93
2082,-0.276,1.699,0.32,-0.874,1.344
2083,0.611,-0.233,-1.388,2.555,-0.954
2084,0.785,-0.793,-0.003,0.326,-0.751
2085,0.477,0.401,2.094,1.708,-1.935
2086,0.573,0.442,-0.914,0.26,-1.28
2087,0.794,-0.379,-0.922,-0.51,2.167
2088,-0.276,0.71,-1.208,1.424,-1.335
2089,-0.47,1.231,-0.049,-1.829,-0.743
2090,1.298,0.77,-1.454,-1.055,-0.798
2091,-1.987,-1.338,0.459,1.274,-0.963
2092,0.411,0.121,-0.17,0.018,-1.856
2093,-0.534,-0.972,-1.29,1.089,0.925
2094,0.592,0.226,2.505,-1.815,2.057
2095,-0.791,-1.267,0.605,1.573,-0.899
2096,-1.028,-0.179,-1.348,0.116,-0.225
2097,-1.199,-0.572,-0.058,1.019,-0.84
2098,0.23,0.256,-1.52,-0.572,0.272
2099,-0.88,-1.282,1.169,-1.199,0.841
2100,-0.527,-0.113,0.001,-0.569,0.445
2101,-0.759,0.914,0.859,0.517,1.237
2102,-0.327,0.495,-2.112,0.649,-1.952
2103,2.489,-0.143,-0.595,-1.207,-0.038
2104,-0.556,-0.609,0.545,0.957,-1.169
2105,2.76,-0.422,1.943,1.084,0.765
2106,2.411,0.333,2.737,0.979,0.036
2107,-2.057,-0.218,-0.162,1.875,0.499
2108,-1.431,-0.112,-1.207,-1.41,-0.303
2109,1.796,1.545,1.793,-0.505,0.125
2110,1.663,0.012,0.709,0.958,-0.126
2111,-0.2,0.919,0.732,0.905,1.3
2112,0.582,-0.044,-0.25,-0.395,0.127
2113,0.893,0.23,0.936,-0.877,-0.345
2114,0.583,0.175,0.107,-0.414,-0.874
2115,-1.505,-0.52,1.978,0.458,0.584
2116,0.63,0.356,-0.11,-0.326,-0.371
2117,-0.22,-0.563,-0.186,0.415,-0.378
2118,0.366,-0.876,1.054,0.818,-0.746
2119,0.516,-0.184,-0.177,0.31,0.444
2120,-1.957,-0.679,0.533,-0.493,0.848
2121,-0.989,-0.145,-1.235,0.93,1.466
2122,-0.6,0.067,-0.708,0.519,-0.02
2123,1.191,-1.746,0.886,-0.948,2.404
2124,-2.286,-0.857,2.601,0.597,-1.726
2125,-0.72,1.208,-1.487,1.086,0.716
2126,0.221,0.262,-0.381,1.026,1.659
2127,3.051,0.423,0.509,-1.017,-0.854
2128,-0.835,0.256,0.897,1.588,-1.712
2129,-0.346,1.558,-0.312,2.318,0.529
2130,0.533,0.383,0.422,0.932,-1.321
2131,-0.444,0.207,-0.781,-0.258,-0.55
2132,1.429,0.644,0.493,0.825,0.513
2133,1.916,-0.876,1.379,1.331,-0.849
2134,0.659,-1.681,2.358,1.367,0.638
2135,-0.898,0.096,0.248,-0.247,0.975
2136,-0.166,-0.308,-1.937,1.637,0.71
2137,-0.866,0.566,-0.556,-0.446,-1.306
2138,0.031,-1.537,0.214,0.693,1.068
2139,1.607,-0.359,1.069,-0.042,1.504
2140,0.762,0.79,1.158,0.523,-0.408
2141,-0.207,-1.185,-0.818,-0.985,0.673
2142,1.71,-0.942,0.622,0.334,0.405
2143,-1.748,-1.91,-0.549,0.607,0.614
2144,0.912,-0.61,-2.145,0.672,1.99
2145,1.719,1.306,-0.587,-2.394,0.038
2146,1.487,0.174,0.317,0.285,1.931
2147,-0.667,-1.149,-0.368,-0.28,-0.773
2148,0.11,1.038,-0.365,-1.069,-0.631
2149,0.519,0.369,-1.903,1.287,-1.742
2150,0.127,-0.089,1.973,0.432,0.561
2151,-1.502,-1.151,-0.448,1.286,-0.723
2152,-0.068,-1.591,0.593,-1.532,0.568
2153,0.191,0.072,1.826,-0.009,-0.303
2154,-0.367,-2.362,-0.28,0.667,-0.828
2155,-0.85,0.037,1.141,0.897,-0.663
2156,-0.211,0.597,1.947,-0.757,-0.823
2157,1.23,0.167,-0.632,0.37,-0.487
2158,-0.471,0.155,-0.821,-1.436,1.576
2159,-0.563,-0.794,0.77,-0.435,-1.475
2160,-0.111,0.083,1.132,1.538,-0.041
2161,1.343,1.577,2.139,0.073,-1.608
2162,0.191,-0.436,-0.255,-1.306,-0.715
2163,1.161,-0.901,-2.067,0.856,2.163
2164,0.414,0.999,0.648,-0.079,-1.248
2165,-1.022,0.661,0.08,1.412,-0.353
2166,-1.416,-0.649,-0.474,0.066,0.372
2167,0.895,-2.074,-0.055,-0.229,0.271
2168,0.906,-1.787,0.386,-1.056,-0.126
2169,1.189,0.829,0.001,-1.657,-0.472
2170,1.174,0.713,1.601,0.455,0.128
2171,-1.044,-1.282,-0.517,-0.446,-0.387
2172,-1.018,-1.816,-1.317,1.107,0.757
2173,1.284,-0.63,-0.948,-0.287,0.77
2174,-0.604,-2.225,0.156,-2.496,-0.632
2175,-1.143,0.042,1.834,-0.593,-0.926
2176,1.304,0.848,0.506,0.149,0.553
2177,-0.849,0.256,-1.058,1.172,-0.925
2178,0.65,-0.151,-0.195,-0.269,0.154
2179,-0.863,-0.913,0.441,0.805,-0.209
2180,1.304,0.027,0.777,-0.513,-0.764
2181,0.044,2.156,1.366,-0.621,0.692
2182,-0.767,0.199,1.093,-0.07,0.055
2183,-1.242,-0.233,0.84,0.454,1.528
2184,0.737,0.917,0.048,-0.693,0.472
2185,-0.595,0.935,-1.83,0.137,0.439
2186,-0.172,-0.075,-1.313,-0.852,1.139
2187,0.153,-0.774,0.198,-0.497,0.173
2188,-0.292,-1.296,-0.145,1.222,-0.848
2189,-0.149,0.214,-0.823,2.046,0.272
2190,-0.357,0.006,-0.273,-0.508,-1.574
2191,-1.53,1.797,-0.316,-0.943,-0.096
2192,-1.143,0.683,1.186,-0.13,-0.097
2193,0.229,1.7,-1.57,0.5,0.368
2194,-0.432,0.474,-1.092,-0.161,-0.278
2195,-0.489,1.067,0.262,0.537,2.03
2196,0.508,-1.222,1.043,0.246,0.171
2197,-0.809,-0.175,-0.234,0.046,0.879
2198,-0.794,-0.292,2.114,-0.257,1.093
2199,1.314,1.216,-0.309,0.428,0.378
2200,-1.572,0.263,1.461,-0.762,0.809
2201,-0.988,0.871,1.487,1.527,0.06
2202,-0.014,-0.367,-0.344,0.148,1.134
2203,0.292,-0.471,0.834,-0.851,-2.105
2204,-1.489,0.068,-0.447,0.255,-2.64
2205,0.219,0.16,-1.617,-0.956,2.285
2206,-1.158,-1.591,1.117,-1.443,-1.298
2207,-0.711,-0.317,-0.757,1.196,-2.021
2208,-0.687,1.719,0.813,-0.048,-0.652
2209,0.65,0.272,1.616,-0.793,0.95
2210,-0.572,-0.484,1.957,-0.746,-0.633
2211,0.57,0.022,-0.574,-0.228,1.475
2212,0.668,-0.544,1.717,-0.22,0.806
2213,-0.178,-1.395,0.334,-0.382,0.35
2214,1.107,0.904,-0.919,0.401,-0.797
2215,-0.175,-0.215,0.371,-0.503,0.652
2216,-0.108,1.488,0.062,1.514,1.742
2217,0.077,-0.048,0.824,-1.481,-0.005
2218,1.003,0.625,-0.46,-2.477,-1.543
2219,0.448,-1.021,-0.012,0.543,0.238
2220,-0.639,0.908,-0.083,-0.542,0.503
2221,0.222,0.917,0.89,0.418,0.293
2222,-0.156,-1.47,0.761,-1.646,0.115
2223,-0.634,-0.068,-1.264,0.879,-0.292
2224,1.626,-0.997,-1.775,0.742,-1.942
2225,0.695,-2.528,0.462,0.135,0.003
2226,-1.38,0.479,0.342,1.106,-0.372
2227,1.652,0.825,0.39,-0.625,0.109
2228,-1.16,0.517,0.168,0.55,-0.372
2229,-0.112,0.577,-0.427,0.608,-0.911
2230,-0.112,0.815,-0.385,0.107,-1.585
2231,-1.099,0.063,-0.275,2.218,1.798
2232,-0.534,1.517,-0.21,-0.574,-0.626
2233,1.625,-0.245,0.486,0.435,-0.868
2234,0.161,-0.269,-1.122,0.338,0.348
2235,0.57,-1.421,0.325,0.939,-1.055
2236,-0.289,-0.034,1.206,-1.208,-0.938
2237,0.986,-1.799,-0.269,0.835,2.433
2238,1.516,0.097,1.632,0.3,0.271
2239,-0.553,-1.082,-0.551,0.436,-1.103
2240,-0.101,-1.66,0.455,-0.249,-1.021
2241,0.033,0.197,1.118,0.163,-0.915
2242,-0.873,-0.179,0.419,-1.11,1.251
2243,-0.14,-0.214,0.02,-0.566,0.391
2244,-1.783,0.508,1.265,0.785,-0.119
2245,0.969,1.917,1.368,-0.187,0.217
2246,0.348,0.658,-0.843,-1.849,1.486
2247,-0.765,0.459,-0.326,1.034,-1.057
2248,-0.307,-0.854,0.135,-0.284,0.652
2249,-0.36,0.816,-0.971,0.85,0.29
2250,-0.278,0.492,1.625,-0.694,0.273
2251,-1.418,0.61,0.872,0.993,1.994
2252,-2.662,-0.55,0.418,-1.48,-0.854
2253,1.529,-1.315,-1.222,-0.938,0.451
2254,2.138,0.547,0.434,-0.892,1.94
2255,0.553,0.141,0.048,-1.022,1.212
2256,-0.453,0.206,0.098,-0.635,-0.161
2257,-0.175,2.165,-2.385,-0.919,0.895
2258,-1.0,1.163,0.533,0.195,-0.158
2259,-0.429,-0.828,-0.93,0.506,-2.003
2260,2.101,0.021,-0.205,0.539,-1.146
2261,-0.718,0.539,1.455,-0.971,0.955
2262,-0.961,0.562,0.102,-1.546,0.27
2263,1.193,1.722,0.582,-1.604,1.898
2264,0.94,0.936,0.152,-1.045,0.229
2265,0.72,-0.16,1.227,-0.576,-0.963
2266,-0.351,-0.356,-0.449,0.466,1.022
2267,-0.03,-0.922,-0.364,-0.12,-0.312
2268,-0.192,0.439,0.625,0.953,0.653
2269,-0.931,-0.433,-0.102,0.38,-0.971
2270,0.092,-0.099,0.086,1.909,0.554
2271,0.479,-0.415,0.232,0.269,1.633
2272,-0.781,-0.457,0.895,-1.776,1.928
2273,0.331,1.036,0.305,0.312,1.286
2274,-0.431,1.18,-0.415,-0.158,-1.917
2275,-0.266,0.366,-1.163,-0.226,0.903
2276,0.558,0.83,-1.313,0.794,0.4
2277,0.906,0.482,1.035,1.042,-0.761
2278,1.355,0.594,-0.055,0.472,0.398
2279,0.164,-0.271,-0.079,0.1,-2.087
2280,0.418,1.119,-0.752,-1.293,0.471
2281,-0.764,0.41,0.331,-1.495,0.859
2282,-0.623,1.073,0.927,-0.682,0.18
2283,-0.129,0.065,0.044,-0.462,-0.398
2284,-1.0,-0.793,0.007,0.398,2.16
2285,0.907,-0.514,-0.619,-1.56,0.086
2286,-0.183,-0.269,2.833,-1.101,-1.377
2287,-0.874,-0.085,0.046,1.521,-0.495
2288,-0.085,1.423,-0.621,1.785,-0.11
2289,3.007,-0.298,0.475,1.657,-0.18
2290,-1.7,0.206,-1.217,0.657,0.284
2291,-0.263,-0.844,-0.018,0.196,0.581
2292,0.05,-0.356,0.051,-0.491,0.753
2293,-0.778,0.178,0.142,-0.719,1.166
2294,-1.238,0.542,1.156,0.471,0.863
2295,-0.825,1.859,-0.267,0.046,0.02
2296,-0.39,-1.106,-0.276,-0.338,0.464
2297,0.682,0.835,0.109,0.088,0.035
2298,-0.266,1.693,1.344,-1.631,0.737
2299,-1.78,-1.346,0.257,-2.144,-0.013
2300,-0.377,-2.27,-1.244,1.76,0.586
2301,-0.189,-0.549,0.028,-0.805,-0.97
2302,-0.73,-0.384,0.811,-0.288,-1.64
2303,0.582,-0.319,0.984,0.587,0.554
2304,1.009,0.67,0.248,0.165,0.508
2305,0.852,-0.337,1.794,-0.033,0.246
2306,-0.341,0.364,-0.001,0.194,0.265
2307,0.37,1.34,-0.35,-0.268,1.038
2308,0.167,-0.973,-0.082,-0.72,1.146
2309,-0.425,-1.52,0.268,-1.261,0.194
2310,-0.149,-0.14,-0.974,0.724,0.338
2311,0.454,-0.741,-0.513,1.484,-1.052
2312,-1.003,-0.447,0.081,0.908,1.298
2313,-0.19,0.095,-0.397,-0.643,-0.088
2314,-1.531,-1.526,-1.004,-0.138,0.121
2315,-1.946,1.213,-0.718,-1.548,-0.815
2316,0.338,0.795,-0.537,0.059,-0.442
2317,-0.842,-0.897,0.196,1.302,-1.163
2318,-1.505,-0.312,0.725,0.301,1.369
2319,0.487,-1.224,0.161,-0.297,0.164
2320,1.562,-1.0,-0.827,0.022,0.744
2321,0.164,-0.665,1.075,-0.292,1.148
2322,-0.581,1.13,0.437,-1.578,0.68
2323,-2.001,0.927,-0.825,-1.982,-0.392
2324,1.087,-2.218,1.55,1.531,0.075
2325,0.556,0.999,-0.294,-0.706,-1.23
2326,-0.02,0.337,0.405,-1.644,-0.81
2327,-1.17,-0.443,0.766,1.102,0.196
2328,1.364,-1.146,0.257,0.172,-0.167
2329,-0.238,-0.08,0.786,0.262,-0.664
2330,1.129,-0.996,1.66,0.287,-0.967
2331,0.335,-0.128,-1.258,1.159,0.578
2332,-0.381,-1.663,0.7,2.114,0.082
2333,0.906,1.014,-0.467,0.551,0.753
2334,1.096,0.35,-1.399,-1.257,0.594
2335,-0.796,-0.187,1.036,0.059,-0.358
2336,-1.851,-1.075,-1.849,-0.372,-1.11
2337,1.472,1.508,1.992,0.463,0.239
2338,0.613,-0.513,-1.063,0.448,0.588
2339,-0.615,-1.169,1.156,-0.568,-0.489
2340,0.782,-0.489,-0.454,-0.652,-1.099
2341,-1.111,0.255,0.004,2.032,-0.624
2342,1.193,-0.634,-1.66,0.972,0.674
2343,0.441,0.378,-1.08,0.948,0.061
2344,0.636,0.657,1.254,0.715,0.046
2345,-0.276,-0.031,0.765,0.891,1.302
2346,2.216,0.235,-1.643,-0.041,0.374
2347,0.984,1.108,-1.879,3.079,0.472
2348,1.271,-1.239,0.664,0.132,0.648
2349,0.581,-0.137,0.546,0.428,-1.204
2350,1.242,0.547,-0.413,-0.503,-0.026
2351,-0.131,0.803,1.515,-1.116,1.579
2352,-0.666,0.85,-0.779,1.03,0.324
2353,-1.06,-2.179,1.128,0.596,-2.447
2354,0.276,1.338,-0.264,-1.328,0.874
2355,-0.745,-1.958,1.943,0.493,0.021
2356,0.48,-0.793,-0.616,0.728,1.303
2357,1.422,0.18,-0.243,1.079,0.372
2358,1.674,0.384,-1.323,0.958,-0.405
2359,0.032,0.311,-0.355,-0.323,1.861
2360,-1.672,-0.192,-0.213,-0.518,0.096
2361,0.897,0.905,0.023,-0.546,1.017
2362,-0.373,0.419,0.947,-0.96,-0.137
2363,0.232,-1.134,-0.735,1.208,0.441
2364,0.186,0.535,0.177,0.597,-1.751
2365,1.021,2.051,-1.162,0.669,0.138
2366,-0.276,-0.495,-0.967,1.521,-0.897
2367,0.057,0.854,-1.758,-1.152,-0.586
2368,0.892,1.296,0.332,0.979,0.753
2369,0.827,0.03,-0.997,1.008,1.085
2370,0.003,-0.278,0.039,-0.473,1.416
2371,-0.064,-2.292,0.903,0.235,1.09
2372,1.723,-1.648,-0.762,-1.905,0.206
2373,0.664,0.922,0.35,-1.329,0.446
2374,-0.367,1.071,1.986,1.618,-0.303
2375,-1.175,1.088,0.054,2.338,0.869
2376,1.397,0.875,-1.965,-0.021,0.001
2377,1.048,-0.686,-0.552,0.553,0.543
2378,-0.531,-0.554,0.299,-1.122,0.69
2379,-0.773,-0.523,-1.004,0.306,-0.987
2380,0.043,1.38,-0.337,-1.197,0.381
2381,-0.622,0.299,-0.076,0.986,0.15
2382,-1.134,-1.011,0.644,0.598,1.702
2383,-1.492,-0.966,-0.503,0.491,2.055
2384,0.635,-0.858,-0.763,-0.744,0.136
2385,-0.992,-0.003,1.194,2.521,-1.696
2386,-0.149,-0.182,1.503,0.119,0.047
2387,0.466,0.269,0.456,2.011,0.186
2388,-0.25,1.488,-0.818,0.685,-0.477
2389,-0.174,0.046,0.473,1.38,-0.215
2390,0.338,-0.838,-0.727,-0.351,-1.229
2391,-0.324,0.066,1.212,-1.67,-0.279
2392,-1.684,0.156,-1.664,-0.978,0.189
2393,0.501,-1.406,0.23,1.841,0.758
2394,0.022,0.933,-0.79,0.087,-0.212
2395,0.246,0.11,-1.198,0.106,-1.517
2396,-0.969,1.159,1.04,-0.14,-0.938
2397,0.655,0.53,-1.529,1.186,-0.705
2398,0.118,-0.99,0.642,-0.331,2.26
2399,-0.035,1.092,0.395,-0.419,0.264
2400,0.414,0.011,-0.682,-1.663,0.054
2401,-0.334,0.372,-0.506,-1.672,0.152
2402,2.461,-0.037,-0.764,0.068,-1.166
2403,-0.73,1.533,1.306,-1.286,-2.146
2404,-0.464,-0.371,0.188,0.482,-0.614
2405,-0.524,0.4,-0.349,0.357,0.832
2406,0.282,-0.396,0.67,-0.572,-1.261
2407,0.043,0.66,-1.35,-0.072,0.02
2408,0.935,-1.43,0.385,0.732,0.572
2409,0.091,-0.921,-0.471,0.852,-0.003
2410,-0.124,-1.134,0.219,1.895,1.201
2411,-0.496,0.444,0.781,0.036,2.147
2412,-3.353,0.012,1.222,0.505,-2.77
2413,-0.445,-1.103,-0.14,0.479,-0.159
2414,-0.612,0.003,0.326,1.26,-0.027
2415,0.437,-0.193,1.395,-1.155,-1.767
2416,0.294,-1.4,-0.093,-2.752,-2.133
2417,-0.48,-1.168,0.515,2.36,1.817
2418,0.999,1.619,0.681,-0.078,1.095
2419,-0.223,0.902,0.071,-1.433,-0.219
2420,-0.11,0.444,0.147,0.347,-1.916
2421,-0.661,-0.052,-0.586,-0.39,-0.249
2422,0.136,0.533,-0.548,1.376,0.33
2423,0.145,0.574,-1.252,0.264,0.913
2424,-0.803,-0.382,-0.821,0.44,0.811
2425,-0.24,1.391,1.706,-0.301,1.639
2426,-0.388,-0.568,0.846,0.684,-0.658
2427,-1.555,0.956,1.076,0.206,-0.049
2428,0.192,-0.348,-2.763,0.631,0.481
2429,-0.731,-0.594,-1.313,-0.19,0.933
2430,-1.354,-0.737,1.481,0.067,-0.03
2431,-1.219,0.01,1.23,1.117,-0.432
2432,-0.23,0.305,0.627,0.17,0.255
2433,1.513,0.521,2.224,2.194,-0.162
2434,-0.089,0.065,0.548,-1.269,-2.048
2435,-1.094,-0.029,-0.225,-0.072,0.14
2436,0.264,0.289,0.187,0.583,1.332
2437,-0.401,2.842,0.027,0.47,-0.531
2438,0.509,0.739,1.077,-0.007,-1.279
2439,0.182,-0.942,-1.144,1.539,-0.607
2440,0.348,-1.119,1.78,0.307,-0.277
2441,-1.664,-0.386,-0.467,-0.805,1.427
2442,-0.91,1.862,-0.429,-0.606,0.659
2443,0.528,-0.616,0.814,0.771,1.953
2444,0.561,0.256,0.839,0.978,0.014
2445,-0.001,-0.938,1.695,0.779,-0.243
2446,-1.04,-0.507,0.248,1.123,-0.079
2447,0.983,-0.545,-1.344,-1.678,0.785
2448,1.112,-0.373,-1.114,-0.899,0.276
2449,0.915,-0.204,-0.597,-0.489,-0.361
2450,-0.57,3.072,1.004,-0.031,1.301
2451,-1.329,-1.083,-0.295,-0.399,0.319
2452,0.149,0.175,-0.832,1.018,1.619
2453,0.789,-1.109,-0.521,0.581,-0.471
2454,-1.053,0.078,1.381,0.601,0.024
2455,0.111,0.304,0.203,0.715,0.238
2456,-1.075,2.501,1.625,1.085,0.687
2457,-0.908,0.11,0.682,0.828,-0.87
2458,0.022,-0.184,-0.441,-0.744,1.309
2459,0.457,-2.041,-0.643,-0.372,1.011
2460,0.093,0.029,-0.291,-0.045,1.694
2461,0.727,-0.454,1.526,1.417,-0.221
2462,0.645,-0.032,-0.248,0.67,0.613
2463,-0.818,-1.768,0.564,-1.414,-0.391
2464,0.745,-0.832,-0.278,-1.944,2.207
2465,0.798,-0.587,0.498,-1.381,1.486
2466,0.372,-1.022,-2.307,1.413,0.602
2467,-1.699,0.239,-0.323,-0.804,0.111
2468,-0.185,-0.684,0.92,-1.964,0.07
2469,-0.311,0.256,0.558,-1.024,1.402
2470,0.672,-0.343,1.779,1.535,-0.912
2471,-0.263,0.303,-1.486,-0.261,-2.952
2472,0.949,-0.068,-1.017,1.661,-1.618
2473,-0.098,0.546,-0.684,-0.302,1.493
2474,0.096,-1.114,0.398,-0.907,-0.269
2475,0.298,-0.622,-0.489,0.195,1.439
2476,0.041,1.958,0.958,0.172,0.381
2477,0.465,-0.152,-1.342,-0.079,-1.394
2478,-0.461,0.066,0.509,-1.19,-0.698
2479,0.224,1.29,1.683,0.157,-1.346
2480,-0.523,1.28,0.34,-2.592,1.959
2481,0.847,1.818,-1.282,-0.281,-0.856
2482,0.459,-0.159,-0.291,-0.427,-2.11
2483,-0.292,0.465,-0.02,-0.556,-0.205
2484,1.99,0.902,0.526,0.783,-0.843
2485,-0.602,1.162,0.755,-0.698,0.207
2486,-0.298,0.056,-1.2,0.859,-1.618
2487,-2.218,0.704,-0.151,-1.131,-0.16
2488,0.301,-1.81,-2.138,1.266,-0.552
2489,-0.887,-2.843,1.873,-0.906,-0.725
2490,-0.323,-0.701,-0.249,0.287,-0.696
2491,1.253,-0.21,0.027,1.357,-0.188
2492,0.001,0.064,-0.464,0.435,-0.031
2493,-1.691,-0.543,-0.414,1.079,-1.106
2494,-0.074,1.163,-1.29,0.842,-0.158
2495,0.343,-0.567,0.381,-0.219,0.1
2496,-0.139,-0.842,0.237,-0.636,0.03
2497,1.487,0.332,0.568,-1.599,-0.352
2498,-0.351,-0.236,-1.571,-1.366,1.885
2499,0.074,0.359,1.513,-1.034,0.501
2500,1.161,0.003,-0.583,1.968,-1.413
2501,0.171,-0.274,-0.395,-0.972,-0.01
2502,2.085,-1.572,-0.672,1.114,-0.147
2503,0.687,1.703,-1.674,0.341,0.212
2504,-0.679,-1.245,-0.523,-0.488,-0.871
2505,-1.2,0.363,-0.107,0.671,1.953
2506,0.782,-0.217,0.223,0.279,-0.315
2507,-0.182,-0.687,-0.6,-0.092,-0.452
2508,0.519,1.096,-0.272,0.017,0.282
2509,0.037,1.728,-0.555,-1.668,1.883
2510,0.046,0.265,-0.447,1.311,-0.162
2511,-0.11,-0.301,-0.866,-0.489,-2.033
2512,0.774,1.232,0.554,-1.735,-1.732
2513,0.266,0.5,-0.796,0.8,0.693
2514,-1.18,-0.142,0.244,0.003,1.412
2515,-0.322,0.405,-1.373,0.014,0.546
2516,1.604,-0.334,1.034,0.282,-0.254
2517,0.556,0.958,0.008,-0.723,-0.381
2518,1.571,-0.945,-0.976,-0.303,1.233
2519,-2.321,0.837,-0.884,-0.709,1.238
2520,-1.051,0.677,0.335,0.705,0.191
2521,0.789,-1.223,-0.539,-0.531,-0.847
2522,-1.13,1.793,0.107,-1.135,1.827
2523,0.729,1.065,-1.494,-0.187,0.955
2524,-0.203,0.049,1.001,-1.489,-1.553
2525,-0.071,1.575,0.341,-0.119,0.164
2526,-1.696,0.067,-0.545,1.201,0.414
2527,-0.116,-0.195,-0.134,-0.704,-1.866
2528,-0.585,1.024,-0.977,-1.481,-1.401
2529,-2.125,-0.547,1.007,-2.558,-0.456
2530,1.824,0.167,0.453,-0.124,-0.784
2531,-0.113,0.877,-0.515,-0.439,-0.702
2532,-0.741,-1.429,-2.257,-0.163,-1.419
2533,0.36,0.023,0.247,-0.387,0.339
2534,-0.664,-1.217,0.188,-0.93,-0.349
2535,-2.168,-1.269,-0.674,-0.032,1.663
2536,-0.316,0.196,-0.326,1.23,1.272
2537,0.624,1.381,-0.566,0.154,1.38
2538,-0.323,-1.763,1.126,0.119,-0.083
2539,-1.486,0.966,-0.042,-0.015,0.615
2540,1.103,-0.025,-0.932,-0.292,-1.156
2541,1.332,0.024,-0.965,0.386,-0.487
2542,-1.79,-0.889,-1.055,0.768,0.217
2543,-0.45,0.039,0.121,1.659,1.225
2544,-0.362,-0.103,-0.178,-0.287,1.107
2545,0.123,-0.015,0.338,-1.435,-1.207
2546,0.232,-0.385,0.908,-0.557,2.339
2547,-0.348,-1.281,-1.191,-0.354,0.686
2548,-0.813,0.715,-0.055,-0.337,-1.223
2549,-0.971,0.408,0.469,0.296,0.093
2550,-0.009,0.44,-1.138,-1.69,0.53
2551,0.154,-0.143,-0.541,-0.692,-1.34
2552,-0.015,-2.511,0.001,0.574,0.953
2553,0.624,-0.449,1.145,0.031,-0.057
2554,1.576,0.443,0.323,0.539,-2.355
2555,1.525,1.52,-1.957,0.053,0.764
2556,0.292,-1.389,0.888,1.876,0.189
2557,1.261,-1.927,0.587,2.078,-1.041
2558,0.913,-0.959,0.559,-0.323,-0.798
2559,0.127,1.586,-1.874,0.817,2.373
2560,0.312,-0.455,1.108,0.881,-0.645
2561,0.232,1.08,0.84,0.991,1.769
2562,0.035,-0.82,-0.358,0.623,0.006
2563,-0.599,-2.847,0.371,-0.408,1.564
2564,-1.975,1.12,0.502,1.52,0.123
2565,-1.12,1.054,-0.674,-0.754,-0.785
2566,0.452,0.126,-0.221,-0.888,-0.822
2567,0.977,1.078,1.037,0.651,1.243
2568,0.862,-0.299,0.695,-2.248,-0.061
2569,-0.174,2.754,-0.038,1.6,-0.013
2570,-0.225,1.915,0.46,1.748,-1.124
2571,0.168,-0.171,-0.284,-0.794,0.575
2572,1.312,1.613,0.212,1.463,-1.19
2573,-1.396,-1.107,2.37,-0.064,2.065
2574,-1.058,-0.769,1.137,0.08,1.239
2575,0.001,0.304,0.631,-0.503,0.818
2576,0.272,-0.061,-1.719,0.136,-0.846
2577,2.685,0.244,-0.477,0.284,-1.155
2578,0.826,0.168,-0.683,-1.59,-0.447
2579,0.75,-0.245,-1.039,1.305,-2.17
2580,0.23,-1.004,-0.469,-0.577,0.709
2581,-0.524,0.425,0.176,-0.297,-0.994
2582,-0.003,-1.712,0.603,0.785,1.239
2583,-0.643,1.075,2.338,-0.035,-0.328
2584,-0.32,-0.346,-2.063,-1.739,-1.433
2585,-1.465,-0.55,-0.284,-1.119,-2.185
2586,-0.007,-0.439,0.606,-0.163,0.615
2587,0.342,0.576,0.82,-0.676,1.648
2588,-0.604,1.689,-1.501,1.362,-2.026
2589,-0.288,1.479,-1.032,1.871,-0.899
2590,-0.201,0.427,1.023,-0.687,0.233
2591,-0.239,-0.486,-0.566,1.316,0.918
2592,-0.557,0.824,0.413,0.145,-0.215
2593,0.645,0.868,-0.474,1.627,0.543
2594,1.428,1.022,2.074,1.101,1.256
2595,-1.74,-1.74,-1.114,0.776,0.474
2596,-0.799,2.466,-1.448,1.178,0.152
2597,-0.036,0.59,-0.806,1.503,0.37
2598,0.116,-0.488,-0.42,1.782,0.435
2599,-1.459,1.385,-0.473,-1.17,-0.422
2600,-0.44,-0.677,-0.749,1.454,0.065
2601,-0.549,0.191,-0.033,1.829,0.777
2602,0.404,-0.782,0.972,-1.662,0.442
2603,0.392,-0.013,0.916,0.13,-0.026
2604,0.535,0.589,-0.466,2.0,0.456
2605,2.032,1.588,0.611,0.602,0.105
2606,-0.803,0.495,-1.4,0.49,0.277
2607,-2.668,0.379,0.093,-0.308,-0.462
2608,1.59,-0.05,-0.094,-0.697,0.789
2609,0.883,-1.707,-0.298,0.655,2.065
2610,1.184,0.996,-0.423,-0.298,-0.565
2611,1.835,-2.714,-0.392,0.374,-1.984
2612,-0.276,-2.119,-1.184,-1.495,0.759
2613,0.044,-0.028,-0.859,-1.637,1.243
2614,-0.43,1.374,-0.121,0.177,-0.227
2615,0.837,-0.34,-1.45,-0.754,-0.774
2616,-1.525,-0.359,1.565,-1.557,-0.875
2617,0.134,0.057,0.721,-0.042,-1.109
2618,0.115,2.58,0.76,0.611,-1.111
2619,-0.825,0.046,0.115,1.923,-0.011
2620,0.327,-0.586,-0.563,-0.103,-1.549
2621,0.756,0.124,-1.229,0.288,0.152
2622,-2.574,-0.533,-0.26,-0.996,0.14
2623,-0.261,0.942,0.821,-0.072,0.039
2624,0.627,-1.255,1.287,-0.773,-1.007
2625,-1.385,1.618,-0.92,-0.567,0.484
2626,0.532,0.282,0.317,2.087,0.845
2627,-0.288,0.454,0.056,0.093,-1.976
2628,-0.874,0.139,0.733,-0.442,0.125
2629,-0.752,-0.118,-0.637,1.668,-0.065
2630,0.199,-1.391,-2.269,-1.249,-0.649
2631,-0.287,0.321,1.112,0.299,0.913
2632,0.341,-1.777,0.427,-0.663,-0.414
2633,0.786,1.192,0.223,1.077,-1.02
2634,-1.192,0.052,0.089,-0.305,0.829
2635,0.235,0.336,2.259,1.822,-0.442
2636,0.152,-0.22,-2.239,-0.073,1.37
2637,1.395,0.194,-1.966,-0.244,0.026
2638,-0.626,0.59,-1.706,1.415,-0.892
2639,0.52,0.119,0.294,1.124,1.315
2640,-0.892,1.853,0.856,1.968,-0.552
2641,-0.508,-0.407,0.078,-1.179,-0.496
2642,0.839,-0.414,0.39,1.641,-0.266
2643,0.861,-0.452,-0.565,0.509,-0.13
2644,0.511,-0.337,-0.554,0.022,-0.186
2645,0.707,0.484,-0.596,0.538,1.087
2646,-0.716,-0.143,0.453,-0.558,-2.145
2647,-0.013,1.183,1.083,1.675,0.563
2648,0.549,-0.879,-1.651,-0.604,0.002
2649,0.69,0.738,0.477,-0.39,-0.526
2650,0.729,-0.914,1.347,-1.3,-1.006
2651,0.838,-0.142,-0.122,1.064,1.388
2652,0.231,-0.167,-2.111,-0.824,0.521
2653,0.219,0.409,-0.868,-2.014,-0.201
2654,2.773,-1.957,0.166,0.767,-0.534
2655,-0.023,-2.632,0.783,1.678,0.807
2656,0.189,-0.608,-0.088,-1.499,-1.665
2657,-1.96,-0.018,0.954,-0.612,1.034
2658,0.031,1.346,0.187,1.347,-0.752
2659,-0.907,0.268,0.662,1.009,0.56
2660,0.129,2.471,-0.384,-1.529,0.615
2661,0.243,0.397,-0.249,1.483,0.201
2662,0.013,1.05,1.0,-0.113,-1.04
2663,0.566,-0.539,0.529,-0.244,0.337
2664,0.692,0.387,-1.446,0.025,-0.304
2665,-1.463,0.456,0.247,0.492,0.008
2666,1.768,-0.291,-2.259,1.135,1.11
2667,-1.198,1.145,0.264,-1.013,-0.276
2668,0.142,0.887,-0.256,-1.24,-0.131
2669,-0.174,-1.357,0.344,-1.881,-1.948
2670,0.811,0.401,-1.289,0.853,1.561
2671,1.451,0.785,0.612,1.591,0.304
2672,-1.832,-0.004,0.799,2.024,1.04
2673,-0.557,-0.598,1.047,0.787,-0.195
2674,-0.528,1.032,0.171,0.1,-0.934
2675,-0.129,-0.943,0.322,-1.13,1.016
2676,1.589,0.09,-0.194,1.184,-0.528
2677,1.233,0.302,0.183,-1.212,-1.158
2678,-1.598,0.108,-0.578,-0.373,-0.357
2679,0.015,0.622,0.218,-0.394,-0.53
2680,-0.44,0.773,-1.169,-1.556,0.652
2681,0.119,0.18,0.701,0.863,-0.044
2682,1.218,0.449,0.921,1.874,-0.535
2683,-0.546,0.191,-0.676,-1.388,-0.701
2684,0.02,0.815,-1.135,0.051,0.023
2685,-0.904,-0.874,0.814,0.172,-1.844
2686,-0.921,-0.029,1.571,1.91,-1.274
2687,-1.62,0.988,-0.918,0.807,0.009
2688,0.289,-0.915,0.076,0.504,-0.167
2689,-0.402,0.38,-0.478,0.427,0.383
2690,0.472,0.146,0.66,-0.56,-0.711
2691,0.608,0.257,-1.266,-1.292,1.326
2692,-0.251,1.378,-0.359,-0.213,-0.657
2693,0.07,0.33,-1.17,-0.382,0.453
2694,0.966,-0.244,1.364,0.669,-0.351
2695,0.4,-1.271,1.147,-0.212,-0.809
2696,0.365,0.918,-0.072,1.168,-0.505
2697,0.275,-0.637,1.281,-0.262,-0.044
2698,-0.015,-0.565,-2.374,-1.32,1.897
2699,-0.649,0.304,0.787,1.146,1.562
2700,1.188,-1.67,1.283,-0.492,-0.159
2701,0.901,0.022,0.413,-1.115,0.035
2702,0.349,-1.625,-1.099,-0.307,-0.546
2703,-0.258,-0.049,-0.863,-0.542,0.249
2704,-0.784,-1.441,-0.073,0.341,-0.214
2705,0.433,-0.184,-0.39,-0.166,-0.137
2706,0.044,-0.895,0.917,-0.076,0.028
2707,1.986,-0.676,-0.847,-0.336,-0.329
2708,0.206,-1.414,-1.624,1.468,0.408
2709,-1.016,1.717,-0.494,-1.064,-0.528
2710,-1.155,0.267,0.373,-1.094,-0.343
2711,1.078,-1.01,-0.355,0.459,-0.973
2712,-0.379,0.94,0.29,-1.235,0.673
2713,2.032,-0.321,1.558,-2.093,-0.893
2714,0.824,-2.764,-2.527,0.736,0.046
2715,-1.373,-0.482,0.322,-0.067,-0.836
2716,-0.075,0.375,0.204,-1.208,1.144
2717,-0.844,2.68,-1.58,-0.48,0.174
2718,-1.593,-1.057,0.453,-0.004,-0.859
2719,-0.526,2.17,0.867,1.448,0.444
2720,-0.399,0.139,1.869,0.642,-0.593
2721,-0.291,0.3,2.874,1.491,-0.571
2722,1.941,1.198,0.542,-0.881,1.344
2723,-0.85,0.538,0.912,-0.918,-0.124
2724,0.202,1.22,0.219,-0.462,-2.081
2725,-0.23,0.495,0.684,-1.03,-1.121
2726,0.208,-0.459,-0.964,-0.709,-0.34
2727,-1.218,-0.673,0.294,0.245,0.337
2728,-0.262,-0.979,-1.0,1.582,-0.414
2729,1.234,-0.709,1.51,0.721,-0.359
2730,0.203,0.114,-0.268,-1.834,-1.193
2731,1.228,0.818,-0.19,0.444,-0.034
2732,-0.066,2.23,0.275,-0.406,-0.345
2733,0.119,-0.748,-0.647,0.858,0.114
2734,-2.019,0.405,0.175,1.733,-1.142
2735,-1.004,1.276,-1.445,-0.5,-0.578
2736,-1.361,0.023,-0.578,0.234,0.107
2737,-0.652,0.325,0.324,-0.435,-0.569
2738,-1.064,0.289,-0.424,-0.454,-1.31
2739,1.106,-1.002,-1.557,0.577,-0.606
2740,-2.128,0.754,-1.358,-1.503,0.854
2741,0.448,1.298,-1.349,-0.272,-0.444
2742,1.024,-1.084,-0.085,-1.166,-0.953
2743,1.069,-1.12,0.309,-0.197,0.119
2744,-0.565,0.649,0.616,1.049,1.845
2745,-0.445,-0.749,-0.851,-0.428,-0.084
2746,0.326,0.869,-0.46,-0.692,0.738
2747,-1.003,0.775,0.569,-0.116,-1.656
2748,0.779,0.357,0.466,0.06,-1.427
2749,0.626,0.628,1.128,1.324,-0.595
2750,0.169,0.861,0.292,-1.225,0.489
2751,-0.453,0.156,0.613,1.324,0.064
2752,0.072,0.003,1.018,-2.886,-1.913
2753,-0.335,-0.564,-0.473,0.461,-0.005
2754,-0.894,-0.149,-1.682,-0.027,1.197
2755,0.843,-0.281,-1.361,0.369,-0.371
2756,0.275,-1.368,-0.89,0.924,-0.263
2757,-0.008,-2.779,-1.19,-0.024,-0.779
2758,-0.448,-0.063,0.393,0.163,0.006
2759,-0.573,0.019,-1.011,-0.747,0.332
2760,0.875,0.291,0.886,0.119,-0.314
2761,-0.584,0.099,-0.983,-0.185,0.514
2762,-0.339,-0.549,-0.141,-1.227,0.98
2763,1.092,-0.805,-0.837,1.294,-0.821
2764,-1.106,0.489,1.263,-0.215,0.287
2765,1.054,-0.029,0.68,1.042,0.781
2766,0.853,2.239,0.082,0.29,0.812
2767,-0.62,-0.671,0.284,0.53,0.775
2768,0.191,0.979,0.773,-0.215,-0.71
2769,-0.4,0.123,-1.096,-1.032,0.547
2770,1.205,-0.207,0.671,-1.25,-1.663
2771,1.16,-0.568,-2.406,1.826,-0.193
2772,1.242,-0.386,-0.771,2.165,0.375
2773,0.528,0.073,-0.832,2.083,1.382
2774,-0.026,-0.083,0.113,-1.375,0.826
2775,-1.186,-0.663,1.613,-0.114,0.509
2776,2.314,1.185,2.327,0.551,1.285
2777,-1.301,0.152,0.253,-2.211,-0.518
2778,0.441,-0.125,-0.485,-1.652,-0.96
2779,-2.213,-0.546,0.431,0.161,-0.697
2780,0.442,-1.517,-1.126,0.221,-0.797
2781,-2.588,2.017,1.975,0.875,1.29
2782,0.571,1.498,-0.659,-1.02,0.418
2783,-1.717,-0.63,0.417,0.251,0.988
2784,-0.185,0.687,0.098,1.016,-0.508
2785,-1.234,0.485,0.736,0.383,0.148
2786,-0.91,0.178,0.413,-1.037,-0.949
2787,-0.354,0.057,-0.069,-0.309,1.439
2788,1.753,0.778,-0.081,0.043,0.071
2789,0.806,0.529,-2.232,-0.282,-0.188
2790,-0.206,0.052,-1.23,-0.056,1.294
2791,0.234,0.197,1.626,-1.358,0.474
2792,-0.523,0.099,0.044,-0.251,0.25
2793,0.895,-0.188,0.368,0.399,0.389
2794,-2.624,-0.583,-0.643,-0.639,2.904
2795,1.458,-0.762,1.769,0.931,-1.141
2796,2.247,0.568,0.078,-0.173,-1.263
2797,0.522,-0.58,-1.909,1.002,0.199
2798,-0.093,-1.974,1.332,-0.401,-2.192
2799,0.524,-1.508,0.249,2.182,-1.145
2800,-0.351,-2.039,0.046,-1.456,-0.066
2801,-0.939,0.493,0.557,1.019,-0.372
2802,0.808,0.051,1.787,0.924,1.72
2803,1.736,-0.995,1.261,-0.455,0.678
2804,-0.139,-1.53,-1.076,1.059,-1.161
2805,1.271,0.442,0.509,0.208,2.08
2806,-0.03,0.151,0.763,-0.523,-0.152
2807,-1.513,0.519,-0.003,0.771,1.256
2808,-1.064,1.025,1.086,-1.018,-0.236
2809,1.048,2.434,0.158,0.879,2.069
2810,-1.802,-1.06,0.125,0.205,0.23
2811,0.905,-0.659,-0.589,-0.604,1.258
2812,-0.007,0.818,0.307,-0.031,-0.111
2813,-0.802,0.543,-2.728,1.02,-0.335
2814,0.273,-0.688,1.161,0.704,-0.505
2815,0.543,1.018,0.239,0.647,0.406
2816,-1.804,-0.398,1.053,-0.201,-1.168
2817,0.557,-1.406,0.737,-0.188,-0.964
2818,-1.115,0.619,-1.399,-0.945,0.048
2819,0.969,-1.178,-0.67,0.995,-0.666
2820,0.298,-0.415,0.256,0.432,0.718
2821,0.028,-0.998,-1.441,-0.709,0.481
2822,1.955,0.484,-0.541,0.439,0.402
2823,1.444,0.524,1.605,1.141,-1.424
2824,0.914,0.701,1.358,-1.661,-0.344
2825,-1.169,-1.563,-0.62,0.431,-0.791
2826,1.14,2.677,1.815,-1.306,0.254
2827,-0.76,0.992,-0.217,1.663,-1.777
2828,0.113,2.058,-0.725,-0.111,-0.329
2829,0.744,1.676,0.309,-0.427,0.844
2830,0.088,-0.47,-0.958,-1.709,0.024
2831,0.189,1.317,-1.301,-1.108,0.389
2832,-1.67,-1.125,1.689,0.134,1.125
2833,-0.688,1.653,-1.042,-0.749,-0.655
2834,-0.548,-0.409,-1.052,1.25,0.41
2835,0.984,-0.473,-1.379,-0.032,0.259
2836,0.649,1.032,1.287,1.628,0.181
2837,2.94,-1.289,0.169,-1.673,1.117
2838,-1.183,-0.157,0.472,-0.84,-1.302
2839,-1.538,-0.499,-0.543,0.516,-1.592
2840,0.9,0.414,-0.07,-0.399,0.509
2841,0.387,0.22,-0.797,0.853,1.211
2842,-0.073,-0.414,1.237,0.363,-0.512
2843,-0.833,-0.211,-0.592,0.344,-1.613
2844,1.501,0.454,-0.373,0.085,0.162
2845,-0.792,3.172,-0.345,1.123,-0.338
2846,0.99,-0.418,-0.081,-2.168,0.315
2847,-1.75,-0.016,1.213,1.043,-0.244
2848,-1.127,0.376,-0.213,0.17,1.152
2849,1.232,-1.139,0.411,0.013,-0.766
2850,-0.982,0.576,0.344,-0.173,-0.695
2851,-0.072,-0.539,1.697,-0.727,-0.548
2852,-1.059,-0.779,-0.561,-0.751,-0.473
2853,-0.726,-0.25,-1.059,1.289,3.861
2854,-0.114,-0.121,-2.716,0.27,-0.546
2855,1.384,0.564,-1.13,0.951,-0.226
2856,-0.056,-0.052,-1.011,0.763,-1.721
2857,1.306,1.07,-1.748,0.133,-0.329
2858,1.094,-0.238,2.11,-0.123,1.3
2859,-1.689,-0.596,-0.755,0.139,-1.522
2860,-0.669,0.332,-0.11,-1.91,-1.031
2861,0.84,-0.274,0.228,-0.626,-0.242
2862,1.375,0.154,-1.823,-0.494,0.331
2863,-2.201,-0.227,-1.78,-0.686,-0.113
2864,0.56,0.213,0.482,-3.676,0.925
2865,1.069,0.78,-0.809,0.816,-1.749
2866,1.959,0.074,1.918,0.367,0.068
2867,0.819,-1.036,-0.081,-0.305,0.26
2868,0.732,-1.975,0.204,-1.782,0.368
2869,1.05,1.072,0.846,-0.12,-0.451
2870,0.824,-0.509,1.092,-0.5,2.899
2871,-1.107,0.787,0.364,-0.157,-0.516
2872,1.504,0.712,-0.267,1.323,-1.222
2873,0.093,0.827,-0.224,-0.458,0.293
2874,-1.368,1.079,-0.897,-1.016,1.141
2875,-0.157,-0.399,0.177,-1.248,-1.46
2876,0.83,0.878,-1.383,-0.095,-0.082
2877,-0.416,0.6,-1.684,1.077,1.994
2878,-2.154,0.563,0.567,0.278,0.587
2879,-0.254,1.57,1.226,-0.103,-0.828
2880,-1.588,-0.941,-1.261,-0.266,1.791
2881,-0.483,0.992,0.478,1.708,-0.875
2882,-0.874,-0.335,-0.812,-0.156,-2.725
2883,-1.04,0.167,-2.337,-0.566,-0.786
2884,1.306,-0.4,-0.817,-0.47,0.249
2885,0.142,-1.181,-0.925,1.784,-1.026
2886,0.177,0.582,0.016,-1.206,1.386
2887,-0.8,-1.363,0.908,0.272,-0.635
2888,0.368,-2.109,-0.196,0.392,-0.004
2889,-0.59,0.07,-1.167,-1.419,-1.264
2890,-1.045,-1.916,0.769,1.018,-0.383
2891,-0.536,-1.506,-0.858,-0.153,0.639
2892,1.845,1.597,0.656,-1.897,-2.359
2893,-0.015,-0.485,2.03,0.756,-0.431
2894,-0.914,0.038,0.272,-0.064,0.126
2895,-0.57,0.976,1.211,1.427,0.595
2896,-0.22,0.312,-0.711,0.218,0.089
2897,0.606,0.968,-0.52,-0.033,0.51
2898,0.43,1.212,0.084,-1.129,1.71
2899,-0.97,1.779,-0.985,0.609,0.596
2900,0.251,0.303,0.976,0.553,-0.199
2901,-0.445,-0.226,0.264,-0.287,-0.934
2902,-0.701,1.221,-0.074,-2.573,0.687
2903,0.43,-1.298,-0.069,0.927,-0.763
2904,-0.956,-0.863,-1.269,1.038,0.977
2905,-0.415,-1.665,0.813,-2.462,-0.386
2906,0.688,0.688,-0.644,0.733,0.481
2907,-0.817,-0.854,-0.143,0.42,0.534
2908,1.389,0.46,0.033,0.136,-0.007
2909,-0.51,0.144,1.637,0.365,0.388
2910,-0.472,-0.841,-1.889,0.297,0.577
2911,0.997,-0.689,0.895,-0.046,-0.197
2912,-0.943,2.307,0.376,-2.213,0.152
2913,0.657,0.616,-0.463,0.653,2.54
2914,-2.335,0.196,0.789,-0.129,-0.05
2915,-0.744,0.41,0.911,1.45,-0.265
2916,-0.499,0.85,-0.763,-0.512,-0.495
2917,-1.635,-0.047,-2.34,-1.976,0.705
2918,0.571,-1.159,-0.568,-0.147,0.603
2919,-1.676,-1.05,0.954,1.089,-0.443
2920,0.099,0.175,0.57,1.886,0.173
2921,-0.437,-0.403,-1.414,-0.18,1.154
2922,-0.555,2.293,-0.114,0.691,-1.909
2923,-0.085,1.212,0.813,1.862,0.641
2924,-0.197,-1.204,-0.541,-0.968,0.496
2925,-1.818,-2.138,-0.038,-0.03,-0.877
2926,-1.373,1.09,0.01,-0.711,2.13
2927,-0.97,-0.051,-1.194,1.3,0.368
2928,-1.45,1.514,0.776,-0.004,-0.944
2929,-0.994,1.912,-0.804,0.386,-2.095
2930,0.189,1.133,-0.399,-0.66,-0.979
2931,-0.892,1.48,-0.867,0.838,0.804
2932,-1.462,-0.389,-2.121,-0.242,-0.19
2933,-0.497,0.383,1.861,-1.169,-0.338
2934,-1.647,0.522,1.067,0.998,-1.194
2935,0.485,0.11,-1.0,-0.521,-0.825
2936,-0.439,-0.114,-1.757,0.6,-0.767
2937,-0.19,-0.57,0.766,-0.306,-2.104
2938,-0.753,0.015,0.647,2.04,-0.93
2939,-0.551,-0.095,0.136,1.034,1.125
2940,1.196,0.784,0.652,-0.08,1.369
2941,-0.506,-0.263,-0.997,-0.323,-1.08
2942,-0.017,1.108,2.67,1.088,2.057
2943,1.106,0.457,-0.763,1.202,0.494
2944,0.793,1.459,-0.204,-0.186,-1.601
2945,-0.726,0.759,-0.175,-1.29,0.976
2946,-0.176,0.663,0.072,-1.85,0.48
2947,-0.386,-0.384,-1.154,-0.668,-0.365
2948,1.01,-0.063,-0.457,1.149,-0.777
2949,0.57,0.157,-1.601,0.151,0.379
2950,-0.8,-0.615,-0.318,-1.13,-0.01
2951,0.672,1.024,2.23,-0.203,-1.048
2952,1.18,1.73,0.028,0.524,-0.687
2953,0.026,-1.005,-0.089,0.347,0.595
2954,0.922,1.323,0.914,-0.526,0.405
2955,0.315,1.254,0.633,-0.383,0.039
2956,-0.376,0.742,0.742,-1.491,-1.154
2957,-0.592,-0.091,0.765,-0.44,2.004
2958,-0.734,-0.346,0.625,-0.527,0.224
2959,-0.831,-2.197,-0.803,0.408,0.057
2960,-0.361,0.052,0.569,-1.226,-0.965
2961,-0.068,-0.626,1.33,-0.487,-0.532
2962,-0.656,-0.151,-0.665,0.172,1.094
2963,-0.673,0.483,0.507,0.303,0.31
2964,-0.298,0.703,0.64,0.78,-0.425
2965,1.157,1.132,-0.809,-0.751,1.648
2966,0.495,0.482,-0.836,-1.521,-0.171
2967,0.431,-1.874,0.789,0.396,0.571
2968,0.036,1.35,1.767,-0.334,1.166
2969,-0.254,-0.391,1.431,0.945,-0.4
2970,-0.325,1.795,-0.08,0.843,0.374
2971,0.424,0.424,-1.185,0.01,-0.972
2972,-0.549,1.45,-2.123,-0.937,0.521
2973,-2.875,-0.271,0.194,2.31,-0.251
2974,1.15,1.958,1.447,-0.888,1.026
2975,-0.864,-0.202,-0.711,-0.296,0.853
2976,1.252,-0.823,-0.659,-0.443,1.099
2977,-0.495,-2.039,1.169,0.312,-0.467
2978,-0.084,0.13,-0.797,0.043,-0.869
2979,0.309,0.154,1.408,0.505,0.661
2980,0.614,0.517,0.614,0.583,0.031
2981,-0.286,-0.788,0.858,0.468,1.201
2982,0.283,0.366,-0.153,-0.599,-1.66
2983,1.084,-1.863,0.703,0.465,0.555
2984,-0.481,0.458,0.886,0.598,1.408
2985,0.522,-0.746,-0.479,-0.073,0.951
2986,-1.647,-0.882,-0.284,0.734,1.228
2987,-0.717,-1.291,0.81,0.7,-0.63
2988,-1.572,0.219,1.614,-0.999,-0.458
2989,0.862,-0.841,1.231,-1.342,1.619
2990,0.989,1.087,0.254,-0.561,0.759
2991,0.019,0.687,-0.582,0.942,-0.388
2992,-0.233,-0.512,-0.94,1.178,1.537
2993,-0.869,-0.916,0.483,-0.88,0.107
2994,0.022,-0.989,0.614,-2.546,-0.851
2995,1.421,-0.052,-0.235,1.884,1.536
2996,0.742,0.01,0.305,0.193,-0.848
2997,-0.305,-0.686,0.54,0.523,1.002
2998,0.113,-0.251,0.799,0.838,0.242
2999,-0.4,1.63,-1.64,0.637,-0.027
3000,-0.147,-0.323,-0.49,0.704,1.481
3001,-1.283,1.187,-0.566,-1.412,-0.726
3002,-0.434,0.759,0.194,-0.433,-0.782
3003,0.842,-0.589,1.042,0.618,0.247
3004,-0.011,1.691,-0.273,0.199,-0.742
3005,-0.14,-0.325,2.185,-0.554,-0.22
3006,-0.252,-0.058,-2.224,-1.175,0.151
3007,0.128,2.74,-1.225,1.727,1.674
3008,0.462,-0.652,0.108,1.545,0.777
3009,0.966,-1.193,1.484,-0.146,0.087
3010,-0.489,-0.402,0.805,1.478,-0.894
3011,-0.622,2.042,-2.059,0.731,-0.898
3012,0.85,0.962,0.632,-0.698,-0.172
3013,-1.064,0.549,1.278,-0.508,1.726
3014,1.631,0.533,-0.145,-1.533,-0.661
3015,0.724,-0.755,-0.39,2.029,-0.818
3016,0.144,-0.157,-1.558,1.169,2.402
3017,-1.574,-1.336,-0.321,-0.637,-2.201
3018,-0.137,-1.327,-1.67,-0.126,1.342
3019,0.724,1.094,1.379,1.143,1.628
3020,0.938,-0.125,-0.543,-0.484,0.822
3021,-2.104,0.896,1.453,-0.179,2.737
3022,0.703,0.929,-0.398,-0.053,1.285
3023,-0.083,0.266,-0.507,0.639,-0.093
3024,0.079,-1.014,-0.844,0.096,0.217
3025,-0.077,0.614,0.482,1.787,-0.374
3026,-0.482,0.372,-0.613,-0.99,-1.216
3027,0.932,2.462,-1.581,-0.227,-1.662
3028,1.173,0.351,0.515,1.5,1.227
3029,-0.718,0.467,0.739,-1.327,0.516
3030,-0.025,0.733,1.415,-1.791,0.788
3031,-0.773,-0.214,0.221,0.994,0.207
3032,1.241,-1.503,-0.063,0.33,1.539
3033,-1.543,0.035,-0.128,1.236,0.77
3034,-0.808,-2.312,-0.232,0.293,-0.394
3035,-0.087,-0.857,1.092,-0.93,0.36
3036,-0.732,-1.679,0.83,0.03,1.128
3037,0.916,0.843,-1.086,0.766,0.382
3038,0.475,-2.077,0.553,-0.736,0.921
3039,0.816,-1.133,-1.394,1.293,-2.288
3040,0.014,-0.515,0.048,-1.04,-1.784
3041,-0.577,0.041,1.64,2.128,-0.064
3042,0.101,1.495,-2.251,-0.105,0.919
3043,-0.648,0.29,-1.407,-0.977,1.405
3044,-0.671,1.377,0.819,-1.332,-0.867
3045,1.442,0.044,0.245,0.767,0.854
3046,0.545,-0.827,0.756,-0.044,-1.177
3047,0.869,-0.248,0.911,-0.932,2.064
3048,-0.607,-1.068,0.474,0.742,1.814
3049,-1.831,1.757,-0.925,0.799,0.538
3050,-0.337,0.626,0.917,-0.198,0.667
3051,-0.13,1.036,0.177,-2.26,-0.613
3052,0.718,-1.287,0.614,-0.19,-0.489
3053,-0.447,1.103,0.809,0.758,-0.572
3054,-1.374,-1.112,1.813,-0.478,-0.142
3055,1.765,1.474,-0.82,0.582,1.345
3056,-0.375,-0.205,1.196,-0.427,-1.088
3057,-1.576,0.586,-0.868,-0.407,1.851
3058,-0.805,-0.288,-0.71,-2.108,-0.541
3059,0.212,-0.388,-0.605,1.169,-1.085
3060,-0.615,1.137,0.866,2.023,0.362
3061,0.598,-0.255,-0.777,-0.547,-1.777
3062,-1.336,-0.621,1.883,1.105,0.014
3063,0.003,-0.828,0.039,0.112,-1.427
3064,-0.343,-1.665,-0.06,-1.678,-0.383
3065,1.748,1.723,-0.045,0.543,-1.548
3066,0.971,-1.606,0.485,-1.479,-0.34
3067,-1.933,1.588,-1.004,1.291,1.583
3068,0.428,0.637,0.235,0.197,-0.158
3069,-0.043,-0.008,-1.574,-0.26,0.698
3070,-1.848,0.357,0.482,0.405,-0.28
3071,0.15,0.829,0.266,-0.06,-0.818
3072,1.436,1.038,-1.18,-2.072,-0.458
3073,-1.277,0.316,-0.071,0.002,-1.002
3074,-0.448,0.574,1.265,-2.398,0.081
3075,-0.557,-0.585,-0.256,-0.969,0.25
3076,-2.121,0.034,-0.735,1.572,0.953
3077,-0.509,0.397,-0.164,-1.648,-0.159
3078,0.695,1.421,-0.879,0.942,0.209
3079,1.293,-0.607,-0.553,-1.731,-0.203
3080,2.419,-1.702,0.313,-0.941,-0.201
3081,0.926,-0.61,-2.058,-0.062,-0.179
3082,0.897,0.257,-0.082,-0.987,-0.949
3083,-1.548,-0.82,-0.445,-1.32,-2.206
3084,-0.716,-1.654,0.92,-1.196,0.22
3085,0.186,-1.388,0.569,-0.266,-1.128
3086,-2.081,-0.683,-0.038,-1.329,0.074
3087,0.755,1.887,-0.97,1.444,1.348
3088,1.208,-0.088,0.847,-1.077,-0.857
3089,0.125,0.057,-0.485,0.655,0.07
3090,0.179,0.402,0.52,-1.025,-0.246
3091,0.755,-0.032,0.016,-1.043,-0.669
3092,0.437,-0.962,0.593,0.33,-0.558
3093,0.936,0.611,0.893,0.312,-0.933
3094,1.421,-1.191,1.24,-1.584,0.868
3095,-0.122,1.969,-0.452,1.014,0.181
3096,-0.754,-0.486,0.958,-0.05,-0.01
3097,-2.913,-2.777,0.457,0.175,1.024
3098,-0.502,0.084,-1.987,-1.351,0.459
3099,1.698,0.414,0.544,-0.268,-0.526
3100,-0.446,1.331,0.088,-2.212,-0.674
3101,-0.457,1.204,0.073,-0.109,0.085
3102,-0.75,-0.817,-0.026,-0.212,-1.249
3103,-1.141,0.33,-0.534,1.213,0.393
3104,0.662,0.855,-1.143,-2.175,0.48
3105,0.543,-0.732,-0.782,-0.352,0.147
3106,0.596,-0.35,-0.227,-0.711,-0.933
3107,-0.714,-0.154,-0.473,1.23,-0.893
3108,1.599,-1.376,1.474,1.021,0.956
3109,0.088,1.105,-0.451,0.334,0.923
3110,1.035,-0.316,-1.721,1.806,0.758
3111,1.581,-0.773,1.618,-0.578,0.115
3112,-0.282,1.179,0.144,1.833,1.411
3113,1.051,-2.203,-0.956,0.238,-0.014
3114,-1.168,-0.697,-1.466,0.223,0.286
3115,-0.289,-1.934,-0.009,0.702,0.497
3116,0.789,0.434,-0.112,-1.728,0.668
3117,-2.161,-0.924,0.167,0.774,0.537
3118,-0.79,-0.082,0.289,1.457,-1.909
3119,1.42,2.021,-1.81,-0.195,0.745
3120,-0.197,0.732,-0.67,-0.588,-0.18
3121,0.17,-1.51,-0.383,1.958,-0.802
3122,-1.31,-0.587,-0.826,0.398,-0.834
3123,-1.784,-1.514,0.391,0.088,0.474
3124,-1.412,-0.779,-2.098,-0.048,-0.746
3125,-0.851,1.033,0.311,-0.204,-0.45
3126,-0.077,0.075,1.588,-0.345,-1.428
3127,-1.157,-0.606,-0.703,-0.727,-0.938
3128,-0.852,0.017,0.384,-0.272,0.29
3129,0.877,-0.215,-0.407,-1.391,-1.338
3130,-1.082,0.778,1.891,0.538,-0.37
3131,1.613,0.185,-0.088,-1.958,1.824
3132,0.406,-0.497,-0.703,-1.674,-0.815
3133,-0.634,-0.585,-0.101,-0.691,0.145
3134,0.701,-0.881,-0.74,-0.599,1.255
3135,0.439,-0.718,-1.059,0.381,0.057
3136,0.238,1.238,-1.129,0.257,0.541
3137,0.696,0.783,-1.762,1.124,-0.433
3138,0.263,0.581,-0.809,0.155,-0.647
3139,-0.218,0.163,0.317,-1.116,0.978
3140,0.278,-0.302,-1.103,0.617,1.493
3141,2.016,-0.344,-1.188,0.74,1.816
3142,1.841,-1.948,1.735,-0.851,0.499
3143,-0.672,0.345,-0.058,0.902,1.522
3144,1.553,2.194,-0.837,-1.4,1.949
3145,-0.496,-0.339,-0.709,0.169,-0.438
3146,-1.808,0.236,1.401,0.59,0.602
3147,0.922,0.208,-0.586,0.562,-1.108
3148,0.998,0.645,-0.363,0.1,-0.093
3149,-0.544,0.98,0.919,-0.223,0.018
3150,0.335,0.219,0.239,0.73,-0.319
3151,0.5,0.111,-0.213,0.352,-0.184
3152,0.833,-0.706,-0.337,-0.702,-1.147
3153,-0.657,-1.44,-0.391,-0.816,0.347
3154,0.081,0.828,-0.613,-2.073,1.068
3155,1.106,1.445,-1.043,0.446,-0.36
3156,0.872,-0.7,0.091,1.773,-1.066
3157,0.319,-0.428,0.71,-1.865,-0.008
3158,-0.895,0.713,0.971,0.384,-0.266
3159,-0.415,-1.205,-0.131,-0.195,-0.32
3160,0.702,-0.718,0.215,0.646,0.805
3161,-1.195,1.367,-1.173,2.594,-0.248
3162,-0.067,-1.195,-0.507,0.443,0.303
3163,1.423,0.343,0.736,0.075,-0.716
3164,2.227,0.213,0.66,0.485,-0.941
3165,-0.888,-1.589,0.729,0.033,-0.374
3166,-0.339,-0.503,-1.069,0.865,1.1
3167,0.616,0.069,-0.111,-0.498,-0.401
3168,-0.722,-0.356,-0.826,0.826,0.15
3169,1.254,-0.357,-0.013,-0.879,-0.383
3170,0.101,0.41,0.582,1.418,0.199
3171,-0.693,1.651,0.925,0.446,-2.498
3172,-0.92,0.812,1.056,0.63,-0.089
3173,-1.226,-1.553,-1.433,0.839,-0.932
3174,-0.059,-0.396,0.089,0.264,2.785
3175,-0.309,-1.369,0.398,-0.406,0.77
3176,1.313,-0.957,-0.704,-1.393,0.218
3177,-1.565,-1.345,-2.399,-0.203,0.369
3178,0.58,0.99,0.146,1.374,-0.918
3179,0.736,0.32,-1.423,-0.294,0.803
3180,0.13,0.496,-0.291,-1.111,0.869
3181,-1.033,-2.005,-1.776,0.499,-0.968
3182,-1.925,0.776,0.667,0.2,1.252
3183,0.484,1.66,0.357,1.38,-0.324
3184,-0.261,-1.193,-0.184,-0.553,-0.251
3185,0.907,0.589,0.391,0.948,0.927
3186,-1.14,0.499,-1.387,1.683,0.834
3187,-0.149,1.877,1.596,0.726,-0.433
3188,-1.812,0.251,-1.218,1.667,-0.404
3189,0.325,0.063,0.033,0.892,0.386
3190,0.484,-0.653,0.374,1.012,-0.325
3191,0.731,0.948,-0.053,0.817,1.631
3192,-0.437,0.708,-0.897,0.593,-0.61
3193,-0.734,-0.344,2.557,0.16,-0.168
3194,0.717,-1.671,0.048,-1.056,-1.749
3195,-2.362,0.226,0.07,1.353,0.511
3196,1.608,-0.565,1.61,0.278,-1.266
3197,1.322,0.249,-0.373,0.338,0.615
3198,-0.25,-1.797,0.342,0.632,-1.529
3199,-0.263,0.203,0.68,-0.378,-0.199
3200,-0.408,-1.193,-1.069,-0.367,-1.055
3201,-1.792,-0.431,0.163,-0.393,0.474
3202,0.72,-0.847,-0.871,-0.011,0.165
3203,0.746,0.184,0.306,-0.603,0.304
3204,-1.422,0.569,-0.244,-0.085,-0.843
3205,-1.647,-1.25,-1.813,0.542,-0.365
3206,0.257,-0.163,0.608,-1.498,-0.446
3207,0.187,-0.049,0.922,-0.264,0.853
3208,2.242,-1.813,-1.48,-0.109,-0.737
3209,-0.792,0.462,0.094,-0.515,-0.452
3210,0.645,-0.206,-1.231,-0.118,-1.97
3211,-2.411,-0.858,-0.497,-0.578,-0.352
3212,-0.618,0.403,-1.023,-0.03,-1.186
3213,0.442,-0.867,-0.544,0.681,-0.555
3214,-0.182,-0.383,-0.965,0.409,0.129
3215,-0.089,-1.99,-1.127,1.754,-0.537
3216,-1.47,-1.273,-0.165,0.955,1.618
3217,-1.075,-1.052,-0.014,-0.663,2.631
3218,-0.895,1.499,0.089,0.816,0.934
3219,0.171,0.216,-0.975,-0.311,3.369
3220,-0.272,-0.812,0.115,0.418,1.311
3221,0.291,-0.903,0.637,-1.923,-1.166
3222,-0.07,1.704,-0.389,-0.823,0.031
3223,-1.746,-0.1,1.901,1.525,0.172
3224,0.22,0.389,1.911,-0.068,-1.137
3225,0.314,0.174,-1.794,-1.728,-0.59
3226,-1.054,-0.785,1.925,-1.594,0.331
3227,0.393,0.588,1.738,-0.891,-0.814
3228,-0.934,-0.25,-0.398,1.009,1.427
3229,-0.744,0.25,-2.265,0.521,0.143
3230,-0.669,-0.294,-2.648,-1.479,1.518
3231,-0.241,-0.732,-0.698,-0.873,-1.419
3232,-1.647,-0.031,0.965,0.297,-0.973
3233,0.293,-0.251,-0.284,0.429,-1.21
3234,0.402,0.723,-0.766,1.106,-0.845
3235,0.237,0.464,-0.852,0.673,-0.817
3236,1.326,-0.609,-0.84,-1.274,0.962
3237,1.254,-0.194,-2.475,-2.622,-1.098
3238,-1.229,0.103,1.211,0.499,1.895
3239,0.159,-0.36,-1.003,0.785,2.289
3240,-0.858,2.278,-0.888,-0.917,-0.793
3241,1.468,-1.052,-0.725,0.87,-0.085
3242,-0.704,1.377,0.267,1.274,-0.385
3243,-0.785,-1.113,-0.904,-1.189,-0.666
3244,1.627,1.073,1.404,-0.607,-0.532
3245,0.363,1.454,-1.428,1.218,-0.545
3246,-0.072,-0.064,1.646,-0.647,1.824
3247,-0.492,-0.175,-1.089,-0.583,-1.889
3248,-1.687,0.612,0.31,-0.053,0.593
3249,-0.404,0.623,0.379,-1.022,-0.277
3250,0.593,-0.523,0.22,-1.43,-0.349
3251,0.179,-0.805,0.422,-0.712,-0.857
3252,-0.127,0.21,-0.363,1.425,-1.364
3253,-0.335,1.415,0.065,0.047,0.253
3254,-2.452,-0.226,-0.441,1.666,-0.761
3255,-2.148,1.034,-0.933,-0.036,-0.799
3256,0.365,0.311,-0.296,-0.155,-1.543
3257,-0.752,1.59,0.43,0.118,-0.462
3258,2.283,2.583,-0.353,-0.381,0.789
3259,-0.017,1.188,-1.971,-0.44,-0.432
3260,0.924,0.723,0.766,0.336,0.582
3261,0.118,0.329,-0.231,0.035,1.441
3262,-0.111,1.206,-1.262,-0.252,-0.016
3263,0.088,-1.632,2.25,1.859,-0.232
3264,0.616,-0.718,-0.041,-0.795,-0.868
3265,-0.369,-0.303,0.483,-0.202,0.706
3266,0.46,-0.196,1.458,-0.311,-0.679
3267,2.016,-0.739,2.492,-0.778,-0.978
3268,-0.282,1.981,-1.064,-0.846,1.092
3269,-0.318,-0.566,0.687,-0.139,1.648
3270,-2.094,1.725,-0.297,0.707,0.013
3271,0.059,-0.481,-0.988,0.456,0.953
3272,0.964,0.497,0.704,0.709,1.37
3273,-0.63,0.383,1.038,-0.047,1.574
3274,0.644,0.206,1.728,0.017,1.001
3275,0.798,-1.258,-0.097,-1.392,0.894
3276,-0.369,-0.874,-0.266,0.773,-0.048
3277,-1.196,2.003,-0.359,-1.404,-0.91
3278,0.962,1.192,0.121,0.648,-1.557
3279,-0.745,-0.645,-0.467,-0.07,-0.737
3280,-1.615,-1.087,-0.965,0.412,0.35
3281,-0.208,-0.746,-1.835,0.985,0.487
3282,-0.517,-0.282,-0.112,-1.391,0.585
3283,-1.586,-0.288,-0.212,0.607,1.041
3284,-0.856,-0.704,-0.741,-0.877,2.733
3285,-1.623,0.675,0.355,1.668,0.667
3286,0.464,1.086,1.487,-0.133,-0.701
3287,-0.989,-0.026,-0.238,0.885,-1.291
3288,1.001,1.302,0.288,-0.223,1.316
3289,1.667,-0.704,2.18,0.269,0.802
3290,1.682,-0.234,0.626,0.399,0.635
3291,0.088,0.193,0.469,-1.247,1.431
3292,0.195,0.476,1.594,-1.684,-0.466
3293,0.863,-0.532,0.788,-1.436,-0.773
3294,-0.509,0.731,-0.796,-0.689,0.498
3295,-0.063,-0.622,0.636,-0.545,-0.193
3296,-0.887,-2.457,0.537,0.821,0.129
3297,-0.435,-0.57,0.302,-0.697,1.629
3298,1.329,-0.047,-0.429,-0.881,-1.378
3299,-0.426,0.983,0.021,-0.574,-0.624
3300,0.359,0.039,0.994,1.818,-0.394
3301,-1.014,-0.448,-1.04,-0.193,1.301
3302,0.34,0.733,2.242,0.84,-1.467
3303,-1.31,0.759,-0.057,-0.696,0.54
3304,0.276,-0.163,-0.13,-0.82,1.512
3305,-0.863,-1.203,0.771,-0.187,-1.476
3306,-0.895,0.451,-0.104,-0.161,2.665
3307,-1.154,0.347,0.589,0.263,-0.907
3308,-0.827,0.092,0.524,-0.707,1.336
3309,-1.746,0.597,0.009,-0.716,-0.119
3310,0.234,-1.397,0.633,-0.073,-1.702
3311,1.99,-0.182,-1.129,0.324,-0.284
3312,0.481,1.381,-0.83,-2.422,-1.875
3313,2.263,0.592,-0.015,-0.774,-1.997
3314,1.767,-0.404,-1.199,-1.531,0.887
3315,0.931,-1.542,0.412,0.905,-0.901
3316,-1.391,-0.528,-1.006,0.432,0.323
3317,1.16,0.694,-1.051,-0.754,-0.472
3318,-1.187,-0.663,0.344,0.211,-0.322
3319,0.271,-1.081,0.974,0.777,1.25
3320,-0.094,-0.308,-0.732,-0.041,0.553
3321,-0.121,-1.503,0.56,0.315,0.308
3322,-0.303,1.159,0.543,0.619,0.152
3323,0.312,0.938,-1.705,-0.155,0.407
3324,1.033,-0.213,-1.98,-1.39,0.326
3325,0.508,-2.805,0.904,0.075,0.3
3326,0.149,-1.175,-0.584,0.43,1.358
3327,-0.195,1.838,-0.446,-0.207,0.556
3328,-0.967,-0.63,-0.629,0.005,0.39
3329,0.242,-0.063,-1.327,0.071,-0.163
3330,1.929,-1.483,1.553,0.001,0.249
3331,-0.398,-1.829,0.768,3.645,0.899
3332,-0.548,-0.799,1.079,-0.259,1.2
3333,-0.669,-0.553,0.363,-0.159,0.582
3334,0.268,1.635,-0.174,1.978,-1.042
3335,0.691,0.11,-1.079,-1.031,1.246
3336,-0.891,-0.182,-0.981,1.791,0.727
3337,1.976,0.099,-0.461,-0.349,0.637
3338,0.199,-1.464,-0.13,0.208,-0.901
3339,0.226,0.867,1.143,0.006,0.058
3340,-0.831,-0.104,-1.511,0.159,-1.402
3341,-0.81,-1.028,-3.062,-1.251,0.409
3342,-0.032,-1.35,-0.68,-0.327,1.249
3343,0.988,0.576,0.83,0.334,-0.312
3344,0.314,-0.226,-1.501,0.23,1.045
3345,-0.415,-0.688,0.102,0.004,-1.366
3346,0.862,-0.615,-0.301,0.705,-1.595
3347,0.909,-1.455,0.569,0.963,1.292
3348,-0.396,-0.995,0.406,-0.377,-0.881
3349,-1.207,-0.127,-2.985,0.554,0.828
3350,-0.126,2.13,-0.784,-0.682,-0.091
3351,-0.228,0.255,-1.782,-0.61,-1.385
3352,-1.548,-1.691,-0.038,-0.516,0.296
3353,-0.237,0.229,1.122,-1.723,-0.187
3354,0.965,-0.996,0.436,0.363,-1.276
3355,0.508,-0.387,-0.551,-1.195,-1.704
3356,-0.306,0.972,0.422,0.029,-0.254
3357,-1.422,0.07,-0.883,1.518,-0.326
3358,-0.887,1.068,-0.557,2.186,0.156
3359,0.82,-0.161,0.058,0.71,-0.141
3360,-0.169,-1.496,-0.111,0.608,0.616
3361,-0.029,0.415,-0.698,-1.137,1.504
3362,1.177,-1.382,-1.012,-1.263,-1.342
3363,0.622,-1.136,1.781,1.647,0.92
3364,-1.706,0.338,-1.152,0.973,-2.31
3365,-0.696,-1.279,-0.825,-0.166,-0.144
3366,0.091,1.072,-1.221,0.005,-0.508
3367,-2.681,2.331,0.94,-0.374,-2.008
3368,1.867,3.3,0.085,-0.953,-0.207
3369,1.047,-0.267,0.005,0.115,0.737
3370,-0.956,-1.983,0.36,1.474,0.65
3371,-0.71,-0.39,0.293,0.651,-1.627
3372,1.088,-0.427,0.908,-0.153,0.53
3373,-0.466,-0.025,-0.881,1.83,1.437
3374,-0.695,-1.385,0.545,1.364,1.469
3375,0.509,-0.478,-1.825,-0.116,-0.908
3376,1.023,1.423,0.888,1.229,-0.682
3377,-0.01,0.576,-0.693,-0.332,0.538
3378,0.838,1.136,-0.833,-0.79,-1.088
3379,1.115,-1.414,2.011,0.475,0.515
3380,-0.947,2.306,-0.186,-0.158,-0.288
3381,-1.404,0.262,0.372,0.186,0.237
3382,0.535,-0.957,0.19,0.855,0.894
3383,0.306,1.38,-0.81,0.436,-0.024
3384,-0.346,-0.122,0.957,-0.172,0.281
3385,0.405,2.841,0.096,0.695,1.163
3386,0.232,2.1,-1.038,0.213,-1.366
3387,1.432,-2.668,-1.868,-0.622,-1.907
3388,1.121,0.396,1.766,-1.818,0.837
3389,-0.83,2.68,0.545,-0.966,0.47
3390,-0.419,-1.094,0.687,1.525,-0.099
3391,-0.03,0.05,0.03,-1.977,-0.398
3392,-1.305,0.947,-0.678,0.639,-0.234
3393,-1.302,0.991,0.42,0.301,0.389
3394,0.944,0.376,0.563,-1.743,1.111
3395,0.129,0.779,-0.332,0.923,0.898
3396,-0.434,0.25,1.125,-0.287,-0.066
3397,1.769,0.161,1.376,0.949,-0.651
3398,-0.275,0.68,-1.58,-1.147,0.067
3399,0.031,1.071,-0.943,-0.948,-1.293
3400,0.314,-0.614,-1.781,0.458,-1.186
3401,0.608,-0.007,1.97,1.369,2.368
3402,-0.499,-0.542,-0.357,-0.888,0.267
3403,2.34,-0.224,0.975,-1.072,0.804
3404,-0.744,-1.302,-2.151,-0.561,1.422
3405,-0.088,-0.746,2.217,-0.441,1.444
3406,-0.852,1.167,2.3,1.506,-0.726
3407,-0.428,1.279,1.403,0.521,-0.579
3408,-2.156,0.737,1.555,-0.023,0.734
3409,2.871,-0.071,-0.171,1.811,-1.015
3410,-0.965,0.413,-0.02,0.196,-0.028
3411,0.003,0.551,-0.108,-0.244,2.115
3412,0.265,-0.368,0.33,1.789,0.976
3413,0.619,-1.417,0.497,-0.866,-0.687
3414,0.747,-2.857,-0.252,0.838,-1.719
3415,-0.567,-1.368,-0.784,1.761,-0.91
3416,-0.473,0.962,0.824,0.553,-1.443
3417,-0.231,1.126,0.163,0.637,-0.869
3418,0.662,-0.913,0.999,-1.828,-1.337
3419,-0.01,-1.497,0.234,-0.144,-1.936
3420,0.423,1.709,-0.615,-0.237,0.39
3421,-0.512,-0.012,2.365,-1.063,-1.513
3422,0.683,0.604,-0.693,1.061,-0.104
3423,0.632,-0.295,-1.118,1.199,0.425
3424,-1.595,1.631,-0.793,-0.964,-1.378
3425,0.471,-1.23,0.51,0.598,-3.544
3426,-1.232,0.148,0.05,-0.932,0.758
3427,-0.484,0.331,0.161,0.146,-0.02
3428,-0.634,0.53,-0.492,-1.174,-0.408
3429,0.068,-0.834,-0.586,-0.193,-0.766
3430,0.889,-1.955,-0.13,0.894,1.246
3431,1.118,1.443,0.104,0.47,1.283
3432,1.346,0.358,0.812,-0.432,-1.559
3433,1.025,0.311,0.02,-0.62,0.8
3434,0.191,0.722,-1.408,0.221,0.375
3435,0.193,1.468,-0.714,0.586,1.002
3436,-0.947,-0.957,-0.029,-0.149,-0.384
3437,-1.784,-1.473,0.083,-1.017,0.31
3438,-1.187,0.587,0.572,0.219,0.065
3439,0.62,0.102,0.944,0.042,-0.233
3440,-0.014,1.035,-0.649,-0.11,0.467
3441,-1.356,-1.891,0.043,0.984,-1.072
3442,-0.735,0.582,-0.209,1.602,0.512
3443,0.275,-0.42,-0.159,0.956,-0.463
3444,-1.229,-0.216,0.743,0.645,0.088
3445,1.957,0.141,-0.985,-0.97,-0.201
3446,-0.169,1.215,-0.418,-0.177,0.324
3447,-1.006,1.457,1.086,0.521,0.653
3448,0.456,-0.043,-0.87,0.184,-0.321
3449,-1.346,-1.818,-0.218,0.714,1.535
3450,0.309,0.02,-1.606,-0.119,-0.076
3451,2.445,-0.847,1.295,0.026,-0.19
3452,-0.29,0.363,1.94,-0.366,1.118
3453,-1.46,-0.956,-2.782,1.931,-0.337
3454,1.041,-0.144,0.648,0.439,-1.571
3455,0.291,0.764,-0.26,0.666,-0.101
3456,-0.016,0.144,-0.014,1.394,0.326
3457,0.175,-0.703,2.189,1.186,0.138
3458,-1.221,-1.14,-0.454,0.173,-0.402
3459,0.217,1.086,0.772,-0.707,-1.188
3460,0.131,-1.984,-0.36,0.223,-0.638
3461,0.327,1.482,1.623,-1.321,-1.104
3462,-0.776,-1.033,0.153,1.847,-1.309
3463,1.425,-1.956,-0.059,-0.952,-0.742
3464,-0.462,-0.146,0.994,-0.977,-0.379
3465,1.574,0.294,-0.125,0.499,1.214
3466,0.416,-0.914,-0.674,0.305,-0.248
3467,-0.627,-0.13,0.604,0.445,0.687
3468,0.697,0.682,-1.976,-1.855,0.22
3469,-0.187,-1.353,-1.504,0.149,-0.739
3470,0.71,0.355,2.276,-0.035,-0.259
3471,1.728,0.605,0.856,0.128,0.342
3472,-0.674,1.141,-0.822,1.058,-1.1
3473,-1.149,1.455,-0.206,1.317,1.74
3474,1.233,-0.675,-0.359,1.625,-1.533
3475,-1.929,1.027,-1.423,-1.06,1.096
3476,-0.612,-0.375,-0.496,-1.043,-0.672
3477,0.116,1.731,-1.69,-1.06,-0.564
3478,-0.297,-0.223,0.959,0.328,-0.163
3479,0.983,0.647,0.139,0.995,0.789
3480,0.178,0.176,-0.538,1.024,-1.914
3481,0.056,-1.245,0.97,0.067,1.003
3482,0.425,-0.097,1.76,-0.084,0.135
3483,-0.915,0.925,0.35,0.457,0.186
3484,1.167,-1.823,0.03,-0.812,-0.193
3485,-0.068,-0.121,1.292,1.095,-0.585
3486,0.322,-1.22,-1.008,-0.09,0.59
3487,-0.53,-0.388,-0.665,-0.162,0.712
3488,-0.821,-0.119,-0.238,1.761,1.458
3489,-1.182,0.167,0.047,1.012,-1.578
3490,1.138,0.829,-1.401,-0.842,-0.633
3491,-1.61,1.133,0.355,-1.323,-0.608
3492,0.178,1.169,-0.04,-0.542,0.759
3493,0.786,-2.094,-0.422,0.635,0.227
3494,-0.991,-1.284,-0.374,0.65,-1.029
3495,0.988,0.446,0.048,-0.22,1.547
3496,0.46,-1.012,-1.026,-1.211,1.297
3497,1.578,-0.48,0.572,1.04,-0.122
3498,0.019,-1.31,1.172,-0.404,-1.278
3499,0.88,0.493,0.811,-0.485,-0.497
3500,0.556,-0.129,1.175,-0.861,0.838
3501,2.373,-0.84,0.168,0.685,0.165
3502,1.188,0.99,0.237,1.303,-0.985
3503,2.147,1.742,0.293,-0.083,0.696
3504,-0.581,0.221,0.911,0.788,0.495
3505,0.504,-1.874,0.483,0.435,0.531
3506,1.879,0.807,-1.805,1.017,-0.446
3507,0.72,-0.5,-2.361,-1.32,1.914
3508,-0.122,-0.387,-0.933,0.693,0.06
3509,0.673,-0.439,0.388,-0.292,0.88
3510,1.9,-0.509,0.187,-0.028,-0.235
3511,-0.034,1.077,-0.173,-0.2,0.164
3512,0.048,0.342,-0.11,0.312,0.478
3513,1.661,-2.372,-0.517,-0.065,-0.718
3514,-0.544,-1.015,-0.112,-1.361,-0.131
3515,-1.116,-0.631,-0.791,1.168,1.805
3516,0.315,0.629,-0.2,-0.083,0.719
3517,-0.211,0.774,-0.264,0.437,0.851
3518,-0.698,1.259,-0.89,0.714,-0.229
3519,1.258,0.609,0.064,1.728,0.17
3520,2.349,-2.091,0.335,-1.182,-0.318
3521,0.1,-0.385,-0.655,0.368,-0.351
3522,0.084,0.743,0.362,1.096,0.443
3523,-0.635,0.831,2.07,0.894,-0.925
3524,0.587,0.36,-1.877,0.244,0.704
3525,-0.466,1.647,0.384,1.815,0.129
3526,-1.598,-1.885,1.603,0.497,0.679
3527,-0.846,0.202,1.047,-1.313,1.338
3528,-0.1,-1.947,1.108,-1.646,-0.436
3529,-0.12,0.826,-0.144,-0.199,-0.268
3530,1.393,0.192,-0.373,-1.458,0.389
3531,0.632,-1.454,1.155,0.076,1.476
3532,0.823,-0.434,-2.089,-1.604,0.576
3533,0.907,-0.363,0.683,0.671,-2.013
3534,0.116,2.666,0.242,-1.173,0.523
3535,0.145,0.105,-0.24,0.981,0.602
3536,-0.398,0.826,0.804,-0.629,-0.478
3537,0.824,1.536,-0.654,1.342,0.228
3538,-0.121,1.131,1.947,-2.132,1.854
3539,-0.501,-0.779,-0.4,0.735,2.355
3540,-0.491,-0.395,1.094,-0.217,-0.877
3541,0.864,-1.061,1.558,-1.278,-0.065
3542,0.752,-1.297,-0.42,1.356,-0.001
3543,-0.459,0.669,1.573,-0.423,-1.594
3544,0.161,-0.268,-0.603,1.092,0.653
3545,-0.513,1.33,0.804,-1.862,1.344
3546,-1.24,-0.406,-0.017,0.765,-0.096
3547,-1.095,0.11,-0.409,0.211,-0.323
3548,2.349,-0.26,-1.052,0.214,-0.434
3549,0.115,-0.695,2.705,1.021,0.244
3550,-0.861,0.834,-0.608,-0.906,1.828
3551,0.4,0.795,-1.836,-0.486,-0.814
3552,-0.47,0.138,1.761,1.865,1.471
3553,0.094,0.106,-1.226,0.536,-0.808
3554,0.081,0.378,0.575,-1.509,0.218
3555,-0.802,-0.135,0.652,0.472,-0.209
3556,1.478,-0.134,0.396,-2.005,0.562
3557,-2.384,0.311,1.684,-1.347,0.485
3558,-0.93,0.5,0.857,-1.153,1.614
3559,-1.385,-0.747,-1.094,-0.252,-0.864
3560,-1.586,-0.999,0.093,-0.69,0.242
3561,-1.297,1.437,-2.07,-0.69,0.329
3562,0.131,0.634,-1.817,-1.639,1.408
3563,-0.804,-0.385,-0.004,-0.173,-1.344
3564,-1.255,0.832,1.875,-0.529,0.453
3565,-2.251,-0.277,1.424,0.222,-0.656
3566,-1.217,-0.043,-0.21,-0.76,0.858
3567,-0.452,-1.788,0.82,0.974,-0.653
3568,-0.467,1.549,0.596,0.433,-0.174
3569,0.228,1.275,0.699,-1.377,1.075
3570,-1.328,-1.005,1.887,-1.015,-0.447
3571,-0.412,-0.249,0.966,0.818,1.409
3572,-0.634,-0.863,-0.044,-0.846,1.657
3573,-0.717,-0.112,0.267,0.154,0.803
3574,0.305,-2.69,-2.223,-1.346,0.742
3575,-0.017,-1.929,0.834,0.443,-0.729
3576,0.35,-1.947,-0.224,1.753,-0.305
3577,-1.235,-0.968,-0.979,0.123,-1.356
3578,0.969,-1.127,-0.002,1.031,1.927
3579,-0.778,0.237,-0.587,0.198,-1.217
3580,-1.147,0.186,0.994,-0.973,0.568
3581,0.414,1.757,-1.295,0.797,-0.319
3582,1.676,-1.267,-0.663,-0.16,0.611
3583,0.383,0.162,-0.702,-0.717,-0.577
3584,-0.03,0.321,1.465,0.526,-0.302
3585,0.656,0.354,-0.252,-1.028,-0.542
3586,0.388,0.095,-0.574,-0.328,0.381
3587,-1.297,0.055,-0.489,-2.127,-1.254
3588,-0.534,-0.255,0.518,0.761,-1.135
3589,-0.995,-0.146,-0.512,0.851,-1.349
3590,1.338,0.909,0.888,-0.662,-1.509
3591,0.192,0.296,0.835,-0.952,-1.995
3592,0.183,0.544,0.645,-2.103,-0.46
3593,0.236,-1.886,0.463,-0.729,-0.248
3594,1.412,-0.213,-0.808,1.064,-2.08
3595,-0.414,0.302,0.345,-0.13,1.494
3596,0.341,-0.097,-0.383,0.855,0.045
3597,-0.046,2.452,-0.041,-0.319,0.311
3598,0.801,1.315,-1.257,1.7,1.143
3599,-0.373,-0.486,0.457,0.979,0.891
3600,-0.838,-1.586,0.214,-0.919,-0.743
3601,1.487,0.105,2.191,-2.245,-0.279
3602,0.638,-0.14,-1.111,0.924,-0.347
3603,0.788,1.161,-1.03,-0.964,1.532
3604,1.523,-0.052,-1.296,1.268,0.077
3605,0.432,0.549,0.726,0.002,1.135
3606,0.233,-0.906,-0.066,1.833,0.717
3607,0.848,-1.086,0.212,-0.038,-0.119
3608,0.827,-0.779,0.819,0.637,0.995
3609,-0.071,-0.9,0.482,-1.13,0.621
3610,0.712,0.687,-0.39,0.274,0.157
3611,0.057,0.172,-0.664,-1.843,0.437
3612,-0.575,0.825,-0.574,-0.213,-0.055
3613,0.547,-0.335,-0.838,1.392,0.79
3614,0.227,0.05,1.554,-1.082,1.527
3615,-0.282,-0.251,1.411,-0.946,1.371
3616,-0.096,1.242,-0.828,0.087,-2.121
3617,-0.177,-0.171,-0.476,1.189,1.97
3618,-0.853,-0.129,0.42,0.755,1.727
3619,-1.691,0.816,0.87,0.949,-0.085
3620,1.919,1.822,-1.265,0.594,0.442
3621,1.254,1.165,-0.481,-0.281,-0.339
3622,0.05,0.609,0.023,-1.331,-0.199
3623,-1.188,-1.359,-0.83,-1.675,-0.995
3624,-0.889,-0.396,1.026,-0.431,-0.406
3625,-0.715,1.149,-0.377,-1.096,0.889
3626,-0.857,-1.94,-0.776,2.318,0.088
3627,-0.712,-1.248,-0.75,0.182,0.332
3628,-0.419,2.054,1.202,-0.688,-0.969
3629,-0.453,1.633,2.453,0.005,0.649
3630,-0.837,0.092,-0.145,0.419,-0.225
3631,0.313,0.693,-1.113,0.235,-0.261
3632,-1.08,-1.076,0.192,-1.468,1.807
3633,0.768,-0.601,0.289,-0.02,0.583
3634,-0.616,0.522,1.266,-0.132,-0.305
3635,-0.235,-0.284,0.0,-1.449,1.647
3636,-0.009,-1.911,0.346,1.777,0.137
3637,-1.976,-1.07,1.529,0.421,-0.196
3638,0.471,-0.313,-0.445,0.261,-1.657
3639,0.318,-0.495,1.842,-0.587,0.483
3640,0.804,-2.716,-1.067,0.94,-0.452
3641,0.745,-0.282,-0.02,-1.488,0.652
3642,-0.318,-0.978,1.215,0.514,0.117
3643,-0.007,0.64,-0.934,0.543,0.64
3644,0.574,0.41,0.155,0.013,-1.24
3645,-0.229,1.441,-1.245,-1.023,1.381
3646,-0.859,0.764,-0.93,0.527,1.355
3647,0.855,0.571,0.295,0.323,0.297
3648,-0.233,0.123,3.02,-0.86,0.903
3649,-0.926,1.15,1.108,-0.927,0.353
3650,-1.6,-0.911,-2.132,1.39,0.437
3651,1.097,-0.426,-2.091,-0.114,0.981
3652,-0.059,-0.076,-0.274,1.433,-0.351
3653,-0.482,0.254,-1.428,0.951,-0.832
3654,0.983,-1.075,1.721,-0.77,-0.622
3655,0.14,1.568,0.104,0.156,0.606
3656,0.758,-0.64,0.16,-0.808,2.214
3657,-1.334,0.865,-0.269,0.721,1.106
3658,1.182,-2.68,0.334,1.063,-0.335
3659,0.503,1.082,0.024,0.518,0.819
3660,-0.178,-0.602,-1.544,0.542,1.12
3661,1.434,-0.144,0.377,-0.381,0.297
3662,-1.424,0.301,1.574,0.133,-0.786
3663,2.089,-0.633,1.822,-1.863,0.167
3664,0.83,-0.097,-0.674,-0.23,1.665
3665,1.103,1.658,-1.255,-1.594,-0.903
3666,0.801,-0.062,1.001,-0.004,-1.169
3667,-0.482,-0.892,-0.277,-1.754,0.078
3668,0.029,1.469,-1.662,-2.455,-0.588
3669,-0.44,-0.307,1.861,0.137,-0.205
3670,1.448,-0.156,0.341,-0.123,-2.023
3671,2.538,1.027,-0.989,1.118,-1.871
3672,-1.635,-0.103,-0.601,1.015,0.235
3673,-1.016,-0.859,1.78,2.046,0.967
3674,0.291,0.251,1.965,-0.227,1.252
3675,-1.378,1.67,0.664,0.281,0.58
3676,0.327,0.633,-0.126,-1.602,0.943
3677,-0.063,0.857,-0.185,0.115,-0.305
3678,0.662,-0.767,2.671,0.488,0.195
3679,-0.315,-0.02,0.423,0.142,-0.484
3680,0.81,1.509,1.095,0.398,2.142
3681,0.282,0.121,-0.57,-1.416,1.242
3682,-0.742,-0.613,1.068,-1.837,0.284
3683,1.208,0.03,0.144,-1.218,0.662
3684,0.119,-0.274,-0.454,-0.125,0.475
3685,-0.66,-1.819,-2.545,-0.407,0.654
3686,-0.741,-0.17,0.15,0.124,-1.471
3687,-0.911,-0.037,0.144,0.719,1.194
3688,1.652,-0.385,-1.152,0.474,-1.055
3689,0.114,-1.293,-0.917,-0.661,2.02
3690,-1.508,-0.319,-0.827,1.414,-0.013
3691,-0.811,-1.404,0.99,1.58,-1.138
3692,-0.911,1.613,-1.101,1.101,-2.233
3693,0.49,0.905,-0.367,-0.648,-2.208
3694,0.61,0.433,0.725,0.724,-1.49
3695,0.153,-0.335,-0.64,0.81,-1.035
3696,0.73,-0.089,1.996,0.851,0.691
3697,-0.059,-1.185,0.916,-0.403,-0.6
3698,-0.543,-0.374,-0.544,-0.033,0.685
3699,0.18,0.763,-0.465,-0.971,-2.18
3700,-0.243,-0.216,-0.769,0.299,1.378
3701,-1.165,-0.067,-0.744,-0.02,-0.772
3702,-0.608,0.61,0.844,1.422,-0.355
3703,0.386,0.603,-0.705,-0.902,-0.644
3704,0.164,-0.47,-0.824,1.023,-0.864
3705,-0.289,0.558,-0.406,0.407,-0.114
3706,0.201,-0.955,-0.419,-0.123,0.718
3707,0.317,-1.031,-2.185,1.087,-1.428
3708,-0.233,0.548,0.164,-0.669,0.868
3709,0.552,0.915,-0.552,0.391,0.429
3710,-1.337,0.972,-0.598,-0.881,0.639
3711,0.677,-0.236,-0.903,0.533,-0.073
3712,0.172,0.667,0.22,-0.549,2.689
3713,1.011,-0.3,-2.101,-0.873,-0.817
3714,0.111,2.151,0.289,-0.276,-0.01
3715,0.036,-0.34,-1.762,0.915,0.073
3716,-0.426,0.068,-0.573,0.099,-0.87
3717,0.241,2.971,-1.218,-0.605,-1.3
3718,-0.694,-0.01,-0.434,0.079,0.786
3719,0.661,-0.127,0.656,-2.016,-0.423
3720,-0.694,-1.623,-0.309,0.742,-1.086
3721,1.241,0.157,3.47,0.384,0.239
3722,1.756,-0.107,-0.221,0.361,2.092
3723,0.631,1.995,0.908,0.453,-0.266
3724,0.5,0.591,-0.645,0.274,-0.327
3725,-0.988,1.727,-0.325,0.345,-0.745
3726,-0.988,0.313,0.674,-0.806,-0.382
3727,0.559,-0.152,-1.949,-0.72,0.39
3728,0.777,-1.04,0.179,-1.604,-1.348
3729,-0.88,-0.171,0.022,-1.036,-0.639
3730,0.887,0.665,-1.639,-0.234,-0.961
3731,-0.563,-0.757,0.759,-2.326,-0.525
3732,0.046,-0.158,-1.489,-0.695,1.605
3733,0.563,-0.954,0.331,-1.987,-0.59
3734,0.455,-1.163,-0.63,1.258,-1.583
3735,0.921,0.717,-1.055,0.023,-0.104
3736,-0.774,0.468,0.482,0.206,-0.32
3737,0.926,0.593,-0.302,-0.704,0.195
3738,0.146,0.405,0.406,-2.217,-0.885
3739,2.541,-1.17,-0.237,0.269,2.022
3740,1.811,-0.025,0.919,0.703,0.321
3741,0.715,1.738,-0.29,1.135,1.006
3742,-0.314,0.128,0.532,0.88,-0.794
3743,0.225,-1.204,2.332,1.081,0.855
3744,0.066,-1.549,-0.386,-1.915,-0.115
3745,0.587,-0.855,0.477,-0.615,-0.829
3746,1.143,-0.19,-0.802,-1.405,-0.454
3747,0.344,0.385,-0.124,0.28,-0.185
3748,-1.279,1.632,-0.24,-0.637,-0.377
3749,-0.037,-0.315,-1.891,1.105,-1.373
3750,-0.699,1.07,-1.532,-1.478,0.3
3751,-0.97,0.138,-0.241,-0.684,-0.494
3752,-0.886,1.56,0.938,-1.289,1.121
3753,1.495,-0.184,0.884,-0.741,-1.248
3754,1.05,-0.671,-1.065,-0.91,-0.338
3755,0.294,-0.623,-0.785,1.327,-0.79
3756,-0.576,-1.336,1.164,0.014,-0.315
3757,0.371,0.159,1.013,-0.148,0.99
3758,-1.316,0.886,0.549,1.841,0.993
3759,-0.568,1.371,1.456,0.049,-0.727
3760,0.093,-0.742,0.513,-0.341,-0.065
3761,-1.399,1.104,-1.126,-0.307,0.092
3762,-0.163,-0.04,1.324,2.004,1.915
3763,-0.989,3.263,0.667,-0.42,1.65
3764,-0.502,-1.365,-0.428,-2.179,0.103
3765,1.646,-1.035,1.641,1.361,-0.244
3766,0.612,-0.214,-0.82,-1.594,1.752
3767,1.918,-0.314,-1.08,1.009,-0.565
3768,-0.364,-0.849,1.136,0.215,-0.969
3769,-0.352,-0.755,0.041,-1.413,-0.133
3770,0.06,-0.713,-0.752,-0.298,0.535
3771,-1.383,-1.112,1.108,0.384,-0.822
3772,0.614,-0.464,1.066,1.45,-0.089
3773,0.725,-1.372,0.249,-0.456,1.092
3774,-0.986,0.471,0.717,0.489,0.23
3775,1.203,1.137,-0.166,0.186,-0.337
3776,0.993,0.674,-0.417,1.26,1.317
3777,-2.045,-1.093,0.564,0.295,0.591
3778,1.131,-0.157,-0.411,-1.35,-0.131
3779,0.385,-0.435,0.46,0.849,-1.273
3780,-0.741,-1.365,-0.513,-0.345,0.437
3781,-0.077,0.56,-0.121,0.555,-0.73
3782,1.427,0.699,-0.538,-0.659,0.727
3783,-1.031,0.035,-0.117,0.69,-0.541
3784,0.871,0.403,-1.699,0.915,-1.503
3785,-0.084,0.13,-0.154,0.51,-0.545
3786,0.509,-1.924,-0.003,-1.531,0.226
3787,0.127,-1.637,0.41,1.341,-0.927
3788,0.433,0.049,0.697,-0.591,1.499
3789,0.571,0.285,1.098,-1.219,-0.404
3790,1.125,0.905,2.073,-0.709,0.372
3791,0.455,0.764,-0.207,-1.046,-1.42
3792,0.468,0.542,0.487,0.919,-0.67
3793,-0.126,-0.366,2.835,-0.186,-1.289
3794,-0.356,0.2,-1.308,0.097,0.072
3795,0.6,0.997,0.711,-0.32,-0.556
3796,0.224,-0.816,-0.849,-1.193,-1.025
3797,0.099,0.403,0.914,0.453,-0.133
3798,0.637,0.549,1.481,0.179,0.395
3799,-0.017,0.456,0.29,0.046,1.909
3800,0.054,-0.226,-0.096,1.795,-1.628
3801,-1.804,0.038,-0.149,-1.223,-0.027
3802,0.95,-1.835,1.034,0.555,-2.086
3803,0.634,-0.907,0.796,-0.907,0.131
3804,0.562,0.074,-0.066,0.595,0.317
3805,0.495,-1.131,-0.553,0.393,-0.732
3806,-0.072,-2.139,0.268,1.513,0.635
3807,-1.105,0.555,-0.55,-0.789,-0.503
3808,2.306,-1.673,-0.161,0.164,0.451
3809,-0.348,-0.958,0.085,0.465,2.507
3810,0.129,-0.503,-0.495,-1.143,0.411
3811,-0.757,0.591,-0.852,0.338,-1.268
3812,0.244,-0.817,2.095,-0.305,-1.647
3813,1.719,2.137,2.165,0.225,-0.594
3814,0.844,-1.388,0.495,1.039,1.119
3815,1.511,-1.067,-0.878,0.843,-0.238
3816,-1.81,0.367,1.674,0.095,0.257
3817,-1.902,-0.309,0.007,-1.378,-1.395
3818,-1.423,-1.336,1.16,1.263,0.915
3819,-0.914,1.211,0.302,-0.735,-0.03
3820,-2.681,-2.218,-0.075,1.266,0.214
3821,0.01,0.261,0.207,-3.094,0.043
3822,1.036,-1.161,-0.513,-0.069,-1.032
3823,-0.961,-1.088,0.865,-0.387,0.247
3824,0.376,-0.716,0.496,0.51,1.055
3825,0.33,-1.599,0.767,0.439,-1.248
3826,0.363,1.726,-0.555,1.09,-0.38
3827,-0.472,-1.052,-1.132,0.596,-0.159
3828,-0.25,0.858,-1.331,0.766,-0.686
3829,1.184,1.052,0.893,-1.214,0.311
3830,0.862,0.681,1.221,0.353,2.114
3831,0.422,-0.949,0.265,0.094,-1.071
3832,-2.384,-1.022,-0.203,-1.489,-0.131
3833,-1.227,-0.098,-0.216,-0.22,0.736
3834,1.215,0.231,0.56,0.841,1.676
3835,-0.574,-0.074,0.19,-1.313,-0.45
3836,-1.093,-0.17,0.345,0.279,-0.296
3837,1.088,-0.762,1.232,-0.964,-0.869
3838,0.181,-1.479,-0.565,0.984,0.393
3839,-0.439,-1.334,-0.397,0.976,-0.419
3840,-0.49,0.313,1.593,-0.461,1.199
3841,-0.996,0.962,-0.067,1.408,0.56
3842,-0.478,0.765,-0.696,-0.115,1.005
3843,0.086,-0.552,-0.083,-1.555,-1.62
3844,-1.034,-0.398,-0.91,-0.215,0.25
3845,-0.686,1.411,0.544,-0.47,0.13
3846,1.542,0.936,-0.327,-0.321,0.413
3847,0.874,-0.909,-0.684,-0.824,0.515
3848,0.255,-0.826,1.915,0.475,-1.124
3849,0.496,0.016,-0.707,2.357,-0.268
3850,1.085,0.164,1.122,-0.212,-0.13
3851,-0.188,1.581,0.963,0.526,0.07
3852,-0.701,-0.287,0.991,0.744,-0.117
3853,1.18,1.376,-1.041,-0.643,-1.075
3854,-1.838,-0.807,-0.751,0.628,-1.66
3855,1.197,0.441,0.335,-1.427,-0.767
3856,0.931,-0.938,-0.206,0.324,1.836
3857,-0.77,-1.176,1.105,0.276,0.589
3858,0.465,0.285,0.8,-0.614,-0.297
3859,1.206,0.122,0.284,-0.755,0.028
3860,1.424,1.205,0.947,-0.375,-1.074
3861,0.395,0.549,0.785,0.439,0.563
3862,-0.944,1.077,0.258,1.133,0.374
3863,-0.268,0.977,-0.416,-1.122,-0.845
3864,0.973,-1.349,0.304,-0.06,1.244
3865,0.024,0.333,0.439,-0.908,-1.33
3866,-1.916,-0.113,-1.036,-0.297,0.943
3867,0.219,1.033,1.88,-1.117,-1.555
3868,1.263,1.801,-1.187,-0.435,0.454
3869,1.998,0.076,-2.115,-0.59,0.306
3870,-2.013,1.139,0.197,-0.271,-0.121
3871,-0.818,0.603,0.261,-1.584,1.231
3872,1.215,0.505,-1.61,0.076,0.651
3873,-0.436,1.566,1.144,-0.5,-0.122
3874,-0.116,-0.968,-1.989,-0.677,-0.158
3875,0.114,1.609,-0.175,0.667,-1.144
3876,-0.623,0.066,-0.035,1.042,2.622
3877,0.304,-0.779,-0.247,-1.669,0.404
3878,0.549,1.617,0.373,0.081,0.611
3879,0.839,-1.085,0.118,0.366,0.912
3880,-0.309,-0.625,-0.907,-0.029,0.712
3881,0.919,1.718,-0.218,-0.903,0.451
3882,0.188,1.106,0.46,-1.395,2.293
3883,-0.254,0.543,-0.171,-1.441,1.853
3884,0.351,0.659,-0.398,-0.511,-1.215
3885,0.641,2.167,-0.06,0.655,1.715
3886,1.267,0.416,-0.132,-0.557,-0.4
3887,0.069,-0.428,-0.178,-0.105,-0.808
3888,-0.57,-1.378,-0.517,0.831,-1.041
3889,-0.21,0.634,-0.18,0.158,0.943
3890,0.331,-0.219,0.645,-1.931,-0.607
3891,1.023,-1.784,-2.68,0.156,0.341
3892,-0.087,-1.948,0.516,-2.294,-0.727
3893,0.413,-2.745,-0.245,-2.059,-0.403
3894,-1.47,-0.112,0.478,0.344,0.161
3895,1.039,1.294,0.849,1.225,-1.461
3896,1.261,0.18,0.793,0.049,0.946
3897,-0.74,1.675,-0.81,-0.157,-0.304
3898,1.676,0.53,0.266,-0.229,0.162
3899,0.641,0.663,-0.478,-1.098,-0.508
3900,0.937,-0.352,-0.22,0.735,-0.292
3901,-0.699,0.641,-0.582,0.454,0.057
3902,1.468,1.889,-2.055,-1.417,1.196
3903,-0.489,-0.169,1.784,-0.974,-0.937
3904,0.744,-0.923,0.654,-0.434,2.747
3905,0.564,-0.113,-3.055,-0.551,-1.602
3906,-1.32,1.543,-0.277,-0.084,1.093
3907,1.307,-0.584,0.009,-2.111,0.539
3908,0.732,-0.774,0.322,0.486,-0.517
3909,-0.281,-0.21,0.956,-0.469,-0.902
3910,1.356,-0.452,0.164,-0.504,0.612
3911,0.806,-0.29,0.045,0.418,0.634
3912,-0.882,0.753,-0.341,0.174,-0.758
3913,0.224,0.48,0.433,-1.401,1.303
3914,2.157,-0.066,0.638,0.555,-0.874
3915,-0.879,-1.787,-0.774,-1.026,1.957
3916,-0.535,-0.129,-0.52,-0.076,-1.21
3917,-0.277,1.173,0.775,-0.832,1.166
3918,-1.416,0.457,-0.229,0.926,-0.84
3919,1.633,-0.737,0.085,-0.079,0.547
3920,0.862,1.086,0.231,-0.75,1.664
3921,0.816,-0.109,-0.44,-0.477,-0.092
3922,-0.475,0.342,0.515,0.635,0.489
3923,-1.221,-0.507,-1.107,0.166,1.005
3924,-1.643,1.525,-0.446,-1.315,-0.324
3925,2.217,-0.992,-0.375,-0.593,-0.157
3926,0.684,-0.303,0.654,1.966,0.138
3927,0.784,-1.354,-0.517,-0.218,-0.598
3928,1.734,-1.417,-1.63,-0.095,-0.108
3929,-0.854,-1.57,-0.635,-1.913,-0.912
3930,1.643,1.464,-0.473,0.198,1.048
3931,0.755,-2.681,-0.426,-1.571,-0.001
3932,1.048,0.553,1.204,-0.47,-0.304
3933,-0.401,-1.712,2.118,-0.154,1.828
3934,1.262,0.345,1.642,0.292,-2.133
3935,0.36,-1.054,-0.581,1.317,1.207
3936,-0.483,-0.892,-0.053,1.474,0.617
3937,0.655,-1.328,-0.425,1.06,0.264
3938,0.601,-0.715,-1.059,0.657,0.453
3939,-0.627,1.153,0.156,-1.47,-0.012
3940,-1.017,1.047,-0.896,0.96,0.274
3941,0.386,-1.061,0.36,0.674,-0.25
3942,1.309,0.572,-1.89,0.456,-0.513
3943,-0.314,1.046,0.406,0.428,0.723
3944,-0.132,0.2,-0.042,0.954,0.137
3945,-0.482,0.259,-1.301,-0.476,0.784
3946,-0.069,-0.459,1.208,-2.017,-0.912
3947,-0.842,-0.053,0.224,-0.009,-0.252
3948,-0.686,-0.19,-0.626,0.243,-1.844
3949,0.715,0.186,-0.145,1.149,1.065
3950,0.756,1.0,0.199,-0.524,-0.375
3951,0.468,-0.488,-0.175,0.228,1.062
3952,-0.197,-0.096,0.376,-0.245,0.912
3953,-1.719,-1.264,0.379,-0.015,-1.225
3954,-0.202,-0.762,1.2,0.38,-0.858
3955,-0.233,0.416,-0.269,-0.388,0.215
3956,0.056,1.584,-0.358,1.583,-0.04
3957,1.876,-0.86,0.453,1.063,0.539
3958,-1.07,0.501,2.592,-1.223,0.594
3959,1.556,0.59,0.15,0.533,1.04
3960,0.437,0.873,0.314,0.299,-1.069
3961,-0.13,2.702,0.776,-0.883,0.737
3962,1.646,2.152,0.786,1.238,-1.445
3963,-0.732,0.305,-0.716,0.493,0.172
3964,-1.387,0.759,1.483,0.103,-0.168
3965,1.472,0.115,1.555,1.441,0.433
3966,-0.138,0.108,0.055,0.891,-1.696
3967,-0.633,0.559,-0.824,1.53,-1.37
3968,0.476,-0.158,-0.837,-0.904,-0.734
3969,0.409,-0.405,1.473,0.146,0.607
3970,-0.204,0.24,-2.41,-1.511,1.31
3971,1.385,-0.376,-0.503,-1.291,0.611
3972,0.276,0.204,-0.177,-0.785,0.322
3973,0.465,-1.054,-1.561,-1.682,-0.409
3974,-0.37,1.228,-0.154,0.411,0.569
3975,-0.966,2.808,-0.525,1.12,-0.527
3976,-0.467,0.689,2.103,0.771,-0.41
3977,0.022,-1.331,-0.69,0.15,-1.162
3978,-0.267,0.934,-1.275,0.77,0.402
3979,-0.954,0.826,-2.774,-1.212,0.111
3980,-0.014,0.657,-0.694,0.995,-0.607
3981,-0.167,-0.775,-1.099,0.685,1.222
3982,-0.483,-0.64,-0.835,-1.308,0.999
3983,0.724,-0.825,1.889,0.345,-0.411
3984,-0.653,0.343,1.709,-0.902,0.134
3985,0.666,-0.504,0.869,-0.219,-0.794
3986,0.393,-1.309,0.575,0.352,-0.449
3987,0.354,-0.09,0.839,0.66,-0.41
3988,0.672,-0.029,1.737,1.256,-0.724
3989,0.969,-0.922,-2.141,0.356,0.168
3990,0.197,0.632,-0.419,1.506,0.704
3991,0.277,0.981,1.221,0.078,-0.377
3992,0.394,-0.321,-0.485,-0.053,-1.308
3993,-0.025,1.512,0.577,-0.358,1.361
3994,-1.046,-0.429,-0.108,0.182,-0.725
3995,-1.076,-1.151,1.039,-0.288,0.868
3996,-1.711,0.723,-0.777,-0.701,1.006
3997,0.033,-1.13,-0.154,-0.61,-0.973
3998,-1.223,-1.452,0.737,0.69,0.794
3999,1.21,-0.882,1.947,-0.49,-0.571
4000,1.257,1.258,0.05,0.488,-0.673
4001,-0.846,-0.022,1.313,2.674,0.969
4002,-0.563,-0.425,1.19,-2.082,0.83
4003,2.114,0.753,-0.451,-1.043,-0.55
4004,0.281,0.517,1.166,-0.499,-1.219
4005,-0.021,-0.598,0.804,0.864,0.648
4006,-0.277,-0.05,-0.687,-0.686,2.318
4007,-1.122,-0.128,-1.221,0.369,-0.993
4008,-0.307,0.946,1.675,0.852,-1.208
4009,-0.282,0.848,1.928,0.944,0.275
4010,-0.73,-1.439,0.579,-2.99,-0.35
4011,-1.065,-0.546,-0.579,-1.216,-0.144
4012,0.409,-0.578,-0.026,0.465,1.922
4013,-1.31,-0.025,0.988,0.993,-1.028
4014,-0.819,-0.135,1.017,-0.885,0.067
4015,1.625,0.549,-1.102,0.05,-1.14
4016,-0.084,-1.143,-0.285,-0.196,-0.348
4017,-0.449,0.896,0.712,0.218,-2.652
4018,-0.438,-0.418,-0.207,-0.102,-1.103
4019,0.232,-0.528,0.629,0.383,-0.917
4020,-0.602,-0.027,0.44,0.713,-0.837
4021,-0.207,0.021,1.306,1.529,0.139
4022,-0.097,-0.529,0.438,1.403,1.049
4023,0.677,-0.719,-1.422,1.04,-1.907
4024,0.906,-0.295,0.45,-1.058,1.401
4025,1.322,1.669,-0.873,0.753,0.457
4026,1.843,0.25,0.101,0.852,1.399
4027,0.548,0.227,-0.764,-0.535,-0.463
4028,0.714,0.128,1.292,-0.364,-0.006
4029,-1.276,0.519,-0.517,-0.664,-0.129
4030,0.908,0.395,0.041,-0.96,-0.686
4031,-0.236,0.193,2.171,-0.67,0.759
4032,0.434,1.347,-0.235,-2.138,-2.387
4033,-0.476,-0.634,0.678,-0.464,-0.436
4034,1.317,0.161,-0.236,-1.847,-1.016
4035,0.524,-0.677,0.323,-0.744,0.135
4036,0.41,-0.875,0.728,-0.145,-1.287
4037,1.421,1.27,-0.326,0.926,0.325
4038,0.433,0.327,1.06,0.385,0.686
4039,-0.057,0.344,-0.848,0.095,-0.507
4040,-1.547,0.921,1.256,-0.3,0.498
4041,-0.44,0.137,-0.846,-1.178,-0.389
4042,-0.892,-0.408,-0.135,0.607,-0.48
4043,-1.188,0.65,0.028,-1.152,1.444
4044,-0.214,0.664,0.445,-1.251,3.173
4045,-0.113,-0.432,1.98,-0.071,-0.908
4046,-0.046,1.57,-0.017,-0.127,-0.911
4047,-0.14,0.753,-1.464,1.239,-0.592
4048,-0.135,1.612,-1.301,0.458,0.445
4049,-0.644,-1.875,-0.254,0.342,-0.407
4050,-1.664,1.363,-0.257,0.597,-0.282
4051,0.303,-0.229,-1.946,0.597,-1.828
4052,1.879,-0.144,-2.095,0.333,0.306
4053,0.896,-0.037,-0.325,-1.144,1.809
4054,0.489,-2.096,-1.403,0.706,0.999
4055,-1.003,1.179,0.563,0.485,-0.761
4056,-0.132,-1.818,0.607,-0.609,-0.105
4057,1.001,0.299,-0.929,1.41,1.717
4058,0.196,-0.321,-0.36,-0.697,-0.117
4059,-1.286,0.13,1.296,0.11,0.036
4060,1.429,0.573,0.173,0.647,0.948
4061,-1.434,0.048,0.227,0.15,0.951
4062,-0.138,0.558,-0.156,-0.253,1.325
4063,-0.547,-0.123,1.495,0.65,-2.409
4064,0.413,1.421,0.052,0.714,-0.082
4065,-0.221,0.475,0.032,0.656,0.793
4066,0.305,-0.845,-0.072,1.82,-1.487
4067,-1.024,-1.583,0.771,0.88,-0.113
4068,1.34,-0.807,-0.444,-0.045,-0.977
4069,-0.424,0.558,0.438,0.659,-1.244
4070,-0.239,0.616,-0.804,-1.215,-0.177
4071,-0.135,0.244,-0.031,1.204,-1.237
4072,-0.834,1.115,-0.462,-0.687,0.723
4073,-0.084,-0.236,0.616,-1.05,-0.806
4074,0.295,0.124,1.058,0.697,-1.014
4075,0.613,-1.088,-0.869,-0.978,-1.071
4076,-1.039,-0.893,-0.659,0.107,0.826
4077,1.357,0.486,0.45,-0.753,1.425
4078,0.054,-0.656,-0.621,0.071,-1.391
4079,-0.692,-1.485,-0.109,-0.923,-0.086
4080,-0.92,0.405,0.625,-0.329,-1.739
4081,0.692,-0.051,1.459,-0.137,1.738
4082,0.436,0.159,-0.228,-0.134,-1.081
4083,0.24,0.803,0.371,0.881,0.368
4084,1.362,-0.104,0.567,-0.512,-0.115
4085,-0.741,-0.47,-0.039,-0.84,0.018
4086,-0.946,1.531,-0.229,-0.152,0.395
4087,-1.818,1.071,0.501,-0.898,-0.183
4088,0.266,0.359,0.336,-0.14,-0.734
4089,0.526,-1.449,-0.279,0.007,0.705
4090,0.383,-0.327,-0.033,1.363,-0.789
4091,1.485,0.05,1.218,-0.832,-0.561
4092,-0.307,-0.069,-1.389,0.48,-0.802
4093,0.435,-0.847,-0.585,0.275,-1.233
4094,0.096,0.617,-0.791,0.606,0.721
4095,-0.24,-0.569,0.222,-1.092,1.354
4096,1.331,-1.231,0.741,-1.986,0.679
4097,-0.492,0.91,1.089,0.544,-1.24
4098,-1.989,-1.281,0.686,0.769,1.253
4099,1.173,1.068,-0.085,-0.614,-0.782
4100,0.659,0.748,0.975,0.934,1.519
4101,-0.064,0.277,-0.959,1.223,0.033
4102,1.452,1.571,1.307,1.048,0.117
4103,0.183,2.346,0.141,0.526,-0.537
4104,-0.562,0.566,-0.223,0.546,0.87
4105,-1.211,1.132,-0.456,1.374,1.161
4106,-1.108,-0.483,0.267,0.506,0.748
4107,0.039,-0.286,-1.92,-1.241,1.086
4108,-1.027,-0.397,0.158,-0.087,1.19
4109,0.388,0.516,-0.665,-1.186,0.799
4110,0.755,1.24,0.224,0.112,-0.018
4111,-0.319,2.331,1.511,0.173,-1.328
4112,-0.425,0.817,0.135,-1.704,0.959
4113,-0.717,0.699,-1.642,-0.92,0.145
4114,0.76,0.024,0.57,0.887,-0.012
4115,-0.501,-1.021,-1.148,0.366,0.12
4116,0.368,-0.663,0.089,-1.142,-0.465
4117,0.412,0.186,-1.587,0.243,-1.786
4118,0.281,-0.616,-1.543,-1.144,0.488
4119,-0.067,0.1,-1.52,0.104,-1.879
4120,0.759,0.014,-0.151,-0.814,-2.502
4121,1.122,0.272,-0.658,-0.085,0.298
4122,0.357,-0.563,-0.059,-0.819,-0.825
4123,-0.131,2.323,0.114,-1.399,-0.634
4124,0.163,0.12,0.472,1.681,0.884
4125,-0.403,-1.851,0.548,0.081,-0.249
4126,-0.53,-1.708,0.043,-2.147,1.483
4127,-1.146,1.735,0.043,-0.827,-0.853
4128,-0.729,-1.992,-0.506,-0.066,0.682
4129,-1.215,0.392,-0.881,0.883,-1.424
4130,0.505,-1.009,-0.341,-1.114,0.792
4131,-0.653,0.162,0.643,-0.77,-1.05
4132,0.421,0.758,-0.608,-0.016,0.741
4133,0.128,0.386,0.638,0.133,0.914
4134,-0.005,-0.059,0.167,0.053,-0.81
4135,-1.411,-2.206,-1.383,-0.293,1.442
4136,-1.161,-1.318,-1.229,1.51,1.061
4137,-0.359,-1.245,-0.094,-0.304,-0.077
4138,0.16,0.087,0.587,1.005,-0.747
4139,-2.46,-1.08,0.085,-1.243,0.536
4140,0.227,0.374,-0.701,0.15,1.068
4141,-1.188,0.074,0.336,-0.825,-0.977
4142,1.064,-0.409,-0.871,-1.109,-0.335
4143,-1.003,-0.895,-1.43,0.441,-0.011
4144,-0.412,0.763,-0.424,-0.52,-0.194
4145,0.728,-1.497,-0.297,0.057,-1.233
4146,0.233,0.876,0.102,0.272,-0.969
4147,-1.25,-0.211,-0.127,1.032,0.87
4148,0.857,0.856,-2.162,0.16,-1.666
4149,0.785,-1.882,1.168,0.888,0.351
4150,1.137,0.292,0.535,0.583,0.165
4151,0.323,0.876,0.01,-0.044,0.919
4152,0.463,-1.076,-2.476,0.361,0.864
4153,-0.098,2.385,-0.418,-0.707,-0.046
4154,1.238,1.182,-0.892,0.435,1.634
4155,0.168,0.917,-0.43,-0.374,0.388
4156,1.486,0.417,-1.574,-0.352,0.103
4157,0.956,-1.892,1.52,-1.361,-0.089
4158,-0.075,-1.97,-1.228,-1.238,1.873
4159,-0.562,-1.012,0.605,1.272,0.601
4160,1.014,-1.141,1.745,-1.191,-1.13
4161,1.224,0.332,-0.4,0.729,-2.129
4162,2.692,0.722,-0.764,1.753,-1.489
4163,-1.834,0.551,1.401,-0.432,-0.824
4164,0.253,-1.532,-0.019,-1.087,-1.066
4165,-1.699,-1.956,-0.304,-0.038,-0.543
4166,1.26,1.709,0.023,1.534,-0.798
4167,-1.39,-0.259,1.957,-0.454,0.022
4168,-0.873,0.767,-2.429,0.075,0.693
4169,-1.436,0.942,1.131,1.191,-0.648
4170,1.637,-0.184,-1.082,1.187,0.431
4171,0.226,-1.953,1.679,-0.377,-0.787
4172,-0.037,-0.023,-0.194,-1.1,2.071
4173,-0.06,1.672,0.597,1.061,-1.205
4174,2.317,0.502,-0.557,0.195,0.822
4175,0.193,-0.16,0.825,0.356,0.463
4176,-0.456,-0.396,0.434,0.835,-0.5
4177,-0.829,0.418,-0.468,1.766,-1.134
4178,0.674,0.028,-1.328,0.823,0.332
4179,-0.503,-0.265,-0.177,0.225,1.9
4180,1.002,-0.643,-2.598,-1.449,-1.748
4181,-0.111,0.417,2.851,-0.113,0.332
4182,0.517,-0.867,-0.43,-0.899,-0.896
4183,0.746,-3.261,-1.03,-0.875,-1.886
4184,0.417,0.087,-0.272,-1.284,0.086
4185,0.41,-0.338,-1.249,1.116,-0.834
4186,-0.617,0.154,0.203,-0.065,-0.294
4187,-0.079,0.08,0.062,-0.28,0.578
4188,0.081,0.35,0.17,0.944,-0.034
4189,-1.221,-0.106,-0.896,1.1,0.413
4190,0.652,0.13,-1.247,-1.339,0.514
4191,0.689,-0.042,1.603,1.565,0.367
4192,0.486,-0.206,0.282,-0.547,0.651
4193,-1.587,1.183,1.075,-1.011,-0.751
4194,1.201,1.997,0.191,0.313,-0.017
4195,-0.154,0.779,-0.095,0.315,1.302
4196,-1.198,0.744,-1.415,0.248,0.49
4197,2.012,-1.703,-0.534,-0.294,0.163
4198,1.203,-0.368,0.503,2.153,1.062
4199,-0.567,1.573,-0.343,0.339,-0.189
4200,0.198,-1.19,-0.434,-0.128,-0.219
4201,2.204,0.73,-0.525,1.364,0.09
4202,-1.207,1.591,0.28,0.515,-1.788
4203,0.167,-0.48,-0.655,-0.642,-0.813
4204,-0.436,1.497,-0.23,0.021,0.641
4205,-1.854,-0.392,0.783,1.726,-0.638
4206,-2.073,0.257,-1.13,0.368,-0.474
4207,1.462,-0.636,-0.59,0.387,2.033
4208,-1.066,0.856,-0.406,-1.889,0.794
4209,0.679,-0.337,-0.891,-0.076,-0.267
4210,-0.102,-3.34,0.46,1.94,-0.765
4211,-1.008,-1.107,-0.507,0.877,0.602
4212,-0.364,0.464,0.371,-1.227,-1.725
4213,-0.626,0.309,1.008,-1.409,0.451
4214,1.032,-0.323,1.56,-1.527,0.233
4215,-0.328,0.222,0.791,0.086,0.226
4216,-1.083,0.057,-0.639,-0.516,-0.096
4217,-0.166,0.192,-0.339,1.943,-0.382
4218,-1.101,0.236,-0.913,0.141,-1.576
4219,1.184,-1.447,-0.307,0.469,-0.339
4220,0.313,-1.148,1.503,-1.969,-0.123
4221,2.767,-0.07,-1.49,1.352,0.12
4222,-0.934,-0.083,-0.7,0.899,0.684
4223,0.213,-0.993,-0.474,-0.083,-1.386
4224,-0.09,0.559,-0.85,0.077,-0.131
4225,-0.272,0.379,1.802,-0.872,2.088
4226,0.116,-0.112,0.156,-0.867,0.042
4227,-0.802,-1.598,1.08,-1.104,-0.157
4228,-0.491,-0.121,0.023,-0.133,-0.086
4229,1.794,0.181,-1.115,1.189,0.246
4230,-0.177,0.487,0.218,0.309,-1.209
4231,0.68,1.979,-0.017,0.441,-0.638
4232,-1.442,1.439,0.986,0.211,0.941
4233,0.005,-0.238,-1.366,0.645,-0.684
4234,-0.456,-1.026,0.639,1.358,-1.181
4235,-0.073,1.487,1.483,0.518,-0.783
4236,1.247,-0.028,-0.426,-0.393,1.667
4237,-0.531,-0.853,-0.803,-1.076,-0.518
4238,0.309,-0.773,1.296,1.154,0.66
4239,0.751,-1.42,2.18,-0.242,-0.542
4240,0.789,0.868,-1.407,0.849,-0.273
4241,-1.108,0.521,1.181,-0.653,0.821
4242,0.085,-1.174,0.454,-0.679,1.59
4243,-0.826,0.61,1.08,-0.076,0.724
4244,-1.166,-0.204,1.142,0.835,0.091
4245,-0.089,-0.382,1.354,-0.689,-0.182
4246,-1.27,-0.488,0.246,0.915,-0.998
4247,-0.03,-0.629,1.045,-0.358,1.969
4248,-0.288,0.429,-1.075,-1.142,0.352
4249,-0.202,-0.89,0.981,0.625,1.221
4250,0.954,-1.115,0.201,1.067,0.711
4251,0.643,-1.057,0.206,0.265,0.621
4252,0.083,0.383,0.468,-0.366,-3.236
4253,0.705,-0.582,0.122,0.302,0.857
4254,-0.694,-0.274,0.841,-0.469,-1.148
4255,-1.38,0.993,0.68,-0.94,0.252
4256,-1.149,-0.163,0.095,-0.915,0.222
4257,0.846,-1.632,0.783,-0.476,-1.623
4258,0.581,-0.555,0.086,-0.556,-0.692
4259,-0.736,-0.617,0.64,0.541,-0.925
4260,-1.47,0.418,1.302,0.016,0.314
4261,-0.215,-0.963,2.421,0.579,1.189
4262,-0.099,-0.173,-0.401,-1.288,-3.315
4263,-1.798,1.96,-1.459,-0.384,0.695
4264,-1.833,-0.255,0.622,-1.415,-1.246
4265,1.977,-1.465,0.538,1.443,-1.603
4266,0.17,-1.044,-0.144,1.83,0.446
4267,0.295,0.703,-0.614,-1.882,-0.066
4268,0.629,1.383,0.74,-1.902,-0.362
4269,1.344,2.021,0.39,0.916,-0.042
4270,0.342,-0.044,0.944,0.788,2.291
4271,-2.082,0.25,-0.288,1.661,-0.942
4272,0.821,1.716,0.434,2.072,-0.049
4273,0.133,0.116,-0.403,-1.111,-0.086
4274,0.37,-0.232,-0.581,-0.507,-0.173
4275,-0.807,-0.001,0.315,0.037,1.054
4276,0.444,-0.325,-0.86,-0.775,-0.892
4277,0.436,-0.324,-0.156,1.277,-1.071
4278,-0.076,-1.909,1.049,0.866,-0.135
4279,1.942,-0.159,-0.972,-0.677,1.196
4280,-1.073,-0.782,-0.503,-2.012,-2.012
4281,1.767,-1.147,1.041,-0.853,-1.24
4282,1.029,-0.267,-1.041,-0.373,0.639
4283,2.394,-1.269,-0.046,-0.334,-0.006
4284,-0.639,-1.26,1.769,0.045,0.236
4285,-1.211,2.602,-0.096,0.43,1.535
4286,0.328,0.516,1.384,0.957,1.41
4287,0.544,-1.923,-2.143,-0.808,-0.28
4288,1.231,0.864,-0.36,0.304,-0.758
4289,1.588,1.882,1.002,-0.991,0.396
4290,0.583,0.121,-0.946,0.313,1.899
4291,3.657,-1.149,1.348,-0.314,2.155
4292,1.167,1.19,-1.431,-0.171,-0.157
4293,1.036,-2.062,0.505,2.634,1.457
4294,-0.227,-0.622,-1.94,-0.027,1.324
4295,1.216,-2.005,-0.277,-0.941,-0.457
4296,-0.602,-1.801,0.083,0.058,0.295
4297,0.593,1.006,0.019,-1.404,0.699
4298,0.163,0.598,1.516,0.296,-0.736
4299,-0.163,0.923,0.105,0.763,-0.354
4300,-0.33,0.139,-0.006,-1.773,1.346
4301,-0.134,-0.186,-1.378,1.316,-1.083
4302,1.044,-1.29,-1.029,-1.068,-1.385
4303,-1.009,-0.496,0.135,0.22,1.523
4304,2.676,0.385,-0.149,1.345,-0.186
4305,-0.792,0.116,0.036,0.011,1.746
4306,0.944,0.049,0.405,1.499,-2.241
4307,-0.285,-1.321,-0.043,-0.048,-0.181
4308,-0.34,-1.09,0.52,0.543,0.638
4309,0.593,-0.227,0.129,-0.458,0.299
4310,1.148,0.621,-0.424,1.78,0.595
4311,-0.94,-0.14,0.16,0.661,0.526
4312,0.072,0.789,-0.265,1.283,0.683
4313,0.443,-1.673,2.09,2.18,-0.81
4314,0.107,0.91,0.443,-0.027,-1.592
4315,-0.805,1.391,0.797,-0.581,-0.6
4316,0.405,0.715,-0.326,1.354,-0.387
4317,0.02,1.021,-1.729,0.496,-2.304
4318,0.745,-1.258,0.712,0.301,1.311
4319,-0.128,0.086,0.418,0.129,0.044
4320,-1.032,0.687,-0.32,-0.613,-1.462
4321,-0.162,-0.173,-2.273,-1.698,0.282
4322,0.135,-1.94,-0.792,-0.345,1.024
4323,0.796,0.658,0.56,-0.924,0.755
4324,-0.179,-0.07,0.725,1.63,0.113
4325,1.865,1.197,1.508,1.054,0.906
4326,1.133,1.043,-1.58,-0.952,1.345
4327,1.902,-0.572,-1.262,-0.546,0.572
4328,1.544,-0.337,1.693,0.039,0.958
4329,-0.256,1.686,1.427,0.872,-0.008
4330,0.112,-0.902,-1.138,0.56,-0.152
4331,-0.992,0.4,-0.964,0.495,-0.002
4332,-0.826,-0.887,-0.761,-0.305,0.949
4333,-1.825,-0.008,0.662,1.033,0.713
4334,1.607,0.325,1.392,0.565,-0.228
4335,0.194,-1.089,-0.328,0.014,1.658
4336,-0.963,0.519,1.358,-1.269,0.325
4337,2.119,0.024,1.208,1.413,-0.428
4338,1.082,-0.581,-0.184,0.549,-0.355
4339,0.897,-0.51,-2.199,2.088,0.611
4340,1.291,0.384,-0.919,1.549,1.32
4341,-1.042,-0.228,0.515,0.378,0.97
4342,0.571,-0.852,-0.339,-1.583,-0.522
4343,-0.488,0.24,0.023,0.913,-0.107
4344,-0.495,-3.069,-0.459,-0.432,-0.699
4345,-0.995,-2.019,-0.367,-0.57,0.328
4346,-1.303,0.164,0.334,-1.243,0.761
4347,-0.943,-0.588,-1.631,-1.541,0.349
4348,-1.176,-0.043,1.394,0.438,-1.694
4349,0.546,0.108,-0.936,-0.132,0.445
4350,1.612,0.405,-0.452,0.388,-0.287
4351,1.205,0.705,-2.939,1.736,1.556
4352,-2.23,-0.702,-2.153,-0.589,1.062
4353,-0.699,1.288,-0.46,0.18,1.248
4354,-1.559,-0.397,-1.717,-0.51,2.773
4355,-0.037,-1.231,0.821,-1.894,0.371
4356,1.119,0.248,1.425,-0.326,-0.316
4357,-0.554,0.149,1.557,1.828,-1.719
4358,0.851,-2.575,0.144,-0.462,1.218
4359,-0.042,0.556,2.714,1.717,1.969
4360,-0.468,-0.471,-0.335,-1.301,0.58
4361,-0.494,-0.805,0.389,1.422,0.308
4362,2.006,-1.042,-0.886,2.25,-0.055
4363,-1.571,0.63,0.212,2.904,-0.523
4364,-0.981,-0.323,0.385,0.551,0.604
4365,0.492,-1.841,-0.071,-1.076,1.427
4366,0.687,-0.996,2.553,0.472,-0.59
4367,-0.875,-0.68,-0.103,-0.737,-0.849
4368,-1.635,-0.197,0.163,-0.448,-0.815
4369,0.372,1.843,0.702,0.541,0.011
4370,0.185,-0.103,0.677,0.542,0.929
4371,0.345,0.313,0.229,-1.228,-0.255
4372,0.964,0.544,-0.388,-0.004,0.53
4373,0.731,-0.003,1.692,0.926,-1.807
4374,1.832,0.86,-1.242,1.802,-0.239
4375,0.942,-0.334,-1.306,-1.994,0.173
4376,-0.468,-0.509,-0.603,0.127,1.373
4377,-1.31,0.373,1.33,-0.783,-0.223
4378,0.465,0.033,-1.896,0.568,-0.306
4379,1.156,0.045,-0.143,-0.2,-0.183
4380,1.45,-0.755,0.342,-0.417,2.971
4381,0.343,0.148,-0.792,-0.732,-1.45
4382,1.946,0.061,-1.478,-0.429,1.191
4383,-0.296,-0.489,0.812,-0.871,-0.015
4384,0.439,1.656,2.42,-1.415,0.508
4385,1.582,0.892,-0.501,-2.1,-0.742
4386,-0.927,0.724,-1.722,-0.525,0.126
4387,0.406,0.111,0.127,0.463,0.341
4388,-1.509,0.533,-0.985,0.751,1.208
4389,0.411,-0.228,0.006,2.269,-1.319
4390,-1.551,-0.158,-0.801,1.133,2.61
4391,0.529,-0.011,-0.26,0.617,0.749
4392,0.541,1.483,1.486,0.629,1.937
4393,-2.238,-1.479,1.197,-1.22,0.27
4394,1.064,0.423,-1.615,-0.515,-0.293
4395,-0.66,1.263,0.36,-1.64,-0.149
4396,-0.137,0.076,-0.584,1.229,0.931
4397,-0.247,0.434,0.877,0.934,-1.555
4398,0.571,-0.943,0.269,-1.098,-0.295
4399,-1.137,-0.709,0.907,2.063,-0.766
4400,1.693,0.938,1.693,-1.724,0.653
4401,-1.637,1.04,-1.386,0.833,-0.047
4402,-1.623,-0.089,-1.584,0.86,-0.074
4403,-0.585,-0.917,-1.241,0.265,1.944
4404,-0.538,0.101,-0.615,2.934,-1.122
4405,-0.918,-0.158,-0.401,0.033,0.755
4406,0.794,0.776,0.306,0.244,0.523
4407,0.191,1.921,0.86,2.071,-0.27
4408,1.043,0.495,0.071,1.265,0.213
4409,-1.66,1.969,0.993,-0.914,-2.033
4410,-0.459,0.757,0.436,-0.517,1.527
4411,0.505,-1.33,0.394,-1.229,0.978
4412,0.491,0.322,1.035,-0.097,-1.672
4413,-0.097,0.577,-1.73,-0.886,0.573
4414,-0.495,1.599,3.059,-0.009,-0.534
4415,-0.891,-0.964,-0.663,0.011,-1.538
4416,-0.153,1.735,0.581,0.196,-1.485
4417,1.819,0.528,1.147,0.577,-1.287
4418,0.757,-0.745,-0.749,1.119,-0.073
4419,-0.922,-2.097,0.478,-0.194,-1.345
4420,-1.956,0.336,-0.321,-0.247,1.38
4421,1.345,-1.066,0.106,0.215,-1.221
4422,0.676,1.507,0.2,-0.658,-0.126
4423,0.474,-1.638,0.03,-0.632,-0.011
4424,1.058,0.716,-1.95,0.24,-0.86
4425,0.06,0.029,-0.488,-1.305,0.345
4426,0.484,0.65,-0.361,-0.823,-1.127
4427,0.609,-1.017,1.715,-0.79,-0.053
4428,2.782,1.749,0.011,-1.548,0.536
4429,0.83,2.066,0.9,-0.582,0.918
4430,-0.336,-2.452,-0.075,1.088,0.485
4431,-0.03,1.019,0.314,-0.124,-0.78
4432,0.364,0.434,1.621,-0.937,1.112
4433,-0.374,-1.837,1.048,-0.095,-0.115
4434,-0.047,0.345,1.263,-2.972,-0.7
4435,0.214,0.514,-1.859,1.872,-0.488
4436,1.154,-1.453,2.612,1.742,0.298
4437,-1.836,-0.437,-2.624,0.391,1.305
4438,-0.444,0.416,0.787,0.626,0.928
4439,-0.651,-0.829,-0.103,0.428,-0.524
4440,0.39,-1.183,1.037,1.332,-0.358
4441,-0.875,0.418,-0.016,-0.614,0.497
4442,-0.724,-0.342,-0.608,0.352,-0.383
4443,-2.327,1.44,0.27,-0.4,1.29
4444,-0.236,1.86,-0.635,0.852,-0.41
4445,0.68,-0.989,-1.28,-0.008,0.243
4446,0.769,-0.5,0.836,1.029,-0.523
4447,0.288,-0.373,-0.07,-0.132,-1.726
4448,1.139,-2.767,0.428,1.173,0.039
4449,-0.253,-0.471,-1.528,0.529,0.566
4450,-1.012,0.296,-0.068,-1.596,0.431
4451,1.118,-0.173,1.634,-0.081,0.757
4452,0.735,0.465,-0.696,0.491,-0.003
4453,-0.26,-0.288,0.321,-0.061,-0.992
4454,0.674,0.242,-0.593,1.133,-2.002
4455,-0.124,0.888,0.294,-0.069,-0.199
4456,-0.619,-0.273,0.807,-0.086,-1.081
4457,-0.584,-0.184,0.543,-0.522,1.116
4458,1.136,0.75,1.981,1.0,-1.485
4459,0.29,-0.034,-0.548,-0.367,0.74
4460,-0.269,-1.747,-0.011,-1.234,-0.478
4461,-0.564,1.867,-1.501,0.492,-1.882
4462,1.823,0.574,0.478,0.07,-0.061
4463,-1.063,-0.087,1.219,-0.814,-0.656
4464,-1.193,0.532,-1.337,-0.496,1.446
4465,-0.266,-0.178,-0.209,-1.482,-0.384
4466,-2.085,0.386,-0.087,0.69,-1.288
4467,0.304,-0.619,-0.126,0.957,0.725
4468,-1.397,-0.036,-0.854,-0.875,-1.009
4469,1.733,0.087,0.363,2.294,-1.897
4470,0.723,0.083,0.824,-0.36,0.956
4471,0.567,-0.138,-1.648,0.603,-1.716
4472,0.792,-0.042,0.537,0.602,1.086
4473,0.306,0.539,-0.106,2.356,-1.047
4474,1.523,0.573,-2.158,-1.159,-0.007
4475,1.048,-0.33,-0.856,-0.571,1.435
4476,0.175,-0.705,0.502,1.136,0.324
4477,0.216,1.598,-0.424,-0.162,0.168
4478,-0.465,-0.563,0.046,0.46,-0.605
4479,-1.203,0.215,1.767,0.868,0.827
4480,-0.565,0.137,-1.054,0.999,-0.926
4481,-0.489,-0.054,1.531,0.345,0.627
4482,-0.084,-0.446,0.229,1.006,0.539
4483,1.366,0.552,0.384,-0.179,-2.493
4484,-0.493,0.683,-1.009,0.876,1.598
4485,-0.381,-0.034,1.852,0.686,-0.266
4486,0.819,0.175,-0.596,0.346,0.17
4487,-0.915,0.325,-1.462,1.19,-0.145
4488,1.021,-1.201,-1.307,-0.968,1.614
4489,-1.092,-1.642,0.485,1.789,-0.28
4490,-0.776,0.23,0.353,0.104,0.557
4491,0.409,-2.349,0.892,0.989,0.904
4492,-0.76,-0.653,-1.204,0.673,-0.212
4493,0.934,1.146,0.968,1.549,-0.46
4494,-0.04,-0.842,-0.166,-0.315,-1.051
4495,1.15,-0.438,-0.044,0.395,-0.359
4496,-2.167,1.134,-0.259,0.831,-0.326
4497,0.296,-0.318,-0.761,-0.571,-0.017
4498,0.797,0.958,0.526,1.853,0.223
4499,0.47,-1.881,1.366,-1.157,-0.594
4500,-0.616,0.466,0.691,-1.497,0.382
4501,-0.542,-1.527,1.581,-1.494,1.149
4502,-0.006,0.129,-0.881,0.97,-0.758
4503,-0.591,1.067,1.515,0.007,-0.236
4504,0.043,-1.268,-0.364,1.038,1.12
4505,-1.245,0.166,-1.871,-1.06,-0.166
4506,0.249,0.058,1.382,-0.562,-0.294
4507,-0.456,-0.121,-0.095,-1.154,-1.246
4508,-0.991,1.033,0.155,0.133,1.329
4509,0.559,-0.313,0.858,-0.166,0.348
4510,-0.744,-0.169,1.42,1.265,1.757
4511,-0.393,-2.0,0.483,-0.722,-0.18
4512,-0.414,-0.332,0.451,1.16,-0.155
4513,-1.402,0.765,-1.561,1.584,-0.775
4514,0.889,-0.974,-2.03,-0.814,-1.996
4515,-1.608,-0.047,-0.227,-0.492,1.205
4516,0.521,1.119,-1.453,-0.972,-2.37
4517,0.042,-0.368,1.377,0.246,0.614
4518,-1.311,1.434,-0.693,-0.265,1.593
4519,-0.406,-1.279,-1.075,0.777,-1.985
4520,0.148,2.464,-0.407,-2.456,1.725
4521,-0.241,0.741,0.247,-1.744,0.847
4522,0.121,-2.368,1.98,-0.495,0.631
4523,0.498,0.096,-0.217,-1.548,1.566
4524,-1.307,-0.492,-1.607,0.848,0.923
4525,-1.588,-0.326,-1.547,-2.112,0.051
4526,-1.595,-2.261,-0.378,0.787,1.183
4527,0.018,-1.124,1.426,0.419,1.089
4528,-0.124,-0.568,-1.479,2.763,-0.623
4529,-1.113,1.301,1.645,-0.315,-0.226
4530,1.261,0.869,1.643,-0.727,-1.353
4531,-0.884,-1.463,-1.624,1.012,0.05
4532,0.169,-0.958,-0.683,-0.648,-0.54
4533,0.429,-0.802,-0.241,0.545,-0.306
4534,1.307,-0.888,-0.815,0.908,-0.24
4535,1.971,-0.213,-0.226,1.123,1.488
4536,-2.159,0.473,0.719,-1.413,0.064
4537,-0.993,-0.166,0.567,0.693,1.129
4538,1.708,1.24,1.317,-1.832,2.483
4539,-0.365,-0.829,0.014,-0.547,-1.763
4540,-0.142,-1.296,-1.529,0.885,2.162
4541,0.827,-0.124,-0.255,-0.951,-0.475
4542,0.169,1.327,1.374,-1.267,-1.092
4543,0.488,0.075,1.626,-0.379,0.196
4544,0.446,-0.545,-1.507,-0.751,-1.326
4545,-2.672,0.093,1.017,0.041,-0.374
4546,-0.065,0.499,-0.033,0.661,-0.521
4547,-1.535,0.504,-0.215,-1.793,-2.358
4548,-0.467,-0.594,-2.173,0.376,-1.03
4549,-0.503,1.075,-0.243,-1.115,-0.324
4550,-1.847,-0.77,0.237,1.865,0.141
4551,-0.177,-1.281,-0.079,1.056,0.691
4552,0.617,-0.448,-1.026,-1.387,0.181
4553,0.836,-0.093,0.756,-0.169,0.598
4554,0.687,-0.213,-0.293,1.042,-0.618
4555,-0.929,-0.327,-0.59,1.194,1.744
4556,1.078,0.509,-0.083,-0.55,2.044
4557,1.363,-0.803,0.598,-0.217,-0.295
4558,0.308,0.6,-0.981,-0.574,0.433
4559,0.427,1.041,-0.288,0.622,0.561
4560,-0.238,-0.637,0.119,-1.4,0.161
4561,0.113,-0.931,0.305,-0.036,1.552
4562,0.552,0.83,-0.774,-0.249,0.184
4563,1.028,1.391,-1.132,-0.799,0.244
4564,0.107,-0.919,0.445,-0.249,-0.055
4565,0.38,-1.928,1.366,-0.848,0.967
4566,-0.78,-0.5,-0.45,-2.537,-1.008
4567,-1.341,2.529,0.245,-0.056,-0.645
4568,-1.232,1.827,0.183,0.745,-1.849
4569,-0.861,0.33,0.525,0.67,0.01
4570,1.16,-0.202,0.448,0.172,-1.545
4571,1.109,-0.411,1.632,-0.21,0.163
4572,1.059,-0.581,0.706,-0.222,-1.666
4573,0.492,2.083,-0.915,-0.111,0.676
4574,-0.016,0.832,0.101,0.337,0.952
4575,0.752,-0.817,0.34,1.608,0.527
4576,-1.777,-0.622,-0.486,1.459,0.493
4577,-0.161,-0.989,-0.866,-0.392,0.296
4578,-0.982,-0.7,1.031,-0.032,0.123
4579,-0.447,-0.736,-0.3,1.754,0.978
4580,0.024,-0.927,0.475,0.19,0.56
4581,0.393,0.269,1.729,2.339,0.064
4582,2.666,1.035,0.638,-0.14,-1.098
4583,0.696,0.092,0.751,-0.29,0.618
4584,-0.368,1.495,0.612,0.66,0.016
4585,-0.919,-0.4,0.958,-0.572,0.011
4586,-3.17,0.925,-1.97,-1.149,2.284
4587,0.194,1.129,0.783,0.514,-0.661
4588,0.626,0.026,-0.631,0.447,-0.002
4589,0.327,0.817,-1.873,-1.897,-0.302
4590,1.209,-1.698,-0.89,0.734,1.993
4591,-0.668,0.017,0.243,0.079,-1.021
4592,0.188,1.409,-1.745,-1.839,0.155
4593,0.857,0.653,1.122,-0.891,1.296
4594,-1.497,-0.038,0.205,2.015,1.903
4595,-0.033,0.09,-0.188,-0.914,-1.619
4596,-0.39,-0.937,-0.208,0.502,-0.136
4597,0.703,0.733,-0.198,0.163,0.778
4598,0.727,-1.281,1.003,0.027,0.974
4599,-0.723,1.152,0.528,2.321,1.104
4600,-0.222,0.759,-0.608,-0.35,-2.354
4601,0.713,-1.953,0.463,-0.547,-1.487
4602,1.041,0.963,-0.37,-0.515,-0.032
4603,0.485,0.456,0.962,1.098,-0.225
4604,-0.211,0.845,-0.252,0.366,0.765
4605,-1.512,-0.538,-0.071,0.563,-0.119
4606,1.26,1.065,-1.561,-0.336,-1.499
4607,0.93,-0.323,0.585,0.032,0.723
4608,0.258,0.288,-0.345,-0.803,-0.788
4609,-1.613,0.221,-0.003,1.524,-0.778
4610,1.812,-0.144,-0.563,1.224,0.407
4611,-1.188,0.785,1.61,0.417,-0.405
4612,-0.792,-0.129,-0.796,-0.007,1.396
4613,-0.47,-0.055,-0.964,0.673,0.35
4614,-0.114,0.103,-0.661,-0.284,0.296
4615,-0.026,0.036,-0.383,-0.028,1.526
4616,1.424,1.309,1.643,-1.639,-0.074
4617,-1.271,-0.808,-0.958,0.39,0.738
4618,-0.854,-0.142,0.687,-0.669,-0.277
4619,0.667,0.226,-0.722,-0.22,1.25
4620,0.728,-0.614,-0.268,-0.002,0.24
4621,-1.774,0.268,-0.53,1.473,1.325
4622,-1.359,1.565,-0.491,0.283,0.027
4623,-0.118,0.417,-0.479,0.64,-0.303
4624,0.325,-1.546,-0.992,-1.153,0.822
4625,0.69,0.505,1.504,-1.016,-0.151
4626,0.226,0.481,0.345,-0.911,-1.052
4627,1.687,-0.782,-0.337,-2.441,0.481
4628,0.818,-0.657,0.36,0.367,-1.28
4629,-0.511,-0.751,0.358,0.174,-0.273
4630,0.121,-1.82,0.721,-0.192,0.417
4631,0.875,-0.105,-0.219,0.208,-0.058
4632,-1.733,0.076,-0.272,-1.184,0.113
4633,0.901,1.488,-1.862,1.351,1.874
4634,-0.657,0.637,-1.334,-0.078,-0.142
4635,-1.529,0.793,0.15,-1.677,0.201
4636,-0.845,0.696,0.861,0.76,0.814
4637,1.185,1.393,0.859,0.01,-1.784
4638,-0.419,0.291,-0.4,-0.59,1.157
4639,-0.214,0.106,-1.27,1.175,-1.233
4640,-2.818,-1.003,-1.517,-0.198,2.151
4641,-1.077,-0.33,-0.788,0.658,-0.895
4642,0.97,-1.21,-0.159,-0.197,0.565
4643,-0.492,-0.149,-0.388,-0.49,-2.631
4644,0.302,0.491,-0.584,0.332,-0.028
4645,-0.362,0.079,-1.78,0.55,0.373
4646,1.033,0.289,-0.158,-0.096,-1.24
4647,-0.479,-0.262,-0.297,-1.931,-0.67
4648,0.218,1.136,-0.296,1.093,-1.57
4649,0.123,-0.478,0.511,-0.581,1.442
4650,-1.208,-0.9,0.865,1.443,0.579
4651,-1.199,-2.366,0.739,0.176,0.665
4652,-0.692,-0.631,-0.645,-0.127,-0.826
4653,-0.061,-0.511,-0.905,-0.133,-0.836
4654,-0.112,-0.028,-0.249,-0.191,0.926
4655,0.156,-0.219,-0.698,0.688,0.315
4656,0.917,1.503,-0.053,-1.023,-1.726
4657,0.607,0.859,-0.434,2.142,-1.332
4658,-1.334,1.531,-0.565,1.308,-1.955
4659,1.309,1.256,0.35,-0.933,-0.951
4660,-0.317,0.079,-0.53,2.467,-0.084
4661,-0.76,-0.555,-1.182,-0.053,1.448
4662,0.967,-0.738,-0.31,-0.309,-1.982
4663,0.05,-0.652,0.638,-0.723,-0.406
4664,-1.251,0.707,-0.852,-1.569,0.228
4665,1.842,-1.787,-0.323,-0.652,1.629
4666,-0.493,-0.85,-0.138,0.281,-0.343
4667,0.244,0.01,-0.39,-0.961,1.991
4668,1.823,0.213,-1.348,-1.52,-0.509
4669,0.65,1.535,0.32,0.375,-1.399
4670,1.96,-0.622,-1.53,0.273,-0.776
4671,-0.875,-1.157,-0.883,0.424,-0.512
4672,0.327,1.109,-0.443,-0.759,0.522
4673,0.901,0.387,-1.054,-1.82,-0.57
4674,0.333,-0.863,0.319,0.981,0.694
4675,0.184,0.777,0.034,0.195,0.364
4676,1.957,-0.446,-0.127,0.543,0.597
4677,-0.061,1.23,-0.192,1.821,-0.635
4678,-0.452,0.226,-1.293,0.599,-0.538
4679,0.053,-0.603,-0.508,-0.378,-0.47
4680,-2.696,-0.841,0.411,0.251,-0.661
4681,0.253,-1.09,0.754,-0.68,1.004
4682,-1.152,-0.835,0.153,0.969,1.259
4683,0.016,0.386,1.233,-1.286,-0.144
4684,0.356,-0.498,0.981,-0.662,0.245
4685,-1.102,-0.054,0.401,-0.292,-0.016
4686,-1.701,-1.289,-1.645,1.153,-0.61
4687,-0.838,0.402,0.603,0.877,1.157
4688,-0.389,0.872,0.784,-0.215,0.753
4689,0.668,-0.9,-0.228,-0.061,-0.665
4690,-0.952,-0.415,-1.103,0.099,0.984
4691,-1.675,-0.136,0.907,1.407,-0.723
4692,-0.413,-0.409,-0.861,1.582,-0.519
4693,1.14,0.064,-1.989,-1.959,0.759
4694,-0.488,-0.528,-1.125,1.274,-0.686
4695,0.923,-0.761,1.168,-0.15,-0.131
4696,-1.573,0.134,-0.242,-0.506,1.07
4697,1.201,1.027,0.035,-0.779,0.907
4698,1.462,0.253,0.954,0.045,-0.826
4699,-1.116,-0.036,-0.361,-1.118,-0.907
4700,0.186,-1.015,1.112,-0.169,0.244
4701,0.089,0.67,-1.836,0.214,0.275
4702,-2.099,0.696,-0.028,-1.251,0.456
4703,0.438,1.411,0.945,0.433,0.027
4704,1.085,0.143,2.011,-0.445,0.572
4705,0.177,0.6,0.019,0.018,1.023
4706,1.115,0.71,-0.825,-1.399,-0.939
4707,0.715,-0.329,-0.195,-0.508,0.223
4708,-0.522,1.556,0.279,0.261,-0.432
4709,0.485,1.233,-1.47,-0.044,0.457
4710,0.738,-0.509,-0.074,0.844,-2.465
4711,0.538,-0.2,0.776,-0.859,0.877
4712,-0.125,0.329,-0.814,0.413,-1.636
4713,-0.448,-1.593,-0.474,0.053,0.676
4714,-0.131,0.405,0.257,-0.385,0.668
4715,0.55,-0.009,0.692,-0.825,0.791
4716,0.157,1.437,-0.386,-1.791,1.205
4717,0.624,0.677,2.015,0.958,1.029
4718,0.935,0.852,0.39,1.174,0.562
4719,2.145,1.37,0.915,-0.632,-0.973
4720,-1.757,0.243,0.432,1.912,-1.309
4721,0.454,0.428,-0.685,-1.199,-0.402
4722,-0.57,0.398,0.221,0.613,-2.07
4723,0.494,-2.127,0.812,0.788,-0.7
4724,-1.024,0.393,0.056,0.768,-2.657
4725,0.98,-1.512,0.413,2.018,1.934
4726,-1.119,-1.999,-0.477,-0.7,-3.16
4727,2.129,-0.2,0.354,-1.535,1.408
4728,0.52,-1.209,-0.929,1.622,-0.272
4729,0.372,-0.337,0.022,-1.303,-1.693
4730,-0.261,-1.106,-0.905,1.174,1.268
4731,-0.946,0.53,1.729,1.477,0.855
4732,0.136,-0.586,-1.162,-0.961,-1.279
4733,-0.667,-1.41,1.056,0.637,-0.728
4734,0.426,1.253,0.198,-0.415,0.732
4735,1.213,0.258,0.651,-0.619,-0.755
4736,1.969,-1.111,0.411,-0.275,0.492
4737,-0.258,0.445,-0.361,-0.311,0.488
4738,-0.637,1.266,-1.75,-0.173,0.606
4739,0.739,-0.59,0.827,-0.315,-2.137
4740,0.104,-0.755,0.232,0.031,1.181
4741,-0.665,-0.996,-0.116,-1.074,-1.629
4742,-0.775,0.17,-0.115,0.288,0.761
4743,1.746,-0.489,-0.928,0.642,0.478
4744,0.287,-0.898,1.181,0.518,0.708
4745,-1.11,0.469,0.245,-0.219,1.288
4746,0.002,-0.307,-0.401,-0.543,-0.78
4747,0.163,0.03,0.119,0.313,0.374
4748,-0.75,0.293,-0.059,0.937,0.544
4749,-0.101,0.749,0.544,-2.744,-0.247
4750,0.194,0.462,0.445,-1.012,-1.237
4751,0.683,0.329,-0.949,-0.819,0.316
4752,1.632,-1.042,1.651,0.203,-1.468
4753,0.804,0.496,0.981,-0.355,-0.931
4754,-2.041,-0.547,1.421,-0.224,1.469
4755,-1.556,-1.57,-0.456,-0.737,0.145
4756,-1.094,0.099,0.22,-1.331,-1.752
4757,0.31,0.64,-1.192,-0.314,0.228
4758,0.406,0.389,1.829,0.48,-1.107
4759,0.909,-2.039,-0.065,0.304,1.3
4760,-0.923,-0.264,1.075,1.168,2.136
4761,-0.969,0.005,0.099,-0.566,-0.999
4762,0.693,-2.258,-2.189,-1.627,-0.364
4763,0.144,0.179,1.75,-0.739,1.225
4764,2.114,1.908,0.485,-0.731,-0.243
4765,0.352,-1.818,-0.075,0.699,-0.485
4766,-0.158,-0.218,-1.453,-0.349,0.11
4767,0.287,-0.121,0.805,0.456,-0.845
4768,-0.285,0.397,-0.665,-1.519,1.157
4769,0.894,-0.724,-1.03,-0.208,-0.358
4770,1.054,0.905,1.223,0.888,1.237
4771,0.645,-2.333,0.028,-1.296,0.676
4772,1.211,-0.676,1.035,-0.867,-0.766
4773,-0.329,1.476,-0.172,-0.253,0.376
4774,-0.324,0.103,-2.054,0.05,-0.173
4775,-1.044,0.013,-1.673,0.493,1.773
4776,-0.457,1.322,-0.003,-0.016,1.297
4777,-0.273,0.666,0.841,1.2,-1.04
4778,-1.433,1.147,-0.342,0.204,0.322
4779,-1.01,0.121,0.425,-0.662,0.173
4780,1.282,1.167,-0.239,-0.1,0.245
4781,-0.514,0.599,-0.136,-0.494,-0.706
4782,2.157,-0.432,-0.344,-0.218,-0.52
4783,1.6,1.13,-0.98,-2.527,1.035
4784,-1.774,-0.961,0.876,1.77,-0.971
4785,0.45,0.202,0.891,-1.884,0.856
4786,0.246,0.931,0.151,-0.878,-0.729
4787,-1.439,0.437,-0.212,1.092,1.763
4788,-0.324,-0.906,-0.213,0.041,0.288
4789,0.882,-1.624,0.008,-0.548,0.182
4790,0.015,0.676,-1.611,-0.221,0.176
4791,1.189,0.454,-0.291,-1.252,-1.333
4792,0.586,1.046,-0.765,0.113,0.77
4793,-2.225,2.342,0.552,-0.205,-0.581
4794,1.718,0.451,-1.188,0.353,-0.044
4795,4.575,0.624,-1.143,-1.438,-1.501
4796,1.133,-0.428,-1.52,0.623,-0.341
4797,-1.48,-0.222,1.134,-0.854,0.69
4798,-0.146,-1.201,1.681,0.789,-0.335
4799,-0.304,1.716,0.921,0.656,0.478
4800,-1.098,0.373,0.653,0.224,-0.382
4801,0.975,0.334,1.724,-0.168,1.328
4802,0.591,1.075,-0.462,-1.48,-1.524
4803,1.096,-1.638,-0.114,-1.083,-1.133
4804,0.643,-1.431,-0.084,-0.31,1.562
4805,1.379,-1.204,0.125,-1.264,0.147
4806,-0.012,0.059,-0.629,-0.669,-0.687
4807,0.652,0.421,-1.353,0.199,0.027
4808,-1.267,1.126,-0.338,1.609,0.053
4809,-0.032,-0.323,0.748,0.258,-1.278
4810,0.41,-0.337,1.273,0.453,0.077
4811,1.747,0.338,1.047,1.396,0.132
4812,0.3,0.276,-0.27,0.887,0.552
4813,0.413,-0.341,-0.647,-0.424,-0.111
4814,0.648,0.466,-0.224,0.049,-1.125
4815,-0.431,0.066,-1.196,-0.574,-0.967
4816,0.36,1.911,2.572,-1.778,-0.335
4817,-0.226,0.301,-1.241,-0.761,-0.417
4818,-0.086,0.2,-0.039,0.323,0.211
4819,-1.068,-0.41,0.902,0.071,1.085
4820,0.728,-1.993,-1.273,0.81,0.098
4821,-0.667,-0.366,-0.696,1.094,-0.801
4822,0.446,-0.06,0.094,-0.167,-0.007
4823,-1.096,0.747,-0.162,-0.461,-2.186
4824,1.769,0.978,0.36,0.755,2.413
4825,-0.426,0.805,0.777,0.208,1.468
4826,2.005,0.324,-0.627,1.976,1.991
4827,1.151,-0.07,-0.786,0.512,2.432
4828,0.969,0.836,-1.102,1.508,-0.862
4829,0.314,1.396,-0.03,0.16,1.329
4830,0.402,0.403,-0.198,-0.519,-1.098
4831,-2.167,1.373,-0.724,0.151,0.695
4832,-0.893,-0.51,0.539,-0.945,-0.727
4833,-0.096,-1.628,1.214,-1.088,-0.407
4834,1.327,0.723,-1.1,-0.26,1.413
4835,1.062,-0.945,0.019,-0.446,0.91
4836,-0.928,0.642,-0.759,-1.273,-2.437
4837,1.421,-0.033,0.5,-0.253,-1.172
4838,0.056,0.231,-0.024,0.273,-1.332
4839,-0.42,-0.117,-0.231,-0.258,-1.194
4840,0.151,0.279,-0.376,0.87,1.008
4841,-0.145,-0.646,1.105,-0.922,0.768
4842,-0.27,-0.066,-0.011,-0.583,0.047
4843,-0.037,-1.124,-0.352,1.184,1.325
4844,0.152,-1.203,0.976,-0.659,-0.828
4845,0.51,1.531,0.117,0.279,0.868
4846,0.003,-1.054,-1.251,1.867,0.641
4847,-0.392,-0.261,-0.961,3.219,-0.234
4848,-0.28,-0.207,-0.574,0.905,-1.102
4849,0.474,-0.269,0.376,1.101,-0.574
4850,0.432,0.837,0.509,-1.641,-0.899
4851,-0.701,0.663,-0.903,-0.037,0.048
4852,-0.271,0.325,-1.055,0.722,-0.935
4853,-0.845,-2.724,-0.252,-0.432,0.369
4854,0.89,-1.604,1.435,-0.561,0.225
4855,0.832,-0.725,-0.964,0.839,-0.236
4856,2.503,-1.788,-1.385,-1.02,1.175
4857,-1.345,-1.455,-0.963,1.075,1.069
4858,-0.663,0.782,0.259,0.295,-0.024
4859,0.359,0.01,-0.213,0.268,0.061
4860,-1.016,0.898,-2.13,0.89,-0.218
4861,0.684,0.161,-2.202,-0.45,-0.205
4862,0.989,-1.077,0.417,1.832,2.491
4863,0.962,-0.462,0.726,0.335,-0.101
4864,-0.556,0.894,0.226,-0.007,-0.742
4865,0.378,0.926,-0.834,0.907,1.34
4866,-0.73,0.856,-0.057,0.543,2.234
4867,0.254,0.124,0.408,-1.834,0.271
4868,-1.201,0.764,-0.411,0.523,-0.368
4869,0.679,-1.281,-1.037,-0.72,0.31
4870,-0.335,-0.122,1.444,-0.552,-1.203
4871,0.159,1.029,0.816,0.128,0.324
4872,-0.755,0.452,-0.8,0.201,2.022
4873,-0.646,0.402,1.546,-1.16,0.198
4874,0.389,-0.07,-0.058,1.146,-0.732
4875,-0.389,0.427,0.198,-0.585,-1.321
4876,0.964,0.951,0.272,1.43,-1.264
4877,-0.572,-0.739,0.778,-2.125,-1.059
4878,0.469,0.514,-0.552,-0.644,-0.765
4879,0.453,-0.057,-2.346,0.785,-1.573
4880,1.649,0.686,0.869,-0.671,0.03
4881,-0.313,-0.472,-1.928,2.139,0.505
4882,-2.048,0.298,-2.283,0.656,-0.309
4883,-0.849,-0.065,0.671,-1.761,0.115
4884,-0.969,1.293,1.216,-1.771,0.308
4885,-1.187,0.235,0.095,-1.233,-1.035
4886,1.539,0.579,0.279,1.226,1.177
4887,0.198,-1.555,-0.544,-0.17,-0.187
4888,0.515,0.888,-0.329,-1.874,-0.509
4889,-0.202,-0.129,0.877,1.049,0.703
4890,-2.426,0.323,-0.356,0.75,0.544
4891,0.955,0.287,2.262,-0.183,0.799
4892,-0.242,-1.106,1.675,-0.779,-0.027
4893,-0.25,0.317,-0.903,0.24,0.393
4894,0.177,0.673,-0.413,0.041,-0.038
4895,-0.274,0.412,-1.492,0.841,1.143
4896,0.568,-0.406,-0.378,0.432,-0.377
4897,0.432,-1.644,2.346,0.169,1.779
4898,-0.718,-1.066,-0.046,0.16,0.849
4899,-0.414,-1.604,-0.471,0.807,-0.336
4900,-1.21,-0.495,0.877,1.946,-1.567
4901,-0.093,0.924,0.299,-0.161,0.226
4902,-0.308,1.045,0.639,-0.452,1.387
4903,0.236,0.101,0.353,-0.943,0.359
4904,-0.768,-0.783,0.907,0.975,-0.51
4905,-0.126,-1.046,-0.916,0.691,0.403
4906,1.072,-0.078,1.621,0.547,-1.439
4907,1.371,1.586,-0.279,-1.399,1.5
4908,0.884,1.125,0.443,-0.193,0.689
4909,-0.707,1.218,-0.744,0.249,-1.682
4910,0.072,-0.693,0.27,1.363,0.599
4911,0.311,1.302,1.338,1.472,-0.244
4912,-1.35,-0.996,-0.371,0.421,-0.296
4913,0.022,0.674,-0.355,-0.957,-0.952
4914,-0.981,1.147,-0.242,-1.016,0.239
4915,-0.443,-0.734,0.194,1.514,0.37
4916,1.018,-0.707,1.555,-0.744,-1.034
4917,1.903,0.16,0.489,1.106,0.152
4918,-1.741,0.553,-1.135,0.495,0.211
4919,-1.999,-1.579,1.214,0.046,0.227
4920,-1.912,-1.018,-0.29,1.413,-0.799
4921,-0.469,0.961,0.556,0.931,-3.341
4922,0.177,-0.089,-0.408,-1.115,1.037
4923,-0.493,1.332,1.543,-0.216,0.688
4924,-1.448,0.207,-0.509,0.802,-2.465
4925,-1.156,-0.328,-1.352,-0.924,-0.807
4926,-1.586,0.668,0.937,1.167,-0.696
4927,-0.854,0.14,1.022,1.591,0.578
4928,-0.136,0.146,0.061,0.41,0.248
4929,-0.873,0.141,-1.819,0.665,0.943
4930,0.314,0.337,0.701,-1.071,0.306
4931,1.223,0.247,0.469,-0.463,-0.45
4932,-0.862,-0.826,-0.04,-1.249,-0.817
4933,0.323,-1.841,0.235,0.074,0.864
4934,-0.142,-0.128,-0.441,1.403,0.847
4935,-0.005,0.812,0.513,-0.281,-1.005
4936,1.634,1.488,0.862,-0.229,-0.047
4937,0.567,0.122,-0.118,-0.199,0.845
4938,-0.218,-0.281,-0.465,-1.865,0.274
4939,-1.757,-0.612,0.804,-1.22,-0.724
4940,-1.125,0.346,-1.015,0.696,-1.305
4941,0.28,0.614,1.079,1.275,0.74
4942,-1.474,0.385,1.509,0.584,-0.634
4943,1.217,0.665,1.691,1.638,1.895
4944,-1.182,-0.215,-1.121,0.26,1.493
4945,0.017,0.711,-0.535,0.433,-0.269
4946,1.157,-1.188,-0.571,1.313,0.028
4947,0.664,-1.719,-0.569,-0.066,-1.308
4948,-0.645,-1.089,0.14,-2.191,-1.372
4949,0.542,-0.089,-0.722,-0.868,-0.013
4950,-1.443,1.156,0.131,-1.893,-0.722
4951,-1.597,1.539,0.732,-0.603,-1.01
4952,0.929,1.655,2.299,1.083,-0.091
4953,-0.95,-1.252,-0.799,-1.082,-0.445
4954,-0.278,0.26,-2.287,0.146,1.852
4955,1.252,-0.311,1.563,1.04,-2.536
4956,-0.304,1.539,0.383,-0.959,-1.423
4957,2.093,0.59,0.613,0.126,0.321
4958,-0.708,-1.468,1.209,0.851,-0.065
4959,1.382,-0.011,0.932,1.679,-0.954
4960,-0.73,-1.86,0.109,0.23,-1.715
4961,0.867,-0.404,1.356,-0.347,-0.22
4962,-0.876,-0.229,-0.677,-0.271,-0.081
4963,-0.091,-0.499,0.258,0.934,-0.693
4964,-2.078,0.548,0.094,0.432,1.344
4965,1.08,1.192,0.059,0.854,-1.84
4966,-1.238,-1.169,-1.211,-1.484,-0.838
4967,-0.917,0.69,-0.488,0.625,0.679
4968,0.002,-0.182,-0.563,-1.253,-1.853
4969,-0.636,1.513,0.229,-0.865,1.656
4970,0.356,1.44,-0.774,-0.625,0.958
4971,-0.224,0.085,-0.251,-0.103,-0.668
4972,-0.554,-1.465,0.685,0.209,1.043
4973,-0.875,0.21,1.146,-0.722,-0.134
4974,-0.432,2.155,-0.602,0.958,-1.557
4975,1.117,-0.941,0.066,0.834,-1.377
4976,-0.793,-0.196,1.417,-1.127,-0.56
4977,-0.483,1.116,0.46,-1.372,-0.543
4978,-0.248,-0.81,0.877,1.431,0.085
4979,-0.712,1.169,0.16,-1.192,0.711
4980,-0.562,-1.966,-0.564,0.125,-1.886
4981,-0.621,-0.279,-0.5,1.16,0.625
4982,0.451,0.235,-0.408,0.279,-1.723
4983,-0.235,-0.125,-0.422,-0.052,-1.134
4984,-0.133,-0.969,0.519,0.493,-0.032
4985,1.631,1.864,-0.766,1.114,0.715
4986,-0.088,-0.181,-1.018,-0.491,0.381
4987,1.909,0.891,-1.127,-1.748,0.119
4988,-0.784,-1.199,0.842,1.355,1.873
4989,1.403,0.688,-1.458,-1.011,-1.902
4990,0.343,0.147,-0.431,0.749,0.507
4991,0.593,0.905,0.954,0.517,-0.548
4992,1.836,0.223,0.194,-0.527,0.43
4993,-0.366,-1.185,0.112,0.757,-0.802
4994,-0.434,-1.7,-1.476,1.024,0.3
4995,0.309,-0.0,-0.268,-0.696,-0.879
4996,-0.743,0.602,1.307,-0.534,-0.358
4997,0.582,0.215,-0.536,-1.081,0.803
4998,-0.182,-1.155,0.909,0.758,1.226
4999,-0.991,-0.74,-0.345,0.862,-0.009
