data,at1,at2,at3,at4,at5
0,-0.576,-1.511,0.52,0.43,-0.704
1,-1.482,0.211,-1.6,-0.236,-0.092
2,0.127,0.638,-1.182,-0.24,0.568
3,-1.578,0.296,-1.235,1.03,-1.364
4,1.232,0.468,-0.752,-0.232,-1.035
5,0.561,-1.058,-1.579,-0.386,0.926
6,-0.416,-0.094,-0.457,1.186,1.923
7,2.779,0.441,-0.397,1.013,-0.937
8,-0.675,-1.757,1.097,0.84,0.24
9,-0.485,1.231,0.183,1.494,0.082
10,0.96,-0.156,-1.269,0.528,0.9
11,1.103,-0.565,-1.306,-1.381,0.325
12,0.799,0.373,-0.701,-0.313,1.951
13,1.289,-1.36,-0.247,0.011,-0.826
14,1.251,-1.311,0.529,-1.364,0.592
15,-0.031,-0.847,-0.361,-0.628,1.059
16,-0.156,-0.067,-1.707,0.01,-0.651
17,-2.579,-0.313,1.063,-0.745,0.245
18,0.766,0.559,-0.528,1.227,-1.454
19,-1.79,-0.289,-0.893,-1.545,-0.3
20,-0.964,-0.138,-0.127,0.269,-0.22
21,0.792,0.422,0.031,0.287,0.844
22,0.726,-0.88,-0.474,-1.218,-1.238
23,0.235,-1.585,1.248,0.239,-0.382
24,-0.549,0.729,0.195,0.254,1.25
25,0.108,0.349,0.16,-0.38,2.158
26,1.323,0.071,-0.049,0.537,-2.097
27,-0.305,-1.011,0.471,-0.067,2.078
28,-0.187,-0.939,0.524,1.021,0.786
29,-2.213,1.895,-0.202,-0.268,0.009
30,-0.31,0.098,0.53,0.993,0.908
31,-0.361,-0.087,0.123,0.407,-1.582
32,-0.122,-1.979,2.641,-0.394,-0.872
33,0.43,0.023,-0.754,0.914,0.965
34,0.793,0.487,-1.337,1.938,0.624
35,0.591,-0.877,0.594,0.061,-1.722
36,1.359,0.955,0.418,0.216,0.128
37,-0.286,1.006,0.279,-1.512,0.461
38,1.727,0.287,0.067,-0.92,0.804
39,1.471,-0.616,0.306,0.55,-0.855
40,-0.151,1.05,-1.7,0.789,-0.003
41,-0.226,-1.086,0.242,2.175,-1.236
42,-0.186,-0.935,-0.03,0.382,1.384
43,1.228,0.673,0.392,-0.004,-0.47
44,-1.861,1.642,0.405,1.04,1.507
45,-1.283,2.742,-0.76,0.744,-1.625
46,2.215,-1.011,-0.172,0.7,-0.387
47,0.073,0.656,-0.593,-0.274,-0.717
48,-0.775,0.52,-2.76,0.67,0.674
49,-1.089,1.347,0.731,-0.076,-1.367
50,1.168,0.724,-1.674,1.695,0.577
51,0.853,1.139,-0.55,0.217,1.376
52,-0.621,-0.944,-0.706,0.663,-2.483
53,-0.548,-1.224,0.091,0.292,-0.623
54,0.915,0.09,0.62,-0.083,0.523
55,-0.577,-0.32,0.148,-0.322,1.332
56,-0.626,1.826,-1.78,0.605,-0.18
57,0.001,-0.07,-0.743,-0.946,1.699
58,0.605,-0.521,-2.405,0.362,-0.519
59,-0.218,1.737,-1.248,-0.137,0.741
60,-0.06,-0.247,-1.25,-0.344,0.577
61,-0.37,-0.905,-1.767,0.396,-0.099
62,-0.089,0.297,-0.945,-0.579,0.876
63,-0.371,1.247,-1.371,-0.143,0.368
64,-1.239,0.545,1.066,-0.512,0.387
65,0.124,0.482,-1.211,-0.805,-0.394
66,1.068,0.551,-1.203,0.105,1.06
67,-0.08,0.623,-1.287,1.288,-0.609
68,-1.081,-0.52,-1.319,0.518,0.702
69,-0.965,0.724,-1.469,1.027,1.14
70,0.2,2.253,0.113,-0.259,0.933
71,-0.554,0.208,1.052,0.859,1.399
72,-0.068,-0.043,0.138,-0.303,-1.196
73,0.065,-0.604,1.073,1.56,2.05
74,0.749,0.553,-0.418,-0.39,-0.326
75,2.342,-0.779,-0.428,0.112,0.162
76,-0.063,-0.881,0.315,-1.394,-1.124
77,0.526,-0.46,-1.112,-0.519,0.784
78,0.931,-0.349,-0.547,1.268,-0.022
79,0.721,-0.414,-0.683,-1.26,-1.182
80,0.857,0.567,1.43,-0.694,0.757
81,0.109,-2.114,-0.676,-0.749,-0.305
82,-0.347,0.866,-0.582,0.062,-0.471
83,-0.12,0.003,-0.288,-0.285,-0.469
84,-0.4,0.53,-0.181,-1.996,0.075
85,-0.192,0.364,0.586,0.101,-0.171
86,-0.859,0.03,1.165,-0.064,0.701
87,1.303,0.717,1.229,1.474,1.294
88,-0.122,0.882,1.393,0.273,0.102
89,-0.096,0.989,-0.374,-0.56,-0.663
90,-0.365,0.166,-0.355,0.086,1.191
91,2.047,-1.365,0.972,-0.279,-0.654
92,0.924,1.667,-1.499,0.519,0.026
93,0.456,1.279,0.19,0.691,0.475
94,-1.898,-0.208,0.2,2.12,-0.807
95,0.572,0.671,-1.863,-0.433,-0.496
96,0.964,0.997,0.018,0.699,-0.204
97,0.13,1.27,0.733,0.868,-0.029
98,0.109,0.302,-0.928,1.825,-1.343
99,-0.871,-0.442,-2.063,-0.143,0.324
100,-0.235,0.75,-0.346,0.736,0.102
101,-0.425,-0.76,0.617,0.133,1.098
102,-0.59,0.031,-0.022,0.344,-0.758
103,0.337,-0.224,0.041,1.667,-0.62
104,-0.899,0.418,-0.118,2.004,-0.117
105,-1.301,-1.475,0.647,-1.168,1.128
106,-0.246,0.209,-0.079,0.808,-0.301
107,0.526,0.213,-1.168,-0.637,0.91
108,-0.462,0.646,0.705,-0.661,-0.261
109,-0.714,-0.3,1.649,-1.401,1.338
110,-0.46,0.133,-1.339,-2.348,0.824
111,-0.185,-1.394,1.797,0.934,-0.837
112,-1.01,-0.941,-0.518,-1.223,0.426
113,-1.272,-0.692,0.635,-0.488,0.637
114,-0.885,-1.482,-0.274,-1.14,-1.504
115,0.702,-0.292,1.718,-0.144,-0.373
116,-1.31,-1.659,0.977,1.376,0.75
117,0.433,1.542,1.346,0.436,0.588
118,0.747,1.147,-0.652,0.328,0.121
119,-0.402,0.457,-2.145,-0.617,-1.335
120,-1.527,-1.162,-0.727,-0.459,0.251
121,0.039,-0.539,-0.304,-0.845,-0.118
122,-0.48,0.192,-0.125,0.084,1.041
123,-0.248,-1.452,-0.868,-1.347,-0.548
124,1.273,-1.089,1.181,1.713,1.39
125,-0.8,-0.507,-0.467,-0.407,-1.127
126,0.248,-0.079,-0.258,1.506,0.204
127,-0.73,-2.663,0.519,0.294,1.559
128,-0.018,-1.348,0.1,0.987,2.157
129,-0.689,-0.199,0.543,-0.32,-0.896
130,-0.285,-0.083,-0.15,-0.29,0.129
131,-0.94,2.053,0.494,0.196,-1.315
132,1.298,-0.093,0.911,-0.923,0.021
133,-0.398,-0.974,-1.93,1.27,2.226
134,-2.039,0.137,-1.701,1.001,1.79
135,1.959,0.015,-0.548,-0.385,-0.9
136,-1.085,0.938,-1.224,0.667,0.745
137,-2.698,1.347,0.114,0.163,-0.73
138,0.083,0.594,-0.637,0.3,0.257
139,-0.264,0.124,-0.259,-2.237,-0.47
140,0.298,0.723,-0.279,0.039,-0.211
141,-0.246,0.034,1.482,0.491,0.953
142,1.891,-1.571,-1.07,0.026,1.428
143,0.271,0.085,2.135,1.848,-0.869
144,-0.34,0.254,-0.082,1.601,0.701
145,-0.112,1.427,-0.378,2.287,-0.019
146,0.123,2.101,1.607,-1.537,0.077
147,0.099,0.389,-0.362,0.433,0.156
148,-1.427,-0.643,1.003,-0.35,0.026
149,-0.307,1.065,1.781,2.687,0.489
150,0.623,-0.397,-1.156,-1.118,0.62
151,0.156,0.225,0.665,-0.157,0.583
152,-1.04,-0.217,0.668,-1.358,0.501
153,-0.787,-0.217,1.178,-1.231,-0.774
154,0.724,-1.21,1.868,1.043,0.161
155,1.066,-1.181,0.685,1.186,0.36
156,1.203,0.58,-0.548,0.738,0.602
157,1.687,0.335,0.609,-1.52,-0.775
158,0.781,-0.199,1.337,0.248,-0.969
159,-0.469,2.355,-1.602,1.091,-1.443
160,-0.488,2.115,2.365,-1.498,-0.508
161,-0.779,-0.027,0.446,-1.644,0.601
162,-2.21,0.089,-0.154,2.009,-1.045
163,-0.217,0.625,0.548,-1.867,-1.499
164,0.824,-1.202,-0.756,-0.509,-1.004
165,0.614,-0.852,-0.102,-1.866,-0.509
166,0.937,-0.018,0.08,1.124,1.824
167,-1.215,0.19,-1.219,0.428,-0.483
168,-0.398,-1.323,0.391,-0.671,1.189
169,-0.098,-0.099,-0.423,-2.243,-1.399
170,-1.411,0.727,-1.422,-1.227,-0.989
171,0.168,-0.067,-0.689,2.329,0.78
172,-0.032,-0.245,-1.242,-0.811,-0.267
173,-1.479,-0.424,0.755,2.429,-0.914
174,0.616,-0.23,-0.679,-0.474,-1.819
175,0.203,-1.391,-0.467,-0.092,1.012
176,1.287,-0.423,1.272,0.226,0.61
177,2.536,1.536,-0.219,-1.346,0.135
178,-1.066,-0.051,-0.652,-0.113,-0.404
179,-0.788,-1.731,-0.036,1.562,-0.605
180,1.551,-0.074,-1.481,-0.818,1.151
181,-1.246,0.774,-0.963,0.762,-0.453
182,-2.08,-1.084,1.419,-1.13,-1.093
183,0.261,-1.188,-1.855,-1.632,-0.39
184,-1.503,-0.494,0.698,-0.058,0.228
185,-0.799,-0.016,1.048,0.009,1.235
186,-1.142,2.086,1.166,1.81,-0.387
187,1.138,-0.322,0.197,0.078,1.166
188,0.226,0.278,1.264,0.454,-0.13
189,1.395,1.454,-0.029,0.444,0.672
190,-0.509,-0.279,-1.154,1.672,0.038
191,-1.257,1.118,0.7,0.044,-0.337
192,-1.136,-0.331,-0.424,1.044,-1.741
193,1.35,0.842,0.737,1.045,-0.082
194,-0.534,1.627,-0.413,0.564,-0.666
195,-0.61,1.039,0.313,-0.638,-2.205
196,1.156,-0.556,3.223,-0.324,-0.114
197,-0.345,-0.492,-0.878,-0.317,-0.338
198,0.915,1.91,-1.028,-0.309,-0.164
199,-0.832,1.448,0.136,1.805,0.525
200,-1.393,1.021,-1.792,0.444,-0.179
201,-0.349,-0.392,0.675,0.843,-0.162
202,0.478,-1.284,0.751,-0.843,1.079
203,0.258,-0.278,0.6,-0.621,0.037
204,-0.94,-0.13,0.433,0.301,0.305
205,0.952,0.255,-0.635,-0.85,0.326
206,1.534,-0.196,-0.205,-1.25,1.233
207,1.245,0.456,0.439,-0.01,0.266
208,-1.344,-0.122,-1.062,0.252,-2.82
209,-0.801,1.085,-0.137,0.161,-0.641
210,0.495,1.309,-0.172,-0.266,2.152
211,-1.095,0.186,-0.283,0.026,-1.088
212,-1.497,0.662,-0.593,1.331,-1.366
213,0.492,0.81,0.274,1.466,0.071
214,-0.645,-0.48,0.846,-0.19,1.004
215,-0.86,0.511,-1.482,-1.006,-0.138
216,-1.205,-0.61,-1.427,-0.587,1.2
217,1.169,-0.453,-1.075,0.107,0.384
218,-0.315,0.147,1.453,2.522,-0.289
219,-1.484,-0.887,0.218,-2.057,-1.164
220,1.257,0.259,0.462,1.568,0.306
221,0.743,-0.109,1.317,-0.66,-1.234
222,-1.49,-0.152,-0.257,-0.558,-0.117
223,0.753,0.584,-0.24,0.407,0.4
224,0.577,-0.36,0.023,0.031,0.228
225,1.244,1.864,-0.146,0.067,-1.996
226,0.153,0.751,-0.267,-0.872,-0.451
227,1.703,-1.586,-0.948,-1.779,1.622
228,0.091,-0.478,-0.44,0.195,0.755
229,1.264,1.559,0.219,0.264,-0.725
230,0.565,-1.042,-0.11,1.06,0.125
231,-0.148,-0.189,-0.347,0.701,0.636
232,-0.187,-1.325,-1.114,0.339,-0.628
233,0.822,-0.141,-0.565,0.685,-0.503
234,-0.061,-1.186,-3.353,-0.227,-1.286
235,0.769,1.291,1.007,-0.893,-0.686
236,0.496,0.615,1.786,2.328,-0.483
237,-0.431,-1.655,0.222,0.43,1.08
238,0.213,0.321,-0.849,2.234,-1.404
239,0.013,0.127,-1.189,-0.124,-0.803
240,-0.204,1.276,-1.288,-0.427,-0.351
241,0.813,0.661,-0.881,-0.68,1.434
242,-0.889,-0.608,-0.472,-0.005,0.574
243,-0.112,-0.754,-1.578,1.008,-0.458
244,0.816,-1.194,-0.24,-0.99,0.875
245,0.217,0.109,0.234,-1.312,1.685
246,0.168,1.613,-0.75,0.491,0.535
247,-0.454,1.633,-0.99,0.309,0.612
248,-0.75,1.351,-1.032,-1.31,1.356
249,-1.084,1.805,0.856,-0.188,0.711
250,-0.31,-0.892,0.326,0.066,-0.36
251,0.071,1.513,0.285,2.645,-0.8
252,-1.222,-0.221,-0.211,0.431,0.574
253,0.306,0.457,1.352,1.781,0.17
254,-0.852,-0.69,1.033,0.616,0.5
255,0.901,0.8,-0.503,0.352,-0.596
256,-0.108,-0.556,0.696,0.826,-0.297
257,-0.813,0.314,-0.288,1.744,-0.163
258,-0.537,0.094,1.469,0.733,-0.863
259,-0.862,-0.018,-1.11,0.13,0.141
260,1.043,-1.811,1.389,-0.074,0.341
261,-0.724,-0.028,1.504,0.036,2.078
262,1.388,-0.259,1.963,0.953,0.496
263,-1.375,-0.321,0.194,0.868,0.56
264,-0.17,-2.01,-0.89,-1.522,0.65
265,0.242,0.81,-0.482,-0.446,-0.687
266,-0.408,-0.041,-0.348,0.511,1.247
267,-0.86,-0.878,0.849,-1.254,-1.024
268,1.73,-0.528,-0.63,2.299,-0.062
269,-1.351,-1.335,0.543,0.324,-0.077
270,-1.38,-0.794,1.157,-0.312,0.922
271,-2.667,0.817,-0.238,-1.047,-0.756
272,0.288,0.449,0.425,-0.756,-1.482
273,0.644,1.746,-2.024,-2.131,-0.25
274,0.197,-0.34,1.769,1.721,0.207
275,0.494,0.015,-0.586,-1.376,-0.39
276,1.329,1.607,-0.244,-1.066,0.828
277,0.706,-0.183,-0.927,-0.341,-0.9
278,-0.193,0.129,0.496,0.36,0.413
279,-0.508,-0.415,-0.464,0.586,1.1
280,-1.853,-0.287,-1.051,0.7,-0.574
281,1.42,-0.855,0.005,0.442,-1.557
282,0.568,1.819,1.338,1.085,0.196
283,0.842,-0.681,0.14,0.084,-0.178
284,-0.151,-0.171,0.361,-1.048,0.873
285,1.827,0.018,-1.339,0.011,0.939
286,-1.684,-0.318,-0.112,-0.384,-0.101
287,-1.241,0.237,-0.692,-0.736,1.725
288,-0.782,-1.606,0.274,-0.343,-0.081
289,-0.408,-1.669,1.552,-1.335,0.724
290,-0.698,0.744,-1.204,1.207,-0.059
291,1.114,0.674,0.862,-0.956,-0.106
292,1.239,-0.988,-0.56,1.26,-0.96
293,-2.713,1.461,0.121,0.197,-0.689
294,0.504,0.793,1.097,0.58,0.184
295,-0.261,-0.996,-0.671,0.474,-1.708
296,0.082,-0.004,-0.25,-0.763,-1.47
297,-1.358,-0.803,1.498,1.441,0.144
298,-0.113,1.062,-0.467,0.158,0.153
299,-0.642,0.562,0.304,1.312,-1.123
300,0.592,-0.362,-1.651,-0.895,0.28
301,0.209,1.688,-1.051,1.01,-1.157
302,-0.217,0.658,-0.001,-0.748,-1.036
303,-0.294,-0.068,-0.246,-1.362,1.279
304,0.209,-0.025,0.143,0.289,0.652
305,0.513,0.223,0.679,1.595,-0.499
306,-0.674,-1.733,0.001,-0.452,1.071
307,-1.289,-0.551,1.113,1.985,-0.838
308,-0.063,0.009,0.999,0.037,0.241
309,1.199,-0.189,0.443,-1.434,-1.659
310,0.795,0.089,1.169,0.704,-0.771
311,-0.346,-1.298,0.342,-0.593,0.892
312,0.407,-0.62,0.309,-0.762,-0.535
313,-0.703,-0.984,-1.24,0.689,0.175
314,0.931,-0.578,0.166,-1.549,0.846
315,1.456,-0.298,-0.616,0.754,-0.861
316,0.251,1.219,1.526,0.75,-0.619
317,-0.183,0.595,-1.389,0.012,-0.803
318,0.507,0.081,1.265,-0.581,1.754
319,0.216,-0.021,0.149,0.343,-0.273
320,-1.811,0.586,-0.401,0.957,0.498
321,0.378,-0.156,0.296,0.709,0.199
322,-0.657,0.914,-0.701,-0.209,-0.515
323,-0.948,0.814,-0.601,-0.51,-0.445
324,2.219,-1.295,0.53,0.347,0.694
325,1.129,0.778,0.18,0.887,-1.151
326,-1.296,-0.135,0.535,0.045,-1.492
327,-2.002,-0.554,-0.365,-0.406,0.212
328,0.276,-0.895,0.388,-0.263,-0.287
329,-0.506,-1.184,-0.151,0.746,0.716
330,0.959,0.869,0.007,0.808,1.268
331,-1.194,-1.526,0.383,1.01,0.361
332,0.402,-0.89,-1.199,-0.206,1.172
333,-0.115,-0.708,0.364,0.581,0.963
334,-1.187,-1.165,-0.166,-1.237,-0.631
335,0.829,-1.44,-0.491,-0.876,0.174
336,0.681,0.671,0.563,1.359,-0.432
337,0.389,-1.696,-0.384,-0.654,-0.399
338,-0.175,0.787,-2.521,0.253,2.005
339,1.437,-0.866,-0.964,0.005,-0.077
340,-0.18,0.026,-0.141,0.087,0.084
341,0.123,-0.652,-0.306,0.297,1.183
342,0.475,-0.928,-2.512,0.064,1.244
343,-0.879,-1.33,-0.242,-0.691,1.641
344,-0.434,0.038,-0.006,1.301,0.689
345,0.31,-1.532,0.039,1.612,0.673
346,1.611,-1.106,2.05,2.026,-1.224
347,-1.348,1.132,-0.389,1.033,0.846
348,3.096,-0.676,-0.002,-0.658,-0.541
349,0.044,-0.083,0.478,0.391,0.902
350,-1.131,1.237,0.241,-0.662,1.138
351,-0.697,0.726,1.44,0.665,-0.529
352,1.85,-0.016,-0.622,-0.856,0.681
353,0.574,-2.345,-2.423,-0.467,0.446
354,-0.009,1.74,-1.292,1.301,0.662
355,-0.925,0.021,1.064,0.25,0.102
356,0.699,-0.658,0.257,-2.668,-0.962
357,0.324,0.55,-0.83,-1.217,0.585
358,-0.313,1.229,-0.089,-0.88,0.521
359,0.387,-1.259,0.228,-1.296,-0.601
360,-1.224,1.978,0.038,0.312,-2.645
361,0.312,1.875,1.444,1.648,1.111
362,-0.014,0.32,0.842,1.769,2.37
363,-0.896,1.076,-0.291,-0.902,-0.695
364,0.609,2.083,0.45,0.786,0.53
365,-1.509,-0.03,-0.537,1.144,-0.222
366,0.351,1.703,0.332,0.717,0.363
367,0.592,0.252,-0.025,-1.585,0.541
368,0.986,0.999,-1.114,-0.247,-0.3
369,-0.838,-0.292,-2.102,0.555,-0.699
370,-0.214,-0.228,1.38,0.527,-2.328
371,1.254,-0.066,0.304,1.161,-0.478
372,0.671,-0.062,0.592,-0.11,0.87
373,0.85,0.237,-0.473,0.979,-0.444
374,-0.972,-0.942,-0.493,-0.981,2.521
375,-3.045,-0.86,-0.666,-0.81,0.785
376,-1.355,0.214,-0.661,0.898,-1.441
377,0.287,-1.856,-1.305,-0.478,-2.189
378,-1.103,-0.64,0.419,-0.868,-0.824
379,-0.152,1.967,-0.36,-0.785,0.017
380,0.529,-0.394,1.51,1.398,-0.126
381,0.05,-0.061,-1.283,0.177,-1.187
382,0.92,0.056,0.407,-1.307,0.18
383,0.508,-1.599,-0.927,-1.133,-1.098
384,-0.167,-0.164,2.292,0.283,0.469
385,0.954,-1.157,0.235,-0.328,-0.38
386,-0.686,0.144,0.083,-0.611,-0.751
387,1.447,0.307,1.009,-0.192,-1.079
388,1.053,1.046,-0.413,-0.966,-1.247
389,-0.236,0.419,-0.462,0.427,-0.869
390,1.412,0.616,-0.577,-1.499,0.846
391,-0.018,0.069,-1.806,0.012,0.979
392,2.48,-0.7,0.728,2.37,0.682
393,0.576,0.4,-1.075,-0.582,-1.78
394,-1.609,0.618,-0.807,0.793,0.18
395,-0.797,-0.842,0.551,0.882,0.341
396,-0.78,-1.117,-0.84,2.079,1.251
397,-0.955,1.536,-0.304,-1.12,-0.438
398,-1.096,0.071,-0.466,-0.642,1.744
399,-0.824,0.502,-0.176,0.571,0.797
400,0.298,-0.479,0.061,1.487,0.497
401,-0.292,-0.304,-0.535,0.591,0.389
402,1.161,0.728,0.545,1.621,0.291
403,-0.091,1.456,-1.008,-0.089,-1.252
404,-0.977,1.205,0.13,-1.346,0.637
405,-1.913,0.679,-0.847,0.807,-1.038
406,0.448,0.31,-2.028,0.481,1.36
407,0.142,0.95,0.27,-2.0,1.036
408,0.456,-1.138,-0.678,-1.773,-0.076
409,0.238,-1.275,-0.591,0.675,0.26
410,-0.194,0.597,-0.778,-0.999,-0.819
411,1.122,-0.972,-0.154,0.246,1.237
412,0.09,0.263,0.016,0.137,0.132
413,1.098,0.086,0.418,-0.262,0.26
414,0.818,-1.583,-0.48,-0.111,0.6
415,-0.151,0.302,-1.073,-1.765,0.899
416,0.751,-0.428,-1.217,-0.328,-0.304
417,-0.743,-2.897,-0.814,-0.019,-0.941
418,0.45,-0.07,0.644,0.052,-1.146
419,-0.5,0.158,-0.406,0.283,0.004
420,-0.438,0.118,-0.626,-1.684,-0.329
421,-0.88,-0.142,0.034,-1.109,-1.949
422,-0.901,0.686,1.195,-0.995,-0.971
423,-0.606,-0.282,0.539,0.563,0.978
424,0.348,-0.348,-0.135,-1.431,-1.183
425,-0.922,2.535,-0.23,-0.177,-0.03
426,-0.129,-0.527,-0.091,0.455,-1.023
427,-0.355,0.122,-0.997,-2.221,-0.583
428,0.593,-0.976,-0.827,0.274,0.406
429,-0.29,1.121,-0.784,-2.467,0.793
430,1.637,0.909,-1.598,-1.027,-0.158
431,-0.377,0.54,0.985,-0.413,-0.232
432,-0.287,1.521,1.049,-0.747,0.274
433,-0.073,0.133,-0.048,0.839,-0.611
434,-0.796,2.109,-0.667,-0.189,-0.959
435,-0.162,-0.291,0.441,0.611,2.019
436,0.142,0.562,-0.446,1.714,0.296
437,-0.758,1.1,-0.362,-0.307,0.492
438,0.568,0.561,2.187,-1.158,0.716
439,-0.882,-0.327,0.594,0.927,-1.954
440,-0.313,2.257,-0.204,-0.133,0.45
441,1.359,0.055,1.342,0.297,-0.092
442,-1.925,0.125,-0.095,-0.635,0.801
443,0.556,0.173,1.557,-1.073,1.232
444,1.059,-0.744,0.013,-0.364,0.514
445,0.269,1.705,-0.226,1.325,1.118
446,0.539,-1.13,1.418,0.516,0.376
447,-1.186,0.961,0.441,0.644,-0.618
448,-0.405,-1.958,0.528,-0.615,-0.349
449,0.541,0.463,0.679,-2.365,-0.845
450,-1.525,-0.485,-1.202,1.23,2.395
451,0.452,-1.011,1.19,-0.234,1.946
452,-0.029,-2.439,1.444,-0.747,0.443
453,0.291,-0.466,-1.111,0.258,-0.196
454,-1.096,-0.942,0.628,-0.404,0.494
455,0.75,-0.273,1.411,0.582,-0.515
456,-0.219,-0.533,0.251,0.159,-1.553
457,0.56,-1.298,-1.63,0.109,-1.853
458,-0.515,-0.15,0.034,-1.157,0.517
459,-0.552,0.568,0.217,0.885,1.872
460,-0.873,0.103,0.065,0.152,-0.758
461,-1.081,1.984,-0.867,-0.574,-0.248
462,0.904,-0.34,-0.826,-0.365,-0.682
463,0.727,2.059,-2.222,-2.735,1.035
464,0.093,0.804,0.905,1.888,0.508
465,-1.105,1.582,-0.882,0.102,0.439
466,0.38,-0.84,-1.172,0.334,-0.774
467,0.647,0.318,-0.677,-1.286,-0.744
468,-1.3,-0.362,0.232,0.322,-0.258
469,0.424,0.008,0.602,0.147,2.087
470,-1.728,2.457,-1.326,-1.56,0.396
471,1.373,1.076,0.462,0.972,0.016
472,0.585,-0.368,1.546,-0.287,-0.082
473,0.2,-0.391,0.165,1.281,0.393
474,-0.836,0.78,0.439,-0.701,-0.541
475,-0.462,0.874,0.453,0.615,-0.327
476,0.667,0.505,-0.69,-0.337,-0.072
477,-1.903,-0.47,0.665,-0.575,-0.842
478,-0.912,0.626,0.834,0.093,-1.268
479,1.594,1.675,-1.577,0.818,-0.065
480,-1.079,1.08,1.101,1.76,0.587
481,-0.945,-0.602,0.926,-0.19,-1.754
482,-0.029,-0.738,0.33,-0.36,1.923
483,0.114,-0.884,-0.246,-0.199,-1.435
484,0.112,-0.176,1.222,-0.806,-0.628
485,-1.078,2.083,-0.046,0.236,-0.44
486,-1.092,0.462,-0.601,-0.62,1.353
487,-0.515,0.218,0.453,0.522,-0.72
488,2.042,0.939,0.944,-0.603,1.33
489,-0.963,-1.509,-0.221,0.476,0.244
490,0.273,0.266,0.475,-1.368,0.78
491,0.397,-0.628,-0.703,-1.361,-1.149
492,0.563,1.358,-0.176,-0.821,-1.516
493,0.063,0.667,-0.506,-0.606,-1.738
494,0.47,0.255,1.474,-1.135,-0.146
495,1.52,0.438,-0.493,-1.372,-0.771
496,-1.663,0.873,0.047,-1.281,0.122
497,-0.011,-0.26,-0.767,-0.487,0.555
498,-2.473,-0.764,-0.741,0.602,-0.853
499,-0.741,-0.877,-1.164,-1.651,-1.999
500,1.585,-1.242,-1.23,0.473,0.059
501,0.377,2.608,-1.957,0.957,0.121
502,1.469,0.291,1.053,-2.399,0.005
503,0.644,0.811,-0.901,-0.069,-0.019
504,-0.259,0.347,-0.094,0.392,-0.194
505,-0.872,0.656,-0.361,-0.31,0.299
506,-0.366,0.538,-0.123,-1.083,0.039
507,-0.176,0.711,0.058,0.914,-0.038
508,-0.432,-0.184,0.063,0.069,-0.381
509,-0.239,-0.526,-1.913,-0.334,-1.775
510,-0.032,-0.406,-0.159,1.69,1.276
511,0.152,-1.606,0.036,0.682,-1.3
512,-1.025,-0.431,-0.976,1.436,0.8
513,0.157,-0.82,1.895,-0.205,2.581
514,0.864,1.474,0.38,0.221,-0.567
515,0.712,-0.284,-0.794,0.675,-0.756
516,-2.053,0.928,0.493,-0.434,0.075
517,-3.1,0.04,1.241,-0.049,-1.586
518,-0.083,0.714,1.65,0.049,1.793
519,0.066,1.921,-0.392,-1.624,0.382
520,-1.479,-0.83,-1.652,-0.224,0.991
521,0.359,-0.462,0.114,1.093,-0.635
522,-0.428,1.197,-1.486,2.184,0.975
523,1.349,0.15,-0.253,-1.784,1.999
524,1.665,-1.113,0.397,0.792,1.8
525,0.726,-1.268,-0.814,1.529,-0.559
526,-0.536,0.74,0.23,0.933,-0.643
527,0.18,0.153,0.61,1.461,-0.166
528,-1.025,-0.423,-1.063,-0.111,1.016
529,0.256,1.476,-2.233,-0.102,0.044
530,0.099,-0.399,-0.709,-0.631,-0.08
531,-0.382,1.908,0.184,-1.058,-0.173
532,-0.227,-0.162,2.243,-0.022,0.782
533,0.159,-0.979,-0.286,0.002,0.776
534,1.142,-1.543,-0.984,1.29,-0.118
535,-0.309,-0.544,-0.642,0.468,0.193
536,-0.073,2.112,-0.374,-0.168,-0.457
537,0.459,0.368,0.89,-0.313,0.082
538,-0.427,1.07,-1.443,-0.184,0.786
539,-0.641,-1.008,-1.302,0.686,-0.455
540,-1.125,-1.293,0.584,-0.283,-0.252
541,1.037,-0.21,2.004,2.712,-0.624
542,-0.146,-1.896,0.691,-0.607,-1.446
543,-0.441,-0.708,1.215,-1.86,-0.597
544,0.705,0.593,0.944,1.585,0.556
545,-1.573,-0.384,0.243,-0.056,-1.349
546,-1.529,-0.653,0.988,-0.62,0.391
547,-0.269,-0.56,0.427,-0.944,1.066
548,0.294,0.187,1.038,2.314,-1.65
549,0.184,0.175,0.571,0.157,-1.06
550,-0.146,-0.23,0.16,0.759,0.381
551,2.11,-0.625,1.173,0.185,0.995
552,0.623,-1.1,2.263,1.356,0.407
553,1.302,-0.694,-0.448,0.0,1.493
554,-0.452,-1.341,-1.445,-1.841,-0.745
555,1.646,1.41,0.374,-1.166,-0.045
556,1.139,1.055,-1.004,-1.374,0.919
557,-0.685,0.95,-0.051,-0.334,0.07
558,0.671,-0.598,0.294,2.002,-0.855
559,0.193,1.103,-1.63,-0.428,-0.507
560,0.013,1.191,-0.818,-1.048,0.589
561,-0.182,1.288,-0.871,0.345,0.123
562,-0.531,-0.183,0.754,-1.519,0.179
563,-0.553,-0.892,-0.313,-2.341,-0.173
564,0.142,1.568,-1.677,0.783,0.166
565,0.206,-0.262,1.717,-0.667,1.025
566,-0.485,-1.734,0.054,0.872,0.61
567,-0.312,0.386,1.348,-0.343,-2.547
568,-1.711,-2.274,-0.352,-1.241,0.395
569,-0.646,0.828,1.494,0.886,0.45
570,0.213,-1.392,-1.119,-0.188,-2.819
571,1.994,-1.4,1.055,-0.118,-1.134
572,0.634,-0.547,0.589,-0.321,-0.887
573,-0.865,-0.021,0.124,-0.462,-1.866
574,-0.791,1.233,0.941,1.023,-1.239
575,-0.246,1.609,0.989,-1.074,0.838
576,0.167,-0.067,0.129,1.826,-0.988
577,-0.562,0.89,0.057,-0.061,0.602
578,-1.298,-0.649,1.053,-1.254,-1.113
579,0.524,0.028,-1.612,0.077,-0.86
580,-1.017,-0.106,-0.793,0.737,-0.869
581,0.775,-1.771,0.241,-1.047,0.812
582,-0.445,0.407,-0.185,-0.153,0.851
583,-0.684,-1.009,1.421,-0.368,-0.938
584,-1.635,0.456,0.316,-0.423,1.349
585,0.697,0.957,0.359,0.277,1.432
586,-0.679,-0.121,-1.128,-2.001,-0.756
587,-0.048,-0.994,0.815,1.463,-0.458
588,-1.638,0.593,0.628,0.933,0.47
589,2.123,-0.082,2.759,1.059,0.432
590,0.186,1.14,-0.426,-0.02,0.407
591,1.63,0.251,-0.196,1.108,1.955
592,-0.179,-0.621,2.125,0.321,-0.254
593,2.368,-0.467,-1.112,-1.053,0.636
594,-0.787,-0.189,-1.545,-0.095,-0.532
595,-0.802,0.622,0.327,0.724,0.545
596,-1.265,-2.376,1.506,0.32,1.146
597,-0.569,0.97,-0.194,0.516,-0.707
598,-1.615,-0.666,-0.764,1.279,-0.841
599,0.024,-1.211,0.344,-1.903,-0.087
600,0.473,-2.133,0.464,0.13,1.298
601,-1.796,0.426,-0.933,1.249,0.792
602,1.095,-0.974,-0.014,0.088,-1.267
603,1.36,-1.421,2.051,1.324,-0.629
604,-1.708,0.591,0.246,-1.039,1.541
605,-0.811,-1.357,-1.418,0.051,1.147
606,0.461,1.749,0.147,-1.274,1.371
607,-0.771,-0.359,0.241,0.799,1.595
608,0.086,-2.035,0.713,0.303,1.551
609,-0.653,1.248,0.636,1.254,-0.606
610,-0.666,-0.935,0.475,-1.743,0.357
611,-0.149,0.354,0.426,-0.455,-0.842
612,-0.795,-0.096,0.318,-1.717,-0.042
613,0.1,-0.103,-0.856,-0.483,-0.145
614,0.132,-0.713,1.233,0.137,0.15
615,0.885,-1.619,-0.485,-2.269,0.282
616,1.944,-0.314,0.705,0.809,-0.285
617,-0.344,-0.596,0.875,-0.03,-0.096
618,-0.304,-0.193,-0.104,0.391,2.164
619,-0.506,-0.05,-0.473,-1.812,-1.47
620,1.895,1.654,0.225,-2.01,-0.197
621,-0.57,1.469,1.082,1.078,-1.546
622,-0.074,2.279,0.155,-1.173,-0.255
623,-0.951,0.787,-1.051,-0.451,-0.078
624,-1.818,-0.654,0.146,0.719,-1.065
625,-0.935,1.215,-0.484,0.118,-0.009
626,-1.41,-0.05,0.845,-0.884,0.562
627,-0.014,2.002,-0.904,0.84,-0.029
628,-0.158,-0.899,-0.129,0.188,-0.181
629,1.289,-1.126,-0.023,1.39,1.252
630,0.398,-0.768,-1.579,-0.19,2.198
631,-0.327,0.344,-0.863,-0.686,0.706
632,0.696,-1.352,0.886,0.293,1.542
633,0.559,-0.067,0.142,-0.231,-0.368
634,-1.151,-0.503,1.78,-2.001,-0.605
635,0.678,-0.942,-0.855,-1.049,-0.016
636,0.359,-1.115,1.063,-0.942,-0.038
637,0.809,0.304,0.298,-0.228,-0.858
638,0.331,-0.975,0.659,-0.736,2.143
639,0.017,1.596,0.652,-1.201,1.356
640,-0.459,-1.25,0.264,-1.917,0.63
641,1.101,-1.008,-1.847,0.053,-0.11
642,-0.373,0.158,-0.221,0.399,-0.649
643,0.35,0.175,0.899,0.992,0.361
644,1.029,-0.927,-1.22,0.921,-0.109
645,1.545,-0.478,-0.314,0.657,1.04
646,2.223,-0.819,-1.923,0.144,0.613
647,-0.346,-1.208,0.675,1.601,1.159
648,-0.998,-0.441,-1.622,-0.385,0.262
649,0.794,1.837,-0.501,-2.152,1.115
650,-2.011,0.208,0.385,2.883,-0.097
651,1.059,0.623,-1.579,2.193,1.239
652,-0.532,-0.124,-0.415,-1.388,-0.609
653,1.092,-0.592,-1.636,1.031,0.911
654,0.96,-2.319,1.804,0.403,-0.095
655,0.345,1.999,-0.926,0.547,-0.283
656,-0.715,1.804,-0.558,-1.043,0.673
657,0.733,-1.762,0.92,-1.735,-0.402
658,-1.004,-1.053,1.116,-0.466,2.308
659,1.297,-1.081,1.615,-1.112,-1.594
660,0.125,-0.396,-1.903,-1.103,-0.003
661,-0.984,-1.624,1.05,-0.545,-0.345
662,-0.522,1.598,0.175,0.079,1.745
663,0.196,-1.127,-0.682,1.841,-0.543
664,0.811,-0.211,1.908,0.036,-0.652
665,0.33,1.807,-0.818,-0.328,-0.862
666,-1.013,-0.984,-1.035,0.33,0.357
667,-0.121,-1.039,-0.455,0.925,0.606
668,-0.443,1.22,-0.285,0.029,0.107
669,-0.231,1.749,-0.558,-0.123,-0.646
670,1.042,0.741,-0.801,1.844,0.673
671,-1.213,0.849,0.168,-1.192,0.663
672,-1.073,-1.909,-0.315,-0.665,-1.222
673,0.596,0.389,-1.035,1.057,-2.349
674,1.316,0.38,0.495,-0.047,-1.964
675,0.753,1.63,-0.347,-1.065,0.32
676,0.388,0.012,-1.402,-0.872,-0.853
677,0.186,0.558,-1.406,-0.078,1.268
678,-0.004,-0.176,-0.364,0.006,-0.284
679,0.464,1.337,-0.34,1.402,-0.64
680,0.037,-0.634,1.453,-1.522,0.513
681,-1.363,-0.31,-0.694,-0.99,0.714
682,-0.692,-1.166,-1.616,0.098,-0.521
683,-2.573,-0.23,-0.647,-0.125,0.376
684,0.475,-1.042,0.771,-0.453,-1.48
685,0.775,-0.322,-0.004,1.742,1.011
686,0.703,1.016,-2.87,0.62,0.54
687,-0.205,-0.291,-0.938,-0.708,0.032
688,0.217,0.303,1.449,1.173,0.529
689,0.041,1.008,-0.798,0.741,1.175
690,-0.763,0.094,-0.221,-1.647,-0.282
691,-0.701,0.053,-1.073,0.468,-0.22
692,-0.18,-0.429,0.674,-0.249,1.028
693,1.844,0.181,-0.046,0.219,0.332
694,-0.95,-0.722,1.402,0.355,0.643
695,-0.908,-0.969,-1.355,1.666,0.335
696,1.917,2.346,-0.825,-0.019,0.483
697,1.33,-0.528,-1.211,-1.266,0.748
698,1.083,-0.249,-0.081,-0.946,-0.707
699,0.092,0.01,0.209,1.785,0.462
700,-0.974,-0.831,0.548,-0.563,1.6
701,0.046,-0.99,-1.548,1.333,0.03
702,1.917,-0.686,-1.225,0.532,-0.359
703,-1.534,-0.666,0.698,1.367,0.134
704,-0.723,-0.081,0.671,-0.489,-0.525
705,-0.803,0.628,0.276,-0.195,0.39
706,0.886,0.035,-1.235,-1.858,-1.679
707,-0.254,1.083,-0.243,-0.128,0.204
708,-0.857,0.847,-0.338,0.236,0.663
709,-0.375,-0.466,-1.379,-1.206,0.378
710,1.617,0.403,-1.252,-1.515,-1.47
711,-0.731,0.427,0.98,-0.579,0.322
712,-0.9,0.019,-1.146,0.9,0.326
713,-0.8,0.129,2.372,0.829,-0.19
714,-0.787,2.298,-1.19,-1.755,0.167
715,-0.645,-0.378,0.079,-0.174,0.64
716,0.593,-0.682,-0.062,0.476,0.572
717,-0.983,0.455,0.451,-0.87,1.677
718,1.518,-0.657,-1.388,-1.377,-0.089
719,0.106,-0.36,-0.289,-0.55,-0.141
720,-0.364,0.288,1.388,0.343,-0.48
721,1.781,-0.502,0.07,-0.379,1.965
722,-1.673,0.632,-0.41,0.197,-0.745
723,0.699,-0.164,-0.479,0.579,0.642
724,0.432,1.71,-1.608,-0.565,-0.178
725,0.087,0.14,-0.201,-1.458,-0.895
726,-0.063,1.041,0.298,-1.14,0.643
727,-1.504,-0.176,-0.926,0.468,1.061
728,-0.108,0.112,-0.219,-1.235,-0.283
729,-0.254,-1.499,1.047,-2.005,1.24
730,0.564,-1.031,-1.317,0.362,-1.391
731,-0.394,-0.064,-0.041,-0.376,0.795
732,0.441,-1.001,-0.241,-0.733,-1.15
733,-0.549,0.899,0.321,0.779,-0.559
734,0.551,0.15,0.636,0.508,-1.13
735,-1.381,-0.541,-0.122,1.672,0.243
736,-0.694,0.857,0.86,0.5,0.591
737,-2.215,1.477,-0.589,-1.625,-0.609
738,-0.581,-0.73,2.163,-0.558,-1.213
739,0.693,-1.366,1.746,0.98,0.476
740,-0.953,-0.413,0.556,-1.236,-0.868
741,-0.931,-0.131,0.425,0.879,-0.661
742,-0.074,0.139,-1.929,0.019,0.105
743,-0.92,0.692,1.123,-0.706,-0.726
744,0.573,1.198,-0.418,-0.896,2.557
745,0.614,-1.38,-0.12,-0.68,0.308
746,1.335,0.076,-1.991,-0.588,1.353
747,-0.726,-0.816,0.147,0.508,-1.778
748,-0.874,1.411,-0.457,-1.282,-1.104
749,-0.229,0.061,0.415,0.646,0.38
750,2.479,-0.666,-0.25,0.604,-0.319
751,-0.172,0.216,0.026,1.762,-0.296
752,-0.88,0.145,1.196,-0.872,-1.135
753,1.294,-0.523,0.805,-2.225,0.356
754,-0.973,-0.86,0.76,0.541,-0.462
755,-1.559,0.624,1.262,-0.342,1.225
756,-1.369,-1.696,0.758,-0.758,-2.001
757,-1.254,-0.979,0.828,1.67,0.715
758,-0.907,0.974,0.264,-0.45,-0.059
759,0.204,0.046,-1.235,1.14,0.749
760,0.115,1.705,-0.577,0.107,1.48
761,-0.218,0.066,-0.006,-1.785,-0.761
762,-0.444,0.452,0.009,2.276,1.388
763,1.347,-0.733,0.548,-1.791,-0.071
764,0.071,0.133,0.428,-0.355,-0.231
765,0.365,0.859,-0.352,-1.426,-0.486
766,0.643,-0.649,0.575,-0.947,-0.43
767,-1.197,0.067,-0.267,-0.042,-1.683
768,-1.128,-2.769,1.52,-0.54,-1.82
769,-0.22,-1.116,0.175,-0.517,-0.273
770,-1.399,-1.191,-0.112,1.397,0.653
771,2.234,0.452,1.198,-1.091,-0.936
772,-0.484,2.218,-0.082,-0.32,2.121
773,1.021,-0.659,-1.138,-1.219,-1.03
774,-0.128,-0.538,0.073,0.788,-0.03
775,-0.69,-0.504,0.307,-0.814,-0.292
776,-0.031,0.899,1.102,-0.213,0.106
777,-0.98,-0.376,0.616,0.675,-0.17
778,-0.24,-0.05,-0.514,-0.831,1.061
779,0.6,0.573,0.703,1.038,-0.237
780,-0.084,-0.541,0.337,1.711,-1.061
781,0.35,0.137,-1.179,1.901,-0.486
782,-1.779,0.183,0.979,-0.148,-0.056
783,1.493,0.289,0.339,-0.115,-0.374
784,0.581,0.629,-2.113,-0.081,-0.842
785,-0.038,-0.191,0.075,1.067,-0.165
786,-0.04,-1.385,0.09,0.336,0.864
787,0.112,-0.56,0.546,-0.978,0.11
788,-0.317,0.664,1.567,0.686,-0.849
789,-0.217,-1.1,0.107,1.084,1.242
790,-0.505,-0.493,-0.905,-0.608,-0.197
791,-0.998,0.92,0.417,-0.149,-0.881
792,0.577,0.728,0.429,-0.965,2.04
793,0.654,0.516,-0.921,0.012,2.411
794,1.003,-0.034,0.581,-0.408,-0.555
795,-0.26,1.224,0.444,-0.713,-1.08
796,-0.741,-0.421,-0.174,0.157,-0.739
797,0.158,1.553,0.579,0.747,0.672
798,0.331,-0.343,0.616,-0.786,-2.222
799,-1.051,0.364,0.543,-2.628,-0.115
800,0.023,0.985,-0.348,0.18,1.353
801,-0.51,-0.128,2.011,-1.883,-1.266
802,-0.514,-1.731,-0.767,-1.691,0.461
803,0.686,1.254,-1.368,0.187,-0.661
804,0.554,-0.982,-2.665,-2.583,-0.106
805,1.697,0.309,0.633,-1.102,-0.148
806,-0.105,-0.269,1.568,-1.27,1.197
807,-0.238,0.286,0.176,1.315,0.003
808,-0.008,1.347,0.27,1.254,-0.75
809,-1.897,0.265,0.132,0.154,0.168
810,-0.176,0.709,0.253,-0.222,-0.43
811,1.097,-0.391,0.359,1.41,0.549
812,-1.015,-0.404,2.079,2.872,-0.195
813,1.2,-0.661,0.825,-0.784,-0.763
814,0.26,-0.081,-0.803,1.014,0.523
815,0.233,1.915,0.021,0.37,-0.515
816,-0.774,0.587,-0.795,0.415,-0.557
817,-0.675,0.972,1.974,-0.844,1.938
818,0.481,2.087,0.742,1.067,1.823
819,-0.998,0.281,1.618,-1.228,-0.576
820,-0.753,0.544,0.774,0.501,0.323
821,-1.915,-1.793,2.03,0.177,0.432
822,-0.053,0.926,-0.594,0.074,1.028
823,1.198,1.427,0.566,0.226,-2.033
824,-0.132,-0.307,-1.739,1.221,0.057
825,0.282,0.003,-0.41,0.224,0.967
826,1.631,0.814,0.289,-0.505,1.029
827,1.253,0.583,-0.228,-1.006,-0.445
828,1.929,0.1,1.788,0.575,0.474
829,0.346,-1.295,-0.384,-0.893,0.395
830,0.543,0.504,0.69,0.436,-1.422
831,0.579,-0.81,-0.658,1.362,0.756
832,0.764,-0.166,-0.119,-1.451,1.69
833,0.863,0.328,-0.744,-0.913,-0.722
834,1.656,-2.957,-0.371,1.309,0.473
835,1.741,-0.902,0.841,0.933,0.484
836,0.386,1.248,-0.05,-0.211,-1.459
837,-1.464,0.319,0.744,-0.527,0.66
838,-1.167,-0.721,0.854,1.072,0.441
839,0.952,1.732,-0.567,0.167,-1.473
840,0.071,-0.579,-0.412,-0.699,-0.359
841,1.559,-0.041,0.879,1.276,1.421
842,0.343,-0.531,-0.15,-1.969,0.569
843,0.259,1.431,0.185,0.083,0.891
844,-0.895,1.883,-2.19,0.71,0.533
845,-0.228,0.918,0.414,-0.174,-0.848
846,-0.18,1.113,-2.491,-1.118,-0.246
847,0.788,0.97,1.596,-0.629,-0.485
848,-0.611,-1.176,0.167,-1.179,-0.883
849,0.914,-2.309,0.874,0.676,0.012
850,0.192,1.069,0.197,0.69,0.773
851,0.986,0.257,0.119,0.555,-0.66
852,0.17,-0.809,0.225,0.478,0.05
853,0.723,-0.993,-0.072,0.105,-1.702
854,-2.128,1.654,1.957,-1.188,0.942
855,-0.187,0.168,1.145,-1.728,-0.403
856,0.484,2.875,1.603,0.204,0.08
857,-0.309,1.13,-0.558,-0.78,0.936
858,-0.51,-0.531,0.821,-1.281,-1.283
859,-0.095,-0.732,-0.246,-0.629,1.277
860,-0.12,0.445,-1.43,0.205,0.661
861,0.607,-0.285,0.02,0.102,0.419
862,-1.059,1.648,-0.915,1.052,-0.176
863,0.345,1.173,0.811,-1.07,-1.582
864,-0.551,-1.206,-0.7,0.309,-1.413
865,0.644,-1.389,1.2,0.259,0.328
866,1.925,-0.326,-0.942,-1.078,0.075
867,0.87,-1.198,0.511,-0.02,-1.511
868,0.304,0.387,-0.05,-0.094,-1.176
869,0.32,0.565,1.492,1.196,0.802
870,-0.97,0.797,2.08,-0.236,0.978
871,-0.03,-0.01,0.123,0.128,-0.332
872,-0.316,-0.323,-1.029,0.697,1.424
873,0.664,-1.35,0.067,-1.152,-1.315
874,0.036,-0.775,-0.492,-0.352,-0.629
875,0.797,0.301,1.687,1.296,1.208
876,1.281,-0.767,-0.481,0.13,-0.193
877,0.806,-0.318,-1.237,0.7,-1.497
878,-1.595,-0.782,0.458,0.522,-0.109
879,-0.976,0.976,0.797,0.228,0.102
880,0.704,0.402,-1.453,-1.804,0.017
881,0.173,1.209,0.391,-0.595,-1.611
882,1.552,-0.753,-0.505,0.789,0.666
883,-0.861,-0.633,-0.26,-0.774,-0.502
884,-1.038,1.821,-0.427,-0.077,-1.35
885,0.351,-0.383,1.494,-0.228,-0.797
886,2.045,-1.272,-1.244,-0.521,-0.498
887,-0.953,0.278,0.08,0.878,-0.689
888,1.399,-0.768,-1.295,-0.314,-0.138
889,1.195,0.108,0.257,1.323,1.341
890,1.68,0.07,0.011,-0.846,-1.023
891,-0.345,0.124,0.987,-0.433,-0.998
892,0.144,-1.22,-0.128,1.504,0.274
893,1.332,0.695,0.149,-1.403,-0.812
894,-0.114,0.453,0.375,2.184,-0.696
895,-0.29,-0.41,2.489,-0.113,-0.924
896,-0.685,0.135,-0.211,2.242,-0.264
897,0.737,2.162,-0.382,0.034,0.954
898,-0.114,-0.116,0.857,0.646,0.724
899,0.074,-0.587,0.604,-1.709,0.578
900,0.148,-0.016,0.527,0.207,0.282
901,0.316,1.004,0.632,0.158,-0.449
902,-0.196,-1.269,-1.115,-0.449,0.067
903,0.596,-1.238,0.065,-0.022,2.045
904,0.52,0.585,-1.006,1.448,2.179
905,0.028,-0.066,-0.9,0.305,-0.152
906,-0.391,-0.858,-1.379,-1.965,0.56
907,-0.161,-0.839,-2.002,0.8,0.314
908,1.132,-0.47,1.815,-0.727,-1.369
909,0.399,1.055,0.53,0.149,-1.3
910,-0.578,-0.089,-1.034,1.758,-0.448
911,0.363,0.026,0.317,1.142,-0.629
912,0.902,1.542,0.698,-0.462,0.235
913,-1.447,0.182,0.121,-0.033,-0.006
914,0.139,1.215,-1.926,-2.074,0.64
915,0.617,1.562,0.763,-1.037,0.882
916,-0.146,1.417,0.547,-1.338,0.332
917,-1.399,0.768,2.1,0.953,-1.293
918,-0.556,-0.604,1.282,-0.148,0.332
919,1.871,-1.351,0.082,-1.102,0.491
920,-0.64,0.211,-0.357,-0.69,0.295
921,0.775,-0.383,-1.761,0.474,0.191
922,-0.728,0.793,-1.17,1.291,0.204
923,-0.9,1.429,1.275,0.333,0.757
924,-2.34,1.181,0.956,1.015,0.352
925,-2.061,-1.745,-0.11,-0.593,-0.166
926,1.356,-0.162,-0.013,3.158,0.609
927,1.376,-2.064,1.236,-0.366,-0.86
928,0.348,-0.399,1.209,1.364,-2.093
929,1.565,-1.843,-0.016,1.323,0.551
930,-1.228,-0.086,-1.387,0.782,0.538
931,-0.544,-0.241,1.119,0.181,-1.391
932,0.677,-0.608,-0.971,0.3,1.204
933,1.525,0.235,1.172,0.477,1.625
934,0.618,-0.094,0.21,-0.03,0.484
935,-1.464,0.058,-0.27,-0.779,-0.212
936,0.251,0.161,0.831,0.307,-0.998
937,0.184,-0.25,-0.464,1.933,0.449
938,1.06,-0.458,0.296,-1.284,-0.435
939,-0.805,-0.481,-0.926,-0.133,-0.33
940,-1.789,-2.341,-0.863,0.167,-1.176
941,-0.866,-0.548,-1.714,-0.364,-0.276
942,-0.206,-0.061,1.124,-0.159,-0.892
943,1.382,0.779,0.733,-1.245,1.663
944,1.541,-0.767,-0.747,-0.683,0.371
945,-0.532,1.389,-2.015,0.629,-0.493
946,1.453,0.713,-0.729,-0.888,-0.892
947,-1.022,-2.022,3.065,-2.056,1.281
948,1.274,0.091,-0.759,1.464,-0.098
949,1.732,0.091,-0.255,-1.002,1.395
950,0.08,0.199,-0.25,-0.16,-0.371
951,0.222,-0.135,1.142,-1.236,-1.5
952,0.892,-0.306,0.865,-0.471,0.316
953,-1.162,-0.402,1.877,0.577,0.569
954,-2.039,-1.377,-0.948,-0.703,2.71
955,0.835,-0.161,-0.73,0.535,0.148
956,0.244,-0.141,0.501,0.207,-1.112
957,-1.637,-0.075,2.412,0.563,0.007
958,-0.444,1.622,-0.664,0.163,0.874
959,1.43,-0.077,1.362,0.61,-1.676
960,-0.077,-1.236,0.652,-0.046,1.983
961,0.35,0.46,-0.08,-1.299,0.287
962,-0.468,0.401,-1.669,0.713,0.864
963,0.711,0.756,-0.715,-1.634,-1.457
964,0.459,1.012,-0.659,-1.9,0.391
965,0.13,0.898,-0.134,-0.153,0.012
966,0.274,1.238,-2.258,-0.212,1.009
967,0.31,0.212,0.609,-1.244,0.364
968,0.328,-0.491,-0.913,-0.867,0.821
969,0.301,1.192,2.548,-1.469,-1.047
970,-0.661,-0.259,0.977,0.577,-0.262
971,-1.563,-0.245,-0.443,-1.373,-0.988
972,0.369,1.019,0.577,-0.037,0.761
973,-0.322,-0.685,0.117,0.466,-1.547
974,0.664,0.087,-0.554,-0.644,0.347
975,-0.363,-1.819,0.39,0.441,-0.031
976,0.222,0.866,0.946,0.451,0.809
977,-0.613,-0.519,-0.262,-0.903,-0.779
978,-1.007,0.256,0.019,-1.618,0.193
979,1.302,1.985,0.033,1.173,1.135
980,2.27,1.056,0.052,1.454,0.659
981,-0.519,0.687,1.88,1.42,-0.884
982,-0.516,1.424,0.166,0.118,-1.677
983,1.52,-0.527,-1.002,0.828,0.984
984,-0.046,0.163,1.052,-0.427,0.217
985,-0.045,1.475,1.373,-0.63,0.649
986,1.904,0.654,1.115,-0.672,0.54
987,0.599,-0.433,1.684,-0.305,-0.763
988,1.044,0.479,0.773,-0.912,1.829
989,1.518,0.341,0.72,-0.133,1.094
990,-0.156,-0.458,0.205,-0.872,0.112
991,-1.011,-0.189,0.007,-0.612,1.265
992,2.04,0.44,-0.759,-0.947,0.763
993,-0.42,-0.874,0.839,-2.275,-1.706
994,0.097,-0.708,-1.031,0.42,1.125
995,-1.016,0.762,-0.529,1.603,0.256
996,1.407,0.006,-0.351,1.37,-2.171
997,-0.33,1.591,0.057,-1.159,0.437
998,0.248,1.204,0.454,0.738,-1.469
999,0.709,-0.244,-2.236,0.804,0.205
1000,-1.153,0.888,-1.287,-0.108,-0.356
1001,-0.697,0.536,-0.793,0.324,1.452
1002,0.206,1.005,-2.658,0.53,0.437
1003,-0.35,-0.554,1.893,-1.255,-0.481
1004,0.934,2.446,2.31,-0.833,-1.396
1005,0.487,0.456,-1.338,1.689,-0.38
1006,-0.421,0.763,-0.977,-1.8,-1.273
1007,-0.389,-1.586,1.909,-0.738,0.914
1008,0.791,0.969,0.205,0.031,-1.038
1009,-0.754,0.329,-0.797,1.147,-0.603
1010,-0.811,0.738,-0.908,1.17,-0.294
1011,-0.137,0.813,1.738,0.544,-1.143
1012,0.804,-1.455,-1.288,0.432,0.734
1013,0.433,-0.497,-1.252,-0.697,1.067
1014,-0.547,0.829,-1.327,-0.577,1.375
1015,-1.221,-0.036,0.963,0.431,-0.005
1016,0.233,-1.467,-0.22,-0.358,0.46
1017,-0.41,-0.629,0.995,0.821,-1.295
1018,-0.025,-0.713,-0.748,0.386,-0.861
1019,-0.917,1.059,0.619,-2.148,-0.141
1020,1.195,1.028,0.666,0.205,-0.498
1021,-1.561,-0.326,0.4,-1.934,0.008
1022,-0.722,0.791,0.959,0.399,0.534
1023,1.174,0.658,2.474,0.564,1.326
1024,2.25,1.551,0.689,0.045,-0.596
1025,0.582,0.203,0.076,-0.06,-1.112
1026,-0.263,-2.052,1.583,0.155,0.446
1027,-1.42,0.08,1.891,1.135,-0.797
1028,0.864,0.611,-0.257,1.019,2.52
1029,0.022,1.129,0.016,0.826,-0.554
1030,-0.715,-1.516,0.839,-0.41,0.303
1031,-1.389,-1.175,-0.06,0.703,0.861
1032,1.54,-0.407,1.201,-0.251,-0.433
1033,0.881,-0.976,0.622,0.24,0.221
1034,1.666,0.564,-0.147,-0.506,-0.839
1035,2.953,-1.089,1.645,-0.011,0.141
1036,0.385,1.15,-1.44,-0.834,-0.38
1037,-0.208,0.323,0.57,0.202,-2.686
1038,-0.139,1.891,1.672,0.199,-1.001
1039,0.104,1.105,-1.861,-0.43,-0.23
1040,0.462,-0.018,1.057,0.203,0.025
1041,0.02,-0.244,-0.606,-0.305,0.071
1042,0.028,-1.737,0.249,0.279,1.07
1043,0.895,1.046,-0.847,0.476,-0.808
1044,-1.019,0.771,0.309,-1.023,-0.954
1045,-1.454,-0.905,0.119,-0.941,-1.066
1046,1.92,-0.389,-1.722,0.115,0.29
1047,-2.372,0.035,-0.957,1.449,-0.608
1048,0.055,-0.443,0.18,0.937,-2.131
1049,0.427,-0.35,2.343,-0.316,0.194
1050,-0.58,1.523,-1.315,-0.566,-0.909
1051,0.242,0.075,-0.576,-0.566,0.412
1052,0.66,0.317,-0.909,0.085,0.811
1053,0.239,-1.282,-0.802,-1.709,-0.144
1054,-1.202,0.58,-1.548,-1.028,0.039
1055,0.543,0.155,1.788,-0.678,-0.264
1056,-0.31,1.291,0.352,-0.879,-0.039
1057,-0.772,1.129,0.772,1.767,-0.782
1058,-0.126,1.346,-0.347,-0.726,1.71
1059,-0.012,0.075,0.311,-0.358,1.812
1060,0.258,1.341,0.955,0.327,1.706
1061,-1.264,0.59,-1.351,-1.179,-0.591
1062,-1.411,-1.173,-0.233,-0.307,-0.46
1063,-1.971,-0.923,-0.029,0.286,-1.431
1064,0.357,1.885,-0.412,-0.63,0.467
1065,2.574,-1.383,1.035,0.005,-0.412
1066,0.282,-0.895,0.121,-0.651,0.302
1067,-2.013,0.581,-0.484,-0.054,-0.769
1068,0.682,1.398,1.05,-0.443,1.204
1069,1.426,-1.095,-0.137,-1.453,-0.467
1070,0.788,1.055,0.272,-1.171,1.142
1071,-0.67,0.957,-0.68,0.317,2.426
1072,-0.391,-1.13,0.02,0.702,-0.543
1073,0.605,0.592,2.18,-0.72,1.218
1074,0.377,2.308,0.34,-0.418,0.431
1075,0.091,0.841,-1.479,1.513,0.84
1076,0.708,0.453,0.563,-2.106,-0.193
1077,-0.68,-0.818,-0.804,0.991,2.585
1078,1.646,-0.309,-1.152,-0.948,-2.237
1079,-2.211,1.276,-1.027,-1.497,0.524
1080,-0.947,1.084,-2.331,-0.361,-0.485
1081,0.939,0.398,-1.42,-1.358,1.147
1082,-1.392,-0.287,0.062,-1.007,-1.989
1083,0.48,-1.167,0.444,0.906,0.619
1084,0.276,1.041,-0.615,-1.029,-0.097
1085,-0.569,0.11,-0.962,0.909,-0.122
1086,1.162,-0.953,-0.215,0.559,-1.03
1087,0.344,-0.431,0.87,0.135,0.495
1088,-0.359,0.411,0.509,-0.168,-0.767
1089,0.676,-1.368,-0.646,-0.592,1.03
1090,1.0,-1.388,0.906,-0.295,-0.315
1091,-0.365,2.222,1.045,0.897,0.808
1092,-1.095,-0.468,-1.346,0.906,0.831
1093,1.688,-0.173,0.373,0.044,-0.512
1094,0.227,0.687,-0.04,0.38,-1.058
1095,-1.852,-0.258,1.326,-0.582,-0.644
1096,1.952,0.096,-1.128,-0.474,1.982
1097,0.874,0.038,0.482,-0.63,-0.92
1098,-0.2,-0.951,0.396,-0.593,2.007
1099,1.153,-0.649,0.544,-0.671,0.188
1100,0.907,1.121,0.724,0.428,-0.421
1101,-1.845,-3.092,0.778,0.614,1.43
1102,0.477,1.688,0.061,0.224,1.144
1103,0.149,0.142,-0.817,0.958,-0.916
1104,0.202,-0.597,-0.347,-0.323,-0.292
1105,0.454,-0.107,-0.368,0.724,-2.044
1106,-0.205,0.638,0.392,-0.666,0.461
1107,0.483,-0.746,-1.306,-0.875,-0.591
1108,0.428,-0.215,-0.644,0.864,0.958
1109,-1.817,0.045,-0.191,1.46,-0.393
1110,0.937,0.338,0.383,-1.143,-0.825
1111,0.398,-0.843,-0.965,0.203,-0.413
1112,-0.075,-0.269,0.92,-0.644,-1.861
1113,3.104,0.287,0.324,0.784,0.361
1114,-0.895,-0.888,0.951,0.523,-0.791
1115,-0.386,-1.122,0.483,0.745,-0.156
1116,0.687,0.488,0.55,0.462,-0.675
1117,0.44,0.695,-1.399,0.712,-0.03
1118,-1.796,1.123,-1.928,0.077,0.93
1119,-0.699,-0.663,0.792,0.755,0.9
1120,1.703,0.98,0.765,0.78,-0.515
1121,0.205,1.352,0.959,-0.059,-0.843
1122,0.273,-1.274,1.239,-0.274,-1.056
1123,-1.014,0.92,-0.852,-0.303,1.102
1124,-0.008,1.081,-0.043,-0.669,-1.291
1125,-0.585,0.592,-0.826,0.265,-1.139
1126,0.649,-1.829,-0.374,1.264,-0.938
1127,-0.786,0.839,-1.007,0.413,-0.461
1128,-2.004,1.249,0.74,-0.53,0.438
1129,0.124,3.067,-0.807,0.33,1.676
1130,-1.497,-1.215,0.365,0.525,-0.619
1131,-0.41,0.397,-0.685,-0.635,-1.115
1132,0.636,-0.145,-1.439,0.29,0.677
1133,-0.149,0.095,0.075,0.182,-0.412
1134,-0.043,0.524,1.69,1.338,-0.03
1135,-0.7,-1.565,1.136,-0.95,-0.062
1136,1.287,0.567,1.416,0.609,0.75
1137,0.419,1.883,0.21,0.062,-1.985
1138,0.518,0.07,1.427,-0.253,-0.598
1139,-2.511,-1.223,0.007,-0.118,0.35
1140,-0.485,-0.195,-1.342,-0.302,-1.939
1141,0.807,-0.386,0.435,0.966,0.49
1142,-0.19,0.79,0.375,0.692,0.643
1143,0.331,0.696,0.294,-1.325,-0.179
1144,-0.428,-0.317,-0.239,0.399,-0.155
1145,-0.456,-3.003,-1.398,0.268,0.614
1146,-0.331,-0.447,0.903,-0.589,1.175
1147,-0.973,-0.206,0.343,2.239,0.312
1148,-0.025,0.169,0.696,-0.313,2.129
1149,-0.502,1.237,-1.929,-1.444,0.286
1150,3.242,-0.949,-0.541,1.067,0.978
1151,0.44,-0.583,-0.937,-0.021,0.699
1152,-0.747,0.39,0.036,-1.424,0.737
1153,1.558,1.617,-0.723,0.853,-1.941
1154,1.986,1.502,0.578,0.616,1.711
1155,0.013,-2.506,1.796,-1.755,-0.86
1156,0.747,-0.732,-0.772,0.941,1.987
1157,2.695,-0.682,-0.08,-0.313,1.586
1158,0.074,-0.427,0.066,0.181,0.473
1159,-0.752,0.635,0.432,2.016,0.765
1160,1.258,0.824,0.198,0.308,-1.158
1161,0.758,0.155,-0.431,-0.559,0.023
1162,0.095,0.311,-2.13,-1.175,-1.08
1163,0.906,-0.527,0.696,0.854,0.237
1164,1.127,-0.943,-0.588,-0.626,0.042
1165,-1.09,1.694,-1.112,2.28,-0.024
1166,-0.547,-0.703,-0.137,0.855,-0.866
1167,-1.278,-0.326,-0.687,-2.319,0.07
1168,0.904,0.364,-1.119,0.05,0.224
1169,0.034,-0.992,-0.825,0.913,-0.678
1170,-0.476,0.848,-0.642,0.876,0.303
1171,-0.4,-0.939,-0.035,0.022,1.076
1172,-0.255,-0.224,-0.117,-1.19,0.109
1173,-1.697,-1.793,-1.195,1.067,1.128
1174,-0.326,0.188,0.08,-0.833,0.974
1175,1.516,-0.475,-0.244,0.153,1.233
1176,-1.217,-0.69,0.502,1.25,1.229
1177,-0.674,0.337,0.963,-1.026,1.309
1178,-0.056,-1.281,-1.182,-1.322,-0.108
1179,0.552,-1.052,-0.21,-1.234,0.312
1180,-1.116,0.518,0.294,0.788,1.145
1181,-0.272,1.618,-0.429,1.231,0.073
1182,-2.494,-0.783,1.4,1.241,-2.073
1183,-0.818,0.02,-0.848,-1.563,-1.071
1184,2.07,-0.979,0.684,-1.111,1.799
1185,-0.864,-1.273,0.275,-0.211,0.023
1186,0.167,-1.59,0.138,0.407,1.218
1187,0.363,-0.628,-0.997,0.378,0.153
1188,-1.224,-0.488,0.197,1.277,0.267
1189,-1.484,-1.734,-0.445,0.058,2.227
1190,0.392,0.479,-0.123,-0.373,-1.035
1191,-0.441,2.025,0.502,-0.7,-1.334
1192,0.976,-0.756,-0.99,0.435,-0.417
1193,0.796,1.562,1.034,-1.611,-0.316
1194,0.129,-1.696,-1.756,-0.335,0.532
1195,0.497,-0.833,0.535,-0.44,0.819
1196,0.024,0.015,-0.4,1.957,-0.029
1197,-1.323,-0.639,-0.653,0.658,0.45
1198,0.952,1.854,-0.593,0.987,-0.673
1199,0.962,0.03,-0.927,-0.095,-0.967
1200,0.977,-1.277,0.931,0.988,0.769
1201,-0.58,-4.367,0.173,0.959,1.311
1202,-0.838,0.446,-2.13,-1.395,-0.885
1203,-0.305,-1.118,-1.204,-1.987,-0.414
1204,0.23,0.846,1.198,-1.617,1.31
1205,1.081,0.52,-1.346,0.225,0.983
1206,1.819,1.106,2.879,0.874,-0.655
1207,0.092,-1.638,-2.135,0.312,0.769
1208,1.335,2.437,-0.293,1.895,-1.579
1209,0.744,0.24,0.72,-0.056,-0.408
1210,-0.76,-1.261,-1.875,-0.401,-0.119
1211,1.318,-0.297,-1.208,-0.321,0.471
1212,0.049,-1.001,0.371,-0.616,1.543
1213,-1.132,-0.014,-1.858,1.819,0.103
1214,2.089,1.136,0.78,1.224,-0.423
1215,0.49,0.789,1.116,-1.102,-0.194
1216,-0.692,0.496,-0.256,-0.862,-1.64
1217,-0.776,1.333,0.513,0.498,-0.965
1218,0.897,0.354,0.726,1.355,1.214
1219,-0.267,-1.169,-0.171,-1.902,0.27
1220,-0.431,0.001,1.488,1.213,0.381
1221,1.104,-0.319,-0.749,0.925,0.169
1222,-0.707,-1.116,-0.502,0.719,0.224
1223,0.772,0.029,-0.66,-0.359,0.432
1224,-0.057,-0.735,0.54,-0.431,0.499
1225,-0.528,-1.094,-1.04,-1.887,0.429
1226,-2.247,-0.571,0.974,0.205,0.027
1227,-0.53,-0.359,-0.179,-0.658,0.264
1228,-0.58,-0.783,1.113,0.89,0.728
1229,-0.351,0.713,0.233,-0.135,-1.483
1230,-1.213,0.114,1.298,-0.776,0.381
1231,0.385,0.485,-1.101,0.165,1.332
1232,0.905,0.95,-0.313,-0.363,0.45
1233,0.445,-0.687,0.334,-0.951,0.804
1234,-1.19,0.171,-0.307,-0.51,-1.494
1235,0.925,-1.117,-0.823,0.837,-1.363
1236,0.9,0.333,-1.471,-0.651,-0.065
1237,0.33,-0.989,0.889,-1.559,-0.777
1238,0.641,0.914,-0.187,-0.428,-0.839
1239,0.636,1.259,-0.011,0.82,0.738
1240,0.759,0.594,0.817,0.362,0.114
1241,0.113,-1.6,0.531,-0.689,0.353
1242,-1.382,0.941,0.644,-1.473,-2.623
1243,-0.132,-0.038,-0.16,1.691,-0.819
1244,-1.516,-0.475,-0.905,0.404,0.711
1245,0.691,2.783,0.129,0.088,-1.536
1246,0.547,-0.574,0.853,-0.207,-0.657
1247,0.937,-0.485,-0.326,0.122,-0.999
1248,-0.431,0.887,1.225,-0.961,-0.647
1249,0.593,-0.954,1.679,0.726,0.297
1250,0.583,0.111,1.213,0.578,-0.012
1251,1.171,0.756,-1.093,-0.474,2.561
1252,-0.679,-1.618,1.548,0.327,-0.945
1253,-0.112,-1.745,-0.078,-1.933,-0.247
1254,0.055,-0.016,0.634,-0.051,0.99
1255,0.299,-0.537,-1.451,-1.401,1.478
1256,1.925,1.773,-0.271,-0.085,0.852
1257,0.561,-0.772,0.18,0.477,-1.249
1258,0.104,0.688,-0.362,-0.049,1.029
1259,0.292,-0.305,-0.411,-0.487,-0.723
1260,-0.454,-0.162,0.901,-0.024,1.302
1261,0.642,0.334,-2.11,1.265,-1.004
1262,0.102,0.081,2.264,-0.318,-1.226
1263,-1.78,-1.004,-1.869,0.993,0.983
1264,1.821,-0.638,-1.075,0.267,-1.193
1265,-1.063,-0.449,1.381,-1.06,1.24
1266,-0.562,1.081,-0.086,1.0,-1.01
1267,0.592,0.5,1.936,0.058,-0.178
1268,-0.178,0.905,0.576,-0.527,0.332
1269,1.623,-0.181,1.117,1.182,0.847
1270,-0.642,0.638,-0.378,0.638,2.134
1271,-0.834,-1.375,-1.046,-0.867,0.269
1272,-0.466,1.591,-1.066,-0.049,1.158
1273,-1.062,-1.905,-0.985,0.2,0.091
1274,-1.109,0.499,0.255,-1.16,0.568
1275,-0.744,0.587,1.262,-1.378,0.411
1276,0.438,1.097,1.476,-0.201,1.816
1277,1.124,0.654,-0.434,1.315,-0.663
1278,1.416,-0.268,0.851,0.306,1.145
1279,1.007,0.981,0.657,1.278,-0.21
1280,0.159,0.446,-1.591,-1.194,1.014
1281,-0.575,0.493,-0.126,-0.64,0.595
1282,-1.449,0.044,0.746,-0.238,0.416
1283,0.489,-0.281,-0.968,-0.193,0.047
1284,0.301,0.076,0.263,0.075,1.179
1285,-1.201,1.11,-0.597,-2.176,-0.514
1286,-0.535,-0.579,0.73,0.524,0.719
1287,-0.152,0.785,-0.569,-0.549,-1.103
1288,-0.644,0.996,1.146,-1.057,0.106
1289,-1.439,0.042,0.489,0.365,-0.688
1290,0.688,-0.022,-1.914,0.391,0.711
1291,0.562,0.537,-0.794,0.071,1.186
1292,1.253,-0.698,0.277,-0.65,0.973
1293,0.573,-1.418,-0.161,0.001,1.893
1294,-0.652,-0.535,-1.712,-0.652,0.125
1295,0.09,-0.461,-0.256,1.068,1.6
1296,0.194,-1.545,-0.515,0.524,0.244
1297,1.209,1.544,-0.331,0.661,0.467
1298,-0.983,-0.363,0.711,1.396,-0.261
1299,0.926,1.708,1.244,-0.848,-1.459
1300,-0.137,0.132,1.758,-1.047,-0.523
1301,0.092,0.425,-0.573,-0.177,-0.401
1302,-0.687,-1.311,-0.688,-2.042,0.119
1303,-0.707,0.064,-1.343,0.12,0.619
1304,0.085,0.899,0.105,1.7,0.082
1305,0.02,0.125,-0.174,0.419,-1.28
1306,0.787,0.097,-0.971,0.01,0.689
1307,0.566,-1.902,1.109,1.619,-2.079
1308,-0.748,1.801,-1.001,-2.681,0.308
1309,0.373,0.763,-0.097,0.553,0.171
1310,0.412,0.261,0.6,0.84,0.363
1311,0.313,0.772,-0.481,1.326,0.332
1312,-2.345,0.966,-1.885,0.019,-1.772
1313,0.749,0.598,0.097,-0.238,0.821
1314,-0.313,0.112,-0.133,-0.211,0.431
1315,0.019,-0.674,-0.075,3.741,2.807
1316,-0.534,0.739,0.183,-0.272,0.337
1317,0.878,-0.562,-0.402,0.5,-0.195
1318,0.78,-2.893,-0.293,-1.26,-0.44
1319,-0.554,-1.301,0.548,-0.22,1.148
1320,0.246,-0.08,0.714,-1.206,0.301
1321,0.003,1.008,0.786,0.694,1.56
1322,0.243,0.36,0.233,-1.084,0.01
1323,0.672,-1.037,-0.841,1.303,-0.099
1324,-0.793,1.609,-0.15,0.005,0.198
1325,-0.397,0.272,0.119,-0.723,0.733
1326,1.879,1.384,0.973,-1.27,1.114
1327,-0.426,-1.782,-0.784,-0.931,-0.643
1328,1.003,-0.396,0.758,-0.373,-1.173
1329,-0.065,0.421,0.084,-1.455,1.338
1330,-0.677,-1.529,1.096,2.953,1.399
1331,-1.445,-1.385,2.483,1.712,0.113
1332,0.107,-0.84,-1.799,0.034,-0.208
1333,-2.129,-0.305,0.864,0.002,1.108
1334,0.66,-0.25,0.408,1.03,-0.897
1335,0.812,1.085,0.489,0.335,-0.418
1336,0.201,1.532,0.086,1.591,0.144
1337,-1.005,0.903,-1.908,1.127,-0.71
1338,-0.305,-0.258,1.76,0.036,-2.441
1339,-0.316,0.527,1.307,-0.966,-1.056
1340,-0.955,-0.455,-0.721,0.666,0.549
1341,1.368,-1.057,-1.046,-0.485,0.312
1342,-2.124,-0.348,0.036,-0.157,-0.233
1343,0.181,-1.913,-1.301,1.702,-1.74
1344,1.646,-0.727,0.393,0.915,-0.203
1345,-1.539,0.707,-0.335,0.978,0.526
1346,-1.73,0.393,0.922,0.8,0.104
1347,-1.252,0.137,1.123,0.102,1.926
1348,0.498,-0.252,-1.816,0.337,-0.403
1349,-0.269,0.246,0.168,-1.569,-1.231
1350,-1.387,-2.169,0.854,-0.372,0.098
1351,-1.687,0.991,-0.624,0.658,-0.245
1352,-0.639,-0.187,0.262,2.077,0.117
1353,3.494,0.823,0.664,-0.295,0.029
1354,0.874,-0.941,0.191,0.217,-0.92
1355,-0.274,1.241,1.25,0.698,0.68
1356,-0.039,1.128,-0.988,0.623,0.886
1357,0.388,-0.59,1.088,-0.432,-0.337
1358,0.323,0.811,-1.355,-0.316,-1.323
1359,0.635,-0.26,1.011,-1.423,0.28
1360,0.826,0.632,-0.54,-0.054,1.427
1361,0.873,0.293,-1.07,-0.196,-0.208
1362,-0.475,0.948,-0.73,1.806,-0.727
1363,1.601,-0.397,-0.408,-0.804,0.899
1364,1.211,-0.211,-0.346,1.33,-0.599
1365,0.448,0.744,1.866,-0.323,0.112
1366,-0.447,-0.245,0.122,-1.782,-0.836
1367,-1.036,-1.016,-1.456,-0.683,-0.733
1368,0.736,1.432,-1.395,1.48,0.879
1369,-1.541,1.337,0.495,1.551,0.19
1370,2.335,-0.525,0.906,0.189,2.161
1371,0.308,-0.209,-1.008,0.576,1.203
1372,-1.121,0.714,1.747,-0.882,1.297
1373,-1.043,0.886,-2.001,-1.521,0.013
1374,-0.177,0.279,-0.213,1.514,-0.701
1375,1.04,-0.13,1.206,-1.524,1.102
1376,0.307,0.451,0.626,0.092,-0.602
1377,0.213,-0.095,-0.359,-0.907,0.937
1378,-0.18,-0.11,-0.254,0.752,-1.121
1379,-0.824,-0.065,0.387,0.156,-0.299
1380,1.229,1.393,-0.686,0.647,0.361
1381,0.12,-0.263,-0.891,-2.01,-0.432
1382,-0.801,-0.872,0.557,1.364,-1.566
1383,-1.481,0.689,-1.128,2.205,-0.932
1384,-0.907,1.255,-1.077,0.229,-0.375
1385,-0.05,0.689,0.173,-1.363,-1.48
1386,-0.629,-1.219,-0.306,-0.804,-2.451
1387,-0.754,-2.014,-1.25,-1.478,1.228
1388,-2.213,0.56,-1.05,1.457,1.672
1389,0.876,0.992,1.479,1.172,0.288
1390,-0.235,-1.061,-1.188,-1.432,-1.314
1391,0.216,-0.899,-0.65,1.227,0.585
1392,-0.593,1.051,-0.803,0.007,0.181
1393,0.593,-0.772,-0.708,-0.527,1.253
1394,0.648,0.091,-2.156,0.158,0.083
1395,2.252,0.406,-0.913,-0.481,0.519
1396,-0.286,0.613,-0.267,0.525,-2.077
1397,-0.706,0.214,-0.298,0.252,-0.068
1398,-1.492,0.337,0.335,0.048,0.628
1399,-0.318,0.277,-0.937,-0.655,0.566
1400,2.749,-1.551,-0.626,-0.166,-1.453
1401,-0.463,-0.292,1.142,-1.922,0.111
1402,0.158,-0.408,-2.726,-0.787,0.719
1403,-0.798,0.807,-0.673,-1.161,-1.152
1404,-1.421,-0.816,1.245,1.363,-0.797
1405,-1.238,-0.136,0.593,-1.701,-0.461
1406,-0.811,0.651,1.789,-0.822,-0.342
1407,-0.657,-0.578,0.761,0.535,-0.407
1408,0.117,-1.4,-1.085,-0.254,0.353
1409,-0.192,0.071,1.31,2.118,0.389
1410,1.592,0.201,0.209,0.156,-0.504
1411,-0.182,0.612,0.856,0.503,-0.378
1412,0.513,-0.24,0.994,-0.484,-2.26
1413,-0.629,-0.14,-0.707,-0.354,-0.675
1414,0.39,1.742,-0.046,2.284,-1.667
1415,-1.656,1.318,0.194,0.653,0.847
1416,0.157,-0.946,-0.776,-0.107,-1.381
1417,-1.029,0.863,0.237,-1.206,0.123
1418,-0.069,-0.258,-0.08,-0.809,-0.142
1419,-0.483,-0.489,-0.866,-1.278,0.355
1420,0.054,0.482,0.39,1.38,-0.467
1421,0.054,0.467,-2.25,-1.054,1.323
1422,1.025,-1.66,-0.538,0.479,0.881
1423,0.42,-2.904,-0.784,0.762,-0.523
1424,0.641,1.619,0.504,1.509,-0.228
1425,-0.707,-0.83,-2.814,-0.04,1.192
1426,-0.421,0.534,0.143,0.007,2.195
1427,0.724,1.406,-0.422,0.325,0.126
1428,0.431,-1.249,-0.55,1.039,0.781
1429,-0.704,0.493,-1.456,0.505,0.88
1430,0.709,0.652,0.16,-0.592,-0.47
1431,-1.0,0.792,0.997,0.724,-0.097
1432,0.78,0.561,0.45,-1.704,-1.544
1433,-0.194,0.544,0.339,0.994,-1.945
1434,0.868,-2.3,0.014,0.163,2.297
1435,1.329,1.647,-2.127,-0.368,-0.395
1436,-0.882,-1.447,0.313,-2.062,0.084
1437,-0.197,-0.368,-0.657,-0.627,2.419
1438,1.23,0.236,1.772,1.615,0.094
1439,-0.175,-1.023,-0.96,-0.443,0.98
1440,-0.021,-1.207,-0.436,0.166,-1.306
1441,-0.196,0.055,-3.152,0.83,-0.105
1442,-0.039,0.251,1.397,1.522,-0.273
1443,0.898,-0.897,-0.685,0.614,-0.377
1444,0.794,-0.141,0.889,-1.201,0.501
1445,-0.8,1.538,-0.928,-0.931,0.491
1446,-1.271,-1.368,-0.225,-0.035,-1.073
1447,-0.261,1.613,0.463,0.625,1.163
1448,-0.792,1.847,0.297,-0.987,0.581
1449,-0.083,0.936,0.304,2.431,-0.086
1450,-0.131,-1.184,1.062,0.701,-0.072
1451,1.429,0.912,0.161,-0.915,-0.029
1452,0.584,0.658,0.787,-0.471,0.359
1453,-0.62,-1.105,0.193,-0.875,-0.209
1454,-0.908,0.112,-0.553,1.657,-0.111
1455,0.842,-1.415,1.281,-2.529,-0.596
1456,0.503,0.714,-0.349,0.886,-0.744
1457,2.251,-0.641,-0.294,0.447,-0.076
1458,0.892,0.295,-0.128,-0.188,-0.137
1459,0.709,-0.489,0.362,-1.647,0.112
1460,0.256,-0.024,-1.815,0.584,-1.221
1461,1.595,-1.284,-2.091,0.102,1.143
1462,-0.469,0.445,0.033,-0.228,-0.269
1463,0.417,-1.075,0.124,0.332,1.027
1464,-0.289,-0.371,-0.366,-0.511,1.879
1465,1.11,0.255,0.602,0.418,0.764
1466,0.323,-0.379,0.395,-0.009,1.506
1467,1.058,0.329,1.677,-0.311,0.727
1468,-0.242,1.486,0.826,1.964,0.17
1469,0.02,-1.071,-0.143,0.86,0.862
1470,-1.115,-1.073,-1.866,0.267,0.042
1471,-0.501,0.207,1.748,-0.948,-1.844
1472,1.3,0.709,-1.498,-0.203,-2.851
1473,0.516,1.363,0.818,2.056,0.863
1474,-0.811,-0.831,0.721,-0.168,-0.314
1475,-0.448,-0.398,-0.295,-0.109,1.297
1476,1.601,0.125,1.586,0.292,1.029
1477,0.256,1.481,-0.769,-2.94,-1.646
1478,-0.271,0.33,0.102,1.495,-0.99
1479,-0.231,2.341,2.098,-0.464,-0.445
1480,-0.704,-1.559,-0.573,-0.095,0.644
1481,-0.827,-1.605,1.596,0.026,0.22
1482,-0.941,0.843,1.452,-1.363,0.377
1483,-0.469,0.782,0.232,1.378,0.065
1484,-1.823,1.888,-2.164,-0.024,-0.066
1485,0.011,1.653,-0.574,0.524,-0.042
1486,-1.47,0.05,1.078,-0.683,-0.709
1487,0.693,-1.769,2.534,0.38,1.232
1488,-1.054,-1.401,-0.633,0.813,-0.743
1489,-0.749,1.514,-0.903,-1.516,1.383
1490,-0.731,0.269,0.671,1.055,0.025
1491,-0.364,-0.007,0.092,-0.903,1.449
1492,1.163,1.046,1.11,-0.78,1.098
1493,0.043,0.288,0.991,-1.943,-1.233
1494,-1.471,-1.164,-0.211,0.114,-0.941
1495,-0.887,-1.634,-1.017,0.67,-1.303
1496,2.698,-1.094,0.207,-0.25,0.557
1497,0.905,0.193,0.894,0.329,2.144
1498,0.144,-2.329,-0.359,-0.427,0.843
1499,0.417,-0.146,-0.199,-0.927,-1.014
1500,1.338,0.917,1.85,0.068,-0.528
1501,0.706,1.032,0.276,-0.227,-1.411
1502,-1.638,0.725,0.044,-0.811,2.056
1503,-0.641,-0.351,0.233,-0.933,0.114
1504,-0.144,0.389,0.141,1.193,-0.408
1505,-0.546,0.19,-1.025,-1.012,0.712
1506,1.781,-1.373,0.464,1.259,1.341
1507,0.532,-0.03,1.171,0.791,-1.989
1508,0.427,1.302,-1.661,1.359,-0.338
1509,-0.945,1.779,0.386,-0.906,0.672
1510,0.56,0.259,-0.912,-0.577,1.074
1511,0.401,-0.089,0.886,-1.02,-0.33
1512,0.339,-0.242,-1.822,0.549,1.32
1513,0.483,0.401,-0.427,-1.012,0.583
1514,0.837,0.851,0.302,1.149,-1.99
1515,1.599,-0.085,-0.508,0.751,0.288
1516,-0.634,-0.268,-0.153,0.005,1.927
1517,-0.101,-0.902,-1.057,-0.917,-0.364
1518,0.611,0.134,0.366,1.303,0.957
1519,0.519,-1.174,-1.026,1.626,-0.147
1520,1.392,-1.193,-0.898,-0.542,-0.705
1521,1.691,-0.018,1.466,0.452,-0.603
1522,0.609,0.845,0.369,-0.926,-0.507
1523,-0.495,-0.177,-0.075,1.229,-2.181
1524,-0.36,-0.229,1.994,0.783,-2.594
1525,-0.379,0.281,0.233,1.892,0.56
1526,1.478,-0.139,1.525,1.156,1.539
1527,-0.53,-0.729,-2.006,0.067,-0.976
1528,-0.848,-0.96,-0.349,2.474,0.374
1529,0.842,1.223,-0.948,0.898,0.435
1530,-1.896,-1.551,-1.121,-0.891,0.471
1531,0.756,2.04,0.568,-0.241,1.349
1532,-1.061,0.649,-0.56,0.32,0.543
1533,-1.074,1.818,1.021,-1.211,1.026
1534,0.472,-0.738,-0.227,-0.162,0.397
1535,-0.534,0.824,-0.588,-0.111,2.074
1536,-1.549,0.35,-1.741,-1.4,0.648
1537,0.578,0.121,-0.472,1.986,1.487
1538,-1.711,0.498,-0.284,-1.11,0.579
1539,-0.089,-1.234,0.512,0.248,0.442
1540,-0.041,-1.224,-2.384,-0.093,0.36
1541,-0.145,-0.759,-0.407,-0.829,-0.211
1542,0.103,0.137,1.357,2.294,-0.951
1543,-0.414,1.284,-1.357,0.104,0.928
1544,-1.286,-0.769,-2.738,-0.488,0.411
1545,-0.406,0.613,-0.679,1.146,1.037
1546,-0.93,1.395,0.35,0.01,1.276
1547,1.02,1.03,-1.15,-0.16,-0.032
1548,1.445,-1.534,0.256,0.579,-1.107
1549,-1.552,0.471,0.415,-1.005,-0.296
1550,-1.319,-0.342,0.714,-0.363,1.607
1551,0.02,-0.81,0.408,0.362,-0.483
1552,0.44,0.723,-0.768,-2.001,-0.761
1553,0.424,-0.301,1.352,0.148,0.883
1554,-1.074,0.195,-0.436,-1.068,-1.079
1555,-0.903,-2.213,-2.221,0.442,-1.641
1556,0.462,0.489,-0.78,-0.836,-0.24
1557,0.544,1.515,-1.272,0.045,-0.838
1558,-0.872,0.289,-0.753,-0.741,0.936
1559,0.553,1.271,-1.757,0.006,1.633
1560,1.085,-0.229,-0.977,-0.986,-0.674
1561,1.255,0.941,-1.157,2.277,-1.55
1562,0.655,-1.929,1.305,1.982,0.769
1563,2.174,0.414,-1.498,0.816,1.737
1564,-1.174,-0.756,2.261,-0.282,-0.095
1565,-0.661,-0.081,-0.79,0.733,-2.018
1566,0.447,0.446,-0.072,0.307,1.208
1567,0.493,0.261,0.399,0.045,0.99
1568,-0.233,0.349,-1.688,-0.468,-0.508
1569,-1.938,-0.462,-1.992,2.395,1.017
1570,0.621,0.083,0.598,1.136,0.794
1571,-1.284,-0.01,-1.026,-0.685,-0.48
1572,-0.247,0.262,-1.09,0.877,0.901
1573,1.359,-0.913,0.113,0.952,-0.049
1574,0.37,-0.534,-0.374,0.514,-0.747
1575,0.578,0.616,1.157,0.882,0.149
1576,1.245,1.473,0.196,1.553,0.288
1577,-0.805,0.326,-1.39,0.307,-1.532
1578,-1.516,-0.538,0.255,0.521,-1.009
1579,1.474,0.888,-2.249,-0.279,-0.549
1580,-0.223,-0.13,0.248,-0.278,0.016
1581,0.295,-1.072,-1.429,-1.169,-0.664
1582,-0.349,1.241,-1.368,0.158,1.231
1583,0.745,0.359,1.913,0.557,-0.526
1584,0.075,0.724,2.326,0.75,3.916
1585,1.05,0.558,-0.088,0.773,-0.201
1586,-1.044,0.22,-0.114,0.858,-0.793
1587,0.726,0.235,0.703,-0.624,0.339
1588,0.437,-1.23,-0.537,0.294,-0.732
1589,0.81,-0.162,0.603,0.957,-0.094
1590,-0.383,-0.073,-2.466,0.739,1.694
1591,0.969,-1.331,2.159,-0.531,0.903
1592,-1.429,1.721,1.051,1.401,0.62
1593,0.033,0.245,0.102,0.953,0.331
1594,0.859,-0.057,1.365,2.078,1.522
1595,-1.093,-0.22,0.159,1.445,0.588
1596,-0.594,0.008,0.166,-0.216,1.199
1597,1.689,-1.188,-1.852,0.819,0.434
1598,0.064,-0.611,-0.094,0.144,-0.96
1599,-0.908,-1.487,2.25,0.977,0.975
1600,-1.48,-0.785,-1.386,-1.55,2.455
1601,-0.63,1.693,1.317,-0.984,0.976
1602,0.416,0.063,1.037,0.273,1.932
1603,-0.378,-0.585,-2.162,-1.124,0.815
1604,-0.559,-1.701,-1.298,0.582,-2.283
1605,0.005,-0.585,-0.76,-0.312,-0.768
1606,-0.2,-1.21,-0.144,-1.979,0.495
1607,0.138,-0.936,0.001,1.138,0.41
1608,-1.036,0.271,-2.979,-0.845,-1.229
1609,-0.029,-1.343,1.379,0.41,-0.949
1610,-0.405,-1.08,-0.873,1.882,-0.259
1611,0.233,-0.838,1.025,0.085,-0.332
1612,0.406,0.981,0.072,0.203,1.259
1613,0.723,-0.964,0.183,-0.23,-0.355
1614,1.405,-0.92,0.259,-1.279,-0.418
1615,0.705,0.153,-0.765,0.316,0.072
1616,0.561,-0.323,-0.863,-0.501,0.878
1617,0.395,-1.243,-1.8,-0.204,-0.401
1618,0.961,-1.749,-0.572,-1.61,0.568
1619,0.548,-1.035,-0.792,-0.236,-0.936
1620,0.898,-1.348,-0.031,-1.28,0.373
1621,-0.429,-0.144,-1.047,0.846,-0.548
1622,0.092,0.74,-1.484,-0.151,-0.305
1623,-0.298,-0.55,0.057,1.075,1.267
1624,-0.153,-0.818,0.096,-0.961,-1.039
1625,-0.629,0.594,0.3,-0.839,1.274
1626,0.501,2.532,-0.196,1.439,1.063
1627,-0.244,1.29,-1.957,-0.421,2.215
1628,-0.814,1.12,0.559,-1.192,-0.135
1629,-0.103,-0.367,-0.158,1.025,0.232
1630,-0.549,-0.541,-1.01,-1.497,1.914
1631,0.332,0.47,-0.208,0.51,-0.77
1632,0.472,-1.486,0.951,-0.253,1.717
1633,-1.809,1.996,1.188,-0.321,-0.317
1634,-1.094,-0.093,2.391,1.207,-1.326
1635,-1.738,-0.054,-1.168,0.261,0.231
1636,0.883,-0.067,-0.259,1.225,2.791
1637,-0.187,0.801,0.307,1.005,-0.2
1638,1.067,-0.03,0.048,-0.801,0.645
1639,-0.086,-0.185,-0.449,-0.16,0.574
1640,-0.168,0.065,1.102,-0.694,0.096
1641,-0.494,1.32,-0.216,-0.838,0.177
1642,-1.571,-1.276,-0.096,-0.119,-0.148
1643,0.687,-0.587,0.602,-0.601,1.891
1644,-0.048,-0.085,2.938,-0.52,-1.313
1645,0.387,1.143,-0.299,-0.116,1.367
1646,0.952,0.635,-0.485,0.221,0.292
1647,0.881,-0.487,-0.376,-0.02,0.509
1648,-0.707,-0.334,-0.538,-0.893,0.729
1649,0.478,-1.219,-1.163,-0.63,0.574
1650,0.233,0.63,0.101,-0.546,0.121
1651,0.238,2.403,-3.312,-1.064,2.354
1652,-1.25,-2.442,0.152,1.222,1.62
1653,1.377,0.527,-0.139,0.421,0.434
1654,-0.926,0.071,0.71,-0.133,-2.05
1655,0.293,-1.079,-0.074,1.614,-0.205
1656,0.387,-0.135,0.469,0.043,0.562
1657,0.266,0.186,1.289,1.235,-0.92
1658,-0.466,2.904,-0.529,-0.467,-1.421
1659,1.646,-0.433,0.706,1.321,1.005
1660,1.052,-0.631,-0.867,0.063,1.464
1661,-0.221,0.028,-0.878,-0.632,-0.891
1662,0.317,0.737,-1.159,-1.149,-0.414
1663,1.203,-0.999,0.125,0.042,0.857
1664,-0.497,-0.755,-1.404,-0.955,2.696
1665,-0.362,1.307,0.258,-1.326,1.612
1666,-1.396,-0.114,-0.538,-0.225,-0.312
1667,0.432,0.798,-0.836,-0.731,-1.023
1668,-1.157,-0.792,-0.747,-0.126,-1.907
1669,-0.701,-0.622,-0.128,0.126,1.064
1670,-0.455,-0.185,0.016,-0.266,1.317
1671,-1.22,1.815,0.06,-0.603,-0.884
1672,0.92,-0.609,1.381,0.09,0.158
1673,0.841,-0.904,-0.99,-0.44,-0.59
1674,-1.27,0.13,0.496,0.156,-0.404
1675,-0.168,2.667,-0.076,0.19,1.199
1676,-0.867,-1.087,0.092,-1.189,-0.313
1677,-0.831,0.67,-0.606,-0.898,0.03
1678,-1.64,-0.608,0.514,0.277,-0.591
1679,0.61,-0.045,-1.971,-0.6,-1.496
1680,-1.269,-0.699,-1.001,2.366,1.164
1681,1.892,-0.176,-0.983,0.145,-0.556
1682,0.225,-0.639,0.728,0.662,0.048
1683,0.897,0.53,0.459,-1.089,-0.405
1684,2.605,0.342,0.372,-0.543,0.524
1685,-0.626,0.434,-1.574,1.634,0.029
1686,1.653,-1.44,-0.003,-1.206,0.323
1687,0.954,-0.643,0.095,0.073,0.674
1688,-0.036,-2.509,-0.173,0.058,0.108
1689,0.196,0.373,2.002,-0.341,-0.246
1690,1.425,1.031,-1.207,-1.224,0.142
1691,-0.164,0.045,0.069,-0.759,-0.446
1692,0.242,-2.437,1.312,-1.511,-1.066
1693,-0.182,-0.267,-0.3,-1.018,-0.403
1694,0.835,-0.133,-1.065,0.244,0.642
1695,-0.723,-0.079,-1.036,-0.142,0.959
1696,0.72,-0.68,1.089,-0.029,0.841
1697,-1.752,-0.523,-0.34,0.337,0.646
1698,3.053,0.515,-0.511,-1.04,-0.369
1699,-0.978,1.033,0.883,-0.655,0.143
1700,1.458,1.572,0.267,-0.397,-0.884
1701,-1.055,-0.832,-1.41,-1.178,0.846
1702,0.41,-0.266,0.335,0.072,0.113
1703,-1.65,-0.644,-1.798,0.63,1.953
1704,-0.226,0.62,1.395,-1.028,0.826
1705,-0.14,-2.133,0.501,-0.179,0.403
1706,-0.077,0.504,0.727,0.399,-0.985
1707,-0.971,-1.242,-0.024,-0.51,0.16
1708,-0.93,0.058,0.135,0.115,-0.276
1709,-1.564,1.815,0.462,-0.032,-0.364
1710,-0.423,-0.272,0.821,-1.415,1.118
1711,0.991,0.24,1.75,-1.809,1.002
1712,1.561,0.301,0.462,1.254,-0.174
1713,-1.005,0.105,0.022,0.323,-1.566
1714,-0.203,-0.9,-0.199,-0.531,2.489
1715,-1.077,-0.291,-0.889,0.685,-0.172
1716,-0.995,0.71,-0.42,0.486,-0.078
1717,1.188,-0.033,-0.833,1.04,-1.913
1718,-0.601,1.082,-0.83,0.294,0.613
1719,1.135,-1.186,-1.134,-0.444,0.178
1720,1.23,0.009,0.468,0.196,1.545
1721,0.997,0.902,-1.756,0.073,1.411
1722,0.895,0.311,0.162,-0.672,1.218
1723,0.067,-0.962,-1.427,-0.588,-0.678
1724,0.865,-1.599,0.309,0.024,-1.673
1725,0.391,1.145,-0.926,0.21,0.567
1726,-2.908,-0.571,-1.853,0.193,1.002
1727,0.128,0.214,2.162,1.882,0.337
1728,-0.469,-0.489,-0.772,1.092,0.155
1729,-0.015,-2.201,0.431,-0.242,1.332
1730,0.677,0.223,-0.319,-0.403,-0.23
1731,0.161,1.471,-0.953,2.598,0.513
1732,1.55,0.314,-0.171,1.609,0.188
1733,0.864,0.526,-0.016,-0.057,1.427
1734,0.032,1.537,-1.139,-1.41,-0.854
1735,-1.441,0.718,0.392,-1.443,-1.297
1736,0.543,-0.026,-0.322,-0.439,1.263
1737,-0.046,-0.459,0.759,0.994,-0.52
1738,-0.412,-0.664,-2.751,0.131,-0.253
1739,0.986,-1.425,0.024,0.031,0.191
1740,0.676,0.366,0.758,0.478,-0.03
1741,-0.481,-0.392,-0.441,-0.222,-0.774
1742,0.704,-1.053,-0.589,0.286,-1.224
1743,-0.322,-0.988,-0.284,0.476,-0.233
1744,0.6,-1.321,-1.61,-0.972,-0.92
1745,-0.421,-1.884,0.689,0.826,2.745
1746,0.514,1.828,0.007,-2.13,-0.489
1747,-0.095,-1.301,0.283,0.27,-0.395
1748,-1.471,0.967,-1.286,-0.708,-0.77
1749,0.832,0.204,-0.248,-1.016,-0.431
1750,-0.286,-0.685,-0.496,-0.757,-1.875
1751,-0.64,-0.611,0.566,1.204,0.725
1752,2.118,-1.227,-0.83,-0.371,-0.375
1753,-0.179,0.405,0.238,-0.655,0.208
1754,1.187,1.176,1.266,0.817,-0.249
1755,-0.195,0.017,1.219,-0.148,-1.279
1756,1.012,1.168,-0.797,0.334,0.231
1757,0.807,-1.357,1.712,-0.359,1.752
1758,-1.689,0.583,0.099,1.254,1.213
1759,-0.802,1.533,0.227,-1.342,-0.396
1760,-0.07,0.081,0.831,-2.783,0.188
1761,0.422,1.83,1.729,0.385,-0.005
1762,1.533,0.103,0.545,-1.099,0.973
1763,0.707,0.686,-1.007,-0.065,1.435
1764,0.249,1.344,0.366,-0.25,-0.486
1765,0.955,0.869,-0.362,2.977,-0.063
1766,-0.179,-0.004,-0.309,1.928,0.214
1767,-0.407,0.998,0.368,-0.171,1.216
1768,-0.052,1.121,-0.59,1.045,-0.342
1769,0.248,-0.412,0.124,0.812,-1.723
1770,0.847,1.26,0.345,1.18,0.408
1771,-3.881,-0.159,1.027,0.649,-0.354
1772,-1.044,-0.683,-0.042,-0.088,0.319
1773,0.356,-0.389,-0.683,2.357,1.084
1774,-0.078,0.658,-1.132,0.63,0.37
1775,-0.38,-0.219,-0.953,0.451,1.075
1776,-0.051,-0.014,0.694,-0.076,-0.029
1777,0.991,-0.152,-0.987,0.222,-0.626
1778,-1.679,-1.375,-1.987,-0.038,-0.403
1779,2.539,0.251,-0.279,-0.909,1.282
1780,-1.09,-1.294,-0.748,0.638,0.02
1781,-1.505,1.549,-0.132,1.668,0.193
1782,0.523,-0.175,0.279,-0.271,-1.017
1783,-0.002,-0.965,-0.714,0.677,-0.423
1784,-1.178,-1.419,-0.478,0.221,0.938
1785,-0.364,0.041,1.336,-0.077,-0.823
1786,-2.715,-0.339,-1.1,-1.153,-1.371
1787,-0.044,0.153,-1.785,0.029,-0.756
1788,0.475,1.248,0.79,-0.45,0.551
1789,0.784,-0.182,-0.529,-1.808,0.421
1790,1.386,-1.054,-1.522,-2.554,0.203
1791,0.016,-0.868,0.678,0.644,-1.551
1792,0.299,0.763,0.559,0.487,-0.88
1793,1.702,0.156,0.837,-0.227,0.87
1794,-1.163,0.62,0.876,0.137,-1.227
1795,-2.24,0.997,0.753,-0.454,2.332
1796,-0.632,0.881,-0.05,-1.923,-0.425
1797,-0.555,-0.086,-0.752,0.199,-1.917
1798,0.645,-0.946,1.079,1.207,-1.394
1799,1.25,0.863,0.637,0.319,-0.198
1800,-0.377,0.25,-1.297,0.65,0.482
1801,-1.222,0.741,1.549,-2.179,-0.128
1802,-0.213,-0.931,-0.219,0.697,1.661
1803,-0.096,-0.527,-0.59,0.366,2.247
1804,0.943,-0.757,-0.023,-0.943,2.684
1805,0.831,0.97,0.273,-0.695,0.498
1806,0.195,0.874,-1.549,-0.093,0.126
1807,2.723,0.917,-0.562,0.824,0.238
1808,-1.724,0.264,-1.439,0.443,2.068
1809,0.272,0.458,0.14,-0.234,-0.39
1810,-1.387,0.063,-1.377,0.699,1.343
1811,0.646,-1.491,0.252,-0.926,0.149
1812,0.574,-1.116,-1.12,-1.376,0.323
1813,0.662,-0.241,2.034,-0.547,0.436
1814,-0.585,-2.593,0.444,1.048,-0.691
1815,0.278,1.096,0.199,0.68,-1.471
1816,-0.28,0.336,-1.6,0.707,-1.092
1817,0.85,1.266,-0.235,1.345,-0.239
1818,0.746,-0.443,0.881,-1.29,1.176
1819,-1.334,0.41,-0.114,-1.629,0.754
1820,1.04,-0.824,-2.262,0.958,0.827
1821,0.297,0.502,-1.351,0.8,0.296
1822,-0.856,1.087,-0.76,0.406,0.106
1823,0.59,-1.184,-0.189,0.987,0.001
1824,-0.84,-0.153,-1.025,0.001,0.067
1825,-0.844,0.695,0.717,0.75,0.696
1826,0.05,1.078,-0.317,-1.143,-0.96
1827,-0.679,0.193,-0.705,-2.815,-1.645
1828,0.331,-0.583,-0.541,0.144,-1.452
1829,0.883,0.859,0.255,0.154,-1.534
1830,-0.095,0.149,-0.715,0.225,0.591
1831,0.784,1.07,-0.964,-0.567,-0.292
1832,0.598,1.037,-0.89,-0.203,-0.106
1833,-0.057,0.238,-1.715,-0.905,-0.651
1834,1.447,0.442,-1.607,0.246,1.277
1835,1.089,-0.748,-1.105,-0.853,0.839
1836,0.379,-0.049,-0.204,0.496,-0.641
1837,-0.252,1.904,-0.773,-1.054,-2.344
1838,-0.657,-1.935,-0.528,0.482,1.609
1839,-0.172,1.299,-0.045,1.195,-0.673
1840,0.149,-0.059,-2.174,-1.284,-1.201
1841,-1.885,0.452,0.924,-2.047,0.825
1842,-3.005,-0.738,0.506,0.482,-0.489
1843,1.252,-1.061,-0.812,2.109,2.168
1844,-0.065,-0.085,-0.029,-0.11,-1.119
1845,0.097,-1.925,-1.028,0.429,0.945
1846,0.667,0.687,-1.745,-0.206,0.516
1847,0.841,-0.932,-1.089,-1.062,0.266
1848,0.775,-0.893,-0.956,-0.802,0.341
1849,-2.209,0.204,1.149,-1.376,0.543
1850,0.73,0.464,-0.159,-0.242,-0.634
1851,0.012,0.276,-0.96,1.716,0.009
1852,0.897,-0.492,-0.183,1.63,0.552
1853,-0.718,0.159,-0.555,-1.253,-1.119
1854,-0.325,-0.454,-1.113,-0.166,1.123
1855,2.355,-2.229,1.15,-0.117,-0.656
1856,-0.724,-0.835,0.103,0.801,0.779
1857,0.374,-0.665,-0.577,0.222,0.406
1858,0.887,-2.502,0.879,-0.415,0.747
1859,-0.346,0.16,-0.388,-0.584,0.519
1860,0.104,-1.105,-0.298,1.672,1.047
1861,-1.221,1.241,-0.038,-0.305,-0.311
1862,0.114,-0.884,-0.172,0.2,1.28
1863,-0.417,1.79,1.88,-0.458,0.416
1864,-0.483,-0.735,-1.698,0.334,-0.41
1865,0.615,0.545,0.911,0.358,0.14
1866,-0.716,-0.917,1.641,0.714,-0.942
1867,-1.566,1.189,0.466,-0.759,0.871
1868,0.54,-0.242,-1.671,-0.246,-0.015
1869,0.356,-0.403,0.26,1.307,-0.164
1870,0.592,-0.053,1.108,1.723,0.267
1871,0.113,-0.591,-2.07,0.342,-0.663
1872,-1.082,-0.038,-0.308,0.136,-1.175
1873,-1.482,-2.535,-0.265,1.228,0.427
1874,-0.968,-0.355,-1.548,0.009,1.389
1875,-1.13,-0.953,-0.699,-0.96,-0.656
1876,-0.35,-1.057,-0.672,-2.193,0.722
1877,0.508,-1.242,1.466,0.019,-0.302
1878,0.692,-0.524,0.139,0.571,-0.057
1879,-0.804,0.169,-2.455,-0.798,-0.673
1880,1.432,-0.027,-1.818,-0.712,0.104
1881,0.127,-0.787,0.075,-0.652,-0.217
1882,-0.886,1.144,1.161,0.063,0.671
1883,-0.389,0.085,0.624,1.676,0.548
1884,-0.931,-1.758,-0.858,0.439,-1.361
1885,0.403,1.249,-0.597,-0.297,0.993
1886,-0.955,-0.453,-0.569,2.306,-0.728
1887,-0.572,0.38,-0.486,-0.521,0.17
1888,1.071,-2.529,0.59,0.524,-1.065
1889,0.356,-0.067,1.656,-0.643,-1.228
1890,0.647,0.765,0.226,0.796,0.557
1891,-1.042,1.854,1.098,0.85,-1.103
1892,-1.484,-0.545,-1.167,-1.825,1.578
1893,1.104,1.691,0.445,0.136,-0.528
1894,0.368,0.44,0.63,0.051,-0.234
1895,0.418,1.268,0.363,-1.74,-0.982
1896,1.135,-0.821,-1.322,0.387,-0.226
1897,0.649,0.566,-0.334,0.453,-0.735
1898,-0.229,0.39,-1.321,-0.067,0.95
1899,1.38,-2.382,-0.68,0.073,-0.914
1900,0.338,-0.3,-0.825,0.596,-0.64
1901,0.342,0.742,0.616,0.672,-1.438
1902,1.668,0.707,1.196,1.748,-0.192
1903,-0.387,0.453,0.382,-0.012,-0.134
1904,0.566,-0.882,-1.087,-0.123,0.046
1905,-0.688,0.123,0.645,-2.308,1.035
1906,0.344,1.238,-0.285,1.555,-0.592
1907,-0.223,-0.408,-0.45,-0.689,-0.833
1908,1.176,0.395,0.316,-0.289,0.704
1909,-0.66,-0.117,-0.929,1.087,1.07
1910,0.022,-1.956,-0.77,-1.058,-0.668
1911,-0.386,-1.07,-1.225,-0.269,-1.204
1912,-1.711,0.074,2.81,1.486,1.377
1913,0.422,0.234,-0.785,-0.585,-0.889
1914,1.02,-0.01,-0.653,1.564,0.379
1915,-0.792,-0.695,-2.625,-0.881,-0.252
1916,-1.287,-0.638,0.163,-0.22,0.448
1917,-2.633,1.041,-0.657,1.06,-0.084
1918,-1.043,-0.743,0.559,1.354,0.506
1919,0.38,1.849,-1.327,-1.839,-0.2
1920,0.654,0.192,2.617,0.386,0.768
1921,0.698,1.575,0.702,-0.356,-1.518
1922,-0.543,-2.034,0.123,-0.005,0.991
1923,1.446,-0.985,-0.791,-0.067,-1.725
1924,1.009,-0.457,0.001,0.704,-1.65
1925,-0.578,1.215,-0.985,-0.151,-1.361
1926,0.181,0.945,0.356,0.3,-0.422
1927,0.823,-1.229,1.403,-1.286,-0.574
1928,-0.276,-1.745,-0.224,-0.753,-1.589
1929,0.63,1.174,-1.22,0.877,-2.04
1930,-0.3,-0.505,1.524,2.313,-0.406
1931,-0.536,0.408,-0.713,0.931,-0.104
1932,-0.284,-0.047,-1.238,1.627,0.132
1933,0.358,0.275,0.295,0.608,-0.34
1934,1.145,-1.436,0.221,0.008,-0.144
1935,1.371,1.745,0.684,-0.442,0.884
1936,-1.258,1.156,0.288,1.401,-0.59
1937,-1.587,-0.78,1.402,0.497,0.289
1938,-0.938,-1.508,0.222,0.945,-0.04
1939,0.392,1.89,0.414,0.632,-0.964
1940,-1.393,0.119,-0.424,-0.649,2.0
1941,-0.244,-0.674,-0.128,0.765,-0.831
1942,1.565,0.704,-0.633,-0.325,-0.516
1943,-0.116,-0.455,-1.211,-0.528,-1.6
1944,-0.429,0.536,-0.687,-0.045,-0.347
1945,1.666,2.088,1.08,-1.64,0.09
1946,1.212,0.529,-1.594,-0.274,0.011
1947,0.911,0.023,0.281,-0.794,-0.571
1948,0.805,-2.691,-0.781,0.826,-0.044
1949,1.244,-0.592,0.827,1.243,0.401
1950,0.191,0.725,0.287,-1.361,1.083
1951,-0.331,-0.448,2.093,0.35,0.384
1952,-1.367,0.768,0.353,-3.011,0.247
1953,-1.347,-0.12,0.504,1.261,-0.387
1954,-1.177,-0.216,0.839,0.437,1.77
1955,-0.257,-1.853,0.591,-0.809,-1.781
1956,-0.267,0.636,-0.162,-0.608,-0.524
1957,-1.311,-0.431,0.396,-0.26,0.355
1958,-0.6,1.074,1.264,-1.979,-1.326
1959,1.224,-0.385,-1.182,1.407,-0.498
1960,0.552,-0.375,-1.119,0.301,0.08
1961,0.611,0.739,-0.497,0.576,-0.529
1962,1.56,-0.248,-1.402,-0.943,-0.762
1963,1.67,1.21,1.048,-0.565,1.422
1964,0.086,-0.388,-1.455,-0.648,-0.11
1965,0.295,0.841,1.496,-0.439,-0.101
1966,0.565,0.666,-0.575,-0.72,0.17
1967,0.256,0.131,-0.796,0.029,-1.287
1968,-1.058,0.195,0.485,-0.009,0.473
1969,0.013,-0.192,-1.063,-0.051,0.536
1970,-0.465,1.418,-0.178,-1.098,0.438
1971,-0.736,-0.319,-0.576,0.204,0.482
1972,0.825,-0.87,-0.667,1.037,-0.415
1973,-1.572,-1.902,-0.977,0.689,0.372
1974,-0.434,-0.035,1.55,0.1,1.552
1975,0.679,0.872,0.324,-0.392,-0.977
1976,0.318,-0.594,1.901,1.624,-0.652
1977,0.61,-0.993,0.483,0.152,-0.03
1978,1.737,-0.055,0.323,-0.435,-1.23
1979,0.157,1.157,0.579,1.103,1.069
1980,-0.371,1.402,-0.5,0.333,-0.499
1981,1.016,-0.032,0.091,0.866,-0.479
1982,1.159,0.331,1.448,-0.687,1.552
1983,-0.56,-0.056,-0.67,-0.788,-0.798
1984,-1.213,1.245,0.05,-1.082,-0.247
1985,0.072,0.426,0.084,1.262,0.572
1986,0.25,0.469,1.294,0.603,-0.074
1987,1.657,-0.383,-0.028,-0.16,-1.516
1988,1.061,0.992,-0.077,-0.412,1.943
1989,0.538,-2.682,0.874,-2.235,-0.682
1990,1.392,-1.321,-1.387,0.508,-1.251
1991,-0.254,-1.061,-0.041,-0.605,-2.029
1992,-0.447,0.741,1.84,0.052,1.886
1993,0.077,-1.388,-0.346,0.027,-1.25
1994,0.033,-0.388,0.158,-1.805,-2.078
1995,0.158,2.028,-0.78,-2.004,1.452
1996,-0.65,0.891,-0.416,0.262,0.741
1997,0.077,0.688,-1.491,0.327,-0.399
1998,-0.183,0.359,1.525,0.759,0.475
1999,-0.196,1.984,0.049,-0.88,-0.313
2000,-1.049,-0.401,0.266,-2.971,0.049
2001,-0.468,-0.439,-0.195,0.181,-0.738
2002,-0.286,0.135,-1.255,-0.672,-1.627
2003,-0.761,0.666,-1.184,1.256,0.305
2004,0.297,-0.275,-0.194,0.425,1.087
2005,-2.127,-1.739,0.028,-0.753,0.718
2006,0.092,0.106,-1.367,1.426,1.768
2007,-0.714,0.651,-0.991,1.248,1.215
2008,0.251,1.46,-1.083,2.082,0.051
2009,-0.668,-0.008,0.745,-0.202,1.003
2010,0.829,0.948,0.243,1.291,0.167
2011,-0.469,-0.683,0.839,0.704,0.62
2012,-2.244,0.268,-0.387,0.089,0.521
2013,-0.22,-1.131,0.676,-0.926,2.506
2014,-0.279,1.28,-0.988,-0.234,-0.51
2015,0.287,1.186,1.748,0.037,0.38
2016,1.289,0.403,-1.923,1.521,-0.271
2017,-0.667,0.157,1.061,-1.33,-1.213
2018,-0.161,0.569,-2.166,0.935,0.022
2019,0.224,1.179,-0.962,0.522,1.006
2020,0.01,-0.993,-0.325,-0.014,0.2
2021,1.05,1.456,1.57,-0.966,1.011
2022,0.353,0.708,1.105,0.978,0.517
2023,1.269,-0.513,0.645,0.183,-0.446
2024,-2.03,-1.056,1.199,0.91,0.606
2025,0.643,0.404,0.541,-0.551,-0.605
2026,-1.382,-0.905,-1.059,2.02,-0.142
2027,0.736,0.366,-0.35,-0.899,0.075
2028,0.323,0.001,-0.743,0.126,-1.186
2029,-0.01,-0.23,-0.793,-0.204,-0.592
2030,-0.762,0.241,0.195,-1.405,0.034
2031,-0.949,0.078,1.981,1.263,-0.812
2032,1.413,0.518,0.207,0.385,0.161
2033,-1.163,-0.132,2.212,0.208,0.534
2034,2.868,0.424,-0.836,-0.784,-1.01
2035,-0.429,2.257,-0.466,-0.204,-0.31
2036,-0.289,0.019,1.594,-1.075,-0.879
2037,-0.631,-0.549,-0.282,0.172,-0.446
2038,0.806,1.522,0.609,-1.077,-0.265
2039,1.945,-0.804,0.992,-1.919,-1.699
2040,-1.12,1.846,0.243,-0.841,-0.213
2041,-0.411,1.803,0.557,-0.332,-0.526
2042,1.53,1.42,1.239,0.627,-0.592
2043,-2.554,-0.295,-0.714,1.345,-1.324
2044,0.566,-1.134,0.156,0.433,1.108
2045,2.768,-0.529,-0.987,-0.179,0.165
2046,0.561,-0.188,-0.148,1.095,0.283
2047,-1.355,-1.045,0.438,1.612,-1.278
2048,1.447,0.49,-0.287,-0.878,0.95
2049,-1.301,-1.798,-0.732,0.778,-1.035
2050,0.21,-1.571,0.306,1.508,1.812
2051,-1.325,-0.966,-0.149,-0.626,-0.375
2052,0.175,1.17,-0.441,-0.402,-0.374
2053,-1.434,0.234,-0.085,-0.975,-0.736
2054,-0.442,1.077,-1.098,0.368,-0.093
2055,0.122,0.521,0.508,-0.018,2.059
2056,0.232,0.6,0.146,-0.048,1.715
2057,0.594,0.752,0.545,-1.424,0.57
2058,-0.389,-0.93,0.748,-0.298,-1.133
2059,-0.519,2.5,0.308,0.29,-0.941
2060,0.347,-1.736,1.05,-0.324,-2.288
2061,-1.876,0.734,0.394,-0.284,0.498
2062,0.758,0.617,-0.934,1.046,-0.11
2063,0.372,-0.747,-0.046,0.705,0.866
2064,0.308,-0.198,-0.547,0.239,-0.129
2065,-0.035,-1.132,-0.112,-0.654,-0.05
2066,-0.502,-0.309,-0.803,0.351,-0.665
2067,0.296,0.363,-0.102,1.567,-0.159
2068,-0.435,-1.62,1.943,0.604,1.244
2069,-0.154,0.937,0.242,-0.332,-0.437
2070,-1.296,-0.112,-0.806,0.667,-0.639
2071,0.351,-0.59,-1.74,0.184,0.444
2072,0.171,0.948,1.029,0.466,0.216
2073,0.187,-1.735,-1.018,-0.28,-0.25
2074,-0.433,-1.742,0.546,-1.552,0.711
2075,-0.91,0.529,1.04,0.331,-0.512
2076,-0.75,-1.031,0.986,0.44,-1.148
2077,1.195,-0.151,1.001,1.156,-1.401
2078,1.816,-0.349,0.38,0.084,0.857
2079,-0.179,-0.948,-0.278,0.747,0.921
2080,0.351,-0.543,-0.394,0.556,-0.846
2081,1.812,0.961,1.91,-0.009,0.292
2082,-1.728,0.963,0.303,-0.488,1.317
2083,-0.006,1.853,0.064,0.971,-0.179
2084,0.566,-0.822,0.295,1.219,-1.154
2085,0.068,-0.459,0.472,-0.482,1.088
2086,-0.665,-1.185,-1.384,-1.459,0.993
2087,1.619,0.781,-1.807,0.838,2.329
2088,0.763,-0.006,-0.558,0.253,0.952
2089,0.27,0.97,1.682,-1.498,0.016
2090,-0.558,0.322,0.23,0.61,0.417
2091,-2.143,-0.352,0.066,-2.121,0.212
2092,-0.849,0.71,0.337,0.193,0.469
2093,-0.291,-0.448,-0.883,-1.061,-0.058
2094,-1.198,0.314,-1.456,-0.365,-0.815
2095,0.919,-1.488,-0.208,1.03,-0.826
2096,0.066,-0.387,-1.096,0.799,0.869
2097,-1.56,0.367,0.047,-0.154,0.104
2098,-0.527,1.249,0.994,0.777,0.222
2099,0.799,0.538,0.749,1.108,-0.299
2100,0.603,-0.786,-0.173,-1.6,-0.75
2101,-0.546,0.057,0.094,0.303,-1.385
2102,-0.834,0.553,-0.713,-0.069,-1.203
2103,-0.127,-1.476,-0.277,-0.105,0.876
2104,0.787,1.643,-2.023,-0.231,0.171
2105,-1.326,-0.433,-1.316,0.473,1.621
2106,-0.388,1.13,0.714,-0.546,0.261
2107,0.222,0.226,-0.489,0.519,0.056
2108,-0.803,0.644,0.738,-0.847,-0.263
2109,-2.162,-1.866,1.201,0.156,-0.141
2110,-0.965,-0.337,-0.332,-1.777,1.187
2111,0.552,-1.574,0.548,0.514,-0.485
2112,0.171,0.279,-0.516,-0.598,-1.336
2113,-0.738,0.192,0.566,-0.987,-0.926
2114,0.311,-0.467,-0.159,0.343,-0.344
2115,-0.612,0.677,-0.08,-0.472,-0.076
2116,0.583,-1.071,1.819,0.435,-0.213
2117,-0.943,0.752,-0.235,0.608,-0.487
2118,0.07,-0.745,-0.575,-1.554,-1.31
2119,-0.624,-0.235,2.016,1.835,-0.167
2120,1.597,1.317,-0.167,0.486,-0.568
2121,-1.606,0.394,-0.926,0.659,-1.792
2122,0.039,-1.246,-1.041,-2.165,0.88
2123,0.038,-0.498,-0.494,0.47,2.057
2124,-0.233,-0.507,0.527,-2.463,-0.344
2125,-1.223,0.134,-1.079,1.825,-0.146
2126,1.223,0.262,0.588,-0.106,-0.468
2127,-0.17,-0.325,-0.247,1.609,0.275
2128,0.294,-0.576,0.83,0.761,-1.107
2129,-0.907,1.443,0.985,0.195,-0.509
2130,-0.181,0.547,-0.669,-0.147,-1.173
2131,1.168,-0.767,-0.497,-0.931,0.228
2132,-0.353,-0.269,0.771,-0.755,0.649
2133,0.662,-0.473,-2.076,0.225,-0.26
2134,-0.935,0.543,1.428,-1.053,-1.133
2135,-2.406,2.051,1.259,-1.652,0.907
2136,-0.203,-0.668,-0.673,0.299,-0.793
2137,-0.219,-0.417,1.338,-1.144,1.437
2138,0.097,-0.448,0.695,-0.064,0.399
2139,1.319,-0.532,0.428,-0.747,0.522
2140,1.45,-0.524,0.253,1.152,-0.014
2141,0.276,-0.405,0.542,0.502,-0.827
2142,0.636,-0.849,1.529,-1.773,-0.336
2143,-0.967,0.124,-1.327,0.632,-0.307
2144,0.421,-0.721,1.439,-1.138,-0.593
2145,-0.273,1.588,-0.807,0.124,-0.317
2146,0.675,0.729,0.965,0.618,-1.111
2147,1.449,-1.117,1.109,1.509,0.213
2148,0.564,0.418,0.408,0.051,0.694
2149,1.188,1.663,0.446,0.547,0.326
2150,0.016,-0.348,0.707,-0.383,-1.634
2151,-0.385,-1.426,0.782,0.274,-0.775
2152,0.738,-1.085,0.114,-1.488,-0.26
2153,-0.171,0.473,-0.436,-0.339,0.617
2154,0.366,-0.034,0.696,0.836,-1.273
2155,-0.37,-0.484,-2.718,-0.114,-0.209
2156,0.702,1.029,-1.659,0.015,0.383
2157,-1.496,-0.379,0.765,-0.266,-2.079
2158,1.424,-0.341,-0.581,1.428,0.651
2159,-2.24,-0.235,-0.166,-2.351,-1.001
2160,-0.087,-0.266,-0.201,-0.409,-0.478
2161,-1.385,-0.009,0.543,-1.2,0.516
2162,-1.229,0.621,0.337,1.009,1.039
2163,-0.372,-0.985,-0.776,-0.382,1.5
2164,0.075,0.422,-0.688,0.066,-0.174
2165,1.011,0.416,-0.248,0.462,-1.334
2166,-1.044,0.784,-0.207,0.288,0.671
2167,0.094,-0.445,1.175,-0.72,1.329
2168,-0.029,-0.538,-0.75,1.042,0.215
2169,-1.1,-0.083,-1.667,-0.714,-0.778
2170,-0.036,-0.184,0.011,1.703,-0.22
2171,1.305,-0.759,-0.756,-0.63,0.395
2172,1.721,1.336,-0.148,0.778,-0.555
2173,-0.574,-0.531,-0.93,-0.292,0.103
2174,-1.79,0.178,-0.32,0.561,1.332
2175,0.976,0.387,1.319,0.621,0.675
2176,-2.024,-1.339,-1.339,0.856,1.255
2177,-1.715,-0.466,1.007,-0.793,0.444
2178,-0.386,2.487,0.119,0.352,0.146
2179,0.492,0.375,2.198,-0.094,-0.121
2180,-1.071,-0.17,0.396,1.017,1.04
2181,-0.885,0.661,1.554,-0.408,1.164
2182,0.479,2.588,0.403,0.875,0.657
2183,1.62,-0.899,-0.426,-0.242,1.422
2184,-0.3,-1.423,-0.852,0.953,-0.465
2185,-1.379,-0.503,-0.309,-0.002,1.008
2186,1.483,-2.823,-0.108,-1.02,0.288
2187,-0.303,-0.627,0.589,0.013,-0.796
2188,-1.324,-0.789,-0.37,1.11,2.07
2189,-2.315,-0.239,-0.804,-0.659,-0.605
2190,0.188,2.278,-2.241,-2.222,0.695
2191,0.546,0.136,-0.393,-0.704,-0.346
2192,0.38,-0.434,1.586,-0.408,-0.71
2193,-0.058,-1.075,-0.162,0.353,1.826
2194,-0.517,-0.941,0.969,-1.012,-0.329
2195,-1.978,0.54,0.608,-1.027,-1.564
2196,-0.759,-1.226,1.9,-1.418,0.211
2197,0.384,0.873,0.019,1.199,0.926
2198,-0.05,-0.534,-0.925,0.65,0.006
2199,-0.927,0.73,-0.667,0.502,-0.507
2200,0.172,-0.152,1.159,0.597,-1.359
2201,0.279,-0.28,-0.935,-1.833,0.117
2202,0.168,-0.446,-1.934,-0.909,0.154
2203,-1.382,0.442,-1.584,0.193,0.984
2204,1.324,-1.778,0.285,-1.274,-0.396
2205,1.838,0.563,0.109,-0.577,-0.175
2206,-1.71,-0.554,-0.415,1.056,-1.596
2207,-1.227,0.47,0.637,1.38,-0.332
2208,-2.043,0.218,-1.044,-0.74,-0.291
2209,-0.44,1.679,-0.353,-0.043,0.161
2210,1.349,1.044,0.297,-1.153,2.516
2211,0.271,-0.998,2.232,-1.442,1.506
2212,-0.569,-0.879,-1.121,0.916,-1.736
2213,-0.286,1.606,-0.584,-1.016,0.591
2214,-1.691,-0.419,1.136,0.089,-2.152
2215,0.416,1.14,0.496,-0.643,0.889
2216,0.979,1.107,-1.017,1.856,1.829
2217,-0.882,-2.334,0.891,0.112,-0.31
2218,-1.722,0.327,0.695,-0.384,0.819
2219,0.824,-0.691,1.535,0.634,-0.524
2220,0.004,0.359,0.14,-0.274,-0.496
2221,-0.243,0.11,0.792,1.138,0.331
2222,-0.055,-1.054,1.108,0.055,0.916
2223,-2.924,0.713,-1.243,0.521,1.007
2224,0.546,0.422,-1.763,0.354,1.534
2225,1.076,-0.396,0.265,-1.19,0.104
2226,1.539,0.778,-0.525,-0.757,0.223
2227,0.672,-0.611,0.072,-0.255,0.068
2228,-0.735,0.842,-0.302,-0.849,0.009
2229,-0.57,-0.055,0.751,0.58,0.511
2230,1.011,0.824,0.398,-1.226,-0.678
2231,-1.173,-0.33,0.311,-1.736,-0.401
2232,-0.963,1.309,0.355,-0.463,-0.457
2233,0.695,1.503,-0.419,0.308,1.926
2234,-0.499,0.555,0.258,-0.289,0.41
2235,-0.513,0.041,-0.413,0.03,-1.211
2236,-2.644,-0.693,-0.052,-0.734,-0.936
2237,-2.268,0.392,1.848,0.872,-1.662
2238,1.138,0.627,0.359,0.279,-1.691
2239,-1.755,0.66,2.035,0.282,-0.943
2240,0.882,-0.238,-0.385,1.843,-0.495
2241,-0.222,2.468,0.176,0.371,0.18
2242,0.241,0.537,-0.309,1.077,-0.764
2243,1.138,0.188,0.836,-0.207,0.441
2244,0.119,-0.043,-1.171,0.003,1.119
2245,-0.13,0.243,1.094,-1.11,-0.855
2246,-0.443,-0.228,0.418,0.154,-0.509
2247,0.333,1.02,0.659,-0.311,-0.928
2248,0.071,-0.639,0.213,-1.259,-0.404
2249,0.087,-1.183,0.361,-0.829,1.529
2250,-0.723,-1.732,-1.852,-1.487,-1.173
2251,-0.246,-0.841,0.211,-0.304,0.172
2252,0.44,0.887,-0.858,0.005,-0.6
2253,0.681,-0.431,0.26,0.694,0.527
2254,-1.799,-0.13,1.958,3.17,0.015
2255,-0.313,0.417,1.461,0.082,-0.7
2256,0.929,1.131,-0.104,-0.109,0.325
2257,-0.114,1.083,-0.031,-0.773,-0.628
2258,-0.912,0.369,1.457,0.616,1.494
2259,0.113,-0.115,0.113,0.556,-1.031
2260,-1.284,-2.399,0.345,-0.137,0.267
2261,0.227,0.132,0.394,1.007,-0.285
2262,0.174,0.32,1.219,1.742,0.635
2263,-1.18,1.564,-2.053,0.899,-0.065
2264,-1.531,-0.33,-0.861,-1.141,-0.092
2265,1.543,-1.164,-0.376,-0.329,0.12
2266,-0.352,-0.644,0.107,-0.711,-0.268
2267,1.49,-0.387,0.178,0.883,-0.448
2268,-0.307,0.997,-0.798,0.806,-0.921
2269,0.174,-0.963,0.169,-0.386,1.645
2270,0.818,-0.517,-1.093,0.535,-0.217
2271,-2.341,2.013,-1.105,0.289,-0.16
2272,-1.25,-0.754,0.683,1.283,0.412
2273,0.394,-1.055,0.818,0.16,0.041
2274,-0.168,-0.373,-0.187,0.177,0.949
2275,-0.794,-1.241,0.296,-0.277,0.346
2276,0.538,0.241,1.144,0.23,-0.304
2277,1.34,-0.802,-0.913,0.537,0.33
2278,0.035,-0.202,0.147,-0.023,1.475
2279,0.813,-0.913,1.228,-0.549,-1.004
2280,-0.443,1.221,-2.146,-1.745,-0.105
2281,-0.05,0.026,0.746,0.598,0.375
2282,-0.956,0.878,2.463,-0.005,-0.926
2283,1.526,-0.907,-0.335,-0.757,-1.452
2284,2.054,-0.15,0.864,-0.945,-1.716
2285,1.311,-1.089,0.935,0.142,-0.227
2286,0.456,-0.759,-0.284,0.031,0.486
2287,-0.519,-0.656,-0.613,1.07,-0.143
2288,-1.328,0.447,0.668,0.366,-0.802
2289,1.014,-0.201,-0.894,-1.384,-1.721
2290,0.008,-0.662,-0.543,1.066,-0.517
2291,0.875,1.641,0.498,1.47,-0.033
2292,1.286,-1.221,2.045,-0.094,-1.457
2293,0.266,0.145,-0.306,-1.126,0.246
2294,-0.576,0.912,-0.167,0.671,-0.07
2295,-1.195,-0.757,-0.429,1.671,1.389
2296,-0.187,1.64,-0.817,0.284,1.561
2297,0.246,0.208,0.816,-0.238,0.408
2298,-0.247,-1.128,0.259,1.623,0.397
2299,1.661,-0.99,1.709,0.529,1.425
2300,-1.371,-0.136,-0.376,-0.133,-0.171
2301,0.988,-0.159,-0.956,1.8,-0.056
2302,-1.062,0.704,0.984,1.382,0.078
2303,-0.293,0.982,-0.516,-0.952,0.571
2304,-0.125,-0.417,-1.624,-0.485,-0.338
2305,1.099,0.706,0.179,0.941,-0.062
2306,-0.653,0.303,-0.083,-0.531,2.108
2307,-0.07,0.284,0.091,-0.515,0.878
2308,-0.45,1.257,-0.689,0.753,-1.095
2309,0.056,0.198,-0.513,1.076,-0.176
2310,-0.057,-0.396,-1.807,-1.855,0.043
2311,0.423,1.308,-0.55,-0.666,0.756
2312,-1.159,-0.692,0.172,0.271,-0.636
2313,1.273,0.994,0.725,1.405,-0.827
2314,2.163,-0.132,0.189,-0.396,-0.232
2315,1.095,1.006,0.238,0.411,-0.615
2316,0.015,1.707,-0.976,-0.476,-0.509
2317,1.555,1.715,0.475,-0.544,-0.658
2318,0.402,-0.504,-0.245,0.039,1.578
2319,-0.996,-0.087,0.705,-0.491,2.3
2320,-0.359,1.299,1.529,0.662,-0.012
2321,1.681,0.204,-1.384,-0.66,-1.304
2322,-0.688,1.377,-0.812,0.364,-1.597
2323,-0.335,0.374,0.805,-0.04,-0.803
2324,-1.264,-0.946,0.215,1.968,0.51
2325,0.118,0.461,-0.458,-0.907,0.701
2326,2.075,0.785,0.123,0.42,3.566
2327,1.204,0.763,0.815,-0.861,-0.461
2328,0.716,-1.013,-0.667,0.175,0.632
2329,1.216,0.529,2.291,-0.422,-0.282
2330,-0.089,-0.148,0.979,0.704,-0.273
2331,0.418,-1.782,0.301,-0.216,0.101
2332,1.26,-0.841,-1.516,-2.005,-0.7
2333,-0.201,-0.629,-0.513,-0.701,0.246
2334,-0.367,0.222,-0.538,0.534,-0.65
2335,0.35,-1.159,2.477,1.418,0.308
2336,1.08,0.172,-0.677,-1.144,0.259
2337,1.487,0.881,-1.493,0.548,-2.486
2338,0.835,-2.477,-0.155,1.144,0.923
2339,1.271,0.739,-1.627,-0.202,-0.443
2340,-0.335,-0.952,0.02,0.784,0.196
2341,-1.377,0.746,-1.153,0.129,-0.526
2342,-0.438,-0.532,1.259,0.797,1.012
2343,1.431,-0.892,0.511,1.592,-1.255
2344,-0.462,0.428,-0.352,1.278,-0.346
2345,-0.049,-0.473,-0.662,-1.31,-0.672
2346,-1.46,1.135,-0.246,-1.951,0.327
2347,-0.108,0.7,-0.829,-0.445,0.902
2348,0.115,-1.917,1.048,0.422,0.837
2349,0.048,-0.321,-0.363,0.03,1.178
2350,-1.04,-0.015,-0.132,-1.435,-1.223
2351,-0.988,0.436,-0.697,-0.781,-0.784
2352,-0.082,0.592,0.545,1.163,-0.181
2353,-0.746,1.155,-0.761,-1.42,-0.845
2354,-0.373,0.797,0.853,-0.36,0.071
2355,0.196,-1.987,-1.01,0.074,0.906
2356,1.863,0.456,-0.017,-0.525,0.714
2357,0.511,0.602,1.48,-0.588,0.846
2358,-0.034,-1.746,-1.2,0.422,0.663
2359,-0.203,-1.67,-0.666,0.98,-1.391
2360,-0.611,-1.634,0.353,-1.604,-0.121
2361,-1.088,-1.178,1.186,0.977,0.56
2362,0.267,0.621,0.745,0.278,0.574
2363,1.31,-1.241,1.113,-0.215,1.515
2364,0.156,-0.378,-0.421,-1.861,-0.344
2365,-0.358,-0.369,0.966,-0.895,0.649
2366,0.645,-1.135,0.581,1.392,0.572
2367,0.189,-1.676,-0.764,-0.286,0.523
2368,-0.585,0.77,-0.514,-0.367,1.783
2369,0.471,-1.979,-0.18,0.535,0.266
2370,0.291,-1.427,-0.733,-0.102,0.704
2371,0.784,0.032,-0.25,-0.185,1.196
2372,-0.59,-0.624,-0.413,-1.339,-0.581
2373,-0.763,0.238,0.137,1.281,-1.324
2374,1.523,1.777,-0.938,-1.777,-1.231
2375,0.881,1.616,0.923,-1.793,-0.293
2376,-0.303,-2.433,-0.565,0.203,0.381
2377,-0.581,-0.223,0.633,0.832,-0.502
2378,-0.67,0.153,0.415,0.158,-1.711
2379,0.923,-0.505,0.164,-1.932,0.042
2380,-1.133,2.05,-0.228,-0.259,-0.14
2381,-1.008,-1.417,1.034,1.011,1.737
2382,2.249,0.888,1.338,1.263,1.744
2383,-0.038,-0.625,0.703,-2.556,-0.174
2384,-1.565,0.27,-0.659,-0.387,1.476
2385,0.896,0.005,0.102,-0.939,-1.303
2386,0.468,0.358,0.101,0.95,-0.884
2387,-0.972,-1.254,-1.386,1.212,-0.208
2388,-0.628,0.38,-0.212,-0.787,-0.281
2389,0.241,-2.303,-0.233,0.089,0.269
2390,-0.842,0.871,-2.091,-1.845,0.762
2391,-0.575,1.169,1.543,0.686,-0.123
2392,-0.751,0.733,0.305,-0.332,0.096
2393,-1.775,-1.672,0.327,-0.709,-0.004
2394,-0.175,1.432,-0.866,-0.955,0.67
2395,1.276,0.511,0.023,0.064,0.164
2396,-1.011,0.65,0.188,1.062,-0.935
2397,-1.176,2.23,-0.946,0.19,-0.425
2398,0.415,0.333,0.358,0.347,-1.233
2399,1.097,-0.2,-0.328,0.527,1.214
2400,-0.916,1.224,-1.325,0.97,0.024
2401,0.573,-1.077,-0.181,0.258,1.379
2402,-0.604,1.423,-0.146,-1.267,0.063
2403,-0.286,-0.759,-1.111,-0.108,-0.562
2404,0.987,-1.078,-0.678,-0.234,-0.588
2405,-0.548,0.598,-0.932,-0.587,-0.554
2406,-1.485,-0.205,0.653,-0.605,-0.216
2407,0.214,0.213,0.332,-0.441,0.496
2408,0.275,0.279,0.489,0.092,-0.979
2409,-0.183,1.259,0.077,-1.766,0.91
2410,0.103,1.838,-0.066,0.522,0.659
2411,2.574,-0.684,-0.943,1.079,-1.396
2412,0.369,-0.128,0.64,-0.718,0.579
2413,0.076,1.205,0.719,-0.781,0.47
2414,0.823,0.699,0.254,0.595,-1.147
2415,0.177,-0.48,-0.111,0.715,-1.202
2416,0.794,-0.377,-0.437,-0.178,1.185
2417,-0.47,-0.827,-0.255,0.748,0.498
2418,-0.208,-0.495,0.913,1.668,-0.615
2419,-0.748,-0.568,0.889,1.199,0.579
2420,1.524,0.119,-0.338,0.667,-0.28
2421,1.003,0.35,1.535,-0.528,-1.566
2422,0.702,-0.286,-0.952,-0.279,-0.708
2423,-0.305,-1.848,-0.988,-1.113,0.486
2424,-1.479,0.571,-1.341,0.502,0.022
2425,-0.17,0.704,-2.011,-0.557,-1.437
2426,-0.75,-1.498,0.543,0.39,1.014
2427,-0.045,-0.387,-1.381,0.707,1.024
2428,0.179,-0.975,-1.463,1.656,0.516
2429,-0.084,0.187,-1.186,-0.05,-0.808
2430,0.173,0.509,-0.854,0.279,-1.521
2431,0.455,-0.907,0.355,0.387,0.493
2432,-0.064,0.71,0.658,1.221,-0.517
2433,0.231,1.259,1.547,1.401,-1.038
2434,-0.071,1.709,-0.575,0.471,-0.663
2435,-0.641,0.954,0.213,0.043,1.613
2436,-1.133,-0.226,0.47,-0.175,0.117
2437,-1.233,0.164,0.061,-0.134,0.513
2438,-0.449,-0.62,-0.186,1.432,-0.578
2439,0.134,-0.917,-0.88,-0.321,-1.196
2440,1.262,-0.891,-0.986,-0.795,-1.476
2441,0.5,0.073,0.671,0.451,0.368
2442,-0.194,-0.692,-1.23,-1.657,-0.303
2443,0.108,0.395,1.652,-0.582,0.471
2444,2.382,-1.375,-0.526,-0.361,1.937
2445,-0.186,0.802,-1.605,1.933,0.442
2446,0.044,0.584,1.883,0.021,-1.17
2447,-0.871,-1.312,0.657,0.238,1.063
2448,0.348,-0.708,-0.694,0.653,-0.146
2449,1.126,0.891,-1.718,1.577,0.394
2450,0.882,-0.339,1.123,-0.589,2.203
2451,0.542,-0.495,0.262,-0.043,0.086
2452,1.184,0.723,-0.1,-0.667,0.324
2453,-1.281,0.913,-0.168,0.834,0.48
2454,-1.276,0.69,-0.646,0.196,0.272
2455,-0.082,0.301,-0.762,-0.596,-0.216
2456,-0.441,0.583,0.259,0.006,0.386
2457,-1.062,0.218,-1.293,-0.259,1.206
2458,0.643,1.663,0.258,0.191,-0.148
2459,0.701,-0.11,-1.625,-0.005,-1.67
2460,0.961,1.401,-0.543,1.298,0.046
2461,2.3,-0.161,0.081,0.063,-1.213
2462,0.022,-2.392,-1.092,1.747,-0.121
2463,-0.238,0.334,0.752,-2.582,0.71
2464,1.824,-0.333,-0.483,-0.427,0.645
2465,0.105,-1.257,-0.047,1.095,-0.308
2466,0.482,-0.514,0.658,0.985,-1.864
2467,0.023,-0.662,-1.896,0.562,-0.412
2468,-0.747,-1.239,-1.09,-0.487,0.486
2469,1.33,0.597,0.694,1.945,0.855
2470,-0.996,0.427,-0.109,-0.78,-0.245
2471,1.383,0.403,-1.093,0.517,0.647
2472,-0.602,0.594,-0.364,0.013,1.81
2473,-0.965,-0.753,1.724,-0.693,0.284
2474,-1.259,-0.605,-0.138,-1.71,-1.208
2475,0.091,0.847,1.107,0.446,-0.286
2476,-1.769,0.569,-1.482,0.507,-1.226
2477,1.39,0.269,-1.143,0.261,0.106
2478,1.776,0.026,0.018,-1.553,0.24
2479,0.417,0.54,-1.196,0.543,0.043
2480,0.259,-0.469,-1.615,-2.295,0.807
2481,0.384,0.271,-1.808,1.535,-0.093
2482,-1.271,0.132,0.964,0.52,-1.145
2483,0.619,0.776,1.098,0.098,-0.368
2484,1.124,-0.328,-1.974,-0.779,0.321
2485,-0.742,-1.298,0.816,-0.272,0.308
2486,0.85,-0.689,-1.699,0.347,0.408
2487,0.516,-0.466,-0.234,0.229,0.89
2488,1.576,-1.722,0.115,-0.821,2.289
2489,0.462,1.367,0.499,-0.243,2.219
2490,-1.513,-0.657,0.419,-0.885,1.513
2491,0.077,0.191,-0.982,0.317,-0.626
2492,-0.48,2.176,0.594,1.768,-0.679
2493,0.681,-0.258,-1.442,1.905,1.523
2494,-0.334,-1.161,-0.554,0.839,-0.347
2495,-0.483,-1.147,-1.235,-0.167,0.408
2496,-0.814,0.972,-0.313,0.408,-1.573
2497,2.178,0.729,-2.249,-0.362,-0.86
2498,0.413,-2.477,0.809,-1.11,-0.096
2499,-0.694,0.204,0.537,-1.953,0.324
2500,-1.353,0.885,-0.852,0.594,-0.344
2501,-0.206,1.222,0.427,0.357,0.714
2502,0.354,1.389,-1.47,-0.122,-1.463
2503,0.338,-0.473,0.194,-0.88,1.575
2504,-0.284,0.232,-0.205,1.333,-1.017
2505,-1.689,0.137,-0.02,0.562,0.454
2506,0.028,0.467,-1.225,1.061,-0.993
2507,1.242,0.029,-0.046,0.707,-3.051
2508,-0.016,0.131,-0.095,-1.925,0.843
2509,0.453,0.143,-0.886,-0.46,1.305
2510,0.512,-0.54,0.615,0.284,1.542
2511,0.28,0.665,-0.128,-0.692,-0.128
2512,-0.244,1.388,1.917,1.896,-0.441
2513,-0.311,1.05,1.462,-1.144,0.875
2514,0.453,0.268,-1.148,-0.06,-0.738
2515,1.991,-0.4,0.251,-0.231,0.992
2516,0.612,0.8,-1.851,1.047,0.194
2517,0.355,1.242,0.894,0.945,-0.167
2518,0.379,-1.296,-0.108,0.396,1.691
2519,-1.605,0.419,0.092,-0.58,-1.545
2520,-0.806,-0.328,1.114,-0.431,-0.82
2521,-1.12,-1.248,1.806,-0.787,0.348
2522,0.516,-1.771,1.06,-1.046,-1.108
2523,0.664,-2.493,1.745,-0.24,0.301
2524,-0.984,1.275,-1.031,1.158,-0.638
2525,1.107,1.653,0.591,0.941,-0.473
2526,-0.195,-0.461,1.392,0.75,0.06
2527,-0.046,-0.675,1.07,1.101,1.416
2528,-0.948,-0.478,-0.902,0.992,0.424
2529,1.051,0.275,-0.474,0.849,0.31
2530,0.272,-1.701,-0.07,-0.355,-0.173
2531,-0.774,-0.228,-0.605,0.541,1.046
2532,-0.151,0.614,-1.729,0.686,-0.242
2533,0.829,0.138,-0.313,-1.335,0.0
2534,-1.375,-0.862,0.274,-1.026,-1.346
2535,-2.665,2.451,0.653,0.372,0.605
2536,-0.511,-0.434,-2.478,0.167,2.763
2537,0.03,-1.772,-0.293,-0.046,0.062
2538,1.337,-0.986,1.658,1.125,-1.618
2539,0.11,0.825,-0.257,-0.305,-0.654
2540,0.004,-0.146,1.194,1.214,0.534
2541,-1.08,0.181,-0.281,-1.591,1.466
2542,0.607,2.038,0.579,0.027,-0.043
2543,0.105,0.316,0.49,1.991,-0.376
2544,-2.637,-0.634,0.509,-2.05,0.094
2545,-1.825,-0.123,-0.404,-0.29,1.732
2546,0.734,2.473,-1.743,0.649,-0.878
2547,0.164,-0.604,0.017,-0.765,-2.152
2548,0.035,-0.18,-1.784,-1.882,-1.73
2549,-0.032,0.479,-0.322,-0.75,-1.41
2550,0.12,-2.749,-0.015,-0.342,-0.544
2551,0.277,-0.357,-1.248,-0.739,-0.924
2552,-0.037,-2.193,2.016,1.006,-0.83
2553,-0.217,-0.306,0.811,-1.916,-0.261
2554,0.736,0.008,0.193,1.817,-0.386
2555,0.213,-1.819,-0.765,-1.822,-1.099
2556,0.463,0.098,0.846,-0.807,-0.015
2557,1.346,-0.878,0.371,-0.404,0.201
2558,0.892,0.289,-0.514,1.069,-0.722
2559,0.482,1.638,-0.474,-1.178,-0.232
2560,0.084,0.642,-0.302,0.624,0.735
2561,0.698,-0.005,-0.038,0.512,0.182
2562,-0.718,0.767,-1.085,1.076,0.922
2563,0.413,1.935,0.11,-0.381,-0.325
2564,-0.202,0.574,0.253,-1.273,-0.007
2565,0.378,-0.325,0.101,-0.378,-0.603
2566,0.817,0.247,-1.29,0.576,1.15
2567,-0.807,0.321,2.067,-1.298,1.851
2568,0.06,1.093,0.499,-0.858,1.601
2569,1.86,0.219,-0.102,-0.707,-0.42
2570,-0.539,0.464,0.034,-0.94,0.742
2571,-1.019,0.385,2.192,0.229,-0.706
2572,0.571,0.778,0.028,-1.794,-1.34
2573,-0.865,0.76,0.16,0.028,0.213
2574,-0.033,-0.844,0.062,0.158,1.857
2575,-0.772,0.712,-1.024,0.46,-2.023
2576,0.566,-0.662,-2.219,-1.433,-0.383
2577,-0.831,-0.571,0.015,2.282,-0.868
2578,-0.152,-0.504,0.319,-1.807,-0.228
2579,-0.669,2.636,0.379,-0.334,1.686
2580,0.28,0.501,-1.022,-0.65,0.78
2581,0.339,-1.667,0.665,-1.527,-0.303
2582,0.7,0.372,-0.725,-1.427,1.335
2583,-0.607,-0.409,0.775,0.695,1.132
2584,0.767,0.076,0.013,0.755,-0.916
2585,1.09,-0.271,-0.687,0.149,2.225
2586,-1.485,-1.193,-1.194,-1.246,-0.113
2587,-0.167,0.242,-0.475,0.868,0.802
2588,1.147,0.441,0.838,-1.554,0.49
2589,0.982,-0.097,-1.855,-1.087,0.057
2590,0.915,0.196,1.311,-0.643,0.262
2591,1.678,1.8,-0.036,0.469,1.112
2592,0.444,-1.677,-0.455,-0.096,0.713
2593,-0.193,-0.671,-0.3,0.707,1.409
2594,-0.243,1.009,0.377,-0.325,-0.439
2595,0.324,0.582,-0.117,0.267,-0.121
2596,-1.035,-1.534,0.439,-1.538,0.215
2597,1.96,1.216,-0.517,-0.893,0.386
2598,-0.011,-0.736,-1.087,-2.139,0.168
2599,0.701,0.512,0.05,-0.129,-0.419
2600,0.868,-1.338,0.45,-0.886,0.685
2601,-0.835,-0.151,0.712,0.598,-0.601
2602,-1.238,-0.631,-0.574,-0.016,1.154
2603,-0.285,-0.093,1.98,1.448,0.097
2604,1.666,1.251,0.143,3.691,-1.686
2605,1.082,-1.636,-0.758,0.315,0.503
2606,2.085,-1.587,-1.925,-0.324,-0.126
2607,-0.443,-0.909,1.073,0.061,0.921
2608,1.819,-0.026,-0.813,0.868,1.618
2609,-0.235,-1.944,0.91,-1.617,0.842
2610,1.671,0.459,1.571,-0.207,-1.002
2611,0.725,0.34,0.877,-0.674,1.249
2612,-0.797,1.502,-1.128,-0.061,-0.718
2613,0.302,0.663,-1.04,0.58,-2.03
2614,1.979,0.07,1.029,0.489,-0.046
2615,-0.326,0.543,0.798,-0.168,-0.352
2616,-0.909,-0.057,0.584,-0.46,-0.557
2617,1.4,-0.006,-0.371,1.547,2.416
2618,0.055,1.353,-1.255,-0.61,-0.228
2619,0.377,1.291,-1.466,-0.417,0.689
2620,-1.071,0.879,-0.215,2.498,0.491
2621,-0.272,-0.5,0.469,2.182,-1.653
2622,-0.851,-1.65,-1.121,1.615,2.267
2623,0.597,0.37,-1.006,-0.209,0.509
2624,0.064,-0.911,-0.169,-0.324,-0.069
2625,-0.821,-0.302,1.115,0.867,1.591
2626,-1.289,-2.034,-2.102,-0.165,0.47
2627,1.482,0.825,0.909,-0.102,2.006
2628,-0.502,-0.638,0.732,1.089,-0.158
2629,-1.181,0.726,0.434,-1.77,-1.516
2630,-0.767,-0.811,0.784,-0.136,0.265
2631,0.038,1.949,0.953,0.933,-0.901
2632,0.149,1.241,0.786,-2.001,0.248
2633,-1.32,-0.705,-0.159,1.322,-0.451
2634,0.679,-1.251,0.04,-0.561,-1.546
2635,-0.169,-0.103,-1.393,0.846,1.351
2636,0.249,0.653,0.156,-0.273,0.997
2637,1.049,-1.125,-1.57,-2.105,-1.628
2638,0.427,-0.357,-1.013,-0.854,-0.016
2639,-0.078,-0.439,-0.436,-0.332,-0.483
2640,0.858,-0.479,-1.788,1.46,-1.146
2641,-1.32,1.769,0.492,0.899,1.651
2642,-1.083,-0.844,0.02,1.223,-0.406
2643,1.199,0.059,2.045,0.36,0.483
2644,-1.415,0.65,0.936,-1.077,0.036
2645,0.584,0.804,-0.051,1.448,0.937
2646,-0.805,-1.145,-0.122,-0.227,-0.329
2647,0.62,0.069,0.606,-0.191,-0.047
2648,0.472,1.685,-1.022,-2.872,-1.773
2649,0.494,0.25,0.44,-0.262,-0.937
2650,-0.676,1.144,-0.108,1.113,0.938
2651,0.38,0.265,-0.304,-0.55,-0.564
2652,-0.92,0.49,-0.003,-0.098,-0.269
2653,0.47,0.027,1.077,-0.59,-1.689
2654,1.213,1.248,-0.203,-0.532,0.947
2655,1.286,1.012,0.851,-1.776,1.68
2656,1.528,-1.088,0.75,0.182,-0.274
2657,0.07,1.623,-0.473,-1.165,-1.52
2658,0.501,0.414,-0.644,-1.486,0.606
2659,0.327,2.024,-1.6,-3.438,-0.477
2660,0.167,-0.992,-0.239,0.78,0.798
2661,-0.004,1.455,0.678,0.208,-0.719
2662,0.564,-1.059,1.847,1.306,-1.071
2663,-0.983,0.439,-0.649,2.154,-0.177
2664,-0.078,-0.019,-0.309,-0.252,-0.539
2665,-0.734,-1.355,2.207,-0.074,-0.87
2666,0.536,1.491,0.463,0.017,-0.216
2667,-0.626,-0.947,-0.933,-0.009,-1.202
2668,0.567,0.497,0.561,-0.022,1.456
2669,0.627,-0.558,-1.46,1.538,-1.511
2670,-1.115,1.579,1.313,-1.198,-0.295
2671,-0.413,-0.964,-0.421,-1.436,-0.651
2672,0.795,1.805,0.034,1.645,-1.442
2673,0.163,-1.421,-0.172,1.872,0.466
2674,-1.526,-0.625,0.261,0.842,-0.02
2675,0.522,-2.588,-0.584,0.296,1.5
2676,2.13,0.357,-0.295,0.624,0.518
2677,-0.531,0.256,-0.784,-1.06,0.687
2678,0.314,2.001,1.764,-0.231,-0.013
2679,1.31,1.049,0.807,-1.098,0.861
2680,-0.381,1.514,1.69,0.571,1.069
2681,-1.714,-0.058,-1.26,0.623,-1.287
2682,-0.182,-0.76,0.73,1.169,-1.453
2683,1.722,-1.023,1.021,-1.06,-1.611
2684,-0.46,0.026,-0.865,0.142,-0.224
2685,0.292,-0.629,0.512,0.587,1.298
2686,1.265,-2.45,-0.351,0.382,1.398
2687,-1.109,-0.505,0.523,-2.835,1.384
2688,-0.449,1.361,1.424,-0.647,1.348
2689,-0.517,1.979,-0.305,1.363,1.395
2690,-1.035,-2.557,1.075,0.626,1.008
2691,-0.494,0.071,1.634,-1.355,0.309
2692,-0.257,2.008,-0.497,-0.446,1.8
2693,0.874,0.909,0.925,-0.316,-1.176
2694,1.146,1.178,-0.621,-0.58,-1.535
2695,0.268,-0.646,-1.116,0.712,-0.325
2696,-0.663,-0.189,0.982,-0.145,-1.202
2697,0.553,0.315,-0.057,0.511,-0.218
2698,-0.552,-0.077,1.087,0.449,-1.679
2699,1.54,1.541,-0.462,-0.115,-0.272
2700,1.48,-0.817,-0.223,-0.347,-0.45
2701,0.205,-1.167,-0.855,-1.245,0.856
2702,0.33,0.58,0.193,-0.61,-0.806
2703,-1.041,-0.033,-1.95,-0.43,-0.962
2704,0.62,-0.904,1.571,-1.122,-2.057
2705,0.231,-1.917,-1.037,-2.28,0.035
2706,-0.108,-0.137,0.109,0.316,0.508
2707,0.05,1.307,0.356,1.094,0.867
2708,-0.711,0.133,-0.895,0.569,0.786
2709,-0.002,-2.08,-0.046,-0.456,-1.745
2710,0.379,0.376,1.188,0.059,-0.894
2711,0.339,1.722,0.976,-0.291,-1.057
2712,-1.522,-0.48,-0.784,-1.838,1.12
2713,-0.678,-0.525,0.806,0.496,-0.596
2714,-1.255,0.639,-0.5,-0.787,0.532
2715,-0.482,0.231,-0.739,1.426,0.064
2716,-0.899,-1.07,0.093,0.256,0.953
2717,2.234,-0.604,-0.205,0.88,-1.445
2718,-1.911,-1.376,0.033,-1.258,0.453
2719,-0.873,-0.229,-1.34,1.949,1.706
2720,0.511,0.317,-0.355,0.248,-1.051
2721,0.956,-2.115,-0.045,-1.854,-0.411
2722,0.91,0.941,-0.285,0.214,-0.16
2723,-0.259,1.627,1.267,0.711,2.764
2724,2.652,0.556,1.484,1.746,-0.426
2725,0.104,-0.175,-1.017,0.069,0.183
2726,-0.751,-0.32,-1.425,-0.117,-1.218
2727,-1.777,-0.861,-0.047,0.654,-1.032
2728,-0.063,2.25,0.832,-0.733,2.031
2729,-0.873,1.364,0.728,-0.35,1.352
2730,1.523,-0.3,1.838,1.346,-1.404
2731,0.84,0.202,0.514,-0.189,-0.572
2732,-1.436,-0.644,0.723,0.072,1.795
2733,-2.158,2.097,0.38,0.025,0.414
2734,0.452,0.003,-1.27,0.34,-0.412
2735,0.553,1.699,-1.595,0.328,0.871
2736,-0.062,-0.031,0.213,-1.46,-1.933
2737,0.874,-0.078,-0.404,0.661,-0.98
2738,-0.14,-0.27,-0.767,-1.344,-0.101
2739,1.598,0.633,-0.467,-0.504,0.887
2740,0.508,-0.24,1.005,0.36,0.87
2741,0.458,0.304,-1.127,0.371,-0.626
2742,-0.764,1.726,-0.348,0.911,-0.498
2743,0.293,-0.915,1.126,0.351,0.621
2744,-0.313,0.632,0.085,0.424,-0.275
2745,-1.408,0.169,0.346,-0.136,0.267
2746,-1.714,-0.56,0.803,-0.778,-0.117
2747,1.472,0.085,-2.065,-1.41,-0.266
2748,0.112,-0.721,1.175,0.237,1.072
2749,0.869,-1.122,0.795,-1.087,-0.541
2750,-0.089,0.138,-0.246,0.191,-1.192
2751,-0.772,1.556,0.55,0.609,1.907
2752,0.231,0.07,1.025,0.159,0.665
2753,1.212,2.102,0.695,1.318,-0.709
2754,0.172,-0.231,0.121,-0.824,-0.415
2755,-0.918,-0.441,-0.449,-0.144,0.787
2756,-0.516,0.3,-0.906,-0.302,0.599
2757,0.475,0.549,-0.573,-1.922,0.926
2758,-0.717,-1.038,-0.454,-0.201,0.26
2759,-1.158,-0.577,-0.02,0.172,0.694
2760,-0.745,-0.597,0.052,-0.22,1.42
2761,-0.261,-0.169,-0.261,0.106,-0.872
2762,1.385,1.506,0.73,1.163,-0.095
2763,-1.303,-0.791,-0.343,1.464,-0.33
2764,-0.65,0.609,-0.3,-0.356,-1.566
2765,-0.445,0.528,1.687,-0.249,1.126
2766,0.192,1.777,0.729,-1.379,-0.487
2767,-1.302,1.076,1.11,0.058,0.13
2768,-0.089,0.543,-0.013,-1.185,-2.114
2769,-0.15,1.416,0.014,0.904,-0.408
2770,0.271,-0.854,0.164,-0.211,-1.343
2771,-0.684,-1.839,1.01,-1.064,-0.455
2772,-1.246,1.031,1.519,1.677,0.05
2773,1.326,-0.294,-0.816,1.283,0.361
2774,0.373,0.923,-1.517,0.068,0.904
2775,-0.177,0.957,-0.152,-1.614,-0.148
2776,-1.811,0.777,-0.254,0.347,-0.09
2777,-1.68,0.712,0.146,-1.847,0.333
2778,0.067,0.816,0.237,0.115,-0.236
2779,-1.02,0.211,-1.097,0.183,-0.275
2780,-0.379,0.848,1.224,1.044,-0.895
2781,-0.819,-0.614,0.926,-0.714,-1.271
2782,0.305,1.756,0.147,0.938,-0.119
2783,-1.795,-0.4,-0.32,0.463,-2.193
2784,1.064,-0.164,0.846,-0.482,1.181
2785,-0.063,1.608,0.839,-1.388,-0.123
2786,-1.632,-0.302,-1.849,-2.637,-1.194
2787,0.769,0.268,-1.087,1.623,-2.087
2788,-1.221,-1.509,0.907,0.765,0.036
2789,-0.553,0.096,0.188,0.691,-0.658
2790,0.359,0.244,1.31,1.6,0.269
2791,1.514,-0.778,1.868,-1.107,1.227
2792,1.322,0.708,0.07,-0.864,-1.849
2793,0.378,0.551,-2.269,-1.039,0.111
2794,-0.78,-1.082,0.483,-0.121,0.306
2795,-0.764,0.444,0.988,1.245,-0.597
2796,-0.692,-0.74,0.502,0.201,0.489
2797,-2.296,0.439,-0.913,0.056,-0.906
2798,1.837,0.072,0.551,-0.398,0.815
2799,0.897,-0.191,-1.084,-1.884,1.027
2800,-0.609,0.332,1.151,0.204,1.049
2801,1.376,-0.239,-0.588,-2.146,-0.11
2802,0.491,0.225,1.397,0.094,-0.74
2803,-0.29,-0.156,-0.888,-1.218,-0.657
2804,0.185,-1.753,1.06,0.355,0.782
2805,-1.095,0.809,-2.742,-0.368,2.053
2806,-0.834,-0.933,-0.501,-2.118,-2.439
2807,0.345,-0.417,0.123,0.593,0.932
2808,0.442,-0.528,-0.642,-0.366,0.858
2809,0.584,-0.408,0.767,-0.332,0.268
2810,-1.573,-0.014,-1.321,0.165,1.132
2811,0.309,-0.877,0.36,0.784,-0.048
2812,0.324,1.418,0.844,-1.937,-0.186
2813,0.205,0.37,-0.43,-1.053,-0.27
2814,-1.418,0.515,-0.938,-0.512,1.857
2815,1.018,1.374,0.537,0.382,-0.57
2816,0.998,0.111,-0.592,-0.375,1.443
2817,0.037,0.083,-0.427,-3.064,-1.437
2818,-0.551,0.657,1.973,0.704,-0.001
2819,-0.412,0.906,-0.822,-1.45,0.366
2820,-0.634,-0.442,0.999,0.819,0.587
2821,-0.436,-2.621,-0.709,-0.438,-0.672
2822,0.756,1.146,1.713,-1.757,2.188
2823,2.246,-1.663,0.896,0.263,-0.19
2824,-0.313,1.181,-0.823,1.641,0.02
2825,-0.045,-0.484,0.36,-0.325,0.415
2826,1.856,-2.434,-1.369,0.003,-0.995
2827,-0.863,0.393,0.235,1.43,-0.054
2828,-0.512,-1.574,0.958,-0.127,-0.278
2829,0.438,1.271,-0.662,-1.543,-0.424
2830,-0.857,-0.562,-1.296,0.596,0.228
2831,0.236,-1.137,-0.876,1.979,1.884
2832,0.042,-0.184,-0.947,0.029,0.313
2833,-0.493,-1.182,-0.688,0.419,1.775
2834,-0.108,0.537,1.641,0.688,0.252
2835,-0.391,0.601,0.396,-0.419,-0.773
2836,-0.088,0.302,-1.143,0.281,0.556
2837,-0.547,0.286,-0.69,1.426,-0.596
2838,1.008,1.026,0.147,0.736,0.198
2839,-0.567,-1.528,-0.222,-0.705,0.571
2840,0.074,-0.091,-0.533,0.515,-0.685
2841,0.165,-0.576,1.719,0.197,-1.267
2842,0.364,0.658,0.665,-0.716,-1.319
2843,0.706,-0.187,-0.412,-0.999,0.019
2844,-0.147,-0.398,0.577,-0.493,-0.758
2845,0.206,0.65,-0.968,0.155,-2.283
2846,0.178,0.369,0.643,-1.163,0.168
2847,-0.191,-0.805,-1.063,0.275,-0.861
2848,-0.563,-0.186,0.203,0.837,2.273
2849,0.613,2.133,-0.743,-2.133,-2.652
2850,-1.163,-1.088,-1.222,1.053,-0.669
2851,0.434,-1.012,-0.646,-0.927,0.021
2852,-2.158,-0.581,1.003,0.627,-0.342
2853,0.026,0.057,-2.308,0.031,0.486
2854,0.667,0.148,0.964,0.187,0.89
2855,0.582,1.076,-0.258,0.194,2.098
2856,-0.436,-1.242,0.79,-0.211,-0.782
2857,0.72,-0.99,0.519,1.364,-0.186
2858,-1.979,-0.26,-1.469,0.641,-0.446
2859,0.133,1.754,-0.31,0.422,-0.94
2860,-0.356,-0.4,0.087,1.002,-1.616
2861,0.784,-1.119,-0.128,0.186,-0.524
2862,1.386,-1.033,0.116,-0.976,-0.277
2863,1.03,-0.717,0.286,0.615,-0.817
2864,0.804,0.526,-0.731,-0.11,-0.573
2865,0.517,0.3,-0.644,-1.511,-1.27
2866,1.37,0.705,0.254,-0.573,-1.048
2867,0.494,0.209,-0.856,0.165,-1.287
2868,-0.151,0.308,-0.742,-1.467,-0.924
2869,-0.053,1.601,-0.953,0.492,-0.656
2870,-0.714,0.621,0.107,-0.615,0.257
2871,1.468,-0.375,1.07,-1.504,-0.278
2872,0.853,0.223,-0.903,0.828,0.102
2873,-0.588,-0.908,-0.34,0.366,1.706
2874,0.464,0.206,0.739,0.307,0.577
2875,0.306,-0.226,-1.719,0.618,0.437
2876,0.548,1.085,0.16,0.742,0.684
2877,0.244,-0.027,-2.824,-0.599,0.682
2878,0.567,1.595,-0.593,0.404,0.323
2879,1.213,-0.378,-0.286,-1.181,-0.307
2880,0.643,0.312,1.465,0.995,0.492
2881,1.106,1.234,-0.755,-0.01,-1.009
2882,-1.034,0.731,0.585,-0.287,0.575
2883,0.091,0.533,-0.063,1.349,1.767
2884,-0.055,-1.085,1.049,-0.619,2.462
2885,-1.392,-0.791,1.615,0.309,-0.599
2886,0.496,-1.349,1.222,0.595,1.191
2887,-0.253,-0.035,0.665,0.288,0.264
2888,1.254,0.175,1.094,0.719,0.128
2889,-0.403,1.722,-0.423,-1.913,1.407
2890,-1.104,0.725,0.733,0.577,2.05
2891,-0.014,-0.722,-1.53,-0.643,0.287
2892,2.585,-0.089,0.209,0.775,-1.602
2893,-0.344,1.023,0.024,-0.02,-0.219
2894,-0.176,-0.325,0.939,0.82,-0.167
2895,-1.108,-0.878,-0.136,0.427,0.601
2896,0.742,-0.165,1.385,-0.975,0.148
2897,-0.431,0.463,-0.692,-1.026,-0.62
2898,0.903,-1.267,0.616,2.629,-1.886
2899,-0.435,-0.992,2.393,-1.671,-1.323
2900,-1.158,0.828,-0.653,0.29,1.624
2901,0.469,-1.723,-1.197,0.663,-0.298
2902,-0.81,1.212,-0.641,-1.263,1.06
2903,-0.114,1.248,-1.065,-0.103,0.424
2904,-0.943,-0.088,0.734,0.223,-0.143
2905,-0.279,-1.03,-0.771,0.195,-0.361
2906,0.185,-3.247,0.689,-0.402,-0.562
2907,0.631,-0.307,-0.101,-0.977,0.5
2908,-0.502,-0.495,-0.584,-0.328,1.852
2909,0.146,1.732,0.043,0.377,-1.126
2910,0.075,-1.259,0.669,-1.231,-0.894
2911,-0.814,-0.792,1.378,0.955,1.553
2912,0.793,-0.89,-1.448,0.119,0.124
2913,-0.076,0.643,0.265,0.177,-0.537
2914,-0.637,1.688,1.202,0.192,0.57
2915,1.126,-1.632,-0.847,-0.295,-1.154
2916,0.466,-0.408,0.653,1.05,0.927
2917,-0.497,0.636,1.568,2.018,0.741
2918,1.277,-1.175,0.55,-0.278,1.504
2919,1.363,0.418,1.619,-0.179,1.217
2920,2.577,0.496,-1.989,0.192,-0.883
2921,-0.622,1.223,-0.864,-0.547,-0.913
2922,-1.952,0.78,0.157,-0.904,-0.074
2923,1.322,-0.575,-0.657,0.154,1.656
2924,0.325,-0.284,-1.355,-0.552,1.539
2925,0.684,2.752,-0.141,-0.669,-0.473
2926,-1.162,0.214,-0.651,0.523,1.123
2927,1.635,1.209,0.411,0.451,0.465
2928,-0.705,-0.196,-1.232,0.217,1.024
2929,0.036,-0.194,-0.298,0.464,-1.282
2930,1.616,-1.178,1.372,1.863,-0.499
2931,-0.261,0.83,-0.721,-0.194,-0.5
2932,1.132,0.162,0.844,0.12,0.465
2933,-0.932,0.259,0.501,-0.686,-0.83
2934,0.903,-0.392,-0.187,-1.114,-1.285
2935,-0.609,1.196,1.199,0.044,0.558
2936,2.709,0.49,0.072,-1.091,0.535
2937,0.983,0.376,0.786,1.43,1.849
2938,-0.513,-0.448,-0.649,0.616,0.857
2939,-1.219,0.864,0.787,-1.498,0.053
2940,1.044,0.543,-0.733,0.633,-0.056
2941,0.174,-0.748,0.227,-0.339,1.506
2942,-0.854,-0.311,0.009,1.535,0.647
2943,1.016,-1.507,-1.084,-0.802,2.052
2944,0.674,-0.73,0.158,0.614,0.368
2945,-1.71,0.157,-0.53,-1.78,-1.203
2946,0.093,0.288,1.429,0.464,-1.354
2947,0.517,-1.449,1.348,-0.186,-1.246
2948,0.566,1.181,-0.598,-1.205,-0.447
2949,0.736,-1.576,1.256,-1.21,0.057
2950,-0.958,-1.363,0.979,1.498,1.051
2951,0.5,-2.123,-0.759,-0.158,-1.35
2952,-0.73,0.785,-0.582,0.612,-1.397
2953,1.194,0.217,-1.35,-1.02,-0.537
2954,-1.154,1.399,-0.207,-1.359,-0.438
2955,-0.046,1.718,-0.674,-0.615,-1.928
2956,0.75,0.648,-0.35,0.202,0.277
2957,-0.616,0.755,1.359,-1.126,-0.806
2958,-2.061,0.474,-1.492,0.044,0.283
2959,2.389,-0.725,-1.007,1.02,-2.084
2960,-0.041,0.32,-0.281,1.322,-0.093
2961,-0.438,-0.392,1.178,1.68,-0.787
2962,2.111,-0.926,0.111,0.001,0.791
2963,0.724,-0.296,-2.551,1.543,2.42
2964,-1.188,-2.2,-0.13,-0.231,0.321
2965,0.009,0.242,0.278,0.784,-0.388
2966,-1.357,0.662,1.162,1.117,0.41
2967,-0.278,1.652,1.039,1.369,-0.817
2968,1.508,-0.428,-2.008,-0.521,-0.674
2969,1.017,-1.388,-0.856,-0.406,-0.562
2970,-0.829,0.512,0.169,0.666,-1.392
2971,0.513,-1.546,-0.544,-1.015,-0.13
2972,0.908,0.652,-0.979,-1.146,0.325
2973,-0.099,0.506,0.345,0.657,0.322
2974,0.837,-2.087,-0.967,-1.47,-0.499
2975,-1.872,0.989,0.613,0.391,1.713
2976,0.992,0.338,1.054,-0.094,0.085
2977,-0.484,0.108,-1.191,-0.366,1.043
2978,0.287,-1.47,1.069,-0.121,-1.049
2979,-2.411,0.153,-0.109,-1.051,0.14
2980,-1.026,-1.295,1.481,-1.019,-0.534
2981,0.256,-0.363,0.079,0.553,1.124
2982,0.448,-0.432,0.847,1.694,1.231
2983,1.232,-0.134,0.186,-0.113,-1.133
2984,0.898,-0.862,-0.917,-0.293,-0.851
2985,-1.194,0.619,-0.215,0.867,0.145
2986,-1.028,-0.393,-0.779,1.003,0.189
2987,-0.078,-0.92,-0.302,0.81,1.095
2988,1.105,-0.874,0.368,-0.507,1.592
2989,-1.202,-0.115,-1.539,1.788,0.055
2990,-0.085,-0.232,0.761,-0.217,-1.758
2991,1.527,-1.647,0.06,1.184,0.037
2992,1.19,-1.667,1.076,0.305,-0.83
2993,1.353,1.66,-0.166,-1.022,0.148
2994,-1.551,-0.281,-0.148,-0.368,1.225
2995,-1.404,0.554,1.731,-0.429,0.069
2996,1.351,0.717,0.133,-0.608,-0.297
2997,0.761,0.369,0.328,-0.382,-0.531
2998,-0.165,-1.096,0.811,-0.198,-0.287
2999,-0.809,0.29,0.107,1.209,-1.234
3000,-0.091,0.646,-1.121,0.297,0.266
3001,-1.585,-1.408,-0.216,0.931,-1.02
3002,0.538,-0.325,-0.109,0.08,-0.35
3003,2.091,0.065,1.209,0.629,-0.209
3004,-0.165,2.394,1.584,0.221,0.481
3005,1.159,0.283,0.293,-2.479,0.189
3006,-0.612,-0.011,-1.308,0.226,-0.306
3007,0.107,-0.453,-0.128,-0.657,-1.098
3008,-0.481,0.356,0.654,1.919,1.275
3009,-0.612,1.663,-0.352,-0.292,0.158
3010,1.277,0.079,-0.63,0.471,-0.801
3011,-0.023,-0.569,-0.317,-0.08,0.13
3012,-0.401,-1.078,-2.647,0.224,-1.005
3013,-0.233,0.204,-0.158,0.777,-0.478
3014,0.034,0.053,-0.857,0.805,-1.647
3015,-0.213,-0.421,0.489,0.786,-0.608
3016,0.925,0.524,-0.011,-0.928,-1.195
3017,-0.328,0.359,0.419,0.688,0.477
3018,0.527,-0.566,-0.896,1.443,-1.812
3019,0.803,0.693,-0.688,0.194,-1.528
3020,1.676,-0.896,1.169,-0.762,0.434
3021,0.412,-0.858,-0.529,0.238,1.088
3022,0.658,-1.712,0.792,0.768,-1.333
3023,-0.065,-0.761,1.157,1.02,-0.758
3024,0.608,-0.093,-0.805,-1.297,-2.112
3025,-0.127,1.379,0.695,-0.093,-2.814
3026,0.267,-0.266,0.051,-2.223,0.824
3027,1.309,0.398,-0.47,-0.781,0.471
3028,-0.18,-0.354,0.933,-0.641,0.975
3029,-1.468,-1.607,-0.776,0.884,1.032
3030,1.11,-0.838,-0.074,-0.249,0.778
3031,-0.041,0.344,-1.087,1.144,0.174
3032,0.099,0.705,0.714,-1.516,-2.649
3033,-0.213,-0.738,0.384,-0.202,-1.367
3034,-1.569,0.458,-0.332,-0.274,-1.406
3035,-0.271,1.107,-1.629,-0.46,-0.408
3036,-0.002,-1.663,0.295,-0.29,-0.075
3037,-0.967,0.051,-0.744,1.027,0.645
3038,-0.755,-0.727,-1.311,-0.068,1.242
3039,-0.65,-0.863,2.067,0.118,-0.175
3040,-0.039,0.28,0.654,-1.102,-1.743
3041,1.611,0.701,-0.748,1.789,1.658
3042,1.225,0.735,0.329,-0.312,1.142
3043,1.716,1.572,0.714,0.065,1.411
3044,-0.95,-1.081,1.286,-0.269,0.614
3045,-2.673,-1.653,-0.145,-0.778,-0.996
3046,-0.725,-0.678,-1.139,1.9,-0.972
3047,0.795,-0.555,-0.837,0.157,-0.452
3048,-0.465,-0.399,0.64,-0.09,-1.08
3049,0.167,-0.993,0.079,-0.419,0.521
3050,0.504,-1.482,-1.239,-1.873,-0.133
3051,1.098,2.267,0.983,-0.58,-0.669
3052,-0.74,1.665,-0.765,-1.134,0.321
3053,-0.856,-0.029,1.058,0.593,-1.996
3054,0.455,-0.195,0.598,-0.376,-0.442
3055,0.734,-0.059,2.014,0.187,0.334
3056,0.116,-0.757,0.648,-1.377,-0.236
3057,-0.516,-0.716,0.521,0.758,-0.428
3058,-0.75,-0.526,1.033,2.71,1.172
3059,-0.32,3.386,-0.474,0.007,0.55
3060,0.994,0.188,-0.565,-0.786,0.102
3061,-0.298,0.153,-0.73,-1.584,-1.339
3062,-0.122,-1.843,-1.384,-0.239,-0.249
3063,-1.804,-0.476,-0.865,0.139,0.347
3064,0.736,1.383,-0.408,-0.956,-0.074
3065,-1.22,1.808,0.123,-1.009,0.175
3066,-1.432,1.884,-0.748,0.98,-1.115
3067,-0.371,-1.105,-0.722,1.489,-0.036
3068,-0.078,-2.082,-1.634,2.19,0.005
3069,-0.907,1.335,-0.21,-1.239,-0.35
3070,1.789,2.103,-0.185,0.72,-0.787
3071,1.158,0.729,-0.058,0.033,-0.71
3072,1.239,-1.037,0.851,-0.403,-1.529
3073,1.052,-1.171,-1.013,-0.291,0.744
3074,0.491,0.121,-0.117,-0.397,1.599
3075,-0.523,0.1,1.455,0.436,0.145
3076,-0.609,-1.628,1.592,-0.927,-0.059
3077,-0.403,0.232,0.339,-0.945,0.24
3078,-0.166,-0.607,-0.619,-0.178,1.106
3079,-0.643,-0.436,1.619,1.041,-0.526
3080,0.904,0.762,0.282,-2.253,-0.174
3081,0.173,-0.731,-2.371,-0.66,1.008
3082,-1.8,0.479,-2.014,0.758,0.85
3083,0.641,0.668,0.512,-0.131,-1.33
3084,-0.381,1.478,1.375,0.403,0.181
3085,0.346,-0.564,0.883,0.184,2.281
3086,1.027,0.257,0.607,-0.014,-0.267
3087,-0.409,-0.385,1.068,-1.296,-0.193
3088,0.488,-0.283,-0.614,0.429,-0.22
3089,-0.099,-0.046,1.364,-0.023,-0.72
3090,-2.106,0.217,-1.006,0.785,0.379
3091,-1.056,-1.135,0.421,1.796,-1.905
3092,-0.797,0.057,0.1,0.078,-0.908
3093,-0.342,2.116,-1.81,3.151,-1.368
3094,-1.077,-1.395,1.822,0.235,0.008
3095,-0.491,-0.538,-0.181,-0.71,-1.334
3096,1.603,1.504,-1.179,0.849,-0.046
3097,1.147,1.685,-1.228,-0.899,0.034
3098,1.324,-0.066,-0.576,1.758,-0.31
3099,0.875,0.723,0.412,1.038,-0.049
3100,1.868,-0.942,-1.008,0.743,-0.217
3101,0.876,1.249,1.244,1.741,-0.203
3102,0.468,0.365,-0.004,-0.478,1.966
3103,-1.767,-1.719,0.281,-1.287,-0.253
3104,-0.671,-0.344,0.67,-0.113,-0.427
3105,0.437,0.935,-0.614,1.238,-0.056
3106,0.504,-1.316,0.868,-0.206,0.273
3107,0.062,1.17,0.042,-0.449,-0.46
3108,1.149,-1.663,1.077,0.424,-0.025
3109,0.161,0.404,-0.553,0.694,1.857
3110,1.926,-0.946,-0.372,-2.385,-0.475
3111,1.062,-0.435,0.206,-0.012,0.352
3112,-0.127,-0.175,0.331,0.062,-0.993
3113,0.293,-0.533,-1.706,-0.239,1.303
3114,1.339,-1.693,1.525,0.011,-0.041
3115,1.785,0.097,-1.299,1.798,1.242
3116,1.335,-0.058,0.43,-1.736,0.049
3117,0.604,-1.233,1.663,-1.048,0.698
3118,-1.156,1.543,-0.479,0.288,-1.023
3119,0.518,0.638,1.421,-0.697,1.462
3120,1.87,-0.044,0.292,0.413,-0.33
3121,-0.015,0.998,-0.257,-0.619,-0.678
3122,1.126,1.843,-0.567,-0.385,0.798
3123,0.144,-0.56,-0.817,1.666,-0.58
3124,-0.176,0.442,1.141,-0.537,0.425
3125,0.683,-2.806,-0.822,0.811,-1.608
3126,-0.163,-1.09,-0.229,-0.285,-0.25
3127,0.399,-0.379,-0.306,0.053,0.494
3128,-0.886,-0.609,1.441,0.594,0.223
3129,0.096,-0.175,0.597,1.804,-0.705
3130,-1.116,0.484,-1.309,-1.491,-0.231
3131,-0.694,-0.275,-0.747,1.165,1.239
3132,-0.958,-0.09,-2.456,0.071,-0.943
3133,2.194,1.436,-0.591,-1.304,1.29
3134,0.426,0.513,-0.678,1.383,-0.519
3135,1.62,0.58,-0.101,-0.089,-0.421
3136,-0.361,-0.322,0.326,1.04,-0.494
3137,-0.148,0.151,-0.123,-0.075,0.16
3138,0.26,-0.888,-0.401,-1.241,-0.65
3139,1.789,-0.457,-0.065,-0.708,0.025
3140,-0.632,-1.633,1.315,0.023,-1.217
3141,-1.351,1.257,-0.228,-0.767,-0.008
3142,-0.184,0.377,0.438,0.132,0.546
3143,-0.333,1.441,1.825,0.187,0.052
3144,1.016,0.121,-3.449,-0.715,0.05
3145,-0.017,-0.832,0.344,0.882,0.387
3146,0.108,-0.497,0.83,-1.381,0.896
3147,-0.183,1.844,0.295,0.771,0.129
3148,0.223,2.403,0.646,0.198,1.274
3149,0.056,-0.021,1.49,0.707,1.34
3150,-0.939,0.925,-0.421,-0.826,-1.163
3151,-1.747,-0.187,-1.809,-0.75,-1.589
3152,-1.813,-1.051,1.764,1.22,0.339
3153,0.081,-1.404,-0.436,0.296,-0.142
3154,1.081,-0.401,-1.734,0.775,-1.357
3155,0.237,-2.16,-1.442,1.345,0.669
3156,-1.321,1.033,-0.156,-2.15,-1.427
3157,1.168,1.993,-1.226,-1.165,-0.859
3158,0.301,-0.048,2.03,-0.322,0.887
3159,1.325,-0.596,1.53,-0.352,-0.528
3160,0.644,0.093,2.668,0.419,0.443
3161,-0.331,-0.874,0.229,-1.068,-1.765
3162,1.598,0.451,1.051,0.335,0.297
3163,-0.915,-0.444,1.47,-0.156,-1.308
3164,1.699,0.429,0.409,1.619,0.579
3165,1.612,-0.455,-0.964,0.327,0.393
3166,-0.867,-0.067,0.37,-0.2,-0.369
3167,-0.677,0.605,0.936,1.346,-2.085
3168,1.423,-0.911,-0.05,-0.622,0.614
3169,0.561,-1.64,-0.273,-0.488,0.499
3170,-0.054,0.637,0.463,-0.22,0.74
3171,-0.872,0.476,-0.673,0.997,-0.316
3172,-0.623,-0.24,-3.357,0.375,-0.13
3173,0.466,0.315,1.419,-0.968,0.153
3174,0.84,0.188,0.054,-0.936,-1.054
3175,1.056,0.044,-0.424,0.062,0.793
3176,-0.837,0.343,-0.753,-0.282,0.504
3177,-1.424,0.036,0.755,-1.165,0.154
3178,0.404,0.879,-1.148,0.523,-0.359
3179,-1.205,0.101,0.107,-0.076,2.083
3180,0.339,-0.582,0.164,0.241,-0.807
3181,0.413,2.626,-0.665,1.544,0.791
3182,-0.094,1.154,-0.146,0.882,-1.574
3183,1.29,0.779,0.567,2.055,0.783
3184,-1.548,-1.063,0.663,-1.341,1.433
3185,-1.335,0.094,-2.517,0.661,0.111
3186,-1.679,2.529,1.309,-0.446,0.427
3187,-1.253,1.594,1.389,-0.353,-0.526
3188,1.496,-0.817,1.51,-0.581,-0.676
3189,-0.146,-0.368,-1.405,0.996,0.037
3190,-0.553,0.624,-0.322,-1.566,1.81
3191,0.222,0.298,-2.498,1.389,-0.439
3192,0.285,-1.426,-0.803,-0.224,1.246
3193,-1.353,-0.827,-0.934,-0.087,-1.338
3194,-0.496,-0.934,0.694,-2.272,1.031
3195,0.119,-1.458,0.287,-0.815,1.419
3196,-1.756,0.203,1.136,0.56,1.087
3197,-0.517,0.962,0.641,1.697,-0.593
3198,0.36,1.066,-0.177,0.05,0.772
3199,-1.385,-0.407,0.412,1.389,-1.905
3200,0.884,0.412,-0.547,-0.503,-2.076
3201,1.068,0.813,-1.084,1.349,0.088
3202,0.21,-1.187,-0.046,0.834,0.044
3203,-0.343,1.695,0.818,-0.981,1.316
3204,0.941,0.015,1.103,-1.296,1.428
3205,-0.074,0.893,1.662,0.604,0.884
3206,1.843,-0.269,-0.338,0.06,-1.337
3207,0.089,0.658,-0.476,-1.592,-0.243
3208,1.208,-1.851,1.357,1.498,1.142
3209,0.161,-2.011,-1.642,-0.119,0.502
3210,-0.685,0.715,0.532,0.294,-0.763
3211,-0.022,-1.001,-0.237,0.081,0.464
3212,-1.978,-1.487,-0.191,0.68,-1.93
3213,-1.464,-0.36,-1.127,-0.24,-0.619
3214,-0.513,1.459,0.179,-0.556,-0.509
3215,-0.304,0.082,0.165,0.758,-1.446
3216,0.694,-0.315,0.235,-1.74,1.339
3217,0.994,-0.023,0.593,0.858,0.832
3218,-1.341,-1.217,-2.039,1.333,0.384
3219,-2.303,-0.589,0.16,-1.639,-0.714
3220,-1.634,0.529,0.659,-0.054,-0.515
3221,0.003,0.725,0.296,-0.664,0.479
3222,1.97,0.735,0.832,1.541,1.093
3223,0.283,-1.221,0.141,1.369,-1.023
3224,-0.015,-0.286,-0.555,-0.388,-0.463
3225,1.665,0.294,-0.748,0.607,-0.007
3226,1.598,1.525,-2.188,-0.4,-1.914
3227,-0.533,0.875,1.292,-0.114,-1.774
3228,-0.453,-1.065,-0.572,-1.905,1.703
3229,-1.855,0.62,-1.477,-0.218,0.556
3230,0.035,-1.517,1.08,-2.06,-0.707
3231,-0.766,0.638,0.915,-1.515,0.522
3232,-0.725,-0.385,0.262,-0.168,-1.243
3233,0.005,-0.422,-1.312,-0.18,-0.94
3234,1.19,-0.668,0.193,-0.122,0.505
3235,1.444,-0.978,0.102,0.126,2.15
3236,1.164,0.19,0.905,-1.189,0.777
3237,-0.246,0.482,0.964,1.395,0.202
3238,-0.73,1.284,-0.031,0.112,0.917
3239,0.498,0.881,-0.224,0.198,0.751
3240,-0.277,-1.022,2.989,0.629,1.463
3241,0.443,-2.036,-1.109,-0.332,-0.804
3242,0.337,0.924,-1.009,-0.061,-1.051
3243,-1.121,-2.108,0.381,-1.08,-0.64
3244,0.03,1.339,-0.385,-2.005,-0.425
3245,0.468,-0.158,0.263,1.707,1.749
3246,0.983,-1.409,1.46,0.74,-0.452
3247,1.108,-2.123,0.46,0.043,0.546
3248,-0.677,0.856,-1.253,-0.141,-1.477
3249,0.504,0.756,1.057,0.421,0.362
3250,0.901,0.723,0.754,1.394,-0.385
3251,-0.323,1.293,-1.284,-0.124,-0.087
3252,0.754,-0.7,0.448,0.241,-0.784
3253,1.481,0.858,-0.853,-0.566,0.039
3254,0.15,0.213,0.341,1.823,-0.168
3255,-0.308,0.653,0.072,-1.649,-0.183
3256,1.19,-0.347,-1.017,-0.004,0.468
3257,2.179,-1.361,-1.015,1.115,-1.131
3258,-1.244,0.036,-0.511,0.338,-0.224
3259,-0.114,1.536,0.916,0.219,1.149
3260,-1.425,0.865,0.173,0.374,0.916
3261,-1.429,-0.521,1.208,0.825,0.6
3262,1.076,-0.024,-0.122,1.004,-1.612
3263,0.411,-0.566,1.053,0.197,-0.699
3264,0.143,-0.465,1.074,1.143,-0.696
3265,-1.41,-1.376,2.016,1.8,0.622
3266,1.686,0.21,-0.056,-0.331,0.566
3267,0.288,-1.434,0.676,-1.315,0.955
3268,-0.874,0.402,0.343,-0.468,-0.298
3269,-0.215,0.869,0.851,0.261,-0.219
3270,2.197,0.734,0.441,0.776,1.365
3271,-2.615,-0.463,1.771,-1.682,0.668
3272,0.431,1.111,1.969,-1.496,-0.861
3273,-0.846,-1.569,-1.032,-0.191,0.966
3274,0.559,-0.238,-0.773,-0.975,-0.609
3275,0.069,1.559,-0.574,1.26,0.722
3276,2.241,0.428,0.283,0.621,0.853
3277,0.802,1.543,1.365,-0.419,-1.48
3278,-0.083,-0.638,-0.187,-0.329,-0.873
3279,0.567,0.969,-1.167,0.42,0.735
3280,0.308,0.239,-0.259,-0.084,2.387
3281,1.241,-1.931,1.391,0.186,-0.601
3282,0.371,0.532,-0.754,-0.734,-0.572
3283,0.887,0.666,-0.351,0.577,-0.965
3284,-0.773,-0.014,-0.898,0.316,0.732
3285,0.37,0.871,0.507,-0.984,0.913
3286,-0.885,1.091,0.848,-0.261,-0.745
3287,1.419,0.795,2.026,2.954,0.34
3288,-0.054,-1.327,-1.476,0.441,1.388
3289,-0.335,1.097,0.805,-0.022,0.548
3290,0.334,1.38,-1.104,0.402,-1.546
3291,0.2,0.564,-0.348,-0.256,1.483
3292,-1.608,0.563,0.016,-1.213,0.894
3293,-0.903,-0.777,-0.913,-0.773,1.083
3294,0.321,0.299,1.146,0.903,-0.903
3295,-0.609,0.329,1.006,-1.378,3.407
3296,0.25,-0.186,1.811,-0.175,-0.939
3297,-0.822,-0.812,-0.971,1.354,1.017
3298,0.351,0.374,0.344,-1.925,0.272
3299,-0.513,0.979,0.72,-0.073,0.569
3300,-0.49,1.721,0.165,-0.839,0.508
3301,-1.153,-0.164,0.451,-0.244,0.515
3302,0.504,0.859,-0.607,0.801,-0.033
3303,-0.503,-0.048,1.386,0.52,-2.464
3304,1.635,-0.722,-1.163,0.381,1.067
3305,-0.654,-0.247,-0.419,0.422,0.161
3306,-0.297,-0.993,-0.306,-1.566,-0.888
3307,-1.709,1.868,-0.929,0.181,-0.716
3308,-0.641,0.214,0.04,0.912,-1.08
3309,0.808,-1.508,1.554,0.728,-0.107
3310,-1.772,-0.902,-0.578,-0.275,-0.5
3311,-1.282,-0.719,1.354,0.333,-1.008
3312,2.091,0.266,1.066,-0.663,-1.338
3313,0.81,-1.276,0.149,-0.68,0.308
3314,0.179,0.644,0.772,1.662,-0.917
3315,1.924,-1.157,0.292,0.276,-0.321
3316,-0.025,-0.029,-0.315,0.529,-0.638
3317,0.628,1.11,-0.294,0.129,1.384
3318,-0.344,-0.341,0.054,-0.357,0.598
3319,0.604,0.366,0.425,-0.041,1.238
3320,-0.307,-0.534,0.407,-0.967,2.012
3321,1.034,0.796,0.65,-0.011,-1.967
3322,0.15,-1.875,0.391,-0.279,0.882
3323,-1.111,-0.151,0.439,1.186,-0.024
3324,-0.455,-1.764,1.235,2.339,1.336
3325,-1.123,-0.829,-2.851,1.343,-0.382
3326,2.281,-0.024,0.459,1.242,-1.995
3327,-0.597,-1.078,2.882,-1.748,-0.549
3328,-1.116,0.242,-0.164,-0.873,0.394
3329,0.806,-2.056,0.747,1.06,0.45
3330,-0.813,0.637,-0.499,-0.383,-0.811
3331,0.17,-0.666,-0.16,-0.034,1.08
3332,-0.144,-1.065,-0.046,0.937,0.747
3333,0.801,-1.21,1.21,-0.215,1.569
3334,-0.63,0.734,-1.933,1.018,1.066
3335,-1.683,0.583,-0.583,0.195,1.037
3336,-1.065,-0.048,-0.556,-1.585,-0.827
3337,0.3,-2.029,0.398,-1.638,0.157
3338,-0.542,-0.009,-0.201,-0.33,0.959
3339,-0.112,0.42,1.686,-0.896,1.149
3340,0.212,0.309,1.386,-0.311,0.515
3341,2.095,-0.033,-0.032,-0.775,0.832
3342,1.02,-0.994,0.592,-0.682,-0.645
3343,-0.274,2.158,-0.659,1.341,0.016
3344,-0.384,0.169,0.087,-0.333,-0.059
3345,0.577,-0.486,-1.259,-0.635,-0.735
3346,0.01,-2.056,1.437,-0.081,0.813
3347,-0.047,0.198,-1.418,0.357,1.147
3348,2.141,0.114,1.367,-0.363,-2.326
3349,-1.31,-0.012,-1.944,1.478,0.354
3350,0.434,0.082,-0.448,-1.624,-1.99
3351,1.929,0.861,-0.677,1.406,-0.869
3352,-1.064,0.228,-0.204,0.915,0.491
3353,0.297,-0.043,-0.244,-1.393,-0.878
3354,-0.551,-1.095,0.776,-1.279,0.033
3355,-0.102,-0.972,-0.317,-0.987,-0.745
3356,-0.183,1.455,-0.754,0.76,-0.083
3357,-0.242,1.413,-0.977,0.188,1.499
3358,0.626,0.355,-0.921,1.067,2.391
3359,-0.211,1.204,-0.195,0.531,-1.164
3360,-0.814,-0.135,0.48,0.322,-1.553
3361,0.491,-0.161,-0.974,-1.233,0.687
3362,0.903,-1.24,0.518,0.915,2.148
3363,0.587,1.658,0.278,-1.012,0.348
3364,1.056,-1.467,0.588,-1.39,-0.311
3365,1.027,-0.209,-1.931,-0.694,2.368
3366,-1.432,-0.865,-0.229,-0.199,-1.353
3367,0.69,-0.821,0.567,0.502,-0.512
3368,-0.173,-1.212,0.88,-1.328,1.028
3369,-1.36,0.311,-0.961,1.402,0.138
3370,-1.981,-0.052,0.25,0.677,0.136
3371,-0.043,0.953,-0.864,1.585,0.013
3372,-0.377,-0.461,1.02,0.521,-0.748
3373,-0.891,-0.32,0.118,0.598,-1.603
3374,-1.167,1.027,0.352,0.192,1.298
3375,0.15,-0.862,0.508,-0.771,-0.352
3376,-0.336,-1.81,0.968,-0.882,0.44
3377,-0.538,-0.812,-1.45,1.089,1.294
3378,1.039,-0.594,2.671,-0.004,-0.628
3379,2.718,-1.148,0.001,-0.772,-0.418
3380,1.514,-0.227,-0.015,0.673,-0.002
3381,-0.003,0.151,-1.462,-1.078,0.156
3382,0.469,-1.004,0.667,1.762,-0.222
3383,0.099,1.193,0.518,1.292,-0.134
3384,0.54,0.202,1.544,-0.586,-0.918
3385,-0.832,-0.971,1.066,-1.428,-0.544
3386,-0.603,-0.074,-0.197,-0.346,0.754
3387,-1.671,1.689,0.24,1.282,0.093
3388,-0.364,0.13,1.454,-0.024,0.437
3389,-0.367,2.124,0.884,0.009,-1.041
3390,1.201,2.157,0.769,-1.08,0.673
3391,-0.047,-0.541,-1.042,0.351,0.63
3392,-0.701,-0.527,-0.471,0.117,1.428
3393,0.461,1.206,-1.388,0.179,1.165
3394,0.154,-0.609,-0.649,-1.115,0.511
3395,0.041,0.538,0.348,0.464,-0.271
3396,-0.398,1.375,0.216,-0.241,0.14
3397,-0.283,1.392,0.453,-0.004,-1.07
3398,0.745,-2.251,-0.817,1.979,-0.539
3399,0.164,-0.24,-0.327,-0.126,-1.375
3400,0.597,-1.093,0.042,0.423,0.054
3401,0.101,-1.035,-1.775,-1.571,1.466
3402,1.4,-1.052,-0.669,0.753,0.051
3403,-0.857,0.106,0.131,0.482,0.785
3404,0.65,-0.562,-0.567,-0.804,0.4
3405,0.416,0.658,-0.073,0.434,-2.143
3406,0.739,-0.25,-0.176,1.477,-1.256
3407,-0.962,0.22,-1.505,0.153,-0.157
3408,0.887,0.11,-0.106,1.391,-2.161
3409,-0.002,-0.542,-0.016,-0.021,-1.659
3410,1.908,0.718,-1.711,0.685,0.528
3411,0.645,0.474,1.866,-1.085,-0.291
3412,-0.033,-1.31,1.27,-0.344,-0.111
3413,0.297,0.559,0.708,0.479,-0.305
3414,-0.406,0.362,0.859,1.784,0.791
3415,-0.378,1.245,-0.677,1.061,0.903
3416,0.972,-0.47,-2.286,0.794,-0.793
3417,-1.28,0.115,-0.807,0.095,1.561
3418,0.747,-0.292,1.996,0.309,-0.901
3419,-1.747,-0.518,0.426,-0.861,-1.012
3420,-0.155,1.741,-1.253,-0.362,-0.527
3421,0.678,-0.238,-0.6,0.28,1.236
3422,0.099,-0.517,-1.511,0.741,-0.228
3423,0.2,-1.149,-0.838,0.09,-0.437
3424,1.57,-0.77,0.689,-0.422,1.094
3425,-0.294,-0.561,-1.099,-1.674,-0.949
3426,1.234,0.809,-0.115,-0.502,-0.365
3427,0.752,0.739,-0.149,-1.622,1.684
3428,0.136,0.439,-0.467,0.669,-0.131
3429,-0.559,1.08,0.806,2.009,0.425
3430,-0.454,2.224,0.414,1.055,1.026
3431,0.85,-0.396,1.174,-0.104,-0.561
3432,-1.08,-0.19,-0.553,-0.366,-0.175
3433,0.314,1.314,-1.077,-1.803,0.354
3434,-0.165,-0.995,0.463,-0.925,-1.407
3435,-0.216,-1.083,0.807,-0.457,2.098
3436,0.133,0.391,-2.54,0.039,0.445
3437,-0.632,0.786,-0.28,0.82,-0.456
3438,-0.958,-0.746,-0.671,-0.043,-0.706
3439,-2.055,-0.308,-0.016,1.301,0.3
3440,-0.497,0.421,-1.51,-0.192,-1.299
3441,0.46,0.606,-0.274,1.43,0.692
3442,0.482,0.194,-0.845,-0.4,0.752
3443,0.7,1.036,-0.321,0.348,-0.609
3444,1.278,-0.395,-1.022,-1.032,1.041
3445,0.095,0.623,0.161,0.174,-1.287
3446,-0.232,2.01,0.168,-0.187,1.971
3447,0.657,-0.678,0.078,0.688,-1.182
3448,1.182,0.329,0.826,-0.303,-1.071
3449,1.669,-0.323,-0.508,0.482,0.468
3450,-1.893,1.02,0.379,-0.208,1.422
3451,-1.386,0.625,-0.898,2.331,0.897
3452,0.6,1.937,-1.153,0.254,0.181
3453,0.563,-0.68,-2.283,-0.199,2.733
3454,-0.223,-1.569,-0.676,0.494,1.726
3455,-0.779,0.251,0.927,-2.069,0.606
3456,0.704,1.353,0.034,2.295,-0.638
3457,-0.115,-1.586,0.113,0.499,-0.035
3458,-0.316,1.03,-0.959,1.357,1.013
3459,-1.069,0.424,-1.248,0.895,-0.041
3460,-0.21,0.804,-1.058,-1.063,-0.506
3461,3.338,0.781,2.991,-1.587,-0.272
3462,-0.506,1.448,-0.955,2.311,-0.567
3463,-0.459,-0.135,-0.215,-0.86,-0.297
3464,0.298,-0.573,-0.111,-0.372,0.412
3465,0.47,1.456,1.488,-0.7,-2.495
3466,0.078,-0.82,-0.999,0.74,1.544
3467,-0.385,-0.532,0.422,0.908,-2.188
3468,0.793,-0.845,-1.102,-0.39,-0.195
3469,-1.614,-0.139,0.79,0.139,0.703
3470,-1.192,-0.807,0.354,0.569,0.117
3471,-1.708,-0.288,0.134,-0.302,0.832
3472,0.915,1.796,0.805,0.324,-0.896
3473,0.436,-1.103,0.635,-0.092,0.511
3474,-0.349,-0.696,1.757,0.032,1.036
3475,-1.202,-0.697,0.582,0.296,-0.044
3476,0.313,0.952,-1.008,1.513,-0.889
3477,-1.721,0.929,1.061,1.303,0.043
3478,1.769,-1.199,-0.078,0.287,0.638
3479,-0.304,1.254,0.684,0.448,-2.553
3480,1.207,1.779,0.363,-0.529,0.018
3481,0.206,-0.441,-0.022,1.63,-0.284
3482,-0.555,-0.525,0.54,-0.631,1.272
3483,0.007,-1.16,0.964,-0.945,-0.057
3484,-0.011,-0.047,-0.74,1.756,0.532
3485,0.218,-1.893,-0.273,0.526,1.312
3486,1.354,-1.343,0.705,-0.744,1.35
3487,0.473,0.759,0.821,-0.066,1.307
3488,1.93,-0.153,-0.798,-1.342,-1.38
3489,-1.658,-1.036,0.412,-0.229,-0.273
3490,2.02,-0.55,-0.377,0.514,0.432
3491,-1.709,-0.06,-1.049,-0.758,0.864
3492,0.296,0.876,0.863,-1.923,-1.839
3493,-0.827,0.62,-0.643,0.095,-1.203
3494,-0.436,0.812,-0.285,1.15,0.899
3495,-0.54,0.122,0.254,-1.539,1.445
3496,0.976,0.76,-0.339,0.973,0.049
3497,0.309,1.907,0.041,1.024,1.232
3498,0.424,0.07,-0.159,-0.531,0.955
3499,0.436,-1.083,1.328,0.025,1.085
3500,-0.067,0.498,-1.667,-1.059,-0.95
3501,-0.107,0.654,2.173,-1.024,-0.13
3502,-0.121,1.466,1.366,-0.665,0.584
3503,-0.206,1.554,0.427,0.591,0.176
3504,1.394,1.917,-1.165,0.732,-0.078
3505,0.779,0.08,-0.383,-1.478,-1.499
3506,-0.027,0.346,-1.224,1.23,-0.461
3507,-1.015,-0.305,-0.032,1.664,-0.976
3508,-0.207,-0.144,-2.545,0.339,-0.626
3509,-1.61,1.04,-0.043,-1.428,-0.042
3510,-1.639,-3.687,-0.136,-0.328,-0.904
3511,-0.024,0.308,1.447,0.28,0.329
3512,-0.472,0.463,0.019,-1.559,0.08
3513,-1.472,1.549,1.311,0.257,-1.518
3514,-1.153,-1.143,0.363,0.906,-0.464
3515,-0.521,0.467,-0.094,-1.231,1.528
3516,1.585,0.625,1.902,0.816,1.048
3517,-0.546,0.534,-0.606,0.167,1.72
3518,0.362,0.222,-1.312,-0.249,0.269
3519,1.775,1.478,0.676,-0.595,-0.062
3520,0.327,0.743,-1.314,-0.225,-0.513
3521,1.974,-1.557,0.79,-0.842,0.82
3522,-0.286,2.722,0.084,-0.502,-0.746
3523,-3.129,1.759,-1.214,0.222,0.365
3524,1.35,0.462,-1.773,1.491,-0.037
3525,-0.339,1.413,-0.57,0.065,-1.113
3526,2.831,-0.655,1.276,-1.251,-0.457
3527,-0.622,0.414,-1.878,0.012,0.602
3528,-0.627,-2.185,1.125,-0.161,-0.646
3529,-2.211,0.401,0.421,-0.057,2.198
3530,0.794,0.833,-0.031,0.243,-0.367
3531,-0.749,-0.237,-0.513,0.072,0.085
3532,0.597,-1.351,-0.067,-0.474,0.499
3533,1.325,0.14,1.307,1.389,0.441
3534,-1.432,1.262,-0.375,1.867,-0.447
3535,-2.526,1.427,0.503,-0.363,0.07
3536,0.596,2.997,-0.766,1.109,-0.656
3537,0.101,-2.126,0.969,-0.485,-1.196
3538,-1.168,0.221,0.748,-1.149,0.774
3539,0.988,0.664,-1.033,0.065,0.907
3540,0.468,0.236,2.022,0.654,-0.506
3541,-0.246,1.177,-1.052,1.789,0.197
3542,0.251,-0.237,-1.104,-0.95,1.084
3543,-0.244,-0.293,2.43,-0.104,-0.04
3544,0.535,-0.137,-0.709,1.977,2.224
3545,-1.198,-0.114,-0.702,0.69,-1.385
3546,-0.71,-1.138,-0.929,0.336,-0.51
3547,0.691,0.077,0.57,0.362,-0.877
3548,-1.41,1.308,0.736,2.024,0.049
3549,-1.351,-0.559,-0.693,-0.341,-0.596
3550,-0.386,-0.449,0.043,0.203,1.415
3551,-2.454,0.441,0.952,-1.358,-0.231
3552,-0.005,1.075,-0.255,-1.607,0.694
3553,-1.4,-0.541,-1.224,1.061,-0.044
3554,-0.936,-0.791,-0.825,-0.332,-1.27
3555,1.046,-0.188,0.336,-1.349,-1.415
3556,-1.043,0.259,0.051,0.837,-0.129
3557,0.871,-0.226,-1.855,-0.248,-1.62
3558,-0.427,-0.682,-1.792,0.375,-0.787
3559,-0.756,-0.478,-2.863,-0.479,-0.653
3560,0.666,-1.369,0.577,0.292,-0.951
3561,-0.166,2.473,-0.541,0.289,0.576
3562,0.202,1.191,-0.782,-0.005,0.746
3563,0.061,0.288,-0.452,0.44,-0.367
3564,-0.596,0.439,1.162,-0.94,0.31
3565,-0.81,0.425,-0.008,0.783,-0.636
3566,0.102,0.478,1.761,1.454,1.234
3567,-0.259,-1.024,-0.583,1.177,-0.566
3568,-1.025,-0.337,-1.438,-0.454,-0.537
3569,0.011,-0.603,-0.12,-1.411,-1.682
3570,0.1,-0.298,0.116,0.322,0.714
3571,-0.1,-0.314,0.293,-0.305,-0.089
3572,-0.01,-0.21,0.365,-0.642,0.987
3573,0.473,1.965,-2.461,-0.544,-1.959
3574,0.53,0.072,0.772,1.167,-1.495
3575,0.287,-0.256,0.649,-1.16,0.096
3576,2.154,-0.588,-0.235,-0.799,-0.804
3577,-1.722,0.199,0.096,1.208,-0.736
3578,0.765,-0.077,0.89,-0.232,-0.188
3579,1.271,-0.73,0.527,1.685,1.327
3580,0.405,-1.25,-0.217,-0.063,1.971
3581,-0.252,-1.533,-0.035,0.206,-0.659
3582,0.219,0.034,-0.5,0.403,-1.131
3583,-1.373,0.453,0.68,1.242,-0.23
3584,1.814,-1.585,0.111,0.975,-1.246
3585,-0.136,-0.718,0.99,1.717,-0.423
3586,-0.942,2.513,0.138,0.071,-1.327
3587,-0.051,-0.565,0.149,-1.802,0.792
3588,1.456,-1.128,-1.593,-0.917,1.237
3589,-0.098,-0.26,0.666,-1.304,0.917
3590,0.987,-1.56,-0.656,2.145,0.71
3591,-0.291,0.545,-1.66,-0.692,0.329
3592,-0.603,-1.116,1.346,-0.011,-1.167
3593,0.025,0.183,0.783,-0.27,0.607
3594,1.271,1.031,-0.343,-1.471,-0.392
3595,1.044,-0.802,0.229,-0.214,-0.718
3596,0.987,-0.627,1.722,-1.04,1.107
3597,0.252,1.833,-1.105,0.883,0.8
3598,0.532,-1.015,0.645,0.204,0.588
3599,-0.5,0.818,-0.524,0.253,-0.074
3600,-1.326,-1.222,-0.007,1.156,0.029
3601,1.465,0.138,-0.843,-0.585,1.103
3602,1.195,0.674,-1.768,-0.873,0.526
3603,0.885,-0.578,-0.335,-0.163,-0.842
3604,0.243,-0.574,0.107,0.579,0.063
3605,-0.041,1.524,-1.275,-0.36,-0.853
3606,0.303,-1.329,-1.39,0.118,0.082
3607,-0.14,2.433,-0.008,-0.731,-0.663
3608,-0.831,0.859,1.357,1.882,-1.146
3609,-0.845,-0.628,-0.287,0.824,0.114
3610,0.063,0.663,-0.35,0.775,0.924
3611,-1.492,0.377,-3.425,-1.301,0.122
3612,-0.126,-0.11,-0.286,1.176,-0.092
3613,1.464,-0.083,0.3,1.495,1.645
3614,-0.288,-0.714,1.321,-1.52,-2.58
3615,-1.153,0.734,0.094,-1.241,-0.539
3616,-0.613,0.196,0.468,1.058,-0.563
3617,-0.348,0.462,1.691,0.046,-0.393
3618,-0.297,-0.737,0.26,-0.753,0.359
3619,-2.215,1.777,2.71,0.968,0.027
3620,0.645,0.107,-0.1,-0.87,-1.298
3621,-0.084,-0.622,0.109,-0.405,-1.403
3622,0.574,2.187,1.811,1.278,-0.755
3623,-0.6,-0.363,-0.303,-1.472,0.817
3624,-0.565,-0.481,-0.737,1.092,-0.326
3625,0.654,0.93,-1.147,-0.124,-0.15
3626,-0.28,0.389,-0.365,-1.653,0.633
3627,1.191,1.758,1.117,-0.267,-0.482
3628,-0.411,-0.031,-0.989,0.035,1.66
3629,0.59,-0.175,1.024,-1.972,-0.368
3630,0.342,1.565,-0.477,0.223,1.86
3631,-0.077,-0.13,-0.508,0.002,-1.835
3632,-2.752,-0.501,1.178,1.271,-1.362
3633,1.055,1.071,0.046,-0.24,0.78
3634,-0.436,-0.128,-0.226,-1.617,0.768
3635,-0.624,1.45,0.032,0.943,2.039
3636,0.175,0.708,0.111,0.482,-1.168
3637,-0.727,-0.065,0.662,-1.297,0.923
3638,2.148,-0.948,0.519,-3.046,2.027
3639,0.892,-0.705,-1.316,1.259,1.894
3640,-0.271,-0.52,0.586,0.377,0.611
3641,-1.009,-1.411,2.702,0.784,-1.377
3642,-1.329,0.866,-2.589,-0.199,0.847
3643,1.36,-1.097,0.237,1.266,1.7
3644,1.974,0.258,-0.646,1.474,0.257
3645,-0.534,-0.974,1.833,-0.703,1.078
3646,0.641,-0.953,1.54,0.692,1.182
3647,-1.348,-1.017,0.421,-1.232,-2.111
3648,0.044,-0.678,1.36,-2.043,-0.364
3649,-0.918,-1.323,1.726,-1.735,0.141
3650,-0.929,0.782,1.162,1.029,-0.263
3651,-0.137,0.265,0.951,-0.216,0.744
3652,-0.263,-1.394,-0.084,-0.219,0.798
3653,1.676,1.489,0.488,-1.375,-2.492
3654,0.02,-0.048,-0.228,0.027,0.956
3655,-0.516,1.477,0.142,-0.648,0.205
3656,-1.464,-0.206,0.288,0.124,-0.412
3657,0.845,-1.181,-0.126,1.102,0.288
3658,0.025,-0.616,0.596,1.765,0.448
3659,2.688,0.793,-0.823,-1.138,-1.081
3660,-0.832,-1.656,-2.351,0.195,-1.716
3661,-0.903,0.469,-0.496,-0.485,1.415
3662,0.822,0.536,-0.675,0.1,-1.192
3663,0.82,0.582,-0.239,0.403,-0.314
3664,-0.922,-0.716,0.774,0.894,0.37
3665,-1.121,1.017,0.873,0.379,0.148
3666,-0.807,-0.203,-0.474,-0.473,0.315
3667,1.026,-0.059,0.073,0.059,-0.509
3668,-0.269,-0.382,-0.579,0.555,0.93
3669,-0.335,0.687,-1.283,-0.42,1.558
3670,-0.508,-0.353,-0.441,-0.529,-0.312
3671,0.075,-0.435,0.836,0.855,-1.349
3672,-0.481,0.914,-0.472,1.763,-1.203
3673,0.049,0.605,-1.828,-0.462,0.667
3674,0.162,0.324,-0.608,-0.034,0.975
3675,0.67,-0.756,0.255,1.652,-1.535
3676,-0.557,-0.614,0.345,0.258,-0.361
3677,0.153,-0.561,0.373,0.061,-2.371
3678,-0.356,0.462,0.865,0.822,-0.91
3679,0.256,-0.871,-1.014,-1.479,0.916
3680,0.223,-2.378,-0.713,-0.992,0.791
3681,-0.316,-1.253,-0.999,2.093,-0.328
3682,1.176,0.146,0.986,-0.048,-0.237
3683,0.255,-1.12,-0.773,-1.614,-0.579
3684,-0.825,0.201,-0.697,-0.223,-0.606
3685,-0.215,-1.805,0.388,-1.777,0.309
3686,-1.296,0.407,0.155,-0.012,1.028
3687,-0.579,-1.244,-0.289,0.904,0.222
3688,0.075,1.494,-1.018,0.226,-0.196
3689,0.637,0.09,1.876,-0.922,-0.835
3690,1.221,0.869,0.038,0.458,0.066
3691,-0.272,0.177,0.895,0.187,-0.977
3692,0.447,0.975,-0.123,0.381,1.102
3693,0.273,0.988,1.114,1.055,0.517
3694,2.033,-0.075,0.806,-0.846,-0.84
3695,-0.698,-0.017,0.356,-0.786,0.187
3696,-1.452,-0.505,-0.351,-0.31,0.169
3697,-2.552,0.185,-0.982,-0.462,-0.608
3698,-0.473,0.869,-1.913,-0.592,-0.048
3699,2.991,-0.205,-0.221,-0.447,0.61
3700,-2.522,-0.667,0.685,-0.44,-0.836
3701,-0.611,-0.266,-1.637,-0.057,-0.063
3702,0.056,-0.714,-0.177,1.818,-0.49
3703,0.184,-2.549,-1.053,1.095,0.453
3704,0.573,-0.516,2.143,-1.809,0.191
3705,-0.544,-0.204,1.434,-0.625,-0.306
3706,0.516,0.99,0.011,0.629,0.73
3707,1.067,0.31,0.106,-0.602,1.675
3708,1.964,-1.14,-0.344,-0.454,-1.462
3709,-0.022,0.581,0.927,-0.022,-0.855
3710,-0.584,0.637,-0.516,-0.997,0.463
3711,-0.737,0.286,1.395,0.428,0.453
3712,0.161,1.211,-0.766,2.125,1.327
3713,-0.852,0.603,1.496,1.65,-1.297
3714,0.493,-0.062,0.547,-1.186,-1.157
3715,0.142,0.187,-0.275,-1.129,-0.123
3716,-0.343,2.152,0.852,1.188,-0.301
3717,-0.072,0.201,-1.338,1.824,-1.412
3718,1.195,-1.525,-0.151,-0.618,0.696
3719,0.807,-1.975,-1.154,-1.852,-2.011
3720,-0.985,1.588,0.542,-0.142,-0.078
3721,-0.605,-0.58,-1.02,-1.632,-0.686
3722,0.602,-1.28,0.708,1.346,-0.316
3723,-1.089,0.606,2.29,1.074,0.735
3724,-0.981,-0.2,-0.235,-0.016,1.82
3725,-1.745,-0.297,-0.872,0.45,0.205
3726,0.18,1.831,-0.498,-0.857,2.58
3727,-0.441,0.318,-0.199,0.99,1.126
3728,0.638,1.355,0.452,-1.262,0.568
3729,1.825,0.888,-0.827,-0.503,0.12
3730,-0.616,0.253,0.481,-0.631,0.121
3731,0.078,-0.394,-0.141,-0.745,-0.794
3732,0.985,0.174,-0.779,-0.069,2.55
3733,-0.167,-0.235,0.147,0.254,0.202
3734,1.424,0.776,-0.636,-1.819,0.214
3735,0.072,-1.339,-0.283,-0.995,0.496
3736,-0.903,1.16,0.239,0.0,-1.055
3737,-0.677,1.501,0.827,-0.936,0.912
3738,-0.263,0.073,0.11,-0.517,-0.576
3739,0.131,-1.683,1.012,1.166,-0.416
3740,0.051,-0.934,0.333,1.352,0.41
3741,0.616,-1.31,-0.169,0.502,-0.881
3742,-0.042,0.717,1.418,0.092,-0.076
3743,-0.202,-0.107,-0.433,-0.075,0.344
3744,0.719,0.41,-0.333,-0.632,-0.818
3745,-1.298,0.334,-0.146,-0.711,0.125
3746,-0.742,0.817,-0.755,1.942,0.702
3747,-0.712,1.346,1.096,1.682,0.4
3748,0.082,0.408,-0.4,0.193,-1.641
3749,-0.467,-0.141,0.785,0.005,0.952
3750,-0.271,0.033,-0.598,-0.206,0.496
3751,0.47,-0.456,2.661,-0.393,1.042
3752,2.339,-0.113,-0.89,-1.522,1.714
3753,1.957,-0.315,0.024,0.022,-0.3
3754,0.562,2.512,0.091,-0.313,1.375
3755,-0.767,-0.565,1.173,-0.417,0.855
3756,1.25,0.62,-0.264,-0.221,0.063
3757,0.151,-1.88,0.162,0.176,-0.34
3758,-0.507,-1.205,-0.266,-1.184,-0.043
3759,-0.496,0.465,-0.398,1.477,0.56
3760,0.03,-0.507,-0.097,-1.732,-1.257
3761,-1.484,1.222,0.315,-0.199,-0.254
3762,0.244,1.097,-0.441,0.854,-0.597
3763,-0.234,-0.646,-0.686,0.952,1.007
3764,0.753,-2.301,-0.529,0.149,0.415
3765,0.209,-0.568,0.542,-1.103,0.792
3766,-0.595,-0.666,-2.236,-0.681,0.729
3767,-1.025,0.184,-0.604,-0.865,-1.241
3768,0.345,0.206,-0.221,-0.431,-0.667
3769,2.09,-0.216,-0.583,-0.335,-0.907
3770,0.607,0.976,0.162,0.865,0.33
3771,-1.924,-0.997,-0.541,0.808,-0.254
3772,-1.156,0.333,-1.163,0.33,-0.009
3773,-0.813,-0.135,-0.181,0.845,1.123
3774,0.676,1.078,-0.751,-0.339,0.629
3775,-0.8,-1.0,0.496,0.896,-0.188
3776,-1.273,-1.018,-0.402,1.699,-1.896
3777,0.006,-0.206,1.404,1.432,0.212
3778,2.92,-1.174,-0.214,-0.497,0.454
3779,-1.341,0.366,-1.12,0.07,0.239
3780,-0.235,-0.458,-0.119,-1.789,-1.568
3781,1.31,0.848,0.904,0.018,0.194
3782,-1.362,-0.593,0.368,-0.219,0.191
3783,0.197,-0.327,0.166,0.035,-0.781
3784,-1.235,-0.053,-0.398,1.183,0.791
3785,-0.009,1.419,-1.569,-0.718,-0.276
3786,0.684,0.921,0.825,-1.653,0.965
3787,-0.197,0.32,0.417,-0.768,0.721
3788,0.16,0.763,0.452,1.477,-0.312
3789,1.359,1.622,1.958,-0.657,0.37
3790,0.877,0.078,-0.958,-0.238,-0.216
3791,-0.981,-0.111,0.308,0.549,0.316
3792,-0.357,-1.09,0.496,-0.579,1.639
3793,1.301,1.604,-0.717,0.773,2.15
3794,-0.25,0.681,-0.557,-1.557,1.252
3795,-1.281,-0.381,0.237,-0.63,-0.258
3796,-1.439,0.511,0.016,0.169,-0.685
3797,-0.561,-0.839,-0.074,-0.909,-1.061
3798,0.003,1.916,-0.028,-1.53,0.093
3799,-0.773,1.258,0.083,-1.02,-0.886
3800,1.366,-0.386,-0.903,1.074,-0.643
3801,0.868,0.07,0.082,-1.094,0.867
3802,-0.502,0.072,-0.859,-0.097,-1.995
3803,-0.436,0.748,0.629,1.087,-0.517
3804,0.186,0.859,0.171,-1.208,-0.875
3805,1.993,1.446,0.006,0.648,0.495
3806,-0.407,0.989,-0.071,0.308,0.422
3807,-0.762,0.322,2.429,-1.394,0.503
3808,2.161,0.513,0.418,-0.511,-0.374
3809,0.374,0.378,-1.685,-0.649,1.223
3810,0.455,0.67,0.097,0.154,0.696
3811,-0.478,1.38,-0.638,-0.751,1.188
3812,0.865,0.054,-0.445,0.322,0.58
3813,-0.028,0.388,0.236,0.247,-1.36
3814,0.052,-0.987,-0.057,0.053,-0.345
3815,-0.18,-0.753,-0.857,0.006,-1.425
3816,1.506,-0.82,0.209,0.327,-0.925
3817,0.763,-0.229,-1.018,-0.645,-0.919
3818,0.947,-0.145,-0.355,0.557,-0.937
3819,-0.594,-0.095,-0.361,0.138,-0.296
3820,-0.493,-1.531,0.069,0.882,0.996
3821,-0.928,-1.561,1.73,-0.786,0.443
3822,0.575,-2.139,-0.791,0.397,0.187
3823,0.785,-1.098,-1.18,1.54,0.069
3824,0.249,1.371,0.459,0.082,-1.341
3825,-1.573,0.351,-0.356,0.454,-0.975
3826,0.495,0.543,0.646,-0.534,0.818
3827,-0.377,0.581,1.227,0.083,0.307
3828,-0.107,0.964,1.149,1.187,0.511
3829,-0.55,1.285,-0.439,-0.336,-0.305
3830,-0.55,-0.967,0.955,0.188,0.348
3831,0.963,0.59,-0.564,0.108,1.584
3832,0.347,-0.48,0.361,-1.231,-0.543
3833,0.998,1.207,0.304,-0.064,-1.233
3834,0.037,1.635,-1.542,0.318,-1.955
3835,1.608,-0.751,1.998,-0.559,-1.824
3836,0.269,-0.316,1.644,-1.036,0.631
3837,-1.003,-0.721,-0.097,-0.807,0.973
3838,-0.445,-0.284,0.077,-0.248,-0.161
3839,1.225,-0.171,-0.155,1.146,-0.066
3840,0.331,-0.929,-0.922,-0.322,0.771
3841,-0.939,1.047,0.174,-0.276,-1.372
3842,-0.637,0.485,0.488,0.534,-0.188
3843,-0.674,0.545,1.795,-0.35,-0.463
3844,-0.918,1.492,-0.304,1.893,1.721
3845,0.969,0.172,-0.762,-0.648,0.888
3846,0.422,0.34,-0.508,0.074,-0.938
3847,1.875,-0.646,0.907,-1.231,-0.488
3848,0.205,-1.268,-0.327,0.548,0.657
3849,-0.254,0.654,-1.831,-0.792,0.512
3850,0.5,0.732,-0.566,-1.088,1.045
3851,-0.508,0.075,-0.535,1.026,0.68
3852,0.503,1.258,0.869,1.428,1.266
3853,-1.651,-1.222,-0.519,0.353,0.488
3854,0.315,1.611,0.919,0.886,0.691
3855,-0.177,0.664,0.682,0.364,0.542
3856,1.526,-0.929,-0.884,0.794,-1.144
3857,1.789,-0.929,0.258,-0.464,-0.194
3858,0.109,-0.645,-1.168,-1.175,0.348
3859,1.456,0.842,-1.175,0.14,0.014
3860,-0.314,-0.696,-1.118,1.84,0.106
3861,-2.209,-0.896,-0.83,-1.297,0.57
3862,-0.157,-0.381,0.063,0.996,1.563
3863,0.706,-0.784,0.92,-0.638,-0.652
3864,-1.017,0.585,0.281,-0.205,1.349
3865,1.259,-1.349,-0.255,0.402,-0.645
3866,0.651,0.391,-2.418,0.432,-0.673
3867,0.252,-1.161,-1.096,0.431,-0.664
3868,1.839,0.915,0.08,-0.497,-1.138
3869,-0.779,0.346,0.908,-1.981,-0.234
3870,2.034,0.007,0.469,0.877,-1.15
3871,1.534,2.4,-0.089,-0.955,-2.255
3872,0.156,0.483,-0.571,-0.078,-0.47
3873,0.482,-0.009,1.579,-0.571,0.441
3874,-1.51,-0.719,0.874,-0.521,-1.33
3875,-1.588,-1.222,0.685,-1.099,-1.325
3876,-0.268,-1.507,-0.196,-2.065,0.33
3877,-1.081,0.032,0.69,-1.062,-0.162
3878,-0.955,0.384,0.168,-1.062,-0.03
3879,-1.081,-0.652,0.236,1.125,1.805
3880,1.613,-0.486,0.012,-2.101,0.147
3881,-0.34,-1.559,0.557,0.37,-0.005
3882,1.02,-0.281,0.134,0.3,-0.465
3883,1.89,-0.682,0.771,0.163,0.44
3884,-0.22,0.177,-0.543,-1.026,-0.912
3885,-1.461,-1.731,-0.406,-0.391,1.378
3886,0.677,-1.56,0.995,-1.658,-0.998
3887,-0.647,1.293,-0.264,0.267,-0.058
3888,-0.217,-0.956,-0.288,-0.997,-0.915
3889,-1.014,-0.881,-0.078,-1.525,0.358
3890,-0.791,1.811,0.997,0.701,-0.784
3891,1.103,-0.066,-2.53,0.875,0.912
3892,0.242,-1.471,0.347,0.067,0.896
3893,1.266,2.383,0.261,-0.07,-0.424
3894,-1.019,0.891,-0.081,-1.682,-1.449
3895,-0.516,-0.732,3.932,-1.77,-0.487
3896,0.158,0.462,-0.918,-0.471,0.208
3897,1.472,-0.861,0.653,1.025,-0.146
3898,1.615,-0.227,-0.193,-0.995,-1.367
3899,-0.935,0.17,1.078,-0.117,0.609
3900,-0.826,-0.034,0.265,-0.546,0.271
3901,2.023,0.169,-0.967,0.682,0.118
3902,-0.446,-0.157,1.114,1.977,0.552
3903,-1.464,-0.776,0.954,1.292,-0.555
3904,2.675,0.282,-0.368,-0.69,-0.414
3905,1.773,-0.463,-0.387,2.465,-0.095
3906,1.511,-0.833,1.289,0.1,3.077
3907,-1.403,-0.583,-1.354,-0.037,0.106
3908,0.76,0.351,-0.728,-1.027,-0.465
3909,-0.722,0.349,1.469,0.043,-1.283
3910,-0.795,0.123,-0.482,1.326,0.19
3911,0.144,-0.465,-0.156,-1.239,0.185
3912,0.897,-0.173,1.172,-0.197,-0.817
3913,-0.136,-1.041,0.182,1.007,0.0
3914,1.393,1.239,-0.011,2.015,-0.477
3915,-1.134,2.009,-0.301,-2.29,-0.432
3916,0.653,-0.881,0.634,0.75,1.946
3917,0.358,-0.258,-0.393,-1.01,0.425
3918,1.938,1.738,-0.774,-1.497,1.174
3919,0.025,-0.104,-1.608,-0.121,-0.595
3920,1.378,-1.048,-0.663,0.582,1.105
3921,-0.35,-0.162,1.302,1.18,-0.204
3922,-0.848,-1.713,0.578,0.475,-2.473
3923,0.236,-0.415,-0.408,-0.557,-0.772
3924,-0.396,-1.1,-0.825,-0.896,-0.247
3925,-1.423,-0.086,-0.528,0.651,-1.409
3926,0.175,-0.772,-1.489,0.921,-0.19
3927,-0.619,-0.586,-1.343,0.139,-0.695
3928,0.109,-1.296,-1.05,-0.542,0.029
3929,0.137,1.98,-1.552,0.163,-1.203
3930,0.044,-0.327,-1.047,-0.217,1.414
3931,0.363,0.436,0.338,0.329,0.737
3932,0.557,-0.744,0.499,1.38,-1.19
3933,1.343,0.763,0.726,-0.738,1.317
3934,-0.163,0.102,-0.104,0.193,-0.461
3935,-1.205,0.167,-0.075,-1.001,1.759
3936,-1.132,-1.044,-2.227,-0.376,0.303
3937,-1.13,-1.476,-1.939,-0.402,0.464
3938,-0.374,-0.306,0.355,-0.619,-0.318
3939,-1.777,0.468,0.662,1.2,-2.557
3940,1.084,-0.295,0.622,0.402,0.42
3941,-0.192,-0.686,1.955,0.308,-0.373
3942,0.631,-0.289,-0.407,-1.091,-0.424
3943,0.745,-0.493,0.048,-0.026,0.684
3944,-1.184,0.046,1.271,1.116,-0.3
3945,0.877,-0.867,0.941,0.142,0.683
3946,0.673,-1.36,-0.842,-1.545,0.268
3947,1.234,1.158,0.919,-0.806,1.752
3948,-1.059,0.677,1.571,-0.658,1.593
3949,0.142,1.988,0.018,0.585,1.237
3950,-0.967,0.429,-0.673,-2.434,1.216
3951,1.315,0.753,-0.784,1.549,0.738
3952,0.508,-0.501,-0.017,0.581,1.331
3953,1.433,-0.763,-0.893,-0.441,-0.366
3954,0.011,-0.428,0.607,-0.702,-0.192
3955,0.838,-0.963,-0.367,-0.323,-0.308
3956,1.099,-1.133,-1.204,1.027,0.611
3957,-0.597,1.959,1.489,-0.867,-2.278
3958,0.73,-0.522,-1.048,0.125,-1.408
3959,-0.164,2.83,0.708,0.371,-0.522
3960,-0.575,-0.341,-0.589,0.985,-0.202
3961,1.776,0.802,1.565,1.162,1.489
3962,1.518,0.298,-0.777,0.013,-0.587
3963,0.099,-1.318,-1.228,-1.39,-0.027
3964,-0.194,-0.608,-0.629,-0.768,-1.031
3965,-0.093,-1.14,-1.342,-0.777,-0.825
3966,1.096,0.04,0.698,1.489,-0.28
3967,-0.639,-0.2,0.498,-0.328,1.48
3968,-0.219,-0.288,2.071,1.266,0.548
3969,-0.649,-0.693,-0.134,1.012,-0.63
3970,-0.035,-1.49,0.063,1.1,1.202
3971,0.218,-0.211,1.137,0.162,0.423
3972,-0.175,-0.007,1.032,1.927,1.837
3973,-0.277,-0.156,-1.355,-1.892,-0.987
3974,0.111,0.039,0.688,-0.291,-0.769
3975,-0.674,-0.453,1.064,-0.67,1.268
3976,2.163,-0.386,1.664,-0.693,0.146
3977,0.801,1.029,2.217,1.403,1.086
3978,-0.407,0.562,1.877,0.507,-0.835
3979,2.355,1.502,-0.079,0.595,0.553
3980,-0.423,-0.621,0.378,-0.289,-0.395
3981,-0.265,-1.114,0.177,-0.739,1.443
3982,1.372,1.105,0.435,-1.263,0.629
3983,1.29,2.716,-0.236,1.017,-0.705
3984,0.433,-0.388,-1.385,0.228,0.246
3985,-0.097,-0.644,-0.192,0.217,-1.122
3986,-1.062,0.708,-0.156,0.623,1.975
3987,0.434,-0.732,-1.406,2.149,-0.614
3988,-1.294,-0.168,1.602,-1.098,-1.37
3989,1.15,0.294,-0.557,0.058,1.062
3990,1.13,-1.986,0.682,-1.434,0.179
3991,0.921,-0.618,0.395,0.408,1.196
3992,-0.041,-0.13,-0.441,-0.56,-0.988
3993,-0.25,0.597,-1.049,-0.982,-1.221
3994,-0.564,0.153,-0.963,-1.541,0.464
3995,0.79,-0.551,-0.298,-0.632,-1.88
3996,-1.188,-0.642,1.021,-0.781,2.071
3997,0.919,0.155,0.158,0.48,-0.316
3998,-0.768,2.002,-0.183,0.051,0.077
3999,-1.235,-0.302,0.94,0.315,-2.023
4000,1.237,-0.823,0.842,-0.057,0.145
4001,-0.181,0.819,-0.077,0.66,0.358
4002,0.564,-0.224,-0.108,2.162,0.711
4003,0.02,0.323,0.437,0.63,-1.062
4004,-0.644,-0.338,-0.736,0.299,-0.718
4005,-0.787,-1.086,1.121,-0.401,-0.493
4006,-0.365,-0.613,-0.525,1.433,-0.684
4007,1.54,-0.948,0.633,1.113,-1.075
4008,-0.539,-0.426,2.5,0.135,-1.573
4009,-0.224,0.129,-0.604,1.165,-1.253
4010,0.812,0.752,0.044,0.696,-0.845
4011,-1.034,1.218,-0.689,-1.754,-0.392
4012,-0.986,0.129,1.401,1.032,0.626
4013,1.367,-0.489,0.264,0.078,-0.518
4014,0.558,0.049,1.412,0.735,-1.31
4015,-1.365,-0.886,-0.444,0.482,2.773
4016,1.827,0.209,-0.506,1.259,-0.995
4017,1.168,-0.124,-0.216,-0.932,1.518
4018,-0.371,2.025,0.036,-2.152,-0.295
4019,0.699,-1.925,0.84,-1.683,-2.451
4020,-1.146,-1.549,1.701,-1.205,1.354
4021,-1.234,0.275,-1.244,0.056,0.646
4022,0.662,1.507,-1.716,-2.117,-0.082
4023,-1.708,0.452,-1.4,-0.418,-0.731
4024,0.717,-0.284,-1.322,-0.368,0.737
4025,-0.497,0.613,-0.145,0.487,-0.959
4026,0.44,-0.591,1.411,-0.534,1.636
4027,-1.013,-0.501,0.871,-0.287,-0.137
4028,-1.249,0.303,0.192,-0.018,0.075
4029,-1.112,1.201,-2.329,-0.856,0.017
4030,0.042,-1.273,0.314,-1.049,1.139
4031,0.632,-0.654,0.96,0.648,0.485
4032,1.088,1.079,-1.245,0.79,-0.103
4033,0.439,-0.008,-0.524,0.047,0.133
4034,-2.435,0.32,0.056,-0.139,0.024
4035,-0.131,-0.078,0.382,-0.436,-0.449
4036,-0.819,-0.177,0.932,0.755,-0.577
4037,0.69,0.662,1.416,1.313,0.837
4038,-1.243,-0.01,0.527,0.109,-0.015
4039,0.639,-1.934,0.51,0.08,-0.314
4040,-0.226,-0.404,-1.041,-0.314,-0.894
4041,0.964,-1.399,-0.74,2.456,-0.033
4042,-0.91,-0.326,0.41,-0.508,-0.76
4043,0.5,-0.63,-0.512,0.232,-0.796
4044,0.597,1.349,-1.103,0.408,-1.551
4045,0.582,-0.647,0.642,-0.069,-0.176
4046,-0.022,-0.246,-1.969,0.349,-0.695
4047,0.084,0.353,-0.613,-1.07,1.223
4048,-0.617,0.176,0.349,0.275,0.637
4049,0.026,0.779,0.046,-1.069,-1.461
4050,1.532,-0.182,-0.429,0.012,-2.008
4051,0.606,0.705,-0.262,-1.771,-0.606
4052,0.438,0.563,0.64,-1.505,2.454
4053,1.318,0.65,1.592,1.025,0.121
4054,-0.143,0.218,-1.626,-0.546,1.221
4055,-1.397,-0.498,1.127,-0.735,0.568
4056,2.229,-0.155,-0.786,-1.363,0.776
4057,0.773,-1.222,1.382,1.175,0.193
4058,0.876,0.285,1.845,2.162,0.208
4059,-0.686,-1.069,1.654,-0.061,-0.758
4060,-0.069,0.308,0.627,-1.547,1.762
4061,-1.635,-0.49,-1.628,1.088,-0.902
4062,-0.021,-0.733,1.136,0.151,0.757
4063,0.119,-0.325,0.504,-0.452,-0.652
4064,1.242,-0.659,-0.093,-0.064,-0.41
4065,-0.295,-0.071,-1.642,-2.607,0.129
4066,-0.578,0.616,0.961,0.446,0.552
4067,0.187,-1.449,0.695,0.006,-0.108
4068,1.277,-0.766,-0.836,-0.322,1.083
4069,0.864,-0.462,-0.681,-0.155,1.262
4070,0.437,0.128,-2.17,-0.798,1.088
4071,-1.574,-0.02,-1.268,0.034,-0.383
4072,0.827,1.93,1.419,-0.086,0.637
4073,-1.593,1.471,1.158,0.292,0.079
4074,-0.643,0.316,-0.01,1.489,0.704
4075,-0.201,0.727,1.219,1.089,-0.263
4076,0.084,0.547,-0.47,1.732,-0.814
4077,0.079,-0.516,-0.574,-0.617,-1.19
4078,0.412,0.233,-1.123,-0.364,1.291
4079,-0.349,-0.237,0.14,0.166,-0.096
4080,0.255,-0.222,0.357,1.169,-0.074
4081,0.403,0.331,-1.682,0.085,-0.214
4082,1.127,1.35,1.095,0.336,0.396
4083,0.134,-1.009,0.159,1.247,-0.386
4084,0.395,-0.799,2.164,0.886,0.252
4085,-0.305,-2.503,0.298,-0.187,-0.393
4086,0.528,-1.154,-1.805,-0.497,0.739
4087,-0.274,0.563,-0.59,-0.391,0.575
4088,0.901,-1.471,-0.939,0.611,1.031
4089,0.155,0.722,-0.088,-0.032,-0.017
4090,-0.419,0.56,-0.081,-0.809,0.057
4091,-0.646,-1.506,0.123,-0.186,-0.334
4092,-0.971,-1.904,-0.62,0.331,-1.16
4093,-0.194,0.589,-0.406,-0.387,0.159
4094,0.262,-1.643,0.857,-1.389,0.412
4095,-1.843,-0.05,-0.592,-1.119,1.585
4096,-1.64,0.363,-0.475,0.245,-0.84
4097,-0.657,0.383,-1.276,-1.237,-0.021
4098,-1.232,1.869,0.346,0.022,0.334
4099,0.635,-1.78,1.673,-1.075,1.059
4100,-0.85,-0.516,0.463,-0.639,0.627
4101,-0.942,-0.933,0.109,-1.298,-0.062
4102,-0.225,-0.798,-0.118,-0.958,-0.913
4103,-1.521,0.604,0.498,0.661,2.22
4104,-1.813,-0.878,0.337,1.934,-0.532
4105,1.058,-0.207,1.675,1.021,-1.368
4106,1.537,0.124,1.067,-0.319,0.542
4107,-1.899,1.633,1.008,-0.03,-0.73
4108,-0.433,-0.024,1.128,-0.784,-0.043
4109,0.184,-1.413,-0.045,0.977,0.221
4110,-0.553,-0.162,-1.218,0.345,-0.91
4111,0.466,-0.184,1.671,1.874,2.017
4112,0.104,0.348,-0.043,0.008,-1.085
4113,0.127,0.493,-0.767,-0.434,0.244
4114,0.832,1.161,0.511,-1.307,0.821
4115,0.594,-0.712,-0.365,-0.307,-0.831
4116,-0.639,-0.339,-2.712,-0.032,1.299
4117,1.505,0.607,-1.439,-0.871,-0.826
4118,-0.171,-1.123,0.055,-1.125,-1.967
4119,0.313,0.427,-0.701,0.618,0.895
4120,0.108,-0.787,0.59,0.551,0.967
4121,-0.746,0.213,1.9,-0.411,-1.709
4122,-0.132,0.367,-0.108,2.426,-0.043
4123,-0.221,-0.387,0.419,1.096,0.635
4124,1.434,0.157,-1.212,-0.699,-0.018
4125,0.564,0.246,0.927,0.762,0.431
4126,-0.278,0.167,-0.671,1.289,-0.115
4127,0.249,0.804,0.617,-0.71,-0.966
4128,0.048,-1.467,-0.909,-0.339,0.018
4129,-1.689,-0.232,-1.433,1.308,-0.411
4130,0.056,-0.231,0.152,0.491,-1.264
4131,0.948,0.87,0.32,1.036,1.64
4132,1.165,-0.837,-1.064,1.281,0.526
4133,-0.452,1.738,-1.629,1.347,0.867
4134,1.833,0.246,1.07,0.186,1.835
4135,0.581,1.769,0.854,0.181,1.059
4136,-0.451,0.165,-1.631,0.134,-0.755
4137,-1.023,-0.556,0.09,-1.051,1.29
4138,-2.613,0.471,-0.099,-0.957,0.579
4139,-1.437,0.628,1.724,0.27,0.867
4140,-0.763,-1.502,-0.485,-0.053,0.213
4141,0.835,0.485,0.291,-1.141,-0.014
4142,1.789,1.426,-0.765,-0.059,0.326
4143,-1.571,-0.23,-1.064,0.186,1.758
4144,-1.473,-1.554,-0.897,-2.78,1.302
4145,-1.347,1.384,0.999,-0.042,-0.066
4146,1.243,-0.651,-0.032,0.012,0.277
4147,-1.019,1.165,-2.676,1.18,-0.981
4148,0.675,1.03,1.203,1.043,-0.151
4149,-1.689,1.455,0.427,-0.529,-0.576
4150,1.102,-0.484,1.391,0.194,-0.546
4151,-0.081,0.864,0.148,-0.987,-1.96
4152,-1.481,0.569,1.213,-1.067,-0.673
4153,1.392,1.707,0.504,-0.916,0.395
4154,-0.827,-0.464,0.803,-0.695,0.232
4155,-0.247,1.803,0.038,-0.266,-1.194
4156,-0.092,0.17,-0.484,-0.365,0.861
4157,1.417,-1.25,-0.288,1.656,-0.057
4158,-0.616,-1.629,0.126,1.45,0.379
4159,1.312,1.204,-2.682,0.191,-0.022
4160,1.108,-1.34,-1.699,-0.033,-0.556
4161,-0.465,0.521,1.343,-1.127,-1.186
4162,0.077,0.54,0.293,0.37,0.267
4163,1.174,1.621,-1.688,-0.445,-0.203
4164,-0.671,0.158,-0.799,0.811,0.166
4165,-0.279,-2.139,1.248,1.076,-0.184
4166,-1.524,1.464,0.252,-0.335,0.247
4167,-1.842,-1.715,0.142,-0.486,1.353
4168,-2.715,0.419,-0.531,-0.845,0.673
4169,1.389,-0.162,0.592,1.305,0.299
4170,1.459,0.47,1.024,1.364,-0.375
4171,-0.467,-0.17,-1.212,1.178,-0.855
4172,0.282,0.177,1.616,1.925,-0.284
4173,-0.22,-0.057,0.287,-0.698,-0.23
4174,1.09,-0.02,-0.207,-0.641,-0.714
4175,-0.714,-1.041,0.474,1.621,1.313
4176,-0.465,-0.408,-0.517,1.695,-0.521
4177,-1.449,-1.029,-1.828,-0.883,-0.306
4178,-0.009,-0.264,-1.969,0.207,0.756
4179,1.279,0.517,-1.896,0.806,-0.373
4180,-0.358,-0.731,1.072,-0.943,0.703
4181,-0.804,-0.117,-0.616,-0.297,2.017
4182,0.321,-0.123,-0.695,-2.015,0.058
4183,-0.168,-1.361,-2.58,0.115,-1.18
4184,-0.992,0.976,-0.176,-0.063,-1.788
4185,-0.649,0.786,-0.345,1.374,-0.262
4186,0.797,1.457,-0.008,0.375,-2.066
4187,0.774,-0.142,-0.625,-0.848,-1.285
4188,0.183,-0.111,-0.143,-0.149,0.446
4189,-0.809,0.836,0.041,1.004,-0.251
4190,-0.256,-0.603,1.127,1.155,1.136
4191,-0.301,-0.224,0.474,0.048,-1.336
4192,0.309,1.089,0.582,0.917,0.731
4193,0.782,1.672,0.064,-0.769,-0.215
4194,1.618,0.775,0.259,-0.743,0.173
4195,0.134,0.839,-1.689,-1.015,0.676
4196,-0.06,-1.702,-1.973,0.388,-0.53
4197,0.605,-1.633,-0.16,2.385,0.626
4198,-1.057,-0.45,0.564,-1.362,-0.165
4199,-0.271,-0.169,-0.71,-0.378,0.126
4200,0.905,-0.813,-0.861,-1.519,0.896
4201,-0.372,1.894,-0.744,0.574,0.104
4202,-0.016,-0.152,0.346,0.765,1.308
4203,-1.581,0.62,-0.887,-0.425,-1.076
4204,-0.028,-0.183,0.869,-1.055,-1.335
4205,0.253,0.861,-2.055,-0.666,-0.872
4206,-0.144,2.012,1.118,-0.061,1.466
4207,0.457,-2.388,-0.833,0.099,1.341
4208,-0.362,0.299,1.304,-1.081,0.108
4209,0.887,1.033,-0.051,-0.056,-0.588
4210,0.486,1.275,-0.29,0.539,1.432
4211,-0.34,-0.089,0.121,1.355,1.195
4212,0.465,-0.092,-1.477,0.323,-0.795
4213,0.351,-0.657,-0.406,-0.522,0.449
4214,0.154,0.103,0.005,0.284,-1.794
4215,-0.66,0.107,1.052,-0.116,-0.195
4216,0.597,0.122,-0.853,-0.785,0.449
4217,1.271,0.479,-0.081,-0.219,0.604
4218,-0.101,0.475,-0.222,-0.556,1.571
4219,-0.45,0.261,-0.151,-0.283,0.672
4220,-2.839,-1.105,-1.429,0.474,1.101
4221,-0.459,-0.007,0.571,0.626,-1.05
4222,-0.988,0.868,-0.607,-0.201,-1.33
4223,-0.629,0.83,-1.016,0.479,0.117
4224,-0.04,-0.114,-0.253,0.389,0.376
4225,1.414,0.988,1.08,0.179,0.442
4226,-0.275,-1.276,0.707,-1.583,-0.167
4227,-0.39,-0.968,0.034,-0.551,0.665
4228,0.217,0.261,0.108,-1.703,-2.278
4229,0.281,0.701,-0.127,0.189,-0.838
4230,1.507,0.458,0.239,0.511,0.126
4231,0.258,-0.369,0.423,0.428,-0.519
4232,-0.732,-0.908,0.56,0.491,0.829
4233,-0.429,1.367,0.746,0.226,-2.639
4234,0.001,2.257,0.295,1.413,-0.646
4235,0.572,-0.544,-0.383,-0.416,0.853
4236,-1.908,0.577,1.207,-0.243,0.627
4237,0.019,0.82,-0.048,0.589,0.866
4238,1.552,0.244,-0.275,0.51,-0.369
4239,-0.211,-0.258,-0.059,1.067,-0.26
4240,-0.524,1.079,-0.586,-0.363,0.46
4241,-0.139,-1.273,0.258,0.025,0.333
4242,0.354,-0.535,-0.57,-0.314,0.423
4243,-0.158,0.136,-0.39,-0.995,0.804
4244,0.337,0.604,-0.388,-0.773,-0.115
4245,0.693,0.315,-0.344,-0.618,1.111
4246,1.244,-0.342,1.256,0.309,0.171
4247,0.056,0.631,0.594,-2.757,-0.115
4248,-1.084,-1.712,-1.011,0.892,1.033
4249,-0.11,2.171,0.772,0.209,-1.799
4250,0.02,0.574,-0.318,0.436,-0.917
4251,-0.128,0.114,-0.346,-0.121,0.18
4252,0.108,0.44,2.065,-0.405,0.179
4253,-0.15,0.562,0.721,-0.065,1.161
4254,-0.461,-0.971,0.767,0.658,-2.441
4255,0.768,-0.334,-1.591,0.699,0.027
4256,0.315,-0.706,1.591,-0.771,0.703
4257,-1.956,1.804,0.89,1.505,1.037
4258,0.771,-1.551,0.458,0.252,-0.85
4259,1.671,2.16,0.714,-0.79,-1.293
4260,-0.721,0.898,-0.689,0.298,-0.539
4261,1.421,0.586,1.324,-0.875,-0.427
4262,0.689,0.19,1.435,-0.026,0.563
4263,-0.194,-0.383,-1.301,1.674,-0.629
4264,-0.605,-1.456,0.949,1.539,1.845
4265,1.628,0.21,-0.311,0.563,0.253
4266,0.543,0.746,-1.427,-0.808,-1.632
4267,-0.91,-0.186,1.466,-1.13,-2.499
4268,-0.418,0.095,1.45,0.71,-0.154
4269,-2.103,-0.324,-0.255,0.772,2.022
4270,-1.354,0.852,0.39,1.469,-0.193
4271,-0.948,-0.073,0.466,0.814,0.666
4272,-0.224,-2.626,1.636,-0.87,0.489
4273,-0.587,-0.136,-1.177,-0.121,1.345
4274,-1.263,0.178,-1.691,-0.457,0.33
4275,0.025,0.364,-1.253,0.262,1.162
4276,-0.039,0.506,0.544,0.886,0.747
4277,2.007,0.127,0.669,-0.148,0.638
4278,0.65,-0.251,-1.824,-0.567,0.858
4279,1.202,0.876,0.927,1.138,-0.605
4280,0.559,0.048,-1.428,-2.089,-0.055
4281,0.819,-0.434,0.533,-0.404,0.019
4282,-2.546,-0.58,3.165,-0.316,2.009
4283,0.941,1.11,0.481,-0.01,-1.641
4284,0.646,-0.771,0.699,0.897,-0.356
4285,-0.259,1.835,-0.948,0.534,-1.113
4286,0.68,-0.72,-0.066,0.675,1.59
4287,-0.498,-0.367,1.934,-0.308,1.224
4288,0.059,-0.62,-0.731,0.097,-0.647
4289,0.16,0.973,0.607,0.178,-0.131
4290,1.317,0.74,0.681,-0.076,-0.111
4291,0.289,0.084,0.064,-0.638,0.072
4292,1.263,-0.589,1.041,1.217,0.885
4293,-0.745,0.533,0.195,-1.791,0.069
4294,0.095,-0.095,0.991,0.467,-0.203
4295,0.604,0.74,-0.154,0.326,0.458
4296,-0.16,-0.688,1.141,1.626,0.02
4297,0.666,0.501,0.637,0.273,-0.468
4298,1.234,-1.006,-1.186,2.34,-0.909
4299,1.413,0.696,0.743,0.032,0.501
4300,-0.191,-1.139,1.336,1.098,0.044
4301,0.48,0.979,-0.291,-1.979,-0.528
4302,1.393,0.97,0.907,-1.41,-0.106
4303,1.03,-1.851,0.617,0.298,-1.49
4304,1.119,-0.123,-0.356,0.098,1.402
4305,-0.158,1.417,-0.337,-1.505,0.56
4306,-1.122,0.469,0.349,-1.316,-0.469
4307,-0.027,0.124,0.863,0.831,-0.489
4308,0.435,-0.598,-0.147,-1.247,0.932
4309,-0.624,0.436,0.017,-1.424,0.127
4310,-1.811,-0.241,-0.073,-0.283,-0.205
4311,-0.531,-0.677,-0.167,-0.341,-1.248
4312,1.133,-0.763,-1.571,-0.096,0.219
4313,0.383,-1.158,0.46,-0.108,-0.788
4314,-1.295,-1.755,-1.297,0.566,0.212
4315,-0.599,1.201,-0.778,-0.501,0.055
4316,0.708,-0.763,-1.988,-0.411,-0.408
4317,0.351,-1.852,1.364,-0.103,0.308
4318,-0.436,0.977,-1.073,-1.162,-1.07
4319,0.463,-0.171,0.183,0.636,0.655
4320,1.104,0.24,0.91,-0.83,0.421
4321,1.57,-1.173,0.313,-0.274,-0.276
4322,-1.143,-0.31,-1.076,0.989,0.788
4323,0.421,0.415,-0.517,-0.325,0.756
4324,0.791,0.094,0.905,1.958,-2.927
4325,-1.249,0.503,-0.123,-1.691,0.551
4326,-0.675,1.481,-0.562,0.928,-0.593
4327,0.736,0.506,0.747,-0.501,-1.332
4328,1.698,0.505,-0.573,0.072,-0.025
4329,-0.424,-0.389,0.149,0.871,2.578
4330,2.27,-0.201,0.635,0.535,0.315
4331,-0.436,-0.488,0.073,0.501,-1.165
4332,-0.456,0.202,1.644,-1.375,0.563
4333,0.887,-0.327,-2.091,-0.063,0.622
4334,0.004,0.647,-0.735,1.494,-0.965
4335,0.195,-1.93,-0.419,-1.873,-0.738
4336,1.177,-1.033,1.57,0.856,0.394
4337,0.295,-0.276,0.194,-0.973,-0.159
4338,-2.821,-0.36,0.831,-1.942,1.071
4339,0.485,0.571,0.488,0.691,1.377
4340,-1.275,1.129,0.964,-0.605,-0.159
4341,0.663,2.337,-0.951,-0.952,-0.055
4342,-1.511,-0.235,-0.248,0.743,-0.072
4343,0.842,-0.479,0.165,0.102,0.832
4344,-0.777,0.222,0.073,0.061,-0.225
4345,-1.75,0.258,0.339,0.002,0.159
4346,-1.616,-0.675,0.249,-0.715,0.769
4347,0.715,0.222,-0.153,-0.175,0.609
4348,-0.271,1.347,1.263,-0.17,-0.66
4349,0.868,0.294,0.887,1.002,0.564
4350,-0.844,-0.541,1.26,-1.495,-2.186
4351,1.215,-0.169,0.347,-1.098,2.102
4352,-0.113,-0.91,1.121,-1.26,-0.692
4353,1.266,0.635,-0.317,-0.017,1.386
4354,0.039,0.788,0.316,1.256,0.174
4355,-1.184,1.117,-0.555,0.12,1.109
4356,0.383,0.033,-1.168,-0.622,1.089
4357,-0.715,0.073,-0.279,-0.153,-0.005
4358,-0.721,0.517,0.625,-0.186,-0.589
4359,0.085,-1.788,-1.147,0.867,0.058
4360,-0.772,0.441,0.573,0.627,-0.3
4361,-1.602,-0.143,0.13,-0.238,-0.513
4362,-0.193,0.412,1.06,0.057,-1.43
4363,-0.213,-1.381,-0.64,-0.27,0.338
4364,-0.002,-0.02,0.465,0.432,-0.175
4365,0.008,-0.497,0.83,1.5,0.612
4366,0.502,-2.158,-0.671,0.618,-0.928
4367,-0.913,-0.306,-0.006,-0.158,0.469
4368,-0.689,-1.405,0.7,0.302,0.583
4369,1.401,0.802,-0.002,-0.094,2.364
4370,-1.882,0.435,-2.275,-1.341,-0.46
4371,0.149,-0.109,0.702,-0.696,0.296
4372,-0.948,-0.432,0.467,0.148,-0.223
4373,-1.745,-0.745,-0.153,-1.3,1.259
4374,-0.199,-1.363,1.148,0.988,-0.103
4375,-0.06,2.011,-0.994,0.242,-0.254
4376,-0.386,0.364,-0.537,1.329,-1.659
4377,-0.3,-1.273,-0.416,0.643,-0.933
4378,-0.326,-0.133,-0.529,0.792,1.566
4379,2.563,0.615,0.009,-0.006,-0.484
4380,0.168,0.138,-0.943,0.298,-1.049
4381,0.491,-0.635,1.418,1.39,1.413
4382,0.031,1.726,0.729,-0.85,1.291
4383,-1.276,-0.429,0.836,-0.404,1.364
4384,0.846,0.34,-0.469,0.113,2.373
4385,-0.284,-0.55,1.83,-0.403,-1.556
4386,0.006,0.648,1.568,-1.047,0.884
4387,1.161,0.686,0.048,0.582,-0.264
4388,-0.48,-0.528,-0.308,0.853,-0.646
4389,1.094,1.133,0.567,0.281,0.351
4390,-0.724,-0.449,2.033,-0.433,1.167
4391,-0.36,-1.013,1.862,-0.557,-0.145
4392,-1.409,0.733,-0.699,0.567,0.056
4393,0.104,-0.459,-0.89,0.67,0.915
4394,0.333,1.085,-1.982,-1.927,-0.44
4395,-0.906,0.221,-0.491,0.25,-0.032
4396,1.451,-0.047,-1.133,0.445,-1.502
4397,1.962,0.602,-0.781,0.682,-1.695
4398,-0.164,-0.207,1.285,1.293,-0.897
4399,1.703,0.301,-0.473,1.224,0.575
4400,-0.974,-1.091,0.761,-0.306,0.814
4401,-1.174,0.285,0.351,0.806,-0.767
4402,-0.111,0.508,-0.406,-0.403,-0.041
4403,-0.799,-0.952,0.847,-0.209,0.54
4404,0.075,-0.749,1.452,0.296,-1.399
4405,0.491,1.281,0.219,1.134,0.731
4406,-0.199,-1.368,1.572,-0.908,0.22
4407,0.058,-0.121,-0.117,0.966,-0.652
4408,-0.578,1.212,0.883,-1.077,-0.003
4409,0.685,0.712,-1.434,2.235,0.591
4410,-0.834,0.469,0.859,-1.499,-0.701
4411,2.704,-0.037,-0.888,-0.141,-0.34
4412,0.718,0.48,0.697,1.376,-0.121
4413,0.461,-0.28,2.275,-0.107,-1.16
4414,-1.384,1.58,-0.17,-1.421,-0.471
4415,0.417,0.923,0.613,-0.132,-0.455
4416,0.435,-0.843,0.24,1.085,0.971
4417,-0.132,0.436,1.584,1.087,-2.021
4418,1.226,0.431,-0.437,-1.591,-0.899
4419,1.904,-1.625,0.047,1.873,-1.19
4420,0.229,-1.035,-0.139,0.096,0.549
4421,-1.792,-1.21,0.374,-0.192,-0.224
4422,-1.632,0.177,0.383,0.157,-0.608
4423,-0.884,-0.618,-0.963,0.242,0.922
4424,0.614,-1.05,0.493,0.017,0.675
4425,0.398,0.278,-0.899,0.479,0.142
4426,-1.819,-2.097,2.557,-0.305,-0.25
4427,0.053,-0.743,1.699,0.676,-0.966
4428,1.757,0.327,-2.018,-0.941,-0.746
4429,0.487,0.473,0.505,-0.075,0.683
4430,0.773,1.11,-0.301,-0.96,-1.279
4431,-0.595,-0.464,0.709,-0.718,-0.341
4432,0.133,1.012,-0.793,0.556,-0.031
4433,-0.899,0.056,-0.904,-0.984,-1.177
4434,0.151,0.317,0.376,0.616,0.113
4435,-0.339,-1.034,-0.849,-0.372,1.374
4436,-0.245,-0.421,0.114,-0.388,-0.32
4437,-1.858,-0.056,0.757,-1.017,-0.176
4438,0.121,-0.637,0.123,-0.3,-1.425
4439,-0.672,0.168,-0.74,-0.548,0.538
4440,0.239,-0.839,0.042,0.132,0.119
4441,-0.701,1.246,0.735,0.845,0.585
4442,0.972,0.093,0.777,0.363,1.01
4443,1.188,1.117,0.866,0.751,0.879
4444,1.014,-2.089,-0.412,0.892,-0.37
4445,-0.204,0.724,-0.674,-0.332,0.656
4446,0.25,2.6,-0.019,-1.348,-3.145
4447,1.301,-2.069,1.086,2.171,-1.836
4448,0.793,1.249,-0.747,-0.327,-0.702
4449,0.301,-0.039,1.48,-0.021,0.255
4450,0.015,0.25,1.016,-1.56,0.848
4451,-0.798,-0.606,-2.154,0.146,-0.632
4452,-1.341,-0.119,-1.067,0.494,0.613
4453,0.76,-0.023,0.57,1.077,1.287
4454,-0.574,0.921,0.18,-1.036,-0.278
4455,-0.348,-0.311,-0.3,-0.979,0.158
4456,0.142,0.469,-0.738,1.312,-1.27
4457,0.946,1.764,-0.075,-1.125,-0.557
4458,0.084,1.897,0.507,-0.091,1.17
4459,1.691,0.567,-0.071,0.019,-1.567
4460,-1.089,0.017,-1.355,-1.288,-1.072
4461,-0.949,1.161,1.207,0.412,-0.888
4462,-0.719,1.006,0.173,-1.121,0.392
4463,-1.045,1.489,-1.132,-0.35,1.679
4464,0.334,0.863,1.58,-0.406,-1.243
4465,-0.641,0.256,-0.231,1.63,-0.094
4466,-1.53,0.541,0.083,-0.998,-1.192
4467,0.561,-0.063,0.856,0.925,-0.99
4468,0.287,-0.645,0.083,-1.572,-0.142
4469,-1.249,-1.966,0.097,1.729,-0.22
4470,1.295,-1.463,-0.354,0.758,-1.2
4471,-0.8,0.618,1.404,-0.513,0.622
4472,-1.008,-0.161,-0.747,1.768,-0.379
4473,1.283,0.742,0.481,-0.433,-1.316
4474,0.675,-1.89,0.917,0.567,-1.994
4475,0.052,-0.216,1.012,-0.421,0.043
4476,0.115,0.938,-0.461,-1.43,0.676
4477,0.503,-0.436,1.523,0.907,-0.341
4478,-0.312,-0.301,-1.855,-0.189,1.408
4479,-0.066,0.468,1.659,1.867,-1.932
4480,-0.232,-0.244,1.66,-0.252,-0.476
4481,0.313,-0.118,0.559,-1.065,-2.799
4482,1.13,-2.099,-0.332,0.357,0.808
4483,0.912,-0.092,0.802,0.028,0.815
4484,-0.807,0.196,-0.889,-0.819,-0.585
4485,0.398,-0.202,0.507,-0.566,-0.492
4486,-0.327,1.874,0.13,0.467,-0.384
4487,0.863,-0.77,-0.591,1.068,1.186
4488,-0.041,-0.274,-1.003,1.335,0.996
4489,1.117,0.515,0.546,-2.866,0.53
4490,-0.462,-1.654,-0.383,-1.218,1.611
4491,-0.137,1.043,-0.366,-1.193,2.094
4492,0.065,0.125,-0.684,-0.7,-0.044
4493,0.859,0.037,-2.0,-1.211,-0.212
4494,-0.017,0.708,-0.781,0.639,-2.024
4495,1.073,0.135,0.101,-1.252,0.722
4496,1.312,-0.449,-0.753,-0.353,-1.031
4497,0.177,-1.109,0.814,0.247,-0.464
4498,-0.562,-1.615,-0.746,-0.71,1.584
4499,1.097,-0.226,-0.261,-0.636,0.366
4500,2.377,0.352,1.565,0.24,-0.811
4501,-0.092,-0.137,1.02,-0.058,-0.367
4502,-0.093,0.407,0.892,-1.192,-0.301
4503,0.766,-0.84,-0.062,-2.043,-1.623
4504,0.174,0.11,0.351,1.059,-0.068
4505,-0.72,-1.044,0.856,-0.208,-0.806
4506,0.742,-0.044,1.514,0.261,-1.175
4507,1.279,-0.41,0.008,1.53,-0.743
4508,-0.274,1.094,-0.481,0.607,1.871
4509,-0.385,-0.401,1.048,-1.665,-0.429
4510,-1.103,-0.663,1.393,-0.948,0.579
4511,0.851,0.033,-0.143,-0.976,-1.34
4512,-0.237,-1.5,-0.954,0.229,-0.281
4513,0.121,-0.287,0.224,-0.99,-1.172
4514,2.008,1.532,-0.082,0.84,-1.233
4515,-0.407,0.731,-0.734,-0.168,-0.261
4516,0.691,-0.282,-0.891,-0.613,-0.211
4517,-1.106,-1.412,0.975,0.386,1.277
4518,0.72,1.023,0.727,-2.238,-0.161
4519,-0.046,-0.814,1.017,1.139,-0.221
4520,0.81,-0.906,0.217,-1.163,0.186
4521,0.269,0.611,0.319,1.13,1.155
4522,0.979,-0.106,-0.119,0.288,-0.423
4523,0.646,-0.618,-0.117,1.192,1.225
4524,0.319,1.944,-0.479,1.631,-0.552
4525,-1.406,0.924,0.064,0.561,1.473
4526,-1.266,0.533,2.414,-1.857,-0.387
4527,0.474,-0.521,0.43,0.202,-0.484
4528,2.353,1.073,0.353,1.236,-0.334
4529,0.731,-0.797,1.185,0.103,-0.769
4530,1.072,-0.473,-0.251,-0.883,-0.336
4531,-0.542,1.338,-1.541,0.603,-0.166
4532,1.124,0.306,-1.82,0.942,2.223
4533,0.57,0.379,-0.501,-0.593,-1.403
4534,-1.348,0.944,0.128,0.319,0.32
4535,-1.095,-0.733,0.783,-2.04,-0.479
4536,-0.06,0.975,1.944,-3.094,1.403
4537,1.107,0.281,0.163,0.524,1.351
4538,0.275,2.775,0.36,1.161,0.575
4539,1.753,0.66,0.524,-1.556,0.02
4540,-0.651,1.735,-0.856,1.514,0.301
4541,1.482,0.775,1.224,0.247,-1.512
4542,0.447,-0.539,1.86,-0.384,-0.14
4543,-1.019,1.104,1.361,-0.032,-0.139
4544,-0.449,-0.729,0.842,-0.886,-1.039
4545,-0.527,-0.72,0.805,-1.082,0.361
4546,0.197,0.02,-2.873,0.406,0.59
4547,-0.169,0.177,-0.654,1.995,2.209
4548,-0.245,-0.033,-1.223,-2.268,-1.614
4549,-0.29,-0.692,0.877,-1.102,3.618
4550,-1.571,-1.923,-0.265,-2.228,0.316
4551,-1.216,-0.874,-0.265,1.003,0.802
4552,1.623,-0.431,0.912,0.36,-1.413
4553,1.063,-0.757,0.461,0.95,1.228
4554,0.028,0.423,0.334,-0.575,-0.18
4555,-0.148,0.358,-0.223,0.421,0.905
4556,-0.315,1.307,-0.676,-0.667,1.174
4557,1.211,-0.728,1.498,-0.605,-0.478
4558,-0.469,0.878,-1.749,0.096,0.007
4559,0.543,-0.193,0.807,1.153,-0.24
4560,1.049,-0.494,1.082,-0.754,0.625
4561,0.349,0.286,-1.727,0.392,-0.211
4562,-0.918,0.519,-0.136,-0.637,1.312
4563,1.021,1.243,0.175,-0.592,1.355
4564,0.115,-0.711,-1.186,1.272,-1.607
4565,0.224,-0.819,-1.176,0.474,-0.522
4566,0.427,1.331,0.571,0.775,1.945
4567,-0.285,0.503,0.703,-0.77,1.477
4568,-0.491,-0.451,0.781,-0.045,-0.656
4569,-0.108,0.808,-0.667,1.413,-0.215
4570,-1.478,-0.203,0.281,1.379,0.849
4571,0.389,0.327,-1.237,0.581,-0.15
4572,0.962,-1.137,-1.062,2.179,0.28
4573,0.004,-1.051,0.336,-0.795,2.041
4574,-0.295,-0.872,-0.696,1.178,-0.172
4575,-1.106,-0.053,-0.965,-0.53,-0.158
4576,0.873,-0.59,-0.293,-0.207,0.786
4577,0.367,0.62,0.513,0.388,0.221
4578,0.314,-0.968,-0.612,-1.552,-1.024
4579,0.691,-1.647,2.168,0.087,-0.615
4580,0.346,-0.473,-2.019,-0.461,0.017
4581,-0.497,-0.847,-0.1,1.742,0.79
4582,0.823,-0.013,-0.337,-1.173,1.424
4583,1.913,-1.035,-1.324,0.931,-0.609
4584,-2.096,0.684,0.589,-0.611,-1.563
4585,0.221,0.255,0.737,-0.215,-0.946
4586,0.246,-0.661,0.512,-0.623,-0.496
4587,-1.023,-0.87,-0.874,-0.807,0.607
4588,1.051,0.95,-1.216,0.911,-0.797
4589,1.021,-1.063,-1.977,0.066,-1.262
4590,0.771,0.107,0.304,-1.323,-0.632
4591,-0.791,-0.262,0.714,0.663,-0.095
4592,-0.324,0.33,-0.504,0.263,2.597
4593,1.476,-0.882,-1.271,-1.468,-1.326
4594,-0.999,1.607,1.943,-0.279,1.044
4595,1.213,-1.339,1.386,1.624,0.494
4596,-0.743,0.334,0.897,1.819,-1.101
4597,-2.011,0.714,-0.732,-0.504,1.154
4598,0.171,0.403,0.448,-0.177,-1.914
4599,0.97,0.441,0.891,-0.134,-0.164
4600,1.264,-0.317,-0.179,0.116,-0.605
4601,-0.262,-0.813,0.422,-1.283,1.796
4602,1.291,0.064,0.145,-0.124,-0.047
4603,0.089,-0.469,0.229,2.056,-1.886
4604,-0.378,1.108,0.493,-0.163,0.21
4605,0.242,1.186,1.358,-1.24,0.406
4606,1.679,-1.267,-0.886,-0.175,-1.427
4607,0.534,1.042,1.98,-0.313,1.052
4608,-0.414,0.381,0.611,-0.562,-0.654
4609,0.576,0.397,0.991,-0.434,1.469
4610,1.518,-1.522,-1.281,1.609,1.439
4611,-0.433,0.906,-1.152,-1.364,-0.422
4612,0.595,-0.45,0.996,-0.325,-0.942
4613,-0.03,0.017,1.488,1.584,-0.094
4614,0.425,0.312,-1.296,-0.538,0.888
4615,1.301,-1.826,2.127,0.187,-0.916
4616,0.088,0.548,-0.754,0.54,1.691
4617,0.667,2.101,0.258,2.942,1.529
4618,1.687,-0.652,1.41,-0.424,-1.949
4619,-0.404,-0.321,-0.777,-0.083,0.651
4620,-1.297,0.728,0.703,-1.035,1.729
4621,-0.188,-0.445,0.875,-1.852,-0.366
4622,0.336,-1.275,-1.881,-1.854,0.289
4623,-0.23,1.249,-0.891,0.273,1.121
4624,-0.967,1.631,-0.769,-0.16,-0.006
4625,-0.768,2.418,-1.958,-0.263,-1.745
4626,-1.279,-1.109,-0.457,-0.206,-1.079
4627,-0.16,-0.304,0.337,-1.493,0.182
4628,-1.446,0.376,0.728,-1.009,2.122
4629,-0.365,0.471,-0.28,-1.888,0.011
4630,-0.524,-0.597,0.632,-0.945,-0.105
4631,0.531,-0.258,0.048,1.863,-1.677
4632,-1.545,-1.827,-1.079,0.979,1.465
4633,0.227,0.869,-0.43,-1.41,2.442
4634,0.05,1.037,-0.351,1.743,2.967
4635,-1.067,-1.068,-1.053,-1.938,0.828
4636,0.607,0.419,0.414,-1.139,0.136
4637,1.499,0.752,-0.785,0.694,0.944
4638,0.42,0.213,-0.087,-0.572,1.039
4639,1.364,-0.092,-0.364,-0.719,0.313
4640,0.759,0.861,-1.212,0.278,1.042
4641,-1.037,-1.045,-0.704,1.042,1.053
4642,-0.952,0.432,-1.564,0.035,-0.335
4643,0.951,0.889,-0.028,-0.371,-2.293
4644,0.85,-0.955,1.171,0.927,-0.29
4645,0.91,-1.243,-0.784,-0.281,-2.628
4646,-0.735,0.381,-1.001,0.275,0.053
4647,0.122,-1.526,-0.009,0.417,0.506
4648,-1.142,-2.458,0.155,2.001,0.519
4649,-0.435,0.468,-0.074,1.569,-0.531
4650,0.425,0.047,-0.849,-0.357,-0.821
4651,-1.358,0.349,0.797,0.814,0.897
4652,0.174,-1.368,0.788,0.273,-0.375
4653,-1.145,0.84,1.439,-0.765,-0.744
4654,-0.048,0.866,-0.758,-1.638,-0.129
4655,-0.401,2.095,0.034,0.211,0.139
4656,-0.221,0.52,1.715,-1.113,-0.803
4657,2.84,2.084,0.775,-1.166,0.818
4658,-0.425,-0.452,-0.052,-0.364,-0.522
4659,-0.224,0.404,1.158,-0.715,0.172
4660,-0.883,0.171,-0.703,1.096,-0.165
4661,0.582,0.631,0.785,0.894,-1.007
4662,0.276,-1.426,-0.643,-0.138,-0.211
4663,-0.312,0.083,0.179,0.344,-0.497
4664,-1.495,-0.278,0.48,-0.19,-0.89
4665,0.192,-1.371,-0.372,-0.535,-0.512
4666,0.369,-0.31,-0.688,1.199,-1.586
4667,1.506,-1.82,1.078,-0.794,1.039
4668,1.434,-0.972,0.117,0.643,-1.768
4669,-1.558,1.01,-0.137,-0.66,-0.377
4670,-0.009,-0.204,1.096,0.244,0.553
4671,1.215,-0.392,-0.763,-0.758,-1.976
4672,1.647,1.462,-0.548,-1.003,-0.652
4673,1.944,1.299,-0.27,0.451,-1.752
4674,0.334,-0.431,1.34,-0.221,1.473
4675,1.463,-1.467,-0.754,0.714,1.846
4676,-0.128,0.549,-0.819,-0.182,-0.254
4677,-1.258,0.318,0.984,-1.32,-0.039
4678,-1.223,1.252,0.098,1.165,0.376
4679,-0.037,-0.177,-0.922,-0.073,0.255
4680,0.428,-0.092,2.03,0.364,0.185
4681,0.448,1.087,-2.179,1.76,0.182
4682,1.102,-1.942,-0.963,-0.459,1.492
4683,1.359,-1.11,0.251,-0.26,-0.842
4684,1.211,-0.849,1.433,0.254,-0.777
4685,0.844,-0.212,-0.274,-0.847,-1.55
4686,-3.15,0.775,0.266,1.578,-0.108
4687,-0.218,-0.731,1.605,0.92,0.544
4688,0.59,0.942,-0.282,0.036,0.481
4689,-1.877,0.305,0.02,-1.282,-1.912
4690,-0.426,-0.87,-1.599,0.138,0.332
4691,-0.517,0.111,-0.06,1.754,0.112
4692,-0.569,0.155,-0.74,-0.622,-1.665
4693,-0.087,1.788,0.193,1.203,1.461
4694,-0.517,0.366,-0.94,1.118,-0.159
4695,1.793,-0.126,-1.221,0.237,-0.211
4696,1.717,1.068,-0.458,0.446,-0.738
4697,0.031,0.536,1.801,0.118,0.193
4698,0.026,-2.026,0.348,1.275,-0.032
4699,0.989,-0.273,0.08,-1.214,1.469
4700,1.034,-0.094,1.353,0.622,1.677
4701,-0.301,-0.314,-1.117,0.454,-0.651
4702,0.935,0.574,-2.001,-1.484,-0.636
4703,1.557,-0.566,-0.368,1.271,1.481
4704,-0.774,0.982,-0.925,0.092,-0.162
4705,0.472,-0.069,0.866,0.825,-0.75
4706,-0.707,0.432,1.072,-0.291,-1.113
4707,-0.642,0.381,0.173,1.535,-1.213
4708,-0.562,1.108,1.532,-1.458,-1.737
4709,-0.811,1.193,1.255,0.566,0.137
4710,-0.058,0.505,2.747,-0.874,-1.846
4711,-1.293,-0.499,1.056,0.284,-0.647
4712,-0.327,-0.332,-0.414,-1.318,-0.379
4713,-1.461,0.033,0.109,-0.03,-1.437
4714,-0.325,-0.034,-0.965,-0.123,-0.625
4715,-1.076,0.325,0.175,-1.154,-1.182
4716,-0.438,1.98,-0.776,-1.101,1.379
4717,-1.908,0.888,1.184,-0.066,-0.525
4718,-0.75,-2.361,-0.422,0.482,-0.273
4719,-0.336,-1.353,-0.38,-0.062,-2.221
4720,-0.232,-0.783,-0.338,-0.086,0.155
4721,-0.675,-1.165,0.71,1.741,0.097
4722,0.856,-0.05,0.883,-0.368,0.224
4723,2.539,-1.756,0.254,-0.562,0.338
4724,-0.048,0.03,-0.738,1.356,-0.099
4725,-1.087,0.077,1.096,-0.63,-0.613
4726,1.849,0.875,0.327,0.355,0.053
4727,0.092,-0.025,-1.176,-1.834,-0.284
4728,1.203,-0.327,-0.151,0.85,-0.142
4729,0.664,-0.356,-1.186,1.342,0.31
4730,-1.05,1.228,-1.198,-0.424,-0.015
4731,-0.881,-0.193,-0.187,0.297,0.467
4732,1.157,-1.752,0.385,0.484,-1.062
4733,-1.456,-0.113,2.485,-0.761,-0.235
4734,0.816,0.342,-0.826,1.68,-0.805
4735,-2.009,0.724,0.754,0.682,1.282
4736,0.184,-0.23,0.089,0.592,-0.28
4737,-0.563,1.434,0.441,-1.089,1.129
4738,-0.032,0.705,-1.975,1.446,0.019
4739,-0.495,-1.864,0.063,1.22,-1.145
4740,1.815,-1.323,0.652,0.946,-0.074
4741,-0.773,0.531,0.079,1.749,-0.211
4742,1.393,0.274,0.213,1.013,1.589
4743,-0.625,-1.289,0.282,-0.275,-0.233
4744,-0.697,2.536,1.071,0.372,0.532
4745,0.548,1.218,-0.492,-1.784,-1.906
4746,-1.919,-1.462,-0.37,1.491,1.041
4747,-0.377,0.883,-0.119,-0.51,1.081
4748,-0.151,0.522,0.317,0.039,0.4
4749,-1.164,0.129,0.563,0.847,0.572
4750,-0.055,-0.596,0.366,0.155,-0.579
4751,0.995,-0.429,1.836,-1.126,1.562
4752,1.812,-0.469,-0.757,-1.067,-1.999
4753,0.002,0.57,-0.022,0.948,0.544
4754,1.174,-1.502,-0.765,0.574,-0.695
4755,1.056,1.026,1.81,1.51,-0.731
4756,-1.291,0.114,0.776,0.958,1.364
4757,-0.325,0.263,-0.498,0.22,-0.192
4758,-0.343,-2.296,-0.881,-0.017,0.84
4759,0.343,2.284,-0.859,-1.139,-0.435
4760,1.164,-0.304,1.7,-0.277,-0.964
4761,-0.532,-1.281,-1.986,0.786,1.254
4762,1.998,1.237,-0.785,1.284,2.611
4763,-0.485,-1.484,1.495,0.298,0.412
4764,0.09,-1.651,-0.581,-1.361,0.485
4765,-0.436,-0.452,2.216,0.282,0.625
4766,-1.038,-0.242,-1.007,-1.127,0.103
4767,0.51,-0.568,0.581,-0.028,0.001
4768,0.332,1.258,-0.274,-0.846,0.917
4769,-0.688,-1.118,-0.737,-0.559,1.216
4770,-0.697,-1.007,-0.186,-0.324,-0.61
4771,0.625,-0.182,-1.309,0.58,-0.433
4772,2.109,-0.618,0.674,1.152,0.598
4773,0.562,-0.271,0.652,-0.253,-0.267
4774,-0.917,-0.608,0.155,-0.87,-0.384
4775,-0.599,-1.472,-1.833,0.949,-2.093
4776,-2.288,-0.142,-0.789,-0.87,-0.077
4777,2.245,-1.59,-0.644,-0.953,0.714
4778,-0.113,-0.494,-0.35,-1.064,-0.866
4779,1.541,-0.227,1.098,1.74,-0.779
4780,1.106,-0.547,0.092,-0.669,0.547
4781,-1.381,0.189,-1.262,0.513,0.159
4782,0.581,0.381,1.68,-0.551,1.311
4783,0.299,-1.633,-0.223,-0.863,1.156
4784,-0.686,-0.046,0.321,-0.766,-0.994
4785,-0.996,1.56,0.682,-1.236,0.806
4786,0.547,0.413,-0.298,-1.079,-1.478
4787,0.259,-0.847,-0.35,-0.732,-0.124
4788,0.107,0.864,-0.343,0.562,0.045
4789,0.016,0.811,-0.486,0.88,0.1
4790,2.384,1.286,-0.676,3.297,0.943
4791,-1.045,-1.885,0.607,-0.785,0.096
4792,0.526,0.252,-0.838,2.332,-1.6
4793,-1.263,-0.45,1.465,-0.304,1.462
4794,-1.331,1.09,0.298,1.716,0.006
4795,0.913,-1.425,0.541,-1.536,-2.116
4796,-0.882,1.0,0.368,0.232,-0.547
4797,-0.051,-2.597,-0.581,0.086,0.533
4798,-0.372,-0.358,-1.102,0.836,-0.303
4799,0.493,-0.398,1.28,1.72,-1.324
4800,2.029,0.594,0.503,0.584,2.115
4801,-0.023,0.431,0.893,-0.213,-1.459
4802,-0.902,1.369,0.273,0.256,1.479
4803,-0.637,0.638,0.282,-1.024,0.41
4804,-1.976,0.73,1.086,1.094,1.476
4805,1.158,0.873,1.27,-2.633,0.608
4806,-0.829,-0.637,-0.768,-0.487,0.92
4807,-0.36,-0.868,1.681,-2.025,-0.836
4808,1.142,1.069,0.448,1.788,-0.857
4809,-0.765,-0.793,1.062,0.355,-0.246
4810,-0.609,0.309,-0.167,0.111,-0.733
4811,0.673,-0.305,-0.328,0.615,-1.362
4812,-0.974,-0.87,0.278,-0.02,0.913
4813,-1.748,0.668,0.685,0.655,-2.097
4814,-0.537,-1.359,-0.962,0.374,-1.444
4815,1.994,0.758,1.243,0.365,-0.237
4816,1.125,0.337,1.461,1.077,-1.157
4817,0.149,1.443,1.435,1.11,-0.116
4818,0.179,0.493,2.233,0.408,-0.229
4819,-0.504,1.421,-0.43,0.257,-1.065
4820,-1.384,-0.02,-0.018,-0.154,-1.47
4821,-2.447,-0.155,0.054,1.726,-0.571
4822,-0.286,-0.958,-0.962,0.556,-3.089
4823,-1.255,0.991,1.52,-0.328,-0.313
4824,0.312,0.97,-0.612,-1.509,-1.37
4825,-0.263,0.238,-0.2,2.22,0.441
4826,-1.673,0.144,-0.549,-1.46,0.38
4827,1.715,-0.909,0.032,-0.36,-0.274
4828,0.816,-0.25,0.608,0.659,1.186
4829,0.611,1.669,-0.953,0.234,-1.522
4830,-0.075,-0.389,0.237,-0.484,1.652
4831,1.098,-1.213,0.263,-1.142,-0.251
4832,-1.239,-1.664,0.117,-0.122,1.751
4833,-0.109,0.114,-0.527,-1.115,-0.561
4834,0.776,0.879,1.714,-1.178,0.23
4835,-2.089,-0.631,-0.46,-2.851,1.351
4836,0.189,-0.409,-0.368,-0.364,-1.721
4837,0.169,-1.233,1.586,-0.772,0.94
4838,-0.613,-1.503,-1.254,-1.425,0.397
4839,-0.247,0.834,-0.154,0.54,0.355
4840,1.088,2.023,0.369,-0.224,0.088
4841,0.147,-0.842,0.049,-0.781,-1.048
4842,0.396,0.329,-2.457,-0.197,-0.255
4843,1.28,0.083,0.83,0.197,0.529
4844,-1.047,-0.233,-0.466,-0.945,-1.188
4845,1.28,-1.19,0.555,-0.426,-0.757
4846,0.318,-0.142,0.257,-0.088,1.261
4847,-0.576,-1.1,-0.526,-2.009,-0.665
4848,-1.663,2.558,0.599,0.233,0.671
4849,0.755,1.934,0.075,1.002,-0.267
4850,1.174,0.866,-1.456,0.364,-1.351
4851,-0.919,-0.164,-0.909,1.232,-0.728
4852,-0.023,-0.237,-0.786,1.703,-0.093
4853,1.185,-0.815,1.768,-0.111,-1.109
4854,-0.128,0.258,-0.167,0.314,1.247
4855,-1.61,-0.036,0.657,-0.752,-0.392
4856,0.055,0.074,-0.137,1.423,-0.545
4857,-0.435,1.189,-1.127,0.002,0.295
4858,-1.11,-1.321,-1.096,1.896,1.059
4859,-0.343,0.339,-0.526,2.797,1.629
4860,-0.364,1.067,-0.826,-0.51,0.679
4861,0.159,-1.722,-0.391,0.539,-0.245
4862,0.249,-2.223,0.31,-0.204,-2.239
4863,0.517,-0.213,2.531,-0.148,-0.909
4864,0.027,-0.545,0.815,0.159,-0.614
4865,0.176,0.061,-0.591,1.378,0.69
4866,-1.368,1.467,-0.526,0.149,-0.953
4867,-0.005,-0.805,-1.728,0.237,0.541
4868,0.845,0.472,-0.079,0.315,-1.003
4869,0.158,-1.84,0.739,1.635,2.28
4870,-1.513,-0.637,-0.136,-0.057,1.284
4871,1.836,-0.226,-0.677,1.724,1.449
4872,0.505,-0.057,1.107,1.053,-0.366
4873,-0.134,1.41,-1.741,0.201,-1.324
4874,1.396,-0.716,0.092,0.437,-1.003
4875,-1.359,0.59,0.685,0.383,0.654
4876,0.523,-0.834,-0.438,-0.997,0.544
4877,-2.61,0.581,-0.619,-0.46,-0.545
4878,0.103,-0.145,-0.57,-0.365,-0.278
4879,-1.092,0.629,-0.267,-0.106,1.35
4880,-0.749,0.072,-1.598,0.315,-1.894
4881,-0.676,-0.487,-1.1,1.486,-1.494
4882,0.244,-0.194,-0.83,0.261,0.769
4883,-0.06,-2.742,-1.063,0.543,-1.035
4884,-0.618,-0.119,1.235,-0.556,-1.304
4885,-0.541,0.482,1.873,-0.253,1.066
4886,-0.089,1.522,1.669,0.767,-0.121
4887,-1.304,-2.431,-0.178,-0.372,-1.861
4888,-0.618,0.644,0.754,-0.496,0.232
4889,1.637,0.297,-0.237,-0.122,-1.173
4890,-2.248,-0.27,0.473,-0.627,1.344
4891,0.9,0.978,1.269,-0.559,-0.45
4892,-0.908,-1.043,1.482,-1.182,-2.064
4893,-1.373,0.636,0.124,-1.073,0.161
4894,-1.438,0.774,-0.324,-1.414,0.904
4895,0.422,-0.487,2.038,0.339,1.039
4896,0.464,-0.535,-0.579,-0.904,0.942
4897,0.947,-0.937,0.17,-1.063,0.784
4898,-0.908,1.273,2.148,-1.148,-1.572
4899,0.986,-0.843,-0.331,1.635,0.211
4900,-0.069,0.15,2.349,0.033,-0.401
4901,0.136,-0.622,-1.088,0.395,0.509
4902,-1.047,-0.77,0.632,-1.808,-0.571
4903,1.067,0.509,0.758,1.079,-0.267
4904,-0.624,-0.148,0.626,0.417,0.954
4905,-1.427,0.595,-0.287,1.505,-1.16
4906,0.944,1.057,1.054,1.146,-1.523
4907,-0.127,-0.53,0.717,-0.228,0.403
4908,-0.172,1.513,-0.103,-0.942,0.11
4909,0.815,0.078,0.318,1.972,1.503
4910,-0.306,-0.423,0.153,0.686,-1.734
4911,-0.287,0.339,-0.191,0.727,-0.951
4912,-0.992,-1.639,-0.811,0.726,-1.215
4913,-1.338,1.099,0.483,0.894,0.16
4914,0.011,0.651,-1.188,0.998,-0.251
4915,-0.33,0.376,-1.787,0.632,0.582
4916,0.034,-0.496,-0.147,0.047,-0.076
4917,-0.243,0.47,-0.657,-1.207,0.248
4918,0.107,0.198,-0.197,-0.667,-2.034
4919,0.45,-1.294,0.949,0.294,-0.527
4920,-0.236,1.58,0.936,0.227,1.049
4921,-0.387,-1.169,1.026,0.325,0.096
4922,-1.231,-0.339,-0.9,-1.575,-1.234
4923,-0.295,-0.376,-1.476,-0.355,1.437
4924,0.543,-0.933,0.623,-1.899,-0.519
4925,0.623,0.921,2.04,0.868,0.189
4926,-1.286,0.228,-0.843,0.307,3.262
4927,-0.05,0.506,0.138,-1.034,-0.215
4928,0.261,-1.421,-0.908,-1.273,-0.205
4929,0.508,0.279,-2.163,0.35,0.202
4930,-1.069,-0.245,0.899,-0.346,-0.476
4931,-0.593,-0.482,1.013,-0.439,0.201
4932,1.243,0.181,-0.177,-1.022,1.116
4933,0.138,1.587,-0.117,0.886,-0.536
4934,0.771,0.047,-1.216,1.542,2.173
4935,0.025,-1.771,-0.848,-1.052,1.247
4936,-0.176,1.317,-0.726,0.278,0.641
4937,0.404,0.071,1.931,0.174,1.34
4938,-3.256,0.313,-0.132,-0.723,1.37
4939,0.726,0.464,-0.173,-0.59,0.108
4940,-0.308,4.108,1.649,0.358,-1.049
4941,1.621,-0.054,1.12,0.251,-0.081
4942,1.33,-0.028,0.796,0.221,0.681
4943,-0.731,-0.795,-0.904,0.371,0.825
4944,2.254,0.367,-2.193,-0.931,0.231
4945,-0.475,-0.454,0.744,-0.078,1.148
4946,0.41,0.544,0.14,-0.391,1.565
4947,-1.281,-1.29,-1.169,1.279,0.416
4948,0.186,0.673,-0.091,0.26,-0.045
4949,1.504,1.105,1.128,0.507,-0.649
4950,0.973,-1.647,-0.255,-0.013,-1.202
4951,0.17,0.062,-0.783,0.367,-0.405
4952,-0.325,0.374,-0.556,0.454,0.801
4953,1.457,0.235,0.517,-0.996,-0.55
4954,-0.232,-0.029,0.593,-0.345,-0.133
4955,0.475,0.159,0.748,-0.327,-0.559
4956,-1.8,0.49,-0.641,-1.019,-0.58
4957,-0.504,-0.311,-1.825,-1.393,1.187
4958,-1.629,0.808,1.182,-0.285,-0.154
4959,0.272,0.437,0.209,-1.575,0.708
4960,-1.721,1.089,-0.769,1.976,0.242
4961,-0.535,0.139,1.127,0.994,-0.004
4962,0.34,0.899,0.54,-1.583,-0.618
4963,-1.317,-2.059,-1.013,1.056,0.199
4964,-1.031,0.668,-0.605,-0.451,0.634
4965,-0.096,-1.381,0.558,0.617,-0.827
4966,-0.546,2.006,-1.711,0.881,-2.558
4967,-0.56,0.775,0.317,-1.113,0.292
4968,0.051,-0.502,-0.655,1.369,1.137
4969,0.984,-2.848,-0.057,0.434,0.536
4970,1.016,0.993,0.919,2.069,-0.061
4971,-0.596,-0.886,-0.752,0.257,0.418
4972,-0.527,0.839,0.106,-1.025,0.18
4973,1.302,-0.654,-0.002,-0.548,-0.454
4974,0.122,-0.674,0.107,-1.068,0.656
4975,1.272,-1.416,-0.867,-1.446,-0.541
4976,-1.271,-0.49,0.555,1.55,0.362
4977,-0.904,0.574,0.984,0.802,-0.556
4978,-0.873,0.461,0.561,0.22,0.327
4979,1.235,0.656,0.803,0.059,0.085
4980,0.133,-1.74,-1.515,-0.561,-0.515
4981,0.445,1.079,-1.134,1.416,-0.432
4982,-0.518,0.411,0.229,4.105,-0.433
4983,1.141,-0.276,1.274,0.419,-0.01
4984,0.086,0.289,2.162,-1.483,-0.861
4985,-0.833,0.283,-0.298,0.271,1.076
4986,1.236,0.576,-0.092,0.334,-1.728
4987,0.782,-1.392,-0.897,-0.248,2.456
4988,-0.391,1.107,0.529,-0.78,0.902
4989,0.795,1.048,1.545,1.785,0.284
4990,0.246,-1.566,-0.73,-0.061,0.013
4991,1.735,-0.676,-1.714,-0.9,-0.343
4992,2.093,-1.172,-0.118,-1.276,-1.293
4993,-0.797,-0.213,2.782,0.648,1.975
4994,1.002,-1.387,-1.546,-1.08,0.144
4995,0.865,0.666,-0.267,0.252,0.782
4996,1.113,-1.057,-0.181,-1.177,0.937
4997,1.879,-0.485,-1.215,-0.116,1.013
4998,-0.067,-1.707,1.583,1.503,0.484
4999,1.465,-0.204,0.143,-1.72,-1.41
