data,node_init,node_term,c,
0,0,1,6085.95021
0,0,15,7397.84882
0,1,2,1749.49565
0,1,16,834.89649
0,2,3,7397.84882
0,2,17,6085.95021
0,3,4,3760.02575
0,3,18,11184.45716
0,4,5,1093.59352
0,4,19,9767.9858
0,5,6,11184.45716
0,5,20,1705.36038
0,6,7,546.74997
0,6,21,2485.48819
0,7,8,859.25581
0,7,22,834.89649
0,8,9,3760.02575
0,8,23,834.89649
0,9,10,2944.84227
0,9,24,2551.41838
0,10,11,436.47976
0,10,25,730.0
0,11,12,1363.54099
0,11,26,1363.54099
0,12,13,546.74997
0,12,27,730.0
0,13,14,11184.45716
0,13,28,7250.7
0,14,29,3760.02575
0,15,16,1363.54099
0,15,30,834.89649
0,16,17,13345.61542
0,16,31,7397.84882
0,17,18,6085.95021
0,17,32,4165.9844
0,18,19,1749.49565
0,18,33,2944.84227
0,19,20,5960.93044
0,19,34,8108.17225
0,20,21,9767.9858
0,20,35,2551.41838
0,21,22,1093.59352
0,21,36,11184.45716
0,22,23,1705.36038
0,22,37,4165.9844
0,23,24,3760.02575
0,23,38,7397.84882
0,24,25,9767.9858
0,24,39,7397.84882
0,25,26,6085.95021
0,25,40,3668.87365
0,26,27,4165.9844
0,26,41,3668.87365
0,27,28,2551.41838
0,27,42,13345.61542
0,28,29,7250.7
0,28,43,4165.9844
0,29,44,859.25581
0,30,31,5238.00818
0,30,45,7250.7
0,31,32,7250.7
0,31,46,5960.93044
0,32,33,436.47976
0,32,47,1705.36038
0,33,34,1965.28335
0,33,48,8108.17225
0,34,35,546.74997
0,34,49,2551.41838
0,35,36,4165.9844
0,35,50,546.74997
0,36,37,5127.709
0,36,51,9767.9858
0,37,38,5960.93044
0,37,52,5960.93044
0,38,39,1124.08817
0,38,53,1327.70432
0,39,40,3668.87365
0,39,54,436.47976
0,40,41,2944.84227
0,40,55,1705.36038
0,41,42,1749.49565
0,41,56,7250.7
0,42,43,2944.84227
0,42,57,2551.41838
0,43,44,1749.49565
0,43,58,1749.49565
0,44,59,7250.7
0,45,46,1363.54099
0,45,60,3020.76115
0,46,47,546.74997
0,46,61,6085.95021
0,47,48,1749.49565
0,47,62,5238.00818
0,48,49,834.89649
0,48,63,5238.00818
0,49,50,4165.9844
0,49,64,546.74997
0,50,51,13345.61542
0,50,65,11184.45716
0,51,52,1124.08817
0,51,66,2551.41838
0,52,53,834.89649
0,52,67,9767.9858
0,53,54,2551.41838
0,53,68,2551.41838
0,54,55,3668.87365
0,54,69,1749.49565
0,55,56,11184.45716
0,55,70,2944.84227
0,56,57,1327.70432
0,56,71,2019.51425
0,57,58,1705.36038
0,57,72,859.25581
0,58,59,5238.00818
0,58,73,5127.709
0,59,74,5127.709
0,60,61,318.43738
0,60,75,2019.51425
0,61,62,7397.84882
0,61,76,7250.7
0,62,63,1749.49565
0,62,77,318.43738
0,63,64,5127.709
0,63,78,13345.61542
0,64,65,3668.87365
0,64,79,5960.93044
0,65,66,730.0
0,65,80,3668.87365
0,66,67,3020.76115
0,66,81,1093.59352
0,67,68,13345.61542
0,67,82,8108.17225
0,68,69,13345.61542
0,68,83,1965.28335
0,69,70,2019.51425
0,69,84,546.74997
0,70,71,3020.76115
0,70,85,1749.49565
0,71,72,1124.08817
0,71,86,4165.9844
0,72,73,1327.70432
0,72,87,859.25581
0,73,74,7250.7
0,73,88,3668.87365
0,74,89,5960.93044
0,75,76,1749.49565
0,75,90,1363.54099
0,76,77,436.47976
0,76,91,834.89649
0,77,78,318.43738
0,77,92,859.25581
0,78,79,11184.45716
0,78,93,3020.76115
0,79,80,13345.61542
0,79,94,3668.87365
0,80,81,1965.28335
0,80,95,3020.76115
0,81,82,11184.45716
0,81,96,834.89649
0,82,83,4258.77855
0,82,97,2485.48819
0,83,84,7250.7
0,83,98,1327.70432
0,84,85,436.47976
0,84,99,1965.28335
0,85,86,2551.41838
0,85,100,859.25581
0,86,87,7397.84882
0,86,101,2944.84227
0,87,88,3668.87365
0,87,102,546.74997
0,88,89,9767.9858
0,88,103,13345.61542
0,89,104,1327.70432
0,90,91,9767.9858
0,90,105,1327.70432
0,91,92,13345.61542
0,91,106,546.74997
0,92,93,6085.95021
0,92,107,1124.08817
0,93,94,2551.41838
0,93,108,1124.08817
0,94,95,5238.00818
0,94,109,6085.95021
0,95,96,3020.76115
0,95,110,1093.59352
0,96,97,2944.84227
0,96,111,4258.77855
0,97,98,6085.95021
0,97,112,1965.28335
0,98,99,1965.28335
0,98,113,834.89649
0,99,100,1965.28335
0,99,114,3668.87365
0,100,101,834.89649
0,100,115,7397.84882
0,101,102,1749.49565
0,101,116,1965.28335
0,102,103,9767.9858
0,102,117,4165.9844
0,103,104,3760.02575
0,103,118,1749.49565
0,104,119,1093.59352
0,105,106,1749.49565
0,105,120,2551.41838
0,106,107,5238.00818
0,106,121,1965.28335
0,107,108,4258.77855
0,107,122,834.89649
0,108,109,5127.709
0,108,123,1124.08817
0,109,110,9767.9858
0,109,124,6085.95021
0,110,111,5960.93044
0,110,125,2944.84227
0,111,112,859.25581
0,111,126,2551.41838
0,112,113,5960.93044
0,112,127,730.0
0,113,114,859.25581
0,113,128,11184.45716
0,114,115,546.74997
0,114,129,4165.9844
0,115,116,2551.41838
0,115,130,859.25581
0,116,117,1705.36038
0,116,131,730.0
0,117,118,1749.49565
0,117,132,5960.93044
0,118,119,8108.17225
0,118,133,2485.48819
0,119,134,7397.84882
0,120,121,1124.08817
0,120,135,730.0
0,121,122,1965.28335
0,121,136,8108.17225
0,122,123,1705.36038
0,122,137,1093.59352
0,123,124,6085.95021
0,123,138,859.25581
0,124,125,1705.36038
0,124,139,730.0
0,125,126,1749.49565
0,125,140,318.43738
0,126,127,2485.48819
0,126,141,7397.84882
0,127,128,2019.51425
0,127,142,1749.49565
0,128,129,2019.51425
0,128,143,7397.84882
0,129,130,318.43738
0,129,144,3020.76115
0,130,131,546.74997
0,130,145,436.47976
0,131,132,7397.84882
0,131,146,2944.84227
0,132,133,5960.93044
0,132,147,6085.95021
0,133,134,3760.02575
0,133,148,318.43738
0,134,149,6085.95021
0,135,136,1327.70432
0,135,150,5238.00818
0,136,137,2485.48819
0,136,151,730.0
0,137,138,2019.51425
0,137,152,11184.45716
0,138,139,1749.49565
0,138,153,1327.70432
0,139,140,1965.28335
0,139,154,5960.93044
0,140,141,3760.02575
0,140,155,1363.54099
0,141,142,1327.70432
0,141,156,5960.93044
0,142,143,436.47976
0,142,157,318.43738
0,143,144,1093.59352
0,143,158,730.0
0,144,145,859.25581
0,144,159,730.0
0,145,146,2551.41838
0,145,160,1093.59352
0,146,147,859.25581
0,146,161,2019.51425
0,147,148,2551.41838
0,147,162,2944.84227
0,148,149,7397.84882
0,148,163,11184.45716
0,149,164,2551.41838
0,150,151,1124.08817
0,150,165,7397.84882
0,151,152,318.43738
0,151,166,7397.84882
0,152,153,13345.61542
0,152,167,5960.93044
0,153,154,546.74997
0,153,168,546.74997
0,154,155,1124.08817
0,154,169,5960.93044
0,155,156,2485.48819
0,155,170,436.47976
0,156,157,1363.54099
0,156,171,3760.02575
0,157,158,4258.77855
0,157,172,2485.48819
0,158,159,834.89649
0,158,173,1327.70432
0,159,160,859.25581
0,159,174,5238.00818
0,160,161,2944.84227
0,160,175,318.43738
0,161,162,1093.59352
0,161,176,1965.28335
0,162,163,4258.77855
0,162,177,1749.49565
0,163,164,5127.709
0,163,178,4258.77855
0,164,179,4165.9844
0,165,166,8108.17225
0,165,180,436.47976
0,166,167,5238.00818
0,166,181,1965.28335
0,167,168,1124.08817
0,167,182,8108.17225
0,168,169,834.89649
0,168,183,1363.54099
0,169,170,5960.93044
0,169,184,3668.87365
0,170,171,1327.70432
0,170,185,3668.87365
0,171,172,2485.48819
0,171,186,2944.84227
0,172,173,3760.02575
0,172,187,1965.28335
0,173,174,13345.61542
0,173,188,318.43738
0,174,175,859.25581
0,174,189,318.43738
0,175,176,730.0
0,175,190,3668.87365
0,176,177,1124.08817
0,176,191,1965.28335
0,177,178,730.0
0,177,192,1124.08817
0,178,179,13345.61542
0,178,193,3668.87365
0,179,194,2944.84227
0,180,181,546.74997
0,180,195,5238.00818
0,181,182,546.74997
0,181,196,7250.7
0,182,183,318.43738
0,182,197,9767.9858
0,183,184,9767.9858
0,183,198,1705.36038
0,184,185,3020.76115
0,184,199,1327.70432
0,185,186,4258.77855
0,185,200,2019.51425
0,186,187,13345.61542
0,186,201,1327.70432
0,187,188,5127.709
0,187,202,4258.77855
0,188,189,2944.84227
0,188,203,318.43738
0,189,190,436.47976
0,189,204,730.0
0,190,191,1965.28335
0,190,205,2944.84227
0,191,192,6085.95021
0,191,206,7397.84882
0,192,193,5127.709
0,192,207,1705.36038
0,193,194,1965.28335
0,193,208,859.25581
0,194,209,2485.48819
0,195,196,859.25581
0,195,210,436.47976
0,196,197,318.43738
0,196,211,318.43738
0,197,198,3760.02575
0,197,212,3020.76115
0,198,199,546.74997
0,198,213,2485.48819
0,199,200,8108.17225
0,199,214,1363.54099
0,200,201,436.47976
0,200,215,3020.76115
0,201,202,1124.08817
0,201,216,834.89649
0,202,203,13345.61542
0,202,217,1749.49565
0,203,204,6085.95021
0,203,218,1705.36038
0,204,205,436.47976
0,204,219,1749.49565
0,205,206,8108.17225
0,205,220,318.43738
0,206,207,2019.51425
0,206,221,1093.59352
0,207,208,1363.54099
0,207,222,7250.7
0,208,209,1327.70432
0,208,223,1093.59352
0,209,224,2551.41838
0,210,211,1705.36038
0,211,212,9767.9858
0,212,213,3760.02575
0,213,214,1327.70432
0,214,215,5127.709
0,215,216,9767.9858
0,216,217,11184.45716
0,217,218,5960.93044
0,218,219,318.43738
0,219,220,730.0
0,220,221,3020.76115
0,221,222,1124.08817
0,222,223,7250.7
0,223,224,6085.95021
1,0,1,826.18266
1,0,15,226.63383
1,1,2,248.84124
1,1,16,3633.92673
1,2,3,226.63383
1,2,17,826.18266
1,3,4,675.08051
1,3,18,1631.31362
1,4,5,1353.68831
1,4,19,475.6459
1,5,6,1631.31362
1,5,20,1460.74311
1,6,7,2160.57485
1,6,21,516.72638
1,7,8,820.41571
1,7,22,3633.92673
1,8,9,675.08051
1,8,23,3633.92673
1,9,10,1745.44441
1,9,24,619.09301
1,10,11,670.20855
1,10,25,730.0
1,11,12,891.11353
1,11,26,891.11353
1,12,13,2160.57485
1,12,27,730.0
1,13,14,1631.31362
1,13,28,1362.4433
1,14,29,675.08051
1,15,16,891.11353
1,15,30,3633.92673
1,16,17,520.64811
1,16,31,226.63383
1,17,18,826.18266
1,17,32,3422.91769
1,18,19,248.84124
1,18,33,1745.44441
1,19,20,3653.86225
1,19,34,1513.86413
1,20,21,475.6459
1,20,35,619.09301
1,21,22,1353.68831
1,21,36,1631.31362
1,22,23,1460.74311
1,22,37,3422.91769
1,23,24,675.08051
1,23,38,226.63383
1,24,25,475.6459
1,24,39,226.63383
1,25,26,826.18266
1,25,40,564.92645
1,26,27,3422.91769
1,26,41,564.92645
1,27,28,619.09301
1,27,42,520.64811
1,28,29,1362.4433
1,28,43,3422.91769
1,29,44,820.41571
1,30,31,204.3036
1,30,45,1362.4433
1,31,32,1362.4433
1,31,46,3653.86225
1,32,33,670.20855
1,32,47,1460.74311
1,33,34,1621.13903
1,33,48,1513.86413
1,34,35,2160.57485
1,34,49,619.09301
1,35,36,3422.91769
1,35,50,2160.57485
1,36,37,1261.46787
1,36,51,475.6459
1,37,38,3653.86225
1,37,52,3653.86225
1,38,39,224.6779
1,38,53,3876.61318
1,39,40,564.92645
1,39,54,670.20855
1,40,41,1745.44441
1,40,55,1460.74311
1,41,42,248.84124
1,41,56,1362.4433
1,42,43,1745.44441
1,42,57,619.09301
1,43,44,248.84124
1,43,58,248.84124
1,44,59,1362.4433
1,45,46,891.11353
1,45,60,2024.08924
1,46,47,2160.57485
1,46,61,826.18266
1,47,48,248.84124
1,47,62,204.3036
1,48,49,3633.92673
1,48,63,204.3036
1,49,50,3422.91769
1,49,64,2160.57485
1,50,51,520.64811
1,50,65,1631.31362
1,51,52,224.6779
1,51,66,619.09301
1,52,53,3633.92673
1,52,67,475.6459
1,53,54,619.09301
1,53,68,619.09301
1,54,55,564.92645
1,54,69,248.84124
1,55,56,1631.31362
1,55,70,1745.44441
1,56,57,3876.61318
1,56,71,1883.34029
1,57,58,1460.74311
1,57,72,820.41571
1,58,59,204.3036
1,58,73,1261.46787
1,59,74,1261.46787
1,60,61,2011.90842
1,60,75,1883.34029
1,61,62,226.63383
1,61,76,1362.4433
1,62,63,248.84124
1,62,77,2011.90842
1,63,64,1261.46787
1,63,78,520.64811
1,64,65,564.92645
1,64,79,3653.86225
1,65,66,730.0
1,65,80,564.92645
1,66,67,2024.08924
1,66,81,1353.68831
1,67,68,520.64811
1,67,82,1513.86413
1,68,69,520.64811
1,68,83,1621.13903
1,69,70,1883.34029
1,69,84,2160.57485
1,70,71,2024.08924
1,70,85,248.84124
1,71,72,224.6779
1,71,86,3422.91769
1,72,73,3876.61318
1,72,87,820.41571
1,73,74,1362.4433
1,73,88,564.92645
1,74,89,3653.86225
1,75,76,248.84124
1,75,90,891.11353
1,76,77,670.20855
1,76,91,3633.92673
1,77,78,2011.90842
1,77,92,820.41571
1,78,79,1631.31362
1,78,93,2024.08924
1,79,80,520.64811
1,79,94,564.92645
1,80,81,1621.13903
1,80,95,2024.08924
1,81,82,1631.31362
1,81,96,3633.92673
1,82,83,759.83818
1,82,97,516.72638
1,83,84,1362.4433
1,83,98,3876.61318
1,84,85,670.20855
1,84,99,1621.13903
1,85,86,619.09301
1,85,100,820.41571
1,86,87,226.63383
1,86,101,1745.44441
1,87,88,564.92645
1,87,102,2160.57485
1,88,89,475.6459
1,88,103,520.64811
1,89,104,3876.61318
1,90,91,475.6459
1,90,105,3876.61318
1,91,92,520.64811
1,91,106,2160.57485
1,92,93,826.18266
1,92,107,224.6779
1,93,94,619.09301
1,93,108,224.6779
1,94,95,204.3036
1,94,109,826.18266
1,95,96,2024.08924
1,95,110,1353.68831
1,96,97,1745.44441
1,96,111,759.83818
1,97,98,826.18266
1,97,112,1621.13903
1,98,99,1621.13903
1,98,113,3633.92673
1,99,100,1621.13903
1,99,114,564.92645
1,100,101,3633.92673
1,100,115,226.63383
1,101,102,248.84124
1,101,116,1621.13903
1,102,103,475.6459
1,102,117,3422.91769
1,103,104,675.08051
1,103,118,248.84124
1,104,119,1353.68831
1,105,106,248.84124
1,105,120,619.09301
1,106,107,204.3036
1,106,121,1621.13903
1,107,108,759.83818
1,107,122,3633.92673
1,108,109,1261.46787
1,108,123,224.6779
1,109,110,475.6459
1,109,124,826.18266
1,110,111,3653.86225
1,110,125,1745.44441
1,111,112,820.41571
1,111,126,619.09301
1,112,113,3653.86225
1,112,127,730.0
1,113,114,820.41571
1,113,128,1631.31362
1,114,115,2160.57485
1,114,129,3422.91769
1,115,116,619.09301
1,115,130,820.41571
1,116,117,1460.74311
1,116,131,730.0
1,117,118,248.84124
1,117,132,3653.86225
1,118,119,1513.86413
1,118,133,516.72638
1,119,134,226.63383
1,120,121,224.6779
1,120,135,730.0
1,121,122,1621.13903
1,121,136,1513.86413
1,122,123,1460.74311
1,122,137,1353.68831
1,123,124,826.18266
1,123,138,820.41571
1,124,125,1460.74311
1,124,139,730.0
1,125,126,248.84124
1,125,140,2011.90842
1,126,127,516.72638
1,126,141,226.63383
1,127,128,1883.34029
1,127,142,248.84124
1,128,129,1883.34029
1,128,143,226.63383
1,129,130,2011.90842
1,129,144,2024.08924
1,130,131,2160.57485
1,130,145,670.20855
1,131,132,226.63383
1,131,146,1745.44441
1,132,133,3653.86225
1,132,147,826.18266
1,133,134,675.08051
1,133,148,2011.90842
1,134,149,826.18266
1,135,136,3876.61318
1,135,150,204.3036
1,136,137,516.72638
1,136,151,730.0
1,137,138,1883.34029
1,137,152,1631.31362
1,138,139,248.84124
1,138,153,3876.61318
1,139,140,1621.13903
1,139,154,3653.86225
1,140,141,675.08051
1,140,155,891.11353
1,141,142,3876.61318
1,141,156,3653.86225
1,142,143,670.20855
1,142,157,2011.90842
1,143,144,1353.68831
1,143,158,730.0
1,144,145,820.41571
1,144,159,730.0
1,145,146,619.09301
1,145,160,1353.68831
1,146,147,820.41571
1,146,161,1883.34029
1,147,148,619.09301
1,147,162,1745.44441
1,148,149,226.63383
1,148,163,1631.31362
1,149,164,619.09301
1,150,151,224.6779
1,150,165,226.63383
1,151,152,2011.90842
1,151,166,226.63383
1,152,153,520.64811
1,152,167,3653.86225
1,153,154,2160.57485
1,153,168,2160.57485
1,154,155,224.6779
1,154,169,3653.86225
1,155,156,516.72638
1,155,170,670.20855
1,156,157,891.11353
1,156,171,675.08051
1,157,158,759.83818
1,157,172,516.72638
1,158,159,3633.92673
1,158,173,3876.61318
1,159,160,820.41571
1,159,174,204.3036
1,160,161,1745.44441
1,160,175,2011.90842
1,161,162,1353.68831
1,161,176,1621.13903
1,162,163,759.83818
1,162,177,248.84124
1,163,164,1261.46787
1,163,178,759.83818
1,164,179,3422.91769
1,165,166,1513.86413
1,165,180,670.20855
1,166,167,204.3036
1,166,181,1621.13903
1,167,168,224.6779
1,167,182,1513.86413
1,168,169,3633.92673
1,168,183,891.11353
1,169,170,3653.86225
1,169,184,564.92645
1,170,171,3876.61318
1,170,185,564.92645
1,171,172,516.72638
1,171,186,1745.44441
1,172,173,675.08051
1,172,187,1621.13903
1,173,174,520.64811
1,173,188,2011.90842
1,174,175,820.41571
1,174,189,2011.90842
1,175,176,730.0
1,175,190,564.92645
1,176,177,224.6779
1,176,191,1621.13903
1,177,178,730.0
1,177,192,224.6779
1,178,179,520.64811
1,178,193,564.92645
1,179,194,1745.44441
1,180,181,2160.57485
1,180,195,204.3036
1,181,182,2160.57485
1,181,196,1362.4433
1,182,183,2011.90842
1,182,197,475.6459
1,183,184,475.6459
1,183,198,1460.74311
1,184,185,2024.08924
1,184,199,3876.61318
1,185,186,759.83818
1,185,200,1883.34029
1,186,187,520.64811
1,186,201,3876.61318
1,187,188,1261.46787
1,187,202,759.83818
1,188,189,1745.44441
1,188,203,2011.90842
1,189,190,670.20855
1,189,204,730.0
1,190,191,1621.13903
1,190,205,1745.44441
1,191,192,826.18266
1,191,206,226.63383
1,192,193,1261.46787
1,192,207,1460.74311
1,193,194,1621.13903
1,193,208,820.41571
1,194,209,516.72638
1,195,196,820.41571
1,195,210,670.20855
1,196,197,2011.90842
1,196,211,2011.90842
1,197,198,675.08051
1,197,212,2024.08924
1,198,199,2160.57485
1,198,213,516.72638
1,199,200,1513.86413
1,199,214,891.11353
1,200,201,670.20855
1,200,215,2024.08924
1,201,202,224.6779
1,201,216,3633.92673
1,202,203,520.64811
1,202,217,248.84124
1,203,204,826.18266
1,203,218,1460.74311
1,204,205,670.20855
1,204,219,248.84124
1,205,206,1513.86413
1,205,220,2011.90842
1,206,207,1883.34029
1,206,221,1353.68831
1,207,208,891.11353
1,207,222,1362.4433
1,208,209,3876.61318
1,208,223,1353.68831
1,209,224,619.09301
1,210,211,1460.74311
1,211,212,475.6459
1,212,213,675.08051
1,213,214,3876.61318
1,214,215,1261.46787
1,215,216,475.6459
1,216,217,1631.31362
1,217,218,3653.86225
1,218,219,2011.90842
1,219,220,730.0
1,220,221,2024.08924
1,221,222,224.6779
1,222,223,1362.4433
1,223,224,826.18266
2,0,1,1613.54287
2,0,15,683.06049
2,1,2,950.45394
2,1,16,5684.73591
2,2,3,683.06049
2,2,17,1613.54287
2,3,4,516.72638
2,3,18,6378.23314
2,4,5,2858.28709
2,4,19,2710.94453
2,5,6,6378.23314
2,5,20,3422.91769
2,6,7,1709.33391
2,6,21,3530.74641
2,7,8,1769.86967
2,7,22,5684.73591
2,8,9,516.72638
2,8,23,5684.73591
2,9,10,8026.0114
2,9,24,403.21212
2,10,11,577.67963
2,10,25,730.0
2,11,12,2150.92218
2,11,26,2150.92218
2,12,13,1709.33391
2,12,27,730.0
2,13,14,6378.23314
2,13,28,2624.4816
2,14,29,516.72638
2,15,16,2150.92218
2,15,30,5684.73591
2,16,17,3251.57196
2,16,31,683.06049
2,17,18,1613.54287
2,17,32,4455.43163
2,18,19,950.45394
2,18,33,8026.0114
2,19,20,5268.43059
2,19,34,5422.76097
2,20,21,2710.94453
2,20,35,403.21212
2,21,22,2858.28709
2,21,36,6378.23314
2,22,23,3422.91769
2,22,37,4455.43163
2,23,24,516.72638
2,23,38,683.06049
2,24,25,2710.94453
2,24,39,683.06049
2,25,26,1613.54287
2,25,40,4202.33637
2,26,27,4455.43163
2,26,41,4202.33637
2,27,28,403.21212
2,27,42,3251.57196
2,28,29,2624.4816
2,28,43,4455.43163
2,29,44,1769.86967
2,30,31,539.11094
2,30,45,2624.4816
2,31,32,2624.4816
2,31,46,5268.43059
2,32,33,577.67963
2,32,47,3422.91769
2,33,34,6865.95387
2,33,48,5422.76097
2,34,35,1709.33391
2,34,49,403.21212
2,35,36,4455.43163
2,35,50,1709.33391
2,36,37,2173.50123
2,36,51,2710.94453
2,37,38,5268.43059
2,37,52,5268.43059
2,38,39,759.83818
2,38,53,6677.99331
2,39,40,4202.33637
2,39,54,577.67963
2,40,41,8026.0114
2,40,55,3422.91769
2,41,42,950.45394
2,41,56,2624.4816
2,42,43,8026.0114
2,42,57,403.21212
2,43,44,950.45394
2,43,58,950.45394
2,44,59,2624.4816
2,45,46,2150.92218
2,45,60,1267.65487
2,46,47,1709.33391
2,46,61,1613.54287
2,47,48,950.45394
2,47,62,539.11094
2,48,49,5684.73591
2,48,63,539.11094
2,49,50,4455.43163
2,49,64,1709.33391
2,50,51,3251.57196
2,50,65,6378.23314
2,51,52,759.83818
2,51,66,403.21212
2,52,53,5684.73591
2,52,67,2710.94453
2,53,54,403.21212
2,53,68,403.21212
2,54,55,4202.33637
2,54,69,950.45394
2,55,56,6378.23314
2,55,70,8026.0114
2,56,57,6677.99331
2,56,71,1024.24781
2,57,58,3422.91769
2,57,72,1769.86967
2,58,59,539.11094
2,58,73,2173.50123
2,59,74,2173.50123
2,60,61,1395.69629
2,60,75,1024.24781
2,61,62,683.06049
2,61,76,2624.4816
2,62,63,950.45394
2,62,77,1395.69629
2,63,64,2173.50123
2,63,78,3251.57196
2,64,65,4202.33637
2,64,79,5268.43059
2,65,66,730.0
2,65,80,4202.33637
2,66,67,1267.65487
2,66,81,2858.28709
2,67,68,3251.57196
2,67,82,5422.76097
2,68,69,3251.57196
2,68,83,6865.95387
2,69,70,1024.24781
2,69,84,1709.33391
2,70,71,1267.65487
2,70,85,950.45394
2,71,72,759.83818
2,71,86,4455.43163
2,72,73,6677.99331
2,72,87,1769.86967
2,73,74,2624.4816
2,73,88,4202.33637
2,74,89,5268.43059
2,75,76,950.45394
2,75,90,2150.92218
2,76,77,577.67963
2,76,91,5684.73591
2,77,78,1395.69629
2,77,92,1769.86967
2,78,79,6378.23314
2,78,93,1267.65487
2,79,80,3251.57196
2,79,94,4202.33637
2,80,81,6865.95387
2,80,95,1267.65487
2,81,82,6378.23314
2,81,96,5684.73591
2,82,83,1314.86915
2,82,97,3530.74641
2,83,84,2624.4816
2,83,98,6677.99331
2,84,85,577.67963
2,84,99,6865.95387
2,85,86,403.21212
2,85,100,1769.86967
2,86,87,683.06049
2,86,101,8026.0114
2,87,88,4202.33637
2,87,102,1709.33391
2,88,89,2710.94453
2,88,103,3251.57196
2,89,104,6677.99331
2,90,91,2710.94453
2,90,105,6677.99331
2,91,92,3251.57196
2,91,106,1709.33391
2,92,93,1613.54287
2,92,107,759.83818
2,93,94,403.21212
2,93,108,759.83818
2,94,95,539.11094
2,94,109,1613.54287
2,95,96,1267.65487
2,95,110,2858.28709
2,96,97,8026.0114
2,96,111,1314.86915
2,97,98,1613.54287
2,97,112,6865.95387
2,98,99,6865.95387
2,98,113,5684.73591
2,99,100,6865.95387
2,99,114,4202.33637
2,100,101,5684.73591
2,100,115,683.06049
2,101,102,950.45394
2,101,116,6865.95387
2,102,103,2710.94453
2,102,117,4455.43163
2,103,104,516.72638
2,103,118,950.45394
2,104,119,2858.28709
2,105,106,950.45394
2,105,120,403.21212
2,106,107,539.11094
2,106,121,6865.95387
2,107,108,1314.86915
2,107,122,5684.73591
2,108,109,2173.50123
2,108,123,759.83818
2,109,110,2710.94453
2,109,124,1613.54287
2,110,111,5268.43059
2,110,125,8026.0114
2,111,112,1769.86967
2,111,126,403.21212
2,112,113,5268.43059
2,112,127,730.0
2,113,114,1769.86967
2,113,128,6378.23314
2,114,115,1709.33391
2,114,129,4455.43163
2,115,116,403.21212
2,115,130,1769.86967
2,116,117,3422.91769
2,116,131,730.0
2,117,118,950.45394
2,117,132,5268.43059
2,118,119,5422.76097
2,118,133,3530.74641
2,119,134,683.06049
2,120,121,759.83818
2,120,135,730.0
2,121,122,6865.95387
2,121,136,5422.76097
2,122,123,3422.91769
2,122,137,2858.28709
2,123,124,1613.54287
2,123,138,1769.86967
2,124,125,3422.91769
2,124,139,730.0
2,125,126,950.45394
2,125,140,1395.69629
2,126,127,3530.74641
2,126,141,683.06049
2,127,128,1024.24781
2,127,142,950.45394
2,128,129,1024.24781
2,128,143,683.06049
2,129,130,1395.69629
2,129,144,1267.65487
2,130,131,1709.33391
2,130,145,577.67963
2,131,132,683.06049
2,131,146,8026.0114
2,132,133,5268.43059
2,132,147,1613.54287
2,133,134,516.72638
2,133,148,1395.69629
2,134,149,1613.54287
2,135,136,6677.99331
2,135,150,539.11094
2,136,137,3530.74641
2,136,151,730.0
2,137,138,1024.24781
2,137,152,6378.23314
2,138,139,950.45394
2,138,153,6677.99331
2,139,140,6865.95387
2,139,154,5268.43059
2,140,141,516.72638
2,140,155,2150.92218
2,141,142,6677.99331
2,141,156,5268.43059
2,142,143,577.67963
2,142,157,1395.69629
2,143,144,2858.28709
2,143,158,730.0
2,144,145,1769.86967
2,144,159,730.0
2,145,146,403.21212
2,145,160,2858.28709
2,146,147,1769.86967
2,146,161,1024.24781
2,147,148,403.21212
2,147,162,8026.0114
2,148,149,683.06049
2,148,163,6378.23314
2,149,164,403.21212
2,150,151,759.83818
2,150,165,683.06049
2,151,152,1395.69629
2,151,166,683.06049
2,152,153,3251.57196
2,152,167,5268.43059
2,153,154,1709.33391
2,153,168,1709.33391
2,154,155,759.83818
2,154,169,5268.43059
2,155,156,3530.74641
2,155,170,577.67963
2,156,157,2150.92218
2,156,171,516.72638
2,157,158,1314.86915
2,157,172,3530.74641
2,158,159,5684.73591
2,158,173,6677.99331
2,159,160,1769.86967
2,159,174,539.11094
2,160,161,8026.0114
2,160,175,1395.69629
2,161,162,2858.28709
2,161,176,6865.95387
2,162,163,1314.86915
2,162,177,950.45394
2,163,164,2173.50123
2,163,178,1314.86915
2,164,179,4455.43163
2,165,166,5422.76097
2,165,180,577.67963
2,166,167,539.11094
2,166,181,6865.95387
2,167,168,759.83818
2,167,182,5422.76097
2,168,169,5684.73591
2,168,183,2150.92218
2,169,170,5268.43059
2,169,184,4202.33637
2,170,171,6677.99331
2,170,185,4202.33637
2,171,172,3530.74641
2,171,186,8026.0114
2,172,173,516.72638
2,172,187,6865.95387
2,173,174,3251.57196
2,173,188,1395.69629
2,174,175,1769.86967
2,174,189,1395.69629
2,175,176,730.0
2,175,190,4202.33637
2,176,177,759.83818
2,176,191,6865.95387
2,177,178,730.0
2,177,192,759.83818
2,178,179,3251.57196
2,178,193,4202.33637
2,179,194,8026.0114
2,180,181,1709.33391
2,180,195,539.11094
2,181,182,1709.33391
2,181,196,2624.4816
2,182,183,1395.69629
2,182,197,2710.94453
2,183,184,2710.94453
2,183,198,3422.91769
2,184,185,1267.65487
2,184,199,6677.99331
2,185,186,1314.86915
2,185,200,1024.24781
2,186,187,3251.57196
2,186,201,6677.99331
2,187,188,2173.50123
2,187,202,1314.86915
2,188,189,8026.0114
2,188,203,1395.69629
2,189,190,577.67963
2,189,204,730.0
2,190,191,6865.95387
2,190,205,8026.0114
2,191,192,1613.54287
2,191,206,683.06049
2,192,193,2173.50123
2,192,207,3422.91769
2,193,194,6865.95387
2,193,208,1769.86967
2,194,209,3530.74641
2,195,196,1769.86967
2,195,210,577.67963
2,196,197,1395.69629
2,196,211,1395.69629
2,197,198,516.72638
2,197,212,1267.65487
2,198,199,1709.33391
2,198,213,3530.74641
2,199,200,5422.76097
2,199,214,2150.92218
2,200,201,577.67963
2,200,215,1267.65487
2,201,202,759.83818
2,201,216,5684.73591
2,202,203,3251.57196
2,202,217,950.45394
2,203,204,1613.54287
2,203,218,3422.91769
2,204,205,577.67963
2,204,219,950.45394
2,205,206,5422.76097
2,205,220,1395.69629
2,206,207,1024.24781
2,206,221,2858.28709
2,207,208,2150.92218
2,207,222,2624.4816
2,208,209,6677.99331
2,208,223,2858.28709
2,209,224,403.21212
2,210,211,3422.91769
2,211,212,2710.94453
2,212,213,516.72638
2,213,214,6677.99331
2,214,215,2173.50123
2,215,216,2710.94453
2,216,217,6378.23314
2,217,218,5268.43059
2,218,219,1395.69629
2,219,220,730.0
2,220,221,1267.65487
2,221,222,759.83818
2,222,223,2624.4816
2,223,224,1613.54287
3,0,1,408.80552
3,0,15,633.43617
3,1,2,492.77016
3,1,16,86.48827
3,2,3,633.43617
3,2,17,408.80552
3,3,4,923.95067
3,3,18,160.85203
3,4,5,151.16374
3,4,19,125.73083
3,5,6,160.85203
3,5,20,314.54395
3,6,7,476.10209
3,6,21,90.49901
3,7,8,149.77099
3,7,22,86.48827
3,8,9,923.95067
3,8,23,86.48827
3,9,10,117.29452
3,9,24,503.19399
3,10,11,387.58205
3,10,25,730.0
3,11,12,311.97051
3,11,26,311.97051
3,12,13,476.10209
3,12,27,730.0
3,13,14,160.85203
3,13,28,412.03075
3,14,29,923.95067
3,15,16,311.97051
3,15,30,86.48827
3,16,17,267.15926
3,16,31,633.43617
3,17,18,408.80552
3,17,32,120.43666
3,18,19,492.77016
3,18,33,117.29452
3,19,20,257.18153
3,19,34,70.70203
3,20,21,125.73083
3,20,35,503.19399
3,21,22,151.16374
3,21,36,160.85203
3,22,23,314.54395
3,22,37,120.43666
3,23,24,923.95067
3,23,38,633.43617
3,24,25,125.73083
3,24,39,633.43617
3,25,26,408.80552
3,25,40,199.84553
3,26,27,120.43666
3,26,41,199.84553
3,27,28,503.19399
3,27,42,267.15926
3,28,29,412.03075
3,28,43,120.43666
3,29,44,149.77099
3,30,31,331.03339
3,30,45,412.03075
3,31,32,412.03075
3,31,46,257.18153
3,32,33,387.58205
3,32,47,314.54395
3,33,34,49.30036
3,33,48,70.70203
3,34,35,476.10209
3,34,49,503.19399
3,35,36,120.43666
3,35,50,476.10209
3,36,37,204.75395
3,36,51,125.73083
3,37,38,257.18153
3,37,52,257.18153
3,38,39,250.17093
3,38,53,192.02624
3,39,40,199.84553
3,39,54,387.58205
3,40,41,117.29452
3,40,55,314.54395
3,41,42,492.77016
3,41,56,412.03075
3,42,43,117.29452
3,42,57,503.19399
3,43,44,492.77016
3,43,58,492.77016
3,44,59,412.03075
3,45,46,311.97051
3,45,60,612.86847
3,46,47,476.10209
3,46,61,408.80552
3,47,48,492.77016
3,47,62,331.03339
3,48,49,86.48827
3,48,63,331.03339
3,49,50,120.43666
3,49,64,476.10209
3,50,51,267.15926
3,50,65,160.85203
3,51,52,250.17093
3,51,66,503.19399
3,52,53,86.48827
3,52,67,125.73083
3,53,54,503.19399
3,53,68,503.19399
3,54,55,199.84553
3,54,69,492.77016
3,55,56,160.85203
3,55,70,117.29452
3,56,57,192.02624
3,56,71,319.09018
3,57,58,314.54395
3,57,72,149.77099
3,58,59,331.03339
3,58,73,204.75395
3,59,74,204.75395
3,60,61,240.72846
3,60,75,319.09018
3,61,62,633.43617
3,61,76,412.03075
3,62,63,492.77016
3,62,77,240.72846
3,63,64,204.75395
3,63,78,267.15926
3,64,65,199.84553
3,64,79,257.18153
3,65,66,730.0
3,65,80,199.84553
3,66,67,612.86847
3,66,81,151.16374
3,67,68,267.15926
3,67,82,70.70203
3,68,69,267.15926
3,68,83,49.30036
3,69,70,319.09018
3,69,84,476.10209
3,70,71,612.86847
3,70,85,492.77016
3,71,72,250.17093
3,71,86,120.43666
3,72,73,192.02624
3,72,87,149.77099
3,73,74,412.03075
3,73,88,199.84553
3,74,89,257.18153
3,75,76,492.77016
3,75,90,311.97051
3,76,77,387.58205
3,76,91,86.48827
3,77,78,240.72846
3,77,92,149.77099
3,78,79,160.85203
3,78,93,612.86847
3,79,80,267.15926
3,79,94,199.84553
3,80,81,49.30036
3,80,95,612.86847
3,81,82,160.85203
3,81,96,86.48827
3,82,83,202.95752
3,82,97,90.49901
3,83,84,412.03075
3,83,98,192.02624
3,84,85,387.58205
3,84,99,49.30036
3,85,86,503.19399
3,85,100,149.77099
3,86,87,633.43617
3,86,101,117.29452
3,87,88,199.84553
3,87,102,476.10209
3,88,89,125.73083
3,88,103,267.15926
3,89,104,192.02624
3,90,91,125.73083
3,90,105,192.02624
3,91,92,267.15926
3,91,106,476.10209
3,92,93,408.80552
3,92,107,250.17093
3,93,94,503.19399
3,93,108,250.17093
3,94,95,331.03339
3,94,109,408.80552
3,95,96,612.86847
3,95,110,151.16374
3,96,97,117.29452
3,96,111,202.95752
3,97,98,408.80552
3,97,112,49.30036
3,98,99,49.30036
3,98,113,86.48827
3,99,100,49.30036
3,99,114,199.84553
3,100,101,86.48827
3,100,115,633.43617
3,101,102,492.77016
3,101,116,49.30036
3,102,103,125.73083
3,102,117,120.43666
3,103,104,923.95067
3,103,118,492.77016
3,104,119,151.16374
3,105,106,492.77016
3,105,120,503.19399
3,106,107,331.03339
3,106,121,49.30036
3,107,108,202.95752
3,107,122,86.48827
3,108,109,204.75395
3,108,123,250.17093
3,109,110,125.73083
3,109,124,408.80552
3,110,111,257.18153
3,110,125,117.29452
3,111,112,149.77099
3,111,126,503.19399
3,112,113,257.18153
3,112,127,730.0
3,113,114,149.77099
3,113,128,160.85203
3,114,115,476.10209
3,114,129,120.43666
3,115,116,503.19399
3,115,130,149.77099
3,116,117,314.54395
3,116,131,730.0
3,117,118,492.77016
3,117,132,257.18153
3,118,119,70.70203
3,118,133,90.49901
3,119,134,633.43617
3,120,121,250.17093
3,120,135,730.0
3,121,122,49.30036
3,121,136,70.70203
3,122,123,314.54395
3,122,137,151.16374
3,123,124,408.80552
3,123,138,149.77099
3,124,125,314.54395
3,124,139,730.0
3,125,126,492.77016
3,125,140,240.72846
3,126,127,90.49901
3,126,141,633.43617
3,127,128,319.09018
3,127,142,492.77016
3,128,129,319.09018
3,128,143,633.43617
3,129,130,240.72846
3,129,144,612.86847
3,130,131,476.10209
3,130,145,387.58205
3,131,132,633.43617
3,131,146,117.29452
3,132,133,257.18153
3,132,147,408.80552
3,133,134,923.95067
3,133,148,240.72846
3,134,149,408.80552
3,135,136,192.02624
3,135,150,331.03339
3,136,137,90.49901
3,136,151,730.0
3,137,138,319.09018
3,137,152,160.85203
3,138,139,492.77016
3,138,153,192.02624
3,139,140,49.30036
3,139,154,257.18153
3,140,141,923.95067
3,140,155,311.97051
3,141,142,192.02624
3,141,156,257.18153
3,142,143,387.58205
3,142,157,240.72846
3,143,144,151.16374
3,143,158,730.0
3,144,145,149.77099
3,144,159,730.0
3,145,146,503.19399
3,145,160,151.16374
3,146,147,149.77099
3,146,161,319.09018
3,147,148,503.19399
3,147,162,117.29452
3,148,149,633.43617
3,148,163,160.85203
3,149,164,503.19399
3,150,151,250.17093
3,150,165,633.43617
3,151,152,240.72846
3,151,166,633.43617
3,152,153,267.15926
3,152,167,257.18153
3,153,154,476.10209
3,153,168,476.10209
3,154,155,250.17093
3,154,169,257.18153
3,155,156,90.49901
3,155,170,387.58205
3,156,157,311.97051
3,156,171,923.95067
3,157,158,202.95752
3,157,172,90.49901
3,158,159,86.48827
3,158,173,192.02624
3,159,160,149.77099
3,159,174,331.03339
3,160,161,117.29452
3,160,175,240.72846
3,161,162,151.16374
3,161,176,49.30036
3,162,163,202.95752
3,162,177,492.77016
3,163,164,204.75395
3,163,178,202.95752
3,164,179,120.43666
3,165,166,70.70203
3,165,180,387.58205
3,166,167,331.03339
3,166,181,49.30036
3,167,168,250.17093
3,167,182,70.70203
3,168,169,86.48827
3,168,183,311.97051
3,169,170,257.18153
3,169,184,199.84553
3,170,171,192.02624
3,170,185,199.84553
3,171,172,90.49901
3,171,186,117.29452
3,172,173,923.95067
3,172,187,49.30036
3,173,174,267.15926
3,173,188,240.72846
3,174,175,149.77099
3,174,189,240.72846
3,175,176,730.0
3,175,190,199.84553
3,176,177,250.17093
3,176,191,49.30036
3,177,178,730.0
3,177,192,250.17093
3,178,179,267.15926
3,178,193,199.84553
3,179,194,117.29452
3,180,181,476.10209
3,180,195,331.03339
3,181,182,476.10209
3,181,196,412.03075
3,182,183,240.72846
3,182,197,125.73083
3,183,184,125.73083
3,183,198,314.54395
3,184,185,612.86847
3,184,199,192.02624
3,185,186,202.95752
3,185,200,319.09018
3,186,187,267.15926
3,186,201,192.02624
3,187,188,204.75395
3,187,202,202.95752
3,188,189,117.29452
3,188,203,240.72846
3,189,190,387.58205
3,189,204,730.0
3,190,191,49.30036
3,190,205,117.29452
3,191,192,408.80552
3,191,206,633.43617
3,192,193,204.75395
3,192,207,314.54395
3,193,194,49.30036
3,193,208,149.77099
3,194,209,90.49901
3,195,196,149.77099
3,195,210,387.58205
3,196,197,240.72846
3,196,211,240.72846
3,197,198,923.95067
3,197,212,612.86847
3,198,199,476.10209
3,198,213,90.49901
3,199,200,70.70203
3,199,214,311.97051
3,200,201,387.58205
3,200,215,612.86847
3,201,202,250.17093
3,201,216,86.48827
3,202,203,267.15926
3,202,217,492.77016
3,203,204,408.80552
3,203,218,314.54395
3,204,205,387.58205
3,204,219,492.77016
3,205,206,70.70203
3,205,220,240.72846
3,206,207,319.09018
3,206,221,151.16374
3,207,208,311.97051
3,207,222,412.03075
3,208,209,192.02624
3,208,223,151.16374
3,209,224,503.19399
3,210,211,314.54395
3,211,212,125.73083
3,212,213,923.95067
3,213,214,192.02624
3,214,215,204.75395
3,215,216,125.73083
3,216,217,160.85203
3,217,218,257.18153
3,218,219,240.72846
3,219,220,730.0
3,220,221,612.86847
3,221,222,250.17093
3,222,223,412.03075
3,223,224,408.80552
4,0,1,1425.06043
4,0,15,369.49729
4,1,2,620.79974
4,1,16,1974.23654
4,2,3,369.49729
4,2,17,1425.06043
4,3,4,440.74133
4,3,18,448.9341
4,4,5,553.96106
4,4,19,271.12593
4,5,6,448.9341
4,5,20,197.86615
4,6,7,2471.03163
4,6,21,467.49664
4,7,8,4411.41443
4,7,22,1974.23654
4,8,9,440.74133
4,8,23,1974.23654
4,9,10,742.47677
4,9,24,1096.33692
4,10,11,1696.11874
4,10,25,730.0
4,11,12,2165.41471
4,11,26,2165.41471
4,12,13,2471.03163
4,12,27,730.0
4,13,14,448.9341
4,13,28,105.27668
4,14,29,440.74133
4,15,16,2165.41471
4,15,30,1974.23654
4,16,17,84.21866
4,16,31,369.49729
4,17,18,1425.06043
4,17,32,1290.55753
4,18,19,620.79974
4,18,33,742.47677
4,19,20,532.56272
4,19,34,1113.84548
4,20,21,271.12593
4,20,35,1096.33692
4,21,22,553.96106
4,21,36,448.9341
4,22,23,197.86615
4,22,37,1290.55753
4,23,24,440.74133
4,23,38,369.49729
4,24,25,271.12593
4,24,39,369.49729
4,25,26,1425.06043
4,25,40,161.77483
4,26,27,1290.55753
4,26,41,161.77483
4,27,28,1096.33692
4,27,42,84.21866
4,28,29,105.27668
4,28,43,1290.55753
4,29,44,4411.41443
4,30,31,942.35653
4,30,45,105.27668
4,31,32,105.27668
4,31,46,532.56272
4,32,33,1696.11874
4,32,47,197.86615
4,33,34,1721.30086
4,33,48,1113.84548
4,34,35,2471.03163
4,34,49,1096.33692
4,35,36,1290.55753
4,35,50,2471.03163
4,36,37,326.34518
4,36,51,271.12593
4,37,38,532.56272
4,37,52,532.56272
4,38,39,1473.58243
4,38,53,869.0133
4,39,40,161.77483
4,39,54,1696.11874
4,40,41,742.47677
4,40,55,197.86615
4,41,42,620.79974
4,41,56,105.27668
4,42,43,742.47677
4,42,57,1096.33692
4,43,44,620.79974
4,43,58,620.79974
4,44,59,105.27668
4,45,46,2165.41471
4,45,60,1641.5414
4,46,47,2471.03163
4,46,61,1425.06043
4,47,48,620.79974
4,47,62,942.35653
4,48,49,1974.23654
4,48,63,942.35653
4,49,50,1290.55753
4,49,64,2471.03163
4,50,51,84.21866
4,50,65,448.9341
4,51,52,1473.58243
4,51,66,1096.33692
4,52,53,1974.23654
4,52,67,271.12593
4,53,54,1096.33692
4,53,68,1096.33692
4,54,55,161.77483
4,54,69,620.79974
4,55,56,448.9341
4,55,70,742.47677
4,56,57,869.0133
4,56,71,3451.39987
4,57,58,197.86615
4,57,72,4411.41443
4,58,59,942.35653
4,58,73,326.34518
4,59,74,326.34518
4,60,61,4961.05801
4,60,75,3451.39987
4,61,62,369.49729
4,61,76,105.27668
4,62,63,620.79974
4,62,77,4961.05801
4,63,64,326.34518
4,63,78,84.21866
4,64,65,161.77483
4,64,79,532.56272
4,65,66,730.0
4,65,80,161.77483
4,66,67,1641.5414
4,66,81,553.96106
4,67,68,84.21866
4,67,82,1113.84548
4,68,69,84.21866
4,68,83,1721.30086
4,69,70,3451.39987
4,69,84,2471.03163
4,70,71,1641.5414
4,70,85,620.79974
4,71,72,1473.58243
4,71,86,1290.55753
4,72,73,869.0133
4,72,87,4411.41443
4,73,74,105.27668
4,73,88,161.77483
4,74,89,532.56272
4,75,76,620.79974
4,75,90,2165.41471
4,76,77,1696.11874
4,76,91,1974.23654
4,77,78,4961.05801
4,77,92,4411.41443
4,78,79,448.9341
4,78,93,1641.5414
4,79,80,84.21866
4,79,94,161.77483
4,80,81,1721.30086
4,80,95,1641.5414
4,81,82,448.9341
4,81,96,1974.23654
4,82,83,3046.42711
4,82,97,467.49664
4,83,84,105.27668
4,83,98,869.0133
4,84,85,1696.11874
4,84,99,1721.30086
4,85,86,1096.33692
4,85,100,4411.41443
4,86,87,369.49729
4,86,101,742.47677
4,87,88,161.77483
4,87,102,2471.03163
4,88,89,271.12593
4,88,103,84.21866
4,89,104,869.0133
4,90,91,271.12593
4,90,105,869.0133
4,91,92,84.21866
4,91,106,2471.03163
4,92,93,1425.06043
4,92,107,1473.58243
4,93,94,1096.33692
4,93,108,1473.58243
4,94,95,942.35653
4,94,109,1425.06043
4,95,96,1641.5414
4,95,110,553.96106
4,96,97,742.47677
4,96,111,3046.42711
4,97,98,1425.06043
4,97,112,1721.30086
4,98,99,1721.30086
4,98,113,1974.23654
4,99,100,1721.30086
4,99,114,161.77483
4,100,101,1974.23654
4,100,115,369.49729
4,101,102,620.79974
4,101,116,1721.30086
4,102,103,271.12593
4,102,117,1290.55753
4,103,104,440.74133
4,103,118,620.79974
4,104,119,553.96106
4,105,106,620.79974
4,105,120,1096.33692
4,106,107,942.35653
4,106,121,1721.30086
4,107,108,3046.42711
4,107,122,1974.23654
4,108,109,326.34518
4,108,123,1473.58243
4,109,110,271.12593
4,109,124,1425.06043
4,110,111,532.56272
4,110,125,742.47677
4,111,112,4411.41443
4,111,126,1096.33692
4,112,113,532.56272
4,112,127,730.0
4,113,114,4411.41443
4,113,128,448.9341
4,114,115,2471.03163
4,114,129,1290.55753
4,115,116,1096.33692
4,115,130,4411.41443
4,116,117,197.86615
4,116,131,730.0
4,117,118,620.79974
4,117,132,532.56272
4,118,119,1113.84548
4,118,133,467.49664
4,119,134,369.49729
4,120,121,1473.58243
4,120,135,730.0
4,121,122,1721.30086
4,121,136,1113.84548
4,122,123,197.86615
4,122,137,553.96106
4,123,124,1425.06043
4,123,138,4411.41443
4,124,125,197.86615
4,124,139,730.0
4,125,126,620.79974
4,125,140,4961.05801
4,126,127,467.49664
4,126,141,369.49729
4,127,128,3451.39987
4,127,142,620.79974
4,128,129,3451.39987
4,128,143,369.49729
4,129,130,4961.05801
4,129,144,1641.5414
4,130,131,2471.03163
4,130,145,1696.11874
4,131,132,369.49729
4,131,146,742.47677
4,132,133,532.56272
4,132,147,1425.06043
4,133,134,440.74133
4,133,148,4961.05801
4,134,149,1425.06043
4,135,136,869.0133
4,135,150,942.35653
4,136,137,467.49664
4,136,151,730.0
4,137,138,3451.39987
4,137,152,448.9341
4,138,139,620.79974
4,138,153,869.0133
4,139,140,1721.30086
4,139,154,532.56272
4,140,141,440.74133
4,140,155,2165.41471
4,141,142,869.0133
4,141,156,532.56272
4,142,143,1696.11874
4,142,157,4961.05801
4,143,144,553.96106
4,143,158,730.0
4,144,145,4411.41443
4,144,159,730.0
4,145,146,1096.33692
4,145,160,553.96106
4,146,147,4411.41443
4,146,161,3451.39987
4,147,148,1096.33692
4,147,162,742.47677
4,148,149,369.49729
4,148,163,448.9341
4,149,164,1096.33692
4,150,151,1473.58243
4,150,165,369.49729
4,151,152,4961.05801
4,151,166,369.49729
4,152,153,84.21866
4,152,167,532.56272
4,153,154,2471.03163
4,153,168,2471.03163
4,154,155,1473.58243
4,154,169,532.56272
4,155,156,467.49664
4,155,170,1696.11874
4,156,157,2165.41471
4,156,171,440.74133
4,157,158,3046.42711
4,157,172,467.49664
4,158,159,1974.23654
4,158,173,869.0133
4,159,160,4411.41443
4,159,174,942.35653
4,160,161,742.47677
4,160,175,4961.05801
4,161,162,553.96106
4,161,176,1721.30086
4,162,163,3046.42711
4,162,177,620.79974
4,163,164,326.34518
4,163,178,3046.42711
4,164,179,1290.55753
4,165,166,1113.84548
4,165,180,1696.11874
4,166,167,942.35653
4,166,181,1721.30086
4,167,168,1473.58243
4,167,182,1113.84548
4,168,169,1974.23654
4,168,183,2165.41471
4,169,170,532.56272
4,169,184,161.77483
4,170,171,869.0133
4,170,185,161.77483
4,171,172,467.49664
4,171,186,742.47677
4,172,173,440.74133
4,172,187,1721.30086
4,173,174,84.21866
4,173,188,4961.05801
4,174,175,4411.41443
4,174,189,4961.05801
4,175,176,730.0
4,175,190,161.77483
4,176,177,1473.58243
4,176,191,1721.30086
4,177,178,730.0
4,177,192,1473.58243
4,178,179,84.21866
4,178,193,161.77483
4,179,194,742.47677
4,180,181,2471.03163
4,180,195,942.35653
4,181,182,2471.03163
4,181,196,105.27668
4,182,183,4961.05801
4,182,197,271.12593
4,183,184,271.12593
4,183,198,197.86615
4,184,185,1641.5414
4,184,199,869.0133
4,185,186,3046.42711
4,185,200,3451.39987
4,186,187,84.21866
4,186,201,869.0133
4,187,188,326.34518
4,187,202,3046.42711
4,188,189,742.47677
4,188,203,4961.05801
4,189,190,1696.11874
4,189,204,730.0
4,190,191,1721.30086
4,190,205,742.47677
4,191,192,1425.06043
4,191,206,369.49729
4,192,193,326.34518
4,192,207,197.86615
4,193,194,1721.30086
4,193,208,4411.41443
4,194,209,467.49664
4,195,196,4411.41443
4,195,210,1696.11874
4,196,197,4961.05801
4,196,211,4961.05801
4,197,198,440.74133
4,197,212,1641.5414
4,198,199,2471.03163
4,198,213,467.49664
4,199,200,1113.84548
4,199,214,2165.41471
4,200,201,1696.11874
4,200,215,1641.5414
4,201,202,1473.58243
4,201,216,1974.23654
4,202,203,84.21866
4,202,217,620.79974
4,203,204,1425.06043
4,203,218,197.86615
4,204,205,1696.11874
4,204,219,620.79974
4,205,206,1113.84548
4,205,220,4961.05801
4,206,207,3451.39987
4,206,221,553.96106
4,207,208,2165.41471
4,207,222,105.27668
4,208,209,869.0133
4,208,223,553.96106
4,209,224,1096.33692
4,210,211,197.86615
4,211,212,271.12593
4,212,213,440.74133
4,213,214,869.0133
4,214,215,326.34518
4,215,216,271.12593
4,216,217,448.9341
4,217,218,532.56272
4,218,219,4961.05801
4,219,220,730.0
4,220,221,1641.5414
4,221,222,1473.58243
4,222,223,105.27668
4,223,224,1425.06043
5,0,1,2566.26577
5,0,15,1459.58054
5,1,2,586.85779
5,1,16,2117.42048
5,2,3,1459.58054
5,2,17,2566.26577
5,3,4,1761.69646
5,3,18,1584.69859
5,4,5,1181.35081
5,4,19,2245.75461
5,5,6,1584.69859
5,5,20,400.8346
5,6,7,1370.14261
5,6,21,965.99896
5,7,8,2833.95035
5,7,22,2117.42048
5,8,9,1761.69646
5,8,23,2117.42048
5,9,10,645.69778
5,9,24,4168.77137
5,10,11,1957.84825
5,10,25,730.0
5,11,12,1125.95889
5,11,26,1125.95889
5,12,13,1370.14261
5,12,27,730.0
5,13,14,1584.69859
5,13,28,1053.12448
5,14,29,1761.69646
5,15,16,1125.95889
5,15,30,2117.42048
5,16,17,857.7628
5,16,31,1459.58054
5,17,18,2566.26577
5,17,32,4467.23118
5,18,19,586.85779
5,18,33,645.69778
5,19,20,1907.90886
5,19,34,3803.72141
5,20,21,2245.75461
5,20,35,4168.77137
5,21,22,1181.35081
5,21,36,1584.69859
5,22,23,400.8346
5,22,37,4467.23118
5,23,24,1761.69646
5,23,38,1459.58054
5,24,25,2245.75461
5,24,39,1459.58054
5,25,26,2566.26577
5,25,40,314.86687
5,26,27,4467.23118
5,26,41,314.86687
5,27,28,4168.77137
5,27,42,857.7628
5,28,29,1053.12448
5,28,43,4467.23118
5,29,44,2833.95035
5,30,31,3542.90019
5,30,45,1053.12448
5,31,32,1053.12448
5,31,46,1907.90886
5,32,33,1957.84825
5,32,47,400.8346
5,33,34,1764.41736
5,33,48,3803.72141
5,34,35,1370.14261
5,34,49,4168.77137
5,35,36,4467.23118
5,35,50,1370.14261
5,36,37,2676.0788
5,36,51,2245.75461
5,37,38,1907.90886
5,37,52,1907.90886
5,38,39,1627.49193
5,38,53,800.49515
5,39,40,314.86687
5,39,54,1957.84825
5,40,41,645.69778
5,40,55,400.8346
5,41,42,586.85779
5,41,56,1053.12448
5,42,43,645.69778
5,42,57,4168.77137
5,43,44,586.85779
5,43,58,586.85779
5,44,59,1053.12448
5,45,46,1125.95889
5,45,60,3046.42711
5,46,47,1370.14261
5,46,61,2566.26577
5,47,48,586.85779
5,47,62,3542.90019
5,48,49,2117.42048
5,48,63,3542.90019
5,49,50,4467.23118
5,49,64,1370.14261
5,50,51,857.7628
5,50,65,1584.69859
5,51,52,1627.49193
5,51,66,4168.77137
5,52,53,2117.42048
5,52,67,2245.75461
5,53,54,4168.77137
5,53,68,4168.77137
5,54,55,314.86687
5,54,69,586.85779
5,55,56,1584.69859
5,55,70,645.69778
5,56,57,800.49515
5,56,71,6719.38719
5,57,58,400.8346
5,57,72,2833.95035
5,58,59,3542.90019
5,58,73,2676.0788
5,59,74,2676.0788
5,60,61,3354.89363
5,60,75,6719.38719
5,61,62,1459.58054
5,61,76,1053.12448
5,62,63,586.85779
5,62,77,3354.89363
5,63,64,2676.0788
5,63,78,857.7628
5,64,65,314.86687
5,64,79,1907.90886
5,65,66,730.0
5,65,80,314.86687
5,66,67,3046.42711
5,66,81,1181.35081
5,67,68,857.7628
5,67,82,3803.72141
5,68,69,857.7628
5,68,83,1764.41736
5,69,70,6719.38719
5,69,84,1370.14261
5,70,71,3046.42711
5,70,85,586.85779
5,71,72,1627.49193
5,71,86,4467.23118
5,72,73,800.49515
5,72,87,2833.95035
5,73,74,1053.12448
5,73,88,314.86687
5,74,89,1907.90886
5,75,76,586.85779
5,75,90,1125.95889
5,76,77,1957.84825
5,76,91,2117.42048
5,77,78,3354.89363
5,77,92,2833.95035
5,78,79,1584.69859
5,78,93,3046.42711
5,79,80,857.7628
5,79,94,314.86687
5,80,81,1764.41736
5,80,95,3046.42711
5,81,82,1584.69859
5,81,96,2117.42048
5,82,83,5782.90972
5,82,97,965.99896
5,83,84,1053.12448
5,83,98,800.49515
5,84,85,1957.84825
5,84,99,1764.41736
5,85,86,4168.77137
5,85,100,2833.95035
5,86,87,1459.58054
5,86,101,645.69778
5,87,88,314.86687
5,87,102,1370.14261
5,88,89,2245.75461
5,88,103,857.7628
5,89,104,800.49515
5,90,91,2245.75461
5,90,105,800.49515
5,91,92,857.7628
5,91,106,1370.14261
5,92,93,2566.26577
5,92,107,1627.49193
5,93,94,4168.77137
5,93,108,1627.49193
5,94,95,3542.90019
5,94,109,2566.26577
5,95,96,3046.42711
5,95,110,1181.35081
5,96,97,645.69778
5,96,111,5782.90972
5,97,98,2566.26577
5,97,112,1764.41736
5,98,99,1764.41736
5,98,113,2117.42048
5,99,100,1764.41736
5,99,114,314.86687
5,100,101,2117.42048
5,100,115,1459.58054
5,101,102,586.85779
5,101,116,1764.41736
5,102,103,2245.75461
5,102,117,4467.23118
5,103,104,1761.69646
5,103,118,586.85779
5,104,119,1181.35081
5,105,106,586.85779
5,105,120,4168.77137
5,106,107,3542.90019
5,106,121,1764.41736
5,107,108,5782.90972
5,107,122,2117.42048
5,108,109,2676.0788
5,108,123,1627.49193
5,109,110,2245.75461
5,109,124,2566.26577
5,110,111,1907.90886
5,110,125,645.69778
5,111,112,2833.95035
5,111,126,4168.77137
5,112,113,1907.90886
5,112,127,730.0
5,113,114,2833.95035
5,113,128,1584.69859
5,114,115,1370.14261
5,114,129,4467.23118
5,115,116,4168.77137
5,115,130,2833.95035
5,116,117,400.8346
5,116,131,730.0
5,117,118,586.85779
5,117,132,1907.90886
5,118,119,3803.72141
5,118,133,965.99896
5,119,134,1459.58054
5,120,121,1627.49193
5,120,135,730.0
5,121,122,1764.41736
5,121,136,3803.72141
5,122,123,400.8346
5,122,137,1181.35081
5,123,124,2566.26577
5,123,138,2833.95035
5,124,125,400.8346
5,124,139,730.0
5,125,126,586.85779
5,125,140,3354.89363
5,126,127,965.99896
5,126,141,1459.58054
5,127,128,6719.38719
5,127,142,586.85779
5,128,129,6719.38719
5,128,143,1459.58054
5,129,130,3354.89363
5,129,144,3046.42711
5,130,131,1370.14261
5,130,145,1957.84825
5,131,132,1459.58054
5,131,146,645.69778
5,132,133,1907.90886
5,132,147,2566.26577
5,133,134,1761.69646
5,133,148,3354.89363
5,134,149,2566.26577
5,135,136,800.49515
5,135,150,3542.90019
5,136,137,965.99896
5,136,151,730.0
5,137,138,6719.38719
5,137,152,1584.69859
5,138,139,586.85779
5,138,153,800.49515
5,139,140,1764.41736
5,139,154,1907.90886
5,140,141,1761.69646
5,140,155,1125.95889
5,141,142,800.49515
5,141,156,1907.90886
5,142,143,1957.84825
5,142,157,3354.89363
5,143,144,1181.35081
5,143,158,730.0
5,144,145,2833.95035
5,144,159,730.0
5,145,146,4168.77137
5,145,160,1181.35081
5,146,147,2833.95035
5,146,161,6719.38719
5,147,148,4168.77137
5,147,162,645.69778
5,148,149,1459.58054
5,148,163,1584.69859
5,149,164,4168.77137
5,150,151,1627.49193
5,150,165,1459.58054
5,151,152,3354.89363
5,151,166,1459.58054
5,152,153,857.7628
5,152,167,1907.90886
5,153,154,1370.14261
5,153,168,1370.14261
5,154,155,1627.49193
5,154,169,1907.90886
5,155,156,965.99896
5,155,170,1957.84825
5,156,157,1125.95889
5,156,171,1761.69646
5,157,158,5782.90972
5,157,172,965.99896
5,158,159,2117.42048
5,158,173,800.49515
5,159,160,2833.95035
5,159,174,3542.90019
5,160,161,645.69778
5,160,175,3354.89363
5,161,162,1181.35081
5,161,176,1764.41736
5,162,163,5782.90972
5,162,177,586.85779
5,163,164,2676.0788
5,163,178,5782.90972
5,164,179,4467.23118
5,165,166,3803.72141
5,165,180,1957.84825
5,166,167,3542.90019
5,166,181,1764.41736
5,167,168,1627.49193
5,167,182,3803.72141
5,168,169,2117.42048
5,168,183,1125.95889
5,169,170,1907.90886
5,169,184,314.86687
5,170,171,800.49515
5,170,185,314.86687
5,171,172,965.99896
5,171,186,645.69778
5,172,173,1761.69646
5,172,187,1764.41736
5,173,174,857.7628
5,173,188,3354.89363
5,174,175,2833.95035
5,174,189,3354.89363
5,175,176,730.0
5,175,190,314.86687
5,176,177,1627.49193
5,176,191,1764.41736
5,177,178,730.0
5,177,192,1627.49193
5,178,179,857.7628
5,178,193,314.86687
5,179,194,645.69778
5,180,181,1370.14261
5,180,195,3542.90019
5,181,182,1370.14261
5,181,196,1053.12448
5,182,183,3354.89363
5,182,197,2245.75461
5,183,184,2245.75461
5,183,198,400.8346
5,184,185,3046.42711
5,184,199,800.49515
5,185,186,5782.90972
5,185,200,6719.38719
5,186,187,857.7628
5,186,201,800.49515
5,187,188,2676.0788
5,187,202,5782.90972
5,188,189,645.69778
5,188,203,3354.89363
5,189,190,1957.84825
5,189,204,730.0
5,190,191,1764.41736
5,190,205,645.69778
5,191,192,2566.26577
5,191,206,1459.58054
5,192,193,2676.0788
5,192,207,400.8346
5,193,194,1764.41736
5,193,208,2833.95035
5,194,209,965.99896
5,195,196,2833.95035
5,195,210,1957.84825
5,196,197,3354.89363
5,196,211,3354.89363
5,197,198,1761.69646
5,197,212,3046.42711
5,198,199,1370.14261
5,198,213,965.99896
5,199,200,3803.72141
5,199,214,1125.95889
5,200,201,1957.84825
5,200,215,3046.42711
5,201,202,1627.49193
5,201,216,2117.42048
5,202,203,857.7628
5,202,217,586.85779
5,203,204,2566.26577
5,203,218,400.8346
5,204,205,1957.84825
5,204,219,586.85779
5,205,206,3803.72141
5,205,220,3354.89363
5,206,207,6719.38719
5,206,221,1181.35081
5,207,208,1125.95889
5,207,222,1053.12448
5,208,209,800.49515
5,208,223,1181.35081
5,209,224,4168.77137
5,210,211,400.8346
5,211,212,2245.75461
5,212,213,1761.69646
5,213,214,800.49515
5,214,215,2676.0788
5,215,216,2245.75461
5,216,217,1584.69859
5,217,218,1907.90886
5,218,219,3354.89363
5,219,220,730.0
5,220,221,3046.42711
5,221,222,1627.49193
5,222,223,1053.12448
5,223,224,2566.26577
6,0,1,1099.08607
6,0,15,573.40214
6,1,2,742.47677
6,1,16,4662.65573
6,2,3,573.40214
6,2,17,1099.08607
6,3,4,563.34897
6,3,18,2073.42925
6,4,5,2811.79366
6,4,19,2319.99949
6,5,6,2073.42925
6,5,20,1436.49065
6,6,7,1365.73857
6,6,21,2850.15557
6,7,8,2724.60529
6,7,22,4662.65573
6,8,9,563.34897
6,8,23,4662.65573
6,9,10,2556.97773
6,9,24,1225.87671
6,10,11,1540.41481
6,10,25,730.0
6,11,12,1386.76336
6,11,26,1386.76336
6,12,13,1365.73857
6,12,27,730.0
6,13,14,2073.42925
6,13,28,1140.07224
6,14,29,563.34897
6,15,16,1386.76336
6,15,30,4662.65573
6,16,17,1158.16069
6,16,31,573.40214
6,17,18,1099.08607
6,17,32,3858.282
6,18,19,742.47677
6,18,33,2556.97773
6,19,20,2044.01419
6,19,34,3908.20696
6,20,21,2319.99949
6,20,35,1225.87671
6,21,22,2811.79366
6,21,36,2073.42925
6,22,23,1436.49065
6,22,37,3858.282
6,23,24,563.34897
6,23,38,573.40214
6,24,25,2319.99949
6,24,39,573.40214
6,25,26,1099.08607
6,25,40,1458.41874
6,26,27,3858.282
6,26,41,1458.41874
6,27,28,1225.87671
6,27,42,1158.16069
6,28,29,1140.07224
6,28,43,3858.282
6,29,44,2724.60529
6,30,31,1245.09219
6,30,45,1140.07224
6,31,32,1140.07224
6,31,46,2044.01419
6,32,33,1540.41481
6,32,47,1436.49065
6,33,34,4721.10704
6,33,48,3908.20696
6,34,35,1365.73857
6,34,49,1225.87671
6,35,36,3858.282
6,35,50,1365.73857
6,36,37,2287.6921
6,36,51,2319.99949
6,37,38,2044.01419
6,37,52,2044.01419
6,38,39,1563.65636
6,38,53,2521.93837
6,39,40,1458.41874
6,39,54,1540.41481
6,40,41,2556.97773
6,40,55,1436.49065
6,41,42,742.47677
6,41,56,1140.07224
6,42,43,2556.97773
6,42,57,1225.87671
6,43,44,742.47677
6,43,58,742.47677
6,44,59,1140.07224
6,45,46,1386.76336
6,45,60,1081.77149
6,46,47,1365.73857
6,46,61,1099.08607
6,47,48,742.47677
6,47,62,1245.09219
6,48,49,4662.65573
6,48,63,1245.09219
6,49,50,3858.282
6,49,64,1365.73857
6,50,51,1158.16069
6,50,65,2073.42925
6,51,52,1563.65636
6,51,66,1225.87671
6,52,53,4662.65573
6,52,67,2319.99949
6,53,54,1225.87671
6,53,68,1225.87671
6,54,55,1458.41874
6,54,69,742.47677
6,55,56,2073.42925
6,55,70,2556.97773
6,56,57,2521.93837
6,56,71,2183.23827
6,57,58,1436.49065
6,57,72,2724.60529
6,58,59,1245.09219
6,58,73,2287.6921
6,59,74,2287.6921
6,60,61,2687.65892
6,60,75,2183.23827
6,61,62,573.40214
6,61,76,1140.07224
6,62,63,742.47677
6,62,77,2687.65892
6,63,64,2287.6921
6,63,78,1158.16069
6,64,65,1458.41874
6,64,79,2044.01419
6,65,66,730.0
6,65,80,1458.41874
6,66,67,1081.77149
6,66,81,2811.79366
6,67,68,1158.16069
6,67,82,3908.20696
6,68,69,1158.16069
6,68,83,4721.10704
6,69,70,2183.23827
6,69,84,1365.73857
6,70,71,1081.77149
6,70,85,742.47677
6,71,72,1563.65636
6,71,86,3858.282
6,72,73,2521.93837
6,72,87,2724.60529
6,73,74,1140.07224
6,73,88,1458.41874
6,74,89,2044.01419
6,75,76,742.47677
6,75,90,1386.76336
6,76,77,1540.41481
6,76,91,4662.65573
6,77,78,2687.65892
6,77,92,2724.60529
6,78,79,2073.42925
6,78,93,1081.77149
6,79,80,1158.16069
6,79,94,1458.41874
6,80,81,4721.10704
6,80,95,1081.77149
6,81,82,2073.42925
6,81,96,4662.65573
6,82,83,2214.31251
6,82,97,2850.15557
6,83,84,1140.07224
6,83,98,2521.93837
6,84,85,1540.41481
6,84,99,4721.10704
6,85,86,1225.87671
6,85,100,2724.60529
6,86,87,573.40214
6,86,101,2556.97773
6,87,88,1458.41874
6,87,102,1365.73857
6,88,89,2319.99949
6,88,103,1158.16069
6,89,104,2521.93837
6,90,91,2319.99949
6,90,105,2521.93837
6,91,92,1158.16069
6,91,106,1365.73857
6,92,93,1099.08607
6,92,107,1563.65636
6,93,94,1225.87671
6,93,108,1563.65636
6,94,95,1245.09219
6,94,109,1099.08607
6,95,96,1081.77149
6,95,110,2811.79366
6,96,97,2556.97773
6,96,111,2214.31251
6,97,98,1099.08607
6,97,112,4721.10704
6,98,99,4721.10704
6,98,113,4662.65573
6,99,100,4721.10704
6,99,114,1458.41874
6,100,101,4662.65573
6,100,115,573.40214
6,101,102,742.47677
6,101,116,4721.10704
6,102,103,2319.99949
6,102,117,3858.282
6,103,104,563.34897
6,103,118,742.47677
6,104,119,2811.79366
6,105,106,742.47677
6,105,120,1225.87671
6,106,107,1245.09219
6,106,121,4721.10704
6,107,108,2214.31251
6,107,122,4662.65573
6,108,109,2287.6921
6,108,123,1563.65636
6,109,110,2319.99949
6,109,124,1099.08607
6,110,111,2044.01419
6,110,125,2556.97773
6,111,112,2724.60529
6,111,126,1225.87671
6,112,113,2044.01419
6,112,127,730.0
6,113,114,2724.60529
6,113,128,2073.42925
6,114,115,1365.73857
6,114,129,3858.282
6,115,116,1225.87671
6,115,130,2724.60529
6,116,117,1436.49065
6,116,131,730.0
6,117,118,742.47677
6,117,132,2044.01419
6,118,119,3908.20696
6,118,133,2850.15557
6,119,134,573.40214
6,120,121,1563.65636
6,120,135,730.0
6,121,122,4721.10704
6,121,136,3908.20696
6,122,123,1436.49065
6,122,137,2811.79366
6,123,124,1099.08607
6,123,138,2724.60529
6,124,125,1436.49065
6,124,139,730.0
6,125,126,742.47677
6,125,140,2687.65892
6,126,127,2850.15557
6,126,141,573.40214
6,127,128,2183.23827
6,127,142,742.47677
6,128,129,2183.23827
6,128,143,573.40214
6,129,130,2687.65892
6,129,144,1081.77149
6,130,131,1365.73857
6,130,145,1540.41481
6,131,132,573.40214
6,131,146,2556.97773
6,132,133,2044.01419
6,132,147,1099.08607
6,133,134,563.34897
6,133,148,2687.65892
6,134,149,1099.08607
6,135,136,2521.93837
6,135,150,1245.09219
6,136,137,2850.15557
6,136,151,730.0
6,137,138,2183.23827
6,137,152,2073.42925
6,138,139,742.47677
6,138,153,2521.93837
6,139,140,4721.10704
6,139,154,2044.01419
6,140,141,563.34897
6,140,155,1386.76336
6,141,142,2521.93837
6,141,156,2044.01419
6,142,143,1540.41481
6,142,157,2687.65892
6,143,144,2811.79366
6,143,158,730.0
6,144,145,2724.60529
6,144,159,730.0
6,145,146,1225.87671
6,145,160,2811.79366
6,146,147,2724.60529
6,146,161,2183.23827
6,147,148,1225.87671
6,147,162,2556.97773
6,148,149,573.40214
6,148,163,2073.42925
6,149,164,1225.87671
6,150,151,1563.65636
6,150,165,573.40214
6,151,152,2687.65892
6,151,166,573.40214
6,152,153,1158.16069
6,152,167,2044.01419
6,153,154,1365.73857
6,153,168,1365.73857
6,154,155,1563.65636
6,154,169,2044.01419
6,155,156,2850.15557
6,155,170,1540.41481
6,156,157,1386.76336
6,156,171,563.34897
6,157,158,2214.31251
6,157,172,2850.15557
6,158,159,4662.65573
6,158,173,2521.93837
6,159,160,2724.60529
6,159,174,1245.09219
6,160,161,2556.97773
6,160,175,2687.65892
6,161,162,2811.79366
6,161,176,4721.10704
6,162,163,2214.31251
6,162,177,742.47677
6,163,164,2287.6921
6,163,178,2214.31251
6,164,179,3858.282
6,165,166,3908.20696
6,165,180,1540.41481
6,166,167,1245.09219
6,166,181,4721.10704
6,167,168,1563.65636
6,167,182,3908.20696
6,168,169,4662.65573
6,168,183,1386.76336
6,169,170,2044.01419
6,169,184,1458.41874
6,170,171,2521.93837
6,170,185,1458.41874
6,171,172,2850.15557
6,171,186,2556.97773
6,172,173,563.34897
6,172,187,4721.10704
6,173,174,1158.16069
6,173,188,2687.65892
6,174,175,2724.60529
6,174,189,2687.65892
6,175,176,730.0
6,175,190,1458.41874
6,176,177,1563.65636
6,176,191,4721.10704
6,177,178,730.0
6,177,192,1563.65636
6,178,179,1158.16069
6,178,193,1458.41874
6,179,194,2556.97773
6,180,181,1365.73857
6,180,195,1245.09219
6,181,182,1365.73857
6,181,196,1140.07224
6,182,183,2687.65892
6,182,197,2319.99949
6,183,184,2319.99949
6,183,198,1436.49065
6,184,185,1081.77149
6,184,199,2521.93837
6,185,186,2214.31251
6,185,200,2183.23827
6,186,187,1158.16069
6,186,201,2521.93837
6,187,188,2287.6921
6,187,202,2214.31251
6,188,189,2556.97773
6,188,203,2687.65892
6,189,190,1540.41481
6,189,204,730.0
6,190,191,4721.10704
6,190,205,2556.97773
6,191,192,1099.08607
6,191,206,573.40214
6,192,193,2287.6921
6,192,207,1436.49065
6,193,194,4721.10704
6,193,208,2724.60529
6,194,209,2850.15557
6,195,196,2724.60529
6,195,210,1540.41481
6,196,197,2687.65892
6,196,211,2687.65892
6,197,198,563.34897
6,197,212,1081.77149
6,198,199,1365.73857
6,198,213,2850.15557
6,199,200,3908.20696
6,199,214,1386.76336
6,200,201,1540.41481
6,200,215,1081.77149
6,201,202,1563.65636
6,201,216,4662.65573
6,202,203,1158.16069
6,202,217,742.47677
6,203,204,1099.08607
6,203,218,1436.49065
6,204,205,1540.41481
6,204,219,742.47677
6,205,206,3908.20696
6,205,220,2687.65892
6,206,207,2183.23827
6,206,221,2811.79366
6,207,208,1386.76336
6,207,222,1140.07224
6,208,209,2521.93837
6,208,223,2811.79366
6,209,224,1225.87671
6,210,211,1436.49065
6,211,212,2319.99949
6,212,213,563.34897
6,213,214,2521.93837
6,214,215,2287.6921
6,215,216,2319.99949
6,216,217,2073.42925
6,217,218,2044.01419
6,218,219,2687.65892
6,219,220,730.0
6,220,221,1081.77149
6,221,222,1563.65636
6,222,223,1140.07224
6,223,224,1099.08607
7,0,1,92.67822
7,0,15,346.48572
7,1,2,1075.45007
7,1,16,23.90321
7,2,3,346.48572
7,2,17,92.67822
7,3,4,216.52209
7,3,18,4.81567
7,4,5,117.71889
7,4,19,42.35468
7,5,6,4.81567
7,5,20,93.49215
7,6,7,230.58846
7,6,21,197.42852
7,7,8,442.02656
7,7,22,23.90321
7,8,9,216.52209
7,8,23,23.90321
7,9,10,35.17895
7,9,24,264.91446
7,10,11,861.49938
7,10,25,730.0
7,11,12,367.28712
7,11,26,367.28712
7,12,13,230.58846
7,12,27,730.0
7,13,14,4.81567
7,13,28,16.27485
7,14,29,216.52209
7,15,16,367.28712
7,15,30,23.90321
7,16,17,32.33047
7,16,31,346.48572
7,17,18,92.67822
7,17,32,3.12406
7,18,19,1075.45007
7,18,33,35.17895
7,19,20,2.33781
7,19,34,6.63881
7,20,21,42.35468
7,20,35,264.91446
7,21,22,117.71889
7,21,36,4.81567
7,22,23,93.49215
7,22,37,3.12406
7,23,24,216.52209
7,23,38,346.48572
7,24,25,42.35468
7,24,39,346.48572
7,25,26,92.67822
7,25,40,159.75049
7,26,27,3.12406
7,26,41,159.75049
7,27,28,264.91446
7,27,42,32.33047
7,28,29,16.27485
7,28,43,3.12406
7,29,44,442.02656
7,30,31,417.72605
7,30,45,16.27485
7,31,32,16.27485
7,31,46,2.33781
7,32,33,861.49938
7,32,47,93.49215
7,33,34,45.93861
7,33,48,6.63881
7,34,35,230.58846
7,34,49,264.91446
7,35,36,3.12406
7,35,50,230.58846
7,36,37,21.8678
7,36,51,42.35468
7,37,38,2.33781
7,37,52,2.33781
7,38,39,1256.33129
7,38,53,17.84754
7,39,40,159.75049
7,39,54,861.49938
7,40,41,35.17895
7,40,55,93.49215
7,41,42,1075.45007
7,41,56,16.27485
7,42,43,35.17895
7,42,57,264.91446
7,43,44,1075.45007
7,43,58,1075.45007
7,44,59,16.27485
7,45,46,367.28712
7,45,60,51.5853
7,46,47,230.58846
7,46,61,92.67822
7,47,48,1075.45007
7,47,62,417.72605
7,48,49,23.90321
7,48,63,417.72605
7,49,50,3.12406
7,49,64,230.58846
7,50,51,32.33047
7,50,65,4.81567
7,51,52,1256.33129
7,51,66,264.91446
7,52,53,23.90321
7,52,67,42.35468
7,53,54,264.91446
7,53,68,264.91446
7,54,55,159.75049
7,54,69,1075.45007
7,55,56,4.81567
7,55,70,35.17895
7,56,57,17.84754
7,56,71,66.39213
7,57,58,93.49215
7,57,72,442.02656
7,58,59,417.72605
7,58,73,21.8678
7,59,74,21.8678
7,60,61,281.55277
7,60,75,66.39213
7,61,62,346.48572
7,61,76,16.27485
7,62,63,1075.45007
7,62,77,281.55277
7,63,64,21.8678
7,63,78,32.33047
7,64,65,159.75049
7,64,79,2.33781
7,65,66,730.0
7,65,80,159.75049
7,66,67,51.5853
7,66,81,117.71889
7,67,68,32.33047
7,67,82,6.63881
7,68,69,32.33047
7,68,83,45.93861
7,69,70,66.39213
7,69,84,230.58846
7,70,71,51.5853
7,70,85,1075.45007
7,71,72,1256.33129
7,71,86,3.12406
7,72,73,17.84754
7,72,87,442.02656
7,73,74,16.27485
7,73,88,159.75049
7,74,89,2.33781
7,75,76,1075.45007
7,75,90,367.28712
7,76,77,861.49938
7,76,91,23.90321
7,77,78,281.55277
7,77,92,442.02656
7,78,79,4.81567
7,78,93,51.5853
7,79,80,32.33047
7,79,94,159.75049
7,80,81,45.93861
7,80,95,51.5853
7,81,82,4.81567
7,81,96,23.90321
7,82,83,116.73069
7,82,97,197.42852
7,83,84,16.27485
7,83,98,17.84754
7,84,85,861.49938
7,84,99,45.93861
7,85,86,264.91446
7,85,100,442.02656
7,86,87,346.48572
7,86,101,35.17895
7,87,88,159.75049
7,87,102,230.58846
7,88,89,42.35468
7,88,103,32.33047
7,89,104,17.84754
7,90,91,42.35468
7,90,105,17.84754
7,91,92,32.33047
7,91,106,230.58846
7,92,93,92.67822
7,92,107,1256.33129
7,93,94,264.91446
7,93,108,1256.33129
7,94,95,417.72605
7,94,109,92.67822
7,95,96,51.5853
7,95,110,117.71889
7,96,97,35.17895
7,96,111,116.73069
7,97,98,92.67822
7,97,112,45.93861
7,98,99,45.93861
7,98,113,23.90321
7,99,100,45.93861
7,99,114,159.75049
7,100,101,23.90321
7,100,115,346.48572
7,101,102,1075.45007
7,101,116,45.93861
7,102,103,42.35468
7,102,117,3.12406
7,103,104,216.52209
7,103,118,1075.45007
7,104,119,117.71889
7,105,106,1075.45007
7,105,120,264.91446
7,106,107,417.72605
7,106,121,45.93861
7,107,108,116.73069
7,107,122,23.90321
7,108,109,21.8678
7,108,123,1256.33129
7,109,110,42.35468
7,109,124,92.67822
7,110,111,2.33781
7,110,125,35.17895
7,111,112,442.02656
7,111,126,264.91446
7,112,113,2.33781
7,112,127,730.0
7,113,114,442.02656
7,113,128,4.81567
7,114,115,230.58846
7,114,129,3.12406
7,115,116,264.91446
7,115,130,442.02656
7,116,117,93.49215
7,116,131,730.0
7,117,118,1075.45007
7,117,132,2.33781
7,118,119,6.63881
7,118,133,197.42852
7,119,134,346.48572
7,120,121,1256.33129
7,120,135,730.0
7,121,122,45.93861
7,121,136,6.63881
7,122,123,93.49215
7,122,137,117.71889
7,123,124,92.67822
7,123,138,442.02656
7,124,125,93.49215
7,124,139,730.0
7,125,126,1075.45007
7,125,140,281.55277
7,126,127,197.42852
7,126,141,346.48572
7,127,128,66.39213
7,127,142,1075.45007
7,128,129,66.39213
7,128,143,346.48572
7,129,130,281.55277
7,129,144,51.5853
7,130,131,230.58846
7,130,145,861.49938
7,131,132,346.48572
7,131,146,35.17895
7,132,133,2.33781
7,132,147,92.67822
7,133,134,216.52209
7,133,148,281.55277
7,134,149,92.67822
7,135,136,17.84754
7,135,150,417.72605
7,136,137,197.42852
7,136,151,730.0
7,137,138,66.39213
7,137,152,4.81567
7,138,139,1075.45007
7,138,153,17.84754
7,139,140,45.93861
7,139,154,2.33781
7,140,141,216.52209
7,140,155,367.28712
7,141,142,17.84754
7,141,156,2.33781
7,142,143,861.49938
7,142,157,281.55277
7,143,144,117.71889
7,143,158,730.0
7,144,145,442.02656
7,144,159,730.0
7,145,146,264.91446
7,145,160,117.71889
7,146,147,442.02656
7,146,161,66.39213
7,147,148,264.91446
7,147,162,35.17895
7,148,149,346.48572
7,148,163,4.81567
7,149,164,264.91446
7,150,151,1256.33129
7,150,165,346.48572
7,151,152,281.55277
7,151,166,346.48572
7,152,153,32.33047
7,152,167,2.33781
7,153,154,230.58846
7,153,168,230.58846
7,154,155,1256.33129
7,154,169,2.33781
7,155,156,197.42852
7,155,170,861.49938
7,156,157,367.28712
7,156,171,216.52209
7,157,158,116.73069
7,157,172,197.42852
7,158,159,23.90321
7,158,173,17.84754
7,159,160,442.02656
7,159,174,417.72605
7,160,161,35.17895
7,160,175,281.55277
7,161,162,117.71889
7,161,176,45.93861
7,162,163,116.73069
7,162,177,1075.45007
7,163,164,21.8678
7,163,178,116.73069
7,164,179,3.12406
7,165,166,6.63881
7,165,180,861.49938
7,166,167,417.72605
7,166,181,45.93861
7,167,168,1256.33129
7,167,182,6.63881
7,168,169,23.90321
7,168,183,367.28712
7,169,170,2.33781
7,169,184,159.75049
7,170,171,17.84754
7,170,185,159.75049
7,171,172,197.42852
7,171,186,35.17895
7,172,173,216.52209
7,172,187,45.93861
7,173,174,32.33047
7,173,188,281.55277
7,174,175,442.02656
7,174,189,281.55277
7,175,176,730.0
7,175,190,159.75049
7,176,177,1256.33129
7,176,191,45.93861
7,177,178,730.0
7,177,192,1256.33129
7,178,179,32.33047
7,178,193,159.75049
7,179,194,35.17895
7,180,181,230.58846
7,180,195,417.72605
7,181,182,230.58846
7,181,196,16.27485
7,182,183,281.55277
7,182,197,42.35468
7,183,184,42.35468
7,183,198,93.49215
7,184,185,51.5853
7,184,199,17.84754
7,185,186,116.73069
7,185,200,66.39213
7,186,187,32.33047
7,186,201,17.84754
7,187,188,21.8678
7,187,202,116.73069
7,188,189,35.17895
7,188,203,281.55277
7,189,190,861.49938
7,189,204,730.0
7,190,191,45.93861
7,190,205,35.17895
7,191,192,92.67822
7,191,206,346.48572
7,192,193,21.8678
7,192,207,93.49215
7,193,194,45.93861
7,193,208,442.02656
7,194,209,197.42852
7,195,196,442.02656
7,195,210,861.49938
7,196,197,281.55277
7,196,211,281.55277
7,197,198,216.52209
7,197,212,51.5853
7,198,199,230.58846
7,198,213,197.42852
7,199,200,6.63881
7,199,214,367.28712
7,200,201,861.49938
7,200,215,51.5853
7,201,202,1256.33129
7,201,216,23.90321
7,202,203,32.33047
7,202,217,1075.45007
7,203,204,92.67822
7,203,218,93.49215
7,204,205,861.49938
7,204,219,1075.45007
7,205,206,6.63881
7,205,220,281.55277
7,206,207,66.39213
7,206,221,117.71889
7,207,208,367.28712
7,207,222,16.27485
7,208,209,17.84754
7,208,223,117.71889
7,209,224,264.91446
7,210,211,93.49215
7,211,212,42.35468
7,212,213,216.52209
7,213,214,17.84754
7,214,215,21.8678
7,215,216,42.35468
7,216,217,4.81567
7,217,218,2.33781
7,218,219,281.55277
7,219,220,730.0
7,220,221,51.5853
7,221,222,1256.33129
7,222,223,16.27485
7,223,224,92.67822
8,0,1,645.69778
8,0,15,267.44097
8,1,2,315.19008
8,1,16,359.99952
8,2,3,267.44097
8,2,17,645.69778
8,3,4,632.85717
8,3,18,430.57142
8,4,5,135.46616
8,4,19,35.0265
8,5,6,430.57142
8,5,20,490.89443
8,6,7,1552.61103
8,6,21,43.86908
8,7,8,225.65409
8,7,22,359.99952
8,8,9,632.85717
8,8,23,359.99952
8,9,10,501.28517
8,9,24,185.08531
8,10,11,220.32868
8,10,25,730.0
8,11,12,744.46295
8,11,26,744.46295
8,12,13,1552.61103
8,12,27,730.0
8,13,14,430.57142
8,13,28,421.42192
8,14,29,632.85717
8,15,16,744.46295
8,15,30,359.99952
8,16,17,167.02499
8,16,31,267.44097
8,17,18,645.69778
8,17,32,306.56034
8,18,19,315.19008
8,18,33,501.28517
8,19,20,958.6093
8,19,34,115.1919
8,20,21,35.0265
8,20,35,185.08531
8,21,22,135.46616
8,21,36,430.57142
8,22,23,490.89443
8,22,37,306.56034
8,23,24,632.85717
8,23,38,267.44097
8,24,25,35.0265
8,24,39,267.44097
8,25,26,645.69778
8,25,40,199.40424
8,26,27,306.56034
8,26,41,199.40424
8,27,28,185.08531
8,27,42,167.02499
8,28,29,421.42192
8,28,43,306.56034
8,29,44,225.65409
8,30,31,63.55982
8,30,45,421.42192
8,31,32,421.42192
8,31,46,958.6093
8,32,33,220.32868
8,32,47,490.89443
8,33,34,139.01147
8,33,48,115.1919
8,34,35,1552.61103
8,34,49,185.08531
8,35,36,306.56034
8,35,50,1552.61103
8,36,37,112.16542
8,36,51,35.0265
8,37,38,958.6093
8,37,52,958.6093
8,38,39,78.10915
8,38,53,1095.42182
8,39,40,199.40424
8,39,54,220.32868
8,40,41,501.28517
8,40,55,490.89443
8,41,42,315.19008
8,41,56,421.42192
8,42,43,501.28517
8,42,57,185.08531
8,43,44,315.19008
8,43,58,315.19008
8,44,59,421.42192
8,45,46,744.46295
8,45,60,1369.04049
8,46,47,1552.61103
8,46,61,645.69778
8,47,48,315.19008
8,47,62,63.55982
8,48,49,359.99952
8,48,63,63.55982
8,49,50,306.56034
8,49,64,1552.61103
8,50,51,167.02499
8,50,65,430.57142
8,51,52,78.10915
8,51,66,185.08531
8,52,53,359.99952
8,52,67,35.0265
8,53,54,185.08531
8,53,68,185.08531
8,54,55,199.40424
8,54,69,315.19008
8,55,56,430.57142
8,55,70,501.28517
8,56,57,1095.42182
8,56,71,470.2
8,57,58,490.89443
8,57,72,225.65409
8,58,59,63.55982
8,58,73,112.16542
8,59,74,112.16542
8,60,61,546.2379
8,60,75,470.2
8,61,62,267.44097
8,61,76,421.42192
8,62,63,315.19008
8,62,77,546.2379
8,63,64,112.16542
8,63,78,167.02499
8,64,65,199.40424
8,64,79,958.6093
8,65,66,730.0
8,65,80,199.40424
8,66,67,1369.04049
8,66,81,135.46616
8,67,68,167.02499
8,67,82,115.1919
8,68,69,167.02499
8,68,83,139.01147
8,69,70,470.2
8,69,84,1552.61103
8,70,71,1369.04049
8,70,85,315.19008
8,71,72,78.10915
8,71,86,306.56034
8,72,73,1095.42182
8,72,87,225.65409
8,73,74,421.42192
8,73,88,199.40424
8,74,89,958.6093
8,75,76,315.19008
8,75,90,744.46295
8,76,77,220.32868
8,76,91,359.99952
8,77,78,546.2379
8,77,92,225.65409
8,78,79,430.57142
8,78,93,1369.04049
8,79,80,167.02499
8,79,94,199.40424
8,80,81,139.01147
8,80,95,1369.04049
8,81,82,430.57142
8,81,96,359.99952
8,82,83,189.68878
8,82,97,43.86908
8,83,84,421.42192
8,83,98,1095.42182
8,84,85,220.32868
8,84,99,139.01147
8,85,86,185.08531
8,85,100,225.65409
8,86,87,267.44097
8,86,101,501.28517
8,87,88,199.40424
8,87,102,1552.61103
8,88,89,35.0265
8,88,103,167.02499
8,89,104,1095.42182
8,90,91,35.0265
8,90,105,1095.42182
8,91,92,167.02499
8,91,106,1552.61103
8,92,93,645.69778
8,92,107,78.10915
8,93,94,185.08531
8,93,108,78.10915
8,94,95,63.55982
8,94,109,645.69778
8,95,96,1369.04049
8,95,110,135.46616
8,96,97,501.28517
8,96,111,189.68878
8,97,98,645.69778
8,97,112,139.01147
8,98,99,139.01147
8,98,113,359.99952
8,99,100,139.01147
8,99,114,199.40424
8,100,101,359.99952
8,100,115,267.44097
8,101,102,315.19008
8,101,116,139.01147
8,102,103,35.0265
8,102,117,306.56034
8,103,104,632.85717
8,103,118,315.19008
8,104,119,135.46616
8,105,106,315.19008
8,105,120,185.08531
8,106,107,63.55982
8,106,121,139.01147
8,107,108,189.68878
8,107,122,359.99952
8,108,109,112.16542
8,108,123,78.10915
8,109,110,35.0265
8,109,124,645.69778
8,110,111,958.6093
8,110,125,501.28517
8,111,112,225.65409
8,111,126,185.08531
8,112,113,958.6093
8,112,127,730.0
8,113,114,225.65409
8,113,128,430.57142
8,114,115,1552.61103
8,114,129,306.56034
8,115,116,185.08531
8,115,130,225.65409
8,116,117,490.89443
8,116,131,730.0
8,117,118,315.19008
8,117,132,958.6093
8,118,119,115.1919
8,118,133,43.86908
8,119,134,267.44097
8,120,121,78.10915
8,120,135,730.0
8,121,122,139.01147
8,121,136,115.1919
8,122,123,490.89443
8,122,137,135.46616
8,123,124,645.69778
8,123,138,225.65409
8,124,125,490.89443
8,124,139,730.0
8,125,126,315.19008
8,125,140,546.2379
8,126,127,43.86908
8,126,141,267.44097
8,127,128,470.2
8,127,142,315.19008
8,128,129,470.2
8,128,143,267.44097
8,129,130,546.2379
8,129,144,1369.04049
8,130,131,1552.61103
8,130,145,220.32868
8,131,132,267.44097
8,131,146,501.28517
8,132,133,958.6093
8,132,147,645.69778
8,133,134,632.85717
8,133,148,546.2379
8,134,149,645.69778
8,135,136,1095.42182
8,135,150,63.55982
8,136,137,43.86908
8,136,151,730.0
8,137,138,470.2
8,137,152,430.57142
8,138,139,315.19008
8,138,153,1095.42182
8,139,140,139.01147
8,139,154,958.6093
8,140,141,632.85717
8,140,155,744.46295
8,141,142,1095.42182
8,141,156,958.6093
8,142,143,220.32868
8,142,157,546.2379
8,143,144,135.46616
8,143,158,730.0
8,144,145,225.65409
8,144,159,730.0
8,145,146,185.08531
8,145,160,135.46616
8,146,147,225.65409
8,146,161,470.2
8,147,148,185.08531
8,147,162,501.28517
8,148,149,267.44097
8,148,163,430.57142
8,149,164,185.08531
8,150,151,78.10915
8,150,165,267.44097
8,151,152,546.2379
8,151,166,267.44097
8,152,153,167.02499
8,152,167,958.6093
8,153,154,1552.61103
8,153,168,1552.61103
8,154,155,78.10915
8,154,169,958.6093
8,155,156,43.86908
8,155,170,220.32868
8,156,157,744.46295
8,156,171,632.85717
8,157,158,189.68878
8,157,172,43.86908
8,158,159,359.99952
8,158,173,1095.42182
8,159,160,225.65409
8,159,174,63.55982
8,160,161,501.28517
8,160,175,546.2379
8,161,162,135.46616
8,161,176,139.01147
8,162,163,189.68878
8,162,177,315.19008
8,163,164,112.16542
8,163,178,189.68878
8,164,179,306.56034
8,165,166,115.1919
8,165,180,220.32868
8,166,167,63.55982
8,166,181,139.01147
8,167,168,78.10915
8,167,182,115.1919
8,168,169,359.99952
8,168,183,744.46295
8,169,170,958.6093
8,169,184,199.40424
8,170,171,1095.42182
8,170,185,199.40424
8,171,172,43.86908
8,171,186,501.28517
8,172,173,632.85717
8,172,187,139.01147
8,173,174,167.02499
8,173,188,546.2379
8,174,175,225.65409
8,174,189,546.2379
8,175,176,730.0
8,175,190,199.40424
8,176,177,78.10915
8,176,191,139.01147
8,177,178,730.0
8,177,192,78.10915
8,178,179,167.02499
8,178,193,199.40424
8,179,194,501.28517
8,180,181,1552.61103
8,180,195,63.55982
8,181,182,1552.61103
8,181,196,421.42192
8,182,183,546.2379
8,182,197,35.0265
8,183,184,35.0265
8,183,198,490.89443
8,184,185,1369.04049
8,184,199,1095.42182
8,185,186,189.68878
8,185,200,470.2
8,186,187,167.02499
8,186,201,1095.42182
8,187,188,112.16542
8,187,202,189.68878
8,188,189,501.28517
8,188,203,546.2379
8,189,190,220.32868
8,189,204,730.0
8,190,191,139.01147
8,190,205,501.28517
8,191,192,645.69778
8,191,206,267.44097
8,192,193,112.16542
8,192,207,490.89443
8,193,194,139.01147
8,193,208,225.65409
8,194,209,43.86908
8,195,196,225.65409
8,195,210,220.32868
8,196,197,546.2379
8,196,211,546.2379
8,197,198,632.85717
8,197,212,1369.04049
8,198,199,1552.61103
8,198,213,43.86908
8,199,200,115.1919
8,199,214,744.46295
8,200,201,220.32868
8,200,215,1369.04049
8,201,202,78.10915
8,201,216,359.99952
8,202,203,167.02499
8,202,217,315.19008
8,203,204,645.69778
8,203,218,490.89443
8,204,205,220.32868
8,204,219,315.19008
8,205,206,115.1919
8,205,220,546.2379
8,206,207,470.2
8,206,221,135.46616
8,207,208,744.46295
8,207,222,421.42192
8,208,209,1095.42182
8,208,223,135.46616
8,209,224,185.08531
8,210,211,490.89443
8,211,212,35.0265
8,212,213,632.85717
8,213,214,1095.42182
8,214,215,112.16542
8,215,216,35.0265
8,216,217,430.57142
8,217,218,958.6093
8,218,219,546.2379
8,219,220,730.0
8,220,221,1369.04049
8,221,222,78.10915
8,222,223,421.42192
8,223,224,645.69778
9,0,1,89.70711
9,0,15,299.9857
9,1,2,149.07865
9,1,16,290.19413
9,2,3,299.9857
9,2,17,89.70711
9,3,4,1259.41114
9,3,18,306.8764
9,4,5,799.08783
9,4,19,333.05979
9,5,6,306.8764
9,5,20,1789.06354
9,6,7,260.74799
9,6,21,167.59588
9,7,8,8.14417
9,7,22,290.19413
9,8,9,1259.41114
9,8,23,290.19413
9,9,10,152.91996
9,9,24,534.06792
9,10,11,283.61865
9,10,25,730.0
9,11,12,38.0763
9,11,26,38.0763
9,12,13,260.74799
9,12,27,730.0
9,13,14,306.8764
9,13,28,2870.52064
9,14,29,1259.41114
9,15,16,38.0763
9,15,30,290.19413
9,16,17,837.81808
9,16,31,299.9857
9,17,18,89.70711
9,17,32,545.21498
9,18,19,149.07865
9,18,33,152.91996
9,19,20,1282.1897
9,19,34,101.84258
9,20,21,333.05979
9,20,35,534.06792
9,21,22,799.08783
9,21,36,306.8764
9,22,23,1789.06354
9,22,37,545.21498
9,23,24,1259.41114
9,23,38,299.9857
9,24,25,333.05979
9,24,39,299.9857
9,25,26,89.70711
9,25,40,466.59841
9,26,27,545.21498
9,26,41,466.59841
9,27,28,534.06792
9,27,42,837.81808
9,28,29,2870.52064
9,28,43,545.21498
9,29,44,8.14417
9,30,31,99.11459
9,30,45,2870.52064
9,31,32,2870.52064
9,31,46,1282.1897
9,32,33,283.61865
9,32,47,1789.06354
9,33,34,43.99221
9,33,48,101.84258
9,34,35,260.74799
9,34,49,534.06792
9,35,36,545.21498
9,35,50,260.74799
9,36,37,1367.93911
9,36,51,333.05979
9,37,38,1282.1897
9,37,52,1282.1897
9,38,39,42.65394
9,38,53,744.46295
9,39,40,466.59841
9,39,54,283.61865
9,40,41,152.91996
9,40,55,1789.06354
9,41,42,149.07865
9,41,56,2870.52064
9,42,43,152.91996
9,42,57,534.06792
9,43,44,149.07865
9,43,58,149.07865
9,44,59,2870.52064
9,45,46,38.0763
9,45,60,495.12323
9,46,47,260.74799
9,46,61,89.70711
9,47,48,149.07865
9,47,62,99.11459
9,48,49,290.19413
9,48,63,99.11459
9,49,50,545.21498
9,49,64,260.74799
9,50,51,837.81808
9,50,65,306.8764
9,51,52,42.65394
9,51,66,534.06792
9,52,53,290.19413
9,52,67,333.05979
9,53,54,534.06792
9,53,68,534.06792
9,54,55,466.59841
9,54,69,149.07865
9,55,56,306.8764
9,55,70,152.91996
9,56,57,744.46295
9,56,71,179.76588
9,57,58,1789.06354
9,57,72,8.14417
9,58,59,99.11459
9,58,73,1367.93911
9,59,74,1367.93911
9,60,61,83.7921
9,60,75,179.76588
9,61,62,299.9857
9,61,76,2870.52064
9,62,63,149.07865
9,62,77,83.7921
9,63,64,1367.93911
9,63,78,837.81808
9,64,65,466.59841
9,64,79,1282.1897
9,65,66,730.0
9,65,80,466.59841
9,66,67,495.12323
9,66,81,799.08783
9,67,68,837.81808
9,67,82,101.84258
9,68,69,837.81808
9,68,83,43.99221
9,69,70,179.76588
9,69,84,260.74799
9,70,71,495.12323
9,70,85,149.07865
9,71,72,42.65394
9,71,86,545.21498
9,72,73,744.46295
9,72,87,8.14417
9,73,74,2870.52064
9,73,88,466.59841
9,74,89,1282.1897
9,75,76,149.07865
9,75,90,38.0763
9,76,77,283.61865
9,76,91,290.19413
9,77,78,83.7921
9,77,92,8.14417
9,78,79,306.8764
9,78,93,495.12323
9,79,80,837.81808
9,79,94,466.59841
9,80,81,43.99221
9,80,95,495.12323
9,81,82,306.8764
9,81,96,290.19413
9,82,83,22.97125
9,82,97,167.59588
9,83,84,2870.52064
9,83,98,744.46295
9,84,85,283.61865
9,84,99,43.99221
9,85,86,534.06792
9,85,100,8.14417
9,86,87,299.9857
9,86,101,152.91996
9,87,88,466.59841
9,87,102,260.74799
9,88,89,333.05979
9,88,103,837.81808
9,89,104,744.46295
9,90,91,333.05979
9,90,105,744.46295
9,91,92,837.81808
9,91,106,260.74799
9,92,93,89.70711
9,92,107,42.65394
9,93,94,534.06792
9,93,108,42.65394
9,94,95,99.11459
9,94,109,89.70711
9,95,96,495.12323
9,95,110,799.08783
9,96,97,152.91996
9,96,111,22.97125
9,97,98,89.70711
9,97,112,43.99221
9,98,99,43.99221
9,98,113,290.19413
9,99,100,43.99221
9,99,114,466.59841
9,100,101,290.19413
9,100,115,299.9857
9,101,102,149.07865
9,101,116,43.99221
9,102,103,333.05979
9,102,117,545.21498
9,103,104,1259.41114
9,103,118,149.07865
9,104,119,799.08783
9,105,106,149.07865
9,105,120,534.06792
9,106,107,99.11459
9,106,121,43.99221
9,107,108,22.97125
9,107,122,290.19413
9,108,109,1367.93911
9,108,123,42.65394
9,109,110,333.05979
9,109,124,89.70711
9,110,111,1282.1897
9,110,125,152.91996
9,111,112,8.14417
9,111,126,534.06792
9,112,113,1282.1897
9,112,127,730.0
9,113,114,8.14417
9,113,128,306.8764
9,114,115,260.74799
9,114,129,545.21498
9,115,116,534.06792
9,115,130,8.14417
9,116,117,1789.06354
9,116,131,730.0
9,117,118,149.07865
9,117,132,1282.1897
9,118,119,101.84258
9,118,133,167.59588
9,119,134,299.9857
9,120,121,42.65394
9,120,135,730.0
9,121,122,43.99221
9,121,136,101.84258
9,122,123,1789.06354
9,122,137,799.08783
9,123,124,89.70711
9,123,138,8.14417
9,124,125,1789.06354
9,124,139,730.0
9,125,126,149.07865
9,125,140,83.7921
9,126,127,167.59588
9,126,141,299.9857
9,127,128,179.76588
9,127,142,149.07865
9,128,129,179.76588
9,128,143,299.9857
9,129,130,83.7921
9,129,144,495.12323
9,130,131,260.74799
9,130,145,283.61865
9,131,132,299.9857
9,131,146,152.91996
9,132,133,1282.1897
9,132,147,89.70711
9,133,134,1259.41114
9,133,148,83.7921
9,134,149,89.70711
9,135,136,744.46295
9,135,150,99.11459
9,136,137,167.59588
9,136,151,730.0
9,137,138,179.76588
9,137,152,306.8764
9,138,139,149.07865
9,138,153,744.46295
9,139,140,43.99221
9,139,154,1282.1897
9,140,141,1259.41114
9,140,155,38.0763
9,141,142,744.46295
9,141,156,1282.1897
9,142,143,283.61865
9,142,157,83.7921
9,143,144,799.08783
9,143,158,730.0
9,144,145,8.14417
9,144,159,730.0
9,145,146,534.06792
9,145,160,799.08783
9,146,147,8.14417
9,146,161,179.76588
9,147,148,534.06792
9,147,162,152.91996
9,148,149,299.9857
9,148,163,306.8764
9,149,164,534.06792
9,150,151,42.65394
9,150,165,299.9857
9,151,152,83.7921
9,151,166,299.9857
9,152,153,837.81808
9,152,167,1282.1897
9,153,154,260.74799
9,153,168,260.74799
9,154,155,42.65394
9,154,169,1282.1897
9,155,156,167.59588
9,155,170,283.61865
9,156,157,38.0763
9,156,171,1259.41114
9,157,158,22.97125
9,157,172,167.59588
9,158,159,290.19413
9,158,173,744.46295
9,159,160,8.14417
9,159,174,99.11459
9,160,161,152.91996
9,160,175,83.7921
9,161,162,799.08783
9,161,176,43.99221
9,162,163,22.97125
9,162,177,149.07865
9,163,164,1367.93911
9,163,178,22.97125
9,164,179,545.21498
9,165,166,101.84258
9,165,180,283.61865
9,166,167,99.11459
9,166,181,43.99221
9,167,168,42.65394
9,167,182,101.84258
9,168,169,290.19413
9,168,183,38.0763
9,169,170,1282.1897
9,169,184,466.59841
9,170,171,744.46295
9,170,185,466.59841
9,171,172,167.59588
9,171,186,152.91996
9,172,173,1259.41114
9,172,187,43.99221
9,173,174,837.81808
9,173,188,83.7921
9,174,175,8.14417
9,174,189,83.7921
9,175,176,730.0
9,175,190,466.59841
9,176,177,42.65394
9,176,191,43.99221
9,177,178,730.0
9,177,192,42.65394
9,178,179,837.81808
9,178,193,466.59841
9,179,194,152.91996
9,180,181,260.74799
9,180,195,99.11459
9,181,182,260.74799
9,181,196,2870.52064
9,182,183,83.7921
9,182,197,333.05979
9,183,184,333.05979
9,183,198,1789.06354
9,184,185,495.12323
9,184,199,744.46295
9,185,186,22.97125
9,185,200,179.76588
9,186,187,837.81808
9,186,201,744.46295
9,187,188,1367.93911
9,187,202,22.97125
9,188,189,152.91996
9,188,203,83.7921
9,189,190,283.61865
9,189,204,730.0
9,190,191,43.99221
9,190,205,152.91996
9,191,192,89.70711
9,191,206,299.9857
9,192,193,1367.93911
9,192,207,1789.06354
9,193,194,43.99221
9,193,208,8.14417
9,194,209,167.59588
9,195,196,8.14417
9,195,210,283.61865
9,196,197,83.7921
9,196,211,83.7921
9,197,198,1259.41114
9,197,212,495.12323
9,198,199,260.74799
9,198,213,167.59588
9,199,200,101.84258
9,199,214,38.0763
9,200,201,283.61865
9,200,215,495.12323
9,201,202,42.65394
9,201,216,290.19413
9,202,203,837.81808
9,202,217,149.07865
9,203,204,89.70711
9,203,218,1789.06354
9,204,205,283.61865
9,204,219,149.07865
9,205,206,101.84258
9,205,220,83.7921
9,206,207,179.76588
9,206,221,799.08783
9,207,208,38.0763
9,207,222,2870.52064
9,208,209,744.46295
9,208,223,799.08783
9,209,224,534.06792
9,210,211,1789.06354
9,211,212,333.05979
9,212,213,1259.41114
9,213,214,744.46295
9,214,215,1367.93911
9,215,216,333.05979
9,216,217,306.8764
9,217,218,1282.1897
9,218,219,83.7921
9,219,220,730.0
9,220,221,495.12323
9,221,222,42.65394
9,222,223,2870.52064
9,223,224,89.70711
10,0,1,971.77928
10,0,15,878.10209
10,1,2,427.64239
10,1,16,966.82296
10,2,3,878.10209
10,2,17,971.77928
10,3,4,1414.83819
10,3,18,1210.88188
10,4,5,873.54783
10,4,19,1045.18251
10,5,6,1210.88188
10,5,20,919.19878
10,6,7,810.40436
10,6,21,520.15654
10,7,8,452.85905
10,7,22,966.82296
10,8,9,1414.83819
10,8,23,966.82296
10,9,10,613.43217
10,9,24,1349.32844
10,10,11,692.36582
10,10,25,730.0
10,11,12,479.30568
10,11,26,479.30568
10,12,13,810.40436
10,12,27,730.0
10,13,14,1210.88188
10,13,28,1740.05492
10,14,29,1414.83819
10,15,16,479.30568
10,15,30,966.82296
10,16,17,1098.16905
10,16,31,878.10209
10,17,18,971.77928
10,17,32,1820.97301
10,18,19,427.64239
10,18,33,613.43217
10,19,20,1905.00465
10,19,34,1153.37753
10,20,21,1045.18251
10,20,35,1349.32844
10,21,22,873.54783
10,21,36,1210.88188
10,22,23,919.19878
10,22,37,1820.97301
10,23,24,1414.83819
10,23,38,878.10209
10,24,25,1045.18251
10,24,39,878.10209
10,25,26,971.77928
10,25,40,549.83078
10,26,27,1820.97301
10,26,41,549.83078
10,27,28,1349.32844
10,27,42,1098.16905
10,28,29,1740.05492
10,28,43,1820.97301
10,29,44,452.85905
10,30,31,834.16742
10,30,45,1740.05492
10,31,32,1740.05492
10,31,46,1905.00465
10,32,33,692.36582
10,32,47,919.19878
10,33,34,580.9052
10,33,48,1153.37753
10,34,35,810.40436
10,34,49,1349.32844
10,35,36,1820.97301
10,35,50,810.40436
10,36,37,1662.15741
10,36,51,1045.18251
10,37,38,1905.00465
10,37,52,1905.00465
10,38,39,403.60952
10,38,53,1016.48802
10,39,40,549.83078
10,39,54,692.36582
10,40,41,613.43217
10,40,55,919.19878
10,41,42,427.64239
10,41,56,1740.05492
10,42,43,613.43217
10,42,57,1349.32844
10,43,44,427.64239
10,43,58,427.64239
10,44,59,1740.05492
10,45,46,479.30568
10,45,60,1553.83506
10,46,47,810.40436
10,46,61,971.77928
10,47,48,427.64239
10,47,62,834.16742
10,48,49,966.82296
10,48,63,834.16742
10,49,50,1820.97301
10,49,64,810.40436
10,50,51,1098.16905
10,50,65,1210.88188
10,51,52,403.60952
10,51,66,1349.32844
10,52,53,966.82296
10,52,67,1045.18251
10,53,54,1349.32844
10,53,68,1349.32844
10,54,55,549.83078
10,54,69,427.64239
10,55,56,1210.88188
10,55,70,613.43217
10,56,57,1016.48802
10,56,71,1482.9791
10,57,58,919.19878
10,57,72,452.85905
10,58,59,834.16742
10,58,73,1662.15741
10,59,74,1662.15741
10,60,61,769.32608
10,60,75,1482.9791
10,61,62,878.10209
10,61,76,1740.05492
10,62,63,427.64239
10,62,77,769.32608
10,63,64,1662.15741
10,63,78,1098.16905
10,64,65,549.83078
10,64,79,1905.00465
10,65,66,730.0
10,65,80,549.83078
10,66,67,1553.83506
10,66,81,873.54783
10,67,68,1098.16905
10,67,82,1153.37753
10,68,69,1098.16905
10,68,83,580.9052
10,69,70,1482.9791
10,69,84,810.40436
10,70,71,1553.83506
10,70,85,427.64239
10,71,72,403.60952
10,71,86,1820.97301
10,72,73,1016.48802
10,72,87,452.85905
10,73,74,1740.05492
10,73,88,549.83078
10,74,89,1905.00465
10,75,76,427.64239
10,75,90,479.30568
10,76,77,692.36582
10,76,91,966.82296
10,77,78,769.32608
10,77,92,452.85905
10,78,79,1210.88188
10,78,93,1553.83506
10,79,80,1098.16905
10,79,94,549.83078
10,80,81,580.9052
10,80,95,1553.83506
10,81,82,1210.88188
10,81,96,966.82296
10,82,83,923.95067
10,82,97,520.15654
10,83,84,1740.05492
10,83,98,1016.48802
10,84,85,692.36582
10,84,99,580.9052
10,85,86,1349.32844
10,85,100,452.85905
10,86,87,878.10209
10,86,101,613.43217
10,87,88,549.83078
10,87,102,810.40436
10,88,89,1045.18251
10,88,103,1098.16905
10,89,104,1016.48802
10,90,91,1045.18251
10,90,105,1016.48802
10,91,92,1098.16905
10,91,106,810.40436
10,92,93,971.77928
10,92,107,403.60952
10,93,94,1349.32844
10,93,108,403.60952
10,94,95,834.16742
10,94,109,971.77928
10,95,96,1553.83506
10,95,110,873.54783
10,96,97,613.43217
10,96,111,923.95067
10,97,98,971.77928
10,97,112,580.9052
10,98,99,580.9052
10,98,113,966.82296
10,99,100,580.9052
10,99,114,549.83078
10,100,101,966.82296
10,100,115,878.10209
10,101,102,427.64239
10,101,116,580.9052
10,102,103,1045.18251
10,102,117,1820.97301
10,103,104,1414.83819
10,103,118,427.64239
10,104,119,873.54783
10,105,106,427.64239
10,105,120,1349.32844
10,106,107,834.16742
10,106,121,580.9052
10,107,108,923.95067
10,107,122,966.82296
10,108,109,1662.15741
10,108,123,403.60952
10,109,110,1045.18251
10,109,124,971.77928
10,110,111,1905.00465
10,110,125,613.43217
10,111,112,452.85905
10,111,126,1349.32844
10,112,113,1905.00465
10,112,127,730.0
10,113,114,452.85905
10,113,128,1210.88188
10,114,115,810.40436
10,114,129,1820.97301
10,115,116,1349.32844
10,115,130,452.85905
10,116,117,919.19878
10,116,131,730.0
10,117,118,427.64239
10,117,132,1905.00465
10,118,119,1153.37753
10,118,133,520.15654
10,119,134,878.10209
10,120,121,403.60952
10,120,135,730.0
10,121,122,580.9052
10,121,136,1153.37753
10,122,123,919.19878
10,122,137,873.54783
10,123,124,971.77928
10,123,138,452.85905
10,124,125,919.19878
10,124,139,730.0
10,125,126,427.64239
10,125,140,769.32608
10,126,127,520.15654
10,126,141,878.10209
10,127,128,1482.9791
10,127,142,427.64239
10,128,129,1482.9791
10,128,143,878.10209
10,129,130,769.32608
10,129,144,1553.83506
10,130,131,810.40436
10,130,145,692.36582
10,131,132,878.10209
10,131,146,613.43217
10,132,133,1905.00465
10,132,147,971.77928
10,133,134,1414.83819
10,133,148,769.32608
10,134,149,971.77928
10,135,136,1016.48802
10,135,150,834.16742
10,136,137,520.15654
10,136,151,730.0
10,137,138,1482.9791
10,137,152,1210.88188
10,138,139,427.64239
10,138,153,1016.48802
10,139,140,580.9052
10,139,154,1905.00465
10,140,141,1414.83819
10,140,155,479.30568
10,141,142,1016.48802
10,141,156,1905.00465
10,142,143,692.36582
10,142,157,769.32608
10,143,144,873.54783
10,143,158,730.0
10,144,145,452.85905
10,144,159,730.0
10,145,146,1349.32844
10,145,160,873.54783
10,146,147,452.85905
10,146,161,1482.9791
10,147,148,1349.32844
10,147,162,613.43217
10,148,149,878.10209
10,148,163,1210.88188
10,149,164,1349.32844
10,150,151,403.60952
10,150,165,878.10209
10,151,152,769.32608
10,151,166,878.10209
10,152,153,1098.16905
10,152,167,1905.00465
10,153,154,810.40436
10,153,168,810.40436
10,154,155,403.60952
10,154,169,1905.00465
10,155,156,520.15654
10,155,170,692.36582
10,156,157,479.30568
10,156,171,1414.83819
10,157,158,923.95067
10,157,172,520.15654
10,158,159,966.82296
10,158,173,1016.48802
10,159,160,452.85905
10,159,174,834.16742
10,160,161,613.43217
10,160,175,769.32608
10,161,162,873.54783
10,161,176,580.9052
10,162,163,923.95067
10,162,177,427.64239
10,163,164,1662.15741
10,163,178,923.95067
10,164,179,1820.97301
10,165,166,1153.37753
10,165,180,692.36582
10,166,167,834.16742
10,166,181,580.9052
10,167,168,403.60952
10,167,182,1153.37753
10,168,169,966.82296
10,168,183,479.30568
10,169,170,1905.00465
10,169,184,549.83078
10,170,171,1016.48802
10,170,185,549.83078
10,171,172,520.15654
10,171,186,613.43217
10,172,173,1414.83819
10,172,187,580.9052
10,173,174,1098.16905
10,173,188,769.32608
10,174,175,452.85905
10,174,189,769.32608
10,175,176,730.0
10,175,190,549.83078
10,176,177,403.60952
10,176,191,580.9052
10,177,178,730.0
10,177,192,403.60952
10,178,179,1098.16905
10,178,193,549.83078
10,179,194,613.43217
10,180,181,810.40436
10,180,195,834.16742
10,181,182,810.40436
10,181,196,1740.05492
10,182,183,769.32608
10,182,197,1045.18251
10,183,184,1045.18251
10,183,198,919.19878
10,184,185,1553.83506
10,184,199,1016.48802
10,185,186,923.95067
10,185,200,1482.9791
10,186,187,1098.16905
10,186,201,1016.48802
10,187,188,1662.15741
10,187,202,923.95067
10,188,189,613.43217
10,188,203,769.32608
10,189,190,692.36582
10,189,204,730.0
10,190,191,580.9052
10,190,205,613.43217
10,191,192,971.77928
10,191,206,878.10209
10,192,193,1662.15741
10,192,207,919.19878
10,193,194,580.9052
10,193,208,452.85905
10,194,209,520.15654
10,195,196,452.85905
10,195,210,692.36582
10,196,197,769.32608
10,196,211,769.32608
10,197,198,1414.83819
10,197,212,1553.83506
10,198,199,810.40436
10,198,213,520.15654
10,199,200,1153.37753
10,199,214,479.30568
10,200,201,692.36582
10,200,215,1553.83506
10,201,202,403.60952
10,201,216,966.82296
10,202,203,1098.16905
10,202,217,427.64239
10,203,204,971.77928
10,203,218,919.19878
10,204,205,692.36582
10,204,219,427.64239
10,205,206,1153.37753
10,205,220,769.32608
10,206,207,1482.9791
10,206,221,873.54783
10,207,208,479.30568
10,207,222,1740.05492
10,208,209,1016.48802
10,208,223,873.54783
10,209,224,1349.32844
10,210,211,919.19878
10,211,212,1045.18251
10,212,213,1414.83819
10,213,214,1016.48802
10,214,215,1662.15741
10,215,216,1045.18251
10,216,217,1210.88188
10,217,218,1905.00465
10,218,219,769.32608
10,219,220,730.0
10,220,221,1553.83506
10,221,222,403.60952
10,222,223,1740.05492
10,223,224,971.77928
11,0,1,5084.79274
11,0,15,1435.3442
11,1,2,616.25716
11,1,16,2375.27154
11,2,3,1435.3442
11,2,17,5084.79274
11,3,4,1663.45305
11,3,18,4662.65573
11,4,5,552.92607
11,4,19,1120.3545
11,5,6,4662.65573
11,5,20,647.4655
11,6,7,2957.38376
11,6,21,463.01988
11,7,8,2282.62539
11,7,22,2375.27154
11,8,9,1663.45305
11,8,23,2375.27154
11,9,10,2347.4999
11,9,24,1453.77925
11,10,11,625.37023
11,10,25,730.0
11,11,12,2586.79848
11,11,26,2586.79848
11,12,13,2957.38376
11,12,27,730.0
11,13,14,4662.65573
11,13,28,1498.35526
11,14,29,1663.45305
11,15,16,2586.79848
11,15,30,2375.27154
11,16,17,1289.50907
11,16,31,1435.3442
11,17,18,5084.79274
11,17,32,4711.83749
11,18,19,616.25716
11,18,33,2347.4999
11,19,20,5265.04307
11,19,34,4163.19899
11,20,21,1120.3545
11,20,35,1453.77925
11,21,22,552.92607
11,21,36,4662.65573
11,22,23,647.4655
11,22,37,4711.83749
11,23,24,1663.45305
11,23,38,1435.3442
11,24,25,1120.3545
11,24,39,1435.3442
11,25,26,5084.79274
11,25,40,544.70411
11,26,27,4711.83749
11,26,41,544.70411
11,27,28,1453.77925
11,27,42,1289.50907
11,28,29,1498.35526
11,28,43,4711.83749
11,29,44,2282.62539
11,30,31,1250.19043
11,30,45,1498.35526
11,31,32,1498.35526
11,31,46,5265.04307
11,32,33,625.37023
11,32,47,647.4655
11,33,34,2067.20746
11,33,48,4163.19899
11,34,35,2957.38376
11,34,49,1453.77925
11,35,36,4711.83749
11,35,50,2957.38376
11,36,37,1306.36999
11,36,51,1120.3545
11,37,38,5265.04307
11,37,52,5265.04307
11,38,39,525.58519
11,38,53,2689.593
11,39,40,544.70411
11,39,54,625.37023
11,40,41,2347.4999
11,40,55,647.4655
11,41,42,616.25716
11,41,56,1498.35526
11,42,43,2347.4999
11,42,57,1453.77925
11,43,44,616.25716
11,43,58,616.25716
11,44,59,1498.35526
11,45,46,2586.79848
11,45,60,5731.82991
11,46,47,2957.38376
11,46,61,5084.79274
11,47,48,616.25716
11,47,62,1250.19043
11,48,49,2375.27154
11,48,63,1250.19043
11,49,50,4711.83749
11,49,64,2957.38376
11,50,51,1289.50907
11,50,65,4662.65573
11,51,52,525.58519
11,51,66,1453.77925
11,52,53,2375.27154
11,52,67,1120.3545
11,53,54,1453.77925
11,53,68,1453.77925
11,54,55,544.70411
11,54,69,616.25716
11,55,56,4662.65573
11,55,70,2347.4999
11,56,57,2689.593
11,56,71,5137.65551
11,57,58,647.4655
11,57,72,2282.62539
11,58,59,1250.19043
11,58,73,1306.36999
11,59,74,1306.36999
11,60,61,2616.90859
11,60,75,5137.65551
11,61,62,1435.3442
11,61,76,1498.35526
11,62,63,616.25716
11,62,77,2616.90859
11,63,64,1306.36999
11,63,78,1289.50907
11,64,65,544.70411
11,64,79,5265.04307
11,65,66,730.0
11,65,80,544.70411
11,66,67,5731.82991
11,66,81,552.92607
11,67,68,1289.50907
11,67,82,4163.19899
11,68,69,1289.50907
11,68,83,2067.20746
11,69,70,5137.65551
11,69,84,2957.38376
11,70,71,5731.82991
11,70,85,616.25716
11,71,72,525.58519
11,71,86,4711.83749
11,72,73,2689.593
11,72,87,2282.62539
11,73,74,1498.35526
11,73,88,544.70411
11,74,89,5265.04307
11,75,76,616.25716
11,75,90,2586.79848
11,76,77,625.37023
11,76,91,2375.27154
11,77,78,2616.90859
11,77,92,2282.62539
11,78,79,4662.65573
11,78,93,5731.82991
11,79,80,1289.50907
11,79,94,544.70411
11,80,81,2067.20746
11,80,95,5731.82991
11,81,82,4662.65573
11,81,96,2375.27154
11,82,83,4547.56141
11,82,97,463.01988
11,83,84,1498.35526
11,83,98,2689.593
11,84,85,625.37023
11,84,99,2067.20746
11,85,86,1453.77925
11,85,100,2282.62539
11,86,87,1435.3442
11,86,101,2347.4999
11,87,88,544.70411
11,87,102,2957.38376
11,88,89,1120.3545
11,88,103,1289.50907
11,89,104,2689.593
11,90,91,1120.3545
11,90,105,2689.593
11,91,92,1289.50907
11,91,106,2957.38376
11,92,93,5084.79274
11,92,107,525.58519
11,93,94,1453.77925
11,93,108,525.58519
11,94,95,1250.19043
11,94,109,5084.79274
11,95,96,5731.82991
11,95,110,552.92607
11,96,97,2347.4999
11,96,111,4547.56141
11,97,98,5084.79274
11,97,112,2067.20746
11,98,99,2067.20746
11,98,113,2375.27154
11,99,100,2067.20746
11,99,114,544.70411
11,100,101,2375.27154
11,100,115,1435.3442
11,101,102,616.25716
11,101,116,2067.20746
11,102,103,1120.3545
11,102,117,4711.83749
11,103,104,1663.45305
11,103,118,616.25716
11,104,119,552.92607
11,105,106,616.25716
11,105,120,1453.77925
11,106,107,1250.19043
11,106,121,2067.20746
11,107,108,4547.56141
11,107,122,2375.27154
11,108,109,1306.36999
11,108,123,525.58519
11,109,110,1120.3545
11,109,124,5084.79274
11,110,111,5265.04307
11,110,125,2347.4999
11,111,112,2282.62539
11,111,126,1453.77925
11,112,113,5265.04307
11,112,127,730.0
11,113,114,2282.62539
11,113,128,4662.65573
11,114,115,2957.38376
11,114,129,4711.83749
11,115,116,1453.77925
11,115,130,2282.62539
11,116,117,647.4655
11,116,131,730.0
11,117,118,616.25716
11,117,132,5265.04307
11,118,119,4163.19899
11,118,133,463.01988
11,119,134,1435.3442
11,120,121,525.58519
11,120,135,730.0
11,121,122,2067.20746
11,121,136,4163.19899
11,122,123,647.4655
11,122,137,552.92607
11,123,124,5084.79274
11,123,138,2282.62539
11,124,125,647.4655
11,124,139,730.0
11,125,126,616.25716
11,125,140,2616.90859
11,126,127,463.01988
11,126,141,1435.3442
11,127,128,5137.65551
11,127,142,616.25716
11,128,129,5137.65551
11,128,143,1435.3442
11,129,130,2616.90859
11,129,144,5731.82991
11,130,131,2957.38376
11,130,145,625.37023
11,131,132,1435.3442
11,131,146,2347.4999
11,132,133,5265.04307
11,132,147,5084.79274
11,133,134,1663.45305
11,133,148,2616.90859
11,134,149,5084.79274
11,135,136,2689.593
11,135,150,1250.19043
11,136,137,463.01988
11,136,151,730.0
11,137,138,5137.65551
11,137,152,4662.65573
11,138,139,616.25716
11,138,153,2689.593
11,139,140,2067.20746
11,139,154,5265.04307
11,140,141,1663.45305
11,140,155,2586.79848
11,141,142,2689.593
11,141,156,5265.04307
11,142,143,625.37023
11,142,157,2616.90859
11,143,144,552.92607
11,143,158,730.0
11,144,145,2282.62539
11,144,159,730.0
11,145,146,1453.77925
11,145,160,552.92607
11,146,147,2282.62539
11,146,161,5137.65551
11,147,148,1453.77925
11,147,162,2347.4999
11,148,149,1435.3442
11,148,163,4662.65573
11,149,164,1453.77925
11,150,151,525.58519
11,150,165,1435.3442
11,151,152,2616.90859
11,151,166,1435.3442
11,152,153,1289.50907
11,152,167,5265.04307
11,153,154,2957.38376
11,153,168,2957.38376
11,154,155,525.58519
11,154,169,5265.04307
11,155,156,463.01988
11,155,170,625.37023
11,156,157,2586.79848
11,156,171,1663.45305
11,157,158,4547.56141
11,157,172,463.01988
11,158,159,2375.27154
11,158,173,2689.593
11,159,160,2282.62539
11,159,174,1250.19043
11,160,161,2347.4999
11,160,175,2616.90859
11,161,162,552.92607
11,161,176,2067.20746
11,162,163,4547.56141
11,162,177,616.25716
11,163,164,1306.36999
11,163,178,4547.56141
11,164,179,4711.83749
11,165,166,4163.19899
11,165,180,625.37023
11,166,167,1250.19043
11,166,181,2067.20746
11,167,168,525.58519
11,167,182,4163.19899
11,168,169,2375.27154
11,168,183,2586.79848
11,169,170,5265.04307
11,169,184,544.70411
11,170,171,2689.593
11,170,185,544.70411
11,171,172,463.01988
11,171,186,2347.4999
11,172,173,1663.45305
11,172,187,2067.20746
11,173,174,1289.50907
11,173,188,2616.90859
11,174,175,2282.62539
11,174,189,2616.90859
11,175,176,730.0
11,175,190,544.70411
11,176,177,525.58519
11,176,191,2067.20746
11,177,178,730.0
11,177,192,525.58519
11,178,179,1289.50907
11,178,193,544.70411
11,179,194,2347.4999
11,180,181,2957.38376
11,180,195,1250.19043
11,181,182,2957.38376
11,181,196,1498.35526
11,182,183,2616.90859
11,182,197,1120.3545
11,183,184,1120.3545
11,183,198,647.4655
11,184,185,5731.82991
11,184,199,2689.593
11,185,186,4547.56141
11,185,200,5137.65551
11,186,187,1289.50907
11,186,201,2689.593
11,187,188,1306.36999
11,187,202,4547.56141
11,188,189,2347.4999
11,188,203,2616.90859
11,189,190,625.37023
11,189,204,730.0
11,190,191,2067.20746
11,190,205,2347.4999
11,191,192,5084.79274
11,191,206,1435.3442
11,192,193,1306.36999
11,192,207,647.4655
11,193,194,2067.20746
11,193,208,2282.62539
11,194,209,463.01988
11,195,196,2282.62539
11,195,210,625.37023
11,196,197,2616.90859
11,196,211,2616.90859
11,197,198,1663.45305
11,197,212,5731.82991
11,198,199,2957.38376
11,198,213,463.01988
11,199,200,4163.19899
11,199,214,2586.79848
11,200,201,625.37023
11,200,215,5731.82991
11,201,202,525.58519
11,201,216,2375.27154
11,202,203,1289.50907
11,202,217,616.25716
11,203,204,5084.79274
11,203,218,647.4655
11,204,205,625.37023
11,204,219,616.25716
11,205,206,4163.19899
11,205,220,2616.90859
11,206,207,5137.65551
11,206,221,552.92607
11,207,208,2586.79848
11,207,222,1498.35526
11,208,209,2689.593
11,208,223,552.92607
11,209,224,1453.77925
11,210,211,647.4655
11,211,212,1120.3545
11,212,213,1663.45305
11,213,214,2689.593
11,214,215,1306.36999
11,215,216,1120.3545
11,216,217,4662.65573
11,217,218,5265.04307
11,218,219,2616.90859
11,219,220,730.0
11,220,221,5731.82991
11,221,222,525.58519
11,222,223,1498.35526
11,223,224,5084.79274
12,0,1,1238.9972
12,0,15,1611.01742
12,1,2,1323.41437
12,1,16,622.51039
12,2,3,1611.01742
12,2,17,1238.9972
12,3,4,906.62666
12,3,18,961.88775
12,4,5,834.89649
12,4,19,1812.60341
12,5,6,961.88775
12,5,20,553.44336
12,6,7,540.63157
12,6,21,1494.79517
12,7,8,1465.40111
12,7,22,622.51039
12,8,9,906.62666
12,8,23,622.51039
12,9,10,776.16349
12,9,24,1325.5579
12,10,11,1081.77149
12,10,25,730.0
12,11,12,1008.77734
12,11,26,1008.77734
12,12,13,540.63157
12,12,27,730.0
12,13,14,961.88775
12,13,28,694.23952
12,14,29,906.62666
12,15,16,1008.77734
12,15,30,622.51039
12,16,17,1264.55822
12,16,31,1611.01742
12,17,18,1238.9972
12,17,32,777.53704
12,18,19,1323.41437
12,18,33,776.16349
12,19,20,512.82935
12,19,34,1401.3037
12,20,21,1812.60341
12,20,35,1325.5579
12,21,22,834.89649
12,21,36,961.88775
12,22,23,553.44336
12,22,37,777.53704
12,23,24,906.62666
12,23,38,1611.01742
12,24,25,1812.60341
12,24,39,1611.01742
12,25,26,1238.9972
12,25,40,1030.3173
12,26,27,777.53704
12,26,41,1030.3173
12,27,28,1325.5579
12,27,42,1264.55822
12,28,29,694.23952
12,28,43,777.53704
12,29,44,1465.40111
12,30,31,2277.56804
12,30,45,694.23952
12,31,32,694.23952
12,31,46,512.82935
12,32,33,1081.77149
12,32,47,553.44336
12,33,34,1145.75874
12,33,48,1401.3037
12,34,35,540.63157
12,34,49,1325.5579
12,35,36,777.53704
12,35,50,540.63157
12,36,37,1032.05694
12,36,51,1812.60341
12,37,38,512.82935
12,37,52,512.82935
12,38,39,1891.98125
12,38,53,404.00724
12,39,40,1030.3173
12,39,54,1081.77149
12,40,41,776.16349
12,40,55,553.44336
12,41,42,1323.41437
12,41,56,694.23952
12,42,43,776.16349
12,42,57,1325.5579
12,43,44,1323.41437
12,43,58,1323.41437
12,44,59,694.23952
12,45,46,1008.77734
12,45,60,678.75386
12,46,47,540.63157
12,46,61,1238.9972
12,47,48,1323.41437
12,47,62,2277.56804
12,48,49,622.51039
12,48,63,2277.56804
12,49,50,777.53704
12,49,64,540.63157
12,50,51,1264.55822
12,50,65,961.88775
12,51,52,1891.98125
12,51,66,1325.5579
12,52,53,622.51039
12,52,67,1812.60341
12,53,54,1325.5579
12,53,68,1325.5579
12,54,55,1030.3173
12,54,69,1323.41437
12,55,56,961.88775
12,55,70,776.16349
12,56,57,404.00724
12,56,71,1010.48659
12,57,58,553.44336
12,57,72,1465.40111
12,58,59,2277.56804
12,58,73,1032.05694
12,59,74,1032.05694
12,60,61,816.82845
12,60,75,1010.48659
12,61,62,1611.01742
12,61,76,694.23952
12,62,63,1323.41437
12,62,77,816.82845
12,63,64,1032.05694
12,63,78,1264.55822
12,64,65,1030.3173
12,64,79,512.82935
12,65,66,730.0
12,65,80,1030.3173
12,66,67,678.75386
12,66,81,834.89649
12,67,68,1264.55822
12,67,82,1401.3037
12,68,69,1264.55822
12,68,83,1145.75874
12,69,70,1010.48659
12,69,84,540.63157
12,70,71,678.75386
12,70,85,1323.41437
12,71,72,1891.98125
12,71,86,777.53704
12,72,73,404.00724
12,72,87,1465.40111
12,73,74,694.23952
12,73,88,1030.3173
12,74,89,512.82935
12,75,76,1323.41437
12,75,90,1008.77734
12,76,77,1081.77149
12,76,91,622.51039
12,77,78,816.82845
12,77,92,1465.40111
12,78,79,961.88775
12,78,93,678.75386
12,79,80,1264.55822
12,79,94,1030.3173
12,80,81,1145.75874
12,80,95,678.75386
12,81,82,961.88775
12,81,96,622.51039
12,82,83,1778.07448
12,82,97,1494.79517
12,83,84,694.23952
12,83,98,404.00724
12,84,85,1081.77149
12,84,99,1145.75874
12,85,86,1325.5579
12,85,100,1465.40111
12,86,87,1611.01742
12,86,101,776.16349
12,87,88,1030.3173
12,87,102,540.63157
12,88,89,1812.60341
12,88,103,1264.55822
12,89,104,404.00724
12,90,91,1812.60341
12,90,105,404.00724
12,91,92,1264.55822
12,91,106,540.63157
12,92,93,1238.9972
12,92,107,1891.98125
12,93,94,1325.5579
12,93,108,1891.98125
12,94,95,2277.56804
12,94,109,1238.9972
12,95,96,678.75386
12,95,110,834.89649
12,96,97,776.16349
12,96,111,1778.07448
12,97,98,1238.9972
12,97,112,1145.75874
12,98,99,1145.75874
12,98,113,622.51039
12,99,100,1145.75874
12,99,114,1030.3173
12,100,101,622.51039
12,100,115,1611.01742
12,101,102,1323.41437
12,101,116,1145.75874
12,102,103,1812.60341
12,102,117,777.53704
12,103,104,906.62666
12,103,118,1323.41437
12,104,119,834.89649
12,105,106,1323.41437
12,105,120,1325.5579
12,106,107,2277.56804
12,106,121,1145.75874
12,107,108,1778.07448
12,107,122,622.51039
12,108,109,1032.05694
12,108,123,1891.98125
12,109,110,1812.60341
12,109,124,1238.9972
12,110,111,512.82935
12,110,125,776.16349
12,111,112,1465.40111
12,111,126,1325.5579
12,112,113,512.82935
12,112,127,730.0
12,113,114,1465.40111
12,113,128,961.88775
12,114,115,540.63157
12,114,129,777.53704
12,115,116,1325.5579
12,115,130,1465.40111
12,116,117,553.44336
12,116,131,730.0
12,117,118,1323.41437
12,117,132,512.82935
12,118,119,1401.3037
12,118,133,1494.79517
12,119,134,1611.01742
12,120,121,1891.98125
12,120,135,730.0
12,121,122,1145.75874
12,121,136,1401.3037
12,122,123,553.44336
12,122,137,834.89649
12,123,124,1238.9972
12,123,138,1465.40111
12,124,125,553.44336
12,124,139,730.0
12,125,126,1323.41437
12,125,140,816.82845
12,126,127,1494.79517
12,126,141,1611.01742
12,127,128,1010.48659
12,127,142,1323.41437
12,128,129,1010.48659
12,128,143,1611.01742
12,129,130,816.82845
12,129,144,678.75386
12,130,131,540.63157
12,130,145,1081.77149
12,131,132,1611.01742
12,131,146,776.16349
12,132,133,512.82935
12,132,147,1238.9972
12,133,134,906.62666
12,133,148,816.82845
12,134,149,1238.9972
12,135,136,404.00724
12,135,150,2277.56804
12,136,137,1494.79517
12,136,151,730.0
12,137,138,1010.48659
12,137,152,961.88775
12,138,139,1323.41437
12,138,153,404.00724
12,139,140,1145.75874
12,139,154,512.82935
12,140,141,906.62666
12,140,155,1008.77734
12,141,142,404.00724
12,141,156,512.82935
12,142,143,1081.77149
12,142,157,816.82845
12,143,144,834.89649
12,143,158,730.0
12,144,145,1465.40111
12,144,159,730.0
12,145,146,1325.5579
12,145,160,834.89649
12,146,147,1465.40111
12,146,161,1010.48659
12,147,148,1325.5579
12,147,162,776.16349
12,148,149,1611.01742
12,148,163,961.88775
12,149,164,1325.5579
12,150,151,1891.98125
12,150,165,1611.01742
12,151,152,816.82845
12,151,166,1611.01742
12,152,153,1264.55822
12,152,167,512.82935
12,153,154,540.63157
12,153,168,540.63157
12,154,155,1891.98125
12,154,169,512.82935
12,155,156,1494.79517
12,155,170,1081.77149
12,156,157,1008.77734
12,156,171,906.62666
12,157,158,1778.07448
12,157,172,1494.79517
12,158,159,622.51039
12,158,173,404.00724
12,159,160,1465.40111
12,159,174,2277.56804
12,160,161,776.16349
12,160,175,816.82845
12,161,162,834.89649
12,161,176,1145.75874
12,162,163,1778.07448
12,162,177,1323.41437
12,163,164,1032.05694
12,163,178,1778.07448
12,164,179,777.53704
12,165,166,1401.3037
12,165,180,1081.77149
12,166,167,2277.56804
12,166,181,1145.75874
12,167,168,1891.98125
12,167,182,1401.3037
12,168,169,622.51039
12,168,183,1008.77734
12,169,170,512.82935
12,169,184,1030.3173
12,170,171,404.00724
12,170,185,1030.3173
12,171,172,1494.79517
12,171,186,776.16349
12,172,173,906.62666
12,172,187,1145.75874
12,173,174,1264.55822
12,173,188,816.82845
12,174,175,1465.40111
12,174,189,816.82845
12,175,176,730.0
12,175,190,1030.3173
12,176,177,1891.98125
12,176,191,1145.75874
12,177,178,730.0
12,177,192,1891.98125
12,178,179,1264.55822
12,178,193,1030.3173
12,179,194,776.16349
12,180,181,540.63157
12,180,195,2277.56804
12,181,182,540.63157
12,181,196,694.23952
12,182,183,816.82845
12,182,197,1812.60341
12,183,184,1812.60341
12,183,198,553.44336
12,184,185,678.75386
12,184,199,404.00724
12,185,186,1778.07448
12,185,200,1010.48659
12,186,187,1264.55822
12,186,201,404.00724
12,187,188,1032.05694
12,187,202,1778.07448
12,188,189,776.16349
12,188,203,816.82845
12,189,190,1081.77149
12,189,204,730.0
12,190,191,1145.75874
12,190,205,776.16349
12,191,192,1238.9972
12,191,206,1611.01742
12,192,193,1032.05694
12,192,207,553.44336
12,193,194,1145.75874
12,193,208,1465.40111
12,194,209,1494.79517
12,195,196,1465.40111
12,195,210,1081.77149
12,196,197,816.82845
12,196,211,816.82845
12,197,198,906.62666
12,197,212,678.75386
12,198,199,540.63157
12,198,213,1494.79517
12,199,200,1401.3037
12,199,214,1008.77734
12,200,201,1081.77149
12,200,215,678.75386
12,201,202,1891.98125
12,201,216,622.51039
12,202,203,1264.55822
12,202,217,1323.41437
12,203,204,1238.9972
12,203,218,553.44336
12,204,205,1081.77149
12,204,219,1323.41437
12,205,206,1401.3037
12,205,220,816.82845
12,206,207,1010.48659
12,206,221,834.89649
12,207,208,1008.77734
12,207,222,694.23952
12,208,209,404.00724
12,208,223,834.89649
12,209,224,1325.5579
12,210,211,553.44336
12,211,212,1812.60341
12,212,213,906.62666
12,213,214,404.00724
12,214,215,1032.05694
12,215,216,1812.60341
12,216,217,961.88775
12,217,218,512.82935
12,218,219,816.82845
12,219,220,730.0
12,220,221,678.75386
12,221,222,1891.98125
12,222,223,694.23952
12,223,224,1238.9972
13,0,1,597.25947
13,0,15,1404.67716
13,1,2,837.08688
13,1,16,192.88219
13,2,3,1404.67716
13,2,17,597.25947
13,3,4,1238.9972
13,3,18,327.67897
13,4,5,533.06406
13,4,19,1060.2262
13,5,6,327.67897
13,5,20,408.80552
13,6,7,279.20719
13,6,21,615.6913
13,7,8,431.41135
13,7,22,192.88219
13,8,9,1238.9972
13,8,23,192.88219
13,9,10,168.35961
13,9,24,1546.50289
13,10,11,929.52042
13,10,25,730.0
13,11,12,327.67897
13,11,26,327.67897
13,12,13,279.20719
13,12,27,730.0
13,13,14,327.67897
13,13,28,730.0
13,14,29,1238.9972
13,15,16,327.67897
13,15,30,192.88219
13,16,17,837.08688
13,16,31,1404.67716
13,17,18,597.25947
13,17,32,370.23647
13,18,19,837.08688
13,18,33,168.35961
13,19,20,279.20719
13,19,34,431.41135
13,20,21,1060.2262
13,20,35,1546.50289
13,21,22,533.06406
13,21,36,327.67897
13,22,23,408.80552
13,22,37,370.23647
13,23,24,1238.9972
13,23,38,1404.67716
13,24,25,1060.2262
13,24,39,1404.67716
13,25,26,597.25947
13,25,40,475.19007
13,26,27,370.23647
13,26,41,475.19007
13,27,28,1546.50289
13,27,42,837.08688
13,28,29,730.0
13,28,43,370.23647
13,29,44,431.41135
13,30,31,1745.44441
13,30,45,730.0
13,31,32,730.0
13,31,46,279.20719
13,32,33,929.52042
13,32,47,408.80552
13,33,34,228.60398
13,33,48,431.41135
13,34,35,279.20719
13,34,49,1546.50289
13,35,36,370.23647
13,35,50,279.20719
13,36,37,929.52042
13,36,51,1060.2262
13,37,38,279.20719
13,37,52,279.20719
13,38,39,1060.2262
13,38,53,140.81313
13,39,40,475.19007
13,39,54,929.52042
13,40,41,168.35961
13,40,55,408.80552
13,41,42,837.08688
13,41,56,730.0
13,42,43,168.35961
13,42,57,1546.50289
13,43,44,837.08688
13,43,58,837.08688
13,44,59,730.0
13,45,46,327.67897
13,45,60,516.72638
13,46,47,279.20719
13,46,61,597.25947
13,47,48,837.08688
13,47,62,1745.44441
13,48,49,192.88219
13,48,63,1745.44441
13,49,50,370.23647
13,49,64,279.20719
13,50,51,837.08688
13,50,65,327.67897
13,51,52,1060.2262
13,51,66,1546.50289
13,52,53,192.88219
13,52,67,1060.2262
13,53,54,1546.50289
13,53,68,1546.50289
13,54,55,475.19007
13,54,69,837.08688
13,55,56,327.67897
13,55,70,168.35961
13,56,57,140.81313
13,56,71,667.1785
13,57,58,408.80552
13,57,72,431.41135
13,58,59,1745.44441
13,58,73,929.52042
13,59,74,929.52042
13,60,61,370.23647
13,60,75,667.1785
13,61,62,1404.67716
13,61,76,730.0
13,62,63,837.08688
13,62,77,370.23647
13,63,64,929.52042
13,63,78,837.08688
13,64,65,475.19007
13,64,79,279.20719
13,65,66,730.0
13,65,80,475.19007
13,66,67,516.72638
13,66,81,533.06406
13,67,68,837.08688
13,67,82,431.41135
13,68,69,837.08688
13,68,83,228.60398
13,69,70,667.1785
13,69,84,279.20719
13,70,71,516.72638
13,70,85,837.08688
13,71,72,1060.2262
13,71,86,370.23647
13,72,73,140.81313
13,72,87,431.41135
13,73,74,730.0
13,73,88,475.19007
13,74,89,279.20719
13,75,76,837.08688
13,75,90,327.67897
13,76,77,929.52042
13,76,91,192.88219
13,77,78,370.23647
13,77,92,431.41135
13,78,79,327.67897
13,78,93,516.72638
13,79,80,837.08688
13,79,94,475.19007
13,80,81,228.60398
13,80,95,516.72638
13,81,82,327.67897
13,81,96,192.88219
13,82,83,766.60522
13,82,97,615.6913
13,83,84,730.0
13,83,98,140.81313
13,84,85,929.52042
13,84,99,228.60398
13,85,86,1546.50289
13,85,100,431.41135
13,86,87,1404.67716
13,86,101,168.35961
13,87,88,475.19007
13,87,102,279.20719
13,88,89,1060.2262
13,88,103,837.08688
13,89,104,140.81313
13,90,91,1060.2262
13,90,105,140.81313
13,91,92,837.08688
13,91,106,279.20719
13,92,93,597.25947
13,92,107,1060.2262
13,93,94,1546.50289
13,93,108,1060.2262
13,94,95,1745.44441
13,94,109,597.25947
13,95,96,516.72638
13,95,110,533.06406
13,96,97,168.35961
13,96,111,766.60522
13,97,98,597.25947
13,97,112,228.60398
13,98,99,228.60398
13,98,113,192.88219
13,99,100,228.60398
13,99,114,475.19007
13,100,101,192.88219
13,100,115,1404.67716
13,101,102,837.08688
13,101,116,228.60398
13,102,103,1060.2262
13,102,117,370.23647
13,103,104,1238.9972
13,103,118,837.08688
13,104,119,533.06406
13,105,106,837.08688
13,105,120,1546.50289
13,106,107,1745.44441
13,106,121,228.60398
13,107,108,766.60522
13,107,122,192.88219
13,108,109,929.52042
13,108,123,1060.2262
13,109,110,1060.2262
13,109,124,597.25947
13,110,111,279.20719
13,110,125,168.35961
13,111,112,431.41135
13,111,126,1546.50289
13,112,113,279.20719
13,112,127,730.0
13,113,114,431.41135
13,113,128,327.67897
13,114,115,279.20719
13,114,129,370.23647
13,115,116,1546.50289
13,115,130,431.41135
13,116,117,408.80552
13,116,131,730.0
13,117,118,837.08688
13,117,132,279.20719
13,118,119,431.41135
13,118,133,615.6913
13,119,134,1404.67716
13,120,121,1060.2262
13,120,135,730.0
13,121,122,228.60398
13,121,136,431.41135
13,122,123,408.80552
13,122,137,533.06406
13,123,124,597.25947
13,123,138,431.41135
13,124,125,408.80552
13,124,139,730.0
13,125,126,837.08688
13,125,140,370.23647
13,126,127,615.6913
13,126,141,1404.67716
13,127,128,667.1785
13,127,142,837.08688
13,128,129,667.1785
13,128,143,1404.67716
13,129,130,370.23647
13,129,144,516.72638
13,130,131,279.20719
13,130,145,929.52042
13,131,132,1404.67716
13,131,146,168.35961
13,132,133,279.20719
13,132,147,597.25947
13,133,134,1238.9972
13,133,148,370.23647
13,134,149,597.25947
13,135,136,140.81313
13,135,150,1745.44441
13,136,137,615.6913
13,136,151,730.0
13,137,138,667.1785
13,137,152,327.67897
13,138,139,837.08688
13,138,153,140.81313
13,139,140,228.60398
13,139,154,279.20719
13,140,141,1238.9972
13,140,155,327.67897
13,141,142,140.81313
13,141,156,279.20719
13,142,143,929.52042
13,142,157,370.23647
13,143,144,533.06406
13,143,158,730.0
13,144,145,431.41135
13,144,159,730.0
13,145,146,1546.50289
13,145,160,533.06406
13,146,147,431.41135
13,146,161,667.1785
13,147,148,1546.50289
13,147,162,168.35961
13,148,149,1404.67716
13,148,163,327.67897
13,149,164,1546.50289
13,150,151,1060.2262
13,150,165,1404.67716
13,151,152,370.23647
13,151,166,1404.67716
13,152,153,837.08688
13,152,167,279.20719
13,153,154,279.20719
13,153,168,279.20719
13,154,155,1060.2262
13,154,169,279.20719
13,155,156,615.6913
13,155,170,929.52042
13,156,157,327.67897
13,156,171,1238.9972
13,157,158,766.60522
13,157,172,615.6913
13,158,159,192.88219
13,158,173,140.81313
13,159,160,431.41135
13,159,174,1745.44441
13,160,161,168.35961
13,160,175,370.23647
13,161,162,533.06406
13,161,176,228.60398
13,162,163,766.60522
13,162,177,837.08688
13,163,164,929.52042
13,163,178,766.60522
13,164,179,370.23647
13,165,166,431.41135
13,165,180,929.52042
13,166,167,1745.44441
13,166,181,228.60398
13,167,168,1060.2262
13,167,182,431.41135
13,168,169,192.88219
13,168,183,327.67897
13,169,170,279.20719
13,169,184,475.19007
13,170,171,140.81313
13,170,185,475.19007
13,171,172,615.6913
13,171,186,168.35961
13,172,173,1238.9972
13,172,187,228.60398
13,173,174,837.08688
13,173,188,370.23647
13,174,175,431.41135
13,174,189,370.23647
13,175,176,730.0
13,175,190,475.19007
13,176,177,1060.2262
13,176,191,228.60398
13,177,178,730.0
13,177,192,1060.2262
13,178,179,837.08688
13,178,193,475.19007
13,179,194,168.35961
13,180,181,279.20719
13,180,195,1745.44441
13,181,182,279.20719
13,181,196,730.0
13,182,183,370.23647
13,182,197,1060.2262
13,183,184,1060.2262
13,183,198,408.80552
13,184,185,516.72638
13,184,199,140.81313
13,185,186,766.60522
13,185,200,667.1785
13,186,187,837.08688
13,186,201,140.81313
13,187,188,929.52042
13,187,202,766.60522
13,188,189,168.35961
13,188,203,370.23647
13,189,190,929.52042
13,189,204,730.0
13,190,191,228.60398
13,190,205,168.35961
13,191,192,597.25947
13,191,206,1404.67716
13,192,193,929.52042
13,192,207,408.80552
13,193,194,228.60398
13,193,208,431.41135
13,194,209,615.6913
13,195,196,431.41135
13,195,210,929.52042
13,196,197,370.23647
13,196,211,370.23647
13,197,198,1238.9972
13,197,212,516.72638
13,198,199,279.20719
13,198,213,615.6913
13,199,200,431.41135
13,199,214,327.67897
13,200,201,929.52042
13,200,215,516.72638
13,201,202,1060.2262
13,201,216,192.88219
13,202,203,837.08688
13,202,217,837.08688
13,203,204,597.25947
13,203,218,408.80552
13,204,205,929.52042
13,204,219,837.08688
13,205,206,431.41135
13,205,220,370.23647
13,206,207,667.1785
13,206,221,533.06406
13,207,208,327.67897
13,207,222,730.0
13,208,209,140.81313
13,208,223,533.06406
13,209,224,1546.50289
13,210,211,408.80552
13,211,212,1060.2262
13,212,213,1238.9972
13,213,214,140.81313
13,214,215,929.52042
13,215,216,1060.2262
13,216,217,327.67897
13,217,218,279.20719
13,218,219,370.23647
13,219,220,730.0
13,220,221,516.72638
13,221,222,1060.2262
13,222,223,730.0
13,223,224,597.25947
14,0,1,3055.02271
14,0,15,1880.4673
14,1,2,975.92571
14,1,16,6559.15105
14,2,3,1880.4673
14,2,17,3055.02271
14,3,4,1450.30772
14,3,18,6454.10652
14,4,5,4287.23571
14,4,19,8796.24733
14,5,6,6454.10652
14,5,20,1857.6146
14,6,7,1283.2332
14,6,21,5329.71736
14,7,8,3913.49339
14,7,22,6559.15105
14,8,9,1450.30772
14,8,23,6559.15105
14,9,10,3803.72141
14,9,24,3458.5512
14,10,11,1918.1027
14,10,25,730.0
14,11,12,1672.5461
14,11,26,1672.5461
14,12,13,1283.2332
14,12,27,730.0
14,13,14,6454.10652
14,13,28,3359.54847
14,14,29,1450.30772
14,15,16,1672.5461
14,15,30,6559.15105
14,16,17,4213.57463
14,16,31,1880.4673
14,17,18,3055.02271
14,17,32,10649.70329
14,18,19,975.92571
14,18,33,3803.72141
14,19,20,5227.89998
14,19,34,12846.27709
14,20,21,8796.24733
14,20,35,3458.5512
14,21,22,4287.23571
14,21,36,6454.10652
14,22,23,1857.6146
14,22,37,10649.70329
14,23,24,1450.30772
14,23,38,1880.4673
14,24,25,8796.24733
14,24,39,1880.4673
14,25,26,3055.02271
14,25,40,2384.00614
14,26,27,10649.70329
14,26,41,2384.00614
14,27,28,3458.5512
14,27,42,4213.57463
14,28,29,3359.54847
14,28,43,10649.70329
14,29,44,3913.49339
14,30,31,4333.09678
14,30,45,3359.54847
14,31,32,3359.54847
14,31,46,5227.89998
14,32,33,1918.1027
14,32,47,1857.6146
14,33,34,8035.64121
14,33,48,12846.27709
14,34,35,1283.2332
14,34,49,3458.5512
14,35,36,10649.70329
14,35,50,1283.2332
14,36,37,7202.19591
14,36,51,8796.24733
14,37,38,5227.89998
14,37,52,5227.89998
14,38,39,2458.43971
14,38,53,3020.76115
14,39,40,2384.00614
14,39,54,1918.1027
14,40,41,3803.72141
14,40,55,1857.6146
14,41,42,975.92571
14,41,56,3359.54847
14,42,43,3803.72141
14,42,57,3458.5512
14,43,44,975.92571
14,43,58,975.92571
14,44,59,3359.54847
14,45,46,1672.5461
14,45,60,2405.07849
14,46,47,1283.2332
14,46,61,3055.02271
14,47,48,975.92571
14,47,62,4333.09678
14,48,49,6559.15105
14,48,63,4333.09678
14,49,50,10649.70329
14,49,64,1283.2332
14,50,51,4213.57463
14,50,65,6454.10652
14,51,52,2458.43971
14,51,66,3458.5512
14,52,53,6559.15105
14,52,67,8796.24733
14,53,54,3458.5512
14,53,68,3458.5512
14,54,55,2384.00614
14,54,69,975.92571
14,55,56,6454.10652
14,55,70,3803.72141
14,56,57,3020.76115
14,56,71,5370.90441
14,57,58,1857.6146
14,57,72,3913.49339
14,58,59,4333.09678
14,58,73,7202.19591
14,59,74,7202.19591
14,60,61,3111.38843
14,60,75,5370.90441
14,61,62,1880.4673
14,61,76,3359.54847
14,62,63,975.92571
14,62,77,3111.38843
14,63,64,7202.19591
14,63,78,4213.57463
14,64,65,2384.00614
14,64,79,5227.89998
14,65,66,730.0
14,65,80,2384.00614
14,66,67,2405.07849
14,66,81,4287.23571
14,67,68,4213.57463
14,67,82,12846.27709
14,68,69,4213.57463
14,68,83,8035.64121
14,69,70,5370.90441
14,69,84,1283.2332
14,70,71,2405.07849
14,70,85,975.92571
14,71,72,2458.43971
14,71,86,10649.70329
14,72,73,3020.76115
14,72,87,3913.49339
14,73,74,3359.54847
14,73,88,2384.00614
14,74,89,5227.89998
14,75,76,975.92571
14,75,90,1672.5461
14,76,77,1918.1027
14,76,91,6559.15105
14,77,78,3111.38843
14,77,92,3913.49339
14,78,79,6454.10652
14,78,93,2405.07849
14,79,80,4213.57463
14,79,94,2384.00614
14,80,81,8035.64121
14,80,95,2405.07849
14,81,82,6454.10652
14,81,96,6559.15105
14,82,83,6624.49921
14,82,97,5329.71736
14,83,84,3359.54847
14,83,98,3020.76115
14,84,85,1918.1027
14,84,99,8035.64121
14,85,86,3458.5512
14,85,100,3913.49339
14,86,87,1880.4673
14,86,101,3803.72141
14,87,88,2384.00614
14,87,102,1283.2332
14,88,89,8796.24733
14,88,103,4213.57463
14,89,104,3020.76115
14,90,91,8796.24733
14,90,105,3020.76115
14,91,92,4213.57463
14,91,106,1283.2332
14,92,93,3055.02271
14,92,107,2458.43971
14,93,94,3458.5512
14,93,108,2458.43971
14,94,95,4333.09678
14,94,109,3055.02271
14,95,96,2405.07849
14,95,110,4287.23571
14,96,97,3803.72141
14,96,111,6624.49921
14,97,98,3055.02271
14,97,112,8035.64121
14,98,99,8035.64121
14,98,113,6559.15105
14,99,100,8035.64121
14,99,114,2384.00614
14,100,101,6559.15105
14,100,115,1880.4673
14,101,102,975.92571
14,101,116,8035.64121
14,102,103,8796.24733
14,102,117,10649.70329
14,103,104,1450.30772
14,103,118,975.92571
14,104,119,4287.23571
14,105,106,975.92571
14,105,120,3458.5512
14,106,107,4333.09678
14,106,121,8035.64121
14,107,108,6624.49921
14,107,122,6559.15105
14,108,109,7202.19591
14,108,123,2458.43971
14,109,110,8796.24733
14,109,124,3055.02271
14,110,111,5227.89998
14,110,125,3803.72141
14,111,112,3913.49339
14,111,126,3458.5512
14,112,113,5227.89998
14,112,127,730.0
14,113,114,3913.49339
14,113,128,6454.10652
14,114,115,1283.2332
14,114,129,10649.70329
14,115,116,3458.5512
14,115,130,3913.49339
14,116,117,1857.6146
14,116,131,730.0
14,117,118,975.92571
14,117,132,5227.89998
14,118,119,12846.27709
14,118,133,5329.71736
14,119,134,1880.4673
14,120,121,2458.43971
14,120,135,730.0
14,121,122,8035.64121
14,121,136,12846.27709
14,122,123,1857.6146
14,122,137,4287.23571
14,123,124,3055.02271
14,123,138,3913.49339
14,124,125,1857.6146
14,124,139,730.0
14,125,126,975.92571
14,125,140,3111.38843
14,126,127,5329.71736
14,126,141,1880.4673
14,127,128,5370.90441
14,127,142,975.92571
14,128,129,5370.90441
14,128,143,1880.4673
14,129,130,3111.38843
14,129,144,2405.07849
14,130,131,1283.2332
14,130,145,1918.1027
14,131,132,1880.4673
14,131,146,3803.72141
14,132,133,5227.89998
14,132,147,3055.02271
14,133,134,1450.30772
14,133,148,3111.38843
14,134,149,3055.02271
14,135,136,3020.76115
14,135,150,4333.09678
14,136,137,5329.71736
14,136,151,730.0
14,137,138,5370.90441
14,137,152,6454.10652
14,138,139,975.92571
14,138,153,3020.76115
14,139,140,8035.64121
14,139,154,5227.89998
14,140,141,1450.30772
14,140,155,1672.5461
14,141,142,3020.76115
14,141,156,5227.89998
14,142,143,1918.1027
14,142,157,3111.38843
14,143,144,4287.23571
14,143,158,730.0
14,144,145,3913.49339
14,144,159,730.0
14,145,146,3458.5512
14,145,160,4287.23571
14,146,147,3913.49339
14,146,161,5370.90441
14,147,148,3458.5512
14,147,162,3803.72141
14,148,149,1880.4673
14,148,163,6454.10652
14,149,164,3458.5512
14,150,151,2458.43971
14,150,165,1880.4673
14,151,152,3111.38843
14,151,166,1880.4673
14,152,153,4213.57463
14,152,167,5227.89998
14,153,154,1283.2332
14,153,168,1283.2332
14,154,155,2458.43971
14,154,169,5227.89998
14,155,156,5329.71736
14,155,170,1918.1027
14,156,157,1672.5461
14,156,171,1450.30772
14,157,158,6624.49921
14,157,172,5329.71736
14,158,159,6559.15105
14,158,173,3020.76115
14,159,160,3913.49339
14,159,174,4333.09678
14,160,161,3803.72141
14,160,175,3111.38843
14,161,162,4287.23571
14,161,176,8035.64121
14,162,163,6624.49921
14,162,177,975.92571
14,163,164,7202.19591
14,163,178,6624.49921
14,164,179,10649.70329
14,165,166,12846.27709
14,165,180,1918.1027
14,166,167,4333.09678
14,166,181,8035.64121
14,167,168,2458.43971
14,167,182,12846.27709
14,168,169,6559.15105
14,168,183,1672.5461
14,169,170,5227.89998
14,169,184,2384.00614
14,170,171,3020.76115
14,170,185,2384.00614
14,171,172,5329.71736
14,171,186,3803.72141
14,172,173,1450.30772
14,172,187,8035.64121
14,173,174,4213.57463
14,173,188,3111.38843
14,174,175,3913.49339
14,174,189,3111.38843
14,175,176,730.0
14,175,190,2384.00614
14,176,177,2458.43971
14,176,191,8035.64121
14,177,178,730.0
14,177,192,2458.43971
14,178,179,4213.57463
14,178,193,2384.00614
14,179,194,3803.72141
14,180,181,1283.2332
14,180,195,4333.09678
14,181,182,1283.2332
14,181,196,3359.54847
14,182,183,3111.38843
14,182,197,8796.24733
14,183,184,8796.24733
14,183,198,1857.6146
14,184,185,2405.07849
14,184,199,3020.76115
14,185,186,6624.49921
14,185,200,5370.90441
14,186,187,4213.57463
14,186,201,3020.76115
14,187,188,7202.19591
14,187,202,6624.49921
14,188,189,3803.72141
14,188,203,3111.38843
14,189,190,1918.1027
14,189,204,730.0
14,190,191,8035.64121
14,190,205,3803.72141
14,191,192,3055.02271
14,191,206,1880.4673
14,192,193,7202.19591
14,192,207,1857.6146
14,193,194,8035.64121
14,193,208,3913.49339
14,194,209,5329.71736
14,195,196,3913.49339
14,195,210,1918.1027
14,196,197,3111.38843
14,196,211,3111.38843
14,197,198,1450.30772
14,197,212,2405.07849
14,198,199,1283.2332
14,198,213,5329.71736
14,199,200,12846.27709
14,199,214,1672.5461
14,200,201,1918.1027
14,200,215,2405.07849
14,201,202,2458.43971
14,201,216,6559.15105
14,202,203,4213.57463
14,202,217,975.92571
14,203,204,3055.02271
14,203,218,1857.6146
14,204,205,1918.1027
14,204,219,975.92571
14,205,206,12846.27709
14,205,220,3111.38843
14,206,207,5370.90441
14,206,221,4287.23571
14,207,208,1672.5461
14,207,222,3359.54847
14,208,209,3020.76115
14,208,223,4287.23571
14,209,224,3458.5512
14,210,211,1857.6146
14,211,212,8796.24733
14,212,213,1450.30772
14,213,214,3020.76115
14,214,215,7202.19591
14,215,216,8796.24733
14,216,217,6454.10652
14,217,218,5227.89998
14,218,219,3111.38843
14,219,220,730.0
14,220,221,2405.07849
14,221,222,2458.43971
14,222,223,3359.54847
14,223,224,3055.02271
15,0,1,321.38381
15,0,15,403.60952
15,1,2,536.58448
15,1,16,1844.86205
15,2,3,403.60952
15,2,17,321.38381
15,3,4,557.07573
15,3,18,1342.81059
15,4,5,2189.74982
15,4,19,1341.72684
15,5,6,1342.81059
15,5,20,2588.67186
15,6,7,593.95824
15,6,21,1696.11874
15,7,8,344.39124
15,7,22,1844.86205
15,8,9,557.07573
15,8,23,1844.86205
15,9,10,1697.43641
15,9,24,448.49976
15,10,11,593.40952
15,10,25,730.0
15,11,12,431.83183
15,11,26,431.83183
15,12,13,593.95824
15,12,27,730.0
15,13,14,1342.81059
15,13,28,2081.22844
15,14,29,557.07573
15,15,16,431.83183
15,15,30,1844.86205
15,16,17,1608.49527
15,16,31,403.60952
15,17,18,321.38381
15,17,32,1464.23545
15,18,19,536.58448
15,18,33,1697.43641
15,19,20,1750.84781
15,19,34,1113.84548
15,20,21,1341.72684
15,20,35,448.49976
15,21,22,2189.74982
15,21,36,1342.81059
15,22,23,2588.67186
15,22,37,1464.23545
15,23,24,557.07573
15,23,38,403.60952
15,24,25,1341.72684
15,24,39,403.60952
15,25,26,321.38381
15,25,40,2019.51425
15,26,27,1464.23545
15,26,41,2019.51425
15,27,28,448.49976
15,27,42,1608.49527
15,28,29,2081.22844
15,28,43,1464.23545
15,29,44,344.39124
15,30,31,321.05531
15,30,45,2081.22844
15,31,32,2081.22844
15,31,46,1750.84781
15,32,33,593.40952
15,32,47,2588.67186
15,33,34,1418.23878
15,33,48,1113.84548
15,34,35,593.95824
15,34,49,448.49976
15,35,36,1464.23545
15,35,50,593.95824
15,36,37,1749.49565
15,36,51,1341.72684
15,37,38,1750.84781
15,37,52,1750.84781
15,38,39,431.41135
15,38,53,2191.38023
15,39,40,2019.51425
15,39,54,593.40952
15,40,41,1697.43641
15,40,55,2588.67186
15,41,42,536.58448
15,41,56,2081.22844
15,42,43,1697.43641
15,42,57,448.49976
15,43,44,536.58448
15,43,58,536.58448
15,44,59,2081.22844
15,45,46,431.83183
15,45,60,448.9341
15,46,47,593.95824
15,46,61,321.38381
15,47,48,536.58448
15,47,62,321.05531
15,48,49,1844.86205
15,48,63,321.05531
15,49,50,1464.23545
15,49,64,593.95824
15,50,51,1608.49527
15,50,65,1342.81059
15,51,52,431.41135
15,51,66,448.49976
15,52,53,1844.86205
15,52,67,1341.72684
15,53,54,448.49976
15,53,68,448.49976
15,54,55,2019.51425
15,54,69,536.58448
15,55,56,1342.81059
15,55,70,1697.43641
15,56,57,2191.38023
15,56,71,358.55659
15,57,58,2588.67186
15,57,72,344.39124
15,58,59,321.05531
15,58,73,1749.49565
15,59,74,1749.49565
15,60,61,479.30568
15,60,75,358.55659
15,61,62,403.60952
15,61,76,2081.22844
15,62,63,536.58448
15,62,77,479.30568
15,63,64,1749.49565
15,63,78,1608.49527
15,64,65,2019.51425
15,64,79,1750.84781
15,65,66,730.0
15,65,80,2019.51425
15,66,67,448.9341
15,66,81,2189.74982
15,67,68,1608.49527
15,67,82,1113.84548
15,68,69,1608.49527
15,68,83,1418.23878
15,69,70,358.55659
15,69,84,593.95824
15,70,71,448.9341
15,70,85,536.58448
15,71,72,431.41135
15,71,86,1464.23545
15,72,73,2191.38023
15,72,87,344.39124
15,73,74,2081.22844
15,73,88,2019.51425
15,74,89,1750.84781
15,75,76,536.58448
15,75,90,431.83183
15,76,77,593.40952
15,76,91,1844.86205
15,77,78,479.30568
15,77,92,344.39124
15,78,79,1342.81059
15,78,93,448.9341
15,79,80,1608.49527
15,79,94,2019.51425
15,80,81,1418.23878
15,80,95,448.9341
15,81,82,1342.81059
15,81,96,1844.86205
15,82,83,253.38645
15,82,97,1696.11874
15,83,84,2081.22844
15,83,98,2191.38023
15,84,85,593.40952
15,84,99,1418.23878
15,85,86,448.49976
15,85,100,344.39124
15,86,87,403.60952
15,86,101,1697.43641
15,87,88,2019.51425
15,87,102,593.95824
15,88,89,1341.72684
15,88,103,1608.49527
15,89,104,2191.38023
15,90,91,1341.72684
15,90,105,2191.38023
15,91,92,1608.49527
15,91,106,593.95824
15,92,93,321.38381
15,92,107,431.41135
15,93,94,448.49976
15,93,108,431.41135
15,94,95,321.05531
15,94,109,321.38381
15,95,96,448.9341
15,95,110,2189.74982
15,96,97,1697.43641
15,96,111,253.38645
15,97,98,321.38381
15,97,112,1418.23878
15,98,99,1418.23878
15,98,113,1844.86205
15,99,100,1418.23878
15,99,114,2019.51425
15,100,101,1844.86205
15,100,115,403.60952
15,101,102,536.58448
15,101,116,1418.23878
15,102,103,1341.72684
15,102,117,1464.23545
15,103,104,557.07573
15,103,118,536.58448
15,104,119,2189.74982
15,105,106,536.58448
15,105,120,448.49976
15,106,107,321.05531
15,106,121,1418.23878
15,107,108,253.38645
15,107,122,1844.86205
15,108,109,1749.49565
15,108,123,431.41135
15,109,110,1341.72684
15,109,124,321.38381
15,110,111,1750.84781
15,110,125,1697.43641
15,111,112,344.39124
15,111,126,448.49976
15,112,113,1750.84781
15,112,127,730.0
15,113,114,344.39124
15,113,128,1342.81059
15,114,115,593.95824
15,114,129,1464.23545
15,115,116,448.49976
15,115,130,344.39124
15,116,117,2588.67186
15,116,131,730.0
15,117,118,536.58448
15,117,132,1750.84781
15,118,119,1113.84548
15,118,133,1696.11874
15,119,134,403.60952
15,120,121,431.41135
15,120,135,730.0
15,121,122,1418.23878
15,121,136,1113.84548
15,122,123,2588.67186
15,122,137,2189.74982
15,123,124,321.38381
15,123,138,344.39124
15,124,125,2588.67186
15,124,139,730.0
15,125,126,536.58448
15,125,140,479.30568
15,126,127,1696.11874
15,126,141,403.60952
15,127,128,358.55659
15,127,142,536.58448
15,128,129,358.55659
15,128,143,403.60952
15,129,130,479.30568
15,129,144,448.9341
15,130,131,593.95824
15,130,145,593.40952
15,131,132,403.60952
15,131,146,1697.43641
15,132,133,1750.84781
15,132,147,321.38381
15,133,134,557.07573
15,133,148,479.30568
15,134,149,321.38381
15,135,136,2191.38023
15,135,150,321.05531
15,136,137,1696.11874
15,136,151,730.0
15,137,138,358.55659
15,137,152,1342.81059
15,138,139,536.58448
15,138,153,2191.38023
15,139,140,1418.23878
15,139,154,1750.84781
15,140,141,557.07573
15,140,155,431.83183
15,141,142,2191.38023
15,141,156,1750.84781
15,142,143,593.40952
15,142,157,479.30568
15,143,144,2189.74982
15,143,158,730.0
15,144,145,344.39124
15,144,159,730.0
15,145,146,448.49976
15,145,160,2189.74982
15,146,147,344.39124
15,146,161,358.55659
15,147,148,448.49976
15,147,162,1697.43641
15,148,149,403.60952
15,148,163,1342.81059
15,149,164,448.49976
15,150,151,431.41135
15,150,165,403.60952
15,151,152,479.30568
15,151,166,403.60952
15,152,153,1608.49527
15,152,167,1750.84781
15,153,154,593.95824
15,153,168,593.95824
15,154,155,431.41135
15,154,169,1750.84781
15,155,156,1696.11874
15,155,170,593.40952
15,156,157,431.83183
15,156,171,557.07573
15,157,158,253.38645
15,157,172,1696.11874
15,158,159,1844.86205
15,158,173,2191.38023
15,159,160,344.39124
15,159,174,321.05531
15,160,161,1697.43641
15,160,175,479.30568
15,161,162,2189.74982
15,161,176,1418.23878
15,162,163,253.38645
15,162,177,536.58448
15,163,164,1749.49565
15,163,178,253.38645
15,164,179,1464.23545
15,165,166,1113.84548
15,165,180,593.40952
15,166,167,321.05531
15,166,181,1418.23878
15,167,168,431.41135
15,167,182,1113.84548
15,168,169,1844.86205
15,168,183,431.83183
15,169,170,1750.84781
15,169,184,2019.51425
15,170,171,2191.38023
15,170,185,2019.51425
15,171,172,1696.11874
15,171,186,1697.43641
15,172,173,557.07573
15,172,187,1418.23878
15,173,174,1608.49527
15,173,188,479.30568
15,174,175,344.39124
15,174,189,479.30568
15,175,176,730.0
15,175,190,2019.51425
15,176,177,431.41135
15,176,191,1418.23878
15,177,178,730.0
15,177,192,431.41135
15,178,179,1608.49527
15,178,193,2019.51425
15,179,194,1697.43641
15,180,181,593.95824
15,180,195,321.05531
15,181,182,593.95824
15,181,196,2081.22844
15,182,183,479.30568
15,182,197,1341.72684
15,183,184,1341.72684
15,183,198,2588.67186
15,184,185,448.9341
15,184,199,2191.38023
15,185,186,253.38645
15,185,200,358.55659
15,186,187,1608.49527
15,186,201,2191.38023
15,187,188,1749.49565
15,187,202,253.38645
15,188,189,1697.43641
15,188,203,479.30568
15,189,190,593.40952
15,189,204,730.0
15,190,191,1418.23878
15,190,205,1697.43641
15,191,192,321.38381
15,191,206,403.60952
15,192,193,1749.49565
15,192,207,2588.67186
15,193,194,1418.23878
15,193,208,344.39124
15,194,209,1696.11874
15,195,196,344.39124
15,195,210,593.40952
15,196,197,479.30568
15,196,211,479.30568
15,197,198,557.07573
15,197,212,448.9341
15,198,199,593.95824
15,198,213,1696.11874
15,199,200,1113.84548
15,199,214,431.83183
15,200,201,593.40952
15,200,215,448.9341
15,201,202,431.41135
15,201,216,1844.86205
15,202,203,1608.49527
15,202,217,536.58448
15,203,204,321.38381
15,203,218,2588.67186
15,204,205,593.40952
15,204,219,536.58448
15,205,206,1113.84548
15,205,220,479.30568
15,206,207,358.55659
15,206,221,2189.74982
15,207,208,431.83183
15,207,222,2081.22844
15,208,209,2191.38023
15,208,223,2189.74982
15,209,224,448.49976
15,210,211,2588.67186
15,211,212,1341.72684
15,212,213,557.07573
15,213,214,2191.38023
15,214,215,1749.49565
15,215,216,1341.72684
15,216,217,1342.81059
15,217,218,1750.84781
15,218,219,479.30568
15,219,220,730.0
15,220,221,448.9341
15,221,222,431.41135
15,222,223,2081.22844
15,223,224,321.38381
16,0,1,826.18266
16,0,15,1542.84764
16,1,2,3418.18976
16,1,16,328.34757
16,2,3,1542.84764
16,2,17,826.18266
16,3,4,255.82072
16,3,18,560.72799
16,4,5,675.69158
16,4,19,1441.08409
16,5,6,560.72799
16,5,20,491.3628
16,6,7,358.19662
16,6,21,3219.97382
16,7,8,2558.83309
16,7,22,328.34757
16,8,9,255.82072
16,8,23,328.34757
16,9,10,1421.6462
16,9,24,364.35743
16,10,11,984.26287
16,10,25,730.0
16,11,12,1984.72488
16,11,26,1984.72488
16,12,13,358.19662
16,12,27,730.0
16,13,14,560.72799
16,13,28,159.38472
16,14,29,255.82072
16,15,16,1984.72488
16,15,30,328.34757
16,16,17,1089.0339
16,16,31,1542.84764
16,17,18,826.18266
16,17,32,97.89508
16,18,19,3418.18976
16,18,33,1421.6462
16,19,20,63.05601
16,19,34,765.92626
16,20,21,1441.08409
16,20,35,364.35743
16,21,22,675.69158
16,21,36,560.72799
16,22,23,491.3628
16,22,37,97.89508
16,23,24,255.82072
16,23,38,1542.84764
16,24,25,1441.08409
16,24,39,1542.84764
16,25,26,826.18266
16,25,40,2521.93837
16,26,27,97.89508
16,26,41,2521.93837
16,27,28,364.35743
16,27,42,1089.0339
16,28,29,159.38472
16,28,43,97.89508
16,29,44,2558.83309
16,30,31,2010.39012
16,30,45,159.38472
16,31,32,159.38472
16,31,46,63.05601
16,32,33,984.26287
16,32,47,491.3628
16,33,34,1859.03608
16,33,48,765.92626
16,34,35,358.19662
16,34,49,364.35743
16,35,36,97.89508
16,35,50,358.19662
16,36,37,233.34063
16,36,51,1441.08409
16,37,38,63.05601
16,37,52,63.05601
16,38,39,4312.98251
16,38,53,229.09876
16,39,40,2521.93837
16,39,54,984.26287
16,40,41,1421.6462
16,40,55,491.3628
16,41,42,3418.18976
16,41,56,159.38472
16,42,43,1421.6462
16,42,57,364.35743
16,43,44,3418.18976
16,43,58,3418.18976
16,44,59,159.38472
16,45,46,1984.72488
16,45,60,108.80768
16,46,47,358.19662
16,46,61,826.18266
16,47,48,3418.18976
16,47,62,2010.39012
16,48,49,328.34757
16,48,63,2010.39012
16,49,50,97.89508
16,49,64,358.19662
16,50,51,1089.0339
16,50,65,560.72799
16,51,52,4312.98251
16,51,66,364.35743
16,52,53,328.34757
16,52,67,1441.08409
16,53,54,364.35743
16,53,68,364.35743
16,54,55,2521.93837
16,54,69,3418.18976
16,55,56,560.72799
16,55,70,1421.6462
16,56,57,229.09876
16,56,71,163.07421
16,57,58,491.3628
16,57,72,2558.83309
16,58,59,2010.39012
16,58,73,233.34063
16,59,74,233.34063
16,60,61,500.80892
16,60,75,163.07421
16,61,62,1542.84764
16,61,76,159.38472
16,62,63,3418.18976
16,62,77,500.80892
16,63,64,233.34063
16,63,78,1089.0339
16,64,65,2521.93837
16,64,79,63.05601
16,65,66,730.0
16,65,80,2521.93837
16,66,67,108.80768
16,66,81,675.69158
16,67,68,1089.0339
16,67,82,765.92626
16,68,69,1089.0339
16,68,83,1859.03608
16,69,70,163.07421
16,69,84,358.19662
16,70,71,108.80768
16,70,85,3418.18976
16,71,72,4312.98251
16,71,86,97.89508
16,72,73,229.09876
16,72,87,2558.83309
16,73,74,159.38472
16,73,88,2521.93837
16,74,89,63.05601
16,75,76,3418.18976
16,75,90,1984.72488
16,76,77,984.26287
16,76,91,328.34757
16,77,78,500.80892
16,77,92,2558.83309
16,78,79,560.72799
16,78,93,108.80768
16,79,80,1089.0339
16,79,94,2521.93837
16,80,81,1859.03608
16,80,95,108.80768
16,81,82,560.72799
16,81,96,328.34757
16,82,83,1107.36803
16,82,97,3219.97382
16,83,84,159.38472
16,83,98,229.09876
16,84,85,984.26287
16,84,99,1859.03608
16,85,86,364.35743
16,85,100,2558.83309
16,86,87,1542.84764
16,86,101,1421.6462
16,87,88,2521.93837
16,87,102,358.19662
16,88,89,1441.08409
16,88,103,1089.0339
16,89,104,229.09876
16,90,91,1441.08409
16,90,105,229.09876
16,91,92,1089.0339
16,91,106,358.19662
16,92,93,826.18266
16,92,107,4312.98251
16,93,94,364.35743
16,93,108,4312.98251
16,94,95,2010.39012
16,94,109,826.18266
16,95,96,108.80768
16,95,110,675.69158
16,96,97,1421.6462
16,96,111,1107.36803
16,97,98,826.18266
16,97,112,1859.03608
16,98,99,1859.03608
16,98,113,328.34757
16,99,100,1859.03608
16,99,114,2521.93837
16,100,101,328.34757
16,100,115,1542.84764
16,101,102,3418.18976
16,101,116,1859.03608
16,102,103,1441.08409
16,102,117,97.89508
16,103,104,255.82072
16,103,118,3418.18976
16,104,119,675.69158
16,105,106,3418.18976
16,105,120,364.35743
16,106,107,2010.39012
16,106,121,1859.03608
16,107,108,1107.36803
16,107,122,328.34757
16,108,109,233.34063
16,108,123,4312.98251
16,109,110,1441.08409
16,109,124,826.18266
16,110,111,63.05601
16,110,125,1421.6462
16,111,112,2558.83309
16,111,126,364.35743
16,112,113,63.05601
16,112,127,730.0
16,113,114,2558.83309
16,113,128,560.72799
16,114,115,358.19662
16,114,129,97.89508
16,115,116,364.35743
16,115,130,2558.83309
16,116,117,491.3628
16,116,131,730.0
16,117,118,3418.18976
16,117,132,63.05601
16,118,119,765.92626
16,118,133,3219.97382
16,119,134,1542.84764
16,120,121,4312.98251
16,120,135,730.0
16,121,122,1859.03608
16,121,136,765.92626
16,122,123,491.3628
16,122,137,675.69158
16,123,124,826.18266
16,123,138,2558.83309
16,124,125,491.3628
16,124,139,730.0
16,125,126,3418.18976
16,125,140,500.80892
16,126,127,3219.97382
16,126,141,1542.84764
16,127,128,163.07421
16,127,142,3418.18976
16,128,129,163.07421
16,128,143,1542.84764
16,129,130,500.80892
16,129,144,108.80768
16,130,131,358.19662
16,130,145,984.26287
16,131,132,1542.84764
16,131,146,1421.6462
16,132,133,63.05601
16,132,147,826.18266
16,133,134,255.82072
16,133,148,500.80892
16,134,149,826.18266
16,135,136,229.09876
16,135,150,2010.39012
16,136,137,3219.97382
16,136,151,730.0
16,137,138,163.07421
16,137,152,560.72799
16,138,139,3418.18976
16,138,153,229.09876
16,139,140,1859.03608
16,139,154,63.05601
16,140,141,255.82072
16,140,155,1984.72488
16,141,142,229.09876
16,141,156,63.05601
16,142,143,984.26287
16,142,157,500.80892
16,143,144,675.69158
16,143,158,730.0
16,144,145,2558.83309
16,144,159,730.0
16,145,146,364.35743
16,145,160,675.69158
16,146,147,2558.83309
16,146,161,163.07421
16,147,148,364.35743
16,147,162,1421.6462
16,148,149,1542.84764
16,148,163,560.72799
16,149,164,364.35743
16,150,151,4312.98251
16,150,165,1542.84764
16,151,152,500.80892
16,151,166,1542.84764
16,152,153,1089.0339
16,152,167,63.05601
16,153,154,358.19662
16,153,168,358.19662
16,154,155,4312.98251
16,154,169,63.05601
16,155,156,3219.97382
16,155,170,984.26287
16,156,157,1984.72488
16,156,171,255.82072
16,157,158,1107.36803
16,157,172,3219.97382
16,158,159,328.34757
16,158,173,229.09876
16,159,160,2558.83309
16,159,174,2010.39012
16,160,161,1421.6462
16,160,175,500.80892
16,161,162,675.69158
16,161,176,1859.03608
16,162,163,1107.36803
16,162,177,3418.18976
16,163,164,233.34063
16,163,178,1107.36803
16,164,179,97.89508
16,165,166,765.92626
16,165,180,984.26287
16,166,167,2010.39012
16,166,181,1859.03608
16,167,168,4312.98251
16,167,182,765.92626
16,168,169,328.34757
16,168,183,1984.72488
16,169,170,63.05601
16,169,184,2521.93837
16,170,171,229.09876
16,170,185,2521.93837
16,171,172,3219.97382
16,171,186,1421.6462
16,172,173,255.82072
16,172,187,1859.03608
16,173,174,1089.0339
16,173,188,500.80892
16,174,175,2558.83309
16,174,189,500.80892
16,175,176,730.0
16,175,190,2521.93837
16,176,177,4312.98251
16,176,191,1859.03608
16,177,178,730.0
16,177,192,4312.98251
16,178,179,1089.0339
16,178,193,2521.93837
16,179,194,1421.6462
16,180,181,358.19662
16,180,195,2010.39012
16,181,182,358.19662
16,181,196,159.38472
16,182,183,500.80892
16,182,197,1441.08409
16,183,184,1441.08409
16,183,198,491.3628
16,184,185,108.80768
16,184,199,229.09876
16,185,186,1107.36803
16,185,200,163.07421
16,186,187,1089.0339
16,186,201,229.09876
16,187,188,233.34063
16,187,202,1107.36803
16,188,189,1421.6462
16,188,203,500.80892
16,189,190,984.26287
16,189,204,730.0
16,190,191,1859.03608
16,190,205,1421.6462
16,191,192,826.18266
16,191,206,1542.84764
16,192,193,233.34063
16,192,207,491.3628
16,193,194,1859.03608
16,193,208,2558.83309
16,194,209,3219.97382
16,195,196,2558.83309
16,195,210,984.26287
16,196,197,500.80892
16,196,211,500.80892
16,197,198,255.82072
16,197,212,108.80768
16,198,199,358.19662
16,198,213,3219.97382
16,199,200,765.92626
16,199,214,1984.72488
16,200,201,984.26287
16,200,215,108.80768
16,201,202,4312.98251
16,201,216,328.34757
16,202,203,1089.0339
16,202,217,3418.18976
16,203,204,826.18266
16,203,218,491.3628
16,204,205,984.26287
16,204,219,3418.18976
16,205,206,765.92626
16,205,220,500.80892
16,206,207,163.07421
16,206,221,675.69158
16,207,208,1984.72488
16,207,222,159.38472
16,208,209,229.09876
16,208,223,675.69158
16,209,224,364.35743
16,210,211,491.3628
16,211,212,1441.08409
16,212,213,255.82072
16,213,214,229.09876
16,214,215,233.34063
16,215,216,1441.08409
16,216,217,560.72799
16,217,218,63.05601
16,218,219,500.80892
16,219,220,730.0
16,220,221,108.80768
16,221,222,4312.98251
16,222,223,159.38472
16,223,224,826.18266
17,0,1,780.29023
17,0,15,189.05544
17,1,2,239.44092
17,1,16,2337.15557
17,2,3,189.05544
17,2,17,780.29023
17,3,4,600.02219
17,3,18,533.06406
17,4,5,733.92098
17,4,19,190.32389
17,5,6,533.06406
17,5,20,496.53957
17,6,7,2326.84928
17,6,21,240.98666
17,7,8,1339.56153
17,7,22,2337.15557
17,8,9,600.02219
17,8,23,2337.15557
17,9,10,651.01305
17,9,24,876.58181
17,10,11,1054.01002
17,10,25,730.0
17,11,12,941.54997
17,11,26,941.54997
17,12,13,2326.84928
17,12,27,730.0
17,13,14,533.06406
17,13,28,402.81505
17,14,29,600.02219
17,15,16,941.54997
17,15,30,2337.15557
17,16,17,116.44963
17,16,31,189.05544
17,17,18,780.29023
17,17,32,1989.23408
17,18,19,239.44092
17,18,33,651.01305
17,19,20,1430.76602
17,19,34,784.43526
17,20,21,190.32389
17,20,35,876.58181
17,21,22,733.92098
17,21,36,533.06406
17,22,23,496.53957
17,22,37,1989.23408
17,23,24,600.02219
17,23,38,189.05544
17,24,25,190.32389
17,24,39,189.05544
17,25,26,780.29023
17,25,40,150.292
17,26,27,1989.23408
17,26,41,150.292
17,27,28,876.58181
17,27,42,116.44963
17,28,29,402.81505
17,28,43,1989.23408
17,29,44,1339.56153
17,30,31,298.12904
17,30,45,402.81505
17,31,32,402.81505
17,31,46,1430.76602
17,32,33,1054.01002
17,32,47,496.53957
17,33,34,946.39801
17,33,48,784.43526
17,34,35,2326.84928
17,34,49,876.58181
17,35,36,1989.23408
17,35,50,2326.84928
17,36,37,603.35151
17,36,51,190.32389
17,37,38,1430.76602
17,37,52,1430.76602
17,38,39,371.34757
17,38,53,1696.11874
17,39,40,150.292
17,39,54,1054.01002
17,40,41,651.01305
17,40,55,496.53957
17,41,42,239.44092
17,41,56,402.81505
17,42,43,651.01305
17,42,57,876.58181
17,43,44,239.44092
17,43,58,239.44092
17,44,59,402.81505
17,45,46,941.54997
17,45,60,1980.2242
17,46,47,2326.84928
17,46,61,780.29023
17,47,48,239.44092
17,47,62,298.12904
17,48,49,2337.15557
17,48,63,298.12904
17,49,50,1989.23408
17,49,64,2326.84928
17,50,51,116.44963
17,50,65,533.06406
17,51,52,371.34757
17,51,66,876.58181
17,52,53,2337.15557
17,52,67,190.32389
17,53,54,876.58181
17,53,68,876.58181
17,54,55,150.292
17,54,69,239.44092
17,55,56,533.06406
17,55,70,651.01305
17,56,57,1696.11874
17,56,71,2707.05196
17,57,58,496.53957
17,57,72,1339.56153
17,58,59,298.12904
17,58,73,603.35151
17,59,74,603.35151
17,60,61,3155.33423
17,60,75,2707.05196
17,61,62,189.05544
17,61,76,402.81505
17,62,63,239.44092
17,62,77,3155.33423
17,63,64,603.35151
17,63,78,116.44963
17,64,65,150.292
17,64,79,1430.76602
17,65,66,730.0
17,65,80,150.292
17,66,67,1980.2242
17,66,81,733.92098
17,67,68,116.44963
17,67,82,784.43526
17,68,69,116.44963
17,68,83,946.39801
17,69,70,2707.05196
17,69,84,2326.84928
17,70,71,1980.2242
17,70,85,239.44092
17,71,72,371.34757
17,71,86,1989.23408
17,72,73,1696.11874
17,72,87,1339.56153
17,73,74,402.81505
17,73,88,150.292
17,74,89,1430.76602
17,75,76,239.44092
17,75,90,941.54997
17,76,77,1054.01002
17,76,91,2337.15557
17,77,78,3155.33423
17,77,92,1339.56153
17,78,79,533.06406
17,78,93,1980.2242
17,79,80,116.44963
17,79,94,150.292
17,80,81,946.39801
17,80,95,1980.2242
17,81,82,533.06406
17,81,96,2337.15557
17,82,83,1122.22004
17,82,97,240.98666
17,83,84,402.81505
17,83,98,1696.11874
17,84,85,1054.01002
17,84,99,946.39801
17,85,86,876.58181
17,85,100,1339.56153
17,86,87,189.05544
17,86,101,651.01305
17,87,88,150.292
17,87,102,2326.84928
17,88,89,190.32389
17,88,103,116.44963
17,89,104,1696.11874
17,90,91,190.32389
17,90,105,1696.11874
17,91,92,116.44963
17,91,106,2326.84928
17,92,93,780.29023
17,92,107,371.34757
17,93,94,876.58181
17,93,108,371.34757
17,94,95,298.12904
17,94,109,780.29023
17,95,96,1980.2242
17,95,110,733.92098
17,96,97,651.01305
17,96,111,1122.22004
17,97,98,780.29023
17,97,112,946.39801
17,98,99,946.39801
17,98,113,2337.15557
17,99,100,946.39801
17,99,114,150.292
17,100,101,2337.15557
17,100,115,189.05544
17,101,102,239.44092
17,101,116,946.39801
17,102,103,190.32389
17,102,117,1989.23408
17,103,104,600.02219
17,103,118,239.44092
17,104,119,733.92098
17,105,106,239.44092
17,105,120,876.58181
17,106,107,298.12904
17,106,121,946.39801
17,107,108,1122.22004
17,107,122,2337.15557
17,108,109,603.35151
17,108,123,371.34757
17,109,110,190.32389
17,109,124,780.29023
17,110,111,1430.76602
17,110,125,651.01305
17,111,112,1339.56153
17,111,126,876.58181
17,112,113,1430.76602
17,112,127,730.0
17,113,114,1339.56153
17,113,128,533.06406
17,114,115,2326.84928
17,114,129,1989.23408
17,115,116,876.58181
17,115,130,1339.56153
17,116,117,496.53957
17,116,131,730.0
17,117,118,239.44092
17,117,132,1430.76602
17,118,119,784.43526
17,118,133,240.98666
17,119,134,189.05544
17,120,121,371.34757
17,120,135,730.0
17,121,122,946.39801
17,121,136,784.43526
17,122,123,496.53957
17,122,137,733.92098
17,123,124,780.29023
17,123,138,1339.56153
17,124,125,496.53957
17,124,139,730.0
17,125,126,239.44092
17,125,140,3155.33423
17,126,127,240.98666
17,126,141,189.05544
17,127,128,2707.05196
17,127,142,239.44092
17,128,129,2707.05196
17,128,143,189.05544
17,129,130,3155.33423
17,129,144,1980.2242
17,130,131,2326.84928
17,130,145,1054.01002
17,131,132,189.05544
17,131,146,651.01305
17,132,133,1430.76602
17,132,147,780.29023
17,133,134,600.02219
17,133,148,3155.33423
17,134,149,780.29023
17,135,136,1696.11874
17,135,150,298.12904
17,136,137,240.98666
17,136,151,730.0
17,137,138,2707.05196
17,137,152,533.06406
17,138,139,239.44092
17,138,153,1696.11874
17,139,140,946.39801
17,139,154,1430.76602
17,140,141,600.02219
17,140,155,941.54997
17,141,142,1696.11874
17,141,156,1430.76602
17,142,143,1054.01002
17,142,157,3155.33423
17,143,144,733.92098
17,143,158,730.0
17,144,145,1339.56153
17,144,159,730.0
17,145,146,876.58181
17,145,160,733.92098
17,146,147,1339.56153
17,146,161,2707.05196
17,147,148,876.58181
17,147,162,651.01305
17,148,149,189.05544
17,148,163,533.06406
17,149,164,876.58181
17,150,151,371.34757
17,150,165,189.05544
17,151,152,3155.33423
17,151,166,189.05544
17,152,153,116.44963
17,152,167,1430.76602
17,153,154,2326.84928
17,153,168,2326.84928
17,154,155,371.34757
17,154,169,1430.76602
17,155,156,240.98666
17,155,170,1054.01002
17,156,157,941.54997
17,156,171,600.02219
17,157,158,1122.22004
17,157,172,240.98666
17,158,159,2337.15557
17,158,173,1696.11874
17,159,160,1339.56153
17,159,174,298.12904
17,160,161,651.01305
17,160,175,3155.33423
17,161,162,733.92098
17,161,176,946.39801
17,162,163,1122.22004
17,162,177,239.44092
17,163,164,603.35151
17,163,178,1122.22004
17,164,179,1989.23408
17,165,166,784.43526
17,165,180,1054.01002
17,166,167,298.12904
17,166,181,946.39801
17,167,168,371.34757
17,167,182,784.43526
17,168,169,2337.15557
17,168,183,941.54997
17,169,170,1430.76602
17,169,184,150.292
17,170,171,1696.11874
17,170,185,150.292
17,171,172,240.98666
17,171,186,651.01305
17,172,173,600.02219
17,172,187,946.39801
17,173,174,116.44963
17,173,188,3155.33423
17,174,175,1339.56153
17,174,189,3155.33423
17,175,176,730.0
17,175,190,150.292
17,176,177,371.34757
17,176,191,946.39801
17,177,178,730.0
17,177,192,371.34757
17,178,179,116.44963
17,178,193,150.292
17,179,194,651.01305
17,180,181,2326.84928
17,180,195,298.12904
17,181,182,2326.84928
17,181,196,402.81505
17,182,183,3155.33423
17,182,197,190.32389
17,183,184,190.32389
17,183,198,496.53957
17,184,185,1980.2242
17,184,199,1696.11874
17,185,186,1122.22004
17,185,200,2707.05196
17,186,187,116.44963
17,186,201,1696.11874
17,187,188,603.35151
17,187,202,1122.22004
17,188,189,651.01305
17,188,203,3155.33423
17,189,190,1054.01002
17,189,204,730.0
17,190,191,946.39801
17,190,205,651.01305
17,191,192,780.29023
17,191,206,189.05544
17,192,193,603.35151
17,192,207,496.53957
17,193,194,946.39801
17,193,208,1339.56153
17,194,209,240.98666
17,195,196,1339.56153
17,195,210,1054.01002
17,196,197,3155.33423
17,196,211,3155.33423
17,197,198,600.02219
17,197,212,1980.2242
17,198,199,2326.84928
17,198,213,240.98666
17,199,200,784.43526
17,199,214,941.54997
17,200,201,1054.01002
17,200,215,1980.2242
17,201,202,371.34757
17,201,216,2337.15557
17,202,203,116.44963
17,202,217,239.44092
17,203,204,780.29023
17,203,218,496.53957
17,204,205,1054.01002
17,204,219,239.44092
17,205,206,784.43526
17,205,220,3155.33423
17,206,207,2707.05196
17,206,221,733.92098
17,207,208,941.54997
17,207,222,402.81505
17,208,209,1696.11874
17,208,223,733.92098
17,209,224,876.58181
17,210,211,496.53957
17,211,212,190.32389
17,212,213,600.02219
17,213,214,1696.11874
17,214,215,603.35151
17,215,216,190.32389
17,216,217,533.06406
17,217,218,1430.76602
17,218,219,3155.33423
17,219,220,730.0
17,220,221,1980.2242
17,221,222,371.34757
17,222,223,402.81505
17,223,224,780.29023
18,0,1,300.29608
18,0,15,1231.91785
18,1,2,350.35325
18,1,16,407.20083
18,2,3,1231.91785
18,2,17,300.29608
18,3,4,2250.753
18,3,18,482.06593
18,4,5,1569.82092
18,4,19,2494.55929
18,5,6,482.06593
18,5,20,1100.92202
18,6,7,153.98187
18,6,21,826.18266
18,7,8,103.23009
18,7,22,407.20083
18,8,9,2250.753
18,8,23,407.20083
18,9,10,108.14638
18,9,24,3087.43653
18,10,11,1066.47293
18,10,25,730.0
18,11,12,58.82953
18,11,26,58.82953
18,12,13,153.98187
18,12,27,730.0
18,13,14,482.06593
18,13,28,3170.83696
18,14,29,2250.753
18,15,16,58.82953
18,15,30,407.20083
18,16,17,1797.34245
18,16,31,1231.91785
18,17,18,300.29608
18,17,32,1392.34084
18,18,19,350.35325
18,18,33,108.14638
18,19,20,969.29848
18,19,34,722.85693
18,20,21,2494.55929
18,20,35,3087.43653
18,21,22,1569.82092
18,21,36,482.06593
18,22,23,1100.92202
18,22,37,1392.34084
18,23,24,2250.753
18,23,38,1231.91785
18,24,25,2494.55929
18,24,39,1231.91785
18,25,26,300.29608
18,25,40,556.03589
18,26,27,1392.34084
18,26,41,556.03589
18,27,28,3087.43653
18,27,42,1797.34245
18,28,29,3170.83696
18,28,43,1392.34084
18,29,44,103.23009
18,30,31,1745.44441
18,30,45,3170.83696
18,31,32,3170.83696
18,31,46,969.29848
18,32,33,1066.47293
18,32,47,1100.92202
18,33,34,180.57582
18,33,48,722.85693
18,34,35,153.98187
18,34,49,3087.43653
18,35,36,1392.34084
18,35,50,153.98187
18,36,37,4275.83389
18,36,51,2494.55929
18,37,38,969.29848
18,37,52,969.29848
18,38,39,536.58448
18,38,53,260.47219
18,39,40,556.03589
18,39,54,1066.47293
18,40,41,108.14638
18,40,55,1100.92202
18,41,42,350.35325
18,41,56,3170.83696
18,42,43,108.14638
18,42,57,3087.43653
18,43,44,350.35325
18,43,58,350.35325
18,44,59,3170.83696
18,45,46,58.82953
18,45,60,636.91948
18,46,47,153.98187
18,46,61,300.29608
18,47,48,350.35325
18,47,62,1745.44441
18,48,49,407.20083
18,48,63,1745.44441
18,49,50,1392.34084
18,49,64,153.98187
18,50,51,1797.34245
18,50,65,482.06593
18,51,52,536.58448
18,51,66,3087.43653
18,52,53,407.20083
18,52,67,2494.55929
18,53,54,3087.43653
18,53,68,3087.43653
18,54,55,556.03589
18,54,69,350.35325
18,55,56,482.06593
18,55,70,108.14638
18,56,57,260.47219
18,56,71,938.32946
18,57,58,1100.92202
18,57,72,103.23009
18,58,59,1745.44441
18,58,73,4275.83389
18,59,74,4275.83389
18,60,61,250.17093
18,60,75,938.32946
18,61,62,1231.91785
18,61,76,3170.83696
18,62,63,350.35325
18,62,77,250.17093
18,63,64,4275.83389
18,63,78,1797.34245
18,64,65,556.03589
18,64,79,969.29848
18,65,66,730.0
18,65,80,556.03589
18,66,67,636.91948
18,66,81,1569.82092
18,67,68,1797.34245
18,67,82,722.85693
18,68,69,1797.34245
18,68,83,180.57582
18,69,70,938.32946
18,69,84,153.98187
18,70,71,636.91948
18,70,85,350.35325
18,71,72,536.58448
18,71,86,1392.34084
18,72,73,260.47219
18,72,87,103.23009
18,73,74,3170.83696
18,73,88,556.03589
18,74,89,969.29848
18,75,76,350.35325
18,75,90,58.82953
18,76,77,1066.47293
18,76,91,407.20083
18,77,78,250.17093
18,77,92,103.23009
18,78,79,482.06593
18,78,93,636.91948
18,79,80,1797.34245
18,79,94,556.03589
18,80,81,180.57582
18,80,95,636.91948
18,81,82,482.06593
18,81,96,407.20083
18,82,83,464.80627
18,82,97,826.18266
18,83,84,3170.83696
18,83,98,260.47219
18,84,85,1066.47293
18,84,99,180.57582
18,85,86,3087.43653
18,85,100,103.23009
18,86,87,1231.91785
18,86,101,108.14638
18,87,88,556.03589
18,87,102,153.98187
18,88,89,2494.55929
18,88,103,1797.34245
18,89,104,260.47219
18,90,91,2494.55929
18,90,105,260.47219
18,91,92,1797.34245
18,91,106,153.98187
18,92,93,300.29608
18,92,107,536.58448
18,93,94,3087.43653
18,93,108,536.58448
18,94,95,1745.44441
18,94,109,300.29608
18,95,96,636.91948
18,95,110,1569.82092
18,96,97,108.14638
18,96,111,464.80627
18,97,98,300.29608
18,97,112,180.57582
18,98,99,180.57582
18,98,113,407.20083
18,99,100,180.57582
18,99,114,556.03589
18,100,101,407.20083
18,100,115,1231.91785
18,101,102,350.35325
18,101,116,180.57582
18,102,103,2494.55929
18,102,117,1392.34084
18,103,104,2250.753
18,103,118,350.35325
18,104,119,1569.82092
18,105,106,350.35325
18,105,120,3087.43653
18,106,107,1745.44441
18,106,121,180.57582
18,107,108,464.80627
18,107,122,407.20083
18,108,109,4275.83389
18,108,123,536.58448
18,109,110,2494.55929
18,109,124,300.29608
18,110,111,969.29848
18,110,125,108.14638
18,111,112,103.23009
18,111,126,3087.43653
18,112,113,969.29848
18,112,127,730.0
18,113,114,103.23009
18,113,128,482.06593
18,114,115,153.98187
18,114,129,1392.34084
18,115,116,3087.43653
18,115,130,103.23009
18,116,117,1100.92202
18,116,131,730.0
18,117,118,350.35325
18,117,132,969.29848
18,118,119,722.85693
18,118,133,826.18266
18,119,134,1231.91785
18,120,121,536.58448
18,120,135,730.0
18,121,122,180.57582
18,121,136,722.85693
18,122,123,1100.92202
18,122,137,1569.82092
18,123,124,300.29608
18,123,138,103.23009
18,124,125,1100.92202
18,124,139,730.0
18,125,126,350.35325
18,125,140,250.17093
18,126,127,826.18266
18,126,141,1231.91785
18,127,128,938.32946
18,127,142,350.35325
18,128,129,938.32946
18,128,143,1231.91785
18,129,130,250.17093
18,129,144,636.91948
18,130,131,153.98187
18,130,145,1066.47293
18,131,132,1231.91785
18,131,146,108.14638
18,132,133,969.29848
18,132,147,300.29608
18,133,134,2250.753
18,133,148,250.17093
18,134,149,300.29608
18,135,136,260.47219
18,135,150,1745.44441
18,136,137,826.18266
18,136,151,730.0
18,137,138,938.32946
18,137,152,482.06593
18,138,139,350.35325
18,138,153,260.47219
18,139,140,180.57582
18,139,154,969.29848
18,140,141,2250.753
18,140,155,58.82953
18,141,142,260.47219
18,141,156,969.29848
18,142,143,1066.47293
18,142,157,250.17093
18,143,144,1569.82092
18,143,158,730.0
18,144,145,103.23009
18,144,159,730.0
18,145,146,3087.43653
18,145,160,1569.82092
18,146,147,103.23009
18,146,161,938.32946
18,147,148,3087.43653
18,147,162,108.14638
18,148,149,1231.91785
18,148,163,482.06593
18,149,164,3087.43653
18,150,151,536.58448
18,150,165,1231.91785
18,151,152,250.17093
18,151,166,1231.91785
18,152,153,1797.34245
18,152,167,969.29848
18,153,154,153.98187
18,153,168,153.98187
18,154,155,536.58448
18,154,169,969.29848
18,155,156,826.18266
18,155,170,1066.47293
18,156,157,58.82953
18,156,171,2250.753
18,157,158,464.80627
18,157,172,826.18266
18,158,159,407.20083
18,158,173,260.47219
18,159,160,103.23009
18,159,174,1745.44441
18,160,161,108.14638
18,160,175,250.17093
18,161,162,1569.82092
18,161,176,180.57582
18,162,163,464.80627
18,162,177,350.35325
18,163,164,4275.83389
18,163,178,464.80627
18,164,179,1392.34084
18,165,166,722.85693
18,165,180,1066.47293
18,166,167,1745.44441
18,166,181,180.57582
18,167,168,536.58448
18,167,182,722.85693
18,168,169,407.20083
18,168,183,58.82953
18,169,170,969.29848
18,169,184,556.03589
18,170,171,260.47219
18,170,185,556.03589
18,171,172,826.18266
18,171,186,108.14638
18,172,173,2250.753
18,172,187,180.57582
18,173,174,1797.34245
18,173,188,250.17093
18,174,175,103.23009
18,174,189,250.17093
18,175,176,730.0
18,175,190,556.03589
18,176,177,536.58448
18,176,191,180.57582
18,177,178,730.0
18,177,192,536.58448
18,178,179,1797.34245
18,178,193,556.03589
18,179,194,108.14638
18,180,181,153.98187
18,180,195,1745.44441
18,181,182,153.98187
18,181,196,3170.83696
18,182,183,250.17093
18,182,197,2494.55929
18,183,184,2494.55929
18,183,198,1100.92202
18,184,185,636.91948
18,184,199,260.47219
18,185,186,464.80627
18,185,200,938.32946
18,186,187,1797.34245
18,186,201,260.47219
18,187,188,4275.83389
18,187,202,464.80627
18,188,189,108.14638
18,188,203,250.17093
18,189,190,1066.47293
18,189,204,730.0
18,190,191,180.57582
18,190,205,108.14638
18,191,192,300.29608
18,191,206,1231.91785
18,192,193,4275.83389
18,192,207,1100.92202
18,193,194,180.57582
18,193,208,103.23009
18,194,209,826.18266
18,195,196,103.23009
18,195,210,1066.47293
18,196,197,250.17093
18,196,211,250.17093
18,197,198,2250.753
18,197,212,636.91948
18,198,199,153.98187
18,198,213,826.18266
18,199,200,722.85693
18,199,214,58.82953
18,200,201,1066.47293
18,200,215,636.91948
18,201,202,536.58448
18,201,216,407.20083
18,202,203,1797.34245
18,202,217,350.35325
18,203,204,300.29608
18,203,218,1100.92202
18,204,205,1066.47293
18,204,219,350.35325
18,205,206,722.85693
18,205,220,250.17093
18,206,207,938.32946
18,206,221,1569.82092
18,207,208,58.82953
18,207,222,3170.83696
18,208,209,260.47219
18,208,223,1569.82092
18,209,224,3087.43653
18,210,211,1100.92202
18,211,212,2494.55929
18,212,213,2250.753
18,213,214,260.47219
18,214,215,4275.83389
18,215,216,2494.55929
18,216,217,482.06593
18,217,218,969.29848
18,218,219,250.17093
18,219,220,730.0
18,220,221,636.91948
18,221,222,536.58448
18,222,223,3170.83696
18,223,224,300.29608
19,0,1,290.79817
19,0,15,73.80031
19,1,2,604.46471
19,1,16,2313.16652
19,2,3,73.80031
19,2,17,290.79817
19,3,4,96.08952
19,3,18,472.00948
19,4,5,901.17164
19,4,19,99.97583
19,5,6,472.00948
19,5,20,1109.21551
19,6,7,1932.74408
19,6,21,751.11562
19,7,8,1355.87264
19,7,22,2313.16652
19,8,9,96.08952
19,8,23,2313.16652
19,9,10,2377.01632
19,9,24,70.33406
19,10,11,584.14579
19,10,25,730.0
19,11,12,1646.6753
19,11,26,1646.6753
19,12,13,1932.74408
19,12,27,730.0
19,13,14,472.00948
19,13,28,170.86192
19,14,29,96.08952
19,15,16,1646.6753
19,15,30,2313.16652
19,16,17,134.35416
19,16,31,73.80031
19,17,18,290.79817
19,17,32,455.49157
19,18,19,604.46471
19,18,33,2377.01632
19,19,20,574.46903
19,19,34,371.34757
19,20,21,99.97583
19,20,35,70.33406
19,21,22,901.17164
19,21,36,472.00948
19,22,23,1109.21551
19,22,37,455.49157
19,23,24,96.08952
19,23,38,73.80031
19,24,25,99.97583
19,24,39,73.80031
19,25,26,290.79817
19,25,40,930.31838
19,26,27,455.49157
19,26,41,930.31838
19,27,28,70.33406
19,27,42,134.35416
19,28,29,170.86192
19,28,43,455.49157
19,29,44,1355.87264
19,30,31,53.30305
19,30,45,170.86192
19,31,32,170.86192
19,31,46,574.46903
19,32,33,584.14579
19,32,47,1109.21551
19,33,34,1980.2242
19,33,48,371.34757
19,34,35,1932.74408
19,34,49,70.33406
19,35,36,455.49157
19,35,50,1932.74408
19,36,37,128.60289
19,36,51,99.97583
19,37,38,574.46903
19,37,52,574.46903
19,38,39,480.22429
19,38,53,2763.95264
19,39,40,930.31838
19,39,54,584.14579
19,40,41,2377.01632
19,40,55,1109.21551
19,41,42,604.46471
19,41,56,170.86192
19,42,43,2377.01632
19,42,57,70.33406
19,43,44,604.46471
19,43,58,604.46471
19,44,59,170.86192
19,45,46,1646.6753
19,45,60,359.63833
19,46,47,1932.74408
19,46,61,290.79817
19,47,48,604.46471
19,47,62,53.30305
19,48,49,2313.16652
19,48,63,53.30305
19,49,50,455.49157
19,49,64,1932.74408
19,50,51,134.35416
19,50,65,472.00948
19,51,52,480.22429
19,51,66,70.33406
19,52,53,2313.16652
19,52,67,99.97583
19,53,54,70.33406
19,53,68,70.33406
19,54,55,930.31838
19,54,69,604.46471
19,55,56,472.00948
19,55,70,2377.01632
19,56,57,2763.95264
19,56,71,279.79204
19,57,58,1109.21551
19,57,72,1355.87264
19,58,59,53.30305
19,58,73,128.60289
19,59,74,128.60289
19,60,61,1599.69365
19,60,75,279.79204
19,61,62,73.80031
19,61,76,170.86192
19,62,63,604.46471
19,62,77,1599.69365
19,63,64,128.60289
19,63,78,134.35416
19,64,65,930.31838
19,64,79,574.46903
19,65,66,730.0
19,65,80,930.31838
19,66,67,359.63833
19,66,81,901.17164
19,67,68,134.35416
19,67,82,371.34757
19,68,69,134.35416
19,68,83,1980.2242
19,69,70,279.79204
19,69,84,1932.74408
19,70,71,359.63833
19,70,85,604.46471
19,71,72,480.22429
19,71,86,455.49157
19,72,73,2763.95264
19,72,87,1355.87264
19,73,74,170.86192
19,73,88,930.31838
19,74,89,574.46903
19,75,76,604.46471
19,75,90,1646.6753
19,76,77,584.14579
19,76,91,2313.16652
19,77,78,1599.69365
19,77,92,1355.87264
19,78,79,472.00948
19,78,93,359.63833
19,79,80,134.35416
19,79,94,930.31838
19,80,81,1980.2242
19,80,95,359.63833
19,81,82,472.00948
19,81,96,2313.16652
19,82,83,224.19113
19,82,97,751.11562
19,83,84,170.86192
19,83,98,2763.95264
19,84,85,584.14579
19,84,99,1980.2242
19,85,86,70.33406
19,85,100,1355.87264
19,86,87,73.80031
19,86,101,2377.01632
19,87,88,930.31838
19,87,102,1932.74408
19,88,89,99.97583
19,88,103,134.35416
19,89,104,2763.95264
19,90,91,99.97583
19,90,105,2763.95264
19,91,92,134.35416
19,91,106,1932.74408
19,92,93,290.79817
19,92,107,480.22429
19,93,94,70.33406
19,93,108,480.22429
19,94,95,53.30305
19,94,109,290.79817
19,95,96,359.63833
19,95,110,901.17164
19,96,97,2377.01632
19,96,111,224.19113
19,97,98,290.79817
19,97,112,1980.2242
19,98,99,1980.2242
19,98,113,2313.16652
19,99,100,1980.2242
19,99,114,930.31838
19,100,101,2313.16652
19,100,115,73.80031
19,101,102,604.46471
19,101,116,1980.2242
19,102,103,99.97583
19,102,117,455.49157
19,103,104,96.08952
19,103,118,604.46471
19,104,119,901.17164
19,105,106,604.46471
19,105,120,70.33406
19,106,107,53.30305
19,106,121,1980.2242
19,107,108,224.19113
19,107,122,2313.16652
19,108,109,128.60289
19,108,123,480.22429
19,109,110,99.97583
19,109,124,290.79817
19,110,111,574.46903
19,110,125,2377.01632
19,111,112,1355.87264
19,111,126,70.33406
19,112,113,574.46903
19,112,127,730.0
19,113,114,1355.87264
19,113,128,472.00948
19,114,115,1932.74408
19,114,129,455.49157
19,115,116,70.33406
19,115,130,1355.87264
19,116,117,1109.21551
19,116,131,730.0
19,117,118,604.46471
19,117,132,574.46903
19,118,119,371.34757
19,118,133,751.11562
19,119,134,73.80031
19,120,121,480.22429
19,120,135,730.0
19,121,122,1980.2242
19,121,136,371.34757
19,122,123,1109.21551
19,122,137,901.17164
19,123,124,290.79817
19,123,138,1355.87264
19,124,125,1109.21551
19,124,139,730.0
19,125,126,604.46471
19,125,140,1599.69365
19,126,127,751.11562
19,126,141,73.80031
19,127,128,279.79204
19,127,142,604.46471
19,128,129,279.79204
19,128,143,73.80031
19,129,130,1599.69365
19,129,144,359.63833
19,130,131,1932.74408
19,130,145,584.14579
19,131,132,73.80031
19,131,146,2377.01632
19,132,133,574.46903
19,132,147,290.79817
19,133,134,96.08952
19,133,148,1599.69365
19,134,149,290.79817
19,135,136,2763.95264
19,135,150,53.30305
19,136,137,751.11562
19,136,151,730.0
19,137,138,279.79204
19,137,152,472.00948
19,138,139,604.46471
19,138,153,2763.95264
19,139,140,1980.2242
19,139,154,574.46903
19,140,141,96.08952
19,140,155,1646.6753
19,141,142,2763.95264
19,141,156,574.46903
19,142,143,584.14579
19,142,157,1599.69365
19,143,144,901.17164
19,143,158,730.0
19,144,145,1355.87264
19,144,159,730.0
19,145,146,70.33406
19,145,160,901.17164
19,146,147,1355.87264
19,146,161,279.79204
19,147,148,70.33406
19,147,162,2377.01632
19,148,149,73.80031
19,148,163,472.00948
19,149,164,70.33406
19,150,151,480.22429
19,150,165,73.80031
19,151,152,1599.69365
19,151,166,73.80031
19,152,153,134.35416
19,152,167,574.46903
19,153,154,1932.74408
19,153,168,1932.74408
19,154,155,480.22429
19,154,169,574.46903
19,155,156,751.11562
19,155,170,584.14579
19,156,157,1646.6753
19,156,171,96.08952
19,157,158,224.19113
19,157,172,751.11562
19,158,159,2313.16652
19,158,173,2763.95264
19,159,160,1355.87264
19,159,174,53.30305
19,160,161,2377.01632
19,160,175,1599.69365
19,161,162,901.17164
19,161,176,1980.2242
19,162,163,224.19113
19,162,177,604.46471
19,163,164,128.60289
19,163,178,224.19113
19,164,179,455.49157
19,165,166,371.34757
19,165,180,584.14579
19,166,167,53.30305
19,166,181,1980.2242
19,167,168,480.22429
19,167,182,371.34757
19,168,169,2313.16652
19,168,183,1646.6753
19,169,170,574.46903
19,169,184,930.31838
19,170,171,2763.95264
19,170,185,930.31838
19,171,172,751.11562
19,171,186,2377.01632
19,172,173,96.08952
19,172,187,1980.2242
19,173,174,134.35416
19,173,188,1599.69365
19,174,175,1355.87264
19,174,189,1599.69365
19,175,176,730.0
19,175,190,930.31838
19,176,177,480.22429
19,176,191,1980.2242
19,177,178,730.0
19,177,192,480.22429
19,178,179,134.35416
19,178,193,930.31838
19,179,194,2377.01632
19,180,181,1932.74408
19,180,195,53.30305
19,181,182,1932.74408
19,181,196,170.86192
19,182,183,1599.69365
19,182,197,99.97583
19,183,184,99.97583
19,183,198,1109.21551
19,184,185,359.63833
19,184,199,2763.95264
19,185,186,224.19113
19,185,200,279.79204
19,186,187,134.35416
19,186,201,2763.95264
19,187,188,128.60289
19,187,202,224.19113
19,188,189,2377.01632
19,188,203,1599.69365
19,189,190,584.14579
19,189,204,730.0
19,190,191,1980.2242
19,190,205,2377.01632
19,191,192,290.79817
19,191,206,73.80031
19,192,193,128.60289
19,192,207,1109.21551
19,193,194,1980.2242
19,193,208,1355.87264
19,194,209,751.11562
19,195,196,1355.87264
19,195,210,584.14579
19,196,197,1599.69365
19,196,211,1599.69365
19,197,198,96.08952
19,197,212,359.63833
19,198,199,1932.74408
19,198,213,751.11562
19,199,200,371.34757
19,199,214,1646.6753
19,200,201,584.14579
19,200,215,359.63833
19,201,202,480.22429
19,201,216,2313.16652
19,202,203,134.35416
19,202,217,604.46471
19,203,204,290.79817
19,203,218,1109.21551
19,204,205,584.14579
19,204,219,604.46471
19,205,206,371.34757
19,205,220,1599.69365
19,206,207,279.79204
19,206,221,901.17164
19,207,208,1646.6753
19,207,222,170.86192
19,208,209,2763.95264
19,208,223,901.17164
19,209,224,70.33406
19,210,211,1109.21551
19,211,212,99.97583
19,212,213,96.08952
19,213,214,2763.95264
19,214,215,128.60289
19,215,216,99.97583
19,216,217,472.00948
19,217,218,574.46903
19,218,219,1599.69365
19,219,220,730.0
19,220,221,359.63833
19,221,222,480.22429
19,222,223,170.86192
19,223,224,290.79817
20,0,1,1410.31463
20,0,15,1403.55192
20,1,2,372.08985
20,1,16,460.79497
20,2,3,1403.55192
20,2,17,1410.31463
20,3,4,2424.53099
20,3,18,550.86093
20,4,5,458.13686
20,4,19,925.53918
20,5,6,550.86093
20,5,20,253.38645
20,6,7,733.92098
20,6,21,220.56844
20,7,8,653.38709
20,7,22,460.79497
20,8,9,2424.53099
20,8,23,460.79497
20,9,10,113.5327
20,9,24,3666.36818
20,10,11,1204.92694
20,10,25,730.0
20,11,12,374.32412
20,11,26,374.32412
20,12,13,733.92098
20,12,27,730.0
20,13,14,550.86093
20,13,28,1032.92768
20,14,29,2424.53099
20,15,16,374.32412
20,15,30,460.79497
20,16,17,547.7753
20,16,31,1403.55192
20,17,18,1410.31463
20,17,32,1667.34501
20,18,19,372.08985
20,18,33,113.5327
20,19,20,1038.16499
20,19,34,930.31838
20,20,21,925.53918
20,20,35,3666.36818
20,21,22,458.13686
20,21,36,550.86093
20,22,23,253.38645
20,22,37,1667.34501
20,23,24,2424.53099
20,23,38,1403.55192
20,24,25,925.53918
20,24,39,1403.55192
20,25,26,1410.31463
20,25,40,112.71066
20,26,27,1667.34501
20,26,41,112.71066
20,27,28,3666.36818
20,27,42,547.7753
20,28,29,1032.92768
20,28,43,1667.34501
20,29,44,653.38709
20,30,31,2204.46001
20,30,45,1032.92768
20,31,32,1032.92768
20,31,46,1038.16499
20,32,33,1204.92694
20,32,47,253.38645
20,33,34,222.01159
20,33,48,930.31838
20,34,35,733.92098
20,34,49,3666.36818
20,35,36,1667.34501
20,35,50,733.92098
20,36,37,1659.56867
20,36,51,925.53918
20,37,38,1038.16499
20,37,52,1038.16499
20,38,39,649.82874
20,38,53,255.00713
20,39,40,112.71066
20,39,54,1204.92694
20,40,41,113.5327
20,40,55,253.38645
20,41,42,372.08985
20,41,56,1032.92768
20,42,43,113.5327
20,42,57,3666.36818
20,43,44,372.08985
20,43,58,372.08985
20,44,59,1032.92768
20,45,46,374.32412
20,45,60,2435.19662
20,46,47,733.92098
20,46,61,1410.31463
20,47,48,372.08985
20,47,62,2204.46001
20,48,49,460.79497
20,48,63,2204.46001
20,49,50,1667.34501
20,49,64,733.92098
20,50,51,547.7753
20,50,65,550.86093
20,51,52,649.82874
20,51,66,3666.36818
20,52,53,460.79497
20,52,67,925.53918
20,53,54,3666.36818
20,53,68,3666.36818
20,54,55,112.71066
20,54,69,372.08985
20,55,56,550.86093
20,55,70,113.5327
20,56,57,255.00713
20,56,71,3681.42238
20,57,58,253.38645
20,57,72,653.38709
20,58,59,2204.46001
20,58,73,1659.56867
20,59,74,1659.56867
20,60,61,1210.88188
20,60,75,3681.42238
20,61,62,1403.55192
20,61,76,1032.92768
20,62,63,372.08985
20,62,77,1210.88188
20,63,64,1659.56867
20,63,78,547.7753
20,64,65,112.71066
20,64,79,1038.16499
20,65,66,730.0
20,65,80,112.71066
20,66,67,2435.19662
20,66,81,458.13686
20,67,68,547.7753
20,67,82,930.31838
20,68,69,547.7753
20,68,83,222.01159
20,69,70,3681.42238
20,69,84,733.92098
20,70,71,2435.19662
20,70,85,372.08985
20,71,72,649.82874
20,71,86,1667.34501
20,72,73,255.00713
20,72,87,653.38709
20,73,74,1032.92768
20,73,88,112.71066
20,74,89,1038.16499
20,75,76,372.08985
20,75,90,374.32412
20,76,77,1204.92694
20,76,91,460.79497
20,77,78,1210.88188
20,77,92,653.38709
20,78,79,550.86093
20,78,93,2435.19662
20,79,80,547.7753
20,79,94,112.71066
20,80,81,222.01159
20,80,95,2435.19662
20,81,82,550.86093
20,81,96,460.79497
20,82,83,2214.31251
20,82,97,220.56844
20,83,84,1032.92768
20,83,98,255.00713
20,84,85,1204.92694
20,84,99,222.01159
20,85,86,3666.36818
20,85,100,653.38709
20,86,87,1403.55192
20,86,101,113.5327
20,87,88,112.71066
20,87,102,733.92098
20,88,89,925.53918
20,88,103,547.7753
20,89,104,255.00713
20,90,91,925.53918
20,90,105,255.00713
20,91,92,547.7753
20,91,106,733.92098
20,92,93,1410.31463
20,92,107,649.82874
20,93,94,3666.36818
20,93,108,649.82874
20,94,95,2204.46001
20,94,109,1410.31463
20,95,96,2435.19662
20,95,110,458.13686
20,96,97,113.5327
20,96,111,2214.31251
20,97,98,1410.31463
20,97,112,222.01159
20,98,99,222.01159
20,98,113,460.79497
20,99,100,222.01159
20,99,114,112.71066
20,100,101,460.79497
20,100,115,1403.55192
20,101,102,372.08985
20,101,116,222.01159
20,102,103,925.53918
20,102,117,1667.34501
20,103,104,2424.53099
20,103,118,372.08985
20,104,119,458.13686
20,105,106,372.08985
20,105,120,3666.36818
20,106,107,2204.46001
20,106,121,222.01159
20,107,108,2214.31251
20,107,122,460.79497
20,108,109,1659.56867
20,108,123,649.82874
20,109,110,925.53918
20,109,124,1410.31463
20,110,111,1038.16499
20,110,125,113.5327
20,111,112,653.38709
20,111,126,3666.36818
20,112,113,1038.16499
20,112,127,730.0
20,113,114,653.38709
20,113,128,550.86093
20,114,115,733.92098
20,114,129,1667.34501
20,115,116,3666.36818
20,115,130,653.38709
20,116,117,253.38645
20,116,131,730.0
20,117,118,372.08985
20,117,132,1038.16499
20,118,119,930.31838
20,118,133,220.56844
20,119,134,1403.55192
20,120,121,649.82874
20,120,135,730.0
20,121,122,222.01159
20,121,136,930.31838
20,122,123,253.38645
20,122,137,458.13686
20,123,124,1410.31463
20,123,138,653.38709
20,124,125,253.38645
20,124,139,730.0
20,125,126,372.08985
20,125,140,1210.88188
20,126,127,220.56844
20,126,141,1403.55192
20,127,128,3681.42238
20,127,142,372.08985
20,128,129,3681.42238
20,128,143,1403.55192
20,129,130,1210.88188
20,129,144,2435.19662
20,130,131,733.92098
20,130,145,1204.92694
20,131,132,1403.55192
20,131,146,113.5327
20,132,133,1038.16499
20,132,147,1410.31463
20,133,134,2424.53099
20,133,148,1210.88188
20,134,149,1410.31463
20,135,136,255.00713
20,135,150,2204.46001
20,136,137,220.56844
20,136,151,730.0
20,137,138,3681.42238
20,137,152,550.86093
20,138,139,372.08985
20,138,153,255.00713
20,139,140,222.01159
20,139,154,1038.16499
20,140,141,2424.53099
20,140,155,374.32412
20,141,142,255.00713
20,141,156,1038.16499
20,142,143,1204.92694
20,142,157,1210.88188
20,143,144,458.13686
20,143,158,730.0
20,144,145,653.38709
20,144,159,730.0
20,145,146,3666.36818
20,145,160,458.13686
20,146,147,653.38709
20,146,161,3681.42238
20,147,148,3666.36818
20,147,162,113.5327
20,148,149,1403.55192
20,148,163,550.86093
20,149,164,3666.36818
20,150,151,649.82874
20,150,165,1403.55192
20,151,152,1210.88188
20,151,166,1403.55192
20,152,153,547.7753
20,152,167,1038.16499
20,153,154,733.92098
20,153,168,733.92098
20,154,155,649.82874
20,154,169,1038.16499
20,155,156,220.56844
20,155,170,1204.92694
20,156,157,374.32412
20,156,171,2424.53099
20,157,158,2214.31251
20,157,172,220.56844
20,158,159,460.79497
20,158,173,255.00713
20,159,160,653.38709
20,159,174,2204.46001
20,160,161,113.5327
20,160,175,1210.88188
20,161,162,458.13686
20,161,176,222.01159
20,162,163,2214.31251
20,162,177,372.08985
20,163,164,1659.56867
20,163,178,2214.31251
20,164,179,1667.34501
20,165,166,930.31838
20,165,180,1204.92694
20,166,167,2204.46001
20,166,181,222.01159
20,167,168,649.82874
20,167,182,930.31838
20,168,169,460.79497
20,168,183,374.32412
20,169,170,1038.16499
20,169,184,112.71066
20,170,171,255.00713
20,170,185,112.71066
20,171,172,220.56844
20,171,186,113.5327
20,172,173,2424.53099
20,172,187,222.01159
20,173,174,547.7753
20,173,188,1210.88188
20,174,175,653.38709
20,174,189,1210.88188
20,175,176,730.0
20,175,190,112.71066
20,176,177,649.82874
20,176,191,222.01159
20,177,178,730.0
20,177,192,649.82874
20,178,179,547.7753
20,178,193,112.71066
20,179,194,113.5327
20,180,181,733.92098
20,180,195,2204.46001
20,181,182,733.92098
20,181,196,1032.92768
20,182,183,1210.88188
20,182,197,925.53918
20,183,184,925.53918
20,183,198,253.38645
20,184,185,2435.19662
20,184,199,255.00713
20,185,186,2214.31251
20,185,200,3681.42238
20,186,187,547.7753
20,186,201,255.00713
20,187,188,1659.56867
20,187,202,2214.31251
20,188,189,113.5327
20,188,203,1210.88188
20,189,190,1204.92694
20,189,204,730.0
20,190,191,222.01159
20,190,205,113.5327
20,191,192,1410.31463
20,191,206,1403.55192
20,192,193,1659.56867
20,192,207,253.38645
20,193,194,222.01159
20,193,208,653.38709
20,194,209,220.56844
20,195,196,653.38709
20,195,210,1204.92694
20,196,197,1210.88188
20,196,211,1210.88188
20,197,198,2424.53099
20,197,212,2435.19662
20,198,199,733.92098
20,198,213,220.56844
20,199,200,930.31838
20,199,214,374.32412
20,200,201,1204.92694
20,200,215,2435.19662
20,201,202,649.82874
20,201,216,460.79497
20,202,203,547.7753
20,202,217,372.08985
20,203,204,1410.31463
20,203,218,253.38645
20,204,205,1204.92694
20,204,219,372.08985
20,205,206,930.31838
20,205,220,1210.88188
20,206,207,3681.42238
20,206,221,458.13686
20,207,208,374.32412
20,207,222,1032.92768
20,208,209,255.00713
20,208,223,458.13686
20,209,224,3666.36818
20,210,211,253.38645
20,211,212,925.53918
20,212,213,2424.53099
20,213,214,255.00713
20,214,215,1659.56867
20,215,216,925.53918
20,216,217,550.86093
20,217,218,1038.16499
20,218,219,1210.88188
20,219,220,730.0
20,220,221,2435.19662
20,221,222,649.82874
20,222,223,1032.92768
20,223,224,1410.31463
21,0,1,912.10919
21,0,15,318.76364
21,1,2,392.99393
21,1,16,5648.72961
21,2,3,318.76364
21,2,17,912.10919
21,3,4,604.46471
21,3,18,1215.86306
21,4,5,2645.40163
21,4,19,1366.83847
21,5,6,1215.86306
21,5,20,983.42649
21,6,7,1843.44962
21,6,21,1612.27973
21,7,8,2882.79781
21,7,22,5648.72961
21,8,9,604.46471
21,8,23,5648.72961
21,9,10,1438.78584
21,9,24,1754.90951
21,10,11,2056.35678
21,10,25,730.0
21,11,12,1088.12388
21,11,26,1088.12388
21,12,13,1843.44962
21,12,27,730.0
21,13,14,1215.86306
21,13,28,821.85429
21,14,29,604.46471
21,15,16,1088.12388
21,15,30,5648.72961
21,16,17,448.06576
21,16,31,318.76364
21,17,18,912.10919
21,17,32,4941.75236
21,18,19,392.99393
21,18,33,1438.78584
21,19,20,2040.93822
21,19,34,3168.6184
21,20,21,1366.83847
21,20,35,1754.90951
21,21,22,2645.40163
21,21,36,1215.86306
21,22,23,983.42649
21,22,37,4941.75236
21,23,24,604.46471
21,23,38,318.76364
21,24,25,1366.83847
21,24,39,318.76364
21,25,26,912.10919
21,25,40,546.2379
21,26,27,4941.75236
21,26,41,546.2379
21,27,28,1754.90951
21,27,42,448.06576
21,28,29,821.85429
21,28,43,4941.75236
21,29,44,2882.79781
21,30,31,1031.18681
21,30,45,821.85429
21,31,32,821.85429
21,31,46,2040.93822
21,32,33,2056.35678
21,32,47,983.42649
21,33,34,3658.86035
21,33,48,3168.6184
21,34,35,1843.44962
21,34,49,1754.90951
21,35,36,4941.75236
21,35,50,1843.44962
21,36,37,2272.52004
21,36,51,1366.83847
21,37,38,2040.93822
21,37,52,2040.93822
21,38,39,1225.87671
21,38,53,2382.25708
21,39,40,546.2379
21,39,54,2056.35678
21,40,41,1438.78584
21,40,55,983.42649
21,41,42,392.99393
21,41,56,821.85429
21,42,43,1438.78584
21,42,57,1754.90951
21,43,44,392.99393
21,43,58,392.99393
21,44,59,821.85429
21,45,46,1088.12388
21,45,60,1568.58639
21,46,47,1843.44962
21,46,61,912.10919
21,47,48,392.99393
21,47,62,1031.18681
21,48,49,5648.72961
21,48,63,1031.18681
21,49,50,4941.75236
21,49,64,1843.44962
21,50,51,448.06576
21,50,65,1215.86306
21,51,52,1225.87671
21,51,66,1754.90951
21,52,53,5648.72961
21,52,67,1366.83847
21,53,54,1754.90951
21,53,68,1754.90951
21,54,55,546.2379
21,54,69,392.99393
21,55,56,1215.86306
21,55,70,1438.78584
21,56,57,2382.25708
21,56,71,3940.01506
21,57,58,983.42649
21,57,72,2882.79781
21,58,59,1031.18681
21,58,73,2272.52004
21,59,74,2272.52004
21,60,61,4526.62036
21,60,75,3940.01506
21,61,62,318.76364
21,61,76,821.85429
21,62,63,392.99393
21,62,77,4526.62036
21,63,64,2272.52004
21,63,78,448.06576
21,64,65,546.2379
21,64,79,2040.93822
21,65,66,730.0
21,65,80,546.2379
21,66,67,1568.58639
21,66,81,2645.40163
21,67,68,448.06576
21,67,82,3168.6184
21,68,69,448.06576
21,68,83,3658.86035
21,69,70,3940.01506
21,69,84,1843.44962
21,70,71,1568.58639
21,70,85,392.99393
21,71,72,1225.87671
21,71,86,4941.75236
21,72,73,2382.25708
21,72,87,2882.79781
21,73,74,821.85429
21,73,88,546.2379
21,74,89,2040.93822
21,75,76,392.99393
21,75,90,1088.12388
21,76,77,2056.35678
21,76,91,5648.72961
21,77,78,4526.62036
21,77,92,2882.79781
21,78,79,1215.86306
21,78,93,1568.58639
21,79,80,448.06576
21,79,94,546.2379
21,80,81,3658.86035
21,80,95,1568.58639
21,81,82,1215.86306
21,81,96,5648.72961
21,82,83,2481.86746
21,82,97,1612.27973
21,83,84,821.85429
21,83,98,2382.25708
21,84,85,2056.35678
21,84,99,3658.86035
21,85,86,1754.90951
21,85,100,2882.79781
21,86,87,318.76364
21,86,101,1438.78584
21,87,88,546.2379
21,87,102,1843.44962
21,88,89,1366.83847
21,88,103,448.06576
21,89,104,2382.25708
21,90,91,1366.83847
21,90,105,2382.25708
21,91,92,448.06576
21,91,106,1843.44962
21,92,93,912.10919
21,92,107,1225.87671
21,93,94,1754.90951
21,93,108,1225.87671
21,94,95,1031.18681
21,94,109,912.10919
21,95,96,1568.58639
21,95,110,2645.40163
21,96,97,1438.78584
21,96,111,2481.86746
21,97,98,912.10919
21,97,112,3658.86035
21,98,99,3658.86035
21,98,113,5648.72961
21,99,100,3658.86035
21,99,114,546.2379
21,100,101,5648.72961
21,100,115,318.76364
21,101,102,392.99393
21,101,116,3658.86035
21,102,103,1366.83847
21,102,117,4941.75236
21,103,104,604.46471
21,103,118,392.99393
21,104,119,2645.40163
21,105,106,392.99393
21,105,120,1754.90951
21,106,107,1031.18681
21,106,121,3658.86035
21,107,108,2481.86746
21,107,122,5648.72961
21,108,109,2272.52004
21,108,123,1225.87671
21,109,110,1366.83847
21,109,124,912.10919
21,110,111,2040.93822
21,110,125,1438.78584
21,111,112,2882.79781
21,111,126,1754.90951
21,112,113,2040.93822
21,112,127,730.0
21,113,114,2882.79781
21,113,128,1215.86306
21,114,115,1843.44962
21,114,129,4941.75236
21,115,116,1754.90951
21,115,130,2882.79781
21,116,117,983.42649
21,116,131,730.0
21,117,118,392.99393
21,117,132,2040.93822
21,118,119,3168.6184
21,118,133,1612.27973
21,119,134,318.76364
21,120,121,1225.87671
21,120,135,730.0
21,121,122,3658.86035
21,121,136,3168.6184
21,122,123,983.42649
21,122,137,2645.40163
21,123,124,912.10919
21,123,138,2882.79781
21,124,125,983.42649
21,124,139,730.0
21,125,126,392.99393
21,125,140,4526.62036
21,126,127,1612.27973
21,126,141,318.76364
21,127,128,3940.01506
21,127,142,392.99393
21,128,129,3940.01506
21,128,143,318.76364
21,129,130,4526.62036
21,129,144,1568.58639
21,130,131,1843.44962
21,130,145,2056.35678
21,131,132,318.76364
21,131,146,1438.78584
21,132,133,2040.93822
21,132,147,912.10919
21,133,134,604.46471
21,133,148,4526.62036
21,134,149,912.10919
21,135,136,2382.25708
21,135,150,1031.18681
21,136,137,1612.27973
21,136,151,730.0
21,137,138,3940.01506
21,137,152,1215.86306
21,138,139,392.99393
21,138,153,2382.25708
21,139,140,3658.86035
21,139,154,2040.93822
21,140,141,604.46471
21,140,155,1088.12388
21,141,142,2382.25708
21,141,156,2040.93822
21,142,143,2056.35678
21,142,157,4526.62036
21,143,144,2645.40163
21,143,158,730.0
21,144,145,2882.79781
21,144,159,730.0
21,145,146,1754.90951
21,145,160,2645.40163
21,146,147,2882.79781
21,146,161,3940.01506
21,147,148,1754.90951
21,147,162,1438.78584
21,148,149,318.76364
21,148,163,1215.86306
21,149,164,1754.90951
21,150,151,1225.87671
21,150,165,318.76364
21,151,152,4526.62036
21,151,166,318.76364
21,152,153,448.06576
21,152,167,2040.93822
21,153,154,1843.44962
21,153,168,1843.44962
21,154,155,1225.87671
21,154,169,2040.93822
21,155,156,1612.27973
21,155,170,2056.35678
21,156,157,1088.12388
21,156,171,604.46471
21,157,158,2481.86746
21,157,172,1612.27973
21,158,159,5648.72961
21,158,173,2382.25708
21,159,160,2882.79781
21,159,174,1031.18681
21,160,161,1438.78584
21,160,175,4526.62036
21,161,162,2645.40163
21,161,176,3658.86035
21,162,163,2481.86746
21,162,177,392.99393
21,163,164,2272.52004
21,163,178,2481.86746
21,164,179,4941.75236
21,165,166,3168.6184
21,165,180,2056.35678
21,166,167,1031.18681
21,166,181,3658.86035
21,167,168,1225.87671
21,167,182,3168.6184
21,168,169,5648.72961
21,168,183,1088.12388
21,169,170,2040.93822
21,169,184,546.2379
21,170,171,2382.25708
21,170,185,546.2379
21,171,172,1612.27973
21,171,186,1438.78584
21,172,173,604.46471
21,172,187,3658.86035
21,173,174,448.06576
21,173,188,4526.62036
21,174,175,2882.79781
21,174,189,4526.62036
21,175,176,730.0
21,175,190,546.2379
21,176,177,1225.87671
21,176,191,3658.86035
21,177,178,730.0
21,177,192,1225.87671
21,178,179,448.06576
21,178,193,546.2379
21,179,194,1438.78584
21,180,181,1843.44962
21,180,195,1031.18681
21,181,182,1843.44962
21,181,196,821.85429
21,182,183,4526.62036
21,182,197,1366.83847
21,183,184,1366.83847
21,183,198,983.42649
21,184,185,1568.58639
21,184,199,2382.25708
21,185,186,2481.86746
21,185,200,3940.01506
21,186,187,448.06576
21,186,201,2382.25708
21,187,188,2272.52004
21,187,202,2481.86746
21,188,189,1438.78584
21,188,203,4526.62036
21,189,190,2056.35678
21,189,204,730.0
21,190,191,3658.86035
21,190,205,1438.78584
21,191,192,912.10919
21,191,206,318.76364
21,192,193,2272.52004
21,192,207,983.42649
21,193,194,3658.86035
21,193,208,2882.79781
21,194,209,1612.27973
21,195,196,2882.79781
21,195,210,2056.35678
21,196,197,4526.62036
21,196,211,4526.62036
21,197,198,604.46471
21,197,212,1568.58639
21,198,199,1843.44962
21,198,213,1612.27973
21,199,200,3168.6184
21,199,214,1088.12388
21,200,201,2056.35678
21,200,215,1568.58639
21,201,202,1225.87671
21,201,216,5648.72961
21,202,203,448.06576
21,202,217,392.99393
21,203,204,912.10919
21,203,218,983.42649
21,204,205,2056.35678
21,204,219,392.99393
21,205,206,3168.6184
21,205,220,4526.62036
21,206,207,3940.01506
21,206,221,2645.40163
21,207,208,1088.12388
21,207,222,821.85429
21,208,209,2382.25708
21,208,223,2645.40163
21,209,224,1754.90951
21,210,211,983.42649
21,211,212,1366.83847
21,212,213,604.46471
21,213,214,2382.25708
21,214,215,2272.52004
21,215,216,1366.83847
21,216,217,1215.86306
21,217,218,2040.93822
21,218,219,4526.62036
21,219,220,730.0
21,220,221,1568.58639
21,221,222,1225.87671
21,222,223,821.85429
21,223,224,912.10919
22,0,1,632.2786
22,0,15,160.11696
22,1,2,684.91316
22,1,16,6694.52528
22,2,3,160.11696
22,2,17,632.2786
22,3,4,173.59151
22,3,18,961.88775
22,4,5,2738.32339
22,4,19,834.89649
22,5,6,961.88775
22,5,20,1100.00373
22,6,7,2181.61291
22,6,21,2601.81722
22,7,8,4730.39178
22,7,22,6694.52528
22,8,9,173.59151
22,8,23,6694.52528
22,9,10,2926.11318
22,9,24,580.36656
22,10,11,1928.34191
22,10,25,730.0
22,11,12,2068.76145
22,11,26,2068.76145
22,12,13,2181.61291
22,12,27,730.0
22,13,14,961.88775
22,13,28,290.49602
22,14,29,173.59151
22,15,16,2068.76145
22,15,30,6694.52528
22,16,17,269.70364
22,16,31,160.11696
22,17,18,632.2786
22,17,32,2569.98884
22,18,19,684.91316
22,18,33,2926.11318
22,19,20,1021.65574
22,19,34,2440.54408
22,20,21,834.89649
22,20,35,580.36656
22,21,22,2738.32339
22,21,36,961.88775
22,22,23,1100.00373
22,22,37,2569.98884
22,23,24,173.59151
22,23,38,160.11696
22,24,25,834.89649
22,24,39,160.11696
22,25,26,632.2786
22,25,40,1036.41676
22,26,27,2569.98884
22,26,41,1036.41676
22,27,28,580.36656
22,27,42,269.70364
22,28,29,290.49602
22,28,43,2569.98884
22,29,44,4730.39178
22,30,31,543.17392
22,30,45,290.49602
22,31,32,290.49602
22,31,46,1021.65574
22,32,33,1928.34191
22,32,47,1100.00373
22,33,34,6406.09952
22,33,48,2440.54408
22,34,35,2181.61291
22,34,49,580.36656
22,35,36,2569.98884
22,35,50,2181.61291
22,36,37,888.03764
22,36,51,834.89649
22,37,38,1021.65574
22,37,52,1021.65574
22,38,39,1826.57062
22,38,53,3076.60022
22,39,40,1036.41676
22,39,54,1928.34191
22,40,41,2926.11318
22,40,55,1100.00373
22,41,42,684.91316
22,41,56,290.49602
22,42,43,2926.11318
22,42,57,580.36656
22,43,44,684.91316
22,43,58,684.91316
22,44,59,290.49602
22,45,46,2068.76145
22,45,60,674.46991
22,46,47,2181.61291
22,46,61,632.2786
22,47,48,684.91316
22,47,62,543.17392
22,48,49,6694.52528
22,48,63,543.17392
22,49,50,2569.98884
22,49,64,2181.61291
22,50,51,269.70364
22,50,65,961.88775
22,51,52,1826.57062
22,51,66,580.36656
22,52,53,6694.52528
22,52,67,834.89649
22,53,54,580.36656
22,53,68,580.36656
22,54,55,1036.41676
22,54,69,684.91316
22,55,56,961.88775
22,55,70,2926.11318
22,56,57,3076.60022
22,56,71,1802.87944
22,57,58,1100.00373
22,57,72,4730.39178
22,58,59,543.17392
22,58,73,888.03764
22,59,74,888.03764
22,60,61,4954.61582
22,60,75,1802.87944
22,61,62,160.11696
22,61,76,290.49602
22,62,63,684.91316
22,62,77,4954.61582
22,63,64,888.03764
22,63,78,269.70364
22,64,65,1036.41676
22,64,79,1021.65574
22,65,66,730.0
22,65,80,1036.41676
22,66,67,674.46991
22,66,81,2738.32339
22,67,68,269.70364
22,67,82,2440.54408
22,68,69,269.70364
22,68,83,6406.09952
22,69,70,1802.87944
22,69,84,2181.61291
22,70,71,674.46991
22,70,85,684.91316
22,71,72,1826.57062
22,71,86,2569.98884
22,72,73,3076.60022
22,72,87,4730.39178
22,73,74,290.49602
22,73,88,1036.41676
22,74,89,1021.65574
22,75,76,684.91316
22,75,90,2068.76145
22,76,77,1928.34191
22,76,91,6694.52528
22,77,78,4954.61582
22,77,92,4730.39178
22,78,79,961.88775
22,78,93,674.46991
22,79,80,269.70364
22,79,94,1036.41676
22,80,81,6406.09952
22,80,95,674.46991
22,81,82,961.88775
22,81,96,6694.52528
22,82,83,1706.68403
22,82,97,2601.81722
22,83,84,290.49602
22,83,98,3076.60022
22,84,85,1928.34191
22,84,99,6406.09952
22,85,86,580.36656
22,85,100,4730.39178
22,86,87,160.11696
22,86,101,2926.11318
22,87,88,1036.41676
22,87,102,2181.61291
22,88,89,834.89649
22,88,103,269.70364
22,89,104,3076.60022
22,90,91,834.89649
22,90,105,3076.60022
22,91,92,269.70364
22,91,106,2181.61291
22,92,93,632.2786
22,92,107,1826.57062
22,93,94,580.36656
22,93,108,1826.57062
22,94,95,543.17392
22,94,109,632.2786
22,95,96,674.46991
22,95,110,2738.32339
22,96,97,2926.11318
22,96,111,1706.68403
22,97,98,632.2786
22,97,112,6406.09952
22,98,99,6406.09952
22,98,113,6694.52528
22,99,100,6406.09952
22,99,114,1036.41676
22,100,101,6694.52528
22,100,115,160.11696
22,101,102,684.91316
22,101,116,6406.09952
22,102,103,834.89649
22,102,117,2569.98884
22,103,104,173.59151
22,103,118,684.91316
22,104,119,2738.32339
22,105,106,684.91316
22,105,120,580.36656
22,106,107,543.17392
22,106,121,6406.09952
22,107,108,1706.68403
22,107,122,6694.52528
22,108,109,888.03764
22,108,123,1826.57062
22,109,110,834.89649
22,109,124,632.2786
22,110,111,1021.65574
22,110,125,2926.11318
22,111,112,4730.39178
22,111,126,580.36656
22,112,113,1021.65574
22,112,127,730.0
22,113,114,4730.39178
22,113,128,961.88775
22,114,115,2181.61291
22,114,129,2569.98884
22,115,116,580.36656
22,115,130,4730.39178
22,116,117,1100.00373
22,116,131,730.0
22,117,118,684.91316
22,117,132,1021.65574
22,118,119,2440.54408
22,118,133,2601.81722
22,119,134,160.11696
22,120,121,1826.57062
22,120,135,730.0
22,121,122,6406.09952
22,121,136,2440.54408
22,122,123,1100.00373
22,122,137,2738.32339
22,123,124,632.2786
22,123,138,4730.39178
22,124,125,1100.00373
22,124,139,730.0
22,125,126,684.91316
22,125,140,4954.61582
22,126,127,2601.81722
22,126,141,160.11696
22,127,128,1802.87944
22,127,142,684.91316
22,128,129,1802.87944
22,128,143,160.11696
22,129,130,4954.61582
22,129,144,674.46991
22,130,131,2181.61291
22,130,145,1928.34191
22,131,132,160.11696
22,131,146,2926.11318
22,132,133,1021.65574
22,132,147,632.2786
22,133,134,173.59151
22,133,148,4954.61582
22,134,149,632.2786
22,135,136,3076.60022
22,135,150,543.17392
22,136,137,2601.81722
22,136,151,730.0
22,137,138,1802.87944
22,137,152,961.88775
22,138,139,684.91316
22,138,153,3076.60022
22,139,140,6406.09952
22,139,154,1021.65574
22,140,141,173.59151
22,140,155,2068.76145
22,141,142,3076.60022
22,141,156,1021.65574
22,142,143,1928.34191
22,142,157,4954.61582
22,143,144,2738.32339
22,143,158,730.0
22,144,145,4730.39178
22,144,159,730.0
22,145,146,580.36656
22,145,160,2738.32339
22,146,147,4730.39178
22,146,161,1802.87944
22,147,148,580.36656
22,147,162,2926.11318
22,148,149,160.11696
22,148,163,961.88775
22,149,164,580.36656
22,150,151,1826.57062
22,150,165,160.11696
22,151,152,4954.61582
22,151,166,160.11696
22,152,153,269.70364
22,152,167,1021.65574
22,153,154,2181.61291
22,153,168,2181.61291
22,154,155,1826.57062
22,154,169,1021.65574
22,155,156,2601.81722
22,155,170,1928.34191
22,156,157,2068.76145
22,156,171,173.59151
22,157,158,1706.68403
22,157,172,2601.81722
22,158,159,6694.52528
22,158,173,3076.60022
22,159,160,4730.39178
22,159,174,543.17392
22,160,161,2926.11318
22,160,175,4954.61582
22,161,162,2738.32339
22,161,176,6406.09952
22,162,163,1706.68403
22,162,177,684.91316
22,163,164,888.03764
22,163,178,1706.68403
22,164,179,2569.98884
22,165,166,2440.54408
22,165,180,1928.34191
22,166,167,543.17392
22,166,181,6406.09952
22,167,168,1826.57062
22,167,182,2440.54408
22,168,169,6694.52528
22,168,183,2068.76145
22,169,170,1021.65574
22,169,184,1036.41676
22,170,171,3076.60022
22,170,185,1036.41676
22,171,172,2601.81722
22,171,186,2926.11318
22,172,173,173.59151
22,172,187,6406.09952
22,173,174,269.70364
22,173,188,4954.61582
22,174,175,4730.39178
22,174,189,4954.61582
22,175,176,730.0
22,175,190,1036.41676
22,176,177,1826.57062
22,176,191,6406.09952
22,177,178,730.0
22,177,192,1826.57062
22,178,179,269.70364
22,178,193,1036.41676
22,179,194,2926.11318
22,180,181,2181.61291
22,180,195,543.17392
22,181,182,2181.61291
22,181,196,290.49602
22,182,183,4954.61582
22,182,197,834.89649
22,183,184,834.89649
22,183,198,1100.00373
22,184,185,674.46991
22,184,199,3076.60022
22,185,186,1706.68403
22,185,200,1802.87944
22,186,187,269.70364
22,186,201,3076.60022
22,187,188,888.03764
22,187,202,1706.68403
22,188,189,2926.11318
22,188,203,4954.61582
22,189,190,1928.34191
22,189,204,730.0
22,190,191,6406.09952
22,190,205,2926.11318
22,191,192,632.2786
22,191,206,160.11696
22,192,193,888.03764
22,192,207,1100.00373
22,193,194,6406.09952
22,193,208,4730.39178
22,194,209,2601.81722
22,195,196,4730.39178
22,195,210,1928.34191
22,196,197,4954.61582
22,196,211,4954.61582
22,197,198,173.59151
22,197,212,674.46991
22,198,199,2181.61291
22,198,213,2601.81722
22,199,200,2440.54408
22,199,214,2068.76145
22,200,201,1928.34191
22,200,215,674.46991
22,201,202,1826.57062
22,201,216,6694.52528
22,202,203,269.70364
22,202,217,684.91316
22,203,204,632.2786
22,203,218,1100.00373
22,204,205,1928.34191
22,204,219,684.91316
22,205,206,2440.54408
22,205,220,4954.61582
22,206,207,1802.87944
22,206,221,2738.32339
22,207,208,2068.76145
22,207,222,290.49602
22,208,209,3076.60022
22,208,223,2738.32339
22,209,224,580.36656
22,210,211,1100.00373
22,211,212,834.89649
22,212,213,173.59151
22,213,214,3076.60022
22,214,215,888.03764
22,215,216,834.89649
22,216,217,961.88775
22,217,218,1021.65574
22,218,219,4954.61582
22,219,220,730.0
22,220,221,674.46991
22,221,222,1826.57062
22,222,223,290.49602
22,223,224,632.2786
23,0,1,1950.43661
23,0,15,1215.86306
23,1,2,290.79817
23,1,16,6908.31603
23,2,3,1215.86306
23,2,17,1950.43661
23,3,4,2542.17518
23,3,18,1604.71821
23,4,5,4724.20026
23,4,19,6895.58458
23,5,6,1604.71821
23,5,20,579.82834
23,6,7,1218.85997
23,6,21,2438.76051
23,7,8,4411.41443
23,7,22,6908.31603
23,8,9,2542.17518
23,8,23,6908.31603
23,9,10,412.43539
23,9,24,13899.00986
23,10,11,5563.0893
23,10,25,730.0
23,11,12,526.08104
23,11,26,526.08104
23,12,13,1218.85997
23,12,27,730.0
23,13,14,1604.71821
23,13,28,2109.50834
23,14,29,2542.17518
23,15,16,526.08104
23,15,30,6908.31603
23,16,17,984.26287
23,16,31,1215.86306
23,17,18,1950.43661
23,17,32,16747.05839
23,18,19,290.79817
23,18,33,412.43539
23,19,20,3251.57196
23,19,34,9859.03313
23,20,21,6895.58458
23,20,35,13899.00986
23,21,22,4724.20026
23,21,36,1604.71821
23,22,23,579.82834
23,22,37,16747.05839
23,23,24,2542.17518
23,23,38,1215.86306
23,24,25,6895.58458
23,24,39,1215.86306
23,25,26,1950.43661
23,25,40,222.25288
23,26,27,16747.05839
23,26,41,222.25288
23,27,28,13899.00986
23,27,42,984.26287
23,28,29,2109.50834
23,28,43,16747.05839
23,29,44,4411.41443
23,30,31,8040.45973
23,30,45,2109.50834
23,31,32,2109.50834
23,31,46,3251.57196
23,32,33,5563.0893
23,32,47,579.82834
23,33,34,3721.819
23,33,48,9859.03313
23,34,35,1218.85997
23,34,49,13899.00986
23,35,36,16747.05839
23,35,50,1218.85997
23,36,37,12082.4682
23,36,51,6895.58458
23,37,38,3251.57196
23,37,52,3251.57196
23,38,39,2926.11318
23,38,53,986.77557
23,39,40,222.25288
23,39,54,5563.0893
23,40,41,412.43539
23,40,55,579.82834
23,41,42,290.79817
23,41,56,2109.50834
23,42,43,412.43539
23,42,57,13899.00986
23,43,44,290.79817
23,43,58,290.79817
23,44,59,2109.50834
23,45,46,526.08104
23,45,60,3868.74809
23,46,47,1218.85997
23,46,61,1950.43661
23,47,48,290.79817
23,47,62,8040.45973
23,48,49,6908.31603
23,48,63,8040.45973
23,49,50,16747.05839
23,49,64,1218.85997
23,50,51,984.26287
23,50,65,1604.71821
23,51,52,2926.11318
23,51,66,13899.00986
23,52,53,6908.31603
23,52,67,6895.58458
23,53,54,13899.00986
23,53,68,13899.00986
23,54,55,222.25288
23,54,69,290.79817
23,55,56,1604.71821
23,55,70,412.43539
23,56,57,986.77557
23,56,71,19124.13528
23,57,58,579.82834
23,57,72,4411.41443
23,58,59,8040.45973
23,58,73,12082.4682
23,59,74,12082.4682
23,60,61,8054.92973
23,60,75,19124.13528
23,61,62,1215.86306
23,61,76,2109.50834
23,62,63,290.79817
23,62,77,8054.92973
23,63,64,12082.4682
23,63,78,984.26287
23,64,65,222.25288
23,64,79,3251.57196
23,65,66,730.0
23,65,80,222.25288
23,66,67,3868.74809
23,66,81,4724.20026
23,67,68,984.26287
23,67,82,9859.03313
23,68,69,984.26287
23,68,83,3721.819
23,69,70,19124.13528
23,69,84,1218.85997
23,70,71,3868.74809
23,70,85,290.79817
23,71,72,2926.11318
23,71,86,16747.05839
23,72,73,986.77557
23,72,87,4411.41443
23,73,74,2109.50834
23,73,88,222.25288
23,74,89,3251.57196
23,75,76,290.79817
23,75,90,526.08104
23,76,77,5563.0893
23,76,91,6908.31603
23,77,78,8054.92973
23,77,92,4411.41443
23,78,79,1604.71821
23,78,93,3868.74809
23,79,80,984.26287
23,79,94,222.25288
23,80,81,3721.819
23,80,95,3868.74809
23,81,82,1604.71821
23,81,96,6908.31603
23,82,83,11395.50593
23,82,97,2438.76051
23,83,84,2109.50834
23,83,98,986.77557
23,84,85,5563.0893
23,84,99,3721.819
23,85,86,13899.00986
23,85,100,4411.41443
23,86,87,1215.86306
23,86,101,412.43539
23,87,88,222.25288
23,87,102,1218.85997
23,88,89,6895.58458
23,88,103,984.26287
23,89,104,986.77557
23,90,91,6895.58458
23,90,105,986.77557
23,91,92,984.26287
23,91,106,1218.85997
23,92,93,1950.43661
23,92,107,2926.11318
23,93,94,13899.00986
23,93,108,2926.11318
23,94,95,8040.45973
23,94,109,1950.43661
23,95,96,3868.74809
23,95,110,4724.20026
23,96,97,412.43539
23,96,111,11395.50593
23,97,98,1950.43661
23,97,112,3721.819
23,98,99,3721.819
23,98,113,6908.31603
23,99,100,3721.819
23,99,114,222.25288
23,100,101,6908.31603
23,100,115,1215.86306
23,101,102,290.79817
23,101,116,3721.819
23,102,103,6895.58458
23,102,117,16747.05839
23,103,104,2542.17518
23,103,118,290.79817
23,104,119,4724.20026
23,105,106,290.79817
23,105,120,13899.00986
23,106,107,8040.45973
23,106,121,3721.819
23,107,108,11395.50593
23,107,122,6908.31603
23,108,109,12082.4682
23,108,123,2926.11318
23,109,110,6895.58458
23,109,124,1950.43661
23,110,111,3251.57196
23,110,125,412.43539
23,111,112,4411.41443
23,111,126,13899.00986
23,112,113,3251.57196
23,112,127,730.0
23,113,114,4411.41443
23,113,128,1604.71821
23,114,115,1218.85997
23,114,129,16747.05839
23,115,116,13899.00986
23,115,130,4411.41443
23,116,117,579.82834
23,116,131,730.0
23,117,118,290.79817
23,117,132,3251.57196
23,118,119,9859.03313
23,118,133,2438.76051
23,119,134,1215.86306
23,120,121,2926.11318
23,120,135,730.0
23,121,122,3721.819
23,121,136,9859.03313
23,122,123,579.82834
23,122,137,4724.20026
23,123,124,1950.43661
23,123,138,4411.41443
23,124,125,579.82834
23,124,139,730.0
23,125,126,290.79817
23,125,140,8054.92973
23,126,127,2438.76051
23,126,141,1215.86306
23,127,128,19124.13528
23,127,142,290.79817
23,128,129,19124.13528
23,128,143,1215.86306
23,129,130,8054.92973
23,129,144,3868.74809
23,130,131,1218.85997
23,130,145,5563.0893
23,131,132,1215.86306
23,131,146,412.43539
23,132,133,3251.57196
23,132,147,1950.43661
23,133,134,2542.17518
23,133,148,8054.92973
23,134,149,1950.43661
23,135,136,986.77557
23,135,150,8040.45973
23,136,137,2438.76051
23,136,151,730.0
23,137,138,19124.13528
23,137,152,1604.71821
23,138,139,290.79817
23,138,153,986.77557
23,139,140,3721.819
23,139,154,3251.57196
23,140,141,2542.17518
23,140,155,526.08104
23,141,142,986.77557
23,141,156,3251.57196
23,142,143,5563.0893
23,142,157,8054.92973
23,143,144,4724.20026
23,143,158,730.0
23,144,145,4411.41443
23,144,159,730.0
23,145,146,13899.00986
23,145,160,4724.20026
23,146,147,4411.41443
23,146,161,19124.13528
23,147,148,13899.00986
23,147,162,412.43539
23,148,149,1215.86306
23,148,163,1604.71821
23,149,164,13899.00986
23,150,151,2926.11318
23,150,165,1215.86306
23,151,152,8054.92973
23,151,166,1215.86306
23,152,153,984.26287
23,152,167,3251.57196
23,153,154,1218.85997
23,153,168,1218.85997
23,154,155,2926.11318
23,154,169,3251.57196
23,155,156,2438.76051
23,155,170,5563.0893
23,156,157,526.08104
23,156,171,2542.17518
23,157,158,11395.50593
23,157,172,2438.76051
23,158,159,6908.31603
23,158,173,986.77557
23,159,160,4411.41443
23,159,174,8040.45973
23,160,161,412.43539
23,160,175,8054.92973
23,161,162,4724.20026
23,161,176,3721.819
23,162,163,11395.50593
23,162,177,290.79817
23,163,164,12082.4682
23,163,178,11395.50593
23,164,179,16747.05839
23,165,166,9859.03313
23,165,180,5563.0893
23,166,167,8040.45973
23,166,181,3721.819
23,167,168,2926.11318
23,167,182,9859.03313
23,168,169,6908.31603
23,168,183,526.08104
23,169,170,3251.57196
23,169,184,222.25288
23,170,171,986.77557
23,170,185,222.25288
23,171,172,2438.76051
23,171,186,412.43539
23,172,173,2542.17518
23,172,187,3721.819
23,173,174,984.26287
23,173,188,8054.92973
23,174,175,4411.41443
23,174,189,8054.92973
23,175,176,730.0
23,175,190,222.25288
23,176,177,2926.11318
23,176,191,3721.819
23,177,178,730.0
23,177,192,2926.11318
23,178,179,984.26287
23,178,193,222.25288
23,179,194,412.43539
23,180,181,1218.85997
23,180,195,8040.45973
23,181,182,1218.85997
23,181,196,2109.50834
23,182,183,8054.92973
23,182,197,6895.58458
23,183,184,6895.58458
23,183,198,579.82834
23,184,185,3868.74809
23,184,199,986.77557
23,185,186,11395.50593
23,185,200,19124.13528
23,186,187,984.26287
23,186,201,986.77557
23,187,188,12082.4682
23,187,202,11395.50593
23,188,189,412.43539
23,188,203,8054.92973
23,189,190,5563.0893
23,189,204,730.0
23,190,191,3721.819
23,190,205,412.43539
23,191,192,1950.43661
23,191,206,1215.86306
23,192,193,12082.4682
23,192,207,579.82834
23,193,194,3721.819
23,193,208,4411.41443
23,194,209,2438.76051
23,195,196,4411.41443
23,195,210,5563.0893
23,196,197,8054.92973
23,196,211,8054.92973
23,197,198,2542.17518
23,197,212,3868.74809
23,198,199,1218.85997
23,198,213,2438.76051
23,199,200,9859.03313
23,199,214,526.08104
23,200,201,5563.0893
23,200,215,3868.74809
23,201,202,2926.11318
23,201,216,6908.31603
23,202,203,984.26287
23,202,217,290.79817
23,203,204,1950.43661
23,203,218,579.82834
23,204,205,5563.0893
23,204,219,290.79817
23,205,206,9859.03313
23,205,220,8054.92973
23,206,207,19124.13528
23,206,221,4724.20026
23,207,208,526.08104
23,207,222,2109.50834
23,208,209,986.77557
23,208,223,4724.20026
23,209,224,13899.00986
23,210,211,579.82834
23,211,212,6895.58458
23,212,213,2542.17518
23,213,214,986.77557
23,214,215,12082.4682
23,215,216,6895.58458
23,216,217,1604.71821
23,217,218,3251.57196
23,218,219,8054.92973
23,219,220,730.0
23,220,221,3868.74809
23,221,222,2926.11318
23,222,223,2109.50834
23,223,224,1950.43661
24,0,1,999.41949
24,0,15,514.77478
24,1,2,2152.52846
24,1,16,2417.44224
24,2,3,514.77478
24,2,17,999.41949
24,3,4,126.33095
24,3,18,1202.94739
24,4,5,1369.04049
24,4,19,1000.2672
24,5,6,1202.94739
24,5,20,887.27005
24,6,7,1367.93911
24,6,21,3656.36059
24,7,8,5160.92657
24,7,22,2417.44224
24,8,9,126.33095
24,8,23,2417.44224
24,9,10,4244.60911
24,9,24,227.8635
24,10,11,1141.96512
24,10,25,730.0
24,11,12,3653.86225
24,11,26,3653.86225
24,12,13,1367.93911
24,12,27,730.0
24,13,14,1202.94739
24,13,28,163.63377
24,14,29,126.33095
24,15,16,3653.86225
24,15,30,2417.44224
24,16,17,632.85717
24,16,31,514.77478
24,17,18,999.41949
24,17,32,596.15736
24,18,19,2152.52846
24,18,33,4244.60911
24,19,20,361.44729
24,19,34,1818.17957
24,20,21,1000.2672
24,20,35,227.8635
24,21,22,1369.04049
24,21,36,1202.94739
24,22,23,887.27005
24,22,37,596.15736
24,23,24,126.33095
24,23,38,514.77478
24,24,25,1000.2672
24,24,39,514.77478
24,25,26,999.41949
24,25,40,2534.80073
24,26,27,596.15736
24,26,41,2534.80073
24,27,28,227.8635
24,27,42,632.85717
24,28,29,163.63377
24,28,43,596.15736
24,29,44,5160.92657
24,30,31,826.18266
24,30,45,163.63377
24,31,32,163.63377
24,31,46,361.44729
24,32,33,1141.96512
24,32,47,887.27005
24,33,34,5945.92307
24,33,48,1818.17957
24,34,35,1367.93911
24,34,49,227.8635
24,35,36,596.15736
24,35,50,1367.93911
24,36,37,288.3883
24,36,51,1000.2672
24,37,38,361.44729
24,37,52,361.44729
24,38,39,3135.49502
24,38,53,1631.31362
24,39,40,2534.80073
24,39,54,1141.96512
24,40,41,4244.60911
24,40,55,887.27005
24,41,42,2152.52846
24,41,56,163.63377
24,42,43,4244.60911
24,42,57,227.8635
24,43,44,2152.52846
24,43,58,2152.52846
24,44,59,163.63377
24,45,46,3653.86225
24,45,60,288.08825
24,46,47,1367.93911
24,46,61,999.41949
24,47,48,2152.52846
24,47,62,826.18266
24,48,49,2417.44224
24,48,63,826.18266
24,49,50,596.15736
24,49,64,1367.93911
24,50,51,632.85717
24,50,65,1202.94739
24,51,52,3135.49502
24,51,66,227.8635
24,52,53,2417.44224
24,52,67,1000.2672
24,53,54,227.8635
24,53,68,227.8635
24,54,55,2534.80073
24,54,69,2152.52846
24,55,56,1202.94739
24,55,70,4244.60911
24,56,57,1631.31362
24,56,71,483.91345
24,57,58,887.27005
24,57,72,5160.92657
24,58,59,826.18266
24,58,73,288.3883
24,59,74,288.3883
24,60,61,2050.17774
24,60,75,483.91345
24,61,62,514.77478
24,61,76,163.63377
24,62,63,2152.52846
24,62,77,2050.17774
24,63,64,288.3883
24,63,78,632.85717
24,64,65,2534.80073
24,64,79,361.44729
24,65,66,730.0
24,65,80,2534.80073
24,66,67,288.08825
24,66,81,1369.04049
24,67,68,632.85717
24,67,82,1818.17957
24,68,69,632.85717
24,68,83,5945.92307
24,69,70,483.91345
24,69,84,1367.93911
24,70,71,288.08825
24,70,85,2152.52846
24,71,72,3135.49502
24,71,86,596.15736
24,72,73,1631.31362
24,72,87,5160.92657
24,73,74,163.63377
24,73,88,2534.80073
24,74,89,361.44729
24,75,76,2152.52846
24,75,90,3653.86225
24,76,77,1141.96512
24,76,91,2417.44224
24,77,78,2050.17774
24,77,92,5160.92657
24,78,79,1202.94739
24,78,93,288.08825
24,79,80,632.85717
24,79,94,2534.80073
24,80,81,5945.92307
24,80,95,288.08825
24,81,82,1202.94739
24,81,96,2417.44224
24,82,83,1529.50663
24,82,97,3656.36059
24,83,84,163.63377
24,83,98,1631.31362
24,84,85,1141.96512
24,84,99,5945.92307
24,85,86,227.8635
24,85,100,5160.92657
24,86,87,514.77478
24,86,101,4244.60911
24,87,88,2534.80073
24,87,102,1367.93911
24,88,89,1000.2672
24,88,103,632.85717
24,89,104,1631.31362
24,90,91,1000.2672
24,90,105,1631.31362
24,91,92,632.85717
24,91,106,1367.93911
24,92,93,999.41949
24,92,107,3135.49502
24,93,94,227.8635
24,93,108,3135.49502
24,94,95,826.18266
24,94,109,999.41949
24,95,96,288.08825
24,95,110,1369.04049
24,96,97,4244.60911
24,96,111,1529.50663
24,97,98,999.41949
24,97,112,5945.92307
24,98,99,5945.92307
24,98,113,2417.44224
24,99,100,5945.92307
24,99,114,2534.80073
24,100,101,2417.44224
24,100,115,514.77478
24,101,102,2152.52846
24,101,116,5945.92307
24,102,103,1000.2672
24,102,117,596.15736
24,103,104,126.33095
24,103,118,2152.52846
24,104,119,1369.04049
24,105,106,2152.52846
24,105,120,227.8635
24,106,107,826.18266
24,106,121,5945.92307
24,107,108,1529.50663
24,107,122,2417.44224
24,108,109,288.3883
24,108,123,3135.49502
24,109,110,1000.2672
24,109,124,999.41949
24,110,111,361.44729
24,110,125,4244.60911
24,111,112,5160.92657
24,111,126,227.8635
24,112,113,361.44729
24,112,127,730.0
24,113,114,5160.92657
24,113,128,1202.94739
24,114,115,1367.93911
24,114,129,596.15736
24,115,116,227.8635
24,115,130,5160.92657
24,116,117,887.27005
24,116,131,730.0
24,117,118,2152.52846
24,117,132,361.44729
24,118,119,1818.17957
24,118,133,3656.36059
24,119,134,514.77478
24,120,121,3135.49502
24,120,135,730.0
24,121,122,5945.92307
24,121,136,1818.17957
24,122,123,887.27005
24,122,137,1369.04049
24,123,124,999.41949
24,123,138,5160.92657
24,124,125,887.27005
24,124,139,730.0
24,125,126,2152.52846
24,125,140,2050.17774
24,126,127,3656.36059
24,126,141,514.77478
24,127,128,483.91345
24,127,142,2152.52846
24,128,129,483.91345
24,128,143,514.77478
24,129,130,2050.17774
24,129,144,288.08825
24,130,131,1367.93911
24,130,145,1141.96512
24,131,132,514.77478
24,131,146,4244.60911
24,132,133,361.44729
24,132,147,999.41949
24,133,134,126.33095
24,133,148,2050.17774
24,134,149,999.41949
24,135,136,1631.31362
24,135,150,826.18266
24,136,137,3656.36059
24,136,151,730.0
24,137,138,483.91345
24,137,152,1202.94739
24,138,139,2152.52846
24,138,153,1631.31362
24,139,140,5945.92307
24,139,154,361.44729
24,140,141,126.33095
24,140,155,3653.86225
24,141,142,1631.31362
24,141,156,361.44729
24,142,143,1141.96512
24,142,157,2050.17774
24,143,144,1369.04049
24,143,158,730.0
24,144,145,5160.92657
24,144,159,730.0
24,145,146,227.8635
24,145,160,1369.04049
24,146,147,5160.92657
24,146,161,483.91345
24,147,148,227.8635
24,147,162,4244.60911
24,148,149,514.77478
24,148,163,1202.94739
24,149,164,227.8635
24,150,151,3135.49502
24,150,165,514.77478
24,151,152,2050.17774
24,151,166,514.77478
24,152,153,632.85717
24,152,167,361.44729
24,153,154,1367.93911
24,153,168,1367.93911
24,154,155,3135.49502
24,154,169,361.44729
24,155,156,3656.36059
24,155,170,1141.96512
24,156,157,3653.86225
24,156,171,126.33095
24,157,158,1529.50663
24,157,172,3656.36059
24,158,159,2417.44224
24,158,173,1631.31362
24,159,160,5160.92657
24,159,174,826.18266
24,160,161,4244.60911
24,160,175,2050.17774
24,161,162,1369.04049
24,161,176,5945.92307
24,162,163,1529.50663
24,162,177,2152.52846
24,163,164,288.3883
24,163,178,1529.50663
24,164,179,596.15736
24,165,166,1818.17957
24,165,180,1141.96512
24,166,167,826.18266
24,166,181,5945.92307
24,167,168,3135.49502
24,167,182,1818.17957
24,168,169,2417.44224
24,168,183,3653.86225
24,169,170,361.44729
24,169,184,2534.80073
24,170,171,1631.31362
24,170,185,2534.80073
24,171,172,3656.36059
24,171,186,4244.60911
24,172,173,126.33095
24,172,187,5945.92307
24,173,174,632.85717
24,173,188,2050.17774
24,174,175,5160.92657
24,174,189,2050.17774
24,175,176,730.0
24,175,190,2534.80073
24,176,177,3135.49502
24,176,191,5945.92307
24,177,178,730.0
24,177,192,3135.49502
24,178,179,632.85717
24,178,193,2534.80073
24,179,194,4244.60911
24,180,181,1367.93911
24,180,195,826.18266
24,181,182,1367.93911
24,181,196,163.63377
24,182,183,2050.17774
24,182,197,1000.2672
24,183,184,1000.2672
24,183,198,887.27005
24,184,185,288.08825
24,184,199,1631.31362
24,185,186,1529.50663
24,185,200,483.91345
24,186,187,632.85717
24,186,201,1631.31362
24,187,188,288.3883
24,187,202,1529.50663
24,188,189,4244.60911
24,188,203,2050.17774
24,189,190,1141.96512
24,189,204,730.0
24,190,191,5945.92307
24,190,205,4244.60911
24,191,192,999.41949
24,191,206,514.77478
24,192,193,288.3883
24,192,207,887.27005
24,193,194,5945.92307
24,193,208,5160.92657
24,194,209,3656.36059
24,195,196,5160.92657
24,195,210,1141.96512
24,196,197,2050.17774
24,196,211,2050.17774
24,197,198,126.33095
24,197,212,288.08825
24,198,199,1367.93911
24,198,213,3656.36059
24,199,200,1818.17957
24,199,214,3653.86225
24,200,201,1141.96512
24,200,215,288.08825
24,201,202,3135.49502
24,201,216,2417.44224
24,202,203,632.85717
24,202,217,2152.52846
24,203,204,999.41949
24,203,218,887.27005
24,204,205,1141.96512
24,204,219,2152.52846
24,205,206,1818.17957
24,205,220,2050.17774
24,206,207,483.91345
24,206,221,1369.04049
24,207,208,3653.86225
24,207,222,163.63377
24,208,209,1631.31362
24,208,223,1369.04049
24,209,224,227.8635
24,210,211,887.27005
24,211,212,1000.2672
24,212,213,126.33095
24,213,214,1631.31362
24,214,215,288.3883
24,215,216,1000.2672
24,216,217,1202.94739
24,217,218,361.44729
24,218,219,2050.17774
24,219,220,730.0
24,220,221,288.08825
24,221,222,3135.49502
24,222,223,163.63377
24,223,224,999.41949
25,0,1,6719.38719
25,0,15,3413.46728
25,1,2,773.42247
25,1,16,1654.40126
25,2,3,3413.46728
25,2,17,6719.38719
25,3,4,3262.91946
25,3,18,7611.71485
25,4,5,694.23952
25,4,19,3283.42815
25,5,6,7611.71485
25,5,20,873.54783
25,6,7,1727.97929
25,6,21,735.88806
25,7,8,1482.9791
25,7,22,1654.40126
25,8,9,3262.91946
25,8,23,1654.40126
25,9,10,2120.59225
25,9,24,2714.84176
25,10,11,576.07246
25,10,25,730.0
25,11,12,1816.78419
25,11,26,1816.78419
25,12,13,1727.97929
25,12,27,730.0
25,13,14,7611.71485
25,13,28,3754.91271
25,14,29,3262.91946
25,15,16,1816.78419
25,15,30,1654.40126
25,16,17,3924.08415
25,16,31,3413.46728
25,17,18,6719.38719
25,17,32,6232.61203
25,18,19,773.42247
25,18,33,2120.59225
25,19,20,7317.28044
25,19,34,6490.30822
25,20,21,3283.42815
25,20,35,2714.84176
25,21,22,694.23952
25,21,36,7611.71485
25,22,23,873.54783
25,22,37,6232.61203
25,23,24,3262.91946
25,23,38,3413.46728
25,24,25,3283.42815
25,24,39,3413.46728
25,25,26,6719.38719
25,25,40,923.95067
25,26,27,6232.61203
25,26,41,923.95067
25,27,28,2714.84176
25,27,42,3924.08415
25,28,29,3754.91271
25,28,43,6232.61203
25,29,44,1482.9791
25,30,31,2844.06958
25,30,45,3754.91271
25,31,32,3754.91271
25,31,46,7317.28044
25,32,33,576.07246
25,32,47,873.54783
25,33,34,1740.05492
25,33,48,6490.30822
25,34,35,1727.97929
25,34,49,2714.84176
25,35,36,6232.61203
25,35,50,1727.97929
25,36,37,3137.69423
25,36,51,3283.42815
25,37,38,7317.28044
25,37,52,7317.28044
25,38,39,611.74236
25,38,53,2019.51425
25,39,40,923.95067
25,39,54,576.07246
25,40,41,2120.59225
25,40,55,873.54783
25,41,42,773.42247
25,41,56,3754.91271
25,42,43,2120.59225
25,42,57,2714.84176
25,43,44,773.42247
25,43,58,773.42247
25,44,59,3754.91271
25,45,46,1816.78419
25,45,60,6454.10652
25,46,47,1727.97929
25,46,61,6719.38719
25,47,48,773.42247
25,47,62,2844.06958
25,48,49,1654.40126
25,48,63,2844.06958
25,49,50,6232.61203
25,49,64,1727.97929
25,50,51,3924.08415
25,50,65,7611.71485
25,51,52,611.74236
25,51,66,2714.84176
25,52,53,1654.40126
25,52,67,3283.42815
25,53,54,2714.84176
25,53,68,2714.84176
25,54,55,923.95067
25,54,69,773.42247
25,55,56,7611.71485
25,55,70,2120.59225
25,56,57,2019.51425
25,56,71,5478.53393
25,57,58,873.54783
25,57,72,1482.9791
25,58,59,2844.06958
25,58,73,3137.69423
25,59,74,3137.69423
25,60,61,1408.05738
25,60,75,5478.53393
25,61,62,3413.46728
25,61,76,3754.91271
25,62,63,773.42247
25,62,77,1408.05738
25,63,64,3137.69423
25,63,78,3924.08415
25,64,65,923.95067
25,64,79,7317.28044
25,65,66,730.0
25,65,80,923.95067
25,66,67,6454.10652
25,66,81,694.23952
25,67,68,3924.08415
25,67,82,6490.30822
25,68,69,3924.08415
25,68,83,1740.05492
25,69,70,5478.53393
25,69,84,1727.97929
25,70,71,6454.10652
25,70,85,773.42247
25,71,72,611.74236
25,71,86,6232.61203
25,72,73,2019.51425
25,72,87,1482.9791
25,73,74,3754.91271
25,73,88,923.95067
25,74,89,7317.28044
25,75,76,773.42247
25,75,90,1816.78419
25,76,77,576.07246
25,76,91,1654.40126
25,77,78,1408.05738
25,77,92,1482.9791
25,78,79,7611.71485
25,78,93,6454.10652
25,79,80,3924.08415
25,79,94,923.95067
25,80,81,1740.05492
25,80,95,6454.10652
25,81,82,7611.71485
25,81,96,1654.40126
25,82,83,5710.05397
25,82,97,735.88806
25,83,84,3754.91271
25,83,98,2019.51425
25,84,85,576.07246
25,84,99,1740.05492
25,85,86,2714.84176
25,85,100,1482.9791
25,86,87,3413.46728
25,86,101,2120.59225
25,87,88,923.95067
25,87,102,1727.97929
25,88,89,3283.42815
25,88,103,3924.08415
25,89,104,2019.51425
25,90,91,3283.42815
25,90,105,2019.51425
25,91,92,3924.08415
25,91,106,1727.97929
25,92,93,6719.38719
25,92,107,611.74236
25,93,94,2714.84176
25,93,108,611.74236
25,94,95,2844.06958
25,94,109,6719.38719
25,95,96,6454.10652
25,95,110,694.23952
25,96,97,2120.59225
25,96,111,5710.05397
25,97,98,6719.38719
25,97,112,1740.05492
25,98,99,1740.05492
25,98,113,1654.40126
25,99,100,1740.05492
25,99,114,923.95067
25,100,101,1654.40126
25,100,115,3413.46728
25,101,102,773.42247
25,101,116,1740.05492
25,102,103,3283.42815
25,102,117,6232.61203
25,103,104,3262.91946
25,103,118,773.42247
25,104,119,694.23952
25,105,106,773.42247
25,105,120,2714.84176
25,106,107,2844.06958
25,106,121,1740.05492
25,107,108,5710.05397
25,107,122,1654.40126
25,108,109,3137.69423
25,108,123,611.74236
25,109,110,3283.42815
25,109,124,6719.38719
25,110,111,7317.28044
25,110,125,2120.59225
25,111,112,1482.9791
25,111,126,2714.84176
25,112,113,7317.28044
25,112,127,730.0
25,113,114,1482.9791
25,113,128,7611.71485
25,114,115,1727.97929
25,114,129,6232.61203
25,115,116,2714.84176
25,115,130,1482.9791
25,116,117,873.54783
25,116,131,730.0
25,117,118,773.42247
25,117,132,7317.28044
25,118,119,6490.30822
25,118,133,735.88806
25,119,134,3413.46728
25,120,121,611.74236
25,120,135,730.0
25,121,122,1740.05492
25,121,136,6490.30822
25,122,123,873.54783
25,122,137,694.23952
25,123,124,6719.38719
25,123,138,1482.9791
25,124,125,873.54783
25,124,139,730.0
25,125,126,773.42247
25,125,140,1408.05738
25,126,127,735.88806
25,126,141,3413.46728
25,127,128,5478.53393
25,127,142,773.42247
25,128,129,5478.53393
25,128,143,3413.46728
25,129,130,1408.05738
25,129,144,6454.10652
25,130,131,1727.97929
25,130,145,576.07246
25,131,132,3413.46728
25,131,146,2120.59225
25,132,133,7317.28044
25,132,147,6719.38719
25,133,134,3262.91946
25,133,148,1408.05738
25,134,149,6719.38719
25,135,136,2019.51425
25,135,150,2844.06958
25,136,137,735.88806
25,136,151,730.0
25,137,138,5478.53393
25,137,152,7611.71485
25,138,139,773.42247
25,138,153,2019.51425
25,139,140,1740.05492
25,139,154,7317.28044
25,140,141,3262.91946
25,140,155,1816.78419
25,141,142,2019.51425
25,141,156,7317.28044
25,142,143,576.07246
25,142,157,1408.05738
25,143,144,694.23952
25,143,158,730.0
25,144,145,1482.9791
25,144,159,730.0
25,145,146,2714.84176
25,145,160,694.23952
25,146,147,1482.9791
25,146,161,5478.53393
25,147,148,2714.84176
25,147,162,2120.59225
25,148,149,3413.46728
25,148,163,7611.71485
25,149,164,2714.84176
25,150,151,611.74236
25,150,165,3413.46728
25,151,152,1408.05738
25,151,166,3413.46728
25,152,153,3924.08415
25,152,167,7317.28044
25,153,154,1727.97929
25,153,168,1727.97929
25,154,155,611.74236
25,154,169,7317.28044
25,155,156,735.88806
25,155,170,576.07246
25,156,157,1816.78419
25,156,171,3262.91946
25,157,158,5710.05397
25,157,172,735.88806
25,158,159,1654.40126
25,158,173,2019.51425
25,159,160,1482.9791
25,159,174,2844.06958
25,160,161,2120.59225
25,160,175,1408.05738
25,161,162,694.23952
25,161,176,1740.05492
25,162,163,5710.05397
25,162,177,773.42247
25,163,164,3137.69423
25,163,178,5710.05397
25,164,179,6232.61203
25,165,166,6490.30822
25,165,180,576.07246
25,166,167,2844.06958
25,166,181,1740.05492
25,167,168,611.74236
25,167,182,6490.30822
25,168,169,1654.40126
25,168,183,1816.78419
25,169,170,7317.28044
25,169,184,923.95067
25,170,171,2019.51425
25,170,185,923.95067
25,171,172,735.88806
25,171,186,2120.59225
25,172,173,3262.91946
25,172,187,1740.05492
25,173,174,3924.08415
25,173,188,1408.05738
25,174,175,1482.9791
25,174,189,1408.05738
25,175,176,730.0
25,175,190,923.95067
25,176,177,611.74236
25,176,191,1740.05492
25,177,178,730.0
25,177,192,611.74236
25,178,179,3924.08415
25,178,193,923.95067
25,179,194,2120.59225
25,180,181,1727.97929
25,180,195,2844.06958
25,181,182,1727.97929
25,181,196,3754.91271
25,182,183,1408.05738
25,182,197,3283.42815
25,183,184,3283.42815
25,183,198,873.54783
25,184,185,6454.10652
25,184,199,2019.51425
25,185,186,5710.05397
25,185,200,5478.53393
25,186,187,3924.08415
25,186,201,2019.51425
25,187,188,3137.69423
25,187,202,5710.05397
25,188,189,2120.59225
25,188,203,1408.05738
25,189,190,576.07246
25,189,204,730.0
25,190,191,1740.05492
25,190,205,2120.59225
25,191,192,6719.38719
25,191,206,3413.46728
25,192,193,3137.69423
25,192,207,873.54783
25,193,194,1740.05492
25,193,208,1482.9791
25,194,209,735.88806
25,195,196,1482.9791
25,195,210,576.07246
25,196,197,1408.05738
25,196,211,1408.05738
25,197,198,3262.91946
25,197,212,6454.10652
25,198,199,1727.97929
25,198,213,735.88806
25,199,200,6490.30822
25,199,214,1816.78419
25,200,201,576.07246
25,200,215,6454.10652
25,201,202,611.74236
25,201,216,1654.40126
25,202,203,3924.08415
25,202,217,773.42247
25,203,204,6719.38719
25,203,218,873.54783
25,204,205,576.07246
25,204,219,773.42247
25,205,206,6490.30822
25,205,220,1408.05738
25,206,207,5478.53393
25,206,221,694.23952
25,207,208,1816.78419
25,207,222,3754.91271
25,208,209,2019.51425
25,208,223,694.23952
25,209,224,2714.84176
25,210,211,873.54783
25,211,212,3283.42815
25,212,213,3262.91946
25,213,214,2019.51425
25,214,215,3137.69423
25,215,216,3283.42815
25,216,217,7611.71485
25,217,218,7317.28044
25,218,219,1408.05738
25,219,220,730.0
25,220,221,6454.10652
25,221,222,611.74236
25,222,223,3754.91271
25,223,224,6719.38719
26,0,1,26.57751
26,0,15,66.83044
26,1,2,56.42607
26,1,16,2389.25974
26,2,3,66.83044
26,2,17,26.57751
26,3,4,816.82845
26,3,18,7.85896
26,4,5,3793.40219
26,4,19,671.42378
26,5,6,7.85896
26,5,20,356.75974
26,6,7,394.55172
26,6,21,597.81116
26,7,8,655.76835
26,7,22,2389.25974
26,8,9,816.82845
26,8,23,2389.25974
26,9,10,6.32862
26,9,24,6719.38719
26,10,11,6209.26104
26,10,25,730.0
26,11,12,21.90157
26,11,26,21.90157
26,12,13,394.55172
26,12,27,730.0
26,13,14,7.85896
26,13,28,404.80367
26,14,29,816.82845
26,15,16,21.90157
26,15,30,2389.25974
26,16,17,22.7957
26,16,31,66.83044
26,17,18,26.57751
26,17,32,2620.69282
26,18,19,56.42607
26,18,33,6.32862
26,19,20,204.75395
26,19,34,359.63833
26,20,21,671.42378
26,20,35,6719.38719
26,21,22,3793.40219
26,21,36,7.85896
26,22,23,356.75974
26,22,37,2620.69282
26,23,24,816.82845
26,23,38,66.83044
26,24,25,671.42378
26,24,39,66.83044
26,25,26,26.57751
26,25,40,18.71252
26,26,27,2620.69282
26,26,41,18.71252
26,27,28,6719.38719
26,27,42,22.7957
26,28,29,404.80367
26,28,43,2620.69282
26,29,44,655.76835
26,30,31,1284.2774
26,30,45,404.80367
26,31,32,404.80367
26,31,46,204.75395
26,32,33,6209.26104
26,32,47,356.75974
26,33,34,316.16135
26,33,48,359.63833
26,34,35,394.55172
26,34,49,6719.38719
26,35,36,2620.69282
26,35,50,394.55172
26,36,37,4132.66175
26,36,51,671.42378
26,37,38,204.75395
26,37,52,204.75395
26,38,39,1157.20274
26,38,53,177.75436
26,39,40,18.71252
26,39,54,6209.26104
26,40,41,6.32862
26,40,55,356.75974
26,41,42,56.42607
26,41,56,404.80367
26,42,43,6.32862
26,42,57,6719.38719
26,43,44,56.42607
26,43,58,56.42607
26,44,59,404.80367
26,45,46,21.90157
26,45,60,446.76588
26,46,47,394.55172
26,46,61,26.57751
26,47,48,56.42607
26,47,62,1284.2774
26,48,49,2389.25974
26,48,63,1284.2774
26,49,50,2620.69282
26,49,64,394.55172
26,50,51,22.7957
26,50,65,7.85896
26,51,52,1157.20274
26,51,66,6719.38719
26,52,53,2389.25974
26,52,67,671.42378
26,53,54,6719.38719
26,53,68,6719.38719
26,54,55,18.71252
26,54,69,56.42607
26,55,56,7.85896
26,55,70,6.32862
26,56,57,177.75436
26,56,71,4420.18875
26,57,58,356.75974
26,57,72,655.76835
26,58,59,1284.2774
26,58,73,4132.66175
26,59,74,4132.66175
26,60,61,4061.22427
26,60,75,4420.18875
26,61,62,66.83044
26,61,76,404.80367
26,62,63,56.42607
26,62,77,4061.22427
26,63,64,4132.66175
26,63,78,22.7957
26,64,65,18.71252
26,64,79,204.75395
26,65,66,730.0
26,65,80,18.71252
26,66,67,446.76588
26,66,81,3793.40219
26,67,68,22.7957
26,67,82,359.63833
26,68,69,22.7957
26,68,83,316.16135
26,69,70,4420.18875
26,69,84,394.55172
26,70,71,446.76588
26,70,85,56.42607
26,71,72,1157.20274
26,71,86,2620.69282
26,72,73,177.75436
26,72,87,655.76835
26,73,74,404.80367
26,73,88,18.71252
26,74,89,204.75395
26,75,76,56.42607
26,75,90,21.90157
26,76,77,6209.26104
26,76,91,2389.25974
26,77,78,4061.22427
26,77,92,655.76835
26,78,79,7.85896
26,78,93,446.76588
26,79,80,22.7957
26,79,94,18.71252
26,80,81,316.16135
26,80,95,446.76588
26,81,82,7.85896
26,81,96,2389.25974
26,82,83,735.23188
26,82,97,597.81116
26,83,84,404.80367
26,83,98,177.75436
26,84,85,6209.26104
26,84,99,316.16135
26,85,86,6719.38719
26,85,100,655.76835
26,86,87,66.83044
26,86,101,6.32862
26,87,88,18.71252
26,87,102,394.55172
26,88,89,671.42378
26,88,103,22.7957
26,89,104,177.75436
26,90,91,671.42378
26,90,105,177.75436
26,91,92,22.7957
26,91,106,394.55172
26,92,93,26.57751
26,92,107,1157.20274
26,93,94,6719.38719
26,93,108,1157.20274
26,94,95,1284.2774
26,94,109,26.57751
26,95,96,446.76588
26,95,110,3793.40219
26,96,97,6.32862
26,96,111,735.23188
26,97,98,26.57751
26,97,112,316.16135
26,98,99,316.16135
26,98,113,2389.25974
26,99,100,316.16135
26,99,114,18.71252
26,100,101,2389.25974
26,100,115,66.83044
26,101,102,56.42607
26,101,116,316.16135
26,102,103,671.42378
26,102,117,2620.69282
26,103,104,816.82845
26,103,118,56.42607
26,104,119,3793.40219
26,105,106,56.42607
26,105,120,6719.38719
26,106,107,1284.2774
26,106,121,316.16135
26,107,108,735.23188
26,107,122,2389.25974
26,108,109,4132.66175
26,108,123,1157.20274
26,109,110,671.42378
26,109,124,26.57751
26,110,111,204.75395
26,110,125,6.32862
26,111,112,655.76835
26,111,126,6719.38719
26,112,113,204.75395
26,112,127,730.0
26,113,114,655.76835
26,113,128,7.85896
26,114,115,394.55172
26,114,129,2620.69282
26,115,116,6719.38719
26,115,130,655.76835
26,116,117,356.75974
26,116,131,730.0
26,117,118,56.42607
26,117,132,204.75395
26,118,119,359.63833
26,118,133,597.81116
26,119,134,66.83044
26,120,121,1157.20274
26,120,135,730.0
26,121,122,316.16135
26,121,136,359.63833
26,122,123,356.75974
26,122,137,3793.40219
26,123,124,26.57751
26,123,138,655.76835
26,124,125,356.75974
26,124,139,730.0
26,125,126,56.42607
26,125,140,4061.22427
26,126,127,597.81116
26,126,141,66.83044
26,127,128,4420.18875
26,127,142,56.42607
26,128,129,4420.18875
26,128,143,66.83044
26,129,130,4061.22427
26,129,144,446.76588
26,130,131,394.55172
26,130,145,6209.26104
26,131,132,66.83044
26,131,146,6.32862
26,132,133,204.75395
26,132,147,26.57751
26,133,134,816.82845
26,133,148,4061.22427
26,134,149,26.57751
26,135,136,177.75436
26,135,150,1284.2774
26,136,137,597.81116
26,136,151,730.0
26,137,138,4420.18875
26,137,152,7.85896
26,138,139,56.42607
26,138,153,177.75436
26,139,140,316.16135
26,139,154,204.75395
26,140,141,816.82845
26,140,155,21.90157
26,141,142,177.75436
26,141,156,204.75395
26,142,143,6209.26104
26,142,157,4061.22427
26,143,144,3793.40219
26,143,158,730.0
26,144,145,655.76835
26,144,159,730.0
26,145,146,6719.38719
26,145,160,3793.40219
26,146,147,655.76835
26,146,161,4420.18875
26,147,148,6719.38719
26,147,162,6.32862
26,148,149,66.83044
26,148,163,7.85896
26,149,164,6719.38719
26,150,151,1157.20274
26,150,165,66.83044
26,151,152,4061.22427
26,151,166,66.83044
26,152,153,22.7957
26,152,167,204.75395
26,153,154,394.55172
26,153,168,394.55172
26,154,155,1157.20274
26,154,169,204.75395
26,155,156,597.81116
26,155,170,6209.26104
26,156,157,21.90157
26,156,171,816.82845
26,157,158,735.23188
26,157,172,597.81116
26,158,159,2389.25974
26,158,173,177.75436
26,159,160,655.76835
26,159,174,1284.2774
26,160,161,6.32862
26,160,175,4061.22427
26,161,162,3793.40219
26,161,176,316.16135
26,162,163,735.23188
26,162,177,56.42607
26,163,164,4132.66175
26,163,178,735.23188
26,164,179,2620.69282
26,165,166,359.63833
26,165,180,6209.26104
26,166,167,1284.2774
26,166,181,316.16135
26,167,168,1157.20274
26,167,182,359.63833
26,168,169,2389.25974
26,168,183,21.90157
26,169,170,204.75395
26,169,184,18.71252
26,170,171,177.75436
26,170,185,18.71252
26,171,172,597.81116
26,171,186,6.32862
26,172,173,816.82845
26,172,187,316.16135
26,173,174,22.7957
26,173,188,4061.22427
26,174,175,655.76835
26,174,189,4061.22427
26,175,176,730.0
26,175,190,18.71252
26,176,177,1157.20274
26,176,191,316.16135
26,177,178,730.0
26,177,192,1157.20274
26,178,179,22.7957
26,178,193,18.71252
26,179,194,6.32862
26,180,181,394.55172
26,180,195,1284.2774
26,181,182,394.55172
26,181,196,404.80367
26,182,183,4061.22427
26,182,197,671.42378
26,183,184,671.42378
26,183,198,356.75974
26,184,185,446.76588
26,184,199,177.75436
26,185,186,735.23188
26,185,200,4420.18875
26,186,187,22.7957
26,186,201,177.75436
26,187,188,4132.66175
26,187,202,735.23188
26,188,189,6.32862
26,188,203,4061.22427
26,189,190,6209.26104
26,189,204,730.0
26,190,191,316.16135
26,190,205,6.32862
26,191,192,26.57751
26,191,206,66.83044
26,192,193,4132.66175
26,192,207,356.75974
26,193,194,316.16135
26,193,208,655.76835
26,194,209,597.81116
26,195,196,655.76835
26,195,210,6209.26104
26,196,197,4061.22427
26,196,211,4061.22427
26,197,198,816.82845
26,197,212,446.76588
26,198,199,394.55172
26,198,213,597.81116
26,199,200,359.63833
26,199,214,21.90157
26,200,201,6209.26104
26,200,215,446.76588
26,201,202,1157.20274
26,201,216,2389.25974
26,202,203,22.7957
26,202,217,56.42607
26,203,204,26.57751
26,203,218,356.75974
26,204,205,6209.26104
26,204,219,56.42607
26,205,206,359.63833
26,205,220,4061.22427
26,206,207,4420.18875
26,206,221,3793.40219
26,207,208,21.90157
26,207,222,404.80367
26,208,209,177.75436
26,208,223,3793.40219
26,209,224,6719.38719
26,210,211,356.75974
26,211,212,671.42378
26,212,213,816.82845
26,213,214,177.75436
26,214,215,4132.66175
26,215,216,671.42378
26,216,217,7.85896
26,217,218,204.75395
26,218,219,4061.22427
26,219,220,730.0
26,220,221,446.76588
26,221,222,1157.20274
26,222,223,404.80367
26,223,224,26.57751
27,0,1,1172.60956
27,0,15,1425.06043
27,1,2,310.37106
27,1,16,1206.9092
27,2,3,1425.06043
27,2,17,1172.60956
27,3,4,2797.76927
27,3,18,1480.62526
27,4,5,1465.40111
27,4,19,2668.38184
27,5,6,1480.62526
27,5,20,939.13372
27,6,7,586.85779
27,6,21,688.01025
27,7,8,418.95498
27,7,22,1206.9092
27,8,9,2797.76927
27,8,23,1206.9092
27,9,10,326.01244
27,9,24,4063.9527
27,10,11,1160.07858
27,10,25,730.0
27,11,12,241.2451
27,11,26,241.2451
27,12,13,586.85779
27,12,27,730.0
27,13,14,1480.62526
27,13,28,3425.28369
27,14,29,2797.76927
27,15,16,241.2451
27,15,30,1206.9092
27,16,17,1786.31098
27,16,31,1425.06043
27,17,18,1172.60956
27,17,32,4196.72661
27,18,19,310.37106
27,18,33,326.01244
27,19,20,2895.11872
27,19,34,2239.10447
27,20,21,2668.38184
27,20,35,4063.9527
27,21,22,1465.40111
27,21,36,1480.62526
27,22,23,939.13372
27,22,37,4196.72661
27,23,24,2797.76927
27,23,38,1425.06043
27,24,25,2668.38184
27,24,39,1425.06043
27,25,26,1172.60956
27,25,40,414.4636
27,26,27,4196.72661
27,26,41,414.4636
27,27,28,4063.9527
27,27,42,1786.31098
27,28,29,3425.28369
27,28,43,4196.72661
27,29,44,418.95498
27,30,31,2160.57485
27,30,45,3425.28369
27,31,32,3425.28369
27,31,46,2895.11872
27,32,33,1160.07858
27,32,47,939.13372
27,33,34,551.89269
27,33,48,2239.10447
27,34,35,586.85779
27,34,49,4063.9527
27,35,36,4196.72661
27,35,50,586.85779
27,36,37,4916.10894
27,36,51,2668.38184
27,37,38,2895.11872
27,37,52,2895.11872
27,38,39,527.57093
27,38,53,761.86304
27,39,40,414.4636
27,39,54,1160.07858
27,40,41,326.01244
27,40,55,939.13372
27,41,42,310.37106
27,41,56,3425.28369
27,42,43,326.01244
27,42,57,4063.9527
27,43,44,310.37106
27,43,58,310.37106
27,44,59,3425.28369
27,45,46,241.2451
27,45,60,2350.95648
27,46,47,586.85779
27,46,61,1172.60956
27,47,48,310.37106
27,47,62,2160.57485
27,48,49,1206.9092
27,48,63,2160.57485
27,49,50,4196.72661
27,49,64,586.85779
27,50,51,1786.31098
27,50,65,1480.62526
27,51,52,527.57093
27,51,66,4063.9527
27,52,53,1206.9092
27,52,67,2668.38184
27,53,54,4063.9527
27,53,68,4063.9527
27,54,55,414.4636
27,54,69,310.37106
27,55,56,1480.62526
27,55,70,326.01244
27,56,57,761.86304
27,56,71,3451.39987
27,57,58,939.13372
27,57,72,418.95498
27,58,59,2160.57485
27,58,73,4916.10894
27,59,74,4916.10894
27,60,61,948.01864
27,60,75,3451.39987
27,61,62,1425.06043
27,61,76,3425.28369
27,62,63,310.37106
27,62,77,948.01864
27,63,64,4916.10894
27,63,78,1786.31098
27,64,65,414.4636
27,64,79,2895.11872
27,65,66,730.0
27,65,80,414.4636
27,66,67,2350.95648
27,66,81,1465.40111
27,67,68,1786.31098
27,67,82,2239.10447
27,68,69,1786.31098
27,68,83,551.89269
27,69,70,3451.39987
27,69,84,586.85779
27,70,71,2350.95648
27,70,85,310.37106
27,71,72,527.57093
27,71,86,4196.72661
27,72,73,761.86304
27,72,87,418.95498
27,73,74,3425.28369
27,73,88,414.4636
27,74,89,2895.11872
27,75,76,310.37106
27,75,90,241.2451
27,76,77,1160.07858
27,76,91,1206.9092
27,77,78,948.01864
27,77,92,418.95498
27,78,79,1480.62526
27,78,93,2350.95648
27,79,80,1786.31098
27,79,94,414.4636
27,80,81,551.89269
27,80,95,2350.95648
27,81,82,1480.62526
27,81,96,1206.9092
27,82,83,1801.49386
27,82,97,688.01025
27,83,84,3425.28369
27,83,98,761.86304
27,84,85,1160.07858
27,84,99,551.89269
27,85,86,4063.9527
27,85,100,418.95498
27,86,87,1425.06043
27,86,101,326.01244
27,87,88,414.4636
27,87,102,586.85779
27,88,89,2668.38184
27,88,103,1786.31098
27,89,104,761.86304
27,90,91,2668.38184
27,90,105,761.86304
27,91,92,1786.31098
27,91,106,586.85779
27,92,93,1172.60956
27,92,107,527.57093
27,93,94,4063.9527
27,93,108,527.57093
27,94,95,2160.57485
27,94,109,1172.60956
27,95,96,2350.95648
27,95,110,1465.40111
27,96,97,326.01244
27,96,111,1801.49386
27,97,98,1172.60956
27,97,112,551.89269
27,98,99,551.89269
27,98,113,1206.9092
27,99,100,551.89269
27,99,114,414.4636
27,100,101,1206.9092
27,100,115,1425.06043
27,101,102,310.37106
27,101,116,551.89269
27,102,103,2668.38184
27,102,117,4196.72661
27,103,104,2797.76927
27,103,118,310.37106
27,104,119,1465.40111
27,105,106,310.37106
27,105,120,4063.9527
27,106,107,2160.57485
27,106,121,551.89269
27,107,108,1801.49386
27,107,122,1206.9092
27,108,109,4916.10894
27,108,123,527.57093
27,109,110,2668.38184
27,109,124,1172.60956
27,110,111,2895.11872
27,110,125,326.01244
27,111,112,418.95498
27,111,126,4063.9527
27,112,113,2895.11872
27,112,127,730.0
27,113,114,418.95498
27,113,128,1480.62526
27,114,115,586.85779
27,114,129,4196.72661
27,115,116,4063.9527
27,115,130,418.95498
27,116,117,939.13372
27,116,131,730.0
27,117,118,310.37106
27,117,132,2895.11872
27,118,119,2239.10447
27,118,133,688.01025
27,119,134,1425.06043
27,120,121,527.57093
27,120,135,730.0
27,121,122,551.89269
27,121,136,2239.10447
27,122,123,939.13372
27,122,137,1465.40111
27,123,124,1172.60956
27,123,138,418.95498
27,124,125,939.13372
27,124,139,730.0
27,125,126,310.37106
27,125,140,948.01864
27,126,127,688.01025
27,126,141,1425.06043
27,127,128,3451.39987
27,127,142,310.37106
27,128,129,3451.39987
27,128,143,1425.06043
27,129,130,948.01864
27,129,144,2350.95648
27,130,131,586.85779
27,130,145,1160.07858
27,131,132,1425.06043
27,131,146,326.01244
27,132,133,2895.11872
27,132,147,1172.60956
27,133,134,2797.76927
27,133,148,948.01864
27,134,149,1172.60956
27,135,136,761.86304
27,135,150,2160.57485
27,136,137,688.01025
27,136,151,730.0
27,137,138,3451.39987
27,137,152,1480.62526
27,138,139,310.37106
27,138,153,761.86304
27,139,140,551.89269
27,139,154,2895.11872
27,140,141,2797.76927
27,140,155,241.2451
27,141,142,761.86304
27,141,156,2895.11872
27,142,143,1160.07858
27,142,157,948.01864
27,143,144,1465.40111
27,143,158,730.0
27,144,145,418.95498
27,144,159,730.0
27,145,146,4063.9527
27,145,160,1465.40111
27,146,147,418.95498
27,146,161,3451.39987
27,147,148,4063.9527
27,147,162,326.01244
27,148,149,1425.06043
27,148,163,1480.62526
27,149,164,4063.9527
27,150,151,527.57093
27,150,165,1425.06043
27,151,152,948.01864
27,151,166,1425.06043
27,152,153,1786.31098
27,152,167,2895.11872
27,153,154,586.85779
27,153,168,586.85779
27,154,155,527.57093
27,154,169,2895.11872
27,155,156,688.01025
27,155,170,1160.07858
27,156,157,241.2451
27,156,171,2797.76927
27,157,158,1801.49386
27,157,172,688.01025
27,158,159,1206.9092
27,158,173,761.86304
27,159,160,418.95498
27,159,174,2160.57485
27,160,161,326.01244
27,160,175,948.01864
27,161,162,1465.40111
27,161,176,551.89269
27,162,163,1801.49386
27,162,177,310.37106
27,163,164,4916.10894
27,163,178,1801.49386
27,164,179,4196.72661
27,165,166,2239.10447
27,165,180,1160.07858
27,166,167,2160.57485
27,166,181,551.89269
27,167,168,527.57093
27,167,182,2239.10447
27,168,169,1206.9092
27,168,183,241.2451
27,169,170,2895.11872
27,169,184,414.4636
27,170,171,761.86304
27,170,185,414.4636
27,171,172,688.01025
27,171,186,326.01244
27,172,173,2797.76927
27,172,187,551.89269
27,173,174,1786.31098
27,173,188,948.01864
27,174,175,418.95498
27,174,189,948.01864
27,175,176,730.0
27,175,190,414.4636
27,176,177,527.57093
27,176,191,551.89269
27,177,178,730.0
27,177,192,527.57093
27,178,179,1786.31098
27,178,193,414.4636
27,179,194,326.01244
27,180,181,586.85779
27,180,195,2160.57485
27,181,182,586.85779
27,181,196,3425.28369
27,182,183,948.01864
27,182,197,2668.38184
27,183,184,2668.38184
27,183,198,939.13372
27,184,185,2350.95648
27,184,199,761.86304
27,185,186,1801.49386
27,185,200,3451.39987
27,186,187,1786.31098
27,186,201,761.86304
27,187,188,4916.10894
27,187,202,1801.49386
27,188,189,326.01244
27,188,203,948.01864
27,189,190,1160.07858
27,189,204,730.0
27,190,191,551.89269
27,190,205,326.01244
27,191,192,1172.60956
27,191,206,1425.06043
27,192,193,4916.10894
27,192,207,939.13372
27,193,194,551.89269
27,193,208,418.95498
27,194,209,688.01025
27,195,196,418.95498
27,195,210,1160.07858
27,196,197,948.01864
27,196,211,948.01864
27,197,198,2797.76927
27,197,212,2350.95648
27,198,199,586.85779
27,198,213,688.01025
27,199,200,2239.10447
27,199,214,241.2451
27,200,201,1160.07858
27,200,215,2350.95648
27,201,202,527.57093
27,201,216,1206.9092
27,202,203,1786.31098
27,202,217,310.37106
27,203,204,1172.60956
27,203,218,939.13372
27,204,205,1160.07858
27,204,219,310.37106
27,205,206,2239.10447
27,205,220,948.01864
27,206,207,3451.39987
27,206,221,1465.40111
27,207,208,241.2451
27,207,222,3425.28369
27,208,209,761.86304
27,208,223,1465.40111
27,209,224,4063.9527
27,210,211,939.13372
27,211,212,2668.38184
27,212,213,2797.76927
27,213,214,761.86304
27,214,215,4916.10894
27,215,216,2668.38184
27,216,217,1480.62526
27,217,218,2895.11872
27,218,219,948.01864
27,219,220,730.0
27,220,221,2350.95648
27,221,222,527.57093
27,222,223,3425.28369
27,223,224,1172.60956
28,0,1,132.46569
28,0,15,218.65646
28,1,2,493.24002
28,1,16,84.64705
28,2,3,218.65646
28,2,17,132.46569
28,3,4,341.61507
28,3,18,100.09938
28,4,5,144.81213
28,4,19,28.89987
28,5,6,100.09938
28,5,20,591.21886
28,6,7,485.30297
28,6,21,86.48827
28,7,8,65.95625
28,7,22,84.64705
28,8,9,341.61507
28,8,23,84.64705
28,9,10,250.17093
28,9,24,72.09642
28,10,11,188.6342
28,10,25,730.0
28,11,12,318.76364
28,11,26,318.76364
28,12,13,485.30297
28,12,27,730.0
28,13,14,100.09938
28,13,28,268.85327
28,14,29,341.61507
28,15,16,318.76364
28,15,30,84.64705
28,16,17,168.93432
28,16,31,218.65646
28,17,18,132.46569
28,17,32,28.17702
28,18,19,493.24002
28,18,33,250.17093
28,19,20,165.69925
28,19,34,14.54156
28,20,21,28.89987
28,20,35,72.09642
28,21,22,144.81213
28,21,36,100.09938
28,22,23,591.21886
28,22,37,28.17702
28,23,24,341.61507
28,23,38,218.65646
28,24,25,28.89987
28,24,39,218.65646
28,25,26,132.46569
28,25,40,393.77218
28,26,27,28.17702
28,26,41,393.77218
28,27,28,72.09642
28,27,42,168.93432
28,28,29,268.85327
28,28,43,28.17702
28,29,44,65.95625
28,30,31,40.48154
28,30,45,268.85327
28,31,32,268.85327
28,31,46,165.69925
28,32,33,188.6342
28,32,47,591.21886
28,33,34,48.22387
28,33,48,14.54156
28,34,35,485.30297
28,34,49,72.09642
28,35,36,28.17702
28,35,50,485.30297
28,36,37,52.94123
28,36,51,28.89987
28,37,38,165.69925
28,37,52,165.69925
28,38,39,115.1919
28,38,53,387.19788
28,39,40,393.77218
28,39,54,188.6342
28,40,41,250.17093
28,40,55,591.21886
28,41,42,493.24002
28,41,56,268.85327
28,42,43,250.17093
28,42,57,72.09642
28,43,44,493.24002
28,43,58,493.24002
28,44,59,268.85327
28,45,46,318.76364
28,45,60,214.63954
28,46,47,485.30297
28,46,61,132.46569
28,47,48,493.24002
28,47,62,40.48154
28,48,49,84.64705
28,48,63,40.48154
28,49,50,28.17702
28,49,64,485.30297
28,50,51,168.93432
28,50,65,100.09938
28,51,52,115.1919
28,51,66,72.09642
28,52,53,84.64705
28,52,67,28.89987
28,53,54,72.09642
28,53,68,72.09642
28,54,55,393.77218
28,54,69,493.24002
28,55,56,100.09938
28,55,70,250.17093
28,56,57,387.19788
28,56,71,39.51555
28,57,58,591.21886
28,57,72,65.95625
28,58,59,40.48154
28,58,73,52.94123
28,59,74,52.94123
28,60,61,112.84732
28,60,75,39.51555
28,61,62,218.65646
28,61,76,268.85327
28,62,63,493.24002
28,62,77,112.84732
28,63,64,52.94123
28,63,78,168.93432
28,64,65,393.77218
28,64,79,165.69925
28,65,66,730.0
28,65,80,393.77218
28,66,67,214.63954
28,66,81,144.81213
28,67,68,168.93432
28,67,82,14.54156
28,68,69,168.93432
28,68,83,48.22387
28,69,70,39.51555
28,69,84,485.30297
28,70,71,214.63954
28,70,85,493.24002
28,71,72,115.1919
28,71,86,28.17702
28,72,73,387.19788
28,72,87,65.95625
28,73,74,268.85327
28,73,88,393.77218
28,74,89,165.69925
28,75,76,493.24002
28,75,90,318.76364
28,76,77,188.6342
28,76,91,84.64705
28,77,78,112.84732
28,77,92,65.95625
28,78,79,100.09938
28,78,93,214.63954
28,79,80,168.93432
28,79,94,393.77218
28,80,81,48.22387
28,80,95,214.63954
28,81,82,100.09938
28,81,96,84.64705
28,82,83,21.00562
28,82,97,86.48827
28,83,84,268.85327
28,83,98,387.19788
28,84,85,188.6342
28,84,99,48.22387
28,85,86,72.09642
28,85,100,65.95625
28,86,87,218.65646
28,86,101,250.17093
28,87,88,393.77218
28,87,102,485.30297
28,88,89,28.89987
28,88,103,168.93432
28,89,104,387.19788
28,90,91,28.89987
28,90,105,387.19788
28,91,92,168.93432
28,91,106,485.30297
28,92,93,132.46569
28,92,107,115.1919
28,93,94,72.09642
28,93,108,115.1919
28,94,95,40.48154
28,94,109,132.46569
28,95,96,214.63954
28,95,110,144.81213
28,96,97,250.17093
28,96,111,21.00562
28,97,98,132.46569
28,97,112,48.22387
28,98,99,48.22387
28,98,113,84.64705
28,99,100,48.22387
28,99,114,393.77218
28,100,101,84.64705
28,100,115,218.65646
28,101,102,493.24002
28,101,116,48.22387
28,102,103,28.89987
28,102,117,28.17702
28,103,104,341.61507
28,103,118,493.24002
28,104,119,144.81213
28,105,106,493.24002
28,105,120,72.09642
28,106,107,40.48154
28,106,121,48.22387
28,107,108,21.00562
28,107,122,84.64705
28,108,109,52.94123
28,108,123,115.1919
28,109,110,28.89987
28,109,124,132.46569
28,110,111,165.69925
28,110,125,250.17093
28,111,112,65.95625
28,111,126,72.09642
28,112,113,165.69925
28,112,127,730.0
28,113,114,65.95625
28,113,128,100.09938
28,114,115,485.30297
28,114,129,28.17702
28,115,116,72.09642
28,115,130,65.95625
28,116,117,591.21886
28,116,131,730.0
28,117,118,493.24002
28,117,132,165.69925
28,118,119,14.54156
28,118,133,86.48827
28,119,134,218.65646
28,120,121,115.1919
28,120,135,730.0
28,121,122,48.22387
28,121,136,14.54156
28,122,123,591.21886
28,122,137,144.81213
28,123,124,132.46569
28,123,138,65.95625
28,124,125,591.21886
28,124,139,730.0
28,125,126,493.24002
28,125,140,112.84732
28,126,127,86.48827
28,126,141,218.65646
28,127,128,39.51555
28,127,142,493.24002
28,128,129,39.51555
28,128,143,218.65646
28,129,130,112.84732
28,129,144,214.63954
28,130,131,485.30297
28,130,145,188.6342
28,131,132,218.65646
28,131,146,250.17093
28,132,133,165.69925
28,132,147,132.46569
28,133,134,341.61507
28,133,148,112.84732
28,134,149,132.46569
28,135,136,387.19788
28,135,150,40.48154
28,136,137,86.48827
28,136,151,730.0
28,137,138,39.51555
28,137,152,100.09938
28,138,139,493.24002
28,138,153,387.19788
28,139,140,48.22387
28,139,154,165.69925
28,140,141,341.61507
28,140,155,318.76364
28,141,142,387.19788
28,141,156,165.69925
28,142,143,188.6342
28,142,157,112.84732
28,143,144,144.81213
28,143,158,730.0
28,144,145,65.95625
28,144,159,730.0
28,145,146,72.09642
28,145,160,144.81213
28,146,147,65.95625
28,146,161,39.51555
28,147,148,72.09642
28,147,162,250.17093
28,148,149,218.65646
28,148,163,100.09938
28,149,164,72.09642
28,150,151,115.1919
28,150,165,218.65646
28,151,152,112.84732
28,151,166,218.65646
28,152,153,168.93432
28,152,167,165.69925
28,153,154,485.30297
28,153,168,485.30297
28,154,155,115.1919
28,154,169,165.69925
28,155,156,86.48827
28,155,170,188.6342
28,156,157,318.76364
28,156,171,341.61507
28,157,158,21.00562
28,157,172,86.48827
28,158,159,84.64705
28,158,173,387.19788
28,159,160,65.95625
28,159,174,40.48154
28,160,161,250.17093
28,160,175,112.84732
28,161,162,144.81213
28,161,176,48.22387
28,162,163,21.00562
28,162,177,493.24002
28,163,164,52.94123
28,163,178,21.00562
28,164,179,28.17702
28,165,166,14.54156
28,165,180,188.6342
28,166,167,40.48154
28,166,181,48.22387
28,167,168,115.1919
28,167,182,14.54156
28,168,169,84.64705
28,168,183,318.76364
28,169,170,165.69925
28,169,184,393.77218
28,170,171,387.19788
28,170,185,393.77218
28,171,172,86.48827
28,171,186,250.17093
28,172,173,341.61507
28,172,187,48.22387
28,173,174,168.93432
28,173,188,112.84732
28,174,175,65.95625
28,174,189,112.84732
28,175,176,730.0
28,175,190,393.77218
28,176,177,115.1919
28,176,191,48.22387
28,177,178,730.0
28,177,192,115.1919
28,178,179,168.93432
28,178,193,393.77218
28,179,194,250.17093
28,180,181,485.30297
28,180,195,40.48154
28,181,182,485.30297
28,181,196,268.85327
28,182,183,112.84732
28,182,197,28.89987
28,183,184,28.89987
28,183,198,591.21886
28,184,185,214.63954
28,184,199,387.19788
28,185,186,21.00562
28,185,200,39.51555
28,186,187,168.93432
28,186,201,387.19788
28,187,188,52.94123
28,187,202,21.00562
28,188,189,250.17093
28,188,203,112.84732
28,189,190,188.6342
28,189,204,730.0
28,190,191,48.22387
28,190,205,250.17093
28,191,192,132.46569
28,191,206,218.65646
28,192,193,52.94123
28,192,207,591.21886
28,193,194,48.22387
28,193,208,65.95625
28,194,209,86.48827
28,195,196,65.95625
28,195,210,188.6342
28,196,197,112.84732
28,196,211,112.84732
28,197,198,341.61507
28,197,212,214.63954
28,198,199,485.30297
28,198,213,86.48827
28,199,200,14.54156
28,199,214,318.76364
28,200,201,188.6342
28,200,215,214.63954
28,201,202,115.1919
28,201,216,84.64705
28,202,203,168.93432
28,202,217,493.24002
28,203,204,132.46569
28,203,218,591.21886
28,204,205,188.6342
28,204,219,493.24002
28,205,206,14.54156
28,205,220,112.84732
28,206,207,39.51555
28,206,221,144.81213
28,207,208,318.76364
28,207,222,268.85327
28,208,209,387.19788
28,208,223,144.81213
28,209,224,72.09642
28,210,211,591.21886
28,211,212,28.89987
28,212,213,341.61507
28,213,214,387.19788
28,214,215,52.94123
28,215,216,28.89987
28,216,217,100.09938
28,217,218,165.69925
28,218,219,112.84732
28,219,220,730.0
28,220,221,214.63954
28,221,222,115.1919
28,222,223,268.85327
28,223,224,132.46569
29,0,1,5475.03417
29,0,15,3093.95357
29,1,2,3235.74074
29,1,16,1926.87638
29,2,3,3093.95357
29,2,17,5475.03417
29,3,4,689.25236
29,3,18,6032.64728
29,4,5,970.95176
29,4,19,3876.61318
29,5,6,6032.64728
29,5,20,835.62609
29,6,7,1494.79517
29,6,21,4047.60501
29,7,8,6362.35491
29,7,22,1926.87638
29,8,9,689.25236
29,8,23,1926.87638
29,9,10,6279.53365
29,9,24,804.7295
29,10,11,851.07102
29,10,25,730.0
29,11,12,5702.81067
29,11,26,5702.81067
29,12,13,1494.79517
29,12,27,730.0
29,13,14,6032.64728
29,13,28,789.99052
29,14,29,689.25236
29,15,16,5702.81067
29,15,30,1926.87638
29,16,17,3441.88394
29,16,31,3093.95357
29,17,18,5475.03417
29,17,32,1834.99394
29,18,19,3235.74074
29,18,33,6279.53365
29,19,20,1603.46084
29,19,34,6723.53831
29,20,21,3876.61318
29,20,35,804.7295
29,21,22,970.95176
29,21,36,6032.64728
29,22,23,835.62609
29,22,37,1834.99394
29,23,24,689.25236
29,23,38,3093.95357
29,24,25,3876.61318
29,24,39,3093.95357
29,25,26,5475.03417
29,25,40,3596.79197
29,26,27,1834.99394
29,26,41,3596.79197
29,27,28,804.7295
29,27,42,3441.88394
29,28,29,789.99052
29,28,43,1834.99394
29,29,44,6362.35491
29,30,31,3492.0876
29,30,45,789.99052
29,31,32,789.99052
29,31,46,1603.46084
29,32,33,851.07102
29,32,47,835.62609
29,33,34,6993.69411
29,33,48,6723.53831
29,34,35,1494.79517
29,34,49,804.7295
29,35,36,1834.99394
29,35,50,1494.79517
29,36,37,919.19878
29,36,51,3876.61318
29,37,38,1603.46084
29,37,52,1603.46084
29,38,39,3648.86985
29,38,53,1685.60805
29,39,40,3596.79197
29,39,54,851.07102
29,40,41,6279.53365
29,40,55,835.62609
29,41,42,3235.74074
29,41,56,789.99052
29,42,43,6279.53365
29,42,57,804.7295
29,43,44,3235.74074
29,43,58,3235.74074
29,44,59,789.99052
29,45,46,5702.81067
29,45,60,1420.50963
29,46,47,1494.79517
29,46,61,5475.03417
29,47,48,3235.74074
29,47,62,3492.0876
29,48,49,1926.87638
29,48,63,3492.0876
29,49,50,1834.99394
29,49,64,1494.79517
29,50,51,3441.88394
29,50,65,6032.64728
29,51,52,3648.86985
29,51,66,804.7295
29,52,53,1926.87638
29,52,67,3876.61318
29,53,54,804.7295
29,53,68,804.7295
29,54,55,3596.79197
29,54,69,3235.74074
29,55,56,6032.64728
29,55,70,6279.53365
29,56,57,1685.60805
29,56,71,1630.03889
29,57,58,835.62609
29,57,72,6362.35491
29,58,59,3492.0876
29,58,73,919.19878
29,59,74,919.19878
29,60,61,1713.31516
29,60,75,1630.03889
29,61,62,3093.95357
29,61,76,789.99052
29,62,63,3235.74074
29,62,77,1713.31516
29,63,64,919.19878
29,63,78,3441.88394
29,64,65,3596.79197
29,64,79,1603.46084
29,65,66,730.0
29,65,80,3596.79197
29,66,67,1420.50963
29,66,81,970.95176
29,67,68,3441.88394
29,67,82,6723.53831
29,68,69,3441.88394
29,68,83,6993.69411
29,69,70,1630.03889
29,69,84,1494.79517
29,70,71,1420.50963
29,70,85,3235.74074
29,71,72,3648.86985
29,71,86,1834.99394
29,72,73,1685.60805
29,72,87,6362.35491
29,73,74,789.99052
29,73,88,3596.79197
29,74,89,1603.46084
29,75,76,3235.74074
29,75,90,5702.81067
29,76,77,851.07102
29,76,91,1926.87638
29,77,78,1713.31516
29,77,92,6362.35491
29,78,79,6032.64728
29,78,93,1420.50963
29,79,80,3441.88394
29,79,94,3596.79197
29,80,81,6993.69411
29,80,95,1420.50963
29,81,82,6032.64728
29,81,96,1926.87638
29,82,83,6112.74851
29,82,97,4047.60501
29,83,84,789.99052
29,83,98,1685.60805
29,84,85,851.07102
29,84,99,6993.69411
29,85,86,804.7295
29,85,100,6362.35491
29,86,87,3093.95357
29,86,101,6279.53365
29,87,88,3596.79197
29,87,102,1494.79517
29,88,89,3876.61318
29,88,103,3441.88394
29,89,104,1685.60805
29,90,91,3876.61318
29,90,105,1685.60805
29,91,92,3441.88394
29,91,106,1494.79517
29,92,93,5475.03417
29,92,107,3648.86985
29,93,94,804.7295
29,93,108,3648.86985
29,94,95,3492.0876
29,94,109,5475.03417
29,95,96,1420.50963
29,95,110,970.95176
29,96,97,6279.53365
29,96,111,6112.74851
29,97,98,5475.03417
29,97,112,6993.69411
29,98,99,6993.69411
29,98,113,1926.87638
29,99,100,6993.69411
29,99,114,3596.79197
29,100,101,1926.87638
29,100,115,3093.95357
29,101,102,3235.74074
29,101,116,6993.69411
29,102,103,3876.61318
29,102,117,1834.99394
29,103,104,689.25236
29,103,118,3235.74074
29,104,119,970.95176
29,105,106,3235.74074
29,105,120,804.7295
29,106,107,3492.0876
29,106,121,6993.69411
29,107,108,6112.74851
29,107,122,1926.87638
29,108,109,919.19878
29,108,123,3648.86985
29,109,110,3876.61318
29,109,124,5475.03417
29,110,111,1603.46084
29,110,125,6279.53365
29,111,112,6362.35491
29,111,126,804.7295
29,112,113,1603.46084
29,112,127,730.0
29,113,114,6362.35491
29,113,128,6032.64728
29,114,115,1494.79517
29,114,129,1834.99394
29,115,116,804.7295
29,115,130,6362.35491
29,116,117,835.62609
29,116,131,730.0
29,117,118,3235.74074
29,117,132,1603.46084
29,118,119,6723.53831
29,118,133,4047.60501
29,119,134,3093.95357
29,120,121,3648.86985
29,120,135,730.0
29,121,122,6993.69411
29,121,136,6723.53831
29,122,123,835.62609
29,122,137,970.95176
29,123,124,5475.03417
29,123,138,6362.35491
29,124,125,835.62609
29,124,139,730.0
29,125,126,3235.74074
29,125,140,1713.31516
29,126,127,4047.60501
29,126,141,3093.95357
29,127,128,1630.03889
29,127,142,3235.74074
29,128,129,1630.03889
29,128,143,3093.95357
29,129,130,1713.31516
29,129,144,1420.50963
29,130,131,1494.79517
29,130,145,851.07102
29,131,132,3093.95357
29,131,146,6279.53365
29,132,133,1603.46084
29,132,147,5475.03417
29,133,134,689.25236
29,133,148,1713.31516
29,134,149,5475.03417
29,135,136,1685.60805
29,135,150,3492.0876
29,136,137,4047.60501
29,136,151,730.0
29,137,138,1630.03889
29,137,152,6032.64728
29,138,139,3235.74074
29,138,153,1685.60805
29,139,140,6993.69411
29,139,154,1603.46084
29,140,141,689.25236
29,140,155,5702.81067
29,141,142,1685.60805
29,141,156,1603.46084
29,142,143,851.07102
29,142,157,1713.31516
29,143,144,970.95176
29,143,158,730.0
29,144,145,6362.35491
29,144,159,730.0
29,145,146,804.7295
29,145,160,970.95176
29,146,147,6362.35491
29,146,161,1630.03889
29,147,148,804.7295
29,147,162,6279.53365
29,148,149,3093.95357
29,148,163,6032.64728
29,149,164,804.7295
29,150,151,3648.86985
29,150,165,3093.95357
29,151,152,1713.31516
29,151,166,3093.95357
29,152,153,3441.88394
29,152,167,1603.46084
29,153,154,1494.79517
29,153,168,1494.79517
29,154,155,3648.86985
29,154,169,1603.46084
29,155,156,4047.60501
29,155,170,851.07102
29,156,157,5702.81067
29,156,171,689.25236
29,157,158,6112.74851
29,157,172,4047.60501
29,158,159,1926.87638
29,158,173,1685.60805
29,159,160,6362.35491
29,159,174,3492.0876
29,160,161,6279.53365
29,160,175,1713.31516
29,161,162,970.95176
29,161,176,6993.69411
29,162,163,6112.74851
29,162,177,3235.74074
29,163,164,919.19878
29,163,178,6112.74851
29,164,179,1834.99394
29,165,166,6723.53831
29,165,180,851.07102
29,166,167,3492.0876
29,166,181,6993.69411
29,167,168,3648.86985
29,167,182,6723.53831
29,168,169,1926.87638
29,168,183,5702.81067
29,169,170,1603.46084
29,169,184,3596.79197
29,170,171,1685.60805
29,170,185,3596.79197
29,171,172,4047.60501
29,171,186,6279.53365
29,172,173,689.25236
29,172,187,6993.69411
29,173,174,3441.88394
29,173,188,1713.31516
29,174,175,6362.35491
29,174,189,1713.31516
29,175,176,730.0
29,175,190,3596.79197
29,176,177,3648.86985
29,176,191,6993.69411
29,177,178,730.0
29,177,192,3648.86985
29,178,179,3441.88394
29,178,193,3596.79197
29,179,194,6279.53365
29,180,181,1494.79517
29,180,195,3492.0876
29,181,182,1494.79517
29,181,196,789.99052
29,182,183,1713.31516
29,182,197,3876.61318
29,183,184,3876.61318
29,183,198,835.62609
29,184,185,1420.50963
29,184,199,1685.60805
29,185,186,6112.74851
29,185,200,1630.03889
29,186,187,3441.88394
29,186,201,1685.60805
29,187,188,919.19878
29,187,202,6112.74851
29,188,189,6279.53365
29,188,203,1713.31516
29,189,190,851.07102
29,189,204,730.0
29,190,191,6993.69411
29,190,205,6279.53365
29,191,192,5475.03417
29,191,206,3093.95357
29,192,193,919.19878
29,192,207,835.62609
29,193,194,6993.69411
29,193,208,6362.35491
29,194,209,4047.60501
29,195,196,6362.35491
29,195,210,851.07102
29,196,197,1713.31516
29,196,211,1713.31516
29,197,198,689.25236
29,197,212,1420.50963
29,198,199,1494.79517
29,198,213,4047.60501
29,199,200,6723.53831
29,199,214,5702.81067
29,200,201,851.07102
29,200,215,1420.50963
29,201,202,3648.86985
29,201,216,1926.87638
29,202,203,3441.88394
29,202,217,3235.74074
29,203,204,5475.03417
29,203,218,835.62609
29,204,205,851.07102
29,204,219,3235.74074
29,205,206,6723.53831
29,205,220,1713.31516
29,206,207,1630.03889
29,206,221,970.95176
29,207,208,5702.81067
29,207,222,789.99052
29,208,209,1685.60805
29,208,223,970.95176
29,209,224,804.7295
29,210,211,835.62609
29,211,212,3876.61318
29,212,213,689.25236
29,213,214,1685.60805
29,214,215,919.19878
29,215,216,3876.61318
29,216,217,6032.64728
29,217,218,1603.46084
29,218,219,1713.31516
29,219,220,730.0
29,220,221,1420.50963
29,221,222,3648.86985
29,222,223,789.99052
29,223,224,5475.03417
30,0,1,228.35693
30,0,15,209.76293
30,1,2,348.23924
30,1,16,1427.34039
30,2,3,209.76293
30,2,17,228.35693
30,3,4,467.04734
30,3,18,147.53072
30,4,5,1340.64382
30,4,19,439.03255
30,5,6,147.53072
30,5,20,509.9227
30,6,7,782.36045
30,6,21,689.25236
30,7,8,1036.41676
30,7,22,1427.34039
30,8,9,467.04734
30,8,23,1427.34039
30,9,10,252.04247
30,9,24,1244.07462
30,10,11,1822.37107
30,10,25,730.0
30,11,12,376.5696
30,11,26,376.5696
30,12,13,782.36045
30,12,27,730.0
30,13,14,147.53072
30,13,28,317.13512
30,14,29,467.04734
30,15,16,376.5696
30,15,30,1427.34039
30,16,17,134.67109
30,16,31,209.76293
30,17,18,228.35693
30,17,32,958.6093
30,18,19,348.23924
30,18,33,252.04247
30,19,20,343.34797
30,19,34,473.37041
30,20,21,439.03255
30,20,35,1244.07462
30,21,22,1340.64382
30,21,36,147.53072
30,22,23,509.9227
30,22,37,958.6093
30,23,24,467.04734
30,23,38,209.76293
30,24,25,439.03255
30,24,39,209.76293
30,25,26,228.35693
30,25,40,231.83606
30,26,27,958.6093
30,26,41,231.83606
30,27,28,1244.07462
30,27,42,134.67109
30,28,29,317.13512
30,28,43,958.6093
30,29,44,1036.41676
30,30,31,634.01562
30,30,45,317.13512
30,31,32,317.13512
30,31,46,343.34797
30,32,33,1822.37107
30,32,47,509.9227
30,33,34,739.17628
30,33,48,473.37041
30,34,35,782.36045
30,34,49,1244.07462
30,35,36,958.6093
30,35,50,782.36045
30,36,37,896.51773
30,36,51,439.03255
30,37,38,343.34797
30,37,52,343.34797
30,38,39,970.12482
30,38,53,548.80223
30,39,40,231.83606
30,39,54,1822.37107
30,40,41,252.04247
30,40,55,509.9227
30,41,42,348.23924
30,41,56,317.13512
30,42,43,252.04247
30,42,57,1244.07462
30,43,44,348.23924
30,43,58,348.23924
30,44,59,317.13512
30,45,46,376.5696
30,45,60,503.19399
30,46,47,782.36045
30,46,61,228.35693
30,47,48,348.23924
30,47,62,634.01562
30,48,49,1427.34039
30,48,63,634.01562
30,49,50,958.6093
30,49,64,782.36045
30,50,51,134.67109
30,50,65,147.53072
30,51,52,970.12482
30,51,66,1244.07462
30,52,53,1427.34039
30,52,67,439.03255
30,53,54,1244.07462
30,53,68,1244.07462
30,54,55,231.83606
30,54,69,348.23924
30,55,56,147.53072
30,55,70,252.04247
30,56,57,548.80223
30,56,71,1325.5579
30,57,58,509.9227
30,57,72,1036.41676
30,58,59,634.01562
30,58,73,896.51773
30,59,74,896.51773
30,60,61,1934.21332
30,60,75,1325.5579
30,61,62,209.76293
30,61,76,317.13512
30,62,63,348.23924
30,62,77,1934.21332
30,63,64,896.51773
30,63,78,134.67109
30,64,65,231.83606
30,64,79,343.34797
30,65,66,730.0
30,65,80,231.83606
30,66,67,503.19399
30,66,81,1340.64382
30,67,68,134.67109
30,67,82,473.37041
30,68,69,134.67109
30,68,83,739.17628
30,69,70,1325.5579
30,69,84,782.36045
30,70,71,503.19399
30,70,85,348.23924
30,71,72,970.12482
30,71,86,958.6093
30,72,73,548.80223
30,72,87,1036.41676
30,73,74,317.13512
30,73,88,231.83606
30,74,89,343.34797
30,75,76,348.23924
30,75,90,376.5696
30,76,77,1822.37107
30,76,91,1427.34039
30,77,78,1934.21332
30,77,92,1036.41676
30,78,79,147.53072
30,78,93,503.19399
30,79,80,134.67109
30,79,94,231.83606
30,80,81,739.17628
30,80,95,503.19399
30,81,82,147.53072
30,81,96,1427.34039
30,82,83,680.59677
30,82,97,689.25236
30,83,84,317.13512
30,83,98,548.80223
30,84,85,1822.37107
30,84,99,739.17628
30,85,86,1244.07462
30,85,100,1036.41676
30,86,87,209.76293
30,86,101,252.04247
30,87,88,231.83606
30,87,102,782.36045
30,88,89,439.03255
30,88,103,134.67109
30,89,104,548.80223
30,90,91,439.03255
30,90,105,548.80223
30,91,92,134.67109
30,91,106,782.36045
30,92,93,228.35693
30,92,107,970.12482
30,93,94,1244.07462
30,93,108,970.12482
30,94,95,634.01562
30,94,109,228.35693
30,95,96,503.19399
30,95,110,1340.64382
30,96,97,252.04247
30,96,111,680.59677
30,97,98,228.35693
30,97,112,739.17628
30,98,99,739.17628
30,98,113,1427.34039
30,99,100,739.17628
30,99,114,231.83606
30,100,101,1427.34039
30,100,115,209.76293
30,101,102,348.23924
30,101,116,739.17628
30,102,103,439.03255
30,102,117,958.6093
30,103,104,467.04734
30,103,118,348.23924
30,104,119,1340.64382
30,105,106,348.23924
30,105,120,1244.07462
30,106,107,634.01562
30,106,121,739.17628
30,107,108,680.59677
30,107,122,1427.34039
30,108,109,896.51773
30,108,123,970.12482
30,109,110,439.03255
30,109,124,228.35693
30,110,111,343.34797
30,110,125,252.04247
30,111,112,1036.41676
30,111,126,1244.07462
30,112,113,343.34797
30,112,127,730.0
30,113,114,1036.41676
30,113,128,147.53072
30,114,115,782.36045
30,114,129,958.6093
30,115,116,1244.07462
30,115,130,1036.41676
30,116,117,509.9227
30,116,131,730.0
30,117,118,348.23924
30,117,132,343.34797
30,118,119,473.37041
30,118,133,689.25236
30,119,134,209.76293
30,120,121,970.12482
30,120,135,730.0
30,121,122,739.17628
30,121,136,473.37041
30,122,123,509.9227
30,122,137,1340.64382
30,123,124,228.35693
30,123,138,1036.41676
30,124,125,509.9227
30,124,139,730.0
30,125,126,348.23924
30,125,140,1934.21332
30,126,127,689.25236
30,126,141,209.76293
30,127,128,1325.5579
30,127,142,348.23924
30,128,129,1325.5579
30,128,143,209.76293
30,129,130,1934.21332
30,129,144,503.19399
30,130,131,782.36045
30,130,145,1822.37107
30,131,132,209.76293
30,131,146,252.04247
30,132,133,343.34797
30,132,147,228.35693
30,133,134,467.04734
30,133,148,1934.21332
30,134,149,228.35693
30,135,136,548.80223
30,135,150,634.01562
30,136,137,689.25236
30,136,151,730.0
30,137,138,1325.5579
30,137,152,147.53072
30,138,139,348.23924
30,138,153,548.80223
30,139,140,739.17628
30,139,154,343.34797
30,140,141,467.04734
30,140,155,376.5696
30,141,142,548.80223
30,141,156,343.34797
30,142,143,1822.37107
30,142,157,1934.21332
30,143,144,1340.64382
30,143,158,730.0
30,144,145,1036.41676
30,144,159,730.0
30,145,146,1244.07462
30,145,160,1340.64382
30,146,147,1036.41676
30,146,161,1325.5579
30,147,148,1244.07462
30,147,162,252.04247
30,148,149,209.76293
30,148,163,147.53072
30,149,164,1244.07462
30,150,151,970.12482
30,150,165,209.76293
30,151,152,1934.21332
30,151,166,209.76293
30,152,153,134.67109
30,152,167,343.34797
30,153,154,782.36045
30,153,168,782.36045
30,154,155,970.12482
30,154,169,343.34797
30,155,156,689.25236
30,155,170,1822.37107
30,156,157,376.5696
30,156,171,467.04734
30,157,158,680.59677
30,157,172,689.25236
30,158,159,1427.34039
30,158,173,548.80223
30,159,160,1036.41676
30,159,174,634.01562
30,160,161,252.04247
30,160,175,1934.21332
30,161,162,1340.64382
30,161,176,739.17628
30,162,163,680.59677
30,162,177,348.23924
30,163,164,896.51773
30,163,178,680.59677
30,164,179,958.6093
30,165,166,473.37041
30,165,180,1822.37107
30,166,167,634.01562
30,166,181,739.17628
30,167,168,970.12482
30,167,182,473.37041
30,168,169,1427.34039
30,168,183,376.5696
30,169,170,343.34797
30,169,184,231.83606
30,170,171,548.80223
30,170,185,231.83606
30,171,172,689.25236
30,171,186,252.04247
30,172,173,467.04734
30,172,187,739.17628
30,173,174,134.67109
30,173,188,1934.21332
30,174,175,1036.41676
30,174,189,1934.21332
30,175,176,730.0
30,175,190,231.83606
30,176,177,970.12482
30,176,191,739.17628
30,177,178,730.0
30,177,192,970.12482
30,178,179,134.67109
30,178,193,231.83606
30,179,194,252.04247
30,180,181,782.36045
30,180,195,634.01562
30,181,182,782.36045
30,181,196,317.13512
30,182,183,1934.21332
30,182,197,439.03255
30,183,184,439.03255
30,183,198,509.9227
30,184,185,503.19399
30,184,199,548.80223
30,185,186,680.59677
30,185,200,1325.5579
30,186,187,134.67109
30,186,201,548.80223
30,187,188,896.51773
30,187,202,680.59677
30,188,189,252.04247
30,188,203,1934.21332
30,189,190,1822.37107
30,189,204,730.0
30,190,191,739.17628
30,190,205,252.04247
30,191,192,228.35693
30,191,206,209.76293
30,192,193,896.51773
30,192,207,509.9227
30,193,194,739.17628
30,193,208,1036.41676
30,194,209,689.25236
30,195,196,1036.41676
30,195,210,1822.37107
30,196,197,1934.21332
30,196,211,1934.21332
30,197,198,467.04734
30,197,212,503.19399
30,198,199,782.36045
30,198,213,689.25236
30,199,200,473.37041
30,199,214,376.5696
30,200,201,1822.37107
30,200,215,503.19399
30,201,202,970.12482
30,201,216,1427.34039
30,202,203,134.67109
30,202,217,348.23924
30,203,204,228.35693
30,203,218,509.9227
30,204,205,1822.37107
30,204,219,348.23924
30,205,206,473.37041
30,205,220,1934.21332
30,206,207,1325.5579
30,206,221,1340.64382
30,207,208,376.5696
30,207,222,317.13512
30,208,209,548.80223
30,208,223,1340.64382
30,209,224,1244.07462
30,210,211,509.9227
30,211,212,439.03255
30,212,213,467.04734
30,213,214,548.80223
30,214,215,896.51773
30,215,216,439.03255
30,216,217,147.53072
30,217,218,343.34797
30,218,219,1934.21332
30,219,220,730.0
30,220,221,503.19399
30,221,222,970.12482
30,222,223,317.13512
30,223,224,228.35693
31,0,1,806.85367
31,0,15,565.4531
31,1,2,389.12191
31,1,16,220.08914
31,2,3,565.4531
31,2,17,806.85367
31,3,4,1023.38318
31,3,18,144.9808
31,4,5,141.30787
31,4,19,100.96781
31,5,6,144.9808
31,5,20,126.93348
31,6,7,1026.84536
31,6,21,61.31921
31,7,8,617.3902
31,7,22,220.08914
31,8,9,1023.38318
31,8,23,220.08914
31,9,10,90.61262
31,9,24,1104.60161
31,10,11,791.38446
31,10,25,730.0
31,11,12,567.56379
31,11,26,567.56379
31,12,13,1026.84536
31,12,27,730.0
31,13,14,144.9808
31,13,28,198.30459
31,14,29,1023.38318
31,15,16,567.56379
31,15,30,220.08914
31,16,17,90.15891
31,16,31,565.4531
31,17,18,806.85367
31,17,32,331.37041
31,18,19,389.12191
31,18,33,90.61262
31,19,20,301.85202
31,19,34,161.03623
31,20,21,100.96781
31,20,35,1104.60161
31,21,22,141.30787
31,21,36,144.9808
31,22,23,126.93348
31,22,37,331.37041
31,23,24,1023.38318
31,23,38,565.4531
31,24,25,100.96781
31,24,39,565.4531
31,25,26,806.85367
31,25,40,54.25361
31,26,27,331.37041
31,26,41,54.25361
31,27,28,1104.60161
31,27,42,90.15891
31,28,29,198.30459
31,28,43,331.37041
31,29,44,617.3902
31,30,31,615.12586
31,30,45,198.30459
31,31,32,198.30459
31,31,46,301.85202
31,32,33,791.38446
31,32,47,126.93348
31,33,34,101.4669
31,33,48,161.03623
31,34,35,1026.84536
31,34,49,1104.60161
31,35,36,331.37041
31,35,50,1026.84536
31,36,37,219.13315
31,36,51,100.96781
31,37,38,301.85202
31,37,52,301.85202
31,38,39,425.56044
31,38,53,199.1839
31,39,40,54.25361
31,39,54,791.38446
31,40,41,90.61262
31,40,55,126.93348
31,41,42,389.12191
31,41,56,198.30459
31,42,43,90.61262
31,42,57,1104.60161
31,43,44,389.12191
31,43,58,389.12191
31,44,59,198.30459
31,45,46,567.56379
31,45,60,1413.70616
31,46,47,1026.84536
31,46,61,806.85367
31,47,48,389.12191
31,47,62,615.12586
31,48,49,220.08914
31,48,63,615.12586
31,49,50,331.37041
31,49,64,1026.84536
31,50,51,90.15891
31,50,65,144.9808
31,51,52,425.56044
31,51,66,1104.60161
31,52,53,220.08914
31,52,67,100.96781
31,53,54,1104.60161
31,53,68,1104.60161
31,54,55,54.25361
31,54,69,389.12191
31,55,56,144.9808
31,55,70,90.61262
31,56,57,199.1839
31,56,71,1519.86461
31,57,58,126.93348
31,57,72,617.3902
31,58,59,615.12586
31,58,73,219.13315
31,59,74,219.13315
31,60,61,1108.29145
31,60,75,1519.86461
31,61,62,565.4531
31,61,76,198.30459
31,62,63,389.12191
31,62,77,1108.29145
31,63,64,219.13315
31,63,78,90.15891
31,64,65,54.25361
31,64,79,301.85202
31,65,66,730.0
31,65,80,54.25361
31,66,67,1413.70616
31,66,81,141.30787
31,67,68,90.15891
31,67,82,161.03623
31,68,69,90.15891
31,68,83,101.4669
31,69,70,1519.86461
31,69,84,1026.84536
31,70,71,1413.70616
31,70,85,389.12191
31,71,72,425.56044
31,71,86,331.37041
31,72,73,199.1839
31,72,87,617.3902
31,73,74,198.30459
31,73,88,54.25361
31,74,89,301.85202
31,75,76,389.12191
31,75,90,567.56379
31,76,77,791.38446
31,76,91,220.08914
31,77,78,1108.29145
31,77,92,617.3902
31,78,79,144.9808
31,78,93,1413.70616
31,79,80,90.15891
31,79,94,54.25361
31,80,81,101.4669
31,80,95,1413.70616
31,81,82,144.9808
31,81,96,220.08914
31,82,83,873.54783
31,82,97,61.31921
31,83,84,198.30459
31,83,98,199.1839
31,84,85,791.38446
31,84,99,101.4669
31,85,86,1104.60161
31,85,100,617.3902
31,86,87,565.4531
31,86,101,90.61262
31,87,88,54.25361
31,87,102,1026.84536
31,88,89,100.96781
31,88,103,90.15891
31,89,104,199.1839
31,90,91,100.96781
31,90,105,199.1839
31,91,92,90.15891
31,91,106,1026.84536
31,92,93,806.85367
31,92,107,425.56044
31,93,94,1104.60161
31,93,108,425.56044
31,94,95,615.12586
31,94,109,806.85367
31,95,96,1413.70616
31,95,110,141.30787
31,96,97,90.61262
31,96,111,873.54783
31,97,98,806.85367
31,97,112,101.4669
31,98,99,101.4669
31,98,113,220.08914
31,99,100,101.4669
31,99,114,54.25361
31,100,101,220.08914
31,100,115,565.4531
31,101,102,389.12191
31,101,116,101.4669
31,102,103,100.96781
31,102,117,331.37041
31,103,104,1023.38318
31,103,118,389.12191
31,104,119,141.30787
31,105,106,389.12191
31,105,120,1104.60161
31,106,107,615.12586
31,106,121,101.4669
31,107,108,873.54783
31,107,122,220.08914
31,108,109,219.13315
31,108,123,425.56044
31,109,110,100.96781
31,109,124,806.85367
31,110,111,301.85202
31,110,125,90.61262
31,111,112,617.3902
31,111,126,1104.60161
31,112,113,301.85202
31,112,127,730.0
31,113,114,617.3902
31,113,128,144.9808
31,114,115,1026.84536
31,114,129,331.37041
31,115,116,1104.60161
31,115,130,617.3902
31,116,117,126.93348
31,116,131,730.0
31,117,118,389.12191
31,117,132,301.85202
31,118,119,161.03623
31,118,133,61.31921
31,119,134,565.4531
31,120,121,425.56044
31,120,135,730.0
31,121,122,101.4669
31,121,136,161.03623
31,122,123,126.93348
31,122,137,141.30787
31,123,124,806.85367
31,123,138,617.3902
31,124,125,126.93348
31,124,139,730.0
31,125,126,389.12191
31,125,140,1108.29145
31,126,127,61.31921
31,126,141,565.4531
31,127,128,1519.86461
31,127,142,389.12191
31,128,129,1519.86461
31,128,143,565.4531
31,129,130,1108.29145
31,129,144,1413.70616
31,130,131,1026.84536
31,130,145,791.38446
31,131,132,565.4531
31,131,146,90.61262
31,132,133,301.85202
31,132,147,806.85367
31,133,134,1023.38318
31,133,148,1108.29145
31,134,149,806.85367
31,135,136,199.1839
31,135,150,615.12586
31,136,137,61.31921
31,136,151,730.0
31,137,138,1519.86461
31,137,152,144.9808
31,138,139,389.12191
31,138,153,199.1839
31,139,140,101.4669
31,139,154,301.85202
31,140,141,1023.38318
31,140,155,567.56379
31,141,142,199.1839
31,141,156,301.85202
31,142,143,791.38446
31,142,157,1108.29145
31,143,144,141.30787
31,143,158,730.0
31,144,145,617.3902
31,144,159,730.0
31,145,146,1104.60161
31,145,160,141.30787
31,146,147,617.3902
31,146,161,1519.86461
31,147,148,1104.60161
31,147,162,90.61262
31,148,149,565.4531
31,148,163,144.9808
31,149,164,1104.60161
31,150,151,425.56044
31,150,165,565.4531
31,151,152,1108.29145
31,151,166,565.4531
31,152,153,90.15891
31,152,167,301.85202
31,153,154,1026.84536
31,153,168,1026.84536
31,154,155,425.56044
31,154,169,301.85202
31,155,156,61.31921
31,155,170,791.38446
31,156,157,567.56379
31,156,171,1023.38318
31,157,158,873.54783
31,157,172,61.31921
31,158,159,220.08914
31,158,173,199.1839
31,159,160,617.3902
31,159,174,615.12586
31,160,161,90.61262
31,160,175,1108.29145
31,161,162,141.30787
31,161,176,101.4669
31,162,163,873.54783
31,162,177,389.12191
31,163,164,219.13315
31,163,178,873.54783
31,164,179,331.37041
31,165,166,161.03623
31,165,180,791.38446
31,166,167,615.12586
31,166,181,101.4669
31,167,168,425.56044
31,167,182,161.03623
31,168,169,220.08914
31,168,183,567.56379
31,169,170,301.85202
31,169,184,54.25361
31,170,171,199.1839
31,170,185,54.25361
31,171,172,61.31921
31,171,186,90.61262
31,172,173,1023.38318
31,172,187,101.4669
31,173,174,90.15891
31,173,188,1108.29145
31,174,175,617.3902
31,174,189,1108.29145
31,175,176,730.0
31,175,190,54.25361
31,176,177,425.56044
31,176,191,101.4669
31,177,178,730.0
31,177,192,425.56044
31,178,179,90.15891
31,178,193,54.25361
31,179,194,90.61262
31,180,181,1026.84536
31,180,195,615.12586
31,181,182,1026.84536
31,181,196,198.30459
31,182,183,1108.29145
31,182,197,100.96781
31,183,184,100.96781
31,183,198,126.93348
31,184,185,1413.70616
31,184,199,199.1839
31,185,186,873.54783
31,185,200,1519.86461
31,186,187,90.15891
31,186,201,199.1839
31,187,188,219.13315
31,187,202,873.54783
31,188,189,90.61262
31,188,203,1108.29145
31,189,190,791.38446
31,189,204,730.0
31,190,191,101.4669
31,190,205,90.61262
31,191,192,806.85367
31,191,206,565.4531
31,192,193,219.13315
31,192,207,126.93348
31,193,194,101.4669
31,193,208,617.3902
31,194,209,61.31921
31,195,196,617.3902
31,195,210,791.38446
31,196,197,1108.29145
31,196,211,1108.29145
31,197,198,1023.38318
31,197,212,1413.70616
31,198,199,1026.84536
31,198,213,61.31921
31,199,200,161.03623
31,199,214,567.56379
31,200,201,791.38446
31,200,215,1413.70616
31,201,202,425.56044
31,201,216,220.08914
31,202,203,90.15891
31,202,217,389.12191
31,203,204,806.85367
31,203,218,126.93348
31,204,205,791.38446
31,204,219,389.12191
31,205,206,161.03623
31,205,220,1108.29145
31,206,207,1519.86461
31,206,221,141.30787
31,207,208,567.56379
31,207,222,198.30459
31,208,209,199.1839
31,208,223,141.30787
31,209,224,1104.60161
31,210,211,126.93348
31,211,212,100.96781
31,212,213,1023.38318
31,213,214,199.1839
31,214,215,219.13315
31,215,216,100.96781
31,216,217,144.9808
31,217,218,301.85202
31,218,219,1108.29145
31,219,220,730.0
31,220,221,1413.70616
31,221,222,425.56044
31,222,223,198.30459
31,223,224,806.85367
32,0,1,9144.69765
32,0,15,7868.50259
32,1,2,3780.536
32,1,16,1556.28555
32,2,3,7868.50259
32,2,17,9144.69765
32,3,4,1880.4673
32,3,18,12846.27709
32,4,5,1270.75785
32,4,19,11492.52847
32,5,6,12846.27709
32,5,20,1215.86306
32,6,7,911.32428
32,6,21,5790.23771
32,7,8,4641.27367
32,7,22,1556.28555
32,8,9,1880.4673
32,8,23,1556.28555
32,9,10,6559.15105
32,9,24,1959.33339
32,10,11,765.92626
32,10,25,730.0
32,11,12,4479.05676
32,11,26,4479.05676
32,12,13,911.32428
32,12,27,730.0
32,13,14,12846.27709
32,13,28,2915.75111
32,14,29,1880.4673
32,15,16,4479.05676
32,15,30,1556.28555
32,16,17,11146.43692
32,16,31,7868.50259
32,17,18,9144.69765
32,17,32,3611.60773
32,18,19,3780.536
32,18,33,6559.15105
32,19,20,3480.07934
32,19,34,13235.71047
32,20,21,11492.52847
32,20,35,1959.33339
32,21,22,1270.75785
32,21,36,12846.27709
32,22,23,1215.86306
32,22,37,3611.60773
32,23,24,1880.4673
32,23,38,7868.50259
32,24,25,11492.52847
32,24,39,7868.50259
32,25,26,9144.69765
32,25,40,5595.07668
32,26,27,3611.60773
32,26,41,5595.07668
32,27,28,1959.33339
32,27,42,11146.43692
32,28,29,2915.75111
32,28,43,3611.60773
32,29,44,4641.27367
32,30,31,8127.60574
32,30,45,2915.75111
32,31,32,2915.75111
32,31,46,3480.07934
32,32,33,765.92626
32,32,47,1215.86306
32,33,34,6781.87883
32,33,48,13235.71047
32,34,35,911.32428
32,34,49,1959.33339
32,35,36,3611.60773
32,35,50,911.32428
32,36,37,3029.29636
32,36,51,11492.52847
32,37,38,3480.07934
32,37,52,3480.07934
32,38,39,3921.43422
32,38,53,1491.24213
32,39,40,5595.07668
32,39,54,765.92626
32,40,41,6559.15105
32,40,55,1215.86306
32,41,42,3780.536
32,41,56,2915.75111
32,42,43,6559.15105
32,42,57,1959.33339
32,43,44,3780.536
32,43,58,3780.536
32,44,59,2915.75111
32,45,46,4479.05676
32,45,60,2274.20167
32,46,47,911.32428
32,46,61,9144.69765
32,47,48,3780.536
32,47,62,8127.60574
32,48,49,1556.28555
32,48,63,8127.60574
32,49,50,3611.60773
32,49,64,911.32428
32,50,51,11146.43692
32,50,65,12846.27709
32,51,52,3921.43422
32,51,66,1959.33339
32,52,53,1556.28555
32,52,67,11492.52847
32,53,54,1959.33339
32,53,68,1959.33339
32,54,55,5595.07668
32,54,69,3780.536
32,55,56,12846.27709
32,55,70,6559.15105
32,56,57,1491.24213
32,56,71,2366.56364
32,57,58,1215.86306
32,57,72,4641.27367
32,58,59,8127.60574
32,58,73,3029.29636
32,59,74,3029.29636
32,60,61,954.52435
32,60,75,2366.56364
32,61,62,7868.50259
32,61,76,2915.75111
32,62,63,3780.536
32,62,77,954.52435
32,63,64,3029.29636
32,63,78,11146.43692
32,64,65,5595.07668
32,64,79,3480.07934
32,65,66,730.0
32,65,80,5595.07668
32,66,67,2274.20167
32,66,81,1270.75785
32,67,68,11146.43692
32,67,82,13235.71047
32,68,69,11146.43692
32,68,83,6781.87883
32,69,70,2366.56364
32,69,84,911.32428
32,70,71,2274.20167
32,70,85,3780.536
32,71,72,3921.43422
32,71,86,3611.60773
32,72,73,1491.24213
32,72,87,4641.27367
32,73,74,2915.75111
32,73,88,5595.07668
32,74,89,3480.07934
32,75,76,3780.536
32,75,90,4479.05676
32,76,77,765.92626
32,76,91,1556.28555
32,77,78,954.52435
32,77,92,4641.27367
32,78,79,12846.27709
32,78,93,2274.20167
32,79,80,11146.43692
32,79,94,5595.07668
32,80,81,6781.87883
32,80,95,2274.20167
32,81,82,12846.27709
32,81,96,1556.28555
32,82,83,9438.28087
32,82,97,5790.23771
32,83,84,2915.75111
32,83,98,1491.24213
32,84,85,765.92626
32,84,99,6781.87883
32,85,86,1959.33339
32,85,100,4641.27367
32,86,87,7868.50259
32,86,101,6559.15105
32,87,88,5595.07668
32,87,102,911.32428
32,88,89,11492.52847
32,88,103,11146.43692
32,89,104,1491.24213
32,90,91,11492.52847
32,90,105,1491.24213
32,91,92,11146.43692
32,91,106,911.32428
32,92,93,9144.69765
32,92,107,3921.43422
32,93,94,1959.33339
32,93,108,3921.43422
32,94,95,8127.60574
32,94,109,9144.69765
32,95,96,2274.20167
32,95,110,1270.75785
32,96,97,6559.15105
32,96,111,9438.28087
32,97,98,9144.69765
32,97,112,6781.87883
32,98,99,6781.87883
32,98,113,1556.28555
32,99,100,6781.87883
32,99,114,5595.07668
32,100,101,1556.28555
32,100,115,7868.50259
32,101,102,3780.536
32,101,116,6781.87883
32,102,103,11492.52847
32,102,117,3611.60773
32,103,104,1880.4673
32,103,118,3780.536
32,104,119,1270.75785
32,105,106,3780.536
32,105,120,1959.33339
32,106,107,8127.60574
32,106,121,6781.87883
32,107,108,9438.28087
32,107,122,1556.28555
32,108,109,3029.29636
32,108,123,3921.43422
32,109,110,11492.52847
32,109,124,9144.69765
32,110,111,3480.07934
32,110,125,6559.15105
32,111,112,4641.27367
32,111,126,1959.33339
32,112,113,3480.07934
32,112,127,730.0
32,113,114,4641.27367
32,113,128,12846.27709
32,114,115,911.32428
32,114,129,3611.60773
32,115,116,1959.33339
32,115,130,4641.27367
32,116,117,1215.86306
32,116,131,730.0
32,117,118,3780.536
32,117,132,3480.07934
32,118,119,13235.71047
32,118,133,5790.23771
32,119,134,7868.50259
32,120,121,3921.43422
32,120,135,730.0
32,121,122,6781.87883
32,121,136,13235.71047
32,122,123,1215.86306
32,122,137,1270.75785
32,123,124,9144.69765
32,123,138,4641.27367
32,124,125,1215.86306
32,124,139,730.0
32,125,126,3780.536
32,125,140,954.52435
32,126,127,5790.23771
32,126,141,7868.50259
32,127,128,2366.56364
32,127,142,3780.536
32,128,129,2366.56364
32,128,143,7868.50259
32,129,130,954.52435
32,129,144,2274.20167
32,130,131,911.32428
32,130,145,765.92626
32,131,132,7868.50259
32,131,146,6559.15105
32,132,133,3480.07934
32,132,147,9144.69765
32,133,134,1880.4673
32,133,148,954.52435
32,134,149,9144.69765
32,135,136,1491.24213
32,135,150,8127.60574
32,136,137,5790.23771
32,136,151,730.0
32,137,138,2366.56364
32,137,152,12846.27709
32,138,139,3780.536
32,138,153,1491.24213
32,139,140,6781.87883
32,139,154,3480.07934
32,140,141,1880.4673
32,140,155,4479.05676
32,141,142,1491.24213
32,141,156,3480.07934
32,142,143,765.92626
32,142,157,954.52435
32,143,144,1270.75785
32,143,158,730.0
32,144,145,4641.27367
32,144,159,730.0
32,145,146,1959.33339
32,145,160,1270.75785
32,146,147,4641.27367
32,146,161,2366.56364
32,147,148,1959.33339
32,147,162,6559.15105
32,148,149,7868.50259
32,148,163,12846.27709
32,149,164,1959.33339
32,150,151,3921.43422
32,150,165,7868.50259
32,151,152,954.52435
32,151,166,7868.50259
32,152,153,11146.43692
32,152,167,3480.07934
32,153,154,911.32428
32,153,168,911.32428
32,154,155,3921.43422
32,154,169,3480.07934
32,155,156,5790.23771
32,155,170,765.92626
32,156,157,4479.05676
32,156,171,1880.4673
32,157,158,9438.28087
32,157,172,5790.23771
32,158,159,1556.28555
32,158,173,1491.24213
32,159,160,4641.27367
32,159,174,8127.60574
32,160,161,6559.15105
32,160,175,954.52435
32,161,162,1270.75785
32,161,176,6781.87883
32,162,163,9438.28087
32,162,177,3780.536
32,163,164,3029.29636
32,163,178,9438.28087
32,164,179,3611.60773
32,165,166,13235.71047
32,165,180,765.92626
32,166,167,8127.60574
32,166,181,6781.87883
32,167,168,3921.43422
32,167,182,13235.71047
32,168,169,1556.28555
32,168,183,4479.05676
32,169,170,3480.07934
32,169,184,5595.07668
32,170,171,1491.24213
32,170,185,5595.07668
32,171,172,5790.23771
32,171,186,6559.15105
32,172,173,1880.4673
32,172,187,6781.87883
32,173,174,11146.43692
32,173,188,954.52435
32,174,175,4641.27367
32,174,189,954.52435
32,175,176,730.0
32,175,190,5595.07668
32,176,177,3921.43422
32,176,191,6781.87883
32,177,178,730.0
32,177,192,3921.43422
32,178,179,11146.43692
32,178,193,5595.07668
32,179,194,6559.15105
32,180,181,911.32428
32,180,195,8127.60574
32,181,182,911.32428
32,181,196,2915.75111
32,182,183,954.52435
32,182,197,11492.52847
32,183,184,11492.52847
32,183,198,1215.86306
32,184,185,2274.20167
32,184,199,1491.24213
32,185,186,9438.28087
32,185,200,2366.56364
32,186,187,11146.43692
32,186,201,1491.24213
32,187,188,3029.29636
32,187,202,9438.28087
32,188,189,6559.15105
32,188,203,954.52435
32,189,190,765.92626
32,189,204,730.0
32,190,191,6781.87883
32,190,205,6559.15105
32,191,192,9144.69765
32,191,206,7868.50259
32,192,193,3029.29636
32,192,207,1215.86306
32,193,194,6781.87883
32,193,208,4641.27367
32,194,209,5790.23771
32,195,196,4641.27367
32,195,210,765.92626
32,196,197,954.52435
32,196,211,954.52435
32,197,198,1880.4673
32,197,212,2274.20167
32,198,199,911.32428
32,198,213,5790.23771
32,199,200,13235.71047
32,199,214,4479.05676
32,200,201,765.92626
32,200,215,2274.20167
32,201,202,3921.43422
32,201,216,1556.28555
32,202,203,11146.43692
32,202,217,3780.536
32,203,204,9144.69765
32,203,218,1215.86306
32,204,205,765.92626
32,204,219,3780.536
32,205,206,13235.71047
32,205,220,954.52435
32,206,207,2366.56364
32,206,221,1270.75785
32,207,208,4479.05676
32,207,222,2915.75111
32,208,209,1491.24213
32,208,223,1270.75785
32,209,224,1959.33339
32,210,211,1215.86306
32,211,212,11492.52847
32,212,213,1880.4673
32,213,214,1491.24213
32,214,215,3029.29636
32,215,216,11492.52847
32,216,217,12846.27709
32,217,218,3480.07934
32,218,219,954.52435
32,219,220,730.0
32,220,221,2274.20167
32,221,222,3921.43422
32,222,223,2915.75111
32,223,224,9144.69765
33,0,1,1791.81964
33,0,15,528.56615
33,1,2,255.00713
33,1,16,1999.78877
33,2,3,528.56615
33,2,17,1791.81964
33,3,4,1354.78011
33,3,18,1659.56867
33,4,5,604.46471
33,4,19,433.09533
33,5,6,1659.56867
33,5,20,667.78359
33,6,7,2335.43522
33,6,21,203.62963
33,7,8,905.84569
33,7,22,1999.78877
33,8,9,1354.78011
33,8,23,1999.78877
33,9,10,913.6807
33,9,24,1240.0113
33,10,11,661.75321
33,10,25,730.0
33,11,12,994.3458
33,11,26,994.3458
33,12,13,2335.43522
33,12,27,730.0
33,13,14,1659.56867
33,13,28,1250.19043
33,14,29,1354.78011
33,15,16,994.3458
33,15,30,1999.78877
33,16,17,481.14437
33,16,31,528.56615
33,17,18,1791.81964
33,17,32,3387.59073
33,18,19,255.00713
33,18,33,913.6807
33,19,20,3651.36534
33,19,34,1523.47441
33,20,21,433.09533
33,20,35,1240.0113
33,21,22,604.46471
33,21,36,1659.56867
33,22,23,667.78359
33,22,37,3387.59073
33,23,24,1354.78011
33,23,38,528.56615
33,24,25,433.09533
33,24,39,528.56615
33,25,26,1791.81964
33,25,40,229.34648
33,26,27,3387.59073
33,26,41,229.34648
33,27,28,1240.0113
33,27,42,481.14437
33,28,29,1250.19043
33,28,43,3387.59073
33,29,44,905.84569
33,30,31,476.55865
33,30,45,1250.19043
33,31,32,1250.19043
33,31,46,3651.36534
33,32,33,661.75321
33,32,47,667.78359
33,33,34,831.25645
33,33,48,1523.47441
33,34,35,2335.43522
33,34,49,1240.0113
33,35,36,3387.59073
33,35,50,2335.43522
33,36,37,1142.91254
33,36,51,433.09533
33,37,38,3651.36534
33,37,52,3651.36534
33,38,39,226.87932
33,38,53,2170.26361
33,39,40,229.34648
33,39,54,661.75321
33,40,41,913.6807
33,40,55,667.78359
33,41,42,255.00713
33,41,56,1250.19043
33,42,43,913.6807
33,42,57,1240.0113
33,43,44,255.00713
33,43,58,255.00713
33,44,59,1250.19043
33,45,46,994.3458
33,45,60,3905.56597
33,46,47,2335.43522
33,46,61,1791.81964
33,47,48,255.00713
33,47,62,476.55865
33,48,49,1999.78877
33,48,63,476.55865
33,49,50,3387.59073
33,49,64,2335.43522
33,50,51,481.14437
33,50,65,1659.56867
33,51,52,226.87932
33,51,66,1240.0113
33,52,53,1999.78877
33,52,67,433.09533
33,53,54,1240.0113
33,53,68,1240.0113
33,54,55,229.34648
33,54,69,255.00713
33,55,56,1659.56867
33,55,70,913.6807
33,56,57,2170.26361
33,56,71,3626.47433
33,57,58,667.78359
33,57,72,905.84569
33,58,59,476.55865
33,58,73,1142.91254
33,59,74,1142.91254
33,60,61,2154.13573
33,60,75,3626.47433
33,61,62,528.56615
33,61,76,1250.19043
33,62,63,255.00713
33,62,77,2154.13573
33,63,64,1142.91254
33,63,78,481.14437
33,64,65,229.34648
33,64,79,3651.36534
33,65,66,730.0
33,65,80,229.34648
33,66,67,3905.56597
33,66,81,604.46471
33,67,68,481.14437
33,67,82,1523.47441
33,68,69,481.14437
33,68,83,831.25645
33,69,70,3626.47433
33,69,84,2335.43522
33,70,71,3905.56597
33,70,85,255.00713
33,71,72,226.87932
33,71,86,3387.59073
33,72,73,2170.26361
33,72,87,905.84569
33,73,74,1250.19043
33,73,88,229.34648
33,74,89,3651.36534
33,75,76,255.00713
33,75,90,994.3458
33,76,77,661.75321
33,76,91,1999.78877
33,77,78,2154.13573
33,77,92,905.84569
33,78,79,1659.56867
33,78,93,3905.56597
33,79,80,481.14437
33,79,94,229.34648
33,80,81,831.25645
33,80,95,3905.56597
33,81,82,1659.56867
33,81,96,1999.78877
33,82,83,1646.6753
33,82,97,203.62963
33,83,84,1250.19043
33,83,98,2170.26361
33,84,85,661.75321
33,84,99,831.25645
33,85,86,1240.0113
33,85,100,905.84569
33,86,87,528.56615
33,86,101,913.6807
33,87,88,229.34648
33,87,102,2335.43522
33,88,89,433.09533
33,88,103,481.14437
33,89,104,2170.26361
33,90,91,433.09533
33,90,105,2170.26361
33,91,92,481.14437
33,91,106,2335.43522
33,92,93,1791.81964
33,92,107,226.87932
33,93,94,1240.0113
33,93,108,226.87932
33,94,95,476.55865
33,94,109,1791.81964
33,95,96,3905.56597
33,95,110,604.46471
33,96,97,913.6807
33,96,111,1646.6753
33,97,98,1791.81964
33,97,112,831.25645
33,98,99,831.25645
33,98,113,1999.78877
33,99,100,831.25645
33,99,114,229.34648
33,100,101,1999.78877
33,100,115,528.56615
33,101,102,255.00713
33,101,116,831.25645
33,102,103,433.09533
33,102,117,3387.59073
33,103,104,1354.78011
33,103,118,255.00713
33,104,119,604.46471
33,105,106,255.00713
33,105,120,1240.0113
33,106,107,476.55865
33,106,121,831.25645
33,107,108,1646.6753
33,107,122,1999.78877
33,108,109,1142.91254
33,108,123,226.87932
33,109,110,433.09533
33,109,124,1791.81964
33,110,111,3651.36534
33,110,125,913.6807
33,111,112,905.84569
33,111,126,1240.0113
33,112,113,3651.36534
33,112,127,730.0
33,113,114,905.84569
33,113,128,1659.56867
33,114,115,2335.43522
33,114,129,3387.59073
33,115,116,1240.0113
33,115,130,905.84569
33,116,117,667.78359
33,116,131,730.0
33,117,118,255.00713
33,117,132,3651.36534
33,118,119,1523.47441
33,118,133,203.62963
33,119,134,528.56615
33,120,121,226.87932
33,120,135,730.0
33,121,122,831.25645
33,121,136,1523.47441
33,122,123,667.78359
33,122,137,604.46471
33,123,124,1791.81964
33,123,138,905.84569
33,124,125,667.78359
33,124,139,730.0
33,125,126,255.00713
33,125,140,2154.13573
33,126,127,203.62963
33,126,141,528.56615
33,127,128,3626.47433
33,127,142,255.00713
33,128,129,3626.47433
33,128,143,528.56615
33,129,130,2154.13573
33,129,144,3905.56597
33,130,131,2335.43522
33,130,145,661.75321
33,131,132,528.56615
33,131,146,913.6807
33,132,133,3651.36534
33,132,147,1791.81964
33,133,134,1354.78011
33,133,148,2154.13573
33,134,149,1791.81964
33,135,136,2170.26361
33,135,150,476.55865
33,136,137,203.62963
33,136,151,730.0
33,137,138,3626.47433
33,137,152,1659.56867
33,138,139,255.00713
33,138,153,2170.26361
33,139,140,831.25645
33,139,154,3651.36534
33,140,141,1354.78011
33,140,155,994.3458
33,141,142,2170.26361
33,141,156,3651.36534
33,142,143,661.75321
33,142,157,2154.13573
33,143,144,604.46471
33,143,158,730.0
33,144,145,905.84569
33,144,159,730.0
33,145,146,1240.0113
33,145,160,604.46471
33,146,147,905.84569
33,146,161,3626.47433
33,147,148,1240.0113
33,147,162,913.6807
33,148,149,528.56615
33,148,163,1659.56867
33,149,164,1240.0113
33,150,151,226.87932
33,150,165,528.56615
33,151,152,2154.13573
33,151,166,528.56615
33,152,153,481.14437
33,152,167,3651.36534
33,153,154,2335.43522
33,153,168,2335.43522
33,154,155,226.87932
33,154,169,3651.36534
33,155,156,203.62963
33,155,170,661.75321
33,156,157,994.3458
33,156,171,1354.78011
33,157,158,1646.6753
33,157,172,203.62963
33,158,159,1999.78877
33,158,173,2170.26361
33,159,160,905.84569
33,159,174,476.55865
33,160,161,913.6807
33,160,175,2154.13573
33,161,162,604.46471
33,161,176,831.25645
33,162,163,1646.6753
33,162,177,255.00713
33,163,164,1142.91254
33,163,178,1646.6753
33,164,179,3387.59073
33,165,166,1523.47441
33,165,180,661.75321
33,166,167,476.55865
33,166,181,831.25645
33,167,168,226.87932
33,167,182,1523.47441
33,168,169,1999.78877
33,168,183,994.3458
33,169,170,3651.36534
33,169,184,229.34648
33,170,171,2170.26361
33,170,185,229.34648
33,171,172,203.62963
33,171,186,913.6807
33,172,173,1354.78011
33,172,187,831.25645
33,173,174,481.14437
33,173,188,2154.13573
33,174,175,905.84569
33,174,189,2154.13573
33,175,176,730.0
33,175,190,229.34648
33,176,177,226.87932
33,176,191,831.25645
33,177,178,730.0
33,177,192,226.87932
33,178,179,481.14437
33,178,193,229.34648
33,179,194,913.6807
33,180,181,2335.43522
33,180,195,476.55865
33,181,182,2335.43522
33,181,196,1250.19043
33,182,183,2154.13573
33,182,197,433.09533
33,183,184,433.09533
33,183,198,667.78359
33,184,185,3905.56597
33,184,199,2170.26361
33,185,186,1646.6753
33,185,200,3626.47433
33,186,187,481.14437
33,186,201,2170.26361
33,187,188,1142.91254
33,187,202,1646.6753
33,188,189,913.6807
33,188,203,2154.13573
33,189,190,661.75321
33,189,204,730.0
33,190,191,831.25645
33,190,205,913.6807
33,191,192,1791.81964
33,191,206,528.56615
33,192,193,1142.91254
33,192,207,667.78359
33,193,194,831.25645
33,193,208,905.84569
33,194,209,203.62963
33,195,196,905.84569
33,195,210,661.75321
33,196,197,2154.13573
33,196,211,2154.13573
33,197,198,1354.78011
33,197,212,3905.56597
33,198,199,2335.43522
33,198,213,203.62963
33,199,200,1523.47441
33,199,214,994.3458
33,200,201,661.75321
33,200,215,3905.56597
33,201,202,226.87932
33,201,216,1999.78877
33,202,203,481.14437
33,202,217,255.00713
33,203,204,1791.81964
33,203,218,667.78359
33,204,205,661.75321
33,204,219,255.00713
33,205,206,1523.47441
33,205,220,2154.13573
33,206,207,3626.47433
33,206,221,604.46471
33,207,208,994.3458
33,207,222,1250.19043
33,208,209,2170.26361
33,208,223,604.46471
33,209,224,1240.0113
33,210,211,667.78359
33,211,212,433.09533
33,212,213,1354.78011
33,213,214,2170.26361
33,214,215,1142.91254
33,215,216,433.09533
33,216,217,1659.56867
33,217,218,3651.36534
33,218,219,2154.13573
33,219,220,730.0
33,220,221,3905.56597
33,221,222,226.87932
33,222,223,1250.19043
33,223,224,1791.81964
34,0,1,363.26384
34,0,15,536.08038
34,1,2,369.12816
34,1,16,424.31533
34,2,3,536.08038
34,2,17,363.26384
34,3,4,1019.93074
34,3,18,448.9341
34,4,5,620.23039
34,4,19,451.54756
34,5,6,448.9341
34,5,20,881.91242
34,6,7,504.62958
34,6,21,307.50933
34,7,8,157.38551
34,7,22,424.31533
34,8,9,1019.93074
34,8,23,424.31533
34,9,10,305.6138
34,9,24,723.50388
34,10,11,507.51102
34,10,25,730.0
34,11,12,243.84222
34,11,26,243.84222
34,12,13,504.62958
34,12,27,730.0
34,13,14,448.9341
34,13,28,1219.8603
34,14,29,1019.93074
34,15,16,243.84222
34,15,30,424.31533
34,16,17,653.98173
34,16,31,536.08038
34,17,18,363.26384
34,17,32,611.17996
34,18,19,369.12816
34,18,33,305.6138
34,19,20,869.76769
34,19,34,302.47628
34,20,21,451.54756
34,20,35,723.50388
34,21,22,620.23039
34,21,36,448.9341
34,22,23,881.91242
34,22,37,611.17996
34,23,24,1019.93074
34,23,38,536.08038
34,24,25,451.54756
34,24,39,536.08038
34,25,26,363.26384
34,25,40,455.93156
34,26,27,611.17996
34,26,41,455.93156
34,27,28,723.50388
34,27,42,653.98173
34,28,29,1219.8603
34,28,43,611.17996
34,29,44,157.38551
34,30,31,365.45376
34,30,45,1219.8603
34,31,32,1219.8603
34,31,46,869.76769
34,32,33,507.51102
34,32,47,881.91242
34,33,34,200.509
34,33,48,302.47628
34,34,35,504.62958
34,34,49,723.50388
34,35,36,611.17996
34,35,50,504.62958
34,36,37,874.3055
34,36,51,451.54756
34,37,38,869.76769
34,37,52,869.76769
34,38,39,245.4117
34,38,53,616.82346
34,39,40,455.93156
34,39,54,507.51102
34,40,41,305.6138
34,40,55,881.91242
34,41,42,369.12816
34,41,56,1219.8603
34,42,43,305.6138
34,42,57,723.50388
34,43,44,369.12816
34,43,58,369.12816
34,44,59,1219.8603
34,45,46,243.84222
34,45,60,719.62941
34,46,47,504.62958
34,46,61,363.26384
34,47,48,369.12816
34,47,62,365.45376
34,48,49,424.31533
34,48,63,365.45376
34,49,50,611.17996
34,49,64,504.62958
34,50,51,653.98173
34,50,65,448.9341
34,51,52,245.4117
34,51,66,723.50388
34,52,53,424.31533
34,52,67,451.54756
34,53,54,723.50388
34,53,68,723.50388
34,54,55,455.93156
34,54,69,369.12816
34,55,56,448.9341
34,55,70,305.6138
34,56,57,616.82346
34,56,71,499.85753
34,57,58,881.91242
34,57,72,157.38551
34,58,59,365.45376
34,58,73,874.3055
34,59,74,874.3055
34,60,61,342.65393
34,60,75,499.85753
34,61,62,536.08038
34,61,76,1219.8603
34,62,63,369.12816
34,62,77,342.65393
34,63,64,874.3055
34,63,78,653.98173
34,64,65,455.93156
34,64,79,869.76769
34,65,66,730.0
34,65,80,455.93156
34,66,67,719.62941
34,66,81,620.23039
34,67,68,653.98173
34,67,82,302.47628
34,68,69,653.98173
34,68,83,200.509
34,69,70,499.85753
34,69,84,504.62958
34,70,71,719.62941
34,70,85,369.12816
34,71,72,245.4117
34,71,86,611.17996
34,72,73,616.82346
34,72,87,157.38551
34,73,74,1219.8603
34,73,88,455.93156
34,74,89,869.76769
34,75,76,369.12816
34,75,90,243.84222
34,76,77,507.51102
34,76,91,424.31533
34,77,78,342.65393
34,77,92,157.38551
34,78,79,448.9341
34,78,93,719.62941
34,79,80,653.98173
34,79,94,455.93156
34,80,81,200.509
34,80,95,719.62941
34,81,82,448.9341
34,81,96,424.31533
34,82,83,241.2451
34,82,97,307.50933
34,83,84,1219.8603
34,83,98,616.82346
34,84,85,507.51102
34,84,99,200.509
34,85,86,723.50388
34,85,100,157.38551
34,86,87,536.08038
34,86,101,305.6138
34,87,88,455.93156
34,87,102,504.62958
34,88,89,451.54756
34,88,103,653.98173
34,89,104,616.82346
34,90,91,451.54756
34,90,105,616.82346
34,91,92,653.98173
34,91,106,504.62958
34,92,93,363.26384
34,92,107,245.4117
34,93,94,723.50388
34,93,108,245.4117
34,94,95,365.45376
34,94,109,363.26384
34,95,96,719.62941
34,95,110,620.23039
34,96,97,305.6138
34,96,111,241.2451
34,97,98,363.26384
34,97,112,200.509
34,98,99,200.509
34,98,113,424.31533
34,99,100,200.509
34,99,114,455.93156
34,100,101,424.31533
34,100,115,536.08038
34,101,102,369.12816
34,101,116,200.509
34,102,103,451.54756
34,102,117,611.17996
34,103,104,1019.93074
34,103,118,369.12816
34,104,119,620.23039
34,105,106,369.12816
34,105,120,723.50388
34,106,107,365.45376
34,106,121,200.509
34,107,108,241.2451
34,107,122,424.31533
34,108,109,874.3055
34,108,123,245.4117
34,109,110,451.54756
34,109,124,363.26384
34,110,111,869.76769
34,110,125,305.6138
34,111,112,157.38551
34,111,126,723.50388
34,112,113,869.76769
34,112,127,730.0
34,113,114,157.38551
34,113,128,448.9341
34,114,115,504.62958
34,114,129,611.17996
34,115,116,723.50388
34,115,130,157.38551
34,116,117,881.91242
34,116,131,730.0
34,117,118,369.12816
34,117,132,869.76769
34,118,119,302.47628
34,118,133,307.50933
34,119,134,536.08038
34,120,121,245.4117
34,120,135,730.0
34,121,122,200.509
34,121,136,302.47628
34,122,123,881.91242
34,122,137,620.23039
34,123,124,363.26384
34,123,138,157.38551
34,124,125,881.91242
34,124,139,730.0
34,125,126,369.12816
34,125,140,342.65393
34,126,127,307.50933
34,126,141,536.08038
34,127,128,499.85753
34,127,142,369.12816
34,128,129,499.85753
34,128,143,536.08038
34,129,130,342.65393
34,129,144,719.62941
34,130,131,504.62958
34,130,145,507.51102
34,131,132,536.08038
34,131,146,305.6138
34,132,133,869.76769
34,132,147,363.26384
34,133,134,1019.93074
34,133,148,342.65393
34,134,149,363.26384
34,135,136,616.82346
34,135,150,365.45376
34,136,137,307.50933
34,136,151,730.0
34,137,138,499.85753
34,137,152,448.9341
34,138,139,369.12816
34,138,153,616.82346
34,139,140,200.509
34,139,154,869.76769
34,140,141,1019.93074
34,140,155,243.84222
34,141,142,616.82346
34,141,156,869.76769
34,142,143,507.51102
34,142,157,342.65393
34,143,144,620.23039
34,143,158,730.0
34,144,145,157.38551
34,144,159,730.0
34,145,146,723.50388
34,145,160,620.23039
34,146,147,157.38551
34,146,161,499.85753
34,147,148,723.50388
34,147,162,305.6138
34,148,149,536.08038
34,148,163,448.9341
34,149,164,723.50388
34,150,151,245.4117
34,150,165,536.08038
34,151,152,342.65393
34,151,166,536.08038
34,152,153,653.98173
34,152,167,869.76769
34,153,154,504.62958
34,153,168,504.62958
34,154,155,245.4117
34,154,169,869.76769
34,155,156,307.50933
34,155,170,507.51102
34,156,157,243.84222
34,156,171,1019.93074
34,157,158,241.2451
34,157,172,307.50933
34,158,159,424.31533
34,158,173,616.82346
34,159,160,157.38551
34,159,174,365.45376
34,160,161,305.6138
34,160,175,342.65393
34,161,162,620.23039
34,161,176,200.509
34,162,163,241.2451
34,162,177,369.12816
34,163,164,874.3055
34,163,178,241.2451
34,164,179,611.17996
34,165,166,302.47628
34,165,180,507.51102
34,166,167,365.45376
34,166,181,200.509
34,167,168,245.4117
34,167,182,302.47628
34,168,169,424.31533
34,168,183,243.84222
34,169,170,869.76769
34,169,184,455.93156
34,170,171,616.82346
34,170,185,455.93156
34,171,172,307.50933
34,171,186,305.6138
34,172,173,1019.93074
34,172,187,200.509
34,173,174,653.98173
34,173,188,342.65393
34,174,175,157.38551
34,174,189,342.65393
34,175,176,730.0
34,175,190,455.93156
34,176,177,245.4117
34,176,191,200.509
34,177,178,730.0
34,177,192,245.4117
34,178,179,653.98173
34,178,193,455.93156
34,179,194,305.6138
34,180,181,504.62958
34,180,195,365.45376
34,181,182,504.62958
34,181,196,1219.8603
34,182,183,342.65393
34,182,197,451.54756
34,183,184,451.54756
34,183,198,881.91242
34,184,185,719.62941
34,184,199,616.82346
34,185,186,241.2451
34,185,200,499.85753
34,186,187,653.98173
34,186,201,616.82346
34,187,188,874.3055
34,187,202,241.2451
34,188,189,305.6138
34,188,203,342.65393
34,189,190,507.51102
34,189,204,730.0
34,190,191,200.509
34,190,205,305.6138
34,191,192,363.26384
34,191,206,536.08038
34,192,193,874.3055
34,192,207,881.91242
34,193,194,200.509
34,193,208,157.38551
34,194,209,307.50933
34,195,196,157.38551
34,195,210,507.51102
34,196,197,342.65393
34,196,211,342.65393
34,197,198,1019.93074
34,197,212,719.62941
34,198,199,504.62958
34,198,213,307.50933
34,199,200,302.47628
34,199,214,243.84222
34,200,201,507.51102
34,200,215,719.62941
34,201,202,245.4117
34,201,216,424.31533
34,202,203,653.98173
34,202,217,369.12816
34,203,204,363.26384
34,203,218,881.91242
34,204,205,507.51102
34,204,219,369.12816
34,205,206,302.47628
34,205,220,342.65393
34,206,207,499.85753
34,206,221,620.23039
34,207,208,243.84222
34,207,222,1219.8603
34,208,209,616.82346
34,208,223,620.23039
34,209,224,723.50388
34,210,211,881.91242
34,211,212,451.54756
34,212,213,1019.93074
34,213,214,616.82346
34,214,215,874.3055
34,215,216,451.54756
34,216,217,448.9341
34,217,218,869.76769
34,218,219,342.65393
34,219,220,730.0
34,220,221,719.62941
34,221,222,245.4117
34,222,223,1219.8603
34,223,224,363.26384
35,0,1,2489.11333
35,0,15,1103.68075
35,1,2,683.06049
35,1,16,4012.37299
35,2,3,1103.68075
35,2,17,2489.11333
35,3,4,1173.57814
35,3,18,4440.71874
35,4,5,1900.65524
35,4,19,2708.99766
35,5,6,4440.71874
35,5,20,1473.58243
35,6,7,1737.36539
35,6,21,1795.96041
35,7,8,2106.3504
35,7,22,4012.37299
35,8,9,1173.57814
35,8,23,4012.37299
35,9,10,3044.28136
35,9,24,1528.29859
35,10,11,970.95176
35,10,25,730.0
35,11,12,1640.26001
35,11,26,1640.26001
35,12,13,1737.36539
35,12,27,730.0
35,13,14,4440.71874
35,13,28,2252.42119
35,14,29,1173.57814
35,15,16,1640.26001
35,15,30,4012.37299
35,16,17,2131.72468
35,16,31,1103.68075
35,17,18,2489.11333
35,17,32,5757.3226
35,18,19,683.06049
35,18,33,3044.28136
35,19,20,4662.65573
35,19,34,5492.55162
35,20,21,2708.99766
35,20,35,1528.29859
35,21,22,1900.65524
35,21,36,4440.71874
35,22,23,1473.58243
35,22,37,5757.3226
35,23,24,1173.57814
35,23,38,1103.68075
35,24,25,2708.99766
35,24,39,1103.68075
35,25,26,2489.11333
35,25,40,1388.99211
35,26,27,5757.3226
35,26,41,1388.99211
35,27,28,1528.29859
35,27,42,2131.72468
35,28,29,2252.42119
35,28,43,5757.3226
35,29,44,2106.3504
35,30,31,1441.08409
35,30,45,2252.42119
35,31,32,2252.42119
35,31,46,4662.65573
35,32,33,970.95176
35,32,47,1473.58243
35,33,34,3816.65333
35,33,48,5492.55162
35,34,35,1737.36539
35,34,49,1528.29859
35,35,36,5757.3226
35,35,50,1737.36539
35,36,37,2856.2524
35,36,51,2708.99766
35,37,38,4662.65573
35,37,52,4662.65573
35,38,39,911.32428
35,38,53,3206.51034
35,39,40,1388.99211
35,39,54,970.95176
35,40,41,3044.28136
35,40,55,1473.58243
35,41,42,683.06049
35,41,56,2252.42119
35,42,43,3044.28136
35,42,57,1528.29859
35,43,44,683.06049
35,43,58,683.06049
35,44,59,2252.42119
35,45,46,1640.26001
35,45,60,2626.3777
35,46,47,1737.36539
35,46,61,2489.11333
35,47,48,683.06049
35,47,62,1441.08409
35,48,49,4012.37299
35,48,63,1441.08409
35,49,50,5757.3226
35,49,64,1737.36539
35,50,51,2131.72468
35,50,65,4440.71874
35,51,52,911.32428
35,51,66,1528.29859
35,52,53,4012.37299
35,52,67,2708.99766
35,53,54,1528.29859
35,53,68,1528.29859
35,54,55,1388.99211
35,54,69,683.06049
35,55,56,4440.71874
35,55,70,3044.28136
35,56,57,3206.51034
35,56,71,3310.94013
35,57,58,1473.58243
35,57,72,2106.3504
35,58,59,1441.08409
35,58,73,2856.2524
35,59,74,2856.2524
35,60,61,2225.85346
35,60,75,3310.94013
35,61,62,1103.68075
35,61,76,2252.42119
35,62,63,683.06049
35,62,77,2225.85346
35,63,64,2856.2524
35,63,78,2131.72468
35,64,65,1388.99211
35,64,79,4662.65573
35,65,66,730.0
35,65,80,1388.99211
35,66,67,2626.3777
35,66,81,1900.65524
35,67,68,2131.72468
35,67,82,5492.55162
35,68,69,2131.72468
35,68,83,3816.65333
35,69,70,3310.94013
35,69,84,1737.36539
35,70,71,2626.3777
35,70,85,683.06049
35,71,72,911.32428
35,71,86,5757.3226
35,72,73,3206.51034
35,72,87,2106.3504
35,73,74,2252.42119
35,73,88,1388.99211
35,74,89,4662.65573
35,75,76,683.06049
35,75,90,1640.26001
35,76,77,970.95176
35,76,91,4012.37299
35,77,78,2225.85346
35,77,92,2106.3504
35,78,79,4440.71874
35,78,93,2626.3777
35,79,80,2131.72468
35,79,94,1388.99211
35,80,81,3816.65333
35,80,95,2626.3777
35,81,82,4440.71874
35,81,96,4012.37299
35,82,83,3144.29957
35,82,97,1795.96041
35,83,84,2252.42119
35,83,98,3206.51034
35,84,85,970.95176
35,84,99,3816.65333
35,85,86,1528.29859
35,85,100,2106.3504
35,86,87,1103.68075
35,86,101,3044.28136
35,87,88,1388.99211
35,87,102,1737.36539
35,88,89,2708.99766
35,88,103,2131.72468
35,89,104,3206.51034
35,90,91,2708.99766
35,90,105,3206.51034
35,91,92,2131.72468
35,91,106,1737.36539
35,92,93,2489.11333
35,92,107,911.32428
35,93,94,1528.29859
35,93,108,911.32428
35,94,95,1441.08409
35,94,109,2489.11333
35,95,96,2626.3777
35,95,110,1900.65524
35,96,97,3044.28136
35,96,111,3144.29957
35,97,98,2489.11333
35,97,112,3816.65333
35,98,99,3816.65333
35,98,113,4012.37299
35,99,100,3816.65333
35,99,114,1388.99211
35,100,101,4012.37299
35,100,115,1103.68075
35,101,102,683.06049
35,101,116,3816.65333
35,102,103,2708.99766
35,102,117,5757.3226
35,103,104,1173.57814
35,103,118,683.06049
35,104,119,1900.65524
35,105,106,683.06049
35,105,120,1528.29859
35,106,107,1441.08409
35,106,121,3816.65333
35,107,108,3144.29957
35,107,122,4012.37299
35,108,109,2856.2524
35,108,123,911.32428
35,109,110,2708.99766
35,109,124,2489.11333
35,110,111,4662.65573
35,110,125,3044.28136
35,111,112,2106.3504
35,111,126,1528.29859
35,112,113,4662.65573
35,112,127,730.0
35,113,114,2106.3504
35,113,128,4440.71874
35,114,115,1737.36539
35,114,129,5757.3226
35,115,116,1528.29859
35,115,130,2106.3504
35,116,117,1473.58243
35,116,131,730.0
35,117,118,683.06049
35,117,132,4662.65573
35,118,119,5492.55162
35,118,133,1795.96041
35,119,134,1103.68075
35,120,121,911.32428
35,120,135,730.0
35,121,122,3816.65333
35,121,136,5492.55162
35,122,123,1473.58243
35,122,137,1900.65524
35,123,124,2489.11333
35,123,138,2106.3504
35,124,125,1473.58243
35,124,139,730.0
35,125,126,683.06049
35,125,140,2225.85346
35,126,127,1795.96041
35,126,141,1103.68075
35,127,128,3310.94013
35,127,142,683.06049
35,128,129,3310.94013
35,128,143,1103.68075
35,129,130,2225.85346
35,129,144,2626.3777
35,130,131,1737.36539
35,130,145,970.95176
35,131,132,1103.68075
35,131,146,3044.28136
35,132,133,4662.65573
35,132,147,2489.11333
35,133,134,1173.57814
35,133,148,2225.85346
35,134,149,2489.11333
35,135,136,3206.51034
35,135,150,1441.08409
35,136,137,1795.96041
35,136,151,730.0
35,137,138,3310.94013
35,137,152,4440.71874
35,138,139,683.06049
35,138,153,3206.51034
35,139,140,3816.65333
35,139,154,4662.65573
35,140,141,1173.57814
35,140,155,1640.26001
35,141,142,3206.51034
35,141,156,4662.65573
35,142,143,970.95176
35,142,157,2225.85346
35,143,144,1900.65524
35,143,158,730.0
35,144,145,2106.3504
35,144,159,730.0
35,145,146,1528.29859
35,145,160,1900.65524
35,146,147,2106.3504
35,146,161,3310.94013
35,147,148,1528.29859
35,147,162,3044.28136
35,148,149,1103.68075
35,148,163,4440.71874
35,149,164,1528.29859
35,150,151,911.32428
35,150,165,1103.68075
35,151,152,2225.85346
35,151,166,1103.68075
35,152,153,2131.72468
35,152,167,4662.65573
35,153,154,1737.36539
35,153,168,1737.36539
35,154,155,911.32428
35,154,169,4662.65573
35,155,156,1795.96041
35,155,170,970.95176
35,156,157,1640.26001
35,156,171,1173.57814
35,157,158,3144.29957
35,157,172,1795.96041
35,158,159,4012.37299
35,158,173,3206.51034
35,159,160,2106.3504
35,159,174,1441.08409
35,160,161,3044.28136
35,160,175,2225.85346
35,161,162,1900.65524
35,161,176,3816.65333
35,162,163,3144.29957
35,162,177,683.06049
35,163,164,2856.2524
35,163,178,3144.29957
35,164,179,5757.3226
35,165,166,5492.55162
35,165,180,970.95176
35,166,167,1441.08409
35,166,181,3816.65333
35,167,168,911.32428
35,167,182,5492.55162
35,168,169,4012.37299
35,168,183,1640.26001
35,169,170,4662.65573
35,169,184,1388.99211
35,170,171,3206.51034
35,170,185,1388.99211
35,171,172,1795.96041
35,171,186,3044.28136
35,172,173,1173.57814
35,172,187,3816.65333
35,173,174,2131.72468
35,173,188,2225.85346
35,174,175,2106.3504
35,174,189,2225.85346
35,175,176,730.0
35,175,190,1388.99211
35,176,177,911.32428
35,176,191,3816.65333
35,177,178,730.0
35,177,192,911.32428
35,178,179,2131.72468
35,178,193,1388.99211
35,179,194,3044.28136
35,180,181,1737.36539
35,180,195,1441.08409
35,181,182,1737.36539
35,181,196,2252.42119
35,182,183,2225.85346
35,182,197,2708.99766
35,183,184,2708.99766
35,183,198,1473.58243
35,184,185,2626.3777
35,184,199,3206.51034
35,185,186,3144.29957
35,185,200,3310.94013
35,186,187,2131.72468
35,186,201,3206.51034
35,187,188,2856.2524
35,187,202,3144.29957
35,188,189,3044.28136
35,188,203,2225.85346
35,189,190,970.95176
35,189,204,730.0
35,190,191,3816.65333
35,190,205,3044.28136
35,191,192,2489.11333
35,191,206,1103.68075
35,192,193,2856.2524
35,192,207,1473.58243
35,193,194,3816.65333
35,193,208,2106.3504
35,194,209,1795.96041
35,195,196,2106.3504
35,195,210,970.95176
35,196,197,2225.85346
35,196,211,2225.85346
35,197,198,1173.57814
35,197,212,2626.3777
35,198,199,1737.36539
35,198,213,1795.96041
35,199,200,5492.55162
35,199,214,1640.26001
35,200,201,970.95176
35,200,215,2626.3777
35,201,202,911.32428
35,201,216,4012.37299
35,202,203,2131.72468
35,202,217,683.06049
35,203,204,2489.11333
35,203,218,1473.58243
35,204,205,970.95176
35,204,219,683.06049
35,205,206,5492.55162
35,205,220,2225.85346
35,206,207,3310.94013
35,206,221,1900.65524
35,207,208,1640.26001
35,207,222,2252.42119
35,208,209,3206.51034
35,208,223,1900.65524
35,209,224,1528.29859
35,210,211,1473.58243
35,211,212,2708.99766
35,212,213,1173.57814
35,213,214,3206.51034
35,214,215,2856.2524
35,215,216,2708.99766
35,216,217,4440.71874
35,217,218,4662.65573
35,218,219,2225.85346
35,219,220,730.0
35,220,221,2626.3777
35,221,222,911.32428
35,222,223,2252.42119
35,223,224,2489.11333
36,0,1,3052.87192
36,0,15,1775.33603
36,1,2,1358.05992
36,1,16,1850.52081
36,2,3,1775.33603
36,2,17,3052.87192
36,3,4,981.75551
36,3,18,2583.0551
36,4,5,1024.24781
36,4,19,2380.50909
36,5,6,2583.0551
36,5,20,590.12607
36,6,7,1362.4433
36,6,21,1844.86205
36,7,8,3716.74931
36,7,22,1850.52081
36,8,9,981.75551
36,8,23,1850.52081
36,9,10,2008.87278
36,9,24,1632.58918
36,10,11,1244.07462
36,10,25,730.0
36,11,12,2391.01308
36,11,26,2391.01308
36,12,13,1362.4433
36,12,27,730.0
36,13,14,2583.0551
36,13,28,801.90453
36,14,29,981.75551
36,15,16,2391.01308
36,15,30,1850.52081
36,16,17,1478.27454
36,16,31,1775.33603
36,17,18,3052.87192
36,17,32,2387.50747
36,18,19,1358.05992
36,18,33,2008.87278
36,19,20,1482.9791
36,19,34,3993.50803
36,20,21,2380.50909
36,20,35,1632.58918
36,21,22,1024.24781
36,21,36,2583.0551
36,22,23,590.12607
36,22,37,2387.50747
36,23,24,981.75551
36,23,38,1775.33603
36,24,25,2380.50909
36,24,39,1775.33603
36,25,26,3052.87192
36,25,40,1121.28695
36,26,27,2387.50747
36,26,41,1121.28695
36,27,28,1632.58918
36,27,42,1478.27454
36,28,29,801.90453
36,28,43,2387.50747
36,29,44,3716.74931
36,30,31,2819.83387
36,30,45,801.90453
36,31,32,801.90453
36,31,46,1482.9791
36,32,33,1244.07462
36,32,47,590.12607
36,33,34,3161.9705
36,33,48,3993.50803
36,34,35,1362.4433
36,34,49,1632.58918
36,35,36,2387.50747
36,35,50,1362.4433
36,36,37,1355.87264
36,36,51,2380.50909
36,37,38,1482.9791
36,37,52,1482.9791
36,38,39,2201.18398
36,38,53,1125.02321
36,39,40,1121.28695
36,39,54,1244.07462
36,40,41,2008.87278
36,40,55,590.12607
36,41,42,1358.05992
36,41,56,801.90453
36,42,43,2008.87278
36,42,57,1632.58918
36,43,44,1358.05992
36,43,58,1358.05992
36,44,59,801.90453
36,45,46,2391.01308
36,45,60,1780.81646
36,46,47,1362.4433
36,46,61,3052.87192
36,47,48,1358.05992
36,47,62,2819.83387
36,48,49,1850.52081
36,48,63,2819.83387
36,49,50,2387.50747
36,49,64,1362.4433
36,50,51,1478.27454
36,50,65,2583.0551
36,51,52,2201.18398
36,51,66,1632.58918
36,52,53,1850.52081
36,52,67,2380.50909
36,53,54,1632.58918
36,53,68,1632.58918
36,54,55,1121.28695
36,54,69,1358.05992
36,55,56,2583.0551
36,55,70,2008.87278
36,56,57,1125.02321
36,56,71,2827.89323
36,57,58,590.12607
36,57,72,3716.74931
36,58,59,2819.83387
36,58,73,1355.87264
36,59,74,1355.87264
36,60,61,2207.74011
36,60,75,2827.89323
36,61,62,1775.33603
36,61,76,801.90453
36,62,63,1358.05992
36,62,77,2207.74011
36,63,64,1355.87264
36,63,78,1478.27454
36,64,65,1121.28695
36,64,79,1482.9791
36,65,66,730.0
36,65,80,1121.28695
36,66,67,1780.81646
36,66,81,1024.24781
36,67,68,1478.27454
36,67,82,3993.50803
36,68,69,1478.27454
36,68,83,3161.9705
36,69,70,2827.89323
36,69,84,1362.4433
36,70,71,1780.81646
36,70,85,1358.05992
36,71,72,2201.18398
36,71,86,2387.50747
36,72,73,1125.02321
36,72,87,3716.74931
36,73,74,801.90453
36,73,88,1121.28695
36,74,89,1482.9791
36,75,76,1358.05992
36,75,90,2391.01308
36,76,77,1244.07462
36,76,91,1850.52081
36,77,78,2207.74011
36,77,92,3716.74931
36,78,79,2583.0551
36,78,93,1780.81646
36,79,80,1478.27454
36,79,94,1121.28695
36,80,81,3161.9705
36,80,95,1780.81646
36,81,82,2583.0551
36,81,96,1850.52081
36,82,83,4665.717
36,82,97,1844.86205
36,83,84,801.90453
36,83,98,1125.02321
36,84,85,1244.07462
36,84,99,3161.9705
36,85,86,1632.58918
36,85,100,3716.74931
36,86,87,1775.33603
36,86,101,2008.87278
36,87,88,1121.28695
36,87,102,1362.4433
36,88,89,2380.50909
36,88,103,1478.27454
36,89,104,1125.02321
36,90,91,2380.50909
36,90,105,1125.02321
36,91,92,1478.27454
36,91,106,1362.4433
36,92,93,3052.87192
36,92,107,2201.18398
36,93,94,1632.58918
36,93,108,2201.18398
36,94,95,2819.83387
36,94,109,3052.87192
36,95,96,1780.81646
36,95,110,1024.24781
36,96,97,2008.87278
36,96,111,4665.717
36,97,98,3052.87192
36,97,112,3161.9705
36,98,99,3161.9705
36,98,113,1850.52081
36,99,100,3161.9705
36,99,114,1121.28695
36,100,101,1850.52081
36,100,115,1775.33603
36,101,102,1358.05992
36,101,116,3161.9705
36,102,103,2380.50909
36,102,117,2387.50747
36,103,104,981.75551
36,103,118,1358.05992
36,104,119,1024.24781
36,105,106,1358.05992
36,105,120,1632.58918
36,106,107,2819.83387
36,106,121,3161.9705
36,107,108,4665.717
36,107,122,1850.52081
36,108,109,1355.87264
36,108,123,2201.18398
36,109,110,2380.50909
36,109,124,3052.87192
36,110,111,1482.9791
36,110,125,2008.87278
36,111,112,3716.74931
36,111,126,1632.58918
36,112,113,1482.9791
36,112,127,730.0
36,113,114,3716.74931
36,113,128,2583.0551
36,114,115,1362.4433
36,114,129,2387.50747
36,115,116,1632.58918
36,115,130,3716.74931
36,116,117,590.12607
36,116,131,730.0
36,117,118,1358.05992
36,117,132,1482.9791
36,118,119,3993.50803
36,118,133,1844.86205
36,119,134,1775.33603
36,120,121,2201.18398
36,120,135,730.0
36,121,122,3161.9705
36,121,136,3993.50803
36,122,123,590.12607
36,122,137,1024.24781
36,123,124,3052.87192
36,123,138,3716.74931
36,124,125,590.12607
36,124,139,730.0
36,125,126,1358.05992
36,125,140,2207.74011
36,126,127,1844.86205
36,126,141,1775.33603
36,127,128,2827.89323
36,127,142,1358.05992
36,128,129,2827.89323
36,128,143,1775.33603
36,129,130,2207.74011
36,129,144,1780.81646
36,130,131,1362.4433
36,130,145,1244.07462
36,131,132,1775.33603
36,131,146,2008.87278
36,132,133,1482.9791
36,132,147,3052.87192
36,133,134,981.75551
36,133,148,2207.74011
36,134,149,3052.87192
36,135,136,1125.02321
36,135,150,2819.83387
36,136,137,1844.86205
36,136,151,730.0
36,137,138,2827.89323
36,137,152,2583.0551
36,138,139,1358.05992
36,138,153,1125.02321
36,139,140,3161.9705
36,139,154,1482.9791
36,140,141,981.75551
36,140,155,2391.01308
36,141,142,1125.02321
36,141,156,1482.9791
36,142,143,1244.07462
36,142,157,2207.74011
36,143,144,1024.24781
36,143,158,730.0
36,144,145,3716.74931
36,144,159,730.0
36,145,146,1632.58918
36,145,160,1024.24781
36,146,147,3716.74931
36,146,161,2827.89323
36,147,148,1632.58918
36,147,162,2008.87278
36,148,149,1775.33603
36,148,163,2583.0551
36,149,164,1632.58918
36,150,151,2201.18398
36,150,165,1775.33603
36,151,152,2207.74011
36,151,166,1775.33603
36,152,153,1478.27454
36,152,167,1482.9791
36,153,154,1362.4433
36,153,168,1362.4433
36,154,155,2201.18398
36,154,169,1482.9791
36,155,156,1844.86205
36,155,170,1244.07462
36,156,157,2391.01308
36,156,171,981.75551
36,157,158,4665.717
36,157,172,1844.86205
36,158,159,1850.52081
36,158,173,1125.02321
36,159,160,3716.74931
36,159,174,2819.83387
36,160,161,2008.87278
36,160,175,2207.74011
36,161,162,1024.24781
36,161,176,3161.9705
36,162,163,4665.717
36,162,177,1358.05992
36,163,164,1355.87264
36,163,178,4665.717
36,164,179,2387.50747
36,165,166,3993.50803
36,165,180,1244.07462
36,166,167,2819.83387
36,166,181,3161.9705
36,167,168,2201.18398
36,167,182,3993.50803
36,168,169,1850.52081
36,168,183,2391.01308
36,169,170,1482.9791
36,169,184,1121.28695
36,170,171,1125.02321
36,170,185,1121.28695
36,171,172,1844.86205
36,171,186,2008.87278
36,172,173,981.75551
36,172,187,3161.9705
36,173,174,1478.27454
36,173,188,2207.74011
36,174,175,3716.74931
36,174,189,2207.74011
36,175,176,730.0
36,175,190,1121.28695
36,176,177,2201.18398
36,176,191,3161.9705
36,177,178,730.0
36,177,192,2201.18398
36,178,179,1478.27454
36,178,193,1121.28695
36,179,194,2008.87278
36,180,181,1362.4433
36,180,195,2819.83387
36,181,182,1362.4433
36,181,196,801.90453
36,182,183,2207.74011
36,182,197,2380.50909
36,183,184,2380.50909
36,183,198,590.12607
36,184,185,1780.81646
36,184,199,1125.02321
36,185,186,4665.717
36,185,200,2827.89323
36,186,187,1478.27454
36,186,201,1125.02321
36,187,188,1355.87264
36,187,202,4665.717
36,188,189,2008.87278
36,188,203,2207.74011
36,189,190,1244.07462
36,189,204,730.0
36,190,191,3161.9705
36,190,205,2008.87278
36,191,192,3052.87192
36,191,206,1775.33603
36,192,193,1355.87264
36,192,207,590.12607
36,193,194,3161.9705
36,193,208,3716.74931
36,194,209,1844.86205
36,195,196,3716.74931
36,195,210,1244.07462
36,196,197,2207.74011
36,196,211,2207.74011
36,197,198,981.75551
36,197,212,1780.81646
36,198,199,1362.4433
36,198,213,1844.86205
36,199,200,3993.50803
36,199,214,2391.01308
36,200,201,1244.07462
36,200,215,1780.81646
36,201,202,2201.18398
36,201,216,1850.52081
36,202,203,1478.27454
36,202,217,1358.05992
36,203,204,3052.87192
36,203,218,590.12607
36,204,205,1244.07462
36,204,219,1358.05992
36,205,206,3993.50803
36,205,220,2207.74011
36,206,207,2827.89323
36,206,221,1024.24781
36,207,208,2391.01308
36,207,222,801.90453
36,208,209,1125.02321
36,208,223,1024.24781
36,209,224,1632.58918
36,210,211,590.12607
36,211,212,2380.50909
36,212,213,981.75551
36,213,214,1125.02321
36,214,215,1355.87264
36,215,216,2380.50909
36,216,217,2583.0551
36,217,218,1482.9791
36,218,219,2207.74011
36,219,220,730.0
36,220,221,1780.81646
36,221,222,2201.18398
36,222,223,801.90453
36,223,224,3052.87192
37,0,1,4928.91675
37,0,15,1303.19464
37,1,2,1356.96591
37,1,16,1931.27576
37,2,3,1303.19464
37,2,17,4928.91675
37,3,4,697.99963
37,3,18,2915.75111
37,4,5,395.33255
37,4,19,748.44862
37,5,6,2915.75111
37,5,20,350.70663
37,6,7,3111.38843
37,6,21,782.36045
37,7,8,5499.57166
37,7,22,1931.27576
37,8,9,697.99963
37,8,23,1931.27576
37,9,10,3020.76115
37,9,24,776.85002
37,10,11,811.82828
37,10,25,730.0
37,11,12,5091.37569
37,11,26,5091.37569
37,12,13,3111.38843
37,12,27,730.0
37,13,14,2915.75111
37,13,28,333.39852
37,14,29,697.99963
37,15,16,5091.37569
37,15,30,1931.27576
37,16,17,672.03208
37,16,31,1303.19464
37,17,18,4928.91675
37,17,32,1859.03608
37,18,19,1356.96591
37,18,33,3020.76115
37,19,20,1694.80193
37,19,34,3173.05681
37,20,21,748.44862
37,20,35,776.85002
37,21,22,395.33255
37,21,36,2915.75111
37,22,23,350.70663
37,22,37,1859.03608
37,23,24,697.99963
37,23,38,1303.19464
37,24,25,748.44862
37,24,39,1303.19464
37,25,26,4928.91675
37,25,40,703.03952
37,26,27,1859.03608
37,26,41,703.03952
37,27,28,776.85002
37,27,42,672.03208
37,28,29,333.39852
37,28,43,1859.03608
37,29,44,5499.57166
37,30,31,1435.3442
37,30,45,333.39852
37,31,32,333.39852
37,31,46,1694.80193
37,32,33,811.82828
37,32,47,350.70663
37,33,34,3285.71351
37,33,48,3173.05681
37,34,35,3111.38843
37,34,49,776.85002
37,35,36,1859.03608
37,35,50,3111.38843
37,36,37,376.19457
37,36,51,748.44862
37,37,38,1694.80193
37,37,52,1694.80193
37,38,39,1493.61004
37,38,53,1761.69646
37,39,40,703.03952
37,39,54,811.82828
37,40,41,3020.76115
37,40,55,350.70663
37,41,42,1356.96591
37,41,56,333.39852
37,42,43,3020.76115
37,42,57,776.85002
37,43,44,1356.96591
37,43,58,1356.96591
37,44,59,333.39852
37,45,46,5091.37569
37,45,60,3003.75086
37,46,47,3111.38843
37,46,61,4928.91675
37,47,48,1356.96591
37,47,62,1435.3442
37,48,49,1931.27576
37,48,63,1435.3442
37,49,50,1859.03608
37,49,64,3111.38843
37,50,51,672.03208
37,50,65,2915.75111
37,51,52,1493.61004
37,51,66,776.85002
37,52,53,1931.27576
37,52,67,748.44862
37,53,54,776.85002
37,53,68,776.85002
37,54,55,703.03952
37,54,69,1356.96591
37,55,56,2915.75111
37,55,70,3020.76115
37,56,57,1761.69646
37,56,71,3267.46769
37,57,58,350.70663
37,57,72,5499.57166
37,58,59,1435.3442
37,58,73,376.19457
37,59,74,376.19457
37,60,61,3382.90352
37,60,75,3267.46769
37,61,62,1303.19464
37,61,76,333.39852
37,62,63,1356.96591
37,62,77,3382.90352
37,63,64,376.19457
37,63,78,672.03208
37,64,65,703.03952
37,64,79,1694.80193
37,65,66,730.0
37,65,80,703.03952
37,66,67,3003.75086
37,66,81,395.33255
37,67,68,672.03208
37,67,82,3173.05681
37,68,69,672.03208
37,68,83,3285.71351
37,69,70,3267.46769
37,69,84,3111.38843
37,70,71,3003.75086
37,70,85,1356.96591
37,71,72,1493.61004
37,71,86,1859.03608
37,72,73,1761.69646
37,72,87,5499.57166
37,73,74,333.39852
37,73,88,703.03952
37,74,89,1694.80193
37,75,76,1356.96591
37,75,90,5091.37569
37,76,77,811.82828
37,76,91,1931.27576
37,77,78,3382.90352
37,77,92,5499.57166
37,78,79,2915.75111
37,78,93,3003.75086
37,79,80,672.03208
37,79,94,703.03952
37,80,81,3285.71351
37,80,95,3003.75086
37,81,82,2915.75111
37,81,96,1931.27576
37,82,83,5326.29702
37,82,97,782.36045
37,83,84,333.39852
37,83,98,1761.69646
37,84,85,811.82828
37,84,99,3285.71351
37,85,86,776.85002
37,85,100,5499.57166
37,86,87,1303.19464
37,86,101,3020.76115
37,87,88,703.03952
37,87,102,3111.38843
37,88,89,748.44862
37,88,103,672.03208
37,89,104,1761.69646
37,90,91,748.44862
37,90,105,1761.69646
37,91,92,672.03208
37,91,106,3111.38843
37,92,93,4928.91675
37,92,107,1493.61004
37,93,94,776.85002
37,93,108,1493.61004
37,94,95,1435.3442
37,94,109,4928.91675
37,95,96,3003.75086
37,95,110,395.33255
37,96,97,3020.76115
37,96,111,5326.29702
37,97,98,4928.91675
37,97,112,3285.71351
37,98,99,3285.71351
37,98,113,1931.27576
37,99,100,3285.71351
37,99,114,703.03952
37,100,101,1931.27576
37,100,115,1303.19464
37,101,102,1356.96591
37,101,116,3285.71351
37,102,103,748.44862
37,102,117,1859.03608
37,103,104,697.99963
37,103,118,1356.96591
37,104,119,395.33255
37,105,106,1356.96591
37,105,120,776.85002
37,106,107,1435.3442
37,106,121,3285.71351
37,107,108,5326.29702
37,107,122,1931.27576
37,108,109,376.19457
37,108,123,1493.61004
37,109,110,748.44862
37,109,124,4928.91675
37,110,111,1694.80193
37,110,125,3020.76115
37,111,112,5499.57166
37,111,126,776.85002
37,112,113,1694.80193
37,112,127,730.0
37,113,114,5499.57166
37,113,128,2915.75111
37,114,115,3111.38843
37,114,129,1859.03608
37,115,116,776.85002
37,115,130,5499.57166
37,116,117,350.70663
37,116,131,730.0
37,117,118,1356.96591
37,117,132,1694.80193
37,118,119,3173.05681
37,118,133,782.36045
37,119,134,1303.19464
37,120,121,1493.61004
37,120,135,730.0
37,121,122,3285.71351
37,121,136,3173.05681
37,122,123,350.70663
37,122,137,395.33255
37,123,124,4928.91675
37,123,138,5499.57166
37,124,125,350.70663
37,124,139,730.0
37,125,126,1356.96591
37,125,140,3382.90352
37,126,127,782.36045
37,126,141,1303.19464
37,127,128,3267.46769
37,127,142,1356.96591
37,128,129,3267.46769
37,128,143,1303.19464
37,129,130,3382.90352
37,129,144,3003.75086
37,130,131,3111.38843
37,130,145,811.82828
37,131,132,1303.19464
37,131,146,3020.76115
37,132,133,1694.80193
37,132,147,4928.91675
37,133,134,697.99963
37,133,148,3382.90352
37,134,149,4928.91675
37,135,136,1761.69646
37,135,150,1435.3442
37,136,137,782.36045
37,136,151,730.0
37,137,138,3267.46769
37,137,152,2915.75111
37,138,139,1356.96591
37,138,153,1761.69646
37,139,140,3285.71351
37,139,154,1694.80193
37,140,141,697.99963
37,140,155,5091.37569
37,141,142,1761.69646
37,141,156,1694.80193
37,142,143,811.82828
37,142,157,3382.90352
37,143,144,395.33255
37,143,158,730.0
37,144,145,5499.57166
37,144,159,730.0
37,145,146,776.85002
37,145,160,395.33255
37,146,147,5499.57166
37,146,161,3267.46769
37,147,148,776.85002
37,147,162,3020.76115
37,148,149,1303.19464
37,148,163,2915.75111
37,149,164,776.85002
37,150,151,1493.61004
37,150,165,1303.19464
37,151,152,3382.90352
37,151,166,1303.19464
37,152,153,672.03208
37,152,167,1694.80193
37,153,154,3111.38843
37,153,168,3111.38843
37,154,155,1493.61004
37,154,169,1694.80193
37,155,156,782.36045
37,155,170,811.82828
37,156,157,5091.37569
37,156,171,697.99963
37,157,158,5326.29702
37,157,172,782.36045
37,158,159,1931.27576
37,158,173,1761.69646
37,159,160,5499.57166
37,159,174,1435.3442
37,160,161,3020.76115
37,160,175,3382.90352
37,161,162,395.33255
37,161,176,3285.71351
37,162,163,5326.29702
37,162,177,1356.96591
37,163,164,376.19457
37,163,178,5326.29702
37,164,179,1859.03608
37,165,166,3173.05681
37,165,180,811.82828
37,166,167,1435.3442
37,166,181,3285.71351
37,167,168,1493.61004
37,167,182,3173.05681
37,168,169,1931.27576
37,168,183,5091.37569
37,169,170,1694.80193
37,169,184,703.03952
37,170,171,1761.69646
37,170,185,703.03952
37,171,172,782.36045
37,171,186,3020.76115
37,172,173,697.99963
37,172,187,3285.71351
37,173,174,672.03208
37,173,188,3382.90352
37,174,175,5499.57166
37,174,189,3382.90352
37,175,176,730.0
37,175,190,703.03952
37,176,177,1493.61004
37,176,191,3285.71351
37,177,178,730.0
37,177,192,1493.61004
37,178,179,672.03208
37,178,193,703.03952
37,179,194,3020.76115
37,180,181,3111.38843
37,180,195,1435.3442
37,181,182,3111.38843
37,181,196,333.39852
37,182,183,3382.90352
37,182,197,748.44862
37,183,184,748.44862
37,183,198,350.70663
37,184,185,3003.75086
37,184,199,1761.69646
37,185,186,5326.29702
37,185,200,3267.46769
37,186,187,672.03208
37,186,201,1761.69646
37,187,188,376.19457
37,187,202,5326.29702
37,188,189,3020.76115
37,188,203,3382.90352
37,189,190,811.82828
37,189,204,730.0
37,190,191,3285.71351
37,190,205,3020.76115
37,191,192,4928.91675
37,191,206,1303.19464
37,192,193,376.19457
37,192,207,350.70663
37,193,194,3285.71351
37,193,208,5499.57166
37,194,209,782.36045
37,195,196,5499.57166
37,195,210,811.82828
37,196,197,3382.90352
37,196,211,3382.90352
37,197,198,697.99963
37,197,212,3003.75086
37,198,199,3111.38843
37,198,213,782.36045
37,199,200,3173.05681
37,199,214,5091.37569
37,200,201,811.82828
37,200,215,3003.75086
37,201,202,1493.61004
37,201,216,1931.27576
37,202,203,672.03208
37,202,217,1356.96591
37,203,204,4928.91675
37,203,218,350.70663
37,204,205,811.82828
37,204,219,1356.96591
37,205,206,3173.05681
37,205,220,3382.90352
37,206,207,3267.46769
37,206,221,395.33255
37,207,208,5091.37569
37,207,222,333.39852
37,208,209,1761.69646
37,208,223,395.33255
37,209,224,776.85002
37,210,211,350.70663
37,211,212,748.44862
37,212,213,697.99963
37,213,214,1761.69646
37,214,215,376.19457
37,215,216,748.44862
37,216,217,2915.75111
37,217,218,1694.80193
37,218,219,3382.90352
37,219,220,730.0
37,220,221,3003.75086
37,221,222,1493.61004
37,222,223,333.39852
37,223,224,4928.91675
38,0,1,5464.54607
38,0,15,2467.42847
38,1,2,680.59677
38,1,16,906.62666
38,2,3,2467.42847
38,2,17,5464.54607
38,3,4,2611.2408
38,3,18,5019.35254
38,4,5,302.47628
38,4,19,1212.87231
38,5,6,5019.35254
38,5,20,648.05563
38,6,7,1906.45629
38,6,21,278.91514
38,7,8,949.64159
38,7,22,906.62666
38,8,9,2611.2408
38,8,23,906.62666
38,9,10,1621.13903
38,9,24,1437.63786
38,10,11,346.1359
38,10,25,730.0
38,11,12,1795.96041
38,11,26,1795.96041
38,12,13,1906.45629
38,12,27,730.0
38,13,14,5019.35254
38,13,28,2371.78518
38,14,29,2611.2408
38,15,16,1795.96041
38,15,30,906.62666
38,16,17,2239.10447
38,16,31,2467.42847
38,17,18,5464.54607
38,17,32,3113.57353
38,18,19,680.59677
38,18,33,1621.13903
38,19,20,5278.60406
38,19,34,2946.92944
38,20,21,1212.87231
38,20,35,1437.63786
38,21,22,302.47628
38,21,36,5019.35254
38,22,23,648.05563
38,22,37,3113.57353
38,23,24,2611.2408
38,23,38,2467.42847
38,24,25,1212.87231
38,24,39,2467.42847
38,25,26,5464.54607
38,25,40,603.35151
38,26,27,3113.57353
38,26,41,603.35151
38,27,28,1437.63786
38,27,42,2239.10447
38,28,29,2371.78518
38,28,43,3113.57353
38,29,44,949.64159
38,30,31,1350.4173
38,30,45,2371.78518
38,31,32,2371.78518
38,31,46,5278.60406
38,32,33,346.1359
38,32,47,648.05563
38,33,34,847.37223
38,33,48,2946.92944
38,34,35,1906.45629
38,34,49,1437.63786
38,35,36,3113.57353
38,35,50,1906.45629
38,36,37,1292.65659
38,36,51,1212.87231
38,37,38,5278.60406
38,37,52,5278.60406
38,38,39,319.7441
38,38,53,1722.63482
38,39,40,603.35151
38,39,54,346.1359
38,40,41,1621.13903
38,40,55,648.05563
38,41,42,680.59677
38,41,56,2371.78518
38,42,43,1621.13903
38,42,57,1437.63786
38,43,44,680.59677
38,43,58,680.59677
38,44,59,2371.78518
38,45,46,1795.96041
38,45,60,5742.7438
38,46,47,1906.45629
38,46,61,5464.54607
38,47,48,680.59677
38,47,62,1350.4173
38,48,49,906.62666
38,48,63,1350.4173
38,49,50,3113.57353
38,49,64,1906.45629
38,50,51,2239.10447
38,50,65,5019.35254
38,51,52,319.7441
38,51,66,1437.63786
38,52,53,906.62666
38,52,67,1212.87231
38,53,54,1437.63786
38,53,68,1437.63786
38,54,55,603.35151
38,54,69,680.59677
38,55,56,5019.35254
38,55,70,1621.13903
38,56,57,1722.63482
38,56,71,3413.46728
38,57,58,648.05563
38,57,72,949.64159
38,58,59,1350.4173
38,58,73,1292.65659
38,59,74,1292.65659
38,60,61,1014.7703
38,60,75,3413.46728
38,61,62,2467.42847
38,61,76,2371.78518
38,62,63,680.59677
38,62,77,1014.7703
38,63,64,1292.65659
38,63,78,2239.10447
38,64,65,603.35151
38,64,79,5278.60406
38,65,66,730.0
38,65,80,603.35151
38,66,67,5742.7438
38,66,81,302.47628
38,67,68,2239.10447
38,67,82,2946.92944
38,68,69,2239.10447
38,68,83,847.37223
38,69,70,3413.46728
38,69,84,1906.45629
38,70,71,5742.7438
38,70,85,680.59677
38,71,72,319.7441
38,71,86,3113.57353
38,72,73,1722.63482
38,72,87,949.64159
38,73,74,2371.78518
38,73,88,603.35151
38,74,89,5278.60406
38,75,76,680.59677
38,75,90,1795.96041
38,76,77,346.1359
38,76,91,906.62666
38,77,78,1014.7703
38,77,92,949.64159
38,78,79,5019.35254
38,78,93,5742.7438
38,79,80,2239.10447
38,79,94,603.35151
38,80,81,847.37223
38,80,95,5742.7438
38,81,82,5019.35254
38,81,96,906.62666
38,82,83,3233.48439
38,82,97,278.91514
38,83,84,2371.78518
38,83,98,1722.63482
38,84,85,346.1359
38,84,99,847.37223
38,85,86,1437.63786
38,85,100,949.64159
38,86,87,2467.42847
38,86,101,1621.13903
38,87,88,603.35151
38,87,102,1906.45629
38,88,89,1212.87231
38,88,103,2239.10447
38,89,104,1722.63482
38,90,91,1212.87231
38,90,105,1722.63482
38,91,92,2239.10447
38,91,106,1906.45629
38,92,93,5464.54607
38,92,107,319.7441
38,93,94,1437.63786
38,93,108,319.7441
38,94,95,1350.4173
38,94,109,5464.54607
38,95,96,5742.7438
38,95,110,302.47628
38,96,97,1621.13903
38,96,111,3233.48439
38,97,98,5464.54607
38,97,112,847.37223
38,98,99,847.37223
38,98,113,906.62666
38,99,100,847.37223
38,99,114,603.35151
38,100,101,906.62666
38,100,115,2467.42847
38,101,102,680.59677
38,101,116,847.37223
38,102,103,1212.87231
38,102,117,3113.57353
38,103,104,2611.2408
38,103,118,680.59677
38,104,119,302.47628
38,105,106,680.59677
38,105,120,1437.63786
38,106,107,1350.4173
38,106,121,847.37223
38,107,108,3233.48439
38,107,122,906.62666
38,108,109,1292.65659
38,108,123,319.7441
38,109,110,1212.87231
38,109,124,5464.54607
38,110,111,5278.60406
38,110,125,1621.13903
38,111,112,949.64159
38,111,126,1437.63786
38,112,113,5278.60406
38,112,127,730.0
38,113,114,949.64159
38,113,128,5019.35254
38,114,115,1906.45629
38,114,129,3113.57353
38,115,116,1437.63786
38,115,130,949.64159
38,116,117,648.05563
38,116,131,730.0
38,117,118,680.59677
38,117,132,5278.60406
38,118,119,2946.92944
38,118,133,278.91514
38,119,134,2467.42847
38,120,121,319.7441
38,120,135,730.0
38,121,122,847.37223
38,121,136,2946.92944
38,122,123,648.05563
38,122,137,302.47628
38,123,124,5464.54607
38,123,138,949.64159
38,124,125,648.05563
38,124,139,730.0
38,125,126,680.59677
38,125,140,1014.7703
38,126,127,278.91514
38,126,141,2467.42847
38,127,128,3413.46728
38,127,142,680.59677
38,128,129,3413.46728
38,128,143,2467.42847
38,129,130,1014.7703
38,129,144,5742.7438
38,130,131,1906.45629
38,130,145,346.1359
38,131,132,2467.42847
38,131,146,1621.13903
38,132,133,5278.60406
38,132,147,5464.54607
38,133,134,2611.2408
38,133,148,1014.7703
38,134,149,5464.54607
38,135,136,1722.63482
38,135,150,1350.4173
38,136,137,278.91514
38,136,151,730.0
38,137,138,3413.46728
38,137,152,5019.35254
38,138,139,680.59677
38,138,153,1722.63482
38,139,140,847.37223
38,139,154,5278.60406
38,140,141,2611.2408
38,140,155,1795.96041
38,141,142,1722.63482
38,141,156,5278.60406
38,142,143,346.1359
38,142,157,1014.7703
38,143,144,302.47628
38,143,158,730.0
38,144,145,949.64159
38,144,159,730.0
38,145,146,1437.63786
38,145,160,302.47628
38,146,147,949.64159
38,146,161,3413.46728
38,147,148,1437.63786
38,147,162,1621.13903
38,148,149,2467.42847
38,148,163,5019.35254
38,149,164,1437.63786
38,150,151,319.7441
38,150,165,2467.42847
38,151,152,1014.7703
38,151,166,2467.42847
38,152,153,2239.10447
38,152,167,5278.60406
38,153,154,1906.45629
38,153,168,1906.45629
38,154,155,319.7441
38,154,169,5278.60406
38,155,156,278.91514
38,155,170,346.1359
38,156,157,1795.96041
38,156,171,2611.2408
38,157,158,3233.48439
38,157,172,278.91514
38,158,159,906.62666
38,158,173,1722.63482
38,159,160,949.64159
38,159,174,1350.4173
38,160,161,1621.13903
38,160,175,1014.7703
38,161,162,302.47628
38,161,176,847.37223
38,162,163,3233.48439
38,162,177,680.59677
38,163,164,1292.65659
38,163,178,3233.48439
38,164,179,3113.57353
38,165,166,2946.92944
38,165,180,346.1359
38,166,167,1350.4173
38,166,181,847.37223
38,167,168,319.7441
38,167,182,2946.92944
38,168,169,906.62666
38,168,183,1795.96041
38,169,170,5278.60406
38,169,184,603.35151
38,170,171,1722.63482
38,170,185,603.35151
38,171,172,278.91514
38,171,186,1621.13903
38,172,173,2611.2408
38,172,187,847.37223
38,173,174,2239.10447
38,173,188,1014.7703
38,174,175,949.64159
38,174,189,1014.7703
38,175,176,730.0
38,175,190,603.35151
38,176,177,319.7441
38,176,191,847.37223
38,177,178,730.0
38,177,192,319.7441
38,178,179,2239.10447
38,178,193,603.35151
38,179,194,1621.13903
38,180,181,1906.45629
38,180,195,1350.4173
38,181,182,1906.45629
38,181,196,2371.78518
38,182,183,1014.7703
38,182,197,1212.87231
38,183,184,1212.87231
38,183,198,648.05563
38,184,185,5742.7438
38,184,199,1722.63482
38,185,186,3233.48439
38,185,200,3413.46728
38,186,187,2239.10447
38,186,201,1722.63482
38,187,188,1292.65659
38,187,202,3233.48439
38,188,189,1621.13903
38,188,203,1014.7703
38,189,190,346.1359
38,189,204,730.0
38,190,191,847.37223
38,190,205,1621.13903
38,191,192,5464.54607
38,191,206,2467.42847
38,192,193,1292.65659
38,192,207,648.05563
38,193,194,847.37223
38,193,208,949.64159
38,194,209,278.91514
38,195,196,949.64159
38,195,210,346.1359
38,196,197,1014.7703
38,196,211,1014.7703
38,197,198,2611.2408
38,197,212,5742.7438
38,198,199,1906.45629
38,198,213,278.91514
38,199,200,2946.92944
38,199,214,1795.96041
38,200,201,346.1359
38,200,215,5742.7438
38,201,202,319.7441
38,201,216,906.62666
38,202,203,2239.10447
38,202,217,680.59677
38,203,204,5464.54607
38,203,218,648.05563
38,204,205,346.1359
38,204,219,680.59677
38,205,206,2946.92944
38,205,220,1014.7703
38,206,207,3413.46728
38,206,221,302.47628
38,207,208,1795.96041
38,207,222,2371.78518
38,208,209,1722.63482
38,208,223,302.47628
38,209,224,1437.63786
38,210,211,648.05563
38,211,212,1212.87231
38,212,213,2611.2408
38,213,214,1722.63482
38,214,215,1292.65659
38,215,216,1212.87231
38,216,217,5019.35254
38,217,218,5278.60406
38,218,219,1014.7703
38,219,220,730.0
38,220,221,5742.7438
38,221,222,319.7441
38,222,223,2371.78518
38,223,224,5464.54607
39,0,1,119.1428
39,0,15,94.78334
39,1,2,64.40708
39,1,16,99.11459
39,2,3,94.78334
39,2,17,119.1428
39,3,4,949.64159
39,3,18,59.86295
39,4,5,78.30994
39,4,19,3.91933
39,5,6,59.86295
39,5,20,440.31362
39,6,7,860.75098
39,6,21,2.42561
39,7,8,8.13037
39,7,22,99.11459
39,8,9,949.64159
39,8,23,99.11459
39,9,10,39.51555
39,9,24,212.77071
39,10,11,151.68882
39,10,25,730.0
39,11,12,82.10403
39,11,26,82.10403
39,12,13,860.75098
39,12,27,730.0
39,13,14,59.86295
39,13,28,585.77173
39,14,29,949.64159
39,15,16,82.10403
39,15,30,99.11459
39,16,17,46.38813
39,16,31,94.78334
39,17,18,119.1428
39,17,32,142.30175
39,18,19,64.40708
39,18,33,39.51555
39,19,20,694.86503
39,19,34,5.37998
39,20,21,3.91933
39,20,35,212.77071
39,21,22,78.30994
39,21,36,59.86295
39,22,23,440.31362
39,22,37,142.30175
39,23,24,949.64159
39,23,38,94.78334
39,24,25,3.91933
39,24,39,94.78334
39,25,26,119.1428
39,25,40,30.12534
39,26,27,142.30175
39,26,41,30.12534
39,27,28,212.77071
39,27,42,46.38813
39,28,29,585.77173
39,28,43,142.30175
39,29,44,8.13037
39,30,31,9.85424
39,30,45,585.77173
39,31,32,585.77173
39,31,46,694.86503
39,32,33,151.68882
39,32,47,440.31362
39,33,34,3.2476
39,33,48,5.37998
39,34,35,860.75098
39,34,49,212.77071
39,35,36,142.30175
39,35,50,860.75098
39,36,37,113.9456
39,36,51,3.91933
39,37,38,694.86503
39,37,52,694.86503
39,38,39,5.91025
39,38,53,526.57728
39,39,40,30.12534
39,39,54,151.68882
39,40,41,39.51555
39,40,55,440.31362
39,41,42,64.40708
39,41,56,585.77173
39,42,43,39.51555
39,42,57,212.77071
39,43,44,64.40708
39,43,58,64.40708
39,44,59,585.77173
39,45,46,82.10403
39,45,60,1111.99156
39,46,47,860.75098
39,46,61,119.1428
39,47,48,64.40708
39,47,62,9.85424
39,48,49,99.11459
39,48,63,9.85424
39,49,50,142.30175
39,49,64,860.75098
39,50,51,46.38813
39,50,65,59.86295
39,51,52,5.91025
39,51,66,212.77071
39,52,53,99.11459
39,52,67,3.91933
39,53,54,212.77071
39,53,68,212.77071
39,54,55,30.12534
39,54,69,64.40708
39,55,56,59.86295
39,55,70,39.51555
39,56,57,526.57728
39,56,71,260.19663
39,57,58,440.31362
39,57,72,8.13037
39,58,59,9.85424
39,58,73,113.9456
39,59,74,113.9456
39,60,61,187.58454
39,60,75,260.19663
39,61,62,94.78334
39,61,76,585.77173
39,62,63,64.40708
39,62,77,187.58454
39,63,64,113.9456
39,63,78,46.38813
39,64,65,30.12534
39,64,79,694.86503
39,65,66,730.0
39,65,80,30.12534
39,66,67,1111.99156
39,66,81,78.30994
39,67,68,46.38813
39,67,82,5.37998
39,68,69,46.38813
39,68,83,3.2476
39,69,70,260.19663
39,69,84,860.75098
39,70,71,1111.99156
39,70,85,64.40708
39,71,72,5.91025
39,71,86,142.30175
39,72,73,526.57728
39,72,87,8.13037
39,73,74,585.77173
39,73,88,30.12534
39,74,89,694.86503
39,75,76,64.40708
39,75,90,82.10403
39,76,77,151.68882
39,76,91,99.11459
39,77,78,187.58454
39,77,92,8.13037
39,78,79,59.86295
39,78,93,1111.99156
39,79,80,46.38813
39,79,94,30.12534
39,80,81,3.2476
39,80,95,1111.99156
39,81,82,59.86295
39,81,96,99.11459
39,82,83,13.42847
39,82,97,2.42561
39,83,84,585.77173
39,83,98,526.57728
39,84,85,151.68882
39,84,99,3.2476
39,85,86,212.77071
39,85,100,8.13037
39,86,87,94.78334
39,86,101,39.51555
39,87,88,30.12534
39,87,102,860.75098
39,88,89,3.91933
39,88,103,46.38813
39,89,104,526.57728
39,90,91,3.91933
39,90,105,526.57728
39,91,92,46.38813
39,91,106,860.75098
39,92,93,119.1428
39,92,107,5.91025
39,93,94,212.77071
39,93,108,5.91025
39,94,95,9.85424
39,94,109,119.1428
39,95,96,1111.99156
39,95,110,78.30994
39,96,97,39.51555
39,96,111,13.42847
39,97,98,119.1428
39,97,112,3.2476
39,98,99,3.2476
39,98,113,99.11459
39,99,100,3.2476
39,99,114,30.12534
39,100,101,99.11459
39,100,115,94.78334
39,101,102,64.40708
39,101,116,3.2476
39,102,103,3.91933
39,102,117,142.30175
39,103,104,949.64159
39,103,118,64.40708
39,104,119,78.30994
39,105,106,64.40708
39,105,120,212.77071
39,106,107,9.85424
39,106,121,3.2476
39,107,108,13.42847
39,107,122,99.11459
39,108,109,113.9456
39,108,123,5.91025
39,109,110,3.91933
39,109,124,119.1428
39,110,111,694.86503
39,110,125,39.51555
39,111,112,8.13037
39,111,126,212.77071
39,112,113,694.86503
39,112,127,730.0
39,113,114,8.13037
39,113,128,59.86295
39,114,115,860.75098
39,114,129,142.30175
39,115,116,212.77071
39,115,130,8.13037
39,116,117,440.31362
39,116,131,730.0
39,117,118,64.40708
39,117,132,694.86503
39,118,119,5.37998
39,118,133,2.42561
39,119,134,94.78334
39,120,121,5.91025
39,120,135,730.0
39,121,122,3.2476
39,121,136,5.37998
39,122,123,440.31362
39,122,137,78.30994
39,123,124,119.1428
39,123,138,8.13037
39,124,125,440.31362
39,124,139,730.0
39,125,126,64.40708
39,125,140,187.58454
39,126,127,2.42561
39,126,141,94.78334
39,127,128,260.19663
39,127,142,64.40708
39,128,129,260.19663
39,128,143,94.78334
39,129,130,187.58454
39,129,144,1111.99156
39,130,131,860.75098
39,130,145,151.68882
39,131,132,94.78334
39,131,146,39.51555
39,132,133,694.86503
39,132,147,119.1428
39,133,134,949.64159
39,133,148,187.58454
39,134,149,119.1428
39,135,136,526.57728
39,135,150,9.85424
39,136,137,2.42561
39,136,151,730.0
39,137,138,260.19663
39,137,152,59.86295
39,138,139,64.40708
39,138,153,526.57728
39,139,140,3.2476
39,139,154,694.86503
39,140,141,949.64159
39,140,155,82.10403
39,141,142,526.57728
39,141,156,694.86503
39,142,143,151.68882
39,142,157,187.58454
39,143,144,78.30994
39,143,158,730.0
39,144,145,8.13037
39,144,159,730.0
39,145,146,212.77071
39,145,160,78.30994
39,146,147,8.13037
39,146,161,260.19663
39,147,148,212.77071
39,147,162,39.51555
39,148,149,94.78334
39,148,163,59.86295
39,149,164,212.77071
39,150,151,5.91025
39,150,165,94.78334
39,151,152,187.58454
39,151,166,94.78334
39,152,153,46.38813
39,152,167,694.86503
39,153,154,860.75098
39,153,168,860.75098
39,154,155,5.91025
39,154,169,694.86503
39,155,156,2.42561
39,155,170,151.68882
39,156,157,82.10403
39,156,171,949.64159
39,157,158,13.42847
39,157,172,2.42561
39,158,159,99.11459
39,158,173,526.57728
39,159,160,8.13037
39,159,174,9.85424
39,160,161,39.51555
39,160,175,187.58454
39,161,162,78.30994
39,161,176,3.2476
39,162,163,13.42847
39,162,177,64.40708
39,163,164,113.9456
39,163,178,13.42847
39,164,179,142.30175
39,165,166,5.37998
39,165,180,151.68882
39,166,167,9.85424
39,166,181,3.2476
39,167,168,5.91025
39,167,182,5.37998
39,168,169,99.11459
39,168,183,82.10403
39,169,170,694.86503
39,169,184,30.12534
39,170,171,526.57728
39,170,185,30.12534
39,171,172,2.42561
39,171,186,39.51555
39,172,173,949.64159
39,172,187,3.2476
39,173,174,46.38813
39,173,188,187.58454
39,174,175,8.13037
39,174,189,187.58454
39,175,176,730.0
39,175,190,30.12534
39,176,177,5.91025
39,176,191,3.2476
39,177,178,730.0
39,177,192,5.91025
39,178,179,46.38813
39,178,193,30.12534
39,179,194,39.51555
39,180,181,860.75098
39,180,195,9.85424
39,181,182,860.75098
39,181,196,585.77173
39,182,183,187.58454
39,182,197,3.91933
39,183,184,3.91933
39,183,198,440.31362
39,184,185,1111.99156
39,184,199,526.57728
39,185,186,13.42847
39,185,200,260.19663
39,186,187,46.38813
39,186,201,526.57728
39,187,188,113.9456
39,187,202,13.42847
39,188,189,39.51555
39,188,203,187.58454
39,189,190,151.68882
39,189,204,730.0
39,190,191,3.2476
39,190,205,39.51555
39,191,192,119.1428
39,191,206,94.78334
39,192,193,113.9456
39,192,207,440.31362
39,193,194,3.2476
39,193,208,8.13037
39,194,209,2.42561
39,195,196,8.13037
39,195,210,151.68882
39,196,197,187.58454
39,196,211,187.58454
39,197,198,949.64159
39,197,212,1111.99156
39,198,199,860.75098
39,198,213,2.42561
39,199,200,5.37998
39,199,214,82.10403
39,200,201,151.68882
39,200,215,1111.99156
39,201,202,5.91025
39,201,216,99.11459
39,202,203,46.38813
39,202,217,64.40708
39,203,204,119.1428
39,203,218,440.31362
39,204,205,151.68882
39,204,219,64.40708
39,205,206,5.37998
39,205,220,187.58454
39,206,207,260.19663
39,206,221,78.30994
39,207,208,82.10403
39,207,222,585.77173
39,208,209,526.57728
39,208,223,78.30994
39,209,224,212.77071
39,210,211,440.31362
39,211,212,3.91933
39,212,213,949.64159
39,213,214,526.57728
39,214,215,113.9456
39,215,216,3.91933
39,216,217,59.86295
39,217,218,694.86503
39,218,219,187.58454
39,219,220,730.0
39,220,221,1111.99156
39,221,222,5.91025
39,222,223,585.77173
39,223,224,119.1428
40,0,1,1055.78296
40,0,15,486.23117
40,1,2,444.17557
40,1,16,957.79115
40,2,3,486.23117
40,2,17,1055.78296
40,3,4,793.47921
40,3,18,894.97089
40,4,5,435.20802
40,4,19,279.20719
40,5,6,894.97089
40,5,20,612.3052
40,6,7,1511.46947
40,6,21,252.84814
40,7,8,711.2941
40,7,22,957.79115
40,8,9,793.47921
40,8,23,957.79115
40,9,10,824.73776
40,9,24,572.33691
40,10,11,524.09998
40,10,25,730.0
40,11,12,975.09525
40,11,26,975.09525
40,12,13,1511.46947
40,12,27,730.0
40,13,14,894.97089
40,13,28,667.1785
40,14,29,793.47921
40,15,16,975.09525
40,15,30,957.79115
40,16,17,402.81505
40,16,31,486.23117
40,17,18,1055.78296
40,17,32,1037.29057
40,18,19,444.17557
40,18,33,824.73776
40,19,20,1395.69629
40,19,34,649.82874
40,20,21,279.20719
40,20,35,572.33691
40,21,22,435.20802
40,21,36,894.97089
40,22,23,612.3052
40,22,37,1037.29057
40,23,24,793.47921
40,23,38,486.23117
40,24,25,279.20719
40,24,39,486.23117
40,25,26,1055.78296
40,25,40,366.91984
40,26,27,1037.29057
40,26,41,366.91984
40,27,28,572.33691
40,27,42,402.81505
40,28,29,667.1785
40,28,43,1037.29057
40,29,44,711.2941
40,30,31,340.92396
40,30,45,667.1785
40,31,32,667.1785
40,31,46,1395.69629
40,32,33,524.09998
40,32,47,612.3052
40,33,34,596.15736
40,33,48,649.82874
40,34,35,1511.46947
40,34,49,572.33691
40,35,36,1037.29057
40,35,50,1511.46947
40,36,37,476.55865
40,36,51,279.20719
40,37,38,1395.69629
40,37,52,1395.69629
40,38,39,309.7332
40,38,53,1293.70718
40,39,40,366.91984
40,39,54,524.09998
40,40,41,824.73776
40,40,55,612.3052
40,41,42,444.17557
40,41,56,667.1785
40,42,43,824.73776
40,42,57,572.33691
40,43,44,444.17557
40,43,58,444.17557
40,44,59,667.1785
40,45,46,975.09525
40,45,60,1627.49193
40,46,47,1511.46947
40,46,61,1055.78296
40,47,48,444.17557
40,47,62,340.92396
40,48,49,957.79115
40,48,63,340.92396
40,49,50,1037.29057
40,49,64,1511.46947
40,50,51,402.81505
40,50,65,894.97089
40,51,52,309.7332
40,51,66,572.33691
40,52,53,957.79115
40,52,67,279.20719
40,53,54,572.33691
40,53,68,572.33691
40,54,55,366.91984
40,54,69,444.17557
40,55,56,894.97089
40,55,70,824.73776
40,56,57,1293.70718
40,56,71,1218.85997
40,57,58,612.3052
40,57,72,711.2941
40,58,59,340.92396
40,58,73,476.55865
40,59,74,476.55865
40,60,61,1127.83221
40,60,75,1218.85997
40,61,62,486.23117
40,61,76,667.1785
40,62,63,444.17557
40,62,77,1127.83221
40,63,64,476.55865
40,63,78,402.81505
40,64,65,366.91984
40,64,79,1395.69629
40,65,66,730.0
40,65,80,366.91984
40,66,67,1627.49193
40,66,81,435.20802
40,67,68,402.81505
40,67,82,649.82874
40,68,69,402.81505
40,68,83,596.15736
40,69,70,1218.85997
40,69,84,1511.46947
40,70,71,1627.49193
40,70,85,444.17557
40,71,72,309.7332
40,71,86,1037.29057
40,72,73,1293.70718
40,72,87,711.2941
40,73,74,667.1785
40,73,88,366.91984
40,74,89,1395.69629
40,75,76,444.17557
40,75,90,975.09525
40,76,77,524.09998
40,76,91,957.79115
40,77,78,1127.83221
40,77,92,711.2941
40,78,79,894.97089
40,78,93,1627.49193
40,79,80,402.81505
40,79,94,366.91984
40,80,81,596.15736
40,80,95,1627.49193
40,81,82,894.97089
40,81,96,957.79115
40,82,83,773.42247
40,82,97,252.84814
40,83,84,667.1785
40,83,98,1293.70718
40,84,85,524.09998
40,84,99,596.15736
40,85,86,572.33691
40,85,100,711.2941
40,86,87,486.23117
40,86,101,824.73776
40,87,88,366.91984
40,87,102,1511.46947
40,88,89,279.20719
40,88,103,402.81505
40,89,104,1293.70718
40,90,91,279.20719
40,90,105,1293.70718
40,91,92,402.81505
40,91,106,1511.46947
40,92,93,1055.78296
40,92,107,309.7332
40,93,94,572.33691
40,93,108,309.7332
40,94,95,340.92396
40,94,109,1055.78296
40,95,96,1627.49193
40,95,110,435.20802
40,96,97,824.73776
40,96,111,773.42247
40,97,98,1055.78296
40,97,112,596.15736
40,98,99,596.15736
40,98,113,957.79115
40,99,100,596.15736
40,99,114,366.91984
40,100,101,957.79115
40,100,115,486.23117
40,101,102,444.17557
40,101,116,596.15736
40,102,103,279.20719
40,102,117,1037.29057
40,103,104,793.47921
40,103,118,444.17557
40,104,119,435.20802
40,105,106,444.17557
40,105,120,572.33691
40,106,107,340.92396
40,106,121,596.15736
40,107,108,773.42247
40,107,122,957.79115
40,108,109,476.55865
40,108,123,309.7332
40,109,110,279.20719
40,109,124,1055.78296
40,110,111,1395.69629
40,110,125,824.73776
40,111,112,711.2941
40,111,126,572.33691
40,112,113,1395.69629
40,112,127,730.0
40,113,114,711.2941
40,113,128,894.97089
40,114,115,1511.46947
40,114,129,1037.29057
40,115,116,572.33691
40,115,130,711.2941
40,116,117,612.3052
40,116,131,730.0
40,117,118,444.17557
40,117,132,1395.69629
40,118,119,649.82874
40,118,133,252.84814
40,119,134,486.23117
40,120,121,309.7332
40,120,135,730.0
40,121,122,596.15736
40,121,136,649.82874
40,122,123,612.3052
40,122,137,435.20802
40,123,124,1055.78296
40,123,138,711.2941
40,124,125,612.3052
40,124,139,730.0
40,125,126,444.17557
40,125,140,1127.83221
40,126,127,252.84814
40,126,141,486.23117
40,127,128,1218.85997
40,127,142,444.17557
40,128,129,1218.85997
40,128,143,486.23117
40,129,130,1127.83221
40,129,144,1627.49193
40,130,131,1511.46947
40,130,145,524.09998
40,131,132,486.23117
40,131,146,824.73776
40,132,133,1395.69629
40,132,147,1055.78296
40,133,134,793.47921
40,133,148,1127.83221
40,134,149,1055.78296
40,135,136,1293.70718
40,135,150,340.92396
40,136,137,252.84814
40,136,151,730.0
40,137,138,1218.85997
40,137,152,894.97089
40,138,139,444.17557
40,138,153,1293.70718
40,139,140,596.15736
40,139,154,1395.69629
40,140,141,793.47921
40,140,155,975.09525
40,141,142,1293.70718
40,141,156,1395.69629
40,142,143,524.09998
40,142,157,1127.83221
40,143,144,435.20802
40,143,158,730.0
40,144,145,711.2941
40,144,159,730.0
40,145,146,572.33691
40,145,160,435.20802
40,146,147,711.2941
40,146,161,1218.85997
40,147,148,572.33691
40,147,162,824.73776
40,148,149,486.23117
40,148,163,894.97089
40,149,164,572.33691
40,150,151,309.7332
40,150,165,486.23117
40,151,152,1127.83221
40,151,166,486.23117
40,152,153,402.81505
40,152,167,1395.69629
40,153,154,1511.46947
40,153,168,1511.46947
40,154,155,309.7332
40,154,169,1395.69629
40,155,156,252.84814
40,155,170,524.09998
40,156,157,975.09525
40,156,171,793.47921
40,157,158,773.42247
40,157,172,252.84814
40,158,159,957.79115
40,158,173,1293.70718
40,159,160,711.2941
40,159,174,340.92396
40,160,161,824.73776
40,160,175,1127.83221
40,161,162,435.20802
40,161,176,596.15736
40,162,163,773.42247
40,162,177,444.17557
40,163,164,476.55865
40,163,178,773.42247
40,164,179,1037.29057
40,165,166,649.82874
40,165,180,524.09998
40,166,167,340.92396
40,166,181,596.15736
40,167,168,309.7332
40,167,182,649.82874
40,168,169,957.79115
40,168,183,975.09525
40,169,170,1395.69629
40,169,184,366.91984
40,170,171,1293.70718
40,170,185,366.91984
40,171,172,252.84814
40,171,186,824.73776
40,172,173,793.47921
40,172,187,596.15736
40,173,174,402.81505
40,173,188,1127.83221
40,174,175,711.2941
40,174,189,1127.83221
40,175,176,730.0
40,175,190,366.91984
40,176,177,309.7332
40,176,191,596.15736
40,177,178,730.0
40,177,192,309.7332
40,178,179,402.81505
40,178,193,366.91984
40,179,194,824.73776
40,180,181,1511.46947
40,180,195,340.92396
40,181,182,1511.46947
40,181,196,667.1785
40,182,183,1127.83221
40,182,197,279.20719
40,183,184,279.20719
40,183,198,612.3052
40,184,185,1627.49193
40,184,199,1293.70718
40,185,186,773.42247
40,185,200,1218.85997
40,186,187,402.81505
40,186,201,1293.70718
40,187,188,476.55865
40,187,202,773.42247
40,188,189,824.73776
40,188,203,1127.83221
40,189,190,524.09998
40,189,204,730.0
40,190,191,596.15736
40,190,205,824.73776
40,191,192,1055.78296
40,191,206,486.23117
40,192,193,476.55865
40,192,207,612.3052
40,193,194,596.15736
40,193,208,711.2941
40,194,209,252.84814
40,195,196,711.2941
40,195,210,524.09998
40,196,197,1127.83221
40,196,211,1127.83221
40,197,198,793.47921
40,197,212,1627.49193
40,198,199,1511.46947
40,198,213,252.84814
40,199,200,649.82874
40,199,214,975.09525
40,200,201,524.09998
40,200,215,1627.49193
40,201,202,309.7332
40,201,216,957.79115
40,202,203,402.81505
40,202,217,444.17557
40,203,204,1055.78296
40,203,218,612.3052
40,204,205,524.09998
40,204,219,444.17557
40,205,206,649.82874
40,205,220,1127.83221
40,206,207,1218.85997
40,206,221,435.20802
40,207,208,975.09525
40,207,222,667.1785
40,208,209,1293.70718
40,208,223,435.20802
40,209,224,572.33691
40,210,211,612.3052
40,211,212,279.20719
40,212,213,793.47921
40,213,214,1293.70718
40,214,215,476.55865
40,215,216,279.20719
40,216,217,894.97089
40,217,218,1395.69629
40,218,219,1127.83221
40,219,220,730.0
40,220,221,1627.49193
40,221,222,309.7332
40,222,223,667.1785
40,223,224,1055.78296
41,0,1,127.8418
41,0,15,228.35693
41,1,2,399.2561
41,1,16,607.25521
41,2,3,228.35693
41,2,17,127.8418
41,3,4,441.1694
41,3,18,162.14519
41,4,5,956.15659
41,4,19,316.16135
41,5,6,162.14519
41,5,20,873.54783
41,6,7,453.73514
41,6,21,537.59387
41,7,8,263.5195
41,7,22,607.25521
41,8,9,441.1694
41,8,23,607.25521
41,9,10,292.31287
41,9,24,488.09201
41,10,11,801.19958
41,10,25,730.0
41,11,12,235.61281
41,11,26,235.61281
41,12,13,453.73514
41,12,27,730.0
41,13,14,162.14519
41,13,28,536.08038
41,14,29,441.1694
41,15,16,235.61281
41,15,30,607.25521
41,16,17,283.61865
41,16,31,228.35693
41,17,18,127.8418
41,17,32,361.08489
41,18,19,399.2561
41,18,33,292.31287
41,19,20,324.68433
41,19,34,182.61403
41,20,21,316.16135
41,20,35,488.09201
41,21,22,956.15659
41,21,36,162.14519
41,22,23,873.54783
41,22,37,361.08489
41,23,24,441.1694
41,23,38,228.35693
41,24,25,316.16135
41,24,39,228.35693
41,25,26,127.8418
41,25,40,486.69583
41,26,27,361.08489
41,26,41,486.69583
41,27,28,488.09201
41,27,42,283.61865
41,28,29,536.08038
41,28,43,361.08489
41,29,44,263.5195
41,30,31,255.54928
41,30,45,536.08038
41,31,32,536.08038
41,31,46,324.68433
41,32,33,801.19958
41,32,47,873.54783
41,33,34,325.67999
41,33,48,182.61403
41,34,35,453.73514
41,34,49,488.09201
41,35,36,361.08489
41,35,50,453.73514
41,36,37,591.21886
41,36,51,316.16135
41,37,38,324.68433
41,37,52,324.68433
41,38,39,442.45567
41,38,53,550.86093
41,39,40,486.69583
41,39,54,801.19958
41,40,41,292.31287
41,40,55,873.54783
41,41,42,399.2561
41,41,56,536.08038
41,42,43,292.31287
41,42,57,488.09201
41,43,44,399.2561
41,43,58,399.2561
41,44,59,536.08038
41,45,46,235.61281
41,45,60,262.68547
41,46,47,453.73514
41,46,61,127.8418
41,47,48,399.2561
41,47,62,255.54928
41,48,49,607.25521
41,48,63,255.54928
41,49,50,361.08489
41,49,64,453.73514
41,50,51,283.61865
41,50,65,162.14519
41,51,52,442.45567
41,51,66,488.09201
41,52,53,607.25521
41,52,67,316.16135
41,53,54,488.09201
41,53,68,488.09201
41,54,55,486.69583
41,54,69,399.2561
41,55,56,162.14519
41,55,70,292.31287
41,56,57,550.86093
41,56,71,293.22485
41,57,58,873.54783
41,57,72,263.5195
41,58,59,255.54928
41,58,73,591.21886
41,59,74,591.21886
41,60,61,501.76181
41,60,75,293.22485
41,61,62,228.35693
41,61,76,536.08038
41,62,63,399.2561
41,62,77,501.76181
41,63,64,591.21886
41,63,78,283.61865
41,64,65,486.69583
41,64,79,324.68433
41,65,66,730.0
41,65,80,486.69583
41,66,67,262.68547
41,66,81,956.15659
41,67,68,283.61865
41,67,82,182.61403
41,68,69,283.61865
41,68,83,325.67999
41,69,70,293.22485
41,69,84,453.73514
41,70,71,262.68547
41,70,85,399.2561
41,71,72,442.45567
41,71,86,361.08489
41,72,73,550.86093
41,72,87,263.5195
41,73,74,536.08038
41,73,88,486.69583
41,74,89,324.68433
41,75,76,399.2561
41,75,90,235.61281
41,76,77,801.19958
41,76,91,607.25521
41,77,78,501.76181
41,77,92,263.5195
41,78,79,162.14519
41,78,93,262.68547
41,79,80,283.61865
41,79,94,486.69583
41,80,81,325.67999
41,80,95,262.68547
41,81,82,162.14519
41,81,96,607.25521
41,82,83,144.64362
41,82,97,537.59387
41,83,84,536.08038
41,83,98,550.86093
41,84,85,801.19958
41,84,99,325.67999
41,85,86,488.09201
41,85,100,263.5195
41,86,87,228.35693
41,86,101,292.31287
41,87,88,486.69583
41,87,102,453.73514
41,88,89,316.16135
41,88,103,283.61865
41,89,104,550.86093
41,90,91,316.16135
41,90,105,550.86093
41,91,92,283.61865
41,91,106,453.73514
41,92,93,127.8418
41,92,107,442.45567
41,93,94,488.09201
41,93,108,442.45567
41,94,95,255.54928
41,94,109,127.8418
41,95,96,262.68547
41,95,110,956.15659
41,96,97,292.31287
41,96,111,144.64362
41,97,98,127.8418
41,97,112,325.67999
41,98,99,325.67999
41,98,113,607.25521
41,99,100,325.67999
41,99,114,486.69583
41,100,101,607.25521
41,100,115,228.35693
41,101,102,399.2561
41,101,116,325.67999
41,102,103,316.16135
41,102,117,361.08489
41,103,104,441.1694
41,103,118,399.2561
41,104,119,956.15659
41,105,106,399.2561
41,105,120,488.09201
41,106,107,255.54928
41,106,121,325.67999
41,107,108,144.64362
41,107,122,607.25521
41,108,109,591.21886
41,108,123,442.45567
41,109,110,316.16135
41,109,124,127.8418
41,110,111,324.68433
41,110,125,292.31287
41,111,112,263.5195
41,111,126,488.09201
41,112,113,324.68433
41,112,127,730.0
41,113,114,263.5195
41,113,128,162.14519
41,114,115,453.73514
41,114,129,361.08489
41,115,116,488.09201
41,115,130,263.5195
41,116,117,873.54783
41,116,131,730.0
41,117,118,399.2561
41,117,132,324.68433
41,118,119,182.61403
41,118,133,537.59387
41,119,134,228.35693
41,120,121,442.45567
41,120,135,730.0
41,121,122,325.67999
41,121,136,182.61403
41,122,123,873.54783
41,122,137,956.15659
41,123,124,127.8418
41,123,138,263.5195
41,124,125,873.54783
41,124,139,730.0
41,125,126,399.2561
41,125,140,501.76181
41,126,127,537.59387
41,126,141,228.35693
41,127,128,293.22485
41,127,142,399.2561
41,128,129,293.22485
41,128,143,228.35693
41,129,130,501.76181
41,129,144,262.68547
41,130,131,453.73514
41,130,145,801.19958
41,131,132,228.35693
41,131,146,292.31287
41,132,133,324.68433
41,132,147,127.8418
41,133,134,441.1694
41,133,148,501.76181
41,134,149,127.8418
41,135,136,550.86093
41,135,150,255.54928
41,136,137,537.59387
41,136,151,730.0
41,137,138,293.22485
41,137,152,162.14519
41,138,139,399.2561
41,138,153,550.86093
41,139,140,325.67999
41,139,154,324.68433
41,140,141,441.1694
41,140,155,235.61281
41,141,142,550.86093
41,141,156,324.68433
41,142,143,801.19958
41,142,157,501.76181
41,143,144,956.15659
41,143,158,730.0
41,144,145,263.5195
41,144,159,730.0
41,145,146,488.09201
41,145,160,956.15659
41,146,147,263.5195
41,146,161,293.22485
41,147,148,488.09201
41,147,162,292.31287
41,148,149,228.35693
41,148,163,162.14519
41,149,164,488.09201
41,150,151,442.45567
41,150,165,228.35693
41,151,152,501.76181
41,151,166,228.35693
41,152,153,283.61865
41,152,167,324.68433
41,153,154,453.73514
41,153,168,453.73514
41,154,155,442.45567
41,154,169,324.68433
41,155,156,537.59387
41,155,170,801.19958
41,156,157,235.61281
41,156,171,441.1694
41,157,158,144.64362
41,157,172,537.59387
41,158,159,607.25521
41,158,173,550.86093
41,159,160,263.5195
41,159,174,255.54928
41,160,161,292.31287
41,160,175,501.76181
41,161,162,956.15659
41,161,176,325.67999
41,162,163,144.64362
41,162,177,399.2561
41,163,164,591.21886
41,163,178,144.64362
41,164,179,361.08489
41,165,166,182.61403
41,165,180,801.19958
41,166,167,255.54928
41,166,181,325.67999
41,167,168,442.45567
41,167,182,182.61403
41,168,169,607.25521
41,168,183,235.61281
41,169,170,324.68433
41,169,184,486.69583
41,170,171,550.86093
41,170,185,486.69583
41,171,172,537.59387
41,171,186,292.31287
41,172,173,441.1694
41,172,187,325.67999
41,173,174,283.61865
41,173,188,501.76181
41,174,175,263.5195
41,174,189,501.76181
41,175,176,730.0
41,175,190,486.69583
41,176,177,442.45567
41,176,191,325.67999
41,177,178,730.0
41,177,192,442.45567
41,178,179,283.61865
41,178,193,486.69583
41,179,194,292.31287
41,180,181,453.73514
41,180,195,255.54928
41,181,182,453.73514
41,181,196,536.08038
41,182,183,501.76181
41,182,197,316.16135
41,183,184,316.16135
41,183,198,873.54783
41,184,185,262.68547
41,184,199,550.86093
41,185,186,144.64362
41,185,200,293.22485
41,186,187,283.61865
41,186,201,550.86093
41,187,188,591.21886
41,187,202,144.64362
41,188,189,292.31287
41,188,203,501.76181
41,189,190,801.19958
41,189,204,730.0
41,190,191,325.67999
41,190,205,292.31287
41,191,192,127.8418
41,191,206,228.35693
41,192,193,591.21886
41,192,207,873.54783
41,193,194,325.67999
41,193,208,263.5195
41,194,209,537.59387
41,195,196,263.5195
41,195,210,801.19958
41,196,197,501.76181
41,196,211,501.76181
41,197,198,441.1694
41,197,212,262.68547
41,198,199,453.73514
41,198,213,537.59387
41,199,200,182.61403
41,199,214,235.61281
41,200,201,801.19958
41,200,215,262.68547
41,201,202,442.45567
41,201,216,607.25521
41,202,203,283.61865
41,202,217,399.2561
41,203,204,127.8418
41,203,218,873.54783
41,204,205,801.19958
41,204,219,399.2561
41,205,206,182.61403
41,205,220,501.76181
41,206,207,293.22485
41,206,221,956.15659
41,207,208,235.61281
41,207,222,536.08038
41,208,209,550.86093
41,208,223,956.15659
41,209,224,488.09201
41,210,211,873.54783
41,211,212,316.16135
41,212,213,441.1694
41,213,214,550.86093
41,214,215,591.21886
41,215,216,316.16135
41,216,217,162.14519
41,217,218,324.68433
41,218,219,501.76181
41,219,220,730.0
41,220,221,262.68547
41,221,222,442.45567
41,222,223,536.08038
41,223,224,127.8418
42,0,1,1422.78352
42,0,15,941.54997
42,1,2,445.46915
42,1,16,376.19457
42,2,3,941.54997
42,2,17,1422.78352
42,3,4,1459.58054
42,3,18,667.78359
42,4,5,223.94808
42,4,19,304.6697
42,5,6,667.78359
42,5,20,311.65007
42,6,7,1122.22004
42,6,21,122.3264
42,7,8,532.06177
42,7,22,376.19457
42,8,9,1459.58054
42,8,23,376.19457
42,9,10,301.54029
42,9,24,1131.58664
42,10,11,548.28857
42,10,25,730.0
42,11,12,709.38206
42,11,26,709.38206
42,12,13,1122.22004
42,12,27,730.0
42,13,14,667.78359
42,13,28,687.3899
42,14,29,1459.58054
42,15,16,709.38206
42,15,30,376.19457
42,16,17,417.31707
42,16,31,941.54997
42,17,18,1422.78352
42,17,32,811.11606
42,18,19,445.46915
42,18,33,301.54029
42,19,20,1061.11672
42,19,34,499.38241
42,20,21,304.6697
42,20,35,1131.58664
42,21,22,223.94808
42,21,36,667.78359
42,22,23,311.65007
42,22,37,811.11606
42,23,24,1459.58054
42,23,38,941.54997
42,24,25,304.6697
42,24,39,941.54997
42,25,26,1422.78352
42,25,40,175.96016
42,26,27,811.11606
42,26,41,175.96016
42,27,28,1131.58664
42,27,42,417.31707
42,28,29,687.3899
42,28,43,811.11606
42,29,44,532.06177
42,30,31,715.77228
42,30,45,687.3899
42,31,32,687.3899
42,31,46,1061.11672
42,32,33,548.28857
42,32,47,311.65007
42,33,34,216.28602
42,33,48,499.38241
42,34,35,1122.22004
42,34,49,1131.58664
42,35,36,811.11606
42,35,50,1122.22004
42,36,37,514.77478
42,36,51,304.6697
42,37,38,1061.11672
42,37,52,1061.11672
42,38,39,326.34518
42,38,53,509.9227
42,39,40,175.96016
42,39,54,548.28857
42,40,41,301.54029
42,40,55,311.65007
42,41,42,445.46915
42,41,56,687.3899
42,42,43,301.54029
42,42,57,1131.58664
42,43,44,445.46915
42,43,58,445.46915
42,44,59,687.3899
42,45,46,709.38206
42,45,60,2144.50706
42,46,47,1122.22004
42,46,61,1422.78352
42,47,48,445.46915
42,47,62,715.77228
42,48,49,376.19457
42,48,63,715.77228
42,49,50,811.11606
42,49,64,1122.22004
42,50,51,417.31707
42,50,65,667.78359
42,51,52,326.34518
42,51,66,1131.58664
42,52,53,376.19457
42,52,67,304.6697
42,53,54,1131.58664
42,53,68,1131.58664
42,54,55,175.96016
42,54,69,445.46915
42,55,56,667.78359
42,55,70,301.54029
42,56,57,509.9227
42,56,71,1689.54318
42,57,58,311.65007
42,57,72,532.06177
42,58,59,715.77228
42,58,73,514.77478
42,59,74,514.77478
42,60,61,860.00312
42,60,75,1689.54318
42,61,62,941.54997
42,61,76,687.3899
42,62,63,445.46915
42,62,77,860.00312
42,63,64,514.77478
42,63,78,417.31707
42,64,65,175.96016
42,64,79,1061.11672
42,65,66,730.0
42,65,80,175.96016
42,66,67,2144.50706
42,66,81,223.94808
42,67,68,417.31707
42,67,82,499.38241
42,68,69,417.31707
42,68,83,216.28602
42,69,70,1689.54318
42,69,84,1122.22004
42,70,71,2144.50706
42,70,85,445.46915
42,71,72,326.34518
42,71,86,811.11606
42,72,73,509.9227
42,72,87,532.06177
42,73,74,687.3899
42,73,88,175.96016
42,74,89,1061.11672
42,75,76,445.46915
42,75,90,709.38206
42,76,77,548.28857
42,76,91,376.19457
42,77,78,860.00312
42,77,92,532.06177
42,78,79,667.78359
42,78,93,2144.50706
42,79,80,417.31707
42,79,94,175.96016
42,80,81,216.28602
42,80,95,2144.50706
42,81,82,667.78359
42,81,96,376.19457
42,82,83,1101.84096
42,82,97,122.3264
42,83,84,687.3899
42,83,98,509.9227
42,84,85,548.28857
42,84,99,216.28602
42,85,86,1131.58664
42,85,100,532.06177
42,86,87,941.54997
42,86,101,301.54029
42,87,88,175.96016
42,87,102,1122.22004
42,88,89,304.6697
42,88,103,417.31707
42,89,104,509.9227
42,90,91,304.6697
42,90,105,509.9227
42,91,92,417.31707
42,91,106,1122.22004
42,92,93,1422.78352
42,92,107,326.34518
42,93,94,1131.58664
42,93,108,326.34518
42,94,95,715.77228
42,94,109,1422.78352
42,95,96,2144.50706
42,95,110,223.94808
42,96,97,301.54029
42,96,111,1101.84096
42,97,98,1422.78352
42,97,112,216.28602
42,98,99,216.28602
42,98,113,376.19457
42,99,100,216.28602
42,99,114,175.96016
42,100,101,376.19457
42,100,115,941.54997
42,101,102,445.46915
42,101,116,216.28602
42,102,103,304.6697
42,102,117,811.11606
42,103,104,1459.58054
42,103,118,445.46915
42,104,119,223.94808
42,105,106,445.46915
42,105,120,1131.58664
42,106,107,715.77228
42,106,121,216.28602
42,107,108,1101.84096
42,107,122,376.19457
42,108,109,514.77478
42,108,123,326.34518
42,109,110,304.6697
42,109,124,1422.78352
42,110,111,1061.11672
42,110,125,301.54029
42,111,112,532.06177
42,111,126,1131.58664
42,112,113,1061.11672
42,112,127,730.0
42,113,114,532.06177
42,113,128,667.78359
42,114,115,1122.22004
42,114,129,811.11606
42,115,116,1131.58664
42,115,130,532.06177
42,116,117,311.65007
42,116,131,730.0
42,117,118,445.46915
42,117,132,1061.11672
42,118,119,499.38241
42,118,133,122.3264
42,119,134,941.54997
42,120,121,326.34518
42,120,135,730.0
42,121,122,216.28602
42,121,136,499.38241
42,122,123,311.65007
42,122,137,223.94808
42,123,124,1422.78352
42,123,138,532.06177
42,124,125,311.65007
42,124,139,730.0
42,125,126,445.46915
42,125,140,860.00312
42,126,127,122.3264
42,126,141,941.54997
42,127,128,1689.54318
42,127,142,445.46915
42,128,129,1689.54318
42,128,143,941.54997
42,129,130,860.00312
42,129,144,2144.50706
42,130,131,1122.22004
42,130,145,548.28857
42,131,132,941.54997
42,131,146,301.54029
42,132,133,1061.11672
42,132,147,1422.78352
42,133,134,1459.58054
42,133,148,860.00312
42,134,149,1422.78352
42,135,136,509.9227
42,135,150,715.77228
42,136,137,122.3264
42,136,151,730.0
42,137,138,1689.54318
42,137,152,667.78359
42,138,139,445.46915
42,138,153,509.9227
42,139,140,216.28602
42,139,154,1061.11672
42,140,141,1459.58054
42,140,155,709.38206
42,141,142,509.9227
42,141,156,1061.11672
42,142,143,548.28857
42,142,157,860.00312
42,143,144,223.94808
42,143,158,730.0
42,144,145,532.06177
42,144,159,730.0
42,145,146,1131.58664
42,145,160,223.94808
42,146,147,532.06177
42,146,161,1689.54318
42,147,148,1131.58664
42,147,162,301.54029
42,148,149,941.54997
42,148,163,667.78359
42,149,164,1131.58664
42,150,151,326.34518
42,150,165,941.54997
42,151,152,860.00312
42,151,166,941.54997
42,152,153,417.31707
42,152,167,1061.11672
42,153,154,1122.22004
42,153,168,1122.22004
42,154,155,326.34518
42,154,169,1061.11672
42,155,156,122.3264
42,155,170,548.28857
42,156,157,709.38206
42,156,171,1459.58054
42,157,158,1101.84096
42,157,172,122.3264
42,158,159,376.19457
42,158,173,509.9227
42,159,160,532.06177
42,159,174,715.77228
42,160,161,301.54029
42,160,175,860.00312
42,161,162,223.94808
42,161,176,216.28602
42,162,163,1101.84096
42,162,177,445.46915
42,163,164,514.77478
42,163,178,1101.84096
42,164,179,811.11606
42,165,166,499.38241
42,165,180,548.28857
42,166,167,715.77228
42,166,181,216.28602
42,167,168,326.34518
42,167,182,499.38241
42,168,169,376.19457
42,168,183,709.38206
42,169,170,1061.11672
42,169,184,175.96016
42,170,171,509.9227
42,170,185,175.96016
42,171,172,122.3264
42,171,186,301.54029
42,172,173,1459.58054
42,172,187,216.28602
42,173,174,417.31707
42,173,188,860.00312
42,174,175,532.06177
42,174,189,860.00312
42,175,176,730.0
42,175,190,175.96016
42,176,177,326.34518
42,176,191,216.28602
42,177,178,730.0
42,177,192,326.34518
42,178,179,417.31707
42,178,193,175.96016
42,179,194,301.54029
42,180,181,1122.22004
42,180,195,715.77228
42,181,182,1122.22004
42,181,196,687.3899
42,182,183,860.00312
42,182,197,304.6697
42,183,184,304.6697
42,183,198,311.65007
42,184,185,2144.50706
42,184,199,509.9227
42,185,186,1101.84096
42,185,200,1689.54318
42,186,187,417.31707
42,186,201,509.9227
42,187,188,514.77478
42,187,202,1101.84096
42,188,189,301.54029
42,188,203,860.00312
42,189,190,548.28857
42,189,204,730.0
42,190,191,216.28602
42,190,205,301.54029
42,191,192,1422.78352
42,191,206,941.54997
42,192,193,514.77478
42,192,207,311.65007
42,193,194,216.28602
42,193,208,532.06177
42,194,209,122.3264
42,195,196,532.06177
42,195,210,548.28857
42,196,197,860.00312
42,196,211,860.00312
42,197,198,1459.58054
42,197,212,2144.50706
42,198,199,1122.22004
42,198,213,122.3264
42,199,200,499.38241
42,199,214,709.38206
42,200,201,548.28857
42,200,215,2144.50706
42,201,202,326.34518
42,201,216,376.19457
42,202,203,417.31707
42,202,217,445.46915
42,203,204,1422.78352
42,203,218,311.65007
42,204,205,548.28857
42,204,219,445.46915
42,205,206,499.38241
42,205,220,860.00312
42,206,207,1689.54318
42,206,221,223.94808
42,207,208,709.38206
42,207,222,687.3899
42,208,209,509.9227
42,208,223,223.94808
42,209,224,1131.58664
42,210,211,311.65007
42,211,212,304.6697
42,212,213,1459.58054
42,213,214,509.9227
42,214,215,514.77478
42,215,216,304.6697
42,216,217,667.78359
42,217,218,1061.11672
42,218,219,860.00312
42,219,220,730.0
42,220,221,2144.50706
42,221,222,326.34518
42,222,223,687.3899
42,223,224,1422.78352
43,0,1,5691.96007
43,0,15,4058.49737
43,1,2,3681.42238
43,1,16,2462.03193
43,2,3,4058.49737
43,2,17,5691.96007
43,3,4,829.0788
43,3,18,10378.49518
43,4,5,1666.04685
43,4,19,7625.53896
43,5,6,10378.49518
43,5,20,1672.5461
43,6,7,1140.07224
43,6,21,6985.11692
43,7,8,5174.26372
43,7,22,2462.03193
43,8,9,829.0788
43,8,23,2462.03193
43,9,10,9548.9895
43,9,24,825.45995
43,10,11,726.74588
43,10,25,730.0
43,11,12,5190.97555
43,11,26,5190.97555
43,12,13,1140.07224
43,12,27,730.0
43,13,14,10378.49518
43,13,28,1869.01183
43,14,29,829.0788
43,15,16,5190.97555
43,15,30,2462.03193
43,16,17,7648.62564
43,16,31,4058.49737
43,17,18,5691.96007
43,17,32,2732.43717
43,18,19,3681.42238
43,18,33,9548.9895
43,19,20,2742.25341
43,19,34,10348.7196
43,20,21,7625.53896
43,20,35,825.45995
43,21,22,1666.04685
43,21,36,10378.49518
43,22,23,1672.5461
43,22,37,2732.43717
43,23,24,829.0788
43,23,38,4058.49737
43,24,25,7625.53896
43,24,39,4058.49737
43,25,26,5691.96007
43,25,40,7006.57634
43,26,27,2732.43717
43,26,41,7006.57634
43,27,28,825.45995
43,27,42,7648.62564
43,28,29,1869.01183
43,28,43,2732.43717
43,29,44,5174.26372
43,30,31,4044.88574
43,30,45,1869.01183
43,31,32,1869.01183
43,31,46,2742.25341
43,32,33,726.74588
43,32,47,1672.5461
43,33,34,9521.2114
43,33,48,10348.7196
43,34,35,1140.07224
43,34,49,825.45995
43,35,36,2732.43717
43,35,50,1140.07224
43,36,37,1861.88175
43,36,51,7625.53896
43,37,38,2742.25341
43,37,52,2742.25341
43,38,39,3668.87365
43,38,53,2471.03163
43,39,40,7006.57634
43,39,54,726.74588
43,40,41,9548.9895
43,40,55,1672.5461
43,41,42,3681.42238
43,41,56,1869.01183
43,42,43,9548.9895
43,42,57,825.45995
43,43,44,3681.42238
43,43,58,3681.42238
43,44,59,1869.01183
43,45,46,5190.97555
43,45,60,1283.2332
43,46,47,1140.07224
43,46,61,5691.96007
43,47,48,3681.42238
43,47,62,4044.88574
43,48,49,2462.03193
43,48,63,4044.88574
43,49,50,2732.43717
43,49,64,1140.07224
43,50,51,7648.62564
43,50,65,10378.49518
43,51,52,3668.87365
43,51,66,825.45995
43,52,53,2462.03193
43,52,67,7625.53896
43,53,54,825.45995
43,53,68,825.45995
43,54,55,7006.57634
43,54,69,3681.42238
43,55,56,10378.49518
43,55,70,9548.9895
43,56,57,2471.03163
43,56,71,1278.02278
43,57,58,1672.5461
43,57,72,5174.26372
43,58,59,4044.88574
43,58,73,1861.88175
43,59,74,1861.88175
43,60,61,1135.35149
43,60,75,1278.02278
43,61,62,4058.49737
43,61,76,1869.01183
43,62,63,3681.42238
43,62,77,1135.35149
43,63,64,1861.88175
43,63,78,7648.62564
43,64,65,7006.57634
43,64,79,2742.25341
43,65,66,730.0
43,65,80,7006.57634
43,66,67,1283.2332
43,66,81,1666.04685
43,67,68,7648.62564
43,67,82,10348.7196
43,68,69,7648.62564
43,68,83,9521.2114
43,69,70,1278.02278
43,69,84,1140.07224
43,70,71,1283.2332
43,70,85,3681.42238
43,71,72,3668.87365
43,71,86,2732.43717
43,72,73,2471.03163
43,72,87,5174.26372
43,73,74,1869.01183
43,73,88,7006.57634
43,74,89,2742.25341
43,75,76,3681.42238
43,75,90,5190.97555
43,76,77,726.74588
43,76,91,2462.03193
43,77,78,1135.35149
43,77,92,5174.26372
43,78,79,10378.49518
43,78,93,1283.2332
43,79,80,7648.62564
43,79,94,7006.57634
43,80,81,9521.2114
43,80,95,1283.2332
43,81,82,10378.49518
43,81,96,2462.03193
43,82,83,5673.91399
43,82,97,6985.11692
43,83,84,1869.01183
43,83,98,2471.03163
43,84,85,726.74588
43,84,99,9521.2114
43,85,86,825.45995
43,85,100,5174.26372
43,86,87,4058.49737
43,86,101,9548.9895
43,87,88,7006.57634
43,87,102,1140.07224
43,88,89,7625.53896
43,88,103,7648.62564
43,89,104,2471.03163
43,90,91,7625.53896
43,90,105,2471.03163
43,91,92,7648.62564
43,91,106,1140.07224
43,92,93,5691.96007
43,92,107,3668.87365
43,93,94,825.45995
43,93,108,3668.87365
43,94,95,4044.88574
43,94,109,5691.96007
43,95,96,1283.2332
43,95,110,1666.04685
43,96,97,9548.9895
43,96,111,5673.91399
43,97,98,5691.96007
43,97,112,9521.2114
43,98,99,9521.2114
43,98,113,2462.03193
43,99,100,9521.2114
43,99,114,7006.57634
43,100,101,2462.03193
43,100,115,4058.49737
43,101,102,3681.42238
43,101,116,9521.2114
43,102,103,7625.53896
43,102,117,2732.43717
43,103,104,829.0788
43,103,118,3681.42238
43,104,119,1666.04685
43,105,106,3681.42238
43,105,120,825.45995
43,106,107,4044.88574
43,106,121,9521.2114
43,107,108,5673.91399
43,107,122,2462.03193
43,108,109,1861.88175
43,108,123,3668.87365
43,109,110,7625.53896
43,109,124,5691.96007
43,110,111,2742.25341
43,110,125,9548.9895
43,111,112,5174.26372
43,111,126,825.45995
43,112,113,2742.25341
43,112,127,730.0
43,113,114,5174.26372
43,113,128,10378.49518
43,114,115,1140.07224
43,114,129,2732.43717
43,115,116,825.45995
43,115,130,5174.26372
43,116,117,1672.5461
43,116,131,730.0
43,117,118,3681.42238
43,117,132,2742.25341
43,118,119,10348.7196
43,118,133,6985.11692
43,119,134,4058.49737
43,120,121,3668.87365
43,120,135,730.0
43,121,122,9521.2114
43,121,136,10348.7196
43,122,123,1672.5461
43,122,137,1666.04685
43,123,124,5691.96007
43,123,138,5174.26372
43,124,125,1672.5461
43,124,139,730.0
43,125,126,3681.42238
43,125,140,1135.35149
43,126,127,6985.11692
43,126,141,4058.49737
43,127,128,1278.02278
43,127,142,3681.42238
43,128,129,1278.02278
43,128,143,4058.49737
43,129,130,1135.35149
43,129,144,1283.2332
43,130,131,1140.07224
43,130,145,726.74588
43,131,132,4058.49737
43,131,146,9548.9895
43,132,133,2742.25341
43,132,147,5691.96007
43,133,134,829.0788
43,133,148,1135.35149
43,134,149,5691.96007
43,135,136,2471.03163
43,135,150,4044.88574
43,136,137,6985.11692
43,136,151,730.0
43,137,138,1278.02278
43,137,152,10378.49518
43,138,139,3681.42238
43,138,153,2471.03163
43,139,140,9521.2114
43,139,154,2742.25341
43,140,141,829.0788
43,140,155,5190.97555
43,141,142,2471.03163
43,141,156,2742.25341
43,142,143,726.74588
43,142,157,1135.35149
43,143,144,1666.04685
43,143,158,730.0
43,144,145,5174.26372
43,144,159,730.0
43,145,146,825.45995
43,145,160,1666.04685
43,146,147,5174.26372
43,146,161,1278.02278
43,147,148,825.45995
43,147,162,9548.9895
43,148,149,4058.49737
43,148,163,10378.49518
43,149,164,825.45995
43,150,151,3668.87365
43,150,165,4058.49737
43,151,152,1135.35149
43,151,166,4058.49737
43,152,153,7648.62564
43,152,167,2742.25341
43,153,154,1140.07224
43,153,168,1140.07224
43,154,155,3668.87365
43,154,169,2742.25341
43,155,156,6985.11692
43,155,170,726.74588
43,156,157,5190.97555
43,156,171,829.0788
43,157,158,5673.91399
43,157,172,6985.11692
43,158,159,2462.03193
43,158,173,2471.03163
43,159,160,5174.26372
43,159,174,4044.88574
43,160,161,9548.9895
43,160,175,1135.35149
43,161,162,1666.04685
43,161,176,9521.2114
43,162,163,5673.91399
43,162,177,3681.42238
43,163,164,1861.88175
43,163,178,5673.91399
43,164,179,2732.43717
43,165,166,10348.7196
43,165,180,726.74588
43,166,167,4044.88574
43,166,181,9521.2114
43,167,168,3668.87365
43,167,182,10348.7196
43,168,169,2462.03193
43,168,183,5190.97555
43,169,170,2742.25341
43,169,184,7006.57634
43,170,171,2471.03163
43,170,185,7006.57634
43,171,172,6985.11692
43,171,186,9548.9895
43,172,173,829.0788
43,172,187,9521.2114
43,173,174,7648.62564
43,173,188,1135.35149
43,174,175,5174.26372
43,174,189,1135.35149
43,175,176,730.0
43,175,190,7006.57634
43,176,177,3668.87365
43,176,191,9521.2114
43,177,178,730.0
43,177,192,3668.87365
43,178,179,7648.62564
43,178,193,7006.57634
43,179,194,9548.9895
43,180,181,1140.07224
43,180,195,4044.88574
43,181,182,1140.07224
43,181,196,1869.01183
43,182,183,1135.35149
43,182,197,7625.53896
43,183,184,7625.53896
43,183,198,1672.5461
43,184,185,1283.2332
43,184,199,2471.03163
43,185,186,5673.91399
43,185,200,1278.02278
43,186,187,7648.62564
43,186,201,2471.03163
43,187,188,1861.88175
43,187,202,5673.91399
43,188,189,9548.9895
43,188,203,1135.35149
43,189,190,726.74588
43,189,204,730.0
43,190,191,9521.2114
43,190,205,9548.9895
43,191,192,5691.96007
43,191,206,4058.49737
43,192,193,1861.88175
43,192,207,1672.5461
43,193,194,9521.2114
43,193,208,5174.26372
43,194,209,6985.11692
43,195,196,5174.26372
43,195,210,726.74588
43,196,197,1135.35149
43,196,211,1135.35149
43,197,198,829.0788
43,197,212,1283.2332
43,198,199,1140.07224
43,198,213,6985.11692
43,199,200,10348.7196
43,199,214,5190.97555
43,200,201,726.74588
43,200,215,1283.2332
43,201,202,3668.87365
43,201,216,2462.03193
43,202,203,7648.62564
43,202,217,3681.42238
43,203,204,5691.96007
43,203,218,1672.5461
43,204,205,726.74588
43,204,219,3681.42238
43,205,206,10348.7196
43,205,220,1135.35149
43,206,207,1278.02278
43,206,221,1666.04685
43,207,208,5190.97555
43,207,222,1869.01183
43,208,209,2471.03163
43,208,223,1666.04685
43,209,224,825.45995
43,210,211,1672.5461
43,211,212,7625.53896
43,212,213,829.0788
43,213,214,2471.03163
43,214,215,1861.88175
43,215,216,7625.53896
43,216,217,10378.49518
43,217,218,2742.25341
43,218,219,1135.35149
43,219,220,730.0
43,220,221,1283.2332
43,221,222,3668.87365
43,222,223,1869.01183
43,223,224,5691.96007
44,0,1,243.84222
44,0,15,94.54747
44,1,2,252.04247
44,1,16,3651.36534
44,2,3,94.54747
44,2,17,243.84222
44,3,4,323.69121
44,3,18,586.85779
44,4,5,2025.61616
44,4,19,377.69655
44,5,6,586.85779
44,5,20,1531.92508
44,6,7,1458.41874
44,6,21,835.62609
44,7,8,791.38446
44,7,22,3651.36534
44,8,9,323.69121
44,8,23,3651.36534
44,9,10,1231.91785
44,9,24,463.46594
44,10,11,1000.2672
44,10,25,730.0
44,11,12,570.21141
44,11,26,570.21141
44,12,13,1458.41874
44,12,27,730.0
44,13,14,586.85779
44,13,28,750.44813
44,14,29,323.69121
44,15,16,570.21141
44,15,30,3651.36534
44,16,17,260.47219
44,16,31,94.54747
44,17,18,243.84222
44,17,32,1978.72587
44,18,19,252.04247
44,18,33,1231.91785
44,19,20,1494.79517
44,19,34,813.25429
44,20,21,377.69655
44,20,35,463.46594
44,21,22,2025.61616
44,21,36,586.85779
44,22,23,1531.92508
44,22,37,1978.72587
44,23,24,323.69121
44,23,38,94.54747
44,24,25,377.69655
44,24,39,94.54747
44,25,26,243.84222
44,25,40,603.9079
44,26,27,1978.72587
44,26,41,603.9079
44,27,28,463.46594
44,27,42,260.47219
44,28,29,750.44813
44,28,43,1978.72587
44,29,44,791.38446
44,30,31,146.16612
44,30,45,750.44813
44,31,32,750.44813
44,31,46,1494.79517
44,32,33,1000.2672
44,32,47,1531.92508
44,33,34,1645.39057
44,33,48,813.25429
44,34,35,1458.41874
44,34,49,463.46594
44,35,36,1978.72587
44,35,50,1458.41874
44,36,37,1026.84536
44,36,51,377.69655
44,37,38,1494.79517
44,37,52,1494.79517
44,38,39,366.18619
44,38,53,2835.97179
44,39,40,603.9079
44,39,54,1000.2672
44,40,41,1231.91785
44,40,55,1531.92508
44,41,42,252.04247
44,41,56,750.44813
44,42,43,1231.91785
44,42,57,463.46594
44,43,44,252.04247
44,43,58,252.04247
44,44,59,750.44813
44,45,46,570.21141
44,45,60,710.01893
44,46,47,1458.41874
44,46,61,243.84222
44,47,48,252.04247
44,47,62,146.16612
44,48,49,3651.36534
44,48,63,146.16612
44,49,50,1978.72587
44,49,64,1458.41874
44,50,51,260.47219
44,50,65,586.85779
44,51,52,366.18619
44,51,66,463.46594
44,52,53,3651.36534
44,52,67,377.69655
44,53,54,463.46594
44,53,68,463.46594
44,54,55,603.9079
44,54,69,252.04247
44,55,56,586.85779
44,55,70,1231.91785
44,56,57,2835.97179
44,56,71,974.26537
44,57,58,1531.92508
44,57,72,791.38446
44,58,59,146.16612
44,58,73,1026.84536
44,59,74,1026.84536
44,60,61,1932.74408
44,60,75,974.26537
44,61,62,94.54747
44,61,76,750.44813
44,62,63,252.04247
44,62,77,1932.74408
44,63,64,1026.84536
44,63,78,260.47219
44,64,65,603.9079
44,64,79,1494.79517
44,65,66,730.0
44,65,80,603.9079
44,66,67,710.01893
44,66,81,2025.61616
44,67,68,260.47219
44,67,82,813.25429
44,68,69,260.47219
44,68,83,1645.39057
44,69,70,974.26537
44,69,84,1458.41874
44,70,71,710.01893
44,70,85,252.04247
44,71,72,366.18619
44,71,86,1978.72587
44,72,73,2835.97179
44,72,87,791.38446
44,73,74,750.44813
44,73,88,603.9079
44,74,89,1494.79517
44,75,76,252.04247
44,75,90,570.21141
44,76,77,1000.2672
44,76,91,3651.36534
44,77,78,1932.74408
44,77,92,791.38446
44,78,79,586.85779
44,78,93,710.01893
44,79,80,260.47219
44,79,94,603.9079
44,80,81,1645.39057
44,80,95,710.01893
44,81,82,586.85779
44,81,96,3651.36534
44,82,83,354.97042
44,82,97,835.62609
44,83,84,750.44813
44,83,98,2835.97179
44,84,85,1000.2672
44,84,99,1645.39057
44,85,86,463.46594
44,85,100,791.38446
44,86,87,94.54747
44,86,101,1231.91785
44,87,88,603.9079
44,87,102,1458.41874
44,88,89,377.69655
44,88,103,260.47219
44,89,104,2835.97179
44,90,91,377.69655
44,90,105,2835.97179
44,91,92,260.47219
44,91,106,1458.41874
44,92,93,243.84222
44,92,107,366.18619
44,93,94,463.46594
44,93,108,366.18619
44,94,95,146.16612
44,94,109,243.84222
44,95,96,710.01893
44,95,110,2025.61616
44,96,97,1231.91785
44,96,111,354.97042
44,97,98,243.84222
44,97,112,1645.39057
44,98,99,1645.39057
44,98,113,3651.36534
44,99,100,1645.39057
44,99,114,603.9079
44,100,101,3651.36534
44,100,115,94.54747
44,101,102,252.04247
44,101,116,1645.39057
44,102,103,377.69655
44,102,117,1978.72587
44,103,104,323.69121
44,103,118,252.04247
44,104,119,2025.61616
44,105,106,252.04247
44,105,120,463.46594
44,106,107,146.16612
44,106,121,1645.39057
44,107,108,354.97042
44,107,122,3651.36534
44,108,109,1026.84536
44,108,123,366.18619
44,109,110,377.69655
44,109,124,243.84222
44,110,111,1494.79517
44,110,125,1231.91785
44,111,112,791.38446
44,111,126,463.46594
44,112,113,1494.79517
44,112,127,730.0
44,113,114,791.38446
44,113,128,586.85779
44,114,115,1458.41874
44,114,129,1978.72587
44,115,116,463.46594
44,115,130,791.38446
44,116,117,1531.92508
44,116,131,730.0
44,117,118,252.04247
44,117,132,1494.79517
44,118,119,813.25429
44,118,133,835.62609
44,119,134,94.54747
44,120,121,366.18619
44,120,135,730.0
44,121,122,1645.39057
44,121,136,813.25429
44,122,123,1531.92508
44,122,137,2025.61616
44,123,124,243.84222
44,123,138,791.38446
44,124,125,1531.92508
44,124,139,730.0
44,125,126,252.04247
44,125,140,1932.74408
44,126,127,835.62609
44,126,141,94.54747
44,127,128,974.26537
44,127,142,252.04247
44,128,129,974.26537
44,128,143,94.54747
44,129,130,1932.74408
44,129,144,710.01893
44,130,131,1458.41874
44,130,145,1000.2672
44,131,132,94.54747
44,131,146,1231.91785
44,132,133,1494.79517
44,132,147,243.84222
44,133,134,323.69121
44,133,148,1932.74408
44,134,149,243.84222
44,135,136,2835.97179
44,135,150,146.16612
44,136,137,835.62609
44,136,151,730.0
44,137,138,974.26537
44,137,152,586.85779
44,138,139,252.04247
44,138,153,2835.97179
44,139,140,1645.39057
44,139,154,1494.79517
44,140,141,323.69121
44,140,155,570.21141
44,141,142,2835.97179
44,141,156,1494.79517
44,142,143,1000.2672
44,142,157,1932.74408
44,143,144,2025.61616
44,143,158,730.0
44,144,145,791.38446
44,144,159,730.0
44,145,146,463.46594
44,145,160,2025.61616
44,146,147,791.38446
44,146,161,974.26537
44,147,148,463.46594
44,147,162,1231.91785
44,148,149,94.54747
44,148,163,586.85779
44,149,164,463.46594
44,150,151,366.18619
44,150,165,94.54747
44,151,152,1932.74408
44,151,166,94.54747
44,152,153,260.47219
44,152,167,1494.79517
44,153,154,1458.41874
44,153,168,1458.41874
44,154,155,366.18619
44,154,169,1494.79517
44,155,156,835.62609
44,155,170,1000.2672
44,156,157,570.21141
44,156,171,323.69121
44,157,158,354.97042
44,157,172,835.62609
44,158,159,3651.36534
44,158,173,2835.97179
44,159,160,791.38446
44,159,174,146.16612
44,160,161,1231.91785
44,160,175,1932.74408
44,161,162,2025.61616
44,161,176,1645.39057
44,162,163,354.97042
44,162,177,252.04247
44,163,164,1026.84536
44,163,178,354.97042
44,164,179,1978.72587
44,165,166,813.25429
44,165,180,1000.2672
44,166,167,146.16612
44,166,181,1645.39057
44,167,168,366.18619
44,167,182,813.25429
44,168,169,3651.36534
44,168,183,570.21141
44,169,170,1494.79517
44,169,184,603.9079
44,170,171,2835.97179
44,170,185,603.9079
44,171,172,835.62609
44,171,186,1231.91785
44,172,173,323.69121
44,172,187,1645.39057
44,173,174,260.47219
44,173,188,1932.74408
44,174,175,791.38446
44,174,189,1932.74408
44,175,176,730.0
44,175,190,603.9079
44,176,177,366.18619
44,176,191,1645.39057
44,177,178,730.0
44,177,192,366.18619
44,178,179,260.47219
44,178,193,603.9079
44,179,194,1231.91785
44,180,181,1458.41874
44,180,195,146.16612
44,181,182,1458.41874
44,181,196,750.44813
44,182,183,1932.74408
44,182,197,377.69655
44,183,184,377.69655
44,183,198,1531.92508
44,184,185,710.01893
44,184,199,2835.97179
44,185,186,354.97042
44,185,200,974.26537
44,186,187,260.47219
44,186,201,2835.97179
44,187,188,1026.84536
44,187,202,354.97042
44,188,189,1231.91785
44,188,203,1932.74408
44,189,190,1000.2672
44,189,204,730.0
44,190,191,1645.39057
44,190,205,1231.91785
44,191,192,243.84222
44,191,206,94.54747
44,192,193,1026.84536
44,192,207,1531.92508
44,193,194,1645.39057
44,193,208,791.38446
44,194,209,835.62609
44,195,196,791.38446
44,195,210,1000.2672
44,196,197,1932.74408
44,196,211,1932.74408
44,197,198,323.69121
44,197,212,710.01893
44,198,199,1458.41874
44,198,213,835.62609
44,199,200,813.25429
44,199,214,570.21141
44,200,201,1000.2672
44,200,215,710.01893
44,201,202,366.18619
44,201,216,3651.36534
44,202,203,260.47219
44,202,217,252.04247
44,203,204,243.84222
44,203,218,1531.92508
44,204,205,1000.2672
44,204,219,252.04247
44,205,206,813.25429
44,205,220,1932.74408
44,206,207,974.26537
44,206,221,2025.61616
44,207,208,570.21141
44,207,222,750.44813
44,208,209,2835.97179
44,208,223,2025.61616
44,209,224,463.46594
44,210,211,1531.92508
44,211,212,377.69655
44,212,213,323.69121
44,213,214,2835.97179
44,214,215,1026.84536
44,215,216,377.69655
44,216,217,586.85779
44,217,218,1494.79517
44,218,219,1932.74408
44,219,220,730.0
44,220,221,710.01893
44,221,222,366.18619
44,222,223,750.44813
44,223,224,243.84222
45,0,1,5251.51112
45,0,15,1330.92939
45,1,2,2014.94788
45,1,16,850.33019
45,2,3,1330.92939
45,2,17,5251.51112
45,3,4,445.46915
45,3,18,6055.44354
45,4,5,122.18016
45,4,19,269.9876
45,5,6,6055.44354
45,5,20,888.80578
45,6,7,3272.02121
45,6,21,460.79497
45,7,8,1938.62666
45,7,22,850.33019
45,8,9,445.46915
45,8,23,850.33019
45,9,10,8378.80547
45,9,24,46.13081
45,10,11,92.91016
45,10,25,730.0
45,11,12,7321.73719
45,11,26,7321.73719
45,12,13,3272.02121
45,12,27,730.0
45,13,14,6055.44354
45,13,28,551.37661
45,14,29,445.46915
45,15,16,7321.73719
45,15,30,850.33019
45,16,17,1590.93222
45,16,31,1330.92939
45,17,18,5251.51112
45,17,32,525.58519
45,18,19,2014.94788
45,18,33,8378.80547
45,19,20,2632.07287
45,19,34,1528.29859
45,20,21,269.9876
45,20,35,46.13081
45,21,22,122.18016
45,21,36,6055.44354
45,22,23,888.80578
45,22,37,525.58519
45,23,24,445.46915
45,23,38,1330.92939
45,24,25,269.9876
45,24,39,1330.92939
45,25,26,5251.51112
45,25,40,2380.50909
45,26,27,525.58519
45,26,41,2380.50909
45,27,28,46.13081
45,27,42,1590.93222
45,28,29,551.37661
45,28,43,525.58519
45,29,44,1938.62666
45,30,31,212.30564
45,30,45,551.37661
45,31,32,551.37661
45,31,46,2632.07287
45,32,33,92.91016
45,32,47,888.80578
45,33,34,2292.76818
45,33,48,1528.29859
45,34,35,3272.02121
45,34,49,46.13081
45,35,36,525.58519
45,35,50,3272.02121
45,36,37,62.55559
45,36,51,269.9876
45,37,38,2632.07287
45,37,52,2632.07287
45,38,39,369.86672
45,38,53,3816.65333
45,39,40,2380.50909
45,39,54,92.91016
45,40,41,8378.80547
45,40,55,888.80578
45,41,42,2014.94788
45,41,56,551.37661
45,42,43,8378.80547
45,42,57,46.13081
45,43,44,2014.94788
45,43,58,2014.94788
45,44,59,551.37661
45,45,46,7321.73719
45,45,60,2234.12766
45,46,47,3272.02121
45,46,61,5251.51112
45,47,48,2014.94788
45,47,62,212.30564
45,48,49,850.33019
45,48,63,212.30564
45,49,50,525.58519
45,49,64,3272.02121
45,50,51,1590.93222
45,50,65,6055.44354
45,51,52,369.86672
45,51,66,46.13081
45,52,53,850.33019
45,52,67,269.9876
45,53,54,46.13081
45,53,68,46.13081
45,54,55,2380.50909
45,54,69,2014.94788
45,55,56,6055.44354
45,55,70,8378.80547
45,56,57,3816.65333
45,56,71,423.90097
45,57,58,888.80578
45,57,72,1938.62666
45,58,59,212.30564
45,58,73,62.55559
45,59,74,62.55559
45,60,61,697.37176
45,60,75,423.90097
45,61,62,1330.92939
45,61,76,551.37661
45,62,63,2014.94788
45,62,77,697.37176
45,63,64,62.55559
45,63,78,1590.93222
45,64,65,2380.50909
45,64,79,2632.07287
45,65,66,730.0
45,65,80,2380.50909
45,66,67,2234.12766
45,66,81,122.18016
45,67,68,1590.93222
45,67,82,1528.29859
45,68,69,1590.93222
45,68,83,2292.76818
45,69,70,423.90097
45,69,84,3272.02121
45,70,71,2234.12766
45,70,85,2014.94788
45,71,72,369.86672
45,71,86,525.58519
45,72,73,3816.65333
45,72,87,1938.62666
45,73,74,551.37661
45,73,88,2380.50909
45,74,89,2632.07287
45,75,76,2014.94788
45,75,90,7321.73719
45,76,77,92.91016
45,76,91,850.33019
45,77,78,697.37176
45,77,92,1938.62666
45,78,79,6055.44354
45,78,93,2234.12766
45,79,80,1590.93222
45,79,94,2380.50909
45,80,81,2292.76818
45,80,95,2234.12766
45,81,82,6055.44354
45,81,96,850.33019
45,82,83,1276.98282
45,82,97,460.79497
45,83,84,551.37661
45,83,98,3816.65333
45,84,85,92.91016
45,84,99,2292.76818
45,85,86,46.13081
45,85,100,1938.62666
45,86,87,1330.92939
45,86,101,8378.80547
45,87,88,2380.50909
45,87,102,3272.02121
45,88,89,269.9876
45,88,103,1590.93222
45,89,104,3816.65333
45,90,91,269.9876
45,90,105,3816.65333
45,91,92,1590.93222
45,91,106,3272.02121
45,92,93,5251.51112
45,92,107,369.86672
45,93,94,46.13081
45,93,108,369.86672
45,94,95,212.30564
45,94,109,5251.51112
45,95,96,2234.12766
45,95,110,122.18016
45,96,97,8378.80547
45,96,111,1276.98282
45,97,98,5251.51112
45,97,112,2292.76818
45,98,99,2292.76818
45,98,113,850.33019
45,99,100,2292.76818
45,99,114,2380.50909
45,100,101,850.33019
45,100,115,1330.92939
45,101,102,2014.94788
45,101,116,2292.76818
45,102,103,269.9876
45,102,117,525.58519
45,103,104,445.46915
45,103,118,2014.94788
45,104,119,122.18016
45,105,106,2014.94788
45,105,120,46.13081
45,106,107,212.30564
45,106,121,2292.76818
45,107,108,1276.98282
45,107,122,850.33019
45,108,109,62.55559
45,108,123,369.86672
45,109,110,269.9876
45,109,124,5251.51112
45,110,111,2632.07287
45,110,125,8378.80547
45,111,112,1938.62666
45,111,126,46.13081
45,112,113,2632.07287
45,112,127,730.0
45,113,114,1938.62666
45,113,128,6055.44354
45,114,115,3272.02121
45,114,129,525.58519
45,115,116,46.13081
45,115,130,1938.62666
45,116,117,888.80578
45,116,131,730.0
45,117,118,2014.94788
45,117,132,2632.07287
45,118,119,1528.29859
45,118,133,460.79497
45,119,134,1330.92939
45,120,121,369.86672
45,120,135,730.0
45,121,122,2292.76818
45,121,136,1528.29859
45,122,123,888.80578
45,122,137,122.18016
45,123,124,5251.51112
45,123,138,1938.62666
45,124,125,888.80578
45,124,139,730.0
45,125,126,2014.94788
45,125,140,697.37176
45,126,127,460.79497
45,126,141,1330.92939
45,127,128,423.90097
45,127,142,2014.94788
45,128,129,423.90097
45,128,143,1330.92939
45,129,130,697.37176
45,129,144,2234.12766
45,130,131,3272.02121
45,130,145,92.91016
45,131,132,1330.92939
45,131,146,8378.80547
45,132,133,2632.07287
45,132,147,5251.51112
45,133,134,445.46915
45,133,148,697.37176
45,134,149,5251.51112
45,135,136,3816.65333
45,135,150,212.30564
45,136,137,460.79497
45,136,151,730.0
45,137,138,423.90097
45,137,152,6055.44354
45,138,139,2014.94788
45,138,153,3816.65333
45,139,140,2292.76818
45,139,154,2632.07287
45,140,141,445.46915
45,140,155,7321.73719
45,141,142,3816.65333
45,141,156,2632.07287
45,142,143,92.91016
45,142,157,697.37176
45,143,144,122.18016
45,143,158,730.0
45,144,145,1938.62666
45,144,159,730.0
45,145,146,46.13081
45,145,160,122.18016
45,146,147,1938.62666
45,146,161,423.90097
45,147,148,46.13081
45,147,162,8378.80547
45,148,149,1330.92939
45,148,163,6055.44354
45,149,164,46.13081
45,150,151,369.86672
45,150,165,1330.92939
45,151,152,697.37176
45,151,166,1330.92939
45,152,153,1590.93222
45,152,167,2632.07287
45,153,154,3272.02121
45,153,168,3272.02121
45,154,155,369.86672
45,154,169,2632.07287
45,155,156,460.79497
45,155,170,92.91016
45,156,157,7321.73719
45,156,171,445.46915
45,157,158,1276.98282
45,157,172,460.79497
45,158,159,850.33019
45,158,173,3816.65333
45,159,160,1938.62666
45,159,174,212.30564
45,160,161,8378.80547
45,160,175,697.37176
45,161,162,122.18016
45,161,176,2292.76818
45,162,163,1276.98282
45,162,177,2014.94788
45,163,164,62.55559
45,163,178,1276.98282
45,164,179,525.58519
45,165,166,1528.29859
45,165,180,92.91016
45,166,167,212.30564
45,166,181,2292.76818
45,167,168,369.86672
45,167,182,1528.29859
45,168,169,850.33019
45,168,183,7321.73719
45,169,170,2632.07287
45,169,184,2380.50909
45,170,171,3816.65333
45,170,185,2380.50909
45,171,172,460.79497
45,171,186,8378.80547
45,172,173,445.46915
45,172,187,2292.76818
45,173,174,1590.93222
45,173,188,697.37176
45,174,175,1938.62666
45,174,189,697.37176
45,175,176,730.0
45,175,190,2380.50909
45,176,177,369.86672
45,176,191,2292.76818
45,177,178,730.0
45,177,192,369.86672
45,178,179,1590.93222
45,178,193,2380.50909
45,179,194,8378.80547
45,180,181,3272.02121
45,180,195,212.30564
45,181,182,3272.02121
45,181,196,551.37661
45,182,183,697.37176
45,182,197,269.9876
45,183,184,269.9876
45,183,198,888.80578
45,184,185,2234.12766
45,184,199,3816.65333
45,185,186,1276.98282
45,185,200,423.90097
45,186,187,1590.93222
45,186,201,3816.65333
45,187,188,62.55559
45,187,202,1276.98282
45,188,189,8378.80547
45,188,203,697.37176
45,189,190,92.91016
45,189,204,730.0
45,190,191,2292.76818
45,190,205,8378.80547
45,191,192,5251.51112
45,191,206,1330.92939
45,192,193,62.55559
45,192,207,888.80578
45,193,194,2292.76818
45,193,208,1938.62666
45,194,209,460.79497
45,195,196,1938.62666
45,195,210,92.91016
45,196,197,697.37176
45,196,211,697.37176
45,197,198,445.46915
45,197,212,2234.12766
45,198,199,3272.02121
45,198,213,460.79497
45,199,200,1528.29859
45,199,214,7321.73719
45,200,201,92.91016
45,200,215,2234.12766
45,201,202,369.86672
45,201,216,850.33019
45,202,203,1590.93222
45,202,217,2014.94788
45,203,204,5251.51112
45,203,218,888.80578
45,204,205,92.91016
45,204,219,2014.94788
45,205,206,1528.29859
45,205,220,697.37176
45,206,207,423.90097
45,206,221,122.18016
45,207,208,7321.73719
45,207,222,551.37661
45,208,209,3816.65333
45,208,223,122.18016
45,209,224,46.13081
45,210,211,888.80578
45,211,212,269.9876
45,212,213,445.46915
45,213,214,3816.65333
45,214,215,62.55559
45,215,216,269.9876
45,216,217,6055.44354
45,217,218,2632.07287
45,218,219,697.37176
45,219,220,730.0
45,220,221,2234.12766
45,221,222,369.86672
45,222,223,551.37661
45,223,224,5251.51112
46,0,1,357.11851
46,0,15,733.92098
46,1,2,933.51594
46,1,16,508.95688
46,2,3,733.92098
46,2,17,357.11851
46,3,4,568.09249
46,3,18,148.90599
46,4,5,1006.21798
46,4,19,1011.34213
46,5,6,148.90599
46,5,20,337.4859
46,6,7,354.97042
46,6,21,1270.75785
46,7,8,1323.41437
46,7,22,508.95688
46,8,9,568.09249
46,8,23,508.95688
46,9,10,203.18135
46,9,24,1558.73926
46,10,11,1928.34191
46,10,25,730.0
46,11,12,467.94629
46,11,26,467.94629
46,12,13,354.97042
46,12,27,730.0
46,13,14,148.90599
46,13,28,253.65596
46,14,29,568.09249
46,15,16,467.94629
46,15,30,508.95688
46,16,17,339.54524
46,16,31,733.92098
46,17,18,357.11851
46,17,32,389.89375
46,18,19,933.51594
46,18,33,203.18135
46,19,20,106.57304
46,19,34,511.85893
46,20,21,1011.34213
46,20,35,1558.73926
46,21,22,1006.21798
46,21,36,148.90599
46,22,23,337.4859
46,22,37,389.89375
46,23,24,568.09249
46,23,38,733.92098
46,24,25,1011.34213
46,24,39,733.92098
46,25,26,357.11851
46,25,40,445.90104
46,26,27,389.89375
46,26,41,445.90104
46,27,28,1558.73926
46,27,42,339.54524
46,28,29,253.65596
46,28,43,389.89375
46,29,44,1323.41437
46,30,31,1937.15461
46,30,45,253.65596
46,31,32,253.65596
46,31,46,106.57304
46,32,33,1928.34191
46,32,47,337.4859
46,33,34,660.55261
46,33,48,511.85893
46,34,35,354.97042
46,34,49,1558.73926
46,35,36,389.89375
46,35,50,354.97042
46,36,37,793.47921
46,36,51,1011.34213
46,37,38,106.57304
46,37,52,106.57304
46,38,39,2378.76217
46,38,53,147.87353
46,39,40,445.90104
46,39,54,1928.34191
46,40,41,203.18135
46,40,55,337.4859
46,41,42,933.51594
46,41,56,253.65596
46,42,43,203.18135
46,42,57,1558.73926
46,43,44,933.51594
46,43,58,933.51594
46,44,59,253.65596
46,45,46,467.94629
46,45,60,267.44097
46,46,47,354.97042
46,46,61,357.11851
46,47,48,933.51594
46,47,62,1937.15461
46,48,49,508.95688
46,48,63,1937.15461
46,49,50,389.89375
46,49,64,354.97042
46,50,51,339.54524
46,50,65,148.90599
46,51,52,2378.76217
46,51,66,1558.73926
46,52,53,508.95688
46,52,67,1011.34213
46,53,54,1558.73926
46,53,68,1558.73926
46,54,55,445.90104
46,54,69,933.51594
46,55,56,148.90599
46,55,70,203.18135
46,56,57,147.87353
46,56,71,829.0788
46,57,58,337.4859
46,57,72,1323.41437
46,58,59,1937.15461
46,58,73,793.47921
46,59,74,793.47921
46,60,61,1049.58852
46,60,75,829.0788
46,61,62,733.92098
46,61,76,253.65596
46,62,63,933.51594
46,62,77,1049.58852
46,63,64,793.47921
46,63,78,339.54524
46,64,65,445.90104
46,64,79,106.57304
46,65,66,730.0
46,65,80,445.90104
46,66,67,267.44097
46,66,81,1006.21798
46,67,68,339.54524
46,67,82,511.85893
46,68,69,339.54524
46,68,83,660.55261
46,69,70,829.0788
46,69,84,354.97042
46,70,71,267.44097
46,70,85,933.51594
46,71,72,2378.76217
46,71,86,389.89375
46,72,73,147.87353
46,72,87,1323.41437
46,73,74,253.65596
46,73,88,445.90104
46,74,89,106.57304
46,75,76,933.51594
46,75,90,467.94629
46,76,77,1928.34191
46,76,91,508.95688
46,77,78,1049.58852
46,77,92,1323.41437
46,78,79,148.90599
46,78,93,267.44097
46,79,80,339.54524
46,79,94,445.90104
46,80,81,660.55261
46,80,95,267.44097
46,81,82,148.90599
46,81,96,508.95688
46,82,83,1054.89618
46,82,97,1270.75785
46,83,84,253.65596
46,83,98,147.87353
46,84,85,1928.34191
46,84,99,660.55261
46,85,86,1558.73926
46,85,100,1323.41437
46,86,87,733.92098
46,86,101,203.18135
46,87,88,445.90104
46,87,102,354.97042
46,88,89,1011.34213
46,88,103,339.54524
46,89,104,147.87353
46,90,91,1011.34213
46,90,105,147.87353
46,91,92,339.54524
46,91,106,354.97042
46,92,93,357.11851
46,92,107,2378.76217
46,93,94,1558.73926
46,93,108,2378.76217
46,94,95,1937.15461
46,94,109,357.11851
46,95,96,267.44097
46,95,110,1006.21798
46,96,97,203.18135
46,96,111,1054.89618
46,97,98,357.11851
46,97,112,660.55261
46,98,99,660.55261
46,98,113,508.95688
46,99,100,660.55261
46,99,114,445.90104
46,100,101,508.95688
46,100,115,733.92098
46,101,102,933.51594
46,101,116,660.55261
46,102,103,1011.34213
46,102,117,389.89375
46,103,104,568.09249
46,103,118,933.51594
46,104,119,1006.21798
46,105,106,933.51594
46,105,120,1558.73926
46,106,107,1937.15461
46,106,121,660.55261
46,107,108,1054.89618
46,107,122,508.95688
46,108,109,793.47921
46,108,123,2378.76217
46,109,110,1011.34213
46,109,124,357.11851
46,110,111,106.57304
46,110,125,203.18135
46,111,112,1323.41437
46,111,126,1558.73926
46,112,113,106.57304
46,112,127,730.0
46,113,114,1323.41437
46,113,128,148.90599
46,114,115,354.97042
46,114,129,389.89375
46,115,116,1558.73926
46,115,130,1323.41437
46,116,117,337.4859
46,116,131,730.0
46,117,118,933.51594
46,117,132,106.57304
46,118,119,511.85893
46,118,133,1270.75785
46,119,134,733.92098
46,120,121,2378.76217
46,120,135,730.0
46,121,122,660.55261
46,121,136,511.85893
46,122,123,337.4859
46,122,137,1006.21798
46,123,124,357.11851
46,123,138,1323.41437
46,124,125,337.4859
46,124,139,730.0
46,125,126,933.51594
46,125,140,1049.58852
46,126,127,1270.75785
46,126,141,733.92098
46,127,128,829.0788
46,127,142,933.51594
46,128,129,829.0788
46,128,143,733.92098
46,129,130,1049.58852
46,129,144,267.44097
46,130,131,354.97042
46,130,145,1928.34191
46,131,132,733.92098
46,131,146,203.18135
46,132,133,106.57304
46,132,147,357.11851
46,133,134,568.09249
46,133,148,1049.58852
46,134,149,357.11851
46,135,136,147.87353
46,135,150,1937.15461
46,136,137,1270.75785
46,136,151,730.0
46,137,138,829.0788
46,137,152,148.90599
46,138,139,933.51594
46,138,153,147.87353
46,139,140,660.55261
46,139,154,106.57304
46,140,141,568.09249
46,140,155,467.94629
46,141,142,147.87353
46,141,156,106.57304
46,142,143,1928.34191
46,142,157,1049.58852
46,143,144,1006.21798
46,143,158,730.0
46,144,145,1323.41437
46,144,159,730.0
46,145,146,1558.73926
46,145,160,1006.21798
46,146,147,1323.41437
46,146,161,829.0788
46,147,148,1558.73926
46,147,162,203.18135
46,148,149,733.92098
46,148,163,148.90599
46,149,164,1558.73926
46,150,151,2378.76217
46,150,165,733.92098
46,151,152,1049.58852
46,151,166,733.92098
46,152,153,339.54524
46,152,167,106.57304
46,153,154,354.97042
46,153,168,354.97042
46,154,155,2378.76217
46,154,169,106.57304
46,155,156,1270.75785
46,155,170,1928.34191
46,156,157,467.94629
46,156,171,568.09249
46,157,158,1054.89618
46,157,172,1270.75785
46,158,159,508.95688
46,158,173,147.87353
46,159,160,1323.41437
46,159,174,1937.15461
46,160,161,203.18135
46,160,175,1049.58852
46,161,162,1006.21798
46,161,176,660.55261
46,162,163,1054.89618
46,162,177,933.51594
46,163,164,793.47921
46,163,178,1054.89618
46,164,179,389.89375
46,165,166,511.85893
46,165,180,1928.34191
46,166,167,1937.15461
46,166,181,660.55261
46,167,168,2378.76217
46,167,182,511.85893
46,168,169,508.95688
46,168,183,467.94629
46,169,170,106.57304
46,169,184,445.90104
46,170,171,147.87353
46,170,185,445.90104
46,171,172,1270.75785
46,171,186,203.18135
46,172,173,568.09249
46,172,187,660.55261
46,173,174,339.54524
46,173,188,1049.58852
46,174,175,1323.41437
46,174,189,1049.58852
46,175,176,730.0
46,175,190,445.90104
46,176,177,2378.76217
46,176,191,660.55261
46,177,178,730.0
46,177,192,2378.76217
46,178,179,339.54524
46,178,193,445.90104
46,179,194,203.18135
46,180,181,354.97042
46,180,195,1937.15461
46,181,182,354.97042
46,181,196,253.65596
46,182,183,1049.58852
46,182,197,1011.34213
46,183,184,1011.34213
46,183,198,337.4859
46,184,185,267.44097
46,184,199,147.87353
46,185,186,1054.89618
46,185,200,829.0788
46,186,187,339.54524
46,186,201,147.87353
46,187,188,793.47921
46,187,202,1054.89618
46,188,189,203.18135
46,188,203,1049.58852
46,189,190,1928.34191
46,189,204,730.0
46,190,191,660.55261
46,190,205,203.18135
46,191,192,357.11851
46,191,206,733.92098
46,192,193,793.47921
46,192,207,337.4859
46,193,194,660.55261
46,193,208,1323.41437
46,194,209,1270.75785
46,195,196,1323.41437
46,195,210,1928.34191
46,196,197,1049.58852
46,196,211,1049.58852
46,197,198,568.09249
46,197,212,267.44097
46,198,199,354.97042
46,198,213,1270.75785
46,199,200,511.85893
46,199,214,467.94629
46,200,201,1928.34191
46,200,215,267.44097
46,201,202,2378.76217
46,201,216,508.95688
46,202,203,339.54524
46,202,217,933.51594
46,203,204,357.11851
46,203,218,337.4859
46,204,205,1928.34191
46,204,219,933.51594
46,205,206,511.85893
46,205,220,1049.58852
46,206,207,829.0788
46,206,221,1006.21798
46,207,208,467.94629
46,207,222,253.65596
46,208,209,147.87353
46,208,223,1006.21798
46,209,224,1558.73926
46,210,211,337.4859
46,211,212,1011.34213
46,212,213,568.09249
46,213,214,147.87353
46,214,215,793.47921
46,215,216,1011.34213
46,216,217,148.90599
46,217,218,106.57304
46,218,219,1049.58852
46,219,220,730.0
46,220,221,267.44097
46,221,222,2378.76217
46,222,223,253.65596
46,223,224,357.11851
47,0,1,4110.57032
47,0,15,3148.70957
47,1,2,5035.6464
47,1,16,673.85976
47,2,3,3148.70957
47,2,17,4110.57032
47,3,4,378.44942
47,3,18,5177.6025
47,4,5,468.84669
47,4,19,2230.8149
47,5,6,5177.6025
47,5,20,990.9753
47,6,7,1023.38318
47,6,21,3663.86415
47,7,8,3760.02575
47,7,22,673.85976
47,8,9,378.44942
47,8,23,673.85976
47,9,10,7987.58825
47,9,24,155.94479
47,10,11,331.37041
47,10,25,730.0
47,11,12,6446.0846
47,11,26,6446.0846
47,12,13,1023.38318
47,12,27,730.0
47,13,14,5177.6025
47,13,28,531.56122
47,14,29,378.44942
47,15,16,6446.0846
47,15,30,673.85976
47,16,17,4006.97544
47,16,31,3148.70957
47,17,18,4110.57032
47,17,32,346.1359
47,18,19,5035.6464
47,18,33,7987.58825
47,19,20,758.49077
47,19,34,2957.38376
47,20,21,2230.8149
47,20,35,155.94479
47,21,22,468.84669
47,21,36,5177.6025
47,22,23,990.9753
47,22,37,346.1359
47,23,24,378.44942
47,23,38,3148.70957
47,24,25,2230.8149
47,24,39,3148.70957
47,25,26,4110.57032
47,25,40,6295.23945
47,26,27,346.1359
47,26,41,6295.23945
47,27,28,155.94479
47,27,42,4006.97544
47,28,29,531.56122
47,28,43,346.1359
47,29,44,3760.02575
47,30,31,1709.33391
47,30,45,531.56122
47,31,32,531.56122
47,31,46,758.49077
47,32,33,331.37041
47,32,47,990.9753
47,33,34,4752.11537
47,33,48,2957.38376
47,34,35,1023.38318
47,34,49,155.94479
47,35,36,346.1359
47,35,50,1023.38318
47,36,37,230.58846
47,36,51,2230.8149
47,37,38,758.49077
47,37,52,758.49077
47,38,39,2868.47869
47,38,53,1366.83847
47,39,40,6295.23945
47,39,54,331.37041
47,40,41,7987.58825
47,40,55,990.9753
47,41,42,5035.6464
47,41,56,531.56122
47,42,43,7987.58825
47,42,57,155.94479
47,43,44,5035.6464
47,43,58,5035.6464
47,44,59,531.56122
47,45,46,6446.0846
47,45,60,550.86093
47,46,47,1023.38318
47,46,61,4110.57032
47,47,48,5035.6464
47,47,62,1709.33391
47,48,49,673.85976
47,48,63,1709.33391
47,49,50,346.1359
47,49,64,1023.38318
47,50,51,4006.97544
47,50,65,5177.6025
47,51,52,2868.47869
47,51,66,155.94479
47,52,53,673.85976
47,52,67,2230.8149
47,53,54,155.94479
47,53,68,155.94479
47,54,55,6295.23945
47,54,69,5035.6464
47,55,56,5177.6025
47,55,70,7987.58825
47,56,57,1366.83847
47,56,71,240.21275
47,57,58,990.9753
47,57,72,3760.02575
47,58,59,1709.33391
47,58,73,230.58846
47,59,74,230.58846
47,60,61,486.23117
47,60,75,240.21275
47,61,62,3148.70957
47,61,76,531.56122
47,62,63,5035.6464
47,62,77,486.23117
47,63,64,230.58846
47,63,78,4006.97544
47,64,65,6295.23945
47,64,79,758.49077
47,65,66,730.0
47,65,80,6295.23945
47,66,67,550.86093
47,66,81,468.84669
47,67,68,4006.97544
47,67,82,2957.38376
47,68,69,4006.97544
47,68,83,4752.11537
47,69,70,240.21275
47,69,84,1023.38318
47,70,71,550.86093
47,70,85,5035.6464
47,71,72,2868.47869
47,71,86,346.1359
47,72,73,1366.83847
47,72,87,3760.02575
47,73,74,531.56122
47,73,88,6295.23945
47,74,89,758.49077
47,75,76,5035.6464
47,75,90,6446.0846
47,76,77,331.37041
47,76,91,673.85976
47,77,78,486.23117
47,77,92,3760.02575
47,78,79,5177.6025
47,78,93,550.86093
47,79,80,4006.97544
47,79,94,6295.23945
47,80,81,4752.11537
47,80,95,550.86093
47,81,82,5177.6025
47,81,96,673.85976
47,82,83,2294.4623
47,82,97,3663.86415
47,83,84,531.56122
47,83,98,1366.83847
47,84,85,331.37041
47,84,99,4752.11537
47,85,86,155.94479
47,85,100,3760.02575
47,86,87,3148.70957
47,86,101,7987.58825
47,87,88,6295.23945
47,87,102,1023.38318
47,88,89,2230.8149
47,88,103,4006.97544
47,89,104,1366.83847
47,90,91,2230.8149
47,90,105,1366.83847
47,91,92,4006.97544
47,91,106,1023.38318
47,92,93,4110.57032
47,92,107,2868.47869
47,93,94,155.94479
47,93,108,2868.47869
47,94,95,1709.33391
47,94,109,4110.57032
47,95,96,550.86093
47,95,110,468.84669
47,96,97,7987.58825
47,96,111,2294.4623
47,97,98,4110.57032
47,97,112,4752.11537
47,98,99,4752.11537
47,98,113,673.85976
47,99,100,4752.11537
47,99,114,6295.23945
47,100,101,673.85976
47,100,115,3148.70957
47,101,102,5035.6464
47,101,116,4752.11537
47,102,103,2230.8149
47,102,117,346.1359
47,103,104,378.44942
47,103,118,5035.6464
47,104,119,468.84669
47,105,106,5035.6464
47,105,120,155.94479
47,106,107,1709.33391
47,106,121,4752.11537
47,107,108,2294.4623
47,107,122,673.85976
47,108,109,230.58846
47,108,123,2868.47869
47,109,110,2230.8149
47,109,124,4110.57032
47,110,111,758.49077
47,110,125,7987.58825
47,111,112,3760.02575
47,111,126,155.94479
47,112,113,758.49077
47,112,127,730.0
47,113,114,3760.02575
47,113,128,5177.6025
47,114,115,1023.38318
47,114,129,346.1359
47,115,116,155.94479
47,115,130,3760.02575
47,116,117,990.9753
47,116,131,730.0
47,117,118,5035.6464
47,117,132,758.49077
47,118,119,2957.38376
47,118,133,3663.86415
47,119,134,3148.70957
47,120,121,2868.47869
47,120,135,730.0
47,121,122,4752.11537
47,121,136,2957.38376
47,122,123,990.9753
47,122,137,468.84669
47,123,124,4110.57032
47,123,138,3760.02575
47,124,125,990.9753
47,124,139,730.0
47,125,126,5035.6464
47,125,140,486.23117
47,126,127,3663.86415
47,126,141,3148.70957
47,127,128,240.21275
47,127,142,5035.6464
47,128,129,240.21275
47,128,143,3148.70957
47,129,130,486.23117
47,129,144,550.86093
47,130,131,1023.38318
47,130,145,331.37041
47,131,132,3148.70957
47,131,146,7987.58825
47,132,133,758.49077
47,132,147,4110.57032
47,133,134,378.44942
47,133,148,486.23117
47,134,149,4110.57032
47,135,136,1366.83847
47,135,150,1709.33391
47,136,137,3663.86415
47,136,151,730.0
47,137,138,240.21275
47,137,152,5177.6025
47,138,139,5035.6464
47,138,153,1366.83847
47,139,140,4752.11537
47,139,154,758.49077
47,140,141,378.44942
47,140,155,6446.0846
47,141,142,1366.83847
47,141,156,758.49077
47,142,143,331.37041
47,142,157,486.23117
47,143,144,468.84669
47,143,158,730.0
47,144,145,3760.02575
47,144,159,730.0
47,145,146,155.94479
47,145,160,468.84669
47,146,147,3760.02575
47,146,161,240.21275
47,147,148,155.94479
47,147,162,7987.58825
47,148,149,3148.70957
47,148,163,5177.6025
47,149,164,155.94479
47,150,151,2868.47869
47,150,165,3148.70957
47,151,152,486.23117
47,151,166,3148.70957
47,152,153,4006.97544
47,152,167,758.49077
47,153,154,1023.38318
47,153,168,1023.38318
47,154,155,2868.47869
47,154,169,758.49077
47,155,156,3663.86415
47,155,170,331.37041
47,156,157,6446.0846
47,156,171,378.44942
47,157,158,2294.4623
47,157,172,3663.86415
47,158,159,673.85976
47,158,173,1366.83847
47,159,160,3760.02575
47,159,174,1709.33391
47,160,161,7987.58825
47,160,175,486.23117
47,161,162,468.84669
47,161,176,4752.11537
47,162,163,2294.4623
47,162,177,5035.6464
47,163,164,230.58846
47,163,178,2294.4623
47,164,179,346.1359
47,165,166,2957.38376
47,165,180,331.37041
47,166,167,1709.33391
47,166,181,4752.11537
47,167,168,2868.47869
47,167,182,2957.38376
47,168,169,673.85976
47,168,183,6446.0846
47,169,170,758.49077
47,169,184,6295.23945
47,170,171,1366.83847
47,170,185,6295.23945
47,171,172,3663.86415
47,171,186,7987.58825
47,172,173,378.44942
47,172,187,4752.11537
47,173,174,4006.97544
47,173,188,486.23117
47,174,175,3760.02575
47,174,189,486.23117
47,175,176,730.0
47,175,190,6295.23945
47,176,177,2868.47869
47,176,191,4752.11537
47,177,178,730.0
47,177,192,2868.47869
47,178,179,4006.97544
47,178,193,6295.23945
47,179,194,7987.58825
47,180,181,1023.38318
47,180,195,1709.33391
47,181,182,1023.38318
47,181,196,531.56122
47,182,183,486.23117
47,182,197,2230.8149
47,183,184,2230.8149
47,183,198,990.9753
47,184,185,550.86093
47,184,199,1366.83847
47,185,186,2294.4623
47,185,200,240.21275
47,186,187,4006.97544
47,186,201,1366.83847
47,187,188,230.58846
47,187,202,2294.4623
47,188,189,7987.58825
47,188,203,486.23117
47,189,190,331.37041
47,189,204,730.0
47,190,191,4752.11537
47,190,205,7987.58825
47,191,192,4110.57032
47,191,206,3148.70957
47,192,193,230.58846
47,192,207,990.9753
47,193,194,4752.11537
47,193,208,3760.02575
47,194,209,3663.86415
47,195,196,3760.02575
47,195,210,331.37041
47,196,197,486.23117
47,196,211,486.23117
47,197,198,378.44942
47,197,212,550.86093
47,198,199,1023.38318
47,198,213,3663.86415
47,199,200,2957.38376
47,199,214,6446.0846
47,200,201,331.37041
47,200,215,550.86093
47,201,202,2868.47869
47,201,216,673.85976
47,202,203,4006.97544
47,202,217,5035.6464
47,203,204,4110.57032
47,203,218,990.9753
47,204,205,331.37041
47,204,219,5035.6464
47,205,206,2957.38376
47,205,220,486.23117
47,206,207,240.21275
47,206,221,468.84669
47,207,208,6446.0846
47,207,222,531.56122
47,208,209,1366.83847
47,208,223,468.84669
47,209,224,155.94479
47,210,211,990.9753
47,211,212,2230.8149
47,212,213,378.44942
47,213,214,1366.83847
47,214,215,230.58846
47,215,216,2230.8149
47,216,217,5177.6025
47,217,218,758.49077
47,218,219,486.23117
47,219,220,730.0
47,220,221,550.86093
47,221,222,2868.47869
47,222,223,531.56122
47,223,224,4110.57032
48,0,1,2391.01308
48,0,15,699.88604
48,1,2,985.93741
48,1,16,1325.5579
48,2,3,699.88604
48,2,17,2391.01308
48,3,4,508.95688
48,3,18,1068.26334
48,4,5,336.80177
48,4,19,321.05531
48,5,6,1068.26334
48,5,20,269.70364
48,6,7,2474.63918
48,6,21,473.37041
48,7,8,3673.88885
48,7,22,1325.5579
48,8,9,508.95688
48,8,23,1325.5579
48,9,10,1471.24103
48,9,24,621.93974
48,10,11,881.91242
48,10,25,730.0
48,11,12,3166.40114
48,11,26,3166.40114
48,12,13,2474.63918
48,12,27,730.0
48,13,14,1068.26334
48,13,28,175.96016
48,14,29,508.95688
48,15,16,3166.40114
48,15,30,1325.5579
48,16,17,256.63648
48,16,31,699.88604
48,17,18,2391.01308
48,17,32,956.97358
48,18,19,985.93741
48,18,33,1471.24103
48,19,20,794.17848
48,19,34,1275.94356
48,20,21,321.05531
48,20,35,621.93974
48,21,22,336.80177
48,21,36,1068.26334
48,22,23,269.70364
48,22,37,956.97358
48,23,24,508.95688
48,23,38,699.88604
48,24,25,321.05531
48,24,39,699.88604
48,25,26,2391.01308
48,25,40,383.75466
48,26,27,956.97358
48,26,41,383.75466
48,27,28,621.93974
48,27,42,256.63648
48,28,29,175.96016
48,28,43,956.97358
48,29,44,3673.88885
48,30,31,846.63408
48,30,45,175.96016
48,31,32,175.96016
48,31,46,794.17848
48,32,33,881.91242
48,32,47,269.70364
48,33,34,1741.40099
48,33,48,1275.94356
48,34,35,2474.63918
48,34,49,621.93974
48,35,36,956.97358
48,35,50,2474.63918
48,36,37,223.22025
48,36,51,321.05531
48,37,38,794.17848
48,37,52,794.17848
48,38,39,1180.37689
48,38,53,1111.06557
48,39,40,383.75466
48,39,54,881.91242
48,40,41,1471.24103
48,40,55,269.70364
48,41,42,985.93741
48,41,56,175.96016
48,42,43,1471.24103
48,42,57,621.93974
48,43,44,985.93741
48,43,58,985.93741
48,44,59,175.96016
48,45,46,3166.40114
48,45,60,1846.27538
48,46,47,2474.63918
48,46,61,2391.01308
48,47,48,985.93741
48,47,62,846.63408
48,48,49,1325.5579
48,48,63,846.63408
48,49,50,956.97358
48,49,64,2474.63918
48,50,51,256.63648
48,50,65,1068.26334
48,51,52,1180.37689
48,51,66,621.93974
48,52,53,1325.5579
48,52,67,321.05531
48,53,54,621.93974
48,53,68,621.93974
48,54,55,383.75466
48,54,69,985.93741
48,55,56,1068.26334
48,55,70,1471.24103
48,56,57,1111.06557
48,56,71,2171.88192
48,57,58,269.70364
48,57,72,3673.88885
48,58,59,846.63408
48,58,73,223.22025
48,59,74,223.22025
48,60,61,2888.95279
48,60,75,2171.88192
48,61,62,699.88604
48,61,76,175.96016
48,62,63,985.93741
48,62,77,2888.95279
48,63,64,223.22025
48,63,78,256.63648
48,64,65,383.75466
48,64,79,794.17848
48,65,66,730.0
48,65,80,383.75466
48,66,67,1846.27538
48,66,81,336.80177
48,67,68,256.63648
48,67,82,1275.94356
48,68,69,256.63648
48,68,83,1741.40099
48,69,70,2171.88192
48,69,84,2474.63918
48,70,71,1846.27538
48,70,85,985.93741
48,71,72,1180.37689
48,71,86,956.97358
48,72,73,1111.06557
48,72,87,3673.88885
48,73,74,175.96016
48,73,88,383.75466
48,74,89,794.17848
48,75,76,985.93741
48,75,90,3166.40114
48,76,77,881.91242
48,76,91,1325.5579
48,77,78,2888.95279
48,77,92,3673.88885
48,78,79,1068.26334
48,78,93,1846.27538
48,79,80,256.63648
48,79,94,383.75466
48,80,81,1741.40099
48,80,95,1846.27538
48,81,82,1068.26334
48,81,96,1325.5579
48,82,83,2793.77304
48,82,97,473.37041
48,83,84,175.96016
48,83,98,1111.06557
48,84,85,881.91242
48,84,99,1741.40099
48,85,86,621.93974
48,85,100,3673.88885
48,86,87,699.88604
48,86,101,1471.24103
48,87,88,383.75466
48,87,102,2474.63918
48,88,89,321.05531
48,88,103,256.63648
48,89,104,1111.06557
48,90,91,321.05531
48,90,105,1111.06557
48,91,92,256.63648
48,91,106,2474.63918
48,92,93,2391.01308
48,92,107,1180.37689
48,93,94,621.93974
48,93,108,1180.37689
48,94,95,846.63408
48,94,109,2391.01308
48,95,96,1846.27538
48,95,110,336.80177
48,96,97,1471.24103
48,96,111,2793.77304
48,97,98,2391.01308
48,97,112,1741.40099
48,98,99,1741.40099
48,98,113,1325.5579
48,99,100,1741.40099
48,99,114,383.75466
48,100,101,1325.5579
48,100,115,699.88604
48,101,102,985.93741
48,101,116,1741.40099
48,102,103,321.05531
48,102,117,956.97358
48,103,104,508.95688
48,103,118,985.93741
48,104,119,336.80177
48,105,106,985.93741
48,105,120,621.93974
48,106,107,846.63408
48,106,121,1741.40099
48,107,108,2793.77304
48,107,122,1325.5579
48,108,109,223.22025
48,108,123,1180.37689
48,109,110,321.05531
48,109,124,2391.01308
48,110,111,794.17848
48,110,125,1471.24103
48,111,112,3673.88885
48,111,126,621.93974
48,112,113,794.17848
48,112,127,730.0
48,113,114,3673.88885
48,113,128,1068.26334
48,114,115,2474.63918
48,114,129,956.97358
48,115,116,621.93974
48,115,130,3673.88885
48,116,117,269.70364
48,116,131,730.0
48,117,118,985.93741
48,117,132,794.17848
48,118,119,1275.94356
48,118,133,473.37041
48,119,134,699.88604
48,120,121,1180.37689
48,120,135,730.0
48,121,122,1741.40099
48,121,136,1275.94356
48,122,123,269.70364
48,122,137,336.80177
48,123,124,2391.01308
48,123,138,3673.88885
48,124,125,269.70364
48,124,139,730.0
48,125,126,985.93741
48,125,140,2888.95279
48,126,127,473.37041
48,126,141,699.88604
48,127,128,2171.88192
48,127,142,985.93741
48,128,129,2171.88192
48,128,143,699.88604
48,129,130,2888.95279
48,129,144,1846.27538
48,130,131,2474.63918
48,130,145,881.91242
48,131,132,699.88604
48,131,146,1471.24103
48,132,133,794.17848
48,132,147,2391.01308
48,133,134,508.95688
48,133,148,2888.95279
48,134,149,2391.01308
48,135,136,1111.06557
48,135,150,846.63408
48,136,137,473.37041
48,136,151,730.0
48,137,138,2171.88192
48,137,152,1068.26334
48,138,139,985.93741
48,138,153,1111.06557
48,139,140,1741.40099
48,139,154,794.17848
48,140,141,508.95688
48,140,155,3166.40114
48,141,142,1111.06557
48,141,156,794.17848
48,142,143,881.91242
48,142,157,2888.95279
48,143,144,336.80177
48,143,158,730.0
48,144,145,3673.88885
48,144,159,730.0
48,145,146,621.93974
48,145,160,336.80177
48,146,147,3673.88885
48,146,161,2171.88192
48,147,148,621.93974
48,147,162,1471.24103
48,148,149,699.88604
48,148,163,1068.26334
48,149,164,621.93974
48,150,151,1180.37689
48,150,165,699.88604
48,151,152,2888.95279
48,151,166,699.88604
48,152,153,256.63648
48,152,167,794.17848
48,153,154,2474.63918
48,153,168,2474.63918
48,154,155,1180.37689
48,154,169,794.17848
48,155,156,473.37041
48,155,170,881.91242
48,156,157,3166.40114
48,156,171,508.95688
48,157,158,2793.77304
48,157,172,473.37041
48,158,159,1325.5579
48,158,173,1111.06557
48,159,160,3673.88885
48,159,174,846.63408
48,160,161,1471.24103
48,160,175,2888.95279
48,161,162,336.80177
48,161,176,1741.40099
48,162,163,2793.77304
48,162,177,985.93741
48,163,164,223.22025
48,163,178,2793.77304
48,164,179,956.97358
48,165,166,1275.94356
48,165,180,881.91242
48,166,167,846.63408
48,166,181,1741.40099
48,167,168,1180.37689
48,167,182,1275.94356
48,168,169,1325.5579
48,168,183,3166.40114
48,169,170,794.17848
48,169,184,383.75466
48,170,171,1111.06557
48,170,185,383.75466
48,171,172,473.37041
48,171,186,1471.24103
48,172,173,508.95688
48,172,187,1741.40099
48,173,174,256.63648
48,173,188,2888.95279
48,174,175,3673.88885
48,174,189,2888.95279
48,175,176,730.0
48,175,190,383.75466
48,176,177,1180.37689
48,176,191,1741.40099
48,177,178,730.0
48,177,192,1180.37689
48,178,179,256.63648
48,178,193,383.75466
48,179,194,1471.24103
48,180,181,2474.63918
48,180,195,846.63408
48,181,182,2474.63918
48,181,196,175.96016
48,182,183,2888.95279
48,182,197,321.05531
48,183,184,321.05531
48,183,198,269.70364
48,184,185,1846.27538
48,184,199,1111.06557
48,185,186,2793.77304
48,185,200,2171.88192
48,186,187,256.63648
48,186,201,1111.06557
48,187,188,223.22025
48,187,202,2793.77304
48,188,189,1471.24103
48,188,203,2888.95279
48,189,190,881.91242
48,189,204,730.0
48,190,191,1741.40099
48,190,205,1471.24103
48,191,192,2391.01308
48,191,206,699.88604
48,192,193,223.22025
48,192,207,269.70364
48,193,194,1741.40099
48,193,208,3673.88885
48,194,209,473.37041
48,195,196,3673.88885
48,195,210,881.91242
48,196,197,2888.95279
48,196,211,2888.95279
48,197,198,508.95688
48,197,212,1846.27538
48,198,199,2474.63918
48,198,213,473.37041
48,199,200,1275.94356
48,199,214,3166.40114
48,200,201,881.91242
48,200,215,1846.27538
48,201,202,1180.37689
48,201,216,1325.5579
48,202,203,256.63648
48,202,217,985.93741
48,203,204,2391.01308
48,203,218,269.70364
48,204,205,881.91242
48,204,219,985.93741
48,205,206,1275.94356
48,205,220,2888.95279
48,206,207,2171.88192
48,206,221,336.80177
48,207,208,3166.40114
48,207,222,175.96016
48,208,209,1111.06557
48,208,223,336.80177
48,209,224,621.93974
48,210,211,269.70364
48,211,212,321.05531
48,212,213,508.95688
48,213,214,1111.06557
48,214,215,223.22025
48,215,216,321.05531
48,216,217,1068.26334
48,217,218,794.17848
48,218,219,2888.95279
48,219,220,730.0
48,220,221,1846.27538
48,221,222,1180.37689
48,222,223,175.96016
48,223,224,2391.01308
49,0,1,69.14934
49,0,15,106.70341
49,1,2,497.48568
49,1,16,363.26384
49,2,3,106.70341
49,2,17,69.14934
49,3,4,173.98442
49,3,18,172.61249
49,4,5,507.51102
49,4,19,64.57768
49,5,6,172.61249
49,5,20,1380.095
49,6,7,533.06406
49,6,21,337.4859
49,7,8,99.11459
49,7,22,363.26384
49,8,9,173.98442
49,8,23,363.26384
49,9,10,725.44763
49,9,24,40.76947
49,10,11,237.64804
49,10,25,730.0
49,11,12,355.68525
49,11,26,355.68525
49,12,13,533.06406
49,12,27,730.0
49,13,14,172.61249
49,13,28,385.66439
49,14,29,173.98442
49,15,16,355.68525
49,15,30,363.26384
49,16,17,251.50655
49,16,31,106.70341
49,17,18,69.14934
49,17,32,71.07162
49,18,19,497.48568
49,18,33,725.44763
49,19,20,271.6966
49,19,34,40.36686
49,20,21,64.57768
49,20,35,40.76947
49,21,22,507.51102
49,21,36,172.61249
49,22,23,1380.095
49,22,37,71.07162
49,23,24,173.98442
49,23,38,106.70341
49,24,25,64.57768
49,24,39,106.70341
49,25,26,69.14934
49,25,40,978.42065
49,26,27,71.07162
49,26,41,978.42065
49,27,28,40.76947
49,27,42,251.50655
49,28,29,385.66439
49,28,43,71.07162
49,29,44,99.11459
49,30,31,22.0371
49,30,45,385.66439
49,31,32,385.66439
49,31,46,271.6966
49,32,33,237.64804
49,32,47,1380.095
49,33,34,235.86641
49,33,48,40.36686
49,34,35,533.06406
49,34,49,40.76947
49,35,36,71.07162
49,35,50,533.06406
49,36,37,109.47238
49,36,51,64.57768
49,37,38,271.6966
49,37,52,271.6966
49,38,39,149.42448
49,38,53,1040.79194
49,39,40,978.42065
49,39,54,237.64804
49,40,41,725.44763
49,40,55,1380.095
49,41,42,497.48568
49,41,56,385.66439
49,42,43,725.44763
49,42,57,40.76947
49,43,44,497.48568
49,43,58,497.48568
49,44,59,385.66439
49,45,46,355.68525
49,45,60,116.59009
49,46,47,533.06406
49,46,61,69.14934
49,47,48,497.48568
49,47,62,22.0371
49,48,49,363.26384
49,48,63,22.0371
49,49,50,71.07162
49,49,64,533.06406
49,50,51,251.50655
49,50,65,172.61249
49,51,52,149.42448
49,51,66,40.76947
49,52,53,363.26384
49,52,67,64.57768
49,53,54,40.76947
49,53,68,40.76947
49,54,55,978.42065
49,54,69,497.48568
49,55,56,172.61249
49,55,70,725.44763
49,56,57,1040.79194
49,56,71,24.64232
49,57,58,1380.095
49,57,72,99.11459
49,58,59,22.0371
49,58,73,109.47238
49,59,74,109.47238
49,60,61,162.51627
49,60,75,24.64232
49,61,62,106.70341
49,61,76,385.66439
49,62,63,497.48568
49,62,77,162.51627
49,63,64,109.47238
49,63,78,251.50655
49,64,65,978.42065
49,64,79,271.6966
49,65,66,730.0
49,65,80,978.42065
49,66,67,116.59009
49,66,81,507.51102
49,67,68,251.50655
49,67,82,40.36686
49,68,69,251.50655
49,68,83,235.86641
49,69,70,24.64232
49,69,84,533.06406
49,70,71,116.59009
49,70,85,497.48568
49,71,72,149.42448
49,71,86,71.07162
49,72,73,1040.79194
49,72,87,99.11459
49,73,74,385.66439
49,73,88,978.42065
49,74,89,271.6966
49,75,76,497.48568
49,75,90,355.68525
49,76,77,237.64804
49,76,91,363.26384
49,77,78,162.51627
49,77,92,99.11459
49,78,79,172.61249
49,78,93,116.59009
49,79,80,251.50655
49,79,94,978.42065
49,80,81,235.86641
49,80,95,116.59009
49,81,82,172.61249
49,81,96,363.26384
49,82,83,12.76449
49,82,97,337.4859
49,83,84,385.66439
49,83,98,1040.79194
49,84,85,237.64804
49,84,99,235.86641
49,85,86,40.76947
49,85,100,99.11459
49,86,87,106.70341
49,86,101,725.44763
49,87,88,978.42065
49,87,102,533.06406
49,88,89,64.57768
49,88,103,251.50655
49,89,104,1040.79194
49,90,91,64.57768
49,90,105,1040.79194
49,91,92,251.50655
49,91,106,533.06406
49,92,93,69.14934
49,92,107,149.42448
49,93,94,40.76947
49,93,108,149.42448
49,94,95,22.0371
49,94,109,69.14934
49,95,96,116.59009
49,95,110,507.51102
49,96,97,725.44763
49,96,111,12.76449
49,97,98,69.14934
49,97,112,235.86641
49,98,99,235.86641
49,98,113,363.26384
49,99,100,235.86641
49,99,114,978.42065
49,100,101,363.26384
49,100,115,106.70341
49,101,102,497.48568
49,101,116,235.86641
49,102,103,64.57768
49,102,117,71.07162
49,103,104,173.98442
49,103,118,497.48568
49,104,119,507.51102
49,105,106,497.48568
49,105,120,40.76947
49,106,107,22.0371
49,106,121,235.86641
49,107,108,12.76449
49,107,122,363.26384
49,108,109,109.47238
49,108,123,149.42448
49,109,110,64.57768
49,109,124,69.14934
49,110,111,271.6966
49,110,125,725.44763
49,111,112,99.11459
49,111,126,40.76947
49,112,113,271.6966
49,112,127,730.0
49,113,114,99.11459
49,113,128,172.61249
49,114,115,533.06406
49,114,129,71.07162
49,115,116,40.76947
49,115,130,99.11459
49,116,117,1380.095
49,116,131,730.0
49,117,118,497.48568
49,117,132,271.6966
49,118,119,40.36686
49,118,133,337.4859
49,119,134,106.70341
49,120,121,149.42448
49,120,135,730.0
49,121,122,235.86641
49,121,136,40.36686
49,122,123,1380.095
49,122,137,507.51102
49,123,124,69.14934
49,123,138,99.11459
49,124,125,1380.095
49,124,139,730.0
49,125,126,497.48568
49,125,140,162.51627
49,126,127,337.4859
49,126,141,106.70341
49,127,128,24.64232
49,127,142,497.48568
49,128,129,24.64232
49,128,143,106.70341
49,129,130,162.51627
49,129,144,116.59009
49,130,131,533.06406
49,130,145,237.64804
49,131,132,106.70341
49,131,146,725.44763
49,132,133,271.6966
49,132,147,69.14934
49,133,134,173.98442
49,133,148,162.51627
49,134,149,69.14934
49,135,136,1040.79194
49,135,150,22.0371
49,136,137,337.4859
49,136,151,730.0
49,137,138,24.64232
49,137,152,172.61249
49,138,139,497.48568
49,138,153,1040.79194
49,139,140,235.86641
49,139,154,271.6966
49,140,141,173.98442
49,140,155,355.68525
49,141,142,1040.79194
49,141,156,271.6966
49,142,143,237.64804
49,142,157,162.51627
49,143,144,507.51102
49,143,158,730.0
49,144,145,99.11459
49,144,159,730.0
49,145,146,40.76947
49,145,160,507.51102
49,146,147,99.11459
49,146,161,24.64232
49,147,148,40.76947
49,147,162,725.44763
49,148,149,106.70341
49,148,163,172.61249
49,149,164,40.76947
49,150,151,149.42448
49,150,165,106.70341
49,151,152,162.51627
49,151,166,106.70341
49,152,153,251.50655
49,152,167,271.6966
49,153,154,533.06406
49,153,168,533.06406
49,154,155,149.42448
49,154,169,271.6966
49,155,156,337.4859
49,155,170,237.64804
49,156,157,355.68525
49,156,171,173.98442
49,157,158,12.76449
49,157,172,337.4859
49,158,159,363.26384
49,158,173,1040.79194
49,159,160,99.11459
49,159,174,22.0371
49,160,161,725.44763
49,160,175,162.51627
49,161,162,507.51102
49,161,176,235.86641
49,162,163,12.76449
49,162,177,497.48568
49,163,164,109.47238
49,163,178,12.76449
49,164,179,71.07162
49,165,166,40.36686
49,165,180,237.64804
49,166,167,22.0371
49,166,181,235.86641
49,167,168,149.42448
49,167,182,40.36686
49,168,169,363.26384
49,168,183,355.68525
49,169,170,271.6966
49,169,184,978.42065
49,170,171,1040.79194
49,170,185,978.42065
49,171,172,337.4859
49,171,186,725.44763
49,172,173,173.98442
49,172,187,235.86641
49,173,174,251.50655
49,173,188,162.51627
49,174,175,99.11459
49,174,189,162.51627
49,175,176,730.0
49,175,190,978.42065
49,176,177,149.42448
49,176,191,235.86641
49,177,178,730.0
49,177,192,149.42448
49,178,179,251.50655
49,178,193,978.42065
49,179,194,725.44763
49,180,181,533.06406
49,180,195,22.0371
49,181,182,533.06406
49,181,196,385.66439
49,182,183,162.51627
49,182,197,64.57768
49,183,184,64.57768
49,183,198,1380.095
49,184,185,116.59009
49,184,199,1040.79194
49,185,186,12.76449
49,185,200,24.64232
49,186,187,251.50655
49,186,201,1040.79194
49,187,188,109.47238
49,187,202,12.76449
49,188,189,725.44763
49,188,203,162.51627
49,189,190,237.64804
49,189,204,730.0
49,190,191,235.86641
49,190,205,725.44763
49,191,192,69.14934
49,191,206,106.70341
49,192,193,109.47238
49,192,207,1380.095
49,193,194,235.86641
49,193,208,99.11459
49,194,209,337.4859
49,195,196,99.11459
49,195,210,237.64804
49,196,197,162.51627
49,196,211,162.51627
49,197,198,173.98442
49,197,212,116.59009
49,198,199,533.06406
49,198,213,337.4859
49,199,200,40.36686
49,199,214,355.68525
49,200,201,237.64804
49,200,215,116.59009
49,201,202,149.42448
49,201,216,363.26384
49,202,203,251.50655
49,202,217,497.48568
49,203,204,69.14934
49,203,218,1380.095
49,204,205,237.64804
49,204,219,497.48568
49,205,206,40.36686
49,205,220,162.51627
49,206,207,24.64232
49,206,221,507.51102
49,207,208,355.68525
49,207,222,385.66439
49,208,209,1040.79194
49,208,223,507.51102
49,209,224,40.76947
49,210,211,1380.095
49,211,212,64.57768
49,212,213,173.98442
49,213,214,1040.79194
49,214,215,109.47238
49,215,216,64.57768
49,216,217,172.61249
49,217,218,271.6966
49,218,219,162.51627
49,219,220,730.0
49,220,221,116.59009
49,221,222,149.42448
49,222,223,385.66439
49,223,224,69.14934
50,0,1,13.31932
50,0,15,23.32588
50,1,2,532.06177
50,1,16,285.99516
50,2,3,23.32588
50,2,17,13.31932
50,3,4,38.84561
50,3,18,3.11904
50,4,5,409.20752
50,4,19,8.58322
50,5,6,3.11904
50,5,20,319.7441
50,6,7,527.57093
50,6,21,288.68862
50,7,8,480.22429
50,7,22,285.99516
50,8,9,38.84561
50,8,23,285.99516
50,9,10,149.42448
50,9,24,54.69716
50,10,11,905.84569
50,10,25,730.0
50,11,12,377.69655
50,11,26,377.69655
50,12,13,527.57093
50,12,27,730.0
50,13,14,3.11904
50,13,28,10.13879
50,14,29,38.84561
50,15,16,377.69655
50,15,30,285.99516
50,16,17,5.64362
50,16,31,23.32588
50,17,18,13.31932
50,17,32,8.4535
50,18,19,532.06177
50,18,33,149.42448
50,19,20,5.55748
50,19,34,4.69445
50,20,21,8.58322
50,20,35,54.69716
50,21,22,409.20752
50,21,36,3.11904
50,22,23,319.7441
50,22,37,8.4535
50,23,24,38.84561
50,23,38,23.32588
50,24,25,8.58322
50,24,39,23.32588
50,25,26,13.31932
50,25,40,222.25288
50,26,27,8.4535
50,26,41,222.25288
50,27,28,54.69716
50,27,42,5.64362
50,28,29,10.13879
50,28,43,8.4535
50,29,44,480.22429
50,30,31,33.67982
50,30,45,10.13879
50,31,32,10.13879
50,31,46,5.55748
50,32,33,905.84569
50,32,47,319.7441
50,33,34,197.42852
50,33,48,4.69445
50,34,35,527.57093
50,34,49,54.69716
50,35,36,8.4535
50,35,50,527.57093
50,36,37,15.18957
50,36,51,8.58322
50,37,38,5.55748
50,37,52,5.55748
50,38,39,667.78359
50,38,53,220.08914
50,39,40,222.25288
50,39,54,905.84569
50,40,41,149.42448
50,40,55,319.7441
50,41,42,532.06177
50,41,56,10.13879
50,42,43,149.42448
50,42,57,54.69716
50,43,44,532.06177
50,43,58,532.06177
50,44,59,10.13879
50,45,46,377.69655
50,45,60,23.0065
50,46,47,527.57093
50,46,61,13.31932
50,47,48,532.06177
50,47,62,33.67982
50,48,49,285.99516
50,48,63,33.67982
50,49,50,8.4535
50,49,64,527.57093
50,50,51,5.64362
50,50,65,3.11904
50,51,52,667.78359
50,51,66,54.69716
50,52,53,285.99516
50,52,67,8.58322
50,53,54,54.69716
50,53,68,54.69716
50,54,55,222.25288
50,54,69,532.06177
50,55,56,3.11904
50,55,70,149.42448
50,56,57,220.08914
50,56,71,33.24092
50,57,58,319.7441
50,57,72,480.22429
50,58,59,33.67982
50,58,73,15.18957
50,59,74,15.18957
50,60,61,662.3542
50,60,75,33.24092
50,61,62,23.32588
50,61,76,10.13879
50,62,63,532.06177
50,62,77,662.3542
50,63,64,15.18957
50,63,78,5.64362
50,64,65,222.25288
50,64,79,5.55748
50,65,66,730.0
50,65,80,222.25288
50,66,67,23.0065
50,66,81,409.20752
50,67,68,5.64362
50,67,82,4.69445
50,68,69,5.64362
50,68,83,197.42852
50,69,70,33.24092
50,69,84,527.57093
50,70,71,23.0065
50,70,85,532.06177
50,71,72,667.78359
50,71,86,8.4535
50,72,73,220.08914
50,72,87,480.22429
50,73,74,10.13879
50,73,88,222.25288
50,74,89,5.55748
50,75,76,532.06177
50,75,90,377.69655
50,76,77,905.84569
50,76,91,285.99516
50,77,78,662.3542
50,77,92,480.22429
50,78,79,3.11904
50,78,93,23.0065
50,79,80,5.64362
50,79,94,222.25288
50,80,81,197.42852
50,80,95,23.0065
50,81,82,3.11904
50,81,96,285.99516
50,82,83,19.73726
50,82,97,288.68862
50,83,84,10.13879
50,83,98,220.08914
50,84,85,905.84569
50,84,99,197.42852
50,85,86,54.69716
50,85,100,480.22429
50,86,87,23.32588
50,86,101,149.42448
50,87,88,222.25288
50,87,102,527.57093
50,88,89,8.58322
50,88,103,5.64362
50,89,104,220.08914
50,90,91,8.58322
50,90,105,220.08914
50,91,92,5.64362
50,91,106,527.57093
50,92,93,13.31932
50,92,107,667.78359
50,93,94,54.69716
50,93,108,667.78359
50,94,95,33.67982
50,94,109,13.31932
50,95,96,23.0065
50,95,110,409.20752
50,96,97,149.42448
50,96,111,19.73726
50,97,98,13.31932
50,97,112,197.42852
50,98,99,197.42852
50,98,113,285.99516
50,99,100,197.42852
50,99,114,222.25288
50,100,101,285.99516
50,100,115,23.32588
50,101,102,532.06177
50,101,116,197.42852
50,102,103,8.58322
50,102,117,8.4535
50,103,104,38.84561
50,103,118,532.06177
50,104,119,409.20752
50,105,106,532.06177
50,105,120,54.69716
50,106,107,33.67982
50,106,121,197.42852
50,107,108,19.73726
50,107,122,285.99516
50,108,109,15.18957
50,108,123,667.78359
50,109,110,8.58322
50,109,124,13.31932
50,110,111,5.55748
50,110,125,149.42448
50,111,112,480.22429
50,111,126,54.69716
50,112,113,5.55748
50,112,127,730.0
50,113,114,480.22429
50,113,128,3.11904
50,114,115,527.57093
50,114,129,8.4535
50,115,116,54.69716
50,115,130,480.22429
50,116,117,319.7441
50,116,131,730.0
50,117,118,532.06177
50,117,132,5.55748
50,118,119,4.69445
50,118,133,288.68862
50,119,134,23.32588
50,120,121,667.78359
50,120,135,730.0
50,121,122,197.42852
50,121,136,4.69445
50,122,123,319.7441
50,122,137,409.20752
50,123,124,13.31932
50,123,138,480.22429
50,124,125,319.7441
50,124,139,730.0
50,125,126,532.06177
50,125,140,662.3542
50,126,127,288.68862
50,126,141,23.32588
50,127,128,33.24092
50,127,142,532.06177
50,128,129,33.24092
50,128,143,23.32588
50,129,130,662.3542
50,129,144,23.0065
50,130,131,527.57093
50,130,145,905.84569
50,131,132,23.32588
50,131,146,149.42448
50,132,133,5.55748
50,132,147,13.31932
50,133,134,38.84561
50,133,148,662.3542
50,134,149,13.31932
50,135,136,220.08914
50,135,150,33.67982
50,136,137,288.68862
50,136,151,730.0
50,137,138,33.24092
50,137,152,3.11904
50,138,139,532.06177
50,138,153,220.08914
50,139,140,197.42852
50,139,154,5.55748
50,140,141,38.84561
50,140,155,377.69655
50,141,142,220.08914
50,141,156,5.55748
50,142,143,905.84569
50,142,157,662.3542
50,143,144,409.20752
50,143,158,730.0
50,144,145,480.22429
50,144,159,730.0
50,145,146,54.69716
50,145,160,409.20752
50,146,147,480.22429
50,146,161,33.24092
50,147,148,54.69716
50,147,162,149.42448
50,148,149,23.32588
50,148,163,3.11904
50,149,164,54.69716
50,150,151,667.78359
50,150,165,23.32588
50,151,152,662.3542
50,151,166,23.32588
50,152,153,5.64362
50,152,167,5.55748
50,153,154,527.57093
50,153,168,527.57093
50,154,155,667.78359
50,154,169,5.55748
50,155,156,288.68862
50,155,170,905.84569
50,156,157,377.69655
50,156,171,38.84561
50,157,158,19.73726
50,157,172,288.68862
50,158,159,285.99516
50,158,173,220.08914
50,159,160,480.22429
50,159,174,33.67982
50,160,161,149.42448
50,160,175,662.3542
50,161,162,409.20752
50,161,176,197.42852
50,162,163,19.73726
50,162,177,532.06177
50,163,164,15.18957
50,163,178,19.73726
50,164,179,8.4535
50,165,166,4.69445
50,165,180,905.84569
50,166,167,33.67982
50,166,181,197.42852
50,167,168,667.78359
50,167,182,4.69445
50,168,169,285.99516
50,168,183,377.69655
50,169,170,5.55748
50,169,184,222.25288
50,170,171,220.08914
50,170,185,222.25288
50,171,172,288.68862
50,171,186,149.42448
50,172,173,38.84561
50,172,187,197.42852
50,173,174,5.64362
50,173,188,662.3542
50,174,175,480.22429
50,174,189,662.3542
50,175,176,730.0
50,175,190,222.25288
50,176,177,667.78359
50,176,191,197.42852
50,177,178,730.0
50,177,192,667.78359
50,178,179,5.64362
50,178,193,222.25288
50,179,194,149.42448
50,180,181,527.57093
50,180,195,33.67982
50,181,182,527.57093
50,181,196,10.13879
50,182,183,662.3542
50,182,197,8.58322
50,183,184,8.58322
50,183,198,319.7441
50,184,185,23.0065
50,184,199,220.08914
50,185,186,19.73726
50,185,200,33.24092
50,186,187,5.64362
50,186,201,220.08914
50,187,188,15.18957
50,187,202,19.73726
50,188,189,149.42448
50,188,203,662.3542
50,189,190,905.84569
50,189,204,730.0
50,190,191,197.42852
50,190,205,149.42448
50,191,192,13.31932
50,191,206,23.32588
50,192,193,15.18957
50,192,207,319.7441
50,193,194,197.42852
50,193,208,480.22429
50,194,209,288.68862
50,195,196,480.22429
50,195,210,905.84569
50,196,197,662.3542
50,196,211,662.3542
50,197,198,38.84561
50,197,212,23.0065
50,198,199,527.57093
50,198,213,288.68862
50,199,200,4.69445
50,199,214,377.69655
50,200,201,905.84569
50,200,215,23.0065
50,201,202,667.78359
50,201,216,285.99516
50,202,203,5.64362
50,202,217,532.06177
50,203,204,13.31932
50,203,218,319.7441
50,204,205,905.84569
50,204,219,532.06177
50,205,206,4.69445
50,205,220,662.3542
50,206,207,33.24092
50,206,221,409.20752
50,207,208,377.69655
50,207,222,10.13879
50,208,209,220.08914
50,208,223,409.20752
50,209,224,54.69716
50,210,211,319.7441
50,211,212,8.58322
50,212,213,38.84561
50,213,214,220.08914
50,214,215,15.18957
50,215,216,8.58322
50,216,217,3.11904
50,217,218,5.55748
50,218,219,662.3542
50,219,220,730.0
50,220,221,23.0065
50,221,222,667.78359
50,222,223,10.13879
50,223,224,13.31932
51,0,1,1312.74005
51,0,15,1242.04157
51,1,2,726.09651
51,1,16,698.62796
51,2,3,1242.04157
51,2,17,1312.74005
51,3,4,1248.14905
51,3,18,667.1785
51,4,5,656.9617
51,4,19,1127.83221
51,5,6,667.1785
51,5,20,344.73958
51,6,7,775.47748
51,6,21,653.38709
51,7,8,1361.34635
51,7,22,698.62796
51,8,9,1248.14905
51,8,23,698.62796
51,9,10,366.91984
51,9,24,2112.67024
51,10,11,1294.75849
51,10,25,730.0
51,11,12,771.372
51,11,26,771.372
51,12,13,775.47748
51,12,27,730.0
51,13,14,667.1785
51,13,28,630.54557
51,14,29,1248.14905
51,15,16,771.372
51,15,30,698.62796
51,16,17,627.09139
51,16,31,1242.04157
51,17,18,1312.74005
51,17,32,1198.99644
51,18,19,726.09651
51,18,33,366.91984
51,19,20,670.81593
51,19,34,1193.09031
51,20,21,1127.83221
51,20,35,2112.67024
51,21,22,656.9617
51,21,36,667.1785
51,22,23,344.73958
51,22,37,1198.99644
51,23,24,1248.14905
51,23,38,1242.04157
51,24,25,1127.83221
51,24,39,1242.04157
51,25,26,1312.74005
51,25,40,342.65393
51,26,27,1198.99644
51,26,41,342.65393
51,27,28,2112.67024
51,27,42,627.09139
51,28,29,630.54557
51,28,43,1198.99644
51,29,44,1361.34635
51,30,31,2103.1964
51,30,45,630.54557
51,31,32,630.54557
51,31,46,670.81593
51,32,33,1294.75849
51,32,47,344.73958
51,33,34,694.86503
51,33,48,1193.09031
51,34,35,775.47748
51,34,49,2112.67024
51,35,36,1198.99644
51,35,50,775.47748
51,36,37,1133.46776
51,36,51,1127.83221
51,37,38,670.81593
51,37,52,670.81593
51,38,39,1288.46131
51,38,53,369.12816
51,39,40,342.65393
51,39,54,1294.75849
51,40,41,366.91984
51,40,55,344.73958
51,41,42,726.09651
51,41,56,630.54557
51,42,43,366.91984
51,42,57,2112.67024
51,43,44,726.09651
51,43,58,726.09651
51,44,59,630.54557
51,45,46,771.372
51,45,60,1319.13599
51,46,47,775.47748
51,46,61,1312.74005
51,47,48,726.09651
51,47,62,2103.1964
51,48,49,698.62796
51,48,63,2103.1964
51,49,50,1198.99644
51,49,64,775.47748
51,50,51,627.09139
51,50,65,667.1785
51,51,52,1288.46131
51,51,66,2112.67024
51,52,53,698.62796
51,52,67,1127.83221
51,53,54,2112.67024
51,53,68,2112.67024
51,54,55,342.65393
51,54,69,726.09651
51,55,56,667.1785
51,55,70,366.91984
51,56,57,369.12816
51,56,71,2222.55094
51,57,58,344.73958
51,57,72,1361.34635
51,58,59,2103.1964
51,58,73,1133.46776
51,59,74,1133.46776
51,60,61,1367.93911
51,60,75,2222.55094
51,61,62,1242.04157
51,61,76,630.54557
51,62,63,726.09651
51,62,77,1367.93911
51,63,64,1133.46776
51,63,78,627.09139
51,64,65,342.65393
51,64,79,670.81593
51,65,66,730.0
51,65,80,342.65393
51,66,67,1319.13599
51,66,81,656.9617
51,67,68,627.09139
51,67,82,1193.09031
51,68,69,627.09139
51,68,83,694.86503
51,69,70,2222.55094
51,69,84,775.47748
51,70,71,1319.13599
51,70,85,726.09651
51,71,72,1288.46131
51,71,86,1198.99644
51,72,73,369.12816
51,72,87,1361.34635
51,73,74,630.54557
51,73,88,342.65393
51,74,89,670.81593
51,75,76,726.09651
51,75,90,771.372
51,76,77,1294.75849
51,76,91,698.62796
51,77,78,1367.93911
51,77,92,1361.34635
51,78,79,667.1785
51,78,93,1319.13599
51,79,80,627.09139
51,79,94,342.65393
51,80,81,694.86503
51,80,95,1319.13599
51,81,82,667.1785
51,81,96,698.62796
51,82,83,2212.66788
51,82,97,653.38709
51,83,84,630.54557
51,83,98,369.12816
51,84,85,1294.75849
51,84,99,694.86503
51,85,86,2112.67024
51,85,100,1361.34635
51,86,87,1242.04157
51,86,101,366.91984
51,87,88,342.65393
51,87,102,775.47748
51,88,89,1127.83221
51,88,103,627.09139
51,89,104,369.12816
51,90,91,1127.83221
51,90,105,369.12816
51,91,92,627.09139
51,91,106,775.47748
51,92,93,1312.74005
51,92,107,1288.46131
51,93,94,2112.67024
51,93,108,1288.46131
51,94,95,2103.1964
51,94,109,1312.74005
51,95,96,1319.13599
51,95,110,656.9617
51,96,97,366.91984
51,96,111,2212.66788
51,97,98,1312.74005
51,97,112,694.86503
51,98,99,694.86503
51,98,113,698.62796
51,99,100,694.86503
51,99,114,342.65393
51,100,101,698.62796
51,100,115,1242.04157
51,101,102,726.09651
51,101,116,694.86503
51,102,103,1127.83221
51,102,117,1198.99644
51,103,104,1248.14905
51,103,118,726.09651
51,104,119,656.9617
51,105,106,726.09651
51,105,120,2112.67024
51,106,107,2103.1964
51,106,121,694.86503
51,107,108,2212.66788
51,107,122,698.62796
51,108,109,1133.46776
51,108,123,1288.46131
51,109,110,1127.83221
51,109,124,1312.74005
51,110,111,670.81593
51,110,125,366.91984
51,111,112,1361.34635
51,111,126,2112.67024
51,112,113,670.81593
51,112,127,730.0
51,113,114,1361.34635
51,113,128,667.1785
51,114,115,775.47748
51,114,129,1198.99644
51,115,116,2112.67024
51,115,130,1361.34635
51,116,117,344.73958
51,116,131,730.0
51,117,118,726.09651
51,117,132,670.81593
51,118,119,1193.09031
51,118,133,653.38709
51,119,134,1242.04157
51,120,121,1288.46131
51,120,135,730.0
51,121,122,694.86503
51,121,136,1193.09031
51,122,123,344.73958
51,122,137,656.9617
51,123,124,1312.74005
51,123,138,1361.34635
51,124,125,344.73958
51,124,139,730.0
51,125,126,726.09651
51,125,140,1367.93911
51,126,127,653.38709
51,126,141,1242.04157
51,127,128,2222.55094
51,127,142,726.09651
51,128,129,2222.55094
51,128,143,1242.04157
51,129,130,1367.93911
51,129,144,1319.13599
51,130,131,775.47748
51,130,145,1294.75849
51,131,132,1242.04157
51,131,146,366.91984
51,132,133,670.81593
51,132,147,1312.74005
51,133,134,1248.14905
51,133,148,1367.93911
51,134,149,1312.74005
51,135,136,369.12816
51,135,150,2103.1964
51,136,137,653.38709
51,136,151,730.0
51,137,138,2222.55094
51,137,152,667.1785
51,138,139,726.09651
51,138,153,369.12816
51,139,140,694.86503
51,139,154,670.81593
51,140,141,1248.14905
51,140,155,771.372
51,141,142,369.12816
51,141,156,670.81593
51,142,143,1294.75849
51,142,157,1367.93911
51,143,144,656.9617
51,143,158,730.0
51,144,145,1361.34635
51,144,159,730.0
51,145,146,2112.67024
51,145,160,656.9617
51,146,147,1361.34635
51,146,161,2222.55094
51,147,148,2112.67024
51,147,162,366.91984
51,148,149,1242.04157
51,148,163,667.1785
51,149,164,2112.67024
51,150,151,1288.46131
51,150,165,1242.04157
51,151,152,1367.93911
51,151,166,1242.04157
51,152,153,627.09139
51,152,167,670.81593
51,153,154,775.47748
51,153,168,775.47748
51,154,155,1288.46131
51,154,169,670.81593
51,155,156,653.38709
51,155,170,1294.75849
51,156,157,771.372
51,156,171,1248.14905
51,157,158,2212.66788
51,157,172,653.38709
51,158,159,698.62796
51,158,173,369.12816
51,159,160,1361.34635
51,159,174,2103.1964
51,160,161,366.91984
51,160,175,1367.93911
51,161,162,656.9617
51,161,176,694.86503
51,162,163,2212.66788
51,162,177,726.09651
51,163,164,1133.46776
51,163,178,2212.66788
51,164,179,1198.99644
51,165,166,1193.09031
51,165,180,1294.75849
51,166,167,2103.1964
51,166,181,694.86503
51,167,168,1288.46131
51,167,182,1193.09031
51,168,169,698.62796
51,168,183,771.372
51,169,170,670.81593
51,169,184,342.65393
51,170,171,369.12816
51,170,185,342.65393
51,171,172,653.38709
51,171,186,366.91984
51,172,173,1248.14905
51,172,187,694.86503
51,173,174,627.09139
51,173,188,1367.93911
51,174,175,1361.34635
51,174,189,1367.93911
51,175,176,730.0
51,175,190,342.65393
51,176,177,1288.46131
51,176,191,694.86503
51,177,178,730.0
51,177,192,1288.46131
51,178,179,627.09139
51,178,193,342.65393
51,179,194,366.91984
51,180,181,775.47748
51,180,195,2103.1964
51,181,182,775.47748
51,181,196,630.54557
51,182,183,1367.93911
51,182,197,1127.83221
51,183,184,1127.83221
51,183,198,344.73958
51,184,185,1319.13599
51,184,199,369.12816
51,185,186,2212.66788
51,185,200,2222.55094
51,186,187,627.09139
51,186,201,369.12816
51,187,188,1133.46776
51,187,202,2212.66788
51,188,189,366.91984
51,188,203,1367.93911
51,189,190,1294.75849
51,189,204,730.0
51,190,191,694.86503
51,190,205,366.91984
51,191,192,1312.74005
51,191,206,1242.04157
51,192,193,1133.46776
51,192,207,344.73958
51,193,194,694.86503
51,193,208,1361.34635
51,194,209,653.38709
51,195,196,1361.34635
51,195,210,1294.75849
51,196,197,1367.93911
51,196,211,1367.93911
51,197,198,1248.14905
51,197,212,1319.13599
51,198,199,775.47748
51,198,213,653.38709
51,199,200,1193.09031
51,199,214,771.372
51,200,201,1294.75849
51,200,215,1319.13599
51,201,202,1288.46131
51,201,216,698.62796
51,202,203,627.09139
51,202,217,726.09651
51,203,204,1312.74005
51,203,218,344.73958
51,204,205,1294.75849
51,204,219,726.09651
51,205,206,1193.09031
51,205,220,1367.93911
51,206,207,2222.55094
51,206,221,656.9617
51,207,208,771.372
51,207,222,630.54557
51,208,209,369.12816
51,208,223,656.9617
51,209,224,2112.67024
51,210,211,344.73958
51,211,212,1127.83221
51,212,213,1248.14905
51,213,214,369.12816
51,214,215,1133.46776
51,215,216,1127.83221
51,216,217,667.1785
51,217,218,670.81593
51,218,219,1367.93911
51,219,220,730.0
51,220,221,1319.13599
51,221,222,1288.46131
51,222,223,630.54557
51,223,224,1312.74005
52,0,1,413.24568
52,0,15,426.3922
52,1,2,420.59826
52,1,16,9257.95089
52,2,3,426.3922
52,2,17,413.24568
52,3,4,739.17628
52,3,18,2681.86365
52,4,5,9432.77364
52,4,19,6673.86564
52,5,6,2681.86365
52,5,20,4091.32114
52,6,7,709.38206
52,6,21,6616.30114
52,7,8,1338.47996
52,7,22,9257.95089
52,8,9,739.17628
52,8,23,9257.95089
52,9,10,2654.95659
52,9,24,2191.38023
52,10,11,2168.6463
52,10,25,730.0
52,11,12,407.60151
52,11,26,407.60151
52,12,13,709.38206
52,12,27,730.0
52,13,14,2681.86365
52,13,28,4129.89492
52,14,29,739.17628
52,15,16,407.60151
52,15,30,9257.95089
52,16,17,2744.22018
52,16,31,426.3922
52,17,18,413.24568
52,17,32,9334.10055
52,18,19,420.59826
52,18,33,2654.95659
52,19,20,4042.16798
52,19,34,6542.89824
52,20,21,6673.86564
52,20,35,2191.38023
52,21,22,9432.77364
52,21,36,2681.86365
52,22,23,4091.32114
52,22,37,9334.10055
52,23,24,739.17628
52,23,38,426.3922
52,24,25,6673.86564
52,24,39,426.3922
52,25,26,413.24568
52,25,40,2716.79213
52,26,27,9334.10055
52,26,41,2716.79213
52,27,28,2191.38023
52,27,42,2744.22018
52,28,29,4129.89492
52,28,43,9334.10055
52,29,44,1338.47996
52,30,31,1388.99211
52,30,45,4129.89492
52,31,32,4129.89492
52,31,46,4042.16798
52,32,33,2168.6463
52,32,47,4091.32114
52,33,34,6486.27747
52,33,48,6542.89824
52,34,35,709.38206
52,34,49,2191.38023
52,35,36,9334.10055
52,35,50,709.38206
52,36,37,9510.11904
52,36,51,6673.86564
52,37,38,4042.16798
52,37,52,4042.16798
52,38,39,1373.4534
52,38,53,4004.27894
52,39,40,2716.79213
52,39,54,2168.6463
52,40,41,2654.95659
52,40,55,4091.32114
52,41,42,420.59826
52,41,56,4129.89492
52,42,43,2654.95659
52,42,57,2191.38023
52,43,44,420.59826
52,43,58,420.59826
52,44,59,4129.89492
52,45,46,407.60151
52,45,60,718.34178
52,46,47,709.38206
52,46,61,413.24568
52,47,48,420.59826
52,47,62,1388.99211
52,48,49,9257.95089
52,48,63,1388.99211
52,49,50,9334.10055
52,49,64,709.38206
52,50,51,2744.22018
52,50,65,2681.86365
52,51,52,1373.4534
52,51,66,2191.38023
52,52,53,9257.95089
52,52,67,6673.86564
52,53,54,2191.38023
52,53,68,2191.38023
52,54,55,2716.79213
52,54,69,420.59826
52,55,56,2681.86365
52,55,70,2654.95659
52,56,57,4004.27894
52,56,71,2139.7062
52,57,58,4091.32114
52,57,72,1338.47996
52,58,59,1388.99211
52,58,73,9510.11904
52,59,74,9510.11904
52,60,61,2117.42048
52,60,75,2139.7062
52,61,62,426.3922
52,61,76,4129.89492
52,62,63,420.59826
52,62,77,2117.42048
52,63,64,9510.11904
52,63,78,2744.22018
52,64,65,2716.79213
52,64,79,4042.16798
52,65,66,730.0
52,65,80,2716.79213
52,66,67,718.34178
52,66,81,9432.77364
52,67,68,2744.22018
52,67,82,6542.89824
52,68,69,2744.22018
52,68,83,6486.27747
52,69,70,2139.7062
52,69,84,709.38206
52,70,71,718.34178
52,70,85,420.59826
52,71,72,1373.4534
52,71,86,9334.10055
52,72,73,4004.27894
52,72,87,1338.47996
52,73,74,4129.89492
52,73,88,2716.79213
52,74,89,4042.16798
52,75,76,420.59826
52,75,90,407.60151
52,76,77,2168.6463
52,76,91,9257.95089
52,77,78,2117.42048
52,77,92,1338.47996
52,78,79,2681.86365
52,78,93,718.34178
52,79,80,2744.22018
52,79,94,2716.79213
52,80,81,6486.27747
52,80,95,718.34178
52,81,82,2681.86365
52,81,96,9257.95089
52,82,83,1353.68831
52,82,97,6616.30114
52,83,84,4129.89492
52,83,98,4004.27894
52,84,85,2168.6463
52,84,99,6486.27747
52,85,86,2191.38023
52,85,100,1338.47996
52,86,87,426.3922
52,86,101,2654.95659
52,87,88,2716.79213
52,87,102,709.38206
52,88,89,6673.86564
52,88,103,2744.22018
52,89,104,4004.27894
52,90,91,6673.86564
52,90,105,4004.27894
52,91,92,2744.22018
52,91,106,709.38206
52,92,93,413.24568
52,92,107,1373.4534
52,93,94,2191.38023
52,93,108,1373.4534
52,94,95,1388.99211
52,94,109,413.24568
52,95,96,718.34178
52,95,110,9432.77364
52,96,97,2654.95659
52,96,111,1353.68831
52,97,98,413.24568
52,97,112,6486.27747
52,98,99,6486.27747
52,98,113,9257.95089
52,99,100,6486.27747
52,99,114,2716.79213
52,100,101,9257.95089
52,100,115,426.3922
52,101,102,420.59826
52,101,116,6486.27747
52,102,103,6673.86564
52,102,117,9334.10055
52,103,104,739.17628
52,103,118,420.59826
52,104,119,9432.77364
52,105,106,420.59826
52,105,120,2191.38023
52,106,107,1388.99211
52,106,121,6486.27747
52,107,108,1353.68831
52,107,122,9257.95089
52,108,109,9510.11904
52,108,123,1373.4534
52,109,110,6673.86564
52,109,124,413.24568
52,110,111,4042.16798
52,110,125,2654.95659
52,111,112,1338.47996
52,111,126,2191.38023
52,112,113,4042.16798
52,112,127,730.0
52,113,114,1338.47996
52,113,128,2681.86365
52,114,115,709.38206
52,114,129,9334.10055
52,115,116,2191.38023
52,115,130,1338.47996
52,116,117,4091.32114
52,116,131,730.0
52,117,118,420.59826
52,117,132,4042.16798
52,118,119,6542.89824
52,118,133,6616.30114
52,119,134,426.3922
52,120,121,1373.4534
52,120,135,730.0
52,121,122,6486.27747
52,121,136,6542.89824
52,122,123,4091.32114
52,122,137,9432.77364
52,123,124,413.24568
52,123,138,1338.47996
52,124,125,4091.32114
52,124,139,730.0
52,125,126,420.59826
52,125,140,2117.42048
52,126,127,6616.30114
52,126,141,426.3922
52,127,128,2139.7062
52,127,142,420.59826
52,128,129,2139.7062
52,128,143,426.3922
52,129,130,2117.42048
52,129,144,718.34178
52,130,131,709.38206
52,130,145,2168.6463
52,131,132,426.3922
52,131,146,2654.95659
52,132,133,4042.16798
52,132,147,413.24568
52,133,134,739.17628
52,133,148,2117.42048
52,134,149,413.24568
52,135,136,4004.27894
52,135,150,1388.99211
52,136,137,6616.30114
52,136,151,730.0
52,137,138,2139.7062
52,137,152,2681.86365
52,138,139,420.59826
52,138,153,4004.27894
52,139,140,6486.27747
52,139,154,4042.16798
52,140,141,739.17628
52,140,155,407.60151
52,141,142,4004.27894
52,141,156,4042.16798
52,142,143,2168.6463
52,142,157,2117.42048
52,143,144,9432.77364
52,143,158,730.0
52,144,145,1338.47996
52,144,159,730.0
52,145,146,2191.38023
52,145,160,9432.77364
52,146,147,1338.47996
52,146,161,2139.7062
52,147,148,2191.38023
52,147,162,2654.95659
52,148,149,426.3922
52,148,163,2681.86365
52,149,164,2191.38023
52,150,151,1373.4534
52,150,165,426.3922
52,151,152,2117.42048
52,151,166,426.3922
52,152,153,2744.22018
52,152,167,4042.16798
52,153,154,709.38206
52,153,168,709.38206
52,154,155,1373.4534
52,154,169,4042.16798
52,155,156,6616.30114
52,155,170,2168.6463
52,156,157,407.60151
52,156,171,739.17628
52,157,158,1353.68831
52,157,172,6616.30114
52,158,159,9257.95089
52,158,173,4004.27894
52,159,160,1338.47996
52,159,174,1388.99211
52,160,161,2654.95659
52,160,175,2117.42048
52,161,162,9432.77364
52,161,176,6486.27747
52,162,163,1353.68831
52,162,177,420.59826
52,163,164,9510.11904
52,163,178,1353.68831
52,164,179,9334.10055
52,165,166,6542.89824
52,165,180,2168.6463
52,166,167,1388.99211
52,166,181,6486.27747
52,167,168,1373.4534
52,167,182,6542.89824
52,168,169,9257.95089
52,168,183,407.60151
52,169,170,4042.16798
52,169,184,2716.79213
52,170,171,4004.27894
52,170,185,2716.79213
52,171,172,6616.30114
52,171,186,2654.95659
52,172,173,739.17628
52,172,187,6486.27747
52,173,174,2744.22018
52,173,188,2117.42048
52,174,175,1338.47996
52,174,189,2117.42048
52,175,176,730.0
52,175,190,2716.79213
52,176,177,1373.4534
52,176,191,6486.27747
52,177,178,730.0
52,177,192,1373.4534
52,178,179,2744.22018
52,178,193,2716.79213
52,179,194,2654.95659
52,180,181,709.38206
52,180,195,1388.99211
52,181,182,709.38206
52,181,196,4129.89492
52,182,183,2117.42048
52,182,197,6673.86564
52,183,184,6673.86564
52,183,198,4091.32114
52,184,185,718.34178
52,184,199,4004.27894
52,185,186,1353.68831
52,185,200,2139.7062
52,186,187,2744.22018
52,186,201,4004.27894
52,187,188,9510.11904
52,187,202,1353.68831
52,188,189,2654.95659
52,188,203,2117.42048
52,189,190,2168.6463
52,189,204,730.0
52,190,191,6486.27747
52,190,205,2654.95659
52,191,192,413.24568
52,191,206,426.3922
52,192,193,9510.11904
52,192,207,4091.32114
52,193,194,6486.27747
52,193,208,1338.47996
52,194,209,6616.30114
52,195,196,1338.47996
52,195,210,2168.6463
52,196,197,2117.42048
52,196,211,2117.42048
52,197,198,739.17628
52,197,212,718.34178
52,198,199,709.38206
52,198,213,6616.30114
52,199,200,6542.89824
52,199,214,407.60151
52,200,201,2168.6463
52,200,215,718.34178
52,201,202,1373.4534
52,201,216,9257.95089
52,202,203,2744.22018
52,202,217,420.59826
52,203,204,413.24568
52,203,218,4091.32114
52,204,205,2168.6463
52,204,219,420.59826
52,205,206,6542.89824
52,205,220,2117.42048
52,206,207,2139.7062
52,206,221,9432.77364
52,207,208,407.60151
52,207,222,4129.89492
52,208,209,4004.27894
52,208,223,9432.77364
52,209,224,2191.38023
52,210,211,4091.32114
52,211,212,6673.86564
52,212,213,739.17628
52,213,214,4004.27894
52,214,215,9510.11904
52,215,216,6673.86564
52,216,217,2681.86365
52,217,218,4042.16798
52,218,219,2117.42048
52,219,220,730.0
52,220,221,718.34178
52,221,222,1373.4534
52,222,223,4129.89492
52,223,224,413.24568
53,0,1,3371.20914
53,0,15,1339.56153
53,1,2,463.46594
53,1,16,1355.87264
53,2,3,1339.56153
53,2,17,3371.20914
53,3,4,1965.28335
53,3,18,859.25581
53,4,5,456.81262
53,4,19,878.10209
53,5,6,859.25581
53,5,20,117.71889
53,6,7,2010.39012
53,6,21,279.20719
53,7,8,3501.71907
53,7,22,1355.87264
53,8,9,1965.28335
53,8,23,1355.87264
53,9,10,271.98231
53,9,24,4767.68308
53,10,11,2048.63541
53,10,25,730.0
53,11,12,1372.34906
53,11,26,1372.34906
53,12,13,2010.39012
53,12,27,730.0
53,13,14,859.25581
53,13,28,433.09533
53,14,29,1965.28335
53,15,16,1372.34906
53,15,30,1355.87264
53,16,17,263.5195
53,16,31,1339.56153
53,17,18,3371.20914
53,17,32,3336.32799
53,18,19,463.46594
53,18,33,271.98231
53,19,20,1296.86325
53,19,34,2350.95648
53,20,21,878.10209
53,20,35,4767.68308
53,21,22,456.81262
53,21,36,859.25581
53,22,23,117.71889
53,22,37,3336.32799
53,23,24,1965.28335
53,23,38,1339.56153
53,24,25,878.10209
53,24,39,1339.56153
53,25,26,3371.20914
53,25,40,63.39151
53,26,27,3336.32799
53,26,41,63.39151
53,27,28,4767.68308
53,27,42,263.5195
53,28,29,433.09533
53,28,43,3336.32799
53,29,44,3501.71907
53,30,31,3430.0198
53,30,45,433.09533
53,31,32,433.09533
53,31,46,1296.86325
53,32,33,2048.63541
53,32,47,117.71889
53,33,34,901.17164
53,33,48,2350.95648
53,34,35,2010.39012
53,34,49,4767.68308
53,35,36,3336.32799
53,35,50,2010.39012
53,36,37,1323.41437
53,36,51,878.10209
53,37,38,1296.86325
53,37,52,1296.86325
53,38,39,1400.18072
53,38,53,445.90104
53,39,40,63.39151
53,39,54,2048.63541
53,40,41,271.98231
53,40,55,117.71889
53,41,42,463.46594
53,41,56,433.09533
53,42,43,271.98231
53,42,57,4767.68308
53,43,44,463.46594
53,43,58,463.46594
53,44,59,433.09533
53,45,46,1372.34906
53,45,60,4690.26754
53,46,47,2010.39012
53,46,61,3371.20914
53,47,48,463.46594
53,47,62,3430.0198
53,48,49,1355.87264
53,48,63,3430.0198
53,49,50,3336.32799
53,49,64,2010.39012
53,50,51,263.5195
53,50,65,859.25581
53,51,52,1400.18072
53,51,66,4767.68308
53,52,53,1355.87264
53,52,67,878.10209
53,53,54,4767.68308
53,53,68,4767.68308
53,54,55,63.39151
53,54,69,463.46594
53,55,56,859.25581
53,55,70,271.98231
53,56,57,445.90104
53,56,71,10171.55716
53,57,58,117.71889
53,57,72,3501.71907
53,58,59,3430.0198
53,58,73,1323.41437
53,59,74,1323.41437
53,60,61,4861.98477
53,60,75,10171.55716
53,61,62,1339.56153
53,61,76,433.09533
53,62,63,463.46594
53,62,77,4861.98477
53,63,64,1323.41437
53,63,78,263.5195
53,64,65,63.39151
53,64,79,1296.86325
53,65,66,730.0
53,65,80,63.39151
53,66,67,4690.26754
53,66,81,456.81262
53,67,68,263.5195
53,67,82,2350.95648
53,68,69,263.5195
53,68,83,901.17164
53,69,70,10171.55716
53,69,84,2010.39012
53,70,71,4690.26754
53,70,85,463.46594
53,71,72,1400.18072
53,71,86,3336.32799
53,72,73,445.90104
53,72,87,3501.71907
53,73,74,433.09533
53,73,88,63.39151
53,74,89,1296.86325
53,75,76,463.46594
53,75,90,1372.34906
53,76,77,2048.63541
53,76,91,1355.87264
53,77,78,4861.98477
53,77,92,3501.71907
53,78,79,859.25581
53,78,93,4690.26754
53,79,80,263.5195
53,79,94,63.39151
53,80,81,901.17164
53,80,95,4690.26754
53,81,82,859.25581
53,81,96,1355.87264
53,82,83,7616.32057
53,82,97,279.20719
53,83,84,433.09533
53,83,98,445.90104
53,84,85,2048.63541
53,84,99,901.17164
53,85,86,4767.68308
53,85,100,3501.71907
53,86,87,1339.56153
53,86,101,271.98231
53,87,88,63.39151
53,87,102,2010.39012
53,88,89,878.10209
53,88,103,263.5195
53,89,104,445.90104
53,90,91,878.10209
53,90,105,445.90104
53,91,92,263.5195
53,91,106,2010.39012
53,92,93,3371.20914
53,92,107,1400.18072
53,93,94,4767.68308
53,93,108,1400.18072
53,94,95,3430.0198
53,94,109,3371.20914
53,95,96,4690.26754
53,95,110,456.81262
53,96,97,271.98231
53,96,111,7616.32057
53,97,98,3371.20914
53,97,112,901.17164
53,98,99,901.17164
53,98,113,1355.87264
53,99,100,901.17164
53,99,114,63.39151
53,100,101,1355.87264
53,100,115,1339.56153
53,101,102,463.46594
53,101,116,901.17164
53,102,103,878.10209
53,102,117,3336.32799
53,103,104,1965.28335
53,103,118,463.46594
53,104,119,456.81262
53,105,106,463.46594
53,105,120,4767.68308
53,106,107,3430.0198
53,106,121,901.17164
53,107,108,7616.32057
53,107,122,1355.87264
53,108,109,1323.41437
53,108,123,1400.18072
53,109,110,878.10209
53,109,124,3371.20914
53,110,111,1296.86325
53,110,125,271.98231
53,111,112,3501.71907
53,111,126,4767.68308
53,112,113,1296.86325
53,112,127,730.0
53,113,114,3501.71907
53,113,128,859.25581
53,114,115,2010.39012
53,114,129,3336.32799
53,115,116,4767.68308
53,115,130,3501.71907
53,116,117,117.71889
53,116,131,730.0
53,117,118,463.46594
53,117,132,1296.86325
53,118,119,2350.95648
53,118,133,279.20719
53,119,134,1339.56153
53,120,121,1400.18072
53,120,135,730.0
53,121,122,901.17164
53,121,136,2350.95648
53,122,123,117.71889
53,122,137,456.81262
53,123,124,3371.20914
53,123,138,3501.71907
53,124,125,117.71889
53,124,139,730.0
53,125,126,463.46594
53,125,140,4861.98477
53,126,127,279.20719
53,126,141,1339.56153
53,127,128,10171.55716
53,127,142,463.46594
53,128,129,10171.55716
53,128,143,1339.56153
53,129,130,4861.98477
53,129,144,4690.26754
53,130,131,2010.39012
53,130,145,2048.63541
53,131,132,1339.56153
53,131,146,271.98231
53,132,133,1296.86325
53,132,147,3371.20914
53,133,134,1965.28335
53,133,148,4861.98477
53,134,149,3371.20914
53,135,136,445.90104
53,135,150,3430.0198
53,136,137,279.20719
53,136,151,730.0
53,137,138,10171.55716
53,137,152,859.25581
53,138,139,463.46594
53,138,153,445.90104
53,139,140,901.17164
53,139,154,1296.86325
53,140,141,1965.28335
53,140,155,1372.34906
53,141,142,445.90104
53,141,156,1296.86325
53,142,143,2048.63541
53,142,157,4861.98477
53,143,144,456.81262
53,143,158,730.0
53,144,145,3501.71907
53,144,159,730.0
53,145,146,4767.68308
53,145,160,456.81262
53,146,147,3501.71907
53,146,161,10171.55716
53,147,148,4767.68308
53,147,162,271.98231
53,148,149,1339.56153
53,148,163,859.25581
53,149,164,4767.68308
53,150,151,1400.18072
53,150,165,1339.56153
53,151,152,4861.98477
53,151,166,1339.56153
53,152,153,263.5195
53,152,167,1296.86325
53,153,154,2010.39012
53,153,168,2010.39012
53,154,155,1400.18072
53,154,169,1296.86325
53,155,156,279.20719
53,155,170,2048.63541
53,156,157,1372.34906
53,156,171,1965.28335
53,157,158,7616.32057
53,157,172,279.20719
53,158,159,1355.87264
53,158,173,445.90104
53,159,160,3501.71907
53,159,174,3430.0198
53,160,161,271.98231
53,160,175,4861.98477
53,161,162,456.81262
53,161,176,901.17164
53,162,163,7616.32057
53,162,177,463.46594
53,163,164,1323.41437
53,163,178,7616.32057
53,164,179,3336.32799
53,165,166,2350.95648
53,165,180,2048.63541
53,166,167,3430.0198
53,166,181,901.17164
53,167,168,1400.18072
53,167,182,2350.95648
53,168,169,1355.87264
53,168,183,1372.34906
53,169,170,1296.86325
53,169,184,63.39151
53,170,171,445.90104
53,170,185,63.39151
53,171,172,279.20719
53,171,186,271.98231
53,172,173,1965.28335
53,172,187,901.17164
53,173,174,263.5195
53,173,188,4861.98477
53,174,175,3501.71907
53,174,189,4861.98477
53,175,176,730.0
53,175,190,63.39151
53,176,177,1400.18072
53,176,191,901.17164
53,177,178,730.0
53,177,192,1400.18072
53,178,179,263.5195
53,178,193,63.39151
53,179,194,271.98231
53,180,181,2010.39012
53,180,195,3430.0198
53,181,182,2010.39012
53,181,196,433.09533
53,182,183,4861.98477
53,182,197,878.10209
53,183,184,878.10209
53,183,198,117.71889
53,184,185,4690.26754
53,184,199,445.90104
53,185,186,7616.32057
53,185,200,10171.55716
53,186,187,263.5195
53,186,201,445.90104
53,187,188,1323.41437
53,187,202,7616.32057
53,188,189,271.98231
53,188,203,4861.98477
53,189,190,2048.63541
53,189,204,730.0
53,190,191,901.17164
53,190,205,271.98231
53,191,192,3371.20914
53,191,206,1339.56153
53,192,193,1323.41437
53,192,207,117.71889
53,193,194,901.17164
53,193,208,3501.71907
53,194,209,279.20719
53,195,196,3501.71907
53,195,210,2048.63541
53,196,197,4861.98477
53,196,211,4861.98477
53,197,198,1965.28335
53,197,212,4690.26754
53,198,199,2010.39012
53,198,213,279.20719
53,199,200,2350.95648
53,199,214,1372.34906
53,200,201,2048.63541
53,200,215,4690.26754
53,201,202,1400.18072
53,201,216,1355.87264
53,202,203,263.5195
53,202,217,463.46594
53,203,204,3371.20914
53,203,218,117.71889
53,204,205,2048.63541
53,204,219,463.46594
53,205,206,2350.95648
53,205,220,4861.98477
53,206,207,10171.55716
53,206,221,456.81262
53,207,208,1372.34906
53,207,222,433.09533
53,208,209,445.90104
53,208,223,456.81262
53,209,224,4767.68308
53,210,211,117.71889
53,211,212,878.10209
53,212,213,1965.28335
53,213,214,445.90104
53,214,215,1323.41437
53,215,216,878.10209
53,216,217,859.25581
53,217,218,1296.86325
53,218,219,4861.98477
53,219,220,730.0
53,220,221,4690.26754
53,221,222,1400.18072
53,222,223,433.09533
53,223,224,3371.20914
54,0,1,2618.80014
54,0,15,1302.13762
54,1,2,466.59841
54,1,16,15.51067
54,2,3,1302.13762
54,2,17,2618.80014
54,3,4,1903.55392
54,3,18,523.60569
54,4,5,3.35507
54,4,19,10.58869
54,5,6,523.60569
54,5,20,93.25899
54,6,7,1568.58639
54,6,21,1.67872
54,7,8,120.72578
54,7,22,15.51067
54,8,9,1903.55392
54,8,23,15.51067
54,9,10,156.12428
54,9,24,274.56503
54,10,11,70.51784
54,10,25,730.0
54,11,12,1059.3363
54,11,26,1059.3363
54,12,13,1568.58639
54,12,27,730.0
54,13,14,523.60569
54,13,28,344.04319
54,14,29,1903.55392
54,15,16,1059.3363
54,15,30,15.51067
54,16,17,206.79083
54,16,31,1302.13762
54,17,18,2618.80014
54,17,32,82.41834
54,18,19,466.59841
54,18,33,156.12428
54,19,20,812.54102
54,19,34,43.19715
54,20,21,10.58869
54,20,35,274.56503
54,21,22,3.35507
54,21,36,523.60569
54,22,23,93.25899
54,22,37,82.41834
54,23,24,1903.55392
54,23,38,1302.13762
54,24,25,10.58869
54,24,39,1302.13762
54,25,26,2618.80014
54,25,40,49.50446
54,26,27,82.41834
54,26,41,49.50446
54,27,28,274.56503
54,27,42,206.79083
54,28,29,344.04319
54,28,43,82.41834
54,29,44,120.72578
54,30,31,161.77483
54,30,45,344.04319
54,31,32,344.04319
54,31,46,812.54102
54,32,33,70.51784
54,32,47,93.25899
54,33,34,6.94018
54,33,48,43.19715
54,34,35,1568.58639
54,34,49,274.56503
54,35,36,82.41834
54,35,50,1568.58639
54,36,37,22.97125
54,36,51,10.58869
54,37,38,812.54102
54,37,52,812.54102
54,38,39,36.36671
54,38,53,265.7544
54,39,40,49.50446
54,39,54,70.51784
54,40,41,156.12428
54,40,55,93.25899
54,41,42,466.59841
54,41,56,344.04319
54,42,43,156.12428
54,42,57,274.56503
54,43,44,466.59841
54,43,58,466.59841
54,44,59,344.04319
54,45,46,1059.3363
54,45,60,3676.3986
54,46,47,1568.58639
54,46,61,2618.80014
54,47,48,466.59841
54,47,62,161.77483
54,48,49,15.51067
54,48,63,161.77483
54,49,50,82.41834
54,49,64,1568.58639
54,50,51,206.79083
54,50,65,523.60569
54,51,52,36.36671
54,51,66,274.56503
54,52,53,15.51067
54,52,67,10.58869
54,53,54,274.56503
54,53,68,274.56503
54,54,55,49.50446
54,54,69,466.59841
54,55,56,523.60569
54,55,70,156.12428
54,56,57,265.7544
54,56,71,668.38914
54,57,58,93.25899
54,57,72,120.72578
54,58,59,161.77483
54,58,73,22.97125
54,59,74,22.97125
54,60,61,209.99303
54,60,75,668.38914
54,61,62,1302.13762
54,61,76,344.04319
54,62,63,466.59841
54,62,77,209.99303
54,63,64,22.97125
54,63,78,206.79083
54,64,65,49.50446
54,64,79,812.54102
54,65,66,730.0
54,65,80,49.50446
54,66,67,3676.3986
54,66,81,3.35507
54,67,68,206.79083
54,67,82,43.19715
54,68,69,206.79083
54,68,83,6.94018
54,69,70,668.38914
54,69,84,1568.58639
54,70,71,3676.3986
54,70,85,466.59841
54,71,72,36.36671
54,71,86,82.41834
54,72,73,265.7544
54,72,87,120.72578
54,73,74,344.04319
54,73,88,49.50446
54,74,89,812.54102
54,75,76,466.59841
54,75,90,1059.3363
54,76,77,70.51784
54,76,91,15.51067
54,77,78,209.99303
54,77,92,120.72578
54,78,79,523.60569
54,78,93,3676.3986
54,79,80,206.79083
54,79,94,49.50446
54,80,81,6.94018
54,80,95,3676.3986
54,81,82,523.60569
54,81,96,15.51067
54,82,83,424.31533
54,82,97,1.67872
54,83,84,344.04319
54,83,98,265.7544
54,84,85,70.51784
54,84,99,6.94018
54,85,86,274.56503
54,85,100,120.72578
54,86,87,1302.13762
54,86,101,156.12428
54,87,88,49.50446
54,87,102,1568.58639
54,88,89,10.58869
54,88,103,206.79083
54,89,104,265.7544
54,90,91,10.58869
54,90,105,265.7544
54,91,92,206.79083
54,91,106,1568.58639
54,92,93,2618.80014
54,92,107,36.36671
54,93,94,274.56503
54,93,108,36.36671
54,94,95,161.77483
54,94,109,2618.80014
54,95,96,3676.3986
54,95,110,3.35507
54,96,97,156.12428
54,96,111,424.31533
54,97,98,2618.80014
54,97,112,6.94018
54,98,99,6.94018
54,98,113,15.51067
54,99,100,6.94018
54,99,114,49.50446
54,100,101,15.51067
54,100,115,1302.13762
54,101,102,466.59841
54,101,116,6.94018
54,102,103,10.58869
54,102,117,82.41834
54,103,104,1903.55392
54,103,118,466.59841
54,104,119,3.35507
54,105,106,466.59841
54,105,120,274.56503
54,106,107,161.77483
54,106,121,6.94018
54,107,108,424.31533
54,107,122,15.51067
54,108,109,22.97125
54,108,123,36.36671
54,109,110,10.58869
54,109,124,2618.80014
54,110,111,812.54102
54,110,125,156.12428
54,111,112,120.72578
54,111,126,274.56503
54,112,113,812.54102
54,112,127,730.0
54,113,114,120.72578
54,113,128,523.60569
54,114,115,1568.58639
54,114,129,82.41834
54,115,116,274.56503
54,115,130,120.72578
54,116,117,93.25899
54,116,131,730.0
54,117,118,466.59841
54,117,132,812.54102
54,118,119,43.19715
54,118,133,1.67872
54,119,134,1302.13762
54,120,121,36.36671
54,120,135,730.0
54,121,122,6.94018
54,121,136,43.19715
54,122,123,93.25899
54,122,137,3.35507
54,123,124,2618.80014
54,123,138,120.72578
54,124,125,93.25899
54,124,139,730.0
54,125,126,466.59841
54,125,140,209.99303
54,126,127,1.67872
54,126,141,1302.13762
54,127,128,668.38914
54,127,142,466.59841
54,128,129,668.38914
54,128,143,1302.13762
54,129,130,209.99303
54,129,144,3676.3986
54,130,131,1568.58639
54,130,145,70.51784
54,131,132,1302.13762
54,131,146,156.12428
54,132,133,812.54102
54,132,147,2618.80014
54,133,134,1903.55392
54,133,148,209.99303
54,134,149,2618.80014
54,135,136,265.7544
54,135,150,161.77483
54,136,137,1.67872
54,136,151,730.0
54,137,138,668.38914
54,137,152,523.60569
54,138,139,466.59841
54,138,153,265.7544
54,139,140,6.94018
54,139,154,812.54102
54,140,141,1903.55392
54,140,155,1059.3363
54,141,142,265.7544
54,141,156,812.54102
54,142,143,70.51784
54,142,157,209.99303
54,143,144,3.35507
54,143,158,730.0
54,144,145,120.72578
54,144,159,730.0
54,145,146,274.56503
54,145,160,3.35507
54,146,147,120.72578
54,146,161,668.38914
54,147,148,274.56503
54,147,162,156.12428
54,148,149,1302.13762
54,148,163,523.60569
54,149,164,274.56503
54,150,151,36.36671
54,150,165,1302.13762
54,151,152,209.99303
54,151,166,1302.13762
54,152,153,206.79083
54,152,167,812.54102
54,153,154,1568.58639
54,153,168,1568.58639
54,154,155,36.36671
54,154,169,812.54102
54,155,156,1.67872
54,155,170,70.51784
54,156,157,1059.3363
54,156,171,1903.55392
54,157,158,424.31533
54,157,172,1.67872
54,158,159,15.51067
54,158,173,265.7544
54,159,160,120.72578
54,159,174,161.77483
54,160,161,156.12428
54,160,175,209.99303
54,161,162,3.35507
54,161,176,6.94018
54,162,163,424.31533
54,162,177,466.59841
54,163,164,22.97125
54,163,178,424.31533
54,164,179,82.41834
54,165,166,43.19715
54,165,180,70.51784
54,166,167,161.77483
54,166,181,6.94018
54,167,168,36.36671
54,167,182,43.19715
54,168,169,15.51067
54,168,183,1059.3363
54,169,170,812.54102
54,169,184,49.50446
54,170,171,265.7544
54,170,185,49.50446
54,171,172,1.67872
54,171,186,156.12428
54,172,173,1903.55392
54,172,187,6.94018
54,173,174,206.79083
54,173,188,209.99303
54,174,175,120.72578
54,174,189,209.99303
54,175,176,730.0
54,175,190,49.50446
54,176,177,36.36671
54,176,191,6.94018
54,177,178,730.0
54,177,192,36.36671
54,178,179,206.79083
54,178,193,49.50446
54,179,194,156.12428
54,180,181,1568.58639
54,180,195,161.77483
54,181,182,1568.58639
54,181,196,344.04319
54,182,183,209.99303
54,182,197,10.58869
54,183,184,10.58869
54,183,198,93.25899
54,184,185,3676.3986
54,184,199,265.7544
54,185,186,424.31533
54,185,200,668.38914
54,186,187,206.79083
54,186,201,265.7544
54,187,188,22.97125
54,187,202,424.31533
54,188,189,156.12428
54,188,203,209.99303
54,189,190,70.51784
54,189,204,730.0
54,190,191,6.94018
54,190,205,156.12428
54,191,192,2618.80014
54,191,206,1302.13762
54,192,193,22.97125
54,192,207,93.25899
54,193,194,6.94018
54,193,208,120.72578
54,194,209,1.67872
54,195,196,120.72578
54,195,210,70.51784
54,196,197,209.99303
54,196,211,209.99303
54,197,198,1903.55392
54,197,212,3676.3986
54,198,199,1568.58639
54,198,213,1.67872
54,199,200,43.19715
54,199,214,1059.3363
54,200,201,70.51784
54,200,215,3676.3986
54,201,202,36.36671
54,201,216,15.51067
54,202,203,206.79083
54,202,217,466.59841
54,203,204,2618.80014
54,203,218,93.25899
54,204,205,70.51784
54,204,219,466.59841
54,205,206,43.19715
54,205,220,209.99303
54,206,207,668.38914
54,206,221,3.35507
54,207,208,1059.3363
54,207,222,344.04319
54,208,209,265.7544
54,208,223,3.35507
54,209,224,274.56503
54,210,211,93.25899
54,211,212,10.58869
54,212,213,1903.55392
54,213,214,265.7544
54,214,215,22.97125
54,215,216,10.58869
54,216,217,523.60569
54,217,218,812.54102
54,218,219,209.99303
54,219,220,730.0
54,220,221,3676.3986
54,221,222,36.36671
54,222,223,344.04319
54,223,224,2618.80014
55,0,1,2734.39807
55,0,15,1298.97085
55,1,2,1022.51915
55,1,16,901.94925
55,2,3,1298.97085
55,2,17,2734.39807
55,3,4,939.93856
55,3,18,1226.88185
55,4,5,364.35743
55,4,19,692.98992
55,5,6,1226.88185
55,5,20,264.63498
55,6,7,1647.96087
55,6,21,531.06106
55,7,8,2777.83563
55,7,22,901.94925
55,8,9,939.93856
55,8,23,901.94925
55,9,10,963.53048
55,9,24,1219.8603
55,10,11,957.79115
55,10,25,730.0
55,11,12,2214.31251
55,11,26,2214.31251
55,12,13,1647.96087
55,12,27,730.0
55,13,14,1226.88185
55,13,28,356.40128
55,14,29,939.93856
55,15,16,2214.31251
55,15,30,901.94925
55,16,17,520.15654
55,16,31,1298.97085
55,17,18,2734.39807
55,17,32,1151.46888
55,18,19,1022.51915
55,18,33,963.53048
55,19,20,884.97061
55,19,34,1574.76714
55,20,21,692.98992
55,20,35,1219.8603
55,21,22,364.35743
55,21,36,1226.88185
55,22,23,264.63498
55,22,37,1151.46888
55,23,24,939.93856
55,23,38,1298.97085
55,24,25,692.98992
55,24,39,1298.97085
55,25,26,2734.39807
55,25,40,393.3829
55,26,27,1151.46888
55,26,41,393.3829
55,27,28,1219.8603
55,27,42,520.15654
55,28,29,356.40128
55,28,43,1151.46888
55,29,44,2777.83563
55,30,31,1663.45305
55,30,45,356.40128
55,31,32,356.40128
55,31,46,884.97061
55,32,33,957.79115
55,32,47,264.63498
55,33,34,1249.16939
55,33,48,1574.76714
55,34,35,1647.96087
55,34,49,1219.8603
55,35,36,1151.46888
55,35,50,1647.96087
55,36,37,483.45102
55,36,51,692.98992
55,37,38,884.97061
55,37,52,884.97061
55,38,39,1322.3437
55,38,53,685.53164
55,39,40,393.3829
55,39,54,957.79115
55,40,41,963.53048
55,40,55,264.63498
55,41,42,1022.51915
55,41,56,356.40128
55,42,43,963.53048
55,42,57,1219.8603
55,43,44,1022.51915
55,43,58,1022.51915
55,44,59,356.40128
55,45,46,2214.31251
55,45,60,2056.35678
55,46,47,1647.96087
55,46,61,2734.39807
55,47,48,1022.51915
55,47,62,1663.45305
55,48,49,901.94925
55,48,63,1663.45305
55,49,50,1151.46888
55,49,64,1647.96087
55,50,51,520.15654
55,50,65,1226.88185
55,51,52,1322.3437
55,51,66,1219.8603
55,52,53,901.94925
55,52,67,692.98992
55,53,54,1219.8603
55,53,68,1219.8603
55,54,55,393.3829
55,54,69,1022.51915
55,55,56,1226.88185
55,55,70,963.53048
55,56,57,685.53164
55,56,71,2586.79848
55,57,58,264.63498
55,57,72,2777.83563
55,58,59,1663.45305
55,58,73,483.45102
55,59,74,483.45102
55,60,61,2090.61974
55,60,75,2586.79848
55,61,62,1298.97085
55,61,76,356.40128
55,62,63,1022.51915
55,62,77,2090.61974
55,63,64,483.45102
55,63,78,520.15654
55,64,65,393.3829
55,64,79,884.97061
55,65,66,730.0
55,65,80,393.3829
55,66,67,2056.35678
55,66,81,364.35743
55,67,68,520.15654
55,67,82,1574.76714
55,68,69,520.15654
55,68,83,1249.16939
55,69,70,2586.79848
55,69,84,1647.96087
55,70,71,2056.35678
55,70,85,1022.51915
55,71,72,1322.3437
55,71,86,1151.46888
55,72,73,685.53164
55,72,87,2777.83563
55,73,74,356.40128
55,73,88,393.3829
55,74,89,884.97061
55,75,76,1022.51915
55,75,90,2214.31251
55,76,77,957.79115
55,76,91,901.94925
55,77,78,2090.61974
55,77,92,2777.83563
55,78,79,1226.88185
55,78,93,2056.35678
55,79,80,520.15654
55,79,94,393.3829
55,80,81,1249.16939
55,80,95,2056.35678
55,81,82,1226.88185
55,81,96,901.94925
55,82,83,3404.03863
55,82,97,531.06106
55,83,84,356.40128
55,83,98,685.53164
55,84,85,957.79115
55,84,99,1249.16939
55,85,86,1219.8603
55,85,100,2777.83563
55,86,87,1298.97085
55,86,101,963.53048
55,87,88,393.3829
55,87,102,1647.96087
55,88,89,692.98992
55,88,103,520.15654
55,89,104,685.53164
55,90,91,692.98992
55,90,105,685.53164
55,91,92,520.15654
55,91,106,1647.96087
55,92,93,2734.39807
55,92,107,1322.3437
55,93,94,1219.8603
55,93,108,1322.3437
55,94,95,1663.45305
55,94,109,2734.39807
55,95,96,2056.35678
55,95,110,364.35743
55,96,97,963.53048
55,96,111,3404.03863
55,97,98,2734.39807
55,97,112,1249.16939
55,98,99,1249.16939
55,98,113,901.94925
55,99,100,1249.16939
55,99,114,393.3829
55,100,101,901.94925
55,100,115,1298.97085
55,101,102,1022.51915
55,101,116,1249.16939
55,102,103,692.98992
55,102,117,1151.46888
55,103,104,939.93856
55,103,118,1022.51915
55,104,119,364.35743
55,105,106,1022.51915
55,105,120,1219.8603
55,106,107,1663.45305
55,106,121,1249.16939
55,107,108,3404.03863
55,107,122,901.94925
55,108,109,483.45102
55,108,123,1322.3437
55,109,110,692.98992
55,109,124,2734.39807
55,110,111,884.97061
55,110,125,963.53048
55,111,112,2777.83563
55,111,126,1219.8603
55,112,113,884.97061
55,112,127,730.0
55,113,114,2777.83563
55,113,128,1226.88185
55,114,115,1647.96087
55,114,129,1151.46888
55,115,116,1219.8603
55,115,130,2777.83563
55,116,117,264.63498
55,116,131,730.0
55,117,118,1022.51915
55,117,132,884.97061
55,118,119,1574.76714
55,118,133,531.06106
55,119,134,1298.97085
55,120,121,1322.3437
55,120,135,730.0
55,121,122,1249.16939
55,121,136,1574.76714
55,122,123,264.63498
55,122,137,364.35743
55,123,124,2734.39807
55,123,138,2777.83563
55,124,125,264.63498
55,124,139,730.0
55,125,126,1022.51915
55,125,140,2090.61974
55,126,127,531.06106
55,126,141,1298.97085
55,127,128,2586.79848
55,127,142,1022.51915
55,128,129,2586.79848
55,128,143,1298.97085
55,129,130,2090.61974
55,129,144,2056.35678
55,130,131,1647.96087
55,130,145,957.79115
55,131,132,1298.97085
55,131,146,963.53048
55,132,133,884.97061
55,132,147,2734.39807
55,133,134,939.93856
55,133,148,2090.61974
55,134,149,2734.39807
55,135,136,685.53164
55,135,150,1663.45305
55,136,137,531.06106
55,136,151,730.0
55,137,138,2586.79848
55,137,152,1226.88185
55,138,139,1022.51915
55,138,153,685.53164
55,139,140,1249.16939
55,139,154,884.97061
55,140,141,939.93856
55,140,155,2214.31251
55,141,142,685.53164
55,141,156,884.97061
55,142,143,957.79115
55,142,157,2090.61974
55,143,144,364.35743
55,143,158,730.0
55,144,145,2777.83563
55,144,159,730.0
55,145,146,1219.8603
55,145,160,364.35743
55,146,147,2777.83563
55,146,161,2586.79848
55,147,148,1219.8603
55,147,162,963.53048
55,148,149,1298.97085
55,148,163,1226.88185
55,149,164,1219.8603
55,150,151,1322.3437
55,150,165,1298.97085
55,151,152,2090.61974
55,151,166,1298.97085
55,152,153,520.15654
55,152,167,884.97061
55,153,154,1647.96087
55,153,168,1647.96087
55,154,155,1322.3437
55,154,169,884.97061
55,155,156,531.06106
55,155,170,957.79115
55,156,157,2214.31251
55,156,171,939.93856
55,157,158,3404.03863
55,157,172,531.06106
55,158,159,901.94925
55,158,173,685.53164
55,159,160,2777.83563
55,159,174,1663.45305
55,160,161,963.53048
55,160,175,2090.61974
55,161,162,364.35743
55,161,176,1249.16939
55,162,163,3404.03863
55,162,177,1022.51915
55,163,164,483.45102
55,163,178,3404.03863
55,164,179,1151.46888
55,165,166,1574.76714
55,165,180,957.79115
55,166,167,1663.45305
55,166,181,1249.16939
55,167,168,1322.3437
55,167,182,1574.76714
55,168,169,901.94925
55,168,183,2214.31251
55,169,170,884.97061
55,169,184,393.3829
55,170,171,685.53164
55,170,185,393.3829
55,171,172,531.06106
55,171,186,963.53048
55,172,173,939.93856
55,172,187,1249.16939
55,173,174,520.15654
55,173,188,2090.61974
55,174,175,2777.83563
55,174,189,2090.61974
55,175,176,730.0
55,175,190,393.3829
55,176,177,1322.3437
55,176,191,1249.16939
55,177,178,730.0
55,177,192,1322.3437
55,178,179,520.15654
55,178,193,393.3829
55,179,194,963.53048
55,180,181,1647.96087
55,180,195,1663.45305
55,181,182,1647.96087
55,181,196,356.40128
55,182,183,2090.61974
55,182,197,692.98992
55,183,184,692.98992
55,183,198,264.63498
55,184,185,2056.35678
55,184,199,685.53164
55,185,186,3404.03863
55,185,200,2586.79848
55,186,187,520.15654
55,186,201,685.53164
55,187,188,483.45102
55,187,202,3404.03863
55,188,189,963.53048
55,188,203,2090.61974
55,189,190,957.79115
55,189,204,730.0
55,190,191,1249.16939
55,190,205,963.53048
55,191,192,2734.39807
55,191,206,1298.97085
55,192,193,483.45102
55,192,207,264.63498
55,193,194,1249.16939
55,193,208,2777.83563
55,194,209,531.06106
55,195,196,2777.83563
55,195,210,957.79115
55,196,197,2090.61974
55,196,211,2090.61974
55,197,198,939.93856
55,197,212,2056.35678
55,198,199,1647.96087
55,198,213,531.06106
55,199,200,1574.76714
55,199,214,2214.31251
55,200,201,957.79115
55,200,215,2056.35678
55,201,202,1322.3437
55,201,216,901.94925
55,202,203,520.15654
55,202,217,1022.51915
55,203,204,2734.39807
55,203,218,264.63498
55,204,205,957.79115
55,204,219,1022.51915
55,205,206,1574.76714
55,205,220,2090.61974
55,206,207,2586.79848
55,206,221,364.35743
55,207,208,2214.31251
55,207,222,356.40128
55,208,209,685.53164
55,208,223,364.35743
55,209,224,1219.8603
55,210,211,264.63498
55,211,212,692.98992
55,212,213,939.93856
55,213,214,685.53164
55,214,215,483.45102
55,215,216,692.98992
55,216,217,1226.88185
55,217,218,884.97061
55,218,219,2090.61974
55,219,220,730.0
55,220,221,2056.35678
55,221,222,1322.3437
55,222,223,356.40128
55,223,224,2734.39807
56,0,1,2394.52299
56,0,15,1133.46776
56,1,2,227.37096
56,1,16,2926.11318
56,2,3,1133.46776
56,2,17,2394.52299
56,3,4,2825.87659
56,3,18,6346.50963
56,4,5,1421.6462
56,4,19,2111.0888
56,5,6,6346.50963
56,5,20,2347.4999
56,6,7,1626.21969
56,6,21,505.58854
56,7,8,313.57684
56,7,22,2926.11318
56,8,9,2825.87659
56,8,23,2926.11318
56,9,10,1978.72587
56,9,24,1738.70972
56,10,11,394.94198
56,10,25,730.0
56,11,12,592.86122
56,11,26,592.86122
56,12,13,1626.21969
56,12,27,730.0
56,13,14,6346.50963
56,13,28,7308.37372
56,14,29,2825.87659
56,15,16,592.86122
56,15,30,2926.11318
56,16,17,3380.56194
56,16,31,1133.46776
56,17,18,2394.52299
56,17,32,8775.48997
56,18,19,227.37096
56,18,33,1978.72587
56,19,20,12761.0463
56,19,34,4160.41512
56,20,21,2111.0888
56,20,35,1738.70972
56,21,22,1421.6462
56,21,36,6346.50963
56,22,23,2347.4999
56,22,37,8775.48997
56,23,24,2825.87659
56,23,38,1133.46776
56,24,25,2111.0888
56,24,39,1133.46776
56,25,26,2394.52299
56,25,40,912.89466
56,26,27,8775.48997
56,26,41,912.89466
56,27,28,1738.70972
56,27,42,3380.56194
56,28,29,7308.37372
56,28,43,8775.48997
56,29,44,313.57684
56,30,31,641.58876
56,30,45,7308.37372
56,31,32,7308.37372
56,31,46,12761.0463
56,32,33,394.94198
56,32,47,2347.4999
56,33,34,1180.37689
56,33,48,4160.41512
56,34,35,1626.21969
56,34,49,1738.70972
56,35,36,8775.48997
56,35,50,1626.21969
56,36,37,4839.84319
56,36,51,2111.0888
56,37,38,12761.0463
56,37,52,12761.0463
56,38,39,107.22624
56,38,53,4574.60422
56,39,40,912.89466
56,39,54,394.94198
56,40,41,1978.72587
56,40,55,2347.4999
56,41,42,227.37096
56,41,56,7308.37372
56,42,43,1978.72587
56,42,57,1738.70972
56,43,44,227.37096
56,43,58,227.37096
56,44,59,7308.37372
56,45,46,592.86122
56,45,60,5401.9685
56,46,47,1626.21969
56,46,61,2394.52299
56,47,48,227.37096
56,47,62,641.58876
56,48,49,2926.11318
56,48,63,641.58876
56,49,50,8775.48997
56,49,64,1626.21969
56,50,51,3380.56194
56,50,65,6346.50963
56,51,52,107.22624
56,51,66,1738.70972
56,52,53,2926.11318
56,52,67,2111.0888
56,53,54,1738.70972
56,53,68,1738.70972
56,54,55,912.89466
56,54,69,227.37096
56,55,56,6346.50963
56,55,70,1978.72587
56,56,57,4574.60422
56,56,71,3499.30913
56,57,58,2347.4999
56,57,72,313.57684
56,58,59,641.58876
56,58,73,4839.84319
56,59,74,4839.84319
56,60,61,952.89445
56,60,75,3499.30913
56,61,62,1133.46776
56,61,76,7308.37372
56,62,63,227.37096
56,62,77,952.89445
56,63,64,4839.84319
56,63,78,3380.56194
56,64,65,912.89466
56,64,79,12761.0463
56,65,66,730.0
56,65,80,912.89466
56,66,67,5401.9685
56,66,81,1421.6462
56,67,68,3380.56194
56,67,82,4160.41512
56,68,69,3380.56194
56,68,83,1180.37689
56,69,70,3499.30913
56,69,84,1626.21969
56,70,71,5401.9685
56,70,85,227.37096
56,71,72,107.22624
56,71,86,8775.48997
56,72,73,4574.60422
56,72,87,313.57684
56,73,74,7308.37372
56,73,88,912.89466
56,74,89,12761.0463
56,75,76,227.37096
56,75,90,592.86122
56,76,77,394.94198
56,76,91,2926.11318
56,77,78,952.89445
56,77,92,313.57684
56,78,79,6346.50963
56,78,93,5401.9685
56,79,80,3380.56194
56,79,94,912.89466
56,80,81,1180.37689
56,80,95,5401.9685
56,81,82,6346.50963
56,81,96,2926.11318
56,82,83,1452.62131
56,82,97,505.58854
56,83,84,7308.37372
56,83,98,4574.60422
56,84,85,394.94198
56,84,99,1180.37689
56,85,86,1738.70972
56,85,100,313.57684
56,86,87,1133.46776
56,86,101,1978.72587
56,87,88,912.89466
56,87,102,1626.21969
56,88,89,2111.0888
56,88,103,3380.56194
56,89,104,4574.60422
56,90,91,2111.0888
56,90,105,4574.60422
56,91,92,3380.56194
56,91,106,1626.21969
56,92,93,2394.52299
56,92,107,107.22624
56,93,94,1738.70972
56,93,108,107.22624
56,94,95,641.58876
56,94,109,2394.52299
56,95,96,5401.9685
56,95,110,1421.6462
56,96,97,1978.72587
56,96,111,1452.62131
56,97,98,2394.52299
56,97,112,1180.37689
56,98,99,1180.37689
56,98,113,2926.11318
56,99,100,1180.37689
56,99,114,912.89466
56,100,101,2926.11318
56,100,115,1133.46776
56,101,102,227.37096
56,101,116,1180.37689
56,102,103,2111.0888
56,102,117,8775.48997
56,103,104,2825.87659
56,103,118,227.37096
56,104,119,1421.6462
56,105,106,227.37096
56,105,120,1738.70972
56,106,107,641.58876
56,106,121,1180.37689
56,107,108,1452.62131
56,107,122,2926.11318
56,108,109,4839.84319
56,108,123,107.22624
56,109,110,2111.0888
56,109,124,2394.52299
56,110,111,12761.0463
56,110,125,1978.72587
56,111,112,313.57684
56,111,126,1738.70972
56,112,113,12761.0463
56,112,127,730.0
56,113,114,313.57684
56,113,128,6346.50963
56,114,115,1626.21969
56,114,129,8775.48997
56,115,116,1738.70972
56,115,130,313.57684
56,116,117,2347.4999
56,116,131,730.0
56,117,118,227.37096
56,117,132,12761.0463
56,118,119,4160.41512
56,118,133,505.58854
56,119,134,1133.46776
56,120,121,107.22624
56,120,135,730.0
56,121,122,1180.37689
56,121,136,4160.41512
56,122,123,2347.4999
56,122,137,1421.6462
56,123,124,2394.52299
56,123,138,313.57684
56,124,125,2347.4999
56,124,139,730.0
56,125,126,227.37096
56,125,140,952.89445
56,126,127,505.58854
56,126,141,1133.46776
56,127,128,3499.30913
56,127,142,227.37096
56,128,129,3499.30913
56,128,143,1133.46776
56,129,130,952.89445
56,129,144,5401.9685
56,130,131,1626.21969
56,130,145,394.94198
56,131,132,1133.46776
56,131,146,1978.72587
56,132,133,12761.0463
56,132,147,2394.52299
56,133,134,2825.87659
56,133,148,952.89445
56,134,149,2394.52299
56,135,136,4574.60422
56,135,150,641.58876
56,136,137,505.58854
56,136,151,730.0
56,137,138,3499.30913
56,137,152,6346.50963
56,138,139,227.37096
56,138,153,4574.60422
56,139,140,1180.37689
56,139,154,12761.0463
56,140,141,2825.87659
56,140,155,592.86122
56,141,142,4574.60422
56,141,156,12761.0463
56,142,143,394.94198
56,142,157,952.89445
56,143,144,1421.6462
56,143,158,730.0
56,144,145,313.57684
56,144,159,730.0
56,145,146,1738.70972
56,145,160,1421.6462
56,146,147,313.57684
56,146,161,3499.30913
56,147,148,1738.70972
56,147,162,1978.72587
56,148,149,1133.46776
56,148,163,6346.50963
56,149,164,1738.70972
56,150,151,107.22624
56,150,165,1133.46776
56,151,152,952.89445
56,151,166,1133.46776
56,152,153,3380.56194
56,152,167,12761.0463
56,153,154,1626.21969
56,153,168,1626.21969
56,154,155,107.22624
56,154,169,12761.0463
56,155,156,505.58854
56,155,170,394.94198
56,156,157,592.86122
56,156,171,2825.87659
56,157,158,1452.62131
56,157,172,505.58854
56,158,159,2926.11318
56,158,173,4574.60422
56,159,160,313.57684
56,159,174,641.58876
56,160,161,1978.72587
56,160,175,952.89445
56,161,162,1421.6462
56,161,176,1180.37689
56,162,163,1452.62131
56,162,177,227.37096
56,163,164,4839.84319
56,163,178,1452.62131
56,164,179,8775.48997
56,165,166,4160.41512
56,165,180,394.94198
56,166,167,641.58876
56,166,181,1180.37689
56,167,168,107.22624
56,167,182,4160.41512
56,168,169,2926.11318
56,168,183,592.86122
56,169,170,12761.0463
56,169,184,912.89466
56,170,171,4574.60422
56,170,185,912.89466
56,171,172,505.58854
56,171,186,1978.72587
56,172,173,2825.87659
56,172,187,1180.37689
56,173,174,3380.56194
56,173,188,952.89445
56,174,175,313.57684
56,174,189,952.89445
56,175,176,730.0
56,175,190,912.89466
56,176,177,107.22624
56,176,191,1180.37689
56,177,178,730.0
56,177,192,107.22624
56,178,179,3380.56194
56,178,193,912.89466
56,179,194,1978.72587
56,180,181,1626.21969
56,180,195,641.58876
56,181,182,1626.21969
56,181,196,7308.37372
56,182,183,952.89445
56,182,197,2111.0888
56,183,184,2111.0888
56,183,198,2347.4999
56,184,185,5401.9685
56,184,199,4574.60422
56,185,186,1452.62131
56,185,200,3499.30913
56,186,187,3380.56194
56,186,201,4574.60422
56,187,188,4839.84319
56,187,202,1452.62131
56,188,189,1978.72587
56,188,203,952.89445
56,189,190,394.94198
56,189,204,730.0
56,190,191,1180.37689
56,190,205,1978.72587
56,191,192,2394.52299
56,191,206,1133.46776
56,192,193,4839.84319
56,192,207,2347.4999
56,193,194,1180.37689
56,193,208,313.57684
56,194,209,505.58854
56,195,196,313.57684
56,195,210,394.94198
56,196,197,952.89445
56,196,211,952.89445
56,197,198,2825.87659
56,197,212,5401.9685
56,198,199,1626.21969
56,198,213,505.58854
56,199,200,4160.41512
56,199,214,592.86122
56,200,201,394.94198
56,200,215,5401.9685
56,201,202,107.22624
56,201,216,2926.11318
56,202,203,3380.56194
56,202,217,227.37096
56,203,204,2394.52299
56,203,218,2347.4999
56,204,205,394.94198
56,204,219,227.37096
56,205,206,4160.41512
56,205,220,952.89445
56,206,207,3499.30913
56,206,221,1421.6462
56,207,208,592.86122
56,207,222,7308.37372
56,208,209,4574.60422
56,208,223,1421.6462
56,209,224,1738.70972
56,210,211,2347.4999
56,211,212,2111.0888
56,212,213,2825.87659
56,213,214,4574.60422
56,214,215,4839.84319
56,215,216,2111.0888
56,216,217,6346.50963
56,217,218,12761.0463
56,218,219,952.89445
56,219,220,730.0
56,220,221,5401.9685
56,221,222,107.22624
56,222,223,7308.37372
56,223,224,2394.52299
57,0,1,13.23257
57,0,15,32.95106
57,1,2,323.03055
57,1,16,1184.27662
57,2,3,32.95106
57,2,17,13.23257
57,3,4,103.48407
57,3,18,13.98643
57,4,5,1889.09727
57,4,19,147.87353
57,5,6,13.98643
57,5,20,752.45209
57,6,7,421.00992
57,6,21,948.01864
57,7,8,542.66465
57,7,22,1184.27662
57,8,9,103.48407
57,8,23,1184.27662
57,9,10,178.15515
57,9,24,358.19662
57,10,11,1840.62745
57,10,25,730.0
57,11,12,171.44378
57,11,26,171.44378
57,12,13,421.00992
57,12,27,730.0
57,13,14,13.98643
57,13,28,107.88281
57,14,29,103.48407
57,15,16,171.44378
57,15,30,1184.27662
57,16,17,34.62275
57,16,31,32.95106
57,17,18,13.23257
57,17,32,199.62478
57,18,19,323.03055
57,18,33,178.15515
57,19,20,50.32806
57,19,34,71.72233
57,20,21,147.87353
57,20,35,358.19662
57,21,22,1889.09727
57,21,36,13.98643
57,22,23,752.45209
57,22,37,199.62478
57,23,24,103.48407
57,23,38,32.95106
57,24,25,147.87353
57,24,39,32.95106
57,25,26,13.23257
57,25,40,334.41647
57,26,27,199.62478
57,26,41,334.41647
57,27,28,358.19662
57,27,42,34.62275
57,28,29,107.88281
57,28,43,199.62478
57,29,44,542.66465
57,30,31,142.13569
57,30,45,107.88281
57,31,32,107.88281
57,31,46,50.32806
57,32,33,1840.62745
57,32,47,752.45209
57,33,34,560.20502
57,33,48,71.72233
57,34,35,421.00992
57,34,49,358.19662
57,35,36,199.62478
57,35,50,421.00992
57,36,37,370.60653
57,36,51,147.87353
57,37,38,50.32806
57,37,52,50.32806
57,38,39,920.78047
57,38,53,435.20802
57,39,40,334.41647
57,39,54,1840.62745
57,40,41,178.15515
57,40,55,752.45209
57,41,42,323.03055
57,41,56,107.88281
57,42,43,178.15515
57,42,57,358.19662
57,43,44,323.03055
57,43,58,323.03055
57,44,59,107.88281
57,45,46,171.44378
57,45,60,48.02428
57,46,47,421.00992
57,46,61,13.23257
57,47,48,323.03055
57,47,62,142.13569
57,48,49,1184.27662
57,48,63,142.13569
57,49,50,199.62478
57,49,64,421.00992
57,50,51,34.62275
57,50,65,13.98643
57,51,52,920.78047
57,51,66,358.19662
57,52,53,1184.27662
57,52,67,147.87353
57,53,54,358.19662
57,53,68,358.19662
57,54,55,334.41647
57,54,69,323.03055
57,55,56,13.98643
57,55,70,178.15515
57,56,57,435.20802
57,56,71,192.23993
57,57,58,752.45209
57,57,72,542.66465
57,58,59,142.13569
57,58,73,370.60653
57,59,74,370.60653
57,60,61,1151.46888
57,60,75,192.23993
57,61,62,32.95106
57,61,76,107.88281
57,62,63,323.03055
57,62,77,1151.46888
57,63,64,370.60653
57,63,78,34.62275
57,64,65,334.41647
57,64,79,50.32806
57,65,66,730.0
57,65,80,334.41647
57,66,67,48.02428
57,66,81,1889.09727
57,67,68,34.62275
57,67,82,71.72233
57,68,69,34.62275
57,68,83,560.20502
57,69,70,192.23993
57,69,84,421.00992
57,70,71,48.02428
57,70,85,323.03055
57,71,72,920.78047
57,71,86,199.62478
57,72,73,435.20802
57,72,87,542.66465
57,73,74,107.88281
57,73,88,334.41647
57,74,89,50.32806
57,75,76,323.03055
57,75,90,171.44378
57,76,77,1840.62745
57,76,91,1184.27662
57,77,78,1151.46888
57,77,92,542.66465
57,78,79,13.98643
57,78,93,48.02428
57,79,80,34.62275
57,79,94,334.41647
57,80,81,560.20502
57,80,95,48.02428
57,81,82,13.98643
57,81,96,1184.27662
57,82,83,68.60826
57,82,97,948.01864
57,83,84,107.88281
57,83,98,435.20802
57,84,85,1840.62745
57,84,99,560.20502
57,85,86,358.19662
57,85,100,542.66465
57,86,87,32.95106
57,86,101,178.15515
57,87,88,334.41647
57,87,102,421.00992
57,88,89,147.87353
57,88,103,34.62275
57,89,104,435.20802
57,90,91,147.87353
57,90,105,435.20802
57,91,92,34.62275
57,91,106,421.00992
57,92,93,13.23257
57,92,107,920.78047
57,93,94,358.19662
57,93,108,920.78047
57,94,95,142.13569
57,94,109,13.23257
57,95,96,48.02428
57,95,110,1889.09727
57,96,97,178.15515
57,96,111,68.60826
57,97,98,13.23257
57,97,112,560.20502
57,98,99,560.20502
57,98,113,1184.27662
57,99,100,560.20502
57,99,114,334.41647
57,100,101,1184.27662
57,100,115,32.95106
57,101,102,323.03055
57,101,116,560.20502
57,102,103,147.87353
57,102,117,199.62478
57,103,104,103.48407
57,103,118,323.03055
57,104,119,1889.09727
57,105,106,323.03055
57,105,120,358.19662
57,106,107,142.13569
57,106,121,560.20502
57,107,108,68.60826
57,107,122,1184.27662
57,108,109,370.60653
57,108,123,920.78047
57,109,110,147.87353
57,109,124,13.23257
57,110,111,50.32806
57,110,125,178.15515
57,111,112,542.66465
57,111,126,358.19662
57,112,113,50.32806
57,112,127,730.0
57,113,114,542.66465
57,113,128,13.98643
57,114,115,421.00992
57,114,129,199.62478
57,115,116,358.19662
57,115,130,542.66465
57,116,117,752.45209
57,116,131,730.0
57,117,118,323.03055
57,117,132,50.32806
57,118,119,71.72233
57,118,133,948.01864
57,119,134,32.95106
57,120,121,920.78047
57,120,135,730.0
57,121,122,560.20502
57,121,136,71.72233
57,122,123,752.45209
57,122,137,1889.09727
57,123,124,13.23257
57,123,138,542.66465
57,124,125,752.45209
57,124,139,730.0
57,125,126,323.03055
57,125,140,1151.46888
57,126,127,948.01864
57,126,141,32.95106
57,127,128,192.23993
57,127,142,323.03055
57,128,129,192.23993
57,128,143,32.95106
57,129,130,1151.46888
57,129,144,48.02428
57,130,131,421.00992
57,130,145,1840.62745
57,131,132,32.95106
57,131,146,178.15515
57,132,133,50.32806
57,132,147,13.23257
57,133,134,103.48407
57,133,148,1151.46888
57,134,149,13.23257
57,135,136,435.20802
57,135,150,142.13569
57,136,137,948.01864
57,136,151,730.0
57,137,138,192.23993
57,137,152,13.98643
57,138,139,323.03055
57,138,153,435.20802
57,139,140,560.20502
57,139,154,50.32806
57,140,141,103.48407
57,140,155,171.44378
57,141,142,435.20802
57,141,156,50.32806
57,142,143,1840.62745
57,142,157,1151.46888
57,143,144,1889.09727
57,143,158,730.0
57,144,145,542.66465
57,144,159,730.0
57,145,146,358.19662
57,145,160,1889.09727
57,146,147,542.66465
57,146,161,192.23993
57,147,148,358.19662
57,147,162,178.15515
57,148,149,32.95106
57,148,163,13.98643
57,149,164,358.19662
57,150,151,920.78047
57,150,165,32.95106
57,151,152,1151.46888
57,151,166,32.95106
57,152,153,34.62275
57,152,167,50.32806
57,153,154,421.00992
57,153,168,421.00992
57,154,155,920.78047
57,154,169,50.32806
57,155,156,948.01864
57,155,170,1840.62745
57,156,157,171.44378
57,156,171,103.48407
57,157,158,68.60826
57,157,172,948.01864
57,158,159,1184.27662
57,158,173,435.20802
57,159,160,542.66465
57,159,174,142.13569
57,160,161,178.15515
57,160,175,1151.46888
57,161,162,1889.09727
57,161,176,560.20502
57,162,163,68.60826
57,162,177,323.03055
57,163,164,370.60653
57,163,178,68.60826
57,164,179,199.62478
57,165,166,71.72233
57,165,180,1840.62745
57,166,167,142.13569
57,166,181,560.20502
57,167,168,920.78047
57,167,182,71.72233
57,168,169,1184.27662
57,168,183,171.44378
57,169,170,50.32806
57,169,184,334.41647
57,170,171,435.20802
57,170,185,334.41647
57,171,172,948.01864
57,171,186,178.15515
57,172,173,103.48407
57,172,187,560.20502
57,173,174,34.62275
57,173,188,1151.46888
57,174,175,542.66465
57,174,189,1151.46888
57,175,176,730.0
57,175,190,334.41647
57,176,177,920.78047
57,176,191,560.20502
57,177,178,730.0
57,177,192,920.78047
57,178,179,34.62275
57,178,193,334.41647
57,179,194,178.15515
57,180,181,421.00992
57,180,195,142.13569
57,181,182,421.00992
57,181,196,107.88281
57,182,183,1151.46888
57,182,197,147.87353
57,183,184,147.87353
57,183,198,752.45209
57,184,185,48.02428
57,184,199,435.20802
57,185,186,68.60826
57,185,200,192.23993
57,186,187,34.62275
57,186,201,435.20802
57,187,188,370.60653
57,187,202,68.60826
57,188,189,178.15515
57,188,203,1151.46888
57,189,190,1840.62745
57,189,204,730.0
57,190,191,560.20502
57,190,205,178.15515
57,191,192,13.23257
57,191,206,32.95106
57,192,193,370.60653
57,192,207,752.45209
57,193,194,560.20502
57,193,208,542.66465
57,194,209,948.01864
57,195,196,542.66465
57,195,210,1840.62745
57,196,197,1151.46888
57,196,211,1151.46888
57,197,198,103.48407
57,197,212,48.02428
57,198,199,421.00992
57,198,213,948.01864
57,199,200,71.72233
57,199,214,171.44378
57,200,201,1840.62745
57,200,215,48.02428
57,201,202,920.78047
57,201,216,1184.27662
57,202,203,34.62275
57,202,217,323.03055
57,203,204,13.23257
57,203,218,752.45209
57,204,205,1840.62745
57,204,219,323.03055
57,205,206,71.72233
57,205,220,1151.46888
57,206,207,192.23993
57,206,221,1889.09727
57,207,208,171.44378
57,207,222,107.88281
57,208,209,435.20802
57,208,223,1889.09727
57,209,224,358.19662
57,210,211,752.45209
57,211,212,147.87353
57,212,213,103.48407
57,213,214,435.20802
57,214,215,370.60653
57,215,216,147.87353
57,216,217,13.98643
57,217,218,50.32806
57,218,219,1151.46888
57,219,220,730.0
57,220,221,48.02428
57,221,222,920.78047
57,222,223,107.88281
57,223,224,13.23257
58,0,1,1522.27035
58,0,15,614.56086
58,1,2,664.15989
58,1,16,4437.78103
58,2,3,614.56086
58,2,17,1522.27035
58,3,4,676.30311
58,3,18,1030.3173
58,4,5,2096.90021
58,4,19,1815.3897
58,5,6,1030.3173
58,5,20,468.84669
58,6,7,1765.77912
58,6,21,1937.15461
58,7,8,5652.32166
58,7,22,4437.78103
58,8,9,676.30311
58,8,23,4437.78103
58,9,10,1106.44525
58,9,24,2795.77056
58,10,11,2969.96975
58,10,25,730.0
58,11,12,1627.49193
58,11,26,1627.49193
58,12,13,1765.77912
58,12,27,730.0
58,13,14,1030.3173
58,13,28,431.83183
58,14,29,676.30311
58,15,16,1627.49193
58,15,30,4437.78103
58,16,17,389.50767
58,16,31,614.56086
58,17,18,1522.27035
58,17,32,4193.92407
58,18,19,664.15989
58,18,33,1106.44525
58,19,20,1125.02321
58,19,34,3908.20696
58,20,21,1815.3897
58,20,35,2795.77056
58,21,22,2096.90021
58,21,36,1030.3173
58,22,23,468.84669
58,22,37,4193.92407
58,23,24,676.30311
58,23,38,614.56086
58,24,25,1815.3897
58,24,39,614.56086
58,25,26,1522.27035
58,25,40,423.48695
58,26,27,4193.92407
58,26,41,423.48695
58,27,28,2795.77056
58,27,42,389.50767
58,28,29,431.83183
58,28,43,4193.92407
58,29,44,5652.32166
58,30,31,2592.42201
58,30,45,431.83183
58,31,32,431.83183
58,31,46,1125.02321
58,32,33,2969.96975
58,32,47,468.84669
58,33,34,4138.20004
58,33,48,3908.20696
58,34,35,1765.77912
58,34,49,2795.77056
58,35,36,4193.92407
58,35,50,1765.77912
58,36,37,1966.77319
58,36,51,1815.3897
58,37,38,1125.02321
58,37,52,1125.02321
58,38,39,2756.04551
58,38,53,1206.9092
58,39,40,423.48695
58,39,54,2969.96975
58,40,41,1106.44525
58,40,55,468.84669
58,41,42,664.15989
58,41,56,431.83183
58,42,43,1106.44525
58,42,57,2795.77056
58,43,44,664.15989
58,43,58,664.15989
58,44,59,431.83183
58,45,46,1627.49193
58,45,60,1653.1115
58,46,47,1765.77912
58,46,61,1522.27035
58,47,48,664.15989
58,47,62,2592.42201
58,48,49,4437.78103
58,48,63,2592.42201
58,49,50,4193.92407
58,49,64,1765.77912
58,50,51,389.50767
58,50,65,1030.3173
58,51,52,2756.04551
58,51,66,2795.77056
58,52,53,4437.78103
58,52,67,1815.3897
58,53,54,2795.77056
58,53,68,2795.77056
58,54,55,423.48695
58,54,69,664.15989
58,55,56,1030.3173
58,55,70,1106.44525
58,56,57,1206.9092
58,56,71,5724.56358
58,57,58,468.84669
58,57,72,5652.32166
58,58,59,2592.42201
58,58,73,1966.77319
58,59,74,1966.77319
58,60,61,6040.23807
58,60,75,5724.56358
58,61,62,614.56086
58,61,76,431.83183
58,62,63,664.15989
58,62,77,6040.23807
58,63,64,1966.77319
58,63,78,389.50767
58,64,65,423.48695
58,64,79,1125.02321
58,65,66,730.0
58,65,80,423.48695
58,66,67,1653.1115
58,66,81,2096.90021
58,67,68,389.50767
58,67,82,3908.20696
58,68,69,389.50767
58,68,83,4138.20004
58,69,70,5724.56358
58,69,84,1765.77912
58,70,71,1653.1115
58,70,85,664.15989
58,71,72,2756.04551
58,71,86,4193.92407
58,72,73,1206.9092
58,72,87,5652.32166
58,73,74,431.83183
58,73,88,423.48695
58,74,89,1125.02321
58,75,76,664.15989
58,75,90,1627.49193
58,76,77,2969.96975
58,76,91,4437.78103
58,77,78,6040.23807
58,77,92,5652.32166
58,78,79,1030.3173
58,78,93,1653.1115
58,79,80,389.50767
58,79,94,423.48695
58,80,81,4138.20004
58,80,95,1653.1115
58,81,82,1030.3173
58,81,96,4437.78103
58,82,83,5353.71102
58,82,97,1937.15461
58,83,84,431.83183
58,83,98,1206.9092
58,84,85,2969.96975
58,84,99,4138.20004
58,85,86,2795.77056
58,85,100,5652.32166
58,86,87,614.56086
58,86,101,1106.44525
58,87,88,423.48695
58,87,102,1765.77912
58,88,89,1815.3897
58,88,103,389.50767
58,89,104,1206.9092
58,90,91,1815.3897
58,90,105,1206.9092
58,91,92,389.50767
58,91,106,1765.77912
58,92,93,1522.27035
58,92,107,2756.04551
58,93,94,2795.77056
58,93,108,2756.04551
58,94,95,2592.42201
58,94,109,1522.27035
58,95,96,1653.1115
58,95,110,2096.90021
58,96,97,1106.44525
58,96,111,5353.71102
58,97,98,1522.27035
58,97,112,4138.20004
58,98,99,4138.20004
58,98,113,4437.78103
58,99,100,4138.20004
58,99,114,423.48695
58,100,101,4437.78103
58,100,115,614.56086
58,101,102,664.15989
58,101,116,4138.20004
58,102,103,1815.3897
58,102,117,4193.92407
58,103,104,676.30311
58,103,118,664.15989
58,104,119,2096.90021
58,105,106,664.15989
58,105,120,2795.77056
58,106,107,2592.42201
58,106,121,4138.20004
58,107,108,5353.71102
58,107,122,4437.78103
58,108,109,1966.77319
58,108,123,2756.04551
58,109,110,1815.3897
58,109,124,1522.27035
58,110,111,1125.02321
58,110,125,1106.44525
58,111,112,5652.32166
58,111,126,2795.77056
58,112,113,1125.02321
58,112,127,730.0
58,113,114,5652.32166
58,113,128,1030.3173
58,114,115,1765.77912
58,114,129,4193.92407
58,115,116,2795.77056
58,115,130,5652.32166
58,116,117,468.84669
58,116,131,730.0
58,117,118,664.15989
58,117,132,1125.02321
58,118,119,3908.20696
58,118,133,1937.15461
58,119,134,614.56086
58,120,121,2756.04551
58,120,135,730.0
58,121,122,4138.20004
58,121,136,3908.20696
58,122,123,468.84669
58,122,137,2096.90021
58,123,124,1522.27035
58,123,138,5652.32166
58,124,125,468.84669
58,124,139,730.0
58,125,126,664.15989
58,125,140,6040.23807
58,126,127,1937.15461
58,126,141,614.56086
58,127,128,5724.56358
58,127,142,664.15989
58,128,129,5724.56358
58,128,143,614.56086
58,129,130,6040.23807
58,129,144,1653.1115
58,130,131,1765.77912
58,130,145,2969.96975
58,131,132,614.56086
58,131,146,1106.44525
58,132,133,1125.02321
58,132,147,1522.27035
58,133,134,676.30311
58,133,148,6040.23807
58,134,149,1522.27035
58,135,136,1206.9092
58,135,150,2592.42201
58,136,137,1937.15461
58,136,151,730.0
58,137,138,5724.56358
58,137,152,1030.3173
58,138,139,664.15989
58,138,153,1206.9092
58,139,140,4138.20004
58,139,154,1125.02321
58,140,141,676.30311
58,140,155,1627.49193
58,141,142,1206.9092
58,141,156,1125.02321
58,142,143,2969.96975
58,142,157,6040.23807
58,143,144,2096.90021
58,143,158,730.0
58,144,145,5652.32166
58,144,159,730.0
58,145,146,2795.77056
58,145,160,2096.90021
58,146,147,5652.32166
58,146,161,5724.56358
58,147,148,2795.77056
58,147,162,1106.44525
58,148,149,614.56086
58,148,163,1030.3173
58,149,164,2795.77056
58,150,151,2756.04551
58,150,165,614.56086
58,151,152,6040.23807
58,151,166,614.56086
58,152,153,389.50767
58,152,167,1125.02321
58,153,154,1765.77912
58,153,168,1765.77912
58,154,155,2756.04551
58,154,169,1125.02321
58,155,156,1937.15461
58,155,170,2969.96975
58,156,157,1627.49193
58,156,171,676.30311
58,157,158,5353.71102
58,157,172,1937.15461
58,158,159,4437.78103
58,158,173,1206.9092
58,159,160,5652.32166
58,159,174,2592.42201
58,160,161,1106.44525
58,160,175,6040.23807
58,161,162,2096.90021
58,161,176,4138.20004
58,162,163,5353.71102
58,162,177,664.15989
58,163,164,1966.77319
58,163,178,5353.71102
58,164,179,4193.92407
58,165,166,3908.20696
58,165,180,2969.96975
58,166,167,2592.42201
58,166,181,4138.20004
58,167,168,2756.04551
58,167,182,3908.20696
58,168,169,4437.78103
58,168,183,1627.49193
58,169,170,1125.02321
58,169,184,423.48695
58,170,171,1206.9092
58,170,185,423.48695
58,171,172,1937.15461
58,171,186,1106.44525
58,172,173,676.30311
58,172,187,4138.20004
58,173,174,389.50767
58,173,188,6040.23807
58,174,175,5652.32166
58,174,189,6040.23807
58,175,176,730.0
58,175,190,423.48695
58,176,177,2756.04551
58,176,191,4138.20004
58,177,178,730.0
58,177,192,2756.04551
58,178,179,389.50767
58,178,193,423.48695
58,179,194,1106.44525
58,180,181,1765.77912
58,180,195,2592.42201
58,181,182,1765.77912
58,181,196,431.83183
58,182,183,6040.23807
58,182,197,1815.3897
58,183,184,1815.3897
58,183,198,468.84669
58,184,185,1653.1115
58,184,199,1206.9092
58,185,186,5353.71102
58,185,200,5724.56358
58,186,187,389.50767
58,186,201,1206.9092
58,187,188,1966.77319
58,187,202,5353.71102
58,188,189,1106.44525
58,188,203,6040.23807
58,189,190,2969.96975
58,189,204,730.0
58,190,191,4138.20004
58,190,205,1106.44525
58,191,192,1522.27035
58,191,206,614.56086
58,192,193,1966.77319
58,192,207,468.84669
58,193,194,4138.20004
58,193,208,5652.32166
58,194,209,1937.15461
58,195,196,5652.32166
58,195,210,2969.96975
58,196,197,6040.23807
58,196,211,6040.23807
58,197,198,676.30311
58,197,212,1653.1115
58,198,199,1765.77912
58,198,213,1937.15461
58,199,200,3908.20696
58,199,214,1627.49193
58,200,201,2969.96975
58,200,215,1653.1115
58,201,202,2756.04551
58,201,216,4437.78103
58,202,203,389.50767
58,202,217,664.15989
58,203,204,1522.27035
58,203,218,468.84669
58,204,205,2969.96975
58,204,219,664.15989
58,205,206,3908.20696
58,205,220,6040.23807
58,206,207,5724.56358
58,206,221,2096.90021
58,207,208,1627.49193
58,207,222,431.83183
58,208,209,1206.9092
58,208,223,2096.90021
58,209,224,2795.77056
58,210,211,468.84669
58,211,212,1815.3897
58,212,213,676.30311
58,213,214,1206.9092
58,214,215,1966.77319
58,215,216,1815.3897
58,216,217,1030.3173
58,217,218,1125.02321
58,218,219,6040.23807
58,219,220,730.0
58,220,221,1653.1115
58,221,222,2756.04551
58,222,223,431.83183
58,223,224,1522.27035
59,0,1,2844.06958
59,0,15,904.28543
59,1,2,778.91262
59,1,16,8363.85208
59,2,3,904.28543
59,2,17,2844.06958
59,3,4,848.85013
59,3,18,7010.87481
59,4,5,3260.64732
59,4,19,3855.66917
59,5,6,7010.87481
59,5,20,2217.60482
59,6,7,2384.00614
59,6,21,3430.0198
59,7,8,3668.87365
59,7,22,8363.85208
59,8,9,848.85013
59,8,23,8363.85208
59,9,10,6307.04028
59,9,24,1330.92939
59,10,11,1157.20274
59,10,25,730.0
59,11,12,2514.6129
59,11,26,2514.6129
59,12,13,2384.00614
59,12,27,730.0
59,13,14,7010.87481
59,13,28,2514.6129
59,14,29,848.85013
59,15,16,2514.6129
59,15,30,8363.85208
59,16,17,2651.13116
59,16,31,904.28543
59,17,18,2844.06958
59,17,32,9252.53151
59,18,19,778.91262
59,18,33,6307.04028
59,19,20,6702.80405
59,19,34,9655.16306
59,20,21,3855.66917
59,20,35,1330.92939
59,21,22,3260.64732
59,21,36,7010.87481
59,22,23,2217.60482
59,22,37,9252.53151
59,23,24,848.85013
59,23,38,904.28543
59,24,25,3855.66917
59,24,39,904.28543
59,25,26,2844.06958
59,25,40,2340.59945
59,26,27,9252.53151
59,26,41,2340.59945
59,27,28,1330.92939
59,27,42,2651.13116
59,28,29,2514.6129
59,28,43,9252.53151
59,29,44,3668.87365
59,30,31,1411.44439
59,30,45,2514.6129
59,31,32,2514.6129
59,31,46,6702.80405
59,32,33,1157.20274
59,32,47,2217.60482
59,33,34,8734.0977
59,33,48,9655.16306
59,34,35,2384.00614
59,34,49,1330.92939
59,35,36,9252.53151
59,35,50,2384.00614
59,36,37,3668.87365
59,36,51,3855.66917
59,37,38,6702.80405
59,37,52,6702.80405
59,38,39,1228.89418
59,38,53,6025.06444
59,39,40,2340.59945
59,39,54,1157.20274
59,40,41,6307.04028
59,40,55,2217.60482
59,41,42,778.91262
59,41,56,2514.6129
59,42,43,6307.04028
59,42,57,1330.92939
59,43,44,778.91262
59,43,58,778.91262
59,44,59,2514.6129
59,45,46,2514.6129
59,45,60,2699.28079
59,46,47,2384.00614
59,46,61,2844.06958
59,47,48,778.91262
59,47,62,1411.44439
59,48,49,8363.85208
59,48,63,1411.44439
59,49,50,9252.53151
59,49,64,2384.00614
59,50,51,2651.13116
59,50,65,7010.87481
59,51,52,1228.89418
59,51,66,1330.92939
59,52,53,8363.85208
59,52,67,3855.66917
59,53,54,1330.92939
59,53,68,1330.92939
59,54,55,2340.59945
59,54,69,778.91262
59,55,56,7010.87481
59,55,70,6307.04028
59,56,57,6025.06444
59,56,71,3921.43422
59,57,58,2217.60482
59,57,72,3668.87365
59,58,59,1411.44439
59,58,73,3668.87365
59,59,74,3668.87365
59,60,61,3489.68319
59,60,75,3921.43422
59,61,62,904.28543
59,61,76,2514.6129
59,62,63,778.91262
59,62,77,3489.68319
59,63,64,3668.87365
59,63,78,2651.13116
59,64,65,2340.59945
59,64,79,6702.80405
59,65,66,730.0
59,65,80,2340.59945
59,66,67,2699.28079
59,66,81,3260.64732
59,67,68,2651.13116
59,67,82,9655.16306
59,68,69,2651.13116
59,68,83,8734.0977
59,69,70,3921.43422
59,69,84,2384.00614
59,70,71,2699.28079
59,70,85,778.91262
59,71,72,1228.89418
59,71,86,9252.53151
59,72,73,6025.06444
59,72,87,3668.87365
59,73,74,2514.6129
59,73,88,2340.59945
59,74,89,6702.80405
59,75,76,778.91262
59,75,90,2514.6129
59,76,77,1157.20274
59,76,91,8363.85208
59,77,78,3489.68319
59,77,92,3668.87365
59,78,79,7010.87481
59,78,93,2699.28079
59,79,80,2651.13116
59,79,94,2340.59945
59,80,81,8734.0977
59,80,95,2699.28079
59,81,82,7010.87481
59,81,96,8363.85208
59,82,83,4118.84304
59,82,97,3430.0198
59,83,84,2514.6129
59,83,98,6025.06444
59,84,85,1157.20274
59,84,99,8734.0977
59,85,86,1330.92939
59,85,100,3668.87365
59,86,87,904.28543
59,86,101,6307.04028
59,87,88,2340.59945
59,87,102,2384.00614
59,88,89,3855.66917
59,88,103,2651.13116
59,89,104,6025.06444
59,90,91,3855.66917
59,90,105,6025.06444
59,91,92,2651.13116
59,91,106,2384.00614
59,92,93,2844.06958
59,92,107,1228.89418
59,93,94,1330.92939
59,93,108,1228.89418
59,94,95,1411.44439
59,94,109,2844.06958
59,95,96,2699.28079
59,95,110,3260.64732
59,96,97,6307.04028
59,96,111,4118.84304
59,97,98,2844.06958
59,97,112,8734.0977
59,98,99,8734.0977
59,98,113,8363.85208
59,99,100,8734.0977
59,99,114,2340.59945
59,100,101,8363.85208
59,100,115,904.28543
59,101,102,778.91262
59,101,116,8734.0977
59,102,103,3855.66917
59,102,117,9252.53151
59,103,104,848.85013
59,103,118,778.91262
59,104,119,3260.64732
59,105,106,778.91262
59,105,120,1330.92939
59,106,107,1411.44439
59,106,121,8734.0977
59,107,108,4118.84304
59,107,122,8363.85208
59,108,109,3668.87365
59,108,123,1228.89418
59,109,110,3855.66917
59,109,124,2844.06958
59,110,111,6702.80405
59,110,125,6307.04028
59,111,112,3668.87365
59,111,126,1330.92939
59,112,113,6702.80405
59,112,127,730.0
59,113,114,3668.87365
59,113,128,7010.87481
59,114,115,2384.00614
59,114,129,9252.53151
59,115,116,1330.92939
59,115,130,3668.87365
59,116,117,2217.60482
59,116,131,730.0
59,117,118,778.91262
59,117,132,6702.80405
59,118,119,9655.16306
59,118,133,3430.0198
59,119,134,904.28543
59,120,121,1228.89418
59,120,135,730.0
59,121,122,8734.0977
59,121,136,9655.16306
59,122,123,2217.60482
59,122,137,3260.64732
59,123,124,2844.06958
59,123,138,3668.87365
59,124,125,2217.60482
59,124,139,730.0
59,125,126,778.91262
59,125,140,3489.68319
59,126,127,3430.0198
59,126,141,904.28543
59,127,128,3921.43422
59,127,142,778.91262
59,128,129,3921.43422
59,128,143,904.28543
59,129,130,3489.68319
59,129,144,2699.28079
59,130,131,2384.00614
59,130,145,1157.20274
59,131,132,904.28543
59,131,146,6307.04028
59,132,133,6702.80405
59,132,147,2844.06958
59,133,134,848.85013
59,133,148,3489.68319
59,134,149,2844.06958
59,135,136,6025.06444
59,135,150,1411.44439
59,136,137,3430.0198
59,136,151,730.0
59,137,138,3921.43422
59,137,152,7010.87481
59,138,139,778.91262
59,138,153,6025.06444
59,139,140,8734.0977
59,139,154,6702.80405
59,140,141,848.85013
59,140,155,2514.6129
59,141,142,6025.06444
59,141,156,6702.80405
59,142,143,1157.20274
59,142,157,3489.68319
59,143,144,3260.64732
59,143,158,730.0
59,144,145,3668.87365
59,144,159,730.0
59,145,146,1330.92939
59,145,160,3260.64732
59,146,147,3668.87365
59,146,161,3921.43422
59,147,148,1330.92939
59,147,162,6307.04028
59,148,149,904.28543
59,148,163,7010.87481
59,149,164,1330.92939
59,150,151,1228.89418
59,150,165,904.28543
59,151,152,3489.68319
59,151,166,904.28543
59,152,153,2651.13116
59,152,167,6702.80405
59,153,154,2384.00614
59,153,168,2384.00614
59,154,155,1228.89418
59,154,169,6702.80405
59,155,156,3430.0198
59,155,170,1157.20274
59,156,157,2514.6129
59,156,171,848.85013
59,157,158,4118.84304
59,157,172,3430.0198
59,158,159,8363.85208
59,158,173,6025.06444
59,159,160,3668.87365
59,159,174,1411.44439
59,160,161,6307.04028
59,160,175,3489.68319
59,161,162,3260.64732
59,161,176,8734.0977
59,162,163,4118.84304
59,162,177,778.91262
59,163,164,3668.87365
59,163,178,4118.84304
59,164,179,9252.53151
59,165,166,9655.16306
59,165,180,1157.20274
59,166,167,1411.44439
59,166,181,8734.0977
59,167,168,1228.89418
59,167,182,9655.16306
59,168,169,8363.85208
59,168,183,2514.6129
59,169,170,6702.80405
59,169,184,2340.59945
59,170,171,6025.06444
59,170,185,2340.59945
59,171,172,3430.0198
59,171,186,6307.04028
59,172,173,848.85013
59,172,187,8734.0977
59,173,174,2651.13116
59,173,188,3489.68319
59,174,175,3668.87365
59,174,189,3489.68319
59,175,176,730.0
59,175,190,2340.59945
59,176,177,1228.89418
59,176,191,8734.0977
59,177,178,730.0
59,177,192,1228.89418
59,178,179,2651.13116
59,178,193,2340.59945
59,179,194,6307.04028
59,180,181,2384.00614
59,180,195,1411.44439
59,181,182,2384.00614
59,181,196,2514.6129
59,182,183,3489.68319
59,182,197,3855.66917
59,183,184,3855.66917
59,183,198,2217.60482
59,184,185,2699.28079
59,184,199,6025.06444
59,185,186,4118.84304
59,185,200,3921.43422
59,186,187,2651.13116
59,186,201,6025.06444
59,187,188,3668.87365
59,187,202,4118.84304
59,188,189,6307.04028
59,188,203,3489.68319
59,189,190,1157.20274
59,189,204,730.0
59,190,191,8734.0977
59,190,205,6307.04028
59,191,192,2844.06958
59,191,206,904.28543
59,192,193,3668.87365
59,192,207,2217.60482
59,193,194,8734.0977
59,193,208,3668.87365
59,194,209,3430.0198
59,195,196,3668.87365
59,195,210,1157.20274
59,196,197,3489.68319
59,196,211,3489.68319
59,197,198,848.85013
59,197,212,2699.28079
59,198,199,2384.00614
59,198,213,3430.0198
59,199,200,9655.16306
59,199,214,2514.6129
59,200,201,1157.20274
59,200,215,2699.28079
59,201,202,1228.89418
59,201,216,8363.85208
59,202,203,2651.13116
59,202,217,778.91262
59,203,204,2844.06958
59,203,218,2217.60482
59,204,205,1157.20274
59,204,219,778.91262
59,205,206,9655.16306
59,205,220,3489.68319
59,206,207,3921.43422
59,206,221,3260.64732
59,207,208,2514.6129
59,207,222,2514.6129
59,208,209,6025.06444
59,208,223,3260.64732
59,209,224,1330.92939
59,210,211,2217.60482
59,211,212,3855.66917
59,212,213,848.85013
59,213,214,6025.06444
59,214,215,3668.87365
59,215,216,3855.66917
59,216,217,7010.87481
59,217,218,6702.80405
59,218,219,3489.68319
59,219,220,730.0
59,220,221,2699.28079
59,221,222,1228.89418
59,222,223,2514.6129
59,223,224,2844.06958
60,0,1,1065.57867
60,0,15,770.68952
60,1,2,158.11005
60,1,16,238.67116
60,2,3,770.68952
60,2,17,1065.57867
60,3,4,2584.92623
60,3,18,342.65393
60,4,5,157.20482
60,4,19,168.551
60,5,6,342.65393
60,5,20,216.52209
60,6,7,1012.19826
60,6,21,20.71418
60,7,8,175.16762
60,7,22,238.67116
60,8,9,2584.92623
60,8,23,238.67116
60,9,10,54.25361
60,9,24,2093.75801
60,10,11,562.29935
60,10,25,730.0
60,11,12,239.95524
60,11,26,239.95524
60,12,13,1012.19826
60,12,27,730.0
60,13,14,342.65393
60,13,28,983.42649
60,14,29,2584.92623
60,15,16,239.95524
60,15,30,238.67116
60,16,17,231.33634
60,16,31,770.68952
60,17,18,1065.57867
60,17,32,1061.11672
60,18,19,158.11005
60,18,33,54.25361
60,19,20,1342.81059
60,19,34,254.73642
60,20,21,168.551
60,20,35,2093.75801
60,21,22,157.20482
60,21,36,342.65393
60,22,23,216.52209
60,22,37,1061.11672
60,23,24,2584.92623
60,23,38,770.68952
60,24,25,168.551
60,24,39,770.68952
60,25,26,1065.57867
60,25,40,31.90674
60,26,27,1061.11672
60,26,41,31.90674
60,27,28,2093.75801
60,27,42,231.33634
60,28,29,983.42649
60,28,43,1061.11672
60,29,44,175.16762
60,30,31,595.05695
60,30,45,983.42649
60,31,32,983.42649
60,31,46,1342.81059
60,32,33,562.29935
60,32,47,216.52209
60,33,34,36.36671
60,33,48,254.73642
60,34,35,1012.19826
60,34,49,2093.75801
60,35,36,1061.11672
60,35,50,1012.19826
60,36,37,767.28468
60,36,51,168.551
60,37,38,1342.81059
60,37,52,1342.81059
60,38,39,112.84732
60,38,53,322.04166
60,39,40,31.90674
60,39,54,562.29935
60,40,41,54.25361
60,40,55,216.52209
60,41,42,158.11005
60,41,56,983.42649
60,42,43,54.25361
60,42,57,2093.75801
60,43,44,158.11005
60,43,58,158.11005
60,44,59,983.42649
60,45,46,239.95524
60,45,60,3373.54532
60,46,47,1012.19826
60,46,61,1065.57867
60,47,48,158.11005
60,47,62,595.05695
60,48,49,238.67116
60,48,63,595.05695
60,49,50,1061.11672
60,49,64,1012.19826
60,50,51,231.33634
60,50,65,342.65393
60,51,52,112.84732
60,51,66,2093.75801
60,52,53,238.67116
60,52,67,168.551
60,53,54,2093.75801
60,53,68,2093.75801
60,54,55,31.90674
60,54,69,158.11005
60,55,56,342.65393
60,55,70,54.25361
60,56,57,322.04166
60,56,71,2758.02053
60,57,58,216.52209
60,57,72,175.16762
60,58,59,595.05695
60,58,73,767.28468
60,59,74,767.28468
60,60,61,790.68723
60,60,75,2758.02053
60,61,62,770.68952
60,61,76,983.42649
60,62,63,158.11005
60,62,77,790.68723
60,63,64,767.28468
60,63,78,231.33634
60,64,65,31.90674
60,64,79,1342.81059
60,65,66,730.0
60,65,80,31.90674
60,66,67,3373.54532
60,66,81,157.20482
60,67,68,231.33634
60,67,82,254.73642
60,68,69,231.33634
60,68,83,36.36671
60,69,70,2758.02053
60,69,84,1012.19826
60,70,71,3373.54532
60,70,85,158.11005
60,71,72,112.84732
60,71,86,1061.11672
60,72,73,322.04166
60,72,87,175.16762
60,73,74,983.42649
60,73,88,31.90674
60,74,89,1342.81059
60,75,76,158.11005
60,75,90,239.95524
60,76,77,562.29935
60,76,91,238.67116
60,77,78,790.68723
60,77,92,175.16762
60,78,79,342.65393
60,78,93,3373.54532
60,79,80,231.33634
60,79,94,31.90674
60,80,81,36.36671
60,80,95,3373.54532
60,81,82,342.65393
60,81,96,238.67116
60,82,83,834.16742
60,82,97,20.71418
60,83,84,983.42649
60,83,98,322.04166
60,84,85,562.29935
60,84,99,36.36671
60,85,86,2093.75801
60,85,100,175.16762
60,86,87,770.68952
60,86,101,54.25361
60,87,88,31.90674
60,87,102,1012.19826
60,88,89,168.551
60,88,103,231.33634
60,89,104,322.04166
60,90,91,168.551
60,90,105,322.04166
60,91,92,231.33634
60,91,106,1012.19826
60,92,93,1065.57867
60,92,107,112.84732
60,93,94,2093.75801
60,93,108,112.84732
60,94,95,595.05695
60,94,109,1065.57867
60,95,96,3373.54532
60,95,110,157.20482
60,96,97,54.25361
60,96,111,834.16742
60,97,98,1065.57867
60,97,112,36.36671
60,98,99,36.36671
60,98,113,238.67116
60,99,100,36.36671
60,99,114,31.90674
60,100,101,238.67116
60,100,115,770.68952
60,101,102,158.11005
60,101,116,36.36671
60,102,103,168.551
60,102,117,1061.11672
60,103,104,2584.92623
60,103,118,158.11005
60,104,119,157.20482
60,105,106,158.11005
60,105,120,2093.75801
60,106,107,595.05695
60,106,121,36.36671
60,107,108,834.16742
60,107,122,238.67116
60,108,109,767.28468
60,108,123,112.84732
60,109,110,168.551
60,109,124,1065.57867
60,110,111,1342.81059
60,110,125,54.25361
60,111,112,175.16762
60,111,126,2093.75801
60,112,113,1342.81059
60,112,127,730.0
60,113,114,175.16762
60,113,128,342.65393
60,114,115,1012.19826
60,114,129,1061.11672
60,115,116,2093.75801
60,115,130,175.16762
60,116,117,216.52209
60,116,131,730.0
60,117,118,158.11005
60,117,132,1342.81059
60,118,119,254.73642
60,118,133,20.71418
60,119,134,770.68952
60,120,121,112.84732
60,120,135,730.0
60,121,122,36.36671
60,121,136,254.73642
60,122,123,216.52209
60,122,137,157.20482
60,123,124,1065.57867
60,123,138,175.16762
60,124,125,216.52209
60,124,139,730.0
60,125,126,158.11005
60,125,140,790.68723
60,126,127,20.71418
60,126,141,770.68952
60,127,128,2758.02053
60,127,142,158.11005
60,128,129,2758.02053
60,128,143,770.68952
60,129,130,790.68723
60,129,144,3373.54532
60,130,131,1012.19826
60,130,145,562.29935
60,131,132,770.68952
60,131,146,54.25361
60,132,133,1342.81059
60,132,147,1065.57867
60,133,134,2584.92623
60,133,148,790.68723
60,134,149,1065.57867
60,135,136,322.04166
60,135,150,595.05695
60,136,137,20.71418
60,136,151,730.0
60,137,138,2758.02053
60,137,152,342.65393
60,138,139,158.11005
60,138,153,322.04166
60,139,140,36.36671
60,139,154,1342.81059
60,140,141,2584.92623
60,140,155,239.95524
60,141,142,322.04166
60,141,156,1342.81059
60,142,143,562.29935
60,142,157,790.68723
60,143,144,157.20482
60,143,158,730.0
60,144,145,175.16762
60,144,159,730.0
60,145,146,2093.75801
60,145,160,157.20482
60,146,147,175.16762
60,146,161,2758.02053
60,147,148,2093.75801
60,147,162,54.25361
60,148,149,770.68952
60,148,163,342.65393
60,149,164,2093.75801
60,150,151,112.84732
60,150,165,770.68952
60,151,152,790.68723
60,151,166,770.68952
60,152,153,231.33634
60,152,167,1342.81059
60,153,154,1012.19826
60,153,168,1012.19826
60,154,155,112.84732
60,154,169,1342.81059
60,155,156,20.71418
60,155,170,562.29935
60,156,157,239.95524
60,156,171,2584.92623
60,157,158,834.16742
60,157,172,20.71418
60,158,159,238.67116
60,158,173,322.04166
60,159,160,175.16762
60,159,174,595.05695
60,160,161,54.25361
60,160,175,790.68723
60,161,162,157.20482
60,161,176,36.36671
60,162,163,834.16742
60,162,177,158.11005
60,163,164,767.28468
60,163,178,834.16742
60,164,179,1061.11672
60,165,166,254.73642
60,165,180,562.29935
60,166,167,595.05695
60,166,181,36.36671
60,167,168,112.84732
60,167,182,254.73642
60,168,169,238.67116
60,168,183,239.95524
60,169,170,1342.81059
60,169,184,31.90674
60,170,171,322.04166
60,170,185,31.90674
60,171,172,20.71418
60,171,186,54.25361
60,172,173,2584.92623
60,172,187,36.36671
60,173,174,231.33634
60,173,188,790.68723
60,174,175,175.16762
60,174,189,790.68723
60,175,176,730.0
60,175,190,31.90674
60,176,177,112.84732
60,176,191,36.36671
60,177,178,730.0
60,177,192,112.84732
60,178,179,231.33634
60,178,193,31.90674
60,179,194,54.25361
60,180,181,1012.19826
60,180,195,595.05695
60,181,182,1012.19826
60,181,196,983.42649
60,182,183,790.68723
60,182,197,168.551
60,183,184,168.551
60,183,198,216.52209
60,184,185,3373.54532
60,184,199,322.04166
60,185,186,834.16742
60,185,200,2758.02053
60,186,187,231.33634
60,186,201,322.04166
60,187,188,767.28468
60,187,202,834.16742
60,188,189,54.25361
60,188,203,790.68723
60,189,190,562.29935
60,189,204,730.0
60,190,191,36.36671
60,190,205,54.25361
60,191,192,1065.57867
60,191,206,770.68952
60,192,193,767.28468
60,192,207,216.52209
60,193,194,36.36671
60,193,208,175.16762
60,194,209,20.71418
60,195,196,175.16762
60,195,210,562.29935
60,196,197,790.68723
60,196,211,790.68723
60,197,198,2584.92623
60,197,212,3373.54532
60,198,199,1012.19826
60,198,213,20.71418
60,199,200,254.73642
60,199,214,239.95524
60,200,201,562.29935
60,200,215,3373.54532
60,201,202,112.84732
60,201,216,238.67116
60,202,203,231.33634
60,202,217,158.11005
60,203,204,1065.57867
60,203,218,216.52209
60,204,205,562.29935
60,204,219,158.11005
60,205,206,254.73642
60,205,220,790.68723
60,206,207,2758.02053
60,206,221,157.20482
60,207,208,239.95524
60,207,222,983.42649
60,208,209,322.04166
60,208,223,157.20482
60,209,224,2093.75801
60,210,211,216.52209
60,211,212,168.551
60,212,213,2584.92623
60,213,214,322.04166
60,214,215,767.28468
60,215,216,168.551
60,216,217,342.65393
60,217,218,1342.81059
60,218,219,790.68723
60,219,220,730.0
60,220,221,3373.54532
60,221,222,112.84732
60,222,223,983.42649
60,223,224,1065.57867
61,0,1,1111.06557
61,0,15,467.49664
61,1,2,924.74464
61,1,16,1079.96221
61,2,3,467.49664
61,2,17,1111.06557
61,3,4,358.55659
61,3,18,977.58841
61,4,5,452.42153
61,4,19,278.91514
61,5,6,977.58841
61,5,20,636.33782
61,6,7,1637.69973
61,6,21,584.14579
61,7,8,1522.27035
61,7,22,1079.96221
61,8,9,358.55659
61,8,23,1079.96221
61,9,10,1794.57927
61,9,24,246.1996
61,10,11,523.11178
61,10,25,730.0
61,11,12,2014.94788
61,11,26,2014.94788
61,12,13,1637.69973
61,12,27,730.0
61,13,14,977.58841
61,13,28,307.19273
61,14,29,358.55659
61,15,16,2014.94788
61,15,30,1079.96221
61,16,17,403.21212
61,16,31,467.49664
61,17,18,1111.06557
61,17,32,556.03589
61,18,19,924.74464
61,18,33,1794.57927
61,19,20,773.42247
61,19,34,711.93241
61,20,21,278.91514
61,20,35,246.1996
61,21,22,452.42153
61,21,36,977.58841
61,22,23,636.33782
61,22,37,556.03589
61,23,24,358.55659
61,23,38,467.49664
61,24,25,278.91514
61,24,39,467.49664
61,25,26,1111.06557
61,25,40,810.40436
61,26,27,556.03589
61,26,41,810.40436
61,27,28,246.1996
61,27,42,403.21212
61,28,29,307.19273
61,28,43,556.03589
61,29,44,1522.27035
61,30,31,326.34518
61,30,45,307.19273
61,31,32,307.19273
61,31,46,773.42247
61,32,33,523.11178
61,32,47,636.33782
61,33,34,1348.2403
61,33,48,711.93241
61,34,35,1637.69973
61,34,49,246.1996
61,35,36,556.03589
61,35,50,1637.69973
61,36,37,208.84465
61,36,51,278.91514
61,37,38,773.42247
61,37,52,773.42247
61,38,39,671.42378
61,38,53,1452.62131
61,39,40,810.40436
61,39,54,523.11178
61,40,41,1794.57927
61,40,55,636.33782
61,41,42,924.74464
61,41,56,307.19273
61,42,43,1794.57927
61,42,57,246.1996
61,43,44,924.74464
61,43,58,924.74464
61,44,59,307.19273
61,45,46,2014.94788
61,45,60,883.44041
61,46,47,1637.69973
61,46,61,1111.06557
61,47,48,924.74464
61,47,62,326.34518
61,48,49,1079.96221
61,48,63,326.34518
61,49,50,556.03589
61,49,64,1637.69973
61,50,51,403.21212
61,50,65,977.58841
61,51,52,671.42378
61,51,66,246.1996
61,52,53,1079.96221
61,52,67,278.91514
61,53,54,246.1996
61,53,68,246.1996
61,54,55,810.40436
61,54,69,924.74464
61,55,56,977.58841
61,55,70,1794.57927
61,56,57,1452.62131
61,56,71,639.83444
61,57,58,636.33782
61,57,72,1522.27035
61,58,59,326.34518
61,58,73,208.84465
61,59,74,208.84465
61,60,61,1224.87226
61,60,75,639.83444
61,61,62,467.49664
61,61,76,307.19273
61,62,63,924.74464
61,62,77,1224.87226
61,63,64,208.84465
61,63,78,403.21212
61,64,65,810.40436
61,64,79,773.42247
61,65,66,730.0
61,65,80,810.40436
61,66,67,883.44041
61,66,81,452.42153
61,67,68,403.21212
61,67,82,711.93241
61,68,69,403.21212
61,68,83,1348.2403
61,69,70,639.83444
61,69,84,1637.69973
61,70,71,883.44041
61,70,85,924.74464
61,71,72,671.42378
61,71,86,556.03589
61,72,73,1452.62131
61,72,87,1522.27035
61,73,74,307.19273
61,73,88,810.40436
61,74,89,773.42247
61,75,76,924.74464
61,75,90,2014.94788
61,76,77,523.11178
61,76,91,1079.96221
61,77,78,1224.87226
61,77,92,1522.27035
61,78,79,977.58841
61,78,93,883.44041
61,79,80,403.21212
61,79,94,810.40436
61,80,81,1348.2403
61,80,95,883.44041
61,81,82,977.58841
61,81,96,1079.96221
61,82,83,814.68238
61,82,97,584.14579
61,83,84,307.19273
61,83,98,1452.62131
61,84,85,523.11178
61,84,99,1348.2403
61,85,86,246.1996
61,85,100,1522.27035
61,86,87,467.49664
61,86,101,1794.57927
61,87,88,810.40436
61,87,102,1637.69973
61,88,89,278.91514
61,88,103,403.21212
61,89,104,1452.62131
61,90,91,278.91514
61,90,105,1452.62131
61,91,92,403.21212
61,91,106,1637.69973
61,92,93,1111.06557
61,92,107,671.42378
61,93,94,246.1996
61,93,108,671.42378
61,94,95,326.34518
61,94,109,1111.06557
61,95,96,883.44041
61,95,110,452.42153
61,96,97,1794.57927
61,96,111,814.68238
61,97,98,1111.06557
61,97,112,1348.2403
61,98,99,1348.2403
61,98,113,1079.96221
61,99,100,1348.2403
61,99,114,810.40436
61,100,101,1079.96221
61,100,115,467.49664
61,101,102,924.74464
61,101,116,1348.2403
61,102,103,278.91514
61,102,117,556.03589
61,103,104,358.55659
61,103,118,924.74464
61,104,119,452.42153
61,105,106,924.74464
61,105,120,246.1996
61,106,107,326.34518
61,106,121,1348.2403
61,107,108,814.68238
61,107,122,1079.96221
61,108,109,208.84465
61,108,123,671.42378
61,109,110,278.91514
61,109,124,1111.06557
61,110,111,773.42247
61,110,125,1794.57927
61,111,112,1522.27035
61,111,126,246.1996
61,112,113,773.42247
61,112,127,730.0
61,113,114,1522.27035
61,113,128,977.58841
61,114,115,1637.69973
61,114,129,556.03589
61,115,116,246.1996
61,115,130,1522.27035
61,116,117,636.33782
61,116,131,730.0
61,117,118,924.74464
61,117,132,773.42247
61,118,119,711.93241
61,118,133,584.14579
61,119,134,467.49664
61,120,121,671.42378
61,120,135,730.0
61,121,122,1348.2403
61,121,136,711.93241
61,122,123,636.33782
61,122,137,452.42153
61,123,124,1111.06557
61,123,138,1522.27035
61,124,125,636.33782
61,124,139,730.0
61,125,126,924.74464
61,125,140,1224.87226
61,126,127,584.14579
61,126,141,467.49664
61,127,128,639.83444
61,127,142,924.74464
61,128,129,639.83444
61,128,143,467.49664
61,129,130,1224.87226
61,129,144,883.44041
61,130,131,1637.69973
61,130,145,523.11178
61,131,132,467.49664
61,131,146,1794.57927
61,132,133,773.42247
61,132,147,1111.06557
61,133,134,358.55659
61,133,148,1224.87226
61,134,149,1111.06557
61,135,136,1452.62131
61,135,150,326.34518
61,136,137,584.14579
61,136,151,730.0
61,137,138,639.83444
61,137,152,977.58841
61,138,139,924.74464
61,138,153,1452.62131
61,139,140,1348.2403
61,139,154,773.42247
61,140,141,358.55659
61,140,155,2014.94788
61,141,142,1452.62131
61,141,156,773.42247
61,142,143,523.11178
61,142,157,1224.87226
61,143,144,452.42153
61,143,158,730.0
61,144,145,1522.27035
61,144,159,730.0
61,145,146,246.1996
61,145,160,452.42153
61,146,147,1522.27035
61,146,161,639.83444
61,147,148,246.1996
61,147,162,1794.57927
61,148,149,467.49664
61,148,163,977.58841
61,149,164,246.1996
61,150,151,671.42378
61,150,165,467.49664
61,151,152,1224.87226
61,151,166,467.49664
61,152,153,403.21212
61,152,167,773.42247
61,153,154,1637.69973
61,153,168,1637.69973
61,154,155,671.42378
61,154,169,773.42247
61,155,156,584.14579
61,155,170,523.11178
61,156,157,2014.94788
61,156,171,358.55659
61,157,158,814.68238
61,157,172,584.14579
61,158,159,1079.96221
61,158,173,1452.62131
61,159,160,1522.27035
61,159,174,326.34518
61,160,161,1794.57927
61,160,175,1224.87226
61,161,162,452.42153
61,161,176,1348.2403
61,162,163,814.68238
61,162,177,924.74464
61,163,164,208.84465
61,163,178,814.68238
61,164,179,556.03589
61,165,166,711.93241
61,165,180,523.11178
61,166,167,326.34518
61,166,181,1348.2403
61,167,168,671.42378
61,167,182,711.93241
61,168,169,1079.96221
61,168,183,2014.94788
61,169,170,773.42247
61,169,184,810.40436
61,170,171,1452.62131
61,170,185,810.40436
61,171,172,584.14579
61,171,186,1794.57927
61,172,173,358.55659
61,172,187,1348.2403
61,173,174,403.21212
61,173,188,1224.87226
61,174,175,1522.27035
61,174,189,1224.87226
61,175,176,730.0
61,175,190,810.40436
61,176,177,671.42378
61,176,191,1348.2403
61,177,178,730.0
61,177,192,671.42378
61,178,179,403.21212
61,178,193,810.40436
61,179,194,1794.57927
61,180,181,1637.69973
61,180,195,326.34518
61,181,182,1637.69973
61,181,196,307.19273
61,182,183,1224.87226
61,182,197,278.91514
61,183,184,278.91514
61,183,198,636.33782
61,184,185,883.44041
61,184,199,1452.62131
61,185,186,814.68238
61,185,200,639.83444
61,186,187,403.21212
61,186,201,1452.62131
61,187,188,208.84465
61,187,202,814.68238
61,188,189,1794.57927
61,188,203,1224.87226
61,189,190,523.11178
61,189,204,730.0
61,190,191,1348.2403
61,190,205,1794.57927
61,191,192,1111.06557
61,191,206,467.49664
61,192,193,208.84465
61,192,207,636.33782
61,193,194,1348.2403
61,193,208,1522.27035
61,194,209,584.14579
61,195,196,1522.27035
61,195,210,523.11178
61,196,197,1224.87226
61,196,211,1224.87226
61,197,198,358.55659
61,197,212,883.44041
61,198,199,1637.69973
61,198,213,584.14579
61,199,200,711.93241
61,199,214,2014.94788
61,200,201,523.11178
61,200,215,883.44041
61,201,202,671.42378
61,201,216,1079.96221
61,202,203,403.21212
61,202,217,924.74464
61,203,204,1111.06557
61,203,218,636.33782
61,204,205,523.11178
61,204,219,924.74464
61,205,206,711.93241
61,205,220,1224.87226
61,206,207,639.83444
61,206,221,452.42153
61,207,208,2014.94788
61,207,222,307.19273
61,208,209,1452.62131
61,208,223,452.42153
61,209,224,246.1996
61,210,211,636.33782
61,211,212,278.91514
61,212,213,358.55659
61,213,214,1452.62131
61,214,215,208.84465
61,215,216,278.91514
61,216,217,977.58841
61,217,218,773.42247
61,218,219,1224.87226
61,219,220,730.0
61,220,221,883.44041
61,221,222,671.42378
61,222,223,307.19273
61,223,224,1111.06557
62,0,1,54.69716
62,0,15,26.6977
62,1,2,91.41125
62,1,16,605.57962
62,2,3,26.6977
62,2,17,54.69716
62,3,4,309.41469
62,3,18,109.87283
62,4,5,374.32412
62,4,19,8.56871
62,5,6,109.87283
62,5,20,1163.92231
62,6,7,1125.02321
62,6,21,35.22989
62,7,8,33.19246
62,7,22,605.57962
62,8,9,309.41469
62,8,23,605.57962
62,9,10,299.9857
62,9,24,73.03888
62,10,11,212.30564
62,10,25,730.0
62,11,12,166.45573
62,11,26,166.45573
62,12,13,1125.02321
62,12,27,730.0
62,13,14,109.87283
62,13,28,528.06835
62,14,29,309.41469
62,15,16,166.45573
62,15,30,605.57962
62,16,17,57.81127
62,16,31,26.6977
62,17,18,54.69716
62,17,32,249.3724
62,18,19,91.41125
62,18,33,299.9857
62,19,20,832.71088
62,19,34,19.46132
62,20,21,8.56871
62,20,35,73.03888
62,21,22,374.32412
62,21,36,109.87283
62,22,23,1163.92231
62,22,37,249.3724
62,23,24,309.41469
62,23,38,26.6977
62,24,25,8.56871
62,24,39,26.6977
62,25,26,54.69716
62,25,40,174.37807
62,26,27,249.3724
62,26,41,174.37807
62,27,28,73.03888
62,27,42,57.81127
62,28,29,528.06835
62,28,43,249.3724
62,29,44,33.19246
62,30,31,3.41598
62,30,45,528.06835
62,31,32,528.06835
62,31,46,832.71088
62,32,33,212.30564
62,32,47,1163.92231
62,33,34,70.24232
62,33,48,19.46132
62,34,35,1125.02321
62,34,49,73.03888
62,35,36,249.3724
62,35,50,1125.02321
62,36,37,142.46796
62,36,51,8.56871
62,37,38,832.71088
62,37,52,832.71088
62,38,39,15.36173
62,38,53,1738.70972
62,39,40,174.37807
62,39,54,212.30564
62,40,41,299.9857
62,40,55,1163.92231
62,41,42,91.41125
62,41,56,528.06835
62,42,43,299.9857
62,42,57,73.03888
62,43,44,91.41125
62,43,58,91.41125
62,44,59,528.06835
62,45,46,166.45573
62,45,60,507.99259
62,46,47,1125.02321
62,46,61,54.69716
62,47,48,91.41125
62,47,62,3.41598
62,48,49,605.57962
62,48,63,3.41598
62,49,50,249.3724
62,49,64,1125.02321
62,50,51,57.81127
62,50,65,109.87283
62,51,52,15.36173
62,51,66,73.03888
62,52,53,605.57962
62,52,67,8.56871
62,53,54,73.03888
62,53,68,73.03888
62,54,55,174.37807
62,54,69,91.41125
62,55,56,109.87283
62,55,70,299.9857
62,56,57,1738.70972
62,56,71,135.78529
62,57,58,1163.92231
62,57,72,33.19246
62,58,59,3.41598
62,58,73,142.46796
62,59,74,142.46796
62,60,61,359.27745
62,60,75,135.78529
62,61,62,26.6977
62,61,76,528.06835
62,62,63,91.41125
62,62,77,359.27745
62,63,64,142.46796
62,63,78,57.81127
62,64,65,174.37807
62,64,79,832.71088
62,65,66,730.0
62,65,80,174.37807
62,66,67,507.99259
62,66,81,374.32412
62,67,68,57.81127
62,67,82,19.46132
62,68,69,57.81127
62,68,83,70.24232
62,69,70,135.78529
62,69,84,1125.02321
62,70,71,507.99259
62,70,85,91.41125
62,71,72,15.36173
62,71,86,249.3724
62,72,73,1738.70972
62,72,87,33.19246
62,73,74,528.06835
62,73,88,174.37807
62,74,89,832.71088
62,75,76,91.41125
62,75,90,166.45573
62,76,77,212.30564
62,76,91,605.57962
62,77,78,359.27745
62,77,92,33.19246
62,78,79,109.87283
62,78,93,507.99259
62,79,80,57.81127
62,79,94,174.37807
62,80,81,70.24232
62,80,95,507.99259
62,81,82,109.87283
62,81,96,605.57962
62,82,83,7.99357
62,82,97,35.22989
62,83,84,528.06835
62,83,98,1738.70972
62,84,85,212.30564
62,84,99,70.24232
62,85,86,73.03888
62,85,100,33.19246
62,86,87,26.6977
62,86,101,299.9857
62,87,88,174.37807
62,87,102,1125.02321
62,88,89,8.56871
62,88,103,57.81127
62,89,104,1738.70972
62,90,91,8.56871
62,90,105,1738.70972
62,91,92,57.81127
62,91,106,1125.02321
62,92,93,54.69716
62,92,107,15.36173
62,93,94,73.03888
62,93,108,15.36173
62,94,95,3.41598
62,94,109,54.69716
62,95,96,507.99259
62,95,110,374.32412
62,96,97,299.9857
62,96,111,7.99357
62,97,98,54.69716
62,97,112,70.24232
62,98,99,70.24232
62,98,113,605.57962
62,99,100,70.24232
62,99,114,174.37807
62,100,101,605.57962
62,100,115,26.6977
62,101,102,91.41125
62,101,116,70.24232
62,102,103,8.56871
62,102,117,249.3724
62,103,104,309.41469
62,103,118,91.41125
62,104,119,374.32412
62,105,106,91.41125
62,105,120,73.03888
62,106,107,3.41598
62,106,121,70.24232
62,107,108,7.99357
62,107,122,605.57962
62,108,109,142.46796
62,108,123,15.36173
62,109,110,8.56871
62,109,124,54.69716
62,110,111,832.71088
62,110,125,299.9857
62,111,112,33.19246
62,111,126,73.03888
62,112,113,832.71088
62,112,127,730.0
62,113,114,33.19246
62,113,128,109.87283
62,114,115,1125.02321
62,114,129,249.3724
62,115,116,73.03888
62,115,130,33.19246
62,116,117,1163.92231
62,116,131,730.0
62,117,118,91.41125
62,117,132,832.71088
62,118,119,19.46132
62,118,133,35.22989
62,119,134,26.6977
62,120,121,15.36173
62,120,135,730.0
62,121,122,70.24232
62,121,136,19.46132
62,122,123,1163.92231
62,122,137,374.32412
62,123,124,54.69716
62,123,138,33.19246
62,124,125,1163.92231
62,124,139,730.0
62,125,126,91.41125
62,125,140,359.27745
62,126,127,35.22989
62,126,141,26.6977
62,127,128,135.78529
62,127,142,91.41125
62,128,129,135.78529
62,128,143,26.6977
62,129,130,359.27745
62,129,144,507.99259
62,130,131,1125.02321
62,130,145,212.30564
62,131,132,26.6977
62,131,146,299.9857
62,132,133,832.71088
62,132,147,54.69716
62,133,134,309.41469
62,133,148,359.27745
62,134,149,54.69716
62,135,136,1738.70972
62,135,150,3.41598
62,136,137,35.22989
62,136,151,730.0
62,137,138,135.78529
62,137,152,109.87283
62,138,139,91.41125
62,138,153,1738.70972
62,139,140,70.24232
62,139,154,832.71088
62,140,141,309.41469
62,140,155,166.45573
62,141,142,1738.70972
62,141,156,832.71088
62,142,143,212.30564
62,142,157,359.27745
62,143,144,374.32412
62,143,158,730.0
62,144,145,33.19246
62,144,159,730.0
62,145,146,73.03888
62,145,160,374.32412
62,146,147,33.19246
62,146,161,135.78529
62,147,148,73.03888
62,147,162,299.9857
62,148,149,26.6977
62,148,163,109.87283
62,149,164,73.03888
62,150,151,15.36173
62,150,165,26.6977
62,151,152,359.27745
62,151,166,26.6977
62,152,153,57.81127
62,152,167,832.71088
62,153,154,1125.02321
62,153,168,1125.02321
62,154,155,15.36173
62,154,169,832.71088
62,155,156,35.22989
62,155,170,212.30564
62,156,157,166.45573
62,156,171,309.41469
62,157,158,7.99357
62,157,172,35.22989
62,158,159,605.57962
62,158,173,1738.70972
62,159,160,33.19246
62,159,174,3.41598
62,160,161,299.9857
62,160,175,359.27745
62,161,162,374.32412
62,161,176,70.24232
62,162,163,7.99357
62,162,177,91.41125
62,163,164,142.46796
62,163,178,7.99357
62,164,179,249.3724
62,165,166,19.46132
62,165,180,212.30564
62,166,167,3.41598
62,166,181,70.24232
62,167,168,15.36173
62,167,182,19.46132
62,168,169,605.57962
62,168,183,166.45573
62,169,170,832.71088
62,169,184,174.37807
62,170,171,1738.70972
62,170,185,174.37807
62,171,172,35.22989
62,171,186,299.9857
62,172,173,309.41469
62,172,187,70.24232
62,173,174,57.81127
62,173,188,359.27745
62,174,175,33.19246
62,174,189,359.27745
62,175,176,730.0
62,175,190,174.37807
62,176,177,15.36173
62,176,191,70.24232
62,177,178,730.0
62,177,192,15.36173
62,178,179,57.81127
62,178,193,174.37807
62,179,194,299.9857
62,180,181,1125.02321
62,180,195,3.41598
62,181,182,1125.02321
62,181,196,528.06835
62,182,183,359.27745
62,182,197,8.56871
62,183,184,8.56871
62,183,198,1163.92231
62,184,185,507.99259
62,184,199,1738.70972
62,185,186,7.99357
62,185,200,135.78529
62,186,187,57.81127
62,186,201,1738.70972
62,187,188,142.46796
62,187,202,7.99357
62,188,189,299.9857
62,188,203,359.27745
62,189,190,212.30564
62,189,204,730.0
62,190,191,70.24232
62,190,205,299.9857
62,191,192,54.69716
62,191,206,26.6977
62,192,193,142.46796
62,192,207,1163.92231
62,193,194,70.24232
62,193,208,33.19246
62,194,209,35.22989
62,195,196,33.19246
62,195,210,212.30564
62,196,197,359.27745
62,196,211,359.27745
62,197,198,309.41469
62,197,212,507.99259
62,198,199,1125.02321
62,198,213,35.22989
62,199,200,19.46132
62,199,214,166.45573
62,200,201,212.30564
62,200,215,507.99259
62,201,202,15.36173
62,201,216,605.57962
62,202,203,57.81127
62,202,217,91.41125
62,203,204,54.69716
62,203,218,1163.92231
62,204,205,212.30564
62,204,219,91.41125
62,205,206,19.46132
62,205,220,359.27745
62,206,207,135.78529
62,206,221,374.32412
62,207,208,166.45573
62,207,222,528.06835
62,208,209,1738.70972
62,208,223,374.32412
62,209,224,73.03888
62,210,211,1163.92231
62,211,212,8.56871
62,212,213,309.41469
62,213,214,1738.70972
62,214,215,142.46796
62,215,216,8.56871
62,216,217,109.87283
62,217,218,832.71088
62,218,219,359.27745
62,219,220,730.0
62,220,221,507.99259
62,221,222,15.36173
62,222,223,528.06835
62,223,224,54.69716
63,0,1,4168.77137
63,0,15,4523.63536
63,1,2,2171.88192
63,1,16,425.97615
63,2,3,4523.63536
63,2,17,4168.77137
63,3,4,1741.40099
63,3,18,6661.49538
63,4,5,479.7648
63,4,19,3327.07733
63,5,6,6661.49538
63,5,20,1354.78011
63,6,7,653.38709
63,6,21,1533.13551
63,7,8,751.11562
63,7,22,425.97615
63,8,9,1741.40099
63,8,23,425.97615
63,9,10,3357.22038
63,9,24,645.69778
63,10,11,228.60398
63,10,25,730.0
63,11,12,1980.2242
63,11,26,1980.2242
63,12,13,653.38709
63,12,27,730.0
63,13,14,6661.49538
63,13,28,2984.7098
63,14,29,1741.40099
63,15,16,1980.2242
63,15,30,425.97615
63,16,17,7184.62525
63,16,31,4523.63536
63,17,18,4168.77137
63,17,32,1095.42182
63,18,19,2171.88192
63,18,33,3357.22038
63,19,20,2734.39807
63,19,34,3052.87192
63,20,21,3327.07733
63,20,35,645.69778
63,21,22,479.7648
63,21,36,6661.49538
63,22,23,1354.78011
63,22,37,1095.42182
63,23,24,1741.40099
63,23,38,4523.63536
63,24,25,3327.07733
63,24,39,4523.63536
63,25,26,4168.77137
63,25,40,3653.86225
63,26,27,1095.42182
63,26,41,3653.86225
63,27,28,645.69778
63,27,42,7184.62525
63,28,29,2984.7098
63,28,43,1095.42182
63,29,44,751.11562
63,30,31,1960.81947
63,30,45,2984.7098
63,31,32,2984.7098
63,31,46,2734.39807
63,32,33,228.60398
63,32,47,1354.78011
63,33,34,1390.10761
63,33,48,3052.87192
63,34,35,653.38709
63,34,49,645.69778
63,35,36,1095.42182
63,35,50,653.38709
63,36,37,1212.87231
63,36,51,3327.07733
63,37,38,2734.39807
63,37,52,2734.39807
63,38,39,837.08688
63,38,53,1225.87671
63,39,40,3653.86225
63,39,54,228.60398
63,40,41,3357.22038
63,40,55,1354.78011
63,41,42,2171.88192
63,41,56,2984.7098
63,42,43,3357.22038
63,42,57,645.69778
63,43,44,2171.88192
63,43,58,2171.88192
63,44,59,2984.7098
63,45,46,1980.2242
63,45,60,1582.21084
63,46,47,653.38709
63,46,61,4168.77137
63,47,48,2171.88192
63,47,62,1960.81947
63,48,49,425.97615
63,48,63,1960.81947
63,49,50,1095.42182
63,49,64,653.38709
63,50,51,7184.62525
63,50,65,6661.49538
63,51,52,837.08688
63,51,66,645.69778
63,52,53,425.97615
63,52,67,3327.07733
63,53,54,645.69778
63,53,68,645.69778
63,54,55,3653.86225
63,54,69,2171.88192
63,55,56,6661.49538
63,55,70,3357.22038
63,56,57,1225.87671
63,56,71,576.60777
63,57,58,1354.78011
63,57,72,751.11562
63,58,59,1960.81947
63,58,73,1212.87231
63,59,74,1212.87231
63,60,61,199.84553
63,60,75,576.60777
63,61,62,4523.63536
63,61,76,2984.7098
63,62,63,2171.88192
63,62,77,199.84553
63,63,64,1212.87231
63,63,78,7184.62525
63,64,65,3653.86225
63,64,79,2734.39807
63,65,66,730.0
63,65,80,3653.86225
63,66,67,1582.21084
63,66,81,479.7648
63,67,68,7184.62525
63,67,82,3052.87192
63,68,69,7184.62525
63,68,83,1390.10761
63,69,70,576.60777
63,69,84,653.38709
63,70,71,1582.21084
63,70,85,2171.88192
63,71,72,837.08688
63,71,86,1095.42182
63,72,73,1225.87671
63,72,87,751.11562
63,73,74,2984.7098
63,73,88,3653.86225
63,74,89,2734.39807
63,75,76,2171.88192
63,75,90,1980.2242
63,76,77,228.60398
63,76,91,425.97615
63,77,78,199.84553
63,77,92,751.11562
63,78,79,6661.49538
63,78,93,1582.21084
63,79,80,7184.62525
63,79,94,3653.86225
63,80,81,1390.10761
63,80,95,1582.21084
63,81,82,6661.49538
63,81,96,425.97615
63,82,83,1784.93603
63,82,97,1533.13551
63,83,84,2984.7098
63,83,98,1225.87671
63,84,85,228.60398
63,84,99,1390.10761
63,85,86,645.69778
63,85,100,751.11562
63,86,87,4523.63536
63,86,101,3357.22038
63,87,88,3653.86225
63,87,102,653.38709
63,88,89,3327.07733
63,88,103,7184.62525
63,89,104,1225.87671
63,90,91,3327.07733
63,90,105,1225.87671
63,91,92,7184.62525
63,91,106,653.38709
63,92,93,4168.77137
63,92,107,837.08688
63,93,94,645.69778
63,93,108,837.08688
63,94,95,1960.81947
63,94,109,4168.77137
63,95,96,1582.21084
63,95,110,479.7648
63,96,97,3357.22038
63,96,111,1784.93603
63,97,98,4168.77137
63,97,112,1390.10761
63,98,99,1390.10761
63,98,113,425.97615
63,99,100,1390.10761
63,99,114,3653.86225
63,100,101,425.97615
63,100,115,4523.63536
63,101,102,2171.88192
63,101,116,1390.10761
63,102,103,3327.07733
63,102,117,1095.42182
63,103,104,1741.40099
63,103,118,2171.88192
63,104,119,479.7648
63,105,106,2171.88192
63,105,120,645.69778
63,106,107,1960.81947
63,106,121,1390.10761
63,107,108,1784.93603
63,107,122,425.97615
63,108,109,1212.87231
63,108,123,837.08688
63,109,110,3327.07733
63,109,124,4168.77137
63,110,111,2734.39807
63,110,125,3357.22038
63,111,112,751.11562
63,111,126,645.69778
63,112,113,2734.39807
63,112,127,730.0
63,113,114,751.11562
63,113,128,6661.49538
63,114,115,653.38709
63,114,129,1095.42182
63,115,116,645.69778
63,115,130,751.11562
63,116,117,1354.78011
63,116,131,730.0
63,117,118,2171.88192
63,117,132,2734.39807
63,118,119,3052.87192
63,118,133,1533.13551
63,119,134,4523.63536
63,120,121,837.08688
63,120,135,730.0
63,121,122,1390.10761
63,121,136,3052.87192
63,122,123,1354.78011
63,122,137,479.7648
63,123,124,4168.77137
63,123,138,751.11562
63,124,125,1354.78011
63,124,139,730.0
63,125,126,2171.88192
63,125,140,199.84553
63,126,127,1533.13551
63,126,141,4523.63536
63,127,128,576.60777
63,127,142,2171.88192
63,128,129,576.60777
63,128,143,4523.63536
63,129,130,199.84553
63,129,144,1582.21084
63,130,131,653.38709
63,130,145,228.60398
63,131,132,4523.63536
63,131,146,3357.22038
63,132,133,2734.39807
63,132,147,4168.77137
63,133,134,1741.40099
63,133,148,199.84553
63,134,149,4168.77137
63,135,136,1225.87671
63,135,150,1960.81947
63,136,137,1533.13551
63,136,151,730.0
63,137,138,576.60777
63,137,152,6661.49538
63,138,139,2171.88192
63,138,153,1225.87671
63,139,140,1390.10761
63,139,154,2734.39807
63,140,141,1741.40099
63,140,155,1980.2242
63,141,142,1225.87671
63,141,156,2734.39807
63,142,143,228.60398
63,142,157,199.84553
63,143,144,479.7648
63,143,158,730.0
63,144,145,751.11562
63,144,159,730.0
63,145,146,645.69778
63,145,160,479.7648
63,146,147,751.11562
63,146,161,576.60777
63,147,148,645.69778
63,147,162,3357.22038
63,148,149,4523.63536
63,148,163,6661.49538
63,149,164,645.69778
63,150,151,837.08688
63,150,165,4523.63536
63,151,152,199.84553
63,151,166,4523.63536
63,152,153,7184.62525
63,152,167,2734.39807
63,153,154,653.38709
63,153,168,653.38709
63,154,155,837.08688
63,154,169,2734.39807
63,155,156,1533.13551
63,155,170,228.60398
63,156,157,1980.2242
63,156,171,1741.40099
63,157,158,1784.93603
63,157,172,1533.13551
63,158,159,425.97615
63,158,173,1225.87671
63,159,160,751.11562
63,159,174,1960.81947
63,160,161,3357.22038
63,160,175,199.84553
63,161,162,479.7648
63,161,176,1390.10761
63,162,163,1784.93603
63,162,177,2171.88192
63,163,164,1212.87231
63,163,178,1784.93603
63,164,179,1095.42182
63,165,166,3052.87192
63,165,180,228.60398
63,166,167,1960.81947
63,166,181,1390.10761
63,167,168,837.08688
63,167,182,3052.87192
63,168,169,425.97615
63,168,183,1980.2242
63,169,170,2734.39807
63,169,184,3653.86225
63,170,171,1225.87671
63,170,185,3653.86225
63,171,172,1533.13551
63,171,186,3357.22038
63,172,173,1741.40099
63,172,187,1390.10761
63,173,174,7184.62525
63,173,188,199.84553
63,174,175,751.11562
63,174,189,199.84553
63,175,176,730.0
63,175,190,3653.86225
63,176,177,837.08688
63,176,191,1390.10761
63,177,178,730.0
63,177,192,837.08688
63,178,179,7184.62525
63,178,193,3653.86225
63,179,194,3357.22038
63,180,181,653.38709
63,180,195,1960.81947
63,181,182,653.38709
63,181,196,2984.7098
63,182,183,199.84553
63,182,197,3327.07733
63,183,184,3327.07733
63,183,198,1354.78011
63,184,185,1582.21084
63,184,199,1225.87671
63,185,186,1784.93603
63,185,200,576.60777
63,186,187,7184.62525
63,186,201,1225.87671
63,187,188,1212.87231
63,187,202,1784.93603
63,188,189,3357.22038
63,188,203,199.84553
63,189,190,228.60398
63,189,204,730.0
63,190,191,1390.10761
63,190,205,3357.22038
63,191,192,4168.77137
63,191,206,4523.63536
63,192,193,1212.87231
63,192,207,1354.78011
63,193,194,1390.10761
63,193,208,751.11562
63,194,209,1533.13551
63,195,196,751.11562
63,195,210,228.60398
63,196,197,199.84553
63,196,211,199.84553
63,197,198,1741.40099
63,197,212,1582.21084
63,198,199,653.38709
63,198,213,1533.13551
63,199,200,3052.87192
63,199,214,1980.2242
63,200,201,228.60398
63,200,215,1582.21084
63,201,202,837.08688
63,201,216,425.97615
63,202,203,7184.62525
63,202,217,2171.88192
63,203,204,4168.77137
63,203,218,1354.78011
63,204,205,228.60398
63,204,219,2171.88192
63,205,206,3052.87192
63,205,220,199.84553
63,206,207,576.60777
63,206,221,479.7648
63,207,208,1980.2242
63,207,222,2984.7098
63,208,209,1225.87671
63,208,223,479.7648
63,209,224,645.69778
63,210,211,1354.78011
63,211,212,3327.07733
63,212,213,1741.40099
63,213,214,1225.87671
63,214,215,1212.87231
63,215,216,3327.07733
63,216,217,6661.49538
63,217,218,2734.39807
63,218,219,199.84553
63,219,220,730.0
63,220,221,1582.21084
63,221,222,837.08688
63,222,223,2984.7098
63,223,224,4168.77137
64,0,1,1261.46787
64,0,15,673.25007
64,1,2,1213.86854
64,1,16,159.75049
64,2,3,673.25007
64,2,17,1261.46787
64,3,4,383.37367
64,3,18,140.31983
64,4,5,65.00584
64,4,19,57.65595
64,5,6,140.31983
64,5,20,63.13974
64,6,7,1356.96591
64,6,21,136.26517
64,7,8,2186.49203
64,7,22,159.75049
64,8,9,383.37367
64,8,23,159.75049
64,9,10,297.82053
64,9,24,391.82896
64,10,11,744.46295
64,10,25,730.0
64,11,12,2150.92218
64,11,26,2150.92218
64,12,13,1356.96591
64,12,27,730.0
64,13,14,140.31983
64,13,28,23.83037
64,14,29,383.37367
64,15,16,2150.92218
64,15,30,159.75049
64,16,17,55.97064
64,16,31,673.25007
64,17,18,1261.46787
64,17,32,69.14934
64,18,19,1213.86854
64,18,33,297.82053
64,19,20,67.18285
64,19,34,143.97124
64,20,21,57.65595
64,20,35,391.82896
64,21,22,65.00584
64,21,36,140.31983
64,22,23,63.13974
64,22,37,69.14934
64,23,24,383.37367
64,23,38,673.25007
64,24,25,57.65595
64,24,39,673.25007
64,25,26,1261.46787
64,25,40,132.77888
64,26,27,69.14934
64,26,41,132.77888
64,27,28,391.82896
64,27,42,55.97064
64,28,29,23.83037
64,28,43,69.14934
64,29,44,2186.49203
64,30,31,686.77002
64,30,45,23.83037
64,31,32,23.83037
64,31,46,67.18285
64,32,33,744.46295
64,32,47,63.13974
64,33,34,304.6697
64,33,48,143.97124
64,34,35,1356.96591
64,34,49,391.82896
64,35,36,69.14934
64,35,50,1356.96591
64,36,37,24.64232
64,36,51,57.65595
64,37,38,67.18285
64,37,52,67.18285
64,38,39,1235.95905
64,38,53,155.76548
64,39,40,132.77888
64,39,54,744.46295
64,40,41,297.82053
64,40,55,63.13974
64,41,42,1213.86854
64,41,56,23.83037
64,42,43,297.82053
64,42,57,391.82896
64,43,44,1213.86854
64,43,58,1213.86854
64,44,59,23.83037
64,45,46,2150.92218
64,45,60,761.18759
64,46,47,1356.96591
64,46,61,1261.46787
64,47,48,1213.86854
64,47,62,686.77002
64,48,49,159.75049
64,48,63,686.77002
64,49,50,69.14934
64,49,64,1356.96591
64,50,51,55.97064
64,50,65,140.31983
64,51,52,1235.95905
64,51,66,391.82896
64,52,53,159.75049
64,52,67,57.65595
64,53,54,391.82896
64,53,68,391.82896
64,54,55,132.77888
64,54,69,1213.86854
64,55,56,140.31983
64,55,70,297.82053
64,56,57,155.76548
64,56,71,776.16349
64,57,58,63.13974
64,57,72,2186.49203
64,58,59,686.77002
64,58,73,24.64232
64,59,74,24.64232
64,60,61,1381.20453
64,60,75,776.16349
64,61,62,673.25007
64,61,76,23.83037
64,62,63,1213.86854
64,62,77,1381.20453
64,63,64,24.64232
64,63,78,55.97064
64,64,65,132.77888
64,64,79,67.18285
64,65,66,730.0
64,65,80,132.77888
64,66,67,761.18759
64,66,81,65.00584
64,67,68,55.97064
64,67,82,143.97124
64,68,69,55.97064
64,68,83,304.6697
64,69,70,776.16349
64,69,84,1356.96591
64,70,71,761.18759
64,70,85,1213.86854
64,71,72,1235.95905
64,71,86,69.14934
64,72,73,155.76548
64,72,87,2186.49203
64,73,74,23.83037
64,73,88,132.77888
64,74,89,67.18285
64,75,76,1213.86854
64,75,90,2150.92218
64,76,77,744.46295
64,76,91,159.75049
64,77,78,1381.20453
64,77,92,2186.49203
64,78,79,140.31983
64,78,93,761.18759
64,79,80,55.97064
64,79,94,132.77888
64,80,81,304.6697
64,80,95,761.18759
64,81,82,140.31983
64,81,96,159.75049
64,82,83,1284.2774
64,82,97,136.26517
64,83,84,23.83037
64,83,98,155.76548
64,84,85,744.46295
64,84,99,304.6697
64,85,86,391.82896
64,85,100,2186.49203
64,86,87,673.25007
64,86,101,297.82053
64,87,88,132.77888
64,87,102,1356.96591
64,88,89,57.65595
64,88,103,55.97064
64,89,104,155.76548
64,90,91,57.65595
64,90,105,155.76548
64,91,92,55.97064
64,91,106,1356.96591
64,92,93,1261.46787
64,92,107,1235.95905
64,93,94,391.82896
64,93,108,1235.95905
64,94,95,686.77002
64,94,109,1261.46787
64,95,96,761.18759
64,95,110,65.00584
64,96,97,297.82053
64,96,111,1284.2774
64,97,98,1261.46787
64,97,112,304.6697
64,98,99,304.6697
64,98,113,159.75049
64,99,100,304.6697
64,99,114,132.77888
64,100,101,159.75049
64,100,115,673.25007
64,101,102,1213.86854
64,101,116,304.6697
64,102,103,57.65595
64,102,117,69.14934
64,103,104,383.37367
64,103,118,1213.86854
64,104,119,65.00584
64,105,106,1213.86854
64,105,120,391.82896
64,106,107,686.77002
64,106,121,304.6697
64,107,108,1284.2774
64,107,122,159.75049
64,108,109,24.64232
64,108,123,1235.95905
64,109,110,57.65595
64,109,124,1261.46787
64,110,111,67.18285
64,110,125,297.82053
64,111,112,2186.49203
64,111,126,391.82896
64,112,113,67.18285
64,112,127,730.0
64,113,114,2186.49203
64,113,128,140.31983
64,114,115,1356.96591
64,114,129,69.14934
64,115,116,391.82896
64,115,130,2186.49203
64,116,117,63.13974
64,116,131,730.0
64,117,118,1213.86854
64,117,132,67.18285
64,118,119,143.97124
64,118,133,136.26517
64,119,134,673.25007
64,120,121,1235.95905
64,120,135,730.0
64,121,122,304.6697
64,121,136,143.97124
64,122,123,63.13974
64,122,137,65.00584
64,123,124,1261.46787
64,123,138,2186.49203
64,124,125,63.13974
64,124,139,730.0
64,125,126,1213.86854
64,125,140,1381.20453
64,126,127,136.26517
64,126,141,673.25007
64,127,128,776.16349
64,127,142,1213.86854
64,128,129,776.16349
64,128,143,673.25007
64,129,130,1381.20453
64,129,144,761.18759
64,130,131,1356.96591
64,130,145,744.46295
64,131,132,673.25007
64,131,146,297.82053
64,132,133,67.18285
64,132,147,1261.46787
64,133,134,383.37367
64,133,148,1381.20453
64,134,149,1261.46787
64,135,136,155.76548
64,135,150,686.77002
64,136,137,136.26517
64,136,151,730.0
64,137,138,776.16349
64,137,152,140.31983
64,138,139,1213.86854
64,138,153,155.76548
64,139,140,304.6697
64,139,154,67.18285
64,140,141,383.37367
64,140,155,2150.92218
64,141,142,155.76548
64,141,156,67.18285
64,142,143,744.46295
64,142,157,1381.20453
64,143,144,65.00584
64,143,158,730.0
64,144,145,2186.49203
64,144,159,730.0
64,145,146,391.82896
64,145,160,65.00584
64,146,147,2186.49203
64,146,161,776.16349
64,147,148,391.82896
64,147,162,297.82053
64,148,149,673.25007
64,148,163,140.31983
64,149,164,391.82896
64,150,151,1235.95905
64,150,165,673.25007
64,151,152,1381.20453
64,151,166,673.25007
64,152,153,55.97064
64,152,167,67.18285
64,153,154,1356.96591
64,153,168,1356.96591
64,154,155,1235.95905
64,154,169,67.18285
64,155,156,136.26517
64,155,170,744.46295
64,156,157,2150.92218
64,156,171,383.37367
64,157,158,1284.2774
64,157,172,136.26517
64,158,159,159.75049
64,158,173,155.76548
64,159,160,2186.49203
64,159,174,686.77002
64,160,161,297.82053
64,160,175,1381.20453
64,161,162,65.00584
64,161,176,304.6697
64,162,163,1284.2774
64,162,177,1213.86854
64,163,164,24.64232
64,163,178,1284.2774
64,164,179,69.14934
64,165,166,143.97124
64,165,180,744.46295
64,166,167,686.77002
64,166,181,304.6697
64,167,168,1235.95905
64,167,182,143.97124
64,168,169,159.75049
64,168,183,2150.92218
64,169,170,67.18285
64,169,184,132.77888
64,170,171,155.76548
64,170,185,132.77888
64,171,172,136.26517
64,171,186,297.82053
64,172,173,383.37367
64,172,187,304.6697
64,173,174,55.97064
64,173,188,1381.20453
64,174,175,2186.49203
64,174,189,1381.20453
64,175,176,730.0
64,175,190,132.77888
64,176,177,1235.95905
64,176,191,304.6697
64,177,178,730.0
64,177,192,1235.95905
64,178,179,55.97064
64,178,193,132.77888
64,179,194,297.82053
64,180,181,1356.96591
64,180,195,686.77002
64,181,182,1356.96591
64,181,196,23.83037
64,182,183,1381.20453
64,182,197,57.65595
64,183,184,57.65595
64,183,198,63.13974
64,184,185,761.18759
64,184,199,155.76548
64,185,186,1284.2774
64,185,200,776.16349
64,186,187,55.97064
64,186,201,155.76548
64,187,188,24.64232
64,187,202,1284.2774
64,188,189,297.82053
64,188,203,1381.20453
64,189,190,744.46295
64,189,204,730.0
64,190,191,304.6697
64,190,205,297.82053
64,191,192,1261.46787
64,191,206,673.25007
64,192,193,24.64232
64,192,207,63.13974
64,193,194,304.6697
64,193,208,2186.49203
64,194,209,136.26517
64,195,196,2186.49203
64,195,210,744.46295
64,196,197,1381.20453
64,196,211,1381.20453
64,197,198,383.37367
64,197,212,761.18759
64,198,199,1356.96591
64,198,213,136.26517
64,199,200,143.97124
64,199,214,2150.92218
64,200,201,744.46295
64,200,215,761.18759
64,201,202,1235.95905
64,201,216,159.75049
64,202,203,55.97064
64,202,217,1213.86854
64,203,204,1261.46787
64,203,218,63.13974
64,204,205,744.46295
64,204,219,1213.86854
64,205,206,143.97124
64,205,220,1381.20453
64,206,207,776.16349
64,206,221,65.00584
64,207,208,2150.92218
64,207,222,23.83037
64,208,209,155.76548
64,208,223,65.00584
64,209,224,391.82896
64,210,211,63.13974
64,211,212,57.65595
64,212,213,383.37367
64,213,214,155.76548
64,214,215,24.64232
64,215,216,57.65595
64,216,217,140.31983
64,217,218,67.18285
64,218,219,1381.20453
64,219,220,730.0
64,220,221,761.18759
64,221,222,1235.95905
64,222,223,23.83037
64,223,224,1261.46787
65,0,1,1974.23654
65,0,15,1470.0715
65,1,2,928.72303
65,1,16,84.64705
65,2,3,1470.0715
65,2,17,1974.23654
65,3,4,1176.48788
65,3,18,674.46991
65,4,5,51.30363
65,4,19,146.33611
65,5,6,674.46991
65,5,20,201.39649
65,6,7,1015.62886
65,6,21,73.99171
65,7,8,477.93052
65,7,22,84.64705
65,8,9,1176.48788
65,8,23,84.64705
65,9,10,398.86229
65,9,24,434.36191
65,10,11,246.4627
65,10,25,730.0
65,11,12,1275.94356
65,11,26,1275.94356
65,12,13,1015.62886
65,12,27,730.0
65,13,14,674.46991
65,13,28,361.44729
65,14,29,1176.48788
65,15,16,1275.94356
65,15,30,84.64705
65,16,17,473.37041
65,16,31,1470.0715
65,17,18,1974.23654
65,17,32,165.13378
65,18,19,928.72303
65,18,33,398.86229
65,19,20,523.11178
65,19,34,224.19113
65,20,21,146.33611
65,20,35,434.36191
65,21,22,51.30363
65,21,36,674.46991
65,22,23,201.39649
65,22,37,165.13378
65,23,24,1176.48788
65,23,38,1470.0715
65,24,25,146.33611
65,24,39,1470.0715
65,25,26,1974.23654
65,25,40,270.84097
65,26,27,165.13378
65,26,41,270.84097
65,27,28,434.36191
65,27,42,473.37041
65,28,29,361.44729
65,28,43,165.13378
65,29,44,477.93052
65,30,31,564.40021
65,30,45,361.44729
65,31,32,361.44729
65,31,46,523.11178
65,32,33,246.4627
65,32,47,201.39649
65,33,34,118.85686
65,33,48,224.19113
65,34,35,1015.62886
65,34,49,434.36191
65,35,36,165.13378
65,35,50,1015.62886
65,36,37,105.40571
65,36,51,146.33611
65,37,38,523.11178
65,37,52,523.11178
65,38,39,328.34757
65,38,53,302.16401
65,39,40,270.84097
65,39,54,246.4627
65,40,41,398.86229
65,40,55,201.39649
65,41,42,928.72303
65,41,56,361.44729
65,42,43,398.86229
65,42,57,434.36191
65,43,44,928.72303
65,43,58,928.72303
65,44,59,361.44729
65,45,46,1275.94356
65,45,60,1597.18629
65,46,47,1015.62886
65,46,61,1974.23654
65,47,48,928.72303
65,47,62,564.40021
65,48,49,84.64705
65,48,63,564.40021
65,49,50,165.13378
65,49,64,1015.62886
65,50,51,473.37041
65,50,65,674.46991
65,51,52,328.34757
65,51,66,434.36191
65,52,53,84.64705
65,52,67,146.33611
65,53,54,434.36191
65,53,68,434.36191
65,54,55,270.84097
65,54,69,928.72303
65,55,56,674.46991
65,55,70,398.86229
65,56,57,302.16401
65,56,71,621.93974
65,57,58,201.39649
65,57,72,477.93052
65,58,59,564.40021
65,58,73,105.40571
65,59,74,105.40571
65,60,61,365.08801
65,60,75,621.93974
65,61,62,1470.0715
65,61,76,361.44729
65,62,63,928.72303
65,62,77,365.08801
65,63,64,105.40571
65,63,78,473.37041
65,64,65,270.84097
65,64,79,523.11178
65,65,66,730.0
65,65,80,270.84097
65,66,67,1597.18629
65,66,81,51.30363
65,67,68,473.37041
65,67,82,224.19113
65,68,69,473.37041
65,68,83,118.85686
65,69,70,621.93974
65,69,84,1015.62886
65,70,71,1597.18629
65,70,85,928.72303
65,71,72,328.34757
65,71,86,165.13378
65,72,73,302.16401
65,72,87,477.93052
65,73,74,361.44729
65,73,88,270.84097
65,74,89,523.11178
65,75,76,928.72303
65,75,90,1275.94356
65,76,77,246.4627
65,76,91,84.64705
65,77,78,365.08801
65,77,92,477.93052
65,78,79,674.46991
65,78,93,1597.18629
65,79,80,473.37041
65,79,94,270.84097
65,80,81,118.85686
65,80,95,1597.18629
65,81,82,674.46991
65,81,96,84.64705
65,82,83,796.2794
65,82,97,73.99171
65,83,84,361.44729
65,83,98,302.16401
65,84,85,246.4627
65,84,99,118.85686
65,85,86,434.36191
65,85,100,477.93052
65,86,87,1470.0715
65,86,101,398.86229
65,87,88,270.84097
65,87,102,1015.62886
65,88,89,146.33611
65,88,103,473.37041
65,89,104,302.16401
65,90,91,146.33611
65,90,105,302.16401
65,91,92,473.37041
65,91,106,1015.62886
65,92,93,1974.23654
65,92,107,328.34757
65,93,94,434.36191
65,93,108,328.34757
65,94,95,564.40021
65,94,109,1974.23654
65,95,96,1597.18629
65,95,110,51.30363
65,96,97,398.86229
65,96,111,796.2794
65,97,98,1974.23654
65,97,112,118.85686
65,98,99,118.85686
65,98,113,84.64705
65,99,100,118.85686
65,99,114,270.84097
65,100,101,84.64705
65,100,115,1470.0715
65,101,102,928.72303
65,101,116,118.85686
65,102,103,146.33611
65,102,117,165.13378
65,103,104,1176.48788
65,103,118,928.72303
65,104,119,51.30363
65,105,106,928.72303
65,105,120,434.36191
65,106,107,564.40021
65,106,121,118.85686
65,107,108,796.2794
65,107,122,84.64705
65,108,109,105.40571
65,108,123,328.34757
65,109,110,146.33611
65,109,124,1974.23654
65,110,111,523.11178
65,110,125,398.86229
65,111,112,477.93052
65,111,126,434.36191
65,112,113,523.11178
65,112,127,730.0
65,113,114,477.93052
65,113,128,674.46991
65,114,115,1015.62886
65,114,129,165.13378
65,115,116,434.36191
65,115,130,477.93052
65,116,117,201.39649
65,116,131,730.0
65,117,118,928.72303
65,117,132,523.11178
65,118,119,224.19113
65,118,133,73.99171
65,119,134,1470.0715
65,120,121,328.34757
65,120,135,730.0
65,121,122,118.85686
65,121,136,224.19113
65,122,123,201.39649
65,122,137,51.30363
65,123,124,1974.23654
65,123,138,477.93052
65,124,125,201.39649
65,124,139,730.0
65,125,126,928.72303
65,125,140,365.08801
65,126,127,73.99171
65,126,141,1470.0715
65,127,128,621.93974
65,127,142,928.72303
65,128,129,621.93974
65,128,143,1470.0715
65,129,130,365.08801
65,129,144,1597.18629
65,130,131,1015.62886
65,130,145,246.4627
65,131,132,1470.0715
65,131,146,398.86229
65,132,133,523.11178
65,132,147,1974.23654
65,133,134,1176.48788
65,133,148,365.08801
65,134,149,1974.23654
65,135,136,302.16401
65,135,150,564.40021
65,136,137,73.99171
65,136,151,730.0
65,137,138,621.93974
65,137,152,674.46991
65,138,139,928.72303
65,138,153,302.16401
65,139,140,118.85686
65,139,154,523.11178
65,140,141,1176.48788
65,140,155,1275.94356
65,141,142,302.16401
65,141,156,523.11178
65,142,143,246.4627
65,142,157,365.08801
65,143,144,51.30363
65,143,158,730.0
65,144,145,477.93052
65,144,159,730.0
65,145,146,434.36191
65,145,160,51.30363
65,146,147,477.93052
65,146,161,621.93974
65,147,148,434.36191
65,147,162,398.86229
65,148,149,1470.0715
65,148,163,674.46991
65,149,164,434.36191
65,150,151,328.34757
65,150,165,1470.0715
65,151,152,365.08801
65,151,166,1470.0715
65,152,153,473.37041
65,152,167,523.11178
65,153,154,1015.62886
65,153,168,1015.62886
65,154,155,328.34757
65,154,169,523.11178
65,155,156,73.99171
65,155,170,246.4627
65,156,157,1275.94356
65,156,171,1176.48788
65,157,158,796.2794
65,157,172,73.99171
65,158,159,84.64705
65,158,173,302.16401
65,159,160,477.93052
65,159,174,564.40021
65,160,161,398.86229
65,160,175,365.08801
65,161,162,51.30363
65,161,176,118.85686
65,162,163,796.2794
65,162,177,928.72303
65,163,164,105.40571
65,163,178,796.2794
65,164,179,165.13378
65,165,166,224.19113
65,165,180,246.4627
65,166,167,564.40021
65,166,181,118.85686
65,167,168,328.34757
65,167,182,224.19113
65,168,169,84.64705
65,168,183,1275.94356
65,169,170,523.11178
65,169,184,270.84097
65,170,171,302.16401
65,170,185,270.84097
65,171,172,73.99171
65,171,186,398.86229
65,172,173,1176.48788
65,172,187,118.85686
65,173,174,473.37041
65,173,188,365.08801
65,174,175,477.93052
65,174,189,365.08801
65,175,176,730.0
65,175,190,270.84097
65,176,177,328.34757
65,176,191,118.85686
65,177,178,730.0
65,177,192,328.34757
65,178,179,473.37041
65,178,193,270.84097
65,179,194,398.86229
65,180,181,1015.62886
65,180,195,564.40021
65,181,182,1015.62886
65,181,196,361.44729
65,182,183,365.08801
65,182,197,146.33611
65,183,184,146.33611
65,183,198,201.39649
65,184,185,1597.18629
65,184,199,302.16401
65,185,186,796.2794
65,185,200,621.93974
65,186,187,473.37041
65,186,201,302.16401
65,187,188,105.40571
65,187,202,796.2794
65,188,189,398.86229
65,188,203,365.08801
65,189,190,246.4627
65,189,204,730.0
65,190,191,118.85686
65,190,205,398.86229
65,191,192,1974.23654
65,191,206,1470.0715
65,192,193,105.40571
65,192,207,201.39649
65,193,194,118.85686
65,193,208,477.93052
65,194,209,73.99171
65,195,196,477.93052
65,195,210,246.4627
65,196,197,365.08801
65,196,211,365.08801
65,197,198,1176.48788
65,197,212,1597.18629
65,198,199,1015.62886
65,198,213,73.99171
65,199,200,224.19113
65,199,214,1275.94356
65,200,201,246.4627
65,200,215,1597.18629
65,201,202,328.34757
65,201,216,84.64705
65,202,203,473.37041
65,202,217,928.72303
65,203,204,1974.23654
65,203,218,201.39649
65,204,205,246.4627
65,204,219,928.72303
65,205,206,224.19113
65,205,220,365.08801
65,206,207,621.93974
65,206,221,51.30363
65,207,208,1275.94356
65,207,222,361.44729
65,208,209,302.16401
65,208,223,51.30363
65,209,224,434.36191
65,210,211,201.39649
65,211,212,146.33611
65,212,213,1176.48788
65,213,214,302.16401
65,214,215,105.40571
65,215,216,146.33611
65,216,217,674.46991
65,217,218,523.11178
65,218,219,365.08801
65,219,220,730.0
65,220,221,1597.18629
65,221,222,328.34757
65,222,223,361.44729
65,223,224,1974.23654
66,0,1,2718.74367
66,0,15,3988.13165
66,1,2,1348.2403
66,1,16,725.44763
66,2,3,3988.13165
66,2,17,2718.74367
66,3,4,2399.7959
66,3,18,1956.36405
66,4,5,1164.8849
66,4,19,5691.96007
66,5,6,1956.36405
66,5,20,483.45102
66,6,7,436.90436
66,6,21,2059.45212
66,7,8,1902.10412
66,7,22,725.44763
66,8,9,2399.7959
66,8,23,725.44763
66,9,10,568.62161
66,9,24,4761.45091
66,10,11,1666.04685
66,10,25,730.0
66,11,12,849.58989
66,11,26,849.58989
66,12,13,436.90436
66,12,27,730.0
66,13,14,1956.36405
66,13,28,1714.64396
66,14,29,2399.7959
66,15,16,849.58989
66,15,30,725.44763
66,16,17,2930.2666
66,16,31,3988.13165
66,17,18,2718.74367
66,17,32,2387.50747
66,18,19,1348.2403
66,18,33,568.62161
66,19,20,1100.92202
66,19,34,3969.36178
66,20,21,5691.96007
66,20,35,4761.45091
66,21,22,1164.8849
66,21,36,1956.36405
66,22,23,483.45102
66,22,37,2387.50747
66,23,24,2399.7959
66,23,38,3988.13165
66,24,25,5691.96007
66,24,39,3988.13165
66,25,26,2718.74367
66,25,40,930.31838
66,26,27,2387.50747
66,26,41,930.31838
66,27,28,4761.45091
66,27,42,2930.2666
66,28,29,1714.64396
66,28,43,2387.50747
66,29,44,1902.10412
66,30,31,7506.42228
66,30,45,1714.64396
66,31,32,1714.64396
66,31,46,1100.92202
66,32,33,1666.04685
66,32,47,483.45102
66,33,34,1340.64382
66,33,48,3969.36178
66,34,35,436.90436
66,34,49,4761.45091
66,35,36,2387.50747
66,35,50,436.90436
66,36,37,3530.74641
66,36,51,5691.96007
66,37,38,1100.92202
66,37,52,1100.92202
66,38,39,2854.21892
66,38,53,278.62335
66,39,40,930.31838
66,39,54,1666.04685
66,40,41,568.62161
66,40,55,483.45102
66,41,42,1348.2403
66,41,56,1714.64396
66,42,43,568.62161
66,42,57,4761.45091
66,43,44,1348.2403
66,43,58,1348.2403
66,44,59,1714.64396
66,45,46,849.58989
66,45,60,1579.72636
66,46,47,436.90436
66,46,61,2718.74367
66,47,48,1348.2403
66,47,62,7506.42228
66,48,49,725.44763
66,48,63,7506.42228
66,49,50,2387.50747
66,49,64,436.90436
66,50,51,2930.2666
66,50,65,1956.36405
66,51,52,2854.21892
66,51,66,4761.45091
66,52,53,725.44763
66,52,67,5691.96007
66,53,54,4761.45091
66,53,68,4761.45091
66,54,55,930.31838
66,54,69,1348.2403
66,55,56,1956.36405
66,55,70,568.62161
66,56,57,278.62335
66,56,71,3283.42815
66,57,58,483.45102
66,57,72,1902.10412
66,58,59,7506.42228
66,58,73,3530.74641
66,59,74,3530.74641
66,60,61,1067.36782
66,60,75,3283.42815
66,61,62,3988.13165
66,61,76,1714.64396
66,62,63,1348.2403
66,62,77,1067.36782
66,63,64,3530.74641
66,63,78,2930.2666
66,64,65,930.31838
66,64,79,1100.92202
66,65,66,730.0
66,65,80,930.31838
66,66,67,1579.72636
66,66,81,1164.8849
66,67,68,2930.2666
66,67,82,3969.36178
66,68,69,2930.2666
66,68,83,1340.64382
66,69,70,3283.42815
66,69,84,436.90436
66,70,71,1579.72636
66,70,85,1348.2403
66,71,72,2854.21892
66,71,86,2387.50747
66,72,73,278.62335
66,72,87,1902.10412
66,73,74,1714.64396
66,73,88,930.31838
66,74,89,1100.92202
66,75,76,1348.2403
66,75,90,849.58989
66,76,77,1666.04685
66,76,91,725.44763
66,77,78,1067.36782
66,77,92,1902.10412
66,78,79,1956.36405
66,78,93,1579.72636
66,79,80,2930.2666
66,79,94,930.31838
66,80,81,1340.64382
66,80,95,1579.72636
66,81,82,1956.36405
66,81,96,725.44763
66,82,83,5322.87851
66,82,97,2059.45212
66,83,84,1714.64396
66,83,98,278.62335
66,84,85,1666.04685
66,84,99,1340.64382
66,85,86,4761.45091
66,85,100,1902.10412
66,86,87,3988.13165
66,86,101,568.62161
66,87,88,930.31838
66,87,102,436.90436
66,88,89,5691.96007
66,88,103,2930.2666
66,89,104,278.62335
66,90,91,5691.96007
66,90,105,278.62335
66,91,92,2930.2666
66,91,106,436.90436
66,92,93,2718.74367
66,92,107,2854.21892
66,93,94,4761.45091
66,93,108,2854.21892
66,94,95,7506.42228
66,94,109,2718.74367
66,95,96,1579.72636
66,95,110,1164.8849
66,96,97,568.62161
66,96,111,5322.87851
66,97,98,2718.74367
66,97,112,1340.64382
66,98,99,1340.64382
66,98,113,725.44763
66,99,100,1340.64382
66,99,114,930.31838
66,100,101,725.44763
66,100,115,3988.13165
66,101,102,1348.2403
66,101,116,1340.64382
66,102,103,5691.96007
66,102,117,2387.50747
66,103,104,2399.7959
66,103,118,1348.2403
66,104,119,1164.8849
66,105,106,1348.2403
66,105,120,4761.45091
66,106,107,7506.42228
66,106,121,1340.64382
66,107,108,5322.87851
66,107,122,725.44763
66,108,109,3530.74641
66,108,123,2854.21892
66,109,110,5691.96007
66,109,124,2718.74367
66,110,111,1100.92202
66,110,125,568.62161
66,111,112,1902.10412
66,111,126,4761.45091
66,112,113,1100.92202
66,112,127,730.0
66,113,114,1902.10412
66,113,128,1956.36405
66,114,115,436.90436
66,114,129,2387.50747
66,115,116,4761.45091
66,115,130,1902.10412
66,116,117,483.45102
66,116,131,730.0
66,117,118,1348.2403
66,117,132,1100.92202
66,118,119,3969.36178
66,118,133,2059.45212
66,119,134,3988.13165
66,120,121,2854.21892
66,120,135,730.0
66,121,122,1340.64382
66,121,136,3969.36178
66,122,123,483.45102
66,122,137,1164.8849
66,123,124,2718.74367
66,123,138,1902.10412
66,124,125,483.45102
66,124,139,730.0
66,125,126,1348.2403
66,125,140,1067.36782
66,126,127,2059.45212
66,126,141,3988.13165
66,127,128,3283.42815
66,127,142,1348.2403
66,128,129,3283.42815
66,128,143,3988.13165
66,129,130,1067.36782
66,129,144,1579.72636
66,130,131,436.90436
66,130,145,1666.04685
66,131,132,3988.13165
66,131,146,568.62161
66,132,133,1100.92202
66,132,147,2718.74367
66,133,134,2399.7959
66,133,148,1067.36782
66,134,149,2718.74367
66,135,136,278.62335
66,135,150,7506.42228
66,136,137,2059.45212
66,136,151,730.0
66,137,138,3283.42815
66,137,152,1956.36405
66,138,139,1348.2403
66,138,153,278.62335
66,139,140,1340.64382
66,139,154,1100.92202
66,140,141,2399.7959
66,140,155,849.58989
66,141,142,278.62335
66,141,156,1100.92202
66,142,143,1666.04685
66,142,157,1067.36782
66,143,144,1164.8849
66,143,158,730.0
66,144,145,1902.10412
66,144,159,730.0
66,145,146,4761.45091
66,145,160,1164.8849
66,146,147,1902.10412
66,146,161,3283.42815
66,147,148,4761.45091
66,147,162,568.62161
66,148,149,3988.13165
66,148,163,1956.36405
66,149,164,4761.45091
66,150,151,2854.21892
66,150,165,3988.13165
66,151,152,1067.36782
66,151,166,3988.13165
66,152,153,2930.2666
66,152,167,1100.92202
66,153,154,436.90436
66,153,168,436.90436
66,154,155,2854.21892
66,154,169,1100.92202
66,155,156,2059.45212
66,155,170,1666.04685
66,156,157,849.58989
66,156,171,2399.7959
66,157,158,5322.87851
66,157,172,2059.45212
66,158,159,725.44763
66,158,173,278.62335
66,159,160,1902.10412
66,159,174,7506.42228
66,160,161,568.62161
66,160,175,1067.36782
66,161,162,1164.8849
66,161,176,1340.64382
66,162,163,5322.87851
66,162,177,1348.2403
66,163,164,3530.74641
66,163,178,5322.87851
66,164,179,2387.50747
66,165,166,3969.36178
66,165,180,1666.04685
66,166,167,7506.42228
66,166,181,1340.64382
66,167,168,2854.21892
66,167,182,3969.36178
66,168,169,725.44763
66,168,183,849.58989
66,169,170,1100.92202
66,169,184,930.31838
66,170,171,278.62335
66,170,185,930.31838
66,171,172,2059.45212
66,171,186,568.62161
66,172,173,2399.7959
66,172,187,1340.64382
66,173,174,2930.2666
66,173,188,1067.36782
66,174,175,1902.10412
66,174,189,1067.36782
66,175,176,730.0
66,175,190,930.31838
66,176,177,2854.21892
66,176,191,1340.64382
66,177,178,730.0
66,177,192,2854.21892
66,178,179,2930.2666
66,178,193,930.31838
66,179,194,568.62161
66,180,181,436.90436
66,180,195,7506.42228
66,181,182,436.90436
66,181,196,1714.64396
66,182,183,1067.36782
66,182,197,5691.96007
66,183,184,5691.96007
66,183,198,483.45102
66,184,185,1579.72636
66,184,199,278.62335
66,185,186,5322.87851
66,185,200,3283.42815
66,186,187,2930.2666
66,186,201,278.62335
66,187,188,3530.74641
66,187,202,5322.87851
66,188,189,568.62161
66,188,203,1067.36782
66,189,190,1666.04685
66,189,204,730.0
66,190,191,1340.64382
66,190,205,568.62161
66,191,192,2718.74367
66,191,206,3988.13165
66,192,193,3530.74641
66,192,207,483.45102
66,193,194,1340.64382
66,193,208,1902.10412
66,194,209,2059.45212
66,195,196,1902.10412
66,195,210,1666.04685
66,196,197,1067.36782
66,196,211,1067.36782
66,197,198,2399.7959
66,197,212,1579.72636
66,198,199,436.90436
66,198,213,2059.45212
66,199,200,3969.36178
66,199,214,849.58989
66,200,201,1666.04685
66,200,215,1579.72636
66,201,202,2854.21892
66,201,216,725.44763
66,202,203,2930.2666
66,202,217,1348.2403
66,203,204,2718.74367
66,203,218,483.45102
66,204,205,1666.04685
66,204,219,1348.2403
66,205,206,3969.36178
66,205,220,1067.36782
66,206,207,3283.42815
66,206,221,1164.8849
66,207,208,849.58989
66,207,222,1714.64396
66,208,209,278.62335
66,208,223,1164.8849
66,209,224,4761.45091
66,210,211,483.45102
66,211,212,5691.96007
66,212,213,2399.7959
66,213,214,278.62335
66,214,215,3530.74641
66,215,216,5691.96007
66,216,217,1956.36405
66,217,218,1100.92202
66,218,219,1067.36782
66,219,220,730.0
66,220,221,1579.72636
66,221,222,2854.21892
66,222,223,1714.64396
66,223,224,2718.74367
67,0,1,648.64622
67,0,15,179.76588
67,1,2,736.54472
67,1,16,757.14536
67,2,3,179.76588
67,2,17,648.64622
67,3,4,177.75436
67,3,18,360.361
67,4,5,217.46853
67,4,19,37.80473
67,5,6,360.361
67,5,20,410.41549
67,6,7,2064.10241
67,6,21,219.84981
67,7,8,1287.41427
67,7,22,757.14536
67,8,9,177.75436
67,8,23,757.14536
67,9,10,1286.36794
67,9,24,85.40116
67,10,11,410.81881
67,10,25,730.0
67,11,12,2079.66665
67,11,26,2079.66665
67,12,13,2064.10241
67,12,27,730.0
67,13,14,360.361
67,13,28,85.29308
67,14,29,177.75436
67,15,16,2079.66665
67,15,30,757.14536
67,16,17,86.37904
67,16,31,179.76588
67,17,18,648.64622
67,17,32,186.12324
67,18,19,736.54472
67,18,33,1286.36794
67,19,20,356.75974
67,19,34,188.21375
67,20,21,37.80473
67,20,35,85.40116
67,21,22,217.46853
67,21,36,360.361
67,22,23,410.41549
67,22,37,186.12324
67,23,24,177.75436
67,23,38,179.76588
67,24,25,37.80473
67,24,39,179.76588
67,25,26,648.64622
67,25,40,414.4636
67,26,27,186.12324
67,26,41,414.4636
67,27,28,85.40116
67,27,42,86.37904
67,28,29,85.29308
67,28,43,186.12324
67,29,44,1287.41427
67,30,31,86.48827
67,30,45,85.29308
67,31,32,85.29308
67,31,46,356.75974
67,32,33,410.81881
67,32,47,410.41549
67,33,34,763.8924
67,33,48,188.21375
67,34,35,2064.10241
67,34,49,85.40116
67,35,36,186.12324
67,35,50,2064.10241
67,36,37,37.26655
67,36,51,37.80473
67,37,38,356.75974
67,37,52,356.75974
67,38,39,414.87023
67,38,53,1275.94356
67,39,40,414.4636
67,39,54,410.81881
67,40,41,1286.36794
67,40,55,410.41549
67,41,42,736.54472
67,41,56,85.29308
67,42,43,1286.36794
67,42,57,85.40116
67,43,44,736.54472
67,43,58,736.54472
67,44,59,85.29308
67,45,46,2079.66665
67,45,60,642.76053
67,46,47,2064.10241
67,46,61,648.64622
67,47,48,736.54472
67,47,62,86.48827
67,48,49,757.14536
67,48,63,86.48827
67,49,50,186.12324
67,49,64,2064.10241
67,50,51,86.37904
67,50,65,360.361
67,51,52,414.87023
67,51,66,85.40116
67,52,53,757.14536
67,52,67,37.80473
67,53,54,85.40116
67,53,68,85.40116
67,54,55,414.4636
67,54,69,736.54472
67,55,56,360.361
67,55,70,1286.36794
67,56,57,1275.94356
67,56,71,357.11851
67,57,58,410.41549
67,57,72,1287.41427
67,58,59,86.48827
67,58,73,37.26655
67,59,74,37.26655
67,60,61,1276.98282
67,60,75,357.11851
67,61,62,179.76588
67,61,76,85.29308
67,62,63,736.54472
67,62,77,1276.98282
67,63,64,37.26655
67,63,78,86.37904
67,64,65,414.4636
67,64,79,356.75974
67,65,66,730.0
67,65,80,414.4636
67,66,67,642.76053
67,66,81,217.46853
67,67,68,86.37904
67,67,82,188.21375
67,68,69,86.37904
67,68,83,763.8924
67,69,70,357.11851
67,69,84,2064.10241
67,70,71,642.76053
67,70,85,736.54472
67,71,72,414.87023
67,71,86,186.12324
67,72,73,1275.94356
67,72,87,1287.41427
67,73,74,85.29308
67,73,88,414.4636
67,74,89,356.75974
67,75,76,736.54472
67,75,90,2079.66665
67,76,77,410.81881
67,76,91,757.14536
67,77,78,1276.98282
67,77,92,1287.41427
67,78,79,360.361
67,78,93,642.76053
67,79,80,86.37904
67,79,94,414.4636
67,80,81,763.8924
67,80,95,642.76053
67,81,82,360.361
67,81,96,757.14536
67,82,83,360.72279
67,82,97,219.84981
67,83,84,85.29308
67,83,98,1275.94356
67,84,85,410.81881
67,84,99,763.8924
67,85,86,85.40116
67,85,100,1287.41427
67,86,87,179.76588
67,86,101,1286.36794
67,87,88,414.4636
67,87,102,2064.10241
67,88,89,37.80473
67,88,103,86.37904
67,89,104,1275.94356
67,90,91,37.80473
67,90,105,1275.94356
67,91,92,86.37904
67,91,106,2064.10241
67,92,93,648.64622
67,92,107,414.87023
67,93,94,85.40116
67,93,108,414.87023
67,94,95,86.48827
67,94,109,648.64622
67,95,96,642.76053
67,95,110,217.46853
67,96,97,1286.36794
67,96,111,360.72279
67,97,98,648.64622
67,97,112,763.8924
67,98,99,763.8924
67,98,113,757.14536
67,99,100,763.8924
67,99,114,414.4636
67,100,101,757.14536
67,100,115,179.76588
67,101,102,736.54472
67,101,116,763.8924
67,102,103,37.80473
67,102,117,186.12324
67,103,104,177.75436
67,103,118,736.54472
67,104,119,217.46853
67,105,106,736.54472
67,105,120,85.40116
67,106,107,86.48827
67,106,121,763.8924
67,107,108,360.72279
67,107,122,757.14536
67,108,109,37.26655
67,108,123,414.87023
67,109,110,37.80473
67,109,124,648.64622
67,110,111,356.75974
67,110,125,1286.36794
67,111,112,1287.41427
67,111,126,85.40116
67,112,113,356.75974
67,112,127,730.0
67,113,114,1287.41427
67,113,128,360.361
67,114,115,2064.10241
67,114,129,186.12324
67,115,116,85.40116
67,115,130,1287.41427
67,116,117,410.41549
67,116,131,730.0
67,117,118,736.54472
67,117,132,356.75974
67,118,119,188.21375
67,118,133,219.84981
67,119,134,179.76588
67,120,121,414.87023
67,120,135,730.0
67,121,122,763.8924
67,121,136,188.21375
67,122,123,410.41549
67,122,137,217.46853
67,123,124,648.64622
67,123,138,1287.41427
67,124,125,410.41549
67,124,139,730.0
67,125,126,736.54472
67,125,140,1276.98282
67,126,127,219.84981
67,126,141,179.76588
67,127,128,357.11851
67,127,142,736.54472
67,128,129,357.11851
67,128,143,179.76588
67,129,130,1276.98282
67,129,144,642.76053
67,130,131,2064.10241
67,130,145,410.81881
67,131,132,179.76588
67,131,146,1286.36794
67,132,133,356.75974
67,132,147,648.64622
67,133,134,177.75436
67,133,148,1276.98282
67,134,149,648.64622
67,135,136,1275.94356
67,135,150,86.48827
67,136,137,219.84981
67,136,151,730.0
67,137,138,357.11851
67,137,152,360.361
67,138,139,736.54472
67,138,153,1275.94356
67,139,140,763.8924
67,139,154,356.75974
67,140,141,177.75436
67,140,155,2079.66665
67,141,142,1275.94356
67,141,156,356.75974
67,142,143,410.81881
67,142,157,1276.98282
67,143,144,217.46853
67,143,158,730.0
67,144,145,1287.41427
67,144,159,730.0
67,145,146,85.40116
67,145,160,217.46853
67,146,147,1287.41427
67,146,161,357.11851
67,147,148,85.40116
67,147,162,1286.36794
67,148,149,179.76588
67,148,163,360.361
67,149,164,85.40116
67,150,151,414.87023
67,150,165,179.76588
67,151,152,1276.98282
67,151,166,179.76588
67,152,153,86.37904
67,152,167,356.75974
67,153,154,2064.10241
67,153,168,2064.10241
67,154,155,414.87023
67,154,169,356.75974
67,155,156,219.84981
67,155,170,410.81881
67,156,157,2079.66665
67,156,171,177.75436
67,157,158,360.72279
67,157,172,219.84981
67,158,159,757.14536
67,158,173,1275.94356
67,159,160,1287.41427
67,159,174,86.48827
67,160,161,1286.36794
67,160,175,1276.98282
67,161,162,217.46853
67,161,176,763.8924
67,162,163,360.72279
67,162,177,736.54472
67,163,164,37.26655
67,163,178,360.72279
67,164,179,186.12324
67,165,166,188.21375
67,165,180,410.81881
67,166,167,86.48827
67,166,181,763.8924
67,167,168,414.87023
67,167,182,188.21375
67,168,169,757.14536
67,168,183,2079.66665
67,169,170,356.75974
67,169,184,414.4636
67,170,171,1275.94356
67,170,185,414.4636
67,171,172,219.84981
67,171,186,1286.36794
67,172,173,177.75436
67,172,187,763.8924
67,173,174,86.37904
67,173,188,1276.98282
67,174,175,1287.41427
67,174,189,1276.98282
67,175,176,730.0
67,175,190,414.4636
67,176,177,414.87023
67,176,191,763.8924
67,177,178,730.0
67,177,192,414.87023
67,178,179,86.37904
67,178,193,414.4636
67,179,194,1286.36794
67,180,181,2064.10241
67,180,195,86.48827
67,181,182,2064.10241
67,181,196,85.29308
67,182,183,1276.98282
67,182,197,37.80473
67,183,184,37.80473
67,183,198,410.41549
67,184,185,642.76053
67,184,199,1275.94356
67,185,186,360.72279
67,185,200,357.11851
67,186,187,86.37904
67,186,201,1275.94356
67,187,188,37.26655
67,187,202,360.72279
67,188,189,1286.36794
67,188,203,1276.98282
67,189,190,410.81881
67,189,204,730.0
67,190,191,763.8924
67,190,205,1286.36794
67,191,192,648.64622
67,191,206,179.76588
67,192,193,37.26655
67,192,207,410.41549
67,193,194,763.8924
67,193,208,1287.41427
67,194,209,219.84981
67,195,196,1287.41427
67,195,210,410.81881
67,196,197,1276.98282
67,196,211,1276.98282
67,197,198,177.75436
67,197,212,642.76053
67,198,199,2064.10241
67,198,213,219.84981
67,199,200,188.21375
67,199,214,2079.66665
67,200,201,410.81881
67,200,215,642.76053
67,201,202,414.87023
67,201,216,757.14536
67,202,203,86.37904
67,202,217,736.54472
67,203,204,648.64622
67,203,218,410.41549
67,204,205,410.81881
67,204,219,736.54472
67,205,206,188.21375
67,205,220,1276.98282
67,206,207,357.11851
67,206,221,217.46853
67,207,208,2079.66665
67,207,222,85.29308
67,208,209,1275.94356
67,208,223,217.46853
67,209,224,85.40116
67,210,211,410.41549
67,211,212,37.80473
67,212,213,177.75436
67,213,214,1275.94356
67,214,215,37.26655
67,215,216,37.80473
67,216,217,360.361
67,217,218,356.75974
67,218,219,1276.98282
67,219,220,730.0
67,220,221,642.76053
67,221,222,414.87023
67,222,223,85.29308
67,223,224,648.64622
68,0,1,3731.97568
68,0,15,2057.90397
68,1,2,1273.86717
68,1,16,4028.60203
68,2,3,2057.90397
68,2,17,3731.97568
68,3,4,1232.92711
68,3,18,3003.75086
68,4,5,2239.10447
68,4,19,5357.14602
68,5,6,3003.75086
68,5,20,548.28857
68,6,7,1471.24103
68,6,21,3567.3124
68,7,8,7465.55267
68,7,22,4028.60203
68,8,9,1232.92711
68,8,23,4028.60203
68,9,10,1916.64366
68,9,24,4290.09013
68,10,11,2811.79366
68,10,25,730.0
68,11,12,2420.98445
68,11,26,2420.98445
68,12,13,1471.24103
68,12,27,730.0
68,13,14,3003.75086
68,13,28,948.82983
68,14,29,1232.92711
68,15,16,2420.98445
68,15,30,4028.60203
68,16,17,1618.60367
68,16,31,2057.90397
68,17,18,3731.97568
68,17,32,6002.36357
68,18,19,1273.86717
68,18,33,1916.64366
68,19,20,1859.03608
68,19,34,8932.17011
68,20,21,5357.14602
68,20,35,4290.09013
68,21,22,2239.10447
68,21,36,3003.75086
68,22,23,548.28857
68,22,37,6002.36357
68,23,24,1232.92711
68,23,38,2057.90397
68,24,25,5357.14602
68,24,39,2057.90397
68,25,26,3731.97568
68,25,40,981.75551
68,26,27,6002.36357
68,26,41,981.75551
68,27,28,4290.09013
68,27,42,1618.60367
68,28,29,948.82983
68,28,43,6002.36357
68,29,44,7465.55267
68,30,31,6526.67901
68,30,45,948.82983
68,31,32,948.82983
68,31,46,1859.03608
68,32,33,2811.79366
68,32,47,548.28857
68,33,34,6155.05881
68,33,48,8932.17011
68,34,35,1471.24103
68,34,49,4290.09013
68,35,36,6002.36357
68,35,50,1471.24103
68,36,37,3470.49753
68,36,51,5357.14602
68,37,38,1859.03608
68,37,52,1859.03608
68,38,39,4405.57295
68,38,53,1141.01836
68,39,40,981.75551
68,39,54,2811.79366
68,40,41,1916.64366
68,40,55,548.28857
68,41,42,1273.86717
68,41,56,948.82983
68,42,43,1916.64366
68,42,57,4290.09013
68,43,44,1273.86717
68,43,58,1273.86717
68,44,59,948.82983
68,45,46,2420.98445
68,45,60,2350.95648
68,46,47,1471.24103
68,46,61,3731.97568
68,47,48,1273.86717
68,47,62,6526.67901
68,48,49,4028.60203
68,48,63,6526.67901
68,49,50,6002.36357
68,49,64,1471.24103
68,50,51,1618.60367
68,50,65,3003.75086
68,51,52,4405.57295
68,51,66,4290.09013
68,52,53,4028.60203
68,52,67,5357.14602
68,53,54,4290.09013
68,53,68,4290.09013
68,54,55,981.75551
68,54,69,1273.86717
68,55,56,3003.75086
68,55,70,1916.64366
68,56,57,1141.01836
68,56,71,7286.14644
68,57,58,548.28857
68,57,72,7465.55267
68,58,59,6526.67901
68,58,73,3470.49753
68,59,74,3470.49753
68,60,61,4954.61582
68,60,75,7286.14644
68,61,62,2057.90397
68,61,76,948.82983
68,62,63,1273.86717
68,62,77,4954.61582
68,63,64,3470.49753
68,63,78,1618.60367
68,64,65,981.75551
68,64,79,1859.03608
68,65,66,730.0
68,65,80,981.75551
68,66,67,2350.95648
68,66,81,2239.10447
68,67,68,1618.60367
68,67,82,8932.17011
68,68,69,1618.60367
68,68,83,6155.05881
68,69,70,7286.14644
68,69,84,1471.24103
68,70,71,2350.95648
68,70,85,1273.86717
68,71,72,4405.57295
68,71,86,6002.36357
68,72,73,1141.01836
68,72,87,7465.55267
68,73,74,948.82983
68,73,88,981.75551
68,74,89,1859.03608
68,75,76,1273.86717
68,75,90,2420.98445
68,76,77,2811.79366
68,76,91,4028.60203
68,77,78,4954.61582
68,77,92,7465.55267
68,78,79,3003.75086
68,78,93,2350.95648
68,79,80,1618.60367
68,79,94,981.75551
68,80,81,6155.05881
68,80,95,2350.95648
68,81,82,3003.75086
68,81,96,4028.60203
68,82,83,10710.76685
68,82,97,3567.3124
68,83,84,948.82983
68,83,98,1141.01836
68,84,85,2811.79366
68,84,99,6155.05881
68,85,86,4290.09013
68,85,100,7465.55267
68,86,87,2057.90397
68,86,101,1916.64366
68,87,88,981.75551
68,87,102,1471.24103
68,88,89,5357.14602
68,88,103,1618.60367
68,89,104,1141.01836
68,90,91,5357.14602
68,90,105,1141.01836
68,91,92,1618.60367
68,91,106,1471.24103
68,92,93,3731.97568
68,92,107,4405.57295
68,93,94,4290.09013
68,93,108,4405.57295
68,94,95,6526.67901
68,94,109,3731.97568
68,95,96,2350.95648
68,95,110,2239.10447
68,96,97,1916.64366
68,96,111,10710.76685
68,97,98,3731.97568
68,97,112,6155.05881
68,98,99,6155.05881
68,98,113,4028.60203
68,99,100,6155.05881
68,99,114,981.75551
68,100,101,4028.60203
68,100,115,2057.90397
68,101,102,1273.86717
68,101,116,6155.05881
68,102,103,5357.14602
68,102,117,6002.36357
68,103,104,1232.92711
68,103,118,1273.86717
68,104,119,2239.10447
68,105,106,1273.86717
68,105,120,4290.09013
68,106,107,6526.67901
68,106,121,6155.05881
68,107,108,10710.76685
68,107,122,4028.60203
68,108,109,3470.49753
68,108,123,4405.57295
68,109,110,5357.14602
68,109,124,3731.97568
68,110,111,1859.03608
68,110,125,1916.64366
68,111,112,7465.55267
68,111,126,4290.09013
68,112,113,1859.03608
68,112,127,730.0
68,113,114,7465.55267
68,113,128,3003.75086
68,114,115,1471.24103
68,114,129,6002.36357
68,115,116,4290.09013
68,115,130,7465.55267
68,116,117,548.28857
68,116,131,730.0
68,117,118,1273.86717
68,117,132,1859.03608
68,118,119,8932.17011
68,118,133,3567.3124
68,119,134,2057.90397
68,120,121,4405.57295
68,120,135,730.0
68,121,122,6155.05881
68,121,136,8932.17011
68,122,123,548.28857
68,122,137,2239.10447
68,123,124,3731.97568
68,123,138,7465.55267
68,124,125,548.28857
68,124,139,730.0
68,125,126,1273.86717
68,125,140,4954.61582
68,126,127,3567.3124
68,126,141,2057.90397
68,127,128,7286.14644
68,127,142,1273.86717
68,128,129,7286.14644
68,128,143,2057.90397
68,129,130,4954.61582
68,129,144,2350.95648
68,130,131,1471.24103
68,130,145,2811.79366
68,131,132,2057.90397
68,131,146,1916.64366
68,132,133,1859.03608
68,132,147,3731.97568
68,133,134,1232.92711
68,133,148,4954.61582
68,134,149,3731.97568
68,135,136,1141.01836
68,135,150,6526.67901
68,136,137,3567.3124
68,136,151,730.0
68,137,138,7286.14644
68,137,152,3003.75086
68,138,139,1273.86717
68,138,153,1141.01836
68,139,140,6155.05881
68,139,154,1859.03608
68,140,141,1232.92711
68,140,155,2420.98445
68,141,142,1141.01836
68,141,156,1859.03608
68,142,143,2811.79366
68,142,157,4954.61582
68,143,144,2239.10447
68,143,158,730.0
68,144,145,7465.55267
68,144,159,730.0
68,145,146,4290.09013
68,145,160,2239.10447
68,146,147,7465.55267
68,146,161,7286.14644
68,147,148,4290.09013
68,147,162,1916.64366
68,148,149,2057.90397
68,148,163,3003.75086
68,149,164,4290.09013
68,150,151,4405.57295
68,150,165,2057.90397
68,151,152,4954.61582
68,151,166,2057.90397
68,152,153,1618.60367
68,152,167,1859.03608
68,153,154,1471.24103
68,153,168,1471.24103
68,154,155,4405.57295
68,154,169,1859.03608
68,155,156,3567.3124
68,155,170,2811.79366
68,156,157,2420.98445
68,156,171,1232.92711
68,157,158,10710.76685
68,157,172,3567.3124
68,158,159,4028.60203
68,158,173,1141.01836
68,159,160,7465.55267
68,159,174,6526.67901
68,160,161,1916.64366
68,160,175,4954.61582
68,161,162,2239.10447
68,161,176,6155.05881
68,162,163,10710.76685
68,162,177,1273.86717
68,163,164,3470.49753
68,163,178,10710.76685
68,164,179,6002.36357
68,165,166,8932.17011
68,165,180,2811.79366
68,166,167,6526.67901
68,166,181,6155.05881
68,167,168,4405.57295
68,167,182,8932.17011
68,168,169,4028.60203
68,168,183,2420.98445
68,169,170,1859.03608
68,169,184,981.75551
68,170,171,1141.01836
68,170,185,981.75551
68,171,172,3567.3124
68,171,186,1916.64366
68,172,173,1232.92711
68,172,187,6155.05881
68,173,174,1618.60367
68,173,188,4954.61582
68,174,175,7465.55267
68,174,189,4954.61582
68,175,176,730.0
68,175,190,981.75551
68,176,177,4405.57295
68,176,191,6155.05881
68,177,178,730.0
68,177,192,4405.57295
68,178,179,1618.60367
68,178,193,981.75551
68,179,194,1916.64366
68,180,181,1471.24103
68,180,195,6526.67901
68,181,182,1471.24103
68,181,196,948.82983
68,182,183,4954.61582
68,182,197,5357.14602
68,183,184,5357.14602
68,183,198,548.28857
68,184,185,2350.95648
68,184,199,1141.01836
68,185,186,10710.76685
68,185,200,7286.14644
68,186,187,1618.60367
68,186,201,1141.01836
68,187,188,3470.49753
68,187,202,10710.76685
68,188,189,1916.64366
68,188,203,4954.61582
68,189,190,2811.79366
68,189,204,730.0
68,190,191,6155.05881
68,190,205,1916.64366
68,191,192,3731.97568
68,191,206,2057.90397
68,192,193,3470.49753
68,192,207,548.28857
68,193,194,6155.05881
68,193,208,7465.55267
68,194,209,3567.3124
68,195,196,7465.55267
68,195,210,2811.79366
68,196,197,4954.61582
68,196,211,4954.61582
68,197,198,1232.92711
68,197,212,2350.95648
68,198,199,1471.24103
68,198,213,3567.3124
68,199,200,8932.17011
68,199,214,2420.98445
68,200,201,2811.79366
68,200,215,2350.95648
68,201,202,4405.57295
68,201,216,4028.60203
68,202,203,1618.60367
68,202,217,1273.86717
68,203,204,3731.97568
68,203,218,548.28857
68,204,205,2811.79366
68,204,219,1273.86717
68,205,206,8932.17011
68,205,220,4954.61582
68,206,207,7286.14644
68,206,221,2239.10447
68,207,208,2420.98445
68,207,222,948.82983
68,208,209,1141.01836
68,208,223,2239.10447
68,209,224,4290.09013
68,210,211,548.28857
68,211,212,5357.14602
68,212,213,1232.92711
68,213,214,1141.01836
68,214,215,3470.49753
68,215,216,5357.14602
68,216,217,3003.75086
68,217,218,1859.03608
68,218,219,4954.61582
68,219,220,730.0
68,220,221,2350.95648
68,221,222,4405.57295
68,222,223,948.82983
68,223,224,3731.97568
69,0,1,344.04319
69,0,15,816.11257
69,1,2,2555.12349
69,1,16,93.7258
69,2,3,816.11257
69,2,17,344.04319
69,3,4,173.39533
69,3,18,59.54335
69,4,5,268.2876
69,4,19,305.92904
69,5,6,59.54335
69,5,20,158.83738
69,6,7,302.47628
69,6,21,1147.65949
69,7,8,1839.21772
69,7,22,93.7258
69,8,9,173.39533
69,8,23,93.7258
69,9,10,318.11139
69,9,24,290.79817
69,10,11,1101.84096
69,10,25,730.0
69,11,12,1261.46787
69,11,26,1261.46787
69,12,13,302.47628
69,12,27,730.0
69,13,14,59.54335
69,13,28,23.79402
69,14,29,173.39533
69,15,16,1261.46787
69,15,30,93.7258
69,16,17,183.22925
69,16,31,816.11257
69,17,18,344.04319
69,17,32,11.79483
69,18,19,2555.12349
69,18,33,318.11139
69,19,20,5.26188
69,19,34,109.47238
69,20,21,305.92904
69,20,35,290.79817
69,21,22,268.2876
69,21,36,59.54335
69,22,23,158.83738
69,22,37,11.79483
69,23,24,173.39533
69,23,38,816.11257
69,24,25,305.92904
69,24,39,816.11257
69,25,26,344.04319
69,25,40,762.53899
69,26,27,11.79483
69,26,41,762.53899
69,27,28,290.79817
69,27,42,183.22925
69,28,29,23.79402
69,28,43,11.79483
69,29,44,1839.21772
69,30,31,1222.86542
69,30,45,23.79402
69,31,32,23.79402
69,31,46,5.26188
69,32,33,1101.84096
69,32,47,158.83738
69,33,34,508.95688
69,33,48,109.47238
69,34,35,302.47628
69,34,49,290.79817
69,35,36,11.79483
69,35,50,302.47628
69,36,37,47.62719
69,36,51,305.92904
69,37,38,5.26188
69,37,52,5.26188
69,38,39,3577.11646
69,38,53,50.18999
69,39,40,762.53899
69,39,54,1101.84096
69,40,41,318.11139
69,40,55,158.83738
69,41,42,2555.12349
69,41,56,23.79402
69,42,43,318.11139
69,42,57,290.79817
69,43,44,2555.12349
69,43,58,2555.12349
69,44,59,23.79402
69,45,46,1261.46787
69,45,60,55.7441
69,46,47,302.47628
69,46,61,344.04319
69,47,48,2555.12349
69,47,62,1222.86542
69,48,49,93.7258
69,48,63,1222.86542
69,49,50,11.79483
69,49,64,302.47628
69,50,51,183.22925
69,50,65,59.54335
69,51,52,3577.11646
69,51,66,290.79817
69,52,53,93.7258
69,52,67,305.92904
69,53,54,290.79817
69,53,68,290.79817
69,54,55,762.53899
69,54,69,2555.12349
69,55,56,59.54335
69,55,70,318.11139
69,56,57,50.18999
69,56,71,103.1033
69,57,58,158.83738
69,57,72,1839.21772
69,58,59,1222.86542
69,58,73,47.62719
69,59,74,47.62719
69,60,61,485.76689
69,60,75,103.1033
69,61,62,816.11257
69,61,76,23.79402
69,62,63,2555.12349
69,62,77,485.76689
69,63,64,47.62719
69,63,78,183.22925
69,64,65,762.53899
69,64,79,5.26188
69,65,66,730.0
69,65,80,762.53899
69,66,67,55.7441
69,66,81,268.2876
69,67,68,183.22925
69,67,82,109.47238
69,68,69,183.22925
69,68,83,508.95688
69,69,70,103.1033
69,69,84,302.47628
69,70,71,55.7441
69,70,85,2555.12349
69,71,72,3577.11646
69,71,86,11.79483
69,72,73,50.18999
69,72,87,1839.21772
69,73,74,23.79402
69,73,88,762.53899
69,74,89,5.26188
69,75,76,2555.12349
69,75,90,1261.46787
69,76,77,1101.84096
69,76,91,93.7258
69,77,78,485.76689
69,77,92,1839.21772
69,78,79,59.54335
69,78,93,55.7441
69,79,80,183.22925
69,79,94,762.53899
69,80,81,508.95688
69,80,95,55.7441
69,81,82,59.54335
69,81,96,93.7258
69,82,83,547.26243
69,82,97,1147.65949
69,83,84,23.79402
69,83,98,50.18999
69,84,85,1101.84096
69,84,99,508.95688
69,85,86,290.79817
69,85,100,1839.21772
69,86,87,816.11257
69,86,101,318.11139
69,87,88,762.53899
69,87,102,302.47628
69,88,89,305.92904
69,88,103,183.22925
69,89,104,50.18999
69,90,91,305.92904
69,90,105,50.18999
69,91,92,183.22925
69,91,106,302.47628
69,92,93,344.04319
69,92,107,3577.11646
69,93,94,290.79817
69,93,108,3577.11646
69,94,95,1222.86542
69,94,109,344.04319
69,95,96,55.7441
69,95,110,268.2876
69,96,97,318.11139
69,96,111,547.26243
69,97,98,344.04319
69,97,112,508.95688
69,98,99,508.95688
69,98,113,93.7258
69,99,100,508.95688
69,99,114,762.53899
69,100,101,93.7258
69,100,115,816.11257
69,101,102,2555.12349
69,101,116,508.95688
69,102,103,305.92904
69,102,117,11.79483
69,103,104,173.39533
69,103,118,2555.12349
69,104,119,268.2876
69,105,106,2555.12349
69,105,120,290.79817
69,106,107,1222.86542
69,106,121,508.95688
69,107,108,547.26243
69,107,122,93.7258
69,108,109,47.62719
69,108,123,3577.11646
69,109,110,305.92904
69,109,124,344.04319
69,110,111,5.26188
69,110,125,318.11139
69,111,112,1839.21772
69,111,126,290.79817
69,112,113,5.26188
69,112,127,730.0
69,113,114,1839.21772
69,113,128,59.54335
69,114,115,302.47628
69,114,129,11.79483
69,115,116,290.79817
69,115,130,1839.21772
69,116,117,158.83738
69,116,131,730.0
69,117,118,2555.12349
69,117,132,5.26188
69,118,119,109.47238
69,118,133,1147.65949
69,119,134,816.11257
69,120,121,3577.11646
69,120,135,730.0
69,121,122,508.95688
69,121,136,109.47238
69,122,123,158.83738
69,122,137,268.2876
69,123,124,344.04319
69,123,138,1839.21772
69,124,125,158.83738
69,124,139,730.0
69,125,126,2555.12349
69,125,140,485.76689
69,126,127,1147.65949
69,126,141,816.11257
69,127,128,103.1033
69,127,142,2555.12349
69,128,129,103.1033
69,128,143,816.11257
69,129,130,485.76689
69,129,144,55.7441
69,130,131,302.47628
69,130,145,1101.84096
69,131,132,816.11257
69,131,146,318.11139
69,132,133,5.26188
69,132,147,344.04319
69,133,134,173.39533
69,133,148,485.76689
69,134,149,344.04319
69,135,136,50.18999
69,135,150,1222.86542
69,136,137,1147.65949
69,136,151,730.0
69,137,138,103.1033
69,137,152,59.54335
69,138,139,2555.12349
69,138,153,50.18999
69,139,140,508.95688
69,139,154,5.26188
69,140,141,173.39533
69,140,155,1261.46787
69,141,142,50.18999
69,141,156,5.26188
69,142,143,1101.84096
69,142,157,485.76689
69,143,144,268.2876
69,143,158,730.0
69,144,145,1839.21772
69,144,159,730.0
69,145,146,290.79817
69,145,160,268.2876
69,146,147,1839.21772
69,146,161,103.1033
69,147,148,290.79817
69,147,162,318.11139
69,148,149,816.11257
69,148,163,59.54335
69,149,164,290.79817
69,150,151,3577.11646
69,150,165,816.11257
69,151,152,485.76689
69,151,166,816.11257
69,152,153,183.22925
69,152,167,5.26188
69,153,154,302.47628
69,153,168,302.47628
69,154,155,3577.11646
69,154,169,5.26188
69,155,156,1147.65949
69,155,170,1101.84096
69,156,157,1261.46787
69,156,171,173.39533
69,157,158,547.26243
69,157,172,1147.65949
69,158,159,93.7258
69,158,173,50.18999
69,159,160,1839.21772
69,159,174,1222.86542
69,160,161,318.11139
69,160,175,485.76689
69,161,162,268.2876
69,161,176,508.95688
69,162,163,547.26243
69,162,177,2555.12349
69,163,164,47.62719
69,163,178,547.26243
69,164,179,11.79483
69,165,166,109.47238
69,165,180,1101.84096
69,166,167,1222.86542
69,166,181,508.95688
69,167,168,3577.11646
69,167,182,109.47238
69,168,169,93.7258
69,168,183,1261.46787
69,169,170,5.26188
69,169,184,762.53899
69,170,171,50.18999
69,170,185,762.53899
69,171,172,1147.65949
69,171,186,318.11139
69,172,173,173.39533
69,172,187,508.95688
69,173,174,183.22925
69,173,188,485.76689
69,174,175,1839.21772
69,174,189,485.76689
69,175,176,730.0
69,175,190,762.53899
69,176,177,3577.11646
69,176,191,508.95688
69,177,178,730.0
69,177,192,3577.11646
69,178,179,183.22925
69,178,193,762.53899
69,179,194,318.11139
69,180,181,302.47628
69,180,195,1222.86542
69,181,182,302.47628
69,181,196,23.79402
69,182,183,485.76689
69,182,197,305.92904
69,183,184,305.92904
69,183,198,158.83738
69,184,185,55.7441
69,184,199,50.18999
69,185,186,547.26243
69,185,200,103.1033
69,186,187,183.22925
69,186,201,50.18999
69,187,188,47.62719
69,187,202,547.26243
69,188,189,318.11139
69,188,203,485.76689
69,189,190,1101.84096
69,189,204,730.0
69,190,191,508.95688
69,190,205,318.11139
69,191,192,344.04319
69,191,206,816.11257
69,192,193,47.62719
69,192,207,158.83738
69,193,194,508.95688
69,193,208,1839.21772
69,194,209,1147.65949
69,195,196,1839.21772
69,195,210,1101.84096
69,196,197,485.76689
69,196,211,485.76689
69,197,198,173.39533
69,197,212,55.7441
69,198,199,302.47628
69,198,213,1147.65949
69,199,200,109.47238
69,199,214,1261.46787
69,200,201,1101.84096
69,200,215,55.7441
69,201,202,3577.11646
69,201,216,93.7258
69,202,203,183.22925
69,202,217,2555.12349
69,203,204,344.04319
69,203,218,158.83738
69,204,205,1101.84096
69,204,219,2555.12349
69,205,206,109.47238
69,205,220,485.76689
69,206,207,103.1033
69,206,221,268.2876
69,207,208,1261.46787
69,207,222,23.79402
69,208,209,50.18999
69,208,223,268.2876
69,209,224,290.79817
69,210,211,158.83738
69,211,212,305.92904
69,212,213,173.39533
69,213,214,50.18999
69,214,215,47.62719
69,215,216,305.92904
69,216,217,59.54335
69,217,218,5.26188
69,218,219,485.76689
69,219,220,730.0
69,220,221,55.7441
69,221,222,3577.11646
69,222,223,23.79402
69,223,224,344.04319
70,0,1,1.56018
70,0,15,7.37952
70,1,2,226.63383
70,1,16,42.11657
70,2,3,7.37952
70,2,17,1.56018
70,3,4,47.2329
70,3,18,1.08621
70,4,5,153.62722
70,4,19,1.09341
70,5,6,1.08621
70,5,20,439.88625
70,6,7,273.41463
70,6,21,32.71117
70,7,8,15.88868
70,7,22,42.11657
70,8,9,47.2329
70,8,23,42.11657
70,9,10,31.76656
70,9,24,10.2753
70,10,11,279.20719
70,10,25,730.0
70,11,12,67.62557
70,11,26,67.62557
70,12,13,273.41463
70,12,27,730.0
70,13,14,1.08621
70,13,28,21.26768
70,14,29,47.2329
70,15,16,67.62557
70,15,30,42.11657
70,16,17,2.95878
70,16,31,7.37952
70,17,18,1.56018
70,17,32,1.18128
70,18,19,226.63383
70,18,33,31.76656
70,19,20,3.94563
70,19,34,1.00011
70,20,21,1.09341
70,20,35,10.2753
70,21,22,153.62722
70,21,36,1.08621
70,22,23,439.88625
70,22,37,1.18128
70,23,24,47.2329
70,23,38,7.37952
70,24,25,1.09341
70,24,39,7.37952
70,25,26,1.56018
70,25,40,122.03406
70,26,27,1.18128
70,26,41,122.03406
70,27,28,10.2753
70,27,42,2.95878
70,28,29,21.26768
70,28,43,1.18128
70,29,44,15.88868
70,30,31,1.59412
70,30,45,21.26768
70,31,32,21.26768
70,31,46,3.94563
70,32,33,279.20719
70,32,47,439.88625
70,33,34,6.41576
70,33,48,1.00011
70,34,35,273.41463
70,34,49,10.2753
70,35,36,1.18128
70,35,50,273.41463
70,36,37,4.08016
70,36,51,1.09341
70,37,38,3.94563
70,37,52,3.94563
70,38,39,69.42123
70,38,53,150.11816
70,39,40,122.03406
70,39,54,279.20719
70,40,41,31.76656
70,40,55,439.88625
70,41,42,226.63383
70,41,56,21.26768
70,42,43,31.76656
70,42,57,10.2753
70,43,44,226.63383
70,43,58,226.63383
70,44,59,21.26768
70,45,46,67.62557
70,45,60,9.93716
70,46,47,273.41463
70,46,61,1.56018
70,47,48,226.63383
70,47,62,1.59412
70,48,49,42.11657
70,48,63,1.59412
70,49,50,1.18128
70,49,64,273.41463
70,50,51,2.95878
70,50,65,1.08621
70,51,52,69.42123
70,51,66,10.2753
70,52,53,42.11657
70,52,67,1.09341
70,53,54,10.2753
70,53,68,10.2753
70,54,55,122.03406
70,54,69,226.63383
70,55,56,1.08621
70,55,70,31.76656
70,56,57,150.11816
70,56,71,1.97382
70,57,58,439.88625
70,57,72,15.88868
70,58,59,1.59412
70,58,73,4.08016
70,59,74,4.08016
70,60,61,87.03619
70,60,75,1.97382
70,61,62,7.37952
70,61,76,21.26768
70,62,63,226.63383
70,62,77,87.03619
70,63,64,4.08016
70,63,78,2.95878
70,64,65,122.03406
70,64,79,3.94563
70,65,66,730.0
70,65,80,122.03406
70,66,67,9.93716
70,66,81,153.62722
70,67,68,2.95878
70,67,82,1.00011
70,68,69,2.95878
70,68,83,6.41576
70,69,70,1.97382
70,69,84,273.41463
70,70,71,9.93716
70,70,85,226.63383
70,71,72,69.42123
70,71,86,1.18128
70,72,73,150.11816
70,72,87,15.88868
70,73,74,21.26768
70,73,88,122.03406
70,74,89,3.94563
70,75,76,226.63383
70,75,90,67.62557
70,76,77,279.20719
70,76,91,42.11657
70,77,78,87.03619
70,77,92,15.88868
70,78,79,1.08621
70,78,93,9.93716
70,79,80,2.95878
70,79,94,122.03406
70,80,81,6.41576
70,80,95,9.93716
70,81,82,1.08621
70,81,96,42.11657
70,82,83,1.00985
70,82,97,32.71117
70,83,84,21.26768
70,83,98,150.11816
70,84,85,279.20719
70,84,99,6.41576
70,85,86,10.2753
70,85,100,15.88868
70,86,87,7.37952
70,86,101,31.76656
70,87,88,122.03406
70,87,102,273.41463
70,88,89,1.09341
70,88,103,2.95878
70,89,104,150.11816
70,90,91,1.09341
70,90,105,150.11816
70,91,92,2.95878
70,91,106,273.41463
70,92,93,1.56018
70,92,107,69.42123
70,93,94,10.2753
70,93,108,69.42123
70,94,95,1.59412
70,94,109,1.56018
70,95,96,9.93716
70,95,110,153.62722
70,96,97,31.76656
70,96,111,1.00985
70,97,98,1.56018
70,97,112,6.41576
70,98,99,6.41576
70,98,113,42.11657
70,99,100,6.41576
70,99,114,122.03406
70,100,101,42.11657
70,100,115,7.37952
70,101,102,226.63383
70,101,116,6.41576
70,102,103,1.09341
70,102,117,1.18128
70,103,104,47.2329
70,103,118,226.63383
70,104,119,153.62722
70,105,106,226.63383
70,105,120,10.2753
70,106,107,1.59412
70,106,121,6.41576
70,107,108,1.00985
70,107,122,42.11657
70,108,109,4.08016
70,108,123,69.42123
70,109,110,1.09341
70,109,124,1.56018
70,110,111,3.94563
70,110,125,31.76656
70,111,112,15.88868
70,111,126,10.2753
70,112,113,3.94563
70,112,127,730.0
70,113,114,15.88868
70,113,128,1.08621
70,114,115,273.41463
70,114,129,1.18128
70,115,116,10.2753
70,115,130,15.88868
70,116,117,439.88625
70,116,131,730.0
70,117,118,226.63383
70,117,132,3.94563
70,118,119,1.00011
70,118,133,32.71117
70,119,134,7.37952
70,120,121,69.42123
70,120,135,730.0
70,121,122,6.41576
70,121,136,1.00011
70,122,123,439.88625
70,122,137,153.62722
70,123,124,1.56018
70,123,138,15.88868
70,124,125,439.88625
70,124,139,730.0
70,125,126,226.63383
70,125,140,87.03619
70,126,127,32.71117
70,126,141,7.37952
70,127,128,1.97382
70,127,142,226.63383
70,128,129,1.97382
70,128,143,7.37952
70,129,130,87.03619
70,129,144,9.93716
70,130,131,273.41463
70,130,145,279.20719
70,131,132,7.37952
70,131,146,31.76656
70,132,133,3.94563
70,132,147,1.56018
70,133,134,47.2329
70,133,148,87.03619
70,134,149,1.56018
70,135,136,150.11816
70,135,150,1.59412
70,136,137,32.71117
70,136,151,730.0
70,137,138,1.97382
70,137,152,1.08621
70,138,139,226.63383
70,138,153,150.11816
70,139,140,6.41576
70,139,154,3.94563
70,140,141,47.2329
70,140,155,67.62557
70,141,142,150.11816
70,141,156,3.94563
70,142,143,279.20719
70,142,157,87.03619
70,143,144,153.62722
70,143,158,730.0
70,144,145,15.88868
70,144,159,730.0
70,145,146,10.2753
70,145,160,153.62722
70,146,147,15.88868
70,146,161,1.97382
70,147,148,10.2753
70,147,162,31.76656
70,148,149,7.37952
70,148,163,1.08621
70,149,164,10.2753
70,150,151,69.42123
70,150,165,7.37952
70,151,152,87.03619
70,151,166,7.37952
70,152,153,2.95878
70,152,167,3.94563
70,153,154,273.41463
70,153,168,273.41463
70,154,155,69.42123
70,154,169,3.94563
70,155,156,32.71117
70,155,170,279.20719
70,156,157,67.62557
70,156,171,47.2329
70,157,158,1.00985
70,157,172,32.71117
70,158,159,42.11657
70,158,173,150.11816
70,159,160,15.88868
70,159,174,1.59412
70,160,161,31.76656
70,160,175,87.03619
70,161,162,153.62722
70,161,176,6.41576
70,162,163,1.00985
70,162,177,226.63383
70,163,164,4.08016
70,163,178,1.00985
70,164,179,1.18128
70,165,166,1.00011
70,165,180,279.20719
70,166,167,1.59412
70,166,181,6.41576
70,167,168,69.42123
70,167,182,1.00011
70,168,169,42.11657
70,168,183,67.62557
70,169,170,3.94563
70,169,184,122.03406
70,170,171,150.11816
70,170,185,122.03406
70,171,172,32.71117
70,171,186,31.76656
70,172,173,47.2329
70,172,187,6.41576
70,173,174,2.95878
70,173,188,87.03619
70,174,175,15.88868
70,174,189,87.03619
70,175,176,730.0
70,175,190,122.03406
70,176,177,69.42123
70,176,191,6.41576
70,177,178,730.0
70,177,192,69.42123
70,178,179,2.95878
70,178,193,122.03406
70,179,194,31.76656
70,180,181,273.41463
70,180,195,1.59412
70,181,182,273.41463
70,181,196,21.26768
70,182,183,87.03619
70,182,197,1.09341
70,183,184,1.09341
70,183,198,439.88625
70,184,185,9.93716
70,184,199,150.11816
70,185,186,1.00985
70,185,200,1.97382
70,186,187,2.95878
70,186,201,150.11816
70,187,188,4.08016
70,187,202,1.00985
70,188,189,31.76656
70,188,203,87.03619
70,189,190,279.20719
70,189,204,730.0
70,190,191,6.41576
70,190,205,31.76656
70,191,192,1.56018
70,191,206,7.37952
70,192,193,4.08016
70,192,207,439.88625
70,193,194,6.41576
70,193,208,15.88868
70,194,209,32.71117
70,195,196,15.88868
70,195,210,279.20719
70,196,197,87.03619
70,196,211,87.03619
70,197,198,47.2329
70,197,212,9.93716
70,198,199,273.41463
70,198,213,32.71117
70,199,200,1.00011
70,199,214,67.62557
70,200,201,279.20719
70,200,215,9.93716
70,201,202,69.42123
70,201,216,42.11657
70,202,203,2.95878
70,202,217,226.63383
70,203,204,1.56018
70,203,218,439.88625
70,204,205,279.20719
70,204,219,226.63383
70,205,206,1.00011
70,205,220,87.03619
70,206,207,1.97382
70,206,221,153.62722
70,207,208,67.62557
70,207,222,21.26768
70,208,209,150.11816
70,208,223,153.62722
70,209,224,10.2753
70,210,211,439.88625
70,211,212,1.09341
70,212,213,47.2329
70,213,214,150.11816
70,214,215,4.08016
70,215,216,1.09341
70,216,217,1.08621
70,217,218,3.94563
70,218,219,87.03619
70,219,220,730.0
70,220,221,9.93716
70,221,222,69.42123
70,222,223,21.26768
70,223,224,1.56018
71,0,1,347.53694
71,0,15,150.98906
71,1,2,357.11851
71,1,16,5190.97555
71,2,3,150.98906
71,2,17,347.53694
71,3,4,341.61507
71,3,18,539.11094
71,4,5,3087.43653
71,4,19,924.74464
71,5,6,539.11094
71,5,20,1078.15546
71,6,7,1402.42744
71,6,21,1771.23494
71,7,8,2257.43196
71,7,22,5190.97555
71,8,9,341.61507
71,8,23,5190.97555
71,9,10,1093.59352
71,9,24,1194.07297
71,10,11,2229.16006
71,10,25,730.0
71,11,12,741.1551
71,11,26,741.1551
71,12,13,1402.42744
71,12,27,730.0
71,13,14,539.11094
71,13,28,530.56129
71,14,29,341.61507
71,15,16,741.1551
71,15,30,5190.97555
71,16,17,249.1067
71,16,31,150.98906
71,17,18,347.53694
71,17,32,3029.29636
71,18,19,357.11851
71,18,33,1093.59352
71,19,20,1054.01002
71,19,34,1734.67932
71,20,21,924.74464
71,20,35,1194.07297
71,21,22,3087.43653
71,21,36,539.11094
71,22,23,1078.15546
71,22,37,3029.29636
71,23,24,341.61507
71,23,38,150.98906
71,24,25,924.74464
71,24,39,150.98906
71,25,26,347.53694
71,25,40,552.92607
71,26,27,3029.29636
71,26,41,552.92607
71,27,28,1194.07297
71,27,42,249.1067
71,28,29,530.56129
71,28,43,3029.29636
71,29,44,2257.43196
71,30,31,619.66148
71,30,45,530.56129
71,31,32,530.56129
71,31,46,1054.01002
71,32,33,2229.16006
71,32,47,1078.15546
71,33,34,3124.51825
71,33,48,1734.67932
71,34,35,1402.42744
71,34,49,1194.07297
71,35,36,3029.29636
71,35,50,1402.42744
71,36,37,1711.98722
71,36,51,924.74464
71,37,38,1054.01002
71,37,52,1054.01002
71,38,39,1237.98379
71,38,53,1992.24495
71,39,40,552.92607
71,39,54,2229.16006
71,40,41,1093.59352
71,40,55,1078.15546
71,41,42,357.11851
71,41,56,530.56129
71,42,43,1093.59352
71,42,57,1194.07297
71,43,44,357.11851
71,43,58,357.11851
71,44,59,530.56129
71,45,46,741.1551
71,45,60,712.57119
71,46,47,1402.42744
71,46,61,347.53694
71,47,48,357.11851
71,47,62,619.66148
71,48,49,5190.97555
71,48,63,619.66148
71,49,50,3029.29636
71,49,64,1402.42744
71,50,51,249.1067
71,50,65,539.11094
71,51,52,1237.98379
71,51,66,1194.07297
71,52,53,5190.97555
71,52,67,924.74464
71,53,54,1194.07297
71,53,68,1194.07297
71,54,55,552.92607
71,54,69,357.11851
71,55,56,539.11094
71,55,70,1093.59352
71,56,57,1992.24495
71,56,71,2184.86465
71,57,58,1078.15546
71,57,72,2257.43196
71,58,59,619.66148
71,58,73,1711.98722
71,59,74,1711.98722
71,60,61,3853.05781
71,60,75,2184.86465
71,61,62,150.98906
71,61,76,530.56129
71,62,63,357.11851
71,62,77,3853.05781
71,63,64,1711.98722
71,63,78,249.1067
71,64,65,552.92607
71,64,79,1054.01002
71,65,66,730.0
71,65,80,552.92607
71,66,67,712.57119
71,66,81,3087.43653
71,67,68,249.1067
71,67,82,1734.67932
71,68,69,249.1067
71,68,83,3124.51825
71,69,70,2184.86465
71,69,84,1402.42744
71,70,71,712.57119
71,70,85,357.11851
71,71,72,1237.98379
71,71,86,3029.29636
71,72,73,1992.24495
71,72,87,2257.43196
71,73,74,530.56129
71,73,88,552.92607
71,74,89,1054.01002
71,75,76,357.11851
71,75,90,741.1551
71,76,77,2229.16006
71,76,91,5190.97555
71,77,78,3853.05781
71,77,92,2257.43196
71,78,79,539.11094
71,78,93,712.57119
71,79,80,249.1067
71,79,94,552.92607
71,80,81,3124.51825
71,80,95,712.57119
71,81,82,539.11094
71,81,96,5190.97555
71,82,83,1210.88188
71,82,97,1771.23494
71,83,84,530.56129
71,83,98,1992.24495
71,84,85,2229.16006
71,84,99,3124.51825
71,85,86,1194.07297
71,85,100,2257.43196
71,86,87,150.98906
71,86,101,1093.59352
71,87,88,552.92607
71,87,102,1402.42744
71,88,89,924.74464
71,88,103,249.1067
71,89,104,1992.24495
71,90,91,924.74464
71,90,105,1992.24495
71,91,92,249.1067
71,91,106,1402.42744
71,92,93,347.53694
71,92,107,1237.98379
71,93,94,1194.07297
71,93,108,1237.98379
71,94,95,619.66148
71,94,109,347.53694
71,95,96,712.57119
71,95,110,3087.43653
71,96,97,1093.59352
71,96,111,1210.88188
71,97,98,347.53694
71,97,112,3124.51825
71,98,99,3124.51825
71,98,113,5190.97555
71,99,100,3124.51825
71,99,114,552.92607
71,100,101,5190.97555
71,100,115,150.98906
71,101,102,357.11851
71,101,116,3124.51825
71,102,103,924.74464
71,102,117,3029.29636
71,103,104,341.61507
71,103,118,357.11851
71,104,119,3087.43653
71,105,106,357.11851
71,105,120,1194.07297
71,106,107,619.66148
71,106,121,3124.51825
71,107,108,1210.88188
71,107,122,5190.97555
71,108,109,1711.98722
71,108,123,1237.98379
71,109,110,924.74464
71,109,124,347.53694
71,110,111,1054.01002
71,110,125,1093.59352
71,111,112,2257.43196
71,111,126,1194.07297
71,112,113,1054.01002
71,112,127,730.0
71,113,114,2257.43196
71,113,128,539.11094
71,114,115,1402.42744
71,114,129,3029.29636
71,115,116,1194.07297
71,115,130,2257.43196
71,116,117,1078.15546
71,116,131,730.0
71,117,118,357.11851
71,117,132,1054.01002
71,118,119,1734.67932
71,118,133,1771.23494
71,119,134,150.98906
71,120,121,1237.98379
71,120,135,730.0
71,121,122,3124.51825
71,121,136,1734.67932
71,122,123,1078.15546
71,122,137,3087.43653
71,123,124,347.53694
71,123,138,2257.43196
71,124,125,1078.15546
71,124,139,730.0
71,125,126,357.11851
71,125,140,3853.05781
71,126,127,1771.23494
71,126,141,150.98906
71,127,128,2184.86465
71,127,142,357.11851
71,128,129,2184.86465
71,128,143,150.98906
71,129,130,3853.05781
71,129,144,712.57119
71,130,131,1402.42744
71,130,145,2229.16006
71,131,132,150.98906
71,131,146,1093.59352
71,132,133,1054.01002
71,132,147,347.53694
71,133,134,341.61507
71,133,148,3853.05781
71,134,149,347.53694
71,135,136,1992.24495
71,135,150,619.66148
71,136,137,1771.23494
71,136,151,730.0
71,137,138,2184.86465
71,137,152,539.11094
71,138,139,357.11851
71,138,153,1992.24495
71,139,140,3124.51825
71,139,154,1054.01002
71,140,141,341.61507
71,140,155,741.1551
71,141,142,1992.24495
71,141,156,1054.01002
71,142,143,2229.16006
71,142,157,3853.05781
71,143,144,3087.43653
71,143,158,730.0
71,144,145,2257.43196
71,144,159,730.0
71,145,146,1194.07297
71,145,160,3087.43653
71,146,147,2257.43196
71,146,161,2184.86465
71,147,148,1194.07297
71,147,162,1093.59352
71,148,149,150.98906
71,148,163,539.11094
71,149,164,1194.07297
71,150,151,1237.98379
71,150,165,150.98906
71,151,152,3853.05781
71,151,166,150.98906
71,152,153,249.1067
71,152,167,1054.01002
71,153,154,1402.42744
71,153,168,1402.42744
71,154,155,1237.98379
71,154,169,1054.01002
71,155,156,1771.23494
71,155,170,2229.16006
71,156,157,741.1551
71,156,171,341.61507
71,157,158,1210.88188
71,157,172,1771.23494
71,158,159,5190.97555
71,158,173,1992.24495
71,159,160,2257.43196
71,159,174,619.66148
71,160,161,1093.59352
71,160,175,3853.05781
71,161,162,3087.43653
71,161,176,3124.51825
71,162,163,1210.88188
71,162,177,357.11851
71,163,164,1711.98722
71,163,178,1210.88188
71,164,179,3029.29636
71,165,166,1734.67932
71,165,180,2229.16006
71,166,167,619.66148
71,166,181,3124.51825
71,167,168,1237.98379
71,167,182,1734.67932
71,168,169,5190.97555
71,168,183,741.1551
71,169,170,1054.01002
71,169,184,552.92607
71,170,171,1992.24495
71,170,185,552.92607
71,171,172,1771.23494
71,171,186,1093.59352
71,172,173,341.61507
71,172,187,3124.51825
71,173,174,249.1067
71,173,188,3853.05781
71,174,175,2257.43196
71,174,189,3853.05781
71,175,176,730.0
71,175,190,552.92607
71,176,177,1237.98379
71,176,191,3124.51825
71,177,178,730.0
71,177,192,1237.98379
71,178,179,249.1067
71,178,193,552.92607
71,179,194,1093.59352
71,180,181,1402.42744
71,180,195,619.66148
71,181,182,1402.42744
71,181,196,530.56129
71,182,183,3853.05781
71,182,197,924.74464
71,183,184,924.74464
71,183,198,1078.15546
71,184,185,712.57119
71,184,199,1992.24495
71,185,186,1210.88188
71,185,200,2184.86465
71,186,187,249.1067
71,186,201,1992.24495
71,187,188,1711.98722
71,187,202,1210.88188
71,188,189,1093.59352
71,188,203,3853.05781
71,189,190,2229.16006
71,189,204,730.0
71,190,191,3124.51825
71,190,205,1093.59352
71,191,192,347.53694
71,191,206,150.98906
71,192,193,1711.98722
71,192,207,1078.15546
71,193,194,3124.51825
71,193,208,2257.43196
71,194,209,1771.23494
71,195,196,2257.43196
71,195,210,2229.16006
71,196,197,3853.05781
71,196,211,3853.05781
71,197,198,341.61507
71,197,212,712.57119
71,198,199,1402.42744
71,198,213,1771.23494
71,199,200,1734.67932
71,199,214,741.1551
71,200,201,2229.16006
71,200,215,712.57119
71,201,202,1237.98379
71,201,216,5190.97555
71,202,203,249.1067
71,202,217,357.11851
71,203,204,347.53694
71,203,218,1078.15546
71,204,205,2229.16006
71,204,219,357.11851
71,205,206,1734.67932
71,205,220,3853.05781
71,206,207,2184.86465
71,206,221,3087.43653
71,207,208,741.1551
71,207,222,530.56129
71,208,209,1992.24495
71,208,223,3087.43653
71,209,224,1194.07297
71,210,211,1078.15546
71,211,212,924.74464
71,212,213,341.61507
71,213,214,1992.24495
71,214,215,1711.98722
71,215,216,924.74464
71,216,217,539.11094
71,217,218,1054.01002
71,218,219,3853.05781
71,219,220,730.0
71,220,221,712.57119
71,221,222,1237.98379
71,222,223,530.56129
71,223,224,347.53694
72,0,1,561.25137
72,0,15,203.62963
72,1,2,203.85408
72,1,16,5717.30494
72,2,3,203.62963
72,2,17,561.25137
72,3,4,729.34821
72,3,18,5211.0891
72,4,5,2921.96468
72,4,19,1083.58329
72,5,6,5211.0891
72,5,20,6256.03618
72,6,7,1680.3731
72,6,21,1084.49014
72,7,8,173.78787
72,7,22,5717.30494
72,8,9,729.34821
72,8,23,5717.30494
72,9,10,5214.44767
72,9,24,238.15914
72,10,11,238.41504
72,10,25,730.0
72,11,12,561.77516
72,11,26,561.77516
72,12,13,1680.3731
72,12,27,730.0
72,13,14,5211.0891
72,13,28,6252.12706
72,14,29,729.34821
72,15,16,561.77516
72,15,30,5717.30494
72,16,17,2633.97354
72,16,31,203.62963
72,17,18,561.25137
72,17,32,5713.6785
72,18,19,203.85408
72,18,33,5214.44767
72,19,20,11337.62078
72,19,34,2373.52782
72,20,21,1083.58329
72,20,35,238.15914
72,21,22,2921.96468
72,21,36,5211.0891
72,22,23,6256.03618
72,22,37,5713.6785
72,23,24,729.34821
72,23,38,203.62963
72,24,25,1083.58329
72,24,39,203.62963
72,25,26,561.25137
72,25,40,2635.87536
72,26,27,5713.6785
72,26,41,2635.87536
72,27,28,238.15914
72,27,42,2633.97354
72,28,29,6252.12706
72,28,43,5713.6785
72,29,44,173.78787
72,30,31,49.84622
72,30,45,6252.12706
72,31,32,6252.12706
72,31,46,11337.62078
72,32,33,238.41504
72,32,47,6256.03618
72,33,34,2375.27154
72,33,48,2373.52782
72,34,35,1680.3731
72,34,49,238.15914
72,35,36,5713.6785
72,35,50,1680.3731
72,36,37,2919.89226
72,36,51,1083.58329
72,37,38,11337.62078
72,37,52,11337.62078
72,38,39,49.91482
72,38,53,11344.04033
72,39,40,2635.87536
72,39,54,238.41504
72,40,41,5214.44767
72,40,55,6256.03618
72,41,42,203.85408
72,41,56,6252.12706
72,42,43,5214.44767
72,42,57,238.15914
72,43,44,203.85408
72,43,58,203.85408
72,44,59,6252.12706
72,45,46,561.77516
72,45,60,1679.06648
72,46,47,1680.3731
72,46,61,561.25137
72,47,48,203.85408
72,47,62,49.84622
72,48,49,5717.30494
72,48,63,49.84622
72,49,50,5713.6785
72,49,64,1680.3731
72,50,51,2633.97354
72,50,65,5211.0891
72,51,52,49.91482
72,51,66,238.15914
72,52,53,5717.30494
72,52,67,1083.58329
72,53,54,238.15914
72,53,68,238.15914
72,54,55,2635.87536
72,54,69,203.85408
72,55,56,5211.0891
72,55,70,5214.44767
72,56,57,11344.04033
72,56,71,641.00354
72,57,58,6256.03618
72,57,72,173.78787
72,58,59,49.84622
72,58,73,2919.89226
72,59,74,2919.89226
72,60,61,641.58876
72,60,75,641.00354
72,61,62,203.62963
72,61,76,6252.12706
72,62,63,203.85408
72,62,77,641.58876
72,63,64,2919.89226
72,63,78,2633.97354
72,64,65,2635.87536
72,64,79,11337.62078
72,65,66,730.0
72,65,80,2635.87536
72,66,67,1679.06648
72,66,81,2921.96468
72,67,68,2633.97354
72,67,82,2373.52782
72,68,69,2633.97354
72,68,83,2375.27154
72,69,70,641.00354
72,69,84,1680.3731
72,70,71,1679.06648
72,70,85,203.85408
72,71,72,49.91482
72,71,86,5713.6785
72,72,73,11344.04033
72,72,87,173.78787
72,73,74,6252.12706
72,73,88,2635.87536
72,74,89,11337.62078
72,75,76,203.85408
72,75,90,561.77516
72,76,77,238.41504
72,76,91,5717.30494
72,77,78,641.58876
72,77,92,173.78787
72,78,79,5211.0891
72,78,93,1679.06648
72,79,80,2633.97354
72,79,94,2635.87536
72,80,81,2375.27154
72,80,95,1679.06648
72,81,82,5211.0891
72,81,96,5717.30494
72,82,83,173.59151
72,82,97,1084.49014
72,83,84,6252.12706
72,83,98,11344.04033
72,84,85,238.41504
72,84,99,2375.27154
72,85,86,238.15914
72,85,100,173.78787
72,86,87,203.62963
72,86,101,5214.44767
72,87,88,2635.87536
72,87,102,1680.3731
72,88,89,1083.58329
72,88,103,2633.97354
72,89,104,11344.04033
72,90,91,1083.58329
72,90,105,11344.04033
72,91,92,2633.97354
72,91,106,1680.3731
72,92,93,561.25137
72,92,107,49.91482
72,93,94,238.15914
72,93,108,49.91482
72,94,95,49.84622
72,94,109,561.25137
72,95,96,1679.06648
72,95,110,2921.96468
72,96,97,5214.44767
72,96,111,173.59151
72,97,98,561.25137
72,97,112,2375.27154
72,98,99,2375.27154
72,98,113,5717.30494
72,99,100,2375.27154
72,99,114,2635.87536
72,100,101,5717.30494
72,100,115,203.62963
72,101,102,203.85408
72,101,116,2375.27154
72,102,103,1083.58329
72,102,117,5713.6785
72,103,104,729.34821
72,103,118,203.85408
72,104,119,2921.96468
72,105,106,203.85408
72,105,120,238.15914
72,106,107,49.84622
72,106,121,2375.27154
72,107,108,173.59151
72,107,122,5717.30494
72,108,109,2919.89226
72,108,123,49.91482
72,109,110,1083.58329
72,109,124,561.25137
72,110,111,11337.62078
72,110,125,5214.44767
72,111,112,173.78787
72,111,126,238.15914
72,112,113,11337.62078
72,112,127,730.0
72,113,114,173.78787
72,113,128,5211.0891
72,114,115,1680.3731
72,114,129,5713.6785
72,115,116,238.15914
72,115,130,173.78787
72,116,117,6256.03618
72,116,131,730.0
72,117,118,203.85408
72,117,132,11337.62078
72,118,119,2373.52782
72,118,133,1084.49014
72,119,134,203.62963
72,120,121,49.91482
72,120,135,730.0
72,121,122,2375.27154
72,121,136,2373.52782
72,122,123,6256.03618
72,122,137,2921.96468
72,123,124,561.25137
72,123,138,173.78787
72,124,125,6256.03618
72,124,139,730.0
72,125,126,203.85408
72,125,140,641.58876
72,126,127,1084.49014
72,126,141,203.62963
72,127,128,641.00354
72,127,142,203.85408
72,128,129,641.00354
72,128,143,203.62963
72,129,130,641.58876
72,129,144,1679.06648
72,130,131,1680.3731
72,130,145,238.41504
72,131,132,203.62963
72,131,146,5214.44767
72,132,133,11337.62078
72,132,147,561.25137
72,133,134,729.34821
72,133,148,641.58876
72,134,149,561.25137
72,135,136,11344.04033
72,135,150,49.84622
72,136,137,1084.49014
72,136,151,730.0
72,137,138,641.00354
72,137,152,5211.0891
72,138,139,203.85408
72,138,153,11344.04033
72,139,140,2375.27154
72,139,154,11337.62078
72,140,141,729.34821
72,140,155,561.77516
72,141,142,11344.04033
72,141,156,11337.62078
72,142,143,238.41504
72,142,157,641.58876
72,143,144,2921.96468
72,143,158,730.0
72,144,145,173.78787
72,144,159,730.0
72,145,146,238.15914
72,145,160,2921.96468
72,146,147,173.78787
72,146,161,641.00354
72,147,148,238.15914
72,147,162,5214.44767
72,148,149,203.62963
72,148,163,5211.0891
72,149,164,238.15914
72,150,151,49.91482
72,150,165,203.62963
72,151,152,641.58876
72,151,166,203.62963
72,152,153,2633.97354
72,152,167,11337.62078
72,153,154,1680.3731
72,153,168,1680.3731
72,154,155,49.91482
72,154,169,11337.62078
72,155,156,1084.49014
72,155,170,238.41504
72,156,157,561.77516
72,156,171,729.34821
72,157,158,173.59151
72,157,172,1084.49014
72,158,159,5717.30494
72,158,173,11344.04033
72,159,160,173.78787
72,159,174,49.84622
72,160,161,5214.44767
72,160,175,641.58876
72,161,162,2921.96468
72,161,176,2375.27154
72,162,163,173.59151
72,162,177,203.85408
72,163,164,2919.89226
72,163,178,173.59151
72,164,179,5713.6785
72,165,166,2373.52782
72,165,180,238.41504
72,166,167,49.84622
72,166,181,2375.27154
72,167,168,49.91482
72,167,182,2373.52782
72,168,169,5717.30494
72,168,183,561.77516
72,169,170,11337.62078
72,169,184,2635.87536
72,170,171,11344.04033
72,170,185,2635.87536
72,171,172,1084.49014
72,171,186,5214.44767
72,172,173,729.34821
72,172,187,2375.27154
72,173,174,2633.97354
72,173,188,641.58876
72,174,175,173.78787
72,174,189,641.58876
72,175,176,730.0
72,175,190,2635.87536
72,176,177,49.91482
72,176,191,2375.27154
72,177,178,730.0
72,177,192,49.91482
72,178,179,2633.97354
72,178,193,2635.87536
72,179,194,5214.44767
72,180,181,1680.3731
72,180,195,49.84622
72,181,182,1680.3731
72,181,196,6252.12706
72,182,183,641.58876
72,182,197,1083.58329
72,183,184,1083.58329
72,183,198,6256.03618
72,184,185,1679.06648
72,184,199,11344.04033
72,185,186,173.59151
72,185,200,641.00354
72,186,187,2633.97354
72,186,201,11344.04033
72,187,188,2919.89226
72,187,202,173.59151
72,188,189,5214.44767
72,188,203,641.58876
72,189,190,238.41504
72,189,204,730.0
72,190,191,2375.27154
72,190,205,5214.44767
72,191,192,561.25137
72,191,206,203.62963
72,192,193,2919.89226
72,192,207,6256.03618
72,193,194,2375.27154
72,193,208,173.78787
72,194,209,1084.49014
72,195,196,173.78787
72,195,210,238.41504
72,196,197,641.58876
72,196,211,641.58876
72,197,198,729.34821
72,197,212,1679.06648
72,198,199,1680.3731
72,198,213,1084.49014
72,199,200,2373.52782
72,199,214,561.77516
72,200,201,238.41504
72,200,215,1679.06648
72,201,202,49.91482
72,201,216,5717.30494
72,202,203,2633.97354
72,202,217,203.85408
72,203,204,561.25137
72,203,218,6256.03618
72,204,205,238.41504
72,204,219,203.85408
72,205,206,2373.52782
72,205,220,641.58876
72,206,207,641.00354
72,206,221,2921.96468
72,207,208,561.77516
72,207,222,6252.12706
72,208,209,11344.04033
72,208,223,2921.96468
72,209,224,238.15914
72,210,211,6256.03618
72,211,212,1083.58329
72,212,213,729.34821
72,213,214,11344.04033
72,214,215,2919.89226
72,215,216,1083.58329
72,216,217,5211.0891
72,217,218,11337.62078
72,218,219,641.58876
72,219,220,730.0
72,220,221,1679.06648
72,221,222,49.91482
72,222,223,6252.12706
72,223,224,561.25137
73,0,1,2170.26361
73,0,15,559.1603
73,1,2,501.28517
73,1,16,2858.28709
73,2,3,559.1603
73,2,17,2170.26361
73,3,4,808.98252
73,3,18,642.17442
73,4,5,787.90346
73,4,19,605.57962
73,5,6,642.17442
73,5,20,164.56993
73,6,7,2687.65892
73,6,21,543.68358
73,7,8,5860.24048
73,7,22,2858.28709
73,8,9,808.98252
73,8,23,2858.28709
73,9,10,577.14349
73,9,24,2789.78156
73,10,11,2566.26577
73,10,25,730.0
73,11,12,1989.23408
73,11,26,1989.23408
73,12,13,2687.65892
73,12,27,730.0
73,13,14,642.17442
73,13,28,187.58454
73,14,29,808.98252
73,15,16,1989.23408
73,15,30,2858.28709
73,16,17,116.87143
73,16,31,559.1603
73,17,18,2170.26361
73,17,32,3102.66079
73,18,19,501.28517
73,18,33,577.14349
73,19,20,921.57217
73,19,34,2313.16652
73,20,21,605.57962
73,20,35,2789.78156
73,21,22,787.90346
73,21,36,642.17442
73,22,23,164.56993
73,22,37,3102.66079
73,23,24,808.98252
73,23,38,559.1603
73,24,25,605.57962
73,24,39,559.1603
73,25,26,2170.26361
73,25,40,101.4669
73,26,27,3102.66079
73,26,41,101.4669
73,27,28,2789.78156
73,27,42,116.87143
73,28,29,187.58454
73,28,43,3102.66079
73,29,44,5860.24048
73,30,31,2068.76145
73,30,45,187.58454
73,31,32,187.58454
73,31,46,921.57217
73,32,33,2566.26577
73,32,47,164.56993
73,33,34,2122.17963
73,33,48,2313.16652
73,34,35,2687.65892
73,34,49,2789.78156
73,35,36,3102.66079
73,35,50,2687.65892
73,36,37,872.03413
73,36,51,605.57962
73,37,38,921.57217
73,37,52,921.57217
73,38,39,1894.8689
73,38,53,833.43888
73,39,40,101.4669
73,39,54,2566.26577
73,40,41,577.14349
73,40,55,164.56993
73,41,42,501.28517
73,41,56,187.58454
73,42,43,577.14349
73,42,57,2789.78156
73,43,44,501.28517
73,43,58,501.28517
73,44,59,187.58454
73,45,46,1989.23408
73,45,60,2919.89226
73,46,47,2687.65892
73,46,61,2170.26361
73,47,48,501.28517
73,47,62,2068.76145
73,48,49,2858.28709
73,48,63,2068.76145
73,49,50,3102.66079
73,49,64,2687.65892
73,50,51,116.87143
73,50,65,642.17442
73,51,52,1894.8689
73,51,66,2789.78156
73,52,53,2858.28709
73,52,67,605.57962
73,53,54,2789.78156
73,53,68,2789.78156
73,54,55,101.4669
73,54,69,501.28517
73,55,56,642.17442
73,55,70,577.14349
73,56,57,833.43888
73,56,71,8088.7775
73,57,58,164.56993
73,57,72,5860.24048
73,58,59,2068.76145
73,58,73,872.03413
73,59,74,872.03413
73,60,61,7542.9072
73,60,75,8088.7775
73,61,62,559.1603
73,61,76,187.58454
73,62,63,501.28517
73,62,77,7542.9072
73,63,64,872.03413
73,63,78,116.87143
73,64,65,101.4669
73,64,79,921.57217
73,65,66,730.0
73,65,80,101.4669
73,66,67,2919.89226
73,66,81,787.90346
73,67,68,116.87143
73,67,82,2313.16652
73,68,69,116.87143
73,68,83,2122.17963
73,69,70,8088.7775
73,69,84,2687.65892
73,70,71,2919.89226
73,70,85,501.28517
73,71,72,1894.8689
73,71,86,3102.66079
73,72,73,833.43888
73,72,87,5860.24048
73,73,74,187.58454
73,73,88,101.4669
73,74,89,921.57217
73,75,76,501.28517
73,75,90,1989.23408
73,76,77,2566.26577
73,76,91,2858.28709
73,77,78,7542.9072
73,77,92,5860.24048
73,78,79,642.17442
73,78,93,2919.89226
73,79,80,116.87143
73,79,94,101.4669
73,80,81,2122.17963
73,80,95,2919.89226
73,81,82,642.17442
73,81,96,2858.28709
73,82,83,6303.10463
73,82,97,543.68358
73,83,84,187.58454
73,83,98,833.43888
73,84,85,2566.26577
73,84,99,2122.17963
73,85,86,2789.78156
73,85,100,5860.24048
73,86,87,559.1603
73,86,101,577.14349
73,87,88,101.4669
73,87,102,2687.65892
73,88,89,605.57962
73,88,103,116.87143
73,89,104,833.43888
73,90,91,605.57962
73,90,105,833.43888
73,91,92,116.87143
73,91,106,2687.65892
73,92,93,2170.26361
73,92,107,1894.8689
73,93,94,2789.78156
73,93,108,1894.8689
73,94,95,2068.76145
73,94,109,2170.26361
73,95,96,2919.89226
73,95,110,787.90346
73,96,97,577.14349
73,96,111,6303.10463
73,97,98,2170.26361
73,97,112,2122.17963
73,98,99,2122.17963
73,98,113,2858.28709
73,99,100,2122.17963
73,99,114,101.4669
73,100,101,2858.28709
73,100,115,559.1603
73,101,102,501.28517
73,101,116,2122.17963
73,102,103,605.57962
73,102,117,3102.66079
73,103,104,808.98252
73,103,118,501.28517
73,104,119,787.90346
73,105,106,501.28517
73,105,120,2789.78156
73,106,107,2068.76145
73,106,121,2122.17963
73,107,108,6303.10463
73,107,122,2858.28709
73,108,109,872.03413
73,108,123,1894.8689
73,109,110,605.57962
73,109,124,2170.26361
73,110,111,921.57217
73,110,125,577.14349
73,111,112,5860.24048
73,111,126,2789.78156
73,112,113,921.57217
73,112,127,730.0
73,113,114,5860.24048
73,113,128,642.17442
73,114,115,2687.65892
73,114,129,3102.66079
73,115,116,2789.78156
73,115,130,5860.24048
73,116,117,164.56993
73,116,131,730.0
73,117,118,501.28517
73,117,132,921.57217
73,118,119,2313.16652
73,118,133,543.68358
73,119,134,559.1603
73,120,121,1894.8689
73,120,135,730.0
73,121,122,2122.17963
73,121,136,2313.16652
73,122,123,164.56993
73,122,137,787.90346
73,123,124,2170.26361
73,123,138,5860.24048
73,124,125,164.56993
73,124,139,730.0
73,125,126,501.28517
73,125,140,7542.9072
73,126,127,543.68358
73,126,141,559.1603
73,127,128,8088.7775
73,127,142,501.28517
73,128,129,8088.7775
73,128,143,559.1603
73,129,130,7542.9072
73,129,144,2919.89226
73,130,131,2687.65892
73,130,145,2566.26577
73,131,132,559.1603
73,131,146,577.14349
73,132,133,921.57217
73,132,147,2170.26361
73,133,134,808.98252
73,133,148,7542.9072
73,134,149,2170.26361
73,135,136,833.43888
73,135,150,2068.76145
73,136,137,543.68358
73,136,151,730.0
73,137,138,8088.7775
73,137,152,642.17442
73,138,139,501.28517
73,138,153,833.43888
73,139,140,2122.17963
73,139,154,921.57217
73,140,141,808.98252
73,140,155,1989.23408
73,141,142,833.43888
73,141,156,921.57217
73,142,143,2566.26577
73,142,157,7542.9072
73,143,144,787.90346
73,143,158,730.0
73,144,145,5860.24048
73,144,159,730.0
73,145,146,2789.78156
73,145,160,787.90346
73,146,147,5860.24048
73,146,161,8088.7775
73,147,148,2789.78156
73,147,162,577.14349
73,148,149,559.1603
73,148,163,642.17442
73,149,164,2789.78156
73,150,151,1894.8689
73,150,165,559.1603
73,151,152,7542.9072
73,151,166,559.1603
73,152,153,116.87143
73,152,167,921.57217
73,153,154,2687.65892
73,153,168,2687.65892
73,154,155,1894.8689
73,154,169,921.57217
73,155,156,543.68358
73,155,170,2566.26577
73,156,157,1989.23408
73,156,171,808.98252
73,157,158,6303.10463
73,157,172,543.68358
73,158,159,2858.28709
73,158,173,833.43888
73,159,160,5860.24048
73,159,174,2068.76145
73,160,161,577.14349
73,160,175,7542.9072
73,161,162,787.90346
73,161,176,2122.17963
73,162,163,6303.10463
73,162,177,501.28517
73,163,164,872.03413
73,163,178,6303.10463
73,164,179,3102.66079
73,165,166,2313.16652
73,165,180,2566.26577
73,166,167,2068.76145
73,166,181,2122.17963
73,167,168,1894.8689
73,167,182,2313.16652
73,168,169,2858.28709
73,168,183,1989.23408
73,169,170,921.57217
73,169,184,101.4669
73,170,171,833.43888
73,170,185,101.4669
73,171,172,543.68358
73,171,186,577.14349
73,172,173,808.98252
73,172,187,2122.17963
73,173,174,116.87143
73,173,188,7542.9072
73,174,175,5860.24048
73,174,189,7542.9072
73,175,176,730.0
73,175,190,101.4669
73,176,177,1894.8689
73,176,191,2122.17963
73,177,178,730.0
73,177,192,1894.8689
73,178,179,116.87143
73,178,193,101.4669
73,179,194,577.14349
73,180,181,2687.65892
73,180,195,2068.76145
73,181,182,2687.65892
73,181,196,187.58454
73,182,183,7542.9072
73,182,197,605.57962
73,183,184,605.57962
73,183,198,164.56993
73,184,185,2919.89226
73,184,199,833.43888
73,185,186,6303.10463
73,185,200,8088.7775
73,186,187,116.87143
73,186,201,833.43888
73,187,188,872.03413
73,187,202,6303.10463
73,188,189,577.14349
73,188,203,7542.9072
73,189,190,2566.26577
73,189,204,730.0
73,190,191,2122.17963
73,190,205,577.14349
73,191,192,2170.26361
73,191,206,559.1603
73,192,193,872.03413
73,192,207,164.56993
73,193,194,2122.17963
73,193,208,5860.24048
73,194,209,543.68358
73,195,196,5860.24048
73,195,210,2566.26577
73,196,197,7542.9072
73,196,211,7542.9072
73,197,198,808.98252
73,197,212,2919.89226
73,198,199,2687.65892
73,198,213,543.68358
73,199,200,2313.16652
73,199,214,1989.23408
73,200,201,2566.26577
73,200,215,2919.89226
73,201,202,1894.8689
73,201,216,2858.28709
73,202,203,116.87143
73,202,217,501.28517
73,203,204,2170.26361
73,203,218,164.56993
73,204,205,2566.26577
73,204,219,501.28517
73,205,206,2313.16652
73,205,220,7542.9072
73,206,207,8088.7775
73,206,221,787.90346
73,207,208,1989.23408
73,207,222,187.58454
73,208,209,833.43888
73,208,223,787.90346
73,209,224,2789.78156
73,210,211,164.56993
73,211,212,605.57962
73,212,213,808.98252
73,213,214,833.43888
73,214,215,872.03413
73,215,216,605.57962
73,216,217,642.17442
73,217,218,921.57217
73,218,219,7542.9072
73,219,220,730.0
73,220,221,2919.89226
73,221,222,1894.8689
73,222,223,187.58454
73,223,224,2170.26361
74,0,1,579.29054
74,0,15,586.31455
74,1,2,511.85893
74,1,16,1507.88341
74,2,3,586.31455
74,2,17,579.29054
74,3,4,829.80415
74,3,18,753.79054
74,4,5,1523.47441
74,4,19,1255.30607
74,5,6,753.79054
74,5,20,940.74398
74,6,7,721.56447
74,6,21,1113.84548
74,7,8,860.75098
74,7,22,1507.88341
74,8,9,829.80415
74,8,23,1507.88341
74,9,10,661.75321
74,9,24,1356.96591
74,10,11,1205.91773
74,10,25,730.0
74,11,12,505.58854
74,11,26,505.58854
74,12,13,721.56447
74,12,27,730.0
74,13,14,753.79054
74,13,28,1063.79201
74,14,29,829.80415
74,15,16,505.58854
74,15,30,1507.88341
74,16,17,762.53899
74,16,31,586.31455
74,17,18,579.29054
74,17,32,1689.54318
74,18,19,511.85893
74,18,33,661.75321
74,19,20,1052.23956
74,19,34,1242.04157
74,20,21,1255.30607
74,20,35,1356.96591
74,21,22,1523.47441
74,21,36,753.79054
74,22,23,940.74398
74,22,37,1689.54318
74,23,24,829.80415
74,23,38,586.31455
74,24,25,1255.30607
74,24,39,586.31455
74,25,26,579.29054
74,25,40,669.60162
74,26,27,1689.54318
74,26,41,669.60162
74,27,28,1356.96591
74,27,42,762.53899
74,28,29,1063.79201
74,28,43,1689.54318
74,29,44,860.75098
74,30,31,985.93741
74,30,45,1063.79201
74,31,32,1063.79201
74,31,46,1052.23956
74,32,33,1205.91773
74,32,47,940.74398
74,33,34,1101.84096
74,33,48,1242.04157
74,34,35,721.56447
74,34,49,1356.96591
74,35,36,1689.54318
74,35,50,721.56447
74,36,37,1706.68403
74,36,51,1255.30607
74,37,38,1052.23956
74,37,52,1052.23956
74,38,39,870.52262
74,38,53,930.31838
74,39,40,669.60162
74,39,54,1205.91773
74,40,41,661.75321
74,40,55,940.74398
74,41,42,511.85893
74,41,56,1063.79201
74,42,43,661.75321
74,42,57,1356.96591
74,43,44,511.85893
74,43,58,511.85893
74,44,59,1063.79201
74,45,46,505.58854
74,45,60,820.41571
74,46,47,721.56447
74,46,61,579.29054
74,47,48,511.85893
74,47,62,985.93741
74,48,49,1507.88341
74,48,63,985.93741
74,49,50,1689.54318
74,49,64,721.56447
74,50,51,762.53899
74,50,65,753.79054
74,51,52,870.52262
74,51,66,1356.96591
74,52,53,1507.88341
74,52,67,1255.30607
74,53,54,1356.96591
74,53,68,1356.96591
74,54,55,669.60162
74,54,69,511.85893
74,55,56,753.79054
74,55,70,661.75321
74,56,57,930.31838
74,56,71,1342.81059
74,57,58,940.74398
74,57,72,860.75098
74,58,59,985.93741
74,58,73,1706.68403
74,59,74,1706.68403
74,60,61,1193.09031
74,60,75,1342.81059
74,61,62,586.31455
74,61,76,1063.79201
74,62,63,511.85893
74,62,77,1193.09031
74,63,64,1706.68403
74,63,78,762.53899
74,64,65,669.60162
74,64,79,1052.23956
74,65,66,730.0
74,65,80,669.60162
74,66,67,820.41571
74,66,81,1523.47441
74,67,68,762.53899
74,67,82,1242.04157
74,68,69,762.53899
74,68,83,1101.84096
74,69,70,1342.81059
74,69,84,721.56447
74,70,71,820.41571
74,70,85,511.85893
74,71,72,870.52262
74,71,86,1689.54318
74,72,73,930.31838
74,72,87,860.75098
74,73,74,1063.79201
74,73,88,669.60162
74,74,89,1052.23956
74,75,76,511.85893
74,75,90,505.58854
74,76,77,1205.91773
74,76,91,1507.88341
74,77,78,1193.09031
74,77,92,860.75098
74,78,79,753.79054
74,78,93,820.41571
74,79,80,762.53899
74,79,94,669.60162
74,80,81,1101.84096
74,80,95,820.41571
74,81,82,753.79054
74,81,96,1507.88341
74,82,83,975.09525
74,82,97,1113.84548
74,83,84,1063.79201
74,83,98,930.31838
74,84,85,1205.91773
74,84,99,1101.84096
74,85,86,1356.96591
74,85,100,860.75098
74,86,87,586.31455
74,86,101,661.75321
74,87,88,669.60162
74,87,102,721.56447
74,88,89,1255.30607
74,88,103,762.53899
74,89,104,930.31838
74,90,91,1255.30607
74,90,105,930.31838
74,91,92,762.53899
74,91,106,721.56447
74,92,93,579.29054
74,92,107,870.52262
74,93,94,1356.96591
74,93,108,870.52262
74,94,95,985.93741
74,94,109,579.29054
74,95,96,820.41571
74,95,110,1523.47441
74,96,97,661.75321
74,96,111,975.09525
74,97,98,579.29054
74,97,112,1101.84096
74,98,99,1101.84096
74,98,113,1507.88341
74,99,100,1101.84096
74,99,114,669.60162
74,100,101,1507.88341
74,100,115,586.31455
74,101,102,511.85893
74,101,116,1101.84096
74,102,103,1255.30607
74,102,117,1689.54318
74,103,104,829.80415
74,103,118,511.85893
74,104,119,1523.47441
74,105,106,511.85893
74,105,120,1356.96591
74,106,107,985.93741
74,106,121,1101.84096
74,107,108,975.09525
74,107,122,1507.88341
74,108,109,1706.68403
74,108,123,870.52262
74,109,110,1255.30607
74,109,124,579.29054
74,110,111,1052.23956
74,110,125,661.75321
74,111,112,860.75098
74,111,126,1356.96591
74,112,113,1052.23956
74,112,127,730.0
74,113,114,860.75098
74,113,128,753.79054
74,114,115,721.56447
74,114,129,1689.54318
74,115,116,1356.96591
74,115,130,860.75098
74,116,117,940.74398
74,116,131,730.0
74,117,118,511.85893
74,117,132,1052.23956
74,118,119,1242.04157
74,118,133,1113.84548
74,119,134,586.31455
74,120,121,870.52262
74,120,135,730.0
74,121,122,1101.84096
74,121,136,1242.04157
74,122,123,940.74398
74,122,137,1523.47441
74,123,124,579.29054
74,123,138,860.75098
74,124,125,940.74398
74,124,139,730.0
74,125,126,511.85893
74,125,140,1193.09031
74,126,127,1113.84548
74,126,141,586.31455
74,127,128,1342.81059
74,127,142,511.85893
74,128,129,1342.81059
74,128,143,586.31455
74,129,130,1193.09031
74,129,144,820.41571
74,130,131,721.56447
74,130,145,1205.91773
74,131,132,586.31455
74,131,146,661.75321
74,132,133,1052.23956
74,132,147,579.29054
74,133,134,829.80415
74,133,148,1193.09031
74,134,149,579.29054
74,135,136,930.31838
74,135,150,985.93741
74,136,137,1113.84548
74,136,151,730.0
74,137,138,1342.81059
74,137,152,753.79054
74,138,139,511.85893
74,138,153,930.31838
74,139,140,1101.84096
74,139,154,1052.23956
74,140,141,829.80415
74,140,155,505.58854
74,141,142,930.31838
74,141,156,1052.23956
74,142,143,1205.91773
74,142,157,1193.09031
74,143,144,1523.47441
74,143,158,730.0
74,144,145,860.75098
74,144,159,730.0
74,145,146,1356.96591
74,145,160,1523.47441
74,146,147,860.75098
74,146,161,1342.81059
74,147,148,1356.96591
74,147,162,661.75321
74,148,149,586.31455
74,148,163,753.79054
74,149,164,1356.96591
74,150,151,870.52262
74,150,165,586.31455
74,151,152,1193.09031
74,151,166,586.31455
74,152,153,762.53899
74,152,167,1052.23956
74,153,154,721.56447
74,153,168,721.56447
74,154,155,870.52262
74,154,169,1052.23956
74,155,156,1113.84548
74,155,170,1205.91773
74,156,157,505.58854
74,156,171,829.80415
74,157,158,975.09525
74,157,172,1113.84548
74,158,159,1507.88341
74,158,173,930.31838
74,159,160,860.75098
74,159,174,985.93741
74,160,161,661.75321
74,160,175,1193.09031
74,161,162,1523.47441
74,161,176,1101.84096
74,162,163,975.09525
74,162,177,511.85893
74,163,164,1706.68403
74,163,178,975.09525
74,164,179,1689.54318
74,165,166,1242.04157
74,165,180,1205.91773
74,166,167,985.93741
74,166,181,1101.84096
74,167,168,870.52262
74,167,182,1242.04157
74,168,169,1507.88341
74,168,183,505.58854
74,169,170,1052.23956
74,169,184,669.60162
74,170,171,930.31838
74,170,185,669.60162
74,171,172,1113.84548
74,171,186,661.75321
74,172,173,829.80415
74,172,187,1101.84096
74,173,174,762.53899
74,173,188,1193.09031
74,174,175,860.75098
74,174,189,1193.09031
74,175,176,730.0
74,175,190,669.60162
74,176,177,870.52262
74,176,191,1101.84096
74,177,178,730.0
74,177,192,870.52262
74,178,179,762.53899
74,178,193,669.60162
74,179,194,661.75321
74,180,181,721.56447
74,180,195,985.93741
74,181,182,721.56447
74,181,196,1063.79201
74,182,183,1193.09031
74,182,197,1255.30607
74,183,184,1255.30607
74,183,198,940.74398
74,184,185,820.41571
74,184,199,930.31838
74,185,186,975.09525
74,185,200,1342.81059
74,186,187,762.53899
74,186,201,930.31838
74,187,188,1706.68403
74,187,202,975.09525
74,188,189,661.75321
74,188,203,1193.09031
74,189,190,1205.91773
74,189,204,730.0
74,190,191,1101.84096
74,190,205,661.75321
74,191,192,579.29054
74,191,206,586.31455
74,192,193,1706.68403
74,192,207,940.74398
74,193,194,1101.84096
74,193,208,860.75098
74,194,209,1113.84548
74,195,196,860.75098
74,195,210,1205.91773
74,196,197,1193.09031
74,196,211,1193.09031
74,197,198,829.80415
74,197,212,820.41571
74,198,199,721.56447
74,198,213,1113.84548
74,199,200,1242.04157
74,199,214,505.58854
74,200,201,1205.91773
74,200,215,820.41571
74,201,202,870.52262
74,201,216,1507.88341
74,202,203,762.53899
74,202,217,511.85893
74,203,204,579.29054
74,203,218,940.74398
74,204,205,1205.91773
74,204,219,511.85893
74,205,206,1242.04157
74,205,220,1193.09031
74,206,207,1342.81059
74,206,221,1523.47441
74,207,208,505.58854
74,207,222,1063.79201
74,208,209,930.31838
74,208,223,1523.47441
74,209,224,1356.96591
74,210,211,940.74398
74,211,212,1255.30607
74,212,213,829.80415
74,213,214,930.31838
74,214,215,1706.68403
74,215,216,1255.30607
74,216,217,753.79054
74,217,218,1052.23956
74,218,219,1193.09031
74,219,220,730.0
74,220,221,820.41571
74,221,222,870.52262
74,222,223,1063.79201
74,223,224,579.29054
75,0,1,120.29231
75,0,15,145.99629
75,1,2,446.33329
75,1,16,1675.15172
75,2,3,145.99629
75,2,17,120.29231
75,3,4,262.40795
75,3,18,306.8764
75,4,5,1900.65524
75,4,19,494.65187
75,5,6,306.8764
75,5,20,1484.15719
75,6,7,629.39241
75,6,21,1252.23459
75,7,8,517.21524
75,7,22,1675.15172
75,8,9,262.40795
75,8,23,1675.15172
75,9,10,833.43888
75,9,24,363.99259
75,10,11,963.53048
75,10,25,730.0
75,11,12,379.95891
75,11,26,379.95891
75,12,13,629.39241
75,12,27,730.0
75,13,14,306.8764
75,13,28,602.79556
75,14,29,262.40795
75,15,16,379.95891
75,15,30,1675.15172
75,16,17,362.5363
75,16,31,145.99629
75,17,18,120.29231
75,17,32,693.61449
75,18,19,446.33329
75,18,33,833.43888
75,19,20,517.21524
75,19,34,422.24692
75,20,21,494.65187
75,20,35,363.99259
75,21,22,1900.65524
75,21,36,306.8764
75,22,23,1484.15719
75,22,37,693.61449
75,23,24,262.40795
75,23,38,145.99629
75,24,25,494.65187
75,24,39,145.99629
75,25,26,120.29231
75,25,40,960.24736
75,26,27,693.61449
75,26,41,960.24736
75,27,28,363.99259
75,27,42,362.5363
75,28,29,602.79556
75,28,43,693.61449
75,29,44,517.21524
75,30,31,209.07391
75,30,45,602.79556
75,31,32,602.79556
75,31,46,517.21524
75,32,33,963.53048
75,32,47,1484.15719
75,33,34,1093.59352
75,33,48,422.24692
75,34,35,629.39241
75,34,49,363.99259
75,35,36,693.61449
75,35,50,629.39241
75,36,37,802.60999
75,36,51,494.65187
75,37,38,517.21524
75,37,52,517.21524
75,38,39,602.79556
75,38,53,1301.08132
75,39,40,960.24736
75,39,54,963.53048
75,40,41,833.43888
75,40,55,1484.15719
75,41,42,446.33329
75,41,56,602.79556
75,42,43,833.43888
75,42,57,363.99259
75,43,44,446.33329
75,43,58,446.33329
75,44,59,602.79556
75,45,46,379.95891
75,45,60,220.08914
75,46,47,629.39241
75,46,61,120.29231
75,47,48,446.33329
75,47,62,209.07391
75,48,49,1675.15172
75,48,63,209.07391
75,49,50,693.61449
75,49,64,629.39241
75,50,51,362.5363
75,50,65,306.8764
75,51,52,602.79556
75,51,66,363.99259
75,52,53,1675.15172
75,52,67,494.65187
75,53,54,363.99259
75,53,68,363.99259
75,54,55,960.24736
75,54,69,446.33329
75,55,56,306.8764
75,55,70,833.43888
75,56,57,1301.08132
75,56,71,308.14336
75,57,58,1484.15719
75,57,72,517.21524
75,58,59,209.07391
75,58,73,802.60999
75,59,74,802.60999
75,60,61,836.35622
75,60,75,308.14336
75,61,62,145.99629
75,61,76,602.79556
75,62,63,446.33329
75,62,77,836.35622
75,63,64,802.60999
75,63,78,362.5363
75,64,65,960.24736
75,64,79,517.21524
75,65,66,730.0
75,65,80,960.24736
75,66,67,220.08914
75,66,81,1900.65524
75,67,68,362.5363
75,67,82,422.24692
75,68,69,362.5363
75,68,83,1093.59352
75,69,70,308.14336
75,69,84,629.39241
75,70,71,220.08914
75,70,85,446.33329
75,71,72,602.79556
75,71,86,693.61449
75,72,73,1301.08132
75,72,87,517.21524
75,73,74,602.79556
75,73,88,960.24736
75,74,89,517.21524
75,75,76,446.33329
75,75,90,379.95891
75,76,77,963.53048
75,76,91,1675.15172
75,77,78,836.35622
75,77,92,517.21524
75,78,79,306.8764
75,78,93,220.08914
75,79,80,362.5363
75,79,94,960.24736
75,80,81,1093.59352
75,80,95,220.08914
75,81,82,306.8764
75,81,96,1675.15172
75,82,83,174.18115
75,82,97,1252.23459
75,83,84,602.79556
75,83,98,1301.08132
75,84,85,963.53048
75,84,99,1093.59352
75,85,86,363.99259
75,85,100,517.21524
75,86,87,145.99629
75,86,101,833.43888
75,87,88,960.24736
75,87,102,629.39241
75,88,89,494.65187
75,88,103,362.5363
75,89,104,1301.08132
75,90,91,494.65187
75,90,105,1301.08132
75,91,92,362.5363
75,91,106,629.39241
75,92,93,120.29231
75,92,107,602.79556
75,93,94,363.99259
75,93,108,602.79556
75,94,95,209.07391
75,94,109,120.29231
75,95,96,220.08914
75,95,110,1900.65524
75,96,97,833.43888
75,96,111,174.18115
75,97,98,120.29231
75,97,112,1093.59352
75,98,99,1093.59352
75,98,113,1675.15172
75,99,100,1093.59352
75,99,114,960.24736
75,100,101,1675.15172
75,100,115,145.99629
75,101,102,446.33329
75,101,116,1093.59352
75,102,103,494.65187
75,102,117,693.61449
75,103,104,262.40795
75,103,118,446.33329
75,104,119,1900.65524
75,105,106,446.33329
75,105,120,363.99259
75,106,107,209.07391
75,106,121,1093.59352
75,107,108,174.18115
75,107,122,1675.15172
75,108,109,802.60999
75,108,123,602.79556
75,109,110,494.65187
75,109,124,120.29231
75,110,111,517.21524
75,110,125,833.43888
75,111,112,517.21524
75,111,126,363.99259
75,112,113,517.21524
75,112,127,730.0
75,113,114,517.21524
75,113,128,306.8764
75,114,115,629.39241
75,114,129,693.61449
75,115,116,363.99259
75,115,130,517.21524
75,116,117,1484.15719
75,116,131,730.0
75,117,118,446.33329
75,117,132,517.21524
75,118,119,422.24692
75,118,133,1252.23459
75,119,134,145.99629
75,120,121,602.79556
75,120,135,730.0
75,121,122,1093.59352
75,121,136,422.24692
75,122,123,1484.15719
75,122,137,1900.65524
75,123,124,120.29231
75,123,138,517.21524
75,124,125,1484.15719
75,124,139,730.0
75,125,126,446.33329
75,125,140,836.35622
75,126,127,1252.23459
75,126,141,145.99629
75,127,128,308.14336
75,127,142,446.33329
75,128,129,308.14336
75,128,143,145.99629
75,129,130,836.35622
75,129,144,220.08914
75,130,131,629.39241
75,130,145,963.53048
75,131,132,145.99629
75,131,146,833.43888
75,132,133,517.21524
75,132,147,120.29231
75,133,134,262.40795
75,133,148,836.35622
75,134,149,120.29231
75,135,136,1301.08132
75,135,150,209.07391
75,136,137,1252.23459
75,136,151,730.0
75,137,138,308.14336
75,137,152,306.8764
75,138,139,446.33329
75,138,153,1301.08132
75,139,140,1093.59352
75,139,154,517.21524
75,140,141,262.40795
75,140,155,379.95891
75,141,142,1301.08132
75,141,156,517.21524
75,142,143,963.53048
75,142,157,836.35622
75,143,144,1900.65524
75,143,158,730.0
75,144,145,517.21524
75,144,159,730.0
75,145,146,363.99259
75,145,160,1900.65524
75,146,147,517.21524
75,146,161,308.14336
75,147,148,363.99259
75,147,162,833.43888
75,148,149,145.99629
75,148,163,306.8764
75,149,164,363.99259
75,150,151,602.79556
75,150,165,145.99629
75,151,152,836.35622
75,151,166,145.99629
75,152,153,362.5363
75,152,167,517.21524
75,153,154,629.39241
75,153,168,629.39241
75,154,155,602.79556
75,154,169,517.21524
75,155,156,1252.23459
75,155,170,963.53048
75,156,157,379.95891
75,156,171,262.40795
75,157,158,174.18115
75,157,172,1252.23459
75,158,159,1675.15172
75,158,173,1301.08132
75,159,160,517.21524
75,159,174,209.07391
75,160,161,833.43888
75,160,175,836.35622
75,161,162,1900.65524
75,161,176,1093.59352
75,162,163,174.18115
75,162,177,446.33329
75,163,164,802.60999
75,163,178,174.18115
75,164,179,693.61449
75,165,166,422.24692
75,165,180,963.53048
75,166,167,209.07391
75,166,181,1093.59352
75,167,168,602.79556
75,167,182,422.24692
75,168,169,1675.15172
75,168,183,379.95891
75,169,170,517.21524
75,169,184,960.24736
75,170,171,1301.08132
75,170,185,960.24736
75,171,172,1252.23459
75,171,186,833.43888
75,172,173,262.40795
75,172,187,1093.59352
75,173,174,362.5363
75,173,188,836.35622
75,174,175,517.21524
75,174,189,836.35622
75,175,176,730.0
75,175,190,960.24736
75,176,177,602.79556
75,176,191,1093.59352
75,177,178,730.0
75,177,192,602.79556
75,178,179,362.5363
75,178,193,960.24736
75,179,194,833.43888
75,180,181,629.39241
75,180,195,209.07391
75,181,182,629.39241
75,181,196,602.79556
75,182,183,836.35622
75,182,197,494.65187
75,183,184,494.65187
75,183,198,1484.15719
75,184,185,220.08914
75,184,199,1301.08132
75,185,186,174.18115
75,185,200,308.14336
75,186,187,362.5363
75,186,201,1301.08132
75,187,188,802.60999
75,187,202,174.18115
75,188,189,833.43888
75,188,203,836.35622
75,189,190,963.53048
75,189,204,730.0
75,190,191,1093.59352
75,190,205,833.43888
75,191,192,120.29231
75,191,206,145.99629
75,192,193,802.60999
75,192,207,1484.15719
75,193,194,1093.59352
75,193,208,517.21524
75,194,209,1252.23459
75,195,196,517.21524
75,195,210,963.53048
75,196,197,836.35622
75,196,211,836.35622
75,197,198,262.40795
75,197,212,220.08914
75,198,199,629.39241
75,198,213,1252.23459
75,199,200,422.24692
75,199,214,379.95891
75,200,201,963.53048
75,200,215,220.08914
75,201,202,602.79556
75,201,216,1675.15172
75,202,203,362.5363
75,202,217,446.33329
75,203,204,120.29231
75,203,218,1484.15719
75,204,205,963.53048
75,204,219,446.33329
75,205,206,422.24692
75,205,220,836.35622
75,206,207,308.14336
75,206,221,1900.65524
75,207,208,379.95891
75,207,222,602.79556
75,208,209,1301.08132
75,208,223,1900.65524
75,209,224,363.99259
75,210,211,1484.15719
75,211,212,494.65187
75,212,213,262.40795
75,213,214,1301.08132
75,214,215,802.60999
75,215,216,494.65187
75,216,217,306.8764
75,217,218,517.21524
75,218,219,836.35622
75,219,220,730.0
75,220,221,220.08914
75,221,222,602.79556
75,222,223,602.79556
75,223,224,120.29231
76,0,1,8723.7751
76,0,15,12438.68063
76,1,2,1590.93222
76,1,16,35.17895
76,2,3,12438.68063
76,2,17,8723.7751
76,3,4,7228.61905
76,3,18,4382.27148
76,4,5,81.47845
76,4,19,3472.89092
76,5,6,4382.27148
76,5,20,249.90451
76,6,7,409.20752
76,6,21,241.76266
76,7,8,396.89809
76,7,22,35.17895
76,8,9,7228.61905
76,8,23,35.17895
76,9,10,345.78638
76,9,24,3897.65194
76,10,11,288.9892
76,10,25,730.0
76,11,12,959.42804
76,11,26,959.42804
76,12,13,409.20752
76,12,27,730.0
76,13,14,4382.27148
76,13,28,3547.77146
76,14,29,7228.61905
76,15,16,959.42804
76,15,30,35.17895
76,16,17,6514.53659
76,16,31,12438.68063
76,17,18,8723.7751
76,17,32,1071.85168
76,18,19,1590.93222
76,18,33,345.78638
76,19,20,2284.31326
76,19,34,2232.47077
76,20,21,3472.89092
76,20,35,3897.65194
76,21,22,81.47845
76,21,36,4382.27148
76,22,23,249.90451
76,22,37,1071.85168
76,23,24,7228.61905
76,23,38,12438.68063
76,24,25,3472.89092
76,24,39,12438.68063
76,25,26,8723.7751
76,25,40,626.51723
76,26,27,1071.85168
76,26,41,626.51723
76,27,28,3897.65194
76,27,42,6514.53659
76,28,29,3547.77146
76,28,43,1071.85168
76,29,44,396.89809
76,30,31,7092.9643
76,30,45,3547.77146
76,31,32,3547.77146
76,31,46,2284.31326
76,32,33,288.9892
76,32,47,249.90451
76,33,34,120.00406
76,33,48,2232.47077
76,34,35,409.20752
76,34,49,3897.65194
76,35,36,1071.85168
76,35,50,409.20752
76,36,37,1761.69646
76,36,51,3472.89092
76,37,38,2284.31326
76,37,52,2284.31326
76,38,39,710.01893
76,38,53,124.53777
76,39,40,626.51723
76,39,54,288.9892
76,40,41,345.78638
76,40,55,249.90451
76,41,42,1590.93222
76,41,56,3547.77146
76,42,43,345.78638
76,42,57,3897.65194
76,43,44,1590.93222
76,43,58,1590.93222
76,44,59,3547.77146
76,45,46,959.42804
76,45,60,4896.94925
76,46,47,409.20752
76,46,61,8723.7751
76,47,48,1590.93222
76,47,62,7092.9643
76,48,49,35.17895
76,48,63,7092.9643
76,49,50,1071.85168
76,49,64,409.20752
76,50,51,6514.53659
76,50,65,4382.27148
76,51,52,710.01893
76,51,66,3897.65194
76,52,53,35.17895
76,52,67,3472.89092
76,53,54,3897.65194
76,53,68,3897.65194
76,54,55,626.51723
76,54,69,1590.93222
76,55,56,4382.27148
76,55,70,345.78638
76,56,57,124.53777
76,56,71,2527.44413
76,57,58,249.90451
76,57,72,396.89809
76,58,59,7092.9643
76,58,73,1761.69646
76,59,74,1761.69646
76,60,61,146.50627
76,60,75,2527.44413
76,61,62,12438.68063
76,61,76,3547.77146
76,62,63,1590.93222
76,62,77,146.50627
76,63,64,1761.69646
76,63,78,6514.53659
76,64,65,626.51723
76,64,79,2284.31326
76,65,66,730.0
76,65,80,626.51723
76,66,67,4896.94925
76,66,81,81.47845
76,67,68,6514.53659
76,67,82,2232.47077
76,68,69,6514.53659
76,68,83,120.00406
76,69,70,2527.44413
76,69,84,409.20752
76,70,71,4896.94925
76,70,85,1590.93222
76,71,72,710.01893
76,71,86,1071.85168
76,72,73,124.53777
76,72,87,396.89809
76,73,74,3547.77146
76,73,88,626.51723
76,74,89,2284.31326
76,75,76,1590.93222
76,75,90,959.42804
76,76,77,288.9892
76,76,91,35.17895
76,77,78,146.50627
76,77,92,396.89809
76,78,79,4382.27148
76,78,93,4896.94925
76,79,80,6514.53659
76,79,94,626.51723
76,80,81,120.00406
76,80,95,4896.94925
76,81,82,4382.27148
76,81,96,35.17895
76,82,83,4798.94605
76,82,97,241.76266
76,83,84,3547.77146
76,83,98,124.53777
76,84,85,288.9892
76,84,99,120.00406
76,85,86,3897.65194
76,85,100,396.89809
76,86,87,12438.68063
76,86,101,345.78638
76,87,88,626.51723
76,87,102,409.20752
76,88,89,3472.89092
76,88,103,6514.53659
76,89,104,124.53777
76,90,91,3472.89092
76,90,105,124.53777
76,91,92,6514.53659
76,91,106,409.20752
76,92,93,8723.7751
76,92,107,710.01893
76,93,94,3897.65194
76,93,108,710.01893
76,94,95,7092.9643
76,94,109,8723.7751
76,95,96,4896.94925
76,95,110,81.47845
76,96,97,345.78638
76,96,111,4798.94605
76,97,98,8723.7751
76,97,112,120.00406
76,98,99,120.00406
76,98,113,35.17895
76,99,100,120.00406
76,99,114,626.51723
76,100,101,35.17895
76,100,115,12438.68063
76,101,102,1590.93222
76,101,116,120.00406
76,102,103,3472.89092
76,102,117,1071.85168
76,103,104,7228.61905
76,103,118,1590.93222
76,104,119,81.47845
76,105,106,1590.93222
76,105,120,3897.65194
76,106,107,7092.9643
76,106,121,120.00406
76,107,108,4798.94605
76,107,122,35.17895
76,108,109,1761.69646
76,108,123,710.01893
76,109,110,3472.89092
76,109,124,8723.7751
76,110,111,2284.31326
76,110,125,345.78638
76,111,112,396.89809
76,111,126,3897.65194
76,112,113,2284.31326
76,112,127,730.0
76,113,114,396.89809
76,113,128,4382.27148
76,114,115,409.20752
76,114,129,1071.85168
76,115,116,3897.65194
76,115,130,396.89809
76,116,117,249.90451
76,116,131,730.0
76,117,118,1590.93222
76,117,132,2284.31326
76,118,119,2232.47077
76,118,133,241.76266
76,119,134,12438.68063
76,120,121,710.01893
76,120,135,730.0
76,121,122,120.00406
76,121,136,2232.47077
76,122,123,249.90451
76,122,137,81.47845
76,123,124,8723.7751
76,123,138,396.89809
76,124,125,249.90451
76,124,139,730.0
76,125,126,1590.93222
76,125,140,146.50627
76,126,127,241.76266
76,126,141,12438.68063
76,127,128,2527.44413
76,127,142,1590.93222
76,128,129,2527.44413
76,128,143,12438.68063
76,129,130,146.50627
76,129,144,4896.94925
76,130,131,409.20752
76,130,145,288.9892
76,131,132,12438.68063
76,131,146,345.78638
76,132,133,2284.31326
76,132,147,8723.7751
76,133,134,7228.61905
76,133,148,146.50627
76,134,149,8723.7751
76,135,136,124.53777
76,135,150,7092.9643
76,136,137,241.76266
76,136,151,730.0
76,137,138,2527.44413
76,137,152,4382.27148
76,138,139,1590.93222
76,138,153,124.53777
76,139,140,120.00406
76,139,154,2284.31326
76,140,141,7228.61905
76,140,155,959.42804
76,141,142,124.53777
76,141,156,2284.31326
76,142,143,288.9892
76,142,157,146.50627
76,143,144,81.47845
76,143,158,730.0
76,144,145,396.89809
76,144,159,730.0
76,145,146,3897.65194
76,145,160,81.47845
76,146,147,396.89809
76,146,161,2527.44413
76,147,148,3897.65194
76,147,162,345.78638
76,148,149,12438.68063
76,148,163,4382.27148
76,149,164,3897.65194
76,150,151,710.01893
76,150,165,12438.68063
76,151,152,146.50627
76,151,166,12438.68063
76,152,153,6514.53659
76,152,167,2284.31326
76,153,154,409.20752
76,153,168,409.20752
76,154,155,710.01893
76,154,169,2284.31326
76,155,156,241.76266
76,155,170,288.9892
76,156,157,959.42804
76,156,171,7228.61905
76,157,158,4798.94605
76,157,172,241.76266
76,158,159,35.17895
76,158,173,124.53777
76,159,160,396.89809
76,159,174,7092.9643
76,160,161,345.78638
76,160,175,146.50627
76,161,162,81.47845
76,161,176,120.00406
76,162,163,4798.94605
76,162,177,1590.93222
76,163,164,1761.69646
76,163,178,4798.94605
76,164,179,1071.85168
76,165,166,2232.47077
76,165,180,288.9892
76,166,167,7092.9643
76,166,181,120.00406
76,167,168,710.01893
76,167,182,2232.47077
76,168,169,35.17895
76,168,183,959.42804
76,169,170,2284.31326
76,169,184,626.51723
76,170,171,124.53777
76,170,185,626.51723
76,171,172,241.76266
76,171,186,345.78638
76,172,173,7228.61905
76,172,187,120.00406
76,173,174,6514.53659
76,173,188,146.50627
76,174,175,396.89809
76,174,189,146.50627
76,175,176,730.0
76,175,190,626.51723
76,176,177,710.01893
76,176,191,120.00406
76,177,178,730.0
76,177,192,710.01893
76,178,179,6514.53659
76,178,193,626.51723
76,179,194,345.78638
76,180,181,409.20752
76,180,195,7092.9643
76,181,182,409.20752
76,181,196,3547.77146
76,182,183,146.50627
76,182,197,3472.89092
76,183,184,3472.89092
76,183,198,249.90451
76,184,185,4896.94925
76,184,199,124.53777
76,185,186,4798.94605
76,185,200,2527.44413
76,186,187,6514.53659
76,186,201,124.53777
76,187,188,1761.69646
76,187,202,4798.94605
76,188,189,345.78638
76,188,203,146.50627
76,189,190,288.9892
76,189,204,730.0
76,190,191,120.00406
76,190,205,345.78638
76,191,192,8723.7751
76,191,206,12438.68063
76,192,193,1761.69646
76,192,207,249.90451
76,193,194,120.00406
76,193,208,396.89809
76,194,209,241.76266
76,195,196,396.89809
76,195,210,288.9892
76,196,197,146.50627
76,196,211,146.50627
76,197,198,7228.61905
76,197,212,4896.94925
76,198,199,409.20752
76,198,213,241.76266
76,199,200,2232.47077
76,199,214,959.42804
76,200,201,288.9892
76,200,215,4896.94925
76,201,202,710.01893
76,201,216,35.17895
76,202,203,6514.53659
76,202,217,1590.93222
76,203,204,8723.7751
76,203,218,249.90451
76,204,205,288.9892
76,204,219,1590.93222
76,205,206,2232.47077
76,205,220,146.50627
76,206,207,2527.44413
76,206,221,81.47845
76,207,208,959.42804
76,207,222,3547.77146
76,208,209,124.53777
76,208,223,81.47845
76,209,224,3897.65194
76,210,211,249.90451
76,211,212,3472.89092
76,212,213,7228.61905
76,213,214,124.53777
76,214,215,1761.69646
76,215,216,3472.89092
76,216,217,4382.27148
76,217,218,2284.31326
76,218,219,146.50627
76,219,220,730.0
76,220,221,4896.94925
76,221,222,710.01893
76,222,223,3547.77146
76,223,224,8723.7751
77,0,1,717.05607
77,0,15,392.99393
77,1,2,222.49439
77,1,16,2279.25279
77,2,3,392.99393
77,2,17,717.05607
77,3,4,1169.70782
77,3,18,985.09984
77,4,5,1393.45858
77,4,19,801.19958
77,5,6,985.09984
77,5,20,1001.96442
77,6,7,1259.41114
77,6,21,484.37626
77,7,8,626.51723
77,7,22,2279.25279
77,8,9,1169.70782
77,8,23,2279.25279
77,9,10,606.13772
77,9,24,1613.54287
77,10,11,1032.92768
77,10,25,730.0
77,11,12,429.31408
77,11,26,429.31408
77,12,13,1259.41114
77,12,27,730.0
77,13,14,985.09984
77,13,28,1568.58639
77,14,29,1169.70782
77,15,16,429.31408
77,15,30,2279.25279
77,16,17,557.59627
77,16,31,392.99393
77,17,18,717.05607
77,17,32,3375.88284
77,18,19,222.49439
77,18,33,606.13772
77,19,20,2542.17518
77,19,34,1371.24546
77,20,21,801.19958
77,20,35,1613.54287
77,21,22,1393.45858
77,21,36,985.09984
77,22,23,1001.96442
77,22,37,3375.88284
77,23,24,1169.70782
77,23,38,392.99393
77,24,25,801.19958
77,24,39,392.99393
77,25,26,717.05607
77,25,40,326.34518
77,26,27,3375.88284
77,26,41,326.34518
77,27,28,1613.54287
77,27,42,557.59627
77,28,29,1568.58639
77,28,43,3375.88284
77,29,44,626.51723
77,30,31,576.60777
77,30,45,1568.58639
77,31,32,1568.58639
77,31,46,2542.17518
77,32,33,1032.92768
77,32,47,1001.96442
77,33,34,866.7534
77,33,48,1371.24546
77,34,35,1259.41114
77,34,49,1613.54287
77,35,36,3375.88284
77,35,50,1259.41114
77,36,37,2131.72468
77,36,51,801.19958
77,37,38,2542.17518
77,37,52,2542.17518
77,38,39,338.51426
77,38,53,1682.98888
77,39,40,326.34518
77,39,54,1032.92768
77,40,41,606.13772
77,40,55,1001.96442
77,41,42,222.49439
77,41,56,1568.58639
77,42,43,606.13772
77,42,57,1613.54287
77,43,44,222.49439
77,43,58,222.49439
77,44,59,1568.58639
77,45,46,429.31408
77,45,60,1940.09963
77,46,47,1259.41114
77,46,61,717.05607
77,47,48,222.49439
77,47,62,576.60777
77,48,49,2279.25279
77,48,63,576.60777
77,49,50,3375.88284
77,49,64,1259.41114
77,50,51,557.59627
77,50,65,985.09984
77,51,52,338.51426
77,51,66,1613.54287
77,52,53,2279.25279
77,52,67,801.19958
77,53,54,1613.54287
77,53,68,1613.54287
77,54,55,326.34518
77,54,69,222.49439
77,55,56,985.09984
77,55,70,606.13772
77,56,57,1682.98888
77,56,71,2609.35381
77,57,58,1001.96442
77,57,72,626.51723
77,58,59,576.60777
77,58,73,2131.72468
77,59,74,2131.72468
77,60,61,1730.65671
77,60,75,2609.35381
77,61,62,392.99393
77,61,76,1568.58639
77,62,63,222.49439
77,62,77,1730.65671
77,63,64,2131.72468
77,63,78,557.59627
77,64,65,326.34518
77,64,79,2542.17518
77,65,66,730.0
77,65,80,326.34518
77,66,67,1940.09963
77,66,81,1393.45858
77,67,68,557.59627
77,67,82,1371.24546
77,68,69,557.59627
77,68,83,866.7534
77,69,70,2609.35381
77,69,84,1259.41114
77,70,71,1940.09963
77,70,85,222.49439
77,71,72,338.51426
77,71,86,3375.88284
77,72,73,1682.98888
77,72,87,626.51723
77,73,74,1568.58639
77,73,88,326.34518
77,74,89,2542.17518
77,75,76,222.49439
77,75,90,429.31408
77,76,77,1032.92768
77,76,91,2279.25279
77,77,78,1730.65671
77,77,92,626.51723
77,78,79,985.09984
77,78,93,1940.09963
77,79,80,557.59627
77,79,94,326.34518
77,80,81,866.7534
77,80,95,1940.09963
77,81,82,985.09984
77,81,96,2279.25279
77,82,83,1015.62886
77,82,97,484.37626
77,83,84,1568.58639
77,83,98,1682.98888
77,84,85,1032.92768
77,84,99,866.7534
77,85,86,1613.54287
77,85,100,626.51723
77,86,87,392.99393
77,86,101,606.13772
77,87,88,326.34518
77,87,102,1259.41114
77,88,89,801.19958
77,88,103,557.59627
77,89,104,1682.98888
77,90,91,801.19958
77,90,105,1682.98888
77,91,92,557.59627
77,91,106,1259.41114
77,92,93,717.05607
77,92,107,338.51426
77,93,94,1613.54287
77,93,108,338.51426
77,94,95,576.60777
77,94,109,717.05607
77,95,96,1940.09963
77,95,110,1393.45858
77,96,97,606.13772
77,96,111,1015.62886
77,97,98,717.05607
77,97,112,866.7534
77,98,99,866.7534
77,98,113,2279.25279
77,99,100,866.7534
77,99,114,326.34518
77,100,101,2279.25279
77,100,115,392.99393
77,101,102,222.49439
77,101,116,866.7534
77,102,103,801.19958
77,102,117,3375.88284
77,103,104,1169.70782
77,103,118,222.49439
77,104,119,1393.45858
77,105,106,222.49439
77,105,120,1613.54287
77,106,107,576.60777
77,106,121,866.7534
77,107,108,1015.62886
77,107,122,2279.25279
77,108,109,2131.72468
77,108,123,338.51426
77,109,110,801.19958
77,109,124,717.05607
77,110,111,2542.17518
77,110,125,606.13772
77,111,112,626.51723
77,111,126,1613.54287
77,112,113,2542.17518
77,112,127,730.0
77,113,114,626.51723
77,113,128,985.09984
77,114,115,1259.41114
77,114,129,3375.88284
77,115,116,1613.54287
77,115,130,626.51723
77,116,117,1001.96442
77,116,131,730.0
77,117,118,222.49439
77,117,132,2542.17518
77,118,119,1371.24546
77,118,133,484.37626
77,119,134,392.99393
77,120,121,338.51426
77,120,135,730.0
77,121,122,866.7534
77,121,136,1371.24546
77,122,123,1001.96442
77,122,137,1393.45858
77,123,124,717.05607
77,123,138,626.51723
77,124,125,1001.96442
77,124,139,730.0
77,125,126,222.49439
77,125,140,1730.65671
77,126,127,484.37626
77,126,141,392.99393
77,127,128,2609.35381
77,127,142,222.49439
77,128,129,2609.35381
77,128,143,392.99393
77,129,130,1730.65671
77,129,144,1940.09963
77,130,131,1259.41114
77,130,145,1032.92768
77,131,132,392.99393
77,131,146,606.13772
77,132,133,2542.17518
77,132,147,717.05607
77,133,134,1169.70782
77,133,148,1730.65671
77,134,149,717.05607
77,135,136,1682.98888
77,135,150,576.60777
77,136,137,484.37626
77,136,151,730.0
77,137,138,2609.35381
77,137,152,985.09984
77,138,139,222.49439
77,138,153,1682.98888
77,139,140,866.7534
77,139,154,2542.17518
77,140,141,1169.70782
77,140,155,429.31408
77,141,142,1682.98888
77,141,156,2542.17518
77,142,143,1032.92768
77,142,157,1730.65671
77,143,144,1393.45858
77,143,158,730.0
77,144,145,626.51723
77,144,159,730.0
77,145,146,1613.54287
77,145,160,1393.45858
77,146,147,626.51723
77,146,161,2609.35381
77,147,148,1613.54287
77,147,162,606.13772
77,148,149,392.99393
77,148,163,985.09984
77,149,164,1613.54287
77,150,151,338.51426
77,150,165,392.99393
77,151,152,1730.65671
77,151,166,392.99393
77,152,153,557.59627
77,152,167,2542.17518
77,153,154,1259.41114
77,153,168,1259.41114
77,154,155,338.51426
77,154,169,2542.17518
77,155,156,484.37626
77,155,170,1032.92768
77,156,157,429.31408
77,156,171,1169.70782
77,157,158,1015.62886
77,157,172,484.37626
77,158,159,2279.25279
77,158,173,1682.98888
77,159,160,626.51723
77,159,174,576.60777
77,160,161,606.13772
77,160,175,1730.65671
77,161,162,1393.45858
77,161,176,866.7534
77,162,163,1015.62886
77,162,177,222.49439
77,163,164,2131.72468
77,163,178,1015.62886
77,164,179,3375.88284
77,165,166,1371.24546
77,165,180,1032.92768
77,166,167,576.60777
77,166,181,866.7534
77,167,168,338.51426
77,167,182,1371.24546
77,168,169,2279.25279
77,168,183,429.31408
77,169,170,2542.17518
77,169,184,326.34518
77,170,171,1682.98888
77,170,185,326.34518
77,171,172,484.37626
77,171,186,606.13772
77,172,173,1169.70782
77,172,187,866.7534
77,173,174,557.59627
77,173,188,1730.65671
77,174,175,626.51723
77,174,189,1730.65671
77,175,176,730.0
77,175,190,326.34518
77,176,177,338.51426
77,176,191,866.7534
77,177,178,730.0
77,177,192,338.51426
77,178,179,557.59627
77,178,193,326.34518
77,179,194,606.13772
77,180,181,1259.41114
77,180,195,576.60777
77,181,182,1259.41114
77,181,196,1568.58639
77,182,183,1730.65671
77,182,197,801.19958
77,183,184,801.19958
77,183,198,1001.96442
77,184,185,1940.09963
77,184,199,1682.98888
77,185,186,1015.62886
77,185,200,2609.35381
77,186,187,557.59627
77,186,201,1682.98888
77,187,188,2131.72468
77,187,202,1015.62886
77,188,189,606.13772
77,188,203,1730.65671
77,189,190,1032.92768
77,189,204,730.0
77,190,191,866.7534
77,190,205,606.13772
77,191,192,717.05607
77,191,206,392.99393
77,192,193,2131.72468
77,192,207,1001.96442
77,193,194,866.7534
77,193,208,626.51723
77,194,209,484.37626
77,195,196,626.51723
77,195,210,1032.92768
77,196,197,1730.65671
77,196,211,1730.65671
77,197,198,1169.70782
77,197,212,1940.09963
77,198,199,1259.41114
77,198,213,484.37626
77,199,200,1371.24546
77,199,214,429.31408
77,200,201,1032.92768
77,200,215,1940.09963
77,201,202,338.51426
77,201,216,2279.25279
77,202,203,557.59627
77,202,217,222.49439
77,203,204,717.05607
77,203,218,1001.96442
77,204,205,1032.92768
77,204,219,222.49439
77,205,206,1371.24546
77,205,220,1730.65671
77,206,207,2609.35381
77,206,221,1393.45858
77,207,208,429.31408
77,207,222,1568.58639
77,208,209,1682.98888
77,208,223,1393.45858
77,209,224,1613.54287
77,210,211,1001.96442
77,211,212,801.19958
77,212,213,1169.70782
77,213,214,1682.98888
77,214,215,2131.72468
77,215,216,801.19958
77,216,217,985.09984
77,217,218,2542.17518
77,218,219,1730.65671
77,219,220,730.0
77,220,221,1940.09963
77,221,222,338.51426
77,222,223,1568.58639
77,223,224,717.05607
78,0,1,703.03952
78,0,15,601.68493
78,1,2,1956.36405
78,1,16,5634.38041
78,2,3,601.68493
78,2,17,703.03952
78,3,4,177.55425
78,3,18,2257.43196
78,4,5,5048.71321
78,4,19,4390.99746
78,5,6,2257.43196
78,5,20,2328.56436
78,6,7,848.85013
78,6,21,10480.26678
78,7,8,4849.32212
78,7,22,5634.38041
78,8,9,177.55425
78,8,23,5634.38041
78,9,10,5919.73596
78,9,24,559.68245
78,10,11,1843.44962
78,10,25,730.0
78,11,12,2224.20168
78,11,26,2224.20168
78,12,13,848.85013
78,12,27,730.0
78,13,14,2257.43196
78,13,28,743.13834
78,14,29,177.55425
78,15,16,2224.20168
78,15,30,5634.38041
78,16,17,1986.22699
78,16,31,601.68493
78,17,18,703.03952
78,17,32,2130.13135
78,18,19,1956.36405
78,18,33,5919.73596
78,19,20,863.74784
78,19,34,4912.91133
78,20,21,4390.99746
78,20,35,559.68245
78,21,22,5048.71321
78,21,36,2257.43196
78,22,23,2328.56436
78,22,37,2130.13135
78,23,24,177.55425
78,23,38,601.68493
78,24,25,4390.99746
78,24,39,601.68493
78,25,26,703.03952
78,25,40,5309.22276
78,26,27,2130.13135
78,26,41,5309.22276
78,27,28,559.68245
78,27,42,1986.22699
78,28,29,743.13834
78,28,43,2130.13135
78,29,44,4849.32212
78,30,31,1562.42588
78,30,45,743.13834
78,31,32,743.13834
78,31,46,863.74784
78,32,33,1843.44962
78,32,47,2328.56436
78,33,34,11551.07173
78,33,48,4912.91133
78,34,35,848.85013
78,34,49,559.68245
78,35,36,2130.13135
78,35,50,848.85013
78,36,37,1871.87023
78,36,51,4390.99746
78,37,38,863.74784
78,37,52,863.74784
78,38,39,4333.09678
78,38,53,2637.77832
78,39,40,5309.22276
78,39,54,1843.44962
78,40,41,5919.73596
78,40,55,2328.56436
78,41,42,1956.36405
78,41,56,743.13834
78,42,43,5919.73596
78,42,57,559.68245
78,43,44,1956.36405
78,43,58,1956.36405
78,44,59,743.13834
78,45,46,2224.20168
78,45,60,214.63954
78,46,47,848.85013
78,46,61,703.03952
78,47,48,1956.36405
78,47,62,1562.42588
78,48,49,5634.38041
78,48,63,1562.42588
78,49,50,2130.13135
78,49,64,848.85013
78,50,51,1986.22699
78,50,65,2257.43196
78,51,52,4333.09678
78,51,66,559.68245
78,52,53,5634.38041
78,52,67,4390.99746
78,53,54,559.68245
78,53,68,559.68245
78,54,55,5309.22276
78,54,69,1956.36405
78,55,56,2257.43196
78,55,70,5919.73596
78,56,57,2637.77832
78,56,71,655.17236
78,57,58,2328.56436
78,57,72,4849.32212
78,58,59,1562.42588
78,58,73,1871.87023
78,59,74,1871.87023
78,60,61,2098.47278
78,60,75,655.17236
78,61,62,601.68493
78,61,76,743.13834
78,62,63,1956.36405
78,62,77,2098.47278
78,63,64,1871.87023
78,63,78,1986.22699
78,64,65,5309.22276
78,64,79,863.74784
78,65,66,730.0
78,65,80,5309.22276
78,66,67,214.63954
78,66,81,5048.71321
78,67,68,1986.22699
78,67,82,4912.91133
78,68,69,1986.22699
78,68,83,11551.07173
78,69,70,655.17236
78,69,84,848.85013
78,70,71,214.63954
78,70,85,1956.36405
78,71,72,4333.09678
78,71,86,2130.13135
78,72,73,2637.77832
78,72,87,4849.32212
78,73,74,743.13834
78,73,88,5309.22276
78,74,89,863.74784
78,75,76,1956.36405
78,75,90,2224.20168
78,76,77,1843.44962
78,76,91,5634.38041
78,77,78,2098.47278
78,77,92,4849.32212
78,78,79,2257.43196
78,78,93,214.63954
78,79,80,1986.22699
78,79,94,5309.22276
78,80,81,11551.07173
78,80,95,214.63954
78,81,82,2257.43196
78,81,96,5634.38041
78,82,83,1784.93603
78,82,97,10480.26678
78,83,84,743.13834
78,83,98,2637.77832
78,84,85,1843.44962
78,84,99,11551.07173
78,85,86,559.68245
78,85,100,4849.32212
78,86,87,601.68493
78,86,101,5919.73596
78,87,88,5309.22276
78,87,102,848.85013
78,88,89,4390.99746
78,88,103,1986.22699
78,89,104,2637.77832
78,90,91,4390.99746
78,90,105,2637.77832
78,91,92,1986.22699
78,91,106,848.85013
78,92,93,703.03952
78,92,107,4333.09678
78,93,94,559.68245
78,93,108,4333.09678
78,94,95,1562.42588
78,94,109,703.03952
78,95,96,214.63954
78,95,110,5048.71321
78,96,97,5919.73596
78,96,111,1784.93603
78,97,98,703.03952
78,97,112,11551.07173
78,98,99,11551.07173
78,98,113,5634.38041
78,99,100,11551.07173
78,99,114,5309.22276
78,100,101,5634.38041
78,100,115,601.68493
78,101,102,1956.36405
78,101,116,11551.07173
78,102,103,4390.99746
78,102,117,2130.13135
78,103,104,177.55425
78,103,118,1956.36405
78,104,119,5048.71321
78,105,106,1956.36405
78,105,120,559.68245
78,106,107,1562.42588
78,106,121,11551.07173
78,107,108,1784.93603
78,107,122,5634.38041
78,108,109,1871.87023
78,108,123,4333.09678
78,109,110,4390.99746
78,109,124,703.03952
78,110,111,863.74784
78,110,125,5919.73596
78,111,112,4849.32212
78,111,126,559.68245
78,112,113,863.74784
78,112,127,730.0
78,113,114,4849.32212
78,113,128,2257.43196
78,114,115,848.85013
78,114,129,2130.13135
78,115,116,559.68245
78,115,130,4849.32212
78,116,117,2328.56436
78,116,131,730.0
78,117,118,1956.36405
78,117,132,863.74784
78,118,119,4912.91133
78,118,133,10480.26678
78,119,134,601.68493
78,120,121,4333.09678
78,120,135,730.0
78,121,122,11551.07173
78,121,136,4912.91133
78,122,123,2328.56436
78,122,137,5048.71321
78,123,124,703.03952
78,123,138,4849.32212
78,124,125,2328.56436
78,124,139,730.0
78,125,126,1956.36405
78,125,140,2098.47278
78,126,127,10480.26678
78,126,141,601.68493
78,127,128,655.17236
78,127,142,1956.36405
78,128,129,655.17236
78,128,143,601.68493
78,129,130,2098.47278
78,129,144,214.63954
78,130,131,848.85013
78,130,145,1843.44962
78,131,132,601.68493
78,131,146,5919.73596
78,132,133,863.74784
78,132,147,703.03952
78,133,134,177.55425
78,133,148,2098.47278
78,134,149,703.03952
78,135,136,2637.77832
78,135,150,1562.42588
78,136,137,10480.26678
78,136,151,730.0
78,137,138,655.17236
78,137,152,2257.43196
78,138,139,1956.36405
78,138,153,2637.77832
78,139,140,11551.07173
78,139,154,863.74784
78,140,141,177.55425
78,140,155,2224.20168
78,141,142,2637.77832
78,141,156,863.74784
78,142,143,1843.44962
78,142,157,2098.47278
78,143,144,5048.71321
78,143,158,730.0
78,144,145,4849.32212
78,144,159,730.0
78,145,146,559.68245
78,145,160,5048.71321
78,146,147,4849.32212
78,146,161,655.17236
78,147,148,559.68245
78,147,162,5919.73596
78,148,149,601.68493
78,148,163,2257.43196
78,149,164,559.68245
78,150,151,4333.09678
78,150,165,601.68493
78,151,152,2098.47278
78,151,166,601.68493
78,152,153,1986.22699
78,152,167,863.74784
78,153,154,848.85013
78,153,168,848.85013
78,154,155,4333.09678
78,154,169,863.74784
78,155,156,10480.26678
78,155,170,1843.44962
78,156,157,2224.20168
78,156,171,177.55425
78,157,158,1784.93603
78,157,172,10480.26678
78,158,159,5634.38041
78,158,173,2637.77832
78,159,160,4849.32212
78,159,174,1562.42588
78,160,161,5919.73596
78,160,175,2098.47278
78,161,162,5048.71321
78,161,176,11551.07173
78,162,163,1784.93603
78,162,177,1956.36405
78,163,164,1871.87023
78,163,178,1784.93603
78,164,179,2130.13135
78,165,166,4912.91133
78,165,180,1843.44962
78,166,167,1562.42588
78,166,181,11551.07173
78,167,168,4333.09678
78,167,182,4912.91133
78,168,169,5634.38041
78,168,183,2224.20168
78,169,170,863.74784
78,169,184,5309.22276
78,170,171,2637.77832
78,170,185,5309.22276
78,171,172,10480.26678
78,171,186,5919.73596
78,172,173,177.55425
78,172,187,11551.07173
78,173,174,1986.22699
78,173,188,2098.47278
78,174,175,4849.32212
78,174,189,2098.47278
78,175,176,730.0
78,175,190,5309.22276
78,176,177,4333.09678
78,176,191,11551.07173
78,177,178,730.0
78,177,192,4333.09678
78,178,179,1986.22699
78,178,193,5309.22276
78,179,194,5919.73596
78,180,181,848.85013
78,180,195,1562.42588
78,181,182,848.85013
78,181,196,743.13834
78,182,183,2098.47278
78,182,197,4390.99746
78,183,184,4390.99746
78,183,198,2328.56436
78,184,185,214.63954
78,184,199,2637.77832
78,185,186,1784.93603
78,185,200,655.17236
78,186,187,1986.22699
78,186,201,2637.77832
78,187,188,1871.87023
78,187,202,1784.93603
78,188,189,5919.73596
78,188,203,2098.47278
78,189,190,1843.44962
78,189,204,730.0
78,190,191,11551.07173
78,190,205,5919.73596
78,191,192,703.03952
78,191,206,601.68493
78,192,193,1871.87023
78,192,207,2328.56436
78,193,194,11551.07173
78,193,208,4849.32212
78,194,209,10480.26678
78,195,196,4849.32212
78,195,210,1843.44962
78,196,197,2098.47278
78,196,211,2098.47278
78,197,198,177.55425
78,197,212,214.63954
78,198,199,848.85013
78,198,213,10480.26678
78,199,200,4912.91133
78,199,214,2224.20168
78,200,201,1843.44962
78,200,215,214.63954
78,201,202,4333.09678
78,201,216,5634.38041
78,202,203,1986.22699
78,202,217,1956.36405
78,203,204,703.03952
78,203,218,2328.56436
78,204,205,1843.44962
78,204,219,1956.36405
78,205,206,4912.91133
78,205,220,2098.47278
78,206,207,655.17236
78,206,221,5048.71321
78,207,208,2224.20168
78,207,222,743.13834
78,208,209,2637.77832
78,208,223,5048.71321
78,209,224,559.68245
78,210,211,2328.56436
78,211,212,4390.99746
78,212,213,177.55425
78,213,214,2637.77832
78,214,215,1871.87023
78,215,216,4390.99746
78,216,217,2257.43196
78,217,218,863.74784
78,218,219,2098.47278
78,219,220,730.0
78,220,221,214.63954
78,221,222,4333.09678
78,222,223,743.13834
78,223,224,703.03952
79,0,1,725.44763
79,0,15,867.50616
79,1,2,734.57619
79,1,16,266.59657
79,2,3,867.50616
79,2,17,725.44763
79,3,4,862.24832
79,3,18,636.33782
79,4,5,329.01731
79,4,19,400.43948
79,5,6,636.33782
79,5,20,640.41877
79,6,7,607.25521
79,6,21,331.37041
79,7,8,312.29122
79,7,22,266.59657
79,8,9,862.24832
79,8,23,266.59657
79,9,10,534.06792
79,9,24,458.13686
79,10,11,380.71554
79,10,25,730.0
79,11,12,611.17996
79,11,26,611.17996
79,12,13,607.25521
79,12,27,730.0
79,13,14,636.33782
79,13,28,759.16423
79,14,29,862.24832
79,15,16,611.17996
79,15,30,266.59657
79,16,17,763.8924
79,16,31,867.50616
79,17,18,725.44763
79,17,32,324.35301
79,18,19,734.57619
79,18,33,534.06792
79,19,20,632.2786
79,19,34,326.6782
79,20,21,400.43948
79,20,35,458.13686
79,21,22,329.01731
79,21,36,636.33782
79,22,23,640.41877
79,22,37,324.35301
79,23,24,862.24832
79,23,38,867.50616
79,24,25,400.43948
79,24,39,867.50616
79,25,26,725.44763
79,25,40,644.52154
79,26,27,324.35301
79,26,41,644.52154
79,27,28,458.13686
79,27,42,763.8924
79,28,29,759.16423
79,28,43,324.35301
79,29,44,312.29122
79,30,31,461.23923
79,30,45,759.16423
79,31,32,759.16423
79,31,46,632.2786
79,32,33,380.71554
79,32,47,640.41877
79,33,34,268.57031
79,33,48,326.6782
79,34,35,607.25521
79,34,49,458.13686
79,35,36,324.35301
79,35,50,607.25521
79,36,37,397.6828
79,36,51,400.43948
79,37,38,632.2786
79,37,52,632.2786
79,38,39,383.37367
79,38,53,530.56129
79,39,40,644.52154
79,39,54,380.71554
79,40,41,534.06792
79,40,55,640.41877
79,41,42,734.57619
79,41,56,759.16423
79,42,43,534.06792
79,42,57,458.13686
79,43,44,734.57619
79,43,58,734.57619
79,44,59,759.16423
79,45,46,611.17996
79,45,60,720.91897
79,46,47,607.25521
79,46,61,725.44763
79,47,48,734.57619
79,47,62,461.23923
79,48,49,266.59657
79,48,63,461.23923
79,49,50,324.35301
79,49,64,607.25521
79,50,51,763.8924
79,50,65,636.33782
79,51,52,383.37367
79,51,66,458.13686
79,52,53,266.59657
79,52,67,400.43948
79,53,54,458.13686
79,53,68,458.13686
79,54,55,644.52154
79,54,69,734.57619
79,55,56,636.33782
79,55,70,534.06792
79,56,57,530.56129
79,56,71,375.44546
79,57,58,640.41877
79,57,72,312.29122
79,58,59,461.23923
79,58,73,397.6828
79,59,74,397.6828
79,60,61,310.05199
79,60,75,375.44546
79,61,62,867.50616
79,61,76,759.16423
79,62,63,734.57619
79,62,77,310.05199
79,63,64,397.6828
79,63,78,763.8924
79,64,65,644.52154
79,64,79,632.2786
79,65,66,730.0
79,65,80,644.52154
79,66,67,720.91897
79,66,81,329.01731
79,67,68,763.8924
79,67,82,326.6782
79,68,69,763.8924
79,68,83,268.57031
79,69,70,375.44546
79,69,84,607.25521
79,70,71,720.91897
79,70,85,734.57619
79,71,72,383.37367
79,71,86,324.35301
79,72,73,530.56129
79,72,87,312.29122
79,73,74,759.16423
79,73,88,644.52154
79,74,89,632.2786
79,75,76,734.57619
79,75,90,611.17996
79,76,77,380.71554
79,76,91,266.59657
79,77,78,310.05199
79,77,92,312.29122
79,78,79,636.33782
79,78,93,720.91897
79,79,80,763.8924
79,79,94,644.52154
79,80,81,268.57031
79,80,95,720.91897
79,81,82,636.33782
79,81,96,266.59657
79,82,83,378.07283
79,82,97,331.37041
79,83,84,759.16423
79,83,98,530.56129
79,84,85,380.71554
79,84,99,268.57031
79,85,86,458.13686
79,85,100,312.29122
79,86,87,867.50616
79,86,101,534.06792
79,87,88,644.52154
79,87,102,607.25521
79,88,89,400.43948
79,88,103,763.8924
79,89,104,530.56129
79,90,91,400.43948
79,90,105,530.56129
79,91,92,763.8924
79,91,106,607.25521
79,92,93,725.44763
79,92,107,383.37367
79,93,94,458.13686
79,93,108,383.37367
79,94,95,461.23923
79,94,109,725.44763
79,95,96,720.91897
79,95,110,329.01731
79,96,97,534.06792
79,96,111,378.07283
79,97,98,725.44763
79,97,112,268.57031
79,98,99,268.57031
79,98,113,266.59657
79,99,100,268.57031
79,99,114,644.52154
79,100,101,266.59657
79,100,115,867.50616
79,101,102,734.57619
79,101,116,268.57031
79,102,103,400.43948
79,102,117,324.35301
79,103,104,862.24832
79,103,118,734.57619
79,104,119,329.01731
79,105,106,734.57619
79,105,120,458.13686
79,106,107,461.23923
79,106,121,268.57031
79,107,108,378.07283
79,107,122,266.59657
79,108,109,397.6828
79,108,123,383.37367
79,109,110,400.43948
79,109,124,725.44763
79,110,111,632.2786
79,110,125,534.06792
79,111,112,312.29122
79,111,126,458.13686
79,112,113,632.2786
79,112,127,730.0
79,113,114,312.29122
79,113,128,636.33782
79,114,115,607.25521
79,114,129,324.35301
79,115,116,458.13686
79,115,130,312.29122
79,116,117,640.41877
79,116,131,730.0
79,117,118,734.57619
79,117,132,632.2786
79,118,119,326.6782
79,118,133,331.37041
79,119,134,867.50616
79,120,121,383.37367
79,120,135,730.0
79,121,122,268.57031
79,121,136,326.6782
79,122,123,640.41877
79,122,137,329.01731
79,123,124,725.44763
79,123,138,312.29122
79,124,125,640.41877
79,124,139,730.0
79,125,126,734.57619
79,125,140,310.05199
79,126,127,331.37041
79,126,141,867.50616
79,127,128,375.44546
79,127,142,734.57619
79,128,129,375.44546
79,128,143,867.50616
79,129,130,310.05199
79,129,144,720.91897
79,130,131,607.25521
79,130,145,380.71554
79,131,132,867.50616
79,131,146,534.06792
79,132,133,632.2786
79,132,147,725.44763
79,133,134,862.24832
79,133,148,310.05199
79,134,149,725.44763
79,135,136,530.56129
79,135,150,461.23923
79,136,137,331.37041
79,136,151,730.0
79,137,138,375.44546
79,137,152,636.33782
79,138,139,734.57619
79,138,153,530.56129
79,139,140,268.57031
79,139,154,632.2786
79,140,141,862.24832
79,140,155,611.17996
79,141,142,530.56129
79,141,156,632.2786
79,142,143,380.71554
79,142,157,310.05199
79,143,144,329.01731
79,143,158,730.0
79,144,145,312.29122
79,144,159,730.0
79,145,146,458.13686
79,145,160,329.01731
79,146,147,312.29122
79,146,161,375.44546
79,147,148,458.13686
79,147,162,534.06792
79,148,149,867.50616
79,148,163,636.33782
79,149,164,458.13686
79,150,151,383.37367
79,150,165,867.50616
79,151,152,310.05199
79,151,166,867.50616
79,152,153,763.8924
79,152,167,632.2786
79,153,154,607.25521
79,153,168,607.25521
79,154,155,383.37367
79,154,169,632.2786
79,155,156,331.37041
79,155,170,380.71554
79,156,157,611.17996
79,156,171,862.24832
79,157,158,378.07283
79,157,172,331.37041
79,158,159,266.59657
79,158,173,530.56129
79,159,160,312.29122
79,159,174,461.23923
79,160,161,534.06792
79,160,175,310.05199
79,161,162,329.01731
79,161,176,268.57031
79,162,163,378.07283
79,162,177,734.57619
79,163,164,397.6828
79,163,178,378.07283
79,164,179,324.35301
79,165,166,326.6782
79,165,180,380.71554
79,166,167,461.23923
79,166,181,268.57031
79,167,168,383.37367
79,167,182,326.6782
79,168,169,266.59657
79,168,183,611.17996
79,169,170,632.2786
79,169,184,644.52154
79,170,171,530.56129
79,170,185,644.52154
79,171,172,331.37041
79,171,186,534.06792
79,172,173,862.24832
79,172,187,268.57031
79,173,174,763.8924
79,173,188,310.05199
79,174,175,312.29122
79,174,189,310.05199
79,175,176,730.0
79,175,190,644.52154
79,176,177,383.37367
79,176,191,268.57031
79,177,178,730.0
79,177,192,383.37367
79,178,179,763.8924
79,178,193,644.52154
79,179,194,534.06792
79,180,181,607.25521
79,180,195,461.23923
79,181,182,607.25521
79,181,196,759.16423
79,182,183,310.05199
79,182,197,400.43948
79,183,184,400.43948
79,183,198,640.41877
79,184,185,720.91897
79,184,199,530.56129
79,185,186,378.07283
79,185,200,375.44546
79,186,187,763.8924
79,186,201,530.56129
79,187,188,397.6828
79,187,202,378.07283
79,188,189,534.06792
79,188,203,310.05199
79,189,190,380.71554
79,189,204,730.0
79,190,191,268.57031
79,190,205,534.06792
79,191,192,725.44763
79,191,206,867.50616
79,192,193,397.6828
79,192,207,640.41877
79,193,194,268.57031
79,193,208,312.29122
79,194,209,331.37041
79,195,196,312.29122
79,195,210,380.71554
79,196,197,310.05199
79,196,211,310.05199
79,197,198,862.24832
79,197,212,720.91897
79,198,199,607.25521
79,198,213,331.37041
79,199,200,326.6782
79,199,214,611.17996
79,200,201,380.71554
79,200,215,720.91897
79,201,202,383.37367
79,201,216,266.59657
79,202,203,763.8924
79,202,217,734.57619
79,203,204,725.44763
79,203,218,640.41877
79,204,205,380.71554
79,204,219,734.57619
79,205,206,326.6782
79,205,220,310.05199
79,206,207,375.44546
79,206,221,329.01731
79,207,208,611.17996
79,207,222,759.16423
79,208,209,530.56129
79,208,223,329.01731
79,209,224,458.13686
79,210,211,640.41877
79,211,212,400.43948
79,212,213,862.24832
79,213,214,530.56129
79,214,215,397.6828
79,215,216,400.43948
79,216,217,636.33782
79,217,218,632.2786
79,218,219,310.05199
79,219,220,730.0
79,220,221,720.91897
79,221,222,383.37367
79,222,223,759.16423
79,223,224,725.44763
80,0,1,1007.92362
80,0,15,975.09525
80,1,2,1544.06526
80,1,16,1842.03808
80,2,3,975.09525
80,2,17,1007.92362
80,3,4,432.67382
80,3,18,1797.34245
80,4,5,1787.68682
80,4,19,2296.15745
80,5,6,1797.34245
80,5,20,1341.72684
80,6,7,755.80194
80,6,21,3427.65106
80,7,8,2104.77291
80,7,22,1842.03808
80,8,9,432.67382
80,8,23,1842.03808
80,9,10,2726.5615
80,9,24,610.61799
80,10,11,1001.96442
80,10,25,730.0
80,11,12,1592.1814
80,11,26,1592.1814
80,12,13,755.80194
80,12,27,730.0
80,13,14,1797.34245
80,13,28,837.81808
80,14,29,432.67382
80,15,16,1592.1814
80,15,30,1842.03808
80,16,17,1744.09574
80,16,31,975.09525
80,17,18,1007.92362
80,17,32,1179.40363
80,18,19,1544.06526
80,18,33,2726.5615
80,19,20,866.7534
80,19,34,2363.08793
80,20,21,2296.15745
80,20,35,610.61799
80,21,22,1787.68682
80,21,36,1797.34245
80,22,23,1341.72684
80,22,37,1179.40363
80,23,24,432.67382
80,23,38,975.09525
80,24,25,2296.15745
80,24,39,975.09525
80,25,26,1007.92362
80,25,40,2651.13116
80,26,27,1179.40363
80,26,41,2651.13116
80,27,28,610.61799
80,27,42,1744.09574
80,28,29,837.81808
80,28,43,1179.40363
80,29,44,2104.77291
80,30,31,1319.13599
80,30,45,837.81808
80,31,32,837.81808
80,31,46,866.7534
80,32,33,1001.96442
80,32,47,1341.72684
80,33,34,3521.04843
80,33,48,2363.08793
80,34,35,755.80194
80,34,49,610.61799
80,35,36,1179.40363
80,35,50,755.80194
80,36,37,1141.96512
80,36,51,2296.15745
80,37,38,866.7534
80,37,52,866.7534
80,38,39,2044.01419
80,38,53,1384.5376
80,39,40,2651.13116
80,39,54,1001.96442
80,40,41,2726.5615
80,40,55,1341.72684
80,41,42,1544.06526
80,41,56,837.81808
80,42,43,2726.5615
80,42,57,610.61799
80,43,44,1544.06526
80,43,58,1544.06526
80,44,59,837.81808
80,45,46,1592.1814
80,45,60,449.3688
80,46,47,755.80194
80,46,61,1007.92362
80,47,48,1544.06526
80,47,62,1319.13599
80,48,49,1842.03808
80,48,63,1319.13599
80,49,50,1179.40363
80,49,64,755.80194
80,50,51,1744.09574
80,50,65,1797.34245
80,51,52,2044.01419
80,51,66,610.61799
80,52,53,1842.03808
80,52,67,2296.15745
80,53,54,610.61799
80,53,68,610.61799
80,54,55,2651.13116
80,54,69,1544.06526
80,55,56,1797.34245
80,55,70,2726.5615
80,56,57,1384.5376
80,56,71,632.85717
80,57,58,1341.72684
80,57,72,2104.77291
80,58,59,1319.13599
80,58,73,1141.96512
80,59,74,1141.96512
80,60,61,1035.54357
80,60,75,632.85717
80,61,62,975.09525
80,61,76,837.81808
80,62,63,1544.06526
80,62,77,1035.54357
80,63,64,1141.96512
80,63,78,1744.09574
80,64,65,2651.13116
80,64,79,866.7534
80,65,66,730.0
80,65,80,2651.13116
80,66,67,449.3688
80,66,81,1787.68682
80,67,68,1744.09574
80,67,82,2363.08793
80,68,69,1744.09574
80,68,83,3521.04843
80,69,70,632.85717
80,69,84,755.80194
80,70,71,449.3688
80,70,85,1544.06526
80,71,72,2044.01419
80,71,86,1179.40363
80,72,73,1384.5376
80,72,87,2104.77291
80,73,74,837.81808
80,73,88,2651.13116
80,74,89,866.7534
80,75,76,1544.06526
80,75,90,1592.1814
80,76,77,1001.96442
80,76,91,1842.03808
80,77,78,1035.54357
80,77,92,2104.77291
80,78,79,1797.34245
80,78,93,449.3688
80,79,80,1744.09574
80,79,94,2651.13116
80,80,81,3521.04843
80,80,95,449.3688
80,81,82,1797.34245
80,81,96,1842.03808
80,82,83,1361.34635
80,82,97,3427.65106
80,83,84,837.81808
80,83,98,1384.5376
80,84,85,1001.96442
80,84,99,3521.04843
80,85,86,610.61799
80,85,100,2104.77291
80,86,87,975.09525
80,86,101,2726.5615
80,87,88,2651.13116
80,87,102,755.80194
80,88,89,2296.15745
80,88,103,1744.09574
80,89,104,1384.5376
80,90,91,2296.15745
80,90,105,1384.5376
80,91,92,1744.09574
80,91,106,755.80194
80,92,93,1007.92362
80,92,107,2044.01419
80,93,94,610.61799
80,93,108,2044.01419
80,94,95,1319.13599
80,94,109,1007.92362
80,95,96,449.3688
80,95,110,1787.68682
80,96,97,2726.5615
80,96,111,1361.34635
80,97,98,1007.92362
80,97,112,3521.04843
80,98,99,3521.04843
80,98,113,1842.03808
80,99,100,3521.04843
80,99,114,2651.13116
80,100,101,1842.03808
80,100,115,975.09525
80,101,102,1544.06526
80,101,116,3521.04843
80,102,103,2296.15745
80,102,117,1179.40363
80,103,104,432.67382
80,103,118,1544.06526
80,104,119,1787.68682
80,105,106,1544.06526
80,105,120,610.61799
80,106,107,1319.13599
80,106,121,3521.04843
80,107,108,1361.34635
80,107,122,1842.03808
80,108,109,1141.96512
80,108,123,2044.01419
80,109,110,2296.15745
80,109,124,1007.92362
80,110,111,866.7534
80,110,125,2726.5615
80,111,112,2104.77291
80,111,126,610.61799
80,112,113,866.7534
80,112,127,730.0
80,113,114,2104.77291
80,113,128,1797.34245
80,114,115,755.80194
80,114,129,1179.40363
80,115,116,610.61799
80,115,130,2104.77291
80,116,117,1341.72684
80,116,131,730.0
80,117,118,1544.06526
80,117,132,866.7534
80,118,119,2363.08793
80,118,133,3427.65106
80,119,134,975.09525
80,120,121,2044.01419
80,120,135,730.0
80,121,122,3521.04843
80,121,136,2363.08793
80,122,123,1341.72684
80,122,137,1787.68682
80,123,124,1007.92362
80,123,138,2104.77291
80,124,125,1341.72684
80,124,139,730.0
80,125,126,1544.06526
80,125,140,1035.54357
80,126,127,3427.65106
80,126,141,975.09525
80,127,128,632.85717
80,127,142,1544.06526
80,128,129,632.85717
80,128,143,975.09525
80,129,130,1035.54357
80,129,144,449.3688
80,130,131,755.80194
80,130,145,1001.96442
80,131,132,975.09525
80,131,146,2726.5615
80,132,133,866.7534
80,132,147,1007.92362
80,133,134,432.67382
80,133,148,1035.54357
80,134,149,1007.92362
80,135,136,1384.5376
80,135,150,1319.13599
80,136,137,3427.65106
80,136,151,730.0
80,137,138,632.85717
80,137,152,1797.34245
80,138,139,1544.06526
80,138,153,1384.5376
80,139,140,3521.04843
80,139,154,866.7534
80,140,141,432.67382
80,140,155,1592.1814
80,141,142,1384.5376
80,141,156,866.7534
80,142,143,1001.96442
80,142,157,1035.54357
80,143,144,1787.68682
80,143,158,730.0
80,144,145,2104.77291
80,144,159,730.0
80,145,146,610.61799
80,145,160,1787.68682
80,146,147,2104.77291
80,146,161,632.85717
80,147,148,610.61799
80,147,162,2726.5615
80,148,149,975.09525
80,148,163,1797.34245
80,149,164,610.61799
80,150,151,2044.01419
80,150,165,975.09525
80,151,152,1035.54357
80,151,166,975.09525
80,152,153,1744.09574
80,152,167,866.7534
80,153,154,755.80194
80,153,168,755.80194
80,154,155,2044.01419
80,154,169,866.7534
80,155,156,3427.65106
80,155,170,1001.96442
80,156,157,1592.1814
80,156,171,432.67382
80,157,158,1361.34635
80,157,172,3427.65106
80,158,159,1842.03808
80,158,173,1384.5376
80,159,160,2104.77291
80,159,174,1319.13599
80,160,161,2726.5615
80,160,175,1035.54357
80,161,162,1787.68682
80,161,176,3521.04843
80,162,163,1361.34635
80,162,177,1544.06526
80,163,164,1141.96512
80,163,178,1361.34635
80,164,179,1179.40363
80,165,166,2363.08793
80,165,180,1001.96442
80,166,167,1319.13599
80,166,181,3521.04843
80,167,168,2044.01419
80,167,182,2363.08793
80,168,169,1842.03808
80,168,183,1592.1814
80,169,170,866.7534
80,169,184,2651.13116
80,170,171,1384.5376
80,170,185,2651.13116
80,171,172,3427.65106
80,171,186,2726.5615
80,172,173,432.67382
80,172,187,3521.04843
80,173,174,1744.09574
80,173,188,1035.54357
80,174,175,2104.77291
80,174,189,1035.54357
80,175,176,730.0
80,175,190,2651.13116
80,176,177,2044.01419
80,176,191,3521.04843
80,177,178,730.0
80,177,192,2044.01419
80,178,179,1744.09574
80,178,193,2651.13116
80,179,194,2726.5615
80,180,181,755.80194
80,180,195,1319.13599
80,181,182,755.80194
80,181,196,837.81808
80,182,183,1035.54357
80,182,197,2296.15745
80,183,184,2296.15745
80,183,198,1341.72684
80,184,185,449.3688
80,184,199,1384.5376
80,185,186,1361.34635
80,185,200,632.85717
80,186,187,1744.09574
80,186,201,1384.5376
80,187,188,1141.96512
80,187,202,1361.34635
80,188,189,2726.5615
80,188,203,1035.54357
80,189,190,1001.96442
80,189,204,730.0
80,190,191,3521.04843
80,190,205,2726.5615
80,191,192,1007.92362
80,191,206,975.09525
80,192,193,1141.96512
80,192,207,1341.72684
80,193,194,3521.04843
80,193,208,2104.77291
80,194,209,3427.65106
80,195,196,2104.77291
80,195,210,1001.96442
80,196,197,1035.54357
80,196,211,1035.54357
80,197,198,432.67382
80,197,212,449.3688
80,198,199,755.80194
80,198,213,3427.65106
80,199,200,2363.08793
80,199,214,1592.1814
80,200,201,1001.96442
80,200,215,449.3688
80,201,202,2044.01419
80,201,216,1842.03808
80,202,203,1744.09574
80,202,217,1544.06526
80,203,204,1007.92362
80,203,218,1341.72684
80,204,205,1001.96442
80,204,219,1544.06526
80,205,206,2363.08793
80,205,220,1035.54357
80,206,207,632.85717
80,206,221,1787.68682
80,207,208,1592.1814
80,207,222,837.81808
80,208,209,1384.5376
80,208,223,1787.68682
80,209,224,610.61799
80,210,211,1341.72684
80,211,212,2296.15745
80,212,213,432.67382
80,213,214,1384.5376
80,214,215,1141.96512
80,215,216,2296.15745
80,216,217,1797.34245
80,217,218,866.7534
80,218,219,1035.54357
80,219,220,730.0
80,220,221,449.3688
80,221,222,2044.01419
80,222,223,837.81808
80,223,224,1007.92362
81,0,1,680.59677
81,0,15,278.62335
81,1,2,1320.2045
81,1,16,2073.42925
81,2,3,278.62335
81,2,17,680.59677
81,3,4,128.14578
81,3,18,991.81703
81,4,5,996.03464
81,4,19,400.43948
81,5,6,991.81703
81,5,20,1059.3363
81,6,7,1576.00573
81,6,21,1750.84781
81,7,8,2525.60776
81,7,22,2073.42925
81,8,9,128.14578
81,8,23,2073.42925
81,9,10,3601.72491
81,9,24,117.43583
81,10,11,683.67758
81,10,25,730.0
81,11,12,2662.62125
81,11,26,2662.62125
81,12,13,1576.00573
81,12,27,730.0
81,13,14,991.81703
81,13,28,209.30337
81,14,29,128.14578
81,15,16,2662.62125
81,15,30,2073.42925
81,16,17,430.15196
81,16,31,278.62335
81,17,18,680.59677
81,17,32,496.53957
81,18,19,1320.2045
81,18,33,3601.72491
81,19,20,532.06177
81,19,34,931.91601
81,20,21,400.43948
81,20,35,117.43583
81,21,22,996.03464
81,21,36,991.81703
81,22,23,1059.3363
81,22,37,496.53957
81,23,24,128.14578
81,23,38,278.62335
81,24,25,400.43948
81,24,39,278.62335
81,25,26,680.59677
81,25,40,1851.93776
81,26,27,496.53957
81,26,41,1851.93776
81,27,28,117.43583
81,27,42,430.15196
81,28,29,209.30337
81,28,43,496.53957
81,29,44,2525.60776
81,30,31,258.00091
81,30,45,209.30337
81,31,32,209.30337
81,31,46,532.06177
81,32,33,683.67758
81,32,47,1059.3363
81,33,34,3425.28369
81,33,48,931.91601
81,34,35,1576.00573
81,34,49,117.43583
81,35,36,496.53957
81,35,50,1576.00573
81,36,37,193.09667
81,36,51,400.43948
81,37,38,532.06177
81,37,52,532.06177
81,38,39,1244.07462
81,38,53,2189.74982
81,39,40,1851.93776
81,39,54,683.67758
81,40,41,3601.72491
81,40,55,1059.3363
81,41,42,1320.2045
81,41,56,209.30337
81,42,43,3601.72491
81,42,57,117.43583
81,43,44,1320.2045
81,43,58,1320.2045
81,44,59,209.30337
81,45,46,2662.62125
81,45,60,350.00017
81,46,47,1576.00573
81,46,61,680.59677
81,47,48,1320.2045
81,47,62,258.00091
81,48,49,2073.42925
81,48,63,258.00091
81,49,50,496.53957
81,49,64,1576.00573
81,50,51,430.15196
81,50,65,991.81703
81,51,52,1244.07462
81,51,66,117.43583
81,52,53,2073.42925
81,52,67,400.43948
81,53,54,117.43583
81,53,68,117.43583
81,54,55,1851.93776
81,54,69,1320.2045
81,55,56,991.81703
81,55,70,3601.72491
81,56,57,2189.74982
81,56,71,325.01593
81,57,58,1059.3363
81,57,72,2525.60776
81,58,59,258.00091
81,58,73,193.09667
81,59,74,193.09667
81,60,61,1487.69615
81,60,75,325.01593
81,61,62,278.62335
81,61,76,209.30337
81,62,63,1320.2045
81,62,77,1487.69615
81,63,64,193.09667
81,63,78,430.15196
81,64,65,1851.93776
81,64,79,532.06177
81,65,66,730.0
81,65,80,1851.93776
81,66,67,350.00017
81,66,81,996.03464
81,67,68,430.15196
81,67,82,931.91601
81,68,69,430.15196
81,68,83,3425.28369
81,69,70,325.01593
81,69,84,1576.00573
81,70,71,350.00017
81,70,85,1320.2045
81,71,72,1244.07462
81,71,86,496.53957
81,72,73,2189.74982
81,72,87,2525.60776
81,73,74,209.30337
81,73,88,1851.93776
81,74,89,532.06177
81,75,76,1320.2045
81,75,90,2662.62125
81,76,77,683.67758
81,76,91,2073.42925
81,77,78,1487.69615
81,77,92,2525.60776
81,78,79,991.81703
81,78,93,350.00017
81,79,80,430.15196
81,79,94,1851.93776
81,80,81,3425.28369
81,80,95,350.00017
81,81,82,991.81703
81,81,96,2073.42925
81,82,83,636.91948
81,82,97,1750.84781
81,83,84,209.30337
81,83,98,2189.74982
81,84,85,683.67758
81,84,99,3425.28369
81,85,86,117.43583
81,85,100,2525.60776
81,86,87,278.62335
81,86,101,3601.72491
81,87,88,1851.93776
81,87,102,1576.00573
81,88,89,400.43948
81,88,103,430.15196
81,89,104,2189.74982
81,90,91,400.43948
81,90,105,2189.74982
81,91,92,430.15196
81,91,106,1576.00573
81,92,93,680.59677
81,92,107,1244.07462
81,93,94,117.43583
81,93,108,1244.07462
81,94,95,258.00091
81,94,109,680.59677
81,95,96,350.00017
81,95,110,996.03464
81,96,97,3601.72491
81,96,111,636.91948
81,97,98,680.59677
81,97,112,3425.28369
81,98,99,3425.28369
81,98,113,2073.42925
81,99,100,3425.28369
81,99,114,1851.93776
81,100,101,2073.42925
81,100,115,278.62335
81,101,102,1320.2045
81,101,116,3425.28369
81,102,103,400.43948
81,102,117,496.53957
81,103,104,128.14578
81,103,118,1320.2045
81,104,119,996.03464
81,105,106,1320.2045
81,105,120,117.43583
81,106,107,258.00091
81,106,121,3425.28369
81,107,108,636.91948
81,107,122,2073.42925
81,108,109,193.09667
81,108,123,1244.07462
81,109,110,400.43948
81,109,124,680.59677
81,110,111,532.06177
81,110,125,3601.72491
81,111,112,2525.60776
81,111,126,117.43583
81,112,113,532.06177
81,112,127,730.0
81,113,114,2525.60776
81,113,128,991.81703
81,114,115,1576.00573
81,114,129,496.53957
81,115,116,117.43583
81,115,130,2525.60776
81,116,117,1059.3363
81,116,131,730.0
81,117,118,1320.2045
81,117,132,532.06177
81,118,119,931.91601
81,118,133,1750.84781
81,119,134,278.62335
81,120,121,1244.07462
81,120,135,730.0
81,121,122,3425.28369
81,121,136,931.91601
81,122,123,1059.3363
81,122,137,996.03464
81,123,124,680.59677
81,123,138,2525.60776
81,124,125,1059.3363
81,124,139,730.0
81,125,126,1320.2045
81,125,140,1487.69615
81,126,127,1750.84781
81,126,141,278.62335
81,127,128,325.01593
81,127,142,1320.2045
81,128,129,325.01593
81,128,143,278.62335
81,129,130,1487.69615
81,129,144,350.00017
81,130,131,1576.00573
81,130,145,683.67758
81,131,132,278.62335
81,131,146,3601.72491
81,132,133,532.06177
81,132,147,680.59677
81,133,134,128.14578
81,133,148,1487.69615
81,134,149,680.59677
81,135,136,2189.74982
81,135,150,258.00091
81,136,137,1750.84781
81,136,151,730.0
81,137,138,325.01593
81,137,152,991.81703
81,138,139,1320.2045
81,138,153,2189.74982
81,139,140,3425.28369
81,139,154,532.06177
81,140,141,128.14578
81,140,155,2662.62125
81,141,142,2189.74982
81,141,156,532.06177
81,142,143,683.67758
81,142,157,1487.69615
81,143,144,996.03464
81,143,158,730.0
81,144,145,2525.60776
81,144,159,730.0
81,145,146,117.43583
81,145,160,996.03464
81,146,147,2525.60776
81,146,161,325.01593
81,147,148,117.43583
81,147,162,3601.72491
81,148,149,278.62335
81,148,163,991.81703
81,149,164,117.43583
81,150,151,1244.07462
81,150,165,278.62335
81,151,152,1487.69615
81,151,166,278.62335
81,152,153,430.15196
81,152,167,532.06177
81,153,154,1576.00573
81,153,168,1576.00573
81,154,155,1244.07462
81,154,169,532.06177
81,155,156,1750.84781
81,155,170,683.67758
81,156,157,2662.62125
81,156,171,128.14578
81,157,158,636.91948
81,157,172,1750.84781
81,158,159,2073.42925
81,158,173,2189.74982
81,159,160,2525.60776
81,159,174,258.00091
81,160,161,3601.72491
81,160,175,1487.69615
81,161,162,996.03464
81,161,176,3425.28369
81,162,163,636.91948
81,162,177,1320.2045
81,163,164,193.09667
81,163,178,636.91948
81,164,179,496.53957
81,165,166,931.91601
81,165,180,683.67758
81,166,167,258.00091
81,166,181,3425.28369
81,167,168,1244.07462
81,167,182,931.91601
81,168,169,2073.42925
81,168,183,2662.62125
81,169,170,532.06177
81,169,184,1851.93776
81,170,171,2189.74982
81,170,185,1851.93776
81,171,172,1750.84781
81,171,186,3601.72491
81,172,173,128.14578
81,172,187,3425.28369
81,173,174,430.15196
81,173,188,1487.69615
81,174,175,2525.60776
81,174,189,1487.69615
81,175,176,730.0
81,175,190,1851.93776
81,176,177,1244.07462
81,176,191,3425.28369
81,177,178,730.0
81,177,192,1244.07462
81,178,179,430.15196
81,178,193,1851.93776
81,179,194,3601.72491
81,180,181,1576.00573
81,180,195,258.00091
81,181,182,1576.00573
81,181,196,209.30337
81,182,183,1487.69615
81,182,197,400.43948
81,183,184,400.43948
81,183,198,1059.3363
81,184,185,350.00017
81,184,199,2189.74982
81,185,186,636.91948
81,185,200,325.01593
81,186,187,430.15196
81,186,201,2189.74982
81,187,188,193.09667
81,187,202,636.91948
81,188,189,3601.72491
81,188,203,1487.69615
81,189,190,683.67758
81,189,204,730.0
81,190,191,3425.28369
81,190,205,3601.72491
81,191,192,680.59677
81,191,206,278.62335
81,192,193,193.09667
81,192,207,1059.3363
81,193,194,3425.28369
81,193,208,2525.60776
81,194,209,1750.84781
81,195,196,2525.60776
81,195,210,683.67758
81,196,197,1487.69615
81,196,211,1487.69615
81,197,198,128.14578
81,197,212,350.00017
81,198,199,1576.00573
81,198,213,1750.84781
81,199,200,931.91601
81,199,214,2662.62125
81,200,201,683.67758
81,200,215,350.00017
81,201,202,1244.07462
81,201,216,2073.42925
81,202,203,430.15196
81,202,217,1320.2045
81,203,204,680.59677
81,203,218,1059.3363
81,204,205,683.67758
81,204,219,1320.2045
81,205,206,931.91601
81,205,220,1487.69615
81,206,207,325.01593
81,206,221,996.03464
81,207,208,2662.62125
81,207,222,209.30337
81,208,209,2189.74982
81,208,223,996.03464
81,209,224,117.43583
81,210,211,1059.3363
81,211,212,400.43948
81,212,213,128.14578
81,213,214,2189.74982
81,214,215,193.09667
81,215,216,400.43948
81,216,217,991.81703
81,217,218,532.06177
81,218,219,1487.69615
81,219,220,730.0
81,220,221,350.00017
81,221,222,1244.07462
81,222,223,209.30337
81,223,224,680.59677
82,0,1,256.90888
82,0,15,202.95752
82,1,2,762.53899
82,1,16,731.30505
82,2,3,202.95752
82,2,17,256.90888
82,3,4,192.23993
82,3,18,603.35151
82,4,5,600.02219
82,4,19,159.2021
82,5,6,603.35151
82,5,20,1509.07798
82,6,7,884.20524
82,6,21,627.66598
82,7,8,336.80177
82,7,22,731.30505
82,8,9,192.23993
82,8,23,731.30505
82,9,10,1857.6146
82,9,24,50.67465
82,10,11,255.27809
82,10,25,730.0
82,11,12,922.36443
82,11,26,922.36443
82,12,13,884.20524
82,12,27,730.0
82,13,14,603.35151
82,13,28,469.29743
82,14,29,192.23993
82,15,16,922.36443
82,15,30,731.30505
82,16,17,491.83154
82,16,31,202.95752
82,17,18,256.90888
82,17,32,192.6679
82,18,19,762.53899
82,18,33,1857.6146
82,19,20,576.60777
82,19,34,203.40539
82,20,21,159.2021
82,20,35,50.67465
82,21,22,600.02219
82,21,36,603.35151
82,22,23,1509.07798
82,22,37,192.6679
82,23,24,192.23993
82,23,38,202.95752
82,24,25,159.2021
82,24,39,202.95752
82,25,26,256.90888
82,25,40,1568.58639
82,26,27,192.6679
82,26,41,1568.58639
82,27,28,50.67465
82,27,42,491.83154
82,28,29,469.29743
82,28,43,192.6679
82,29,44,336.80177
82,30,31,54.17998
82,30,45,469.29743
82,31,32,469.29743
82,31,46,576.60777
82,32,33,255.27809
82,32,47,1509.07798
82,33,34,763.8924
82,33,48,203.40539
82,34,35,884.20524
82,34,49,50.67465
82,35,36,192.6679
82,35,50,884.20524
82,36,37,150.46601
82,36,51,159.2021
82,37,38,576.60777
82,37,52,576.60777
82,38,39,268.85327
82,38,53,1789.06354
82,39,40,1568.58639
82,39,54,255.27809
82,40,41,1857.6146
82,40,55,1509.07798
82,41,42,762.53899
82,41,56,469.29743
82,42,43,1857.6146
82,42,57,50.67465
82,43,44,762.53899
82,43,58,762.53899
82,44,59,469.29743
82,45,46,922.36443
82,45,60,243.84222
82,46,47,884.20524
82,46,61,256.90888
82,47,48,762.53899
82,47,62,54.17998
82,48,49,731.30505
82,48,63,54.17998
82,49,50,192.6679
82,49,64,884.20524
82,50,51,491.83154
82,50,65,603.35151
82,51,52,268.85327
82,51,66,50.67465
82,52,53,731.30505
82,52,67,159.2021
82,53,54,50.67465
82,53,68,50.67465
82,54,55,1568.58639
82,54,69,762.53899
82,55,56,603.35151
82,55,70,1857.6146
82,56,57,1789.06354
82,56,71,67.89239
82,57,58,1509.07798
82,57,72,336.80177
82,58,59,54.17998
82,58,73,150.46601
82,59,74,150.46601
82,60,61,320.39915
82,60,75,67.89239
82,61,62,202.95752
82,61,76,469.29743
82,62,63,762.53899
82,62,77,320.39915
82,63,64,150.46601
82,63,78,491.83154
82,64,65,1568.58639
82,64,79,576.60777
82,65,66,730.0
82,65,80,1568.58639
82,66,67,243.84222
82,66,81,600.02219
82,67,68,491.83154
82,67,82,203.40539
82,68,69,491.83154
82,68,83,763.8924
82,69,70,67.89239
82,69,84,884.20524
82,70,71,243.84222
82,70,85,762.53899
82,71,72,268.85327
82,71,86,192.6679
82,72,73,1789.06354
82,72,87,336.80177
82,73,74,469.29743
82,73,88,1568.58639
82,74,89,576.60777
82,75,76,762.53899
82,75,90,922.36443
82,76,77,255.27809
82,76,91,731.30505
82,77,78,320.39915
82,77,92,336.80177
82,78,79,603.35151
82,78,93,243.84222
82,79,80,491.83154
82,79,94,1568.58639
82,80,81,763.8924
82,80,95,243.84222
82,81,82,603.35151
82,81,96,731.30505
82,82,83,72.37807
82,82,97,627.66598
82,83,84,469.29743
82,83,98,1789.06354
82,84,85,255.27809
82,84,99,763.8924
82,85,86,50.67465
82,85,100,336.80177
82,86,87,202.95752
82,86,101,1857.6146
82,87,88,1568.58639
82,87,102,884.20524
82,88,89,159.2021
82,88,103,491.83154
82,89,104,1789.06354
82,90,91,159.2021
82,90,105,1789.06354
82,91,92,491.83154
82,91,106,884.20524
82,92,93,256.90888
82,92,107,268.85327
82,93,94,50.67465
82,93,108,268.85327
82,94,95,54.17998
82,94,109,256.90888
82,95,96,243.84222
82,95,110,600.02219
82,96,97,1857.6146
82,96,111,72.37807
82,97,98,256.90888
82,97,112,763.8924
82,98,99,763.8924
82,98,113,731.30505
82,99,100,763.8924
82,99,114,1568.58639
82,100,101,731.30505
82,100,115,202.95752
82,101,102,762.53899
82,101,116,763.8924
82,102,103,159.2021
82,102,117,192.6679
82,103,104,192.23993
82,103,118,762.53899
82,104,119,600.02219
82,105,106,762.53899
82,105,120,50.67465
82,106,107,54.17998
82,106,121,763.8924
82,107,108,72.37807
82,107,122,731.30505
82,108,109,150.46601
82,108,123,268.85327
82,109,110,159.2021
82,109,124,256.90888
82,110,111,576.60777
82,110,125,1857.6146
82,111,112,336.80177
82,111,126,50.67465
82,112,113,576.60777
82,112,127,730.0
82,113,114,336.80177
82,113,128,603.35151
82,114,115,884.20524
82,114,129,192.6679
82,115,116,50.67465
82,115,130,336.80177
82,116,117,1509.07798
82,116,131,730.0
82,117,118,762.53899
82,117,132,576.60777
82,118,119,203.40539
82,118,133,627.66598
82,119,134,202.95752
82,120,121,268.85327
82,120,135,730.0
82,121,122,763.8924
82,121,136,203.40539
82,122,123,1509.07798
82,122,137,600.02219
82,123,124,256.90888
82,123,138,336.80177
82,124,125,1509.07798
82,124,139,730.0
82,125,126,762.53899
82,125,140,320.39915
82,126,127,627.66598
82,126,141,202.95752
82,127,128,67.89239
82,127,142,762.53899
82,128,129,67.89239
82,128,143,202.95752
82,129,130,320.39915
82,129,144,243.84222
82,130,131,884.20524
82,130,145,255.27809
82,131,132,202.95752
82,131,146,1857.6146
82,132,133,576.60777
82,132,147,256.90888
82,133,134,192.23993
82,133,148,320.39915
82,134,149,256.90888
82,135,136,1789.06354
82,135,150,54.17998
82,136,137,627.66598
82,136,151,730.0
82,137,138,67.89239
82,137,152,603.35151
82,138,139,762.53899
82,138,153,1789.06354
82,139,140,763.8924
82,139,154,576.60777
82,140,141,192.23993
82,140,155,922.36443
82,141,142,1789.06354
82,141,156,576.60777
82,142,143,255.27809
82,142,157,320.39915
82,143,144,600.02219
82,143,158,730.0
82,144,145,336.80177
82,144,159,730.0
82,145,146,50.67465
82,145,160,600.02219
82,146,147,336.80177
82,146,161,67.89239
82,147,148,50.67465
82,147,162,1857.6146
82,148,149,202.95752
82,148,163,603.35151
82,149,164,50.67465
82,150,151,268.85327
82,150,165,202.95752
82,151,152,320.39915
82,151,166,202.95752
82,152,153,491.83154
82,152,167,576.60777
82,153,154,884.20524
82,153,168,884.20524
82,154,155,268.85327
82,154,169,576.60777
82,155,156,627.66598
82,155,170,255.27809
82,156,157,922.36443
82,156,171,192.23993
82,157,158,72.37807
82,157,172,627.66598
82,158,159,731.30505
82,158,173,1789.06354
82,159,160,336.80177
82,159,174,54.17998
82,160,161,1857.6146
82,160,175,320.39915
82,161,162,600.02219
82,161,176,763.8924
82,162,163,72.37807
82,162,177,762.53899
82,163,164,150.46601
82,163,178,72.37807
82,164,179,192.6679
82,165,166,203.40539
82,165,180,255.27809
82,166,167,54.17998
82,166,181,763.8924
82,167,168,268.85327
82,167,182,203.40539
82,168,169,731.30505
82,168,183,922.36443
82,169,170,576.60777
82,169,184,1568.58639
82,170,171,1789.06354
82,170,185,1568.58639
82,171,172,627.66598
82,171,186,1857.6146
82,172,173,192.23993
82,172,187,763.8924
82,173,174,491.83154
82,173,188,320.39915
82,174,175,336.80177
82,174,189,320.39915
82,175,176,730.0
82,175,190,1568.58639
82,176,177,268.85327
82,176,191,763.8924
82,177,178,730.0
82,177,192,268.85327
82,178,179,491.83154
82,178,193,1568.58639
82,179,194,1857.6146
82,180,181,884.20524
82,180,195,54.17998
82,181,182,884.20524
82,181,196,469.29743
82,182,183,320.39915
82,182,197,159.2021
82,183,184,159.2021
82,183,198,1509.07798
82,184,185,243.84222
82,184,199,1789.06354
82,185,186,72.37807
82,185,200,67.89239
82,186,187,491.83154
82,186,201,1789.06354
82,187,188,150.46601
82,187,202,72.37807
82,188,189,1857.6146
82,188,203,320.39915
82,189,190,255.27809
82,189,204,730.0
82,190,191,763.8924
82,190,205,1857.6146
82,191,192,256.90888
82,191,206,202.95752
82,192,193,150.46601
82,192,207,1509.07798
82,193,194,763.8924
82,193,208,336.80177
82,194,209,627.66598
82,195,196,336.80177
82,195,210,255.27809
82,196,197,320.39915
82,196,211,320.39915
82,197,198,192.23993
82,197,212,243.84222
82,198,199,884.20524
82,198,213,627.66598
82,199,200,203.40539
82,199,214,922.36443
82,200,201,255.27809
82,200,215,243.84222
82,201,202,268.85327
82,201,216,731.30505
82,202,203,491.83154
82,202,217,762.53899
82,203,204,256.90888
82,203,218,1509.07798
82,204,205,255.27809
82,204,219,762.53899
82,205,206,203.40539
82,205,220,320.39915
82,206,207,67.89239
82,206,221,600.02219
82,207,208,922.36443
82,207,222,469.29743
82,208,209,1789.06354
82,208,223,600.02219
82,209,224,50.67465
82,210,211,1509.07798
82,211,212,159.2021
82,212,213,192.23993
82,213,214,1789.06354
82,214,215,150.46601
82,215,216,159.2021
82,216,217,603.35151
82,217,218,576.60777
82,218,219,320.39915
82,219,220,730.0
82,220,221,243.84222
82,221,222,268.85327
82,222,223,469.29743
82,223,224,256.90888
83,0,1,2716.79213
83,0,15,2090.61974
83,1,2,1253.25772
83,1,16,3290.28821
83,2,3,2090.61974
83,2,17,2716.79213
83,3,4,1274.90501
83,3,18,5513.63419
83,4,5,2553.27037
83,4,19,6082.12988
83,5,6,5513.63419
83,5,20,1740.05492
83,6,7,996.03464
83,6,21,3974.71707
83,7,8,2451.26838
83,7,22,3290.28821
83,8,9,1274.90501
83,8,23,3290.28821
83,9,10,3577.11646
83,9,24,1907.90886
83,10,11,1134.4093
83,10,25,730.0
83,11,12,1666.04685
83,11,26,1666.04685
83,12,13,996.03464
83,12,27,730.0
83,13,14,5513.63419
83,13,28,2827.89323
83,14,29,1274.90501
83,15,16,1666.04685
83,15,30,3290.28821
83,16,17,4370.65932
83,16,31,2090.61974
83,17,18,2716.79213
83,17,32,5101.26342
83,18,19,1253.25772
83,18,33,3577.11646
83,19,20,3628.95705
83,19,34,7579.5398
83,20,21,6082.12988
83,20,35,1907.90886
83,21,22,2553.27037
83,21,36,5513.63419
83,22,23,1740.05492
83,22,37,5101.26342
83,23,24,1274.90501
83,23,38,2090.61974
83,24,25,6082.12988
83,24,39,2090.61974
83,25,26,2716.79213
83,25,40,2785.79483
83,26,27,5101.26342
83,26,41,2785.79483
83,27,28,1907.90886
83,27,42,4370.65932
83,28,29,2827.89323
83,28,43,5101.26342
83,29,44,2451.26838
83,30,31,3033.5715
83,30,45,2827.89323
83,31,32,2827.89323
83,31,46,3628.95705
83,32,33,1134.4093
83,32,47,1740.05492
83,33,34,5032.38411
83,33,48,7579.5398
83,34,35,996.03464
83,34,49,1907.90886
83,35,36,5101.26342
83,35,50,996.03464
83,36,37,4031.31218
83,36,51,6082.12988
83,37,38,3628.95705
83,37,52,3628.95705
83,38,39,1877.59796
83,38,53,2279.25279
83,39,40,2785.79483
83,39,54,1134.4093
83,40,41,3577.11646
83,40,55,1740.05492
83,41,42,1253.25772
83,41,56,2827.89323
83,42,43,3577.11646
83,42,57,1907.90886
83,43,44,1253.25772
83,43,58,1253.25772
83,44,59,2827.89323
83,45,46,1666.04685
83,45,60,1693.48596
83,46,47,996.03464
83,46,61,2716.79213
83,47,48,1253.25772
83,47,62,3033.5715
83,48,49,3290.28821
83,48,63,3033.5715
83,49,50,5101.26342
83,49,64,996.03464
83,50,51,4370.65932
83,50,65,5513.63419
83,51,52,1877.59796
83,51,66,1907.90886
83,52,53,3290.28821
83,52,67,6082.12988
83,53,54,1907.90886
83,53,68,1907.90886
83,54,55,2785.79483
83,54,69,1253.25772
83,55,56,5513.63419
83,55,70,3577.11646
83,56,57,2279.25279
83,56,71,2489.11333
83,57,58,1740.05492
83,57,72,2451.26838
83,58,59,3033.5715
83,58,73,4031.31218
83,59,74,4031.31218
83,60,61,1515.06264
83,60,75,2489.11333
83,61,62,2090.61974
83,61,76,2827.89323
83,62,63,1253.25772
83,62,77,1515.06264
83,63,64,4031.31218
83,63,78,4370.65932
83,64,65,2785.79483
83,64,79,3628.95705
83,65,66,730.0
83,65,80,2785.79483
83,66,67,1693.48596
83,66,81,2553.27037
83,67,68,4370.65932
83,67,82,7579.5398
83,68,69,4370.65932
83,68,83,5032.38411
83,69,70,2489.11333
83,69,84,996.03464
83,70,71,1693.48596
83,70,85,1253.25772
83,71,72,1877.59796
83,71,86,5101.26342
83,72,73,2279.25279
83,72,87,2451.26838
83,73,74,2827.89323
83,73,88,2785.79483
83,74,89,3628.95705
83,75,76,1253.25772
83,75,90,1666.04685
83,76,77,1134.4093
83,76,91,3290.28821
83,77,78,1515.06264
83,77,92,2451.26838
83,78,79,5513.63419
83,78,93,1693.48596
83,79,80,4370.65932
83,79,94,2785.79483
83,80,81,5032.38411
83,80,95,1693.48596
83,81,82,5513.63419
83,81,96,3290.28821
83,82,83,3881.86398
83,82,97,3974.71707
83,83,84,2827.89323
83,83,98,2279.25279
83,84,85,1134.4093
83,84,99,5032.38411
83,85,86,1907.90886
83,85,100,2451.26838
83,86,87,2090.61974
83,86,101,3577.11646
83,87,88,2785.79483
83,87,102,996.03464
83,88,89,6082.12988
83,88,103,4370.65932
83,89,104,2279.25279
83,90,91,6082.12988
83,90,105,2279.25279
83,91,92,4370.65932
83,91,106,996.03464
83,92,93,2716.79213
83,92,107,1877.59796
83,93,94,1907.90886
83,93,108,1877.59796
83,94,95,3033.5715
83,94,109,2716.79213
83,95,96,1693.48596
83,95,110,2553.27037
83,96,97,3577.11646
83,96,111,3881.86398
83,97,98,2716.79213
83,97,112,5032.38411
83,98,99,5032.38411
83,98,113,3290.28821
83,99,100,5032.38411
83,99,114,2785.79483
83,100,101,3290.28821
83,100,115,2090.61974
83,101,102,1253.25772
83,101,116,5032.38411
83,102,103,6082.12988
83,102,117,5101.26342
83,103,104,1274.90501
83,103,118,1253.25772
83,104,119,2553.27037
83,105,106,1253.25772
83,105,120,1907.90886
83,106,107,3033.5715
83,106,121,5032.38411
83,107,108,3881.86398
83,107,122,3290.28821
83,108,109,4031.31218
83,108,123,1877.59796
83,109,110,6082.12988
83,109,124,2716.79213
83,110,111,3628.95705
83,110,125,3577.11646
83,111,112,2451.26838
83,111,126,1907.90886
83,112,113,3628.95705
83,112,127,730.0
83,113,114,2451.26838
83,113,128,5513.63419
83,114,115,996.03464
83,114,129,5101.26342
83,115,116,1907.90886
83,115,130,2451.26838
83,116,117,1740.05492
83,116,131,730.0
83,117,118,1253.25772
83,117,132,3628.95705
83,118,119,7579.5398
83,118,133,3974.71707
83,119,134,2090.61974
83,120,121,1877.59796
83,120,135,730.0
83,121,122,5032.38411
83,121,136,7579.5398
83,122,123,1740.05492
83,122,137,2553.27037
83,123,124,2716.79213
83,123,138,2451.26838
83,124,125,1740.05492
83,124,139,730.0
83,125,126,1253.25772
83,125,140,1515.06264
83,126,127,3974.71707
83,126,141,2090.61974
83,127,128,2489.11333
83,127,142,1253.25772
83,128,129,2489.11333
83,128,143,2090.61974
83,129,130,1515.06264
83,129,144,1693.48596
83,130,131,996.03464
83,130,145,1134.4093
83,131,132,2090.61974
83,131,146,3577.11646
83,132,133,3628.95705
83,132,147,2716.79213
83,133,134,1274.90501
83,133,148,1515.06264
83,134,149,2716.79213
83,135,136,2279.25279
83,135,150,3033.5715
83,136,137,3974.71707
83,136,151,730.0
83,137,138,2489.11333
83,137,152,5513.63419
83,138,139,1253.25772
83,138,153,2279.25279
83,139,140,5032.38411
83,139,154,3628.95705
83,140,141,1274.90501
83,140,155,1666.04685
83,141,142,2279.25279
83,141,156,3628.95705
83,142,143,1134.4093
83,142,157,1515.06264
83,143,144,2553.27037
83,143,158,730.0
83,144,145,2451.26838
83,144,159,730.0
83,145,146,1907.90886
83,145,160,2553.27037
83,146,147,2451.26838
83,146,161,2489.11333
83,147,148,1907.90886
83,147,162,3577.11646
83,148,149,2090.61974
83,148,163,5513.63419
83,149,164,1907.90886
83,150,151,1877.59796
83,150,165,2090.61974
83,151,152,1515.06264
83,151,166,2090.61974
83,152,153,4370.65932
83,152,167,3628.95705
83,153,154,996.03464
83,153,168,996.03464
83,154,155,1877.59796
83,154,169,3628.95705
83,155,156,3974.71707
83,155,170,1134.4093
83,156,157,1666.04685
83,156,171,1274.90501
83,157,158,3881.86398
83,157,172,3974.71707
83,158,159,3290.28821
83,158,173,2279.25279
83,159,160,2451.26838
83,159,174,3033.5715
83,160,161,3577.11646
83,160,175,1515.06264
83,161,162,2553.27037
83,161,176,5032.38411
83,162,163,3881.86398
83,162,177,1253.25772
83,163,164,4031.31218
83,163,178,3881.86398
83,164,179,5101.26342
83,165,166,7579.5398
83,165,180,1134.4093
83,166,167,3033.5715
83,166,181,5032.38411
83,167,168,1877.59796
83,167,182,7579.5398
83,168,169,3290.28821
83,168,183,1666.04685
83,169,170,3628.95705
83,169,184,2785.79483
83,170,171,2279.25279
83,170,185,2785.79483
83,171,172,3974.71707
83,171,186,3577.11646
83,172,173,1274.90501
83,172,187,5032.38411
83,173,174,4370.65932
83,173,188,1515.06264
83,174,175,2451.26838
83,174,189,1515.06264
83,175,176,730.0
83,175,190,2785.79483
83,176,177,1877.59796
83,176,191,5032.38411
83,177,178,730.0
83,177,192,1877.59796
83,178,179,4370.65932
83,178,193,2785.79483
83,179,194,3577.11646
83,180,181,996.03464
83,180,195,3033.5715
83,181,182,996.03464
83,181,196,2827.89323
83,182,183,1515.06264
83,182,197,6082.12988
83,183,184,6082.12988
83,183,198,1740.05492
83,184,185,1693.48596
83,184,199,2279.25279
83,185,186,3881.86398
83,185,200,2489.11333
83,186,187,4370.65932
83,186,201,2279.25279
83,187,188,4031.31218
83,187,202,3881.86398
83,188,189,3577.11646
83,188,203,1515.06264
83,189,190,1134.4093
83,189,204,730.0
83,190,191,5032.38411
83,190,205,3577.11646
83,191,192,2716.79213
83,191,206,2090.61974
83,192,193,4031.31218
83,192,207,1740.05492
83,193,194,5032.38411
83,193,208,2451.26838
83,194,209,3974.71707
83,195,196,2451.26838
83,195,210,1134.4093
83,196,197,1515.06264
83,196,211,1515.06264
83,197,198,1274.90501
83,197,212,1693.48596
83,198,199,996.03464
83,198,213,3974.71707
83,199,200,7579.5398
83,199,214,1666.04685
83,200,201,1134.4093
83,200,215,1693.48596
83,201,202,1877.59796
83,201,216,3290.28821
83,202,203,4370.65932
83,202,217,1253.25772
83,203,204,2716.79213
83,203,218,1740.05492
83,204,205,1134.4093
83,204,219,1253.25772
83,205,206,7579.5398
83,205,220,1515.06264
83,206,207,2489.11333
83,206,221,2553.27037
83,207,208,1666.04685
83,207,222,2827.89323
83,208,209,2279.25279
83,208,223,2553.27037
83,209,224,1907.90886
83,210,211,1740.05492
83,211,212,6082.12988
83,212,213,1274.90501
83,213,214,2279.25279
83,214,215,4031.31218
83,215,216,6082.12988
83,216,217,5513.63419
83,217,218,3628.95705
83,218,219,1515.06264
83,219,220,730.0
83,220,221,1693.48596
83,221,222,1877.59796
83,222,223,2827.89323
83,223,224,2716.79213
84,0,1,2090.61974
84,0,15,3260.64732
84,1,2,1562.42588
84,1,16,216.75838
84,2,3,3260.64732
84,2,17,2090.61974
84,3,4,1671.24456
84,3,18,3853.05781
84,4,5,409.60984
84,4,19,2087.48539
84,5,6,3853.05781
84,5,20,1501.92241
84,6,7,410.41549
84,6,21,941.54997
84,7,8,228.85126
84,7,22,216.75838
84,8,9,1671.24456
84,8,23,216.75838
84,9,10,1886.21695
84,9,24,467.49664
84,10,11,165.32209
84,10,25,730.0
84,11,12,943.16367
84,11,26,943.16367
84,12,13,410.41549
84,12,27,730.0
84,13,14,3853.05781
84,13,28,3148.70957
84,14,29,1671.24456
84,15,16,943.16367
84,15,30,216.75838
84,16,17,5764.62356
84,16,31,3260.64732
84,17,18,2090.61974
84,17,32,587.94553
84,18,19,1562.42588
84,18,33,1886.21695
84,19,20,2013.42767
84,19,34,1291.6067
84,20,21,2087.48539
84,20,35,467.49664
84,21,22,409.60984
84,21,36,3853.05781
84,22,23,1501.92241
84,22,37,587.94553
84,23,24,1671.24456
84,23,38,3260.64732
84,24,25,2087.48539
84,24,39,3260.64732
84,25,26,2090.61974
84,25,40,2963.67119
84,26,27,587.94553
84,26,41,2963.67119
84,27,28,467.49664
84,27,42,5764.62356
84,28,29,3148.70957
84,28,43,587.94553
84,29,44,228.85126
84,30,31,1056.67036
84,30,45,3148.70957
84,31,32,3148.70957
84,31,46,2013.42767
84,32,33,165.32209
84,32,47,1501.92241
84,33,34,542.66465
84,33,48,1291.6067
84,34,35,410.41549
84,34,49,467.49664
84,35,36,587.94553
84,35,50,410.41549
84,36,37,1013.05501
84,36,51,2087.48539
84,37,38,2013.42767
84,37,52,2013.42767
84,38,39,430.15196
84,38,53,903.50614
84,39,40,2963.67119
84,39,54,165.32209
84,40,41,1886.21695
84,40,55,1501.92241
84,41,42,1562.42588
84,41,56,3148.70957
84,42,43,1886.21695
84,42,57,467.49664
84,43,44,1562.42588
84,43,58,1562.42588
84,44,59,3148.70957
84,45,46,943.16367
84,45,60,1014.7703
84,46,47,410.41549
84,46,61,2090.61974
84,47,48,1562.42588
84,47,62,1056.67036
84,48,49,216.75838
84,48,63,1056.67036
84,49,50,587.94553
84,49,64,410.41549
84,50,51,5764.62356
84,50,65,3853.05781
84,51,52,430.15196
84,51,66,467.49664
84,52,53,216.75838
84,52,67,2087.48539
84,53,54,467.49664
84,53,68,467.49664
84,54,55,2963.67119
84,54,69,1562.42588
84,55,56,3853.05781
84,55,70,1886.21695
84,56,57,903.50614
84,56,71,250.97159
84,57,58,1501.92241
84,57,72,228.85126
84,58,59,1056.67036
84,58,73,1013.05501
84,59,74,1013.05501
84,60,61,78.61196
84,60,75,250.97159
84,61,62,3260.64732
84,61,76,3148.70957
84,62,63,1562.42588
84,62,77,78.61196
84,63,64,1013.05501
84,63,78,5764.62356
84,64,65,2963.67119
84,64,79,2013.42767
84,65,66,730.0
84,65,80,2963.67119
84,66,67,1014.7703
84,66,81,409.60984
84,67,68,5764.62356
84,67,82,1291.6067
84,68,69,5764.62356
84,68,83,542.66465
84,69,70,250.97159
84,69,84,410.41549
84,70,71,1014.7703
84,70,85,1562.42588
84,71,72,430.15196
84,71,86,587.94553
84,72,73,903.50614
84,72,87,228.85126
84,73,74,3148.70957
84,73,88,2963.67119
84,74,89,2013.42767
84,75,76,1562.42588
84,75,90,943.16367
84,76,77,165.32209
84,76,91,216.75838
84,77,78,78.61196
84,77,92,228.85126
84,78,79,3853.05781
84,78,93,1014.7703
84,79,80,5764.62356
84,79,94,2963.67119
84,80,81,542.66465
84,80,95,1014.7703
84,81,82,3853.05781
84,81,96,216.75838
84,82,83,615.6913
84,82,97,941.54997
84,83,84,3148.70957
84,83,98,903.50614
84,84,85,165.32209
84,84,99,542.66465
84,85,86,467.49664
84,85,100,228.85126
84,86,87,3260.64732
84,86,101,1886.21695
84,87,88,2963.67119
84,87,102,410.41549
84,88,89,2087.48539
84,88,103,5764.62356
84,89,104,903.50614
84,90,91,2087.48539
84,90,105,903.50614
84,91,92,5764.62356
84,91,106,410.41549
84,92,93,2090.61974
84,92,107,430.15196
84,93,94,467.49664
84,93,108,430.15196
84,94,95,1056.67036
84,94,109,2090.61974
84,95,96,1014.7703
84,95,110,409.60984
84,96,97,1886.21695
84,96,111,615.6913
84,97,98,2090.61974
84,97,112,542.66465
84,98,99,542.66465
84,98,113,216.75838
84,99,100,542.66465
84,99,114,2963.67119
84,100,101,216.75838
84,100,115,3260.64732
84,101,102,1562.42588
84,101,116,542.66465
84,102,103,2087.48539
84,102,117,587.94553
84,103,104,1671.24456
84,103,118,1562.42588
84,104,119,409.60984
84,105,106,1562.42588
84,105,120,467.49664
84,106,107,1056.67036
84,106,121,542.66465
84,107,108,615.6913
84,107,122,216.75838
84,108,109,1013.05501
84,108,123,430.15196
84,109,110,2087.48539
84,109,124,2090.61974
84,110,111,2013.42767
84,110,125,1886.21695
84,111,112,228.85126
84,111,126,467.49664
84,112,113,2013.42767
84,112,127,730.0
84,113,114,228.85126
84,113,128,3853.05781
84,114,115,410.41549
84,114,129,587.94553
84,115,116,467.49664
84,115,130,228.85126
84,116,117,1501.92241
84,116,131,730.0
84,117,118,1562.42588
84,117,132,2013.42767
84,118,119,1291.6067
84,118,133,941.54997
84,119,134,3260.64732
84,120,121,430.15196
84,120,135,730.0
84,121,122,542.66465
84,121,136,1291.6067
84,122,123,1501.92241
84,122,137,409.60984
84,123,124,2090.61974
84,123,138,228.85126
84,124,125,1501.92241
84,124,139,730.0
84,125,126,1562.42588
84,125,140,78.61196
84,126,127,941.54997
84,126,141,3260.64732
84,127,128,250.97159
84,127,142,1562.42588
84,128,129,250.97159
84,128,143,3260.64732
84,129,130,78.61196
84,129,144,1014.7703
84,130,131,410.41549
84,130,145,165.32209
84,131,132,3260.64732
84,131,146,1886.21695
84,132,133,2013.42767
84,132,147,2090.61974
84,133,134,1671.24456
84,133,148,78.61196
84,134,149,2090.61974
84,135,136,903.50614
84,135,150,1056.67036
84,136,137,941.54997
84,136,151,730.0
84,137,138,250.97159
84,137,152,3853.05781
84,138,139,1562.42588
84,138,153,903.50614
84,139,140,542.66465
84,139,154,2013.42767
84,140,141,1671.24456
84,140,155,943.16367
84,141,142,903.50614
84,141,156,2013.42767
84,142,143,165.32209
84,142,157,78.61196
84,143,144,409.60984
84,143,158,730.0
84,144,145,228.85126
84,144,159,730.0
84,145,146,467.49664
84,145,160,409.60984
84,146,147,228.85126
84,146,161,250.97159
84,147,148,467.49664
84,147,162,1886.21695
84,148,149,3260.64732
84,148,163,3853.05781
84,149,164,467.49664
84,150,151,430.15196
84,150,165,3260.64732
84,151,152,78.61196
84,151,166,3260.64732
84,152,153,5764.62356
84,152,167,2013.42767
84,153,154,410.41549
84,153,168,410.41549
84,154,155,430.15196
84,154,169,2013.42767
84,155,156,941.54997
84,155,170,165.32209
84,156,157,943.16367
84,156,171,1671.24456
84,157,158,615.6913
84,157,172,941.54997
84,158,159,216.75838
84,158,173,903.50614
84,159,160,228.85126
84,159,174,1056.67036
84,160,161,1886.21695
84,160,175,78.61196
84,161,162,409.60984
84,161,176,542.66465
84,162,163,615.6913
84,162,177,1562.42588
84,163,164,1013.05501
84,163,178,615.6913
84,164,179,587.94553
84,165,166,1291.6067
84,165,180,165.32209
84,166,167,1056.67036
84,166,181,542.66465
84,167,168,430.15196
84,167,182,1291.6067
84,168,169,216.75838
84,168,183,943.16367
84,169,170,2013.42767
84,169,184,2963.67119
84,170,171,903.50614
84,170,185,2963.67119
84,171,172,941.54997
84,171,186,1886.21695
84,172,173,1671.24456
84,172,187,542.66465
84,173,174,5764.62356
84,173,188,78.61196
84,174,175,228.85126
84,174,189,78.61196
84,175,176,730.0
84,175,190,2963.67119
84,176,177,430.15196
84,176,191,542.66465
84,177,178,730.0
84,177,192,430.15196
84,178,179,5764.62356
84,178,193,2963.67119
84,179,194,1886.21695
84,180,181,410.41549
84,180,195,1056.67036
84,181,182,410.41549
84,181,196,3148.70957
84,182,183,78.61196
84,182,197,2087.48539
84,183,184,2087.48539
84,183,198,1501.92241
84,184,185,1014.7703
84,184,199,903.50614
84,185,186,615.6913
84,185,200,250.97159
84,186,187,5764.62356
84,186,201,903.50614
84,187,188,1013.05501
84,187,202,615.6913
84,188,189,1886.21695
84,188,203,78.61196
84,189,190,165.32209
84,189,204,730.0
84,190,191,542.66465
84,190,205,1886.21695
84,191,192,2090.61974
84,191,206,3260.64732
84,192,193,1013.05501
84,192,207,1501.92241
84,193,194,542.66465
84,193,208,228.85126
84,194,209,941.54997
84,195,196,228.85126
84,195,210,165.32209
84,196,197,78.61196
84,196,211,78.61196
84,197,198,1671.24456
84,197,212,1014.7703
84,198,199,410.41549
84,198,213,941.54997
84,199,200,1291.6067
84,199,214,943.16367
84,200,201,165.32209
84,200,215,1014.7703
84,201,202,430.15196
84,201,216,216.75838
84,202,203,5764.62356
84,202,217,1562.42588
84,203,204,2090.61974
84,203,218,1501.92241
84,204,205,165.32209
84,204,219,1562.42588
84,205,206,1291.6067
84,205,220,78.61196
84,206,207,250.97159
84,206,221,409.60984
84,207,208,943.16367
84,207,222,3148.70957
84,208,209,903.50614
84,208,223,409.60984
84,209,224,467.49664
84,210,211,1501.92241
84,211,212,2087.48539
84,212,213,1671.24456
84,213,214,903.50614
84,214,215,1013.05501
84,215,216,2087.48539
84,216,217,3853.05781
84,217,218,2013.42767
84,218,219,78.61196
84,219,220,730.0
84,220,221,1014.7703
84,221,222,430.15196
84,222,223,3148.70957
84,223,224,2090.61974
85,0,1,871.2781
85,0,15,370.60653
85,1,2,2264.12743
85,1,16,3905.56597
85,2,3,370.60653
85,2,17,871.2781
85,3,4,76.41986
85,3,18,2328.56436
85,4,5,2027.14403
85,4,19,1149.56287
85,5,6,2328.56436
85,5,20,2004.32649
85,6,7,1576.00573
85,6,21,5339.98936
85,7,8,4356.1802
85,7,22,3905.56597
85,8,9,76.41986
85,8,23,3905.56597
85,9,10,9290.52281
85,9,24,77.90879
85,10,11,739.8354
85,10,25,730.0
85,11,12,4312.98251
85,11,26,4312.98251
85,12,13,1576.00573
85,12,27,730.0
85,13,14,2328.56436
85,13,28,314.2213
85,14,29,76.41986
85,15,16,4312.98251
85,15,30,3905.56597
85,16,17,1135.35149
85,16,31,370.60653
85,17,18,871.2781
85,17,32,765.2478
85,18,19,2264.12743
85,18,33,9290.52281
85,19,20,755.13098
85,19,34,2354.4173
85,20,21,1149.56287
85,20,35,77.90879
85,21,22,2027.14403
85,21,36,2328.56436
85,22,23,2004.32649
85,22,37,765.2478
85,23,24,76.41986
85,23,38,370.60653
85,24,25,1149.56287
85,24,39,370.60653
85,25,26,871.2781
85,25,40,5288.7939
85,26,27,765.2478
85,26,41,5288.7939
85,27,28,77.90879
85,27,42,1135.35149
85,28,29,314.2213
85,28,43,765.2478
85,29,44,4356.1802
85,30,31,376.19457
85,30,45,314.2213
85,31,32,314.2213
85,31,46,755.13098
85,32,33,739.8354
85,32,47,2004.32649
85,33,34,9372.37068
85,33,48,2354.4173
85,34,35,1576.00573
85,34,49,77.90879
85,35,36,765.2478
85,35,50,1576.00573
85,36,37,319.09018
85,36,51,1149.56287
85,37,38,755.13098
85,37,52,755.13098
85,38,39,2289.38309
85,38,53,3866.12935
85,39,40,5288.7939
85,39,54,739.8354
85,40,41,9290.52281
85,40,55,2004.32649
85,41,42,2264.12743
85,41,56,314.2213
85,42,43,9290.52281
85,42,57,77.90879
85,43,44,2264.12743
85,43,58,2264.12743
85,44,59,314.2213
85,45,46,4312.98251
85,45,60,226.14351
85,46,47,1576.00573
85,46,61,871.2781
85,47,48,2264.12743
85,47,62,376.19457
85,48,49,3905.56597
85,48,63,376.19457
85,49,50,765.2478
85,49,64,1576.00573
85,50,51,1135.35149
85,50,65,2328.56436
85,51,52,2289.38309
85,51,66,77.90879
85,52,53,3905.56597
85,52,67,1149.56287
85,53,54,77.90879
85,53,68,77.90879
85,54,55,5288.7939
85,54,69,2264.12743
85,55,56,2328.56436
85,55,70,9290.52281
85,56,57,3866.12935
85,56,71,229.8426
85,57,58,2004.32649
85,57,72,4356.1802
85,58,59,376.19457
85,58,73,319.09018
85,59,74,319.09018
85,60,61,1594.6822
85,60,75,229.8426
85,61,62,370.60653
85,61,76,314.2213
85,62,63,2264.12743
85,62,77,1594.6822
85,63,64,319.09018
85,63,78,1135.35149
85,64,65,5288.7939
85,64,79,755.13098
85,65,66,730.0
85,65,80,5288.7939
85,66,67,226.14351
85,66,81,2027.14403
85,67,68,1135.35149
85,67,82,2354.4173
85,68,69,1135.35149
85,68,83,9372.37068
85,69,70,229.8426
85,69,84,1576.00573
85,70,71,226.14351
85,70,85,2264.12743
85,71,72,2289.38309
85,71,86,765.2478
85,72,73,3866.12935
85,72,87,4356.1802
85,73,74,314.2213
85,73,88,5288.7939
85,74,89,755.13098
85,75,76,2264.12743
85,75,90,4312.98251
85,76,77,739.8354
85,76,91,3905.56597
85,77,78,1594.6822
85,77,92,4356.1802
85,78,79,2328.56436
85,78,93,226.14351
85,79,80,1135.35149
85,79,94,5288.7939
85,80,81,9372.37068
85,80,95,226.14351
85,81,82,2328.56436
85,81,96,3905.56597
85,82,83,882.67614
85,82,97,5339.98936
85,83,84,314.2213
85,83,98,3866.12935
85,84,85,739.8354
85,84,99,9372.37068
85,85,86,77.90879
85,85,100,4356.1802
85,86,87,370.60653
85,86,101,9290.52281
85,87,88,5288.7939
85,87,102,1576.00573
85,88,89,1149.56287
85,88,103,1135.35149
85,89,104,3866.12935
85,90,91,1149.56287
85,90,105,3866.12935
85,91,92,1135.35149
85,91,106,1576.00573
85,92,93,871.2781
85,92,107,2289.38309
85,93,94,77.90879
85,93,108,2289.38309
85,94,95,376.19457
85,94,109,871.2781
85,95,96,226.14351
85,95,110,2027.14403
85,96,97,9290.52281
85,96,111,882.67614
85,97,98,871.2781
85,97,112,9372.37068
85,98,99,9372.37068
85,98,113,3905.56597
85,99,100,9372.37068
85,99,114,5288.7939
85,100,101,3905.56597
85,100,115,370.60653
85,101,102,2264.12743
85,101,116,9372.37068
85,102,103,1149.56287
85,102,117,765.2478
85,103,104,76.41986
85,103,118,2264.12743
85,104,119,2027.14403
85,105,106,2264.12743
85,105,120,77.90879
85,106,107,376.19457
85,106,121,9372.37068
85,107,108,882.67614
85,107,122,3905.56597
85,108,109,319.09018
85,108,123,2289.38309
85,109,110,1149.56287
85,109,124,871.2781
85,110,111,755.13098
85,110,125,9290.52281
85,111,112,4356.1802
85,111,126,77.90879
85,112,113,755.13098
85,112,127,730.0
85,113,114,4356.1802
85,113,128,2328.56436
85,114,115,1576.00573
85,114,129,765.2478
85,115,116,77.90879
85,115,130,4356.1802
85,116,117,2004.32649
85,116,131,730.0
85,117,118,2264.12743
85,117,132,755.13098
85,118,119,2354.4173
85,118,133,5339.98936
85,119,134,370.60653
85,120,121,2289.38309
85,120,135,730.0
85,121,122,9372.37068
85,121,136,2354.4173
85,122,123,2004.32649
85,122,137,2027.14403
85,123,124,871.2781
85,123,138,4356.1802
85,124,125,2004.32649
85,124,139,730.0
85,125,126,2264.12743
85,125,140,1594.6822
85,126,127,5339.98936
85,126,141,370.60653
85,127,128,229.8426
85,127,142,2264.12743
85,128,129,229.8426
85,128,143,370.60653
85,129,130,1594.6822
85,129,144,226.14351
85,130,131,1576.00573
85,130,145,739.8354
85,131,132,370.60653
85,131,146,9290.52281
85,132,133,755.13098
85,132,147,871.2781
85,133,134,76.41986
85,133,148,1594.6822
85,134,149,871.2781
85,135,136,3866.12935
85,135,150,376.19457
85,136,137,5339.98936
85,136,151,730.0
85,137,138,229.8426
85,137,152,2328.56436
85,138,139,2264.12743
85,138,153,3866.12935
85,139,140,9372.37068
85,139,154,755.13098
85,140,141,76.41986
85,140,155,4312.98251
85,141,142,3866.12935
85,141,156,755.13098
85,142,143,739.8354
85,142,157,1594.6822
85,143,144,2027.14403
85,143,158,730.0
85,144,145,4356.1802
85,144,159,730.0
85,145,146,77.90879
85,145,160,2027.14403
85,146,147,4356.1802
85,146,161,229.8426
85,147,148,77.90879
85,147,162,9290.52281
85,148,149,370.60653
85,148,163,2328.56436
85,149,164,77.90879
85,150,151,2289.38309
85,150,165,370.60653
85,151,152,1594.6822
85,151,166,370.60653
85,152,153,1135.35149
85,152,167,755.13098
85,153,154,1576.00573
85,153,168,1576.00573
85,154,155,2289.38309
85,154,169,755.13098
85,155,156,5339.98936
85,155,170,739.8354
85,156,157,4312.98251
85,156,171,76.41986
85,157,158,882.67614
85,157,172,5339.98936
85,158,159,3905.56597
85,158,173,3866.12935
85,159,160,4356.1802
85,159,174,376.19457
85,160,161,9290.52281
85,160,175,1594.6822
85,161,162,2027.14403
85,161,176,9372.37068
85,162,163,882.67614
85,162,177,2264.12743
85,163,164,319.09018
85,163,178,882.67614
85,164,179,765.2478
85,165,166,2354.4173
85,165,180,739.8354
85,166,167,376.19457
85,166,181,9372.37068
85,167,168,2289.38309
85,167,182,2354.4173
85,168,169,3905.56597
85,168,183,4312.98251
85,169,170,755.13098
85,169,184,5288.7939
85,170,171,3866.12935
85,170,185,5288.7939
85,171,172,5339.98936
85,171,186,9290.52281
85,172,173,76.41986
85,172,187,9372.37068
85,173,174,1135.35149
85,173,188,1594.6822
85,174,175,4356.1802
85,174,189,1594.6822
85,175,176,730.0
85,175,190,5288.7939
85,176,177,2289.38309
85,176,191,9372.37068
85,177,178,730.0
85,177,192,2289.38309
85,178,179,1135.35149
85,178,193,5288.7939
85,179,194,9290.52281
85,180,181,1576.00573
85,180,195,376.19457
85,181,182,1576.00573
85,181,196,314.2213
85,182,183,1594.6822
85,182,197,1149.56287
85,183,184,1149.56287
85,183,198,2004.32649
85,184,185,226.14351
85,184,199,3866.12935
85,185,186,882.67614
85,185,200,229.8426
85,186,187,1135.35149
85,186,201,3866.12935
85,187,188,319.09018
85,187,202,882.67614
85,188,189,9290.52281
85,188,203,1594.6822
85,189,190,739.8354
85,189,204,730.0
85,190,191,9372.37068
85,190,205,9290.52281
85,191,192,871.2781
85,191,206,370.60653
85,192,193,319.09018
85,192,207,2004.32649
85,193,194,9372.37068
85,193,208,4356.1802
85,194,209,5339.98936
85,195,196,4356.1802
85,195,210,739.8354
85,196,197,1594.6822
85,196,211,1594.6822
85,197,198,76.41986
85,197,212,226.14351
85,198,199,1576.00573
85,198,213,5339.98936
85,199,200,2354.4173
85,199,214,4312.98251
85,200,201,739.8354
85,200,215,226.14351
85,201,202,2289.38309
85,201,216,3905.56597
85,202,203,1135.35149
85,202,217,2264.12743
85,203,204,871.2781
85,203,218,2004.32649
85,204,205,739.8354
85,204,219,2264.12743
85,205,206,2354.4173
85,205,220,1594.6822
85,206,207,229.8426
85,206,221,2027.14403
85,207,208,4312.98251
85,207,222,314.2213
85,208,209,3866.12935
85,208,223,2027.14403
85,209,224,77.90879
85,210,211,2004.32649
85,211,212,1149.56287
85,212,213,76.41986
85,213,214,3866.12935
85,214,215,319.09018
85,215,216,1149.56287
85,216,217,2328.56436
85,217,218,755.13098
85,218,219,1594.6822
85,219,220,730.0
85,220,221,226.14351
85,221,222,2289.38309
85,222,223,314.2213
85,223,224,871.2781
86,0,1,2377.01632
86,0,15,3998.89046
86,1,2,1091.76776
86,1,16,12.15033
86,2,3,3998.89046
86,2,17,2377.01632
86,3,4,2897.17647
86,3,18,894.97089
86,4,5,38.02185
86,4,19,492.77016
86,5,6,894.97089
86,5,20,217.70569
86,6,7,362.5363
86,6,21,71.8157
86,7,8,131.52985
86,7,22,12.15033
86,8,9,2897.17647
86,8,23,12.15033
86,9,10,160.30046
86,9,24,978.42065
86,10,11,180.37305
86,10,25,730.0
86,11,12,568.62161
86,11,26,568.62161
86,12,13,362.5363
86,12,27,730.0
86,13,14,894.97089
86,13,28,1128.76984
86,14,29,2897.17647
86,15,16,568.62161
86,15,30,12.15033
86,16,17,1642.82362
86,16,31,3998.89046
86,17,18,2377.01632
86,17,32,137.87507
86,18,19,1091.76776
86,18,33,160.30046
86,19,20,590.12607
86,19,34,232.8382
86,20,21,492.77016
86,20,35,978.42065
86,21,22,38.02185
86,21,36,894.97089
86,22,23,217.70569
86,22,37,137.87507
86,23,24,2897.17647
86,23,38,3998.89046
86,24,25,492.77016
86,24,39,3998.89046
86,25,26,2377.01632
86,25,40,354.61346
86,26,27,137.87507
86,26,41,354.61346
86,27,28,978.42065
86,27,42,1642.82362
86,28,29,1128.76984
86,28,43,137.87507
86,29,44,131.52985
86,30,31,1436.49065
86,30,45,1128.76984
86,31,32,1128.76984
86,31,46,590.12607
86,32,33,180.37305
86,32,47,217.70569
86,33,34,25.4012
86,33,48,232.8382
86,34,35,362.5363
86,34,49,978.42065
86,35,36,137.87507
86,35,50,362.5363
86,36,37,310.6904
86,36,51,492.77016
86,37,38,590.12607
86,37,52,590.12607
86,38,39,298.12904
86,38,53,91.75533
86,39,40,354.61346
86,39,54,180.37305
86,40,41,160.30046
86,40,55,217.70569
86,41,42,1091.76776
86,41,56,1128.76984
86,42,43,160.30046
86,42,57,978.42065
86,43,44,1091.76776
86,43,58,1091.76776
86,44,59,1128.76984
86,45,46,568.62161
86,45,60,1671.24456
86,46,47,362.5363
86,46,61,2377.01632
86,47,48,1091.76776
86,47,62,1436.49065
86,48,49,12.15033
86,48,63,1436.49065
86,49,50,137.87507
86,49,64,362.5363
86,50,51,1642.82362
86,50,65,894.97089
86,51,52,298.12904
86,51,66,978.42065
86,52,53,12.15033
86,52,67,492.77016
86,53,54,978.42065
86,53,68,978.42065
86,54,55,354.61346
86,54,69,1091.76776
86,55,56,894.97089
86,55,70,160.30046
86,56,57,91.75533
86,56,71,503.19399
86,57,58,217.70569
86,57,72,131.52985
86,58,59,1436.49065
86,58,73,310.6904
86,59,74,310.6904
86,60,61,73.89596
86,60,75,503.19399
86,61,62,3998.89046
86,61,76,1128.76984
86,62,63,1091.76776
86,62,77,73.89596
86,63,64,310.6904
86,63,78,1642.82362
86,64,65,354.61346
86,64,79,590.12607
86,65,66,730.0
86,65,80,354.61346
86,66,67,1671.24456
86,66,81,38.02185
86,67,68,1642.82362
86,67,82,232.8382
86,68,69,1642.82362
86,68,83,25.4012
86,69,70,503.19399
86,69,84,362.5363
86,70,71,1671.24456
86,70,85,1091.76776
86,71,72,298.12904
86,71,86,137.87507
86,72,73,91.75533
86,72,87,131.52985
86,73,74,1128.76984
86,73,88,354.61346
86,74,89,590.12607
86,75,76,1091.76776
86,75,90,568.62161
86,76,77,180.37305
86,76,91,12.15033
86,77,78,73.89596
86,77,92,131.52985
86,78,79,894.97089
86,78,93,1671.24456
86,79,80,1642.82362
86,79,94,354.61346
86,80,81,25.4012
86,80,95,1671.24456
86,81,82,894.97089
86,81,96,12.15033
86,82,83,771.372
86,82,97,71.8157
86,83,84,1128.76984
86,83,98,91.75533
86,84,85,180.37305
86,84,99,25.4012
86,85,86,978.42065
86,85,100,131.52985
86,86,87,3998.89046
86,86,101,160.30046
86,87,88,354.61346
86,87,102,362.5363
86,88,89,492.77016
86,88,103,1642.82362
86,89,104,91.75533
86,90,91,492.77016
86,90,105,91.75533
86,91,92,1642.82362
86,91,106,362.5363
86,92,93,2377.01632
86,92,107,298.12904
86,93,94,978.42065
86,93,108,298.12904
86,94,95,1436.49065
86,94,109,2377.01632
86,95,96,1671.24456
86,95,110,38.02185
86,96,97,160.30046
86,96,111,771.372
86,97,98,2377.01632
86,97,112,25.4012
86,98,99,25.4012
86,98,113,12.15033
86,99,100,25.4012
86,99,114,354.61346
86,100,101,12.15033
86,100,115,3998.89046
86,101,102,1091.76776
86,101,116,25.4012
86,102,103,492.77016
86,102,117,137.87507
86,103,104,2897.17647
86,103,118,1091.76776
86,104,119,38.02185
86,105,106,1091.76776
86,105,120,978.42065
86,106,107,1436.49065
86,106,121,25.4012
86,107,108,771.372
86,107,122,12.15033
86,108,109,310.6904
86,108,123,298.12904
86,109,110,492.77016
86,109,124,2377.01632
86,110,111,590.12607
86,110,125,160.30046
86,111,112,131.52985
86,111,126,978.42065
86,112,113,590.12607
86,112,127,730.0
86,113,114,131.52985
86,113,128,894.97089
86,114,115,362.5363
86,114,129,137.87507
86,115,116,978.42065
86,115,130,131.52985
86,116,117,217.70569
86,116,131,730.0
86,117,118,1091.76776
86,117,132,590.12607
86,118,119,232.8382
86,118,133,71.8157
86,119,134,3998.89046
86,120,121,298.12904
86,120,135,730.0
86,121,122,25.4012
86,121,136,232.8382
86,122,123,217.70569
86,122,137,38.02185
86,123,124,2377.01632
86,123,138,131.52985
86,124,125,217.70569
86,124,139,730.0
86,125,126,1091.76776
86,125,140,73.89596
86,126,127,71.8157
86,126,141,3998.89046
86,127,128,503.19399
86,127,142,1091.76776
86,128,129,503.19399
86,128,143,3998.89046
86,129,130,73.89596
86,129,144,1671.24456
86,130,131,362.5363
86,130,145,180.37305
86,131,132,3998.89046
86,131,146,160.30046
86,132,133,590.12607
86,132,147,2377.01632
86,133,134,2897.17647
86,133,148,73.89596
86,134,149,2377.01632
86,135,136,91.75533
86,135,150,1436.49065
86,136,137,71.8157
86,136,151,730.0
86,137,138,503.19399
86,137,152,894.97089
86,138,139,1091.76776
86,138,153,91.75533
86,139,140,25.4012
86,139,154,590.12607
86,140,141,2897.17647
86,140,155,568.62161
86,141,142,91.75533
86,141,156,590.12607
86,142,143,180.37305
86,142,157,73.89596
86,143,144,38.02185
86,143,158,730.0
86,144,145,131.52985
86,144,159,730.0
86,145,146,978.42065
86,145,160,38.02185
86,146,147,131.52985
86,146,161,503.19399
86,147,148,978.42065
86,147,162,160.30046
86,148,149,3998.89046
86,148,163,894.97089
86,149,164,978.42065
86,150,151,298.12904
86,150,165,3998.89046
86,151,152,73.89596
86,151,166,3998.89046
86,152,153,1642.82362
86,152,167,590.12607
86,153,154,362.5363
86,153,168,362.5363
86,154,155,298.12904
86,154,169,590.12607
86,155,156,71.8157
86,155,170,180.37305
86,156,157,568.62161
86,156,171,2897.17647
86,157,158,771.372
86,157,172,71.8157
86,158,159,12.15033
86,158,173,91.75533
86,159,160,131.52985
86,159,174,1436.49065
86,160,161,160.30046
86,160,175,73.89596
86,161,162,38.02185
86,161,176,25.4012
86,162,163,771.372
86,162,177,1091.76776
86,163,164,310.6904
86,163,178,771.372
86,164,179,137.87507
86,165,166,232.8382
86,165,180,180.37305
86,166,167,1436.49065
86,166,181,25.4012
86,167,168,298.12904
86,167,182,232.8382
86,168,169,12.15033
86,168,183,568.62161
86,169,170,590.12607
86,169,184,354.61346
86,170,171,91.75533
86,170,185,354.61346
86,171,172,71.8157
86,171,186,160.30046
86,172,173,2897.17647
86,172,187,25.4012
86,173,174,1642.82362
86,173,188,73.89596
86,174,175,131.52985
86,174,189,73.89596
86,175,176,730.0
86,175,190,354.61346
86,176,177,298.12904
86,176,191,25.4012
86,177,178,730.0
86,177,192,298.12904
86,178,179,1642.82362
86,178,193,354.61346
86,179,194,160.30046
86,180,181,362.5363
86,180,195,1436.49065
86,181,182,362.5363
86,181,196,1128.76984
86,182,183,73.89596
86,182,197,492.77016
86,183,184,492.77016
86,183,198,217.70569
86,184,185,1671.24456
86,184,199,91.75533
86,185,186,771.372
86,185,200,503.19399
86,186,187,1642.82362
86,186,201,91.75533
86,187,188,310.6904
86,187,202,771.372
86,188,189,160.30046
86,188,203,73.89596
86,189,190,180.37305
86,189,204,730.0
86,190,191,25.4012
86,190,205,160.30046
86,191,192,2377.01632
86,191,206,3998.89046
86,192,193,310.6904
86,192,207,217.70569
86,193,194,25.4012
86,193,208,131.52985
86,194,209,71.8157
86,195,196,131.52985
86,195,210,180.37305
86,196,197,73.89596
86,196,211,73.89596
86,197,198,2897.17647
86,197,212,1671.24456
86,198,199,362.5363
86,198,213,71.8157
86,199,200,232.8382
86,199,214,568.62161
86,200,201,180.37305
86,200,215,1671.24456
86,201,202,298.12904
86,201,216,12.15033
86,202,203,1642.82362
86,202,217,1091.76776
86,203,204,2377.01632
86,203,218,217.70569
86,204,205,180.37305
86,204,219,1091.76776
86,205,206,232.8382
86,205,220,73.89596
86,206,207,503.19399
86,206,221,38.02185
86,207,208,568.62161
86,207,222,1128.76984
86,208,209,91.75533
86,208,223,38.02185
86,209,224,978.42065
86,210,211,217.70569
86,211,212,492.77016
86,212,213,2897.17647
86,213,214,91.75533
86,214,215,310.6904
86,215,216,492.77016
86,216,217,894.97089
86,217,218,590.12607
86,218,219,73.89596
86,219,220,730.0
86,220,221,1671.24456
86,221,222,298.12904
86,222,223,1128.76984
86,223,224,2377.01632
87,0,1,1391.22385
87,0,15,3267.46769
87,1,2,1391.22385
87,1,16,2067.20746
87,2,3,3267.46769
87,2,17,1391.22385
87,3,4,1874.73227
87,3,18,5285.39546
87,4,5,4613.90259
87,4,19,14392.91938
87,5,6,5285.39546
87,5,20,3170.83696
87,6,7,238.67116
87,6,21,7465.55267
87,7,8,849.58989
87,7,22,2067.20746
87,8,9,1874.73227
87,8,23,2067.20746
87,9,10,2413.90434
87,9,24,2819.83387
87,10,11,1173.57814
87,10,25,730.0
87,11,12,514.28785
87,11,26,514.28785
87,12,13,238.67116
87,12,27,730.0
87,13,14,5285.39546
87,13,28,6719.38719
87,14,29,1874.73227
87,15,16,514.28785
87,15,30,2067.20746
87,16,17,10570.75466
87,16,31,3267.46769
87,17,18,1391.22385
87,17,32,4613.90259
87,18,19,1391.22385
87,18,33,2413.90434
87,19,20,3170.83696
87,19,34,7465.55267
87,20,21,14392.91938
87,20,35,2819.83387
87,21,22,4613.90259
87,21,36,5285.39546
87,22,23,3170.83696
87,22,37,4613.90259
87,23,24,1874.73227
87,23,38,3267.46769
87,24,25,14392.91938
87,24,39,3267.46769
87,25,26,1391.22385
87,25,40,5285.39546
87,26,27,4613.90259
87,26,41,5285.39546
87,27,28,2819.83387
87,27,42,10570.75466
87,28,29,6719.38719
87,28,43,4613.90259
87,29,44,849.58989
87,30,31,4745.90016
87,30,45,6719.38719
87,31,32,6719.38719
87,31,46,3170.83696
87,32,33,1173.57814
87,32,47,3170.83696
87,33,34,3572.21162
87,33,48,7465.55267
87,34,35,238.67116
87,34,49,2819.83387
87,35,36,4613.90259
87,35,50,238.67116
87,36,37,9366.89553
87,36,51,14392.91938
87,37,38,3170.83696
87,37,52,3170.83696
87,38,39,2134.9143
87,38,53,1343.89507
87,39,40,5285.39546
87,39,54,1173.57814
87,40,41,2413.90434
87,40,55,3170.83696
87,41,42,1391.22385
87,41,56,6719.38719
87,42,43,2413.90434
87,42,57,2819.83387
87,43,44,1391.22385
87,43,58,1391.22385
87,44,59,6719.38719
87,45,46,514.28785
87,45,60,730.0
87,46,47,238.67116
87,46,61,1391.22385
87,47,48,1391.22385
87,47,62,4745.90016
87,48,49,2067.20746
87,48,63,4745.90016
87,49,50,4613.90259
87,49,64,238.67116
87,50,51,10570.75466
87,50,65,5285.39546
87,51,52,2134.9143
87,51,66,2819.83387
87,52,53,2067.20746
87,52,67,14392.91938
87,53,54,2819.83387
87,53,68,2819.83387
87,54,55,5285.39546
87,54,69,1391.22385
87,55,56,5285.39546
87,55,70,2413.90434
87,56,57,1343.89507
87,56,71,1173.57814
87,57,58,3170.83696
87,57,72,849.58989
87,58,59,4745.90016
87,58,73,9366.89553
87,59,74,9366.89553
87,60,61,420.59826
87,60,75,1173.57814
87,61,62,3267.46769
87,61,76,6719.38719
87,62,63,1391.22385
87,62,77,420.59826
87,63,64,9366.89553
87,63,78,10570.75466
87,64,65,5285.39546
87,64,79,3170.83696
87,65,66,730.0
87,65,80,5285.39546
87,66,67,730.0
87,66,81,4613.90259
87,67,68,10570.75466
87,67,82,7465.55267
87,68,69,10570.75466
87,68,83,3572.21162
87,69,70,1173.57814
87,69,84,238.67116
87,70,71,730.0
87,70,85,1391.22385
87,71,72,2134.9143
87,71,86,4613.90259
87,72,73,1343.89507
87,72,87,849.58989
87,73,74,6719.38719
87,73,88,5285.39546
87,74,89,3170.83696
87,75,76,1391.22385
87,75,90,514.28785
87,76,77,1173.57814
87,76,91,2067.20746
87,77,78,420.59826
87,77,92,849.58989
87,78,79,5285.39546
87,78,93,730.0
87,79,80,10570.75466
87,79,94,5285.39546
87,80,81,3572.21162
87,80,95,730.0
87,81,82,5285.39546
87,81,96,2067.20746
87,82,83,2134.9143
87,82,97,7465.55267
87,83,84,6719.38719
87,83,98,1343.89507
87,84,85,1173.57814
87,84,99,3572.21162
87,85,86,2819.83387
87,85,100,849.58989
87,86,87,3267.46769
87,86,101,2413.90434
87,87,88,5285.39546
87,87,102,238.67116
87,88,89,14392.91938
87,88,103,10570.75466
87,89,104,1343.89507
87,90,91,14392.91938
87,90,105,1343.89507
87,91,92,10570.75466
87,91,106,238.67116
87,92,93,1391.22385
87,92,107,2134.9143
87,93,94,2819.83387
87,93,108,2134.9143
87,94,95,4745.90016
87,94,109,1391.22385
87,95,96,730.0
87,95,110,4613.90259
87,96,97,2413.90434
87,96,111,2134.9143
87,97,98,1391.22385
87,97,112,3572.21162
87,98,99,3572.21162
87,98,113,2067.20746
87,99,100,3572.21162
87,99,114,5285.39546
87,100,101,2067.20746
87,100,115,3267.46769
87,101,102,1391.22385
87,101,116,3572.21162
87,102,103,14392.91938
87,102,117,4613.90259
87,103,104,1874.73227
87,103,118,1391.22385
87,104,119,4613.90259
87,105,106,1391.22385
87,105,120,2819.83387
87,106,107,4745.90016
87,106,121,3572.21162
87,107,108,2134.9143
87,107,122,2067.20746
87,108,109,9366.89553
87,108,123,2134.9143
87,109,110,14392.91938
87,109,124,1391.22385
87,110,111,3170.83696
87,110,125,2413.90434
87,111,112,849.58989
87,111,126,2819.83387
87,112,113,3170.83696
87,112,127,730.0
87,113,114,849.58989
87,113,128,5285.39546
87,114,115,238.67116
87,114,129,4613.90259
87,115,116,2819.83387
87,115,130,849.58989
87,116,117,3170.83696
87,116,131,730.0
87,117,118,1391.22385
87,117,132,3170.83696
87,118,119,7465.55267
87,118,133,7465.55267
87,119,134,3267.46769
87,120,121,2134.9143
87,120,135,730.0
87,121,122,3572.21162
87,121,136,7465.55267
87,122,123,3170.83696
87,122,137,4613.90259
87,123,124,1391.22385
87,123,138,849.58989
87,124,125,3170.83696
87,124,139,730.0
87,125,126,1391.22385
87,125,140,420.59826
87,126,127,7465.55267
87,126,141,3267.46769
87,127,128,1173.57814
87,127,142,1391.22385
87,128,129,1173.57814
87,128,143,3267.46769
87,129,130,420.59826
87,129,144,730.0
87,130,131,238.67116
87,130,145,1173.57814
87,131,132,3267.46769
87,131,146,2413.90434
87,132,133,3170.83696
87,132,147,1391.22385
87,133,134,1874.73227
87,133,148,420.59826
87,134,149,1391.22385
87,135,136,1343.89507
87,135,150,4745.90016
87,136,137,7465.55267
87,136,151,730.0
87,137,138,1173.57814
87,137,152,5285.39546
87,138,139,1391.22385
87,138,153,1343.89507
87,139,140,3572.21162
87,139,154,3170.83696
87,140,141,1874.73227
87,140,155,514.28785
87,141,142,1343.89507
87,141,156,3170.83696
87,142,143,1173.57814
87,142,157,420.59826
87,143,144,4613.90259
87,143,158,730.0
87,144,145,849.58989
87,144,159,730.0
87,145,146,2819.83387
87,145,160,4613.90259
87,146,147,849.58989
87,146,161,1173.57814
87,147,148,2819.83387
87,147,162,2413.90434
87,148,149,3267.46769
87,148,163,5285.39546
87,149,164,2819.83387
87,150,151,2134.9143
87,150,165,3267.46769
87,151,152,420.59826
87,151,166,3267.46769
87,152,153,10570.75466
87,152,167,3170.83696
87,153,154,238.67116
87,153,168,238.67116
87,154,155,2134.9143
87,154,169,3170.83696
87,155,156,7465.55267
87,155,170,1173.57814
87,156,157,514.28785
87,156,171,1874.73227
87,157,158,2134.9143
87,157,172,7465.55267
87,158,159,2067.20746
87,158,173,1343.89507
87,159,160,849.58989
87,159,174,4745.90016
87,160,161,2413.90434
87,160,175,420.59826
87,161,162,4613.90259
87,161,176,3572.21162
87,162,163,2134.9143
87,162,177,1391.22385
87,163,164,9366.89553
87,163,178,2134.9143
87,164,179,4613.90259
87,165,166,7465.55267
87,165,180,1173.57814
87,166,167,4745.90016
87,166,181,3572.21162
87,167,168,2134.9143
87,167,182,7465.55267
87,168,169,2067.20746
87,168,183,514.28785
87,169,170,3170.83696
87,169,184,5285.39546
87,170,171,1343.89507
87,170,185,5285.39546
87,171,172,7465.55267
87,171,186,2413.90434
87,172,173,1874.73227
87,172,187,3572.21162
87,173,174,10570.75466
87,173,188,420.59826
87,174,175,849.58989
87,174,189,420.59826
87,175,176,730.0
87,175,190,5285.39546
87,176,177,2134.9143
87,176,191,3572.21162
87,177,178,730.0
87,177,192,2134.9143
87,178,179,10570.75466
87,178,193,5285.39546
87,179,194,2413.90434
87,180,181,238.67116
87,180,195,4745.90016
87,181,182,238.67116
87,181,196,6719.38719
87,182,183,420.59826
87,182,197,14392.91938
87,183,184,14392.91938
87,183,198,3170.83696
87,184,185,730.0
87,184,199,1343.89507
87,185,186,2134.9143
87,185,200,1173.57814
87,186,187,10570.75466
87,186,201,1343.89507
87,187,188,9366.89553
87,187,202,2134.9143
87,188,189,2413.90434
87,188,203,420.59826
87,189,190,1173.57814
87,189,204,730.0
87,190,191,3572.21162
87,190,205,2413.90434
87,191,192,1391.22385
87,191,206,3267.46769
87,192,193,9366.89553
87,192,207,3170.83696
87,193,194,3572.21162
87,193,208,849.58989
87,194,209,7465.55267
87,195,196,849.58989
87,195,210,1173.57814
87,196,197,420.59826
87,196,211,420.59826
87,197,198,1874.73227
87,197,212,730.0
87,198,199,238.67116
87,198,213,7465.55267
87,199,200,7465.55267
87,199,214,514.28785
87,200,201,1173.57814
87,200,215,730.0
87,201,202,2134.9143
87,201,216,2067.20746
87,202,203,10570.75466
87,202,217,1391.22385
87,203,204,1391.22385
87,203,218,3170.83696
87,204,205,1173.57814
87,204,219,1391.22385
87,205,206,7465.55267
87,205,220,420.59826
87,206,207,1173.57814
87,206,221,4613.90259
87,207,208,514.28785
87,207,222,6719.38719
87,208,209,1343.89507
87,208,223,4613.90259
87,209,224,2819.83387
87,210,211,3170.83696
87,211,212,14392.91938
87,212,213,1874.73227
87,213,214,1343.89507
87,214,215,9366.89553
87,215,216,14392.91938
87,216,217,5285.39546
87,217,218,3170.83696
87,218,219,420.59826
87,219,220,730.0
87,220,221,730.0
87,221,222,2134.9143
87,222,223,6719.38719
87,223,224,1391.22385
88,0,1,3653.86225
88,0,15,1921.02355
88,1,2,2467.42847
88,1,16,431.83183
88,2,3,1921.02355
88,2,17,3653.86225
88,3,4,536.58448
88,3,18,2815.81137
88,4,5,169.12626
88,4,19,565.4531
88,5,6,2815.81137
88,5,20,518.19413
88,6,7,1542.84764
88,6,21,767.28468
88,7,8,2144.50706
88,7,22,431.83183
88,8,9,536.58448
88,8,23,431.83183
88,9,10,3562.41877
88,9,24,176.35755
88,10,11,254.73642
88,10,25,730.0
88,11,12,4577.61723
88,11,26,4577.61723
88,12,13,1542.84764
88,12,27,730.0
88,13,14,2815.81137
88,13,28,373.95097
88,14,29,536.58448
88,15,16,4577.61723
88,15,30,431.83183
88,16,17,1436.49065
88,16,31,1921.02355
88,17,18,3653.86225
88,17,32,308.46078
88,18,19,2467.42847
88,18,33,3562.41877
88,19,20,857.7628
88,19,34,1231.91785
88,20,21,565.4531
88,20,35,176.35755
88,21,22,169.12626
88,21,36,2815.81137
88,22,23,518.19413
88,22,37,308.46078
88,23,24,536.58448
88,23,38,1921.02355
88,24,25,565.4531
88,24,39,1921.02355
88,25,26,3653.86225
88,25,40,1867.584
88,26,27,308.46078
88,26,41,1867.584
88,27,28,176.35755
88,27,42,1436.49065
88,28,29,373.95097
88,28,43,308.46078
88,29,44,2144.50706
88,30,31,792.78044
88,30,45,373.95097
88,31,32,373.95097
88,31,46,857.7628
88,32,33,254.73642
88,32,47,518.19413
88,33,34,1612.27973
88,33,48,1231.91785
88,34,35,1542.84764
88,34,49,176.35755
88,35,36,308.46078
88,35,50,1542.84764
88,36,37,114.08352
88,36,51,565.4531
88,37,38,857.7628
88,37,52,857.7628
88,38,39,1058.44703
88,38,53,1141.01836
88,39,40,1867.584
88,39,54,254.73642
88,40,41,3562.41877
88,40,55,518.19413
88,41,42,2467.42847
88,41,56,373.95097
88,42,43,3562.41877
88,42,57,176.35755
88,43,44,2467.42847
88,43,58,2467.42847
88,44,59,373.95097
88,45,46,4577.61723
88,45,60,1176.48788
88,46,47,1542.84764
88,46,61,3653.86225
88,47,48,2467.42847
88,47,62,792.78044
88,48,49,431.83183
88,48,63,792.78044
88,49,50,308.46078
88,49,64,1542.84764
88,50,51,1436.49065
88,50,65,2815.81137
88,51,52,1058.44703
88,51,66,176.35755
88,52,53,431.83183
88,52,67,565.4531
88,53,54,176.35755
88,53,68,176.35755
88,54,55,1867.584
88,54,69,2467.42847
88,55,56,2815.81137
88,55,70,3562.41877
88,56,57,1141.01836
88,56,71,447.63212
88,57,58,518.19413
88,57,72,2144.50706
88,58,59,792.78044
88,58,73,114.08352
88,59,74,114.08352
88,60,61,614.56086
88,60,75,447.63212
88,61,62,1921.02355
88,61,76,373.95097
88,62,63,2467.42847
88,62,77,614.56086
88,63,64,114.08352
88,63,78,1436.49065
88,64,65,1867.584
88,64,79,857.7628
88,65,66,730.0
88,65,80,1867.584
88,66,67,1176.48788
88,66,81,169.12626
88,67,68,1436.49065
88,67,82,1231.91785
88,68,69,1436.49065
88,68,83,1612.27973
88,69,70,447.63212
88,69,84,1542.84764
88,70,71,1176.48788
88,70,85,2467.42847
88,71,72,1058.44703
88,71,86,308.46078
88,72,73,1141.01836
88,72,87,2144.50706
88,73,74,373.95097
88,73,88,1867.584
88,74,89,857.7628
88,75,76,2467.42847
88,75,90,4577.61723
88,76,77,254.73642
88,76,91,431.83183
88,77,78,614.56086
88,77,92,2144.50706
88,78,79,2815.81137
88,78,93,1176.48788
88,79,80,1436.49065
88,79,94,1867.584
88,80,81,1612.27973
88,80,95,1176.48788
88,81,82,2815.81137
88,81,96,431.83183
88,82,83,1659.56867
88,82,97,767.28468
88,83,84,373.95097
88,83,98,1141.01836
88,84,85,254.73642
88,84,99,1612.27973
88,85,86,176.35755
88,85,100,2144.50706
88,86,87,1921.02355
88,86,101,3562.41877
88,87,88,1867.584
88,87,102,1542.84764
88,88,89,565.4531
88,88,103,1436.49065
88,89,104,1141.01836
88,90,91,565.4531
88,90,105,1141.01836
88,91,92,1436.49065
88,91,106,1542.84764
88,92,93,3653.86225
88,92,107,1058.44703
88,93,94,176.35755
88,93,108,1058.44703
88,94,95,792.78044
88,94,109,3653.86225
88,95,96,1176.48788
88,95,110,169.12626
88,96,97,3562.41877
88,96,111,1659.56867
88,97,98,3653.86225
88,97,112,1612.27973
88,98,99,1612.27973
88,98,113,431.83183
88,99,100,1612.27973
88,99,114,1867.584
88,100,101,431.83183
88,100,115,1921.02355
88,101,102,2467.42847
88,101,116,1612.27973
88,102,103,565.4531
88,102,117,308.46078
88,103,104,536.58448
88,103,118,2467.42847
88,104,119,169.12626
88,105,106,2467.42847
88,105,120,176.35755
88,106,107,792.78044
88,106,121,1612.27973
88,107,108,1659.56867
88,107,122,431.83183
88,108,109,114.08352
88,108,123,1058.44703
88,109,110,565.4531
88,109,124,3653.86225
88,110,111,857.7628
88,110,125,3562.41877
88,111,112,2144.50706
88,111,126,176.35755
88,112,113,857.7628
88,112,127,730.0
88,113,114,2144.50706
88,113,128,2815.81137
88,114,115,1542.84764
88,114,129,308.46078
88,115,116,176.35755
88,115,130,2144.50706
88,116,117,518.19413
88,116,131,730.0
88,117,118,2467.42847
88,117,132,857.7628
88,118,119,1231.91785
88,118,133,767.28468
88,119,134,1921.02355
88,120,121,1058.44703
88,120,135,730.0
88,121,122,1612.27973
88,121,136,1231.91785
88,122,123,518.19413
88,122,137,169.12626
88,123,124,3653.86225
88,123,138,2144.50706
88,124,125,518.19413
88,124,139,730.0
88,125,126,2467.42847
88,125,140,614.56086
88,126,127,767.28468
88,126,141,1921.02355
88,127,128,447.63212
88,127,142,2467.42847
88,128,129,447.63212
88,128,143,1921.02355
88,129,130,614.56086
88,129,144,1176.48788
88,130,131,1542.84764
88,130,145,254.73642
88,131,132,1921.02355
88,131,146,3562.41877
88,132,133,857.7628
88,132,147,3653.86225
88,133,134,536.58448
88,133,148,614.56086
88,134,149,3653.86225
88,135,136,1141.01836
88,135,150,792.78044
88,136,137,767.28468
88,136,151,730.0
88,137,138,447.63212
88,137,152,2815.81137
88,138,139,2467.42847
88,138,153,1141.01836
88,139,140,1612.27973
88,139,154,857.7628
88,140,141,536.58448
88,140,155,4577.61723
88,141,142,1141.01836
88,141,156,857.7628
88,142,143,254.73642
88,142,157,614.56086
88,143,144,169.12626
88,143,158,730.0
88,144,145,2144.50706
88,144,159,730.0
88,145,146,176.35755
88,145,160,169.12626
88,146,147,2144.50706
88,146,161,447.63212
88,147,148,176.35755
88,147,162,3562.41877
88,148,149,1921.02355
88,148,163,2815.81137
88,149,164,176.35755
88,150,151,1058.44703
88,150,165,1921.02355
88,151,152,614.56086
88,151,166,1921.02355
88,152,153,1436.49065
88,152,167,857.7628
88,153,154,1542.84764
88,153,168,1542.84764
88,154,155,1058.44703
88,154,169,857.7628
88,155,156,767.28468
88,155,170,254.73642
88,156,157,4577.61723
88,156,171,536.58448
88,157,158,1659.56867
88,157,172,767.28468
88,158,159,431.83183
88,158,173,1141.01836
88,159,160,2144.50706
88,159,174,792.78044
88,160,161,3562.41877
88,160,175,614.56086
88,161,162,169.12626
88,161,176,1612.27973
88,162,163,1659.56867
88,162,177,2467.42847
88,163,164,114.08352
88,163,178,1659.56867
88,164,179,308.46078
88,165,166,1231.91785
88,165,180,254.73642
88,166,167,792.78044
88,166,181,1612.27973
88,167,168,1058.44703
88,167,182,1231.91785
88,168,169,431.83183
88,168,183,4577.61723
88,169,170,857.7628
88,169,184,1867.584
88,170,171,1141.01836
88,170,185,1867.584
88,171,172,767.28468
88,171,186,3562.41877
88,172,173,536.58448
88,172,187,1612.27973
88,173,174,1436.49065
88,173,188,614.56086
88,174,175,2144.50706
88,174,189,614.56086
88,175,176,730.0
88,175,190,1867.584
88,176,177,1058.44703
88,176,191,1612.27973
88,177,178,730.0
88,177,192,1058.44703
88,178,179,1436.49065
88,178,193,1867.584
88,179,194,3562.41877
88,180,181,1542.84764
88,180,195,792.78044
88,181,182,1542.84764
88,181,196,373.95097
88,182,183,614.56086
88,182,197,565.4531
88,183,184,565.4531
88,183,198,518.19413
88,184,185,1176.48788
88,184,199,1141.01836
88,185,186,1659.56867
88,185,200,447.63212
88,186,187,1436.49065
88,186,201,1141.01836
88,187,188,114.08352
88,187,202,1659.56867
88,188,189,3562.41877
88,188,203,614.56086
88,189,190,254.73642
88,189,204,730.0
88,190,191,1612.27973
88,190,205,3562.41877
88,191,192,3653.86225
88,191,206,1921.02355
88,192,193,114.08352
88,192,207,518.19413
88,193,194,1612.27973
88,193,208,2144.50706
88,194,209,767.28468
88,195,196,2144.50706
88,195,210,254.73642
88,196,197,614.56086
88,196,211,614.56086
88,197,198,536.58448
88,197,212,1176.48788
88,198,199,1542.84764
88,198,213,767.28468
88,199,200,1231.91785
88,199,214,4577.61723
88,200,201,254.73642
88,200,215,1176.48788
88,201,202,1058.44703
88,201,216,431.83183
88,202,203,1436.49065
88,202,217,2467.42847
88,203,204,3653.86225
88,203,218,518.19413
88,204,205,254.73642
88,204,219,2467.42847
88,205,206,1231.91785
88,205,220,614.56086
88,206,207,447.63212
88,206,221,169.12626
88,207,208,4577.61723
88,207,222,373.95097
88,208,209,1141.01836
88,208,223,169.12626
88,209,224,176.35755
88,210,211,518.19413
88,211,212,565.4531
88,212,213,536.58448
88,213,214,1141.01836
88,214,215,114.08352
88,215,216,565.4531
88,216,217,2815.81137
88,217,218,857.7628
88,218,219,614.56086
88,219,220,730.0
88,220,221,1176.48788
88,221,222,1058.44703
88,222,223,373.95097
88,223,224,3653.86225
89,0,1,6.95204
89,0,15,143.30148
89,1,2,472.00948
89,1,16,16.27485
89,2,3,143.30148
89,2,17,6.95204
89,3,4,242.54075
89,3,18,8.86325
89,4,5,253.38645
89,4,19,34.87463
89,5,6,8.86325
89,5,20,828.35397
89,6,7,77.70886
89,6,21,150.292
89,7,8,5.83993
89,7,22,16.27485
89,8,9,242.54075
89,8,23,16.27485
89,9,10,50.25899
89,9,24,55.21852
89,10,11,217.2316
89,10,25,730.0
89,11,12,41.1755
89,11,26,41.1755
89,12,13,77.70886
89,12,27,730.0
89,13,14,8.86325
89,13,28,282.14173
89,14,29,242.54075
89,15,16,41.1755
89,15,30,16.27485
89,16,17,168.93432
89,16,31,143.30148
89,17,18,6.95204
89,17,32,2.5068
89,18,19,472.00948
89,18,33,50.25899
89,19,20,19.12866
89,19,34,1.4048
89,20,21,34.87463
89,20,35,55.21852
89,21,22,253.38645
89,21,36,8.86325
89,22,23,828.35397
89,22,37,2.5068
89,23,24,242.54075
89,23,38,143.30148
89,24,25,34.87463
89,24,39,143.30148
89,25,26,6.95204
89,25,40,540.63157
89,26,27,2.5068
89,26,41,540.63157
89,27,28,55.21852
89,27,42,168.93432
89,28,29,282.14173
89,28,43,2.5068
89,29,44,5.83993
89,30,31,28.26124
89,30,45,282.14173
89,31,32,282.14173
89,31,46,19.12866
89,32,33,217.2316
89,32,47,828.35397
89,33,34,7.45531
89,33,48,1.4048
89,34,35,77.70886
89,34,49,55.21852
89,35,36,2.5068
89,35,50,77.70886
89,36,37,66.83044
89,36,51,34.87463
89,37,38,19.12866
89,37,52,19.12866
89,38,39,127.08449
89,38,53,93.14259
89,39,40,540.63157
89,39,54,217.2316
89,40,41,50.25899
89,40,55,828.35397
89,41,42,472.00948
89,41,56,282.14173
89,42,43,50.25899
89,42,57,55.21852
89,43,44,472.00948
89,43,58,472.00948
89,44,59,282.14173
89,45,46,41.1755
89,45,60,15.23858
89,46,47,77.70886
89,46,61,6.95204
89,47,48,472.00948
89,47,62,28.26124
89,48,49,16.27485
89,48,63,28.26124
89,49,50,2.5068
89,49,64,77.70886
89,50,51,168.93432
89,50,65,8.86325
89,51,52,127.08449
89,51,66,55.21852
89,52,53,16.27485
89,52,67,34.87463
89,53,54,55.21852
89,53,68,55.21852
89,54,55,540.63157
89,54,69,472.00948
89,55,56,8.86325
89,55,70,50.25899
89,56,57,93.14259
89,56,71,2.04131
89,57,58,828.35397
89,57,72,5.83993
89,58,59,28.26124
89,58,73,66.83044
89,59,74,66.83044
89,60,61,12.91177
89,60,75,2.04131
89,61,62,143.30148
89,61,76,282.14173
89,62,63,472.00948
89,62,77,12.91177
89,63,64,66.83044
89,63,78,168.93432
89,64,65,540.63157
89,64,79,19.12866
89,65,66,730.0
89,65,80,540.63157
89,66,67,15.23858
89,66,81,253.38645
89,67,68,168.93432
89,67,82,1.4048
89,68,69,168.93432
89,68,83,7.45531
89,69,70,2.04131
89,69,84,77.70886
89,70,71,15.23858
89,70,85,472.00948
89,71,72,127.08449
89,71,86,2.5068
89,72,73,93.14259
89,72,87,5.83993
89,73,74,282.14173
89,73,88,540.63157
89,74,89,19.12866
89,75,76,472.00948
89,75,90,41.1755
89,76,77,217.2316
89,76,91,16.27485
89,77,78,12.91177
89,77,92,5.83993
89,78,79,8.86325
89,78,93,15.23858
89,79,80,168.93432
89,79,94,540.63157
89,80,81,7.45531
89,80,95,15.23858
89,81,82,8.86325
89,81,96,16.27485
89,82,83,1.25463
89,82,97,150.292
89,83,84,282.14173
89,83,98,93.14259
89,84,85,217.2316
89,84,99,7.45531
89,85,86,55.21852
89,85,100,5.83993
89,86,87,143.30148
89,86,101,50.25899
89,87,88,540.63157
89,87,102,77.70886
89,88,89,34.87463
89,88,103,168.93432
89,89,104,93.14259
89,90,91,34.87463
89,90,105,93.14259
89,91,92,168.93432
89,91,106,77.70886
89,92,93,6.95204
89,92,107,127.08449
89,93,94,55.21852
89,93,108,127.08449
89,94,95,28.26124
89,94,109,6.95204
89,95,96,15.23858
89,95,110,253.38645
89,96,97,50.25899
89,96,111,1.25463
89,97,98,6.95204
89,97,112,7.45531
89,98,99,7.45531
89,98,113,16.27485
89,99,100,7.45531
89,99,114,540.63157
89,100,101,16.27485
89,100,115,143.30148
89,101,102,472.00948
89,101,116,7.45531
89,102,103,34.87463
89,102,117,2.5068
89,103,104,242.54075
89,103,118,472.00948
89,104,119,253.38645
89,105,106,472.00948
89,105,120,55.21852
89,106,107,28.26124
89,106,121,7.45531
89,107,108,1.25463
89,107,122,16.27485
89,108,109,66.83044
89,108,123,127.08449
89,109,110,34.87463
89,109,124,6.95204
89,110,111,19.12866
89,110,125,50.25899
89,111,112,5.83993
89,111,126,55.21852
89,112,113,19.12866
89,112,127,730.0
89,113,114,5.83993
89,113,128,8.86325
89,114,115,77.70886
89,114,129,2.5068
89,115,116,55.21852
89,115,130,5.83993
89,116,117,828.35397
89,116,131,730.0
89,117,118,472.00948
89,117,132,19.12866
89,118,119,1.4048
89,118,133,150.292
89,119,134,143.30148
89,120,121,127.08449
89,120,135,730.0
89,121,122,7.45531
89,121,136,1.4048
89,122,123,828.35397
89,122,137,253.38645
89,123,124,6.95204
89,123,138,5.83993
89,124,125,828.35397
89,124,139,730.0
89,125,126,472.00948
89,125,140,12.91177
89,126,127,150.292
89,126,141,143.30148
89,127,128,2.04131
89,127,142,472.00948
89,128,129,2.04131
89,128,143,143.30148
89,129,130,12.91177
89,129,144,15.23858
89,130,131,77.70886
89,130,145,217.2316
89,131,132,143.30148
89,131,146,50.25899
89,132,133,19.12866
89,132,147,6.95204
89,133,134,242.54075
89,133,148,12.91177
89,134,149,6.95204
89,135,136,93.14259
89,135,150,28.26124
89,136,137,150.292
89,136,151,730.0
89,137,138,2.04131
89,137,152,8.86325
89,138,139,472.00948
89,138,153,93.14259
89,139,140,7.45531
89,139,154,19.12866
89,140,141,242.54075
89,140,155,41.1755
89,141,142,93.14259
89,141,156,19.12866
89,142,143,217.2316
89,142,157,12.91177
89,143,144,253.38645
89,143,158,730.0
89,144,145,5.83993
89,144,159,730.0
89,145,146,55.21852
89,145,160,253.38645
89,146,147,5.83993
89,146,161,2.04131
89,147,148,55.21852
89,147,162,50.25899
89,148,149,143.30148
89,148,163,8.86325
89,149,164,55.21852
89,150,151,127.08449
89,150,165,143.30148
89,151,152,12.91177
89,151,166,143.30148
89,152,153,168.93432
89,152,167,19.12866
89,153,154,77.70886
89,153,168,77.70886
89,154,155,127.08449
89,154,169,19.12866
89,155,156,150.292
89,155,170,217.2316
89,156,157,41.1755
89,156,171,242.54075
89,157,158,1.25463
89,157,172,150.292
89,158,159,16.27485
89,158,173,93.14259
89,159,160,5.83993
89,159,174,28.26124
89,160,161,50.25899
89,160,175,12.91177
89,161,162,253.38645
89,161,176,7.45531
89,162,163,1.25463
89,162,177,472.00948
89,163,164,66.83044
89,163,178,1.25463
89,164,179,2.5068
89,165,166,1.4048
89,165,180,217.2316
89,166,167,28.26124
89,166,181,7.45531
89,167,168,127.08449
89,167,182,1.4048
89,168,169,16.27485
89,168,183,41.1755
89,169,170,19.12866
89,169,184,540.63157
89,170,171,93.14259
89,170,185,540.63157
89,171,172,150.292
89,171,186,50.25899
89,172,173,242.54075
89,172,187,7.45531
89,173,174,168.93432
89,173,188,12.91177
89,174,175,5.83993
89,174,189,12.91177
89,175,176,730.0
89,175,190,540.63157
89,176,177,127.08449
89,176,191,7.45531
89,177,178,730.0
89,177,192,127.08449
89,178,179,168.93432
89,178,193,540.63157
89,179,194,50.25899
89,180,181,77.70886
89,180,195,28.26124
89,181,182,77.70886
89,181,196,282.14173
89,182,183,12.91177
89,182,197,34.87463
89,183,184,34.87463
89,183,198,828.35397
89,184,185,15.23858
89,184,199,93.14259
89,185,186,1.25463
89,185,200,2.04131
89,186,187,168.93432
89,186,201,93.14259
89,187,188,66.83044
89,187,202,1.25463
89,188,189,50.25899
89,188,203,12.91177
89,189,190,217.2316
89,189,204,730.0
89,190,191,7.45531
89,190,205,50.25899
89,191,192,6.95204
89,191,206,143.30148
89,192,193,66.83044
89,192,207,828.35397
89,193,194,7.45531
89,193,208,5.83993
89,194,209,150.292
89,195,196,5.83993
89,195,210,217.2316
89,196,197,12.91177
89,196,211,12.91177
89,197,198,242.54075
89,197,212,15.23858
89,198,199,77.70886
89,198,213,150.292
89,199,200,1.4048
89,199,214,41.1755
89,200,201,217.2316
89,200,215,15.23858
89,201,202,127.08449
89,201,216,16.27485
89,202,203,168.93432
89,202,217,472.00948
89,203,204,6.95204
89,203,218,828.35397
89,204,205,217.2316
89,204,219,472.00948
89,205,206,1.4048
89,205,220,12.91177
89,206,207,2.04131
89,206,221,253.38645
89,207,208,41.1755
89,207,222,282.14173
89,208,209,93.14259
89,208,223,253.38645
89,209,224,55.21852
89,210,211,828.35397
89,211,212,34.87463
89,212,213,242.54075
89,213,214,93.14259
89,214,215,66.83044
89,215,216,34.87463
89,216,217,8.86325
89,217,218,19.12866
89,218,219,12.91177
89,219,220,730.0
89,220,221,15.23858
89,221,222,127.08449
89,222,223,282.14173
89,223,224,6.95204
90,0,1,3905.56597
90,0,15,678.14048
90,1,2,1684.29804
90,1,16,3392.28336
90,2,3,678.14048
90,2,17,3905.56597
90,3,4,253.65596
90,3,18,2620.69282
90,4,5,561.25137
90,4,19,519.66535
90,5,6,2620.69282
90,5,20,428.47755
90,6,7,4127.12964
90,6,21,1340.64382
90,7,8,9236.2892
90,7,22,3392.28336
90,8,9,253.65596
90,8,23,3392.28336
90,9,10,5478.53393
90,9,24,340.23401
90,10,11,935.11815
90,10,25,730.0
90,11,12,7807.16523
90,11,26,7807.16523
90,12,13,4127.12964
90,12,27,730.0
90,13,14,2620.69282
90,13,28,133.87993
90,14,29,253.65596
90,15,16,7807.16523
90,15,30,3392.28336
90,16,17,395.33255
90,16,31,678.14048
90,17,18,3905.56597
90,17,32,1519.86461
90,18,19,1684.29804
90,18,33,5478.53393
90,19,20,1209.88769
90,19,34,3204.271
90,20,21,519.66535
90,20,35,340.23401
90,21,22,561.25137
90,21,36,2620.69282
90,22,23,428.47755
90,22,37,1519.86461
90,23,24,253.65596
90,23,38,678.14048
90,24,25,519.66535
90,24,39,678.14048
90,25,26,3905.56597
90,25,40,1062.00786
90,26,27,1519.86461
90,26,41,1062.00786
90,27,28,340.23401
90,27,42,395.33255
90,28,29,133.87993
90,28,43,1519.86461
90,29,44,9236.2892
90,30,31,871.2781
90,30,45,133.87993
90,31,32,133.87993
90,31,46,1209.88769
90,32,33,935.11815
90,32,47,428.47755
90,33,34,6546.95829
90,33,48,3204.271
90,34,35,4127.12964
90,34,49,340.23401
90,35,36,1519.86461
90,35,50,4127.12964
90,36,37,185.29251
90,36,51,519.66535
90,37,38,1209.88769
90,37,52,1209.88769
90,38,39,2090.61974
90,38,53,2779.82365
90,39,40,1062.00786
90,39,54,935.11815
90,40,41,5478.53393
90,40,55,428.47755
90,41,42,1684.29804
90,41,56,133.87993
90,42,43,5478.53393
90,42,57,340.23401
90,43,44,1684.29804
90,43,58,1684.29804
90,44,59,133.87993
90,45,46,7807.16523
90,45,60,1900.65524
90,46,47,4127.12964
90,46,61,3905.56597
90,47,48,1684.29804
90,47,62,871.2781
90,48,49,3392.28336
90,48,63,871.2781
90,49,50,1519.86461
90,49,64,4127.12964
90,50,51,395.33255
90,50,65,2620.69282
90,51,52,2090.61974
90,51,66,340.23401
90,52,53,3392.28336
90,52,67,519.66535
90,53,54,340.23401
90,53,68,340.23401
90,54,55,1062.00786
90,54,69,1684.29804
90,55,56,2620.69282
90,55,70,5478.53393
90,56,57,2779.82365
90,56,71,2349.22766
90,57,58,428.47755
90,57,72,9236.2892
90,58,59,871.2781
90,58,73,185.29251
90,59,74,185.29251
90,60,61,4973.96333
90,60,75,2349.22766
90,61,62,678.14048
90,61,76,133.87993
90,62,63,1684.29804
90,62,77,4973.96333
90,63,64,185.29251
90,63,78,395.33255
90,64,65,1062.00786
90,64,79,1209.88769
90,65,66,730.0
90,65,80,1062.00786
90,66,67,1900.65524
90,66,81,561.25137
90,67,68,395.33255
90,67,82,3204.271
90,68,69,395.33255
90,68,83,6546.95829
90,69,70,2349.22766
90,69,84,4127.12964
90,70,71,1900.65524
90,70,85,1684.29804
90,71,72,2090.61974
90,71,86,1519.86461
90,72,73,2779.82365
90,72,87,9236.2892
90,73,74,133.87993
90,73,88,1062.00786
90,74,89,1209.88769
90,75,76,1684.29804
90,75,90,7807.16523
90,76,77,935.11815
90,76,91,3392.28336
90,77,78,4973.96333
90,77,92,9236.2892
90,78,79,2620.69282
90,78,93,1900.65524
90,79,80,395.33255
90,79,94,1062.00786
90,80,81,6546.95829
90,80,95,1900.65524
90,81,82,2620.69282
90,81,96,3392.28336
90,82,83,4714.92566
90,82,97,1340.64382
90,83,84,133.87993
90,83,98,2779.82365
90,84,85,935.11815
90,84,99,6546.95829
90,85,86,340.23401
90,85,100,9236.2892
90,86,87,678.14048
90,86,101,5478.53393
90,87,88,1062.00786
90,87,102,4127.12964
90,88,89,519.66535
90,88,103,395.33255
90,89,104,2779.82365
90,90,91,519.66535
90,90,105,2779.82365
90,91,92,395.33255
90,91,106,4127.12964
90,92,93,3905.56597
90,92,107,2090.61974
90,93,94,340.23401
90,93,108,2090.61974
90,94,95,871.2781
90,94,109,3905.56597
90,95,96,1900.65524
90,95,110,561.25137
90,96,97,5478.53393
90,96,111,4714.92566
90,97,98,3905.56597
90,97,112,6546.95829
90,98,99,6546.95829
90,98,113,3392.28336
90,99,100,6546.95829
90,99,114,1062.00786
90,100,101,3392.28336
90,100,115,678.14048
90,101,102,1684.29804
90,101,116,6546.95829
90,102,103,519.66535
90,102,117,1519.86461
90,103,104,253.65596
90,103,118,1684.29804
90,104,119,561.25137
90,105,106,1684.29804
90,105,120,340.23401
90,106,107,871.2781
90,106,121,6546.95829
90,107,108,4714.92566
90,107,122,3392.28336
90,108,109,185.29251
90,108,123,2090.61974
90,109,110,519.66535
90,109,124,3905.56597
90,110,111,1209.88769
90,110,125,5478.53393
90,111,112,9236.2892
90,111,126,340.23401
90,112,113,1209.88769
90,112,127,730.0
90,113,114,9236.2892
90,113,128,2620.69282
90,114,115,4127.12964
90,114,129,1519.86461
90,115,116,340.23401
90,115,130,9236.2892
90,116,117,428.47755
90,116,131,730.0
90,117,118,1684.29804
90,117,132,1209.88769
90,118,119,3204.271
90,118,133,1340.64382
90,119,134,678.14048
90,120,121,2090.61974
90,120,135,730.0
90,121,122,6546.95829
90,121,136,3204.271
90,122,123,428.47755
90,122,137,561.25137
90,123,124,3905.56597
90,123,138,9236.2892
90,124,125,428.47755
90,124,139,730.0
90,125,126,1684.29804
90,125,140,4973.96333
90,126,127,1340.64382
90,126,141,678.14048
90,127,128,2349.22766
90,127,142,1684.29804
90,128,129,2349.22766
90,128,143,678.14048
90,129,130,4973.96333
90,129,144,1900.65524
90,130,131,4127.12964
90,130,145,935.11815
90,131,132,678.14048
90,131,146,5478.53393
90,132,133,1209.88769
90,132,147,3905.56597
90,133,134,253.65596
90,133,148,4973.96333
90,134,149,3905.56597
90,135,136,2779.82365
90,135,150,871.2781
90,136,137,1340.64382
90,136,151,730.0
90,137,138,2349.22766
90,137,152,2620.69282
90,138,139,1684.29804
90,138,153,2779.82365
90,139,140,6546.95829
90,139,154,1209.88769
90,140,141,253.65596
90,140,155,7807.16523
90,141,142,2779.82365
90,141,156,1209.88769
90,142,143,935.11815
90,142,157,4973.96333
90,143,144,561.25137
90,143,158,730.0
90,144,145,9236.2892
90,144,159,730.0
90,145,146,340.23401
90,145,160,561.25137
90,146,147,9236.2892
90,146,161,2349.22766
90,147,148,340.23401
90,147,162,5478.53393
90,148,149,678.14048
90,148,163,2620.69282
90,149,164,340.23401
90,150,151,2090.61974
90,150,165,678.14048
90,151,152,4973.96333
90,151,166,678.14048
90,152,153,395.33255
90,152,167,1209.88769
90,153,154,4127.12964
90,153,168,4127.12964
90,154,155,2090.61974
90,154,169,1209.88769
90,155,156,1340.64382
90,155,170,935.11815
90,156,157,7807.16523
90,156,171,253.65596
90,157,158,4714.92566
90,157,172,1340.64382
90,158,159,3392.28336
90,158,173,2779.82365
90,159,160,9236.2892
90,159,174,871.2781
90,160,161,5478.53393
90,160,175,4973.96333
90,161,162,561.25137
90,161,176,6546.95829
90,162,163,4714.92566
90,162,177,1684.29804
90,163,164,185.29251
90,163,178,4714.92566
90,164,179,1519.86461
90,165,166,3204.271
90,165,180,935.11815
90,166,167,871.2781
90,166,181,6546.95829
90,167,168,2090.61974
90,167,182,3204.271
90,168,169,3392.28336
90,168,183,7807.16523
90,169,170,1209.88769
90,169,184,1062.00786
90,170,171,2779.82365
90,170,185,1062.00786
90,171,172,1340.64382
90,171,186,5478.53393
90,172,173,253.65596
90,172,187,6546.95829
90,173,174,395.33255
90,173,188,4973.96333
90,174,175,9236.2892
90,174,189,4973.96333
90,175,176,730.0
90,175,190,1062.00786
90,176,177,2090.61974
90,176,191,6546.95829
90,177,178,730.0
90,177,192,2090.61974
90,178,179,395.33255
90,178,193,1062.00786
90,179,194,5478.53393
90,180,181,4127.12964
90,180,195,871.2781
90,181,182,4127.12964
90,181,196,133.87993
90,182,183,4973.96333
90,182,197,519.66535
90,183,184,519.66535
90,183,198,428.47755
90,184,185,1900.65524
90,184,199,2779.82365
90,185,186,4714.92566
90,185,200,2349.22766
90,186,187,395.33255
90,186,201,2779.82365
90,187,188,185.29251
90,187,202,4714.92566
90,188,189,5478.53393
90,188,203,4973.96333
90,189,190,935.11815
90,189,204,730.0
90,190,191,6546.95829
90,190,205,5478.53393
90,191,192,3905.56597
90,191,206,678.14048
90,192,193,185.29251
90,192,207,428.47755
90,193,194,6546.95829
90,193,208,9236.2892
90,194,209,1340.64382
90,195,196,9236.2892
90,195,210,935.11815
90,196,197,4973.96333
90,196,211,4973.96333
90,197,198,253.65596
90,197,212,1900.65524
90,198,199,4127.12964
90,198,213,1340.64382
90,199,200,3204.271
90,199,214,7807.16523
90,200,201,935.11815
90,200,215,1900.65524
90,201,202,2090.61974
90,201,216,3392.28336
90,202,203,395.33255
90,202,217,1684.29804
90,203,204,3905.56597
90,203,218,428.47755
90,204,205,935.11815
90,204,219,1684.29804
90,205,206,3204.271
90,205,220,4973.96333
90,206,207,2349.22766
90,206,221,561.25137
90,207,208,7807.16523
90,207,222,133.87993
90,208,209,2779.82365
90,208,223,561.25137
90,209,224,340.23401
90,210,211,428.47755
90,211,212,519.66535
90,212,213,253.65596
90,213,214,2779.82365
90,214,215,185.29251
90,215,216,519.66535
90,216,217,2620.69282
90,217,218,1209.88769
90,218,219,4973.96333
90,219,220,730.0
90,220,221,1900.65524
90,221,222,2090.61974
90,222,223,133.87993
90,223,224,3905.56597
91,0,1,1651.82259
91,0,15,1113.84548
91,1,2,531.56122
91,1,16,3619.03466
91,2,3,1113.84548
91,2,17,1651.82259
91,3,4,1475.92693
91,3,18,1783.56195
91,4,5,2564.40591
91,4,19,3621.51314
91,5,6,1783.56195
91,5,20,796.98073
91,6,7,1112.9182
91,6,21,1984.72488
91,7,8,2647.31032
91,7,22,3619.03466
91,8,9,1475.92693
91,8,23,3619.03466
91,9,10,902.72742
91,9,24,4278.68197
91,10,11,2385.75627
91,10,25,730.0
91,11,12,828.35397
91,11,26,828.35397
91,12,13,1112.9182
91,12,27,730.0
91,13,14,1783.56195
91,13,28,1595.93384
91,14,29,1475.92693
91,15,16,828.35397
91,15,30,3619.03466
91,16,17,1208.89418
91,16,31,1113.84548
91,17,18,1651.82259
91,17,32,6252.12706
91,18,19,531.56122
91,18,33,902.72742
91,19,20,2314.87318
91,19,34,5016.09905
91,20,21,3621.51314
91,20,35,4278.68197
91,21,22,2564.40591
91,21,36,1783.56195
91,22,23,796.98073
91,22,37,6252.12706
91,23,24,1475.92693
91,23,38,1113.84548
91,24,25,3621.51314
91,24,39,1113.84548
91,25,26,1651.82259
91,25,40,583.06392
91,26,27,6252.12706
91,26,41,583.06392
91,27,28,4278.68197
91,27,42,1208.89418
91,28,29,1595.93384
91,28,43,6252.12706
91,29,44,2647.31032
91,30,31,3382.90352
91,30,45,1595.93384
91,31,32,1595.93384
91,31,46,2314.87318
91,32,33,2385.75627
91,32,47,796.98073
91,33,34,2842.04333
91,33,48,5016.09905
91,34,35,1112.9182
91,34,49,4278.68197
91,35,36,6252.12706
91,35,50,1112.9182
91,36,37,4568.58315
91,36,51,3621.51314
91,37,38,2314.87318
91,37,52,2314.87318
91,38,39,1840.62745
91,38,53,1207.90135
91,39,40,583.06392
91,39,54,2385.75627
91,40,41,902.72742
91,40,55,796.98073
91,41,42,531.56122
91,41,56,1595.93384
91,42,43,902.72742
91,42,57,4278.68197
91,43,44,531.56122
91,43,58,531.56122
91,44,59,1595.93384
91,45,46,828.35397
91,45,60,2150.92218
91,46,47,1112.9182
91,46,61,1651.82259
91,47,48,531.56122
91,47,62,3382.90352
91,48,49,3619.03466
91,48,63,3382.90352
91,49,50,6252.12706
91,49,64,1112.9182
91,50,51,1208.89418
91,50,65,1783.56195
91,51,52,1840.62745
91,51,66,4278.68197
91,52,53,3619.03466
91,52,67,3621.51314
91,53,54,4278.68197
91,53,68,4278.68197
91,54,55,583.06392
91,54,69,531.56122
91,55,56,1783.56195
91,55,70,902.72742
91,56,57,1207.90135
91,56,71,5875.06742
91,57,58,796.98073
91,57,72,2647.31032
91,58,59,3382.90352
91,58,73,4568.58315
91,59,74,4568.58315
91,60,61,3380.56194
91,60,75,5875.06742
91,61,62,1113.84548
91,61,76,1595.93384
91,62,63,531.56122
91,62,77,3380.56194
91,63,64,4568.58315
91,63,78,1208.89418
91,64,65,583.06392
91,64,79,2314.87318
91,65,66,730.0
91,65,80,583.06392
91,66,67,2150.92218
91,66,81,2564.40591
91,67,68,1208.89418
91,67,82,5016.09905
91,68,69,1208.89418
91,68,83,2842.04333
91,69,70,5875.06742
91,69,84,1112.9182
91,70,71,2150.92218
91,70,85,531.56122
91,71,72,1840.62745
91,71,86,6252.12706
91,72,73,1207.90135
91,72,87,2647.31032
91,73,74,1595.93384
91,73,88,583.06392
91,74,89,2314.87318
91,75,76,531.56122
91,75,90,828.35397
91,76,77,2385.75627
91,76,91,3619.03466
91,77,78,3380.56194
91,77,92,2647.31032
91,78,79,1783.56195
91,78,93,2150.92218
91,79,80,1208.89418
91,79,94,583.06392
91,80,81,2842.04333
91,80,95,2150.92218
91,81,82,1783.56195
91,81,96,3619.03466
91,82,83,4702.58312
91,82,97,1984.72488
91,83,84,1595.93384
91,83,98,1207.90135
91,84,85,2385.75627
91,84,99,2842.04333
91,85,86,4278.68197
91,85,100,2647.31032
91,86,87,1113.84548
91,86,101,902.72742
91,87,88,583.06392
91,87,102,1112.9182
91,88,89,3621.51314
91,88,103,1208.89418
91,89,104,1207.90135
91,90,91,3621.51314
91,90,105,1207.90135
91,91,92,1208.89418
91,91,106,1112.9182
91,92,93,1651.82259
91,92,107,1840.62745
91,93,94,4278.68197
91,93,108,1840.62745
91,94,95,3382.90352
91,94,109,1651.82259
91,95,96,2150.92218
91,95,110,2564.40591
91,96,97,902.72742
91,96,111,4702.58312
91,97,98,1651.82259
91,97,112,2842.04333
91,98,99,2842.04333
91,98,113,3619.03466
91,99,100,2842.04333
91,99,114,583.06392
91,100,101,3619.03466
91,100,115,1113.84548
91,101,102,531.56122
91,101,116,2842.04333
91,102,103,3621.51314
91,102,117,6252.12706
91,103,104,1475.92693
91,103,118,531.56122
91,104,119,2564.40591
91,105,106,531.56122
91,105,120,4278.68197
91,106,107,3382.90352
91,106,121,2842.04333
91,107,108,4702.58312
91,107,122,3619.03466
91,108,109,4568.58315
91,108,123,1840.62745
91,109,110,3621.51314
91,109,124,1651.82259
91,110,111,2314.87318
91,110,125,902.72742
91,111,112,2647.31032
91,111,126,4278.68197
91,112,113,2314.87318
91,112,127,730.0
91,113,114,2647.31032
91,113,128,1783.56195
91,114,115,1112.9182
91,114,129,6252.12706
91,115,116,4278.68197
91,115,130,2647.31032
91,116,117,796.98073
91,116,131,730.0
91,117,118,531.56122
91,117,132,2314.87318
91,118,119,5016.09905
91,118,133,1984.72488
91,119,134,1113.84548
91,120,121,1840.62745
91,120,135,730.0
91,121,122,2842.04333
91,121,136,5016.09905
91,122,123,796.98073
91,122,137,2564.40591
91,123,124,1651.82259
91,123,138,2647.31032
91,124,125,796.98073
91,124,139,730.0
91,125,126,531.56122
91,125,140,3380.56194
91,126,127,1984.72488
91,126,141,1113.84548
91,127,128,5875.06742
91,127,142,531.56122
91,128,129,5875.06742
91,128,143,1113.84548
91,129,130,3380.56194
91,129,144,2150.92218
91,130,131,1112.9182
91,130,145,2385.75627
91,131,132,1113.84548
91,131,146,902.72742
91,132,133,2314.87318
91,132,147,1651.82259
91,133,134,1475.92693
91,133,148,3380.56194
91,134,149,1651.82259
91,135,136,1207.90135
91,135,150,3382.90352
91,136,137,1984.72488
91,136,151,730.0
91,137,138,5875.06742
91,137,152,1783.56195
91,138,139,531.56122
91,138,153,1207.90135
91,139,140,2842.04333
91,139,154,2314.87318
91,140,141,1475.92693
91,140,155,828.35397
91,141,142,1207.90135
91,141,156,2314.87318
91,142,143,2385.75627
91,142,157,3380.56194
91,143,144,2564.40591
91,143,158,730.0
91,144,145,2647.31032
91,144,159,730.0
91,145,146,4278.68197
91,145,160,2564.40591
91,146,147,2647.31032
91,146,161,5875.06742
91,147,148,4278.68197
91,147,162,902.72742
91,148,149,1113.84548
91,148,163,1783.56195
91,149,164,4278.68197
91,150,151,1840.62745
91,150,165,1113.84548
91,151,152,3380.56194
91,151,166,1113.84548
91,152,153,1208.89418
91,152,167,2314.87318
91,153,154,1112.9182
91,153,168,1112.9182
91,154,155,1840.62745
91,154,169,2314.87318
91,155,156,1984.72488
91,155,170,2385.75627
91,156,157,828.35397
91,156,171,1475.92693
91,157,158,4702.58312
91,157,172,1984.72488
91,158,159,3619.03466
91,158,173,1207.90135
91,159,160,2647.31032
91,159,174,3382.90352
91,160,161,902.72742
91,160,175,3380.56194
91,161,162,2564.40591
91,161,176,2842.04333
91,162,163,4702.58312
91,162,177,531.56122
91,163,164,4568.58315
91,163,178,4702.58312
91,164,179,6252.12706
91,165,166,5016.09905
91,165,180,2385.75627
91,166,167,3382.90352
91,166,181,2842.04333
91,167,168,1840.62745
91,167,182,5016.09905
91,168,169,3619.03466
91,168,183,828.35397
91,169,170,2314.87318
91,169,184,583.06392
91,170,171,1207.90135
91,170,185,583.06392
91,171,172,1984.72488
91,171,186,902.72742
91,172,173,1475.92693
91,172,187,2842.04333
91,173,174,1208.89418
91,173,188,3380.56194
91,174,175,2647.31032
91,174,189,3380.56194
91,175,176,730.0
91,175,190,583.06392
91,176,177,1840.62745
91,176,191,2842.04333
91,177,178,730.0
91,177,192,1840.62745
91,178,179,1208.89418
91,178,193,583.06392
91,179,194,902.72742
91,180,181,1112.9182
91,180,195,3382.90352
91,181,182,1112.9182
91,181,196,1595.93384
91,182,183,3380.56194
91,182,197,3621.51314
91,183,184,3621.51314
91,183,198,796.98073
91,184,185,2150.92218
91,184,199,1207.90135
91,185,186,4702.58312
91,185,200,5875.06742
91,186,187,1208.89418
91,186,201,1207.90135
91,187,188,4568.58315
91,187,202,4702.58312
91,188,189,902.72742
91,188,203,3380.56194
91,189,190,2385.75627
91,189,204,730.0
91,190,191,2842.04333
91,190,205,902.72742
91,191,192,1651.82259
91,191,206,1113.84548
91,192,193,4568.58315
91,192,207,796.98073
91,193,194,2842.04333
91,193,208,2647.31032
91,194,209,1984.72488
91,195,196,2647.31032
91,195,210,2385.75627
91,196,197,3380.56194
91,196,211,3380.56194
91,197,198,1475.92693
91,197,212,2150.92218
91,198,199,1112.9182
91,198,213,1984.72488
91,199,200,5016.09905
91,199,214,828.35397
91,200,201,2385.75627
91,200,215,2150.92218
91,201,202,1840.62745
91,201,216,3619.03466
91,202,203,1208.89418
91,202,217,531.56122
91,203,204,1651.82259
91,203,218,796.98073
91,204,205,2385.75627
91,204,219,531.56122
91,205,206,5016.09905
91,205,220,3380.56194
91,206,207,5875.06742
91,206,221,2564.40591
91,207,208,828.35397
91,207,222,1595.93384
91,208,209,1207.90135
91,208,223,2564.40591
91,209,224,4278.68197
91,210,211,796.98073
91,211,212,3621.51314
91,212,213,1475.92693
91,213,214,1207.90135
91,214,215,4568.58315
91,215,216,3621.51314
91,216,217,1783.56195
91,217,218,2314.87318
91,218,219,3380.56194
91,219,220,730.0
91,220,221,2150.92218
91,221,222,1840.62745
91,222,223,1595.93384
91,223,224,1651.82259
92,0,1,264.07674
92,0,15,252.31079
92,1,2,439.45923
92,1,16,1273.86717
92,2,3,252.31079
92,2,17,264.07674
92,3,4,439.03255
92,3,18,284.80483
92,4,5,1229.90138
92,4,19,467.49664
92,5,6,284.80483
92,5,20,778.22458
92,6,7,758.49077
92,6,21,773.42247
92,7,8,753.79054
92,7,22,1273.86717
92,8,9,439.03255
92,8,23,1273.86717
92,9,10,490.89443
92,9,24,724.79923
92,10,11,1159.11931
92,10,25,730.0
92,11,12,458.13686
92,11,26,458.13686
92,12,13,758.49077
92,12,27,730.0
92,13,14,284.80483
92,13,28,470.65183
92,14,29,439.03255
92,15,16,458.13686
92,15,30,1273.86717
92,16,17,272.26827
92,16,31,252.31079
92,17,18,264.07674
92,17,32,802.60999
92,18,19,439.45923
92,18,33,490.89443
92,19,20,490.42643
92,19,34,487.16085
92,20,21,467.49664
92,20,35,724.79923
92,21,22,1229.90138
92,21,36,284.80483
92,22,23,778.22458
92,22,37,802.60999
92,23,24,439.03255
92,23,38,252.31079
92,24,25,467.49664
92,24,39,252.31079
92,25,26,264.07674
92,25,40,471.10402
92,26,27,802.60999
92,26,41,471.10402
92,27,28,724.79923
92,27,42,272.26827
92,28,29,470.65183
92,28,43,802.60999
92,29,44,753.79054
92,30,31,436.0555
92,30,45,470.65183
92,31,32,470.65183
92,31,46,490.42643
92,32,33,1159.11931
92,32,47,778.22458
92,33,34,803.31598
92,33,48,487.16085
92,34,35,758.49077
92,34,49,724.79923
92,35,36,802.60999
92,35,50,758.49077
92,36,37,772.73848
92,36,51,467.49664
92,37,38,490.42643
92,37,52,490.42643
92,38,39,725.44763
92,38,53,808.27239
92,39,40,471.10402
92,39,54,1159.11931
92,40,41,490.89443
92,40,55,778.22458
92,41,42,439.45923
92,41,56,470.65183
92,42,43,490.89443
92,42,57,724.79923
92,43,44,439.45923
92,43,58,439.45923
92,44,59,470.65183
92,45,46,458.13686
92,45,60,457.69509
92,46,47,758.49077
92,46,61,264.07674
92,47,48,439.45923
92,47,62,436.0555
92,48,49,1273.86717
92,48,63,436.0555
92,49,50,802.60999
92,49,64,758.49077
92,50,51,272.26827
92,50,65,284.80483
92,51,52,725.44763
92,51,66,724.79923
92,52,53,1273.86717
92,52,67,467.49664
92,53,54,724.79923
92,53,68,724.79923
92,54,55,471.10402
92,54,69,439.45923
92,55,56,284.80483
92,55,70,490.89443
92,56,57,808.27239
92,56,71,753.12106
92,57,58,778.22458
92,57,72,753.79054
92,58,59,436.0555
92,58,73,772.73848
92,59,74,772.73848
92,60,61,1200.97056
92,60,75,753.12106
92,61,62,252.31079
92,61,76,470.65183
92,62,63,439.45923
92,62,77,1200.97056
92,63,64,772.73848
92,63,78,272.26827
92,64,65,471.10402
92,64,79,490.42643
92,65,66,730.0
92,65,80,471.10402
92,66,67,457.69509
92,66,81,1229.90138
92,67,68,272.26827
92,67,82,487.16085
92,68,69,272.26827
92,68,83,803.31598
92,69,70,753.12106
92,69,84,758.49077
92,70,71,457.69509
92,70,85,439.45923
92,71,72,725.44763
92,71,86,802.60999
92,72,73,808.27239
92,72,87,753.79054
92,73,74,470.65183
92,73,88,471.10402
92,74,89,490.42643
92,75,76,439.45923
92,75,90,458.13686
92,76,77,1159.11931
92,76,91,1273.86717
92,77,78,1200.97056
92,77,92,753.79054
92,78,79,284.80483
92,78,93,457.69509
92,79,80,272.26827
92,79,94,471.10402
92,80,81,803.31598
92,80,95,457.69509
92,81,82,284.80483
92,81,96,1273.86717
92,82,83,454.61265
92,82,97,773.42247
92,83,84,470.65183
92,83,98,808.27239
92,84,85,1159.11931
92,84,99,803.31598
92,85,86,724.79923
92,85,100,753.79054
92,86,87,252.31079
92,86,101,490.89443
92,87,88,471.10402
92,87,102,758.49077
92,88,89,467.49664
92,88,103,272.26827
92,89,104,808.27239
92,90,91,467.49664
92,90,105,808.27239
92,91,92,272.26827
92,91,106,758.49077
92,92,93,264.07674
92,92,107,725.44763
92,93,94,724.79923
92,93,108,725.44763
92,94,95,436.0555
92,94,109,264.07674
92,95,96,457.69509
92,95,110,1229.90138
92,96,97,490.89443
92,96,111,454.61265
92,97,98,264.07674
92,97,112,803.31598
92,98,99,803.31598
92,98,113,1273.86717
92,99,100,803.31598
92,99,114,471.10402
92,100,101,1273.86717
92,100,115,252.31079
92,101,102,439.45923
92,101,116,803.31598
92,102,103,467.49664
92,102,117,802.60999
92,103,104,439.03255
92,103,118,439.45923
92,104,119,1229.90138
92,105,106,439.45923
92,105,120,724.79923
92,106,107,436.0555
92,106,121,803.31598
92,107,108,454.61265
92,107,122,1273.86717
92,108,109,772.73848
92,108,123,725.44763
92,109,110,467.49664
92,109,124,264.07674
92,110,111,490.42643
92,110,125,490.89443
92,111,112,753.79054
92,111,126,724.79923
92,112,113,490.42643
92,112,127,730.0
92,113,114,753.79054
92,113,128,284.80483
92,114,115,758.49077
92,114,129,802.60999
92,115,116,724.79923
92,115,130,753.79054
92,116,117,778.22458
92,116,131,730.0
92,117,118,439.45923
92,117,132,490.42643
92,118,119,487.16085
92,118,133,773.42247
92,119,134,252.31079
92,120,121,725.44763
92,120,135,730.0
92,121,122,803.31598
92,121,136,487.16085
92,122,123,778.22458
92,122,137,1229.90138
92,123,124,264.07674
92,123,138,753.79054
92,124,125,778.22458
92,124,139,730.0
92,125,126,439.45923
92,125,140,1200.97056
92,126,127,773.42247
92,126,141,252.31079
92,127,128,753.12106
92,127,142,439.45923
92,128,129,753.12106
92,128,143,252.31079
92,129,130,1200.97056
92,129,144,457.69509
92,130,131,758.49077
92,130,145,1159.11931
92,131,132,252.31079
92,131,146,490.89443
92,132,133,490.42643
92,132,147,264.07674
92,133,134,439.03255
92,133,148,1200.97056
92,134,149,264.07674
92,135,136,808.27239
92,135,150,436.0555
92,136,137,773.42247
92,136,151,730.0
92,137,138,753.12106
92,137,152,284.80483
92,138,139,439.45923
92,138,153,808.27239
92,139,140,803.31598
92,139,154,490.42643
92,140,141,439.03255
92,140,155,458.13686
92,141,142,808.27239
92,141,156,490.42643
92,142,143,1159.11931
92,142,157,1200.97056
92,143,144,1229.90138
92,143,158,730.0
92,144,145,753.79054
92,144,159,730.0
92,145,146,724.79923
92,145,160,1229.90138
92,146,147,753.79054
92,146,161,753.12106
92,147,148,724.79923
92,147,162,490.89443
92,148,149,252.31079
92,148,163,284.80483
92,149,164,724.79923
92,150,151,725.44763
92,150,165,252.31079
92,151,152,1200.97056
92,151,166,252.31079
92,152,153,272.26827
92,152,167,490.42643
92,153,154,758.49077
92,153,168,758.49077
92,154,155,725.44763
92,154,169,490.42643
92,155,156,773.42247
92,155,170,1159.11931
92,156,157,458.13686
92,156,171,439.03255
92,157,158,454.61265
92,157,172,773.42247
92,158,159,1273.86717
92,158,173,808.27239
92,159,160,753.79054
92,159,174,436.0555
92,160,161,490.89443
92,160,175,1200.97056
92,161,162,1229.90138
92,161,176,803.31598
92,162,163,454.61265
92,162,177,439.45923
92,163,164,772.73848
92,163,178,454.61265
92,164,179,802.60999
92,165,166,487.16085
92,165,180,1159.11931
92,166,167,436.0555
92,166,181,803.31598
92,167,168,725.44763
92,167,182,487.16085
92,168,169,1273.86717
92,168,183,458.13686
92,169,170,490.42643
92,169,184,471.10402
92,170,171,808.27239
92,170,185,471.10402
92,171,172,773.42247
92,171,186,490.89443
92,172,173,439.03255
92,172,187,803.31598
92,173,174,272.26827
92,173,188,1200.97056
92,174,175,753.79054
92,174,189,1200.97056
92,175,176,730.0
92,175,190,471.10402
92,176,177,725.44763
92,176,191,803.31598
92,177,178,730.0
92,177,192,725.44763
92,178,179,272.26827
92,178,193,471.10402
92,179,194,490.89443
92,180,181,758.49077
92,180,195,436.0555
92,181,182,758.49077
92,181,196,470.65183
92,182,183,1200.97056
92,182,197,467.49664
92,183,184,467.49664
92,183,198,778.22458
92,184,185,457.69509
92,184,199,808.27239
92,185,186,454.61265
92,185,200,753.12106
92,186,187,272.26827
92,186,201,808.27239
92,187,188,772.73848
92,187,202,454.61265
92,188,189,490.89443
92,188,203,1200.97056
92,189,190,1159.11931
92,189,204,730.0
92,190,191,803.31598
92,190,205,490.89443
92,191,192,264.07674
92,191,206,252.31079
92,192,193,772.73848
92,192,207,778.22458
92,193,194,803.31598
92,193,208,753.79054
92,194,209,773.42247
92,195,196,753.79054
92,195,210,1159.11931
92,196,197,1200.97056
92,196,211,1200.97056
92,197,198,439.03255
92,197,212,457.69509
92,198,199,758.49077
92,198,213,773.42247
92,199,200,487.16085
92,199,214,458.13686
92,200,201,1159.11931
92,200,215,457.69509
92,201,202,725.44763
92,201,216,1273.86717
92,202,203,272.26827
92,202,217,439.45923
92,203,204,264.07674
92,203,218,778.22458
92,204,205,1159.11931
92,204,219,439.45923
92,205,206,487.16085
92,205,220,1200.97056
92,206,207,753.12106
92,206,221,1229.90138
92,207,208,458.13686
92,207,222,470.65183
92,208,209,808.27239
92,208,223,1229.90138
92,209,224,724.79923
92,210,211,778.22458
92,211,212,467.49664
92,212,213,439.03255
92,213,214,808.27239
92,214,215,772.73848
92,215,216,467.49664
92,216,217,284.80483
92,217,218,490.42643
92,218,219,1200.97056
92,219,220,730.0
92,220,221,457.69509
92,221,222,725.44763
92,222,223,470.65183
92,223,224,264.07674
93,0,1,1583.45431
93,0,15,1158.16069
93,1,2,1693.48596
93,1,16,97.6527
93,2,3,1158.16069
93,2,17,1583.45431
93,3,4,470.65183
93,3,18,974.26537
93,4,5,59.22519
93,4,19,117.15335
93,5,6,974.26537
93,5,20,418.95498
93,6,7,1022.51915
93,6,21,202.28727
93,7,8,548.28857
93,7,22,97.6527
93,8,9,470.65183
93,8,23,97.6527
93,9,10,1439.93458
93,9,24,69.42123
93,10,11,125.43167
93,10,25,730.0
93,11,12,2272.52004
93,11,26,2272.52004
93,12,13,1022.51915
93,12,27,730.0
93,13,14,974.26537
93,13,28,258.54838
93,14,29,470.65183
93,15,16,2272.52004
93,15,30,97.6527
93,16,17,693.61449
93,16,31,1158.16069
93,17,18,1583.45431
93,17,32,52.72515
93,18,19,1693.48596
93,18,33,1439.93458
93,19,20,384.89955
93,19,34,183.84619
93,20,21,117.15335
93,20,35,69.42123
93,21,22,59.22519
93,21,36,974.26537
93,22,23,418.95498
93,22,37,52.72515
93,23,24,470.65183
93,23,38,1158.16069
93,24,25,117.15335
93,24,39,1158.16069
93,25,26,1583.45431
93,25,40,1047.82426
93,26,27,52.72515
93,26,41,1047.82426
93,27,28,69.42123
93,27,42,693.61449
93,28,29,258.54838
93,28,43,52.72515
93,29,44,548.28857
93,30,31,230.58846
93,30,45,258.54838
93,31,32,258.54838
93,31,46,384.89955
93,32,33,125.43167
93,32,47,418.95498
93,33,34,305.92904
93,33,48,183.84619
93,34,35,1022.51915
93,34,49,69.42123
93,35,36,52.72515
93,35,50,1022.51915
93,36,37,30.39369
93,36,51,117.15335
93,37,38,384.89955
93,37,52,384.89955
93,38,39,376.94494
93,38,53,605.57962
93,39,40,1047.82426
93,39,54,125.43167
93,40,41,1439.93458
93,40,55,418.95498
93,41,42,1693.48596
93,41,56,258.54838
93,42,43,1439.93458
93,42,57,69.42123
93,43,44,1693.48596
93,43,58,1693.48596
93,44,59,258.54838
93,45,46,2272.52004
93,45,60,675.69158
93,46,47,1022.51915
93,46,61,1583.45431
93,47,48,1693.48596
93,47,62,230.58846
93,48,49,97.6527
93,48,63,230.58846
93,49,50,52.72515
93,49,64,1022.51915
93,50,51,693.61449
93,50,65,974.26537
93,51,52,376.94494
93,51,66,69.42123
93,52,53,97.6527
93,52,67,117.15335
93,53,54,69.42123
93,53,68,69.42123
93,54,55,1047.82426
93,54,69,1693.48596
93,55,56,974.26537
93,55,70,1439.93458
93,56,57,605.57962
93,56,71,113.12105
93,57,58,418.95498
93,57,72,548.28857
93,58,59,230.58846
93,58,73,30.39369
93,59,74,30.39369
93,60,61,195.90321
93,60,75,113.12105
93,61,62,1158.16069
93,61,76,258.54838
93,62,63,1693.48596
93,62,77,195.90321
93,63,64,30.39369
93,63,78,693.61449
93,64,65,1047.82426
93,64,79,384.89955
93,65,66,730.0
93,65,80,1047.82426
93,66,67,675.69158
93,66,81,59.22519
93,67,68,693.61449
93,67,82,183.84619
93,68,69,693.61449
93,68,83,305.92904
93,69,70,113.12105
93,69,84,1022.51915
93,70,71,675.69158
93,70,85,1693.48596
93,71,72,376.94494
93,71,86,52.72515
93,72,73,605.57962
93,72,87,548.28857
93,73,74,258.54838
93,73,88,1047.82426
93,74,89,384.89955
93,75,76,1693.48596
93,75,90,2272.52004
93,76,77,125.43167
93,76,91,97.6527
93,77,78,195.90321
93,77,92,548.28857
93,78,79,974.26537
93,78,93,675.69158
93,79,80,693.61449
93,79,94,1047.82426
93,80,81,305.92904
93,80,95,675.69158
93,81,82,974.26537
93,81,96,97.6527
93,82,83,345.78638
93,82,97,202.28727
93,83,84,258.54838
93,83,98,605.57962
93,84,85,125.43167
93,84,99,305.92904
93,85,86,69.42123
93,85,100,548.28857
93,86,87,1158.16069
93,86,101,1439.93458
93,87,88,1047.82426
93,87,102,1022.51915
93,88,89,117.15335
93,88,103,693.61449
93,89,104,605.57962
93,90,91,117.15335
93,90,105,605.57962
93,91,92,693.61449
93,91,106,1022.51915
93,92,93,1583.45431
93,92,107,376.94494
93,93,94,69.42123
93,93,108,376.94494
93,94,95,230.58846
93,94,109,1583.45431
93,95,96,675.69158
93,95,110,59.22519
93,96,97,1439.93458
93,96,111,345.78638
93,97,98,1583.45431
93,97,112,305.92904
93,98,99,305.92904
93,98,113,97.6527
93,99,100,305.92904
93,99,114,1047.82426
93,100,101,97.6527
93,100,115,1158.16069
93,101,102,1693.48596
93,101,116,305.92904
93,102,103,117.15335
93,102,117,52.72515
93,103,104,470.65183
93,103,118,1693.48596
93,104,119,59.22519
93,105,106,1693.48596
93,105,120,69.42123
93,106,107,230.58846
93,106,121,305.92904
93,107,108,345.78638
93,107,122,97.6527
93,108,109,30.39369
93,108,123,376.94494
93,109,110,117.15335
93,109,124,1583.45431
93,110,111,384.89955
93,110,125,1439.93458
93,111,112,548.28857
93,111,126,69.42123
93,112,113,384.89955
93,112,127,730.0
93,113,114,548.28857
93,113,128,974.26537
93,114,115,1022.51915
93,114,129,52.72515
93,115,116,69.42123
93,115,130,548.28857
93,116,117,418.95498
93,116,131,730.0
93,117,118,1693.48596
93,117,132,384.89955
93,118,119,183.84619
93,118,133,202.28727
93,119,134,1158.16069
93,120,121,376.94494
93,120,135,730.0
93,121,122,305.92904
93,121,136,183.84619
93,122,123,418.95498
93,122,137,59.22519
93,123,124,1583.45431
93,123,138,548.28857
93,124,125,418.95498
93,124,139,730.0
93,125,126,1693.48596
93,125,140,195.90321
93,126,127,202.28727
93,126,141,1158.16069
93,127,128,113.12105
93,127,142,1693.48596
93,128,129,113.12105
93,128,143,1158.16069
93,129,130,195.90321
93,129,144,675.69158
93,130,131,1022.51915
93,130,145,125.43167
93,131,132,1158.16069
93,131,146,1439.93458
93,132,133,384.89955
93,132,147,1583.45431
93,133,134,470.65183
93,133,148,195.90321
93,134,149,1583.45431
93,135,136,605.57962
93,135,150,230.58846
93,136,137,202.28727
93,136,151,730.0
93,137,138,113.12105
93,137,152,974.26537
93,138,139,1693.48596
93,138,153,605.57962
93,139,140,305.92904
93,139,154,384.89955
93,140,141,470.65183
93,140,155,2272.52004
93,141,142,605.57962
93,141,156,384.89955
93,142,143,125.43167
93,142,157,195.90321
93,143,144,59.22519
93,143,158,730.0
93,144,145,548.28857
93,144,159,730.0
93,145,146,69.42123
93,145,160,59.22519
93,146,147,548.28857
93,146,161,113.12105
93,147,148,69.42123
93,147,162,1439.93458
93,148,149,1158.16069
93,148,163,974.26537
93,149,164,69.42123
93,150,151,376.94494
93,150,165,1158.16069
93,151,152,195.90321
93,151,166,1158.16069
93,152,153,693.61449
93,152,167,384.89955
93,153,154,1022.51915
93,153,168,1022.51915
93,154,155,376.94494
93,154,169,384.89955
93,155,156,202.28727
93,155,170,125.43167
93,156,157,2272.52004
93,156,171,470.65183
93,157,158,345.78638
93,157,172,202.28727
93,158,159,97.6527
93,158,173,605.57962
93,159,160,548.28857
93,159,174,230.58846
93,160,161,1439.93458
93,160,175,195.90321
93,161,162,59.22519
93,161,176,305.92904
93,162,163,345.78638
93,162,177,1693.48596
93,163,164,30.39369
93,163,178,345.78638
93,164,179,52.72515
93,165,166,183.84619
93,165,180,125.43167
93,166,167,230.58846
93,166,181,305.92904
93,167,168,376.94494
93,167,182,183.84619
93,168,169,97.6527
93,168,183,2272.52004
93,169,170,384.89955
93,169,184,1047.82426
93,170,171,605.57962
93,170,185,1047.82426
93,171,172,202.28727
93,171,186,1439.93458
93,172,173,470.65183
93,172,187,305.92904
93,173,174,693.61449
93,173,188,195.90321
93,174,175,548.28857
93,174,189,195.90321
93,175,176,730.0
93,175,190,1047.82426
93,176,177,376.94494
93,176,191,305.92904
93,177,178,730.0
93,177,192,376.94494
93,178,179,693.61449
93,178,193,1047.82426
93,179,194,1439.93458
93,180,181,1022.51915
93,180,195,230.58846
93,181,182,1022.51915
93,181,196,258.54838
93,182,183,195.90321
93,182,197,117.15335
93,183,184,117.15335
93,183,198,418.95498
93,184,185,675.69158
93,184,199,605.57962
93,185,186,345.78638
93,185,200,113.12105
93,186,187,693.61449
93,186,201,605.57962
93,187,188,30.39369
93,187,202,345.78638
93,188,189,1439.93458
93,188,203,195.90321
93,189,190,125.43167
93,189,204,730.0
93,190,191,305.92904
93,190,205,1439.93458
93,191,192,1583.45431
93,191,206,1158.16069
93,192,193,30.39369
93,192,207,418.95498
93,193,194,305.92904
93,193,208,548.28857
93,194,209,202.28727
93,195,196,548.28857
93,195,210,125.43167
93,196,197,195.90321
93,196,211,195.90321
93,197,198,470.65183
93,197,212,675.69158
93,198,199,1022.51915
93,198,213,202.28727
93,199,200,183.84619
93,199,214,2272.52004
93,200,201,125.43167
93,200,215,675.69158
93,201,202,376.94494
93,201,216,97.6527
93,202,203,693.61449
93,202,217,1693.48596
93,203,204,1583.45431
93,203,218,418.95498
93,204,205,125.43167
93,204,219,1693.48596
93,205,206,183.84619
93,205,220,195.90321
93,206,207,113.12105
93,206,221,59.22519
93,207,208,2272.52004
93,207,222,258.54838
93,208,209,605.57962
93,208,223,59.22519
93,209,224,69.42123
93,210,211,418.95498
93,211,212,117.15335
93,212,213,470.65183
93,213,214,605.57962
93,214,215,30.39369
93,215,216,117.15335
93,216,217,974.26537
93,217,218,384.89955
93,218,219,195.90321
93,219,220,730.0
93,220,221,675.69158
93,221,222,376.94494
93,222,223,258.54838
93,223,224,1583.45431
94,0,1,1144.80936
94,0,15,461.68386
94,1,2,1269.72282
94,1,16,3146.50392
94,2,3,461.68386
94,2,17,1144.80936
94,3,4,238.67116
94,3,18,491.83154
94,4,5,1473.58243
94,4,19,981.75551
94,5,6,491.83154
94,5,20,292.31287
94,6,7,1701.39455
94,6,21,2417.44224
94,7,8,8796.24733
94,7,22,3146.50392
94,8,9,238.67116
94,8,23,3146.50392
94,9,10,1339.56153
94,9,24,1262.49728
94,10,11,3003.75086
94,10,25,730.0
94,11,12,2759.99672
94,11,26,2759.99672
94,12,13,1701.39455
94,12,27,730.0
94,13,14,491.83154
94,13,28,78.20949
94,14,29,238.67116
94,15,16,2759.99672
94,15,30,3146.50392
94,16,17,171.05569
94,16,31,461.68386
94,17,18,1144.80936
94,17,32,1332.00586
94,18,19,1269.72282
94,18,33,1339.56153
94,19,20,256.0924
94,19,34,2202.82149
94,20,21,981.75551
94,20,35,1262.49728
94,21,22,1473.58243
94,21,36,491.83154
94,22,23,292.31287
94,22,37,1332.00586
94,23,24,238.67116
94,23,38,461.68386
94,24,25,981.75551
94,24,39,461.68386
94,25,26,1144.80936
94,25,40,553.96106
94,26,27,1332.00586
94,26,41,553.96106
94,27,28,1262.49728
94,27,42,171.05569
94,28,29,78.20949
94,28,43,1332.00586
94,29,44,8796.24733
94,30,31,2096.90021
94,30,45,78.20949
94,31,32,78.20949
94,31,46,256.0924
94,32,33,3003.75086
94,32,47,292.31287
94,33,34,4877.85183
94,33,48,2202.82149
94,34,35,1701.39455
94,34,49,1262.49728
94,35,36,1332.00586
94,35,50,1701.39455
94,36,37,550.34565
94,36,51,981.75551
94,37,38,256.0924
94,37,52,256.0924
94,38,39,4671.84457
94,38,53,774.10697
94,39,40,553.96106
94,39,54,3003.75086
94,40,41,1339.56153
94,40,55,292.31287
94,41,42,1269.72282
94,41,56,78.20949
94,42,43,1339.56153
94,42,57,1262.49728
94,43,44,1269.72282
94,43,58,1269.72282
94,44,59,78.20949
94,45,46,2759.99672
94,45,60,651.60589
94,46,47,1701.39455
94,46,61,1144.80936
94,47,48,1269.72282
94,47,62,2096.90021
94,48,49,3146.50392
94,48,63,2096.90021
94,49,50,1332.00586
94,49,64,1701.39455
94,50,51,171.05569
94,50,65,491.83154
94,51,52,4671.84457
94,51,66,1262.49728
94,52,53,3146.50392
94,52,67,981.75551
94,53,54,1262.49728
94,53,68,1262.49728
94,54,55,553.96106
94,54,69,1269.72282
94,55,56,491.83154
94,55,70,1339.56153
94,56,57,774.10697
94,56,71,2746.18813
94,57,58,292.31287
94,57,72,8796.24733
94,58,59,2096.90021
94,58,73,550.34565
94,59,74,550.34565
94,60,61,5919.73596
94,60,75,2746.18813
94,61,62,461.68386
94,61,76,78.20949
94,62,63,1269.72282
94,62,77,5919.73596
94,63,64,550.34565
94,63,78,171.05569
94,64,65,553.96106
94,64,79,256.0924
94,65,66,730.0
94,65,80,553.96106
94,66,67,651.60589
94,66,81,1473.58243
94,67,68,171.05569
94,67,82,2202.82149
94,68,69,171.05569
94,68,83,4877.85183
94,69,70,2746.18813
94,69,84,1701.39455
94,70,71,651.60589
94,70,85,1269.72282
94,71,72,4671.84457
94,71,86,1332.00586
94,72,73,774.10697
94,72,87,8796.24733
94,73,74,78.20949
94,73,88,553.96106
94,74,89,256.0924
94,75,76,1269.72282
94,75,90,2759.99672
94,76,77,3003.75086
94,76,91,3146.50392
94,77,78,5919.73596
94,77,92,8796.24733
94,78,79,491.83154
94,78,93,651.60589
94,79,80,171.05569
94,79,94,553.96106
94,80,81,4877.85183
94,80,95,651.60589
94,81,82,491.83154
94,81,96,3146.50392
94,82,83,4298.66287
94,82,97,2417.44224
94,83,84,78.20949
94,83,98,774.10697
94,84,85,3003.75086
94,84,99,4877.85183
94,85,86,1262.49728
94,85,100,8796.24733
94,86,87,461.68386
94,86,101,1339.56153
94,87,88,553.96106
94,87,102,1701.39455
94,88,89,981.75551
94,88,103,171.05569
94,89,104,774.10697
94,90,91,981.75551
94,90,105,774.10697
94,91,92,171.05569
94,91,106,1701.39455
94,92,93,1144.80936
94,92,107,4671.84457
94,93,94,1262.49728
94,93,108,4671.84457
94,94,95,2096.90021
94,94,109,1144.80936
94,95,96,651.60589
94,95,110,1473.58243
94,96,97,1339.56153
94,96,111,4298.66287
94,97,98,1144.80936
94,97,112,4877.85183
94,98,99,4877.85183
94,98,113,3146.50392
94,99,100,4877.85183
94,99,114,553.96106
94,100,101,3146.50392
94,100,115,461.68386
94,101,102,1269.72282
94,101,116,4877.85183
94,102,103,981.75551
94,102,117,1332.00586
94,103,104,238.67116
94,103,118,1269.72282
94,104,119,1473.58243
94,105,106,1269.72282
94,105,120,1262.49728
94,106,107,2096.90021
94,106,121,4877.85183
94,107,108,4298.66287
94,107,122,3146.50392
94,108,109,550.34565
94,108,123,4671.84457
94,109,110,981.75551
94,109,124,1144.80936
94,110,111,256.0924
94,110,125,1339.56153
94,111,112,8796.24733
94,111,126,1262.49728
94,112,113,256.0924
94,112,127,730.0
94,113,114,8796.24733
94,113,128,491.83154
94,114,115,1701.39455
94,114,129,1332.00586
94,115,116,1262.49728
94,115,130,8796.24733
94,116,117,292.31287
94,116,131,730.0
94,117,118,1269.72282
94,117,132,256.0924
94,118,119,2202.82149
94,118,133,2417.44224
94,119,134,461.68386
94,120,121,4671.84457
94,120,135,730.0
94,121,122,4877.85183
94,121,136,2202.82149
94,122,123,292.31287
94,122,137,1473.58243
94,123,124,1144.80936
94,123,138,8796.24733
94,124,125,292.31287
94,124,139,730.0
94,125,126,1269.72282
94,125,140,5919.73596
94,126,127,2417.44224
94,126,141,461.68386
94,127,128,2746.18813
94,127,142,1269.72282
94,128,129,2746.18813
94,128,143,461.68386
94,129,130,5919.73596
94,129,144,651.60589
94,130,131,1701.39455
94,130,145,3003.75086
94,131,132,461.68386
94,131,146,1339.56153
94,132,133,256.0924
94,132,147,1144.80936
94,133,134,238.67116
94,133,148,5919.73596
94,134,149,1144.80936
94,135,136,774.10697
94,135,150,2096.90021
94,136,137,2417.44224
94,136,151,730.0
94,137,138,2746.18813
94,137,152,491.83154
94,138,139,1269.72282
94,138,153,774.10697
94,139,140,4877.85183
94,139,154,256.0924
94,140,141,238.67116
94,140,155,2759.99672
94,141,142,774.10697
94,141,156,256.0924
94,142,143,3003.75086
94,142,157,5919.73596
94,143,144,1473.58243
94,143,158,730.0
94,144,145,8796.24733
94,144,159,730.0
94,145,146,1262.49728
94,145,160,1473.58243
94,146,147,8796.24733
94,146,161,2746.18813
94,147,148,1262.49728
94,147,162,1339.56153
94,148,149,461.68386
94,148,163,491.83154
94,149,164,1262.49728
94,150,151,4671.84457
94,150,165,461.68386
94,151,152,5919.73596
94,151,166,461.68386
94,152,153,171.05569
94,152,167,256.0924
94,153,154,1701.39455
94,153,168,1701.39455
94,154,155,4671.84457
94,154,169,256.0924
94,155,156,2417.44224
94,155,170,3003.75086
94,156,157,2759.99672
94,156,171,238.67116
94,157,158,4298.66287
94,157,172,2417.44224
94,158,159,3146.50392
94,158,173,774.10697
94,159,160,8796.24733
94,159,174,2096.90021
94,160,161,1339.56153
94,160,175,5919.73596
94,161,162,1473.58243
94,161,176,4877.85183
94,162,163,4298.66287
94,162,177,1269.72282
94,163,164,550.34565
94,163,178,4298.66287
94,164,179,1332.00586
94,165,166,2202.82149
94,165,180,3003.75086
94,166,167,2096.90021
94,166,181,4877.85183
94,167,168,4671.84457
94,167,182,2202.82149
94,168,169,3146.50392
94,168,183,2759.99672
94,169,170,256.0924
94,169,184,553.96106
94,170,171,774.10697
94,170,185,553.96106
94,171,172,2417.44224
94,171,186,1339.56153
94,172,173,238.67116
94,172,187,4877.85183
94,173,174,171.05569
94,173,188,5919.73596
94,174,175,8796.24733
94,174,189,5919.73596
94,175,176,730.0
94,175,190,553.96106
94,176,177,4671.84457
94,176,191,4877.85183
94,177,178,730.0
94,177,192,4671.84457
94,178,179,171.05569
94,178,193,553.96106
94,179,194,1339.56153
94,180,181,1701.39455
94,180,195,2096.90021
94,181,182,1701.39455
94,181,196,78.20949
94,182,183,5919.73596
94,182,197,981.75551
94,183,184,981.75551
94,183,198,292.31287
94,184,185,651.60589
94,184,199,774.10697
94,185,186,4298.66287
94,185,200,2746.18813
94,186,187,171.05569
94,186,201,774.10697
94,187,188,550.34565
94,187,202,4298.66287
94,188,189,1339.56153
94,188,203,5919.73596
94,189,190,3003.75086
94,189,204,730.0
94,190,191,4877.85183
94,190,205,1339.56153
94,191,192,1144.80936
94,191,206,461.68386
94,192,193,550.34565
94,192,207,292.31287
94,193,194,4877.85183
94,193,208,8796.24733
94,194,209,2417.44224
94,195,196,8796.24733
94,195,210,3003.75086
94,196,197,5919.73596
94,196,211,5919.73596
94,197,198,238.67116
94,197,212,651.60589
94,198,199,1701.39455
94,198,213,2417.44224
94,199,200,2202.82149
94,199,214,2759.99672
94,200,201,3003.75086
94,200,215,651.60589
94,201,202,4671.84457
94,201,216,3146.50392
94,202,203,171.05569
94,202,217,1269.72282
94,203,204,1144.80936
94,203,218,292.31287
94,204,205,3003.75086
94,204,219,1269.72282
94,205,206,2202.82149
94,205,220,5919.73596
94,206,207,2746.18813
94,206,221,1473.58243
94,207,208,2759.99672
94,207,222,78.20949
94,208,209,774.10697
94,208,223,1473.58243
94,209,224,1262.49728
94,210,211,292.31287
94,211,212,981.75551
94,212,213,238.67116
94,213,214,774.10697
94,214,215,550.34565
94,215,216,981.75551
94,216,217,491.83154
94,217,218,256.0924
94,218,219,5919.73596
94,219,220,730.0
94,220,221,651.60589
94,221,222,4671.84457
94,222,223,78.20949
94,223,224,1144.80936
95,0,1,1912.2721
95,0,15,1559.96733
95,1,2,1478.27454
95,1,16,1401.3037
95,2,3,1559.96733
95,2,17,1912.2721
95,3,4,775.47748
95,3,18,4205.14359
95,4,5,1130.64706
95,4,19,2297.85365
95,5,6,4205.14359
95,5,20,1822.37107
95,6,7,919.19878
95,6,21,2184.86465
95,7,8,1125.95889
95,7,22,1401.3037
95,8,9,775.47748
95,8,23,1401.3037
95,9,10,4017.7766
95,9,24,445.90104
95,10,11,417.31707
95,10,25,730.0
95,11,12,1815.3897
95,11,26,1815.3897
95,12,13,919.19878
95,12,27,730.0
95,13,14,4205.14359
95,13,28,1919.56266
95,14,29,775.47748
95,15,16,1815.3897
95,15,30,1401.3037
95,16,17,3518.62741
95,16,31,1559.96733
95,17,18,1912.2721
95,17,32,1479.44951
95,18,19,1478.27454
95,18,33,4017.7766
95,19,20,2337.15557
95,19,34,2781.81286
95,20,21,2297.85365
95,20,35,445.90104
95,21,22,1130.64706
95,21,36,4205.14359
95,22,23,1822.37107
95,22,37,1479.44951
95,23,24,775.47748
95,23,38,1559.96733
95,24,25,2297.85365
95,24,39,1559.96733
95,25,26,1912.2721
95,25,40,3357.22038
95,26,27,1479.44951
95,26,41,3357.22038
95,27,28,445.90104
95,27,42,3518.62741
95,28,29,1919.56266
95,28,43,1479.44951
95,29,44,1125.95889
95,30,31,955.34018
95,30,45,1919.56266
95,31,32,1919.56266
95,31,46,2337.15557
95,32,33,417.31707
95,32,47,1822.37107
95,33,34,2649.22017
95,33,48,2781.81286
95,34,35,919.19878
95,34,49,445.90104
95,35,36,1479.44951
95,35,50,919.19878
95,36,37,1196.04033
95,36,51,2297.85365
95,37,38,2337.15557
95,37,52,2337.15557
95,38,39,901.17164
95,38,53,2222.55094
95,39,40,3357.22038
95,39,54,417.31707
95,40,41,4017.7766
95,40,55,1822.37107
95,41,42,1478.27454
95,41,56,1919.56266
95,42,43,4017.7766
95,42,57,445.90104
95,43,44,1478.27454
95,43,58,1478.27454
95,44,59,1919.56266
95,45,46,1815.3897
95,45,60,974.26537
95,46,47,919.19878
95,46,61,1912.2721
95,47,48,1478.27454
95,47,62,955.34018
95,48,49,1401.3037
95,48,63,955.34018
95,49,50,1479.44951
95,49,64,919.19878
95,50,51,3518.62741
95,50,65,4205.14359
95,51,52,901.17164
95,51,66,445.90104
95,52,53,1401.3037
95,52,67,2297.85365
95,53,54,445.90104
95,53,68,445.90104
95,54,55,3357.22038
95,54,69,1478.27454
95,55,56,4205.14359
95,55,70,4017.7766
95,56,57,2222.55094
95,56,71,572.33691
95,57,58,1822.37107
95,57,72,1125.95889
95,58,59,955.34018
95,58,73,1196.04033
95,59,74,1196.04033
95,60,61,537.08898
95,60,75,572.33691
95,61,62,1559.96733
95,61,76,1919.56266
95,62,63,1478.27454
95,62,77,537.08898
95,63,64,1196.04033
95,63,78,3518.62741
95,64,65,3357.22038
95,64,79,2337.15557
95,65,66,730.0
95,65,80,3357.22038
95,66,67,974.26537
95,66,81,1130.64706
95,67,68,3518.62741
95,67,82,2781.81286
95,68,69,3518.62741
95,68,83,2649.22017
95,69,70,572.33691
95,69,84,919.19878
95,70,71,974.26537
95,70,85,1478.27454
95,71,72,901.17164
95,71,86,1479.44951
95,72,73,2222.55094
95,72,87,1125.95889
95,73,74,1919.56266
95,73,88,3357.22038
95,74,89,2337.15557
95,75,76,1478.27454
95,75,90,1815.3897
95,76,77,417.31707
95,76,91,1401.3037
95,77,78,537.08898
95,77,92,1125.95889
95,78,79,4205.14359
95,78,93,974.26537
95,79,80,3518.62741
95,79,94,3357.22038
95,80,81,2649.22017
95,80,95,974.26537
95,81,82,4205.14359
95,81,96,1401.3037
95,82,83,1191.127
95,82,97,2184.86465
95,83,84,1919.56266
95,83,98,2222.55094
95,84,85,417.31707
95,84,99,2649.22017
95,85,86,445.90104
95,85,100,1125.95889
95,86,87,1559.96733
95,86,101,4017.7766
95,87,88,3357.22038
95,87,102,919.19878
95,88,89,2297.85365
95,88,103,3518.62741
95,89,104,2222.55094
95,90,91,2297.85365
95,90,105,2222.55094
95,91,92,3518.62741
95,91,106,919.19878
95,92,93,1912.2721
95,92,107,901.17164
95,93,94,445.90104
95,93,108,901.17164
95,94,95,955.34018
95,94,109,1912.2721
95,95,96,974.26537
95,95,110,1130.64706
95,96,97,4017.7766
95,96,111,1191.127
95,97,98,1912.2721
95,97,112,2649.22017
95,98,99,2649.22017
95,98,113,1401.3037
95,99,100,2649.22017
95,99,114,3357.22038
95,100,101,1401.3037
95,100,115,1559.96733
95,101,102,1478.27454
95,101,116,2649.22017
95,102,103,2297.85365
95,102,117,1479.44951
95,103,104,775.47748
95,103,118,1478.27454
95,104,119,1130.64706
95,105,106,1478.27454
95,105,120,445.90104
95,106,107,955.34018
95,106,121,2649.22017
95,107,108,1191.127
95,107,122,1401.3037
95,108,109,1196.04033
95,108,123,901.17164
95,109,110,2297.85365
95,109,124,1912.2721
95,110,111,2337.15557
95,110,125,4017.7766
95,111,112,1125.95889
95,111,126,445.90104
95,112,113,2337.15557
95,112,127,730.0
95,113,114,1125.95889
95,113,128,4205.14359
95,114,115,919.19878
95,114,129,1479.44951
95,115,116,445.90104
95,115,130,1125.95889
95,116,117,1822.37107
95,116,131,730.0
95,117,118,1478.27454
95,117,132,2337.15557
95,118,119,2781.81286
95,118,133,2184.86465
95,119,134,1559.96733
95,120,121,901.17164
95,120,135,730.0
95,121,122,2649.22017
95,121,136,2781.81286
95,122,123,1822.37107
95,122,137,1130.64706
95,123,124,1912.2721
95,123,138,1125.95889
95,124,125,1822.37107
95,124,139,730.0
95,125,126,1478.27454
95,125,140,537.08898
95,126,127,2184.86465
95,126,141,1559.96733
95,127,128,572.33691
95,127,142,1478.27454
95,128,129,572.33691
95,128,143,1559.96733
95,129,130,537.08898
95,129,144,974.26537
95,130,131,919.19878
95,130,145,417.31707
95,131,132,1559.96733
95,131,146,4017.7766
95,132,133,2337.15557
95,132,147,1912.2721
95,133,134,775.47748
95,133,148,537.08898
95,134,149,1912.2721
95,135,136,2222.55094
95,135,150,955.34018
95,136,137,2184.86465
95,136,151,730.0
95,137,138,572.33691
95,137,152,4205.14359
95,138,139,1478.27454
95,138,153,2222.55094
95,139,140,2649.22017
95,139,154,2337.15557
95,140,141,775.47748
95,140,155,1815.3897
95,141,142,2222.55094
95,141,156,2337.15557
95,142,143,417.31707
95,142,157,537.08898
95,143,144,1130.64706
95,143,158,730.0
95,144,145,1125.95889
95,144,159,730.0
95,145,146,445.90104
95,145,160,1130.64706
95,146,147,1125.95889
95,146,161,572.33691
95,147,148,445.90104
95,147,162,4017.7766
95,148,149,1559.96733
95,148,163,4205.14359
95,149,164,445.90104
95,150,151,901.17164
95,150,165,1559.96733
95,151,152,537.08898
95,151,166,1559.96733
95,152,153,3518.62741
95,152,167,2337.15557
95,153,154,919.19878
95,153,168,919.19878
95,154,155,901.17164
95,154,169,2337.15557
95,155,156,2184.86465
95,155,170,417.31707
95,156,157,1815.3897
95,156,171,775.47748
95,157,158,1191.127
95,157,172,2184.86465
95,158,159,1401.3037
95,158,173,2222.55094
95,159,160,1125.95889
95,159,174,955.34018
95,160,161,4017.7766
95,160,175,537.08898
95,161,162,1130.64706
95,161,176,2649.22017
95,162,163,1191.127
95,162,177,1478.27454
95,163,164,1196.04033
95,163,178,1191.127
95,164,179,1479.44951
95,165,166,2781.81286
95,165,180,417.31707
95,166,167,955.34018
95,166,181,2649.22017
95,167,168,901.17164
95,167,182,2781.81286
95,168,169,1401.3037
95,168,183,1815.3897
95,169,170,2337.15557
95,169,184,3357.22038
95,170,171,2222.55094
95,170,185,3357.22038
95,171,172,2184.86465
95,171,186,4017.7766
95,172,173,775.47748
95,172,187,2649.22017
95,173,174,3518.62741
95,173,188,537.08898
95,174,175,1125.95889
95,174,189,537.08898
95,175,176,730.0
95,175,190,3357.22038
95,176,177,901.17164
95,176,191,2649.22017
95,177,178,730.0
95,177,192,901.17164
95,178,179,3518.62741
95,178,193,3357.22038
95,179,194,4017.7766
95,180,181,919.19878
95,180,195,955.34018
95,181,182,919.19878
95,181,196,1919.56266
95,182,183,537.08898
95,182,197,2297.85365
95,183,184,2297.85365
95,183,198,1822.37107
95,184,185,974.26537
95,184,199,2222.55094
95,185,186,1191.127
95,185,200,572.33691
95,186,187,3518.62741
95,186,201,2222.55094
95,187,188,1196.04033
95,187,202,1191.127
95,188,189,4017.7766
95,188,203,537.08898
95,189,190,417.31707
95,189,204,730.0
95,190,191,2649.22017
95,190,205,4017.7766
95,191,192,1912.2721
95,191,206,1559.96733
95,192,193,1196.04033
95,192,207,1822.37107
95,193,194,2649.22017
95,193,208,1125.95889
95,194,209,2184.86465
95,195,196,1125.95889
95,195,210,417.31707
95,196,197,537.08898
95,196,211,537.08898
95,197,198,775.47748
95,197,212,974.26537
95,198,199,919.19878
95,198,213,2184.86465
95,199,200,2781.81286
95,199,214,1815.3897
95,200,201,417.31707
95,200,215,974.26537
95,201,202,901.17164
95,201,216,1401.3037
95,202,203,3518.62741
95,202,217,1478.27454
95,203,204,1912.2721
95,203,218,1822.37107
95,204,205,417.31707
95,204,219,1478.27454
95,205,206,2781.81286
95,205,220,537.08898
95,206,207,572.33691
95,206,221,1130.64706
95,207,208,1815.3897
95,207,222,1919.56266
95,208,209,2222.55094
95,208,223,1130.64706
95,209,224,445.90104
95,210,211,1822.37107
95,211,212,2297.85365
95,212,213,775.47748
95,213,214,2222.55094
95,214,215,1196.04033
95,215,216,2297.85365
95,216,217,4205.14359
95,217,218,2337.15557
95,218,219,537.08898
95,219,220,730.0
95,220,221,974.26537
95,221,222,901.17164
95,222,223,1919.56266
95,223,224,1912.2721
96,0,1,456.81262
96,0,15,543.17392
96,1,2,870.52262
96,1,16,206.79083
96,2,3,543.17392
96,2,17,456.81262
96,3,4,448.9341
96,3,18,262.68547
96,4,5,251.77439
96,4,19,176.7557
96,5,6,262.68547
96,5,20,438.18024
96,6,7,619.09301
96,6,21,310.37106
96,7,8,447.19882
96,7,22,206.79083
96,8,9,448.9341
96,8,23,206.79083
96,9,10,445.90104
96,9,24,258.54838
96,10,11,439.45923
96,10,25,730.0
96,11,12,741.81569
96,11,26,741.81569
96,12,13,619.09301
96,12,27,730.0
96,13,14,262.68547
96,13,28,257.72754
96,14,29,448.9341
96,15,16,741.81569
96,15,30,206.79083
96,16,17,317.46026
96,16,31,543.17392
96,17,18,456.81262
96,17,32,113.12105
96,18,19,870.52262
96,18,33,445.90104
96,19,20,211.84142
96,19,34,143.46867
96,20,21,176.7557
96,20,35,258.54838
96,21,22,251.77439
96,21,36,262.68547
96,22,23,438.18024
96,22,37,113.12105
96,23,24,448.9341
96,23,38,543.17392
96,24,25,176.7557
96,24,39,543.17392
96,25,26,456.81262
96,25,40,530.56129
96,26,27,113.12105
96,26,41,530.56129
96,27,28,258.54838
96,27,42,317.46026
96,28,29,257.72754
96,28,43,113.12105
96,29,44,447.19882
96,30,31,318.43738
96,30,45,257.72754
96,31,32,257.72754
96,31,46,211.84142
96,32,33,439.45923
96,32,47,438.18024
96,33,34,256.63648
96,33,48,143.46867
96,34,35,619.09301
96,34,49,258.54838
96,35,36,113.12105
96,35,50,619.09301
96,36,37,140.4841
96,36,51,176.7557
96,37,38,211.84142
96,37,52,211.84142
96,38,39,532.06177
96,38,53,366.18619
96,39,40,530.56129
96,39,54,439.45923
96,40,41,445.90104
96,40,55,438.18024
96,41,42,870.52262
96,41,56,257.72754
96,42,43,445.90104
96,42,57,258.54838
96,43,44,870.52262
96,43,58,870.52262
96,44,59,257.72754
96,45,46,741.81569
96,45,60,375.44546
96,46,47,619.09301
96,46,61,456.81262
96,47,48,870.52262
96,47,62,318.43738
96,48,49,206.79083
96,48,63,318.43738
96,49,50,113.12105
96,49,64,619.09301
96,50,51,317.46026
96,50,65,262.68547
96,51,52,532.06177
96,51,66,258.54838
96,52,53,206.79083
96,52,67,176.7557
96,53,54,258.54838
96,53,68,258.54838
96,54,55,530.56129
96,54,69,870.52262
96,55,56,262.68547
96,55,70,445.90104
96,56,57,366.18619
96,56,71,212.53807
96,57,58,438.18024
96,57,72,447.19882
96,58,59,318.43738
96,58,73,140.4841
96,59,74,140.4841
96,60,61,367.28712
96,60,75,212.53807
96,61,62,543.17392
96,61,76,257.72754
96,62,63,870.52262
96,62,77,367.28712
96,63,64,140.4841
96,63,78,317.46026
96,64,65,530.56129
96,64,79,211.84142
96,65,66,730.0
96,65,80,530.56129
96,66,67,375.44546
96,66,81,251.77439
96,67,68,317.46026
96,67,82,143.46867
96,68,69,317.46026
96,68,83,256.63648
96,69,70,212.53807
96,69,84,619.09301
96,70,71,375.44546
96,70,85,870.52262
96,71,72,532.06177
96,71,86,113.12105
96,72,73,366.18619
96,72,87,447.19882
96,73,74,257.72754
96,73,88,530.56129
96,74,89,211.84142
96,75,76,870.52262
96,75,90,741.81569
96,76,77,439.45923
96,76,91,206.79083
96,77,78,367.28712
96,77,92,447.19882
96,78,79,262.68547
96,78,93,375.44546
96,79,80,317.46026
96,79,94,530.56129
96,80,81,256.63648
96,80,95,375.44546
96,81,82,262.68547
96,81,96,206.79083
96,82,83,263.5195
96,82,97,310.37106
96,83,84,257.72754
96,83,98,366.18619
96,84,85,439.45923
96,84,99,256.63648
96,85,86,258.54838
96,85,100,447.19882
96,86,87,543.17392
96,86,101,445.90104
96,87,88,530.56129
96,87,102,619.09301
96,88,89,176.7557
96,88,103,317.46026
96,89,104,366.18619
96,90,91,176.7557
96,90,105,366.18619
96,91,92,317.46026
96,91,106,619.09301
96,92,93,456.81262
96,92,107,532.06177
96,93,94,258.54838
96,93,108,532.06177
96,94,95,318.43738
96,94,109,456.81262
96,95,96,375.44546
96,95,110,251.77439
96,96,97,445.90104
96,96,111,263.5195
96,97,98,456.81262
96,97,112,256.63648
96,98,99,256.63648
96,98,113,206.79083
96,99,100,256.63648
96,99,114,530.56129
96,100,101,206.79083
96,100,115,543.17392
96,101,102,870.52262
96,101,116,256.63648
96,102,103,176.7557
96,102,117,113.12105
96,103,104,448.9341
96,103,118,870.52262
96,104,119,251.77439
96,105,106,870.52262
96,105,120,258.54838
96,106,107,318.43738
96,106,121,256.63648
96,107,108,263.5195
96,107,122,206.79083
96,108,109,140.4841
96,108,123,532.06177
96,109,110,176.7557
96,109,124,456.81262
96,110,111,211.84142
96,110,125,445.90104
96,111,112,447.19882
96,111,126,258.54838
96,112,113,211.84142
96,112,127,730.0
96,113,114,447.19882
96,113,128,262.68547
96,114,115,619.09301
96,114,129,113.12105
96,115,116,258.54838
96,115,130,447.19882
96,116,117,438.18024
96,116,131,730.0
96,117,118,870.52262
96,117,132,211.84142
96,118,119,143.46867
96,118,133,310.37106
96,119,134,543.17392
96,120,121,532.06177
96,120,135,730.0
96,121,122,256.63648
96,121,136,143.46867
96,122,123,438.18024
96,122,137,251.77439
96,123,124,456.81262
96,123,138,447.19882
96,124,125,438.18024
96,124,139,730.0
96,125,126,870.52262
96,125,140,367.28712
96,126,127,310.37106
96,126,141,543.17392
96,127,128,212.53807
96,127,142,870.52262
96,128,129,212.53807
96,128,143,543.17392
96,129,130,367.28712
96,129,144,375.44546
96,130,131,619.09301
96,130,145,439.45923
96,131,132,543.17392
96,131,146,445.90104
96,132,133,211.84142
96,132,147,456.81262
96,133,134,448.9341
96,133,148,367.28712
96,134,149,456.81262
96,135,136,366.18619
96,135,150,318.43738
96,136,137,310.37106
96,136,151,730.0
96,137,138,212.53807
96,137,152,262.68547
96,138,139,870.52262
96,138,153,366.18619
96,139,140,256.63648
96,139,154,211.84142
96,140,141,448.9341
96,140,155,741.81569
96,141,142,366.18619
96,141,156,211.84142
96,142,143,439.45923
96,142,157,367.28712
96,143,144,251.77439
96,143,158,730.0
96,144,145,447.19882
96,144,159,730.0
96,145,146,258.54838
96,145,160,251.77439
96,146,147,447.19882
96,146,161,212.53807
96,147,148,258.54838
96,147,162,445.90104
96,148,149,543.17392
96,148,163,262.68547
96,149,164,258.54838
96,150,151,532.06177
96,150,165,543.17392
96,151,152,367.28712
96,151,166,543.17392
96,152,153,317.46026
96,152,167,211.84142
96,153,154,619.09301
96,153,168,619.09301
96,154,155,532.06177
96,154,169,211.84142
96,155,156,310.37106
96,155,170,439.45923
96,156,157,741.81569
96,156,171,448.9341
96,157,158,263.5195
96,157,172,310.37106
96,158,159,206.79083
96,158,173,366.18619
96,159,160,447.19882
96,159,174,318.43738
96,160,161,445.90104
96,160,175,367.28712
96,161,162,251.77439
96,161,176,256.63648
96,162,163,263.5195
96,162,177,870.52262
96,163,164,140.4841
96,163,178,263.5195
96,164,179,113.12105
96,165,166,143.46867
96,165,180,439.45923
96,166,167,318.43738
96,166,181,256.63648
96,167,168,532.06177
96,167,182,143.46867
96,168,169,206.79083
96,168,183,741.81569
96,169,170,211.84142
96,169,184,530.56129
96,170,171,366.18619
96,170,185,530.56129
96,171,172,310.37106
96,171,186,445.90104
96,172,173,448.9341
96,172,187,256.63648
96,173,174,317.46026
96,173,188,367.28712
96,174,175,447.19882
96,174,189,367.28712
96,175,176,730.0
96,175,190,530.56129
96,176,177,532.06177
96,176,191,256.63648
96,177,178,730.0
96,177,192,532.06177
96,178,179,317.46026
96,178,193,530.56129
96,179,194,445.90104
96,180,181,619.09301
96,180,195,318.43738
96,181,182,619.09301
96,181,196,257.72754
96,182,183,367.28712
96,182,197,176.7557
96,183,184,176.7557
96,183,198,438.18024
96,184,185,375.44546
96,184,199,366.18619
96,185,186,263.5195
96,185,200,212.53807
96,186,187,317.46026
96,186,201,366.18619
96,187,188,140.4841
96,187,202,263.5195
96,188,189,445.90104
96,188,203,367.28712
96,189,190,439.45923
96,189,204,730.0
96,190,191,256.63648
96,190,205,445.90104
96,191,192,456.81262
96,191,206,543.17392
96,192,193,140.4841
96,192,207,438.18024
96,193,194,256.63648
96,193,208,447.19882
96,194,209,310.37106
96,195,196,447.19882
96,195,210,439.45923
96,196,197,367.28712
96,196,211,367.28712
96,197,198,448.9341
96,197,212,375.44546
96,198,199,619.09301
96,198,213,310.37106
96,199,200,143.46867
96,199,214,741.81569
96,200,201,439.45923
96,200,215,375.44546
96,201,202,532.06177
96,201,216,206.79083
96,202,203,317.46026
96,202,217,870.52262
96,203,204,456.81262
96,203,218,438.18024
96,204,205,439.45923
96,204,219,870.52262
96,205,206,143.46867
96,205,220,367.28712
96,206,207,212.53807
96,206,221,251.77439
96,207,208,741.81569
96,207,222,257.72754
96,208,209,366.18619
96,208,223,251.77439
96,209,224,258.54838
96,210,211,438.18024
96,211,212,176.7557
96,212,213,448.9341
96,213,214,366.18619
96,214,215,140.4841
96,215,216,176.7557
96,216,217,262.68547
96,217,218,211.84142
96,218,219,367.28712
96,219,220,730.0
96,220,221,375.44546
96,221,222,532.06177
96,222,223,257.72754
96,223,224,456.81262
97,0,1,4610.86968
97,0,15,1070.95365
97,1,2,1492.4257
97,1,16,1744.09574
97,2,3,1070.95365
97,2,17,4610.86968
97,3,4,501.76181
97,3,18,6025.06444
97,4,5,301.22884
97,4,19,468.39631
97,5,6,6025.06444
97,5,20,1046.94306
97,6,7,3420.55304
97,6,21,684.29513
97,7,8,2417.44224
97,7,22,1744.09574
97,8,9,501.76181
97,8,23,1744.09574
97,9,10,7741.55579
97,9,24,120.58115
97,10,11,192.88219
97,10,25,730.0
97,11,12,5991.03989
97,11,26,5991.03989
97,12,13,3420.55304
97,12,27,730.0
97,13,14,6025.06444
97,13,28,735.88806
97,14,29,501.76181
97,15,16,5991.03989
97,15,30,1744.09574
97,16,17,1503.11304
97,16,31,1070.95365
97,17,18,4610.86968
97,17,32,1262.49728
97,18,19,1492.4257
97,18,33,7741.55579
97,19,20,3441.88394
97,19,34,2433.4163
97,20,21,468.39631
97,20,35,120.58115
97,21,22,301.22884
97,21,36,6025.06444
97,22,23,1046.94306
97,22,37,1262.49728
97,23,24,501.76181
97,23,38,1070.95365
97,24,25,468.39631
97,24,39,1070.95365
97,25,26,4610.86968
97,25,40,2057.90397
97,26,27,1262.49728
97,26,41,2057.90397
97,27,28,120.58115
97,27,42,1503.11304
97,28,29,735.88806
97,28,43,1262.49728
97,29,44,2417.44224
97,30,31,309.7332
97,30,45,735.88806
97,31,32,735.88806
97,31,46,3441.88394
97,32,33,192.88219
97,32,47,1046.94306
97,33,34,3253.83882
97,33,48,2433.4163
97,34,35,3420.55304
97,34,49,120.58115
97,35,36,1262.49728
97,35,50,3420.55304
97,36,37,194.81976
97,36,51,468.39631
97,37,38,3441.88394
97,37,52,3441.88394
97,38,39,464.35913
97,38,53,4529.60701
97,39,40,2057.90397
97,39,54,192.88219
97,40,41,7741.55579
97,40,55,1046.94306
97,41,42,1492.4257
97,41,56,735.88806
97,42,43,7741.55579
97,42,57,120.58115
97,43,44,1492.4257
97,43,58,1492.4257
97,44,59,735.88806
97,45,46,5991.03989
97,45,60,2564.40591
97,46,47,3420.55304
97,46,61,4610.86968
97,47,48,1492.4257
97,47,62,309.7332
97,48,49,1744.09574
97,48,63,309.7332
97,49,50,1262.49728
97,49,64,3420.55304
97,50,51,1503.11304
97,50,65,6025.06444
97,51,52,464.35913
97,51,66,120.58115
97,52,53,1744.09574
97,52,67,468.39631
97,53,54,120.58115
97,53,68,120.58115
97,54,55,2057.90397
97,54,69,1492.4257
97,55,56,6025.06444
97,55,70,7741.55579
97,56,57,4529.60701
97,56,71,890.34373
97,57,58,1046.94306
97,57,72,2417.44224
97,58,59,309.7332
97,58,73,194.81976
97,59,74,194.81976
97,60,61,1253.25772
97,60,75,890.34373
97,61,62,1070.95365
97,61,76,735.88806
97,62,63,1492.4257
97,62,77,1253.25772
97,63,64,194.81976
97,63,78,1503.11304
97,64,65,2057.90397
97,64,79,3441.88394
97,65,66,730.0
97,65,80,2057.90397
97,66,67,2564.40591
97,66,81,301.22884
97,67,68,1503.11304
97,67,82,2433.4163
97,68,69,1503.11304
97,68,83,3253.83882
97,69,70,890.34373
97,69,84,3420.55304
97,70,71,2564.40591
97,70,85,1492.4257
97,71,72,464.35913
97,71,86,1262.49728
97,72,73,4529.60701
97,72,87,2417.44224
97,73,74,735.88806
97,73,88,2057.90397
97,74,89,3441.88394
97,75,76,1492.4257
97,75,90,5991.03989
97,76,77,192.88219
97,76,91,1744.09574
97,77,78,1253.25772
97,77,92,2417.44224
97,78,79,6025.06444
97,78,93,2564.40591
97,79,80,1503.11304
97,79,94,2057.90397
97,80,81,3253.83882
97,80,95,2564.40591
97,81,82,6025.06444
97,81,96,1744.09574
97,82,83,1780.81646
97,82,97,684.29513
97,83,84,735.88806
97,83,98,4529.60701
97,84,85,192.88219
97,84,99,3253.83882
97,85,86,120.58115
97,85,100,2417.44224
97,86,87,1070.95365
97,86,101,7741.55579
97,87,88,2057.90397
97,87,102,3420.55304
97,88,89,468.39631
97,88,103,1503.11304
97,89,104,4529.60701
97,90,91,468.39631
97,90,105,4529.60701
97,91,92,1503.11304
97,91,106,3420.55304
97,92,93,4610.86968
97,92,107,464.35913
97,93,94,120.58115
97,93,108,464.35913
97,94,95,309.7332
97,94,109,4610.86968
97,95,96,2564.40591
97,95,110,301.22884
97,96,97,7741.55579
97,96,111,1780.81646
97,97,98,4610.86968
97,97,112,3253.83882
97,98,99,3253.83882
97,98,113,1744.09574
97,99,100,3253.83882
97,99,114,2057.90397
97,100,101,1744.09574
97,100,115,1070.95365
97,101,102,1492.4257
97,101,116,3253.83882
97,102,103,468.39631
97,102,117,1262.49728
97,103,104,501.76181
97,103,118,1492.4257
97,104,119,301.22884
97,105,106,1492.4257
97,105,120,120.58115
97,106,107,309.7332
97,106,121,3253.83882
97,107,108,1780.81646
97,107,122,1744.09574
97,108,109,194.81976
97,108,123,464.35913
97,109,110,468.39631
97,109,124,4610.86968
97,110,111,3441.88394
97,110,125,7741.55579
97,111,112,2417.44224
97,111,126,120.58115
97,112,113,3441.88394
97,112,127,730.0
97,113,114,2417.44224
97,113,128,6025.06444
97,114,115,3420.55304
97,114,129,1262.49728
97,115,116,120.58115
97,115,130,2417.44224
97,116,117,1046.94306
97,116,131,730.0
97,117,118,1492.4257
97,117,132,3441.88394
97,118,119,2433.4163
97,118,133,684.29513
97,119,134,1070.95365
97,120,121,464.35913
97,120,135,730.0
97,121,122,3253.83882
97,121,136,2433.4163
97,122,123,1046.94306
97,122,137,301.22884
97,123,124,4610.86968
97,123,138,2417.44224
97,124,125,1046.94306
97,124,139,730.0
97,125,126,1492.4257
97,125,140,1253.25772
97,126,127,684.29513
97,126,141,1070.95365
97,127,128,890.34373
97,127,142,1492.4257
97,128,129,890.34373
97,128,143,1070.95365
97,129,130,1253.25772
97,129,144,2564.40591
97,130,131,3420.55304
97,130,145,192.88219
97,131,132,1070.95365
97,131,146,7741.55579
97,132,133,3441.88394
97,132,147,4610.86968
97,133,134,501.76181
97,133,148,1253.25772
97,134,149,4610.86968
97,135,136,4529.60701
97,135,150,309.7332
97,136,137,684.29513
97,136,151,730.0
97,137,138,890.34373
97,137,152,6025.06444
97,138,139,1492.4257
97,138,153,4529.60701
97,139,140,3253.83882
97,139,154,3441.88394
97,140,141,501.76181
97,140,155,5991.03989
97,141,142,4529.60701
97,141,156,3441.88394
97,142,143,192.88219
97,142,157,1253.25772
97,143,144,301.22884
97,143,158,730.0
97,144,145,2417.44224
97,144,159,730.0
97,145,146,120.58115
97,145,160,301.22884
97,146,147,2417.44224
97,146,161,890.34373
97,147,148,120.58115
97,147,162,7741.55579
97,148,149,1070.95365
97,148,163,6025.06444
97,149,164,120.58115
97,150,151,464.35913
97,150,165,1070.95365
97,151,152,1253.25772
97,151,166,1070.95365
97,152,153,1503.11304
97,152,167,3441.88394
97,153,154,3420.55304
97,153,168,3420.55304
97,154,155,464.35913
97,154,169,3441.88394
97,155,156,684.29513
97,155,170,192.88219
97,156,157,5991.03989
97,156,171,501.76181
97,157,158,1780.81646
97,157,172,684.29513
97,158,159,1744.09574
97,158,173,4529.60701
97,159,160,2417.44224
97,159,174,309.7332
97,160,161,7741.55579
97,160,175,1253.25772
97,161,162,301.22884
97,161,176,3253.83882
97,162,163,1780.81646
97,162,177,1492.4257
97,163,164,194.81976
97,163,178,1780.81646
97,164,179,1262.49728
97,165,166,2433.4163
97,165,180,192.88219
97,166,167,309.7332
97,166,181,3253.83882
97,167,168,464.35913
97,167,182,2433.4163
97,168,169,1744.09574
97,168,183,5991.03989
97,169,170,3441.88394
97,169,184,2057.90397
97,170,171,4529.60701
97,170,185,2057.90397
97,171,172,684.29513
97,171,186,7741.55579
97,172,173,501.76181
97,172,187,3253.83882
97,173,174,1503.11304
97,173,188,1253.25772
97,174,175,2417.44224
97,174,189,1253.25772
97,175,176,730.0
97,175,190,2057.90397
97,176,177,464.35913
97,176,191,3253.83882
97,177,178,730.0
97,177,192,464.35913
97,178,179,1503.11304
97,178,193,2057.90397
97,179,194,7741.55579
97,180,181,3420.55304
97,180,195,309.7332
97,181,182,3420.55304
97,181,196,735.88806
97,182,183,1253.25772
97,182,197,468.39631
97,183,184,468.39631
97,183,198,1046.94306
97,184,185,2564.40591
97,184,199,4529.60701
97,185,186,1780.81646
97,185,200,890.34373
97,186,187,1503.11304
97,186,201,4529.60701
97,187,188,194.81976
97,187,202,1780.81646
97,188,189,7741.55579
97,188,203,1253.25772
97,189,190,192.88219
97,189,204,730.0
97,190,191,3253.83882
97,190,205,7741.55579
97,191,192,4610.86968
97,191,206,1070.95365
97,192,193,194.81976
97,192,207,1046.94306
97,193,194,3253.83882
97,193,208,2417.44224
97,194,209,684.29513
97,195,196,2417.44224
97,195,210,192.88219
97,196,197,1253.25772
97,196,211,1253.25772
97,197,198,501.76181
97,197,212,2564.40591
97,198,199,3420.55304
97,198,213,684.29513
97,199,200,2433.4163
97,199,214,5991.03989
97,200,201,192.88219
97,200,215,2564.40591
97,201,202,464.35913
97,201,216,1744.09574
97,202,203,1503.11304
97,202,217,1492.4257
97,203,204,4610.86968
97,203,218,1046.94306
97,204,205,192.88219
97,204,219,1492.4257
97,205,206,2433.4163
97,205,220,1253.25772
97,206,207,890.34373
97,206,221,301.22884
97,207,208,5991.03989
97,207,222,735.88806
97,208,209,4529.60701
97,208,223,301.22884
97,209,224,120.58115
97,210,211,1046.94306
97,211,212,468.39631
97,212,213,501.76181
97,213,214,4529.60701
97,214,215,194.81976
97,215,216,468.39631
97,216,217,6025.06444
97,217,218,3441.88394
97,218,219,1253.25772
97,219,220,730.0
97,220,221,2564.40591
97,221,222,464.35913
97,222,223,735.88806
97,223,224,4610.86968
98,0,1,143.97124
98,0,15,574.46903
98,1,2,1281.14691
98,1,16,230.83753
98,2,3,574.46903
98,2,17,143.97124
98,3,4,300.91765
98,3,18,90.27215
98,4,5,839.28207
98,4,19,664.15989
98,5,6,90.27215
98,5,20,511.85893
98,6,7,194.1721
98,6,21,1454.93797
98,7,8,650.42067
98,7,22,230.83753
98,8,9,300.91765
98,8,23,230.83753
98,9,10,261.30033
98,9,24,515.2621
98,10,11,1164.8849
98,10,25,730.0
98,11,12,387.96654
98,11,26,387.96654
98,12,13,194.1721
98,12,27,730.0
98,13,14,90.27215
98,13,28,199.1839
98,14,29,300.91765
98,15,16,387.96654
98,15,30,230.83753
98,16,17,396.89809
98,16,31,574.46903
98,17,18,143.97124
98,17,32,77.90879
98,18,19,1281.14691
98,18,33,261.30033
98,19,20,37.2131
98,19,34,172.61249
98,20,21,664.15989
98,20,35,515.2621
98,21,22,839.28207
98,21,36,90.27215
98,22,23,511.85893
98,22,37,77.90879
98,23,24,300.91765
98,23,38,574.46903
98,24,25,664.15989
98,24,39,574.46903
98,25,26,143.97124
98,25,40,927.92621
98,26,27,77.90879
98,26,41,927.92621
98,27,28,515.2621
98,27,42,396.89809
98,28,29,199.1839
98,28,43,77.90879
98,29,44,650.42067
98,30,31,933.51594
98,30,45,199.1839
98,31,32,199.1839
98,31,46,37.2131
98,32,33,1164.8849
98,32,47,511.85893
98,33,34,452.85905
98,33,48,172.61249
98,34,35,194.1721
98,34,49,515.2621
98,35,36,77.90879
98,35,50,194.1721
98,36,37,353.54437
98,36,51,664.15989
98,37,38,37.2131
98,37,52,37.2131
98,38,39,1963.79445
98,38,53,124.53777
98,39,40,927.92621
98,39,54,1164.8849
98,40,41,261.30033
98,40,55,511.85893
98,41,42,1281.14691
98,41,56,199.1839
98,42,43,261.30033
98,42,57,515.2621
98,43,44,1281.14691
98,43,58,1281.14691
98,44,59,199.1839
98,45,46,387.96654
98,45,60,63.39151
98,46,47,194.1721
98,46,61,143.97124
98,47,48,1281.14691
98,47,62,933.51594
98,48,49,230.83753
98,48,63,933.51594
98,49,50,77.90879
98,49,64,194.1721
98,50,51,396.89809
98,50,65,90.27215
98,51,52,1963.79445
98,51,66,515.2621
98,52,53,230.83753
98,52,67,664.15989
98,53,54,515.2621
98,53,68,515.2621
98,54,55,927.92621
98,54,69,1281.14691
98,55,56,90.27215
98,55,70,261.30033
98,56,57,124.53777
98,56,71,125.58118
98,57,58,511.85893
98,57,72,650.42067
98,58,59,933.51594
98,58,73,353.54437
98,59,74,353.54437
98,60,61,345.43715
98,60,75,125.58118
98,61,62,574.46903
98,61,76,199.1839
98,62,63,1281.14691
98,62,77,345.43715
98,63,64,353.54437
98,63,78,396.89809
98,64,65,927.92621
98,64,79,37.2131
98,65,66,730.0
98,65,80,927.92621
98,66,67,63.39151
98,66,81,839.28207
98,67,68,396.89809
98,67,82,172.61249
98,68,69,396.89809
98,68,83,452.85905
98,69,70,125.58118
98,69,84,194.1721
98,70,71,63.39151
98,70,85,1281.14691
98,71,72,1963.79445
98,71,86,77.90879
98,72,73,124.53777
98,72,87,650.42067
98,73,74,199.1839
98,73,88,927.92621
98,74,89,37.2131
98,75,76,1281.14691
98,75,90,387.96654
98,76,77,1164.8849
98,76,91,230.83753
98,77,78,345.43715
98,77,92,650.42067
98,78,79,90.27215
98,78,93,63.39151
98,79,80,396.89809
98,79,94,927.92621
98,80,81,452.85905
98,80,95,63.39151
98,81,82,90.27215
98,81,96,230.83753
98,82,83,263.24124
98,82,97,1454.93797
98,83,84,199.1839
98,83,98,124.53777
98,84,85,1164.8849
98,84,99,452.85905
98,85,86,515.2621
98,85,100,650.42067
98,86,87,574.46903
98,86,101,261.30033
98,87,88,927.92621
98,87,102,194.1721
98,88,89,664.15989
98,88,103,396.89809
98,89,104,124.53777
98,90,91,664.15989
98,90,105,124.53777
98,91,92,396.89809
98,91,106,194.1721
98,92,93,143.97124
98,92,107,1963.79445
98,93,94,515.2621
98,93,108,1963.79445
98,94,95,933.51594
98,94,109,143.97124
98,95,96,63.39151
98,95,110,839.28207
98,96,97,261.30033
98,96,111,263.24124
98,97,98,143.97124
98,97,112,452.85905
98,98,99,452.85905
98,98,113,230.83753
98,99,100,452.85905
98,99,114,927.92621
98,100,101,230.83753
98,100,115,574.46903
98,101,102,1281.14691
98,101,116,452.85905
98,102,103,664.15989
98,102,117,77.90879
98,103,104,300.91765
98,103,118,1281.14691
98,104,119,839.28207
98,105,106,1281.14691
98,105,120,515.2621
98,106,107,933.51594
98,106,121,452.85905
98,107,108,263.24124
98,107,122,230.83753
98,108,109,353.54437
98,108,123,1963.79445
98,109,110,664.15989
98,109,124,143.97124
98,110,111,37.2131
98,110,125,261.30033
98,111,112,650.42067
98,111,126,515.2621
98,112,113,37.2131
98,112,127,730.0
98,113,114,650.42067
98,113,128,90.27215
98,114,115,194.1721
98,114,129,77.90879
98,115,116,515.2621
98,115,130,650.42067
98,116,117,511.85893
98,116,131,730.0
98,117,118,1281.14691
98,117,132,37.2131
98,118,119,172.61249
98,118,133,1454.93797
98,119,134,574.46903
98,120,121,1963.79445
98,120,135,730.0
98,121,122,452.85905
98,121,136,172.61249
98,122,123,511.85893
98,122,137,839.28207
98,123,124,143.97124
98,123,138,650.42067
98,124,125,511.85893
98,124,139,730.0
98,125,126,1281.14691
98,125,140,345.43715
98,126,127,1454.93797
98,126,141,574.46903
98,127,128,125.58118
98,127,142,1281.14691
98,128,129,125.58118
98,128,143,574.46903
98,129,130,345.43715
98,129,144,63.39151
98,130,131,194.1721
98,130,145,1164.8849
98,131,132,574.46903
98,131,146,261.30033
98,132,133,37.2131
98,132,147,143.97124
98,133,134,300.91765
98,133,148,345.43715
98,134,149,143.97124
98,135,136,124.53777
98,135,150,933.51594
98,136,137,1454.93797
98,136,151,730.0
98,137,138,125.58118
98,137,152,90.27215
98,138,139,1281.14691
98,138,153,124.53777
98,139,140,452.85905
98,139,154,37.2131
98,140,141,300.91765
98,140,155,387.96654
98,141,142,124.53777
98,141,156,37.2131
98,142,143,1164.8849
98,142,157,345.43715
98,143,144,839.28207
98,143,158,730.0
98,144,145,650.42067
98,144,159,730.0
98,145,146,515.2621
98,145,160,839.28207
98,146,147,650.42067
98,146,161,125.58118
98,147,148,515.2621
98,147,162,261.30033
98,148,149,574.46903
98,148,163,90.27215
98,149,164,515.2621
98,150,151,1963.79445
98,150,165,574.46903
98,151,152,345.43715
98,151,166,574.46903
98,152,153,396.89809
98,152,167,37.2131
98,153,154,194.1721
98,153,168,194.1721
98,154,155,1963.79445
98,154,169,37.2131
98,155,156,1454.93797
98,155,170,1164.8849
98,156,157,387.96654
98,156,171,300.91765
98,157,158,263.24124
98,157,172,1454.93797
98,158,159,230.83753
98,158,173,124.53777
98,159,160,650.42067
98,159,174,933.51594
98,160,161,261.30033
98,160,175,345.43715
98,161,162,839.28207
98,161,176,452.85905
98,162,163,263.24124
98,162,177,1281.14691
98,163,164,353.54437
98,163,178,263.24124
98,164,179,77.90879
98,165,166,172.61249
98,165,180,1164.8849
98,166,167,933.51594
98,166,181,452.85905
98,167,168,1963.79445
98,167,182,172.61249
98,168,169,230.83753
98,168,183,387.96654
98,169,170,37.2131
98,169,184,927.92621
98,170,171,124.53777
98,170,185,927.92621
98,171,172,1454.93797
98,171,186,261.30033
98,172,173,300.91765
98,172,187,452.85905
98,173,174,396.89809
98,173,188,345.43715
98,174,175,650.42067
98,174,189,345.43715
98,175,176,730.0
98,175,190,927.92621
98,176,177,1963.79445
98,176,191,452.85905
98,177,178,730.0
98,177,192,1963.79445
98,178,179,396.89809
98,178,193,927.92621
98,179,194,261.30033
98,180,181,194.1721
98,180,195,933.51594
98,181,182,194.1721
98,181,196,199.1839
98,182,183,345.43715
98,182,197,664.15989
98,183,184,664.15989
98,183,198,511.85893
98,184,185,63.39151
98,184,199,124.53777
98,185,186,263.24124
98,185,200,125.58118
98,186,187,396.89809
98,186,201,124.53777
98,187,188,353.54437
98,187,202,263.24124
98,188,189,261.30033
98,188,203,345.43715
98,189,190,1164.8849
98,189,204,730.0
98,190,191,452.85905
98,190,205,261.30033
98,191,192,143.97124
98,191,206,574.46903
98,192,193,353.54437
98,192,207,511.85893
98,193,194,452.85905
98,193,208,650.42067
98,194,209,1454.93797
98,195,196,650.42067
98,195,210,1164.8849
98,196,197,345.43715
98,196,211,345.43715
98,197,198,300.91765
98,197,212,63.39151
98,198,199,194.1721
98,198,213,1454.93797
98,199,200,172.61249
98,199,214,387.96654
98,200,201,1164.8849
98,200,215,63.39151
98,201,202,1963.79445
98,201,216,230.83753
98,202,203,396.89809
98,202,217,1281.14691
98,203,204,143.97124
98,203,218,511.85893
98,204,205,1164.8849
98,204,219,1281.14691
98,205,206,172.61249
98,205,220,345.43715
98,206,207,125.58118
98,206,221,839.28207
98,207,208,387.96654
98,207,222,199.1839
98,208,209,124.53777
98,208,223,839.28207
98,209,224,515.2621
98,210,211,511.85893
98,211,212,664.15989
98,212,213,300.91765
98,213,214,124.53777
98,214,215,353.54437
98,215,216,664.15989
98,216,217,90.27215
98,217,218,37.2131
98,218,219,345.43715
98,219,220,730.0
98,220,221,63.39151
98,221,222,1963.79445
98,222,223,199.1839
98,223,224,143.97124
99,0,1,4789.54927
99,0,15,1719.96776
99,1,2,971.77928
99,1,16,1698.75494
99,2,3,1719.96776
99,2,17,4789.54927
99,3,4,1326.63075
99,3,18,3562.41877
99,4,5,492.77016
99,4,19,1224.87226
99,5,6,3562.41877
99,5,20,485.30297
99,6,7,2344.04756
99,6,21,668.38914
99,7,8,3003.75086
99,7,22,1698.75494
99,8,9,1326.63075
99,8,23,1698.75494
99,9,10,2154.13573
99,9,24,1343.89507
99,10,11,740.495
99,10,25,730.0
99,11,12,2969.96975
99,11,26,2969.96975
99,12,13,2344.04756
99,12,27,730.0
99,13,14,3562.41877
99,13,28,917.61936
99,14,29,1326.63075
99,15,16,2969.96975
99,15,30,1698.75494
99,16,17,1208.89418
99,16,31,1719.96776
99,17,18,4789.54927
99,17,32,2864.39842
99,18,19,971.77928
99,18,33,2154.13573
99,19,20,2831.93011
99,19,34,3601.72491
99,20,21,1224.87226
99,20,35,1343.89507
99,21,22,492.77016
99,21,36,3562.41877
99,22,23,485.30297
99,22,37,2864.39842
99,23,24,1326.63075
99,23,38,1719.96776
99,24,25,1224.87226
99,24,39,1719.96776
99,25,26,4789.54927
99,25,40,658.75511
99,26,27,2864.39842
99,26,41,658.75511
99,27,28,1343.89507
99,27,42,1208.89418
99,28,29,917.61936
99,28,43,2864.39842
99,29,44,3003.75086
99,30,31,1741.40099
99,30,45,917.61936
99,31,32,917.61936
99,31,46,2831.93011
99,32,33,740.495
99,32,47,485.30297
99,33,34,2179.98856
99,33,48,3601.72491
99,34,35,2344.04756
99,34,49,1343.89507
99,35,36,2864.39842
99,35,50,2344.04756
99,36,37,930.31838
99,36,51,1224.87226
99,37,38,2831.93011
99,37,52,2831.93011
99,38,39,985.09984
99,38,53,1677.76072
99,39,40,658.75511
99,39,54,740.495
99,40,41,2154.13573
99,40,55,485.30297
99,41,42,971.77928
99,41,56,917.61936
99,42,43,2154.13573
99,42,57,1343.89507
99,43,44,971.77928
99,43,58,971.77928
99,44,59,917.61936
99,45,46,2969.96975
99,45,60,3850.44793
99,46,47,2344.04756
99,46,61,4789.54927
99,47,48,971.77928
99,47,62,1741.40099
99,48,49,1698.75494
99,48,63,1741.40099
99,49,50,2864.39842
99,49,64,2344.04756
99,50,51,1208.89418
99,50,65,3562.41877
99,51,52,985.09984
99,51,66,1343.89507
99,52,53,1698.75494
99,52,67,1224.87226
99,53,54,1343.89507
99,53,68,1343.89507
99,54,55,658.75511
99,54,69,971.77928
99,55,56,3562.41877
99,55,70,2154.13573
99,56,57,1677.76072
99,56,71,3892.38335
99,57,58,485.30297
99,57,72,3003.75086
99,58,59,1741.40099
99,58,73,930.31838
99,59,74,930.31838
99,60,61,2371.78518
99,60,75,3892.38335
99,61,62,1719.96776
99,61,76,917.61936
99,62,63,971.77928
99,62,77,2371.78518
99,63,64,930.31838
99,63,78,1208.89418
99,64,65,658.75511
99,64,79,2831.93011
99,65,66,730.0
99,65,80,658.75511
99,66,67,3850.44793
99,66,81,492.77016
99,67,68,1208.89418
99,67,82,3601.72491
99,68,69,1208.89418
99,68,83,2179.98856
99,69,70,3892.38335
99,69,84,2344.04756
99,70,71,3850.44793
99,70,85,971.77928
99,71,72,985.09984
99,71,86,2864.39842
99,72,73,1677.76072
99,72,87,3003.75086
99,73,74,917.61936
99,73,88,658.75511
99,74,89,2831.93011
99,75,76,971.77928
99,75,90,2969.96975
99,76,77,740.495
99,76,91,1698.75494
99,77,78,2371.78518
99,77,92,3003.75086
99,78,79,3562.41877
99,78,93,3850.44793
99,79,80,1208.89418
99,79,94,658.75511
99,80,81,2179.98856
99,80,95,3850.44793
99,81,82,3562.41877
99,81,96,1698.75494
99,82,83,4839.84319
99,82,97,668.38914
99,83,84,917.61936
99,83,98,1677.76072
99,84,85,740.495
99,84,99,2179.98856
99,85,86,1343.89507
99,85,100,3003.75086
99,86,87,1719.96776
99,86,101,2154.13573
99,87,88,658.75511
99,87,102,2344.04756
99,88,89,1224.87226
99,88,103,1208.89418
99,89,104,1677.76072
99,90,91,1224.87226
99,90,105,1677.76072
99,91,92,1208.89418
99,91,106,2344.04756
99,92,93,4789.54927
99,92,107,985.09984
99,93,94,1343.89507
99,93,108,985.09984
99,94,95,1741.40099
99,94,109,4789.54927
99,95,96,3850.44793
99,95,110,492.77016
99,96,97,2154.13573
99,96,111,4839.84319
99,97,98,4789.54927
99,97,112,2179.98856
99,98,99,2179.98856
99,98,113,1698.75494
99,99,100,2179.98856
99,99,114,658.75511
99,100,101,1698.75494
99,100,115,1719.96776
99,101,102,971.77928
99,101,116,2179.98856
99,102,103,1224.87226
99,102,117,2864.39842
99,103,104,1326.63075
99,103,118,971.77928
99,104,119,492.77016
99,105,106,971.77928
99,105,120,1343.89507
99,106,107,1741.40099
99,106,121,2179.98856
99,107,108,4839.84319
99,107,122,1698.75494
99,108,109,930.31838
99,108,123,985.09984
99,109,110,1224.87226
99,109,124,4789.54927
99,110,111,2831.93011
99,110,125,2154.13573
99,111,112,3003.75086
99,111,126,1343.89507
99,112,113,2831.93011
99,112,127,730.0
99,113,114,3003.75086
99,113,128,3562.41877
99,114,115,2344.04756
99,114,129,2864.39842
99,115,116,1343.89507
99,115,130,3003.75086
99,116,117,485.30297
99,116,131,730.0
99,117,118,971.77928
99,117,132,2831.93011
99,118,119,3601.72491
99,118,133,668.38914
99,119,134,1719.96776
99,120,121,985.09984
99,120,135,730.0
99,121,122,2179.98856
99,121,136,3601.72491
99,122,123,485.30297
99,122,137,492.77016
99,123,124,4789.54927
99,123,138,3003.75086
99,124,125,485.30297
99,124,139,730.0
99,125,126,971.77928
99,125,140,2371.78518
99,126,127,668.38914
99,126,141,1719.96776
99,127,128,3892.38335
99,127,142,971.77928
99,128,129,3892.38335
99,128,143,1719.96776
99,129,130,2371.78518
99,129,144,3850.44793
99,130,131,2344.04756
99,130,145,740.495
99,131,132,1719.96776
99,131,146,2154.13573
99,132,133,2831.93011
99,132,147,4789.54927
99,133,134,1326.63075
99,133,148,2371.78518
99,134,149,4789.54927
99,135,136,1677.76072
99,135,150,1741.40099
99,136,137,668.38914
99,136,151,730.0
99,137,138,3892.38335
99,137,152,3562.41877
99,138,139,971.77928
99,138,153,1677.76072
99,139,140,2179.98856
99,139,154,2831.93011
99,140,141,1326.63075
99,140,155,2969.96975
99,141,142,1677.76072
99,141,156,2831.93011
99,142,143,740.495
99,142,157,2371.78518
99,143,144,492.77016
99,143,158,730.0
99,144,145,3003.75086
99,144,159,730.0
99,145,146,1343.89507
99,145,160,492.77016
99,146,147,3003.75086
99,146,161,3892.38335
99,147,148,1343.89507
99,147,162,2154.13573
99,148,149,1719.96776
99,148,163,3562.41877
99,149,164,1343.89507
99,150,151,985.09984
99,150,165,1719.96776
99,151,152,2371.78518
99,151,166,1719.96776
99,152,153,1208.89418
99,152,167,2831.93011
99,153,154,2344.04756
99,153,168,2344.04756
99,154,155,985.09984
99,154,169,2831.93011
99,155,156,668.38914
99,155,170,740.495
99,156,157,2969.96975
99,156,171,1326.63075
99,157,158,4839.84319
99,157,172,668.38914
99,158,159,1698.75494
99,158,173,1677.76072
99,159,160,3003.75086
99,159,174,1741.40099
99,160,161,2154.13573
99,160,175,2371.78518
99,161,162,492.77016
99,161,176,2179.98856
99,162,163,4839.84319
99,162,177,971.77928
99,163,164,930.31838
99,163,178,4839.84319
99,164,179,2864.39842
99,165,166,3601.72491
99,165,180,740.495
99,166,167,1741.40099
99,166,181,2179.98856
99,167,168,985.09984
99,167,182,3601.72491
99,168,169,1698.75494
99,168,183,2969.96975
99,169,170,2831.93011
99,169,184,658.75511
99,170,171,1677.76072
99,170,185,658.75511
99,171,172,668.38914
99,171,186,2154.13573
99,172,173,1326.63075
99,172,187,2179.98856
99,173,174,1208.89418
99,173,188,2371.78518
99,174,175,3003.75086
99,174,189,2371.78518
99,175,176,730.0
99,175,190,658.75511
99,176,177,985.09984
99,176,191,2179.98856
99,177,178,730.0
99,177,192,985.09984
99,178,179,1208.89418
99,178,193,658.75511
99,179,194,2154.13573
99,180,181,2344.04756
99,180,195,1741.40099
99,181,182,2344.04756
99,181,196,917.61936
99,182,183,2371.78518
99,182,197,1224.87226
99,183,184,1224.87226
99,183,198,485.30297
99,184,185,3850.44793
99,184,199,1677.76072
99,185,186,4839.84319
99,185,200,3892.38335
99,186,187,1208.89418
99,186,201,1677.76072
99,187,188,930.31838
99,187,202,4839.84319
99,188,189,2154.13573
99,188,203,2371.78518
99,189,190,740.495
99,189,204,730.0
99,190,191,2179.98856
99,190,205,2154.13573
99,191,192,4789.54927
99,191,206,1719.96776
99,192,193,930.31838
99,192,207,485.30297
99,193,194,2179.98856
99,193,208,3003.75086
99,194,209,668.38914
99,195,196,3003.75086
99,195,210,740.495
99,196,197,2371.78518
99,196,211,2371.78518
99,197,198,1326.63075
99,197,212,3850.44793
99,198,199,2344.04756
99,198,213,668.38914
99,199,200,3601.72491
99,199,214,2969.96975
99,200,201,740.495
99,200,215,3850.44793
99,201,202,985.09984
99,201,216,1698.75494
99,202,203,1208.89418
99,202,217,971.77928
99,203,204,4789.54927
99,203,218,485.30297
99,204,205,740.495
99,204,219,971.77928
99,205,206,3601.72491
99,205,220,2371.78518
99,206,207,3892.38335
99,206,221,492.77016
99,207,208,2969.96975
99,207,222,917.61936
99,208,209,1677.76072
99,208,223,492.77016
99,209,224,1343.89507
99,210,211,485.30297
99,211,212,1224.87226
99,212,213,1326.63075
99,213,214,1677.76072
99,214,215,930.31838
99,215,216,1224.87226
99,216,217,3562.41877
99,217,218,2831.93011
99,218,219,2371.78518
99,219,220,730.0
99,220,221,3850.44793
99,221,222,985.09984
99,222,223,917.61936
99,223,224,4789.54927
