data,node_init,node_term,c,
0,0,1,14.06764
0,0,15,9.41417
0,1,2,11.04002
0,1,16,13.63161
0,2,3,11.04002
0,2,17,7.02408
0,3,4,15.97559
0,3,18,6.54658
0,4,5,15.97559
0,4,19,10.0
0,5,6,12.93576
0,5,20,10.0
0,6,7,7.02408
0,6,21,15.97559
0,7,8,18.3807
0,7,22,11.34556
0,8,9,19.21837
0,8,23,7.76797
0,9,10,12.60741
0,9,24,11.94077
0,10,11,12.93576
0,10,25,10.34127
0,11,12,6.54658
0,11,26,11.34556
0,12,13,10.0
0,12,27,9.41417
0,13,14,11.34556
0,13,28,7.02408
0,14,29,10.05105
0,15,16,13.63161
0,15,30,10.05105
0,16,17,9.46354
0,16,31,10.05105
0,17,18,11.99408
0,17,32,15.21704
0,18,19,14.79528
0,18,33,13.02554
0,19,20,18.3807
0,19,34,17.984
0,20,21,9.46354
0,20,35,15.21704
0,21,22,15.97559
0,21,36,9.41417
0,22,23,14.12914
0,22,37,9.13885
0,23,24,11.04002
0,23,38,9.13885
0,24,25,19.21837
0,24,39,11.34556
0,25,26,10.0
0,25,40,13.63161
0,26,27,10.42071
0,26,41,17.17554
0,27,28,14.85847
0,27,42,7.76797
0,28,29,10.0
0,28,43,14.12914
0,29,44,17.17554
0,30,31,10.958
0,30,45,10.958
0,31,32,15.21704
0,31,46,14.12914
0,32,33,9.13885
0,32,47,10.958
0,33,34,10.0
0,33,48,7.76797
0,34,35,14.12914
0,34,49,19.21837
0,35,36,6.54658
0,35,50,14.79528
0,36,37,11.34556
0,36,51,13.72397
0,37,38,7.26126
0,37,52,18.3807
0,38,39,7.26126
0,38,53,9.46354
0,39,40,17.984
0,39,54,13.02554
0,40,41,12.93576
0,40,55,11.99408
0,41,42,17.984
0,41,56,10.958
0,42,43,10.42071
0,42,57,13.72397
0,43,44,13.63161
0,43,58,11.04002
0,44,59,11.34556
0,45,46,7.02408
0,45,60,7.76797
0,46,47,11.99408
0,46,61,9.41417
0,47,48,15.21704
0,47,62,13.02554
0,48,49,10.34127
0,48,63,7.76797
0,49,50,9.13885
0,49,64,6.54658
0,50,51,15.21704
0,50,65,17.984
0,51,52,13.72397
0,51,66,14.12914
0,52,53,15.97559
0,52,67,7.76797
0,53,54,7.26126
0,53,68,14.79528
0,54,55,15.21704
0,54,69,11.94077
0,55,56,10.0
0,55,70,10.958
0,56,57,11.34556
0,56,71,9.46354
0,57,58,11.04002
0,57,72,8.58223
0,58,59,12.60741
0,58,73,11.34556
0,59,74,14.79528
0,60,61,9.13885
0,60,75,9.13885
0,61,62,9.46354
0,61,76,14.06764
0,62,63,7.26126
0,62,77,19.21837
0,63,64,13.72397
0,63,78,18.3807
0,64,65,19.21837
0,64,79,13.63161
0,65,66,18.3807
0,65,80,9.46354
0,66,67,12.93576
0,66,81,7.76797
0,67,68,9.46354
0,67,82,15.97559
0,68,69,6.54658
0,68,83,15.21704
0,69,70,9.13885
0,69,84,11.99408
0,70,71,10.958
0,70,85,10.0
0,71,72,8.58223
0,71,86,13.63161
0,72,73,17.17554
0,72,87,6.54658
0,73,74,17.984
0,73,88,10.05105
0,74,89,15.97559
0,75,76,19.21837
0,75,90,7.02408
0,76,77,17.984
0,76,91,15.97559
0,77,78,14.79528
0,77,92,18.3807
0,78,79,11.99408
0,78,93,11.04002
0,79,80,11.04002
0,79,94,14.12914
0,80,81,6.54658
0,80,95,11.34556
0,81,82,18.3807
0,81,96,7.02408
0,82,83,8.58223
0,82,97,18.3807
0,83,84,14.79528
0,83,98,10.958
0,84,85,10.42071
0,84,99,17.984
0,85,86,7.02408
0,85,100,7.76797
0,86,87,12.93576
0,86,101,11.94077
0,87,88,11.99408
0,87,102,17.984
0,88,89,9.13885
0,88,103,8.58223
0,89,104,10.42071
0,90,91,15.97559
0,90,105,11.99408
0,91,92,14.06764
0,91,106,10.05105
0,92,93,9.41417
0,92,107,11.04002
0,93,94,9.41417
0,93,108,14.79528
0,94,95,11.04002
0,94,109,14.12914
0,95,96,10.958
0,95,110,11.04002
0,96,97,10.42071
0,96,111,14.06764
0,97,98,7.76797
0,97,112,12.60741
0,98,99,12.93576
0,98,113,13.63161
0,99,100,6.54658
0,99,114,17.17554
0,100,101,19.21837
0,100,115,13.63161
0,101,102,12.93576
0,101,116,7.26126
0,102,103,15.21704
0,102,117,10.05105
0,103,104,11.99408
0,103,118,17.17554
0,104,119,8.58223
0,105,106,10.42071
0,105,120,10.0
0,106,107,11.04002
0,106,121,14.79528
0,107,108,15.97559
0,107,122,17.984
0,108,109,10.34127
0,108,123,17.984
0,109,110,13.72397
0,109,124,12.60741
0,110,111,13.02554
0,110,125,17.984
0,111,112,11.34556
0,111,126,10.05105
0,112,113,19.21837
0,112,127,17.984
0,113,114,9.13885
0,113,128,14.85847
0,114,115,6.54658
0,114,129,19.21837
0,115,116,12.93576
0,115,130,11.04002
0,116,117,7.02408
0,116,131,9.46354
0,117,118,8.58223
0,117,132,7.26126
0,118,119,13.02554
0,118,133,14.06764
0,119,134,10.0
0,120,121,6.54658
0,120,135,15.97559
0,121,122,6.54658
0,121,136,13.63161
0,122,123,10.34127
0,122,137,14.06764
0,123,124,11.99408
0,123,138,8.58223
0,124,125,10.0
0,124,139,10.42071
0,125,126,11.04002
0,125,140,19.21837
0,126,127,14.85847
0,126,141,10.34127
0,127,128,11.99408
0,127,142,11.94077
0,128,129,12.60741
0,128,143,13.02554
0,129,130,14.85847
0,129,144,15.21704
0,130,131,7.76797
0,130,145,6.54658
0,131,132,7.76797
0,131,146,10.05105
0,132,133,14.06764
0,132,147,14.79528
0,133,134,11.99408
0,133,148,7.76797
0,134,149,11.94077
0,135,136,11.99408
0,135,150,10.0
0,136,137,6.54658
0,136,151,10.0
0,137,138,6.54658
0,137,152,9.46354
0,138,139,19.21837
0,138,153,17.17554
0,139,140,14.12914
0,139,154,10.0
0,140,141,14.12914
0,140,155,14.06764
0,141,142,10.34127
0,141,156,7.02408
0,142,143,14.85847
0,142,157,14.85847
0,143,144,17.984
0,143,158,15.21704
0,144,145,19.21837
0,144,159,11.94077
0,145,146,11.99408
0,145,160,14.12914
0,146,147,15.97559
0,146,161,12.93576
0,147,148,8.58223
0,147,162,13.72397
0,148,149,13.02554
0,148,163,15.97559
0,149,164,12.60741
0,150,151,7.02408
0,150,165,11.94077
0,151,152,13.63161
0,151,166,7.02408
0,152,153,10.958
0,152,167,14.12914
0,153,154,10.42071
0,153,168,9.13885
0,154,155,11.04002
0,154,169,14.85847
0,155,156,19.21837
0,155,170,13.02554
0,156,157,11.99408
0,156,171,14.85847
0,157,158,12.93576
0,157,172,14.85847
0,158,159,8.58223
0,158,173,10.34127
0,159,160,14.12914
0,159,174,11.34556
0,160,161,10.0
0,160,175,9.41417
0,161,162,10.05105
0,161,176,9.46354
0,162,163,12.60741
0,162,177,8.58223
0,163,164,10.0
0,163,178,10.958
0,164,179,19.21837
0,165,166,12.60741
0,165,180,9.13885
0,166,167,14.06764
0,166,181,15.21704
0,167,168,15.21704
0,167,182,7.02408
0,168,169,14.06764
0,168,183,9.46354
0,169,170,13.02554
0,169,184,11.99408
0,170,171,14.85847
0,170,185,14.12914
0,171,172,10.42071
0,171,186,15.21704
0,172,173,15.21704
0,172,187,11.34556
0,173,174,17.17554
0,173,188,14.12914
0,174,175,9.13885
0,174,189,10.34127
0,175,176,14.06764
0,175,190,11.04002
0,176,177,11.94077
0,176,191,13.02554
0,177,178,12.93576
0,177,192,14.06764
0,178,179,11.99408
0,178,193,10.958
0,179,194,14.85847
0,180,181,7.76797
0,180,195,11.94077
0,181,182,14.06764
0,181,196,18.3807
0,182,183,10.05105
0,182,197,14.79528
0,183,184,14.06764
0,183,198,11.94077
0,184,185,11.94077
0,184,199,7.02408
0,185,186,13.72397
0,185,200,10.34127
0,186,187,10.0
0,186,201,18.3807
0,187,188,11.94077
0,187,202,11.04002
0,188,189,10.958
0,188,203,7.76797
0,189,190,18.3807
0,189,204,11.99408
0,190,191,10.0
0,190,205,9.46354
0,191,192,14.85847
0,191,206,12.60741
0,192,193,17.17554
0,192,207,19.21837
0,193,194,8.58223
0,193,208,14.06764
0,194,209,13.72397
0,195,196,17.17554
0,195,210,12.60741
0,196,197,12.60741
0,196,211,19.21837
0,197,198,14.06764
0,197,212,12.60741
0,198,199,10.42071
0,198,213,17.17554
0,199,200,7.76797
0,199,214,13.02554
0,200,201,14.06764
0,200,215,6.54658
0,201,202,9.41417
0,201,216,18.3807
0,202,203,7.76797
0,202,217,7.76797
0,203,204,13.63161
0,203,218,14.85847
0,204,205,19.21837
0,204,219,15.97559
0,205,206,7.26126
0,205,220,18.3807
0,206,207,10.958
0,206,221,9.13885
0,207,208,9.46354
0,207,222,13.72397
0,208,209,10.42071
0,208,223,18.3807
0,209,224,13.02554
0,210,211,11.94077
0,211,212,10.42071
0,212,213,10.34127
0,213,214,17.17554
0,214,215,11.94077
0,215,216,10.34127
0,216,217,18.3807
0,217,218,7.26126
0,218,219,13.63161
0,219,220,11.04002
0,220,221,12.60741
0,221,222,11.94077
0,222,223,15.97559
0,223,224,10.05105
1,0,1,5.83578
1,0,15,6.94967
1,1,2,7.99556
1,1,16,10.76979
1,2,3,7.99556
1,2,17,9.32361
1,3,4,8.26544
1,3,18,6.40219
1,4,5,8.26544
1,4,19,10.0
1,5,6,7.57851
1,5,20,10.0
1,6,7,9.32361
1,6,21,8.26544
1,7,8,6.40426
1,7,22,5.03598
1,8,9,9.32619
1,8,23,8.89573
1,9,10,11.24511
1,9,24,7.96956
1,10,11,7.57851
1,10,25,6.63965
1,11,12,6.40219
1,11,26,5.03598
1,12,13,10.0
1,12,27,6.94967
1,13,14,5.03598
1,13,28,9.32361
1,14,29,10.06451
1,15,16,10.76979
1,15,30,10.06451
1,16,17,7.00214
1,16,31,10.06451
1,17,18,7.60377
1,17,32,5.5567
1,18,19,8.61675
1,18,33,6.17186
1,19,20,6.40426
1,19,34,9.76542
1,20,21,7.00214
1,20,35,5.5567
1,21,22,8.26544
1,21,36,6.94967
1,22,23,5.8831
1,22,37,10.45644
1,23,24,7.99556
1,23,38,10.45644
1,24,25,9.32619
1,24,39,5.03598
1,25,26,10.0
1,25,40,10.76979
1,26,27,5.3435
1,26,41,6.75923
1,27,28,8.67611
1,27,42,8.89573
1,28,29,10.0
1,28,43,5.8831
1,29,44,6.75923
1,30,31,9.61775
1,30,45,9.61775
1,31,32,5.5567
1,31,46,5.8831
1,32,33,10.45644
1,32,47,9.61775
1,33,34,10.0
1,33,48,8.89573
1,34,35,5.8831
1,34,49,9.32619
1,35,36,6.40219
1,35,50,8.61675
1,36,37,5.03598
1,36,51,9.0371
1,37,38,6.05858
1,37,52,6.40426
1,38,39,6.05858
1,38,53,7.00214
1,39,40,9.76542
1,39,54,6.17186
1,40,41,7.57851
1,40,55,7.60377
1,41,42,9.76542
1,41,56,9.61775
1,42,43,5.3435
1,42,57,9.0371
1,43,44,10.76979
1,43,58,7.99556
1,44,59,5.03598
1,45,46,9.32361
1,45,60,8.89573
1,46,47,7.60377
1,46,61,6.94967
1,47,48,5.5567
1,47,62,6.17186
1,48,49,6.63965
1,48,63,8.89573
1,49,50,10.45644
1,49,64,6.40219
1,50,51,5.5567
1,50,65,9.76542
1,51,52,9.0371
1,51,66,5.8831
1,52,53,8.26544
1,52,67,8.89573
1,53,54,6.05858
1,53,68,8.61675
1,54,55,5.5567
1,54,69,7.96956
1,55,56,10.0
1,55,70,9.61775
1,56,57,5.03598
1,56,71,7.00214
1,57,58,7.99556
1,57,72,7.32184
1,58,59,11.24511
1,58,73,5.03598
1,59,74,8.61675
1,60,61,10.45644
1,60,75,10.45644
1,61,62,7.00214
1,61,76,5.83578
1,62,63,6.05858
1,62,77,9.32619
1,63,64,9.0371
1,63,78,6.40426
1,64,65,9.32619
1,64,79,10.76979
1,65,66,6.40426
1,65,80,7.00214
1,66,67,7.57851
1,66,81,8.89573
1,67,68,7.00214
1,67,82,8.26544
1,68,69,6.40219
1,68,83,5.5567
1,69,70,10.45644
1,69,84,7.60377
1,70,71,9.61775
1,70,85,10.0
1,71,72,7.32184
1,71,86,10.76979
1,72,73,6.75923
1,72,87,6.40219
1,73,74,9.76542
1,73,88,10.06451
1,74,89,8.26544
1,75,76,9.32619
1,75,90,9.32361
1,76,77,9.76542
1,76,91,8.26544
1,77,78,8.61675
1,77,92,6.40426
1,78,79,7.60377
1,78,93,7.99556
1,79,80,7.99556
1,79,94,5.8831
1,80,81,6.40219
1,80,95,5.03598
1,81,82,6.40426
1,81,96,9.32361
1,82,83,7.32184
1,82,97,6.40426
1,83,84,8.61675
1,83,98,9.61775
1,84,85,5.3435
1,84,99,9.76542
1,85,86,9.32361
1,85,100,8.89573
1,86,87,7.57851
1,86,101,7.96956
1,87,88,7.60377
1,87,102,9.76542
1,88,89,10.45644
1,88,103,7.32184
1,89,104,5.3435
1,90,91,8.26544
1,90,105,7.60377
1,91,92,5.83578
1,91,106,10.06451
1,92,93,6.94967
1,92,107,7.99556
1,93,94,6.94967
1,93,108,8.61675
1,94,95,7.99556
1,94,109,5.8831
1,95,96,9.61775
1,95,110,7.99556
1,96,97,5.3435
1,96,111,5.83578
1,97,98,8.89573
1,97,112,11.24511
1,98,99,7.57851
1,98,113,10.76979
1,99,100,6.40219
1,99,114,6.75923
1,100,101,9.32619
1,100,115,10.76979
1,101,102,7.57851
1,101,116,6.05858
1,102,103,5.5567
1,102,117,10.06451
1,103,104,7.60377
1,103,118,6.75923
1,104,119,7.32184
1,105,106,5.3435
1,105,120,10.0
1,106,107,7.99556
1,106,121,8.61675
1,107,108,8.26544
1,107,122,9.76542
1,108,109,6.63965
1,108,123,9.76542
1,109,110,9.0371
1,109,124,11.24511
1,110,111,6.17186
1,110,125,9.76542
1,111,112,5.03598
1,111,126,10.06451
1,112,113,9.32619
1,112,127,9.76542
1,113,114,10.45644
1,113,128,8.67611
1,114,115,6.40219
1,114,129,9.32619
1,115,116,7.57851
1,115,130,7.99556
1,116,117,9.32361
1,116,131,7.00214
1,117,118,7.32184
1,117,132,6.05858
1,118,119,6.17186
1,118,133,5.83578
1,119,134,10.0
1,120,121,6.40219
1,120,135,8.26544
1,121,122,6.40219
1,121,136,10.76979
1,122,123,6.63965
1,122,137,5.83578
1,123,124,7.60377
1,123,138,7.32184
1,124,125,10.0
1,124,139,5.3435
1,125,126,7.99556
1,125,140,9.32619
1,126,127,8.67611
1,126,141,6.63965
1,127,128,7.60377
1,127,142,7.96956
1,128,129,11.24511
1,128,143,6.17186
1,129,130,8.67611
1,129,144,5.5567
1,130,131,8.89573
1,130,145,6.40219
1,131,132,8.89573
1,131,146,10.06451
1,132,133,5.83578
1,132,147,8.61675
1,133,134,7.60377
1,133,148,8.89573
1,134,149,7.96956
1,135,136,7.60377
1,135,150,10.0
1,136,137,6.40219
1,136,151,10.0
1,137,138,6.40219
1,137,152,7.00214
1,138,139,9.32619
1,138,153,6.75923
1,139,140,5.8831
1,139,154,10.0
1,140,141,5.8831
1,140,155,5.83578
1,141,142,6.63965
1,141,156,9.32361
1,142,143,8.67611
1,142,157,8.67611
1,143,144,9.76542
1,143,158,5.5567
1,144,145,9.32619
1,144,159,7.96956
1,145,146,7.60377
1,145,160,5.8831
1,146,147,8.26544
1,146,161,7.57851
1,147,148,7.32184
1,147,162,9.0371
1,148,149,6.17186
1,148,163,8.26544
1,149,164,11.24511
1,150,151,9.32361
1,150,165,7.96956
1,151,152,10.76979
1,151,166,9.32361
1,152,153,9.61775
1,152,167,5.8831
1,153,154,5.3435
1,153,168,10.45644
1,154,155,7.99556
1,154,169,8.67611
1,155,156,9.32619
1,155,170,6.17186
1,156,157,7.60377
1,156,171,8.67611
1,157,158,7.57851
1,157,172,8.67611
1,158,159,7.32184
1,158,173,6.63965
1,159,160,5.8831
1,159,174,5.03598
1,160,161,10.0
1,160,175,6.94967
1,161,162,10.06451
1,161,176,7.00214
1,162,163,11.24511
1,162,177,7.32184
1,163,164,10.0
1,163,178,9.61775
1,164,179,9.32619
1,165,166,11.24511
1,165,180,10.45644
1,166,167,5.83578
1,166,181,5.5567
1,167,168,5.5567
1,167,182,9.32361
1,168,169,5.83578
1,168,183,7.00214
1,169,170,6.17186
1,169,184,7.60377
1,170,171,8.67611
1,170,185,5.8831
1,171,172,5.3435
1,171,186,5.5567
1,172,173,5.5567
1,172,187,5.03598
1,173,174,6.75923
1,173,188,5.8831
1,174,175,10.45644
1,174,189,6.63965
1,175,176,5.83578
1,175,190,7.99556
1,176,177,7.96956
1,176,191,6.17186
1,177,178,7.57851
1,177,192,5.83578
1,178,179,7.60377
1,178,193,9.61775
1,179,194,8.67611
1,180,181,8.89573
1,180,195,7.96956
1,181,182,5.83578
1,181,196,6.40426
1,182,183,10.06451
1,182,197,8.61675
1,183,184,5.83578
1,183,198,7.96956
1,184,185,7.96956
1,184,199,9.32361
1,185,186,9.0371
1,185,200,6.63965
1,186,187,10.0
1,186,201,6.40426
1,187,188,7.96956
1,187,202,7.99556
1,188,189,9.61775
1,188,203,8.89573
1,189,190,6.40426
1,189,204,7.60377
1,190,191,10.0
1,190,205,7.00214
1,191,192,8.67611
1,191,206,11.24511
1,192,193,6.75923
1,192,207,9.32619
1,193,194,7.32184
1,193,208,5.83578
1,194,209,9.0371
1,195,196,6.75923
1,195,210,11.24511
1,196,197,11.24511
1,196,211,9.32619
1,197,198,5.83578
1,197,212,11.24511
1,198,199,5.3435
1,198,213,6.75923
1,199,200,8.89573
1,199,214,6.17186
1,200,201,5.83578
1,200,215,6.40219
1,201,202,6.94967
1,201,216,6.40426
1,202,203,8.89573
1,202,217,8.89573
1,203,204,10.76979
1,203,218,8.67611
1,204,205,9.32619
1,204,219,8.26544
1,205,206,6.05858
1,205,220,6.40426
1,206,207,9.61775
1,206,221,10.45644
1,207,208,7.00214
1,207,222,9.0371
1,208,209,5.3435
1,208,223,6.40426
1,209,224,6.17186
1,210,211,7.96956
1,211,212,5.3435
1,212,213,6.63965
1,213,214,6.75923
1,214,215,7.96956
1,215,216,6.63965
1,216,217,6.40426
1,217,218,6.05858
1,218,219,10.76979
1,219,220,7.99556
1,220,221,11.24511
1,221,222,7.96956
1,222,223,8.26544
1,223,224,10.06451
2,0,1,22.88736
2,0,15,14.64619
2,1,2,16.98903
2,1,16,12.10111
2,2,3,16.98903
2,2,17,10.08607
2,3,4,18.48152
2,3,18,14.75213
2,4,5,18.48152
2,4,19,10.0
2,5,6,17.20794
2,5,20,10.0
2,6,7,10.08607
2,6,21,18.48152
2,7,8,26.10236
2,7,22,21.64188
2,8,9,19.62915
2,8,23,9.20789
2,9,10,13.11877
2,9,24,18.43294
2,10,11,17.20794
2,10,25,16.13871
2,11,12,14.75213
2,11,26,21.64188
2,12,13,10.0
2,12,27,14.64619
2,13,14,21.64188
2,13,28,10.08607
2,14,29,12.19668
2,15,16,12.10111
2,15,30,12.19668
2,16,17,17.32337
2,16,31,12.19668
2,17,18,15.81679
2,17,32,24.76725
2,18,19,16.87478
2,18,33,24.30729
2,19,20,26.10236
2,19,34,20.94086
2,20,21,17.32337
2,20,35,24.76725
2,21,22,18.48152
2,21,36,14.64619
2,22,23,26.24596
2,22,37,10.91853
2,23,24,16.98903
2,23,38,10.91853
2,24,25,19.62915
2,24,39,21.64188
2,25,26,10.0
2,25,40,12.10111
2,26,27,23.02147
2,26,41,27.62141
2,27,28,19.75289
2,27,42,9.20789
2,28,29,10.0
2,28,43,26.24596
2,29,44,27.62141
2,30,31,11.21936
2,30,45,11.21936
2,31,32,24.76725
2,31,46,26.24596
2,32,33,10.91853
2,32,47,11.21936
2,33,34,10.0
2,33,48,9.20789
2,34,35,26.24596
2,34,49,19.62915
2,35,36,14.75213
2,35,50,16.87478
2,36,37,21.64188
2,36,51,18.08736
2,37,38,13.6666
2,37,52,26.10236
2,38,39,13.6666
2,38,53,17.32337
2,39,40,20.94086
2,39,54,24.30729
2,40,41,17.20794
2,40,55,15.81679
2,41,42,20.94086
2,41,56,11.21936
2,42,43,23.02147
2,42,57,18.08736
2,43,44,12.10111
2,43,58,16.98903
2,44,59,21.64188
2,45,46,10.08607
2,45,60,9.20789
2,46,47,15.81679
2,46,61,14.64619
2,47,48,24.76725
2,47,62,24.30729
2,48,49,16.13871
2,48,63,9.20789
2,49,50,10.91853
2,49,64,14.75213
2,50,51,24.76725
2,50,65,20.94086
2,51,52,18.08736
2,51,66,26.24596
2,52,53,18.48152
2,52,67,9.20789
2,53,54,13.6666
2,53,68,16.87478
2,54,55,24.76725
2,54,69,18.43294
2,55,56,10.0
2,55,70,11.21936
2,56,57,21.64188
2,56,71,17.32337
2,57,58,16.98903
2,57,72,15.77207
2,58,59,13.11877
2,58,73,21.64188
2,59,74,16.87478
2,60,61,10.91853
2,60,75,10.91853
2,61,62,17.32337
2,61,76,22.88736
2,62,63,13.6666
2,62,77,19.62915
2,63,64,18.08736
2,63,78,26.10236
2,64,65,19.62915
2,64,79,12.10111
2,65,66,26.10236
2,65,80,17.32337
2,66,67,17.20794
2,66,81,9.20789
2,67,68,17.32337
2,67,82,18.48152
2,68,69,14.75213
2,68,83,24.76725
2,69,70,10.91853
2,69,84,15.81679
2,70,71,11.21936
2,70,85,10.0
2,71,72,15.77207
2,71,86,12.10111
2,72,73,27.62141
2,72,87,14.75213
2,73,74,20.94086
2,73,88,12.19668
2,74,89,18.48152
2,75,76,19.62915
2,75,90,10.08607
2,76,77,20.94086
2,76,91,18.48152
2,77,78,16.87478
2,77,92,26.10236
2,78,79,15.81679
2,78,93,16.98903
2,79,80,16.98903
2,79,94,26.24596
2,80,81,14.75213
2,80,95,21.64188
2,81,82,26.10236
2,81,96,10.08607
2,82,83,15.77207
2,82,97,26.10236
2,83,84,16.87478
2,83,98,11.21936
2,84,85,23.02147
2,84,99,20.94086
2,85,86,10.08607
2,85,100,9.20789
2,86,87,17.20794
2,86,101,18.43294
2,87,88,15.81679
2,87,102,20.94086
2,88,89,10.91853
2,88,103,15.77207
2,89,104,23.02147
2,90,91,18.48152
2,90,105,15.81679
2,91,92,22.88736
2,91,106,12.19668
2,92,93,14.64619
2,92,107,16.98903
2,93,94,14.64619
2,93,108,16.87478
2,94,95,16.98903
2,94,109,26.24596
2,95,96,11.21936
2,95,110,16.98903
2,96,97,23.02147
2,96,111,22.88736
2,97,98,9.20789
2,97,112,13.11877
2,98,99,17.20794
2,98,113,12.10111
2,99,100,14.75213
2,99,114,27.62141
2,100,101,19.62915
2,100,115,12.10111
2,101,102,17.20794
2,101,116,13.6666
2,102,103,24.76725
2,102,117,12.19668
2,103,104,15.81679
2,103,118,27.62141
2,104,119,15.77207
2,105,106,23.02147
2,105,120,10.0
2,106,107,16.98903
2,106,121,16.87478
2,107,108,18.48152
2,107,122,20.94086
2,108,109,16.13871
2,108,123,20.94086
2,109,110,18.08736
2,109,124,13.11877
2,110,111,24.30729
2,110,125,20.94086
2,111,112,21.64188
2,111,126,12.19668
2,112,113,19.62915
2,112,127,20.94086
2,113,114,10.91853
2,113,128,19.75289
2,114,115,14.75213
2,114,129,19.62915
2,115,116,17.20794
2,115,130,16.98903
2,116,117,10.08607
2,116,131,17.32337
2,117,118,15.77207
2,117,132,13.6666
2,118,119,24.30729
2,118,133,22.88736
2,119,134,10.0
2,120,121,14.75213
2,120,135,18.48152
2,121,122,14.75213
2,121,136,12.10111
2,122,123,16.13871
2,122,137,22.88736
2,123,124,15.81679
2,123,138,15.77207
2,124,125,10.0
2,124,139,23.02147
2,125,126,16.98903
2,125,140,19.62915
2,126,127,19.75289
2,126,141,16.13871
2,127,128,15.81679
2,127,142,18.43294
2,128,129,13.11877
2,128,143,24.30729
2,129,130,19.75289
2,129,144,24.76725
2,130,131,9.20789
2,130,145,14.75213
2,131,132,9.20789
2,131,146,12.19668
2,132,133,22.88736
2,132,147,16.87478
2,133,134,15.81679
2,133,148,9.20789
2,134,149,18.43294
2,135,136,15.81679
2,135,150,10.0
2,136,137,14.75213
2,136,151,10.0
2,137,138,14.75213
2,137,152,17.32337
2,138,139,19.62915
2,138,153,27.62141
2,139,140,26.24596
2,139,154,10.0
2,140,141,26.24596
2,140,155,22.88736
2,141,142,16.13871
2,141,156,10.08607
2,142,143,19.75289
2,142,157,19.75289
2,143,144,20.94086
2,143,158,24.76725
2,144,145,19.62915
2,144,159,18.43294
2,145,146,15.81679
2,145,160,26.24596
2,146,147,18.48152
2,146,161,17.20794
2,147,148,15.77207
2,147,162,18.08736
2,148,149,24.30729
2,148,163,18.48152
2,149,164,13.11877
2,150,151,10.08607
2,150,165,18.43294
2,151,152,12.10111
2,151,166,10.08607
2,152,153,11.21936
2,152,167,26.24596
2,153,154,23.02147
2,153,168,10.91853
2,154,155,16.98903
2,154,169,19.75289
2,155,156,19.62915
2,155,170,24.30729
2,156,157,15.81679
2,156,171,19.75289
2,157,158,17.20794
2,157,172,19.75289
2,158,159,15.77207
2,158,173,16.13871
2,159,160,26.24596
2,159,174,21.64188
2,160,161,10.0
2,160,175,14.64619
2,161,162,12.19668
2,161,176,17.32337
2,162,163,13.11877
2,162,177,15.77207
2,163,164,10.0
2,163,178,11.21936
2,164,179,19.62915
2,165,166,13.11877
2,165,180,10.91853
2,166,167,22.88736
2,166,181,24.76725
2,167,168,24.76725
2,167,182,10.08607
2,168,169,22.88736
2,168,183,17.32337
2,169,170,24.30729
2,169,184,15.81679
2,170,171,19.75289
2,170,185,26.24596
2,171,172,23.02147
2,171,186,24.76725
2,172,173,24.76725
2,172,187,21.64188
2,173,174,27.62141
2,173,188,26.24596
2,174,175,10.91853
2,174,189,16.13871
2,175,176,22.88736
2,175,190,16.98903
2,176,177,18.43294
2,176,191,24.30729
2,177,178,17.20794
2,177,192,22.88736
2,178,179,15.81679
2,178,193,11.21936
2,179,194,19.75289
2,180,181,9.20789
2,180,195,18.43294
2,181,182,22.88736
2,181,196,26.10236
2,182,183,12.19668
2,182,197,16.87478
2,183,184,22.88736
2,183,198,18.43294
2,184,185,18.43294
2,184,199,10.08607
2,185,186,18.08736
2,185,200,16.13871
2,186,187,10.0
2,186,201,26.10236
2,187,188,18.43294
2,187,202,16.98903
2,188,189,11.21936
2,188,203,9.20789
2,189,190,26.10236
2,189,204,15.81679
2,190,191,10.0
2,190,205,17.32337
2,191,192,19.75289
2,191,206,13.11877
2,192,193,27.62141
2,192,207,19.62915
2,193,194,15.77207
2,193,208,22.88736
2,194,209,18.08736
2,195,196,27.62141
2,195,210,13.11877
2,196,197,13.11877
2,196,211,19.62915
2,197,198,22.88736
2,197,212,13.11877
2,198,199,23.02147
2,198,213,27.62141
2,199,200,9.20789
2,199,214,24.30729
2,200,201,22.88736
2,200,215,14.75213
2,201,202,14.64619
2,201,216,26.10236
2,202,203,9.20789
2,202,217,9.20789
2,203,204,12.10111
2,203,218,19.75289
2,204,205,19.62915
2,204,219,18.48152
2,205,206,13.6666
2,205,220,26.10236
2,206,207,11.21936
2,206,221,10.91853
2,207,208,17.32337
2,207,222,18.08736
2,208,209,23.02147
2,208,223,26.10236
2,209,224,24.30729
2,210,211,18.43294
2,211,212,23.02147
2,212,213,16.13871
2,213,214,27.62141
2,214,215,18.43294
2,215,216,16.13871
2,216,217,26.10236
2,217,218,13.6666
2,218,219,12.10111
2,219,220,16.98903
2,220,221,13.11877
2,221,222,18.43294
2,222,223,18.48152
2,223,224,12.19668
3,0,1,12.6776
3,0,15,7.79826
3,1,2,16.36225
3,1,16,10.87351
3,2,3,16.36225
3,2,17,10.66941
3,3,4,12.58913
3,3,18,8.38162
3,4,5,12.58913
3,4,19,10.0
3,5,6,8.56008
3,5,20,10.0
3,6,7,10.66941
3,6,21,12.58913
3,7,8,13.66979
3,7,22,9.23353
3,8,9,16.61923
3,8,23,7.01311
3,9,10,15.4371
3,9,24,12.60741
3,10,11,8.56008
3,10,25,5.84759
3,11,12,8.38162
3,11,26,9.23353
3,12,13,10.0
3,12,27,7.79826
3,13,14,9.23353
3,13,28,10.66941
3,14,29,11.57408
3,15,16,10.87351
3,15,30,11.57408
3,16,17,9.17461
3,16,31,11.57408
3,17,18,11.64108
3,17,32,10.0699
3,18,19,15.51537
3,18,33,17.60281
3,19,20,13.66979
3,19,34,22.24769
3,20,21,9.17461
3,20,35,10.0699
3,21,22,12.58913
3,21,36,7.79826
3,22,23,14.46179
3,22,37,14.3766
3,23,24,16.36225
3,23,38,14.3766
3,24,25,16.61923
3,24,39,9.23353
3,25,26,10.0
3,25,40,10.87351
3,26,27,13.43844
3,26,41,18.78198
3,27,28,17.49729
3,27,42,7.01311
3,28,29,10.0
3,28,43,14.46179
3,29,44,18.78198
3,30,31,7.73079
3,30,45,7.73079
3,31,32,10.0699
3,31,46,14.46179
3,32,33,14.3766
3,32,47,7.73079
3,33,34,10.0
3,33,48,7.01311
3,34,35,14.46179
3,34,49,16.61923
3,35,36,8.38162
3,35,50,15.51537
3,36,37,9.23353
3,36,51,20.95684
3,37,38,5.24158
3,37,52,13.66979
3,38,39,5.24158
3,38,53,9.17461
3,39,40,22.24769
3,39,54,17.60281
3,40,41,8.56008
3,40,55,11.64108
3,41,42,22.24769
3,41,56,7.73079
3,42,43,13.43844
3,42,57,20.95684
3,43,44,10.87351
3,43,58,16.36225
3,44,59,9.23353
3,45,46,10.66941
3,45,60,7.01311
3,46,47,11.64108
3,46,61,7.79826
3,47,48,10.0699
3,47,62,17.60281
3,48,49,5.84759
3,48,63,7.01311
3,49,50,14.3766
3,49,64,8.38162
3,50,51,10.0699
3,50,65,22.24769
3,51,52,20.95684
3,51,66,14.46179
3,52,53,12.58913
3,52,67,7.01311
3,53,54,5.24158
3,53,68,15.51537
3,54,55,10.0699
3,54,69,12.60741
3,55,56,10.0
3,55,70,7.73079
3,56,57,9.23353
3,56,71,9.17461
3,57,58,16.36225
3,57,72,11.6586
3,58,59,15.4371
3,58,73,9.23353
3,59,74,15.51537
3,60,61,14.3766
3,60,75,14.3766
3,61,62,9.17461
3,61,76,12.6776
3,62,63,5.24158
3,62,77,16.61923
3,63,64,20.95684
3,63,78,13.66979
3,64,65,16.61923
3,64,79,10.87351
3,65,66,13.66979
3,65,80,9.17461
3,66,67,8.56008
3,66,81,7.01311
3,67,68,9.17461
3,67,82,12.58913
3,68,69,8.38162
3,68,83,10.0699
3,69,70,14.3766
3,69,84,11.64108
3,70,71,7.73079
3,70,85,10.0
3,71,72,11.6586
3,71,86,10.87351
3,72,73,18.78198
3,72,87,8.38162
3,73,74,22.24769
3,73,88,11.57408
3,74,89,12.58913
3,75,76,16.61923
3,75,90,10.66941
3,76,77,22.24769
3,76,91,12.58913
3,77,78,15.51537
3,77,92,13.66979
3,78,79,11.64108
3,78,93,16.36225
3,79,80,16.36225
3,79,94,14.46179
3,80,81,8.38162
3,80,95,9.23353
3,81,82,13.66979
3,81,96,10.66941
3,82,83,11.6586
3,82,97,13.66979
3,83,84,15.51537
3,83,98,7.73079
3,84,85,13.43844
3,84,99,22.24769
3,85,86,10.66941
3,85,100,7.01311
3,86,87,8.56008
3,86,101,12.60741
3,87,88,11.64108
3,87,102,22.24769
3,88,89,14.3766
3,88,103,11.6586
3,89,104,13.43844
3,90,91,12.58913
3,90,105,11.64108
3,91,92,12.6776
3,91,106,11.57408
3,92,93,7.79826
3,92,107,16.36225
3,93,94,7.79826
3,93,108,15.51537
3,94,95,16.36225
3,94,109,14.46179
3,95,96,7.73079
3,95,110,16.36225
3,96,97,13.43844
3,96,111,12.6776
3,97,98,7.01311
3,97,112,15.4371
3,98,99,8.56008
3,98,113,10.87351
3,99,100,8.38162
3,99,114,18.78198
3,100,101,16.61923
3,100,115,10.87351
3,101,102,8.56008
3,101,116,5.24158
3,102,103,10.0699
3,102,117,11.57408
3,103,104,11.64108
3,103,118,18.78198
3,104,119,11.6586
3,105,106,13.43844
3,105,120,10.0
3,106,107,16.36225
3,106,121,15.51537
3,107,108,12.58913
3,107,122,22.24769
3,108,109,5.84759
3,108,123,22.24769
3,109,110,20.95684
3,109,124,15.4371
3,110,111,17.60281
3,110,125,22.24769
3,111,112,9.23353
3,111,126,11.57408
3,112,113,16.61923
3,112,127,22.24769
3,113,114,14.3766
3,113,128,17.49729
3,114,115,8.38162
3,114,129,16.61923
3,115,116,8.56008
3,115,130,16.36225
3,116,117,10.66941
3,116,131,9.17461
3,117,118,11.6586
3,117,132,5.24158
3,118,119,17.60281
3,118,133,12.6776
3,119,134,10.0
3,120,121,8.38162
3,120,135,12.58913
3,121,122,8.38162
3,121,136,10.87351
3,122,123,5.84759
3,122,137,12.6776
3,123,124,11.64108
3,123,138,11.6586
3,124,125,10.0
3,124,139,13.43844
3,125,126,16.36225
3,125,140,16.61923
3,126,127,17.49729
3,126,141,5.84759
3,127,128,11.64108
3,127,142,12.60741
3,128,129,15.4371
3,128,143,17.60281
3,129,130,17.49729
3,129,144,10.0699
3,130,131,7.01311
3,130,145,8.38162
3,131,132,7.01311
3,131,146,11.57408
3,132,133,12.6776
3,132,147,15.51537
3,133,134,11.64108
3,133,148,7.01311
3,134,149,12.60741
3,135,136,11.64108
3,135,150,10.0
3,136,137,8.38162
3,136,151,10.0
3,137,138,8.38162
3,137,152,9.17461
3,138,139,16.61923
3,138,153,18.78198
3,139,140,14.46179
3,139,154,10.0
3,140,141,14.46179
3,140,155,12.6776
3,141,142,5.84759
3,141,156,10.66941
3,142,143,17.49729
3,142,157,17.49729
3,143,144,22.24769
3,143,158,10.0699
3,144,145,16.61923
3,144,159,12.60741
3,145,146,11.64108
3,145,160,14.46179
3,146,147,12.58913
3,146,161,8.56008
3,147,148,11.6586
3,147,162,20.95684
3,148,149,17.60281
3,148,163,12.58913
3,149,164,15.4371
3,150,151,10.66941
3,150,165,12.60741
3,151,152,10.87351
3,151,166,10.66941
3,152,153,7.73079
3,152,167,14.46179
3,153,154,13.43844
3,153,168,14.3766
3,154,155,16.36225
3,154,169,17.49729
3,155,156,16.61923
3,155,170,17.60281
3,156,157,11.64108
3,156,171,17.49729
3,157,158,8.56008
3,157,172,17.49729
3,158,159,11.6586
3,158,173,5.84759
3,159,160,14.46179
3,159,174,9.23353
3,160,161,10.0
3,160,175,7.79826
3,161,162,11.57408
3,161,176,9.17461
3,162,163,15.4371
3,162,177,11.6586
3,163,164,10.0
3,163,178,7.73079
3,164,179,16.61923
3,165,166,15.4371
3,165,180,14.3766
3,166,167,12.6776
3,166,181,10.0699
3,167,168,10.0699
3,167,182,10.66941
3,168,169,12.6776
3,168,183,9.17461
3,169,170,17.60281
3,169,184,11.64108
3,170,171,17.49729
3,170,185,14.46179
3,171,172,13.43844
3,171,186,10.0699
3,172,173,10.0699
3,172,187,9.23353
3,173,174,18.78198
3,173,188,14.46179
3,174,175,14.3766
3,174,189,5.84759
3,175,176,12.6776
3,175,190,16.36225
3,176,177,12.60741
3,176,191,17.60281
3,177,178,8.56008
3,177,192,12.6776
3,178,179,11.64108
3,178,193,7.73079
3,179,194,17.49729
3,180,181,7.01311
3,180,195,12.60741
3,181,182,12.6776
3,181,196,13.66979
3,182,183,11.57408
3,182,197,15.51537
3,183,184,12.6776
3,183,198,12.60741
3,184,185,12.60741
3,184,199,10.66941
3,185,186,20.95684
3,185,200,5.84759
3,186,187,10.0
3,186,201,13.66979
3,187,188,12.60741
3,187,202,16.36225
3,188,189,7.73079
3,188,203,7.01311
3,189,190,13.66979
3,189,204,11.64108
3,190,191,10.0
3,190,205,9.17461
3,191,192,17.49729
3,191,206,15.4371
3,192,193,18.78198
3,192,207,16.61923
3,193,194,11.6586
3,193,208,12.6776
3,194,209,20.95684
3,195,196,18.78198
3,195,210,15.4371
3,196,197,15.4371
3,196,211,16.61923
3,197,198,12.6776
3,197,212,15.4371
3,198,199,13.43844
3,198,213,18.78198
3,199,200,7.01311
3,199,214,17.60281
3,200,201,12.6776
3,200,215,8.38162
3,201,202,7.79826
3,201,216,13.66979
3,202,203,7.01311
3,202,217,7.01311
3,203,204,10.87351
3,203,218,17.49729
3,204,205,16.61923
3,204,219,12.58913
3,205,206,5.24158
3,205,220,13.66979
3,206,207,7.73079
3,206,221,14.3766
3,207,208,9.17461
3,207,222,20.95684
3,208,209,13.43844
3,208,223,13.66979
3,209,224,17.60281
3,210,211,12.60741
3,211,212,13.43844
3,212,213,5.84759
3,213,214,18.78198
3,214,215,12.60741
3,215,216,5.84759
3,216,217,13.66979
3,217,218,5.24158
3,218,219,10.87351
3,219,220,16.36225
3,220,221,15.4371
3,221,222,12.60741
3,222,223,12.58913
3,223,224,11.57408
4,0,1,11.21079
4,0,15,11.34556
4,1,2,8.31132
4,1,16,6.54658
4,2,3,8.31132
4,2,17,8.42543
4,3,4,4.91826
4,3,18,9.65192
4,4,5,4.91826
4,4,19,10.0
4,5,6,7.61297
4,5,20,10.0
4,6,7,8.42543
4,6,21,4.91826
4,7,8,7.50531
4,7,22,9.0701
4,8,9,6.44802
4,8,23,7.99793
4,9,10,6.92787
4,9,24,8.02872
4,10,11,7.61297
4,10,25,5.91477
4,11,12,9.65192
4,11,26,9.0701
4,12,13,10.0
4,12,27,11.34556
4,13,14,9.0701
4,13,28,8.42543
4,14,29,5.32674
4,15,16,6.54658
4,15,30,5.32674
4,16,17,6.27406
4,16,31,5.32674
4,17,18,7.88716
4,17,32,5.82202
4,18,19,9.87433
4,18,33,11.72586
4,19,20,7.50531
4,19,34,6.82596
4,20,21,6.27406
4,20,35,5.82202
4,21,22,4.91826
4,21,36,11.34556
4,22,23,6.17796
4,22,37,10.48396
4,23,24,8.31132
4,23,38,10.48396
4,24,25,6.44802
4,24,39,9.0701
4,25,26,10.0
4,25,40,6.54658
4,26,27,9.52871
4,26,41,7.91771
4,27,28,5.23974
4,27,42,7.99793
4,28,29,10.0
4,28,43,6.17796
4,29,44,7.91771
4,30,31,5.00191
4,30,45,5.00191
4,31,32,5.82202
4,31,46,6.17796
4,32,33,10.48396
4,32,47,5.00191
4,33,34,10.0
4,33,48,7.99793
4,34,35,6.17796
4,34,49,6.44802
4,35,36,9.65192
4,35,50,9.87433
4,36,37,9.0701
4,36,51,10.35494
4,37,38,9.18996
4,37,52,7.50531
4,38,39,9.18996
4,38,53,6.27406
4,39,40,6.82596
4,39,54,11.72586
4,40,41,7.61297
4,40,55,7.88716
4,41,42,6.82596
4,41,56,5.00191
4,42,43,9.52871
4,42,57,10.35494
4,43,44,6.54658
4,43,58,8.31132
4,44,59,9.0701
4,45,46,8.42543
4,45,60,7.99793
4,46,47,7.88716
4,46,61,11.34556
4,47,48,5.82202
4,47,62,11.72586
4,48,49,5.91477
4,48,63,7.99793
4,49,50,10.48396
4,49,64,9.65192
4,50,51,5.82202
4,50,65,6.82596
4,51,52,10.35494
4,51,66,6.17796
4,52,53,4.91826
4,52,67,7.99793
4,53,54,9.18996
4,53,68,9.87433
4,54,55,5.82202
4,54,69,8.02872
4,55,56,10.0
4,55,70,5.00191
4,56,57,9.0701
4,56,71,6.27406
4,57,58,8.31132
4,57,72,11.86398
4,58,59,6.92787
4,58,73,9.0701
4,59,74,9.87433
4,60,61,10.48396
4,60,75,10.48396
4,61,62,6.27406
4,61,76,11.21079
4,62,63,9.18996
4,62,77,6.44802
4,63,64,10.35494
4,63,78,7.50531
4,64,65,6.44802
4,64,79,6.54658
4,65,66,7.50531
4,65,80,6.27406
4,66,67,7.61297
4,66,81,7.99793
4,67,68,6.27406
4,67,82,4.91826
4,68,69,9.65192
4,68,83,5.82202
4,69,70,10.48396
4,69,84,7.88716
4,70,71,5.00191
4,70,85,10.0
4,71,72,11.86398
4,71,86,6.54658
4,72,73,7.91771
4,72,87,9.65192
4,73,74,6.82596
4,73,88,5.32674
4,74,89,4.91826
4,75,76,6.44802
4,75,90,8.42543
4,76,77,6.82596
4,76,91,4.91826
4,77,78,9.87433
4,77,92,7.50531
4,78,79,7.88716
4,78,93,8.31132
4,79,80,8.31132
4,79,94,6.17796
4,80,81,9.65192
4,80,95,9.0701
4,81,82,7.50531
4,81,96,8.42543
4,82,83,11.86398
4,82,97,7.50531
4,83,84,9.87433
4,83,98,5.00191
4,84,85,9.52871
4,84,99,6.82596
4,85,86,8.42543
4,85,100,7.99793
4,86,87,7.61297
4,86,101,8.02872
4,87,88,7.88716
4,87,102,6.82596
4,88,89,10.48396
4,88,103,11.86398
4,89,104,9.52871
4,90,91,4.91826
4,90,105,7.88716
4,91,92,11.21079
4,91,106,5.32674
4,92,93,11.34556
4,92,107,8.31132
4,93,94,11.34556
4,93,108,9.87433
4,94,95,8.31132
4,94,109,6.17796
4,95,96,5.00191
4,95,110,8.31132
4,96,97,9.52871
4,96,111,11.21079
4,97,98,7.99793
4,97,112,6.92787
4,98,99,7.61297
4,98,113,6.54658
4,99,100,9.65192
4,99,114,7.91771
4,100,101,6.44802
4,100,115,6.54658
4,101,102,7.61297
4,101,116,9.18996
4,102,103,5.82202
4,102,117,5.32674
4,103,104,7.88716
4,103,118,7.91771
4,104,119,11.86398
4,105,106,9.52871
4,105,120,10.0
4,106,107,8.31132
4,106,121,9.87433
4,107,108,4.91826
4,107,122,6.82596
4,108,109,5.91477
4,108,123,6.82596
4,109,110,10.35494
4,109,124,6.92787
4,110,111,11.72586
4,110,125,6.82596
4,111,112,9.0701
4,111,126,5.32674
4,112,113,6.44802
4,112,127,6.82596
4,113,114,10.48396
4,113,128,5.23974
4,114,115,9.65192
4,114,129,6.44802
4,115,116,7.61297
4,115,130,8.31132
4,116,117,8.42543
4,116,131,6.27406
4,117,118,11.86398
4,117,132,9.18996
4,118,119,11.72586
4,118,133,11.21079
4,119,134,10.0
4,120,121,9.65192
4,120,135,4.91826
4,121,122,9.65192
4,121,136,6.54658
4,122,123,5.91477
4,122,137,11.21079
4,123,124,7.88716
4,123,138,11.86398
4,124,125,10.0
4,124,139,9.52871
4,125,126,8.31132
4,125,140,6.44802
4,126,127,5.23974
4,126,141,5.91477
4,127,128,7.88716
4,127,142,8.02872
4,128,129,6.92787
4,128,143,11.72586
4,129,130,5.23974
4,129,144,5.82202
4,130,131,7.99793
4,130,145,9.65192
4,131,132,7.99793
4,131,146,5.32674
4,132,133,11.21079
4,132,147,9.87433
4,133,134,7.88716
4,133,148,7.99793
4,134,149,8.02872
4,135,136,7.88716
4,135,150,10.0
4,136,137,9.65192
4,136,151,10.0
4,137,138,9.65192
4,137,152,6.27406
4,138,139,6.44802
4,138,153,7.91771
4,139,140,6.17796
4,139,154,10.0
4,140,141,6.17796
4,140,155,11.21079
4,141,142,5.91477
4,141,156,8.42543
4,142,143,5.23974
4,142,157,5.23974
4,143,144,6.82596
4,143,158,5.82202
4,144,145,6.44802
4,144,159,8.02872
4,145,146,7.88716
4,145,160,6.17796
4,146,147,4.91826
4,146,161,7.61297
4,147,148,11.86398
4,147,162,10.35494
4,148,149,11.72586
4,148,163,4.91826
4,149,164,6.92787
4,150,151,8.42543
4,150,165,8.02872
4,151,152,6.54658
4,151,166,8.42543
4,152,153,5.00191
4,152,167,6.17796
4,153,154,9.52871
4,153,168,10.48396
4,154,155,8.31132
4,154,169,5.23974
4,155,156,6.44802
4,155,170,11.72586
4,156,157,7.88716
4,156,171,5.23974
4,157,158,7.61297
4,157,172,5.23974
4,158,159,11.86398
4,158,173,5.91477
4,159,160,6.17796
4,159,174,9.0701
4,160,161,10.0
4,160,175,11.34556
4,161,162,5.32674
4,161,176,6.27406
4,162,163,6.92787
4,162,177,11.86398
4,163,164,10.0
4,163,178,5.00191
4,164,179,6.44802
4,165,166,6.92787
4,165,180,10.48396
4,166,167,11.21079
4,166,181,5.82202
4,167,168,5.82202
4,167,182,8.42543
4,168,169,11.21079
4,168,183,6.27406
4,169,170,11.72586
4,169,184,7.88716
4,170,171,5.23974
4,170,185,6.17796
4,171,172,9.52871
4,171,186,5.82202
4,172,173,5.82202
4,172,187,9.0701
4,173,174,7.91771
4,173,188,6.17796
4,174,175,10.48396
4,174,189,5.91477
4,175,176,11.21079
4,175,190,8.31132
4,176,177,8.02872
4,176,191,11.72586
4,177,178,7.61297
4,177,192,11.21079
4,178,179,7.88716
4,178,193,5.00191
4,179,194,5.23974
4,180,181,7.99793
4,180,195,8.02872
4,181,182,11.21079
4,181,196,7.50531
4,182,183,5.32674
4,182,197,9.87433
4,183,184,11.21079
4,183,198,8.02872
4,184,185,8.02872
4,184,199,8.42543
4,185,186,10.35494
4,185,200,5.91477
4,186,187,10.0
4,186,201,7.50531
4,187,188,8.02872
4,187,202,8.31132
4,188,189,5.00191
4,188,203,7.99793
4,189,190,7.50531
4,189,204,7.88716
4,190,191,10.0
4,190,205,6.27406
4,191,192,5.23974
4,191,206,6.92787
4,192,193,7.91771
4,192,207,6.44802
4,193,194,11.86398
4,193,208,11.21079
4,194,209,10.35494
4,195,196,7.91771
4,195,210,6.92787
4,196,197,6.92787
4,196,211,6.44802
4,197,198,11.21079
4,197,212,6.92787
4,198,199,9.52871
4,198,213,7.91771
4,199,200,7.99793
4,199,214,11.72586
4,200,201,11.21079
4,200,215,9.65192
4,201,202,11.34556
4,201,216,7.50531
4,202,203,7.99793
4,202,217,7.99793
4,203,204,6.54658
4,203,218,5.23974
4,204,205,6.44802
4,204,219,4.91826
4,205,206,9.18996
4,205,220,7.50531
4,206,207,5.00191
4,206,221,10.48396
4,207,208,6.27406
4,207,222,10.35494
4,208,209,9.52871
4,208,223,7.50531
4,209,224,11.72586
4,210,211,8.02872
4,211,212,9.52871
4,212,213,5.91477
4,213,214,7.91771
4,214,215,8.02872
4,215,216,5.91477
4,216,217,7.50531
4,217,218,9.18996
4,218,219,6.54658
4,219,220,8.31132
4,220,221,6.92787
4,221,222,8.02872
4,222,223,4.91826
4,223,224,5.32674
5,0,1,5.63724
5,0,15,5.62954
5,1,2,10.71954
5,1,16,7.30161
5,2,3,10.71954
5,2,17,10.70839
5,3,4,4.60435
5,3,18,6.14139
5,4,5,4.60435
5,4,19,10.0
5,5,6,3.76203
5,5,20,10.0
5,6,7,10.70839
5,6,21,4.60435
5,7,8,3.76798
5,7,22,3.37113
5,8,9,7.3106
5,8,23,6.69501
5,9,10,11.4957
5,9,24,6.71852
5,10,11,3.76203
5,10,25,2.09906
5,11,12,6.14139
5,11,26,3.37113
5,12,13,10.0
5,12,27,5.62954
5,13,14,3.37113
5,13,28,10.70839
5,14,29,7.89656
5,15,16,7.30161
5,15,30,7.89656
5,16,17,4.16045
5,16,31,7.89656
5,17,18,6.70356
5,17,32,2.10281
5,18,19,10.01074
5,18,33,9.31071
5,19,20,3.76798
5,19,34,11.50729
5,20,21,4.16045
5,20,35,2.10281
5,21,22,4.60435
5,21,36,5.62954
5,22,23,4.16681
5,22,37,14.90846
5,23,24,10.71954
5,23,38,14.90846
5,24,25,7.3106
5,24,39,3.37113
5,25,26,10.0
5,25,40,7.30161
5,26,27,6.14951
5,26,41,6.72708
5,27,28,7.90595
5,27,42,6.69501
5,28,29,10.0
5,28,43,4.16681
5,29,44,6.72708
5,30,31,4.59756
5,30,45,4.59756
5,31,32,2.10281
5,31,46,4.16681
5,32,33,14.90846
5,32,47,4.59756
5,33,34,10.0
5,33,48,6.69501
5,34,35,4.16681
5,34,49,7.3106
5,35,36,6.14139
5,35,50,10.01074
5,36,37,3.37113
5,36,51,14.92181
5,37,38,3.36562
5,37,52,3.76798
5,38,39,3.36562
5,38,53,4.16045
5,39,40,11.50729
5,39,54,9.31071
5,40,41,3.76203
5,40,55,6.70356
5,41,42,11.50729
5,41,56,4.59756
5,42,43,6.14951
5,42,57,14.92181
5,43,44,7.30161
5,43,58,10.71954
5,44,59,3.37113
5,45,46,10.70839
5,45,60,6.69501
5,46,47,6.70356
5,46,61,5.62954
5,47,48,2.10281
5,47,62,9.31071
5,48,49,2.09906
5,48,63,6.69501
5,49,50,14.90846
5,49,64,6.14139
5,50,51,2.10281
5,50,65,11.50729
5,51,52,14.92181
5,51,66,4.16681
5,52,53,4.60435
5,52,67,6.69501
5,53,54,3.36562
5,53,68,10.01074
5,54,55,2.10281
5,54,69,6.71852
5,55,56,10.0
5,55,70,4.59756
5,56,57,3.37113
5,56,71,4.16045
5,57,58,10.71954
5,57,72,9.3004
5,58,59,11.4957
5,58,73,3.37113
5,59,74,10.01074
5,60,61,14.90846
5,60,75,14.90846
5,61,62,4.16045
5,61,76,5.63724
5,62,63,3.36562
5,62,77,7.3106
5,63,64,14.92181
5,63,78,3.76798
5,64,65,7.3106
5,64,79,7.30161
5,65,66,3.76798
5,65,80,4.16045
5,66,67,3.76203
5,66,81,6.69501
5,67,68,4.16045
5,67,82,4.60435
5,68,69,6.14139
5,68,83,2.10281
5,69,70,14.90846
5,69,84,6.70356
5,70,71,4.59756
5,70,85,10.0
5,71,72,9.3004
5,71,86,7.30161
5,72,73,6.72708
5,72,87,6.14139
5,73,74,11.50729
5,73,88,7.89656
5,74,89,4.60435
5,75,76,7.3106
5,75,90,10.70839
5,76,77,11.50729
5,76,91,4.60435
5,77,78,10.01074
5,77,92,3.76798
5,78,79,6.70356
5,78,93,10.71954
5,79,80,10.71954
5,79,94,4.16681
5,80,81,6.14139
5,80,95,3.37113
5,81,82,3.76798
5,81,96,10.70839
5,82,83,9.3004
5,82,97,3.76798
5,83,84,10.01074
5,83,98,4.59756
5,84,85,6.14951
5,84,99,11.50729
5,85,86,10.70839
5,85,100,6.69501
5,86,87,3.76203
5,86,101,6.71852
5,87,88,6.70356
5,87,102,11.50729
5,88,89,14.90846
5,88,103,9.3004
5,89,104,6.14951
5,90,91,4.60435
5,90,105,6.70356
5,91,92,5.63724
5,91,106,7.89656
5,92,93,5.62954
5,92,107,10.71954
5,93,94,5.62954
5,93,108,10.01074
5,94,95,10.71954
5,94,109,4.16681
5,95,96,4.59756
5,95,110,10.71954
5,96,97,6.14951
5,96,111,5.63724
5,97,98,6.69501
5,97,112,11.4957
5,98,99,3.76203
5,98,113,7.30161
5,99,100,6.14139
5,99,114,6.72708
5,100,101,7.3106
5,100,115,7.30161
5,101,102,3.76203
5,101,116,3.36562
5,102,103,2.10281
5,102,117,7.89656
5,103,104,6.70356
5,103,118,6.72708
5,104,119,9.3004
5,105,106,6.14951
5,105,120,10.0
5,106,107,10.71954
5,106,121,10.01074
5,107,108,4.60435
5,107,122,11.50729
5,108,109,2.09906
5,108,123,11.50729
5,109,110,14.92181
5,109,124,11.4957
5,110,111,9.31071
5,110,125,11.50729
5,111,112,3.37113
5,111,126,7.89656
5,112,113,7.3106
5,112,127,11.50729
5,113,114,14.90846
5,113,128,7.90595
5,114,115,6.14139
5,114,129,7.3106
5,115,116,3.76203
5,115,130,10.71954
5,116,117,10.70839
5,116,131,4.16045
5,117,118,9.3004
5,117,132,3.36562
5,118,119,9.31071
5,118,133,5.63724
5,119,134,10.0
5,120,121,6.14139
5,120,135,4.60435
5,121,122,6.14139
5,121,136,7.30161
5,122,123,2.09906
5,122,137,5.63724
5,123,124,6.70356
5,123,138,9.3004
5,124,125,10.0
5,124,139,6.14951
5,125,126,10.71954
5,125,140,7.3106
5,126,127,7.90595
5,126,141,2.09906
5,127,128,6.70356
5,127,142,6.71852
5,128,129,11.4957
5,128,143,9.31071
5,129,130,7.90595
5,129,144,2.10281
5,130,131,6.69501
5,130,145,6.14139
5,131,132,6.69501
5,131,146,7.89656
5,132,133,5.63724
5,132,147,10.01074
5,133,134,6.70356
5,133,148,6.69501
5,134,149,6.71852
5,135,136,6.70356
5,135,150,10.0
5,136,137,6.14139
5,136,151,10.0
5,137,138,6.14139
5,137,152,4.16045
5,138,139,7.3106
5,138,153,6.72708
5,139,140,4.16681
5,139,154,10.0
5,140,141,4.16681
5,140,155,5.63724
5,141,142,2.09906
5,141,156,10.70839
5,142,143,7.90595
5,142,157,7.90595
5,143,144,11.50729
5,143,158,2.10281
5,144,145,7.3106
5,144,159,6.71852
5,145,146,6.70356
5,145,160,4.16681
5,146,147,4.60435
5,146,161,3.76203
5,147,148,9.3004
5,147,162,14.92181
5,148,149,9.31071
5,148,163,4.60435
5,149,164,11.4957
5,150,151,10.70839
5,150,165,6.71852
5,151,152,7.30161
5,151,166,10.70839
5,152,153,4.59756
5,152,167,4.16681
5,153,154,6.14951
5,153,168,14.90846
5,154,155,10.71954
5,154,169,7.90595
5,155,156,7.3106
5,155,170,9.31071
5,156,157,6.70356
5,156,171,7.90595
5,157,158,3.76203
5,157,172,7.90595
5,158,159,9.3004
5,158,173,2.09906
5,159,160,4.16681
5,159,174,3.37113
5,160,161,10.0
5,160,175,5.62954
5,161,162,7.89656
5,161,176,4.16045
5,162,163,11.4957
5,162,177,9.3004
5,163,164,10.0
5,163,178,4.59756
5,164,179,7.3106
5,165,166,11.4957
5,165,180,14.90846
5,166,167,5.63724
5,166,181,2.10281
5,167,168,2.10281
5,167,182,10.70839
5,168,169,5.63724
5,168,183,4.16045
5,169,170,9.31071
5,169,184,6.70356
5,170,171,7.90595
5,170,185,4.16681
5,171,172,6.14951
5,171,186,2.10281
5,172,173,2.10281
5,172,187,3.37113
5,173,174,6.72708
5,173,188,4.16681
5,174,175,14.90846
5,174,189,2.09906
5,175,176,5.63724
5,175,190,10.71954
5,176,177,6.71852
5,176,191,9.31071
5,177,178,3.76203
5,177,192,5.63724
5,178,179,6.70356
5,178,193,4.59756
5,179,194,7.90595
5,180,181,6.69501
5,180,195,6.71852
5,181,182,5.63724
5,181,196,3.76798
5,182,183,7.89656
5,182,197,10.01074
5,183,184,5.63724
5,183,198,6.71852
5,184,185,6.71852
5,184,199,10.70839
5,185,186,14.92181
5,185,200,2.09906
5,186,187,10.0
5,186,201,3.76798
5,187,188,6.71852
5,187,202,10.71954
5,188,189,4.59756
5,188,203,6.69501
5,189,190,3.76798
5,189,204,6.70356
5,190,191,10.0
5,190,205,4.16045
5,191,192,7.90595
5,191,206,11.4957
5,192,193,6.72708
5,192,207,7.3106
5,193,194,9.3004
5,193,208,5.63724
5,194,209,14.92181
5,195,196,6.72708
5,195,210,11.4957
5,196,197,11.4957
5,196,211,7.3106
5,197,198,5.63724
5,197,212,11.4957
5,198,199,6.14951
5,198,213,6.72708
5,199,200,6.69501
5,199,214,9.31071
5,200,201,5.63724
5,200,215,6.14139
5,201,202,5.62954
5,201,216,3.76798
5,202,203,6.69501
5,202,217,6.69501
5,203,204,7.30161
5,203,218,7.90595
5,204,205,7.3106
5,204,219,4.60435
5,205,206,3.36562
5,205,220,3.76798
5,206,207,4.59756
5,206,221,14.90846
5,207,208,4.16045
5,207,222,14.92181
5,208,209,6.14951
5,208,223,3.76798
5,209,224,9.31071
5,210,211,6.71852
5,211,212,6.14951
5,212,213,2.09906
5,213,214,6.72708
5,214,215,6.71852
5,215,216,2.09906
5,216,217,3.76798
5,217,218,3.36562
5,218,219,7.30161
5,219,220,10.71954
5,220,221,11.4957
5,221,222,6.71852
5,222,223,4.60435
5,223,224,7.89656
6,0,1,12.19967
6,0,15,7.99083
6,1,2,25.76738
6,1,16,10.65829
6,2,3,25.76738
6,2,17,19.26803
6,3,4,21.43111
6,3,18,16.35174
6,4,5,21.43111
6,4,19,10.0
6,5,6,8.57238
6,5,20,10.0
6,6,7,19.26803
6,6,21,21.43111
6,7,8,12.93267
6,7,22,17.45372
6,8,9,15.51878
6,8,23,14.76208
6,9,10,14.48477
6,9,24,11.99705
6,10,11,8.57238
6,10,25,12.98215
6,11,12,16.35174
6,11,26,17.45372
6,12,13,10.0
6,12,27,7.99083
6,13,14,17.45372
6,13,28,19.26803
6,14,29,20.20096
6,15,16,10.65829
6,15,30,20.20096
6,16,17,17.20794
6,16,31,20.20096
6,17,18,20.4684
6,17,32,18.3397
6,18,19,14.70904
6,18,33,16.29572
6,19,20,12.93267
6,19,34,20.1383
6,20,21,17.20794
6,20,35,18.3397
6,21,22,21.43111
6,21,36,7.99083
6,22,23,23.35853
6,22,37,13.70483
6,23,24,25.76738
6,23,38,13.70483
6,24,25,15.51878
6,24,39,17.45372
6,25,26,10.0
6,25,40,10.65829
6,26,27,22.35089
6,26,41,17.15037
6,27,28,26.85176
6,27,42,14.76208
6,28,29,10.0
6,28,43,23.35853
6,29,44,17.15037
6,30,31,15.57336
6,30,45,15.57336
6,31,32,18.3397
6,31,46,23.35853
6,32,33,13.70483
6,32,47,15.57336
6,33,34,10.0
6,33,48,14.76208
6,34,35,23.35853
6,34,49,15.51878
6,35,36,16.35174
6,35,50,14.70904
6,36,37,17.45372
6,36,51,19.20691
6,37,38,12.24761
6,37,52,12.93267
6,38,39,12.24761
6,38,53,17.20794
6,39,40,20.1383
6,39,54,16.29572
6,40,41,8.57238
6,40,55,20.4684
6,41,42,20.1383
6,41,56,15.57336
6,42,43,22.35089
6,42,57,19.20691
6,43,44,10.65829
6,43,58,25.76738
6,44,59,17.45372
6,45,46,19.26803
6,45,60,14.76208
6,46,47,20.4684
6,46,61,7.99083
6,47,48,18.3397
6,47,62,16.29572
6,48,49,12.98215
6,48,63,14.76208
6,49,50,13.70483
6,49,64,16.35174
6,50,51,18.3397
6,50,65,20.1383
6,51,52,19.20691
6,51,66,23.35853
6,52,53,21.43111
6,52,67,14.76208
6,53,54,12.24761
6,53,68,14.70904
6,54,55,18.3397
6,54,69,11.99705
6,55,56,10.0
6,55,70,15.57336
6,56,57,17.45372
6,56,71,17.20794
6,57,58,25.76738
6,57,72,11.29384
6,58,59,14.48477
6,58,73,17.45372
6,59,74,14.70904
6,60,61,13.70483
6,60,75,13.70483
6,61,62,17.20794
6,61,76,12.19967
6,62,63,12.24761
6,62,77,15.51878
6,63,64,19.20691
6,63,78,12.93267
6,64,65,15.51878
6,64,79,10.65829
6,65,66,12.93267
6,65,80,17.20794
6,66,67,8.57238
6,66,81,14.76208
6,67,68,17.20794
6,67,82,21.43111
6,68,69,16.35174
6,68,83,18.3397
6,69,70,13.70483
6,69,84,20.4684
6,70,71,15.57336
6,70,85,10.0
6,71,72,11.29384
6,71,86,10.65829
6,72,73,17.15037
6,72,87,16.35174
6,73,74,20.1383
6,73,88,20.20096
6,74,89,21.43111
6,75,76,15.51878
6,75,90,19.26803
6,76,77,20.1383
6,76,91,21.43111
6,77,78,14.70904
6,77,92,12.93267
6,78,79,20.4684
6,78,93,25.76738
6,79,80,25.76738
6,79,94,23.35853
6,80,81,16.35174
6,80,95,17.45372
6,81,82,12.93267
6,81,96,19.26803
6,82,83,11.29384
6,82,97,12.93267
6,83,84,14.70904
6,83,98,15.57336
6,84,85,22.35089
6,84,99,20.1383
6,85,86,19.26803
6,85,100,14.76208
6,86,87,8.57238
6,86,101,11.99705
6,87,88,20.4684
6,87,102,20.1383
6,88,89,13.70483
6,88,103,11.29384
6,89,104,22.35089
6,90,91,21.43111
6,90,105,20.4684
6,91,92,12.19967
6,91,106,20.20096
6,92,93,7.99083
6,92,107,25.76738
6,93,94,7.99083
6,93,108,14.70904
6,94,95,25.76738
6,94,109,23.35853
6,95,96,15.57336
6,95,110,25.76738
6,96,97,22.35089
6,96,111,12.19967
6,97,98,14.76208
6,97,112,14.48477
6,98,99,8.57238
6,98,113,10.65829
6,99,100,16.35174
6,99,114,17.15037
6,100,101,15.51878
6,100,115,10.65829
6,101,102,8.57238
6,101,116,12.24761
6,102,103,18.3397
6,102,117,20.20096
6,103,104,20.4684
6,103,118,17.15037
6,104,119,11.29384
6,105,106,22.35089
6,105,120,10.0
6,106,107,25.76738
6,106,121,14.70904
6,107,108,21.43111
6,107,122,20.1383
6,108,109,12.98215
6,108,123,20.1383
6,109,110,19.20691
6,109,124,14.48477
6,110,111,16.29572
6,110,125,20.1383
6,111,112,17.45372
6,111,126,20.20096
6,112,113,15.51878
6,112,127,20.1383
6,113,114,13.70483
6,113,128,26.85176
6,114,115,16.35174
6,114,129,15.51878
6,115,116,8.57238
6,115,130,25.76738
6,116,117,19.26803
6,116,131,17.20794
6,117,118,11.29384
6,117,132,12.24761
6,118,119,16.29572
6,118,133,12.19967
6,119,134,10.0
6,120,121,16.35174
6,120,135,21.43111
6,121,122,16.35174
6,121,136,10.65829
6,122,123,12.98215
6,122,137,12.19967
6,123,124,20.4684
6,123,138,11.29384
6,124,125,10.0
6,124,139,22.35089
6,125,126,25.76738
6,125,140,15.51878
6,126,127,26.85176
6,126,141,12.98215
6,127,128,20.4684
6,127,142,11.99705
6,128,129,14.48477
6,128,143,16.29572
6,129,130,26.85176
6,129,144,18.3397
6,130,131,14.76208
6,130,145,16.35174
6,131,132,14.76208
6,131,146,20.20096
6,132,133,12.19967
6,132,147,14.70904
6,133,134,20.4684
6,133,148,14.76208
6,134,149,11.99705
6,135,136,20.4684
6,135,150,10.0
6,136,137,16.35174
6,136,151,10.0
6,137,138,16.35174
6,137,152,17.20794
6,138,139,15.51878
6,138,153,17.15037
6,139,140,23.35853
6,139,154,10.0
6,140,141,23.35853
6,140,155,12.19967
6,141,142,12.98215
6,141,156,19.26803
6,142,143,26.85176
6,142,157,26.85176
6,143,144,20.1383
6,143,158,18.3397
6,144,145,15.51878
6,144,159,11.99705
6,145,146,20.4684
6,145,160,23.35853
6,146,147,21.43111
6,146,161,8.57238
6,147,148,11.29384
6,147,162,19.20691
6,148,149,16.29572
6,148,163,21.43111
6,149,164,14.48477
6,150,151,19.26803
6,150,165,11.99705
6,151,152,10.65829
6,151,166,19.26803
6,152,153,15.57336
6,152,167,23.35853
6,153,154,22.35089
6,153,168,13.70483
6,154,155,25.76738
6,154,169,26.85176
6,155,156,15.51878
6,155,170,16.29572
6,156,157,20.4684
6,156,171,26.85176
6,157,158,8.57238
6,157,172,26.85176
6,158,159,11.29384
6,158,173,12.98215
6,159,160,23.35853
6,159,174,17.45372
6,160,161,10.0
6,160,175,7.99083
6,161,162,20.20096
6,161,176,17.20794
6,162,163,14.48477
6,162,177,11.29384
6,163,164,10.0
6,163,178,15.57336
6,164,179,15.51878
6,165,166,14.48477
6,165,180,13.70483
6,166,167,12.19967
6,166,181,18.3397
6,167,168,18.3397
6,167,182,19.26803
6,168,169,12.19967
6,168,183,17.20794
6,169,170,16.29572
6,169,184,20.4684
6,170,171,26.85176
6,170,185,23.35853
6,171,172,22.35089
6,171,186,18.3397
6,172,173,18.3397
6,172,187,17.45372
6,173,174,17.15037
6,173,188,23.35853
6,174,175,13.70483
6,174,189,12.98215
6,175,176,12.19967
6,175,190,25.76738
6,176,177,11.99705
6,176,191,16.29572
6,177,178,8.57238
6,177,192,12.19967
6,178,179,20.4684
6,178,193,15.57336
6,179,194,26.85176
6,180,181,14.76208
6,180,195,11.99705
6,181,182,12.19967
6,181,196,12.93267
6,182,183,20.20096
6,182,197,14.70904
6,183,184,12.19967
6,183,198,11.99705
6,184,185,11.99705
6,184,199,19.26803
6,185,186,19.20691
6,185,200,12.98215
6,186,187,10.0
6,186,201,12.93267
6,187,188,11.99705
6,187,202,25.76738
6,188,189,15.57336
6,188,203,14.76208
6,189,190,12.93267
6,189,204,20.4684
6,190,191,10.0
6,190,205,17.20794
6,191,192,26.85176
6,191,206,14.48477
6,192,193,17.15037
6,192,207,15.51878
6,193,194,11.29384
6,193,208,12.19967
6,194,209,19.20691
6,195,196,17.15037
6,195,210,14.48477
6,196,197,14.48477
6,196,211,15.51878
6,197,198,12.19967
6,197,212,14.48477
6,198,199,22.35089
6,198,213,17.15037
6,199,200,14.76208
6,199,214,16.29572
6,200,201,12.19967
6,200,215,16.35174
6,201,202,7.99083
6,201,216,12.93267
6,202,203,14.76208
6,202,217,14.76208
6,203,204,10.65829
6,203,218,26.85176
6,204,205,15.51878
6,204,219,21.43111
6,205,206,12.24761
6,205,220,12.93267
6,206,207,15.57336
6,206,221,13.70483
6,207,208,17.20794
6,207,222,19.20691
6,208,209,22.35089
6,208,223,12.93267
6,209,224,16.29572
6,210,211,11.99705
6,211,212,22.35089
6,212,213,12.98215
6,213,214,17.15037
6,214,215,11.99705
6,215,216,12.98215
6,216,217,12.93267
6,217,218,12.24761
6,218,219,10.65829
6,219,220,25.76738
6,220,221,14.48477
6,221,222,11.99705
6,222,223,21.43111
6,223,224,20.20096
7,0,1,16.99976
7,0,15,13.49529
7,1,2,9.66508
7,1,16,14.0095
7,2,3,9.66508
7,2,17,7.1432
7,3,4,18.29132
7,3,18,10.08068
7,4,5,18.29132
7,4,19,10.0
7,5,6,18.15398
7,5,20,10.0
7,6,7,7.1432
7,6,21,18.29132
7,7,8,22.22296
7,7,22,17.6977
7,8,9,17.58095
7,8,23,10.52532
7,9,10,9.99463
7,9,24,13.48897
7,10,11,18.15398
7,10,25,18.87639
7,11,12,10.08068
7,11,26,17.6977
7,12,13,10.0
7,12,27,13.49529
7,13,14,17.6977
7,13,28,7.1432
7,14,29,10.5198
7,15,16,14.0095
7,15,30,10.5198
7,16,17,14.10647
7,16,31,10.5198
7,17,18,13.61254
7,17,32,23.02566
7,18,19,13.00693
7,18,33,12.50706
7,19,20,22.22296
7,19,34,13.00074
7,20,21,14.10647
7,20,35,23.02566
7,21,22,18.29132
7,21,36,13.49529
7,22,23,17.69039
7,22,37,6.7228
7,23,24,9.66508
7,23,38,6.7228
7,24,25,17.58095
7,24,39,17.6977
7,25,26,10.0
7,25,40,14.0095
7,26,27,13.10009
7,26,41,16.9926
7,27,28,13.60619
7,27,42,10.52532
7,28,29,10.0
7,28,43,17.69039
7,29,44,16.9926
7,30,31,14.63959
7,30,45,14.63959
7,31,32,23.02566
7,31,46,17.69039
7,32,33,6.7228
7,32,47,14.63959
7,33,34,10.0
7,33,48,10.52532
7,34,35,17.69039
7,34,49,17.58095
7,35,36,10.08068
7,35,50,13.00693
7,36,37,17.6977
7,36,51,9.16439
7,37,38,14.11294
7,37,52,22.22296
7,38,39,14.11294
7,38,53,14.10647
7,39,40,13.00074
7,39,54,12.50706
7,40,41,18.15398
7,40,55,13.61254
7,41,42,13.00074
7,41,56,14.63959
7,42,43,13.10009
7,42,57,9.16439
7,43,44,14.0095
7,43,58,9.66508
7,44,59,17.6977
7,45,46,7.1432
7,45,60,10.52532
7,46,47,13.61254
7,46,61,13.49529
7,47,48,23.02566
7,47,62,12.50706
7,48,49,18.87639
7,48,63,10.52532
7,49,50,6.7228
7,49,64,10.08068
7,50,51,23.02566
7,50,65,13.00074
7,51,52,9.16439
7,51,66,17.69039
7,52,53,18.29132
7,52,67,10.52532
7,53,54,14.11294
7,53,68,13.00693
7,54,55,23.02566
7,54,69,13.48897
7,55,56,10.0
7,55,70,14.63959
7,56,57,17.6977
7,56,71,14.10647
7,57,58,9.66508
7,57,72,9.56794
7,58,59,9.99463
7,58,73,17.6977
7,59,74,13.00693
7,60,61,6.7228
7,60,75,6.7228
7,61,62,14.10647
7,61,76,16.99976
7,62,63,14.11294
7,62,77,17.58095
7,63,64,9.16439
7,63,78,22.22296
7,64,65,17.58095
7,64,79,14.0095
7,65,66,22.22296
7,65,80,14.10647
7,66,67,18.15398
7,66,81,10.52532
7,67,68,14.10647
7,67,82,18.29132
7,68,69,10.08068
7,68,83,23.02566
7,69,70,6.7228
7,69,84,13.61254
7,70,71,14.63959
7,70,85,10.0
7,71,72,9.56794
7,71,86,14.0095
7,72,73,16.9926
7,72,87,10.08068
7,73,74,13.00074
7,73,88,10.5198
7,74,89,18.29132
7,75,76,17.58095
7,75,90,7.1432
7,76,77,13.00074
7,76,91,18.29132
7,77,78,13.00693
7,77,92,22.22296
7,78,79,13.61254
7,78,93,9.66508
7,79,80,9.66508
7,79,94,17.69039
7,80,81,10.08068
7,80,95,17.6977
7,81,82,22.22296
7,81,96,7.1432
7,82,83,9.56794
7,82,97,22.22296
7,83,84,13.00693
7,83,98,14.63959
7,84,85,13.10009
7,84,99,13.00074
7,85,86,7.1432
7,85,100,10.52532
7,86,87,18.15398
7,86,101,13.48897
7,87,88,13.61254
7,87,102,13.00074
7,88,89,6.7228
7,88,103,9.56794
7,89,104,13.10009
7,90,91,18.29132
7,90,105,13.61254
7,91,92,16.99976
7,91,106,10.5198
7,92,93,13.49529
7,92,107,9.66508
7,93,94,13.49529
7,93,108,13.00693
7,94,95,9.66508
7,94,109,17.69039
7,95,96,14.63959
7,95,110,9.66508
7,96,97,13.10009
7,96,111,16.99976
7,97,98,10.52532
7,97,112,9.99463
7,98,99,18.15398
7,98,113,14.0095
7,99,100,10.08068
7,99,114,16.9926
7,100,101,17.58095
7,100,115,14.0095
7,101,102,18.15398
7,101,116,14.11294
7,102,103,23.02566
7,102,117,10.5198
7,103,104,13.61254
7,103,118,16.9926
7,104,119,9.56794
7,105,106,13.10009
7,105,120,10.0
7,106,107,9.66508
7,106,121,13.00693
7,107,108,18.29132
7,107,122,13.00074
7,108,109,18.87639
7,108,123,13.00074
7,109,110,9.16439
7,109,124,9.99463
7,110,111,12.50706
7,110,125,13.00074
7,111,112,17.6977
7,111,126,10.5198
7,112,113,17.58095
7,112,127,13.00074
7,113,114,6.7228
7,113,128,13.60619
7,114,115,10.08068
7,114,129,17.58095
7,115,116,18.15398
7,115,130,9.66508
7,116,117,7.1432
7,116,131,14.10647
7,117,118,9.56794
7,117,132,14.11294
7,118,119,12.50706
7,118,133,16.99976
7,119,134,10.0
7,120,121,10.08068
7,120,135,18.29132
7,121,122,10.08068
7,121,136,14.0095
7,122,123,18.87639
7,122,137,16.99976
7,123,124,13.61254
7,123,138,9.56794
7,124,125,10.0
7,124,139,13.10009
7,125,126,9.66508
7,125,140,17.58095
7,126,127,13.60619
7,126,141,18.87639
7,127,128,13.61254
7,127,142,13.48897
7,128,129,9.99463
7,128,143,12.50706
7,129,130,13.60619
7,129,144,23.02566
7,130,131,10.52532
7,130,145,10.08068
7,131,132,10.52532
7,131,146,10.5198
7,132,133,16.99976
7,132,147,13.00693
7,133,134,13.61254
7,133,148,10.52532
7,134,149,13.48897
7,135,136,13.61254
7,135,150,10.0
7,136,137,10.08068
7,136,151,10.0
7,137,138,10.08068
7,137,152,14.10647
7,138,139,17.58095
7,138,153,16.9926
7,139,140,17.69039
7,139,154,10.0
7,140,141,17.69039
7,140,155,16.99976
7,141,142,18.87639
7,141,156,7.1432
7,142,143,13.60619
7,142,157,13.60619
7,143,144,13.00074
7,143,158,23.02566
7,144,145,17.58095
7,144,159,13.48897
7,145,146,13.61254
7,145,160,17.69039
7,146,147,18.29132
7,146,161,18.15398
7,147,148,9.56794
7,147,162,9.16439
7,148,149,12.50706
7,148,163,18.29132
7,149,164,9.99463
7,150,151,7.1432
7,150,165,13.48897
7,151,152,14.0095
7,151,166,7.1432
7,152,153,14.63959
7,152,167,17.69039
7,153,154,13.10009
7,153,168,6.7228
7,154,155,9.66508
7,154,169,13.60619
7,155,156,17.58095
7,155,170,12.50706
7,156,157,13.61254
7,156,171,13.60619
7,157,158,18.15398
7,157,172,13.60619
7,158,159,9.56794
7,158,173,18.87639
7,159,160,17.69039
7,159,174,17.6977
7,160,161,10.0
7,160,175,13.49529
7,161,162,10.5198
7,161,176,14.10647
7,162,163,9.99463
7,162,177,9.56794
7,163,164,10.0
7,163,178,14.63959
7,164,179,17.58095
7,165,166,9.99463
7,165,180,6.7228
7,166,167,16.99976
7,166,181,23.02566
7,167,168,23.02566
7,167,182,7.1432
7,168,169,16.99976
7,168,183,14.10647
7,169,170,12.50706
7,169,184,13.61254
7,170,171,13.60619
7,170,185,17.69039
7,171,172,13.10009
7,171,186,23.02566
7,172,173,23.02566
7,172,187,17.6977
7,173,174,16.9926
7,173,188,17.69039
7,174,175,6.7228
7,174,189,18.87639
7,175,176,16.99976
7,175,190,9.66508
7,176,177,13.48897
7,176,191,12.50706
7,177,178,18.15398
7,177,192,16.99976
7,178,179,13.61254
7,178,193,14.63959
7,179,194,13.60619
7,180,181,10.52532
7,180,195,13.48897
7,181,182,16.99976
7,181,196,22.22296
7,182,183,10.5198
7,182,197,13.00693
7,183,184,16.99976
7,183,198,13.48897
7,184,185,13.48897
7,184,199,7.1432
7,185,186,9.16439
7,185,200,18.87639
7,186,187,10.0
7,186,201,22.22296
7,187,188,13.48897
7,187,202,9.66508
7,188,189,14.63959
7,188,203,10.52532
7,189,190,22.22296
7,189,204,13.61254
7,190,191,10.0
7,190,205,14.10647
7,191,192,13.60619
7,191,206,9.99463
7,192,193,16.9926
7,192,207,17.58095
7,193,194,9.56794
7,193,208,16.99976
7,194,209,9.16439
7,195,196,16.9926
7,195,210,9.99463
7,196,197,9.99463
7,196,211,17.58095
7,197,198,16.99976
7,197,212,9.99463
7,198,199,13.10009
7,198,213,16.9926
7,199,200,10.52532
7,199,214,12.50706
7,200,201,16.99976
7,200,215,10.08068
7,201,202,13.49529
7,201,216,22.22296
7,202,203,10.52532
7,202,217,10.52532
7,203,204,14.0095
7,203,218,13.60619
7,204,205,17.58095
7,204,219,18.29132
7,205,206,14.11294
7,205,220,22.22296
7,206,207,14.63959
7,206,221,6.7228
7,207,208,14.10647
7,207,222,9.16439
7,208,209,13.10009
7,208,223,22.22296
7,209,224,12.50706
7,210,211,13.48897
7,211,212,13.10009
7,212,213,18.87639
7,213,214,16.9926
7,214,215,13.48897
7,215,216,18.87639
7,216,217,22.22296
7,217,218,14.11294
7,218,219,14.0095
7,219,220,9.66508
7,220,221,9.99463
7,221,222,13.48897
7,222,223,18.29132
7,223,224,10.5198
8,0,1,3.96327
8,0,15,6.65666
8,1,2,8.07385
8,1,16,10.39876
8,2,3,8.07385
8,2,17,12.00002
8,3,4,7.43705
8,3,18,8.26303
8,4,5,7.43705
8,4,19,10.0
8,5,6,6.97369
8,5,20,10.0
8,6,7,12.00002
8,6,21,7.43705
8,7,8,4.19393
8,7,22,4.42164
8,8,9,6.80224
8,8,23,10.78658
8,9,10,11.58863
8,9,24,7.92948
8,10,11,6.97369
8,10,25,7.61757
8,11,12,8.26303
8,11,26,4.42164
8,12,13,10.0
8,12,27,6.65666
8,13,14,4.42164
8,13,28,12.00002
8,14,29,12.44041
8,15,16,10.39876
8,15,30,12.44041
8,16,17,8.62169
8,16,31,12.44041
8,17,18,7.10779
8,17,32,4.66917
8,18,19,6.48985
8,18,33,4.64693
8,19,20,4.19393
8,19,34,7.74472
8,20,21,8.62169
8,20,35,4.66917
8,21,22,7.43705
8,21,36,6.65666
8,22,23,5.42591
8,22,37,11.16511
8,23,24,8.07385
8,23,38,11.16511
8,24,25,6.80224
8,24,39,4.42164
8,25,26,10.0
8,25,40,10.39876
8,26,27,5.15362
8,26,41,4.90234
8,27,28,8.42786
8,27,42,10.78658
8,28,29,10.0
8,28,43,5.42591
8,29,44,4.90234
8,30,31,11.20222
8,30,45,11.20222
8,31,32,4.66917
8,31,46,5.42591
8,32,33,11.16511
8,32,47,11.20222
8,33,34,10.0
8,33,48,10.78658
8,34,35,5.42591
8,34,49,6.80224
8,35,36,8.26303
8,35,50,6.48985
8,36,37,4.42164
8,36,51,7.40758
8,37,38,7.28366
8,37,52,4.19393
8,38,39,7.28366
8,38,53,8.62169
8,39,40,7.74472
8,39,54,4.64693
8,40,41,6.97369
8,40,55,7.10779
8,41,42,7.74472
8,41,56,11.20222
8,42,43,5.15362
8,42,57,7.40758
8,43,44,10.39876
8,43,58,8.07385
8,44,59,4.42164
8,45,46,12.00002
8,45,60,10.78658
8,46,47,7.10779
8,46,61,6.65666
8,47,48,4.66917
8,47,62,4.64693
8,48,49,7.61757
8,48,63,10.78658
8,49,50,11.16511
8,49,64,8.26303
8,50,51,4.66917
8,50,65,7.74472
8,51,52,7.40758
8,51,66,5.42591
8,52,53,7.43705
8,52,67,10.78658
8,53,54,7.28366
8,53,68,6.48985
8,54,55,4.66917
8,54,69,7.92948
8,55,56,10.0
8,55,70,11.20222
8,56,57,4.42164
8,56,71,8.62169
8,57,58,8.07385
8,57,72,7.58769
8,58,59,11.58863
8,58,73,4.42164
8,59,74,6.48985
8,60,61,11.16511
8,60,75,11.16511
8,61,62,8.62169
8,61,76,3.96327
8,62,63,7.28366
8,62,77,6.80224
8,63,64,7.40758
8,63,78,4.19393
8,64,65,6.80224
8,64,79,10.39876
8,65,66,4.19393
8,65,80,8.62169
8,66,67,6.97369
8,66,81,10.78658
8,67,68,8.62169
8,67,82,7.43705
8,68,69,8.26303
8,68,83,4.66917
8,69,70,11.16511
8,69,84,7.10779
8,70,71,11.20222
8,70,85,10.0
8,71,72,7.58769
8,71,86,10.39876
8,72,73,4.90234
8,72,87,8.26303
8,73,74,7.74472
8,73,88,12.44041
8,74,89,7.43705
8,75,76,6.80224
8,75,90,12.00002
8,76,77,7.74472
8,76,91,7.43705
8,77,78,6.48985
8,77,92,4.19393
8,78,79,7.10779
8,78,93,8.07385
8,79,80,8.07385
8,79,94,5.42591
8,80,81,8.26303
8,80,95,4.42164
8,81,82,4.19393
8,81,96,12.00002
8,82,83,7.58769
8,82,97,4.19393
8,83,84,6.48985
8,83,98,11.20222
8,84,85,5.15362
8,84,99,7.74472
8,85,86,12.00002
8,85,100,10.78658
8,86,87,6.97369
8,86,101,7.92948
8,87,88,7.10779
8,87,102,7.74472
8,88,89,11.16511
8,88,103,7.58769
8,89,104,5.15362
8,90,91,7.43705
8,90,105,7.10779
8,91,92,3.96327
8,91,106,12.44041
8,92,93,6.65666
8,92,107,8.07385
8,93,94,6.65666
8,93,108,6.48985
8,94,95,8.07385
8,94,109,5.42591
8,95,96,11.20222
8,95,110,8.07385
8,96,97,5.15362
8,96,111,3.96327
8,97,98,10.78658
8,97,112,11.58863
8,98,99,6.97369
8,98,113,10.39876
8,99,100,8.26303
8,99,114,4.90234
8,100,101,6.80224
8,100,115,10.39876
8,101,102,6.97369
8,101,116,7.28366
8,102,103,4.66917
8,102,117,12.44041
8,103,104,7.10779
8,103,118,4.90234
8,104,119,7.58769
8,105,106,5.15362
8,105,120,10.0
8,106,107,8.07385
8,106,121,6.48985
8,107,108,7.43705
8,107,122,7.74472
8,108,109,7.61757
8,108,123,7.74472
8,109,110,7.40758
8,109,124,11.58863
8,110,111,4.64693
8,110,125,7.74472
8,111,112,4.42164
8,111,126,12.44041
8,112,113,6.80224
8,112,127,7.74472
8,113,114,11.16511
8,113,128,8.42786
8,114,115,8.26303
8,114,129,6.80224
8,115,116,6.97369
8,115,130,8.07385
8,116,117,12.00002
8,116,131,8.62169
8,117,118,7.58769
8,117,132,7.28366
8,118,119,4.64693
8,118,133,3.96327
8,119,134,10.0
8,120,121,8.26303
8,120,135,7.43705
8,121,122,8.26303
8,121,136,10.39876
8,122,123,7.61757
8,122,137,3.96327
8,123,124,7.10779
8,123,138,7.58769
8,124,125,10.0
8,124,139,5.15362
8,125,126,8.07385
8,125,140,6.80224
8,126,127,8.42786
8,126,141,7.61757
8,127,128,7.10779
8,127,142,7.92948
8,128,129,11.58863
8,128,143,4.64693
8,129,130,8.42786
8,129,144,4.66917
8,130,131,10.78658
8,130,145,8.26303
8,131,132,10.78658
8,131,146,12.44041
8,132,133,3.96327
8,132,147,6.48985
8,133,134,7.10779
8,133,148,10.78658
8,134,149,7.92948
8,135,136,7.10779
8,135,150,10.0
8,136,137,8.26303
8,136,151,10.0
8,137,138,8.26303
8,137,152,8.62169
8,138,139,6.80224
8,138,153,4.90234
8,139,140,5.42591
8,139,154,10.0
8,140,141,5.42591
8,140,155,3.96327
8,141,142,7.61757
8,141,156,12.00002
8,142,143,8.42786
8,142,157,8.42786
8,143,144,7.74472
8,143,158,4.66917
8,144,145,6.80224
8,144,159,7.92948
8,145,146,7.10779
8,145,160,5.42591
8,146,147,7.43705
8,146,161,6.97369
8,147,148,7.58769
8,147,162,7.40758
8,148,149,4.64693
8,148,163,7.43705
8,149,164,11.58863
8,150,151,12.00002
8,150,165,7.92948
8,151,152,10.39876
8,151,166,12.00002
8,152,153,11.20222
8,152,167,5.42591
8,153,154,5.15362
8,153,168,11.16511
8,154,155,8.07385
8,154,169,8.42786
8,155,156,6.80224
8,155,170,4.64693
8,156,157,7.10779
8,156,171,8.42786
8,157,158,6.97369
8,157,172,8.42786
8,158,159,7.58769
8,158,173,7.61757
8,159,160,5.42591
8,159,174,4.42164
8,160,161,10.0
8,160,175,6.65666
8,161,162,12.44041
8,161,176,8.62169
8,162,163,11.58863
8,162,177,7.58769
8,163,164,10.0
8,163,178,11.20222
8,164,179,6.80224
8,165,166,11.58863
8,165,180,11.16511
8,166,167,3.96327
8,166,181,4.66917
8,167,168,4.66917
8,167,182,12.00002
8,168,169,3.96327
8,168,183,8.62169
8,169,170,4.64693
8,169,184,7.10779
8,170,171,8.42786
8,170,185,5.42591
8,171,172,5.15362
8,171,186,4.66917
8,172,173,4.66917
8,172,187,4.42164
8,173,174,4.90234
8,173,188,5.42591
8,174,175,11.16511
8,174,189,7.61757
8,175,176,3.96327
8,175,190,8.07385
8,176,177,7.92948
8,176,191,4.64693
8,177,178,6.97369
8,177,192,3.96327
8,178,179,7.10779
8,178,193,11.20222
8,179,194,8.42786
8,180,181,10.78658
8,180,195,7.92948
8,181,182,3.96327
8,181,196,4.19393
8,182,183,12.44041
8,182,197,6.48985
8,183,184,3.96327
8,183,198,7.92948
8,184,185,7.92948
8,184,199,12.00002
8,185,186,7.40758
8,185,200,7.61757
8,186,187,10.0
8,186,201,4.19393
8,187,188,7.92948
8,187,202,8.07385
8,188,189,11.20222
8,188,203,10.78658
8,189,190,4.19393
8,189,204,7.10779
8,190,191,10.0
8,190,205,8.62169
8,191,192,8.42786
8,191,206,11.58863
8,192,193,4.90234
8,192,207,6.80224
8,193,194,7.58769
8,193,208,3.96327
8,194,209,7.40758
8,195,196,4.90234
8,195,210,11.58863
8,196,197,11.58863
8,196,211,6.80224
8,197,198,3.96327
8,197,212,11.58863
8,198,199,5.15362
8,198,213,4.90234
8,199,200,10.78658
8,199,214,4.64693
8,200,201,3.96327
8,200,215,8.26303
8,201,202,6.65666
8,201,216,4.19393
8,202,203,10.78658
8,202,217,10.78658
8,203,204,10.39876
8,203,218,8.42786
8,204,205,6.80224
8,204,219,7.43705
8,205,206,7.28366
8,205,220,4.19393
8,206,207,11.20222
8,206,221,11.16511
8,207,208,8.62169
8,207,222,7.40758
8,208,209,5.15362
8,208,223,4.19393
8,209,224,4.64693
8,210,211,7.92948
8,211,212,5.15362
8,212,213,7.61757
8,213,214,4.90234
8,214,215,7.92948
8,215,216,7.61757
8,216,217,4.19393
8,217,218,7.28366
8,218,219,10.39876
8,219,220,8.07385
8,220,221,11.58863
8,221,222,7.92948
8,222,223,7.43705
8,223,224,12.44041
9,0,1,5.75352
9,0,15,5.88705
9,1,2,4.38204
9,1,16,9.5261
9,2,3,4.38204
9,2,17,4.49482
9,3,4,7.5533
9,3,18,2.16664
9,4,5,7.5533
9,4,19,10.0
9,5,6,5.53953
9,5,20,10.0
9,6,7,4.49482
9,6,21,7.5533
9,7,8,5.41087
9,7,22,4.42495
9,8,9,9.34943
9,8,23,8.13106
9,9,10,5.49012
9,9,24,2.76799
9,10,11,5.53953
9,10,25,4.24367
9,11,12,2.16664
9,11,26,4.42495
9,12,13,10.0
9,12,27,5.88705
9,13,14,4.42495
9,13,28,4.49482
9,14,29,4.20193
9,15,16,9.5261
9,15,30,4.20193
9,16,17,2.00012
9,16,31,4.20193
9,17,18,7.96956
9,17,32,4.13506
9,18,19,9.81846
9,18,33,2.90246
9,19,20,5.41087
9,19,34,5.36216
9,20,21,2.00012
9,20,35,4.13506
9,21,22,7.5533
9,21,36,5.88705
9,22,23,1.94022
9,22,37,5.83578
9,23,24,4.38204
9,23,38,5.83578
9,24,25,9.34943
9,24,39,4.42495
9,25,26,10.0
9,25,40,9.5261
9,26,27,2.10187
9,26,41,2.68804
9,27,28,4.09402
9,27,42,8.13106
9,28,29,10.0
9,28,43,1.94022
9,29,44,2.68804
9,30,31,7.70993
9,30,45,7.70993
9,31,32,4.13506
9,31,46,1.94022
9,32,33,5.83578
9,32,47,7.70993
9,33,34,10.0
9,33,48,8.13106
9,34,35,1.94022
9,34,49,9.34943
9,35,36,2.16664
9,35,50,9.81846
9,36,37,4.42495
9,36,51,5.70296
9,37,38,4.53843
9,37,52,5.41087
9,38,39,4.53843
9,38,53,2.00012
9,39,40,5.36216
9,39,54,2.90246
9,40,41,5.53953
9,40,55,7.96956
9,41,42,5.36216
9,41,56,7.70993
9,42,43,2.10187
9,42,57,5.70296
9,43,44,9.5261
9,43,58,4.38204
9,44,59,4.42495
9,45,46,4.49482
9,45,60,8.13106
9,46,47,7.96956
9,46,61,5.88705
9,47,48,4.13506
9,47,62,2.90246
9,48,49,4.24367
9,48,63,8.13106
9,49,50,5.83578
9,49,64,2.16664
9,50,51,4.13506
9,50,65,5.36216
9,51,52,5.70296
9,51,66,1.94022
9,52,53,7.5533
9,52,67,8.13106
9,53,54,4.53843
9,53,68,9.81846
9,54,55,4.13506
9,54,69,2.76799
9,55,56,10.0
9,55,70,7.70993
9,56,57,4.42495
9,56,71,2.00012
9,57,58,4.38204
9,57,72,2.98728
9,58,59,5.49012
9,58,73,4.42495
9,59,74,9.81846
9,60,61,5.83578
9,60,75,5.83578
9,61,62,2.00012
9,61,76,5.75352
9,62,63,4.53843
9,62,77,9.34943
9,63,64,5.70296
9,63,78,5.41087
9,64,65,9.34943
9,64,79,9.5261
9,65,66,5.41087
9,65,80,2.00012
9,66,67,5.53953
9,66,81,8.13106
9,67,68,2.00012
9,67,82,7.5533
9,68,69,2.16664
9,68,83,4.13506
9,69,70,5.83578
9,69,84,7.96956
9,70,71,7.70993
9,70,85,10.0
9,71,72,2.98728
9,71,86,9.5261
9,72,73,2.68804
9,72,87,2.16664
9,73,74,5.36216
9,73,88,4.20193
9,74,89,7.5533
9,75,76,9.34943
9,75,90,4.49482
9,76,77,5.36216
9,76,91,7.5533
9,77,78,9.81846
9,77,92,5.41087
9,78,79,7.96956
9,78,93,4.38204
9,79,80,4.38204
9,79,94,1.94022
9,80,81,2.16664
9,80,95,4.42495
9,81,82,5.41087
9,81,96,4.49482
9,82,83,2.98728
9,82,97,5.41087
9,83,84,9.81846
9,83,98,7.70993
9,84,85,2.10187
9,84,99,5.36216
9,85,86,4.49482
9,85,100,8.13106
9,86,87,5.53953
9,86,101,2.76799
9,87,88,7.96956
9,87,102,5.36216
9,88,89,5.83578
9,88,103,2.98728
9,89,104,2.10187
9,90,91,7.5533
9,90,105,7.96956
9,91,92,5.75352
9,91,106,4.20193
9,92,93,5.88705
9,92,107,4.38204
9,93,94,5.88705
9,93,108,9.81846
9,94,95,4.38204
9,94,109,1.94022
9,95,96,7.70993
9,95,110,4.38204
9,96,97,2.10187
9,96,111,5.75352
9,97,98,8.13106
9,97,112,5.49012
9,98,99,5.53953
9,98,113,9.5261
9,99,100,2.16664
9,99,114,2.68804
9,100,101,9.34943
9,100,115,9.5261
9,101,102,5.53953
9,101,116,4.53843
9,102,103,4.13506
9,102,117,4.20193
9,103,104,7.96956
9,103,118,2.68804
9,104,119,2.98728
9,105,106,2.10187
9,105,120,10.0
9,106,107,4.38204
9,106,121,9.81846
9,107,108,7.5533
9,107,122,5.36216
9,108,109,4.24367
9,108,123,5.36216
9,109,110,5.70296
9,109,124,5.49012
9,110,111,2.90246
9,110,125,5.36216
9,111,112,4.42495
9,111,126,4.20193
9,112,113,9.34943
9,112,127,5.36216
9,113,114,5.83578
9,113,128,4.09402
9,114,115,2.16664
9,114,129,9.34943
9,115,116,5.53953
9,115,130,4.38204
9,116,117,4.49482
9,116,131,2.00012
9,117,118,2.98728
9,117,132,4.53843
9,118,119,2.90246
9,118,133,5.75352
9,119,134,10.0
9,120,121,2.16664
9,120,135,7.5533
9,121,122,2.16664
9,121,136,9.5261
9,122,123,4.24367
9,122,137,5.75352
9,123,124,7.96956
9,123,138,2.98728
9,124,125,10.0
9,124,139,2.10187
9,125,126,4.38204
9,125,140,9.34943
9,126,127,4.09402
9,126,141,4.24367
9,127,128,7.96956
9,127,142,2.76799
9,128,129,5.49012
9,128,143,2.90246
9,129,130,4.09402
9,129,144,4.13506
9,130,131,8.13106
9,130,145,2.16664
9,131,132,8.13106
9,131,146,4.20193
9,132,133,5.75352
9,132,147,9.81846
9,133,134,7.96956
9,133,148,8.13106
9,134,149,2.76799
9,135,136,7.96956
9,135,150,10.0
9,136,137,2.16664
9,136,151,10.0
9,137,138,2.16664
9,137,152,2.00012
9,138,139,9.34943
9,138,153,2.68804
9,139,140,1.94022
9,139,154,10.0
9,140,141,1.94022
9,140,155,5.75352
9,141,142,4.24367
9,141,156,4.49482
9,142,143,4.09402
9,142,157,4.09402
9,143,144,5.36216
9,143,158,4.13506
9,144,145,9.34943
9,144,159,2.76799
9,145,146,7.96956
9,145,160,1.94022
9,146,147,7.5533
9,146,161,5.53953
9,147,148,2.98728
9,147,162,5.70296
9,148,149,2.90246
9,148,163,7.5533
9,149,164,5.49012
9,150,151,4.49482
9,150,165,2.76799
9,151,152,9.5261
9,151,166,4.49482
9,152,153,7.70993
9,152,167,1.94022
9,153,154,2.10187
9,153,168,5.83578
9,154,155,4.38204
9,154,169,4.09402
9,155,156,9.34943
9,155,170,2.90246
9,156,157,7.96956
9,156,171,4.09402
9,157,158,5.53953
9,157,172,4.09402
9,158,159,2.98728
9,158,173,4.24367
9,159,160,1.94022
9,159,174,4.42495
9,160,161,10.0
9,160,175,5.88705
9,161,162,4.20193
9,161,176,2.00012
9,162,163,5.49012
9,162,177,2.98728
9,163,164,10.0
9,163,178,7.70993
9,164,179,9.34943
9,165,166,5.49012
9,165,180,5.83578
9,166,167,5.75352
9,166,181,4.13506
9,167,168,4.13506
9,167,182,4.49482
9,168,169,5.75352
9,168,183,2.00012
9,169,170,2.90246
9,169,184,7.96956
9,170,171,4.09402
9,170,185,1.94022
9,171,172,2.10187
9,171,186,4.13506
9,172,173,4.13506
9,172,187,4.42495
9,173,174,2.68804
9,173,188,1.94022
9,174,175,5.83578
9,174,189,4.24367
9,175,176,5.75352
9,175,190,4.38204
9,176,177,2.76799
9,176,191,2.90246
9,177,178,5.53953
9,177,192,5.75352
9,178,179,7.96956
9,178,193,7.70993
9,179,194,4.09402
9,180,181,8.13106
9,180,195,2.76799
9,181,182,5.75352
9,181,196,5.41087
9,182,183,4.20193
9,182,197,9.81846
9,183,184,5.75352
9,183,198,2.76799
9,184,185,2.76799
9,184,199,4.49482
9,185,186,5.70296
9,185,200,4.24367
9,186,187,10.0
9,186,201,5.41087
9,187,188,2.76799
9,187,202,4.38204
9,188,189,7.70993
9,188,203,8.13106
9,189,190,5.41087
9,189,204,7.96956
9,190,191,10.0
9,190,205,2.00012
9,191,192,4.09402
9,191,206,5.49012
9,192,193,2.68804
9,192,207,9.34943
9,193,194,2.98728
9,193,208,5.75352
9,194,209,5.70296
9,195,196,2.68804
9,195,210,5.49012
9,196,197,5.49012
9,196,211,9.34943
9,197,198,5.75352
9,197,212,5.49012
9,198,199,2.10187
9,198,213,2.68804
9,199,200,8.13106
9,199,214,2.90246
9,200,201,5.75352
9,200,215,2.16664
9,201,202,5.88705
9,201,216,5.41087
9,202,203,8.13106
9,202,217,8.13106
9,203,204,9.5261
9,203,218,4.09402
9,204,205,9.34943
9,204,219,7.5533
9,205,206,4.53843
9,205,220,5.41087
9,206,207,7.70993
9,206,221,5.83578
9,207,208,2.00012
9,207,222,5.70296
9,208,209,2.10187
9,208,223,5.41087
9,209,224,2.90246
9,210,211,2.76799
9,211,212,2.10187
9,212,213,4.24367
9,213,214,2.68804
9,214,215,2.76799
9,215,216,4.24367
9,216,217,5.41087
9,217,218,4.53843
9,218,219,9.5261
9,219,220,4.38204
9,220,221,5.49012
9,221,222,2.76799
9,222,223,7.5533
9,223,224,4.20193
10,0,1,16.4184
10,0,15,12.74494
10,1,2,12.11601
10,1,16,9.53916
10,2,3,12.11601
10,2,17,9.03457
10,3,4,11.43205
10,3,18,11.63816
10,4,5,11.43205
10,4,19,10.0
10,5,6,12.21764
10,5,20,10.0
10,6,7,9.03457
10,6,21,11.43205
10,7,8,15.81335
10,7,22,14.94852
10,8,9,12.70818
10,8,23,8.88568
10,9,10,9.69407
10,9,24,12.39508
10,10,11,12.21764
10,10,25,10.9693
10,11,12,11.63816
10,11,26,14.94852
10,12,13,10.0
10,12,27,12.74494
10,13,14,14.94852
10,13,28,9.03457
10,14,29,8.59948
10,15,16,9.53916
10,15,30,8.59948
10,16,17,11.13661
10,16,31,8.59948
10,17,18,11.94077
10,17,32,14.37333
10,18,19,13.24676
10,18,33,16.62631
10,19,20,15.81335
10,19,34,12.88945
10,20,21,11.13661
10,20,35,14.37333
10,21,22,11.43205
10,21,36,12.74494
10,22,23,14.56701
10,22,37,10.15901
10,23,24,12.11601
10,23,38,10.15901
10,24,25,12.70818
10,24,39,14.94852
10,25,26,10.0
10,25,40,9.53916
10,26,27,15.14631
10,26,41,16.01715
10,27,28,11.60319
10,27,42,8.88568
10,28,29,10.0
10,28,43,14.56701
10,29,44,16.01715
10,30,31,8.4547
10,30,45,8.4547
10,31,32,14.37333
10,31,46,14.56701
10,32,33,10.15901
10,32,47,8.4547
10,33,34,10.0
10,33,48,8.88568
10,34,35,14.56701
10,34,49,12.70818
10,35,36,11.63816
10,35,50,13.24676
10,36,37,14.94852
10,36,51,13.43213
10,37,38,11.46674
10,37,52,15.81335
10,38,39,11.46674
10,38,53,11.13661
10,39,40,12.88945
10,39,54,16.62631
10,40,41,12.21764
10,40,55,11.94077
10,41,42,12.88945
10,41,56,8.4547
10,42,43,15.14631
10,42,57,13.43213
10,43,44,9.53916
10,43,58,12.11601
10,44,59,14.94852
10,45,46,9.03457
10,45,60,8.88568
10,46,47,11.94077
10,46,61,12.74494
10,47,48,14.37333
10,47,62,16.62631
10,48,49,10.9693
10,48,63,8.88568
10,49,50,10.15901
10,49,64,11.63816
10,50,51,14.37333
10,50,65,12.88945
10,51,52,13.43213
10,51,66,14.56701
10,52,53,11.43205
10,52,67,8.88568
10,53,54,11.46674
10,53,68,13.24676
10,54,55,14.37333
10,54,69,12.39508
10,55,56,10.0
10,55,70,8.4547
10,56,57,14.94852
10,56,71,11.13661
10,57,58,12.11601
10,57,72,12.92649
10,58,59,9.69407
10,58,73,14.94852
10,59,74,13.24676
10,60,61,10.15901
10,60,75,10.15901
10,61,62,11.13661
10,61,76,16.4184
10,62,63,11.46674
10,62,77,12.70818
10,63,64,13.43213
10,63,78,15.81335
10,64,65,12.70818
10,64,79,9.53916
10,65,66,15.81335
10,65,80,11.13661
10,66,67,12.21764
10,66,81,8.88568
10,67,68,11.13661
10,67,82,11.43205
10,68,69,11.63816
10,68,83,14.37333
10,69,70,10.15901
10,69,84,11.94077
10,70,71,8.4547
10,70,85,10.0
10,71,72,12.92649
10,71,86,9.53916
10,72,73,16.01715
10,72,87,11.63816
10,73,74,12.88945
10,73,88,8.59948
10,74,89,11.43205
10,75,76,12.70818
10,75,90,9.03457
10,76,77,12.88945
10,76,91,11.43205
10,77,78,13.24676
10,77,92,15.81335
10,78,79,11.94077
10,78,93,12.11601
10,79,80,12.11601
10,79,94,14.56701
10,80,81,11.63816
10,80,95,14.94852
10,81,82,15.81335
10,81,96,9.03457
10,82,83,12.92649
10,82,97,15.81335
10,83,84,13.24676
10,83,98,8.4547
10,84,85,15.14631
10,84,99,12.88945
10,85,86,9.03457
10,85,100,8.88568
10,86,87,12.21764
10,86,101,12.39508
10,87,88,11.94077
10,87,102,12.88945
10,88,89,10.15901
10,88,103,12.92649
10,89,104,15.14631
10,90,91,11.43205
10,90,105,11.94077
10,91,92,16.4184
10,91,106,8.59948
10,92,93,12.74494
10,92,107,12.11601
10,93,94,12.74494
10,93,108,13.24676
10,94,95,12.11601
10,94,109,14.56701
10,95,96,8.4547
10,95,110,12.11601
10,96,97,15.14631
10,96,111,16.4184
10,97,98,8.88568
10,97,112,9.69407
10,98,99,12.21764
10,98,113,9.53916
10,99,100,11.63816
10,99,114,16.01715
10,100,101,12.70818
10,100,115,9.53916
10,101,102,12.21764
10,101,116,11.46674
10,102,103,14.37333
10,102,117,8.59948
10,103,104,11.94077
10,103,118,16.01715
10,104,119,12.92649
10,105,106,15.14631
10,105,120,10.0
10,106,107,12.11601
10,106,121,13.24676
10,107,108,11.43205
10,107,122,12.88945
10,108,109,10.9693
10,108,123,12.88945
10,109,110,13.43213
10,109,124,9.69407
10,110,111,16.62631
10,110,125,12.88945
10,111,112,14.94852
10,111,126,8.59948
10,112,113,12.70818
10,112,127,12.88945
10,113,114,10.15901
10,113,128,11.60319
10,114,115,11.63816
10,114,129,12.70818
10,115,116,12.21764
10,115,130,12.11601
10,116,117,9.03457
10,116,131,11.13661
10,117,118,12.92649
10,117,132,11.46674
10,118,119,16.62631
10,118,133,16.4184
10,119,134,10.0
10,120,121,11.63816
10,120,135,11.43205
10,121,122,11.63816
10,121,136,9.53916
10,122,123,10.9693
10,122,137,16.4184
10,123,124,11.94077
10,123,138,12.92649
10,124,125,10.0
10,124,139,15.14631
10,125,126,12.11601
10,125,140,12.70818
10,126,127,11.60319
10,126,141,10.9693
10,127,128,11.94077
10,127,142,12.39508
10,128,129,9.69407
10,128,143,16.62631
10,129,130,11.60319
10,129,144,14.37333
10,130,131,8.88568
10,130,145,11.63816
10,131,132,8.88568
10,131,146,8.59948
10,132,133,16.4184
10,132,147,13.24676
10,133,134,11.94077
10,133,148,8.88568
10,134,149,12.39508
10,135,136,11.94077
10,135,150,10.0
10,136,137,11.63816
10,136,151,10.0
10,137,138,11.63816
10,137,152,11.13661
10,138,139,12.70818
10,138,153,16.01715
10,139,140,14.56701
10,139,154,10.0
10,140,141,14.56701
10,140,155,16.4184
10,141,142,10.9693
10,141,156,9.03457
10,142,143,11.60319
10,142,157,11.60319
10,143,144,12.88945
10,143,158,14.37333
10,144,145,12.70818
10,144,159,12.39508
10,145,146,11.94077
10,145,160,14.56701
10,146,147,11.43205
10,146,161,12.21764
10,147,148,12.92649
10,147,162,13.43213
10,148,149,16.62631
10,148,163,11.43205
10,149,164,9.69407
10,150,151,9.03457
10,150,165,12.39508
10,151,152,9.53916
10,151,166,9.03457
10,152,153,8.4547
10,152,167,14.56701
10,153,154,15.14631
10,153,168,10.15901
10,154,155,12.11601
10,154,169,11.60319
10,155,156,12.70818
10,155,170,16.62631
10,156,157,11.94077
10,156,171,11.60319
10,157,158,12.21764
10,157,172,11.60319
10,158,159,12.92649
10,158,173,10.9693
10,159,160,14.56701
10,159,174,14.94852
10,160,161,10.0
10,160,175,12.74494
10,161,162,8.59948
10,161,176,11.13661
10,162,163,9.69407
10,162,177,12.92649
10,163,164,10.0
10,163,178,8.4547
10,164,179,12.70818
10,165,166,9.69407
10,165,180,10.15901
10,166,167,16.4184
10,166,181,14.37333
10,167,168,14.37333
10,167,182,9.03457
10,168,169,16.4184
10,168,183,11.13661
10,169,170,16.62631
10,169,184,11.94077
10,170,171,11.60319
10,170,185,14.56701
10,171,172,15.14631
10,171,186,14.37333
10,172,173,14.37333
10,172,187,14.94852
10,173,174,16.01715
10,173,188,14.56701
10,174,175,10.15901
10,174,189,10.9693
10,175,176,16.4184
10,175,190,12.11601
10,176,177,12.39508
10,176,191,16.62631
10,177,178,12.21764
10,177,192,16.4184
10,178,179,11.94077
10,178,193,8.4547
10,179,194,11.60319
10,180,181,8.88568
10,180,195,12.39508
10,181,182,16.4184
10,181,196,15.81335
10,182,183,8.59948
10,182,197,13.24676
10,183,184,16.4184
10,183,198,12.39508
10,184,185,12.39508
10,184,199,9.03457
10,185,186,13.43213
10,185,200,10.9693
10,186,187,10.0
10,186,201,15.81335
10,187,188,12.39508
10,187,202,12.11601
10,188,189,8.4547
10,188,203,8.88568
10,189,190,15.81335
10,189,204,11.94077
10,190,191,10.0
10,190,205,11.13661
10,191,192,11.60319
10,191,206,9.69407
10,192,193,16.01715
10,192,207,12.70818
10,193,194,12.92649
10,193,208,16.4184
10,194,209,13.43213
10,195,196,16.01715
10,195,210,9.69407
10,196,197,9.69407
10,196,211,12.70818
10,197,198,16.4184
10,197,212,9.69407
10,198,199,15.14631
10,198,213,16.01715
10,199,200,8.88568
10,199,214,16.62631
10,200,201,16.4184
10,200,215,11.63816
10,201,202,12.74494
10,201,216,15.81335
10,202,203,8.88568
10,202,217,8.88568
10,203,204,9.53916
10,203,218,11.60319
10,204,205,12.70818
10,204,219,11.43205
10,205,206,11.46674
10,205,220,15.81335
10,206,207,8.4547
10,206,221,10.15901
10,207,208,11.13661
10,207,222,13.43213
10,208,209,15.14631
10,208,223,15.81335
10,209,224,16.62631
10,210,211,12.39508
10,211,212,15.14631
10,212,213,10.9693
10,213,214,16.01715
10,214,215,12.39508
10,215,216,10.9693
10,216,217,15.81335
10,217,218,11.46674
10,218,219,9.53916
10,219,220,12.11601
10,220,221,9.69407
10,221,222,12.39508
10,222,223,11.43205
10,223,224,8.59948
11,0,1,9.58365
11,0,15,9.76277
11,1,2,6.43758
11,1,16,6.6673
11,2,3,6.43758
11,2,17,6.58034
11,3,4,7.19875
11,3,18,6.39387
11,4,5,7.19875
11,4,19,10.0
11,5,6,6.47938
11,5,20,10.0
11,6,7,6.58034
11,6,21,7.19875
11,7,8,6.33793
11,7,22,10.42071
11,8,9,6.52343
11,8,23,10.85665
11,9,10,3.57074
11,9,24,3.44469
11,10,11,6.47938
11,10,25,7.15208
11,11,12,6.39387
11,11,26,10.42071
11,12,13,10.0
11,12,27,9.76277
11,13,14,10.42071
11,13,28,6.58034
11,14,29,4.03764
11,15,16,6.6673
11,15,30,4.03764
11,16,17,3.90048
11,16,31,4.03764
11,17,18,10.66663
11,17,32,7.00214
11,18,19,9.81846
11,18,33,5.63339
11,19,20,6.33793
11,19,34,3.47414
11,20,21,3.90048
11,20,35,7.00214
11,21,22,7.19875
11,21,36,9.76277
11,22,23,3.79783
11,22,37,5.94059
11,23,24,6.43758
11,23,38,5.94059
11,24,25,6.52343
11,24,39,10.42071
11,25,26,10.0
11,25,40,6.6673
11,26,27,6.25354
11,26,41,3.35052
11,27,28,3.93256
11,27,42,10.85665
11,28,29,10.0
11,28,43,3.79783
11,29,44,3.35052
11,30,31,7.3511
11,30,45,7.3511
11,31,32,7.00214
11,31,46,3.79783
11,32,33,5.94059
11,32,47,7.3511
11,33,34,10.0
11,33,48,10.85665
11,34,35,3.79783
11,34,49,6.52343
11,35,36,6.39387
11,35,50,9.81846
11,36,37,10.42071
11,36,51,5.80632
11,37,38,10.60832
11,37,52,6.33793
11,38,39,10.60832
11,38,53,3.90048
11,39,40,3.47414
11,39,54,5.63339
11,40,41,6.47938
11,40,55,10.66663
11,41,42,3.47414
11,41,56,7.3511
11,42,43,6.25354
11,42,57,5.80632
11,43,44,6.6673
11,43,58,6.43758
11,44,59,10.42071
11,45,46,6.58034
11,45,60,10.85665
11,46,47,10.66663
11,46,61,9.76277
11,47,48,7.00214
11,47,62,5.63339
11,48,49,7.15208
11,48,63,10.85665
11,49,50,5.94059
11,49,64,6.39387
11,50,51,7.00214
11,50,65,3.47414
11,51,52,5.80632
11,51,66,3.79783
11,52,53,7.19875
11,52,67,10.85665
11,53,54,10.60832
11,53,68,9.81846
11,54,55,7.00214
11,54,69,3.44469
11,55,56,10.0
11,55,70,7.3511
11,56,57,10.42071
11,56,71,3.90048
11,57,58,6.43758
11,57,72,5.76523
11,58,59,3.57074
11,58,73,10.42071
11,59,74,9.81846
11,60,61,5.94059
11,60,75,5.94059
11,61,62,3.90048
11,61,76,9.58365
11,62,63,10.60832
11,62,77,6.52343
11,63,64,5.80632
11,63,78,6.33793
11,64,65,6.52343
11,64,79,6.6673
11,65,66,6.33793
11,65,80,3.90048
11,66,67,6.47938
11,66,81,10.85665
11,67,68,3.90048
11,67,82,7.19875
11,68,69,6.39387
11,68,83,7.00214
11,69,70,5.94059
11,69,84,10.66663
11,70,71,7.3511
11,70,85,10.0
11,71,72,5.76523
11,71,86,6.6673
11,72,73,3.35052
11,72,87,6.39387
11,73,74,3.47414
11,73,88,4.03764
11,74,89,7.19875
11,75,76,6.52343
11,75,90,6.58034
11,76,77,3.47414
11,76,91,7.19875
11,77,78,9.81846
11,77,92,6.33793
11,78,79,10.66663
11,78,93,6.43758
11,79,80,6.43758
11,79,94,3.79783
11,80,81,6.39387
11,80,95,10.42071
11,81,82,6.33793
11,81,96,6.58034
11,82,83,5.76523
11,82,97,6.33793
11,83,84,9.81846
11,83,98,7.3511
11,84,85,6.25354
11,84,99,3.47414
11,85,86,6.58034
11,85,100,10.85665
11,86,87,6.47938
11,86,101,3.44469
11,87,88,10.66663
11,87,102,3.47414
11,88,89,5.94059
11,88,103,5.76523
11,89,104,6.25354
11,90,91,7.19875
11,90,105,10.66663
11,91,92,9.58365
11,91,106,4.03764
11,92,93,9.76277
11,92,107,6.43758
11,93,94,9.76277
11,93,108,9.81846
11,94,95,6.43758
11,94,109,3.79783
11,95,96,7.3511
11,95,110,6.43758
11,96,97,6.25354
11,96,111,9.58365
11,97,98,10.85665
11,97,112,3.57074
11,98,99,6.47938
11,98,113,6.6673
11,99,100,6.39387
11,99,114,3.35052
11,100,101,6.52343
11,100,115,6.6673
11,101,102,6.47938
11,101,116,10.60832
11,102,103,7.00214
11,102,117,4.03764
11,103,104,10.66663
11,103,118,3.35052
11,104,119,5.76523
11,105,106,6.25354
11,105,120,10.0
11,106,107,6.43758
11,106,121,9.81846
11,107,108,7.19875
11,107,122,3.47414
11,108,109,7.15208
11,108,123,3.47414
11,109,110,5.80632
11,109,124,3.57074
11,110,111,5.63339
11,110,125,3.47414
11,111,112,10.42071
11,111,126,4.03764
11,112,113,6.52343
11,112,127,3.47414
11,113,114,5.94059
11,113,128,3.93256
11,114,115,6.39387
11,114,129,6.52343
11,115,116,6.47938
11,115,130,6.43758
11,116,117,6.58034
11,116,131,3.90048
11,117,118,5.76523
11,117,132,10.60832
11,118,119,5.63339
11,118,133,9.58365
11,119,134,10.0
11,120,121,6.39387
11,120,135,7.19875
11,121,122,6.39387
11,121,136,6.6673
11,122,123,7.15208
11,122,137,9.58365
11,123,124,10.66663
11,123,138,5.76523
11,124,125,10.0
11,124,139,6.25354
11,125,126,6.43758
11,125,140,6.52343
11,126,127,3.93256
11,126,141,7.15208
11,127,128,10.66663
11,127,142,3.44469
11,128,129,3.57074
11,128,143,5.63339
11,129,130,3.93256
11,129,144,7.00214
11,130,131,10.85665
11,130,145,6.39387
11,131,132,10.85665
11,131,146,4.03764
11,132,133,9.58365
11,132,147,9.81846
11,133,134,10.66663
11,133,148,10.85665
11,134,149,3.44469
11,135,136,10.66663
11,135,150,10.0
11,136,137,6.39387
11,136,151,10.0
11,137,138,6.39387
11,137,152,3.90048
11,138,139,6.52343
11,138,153,3.35052
11,139,140,3.79783
11,139,154,10.0
11,140,141,3.79783
11,140,155,9.58365
11,141,142,7.15208
11,141,156,6.58034
11,142,143,3.93256
11,142,157,3.93256
11,143,144,3.47414
11,143,158,7.00214
11,144,145,6.52343
11,144,159,3.44469
11,145,146,10.66663
11,145,160,3.79783
11,146,147,7.19875
11,146,161,6.47938
11,147,148,5.76523
11,147,162,5.80632
11,148,149,5.63339
11,148,163,7.19875
11,149,164,3.57074
11,150,151,6.58034
11,150,165,3.44469
11,151,152,6.6673
11,151,166,6.58034
11,152,153,7.3511
11,152,167,3.79783
11,153,154,6.25354
11,153,168,5.94059
11,154,155,6.43758
11,154,169,3.93256
11,155,156,6.52343
11,155,170,5.63339
11,156,157,10.66663
11,156,171,3.93256
11,157,158,6.47938
11,157,172,3.93256
11,158,159,5.76523
11,158,173,7.15208
11,159,160,3.79783
11,159,174,10.42071
11,160,161,10.0
11,160,175,9.76277
11,161,162,4.03764
11,161,176,3.90048
11,162,163,3.57074
11,162,177,5.76523
11,163,164,10.0
11,163,178,7.3511
11,164,179,6.52343
11,165,166,3.57074
11,165,180,5.94059
11,166,167,9.58365
11,166,181,7.00214
11,167,168,7.00214
11,167,182,6.58034
11,168,169,9.58365
11,168,183,3.90048
11,169,170,5.63339
11,169,184,10.66663
11,170,171,3.93256
11,170,185,3.79783
11,171,172,6.25354
11,171,186,7.00214
11,172,173,7.00214
11,172,187,10.42071
11,173,174,3.35052
11,173,188,3.79783
11,174,175,5.94059
11,174,189,7.15208
11,175,176,9.58365
11,175,190,6.43758
11,176,177,3.44469
11,176,191,5.63339
11,177,178,6.47938
11,177,192,9.58365
11,178,179,10.66663
11,178,193,7.3511
11,179,194,3.93256
11,180,181,10.85665
11,180,195,3.44469
11,181,182,9.58365
11,181,196,6.33793
11,182,183,4.03764
11,182,197,9.81846
11,183,184,9.58365
11,183,198,3.44469
11,184,185,3.44469
11,184,199,6.58034
11,185,186,5.80632
11,185,200,7.15208
11,186,187,10.0
11,186,201,6.33793
11,187,188,3.44469
11,187,202,6.43758
11,188,189,7.3511
11,188,203,10.85665
11,189,190,6.33793
11,189,204,10.66663
11,190,191,10.0
11,190,205,3.90048
11,191,192,3.93256
11,191,206,3.57074
11,192,193,3.35052
11,192,207,6.52343
11,193,194,5.76523
11,193,208,9.58365
11,194,209,5.80632
11,195,196,3.35052
11,195,210,3.57074
11,196,197,3.57074
11,196,211,6.52343
11,197,198,9.58365
11,197,212,3.57074
11,198,199,6.25354
11,198,213,3.35052
11,199,200,10.85665
11,199,214,5.63339
11,200,201,9.58365
11,200,215,6.39387
11,201,202,9.76277
11,201,216,6.33793
11,202,203,10.85665
11,202,217,10.85665
11,203,204,6.6673
11,203,218,3.93256
11,204,205,6.52343
11,204,219,7.19875
11,205,206,10.60832
11,205,220,6.33793
11,206,207,7.3511
11,206,221,5.94059
11,207,208,3.90048
11,207,222,5.80632
11,208,209,6.25354
11,208,223,6.33793
11,209,224,5.63339
11,210,211,3.44469
11,211,212,6.25354
11,212,213,7.15208
11,213,214,3.35052
11,214,215,3.44469
11,215,216,7.15208
11,216,217,6.33793
11,217,218,10.60832
11,218,219,6.6673
11,219,220,6.43758
11,220,221,3.57074
11,221,222,3.44469
11,222,223,7.19875
11,223,224,4.03764
12,0,1,12.37999
12,0,15,10.67775
12,1,2,8.25339
12,1,16,8.83302
12,2,3,8.25339
12,2,17,6.90829
12,3,4,11.78453
12,3,18,7.45976
12,4,5,11.78453
12,4,19,10.0
12,5,6,9.46614
12,5,20,10.0
12,6,7,6.90829
12,6,21,11.78453
12,7,8,11.06271
12,7,22,13.93219
12,8,9,10.37136
12,8,23,11.38588
12,9,10,5.027
12,9,24,5.48443
12,10,11,9.46614
12,10,25,10.81177
12,11,12,7.45976
12,11,26,13.93219
12,12,13,10.0
12,12,27,10.67775
12,13,14,13.93219
12,13,28,6.90829
12,14,29,5.97045
12,15,16,8.83302
12,15,30,5.97045
12,16,17,6.47728
12,16,31,5.97045
12,17,18,13.14681
12,17,32,12.52528
12,18,19,11.644
12,18,33,7.66367
12,19,20,11.06271
12,19,34,6.14951
12,20,21,6.47728
12,20,35,12.52528
12,21,22,11.78453
12,21,36,10.67775
12,22,23,7.77495
12,22,37,5.8752
12,23,24,8.25339
12,23,38,5.8752
12,24,25,10.37136
12,24,39,13.93219
12,25,26,10.0
12,25,40,8.83302
12,26,27,8.86309
12,26,41,6.66517
12,27,28,7.20989
12,27,42,11.38588
12,28,29,10.0
12,28,43,7.77495
12,29,44,6.66517
12,30,31,10.12926
12,30,45,10.12926
12,31,32,12.52528
12,31,46,7.77495
12,32,33,5.8752
12,32,47,10.12926
12,33,34,10.0
12,33,48,11.38588
12,34,35,7.77495
12,34,49,10.37136
12,35,36,7.45976
12,35,50,11.644
12,36,37,13.93219
12,36,51,7.10337
12,37,38,12.11303
12,37,52,11.06271
12,38,39,12.11303
12,38,53,6.47728
12,39,40,6.14951
12,39,54,7.66367
12,40,41,9.46614
12,40,55,13.14681
12,41,42,6.14951
12,41,56,10.12926
12,42,43,8.86309
12,42,57,7.10337
12,43,44,8.83302
12,43,58,8.25339
12,44,59,13.93219
12,45,46,6.90829
12,45,60,11.38588
12,46,47,13.14681
12,46,61,10.67775
12,47,48,12.52528
12,47,62,7.66367
12,48,49,10.81177
12,48,63,11.38588
12,49,50,5.8752
12,49,64,7.45976
12,50,51,12.52528
12,50,65,6.14951
12,51,52,7.10337
12,51,66,7.77495
12,52,53,11.78453
12,52,67,11.38588
12,53,54,12.11303
12,53,68,11.644
12,54,55,12.52528
12,54,69,5.48443
12,55,56,10.0
12,55,70,10.12926
12,56,57,13.93219
12,56,71,6.47728
12,57,58,8.25339
12,57,72,6.37727
12,58,59,5.027
12,58,73,13.93219
12,59,74,11.644
12,60,61,5.8752
12,60,75,5.8752
12,61,62,6.47728
12,61,76,12.37999
12,62,63,12.11303
12,62,77,10.37136
12,63,64,7.10337
12,63,78,11.06271
12,64,65,10.37136
12,64,79,8.83302
12,65,66,11.06271
12,65,80,6.47728
12,66,67,9.46614
12,66,81,11.38588
12,67,68,6.47728
12,67,82,11.78453
12,68,69,7.45976
12,68,83,12.52528
12,69,70,5.8752
12,69,84,13.14681
12,70,71,10.12926
12,70,85,10.0
12,71,72,6.37727
12,71,86,8.83302
12,72,73,6.66517
12,72,87,7.45976
12,73,74,6.14951
12,73,88,5.97045
12,74,89,11.78453
12,75,76,10.37136
12,75,90,6.90829
12,76,77,6.14951
12,76,91,11.78453
12,77,78,11.644
12,77,92,11.06271
12,78,79,13.14681
12,78,93,8.25339
12,79,80,8.25339
12,79,94,7.77495
12,80,81,7.45976
12,80,95,13.93219
12,81,82,11.06271
12,81,96,6.90829
12,82,83,6.37727
12,82,97,11.06271
12,83,84,11.644
12,83,98,10.12926
12,84,85,8.86309
12,84,99,6.14951
12,85,86,6.90829
12,85,100,11.38588
12,86,87,9.46614
12,86,101,5.48443
12,87,88,13.14681
12,87,102,6.14951
12,88,89,5.8752
12,88,103,6.37727
12,89,104,8.86309
12,90,91,11.78453
12,90,105,13.14681
12,91,92,12.37999
12,91,106,5.97045
12,92,93,10.67775
12,92,107,8.25339
12,93,94,10.67775
12,93,108,11.644
12,94,95,8.25339
12,94,109,7.77495
12,95,96,10.12926
12,95,110,8.25339
12,96,97,8.86309
12,96,111,12.37999
12,97,98,11.38588
12,97,112,5.027
12,98,99,9.46614
12,98,113,8.83302
12,99,100,7.45976
12,99,114,6.66517
12,100,101,10.37136
12,100,115,8.83302
12,101,102,9.46614
12,101,116,12.11303
12,102,103,12.52528
12,102,117,5.97045
12,103,104,13.14681
12,103,118,6.66517
12,104,119,6.37727
12,105,106,8.86309
12,105,120,10.0
12,106,107,8.25339
12,106,121,11.644
12,107,108,11.78453
12,107,122,6.14951
12,108,109,10.81177
12,108,123,6.14951
12,109,110,7.10337
12,109,124,5.027
12,110,111,7.66367
12,110,125,6.14951
12,111,112,13.93219
12,111,126,5.97045
12,112,113,10.37136
12,112,127,6.14951
12,113,114,5.8752
12,113,128,7.20989
12,114,115,7.45976
12,114,129,10.37136
12,115,116,9.46614
12,115,130,8.25339
12,116,117,6.90829
12,116,131,6.47728
12,117,118,6.37727
12,117,132,12.11303
12,118,119,7.66367
12,118,133,12.37999
12,119,134,10.0
12,120,121,7.45976
12,120,135,11.78453
12,121,122,7.45976
12,121,136,8.83302
12,122,123,10.81177
12,122,137,12.37999
12,123,124,13.14681
12,123,138,6.37727
12,124,125,10.0
12,124,139,8.86309
12,125,126,8.25339
12,125,140,10.37136
12,126,127,7.20989
12,126,141,10.81177
12,127,128,13.14681
12,127,142,5.48443
12,128,129,5.027
12,128,143,7.66367
12,129,130,7.20989
12,129,144,12.52528
12,130,131,11.38588
12,130,145,7.45976
12,131,132,11.38588
12,131,146,5.97045
12,132,133,12.37999
12,132,147,11.644
12,133,134,13.14681
12,133,148,11.38588
12,134,149,5.48443
12,135,136,13.14681
12,135,150,10.0
12,136,137,7.45976
12,136,151,10.0
12,137,138,7.45976
12,137,152,6.47728
12,138,139,10.37136
12,138,153,6.66517
12,139,140,7.77495
12,139,154,10.0
12,140,141,7.77495
12,140,155,12.37999
12,141,142,10.81177
12,141,156,6.90829
12,142,143,7.20989
12,142,157,7.20989
12,143,144,6.14951
12,143,158,12.52528
12,144,145,10.37136
12,144,159,5.48443
12,145,146,13.14681
12,145,160,7.77495
12,146,147,11.78453
12,146,161,9.46614
12,147,148,6.37727
12,147,162,7.10337
12,148,149,7.66367
12,148,163,11.78453
12,149,164,5.027
12,150,151,6.90829
12,150,165,5.48443
12,151,152,8.83302
12,151,166,6.90829
12,152,153,10.12926
12,152,167,7.77495
12,153,154,8.86309
12,153,168,5.8752
12,154,155,8.25339
12,154,169,7.20989
12,155,156,10.37136
12,155,170,7.66367
12,156,157,13.14681
12,156,171,7.20989
12,157,158,9.46614
12,157,172,7.20989
12,158,159,6.37727
12,158,173,10.81177
12,159,160,7.77495
12,159,174,13.93219
12,160,161,10.0
12,160,175,10.67775
12,161,162,5.97045
12,161,176,6.47728
12,162,163,5.027
12,162,177,6.37727
12,163,164,10.0
12,163,178,10.12926
12,164,179,10.37136
12,165,166,5.027
12,165,180,5.8752
12,166,167,12.37999
12,166,181,12.52528
12,167,168,12.52528
12,167,182,6.90829
12,168,169,12.37999
12,168,183,6.47728
12,169,170,7.66367
12,169,184,13.14681
12,170,171,7.20989
12,170,185,7.77495
12,171,172,8.86309
12,171,186,12.52528
12,172,173,12.52528
12,172,187,13.93219
12,173,174,6.66517
12,173,188,7.77495
12,174,175,5.8752
12,174,189,10.81177
12,175,176,12.37999
12,175,190,8.25339
12,176,177,5.48443
12,176,191,7.66367
12,177,178,9.46614
12,177,192,12.37999
12,178,179,13.14681
12,178,193,10.12926
12,179,194,7.20989
12,180,181,11.38588
12,180,195,5.48443
12,181,182,12.37999
12,181,196,11.06271
12,182,183,5.97045
12,182,197,11.644
12,183,184,12.37999
12,183,198,5.48443
12,184,185,5.48443
12,184,199,6.90829
12,185,186,7.10337
12,185,200,10.81177
12,186,187,10.0
12,186,201,11.06271
12,187,188,5.48443
12,187,202,8.25339
12,188,189,10.12926
12,188,203,11.38588
12,189,190,11.06271
12,189,204,13.14681
12,190,191,10.0
12,190,205,6.47728
12,191,192,7.20989
12,191,206,5.027
12,192,193,6.66517
12,192,207,10.37136
12,193,194,6.37727
12,193,208,12.37999
12,194,209,7.10337
12,195,196,6.66517
12,195,210,5.027
12,196,197,5.027
12,196,211,10.37136
12,197,198,12.37999
12,197,212,5.027
12,198,199,8.86309
12,198,213,6.66517
12,199,200,11.38588
12,199,214,7.66367
12,200,201,12.37999
12,200,215,7.45976
12,201,202,10.67775
12,201,216,11.06271
12,202,203,11.38588
12,202,217,11.38588
12,203,204,8.83302
12,203,218,7.20989
12,204,205,10.37136
12,204,219,11.78453
12,205,206,12.11303
12,205,220,11.06271
12,206,207,10.12926
12,206,221,5.8752
12,207,208,6.47728
12,207,222,7.10337
12,208,209,8.86309
12,208,223,11.06271
12,209,224,7.66367
12,210,211,5.48443
12,211,212,8.86309
12,212,213,10.81177
12,213,214,6.66517
12,214,215,5.48443
12,215,216,10.81177
12,216,217,11.06271
12,217,218,12.11303
12,218,219,8.83302
12,219,220,8.25339
12,220,221,5.027
12,221,222,5.48443
12,222,223,11.78453
12,223,224,5.97045
13,0,1,9.85302
13,0,15,9.67825
13,1,2,5.37712
13,1,16,10.82859
13,2,3,5.37712
13,2,17,5.25449
13,3,4,10.22952
13,3,18,5.03418
13,4,5,10.22952
13,4,19,10.0
13,5,6,10.49223
13,5,20,10.0
13,6,7,5.25449
13,6,21,10.22952
13,7,8,10.67497
13,7,22,9.1159
13,8,9,11.01453
13,8,23,9.25665
13,9,10,6.40219
13,9,24,6.15357
13,10,11,10.49223
13,10,25,9.72839
13,11,12,5.03418
13,11,26,9.1159
13,12,13,10.0
13,12,27,9.67825
13,13,14,9.1159
13,13,28,5.25449
13,14,29,5.82988
13,15,16,10.82859
13,15,30,5.82988
13,16,17,5.59496
13,16,31,5.82988
13,17,18,9.42715
13,17,32,9.90366
13,18,19,10.17797
13,18,33,5.68551
13,19,20,10.67497
13,19,34,6.54026
13,20,21,5.59496
13,20,35,9.90366
13,21,22,10.22952
13,21,36,9.67825
13,22,23,5.72237
13,22,37,5.7926
13,23,24,5.37712
13,23,38,5.7926
13,24,25,11.01453
13,24,39,9.1159
13,25,26,10.0
13,25,40,10.82859
13,26,27,5.15362
13,26,41,6.28845
13,27,28,5.96049
13,27,42,9.25665
13,28,29,10.0
13,28,43,5.72237
13,29,44,6.28845
13,30,31,10.05105
13,30,45,10.05105
13,31,32,9.90366
13,31,46,5.72237
13,32,33,5.7926
13,32,47,10.05105
13,33,34,10.0
13,33,48,9.25665
13,34,35,5.72237
13,34,49,11.01453
13,35,36,5.03418
13,35,50,10.17797
13,36,37,9.1159
13,36,51,5.92271
13,37,38,8.9486
13,37,52,10.67497
13,38,39,8.9486
13,38,53,5.59496
13,39,40,6.54026
13,39,54,5.68551
13,40,41,10.49223
13,40,55,9.42715
13,41,42,6.54026
13,41,56,10.05105
13,42,43,5.15362
13,42,57,5.92271
13,43,44,10.82859
13,43,58,5.37712
13,44,59,9.1159
13,45,46,5.25449
13,45,60,9.25665
13,46,47,9.42715
13,46,61,9.67825
13,47,48,9.90366
13,47,62,5.68551
13,48,49,9.72839
13,48,63,9.25665
13,49,50,5.7926
13,49,64,5.03418
13,50,51,9.90366
13,50,65,6.54026
13,51,52,5.92271
13,51,66,5.72237
13,52,53,10.22952
13,52,67,9.25665
13,53,54,8.9486
13,53,68,10.17797
13,54,55,9.90366
13,54,69,6.15357
13,55,56,10.0
13,55,70,10.05105
13,56,57,9.1159
13,56,71,5.59496
13,57,58,5.37712
13,57,72,5.5586
13,58,59,6.40219
13,58,73,9.1159
13,59,74,10.17797
13,60,61,5.7926
13,60,75,5.7926
13,61,62,5.59496
13,61,76,9.85302
13,62,63,8.9486
13,62,77,11.01453
13,63,64,5.92271
13,63,78,10.67497
13,64,65,11.01453
13,64,79,10.82859
13,65,66,10.67497
13,65,80,5.59496
13,66,67,10.49223
13,66,81,9.25665
13,67,68,5.59496
13,67,82,10.22952
13,68,69,5.03418
13,68,83,9.90366
13,69,70,5.7926
13,69,84,9.42715
13,70,71,10.05105
13,70,85,10.0
13,71,72,5.5586
13,71,86,10.82859
13,72,73,6.28845
13,72,87,5.03418
13,73,74,6.54026
13,73,88,5.82988
13,74,89,10.22952
13,75,76,11.01453
13,75,90,5.25449
13,76,77,6.54026
13,76,91,10.22952
13,77,78,10.17797
13,77,92,10.67497
13,78,79,9.42715
13,78,93,5.37712
13,79,80,5.37712
13,79,94,5.72237
13,80,81,5.03418
13,80,95,9.1159
13,81,82,10.67497
13,81,96,5.25449
13,82,83,5.5586
13,82,97,10.67497
13,83,84,10.17797
13,83,98,10.05105
13,84,85,5.15362
13,84,99,6.54026
13,85,86,5.25449
13,85,100,9.25665
13,86,87,10.49223
13,86,101,6.15357
13,87,88,9.42715
13,87,102,6.54026
13,88,89,5.7926
13,88,103,5.5586
13,89,104,5.15362
13,90,91,10.22952
13,90,105,9.42715
13,91,92,9.85302
13,91,106,5.82988
13,92,93,9.67825
13,92,107,5.37712
13,93,94,9.67825
13,93,108,10.17797
13,94,95,5.37712
13,94,109,5.72237
13,95,96,10.05105
13,95,110,5.37712
13,96,97,5.15362
13,96,111,9.85302
13,97,98,9.25665
13,97,112,6.40219
13,98,99,10.49223
13,98,113,10.82859
13,99,100,5.03418
13,99,114,6.28845
13,100,101,11.01453
13,100,115,10.82859
13,101,102,10.49223
13,101,116,8.9486
13,102,103,9.90366
13,102,117,5.82988
13,103,104,9.42715
13,103,118,6.28845
13,104,119,5.5586
13,105,106,5.15362
13,105,120,10.0
13,106,107,5.37712
13,106,121,10.17797
13,107,108,10.22952
13,107,122,6.54026
13,108,109,9.72839
13,108,123,6.54026
13,109,110,5.92271
13,109,124,6.40219
13,110,111,5.68551
13,110,125,6.54026
13,111,112,9.1159
13,111,126,5.82988
13,112,113,11.01453
13,112,127,6.54026
13,113,114,5.7926
13,113,128,5.96049
13,114,115,5.03418
13,114,129,11.01453
13,115,116,10.49223
13,115,130,5.37712
13,116,117,5.25449
13,116,131,5.59496
13,117,118,5.5586
13,117,132,8.9486
13,118,119,5.68551
13,118,133,9.85302
13,119,134,10.0
13,120,121,5.03418
13,120,135,10.22952
13,121,122,5.03418
13,121,136,10.82859
13,122,123,9.72839
13,122,137,9.85302
13,123,124,9.42715
13,123,138,5.5586
13,124,125,10.0
13,124,139,5.15362
13,125,126,5.37712
13,125,140,11.01453
13,126,127,5.96049
13,126,141,9.72839
13,127,128,9.42715
13,127,142,6.15357
13,128,129,6.40219
13,128,143,5.68551
13,129,130,5.96049
13,129,144,9.90366
13,130,131,9.25665
13,130,145,5.03418
13,131,132,9.25665
13,131,146,5.82988
13,132,133,9.85302
13,132,147,10.17797
13,133,134,9.42715
13,133,148,9.25665
13,134,149,6.15357
13,135,136,9.42715
13,135,150,10.0
13,136,137,5.03418
13,136,151,10.0
13,137,138,5.03418
13,137,152,5.59496
13,138,139,11.01453
13,138,153,6.28845
13,139,140,5.72237
13,139,154,10.0
13,140,141,5.72237
13,140,155,9.85302
13,141,142,9.72839
13,141,156,5.25449
13,142,143,5.96049
13,142,157,5.96049
13,143,144,6.54026
13,143,158,9.90366
13,144,145,11.01453
13,144,159,6.15357
13,145,146,9.42715
13,145,160,5.72237
13,146,147,10.22952
13,146,161,10.49223
13,147,148,5.5586
13,147,162,5.92271
13,148,149,5.68551
13,148,163,10.22952
13,149,164,6.40219
13,150,151,5.25449
13,150,165,6.15357
13,151,152,10.82859
13,151,166,5.25449
13,152,153,10.05105
13,152,167,5.72237
13,153,154,5.15362
13,153,168,5.7926
13,154,155,5.37712
13,154,169,5.96049
13,155,156,11.01453
13,155,170,5.68551
13,156,157,9.42715
13,156,171,5.96049
13,157,158,10.49223
13,157,172,5.96049
13,158,159,5.5586
13,158,173,9.72839
13,159,160,5.72237
13,159,174,9.1159
13,160,161,10.0
13,160,175,9.67825
13,161,162,5.82988
13,161,176,5.59496
13,162,163,6.40219
13,162,177,5.5586
13,163,164,10.0
13,163,178,10.05105
13,164,179,11.01453
13,165,166,6.40219
13,165,180,5.7926
13,166,167,9.85302
13,166,181,9.90366
13,167,168,9.90366
13,167,182,5.25449
13,168,169,9.85302
13,168,183,5.59496
13,169,170,5.68551
13,169,184,9.42715
13,170,171,5.96049
13,170,185,5.72237
13,171,172,5.15362
13,171,186,9.90366
13,172,173,9.90366
13,172,187,9.1159
13,173,174,6.28845
13,173,188,5.72237
13,174,175,5.7926
13,174,189,9.72839
13,175,176,9.85302
13,175,190,5.37712
13,176,177,6.15357
13,176,191,5.68551
13,177,178,10.49223
13,177,192,9.85302
13,178,179,9.42715
13,178,193,10.05105
13,179,194,5.96049
13,180,181,9.25665
13,180,195,6.15357
13,181,182,9.85302
13,181,196,10.67497
13,182,183,5.82988
13,182,197,10.17797
13,183,184,9.85302
13,183,198,6.15357
13,184,185,6.15357
13,184,199,5.25449
13,185,186,5.92271
13,185,200,9.72839
13,186,187,10.0
13,186,201,10.67497
13,187,188,6.15357
13,187,202,5.37712
13,188,189,10.05105
13,188,203,9.25665
13,189,190,10.67497
13,189,204,9.42715
13,190,191,10.0
13,190,205,5.59496
13,191,192,5.96049
13,191,206,6.40219
13,192,193,6.28845
13,192,207,11.01453
13,193,194,5.5586
13,193,208,9.85302
13,194,209,5.92271
13,195,196,6.28845
13,195,210,6.40219
13,196,197,6.40219
13,196,211,11.01453
13,197,198,9.85302
13,197,212,6.40219
13,198,199,5.15362
13,198,213,6.28845
13,199,200,9.25665
13,199,214,5.68551
13,200,201,9.85302
13,200,215,5.03418
13,201,202,9.67825
13,201,216,10.67497
13,202,203,9.25665
13,202,217,9.25665
13,203,204,10.82859
13,203,218,5.96049
13,204,205,11.01453
13,204,219,10.22952
13,205,206,8.9486
13,205,220,10.67497
13,206,207,10.05105
13,206,221,5.7926
13,207,208,5.59496
13,207,222,5.92271
13,208,209,5.15362
13,208,223,10.67497
13,209,224,5.68551
13,210,211,6.15357
13,211,212,5.15362
13,212,213,9.72839
13,213,214,6.28845
13,214,215,6.15357
13,215,216,9.72839
13,216,217,10.67497
13,217,218,8.9486
13,218,219,10.82859
13,219,220,5.37712
13,220,221,6.40219
13,221,222,6.15357
13,222,223,10.22952
13,223,224,5.82988
14,0,1,7.07247
14,0,15,8.83302
14,1,2,7.52129
14,1,16,13.89362
14,2,3,7.52129
14,2,17,9.34168
14,3,4,11.36571
14,3,18,8.2197
14,4,5,11.36571
14,4,19,10.0
14,5,6,12.48887
14,5,20,10.0
14,6,7,9.34168
14,6,21,11.36571
14,7,8,10.33307
14,7,22,6.89308
14,8,9,11.60319
14,8,23,9.78132
14,9,10,13.35971
14,9,24,11.98519
14,10,11,12.48887
14,10,25,12.24161
14,11,12,8.2197
14,11,26,6.89308
14,12,13,10.0
14,12,27,8.83302
14,13,14,6.89308
14,13,28,9.34168
14,14,29,13.1032
14,15,16,13.89362
14,15,30,13.1032
14,16,17,11.74345
14,16,31,13.1032
14,17,18,7.91066
14,17,32,10.11035
14,18,19,8.10481
14,18,33,6.70783
14,19,20,10.33307
14,19,34,11.11953
14,20,21,11.74345
14,20,35,10.11035
14,21,22,11.36571
14,21,36,8.83302
14,22,23,9.66245
14,22,37,9.55485
14,23,24,7.52129
14,23,38,9.55485
14,24,25,11.60319
14,24,39,6.89308
14,25,26,10.0
14,25,40,13.89362
14,26,27,6.53395
14,26,41,9.87966
14,27,28,10.88757
14,27,42,9.78132
14,28,29,10.0
14,28,43,9.66245
14,29,44,9.87966
14,30,31,13.63161
14,30,45,13.63161
14,31,32,10.11035
14,31,46,9.66245
14,32,33,9.55485
14,32,47,13.63161
14,33,34,10.0
14,33,48,9.78132
14,34,35,9.66245
14,34,49,11.60319
14,35,36,8.2197
14,35,50,8.10481
14,36,37,6.89308
14,36,51,7.70993
14,37,38,8.6291
14,37,52,10.33307
14,38,39,8.6291
14,38,53,11.74345
14,39,40,11.11953
14,39,54,6.70783
14,40,41,12.48887
14,40,55,7.91066
14,41,42,11.11953
14,41,56,13.63161
14,42,43,6.53395
14,42,57,7.70993
14,43,44,13.89362
14,43,58,7.52129
14,44,59,6.89308
14,45,46,9.34168
14,45,60,9.78132
14,46,47,7.91066
14,46,61,8.83302
14,47,48,10.11035
14,47,62,6.70783
14,48,49,12.24161
14,48,63,9.78132
14,49,50,9.55485
14,49,64,8.2197
14,50,51,10.11035
14,50,65,11.11953
14,51,52,7.70993
14,51,66,9.66245
14,52,53,11.36571
14,52,67,9.78132
14,53,54,8.6291
14,53,68,8.10481
14,54,55,10.11035
14,54,69,11.98519
14,55,56,10.0
14,55,70,13.63161
14,56,57,6.89308
14,56,71,11.74345
14,57,58,7.52129
14,57,72,8.41812
14,58,59,13.35971
14,58,73,6.89308
14,59,74,8.10481
14,60,61,9.55485
14,60,75,9.55485
14,61,62,11.74345
14,61,76,7.07247
14,62,63,8.6291
14,62,77,11.60319
14,63,64,7.70993
14,63,78,10.33307
14,64,65,11.60319
14,64,79,13.89362
14,65,66,10.33307
14,65,80,11.74345
14,66,67,12.48887
14,66,81,9.78132
14,67,68,11.74345
14,67,82,11.36571
14,68,69,8.2197
14,68,83,10.11035
14,69,70,9.55485
14,69,84,7.91066
14,70,71,13.63161
14,70,85,10.0
14,71,72,8.41812
14,71,86,13.89362
14,72,73,9.87966
14,72,87,8.2197
14,73,74,11.11953
14,73,88,13.1032
14,74,89,11.36571
14,75,76,11.60319
14,75,90,9.34168
14,76,77,11.11953
14,76,91,11.36571
14,77,78,8.10481
14,77,92,10.33307
14,78,79,7.91066
14,78,93,7.52129
14,79,80,7.52129
14,79,94,9.66245
14,80,81,8.2197
14,80,95,6.89308
14,81,82,10.33307
14,81,96,9.34168
14,82,83,8.41812
14,82,97,10.33307
14,83,84,8.10481
14,83,98,13.63161
14,84,85,6.53395
14,84,99,11.11953
14,85,86,9.34168
14,85,100,9.78132
14,86,87,12.48887
14,86,101,11.98519
14,87,88,7.91066
14,87,102,11.11953
14,88,89,9.55485
14,88,103,8.41812
14,89,104,6.53395
14,90,91,11.36571
14,90,105,7.91066
14,91,92,7.07247
14,91,106,13.1032
14,92,93,8.83302
14,92,107,7.52129
14,93,94,8.83302
14,93,108,8.10481
14,94,95,7.52129
14,94,109,9.66245
14,95,96,13.63161
14,95,110,7.52129
14,96,97,6.53395
14,96,111,7.07247
14,97,98,9.78132
14,97,112,13.35971
14,98,99,12.48887
14,98,113,13.89362
14,99,100,8.2197
14,99,114,9.87966
14,100,101,11.60319
14,100,115,13.89362
14,101,102,12.48887
14,101,116,8.6291
14,102,103,10.11035
14,102,117,13.1032
14,103,104,7.91066
14,103,118,9.87966
14,104,119,8.41812
14,105,106,6.53395
14,105,120,10.0
14,106,107,7.52129
14,106,121,8.10481
14,107,108,11.36571
14,107,122,11.11953
14,108,109,12.24161
14,108,123,11.11953
14,109,110,7.70993
14,109,124,13.35971
14,110,111,6.70783
14,110,125,11.11953
14,111,112,6.89308
14,111,126,13.1032
14,112,113,11.60319
14,112,127,11.11953
14,113,114,9.55485
14,113,128,10.88757
14,114,115,8.2197
14,114,129,11.60319
14,115,116,12.48887
14,115,130,7.52129
14,116,117,9.34168
14,116,131,11.74345
14,117,118,8.41812
14,117,132,8.6291
14,118,119,6.70783
14,118,133,7.07247
14,119,134,10.0
14,120,121,8.2197
14,120,135,11.36571
14,121,122,8.2197
14,121,136,13.89362
14,122,123,12.24161
14,122,137,7.07247
14,123,124,7.91066
14,123,138,8.41812
14,124,125,10.0
14,124,139,6.53395
14,125,126,7.52129
14,125,140,11.60319
14,126,127,10.88757
14,126,141,12.24161
14,127,128,7.91066
14,127,142,11.98519
14,128,129,13.35971
14,128,143,6.70783
14,129,130,10.88757
14,129,144,10.11035
14,130,131,9.78132
14,130,145,8.2197
14,131,132,9.78132
14,131,146,13.1032
14,132,133,7.07247
14,132,147,8.10481
14,133,134,7.91066
14,133,148,9.78132
14,134,149,11.98519
14,135,136,7.91066
14,135,150,10.0
14,136,137,8.2197
14,136,151,10.0
14,137,138,8.2197
14,137,152,11.74345
14,138,139,11.60319
14,138,153,9.87966
14,139,140,9.66245
14,139,154,10.0
14,140,141,9.66245
14,140,155,7.07247
14,141,142,12.24161
14,141,156,9.34168
14,142,143,10.88757
14,142,157,10.88757
14,143,144,11.11953
14,143,158,10.11035
14,144,145,11.60319
14,144,159,11.98519
14,145,146,7.91066
14,145,160,9.66245
14,146,147,11.36571
14,146,161,12.48887
14,147,148,8.41812
14,147,162,7.70993
14,148,149,6.70783
14,148,163,11.36571
14,149,164,13.35971
14,150,151,9.34168
14,150,165,11.98519
14,151,152,13.89362
14,151,166,9.34168
14,152,153,13.63161
14,152,167,9.66245
14,153,154,6.53395
14,153,168,9.55485
14,154,155,7.52129
14,154,169,10.88757
14,155,156,11.60319
14,155,170,6.70783
14,156,157,7.91066
14,156,171,10.88757
14,157,158,12.48887
14,157,172,10.88757
14,158,159,8.41812
14,158,173,12.24161
14,159,160,9.66245
14,159,174,6.89308
14,160,161,10.0
14,160,175,8.83302
14,161,162,13.1032
14,161,176,11.74345
14,162,163,13.35971
14,162,177,8.41812
14,163,164,10.0
14,163,178,13.63161
14,164,179,11.60319
14,165,166,13.35971
14,165,180,9.55485
14,166,167,7.07247
14,166,181,10.11035
14,167,168,10.11035
14,167,182,9.34168
14,168,169,7.07247
14,168,183,11.74345
14,169,170,6.70783
14,169,184,7.91066
14,170,171,10.88757
14,170,185,9.66245
14,171,172,6.53395
14,171,186,10.11035
14,172,173,10.11035
14,172,187,6.89308
14,173,174,9.87966
14,173,188,9.66245
14,174,175,9.55485
14,174,189,12.24161
14,175,176,7.07247
14,175,190,7.52129
14,176,177,11.98519
14,176,191,6.70783
14,177,178,12.48887
14,177,192,7.07247
14,178,179,7.91066
14,178,193,13.63161
14,179,194,10.88757
14,180,181,9.78132
14,180,195,11.98519
14,181,182,7.07247
14,181,196,10.33307
14,182,183,13.1032
14,182,197,8.10481
14,183,184,7.07247
14,183,198,11.98519
14,184,185,11.98519
14,184,199,9.34168
14,185,186,7.70993
14,185,200,12.24161
14,186,187,10.0
14,186,201,10.33307
14,187,188,11.98519
14,187,202,7.52129
14,188,189,13.63161
14,188,203,9.78132
14,189,190,10.33307
14,189,204,7.91066
14,190,191,10.0
14,190,205,11.74345
14,191,192,10.88757
14,191,206,13.35971
14,192,193,9.87966
14,192,207,11.60319
14,193,194,8.41812
14,193,208,7.07247
14,194,209,7.70993
14,195,196,9.87966
14,195,210,13.35971
14,196,197,13.35971
14,196,211,11.60319
14,197,198,7.07247
14,197,212,13.35971
14,198,199,6.53395
14,198,213,9.87966
14,199,200,9.78132
14,199,214,6.70783
14,200,201,7.07247
14,200,215,8.2197
14,201,202,8.83302
14,201,216,10.33307
14,202,203,9.78132
14,202,217,9.78132
14,203,204,13.89362
14,203,218,10.88757
14,204,205,11.60319
14,204,219,11.36571
14,205,206,8.6291
14,205,220,10.33307
14,206,207,13.63161
14,206,221,9.55485
14,207,208,11.74345
14,207,222,7.70993
14,208,209,6.53395
14,208,223,10.33307
14,209,224,6.70783
14,210,211,11.98519
14,211,212,6.53395
14,212,213,12.24161
14,213,214,9.87966
14,214,215,11.98519
14,215,216,12.24161
14,216,217,10.33307
14,217,218,8.6291
14,218,219,13.89362
14,219,220,7.52129
14,220,221,13.35971
14,221,222,11.98519
14,222,223,11.36571
14,223,224,13.1032
15,0,1,4.86181
15,0,15,9.22584
15,1,2,9.2284
15,1,16,11.63233
15,2,3,9.2284
15,2,17,15.22379
15,3,4,11.08542
15,3,18,14.24607
15,4,5,11.08542
15,4,19,10.0
15,5,6,10.78937
15,5,20,10.0
15,6,7,15.22379
15,6,21,11.08542
15,7,8,5.95451
15,7,22,8.74565
15,8,9,6.55923
15,8,23,15.57677
15,9,10,11.33118
15,9,24,10.5005
15,10,11,10.78937
15,10,25,16.57684
15,11,12,14.24607
15,11,26,8.74565
15,12,13,10.0
15,12,27,9.22584
15,13,14,8.74565
15,13,28,15.22379
15,14,29,17.25839
15,15,16,11.63233
15,15,30,17.25839
15,16,17,16.21188
15,16,31,17.25839
15,17,18,9.4974
15,17,32,10.26488
15,18,19,5.39773
15,18,33,4.68117
15,19,20,5.95451
15,19,34,6.34207
15,20,21,16.21188
15,20,35,10.26488
15,21,22,11.08542
15,21,36,9.22584
15,22,23,9.98391
15,22,37,9.7231
15,23,24,9.2284
15,23,38,9.7231
15,24,25,6.55923
15,24,39,8.74565
15,25,26,10.0
15,25,40,11.63233
15,26,27,8.48893
15,26,41,5.74962
15,27,28,10.79217
15,27,42,15.57677
15,28,29,10.0
15,28,43,9.98391
15,29,44,5.74962
15,30,31,17.63562
15,30,45,17.63562
15,31,32,10.26488
15,31,46,9.98391
15,32,33,9.7231
15,32,47,17.63562
15,33,34,10.0
15,33,48,15.57677
15,34,35,9.98391
15,34,49,6.55923
15,35,36,14.24607
15,35,50,5.39773
15,36,37,8.74565
15,36,51,5.20482
15,37,38,14.58679
15,37,52,5.95451
15,38,39,14.58679
15,38,53,16.21188
15,39,40,6.34207
15,39,54,4.68117
15,40,41,10.78937
15,40,55,9.4974
15,41,42,6.34207
15,41,56,17.63562
15,42,43,8.48893
15,42,57,5.20482
15,43,44,11.63233
15,43,58,9.2284
15,44,59,8.74565
15,45,46,15.22379
15,45,60,15.57677
15,46,47,9.4974
15,46,61,9.22584
15,47,48,10.26488
15,47,62,4.68117
15,48,49,16.57684
15,48,63,15.57677
15,49,50,9.7231
15,49,64,14.24607
15,50,51,10.26488
15,50,65,6.34207
15,51,52,5.20482
15,51,66,9.98391
15,52,53,11.08542
15,52,67,15.57677
15,53,54,14.58679
15,53,68,5.39773
15,54,55,10.26488
15,54,69,10.5005
15,55,56,10.0
15,55,70,17.63562
15,56,57,8.74565
15,56,71,16.21188
15,57,58,9.2284
15,57,72,8.96121
15,58,59,11.33118
15,58,73,8.74565
15,59,74,5.39773
15,60,61,9.7231
15,60,75,9.7231
15,61,62,16.21188
15,61,76,4.86181
15,62,63,14.58679
15,62,77,6.55923
15,63,64,5.20482
15,63,78,5.95451
15,64,65,6.55923
15,64,79,11.63233
15,65,66,5.95451
15,65,80,16.21188
15,66,67,10.78937
15,66,81,15.57677
15,67,68,16.21188
15,67,82,11.08542
15,68,69,14.24607
15,68,83,10.26488
15,69,70,9.7231
15,69,84,9.4974
15,70,71,17.63562
15,70,85,10.0
15,71,72,8.96121
15,71,86,11.63233
15,72,73,5.74962
15,72,87,14.24607
15,73,74,6.34207
15,73,88,17.25839
15,74,89,11.08542
15,75,76,6.55923
15,75,90,15.22379
15,76,77,6.34207
15,76,91,11.08542
15,77,78,5.39773
15,77,92,5.95451
15,78,79,9.4974
15,78,93,9.2284
15,79,80,9.2284
15,79,94,9.98391
15,80,81,14.24607
15,80,95,8.74565
15,81,82,5.95451
15,81,96,15.22379
15,82,83,8.96121
15,82,97,5.95451
15,83,84,5.39773
15,83,98,17.63562
15,84,85,8.48893
15,84,99,6.34207
15,85,86,15.22379
15,85,100,15.57677
15,86,87,10.78937
15,86,101,10.5005
15,87,88,9.4974
15,87,102,6.34207
15,88,89,9.7231
15,88,103,8.96121
15,89,104,8.48893
15,90,91,11.08542
15,90,105,9.4974
15,91,92,4.86181
15,91,106,17.25839
15,92,93,9.22584
15,92,107,9.2284
15,93,94,9.22584
15,93,108,5.39773
15,94,95,9.2284
15,94,109,9.98391
15,95,96,17.63562
15,95,110,9.2284
15,96,97,8.48893
15,96,111,4.86181
15,97,98,15.57677
15,97,112,11.33118
15,98,99,10.78937
15,98,113,11.63233
15,99,100,14.24607
15,99,114,5.74962
15,100,101,6.55923
15,100,115,11.63233
15,101,102,10.78937
15,101,116,14.58679
15,102,103,10.26488
15,102,117,17.25839
15,103,104,9.4974
15,103,118,5.74962
15,104,119,8.96121
15,105,106,8.48893
15,105,120,10.0
15,106,107,9.2284
15,106,121,5.39773
15,107,108,11.08542
15,107,122,6.34207
15,108,109,16.57684
15,108,123,6.34207
15,109,110,5.20482
15,109,124,11.33118
15,110,111,4.68117
15,110,125,6.34207
15,111,112,8.74565
15,111,126,17.25839
15,112,113,6.55923
15,112,127,6.34207
15,113,114,9.7231
15,113,128,10.79217
15,114,115,14.24607
15,114,129,6.55923
15,115,116,10.78937
15,115,130,9.2284
15,116,117,15.22379
15,116,131,16.21188
15,117,118,8.96121
15,117,132,14.58679
15,118,119,4.68117
15,118,133,4.86181
15,119,134,10.0
15,120,121,14.24607
15,120,135,11.08542
15,121,122,14.24607
15,121,136,11.63233
15,122,123,16.57684
15,122,137,4.86181
15,123,124,9.4974
15,123,138,8.96121
15,124,125,10.0
15,124,139,8.48893
15,125,126,9.2284
15,125,140,6.55923
15,126,127,10.79217
15,126,141,16.57684
15,127,128,9.4974
15,127,142,10.5005
15,128,129,11.33118
15,128,143,4.68117
15,129,130,10.79217
15,129,144,10.26488
15,130,131,15.57677
15,130,145,14.24607
15,131,132,15.57677
15,131,146,17.25839
15,132,133,4.86181
15,132,147,5.39773
15,133,134,9.4974
15,133,148,15.57677
15,134,149,10.5005
15,135,136,9.4974
15,135,150,10.0
15,136,137,14.24607
15,136,151,10.0
15,137,138,14.24607
15,137,152,16.21188
15,138,139,6.55923
15,138,153,5.74962
15,139,140,9.98391
15,139,154,10.0
15,140,141,9.98391
15,140,155,4.86181
15,141,142,16.57684
15,141,156,15.22379
15,142,143,10.79217
15,142,157,10.79217
15,143,144,6.34207
15,143,158,10.26488
15,144,145,6.55923
15,144,159,10.5005
15,145,146,9.4974
15,145,160,9.98391
15,146,147,11.08542
15,146,161,10.78937
15,147,148,8.96121
15,147,162,5.20482
15,148,149,4.68117
15,148,163,11.08542
15,149,164,11.33118
15,150,151,15.22379
15,150,165,10.5005
15,151,152,11.63233
15,151,166,15.22379
15,152,153,17.63562
15,152,167,9.98391
15,153,154,8.48893
15,153,168,9.7231
15,154,155,9.2284
15,154,169,10.79217
15,155,156,6.55923
15,155,170,4.68117
15,156,157,9.4974
15,156,171,10.79217
15,157,158,10.78937
15,157,172,10.79217
15,158,159,8.96121
15,158,173,16.57684
15,159,160,9.98391
15,159,174,8.74565
15,160,161,10.0
15,160,175,9.22584
15,161,162,17.25839
15,161,176,16.21188
15,162,163,11.33118
15,162,177,8.96121
15,163,164,10.0
15,163,178,17.63562
15,164,179,6.55923
15,165,166,11.33118
15,165,180,9.7231
15,166,167,4.86181
15,166,181,10.26488
15,167,168,10.26488
15,167,182,15.22379
15,168,169,4.86181
15,168,183,16.21188
15,169,170,4.68117
15,169,184,9.4974
15,170,171,10.79217
15,170,185,9.98391
15,171,172,8.48893
15,171,186,10.26488
15,172,173,10.26488
15,172,187,8.74565
15,173,174,5.74962
15,173,188,9.98391
15,174,175,9.7231
15,174,189,16.57684
15,175,176,4.86181
15,175,190,9.2284
15,176,177,10.5005
15,176,191,4.68117
15,177,178,10.78937
15,177,192,4.86181
15,178,179,9.4974
15,178,193,17.63562
15,179,194,10.79217
15,180,181,15.57677
15,180,195,10.5005
15,181,182,4.86181
15,181,196,5.95451
15,182,183,17.25839
15,182,197,5.39773
15,183,184,4.86181
15,183,198,10.5005
15,184,185,10.5005
15,184,199,15.22379
15,185,186,5.20482
15,185,200,16.57684
15,186,187,10.0
15,186,201,5.95451
15,187,188,10.5005
15,187,202,9.2284
15,188,189,17.63562
15,188,203,15.57677
15,189,190,5.95451
15,189,204,9.4974
15,190,191,10.0
15,190,205,16.21188
15,191,192,10.79217
15,191,206,11.33118
15,192,193,5.74962
15,192,207,6.55923
15,193,194,8.96121
15,193,208,4.86181
15,194,209,5.20482
15,195,196,5.74962
15,195,210,11.33118
15,196,197,11.33118
15,196,211,6.55923
15,197,198,4.86181
15,197,212,11.33118
15,198,199,8.48893
15,198,213,5.74962
15,199,200,15.57677
15,199,214,4.68117
15,200,201,4.86181
15,200,215,14.24607
15,201,202,9.22584
15,201,216,5.95451
15,202,203,15.57677
15,202,217,15.57677
15,203,204,11.63233
15,203,218,10.79217
15,204,205,6.55923
15,204,219,11.08542
15,205,206,14.58679
15,205,220,5.95451
15,206,207,17.63562
15,206,221,9.7231
15,207,208,16.21188
15,207,222,5.20482
15,208,209,8.48893
15,208,223,5.95451
15,209,224,4.68117
15,210,211,10.5005
15,211,212,8.48893
15,212,213,16.57684
15,213,214,5.74962
15,214,215,10.5005
15,215,216,16.57684
15,216,217,5.95451
15,217,218,14.58679
15,218,219,11.63233
15,219,220,9.2284
15,220,221,11.33118
15,221,222,10.5005
15,222,223,11.08542
15,223,224,17.25839
16,0,1,12.72962
16,0,15,12.82785
16,1,2,14.67595
16,1,16,10.51704
16,2,3,14.67595
16,2,17,14.782
16,3,4,13.69208
16,3,18,18.23558
16,4,5,13.69208
16,4,19,10.0
16,5,6,13.41952
16,5,20,10.0
16,6,7,14.782
16,6,21,13.69208
16,7,8,13.31886
16,7,22,16.34123
16,8,9,10.42895
16,8,23,13.19361
16,9,10,11.92598
16,9,24,15.02211
16,10,11,13.41952
16,10,25,17.12881
16,11,12,18.23558
16,11,26,16.34123
16,12,13,10.0
16,12,27,12.82785
16,13,14,16.34123
16,13,28,14.782
16,14,29,15.42011
16,15,16,10.51704
16,15,30,15.42011
16,16,17,18.94832
16,16,31,15.42011
16,17,18,13.09387
16,17,32,17.01407
16,18,19,9.91434
16,18,33,14.28843
16,19,20,13.31886
16,19,34,11.83158
16,20,21,18.94832
16,20,35,17.01407
16,21,22,13.69208
16,21,36,12.82785
16,22,23,18.82727
16,22,37,11.37147
16,23,24,14.67595
16,23,38,11.37147
16,24,25,10.42895
16,24,39,16.34123
16,25,26,10.0
16,25,40,10.51704
16,26,27,18.11695
16,26,41,14.91514
16,27,28,15.31163
16,27,42,13.19361
16,28,29,10.0
16,28,43,18.82727
16,29,44,14.91514
16,30,31,13.79425
16,30,45,13.79425
16,31,32,17.01407
16,31,46,18.82727
16,32,33,11.37147
16,32,47,13.79425
16,33,34,10.0
16,33,48,13.19361
16,34,35,18.82727
16,34,49,10.42895
16,35,36,18.23558
16,35,50,9.91434
16,36,37,16.34123
16,36,51,11.2795
16,37,38,16.45354
16,37,52,13.31886
16,38,39,16.45354
16,38,53,18.94832
16,39,40,11.83158
16,39,54,14.28843
16,40,41,13.41952
16,40,55,13.09387
16,41,42,11.83158
16,41,56,13.79425
16,42,43,18.11695
16,42,57,11.2795
16,43,44,10.51704
16,43,58,14.67595
16,44,59,16.34123
16,45,46,14.782
16,45,60,13.19361
16,46,47,13.09387
16,46,61,12.82785
16,47,48,17.01407
16,47,62,14.28843
16,48,49,17.12881
16,48,63,13.19361
16,49,50,11.37147
16,49,64,18.23558
16,50,51,17.01407
16,50,65,11.83158
16,51,52,11.2795
16,51,66,18.82727
16,52,53,13.69208
16,52,67,13.19361
16,53,54,16.45354
16,53,68,9.91434
16,54,55,17.01407
16,54,69,15.02211
16,55,56,10.0
16,55,70,13.79425
16,56,57,16.34123
16,56,71,18.94832
16,57,58,14.67595
16,57,72,14.39297
16,58,59,11.92598
16,58,73,16.34123
16,59,74,9.91434
16,60,61,11.37147
16,60,75,11.37147
16,61,62,18.94832
16,61,76,12.72962
16,62,63,16.45354
16,62,77,10.42895
16,63,64,11.2795
16,63,78,13.31886
16,64,65,10.42895
16,64,79,10.51704
16,65,66,13.31886
16,65,80,18.94832
16,66,67,13.41952
16,66,81,13.19361
16,67,68,18.94832
16,67,82,13.69208
16,68,69,18.23558
16,68,83,17.01407
16,69,70,11.37147
16,69,84,13.09387
16,70,71,13.79425
16,70,85,10.0
16,71,72,14.39297
16,71,86,10.51704
16,72,73,14.91514
16,72,87,18.23558
16,73,74,11.83158
16,73,88,15.42011
16,74,89,13.69208
16,75,76,10.42895
16,75,90,14.782
16,76,77,11.83158
16,76,91,13.69208
16,77,78,9.91434
16,77,92,13.31886
16,78,79,13.09387
16,78,93,14.67595
16,79,80,14.67595
16,79,94,18.82727
16,80,81,18.23558
16,80,95,16.34123
16,81,82,13.31886
16,81,96,14.782
16,82,83,14.39297
16,82,97,13.31886
16,83,84,9.91434
16,83,98,13.79425
16,84,85,18.11695
16,84,99,11.83158
16,85,86,14.782
16,85,100,13.19361
16,86,87,13.41952
16,86,101,15.02211
16,87,88,13.09387
16,87,102,11.83158
16,88,89,11.37147
16,88,103,14.39297
16,89,104,18.11695
16,90,91,13.69208
16,90,105,13.09387
16,91,92,12.72962
16,91,106,15.42011
16,92,93,12.82785
16,92,107,14.67595
16,93,94,12.82785
16,93,108,9.91434
16,94,95,14.67595
16,94,109,18.82727
16,95,96,13.79425
16,95,110,14.67595
16,96,97,18.11695
16,96,111,12.72962
16,97,98,13.19361
16,97,112,11.92598
16,98,99,13.41952
16,98,113,10.51704
16,99,100,18.23558
16,99,114,14.91514
16,100,101,10.42895
16,100,115,10.51704
16,101,102,13.41952
16,101,116,16.45354
16,102,103,17.01407
16,102,117,15.42011
16,103,104,13.09387
16,103,118,14.91514
16,104,119,14.39297
16,105,106,18.11695
16,105,120,10.0
16,106,107,14.67595
16,106,121,9.91434
16,107,108,13.69208
16,107,122,11.83158
16,108,109,17.12881
16,108,123,11.83158
16,109,110,11.2795
16,109,124,11.92598
16,110,111,14.28843
16,110,125,11.83158
16,111,112,16.34123
16,111,126,15.42011
16,112,113,10.42895
16,112,127,11.83158
16,113,114,11.37147
16,113,128,15.31163
16,114,115,18.23558
16,114,129,10.42895
16,115,116,13.41952
16,115,130,14.67595
16,116,117,14.782
16,116,131,18.94832
16,117,118,14.39297
16,117,132,16.45354
16,118,119,14.28843
16,118,133,12.72962
16,119,134,10.0
16,120,121,18.23558
16,120,135,13.69208
16,121,122,18.23558
16,121,136,10.51704
16,122,123,17.12881
16,122,137,12.72962
16,123,124,13.09387
16,123,138,14.39297
16,124,125,10.0
16,124,139,18.11695
16,125,126,14.67595
16,125,140,10.42895
16,126,127,15.31163
16,126,141,17.12881
16,127,128,13.09387
16,127,142,15.02211
16,128,129,11.92598
16,128,143,14.28843
16,129,130,15.31163
16,129,144,17.01407
16,130,131,13.19361
16,130,145,18.23558
16,131,132,13.19361
16,131,146,15.42011
16,132,133,12.72962
16,132,147,9.91434
16,133,134,13.09387
16,133,148,13.19361
16,134,149,15.02211
16,135,136,13.09387
16,135,150,10.0
16,136,137,18.23558
16,136,151,10.0
16,137,138,18.23558
16,137,152,18.94832
16,138,139,10.42895
16,138,153,14.91514
16,139,140,18.82727
16,139,154,10.0
16,140,141,18.82727
16,140,155,12.72962
16,141,142,17.12881
16,141,156,14.782
16,142,143,15.31163
16,142,157,15.31163
16,143,144,11.83158
16,143,158,17.01407
16,144,145,10.42895
16,144,159,15.02211
16,145,146,13.09387
16,145,160,18.82727
16,146,147,13.69208
16,146,161,13.41952
16,147,148,14.39297
16,147,162,11.2795
16,148,149,14.28843
16,148,163,13.69208
16,149,164,11.92598
16,150,151,14.782
16,150,165,15.02211
16,151,152,10.51704
16,151,166,14.782
16,152,153,13.79425
16,152,167,18.82727
16,153,154,18.11695
16,153,168,11.37147
16,154,155,14.67595
16,154,169,15.31163
16,155,156,10.42895
16,155,170,14.28843
16,156,157,13.09387
16,156,171,15.31163
16,157,158,13.41952
16,157,172,15.31163
16,158,159,14.39297
16,158,173,17.12881
16,159,160,18.82727
16,159,174,16.34123
16,160,161,10.0
16,160,175,12.82785
16,161,162,15.42011
16,161,176,18.94832
16,162,163,11.92598
16,162,177,14.39297
16,163,164,10.0
16,163,178,13.79425
16,164,179,10.42895
16,165,166,11.92598
16,165,180,11.37147
16,166,167,12.72962
16,166,181,17.01407
16,167,168,17.01407
16,167,182,14.782
16,168,169,12.72962
16,168,183,18.94832
16,169,170,14.28843
16,169,184,13.09387
16,170,171,15.31163
16,170,185,18.82727
16,171,172,18.11695
16,171,186,17.01407
16,172,173,17.01407
16,172,187,16.34123
16,173,174,14.91514
16,173,188,18.82727
16,174,175,11.37147
16,174,189,17.12881
16,175,176,12.72962
16,175,190,14.67595
16,176,177,15.02211
16,176,191,14.28843
16,177,178,13.41952
16,177,192,12.72962
16,178,179,13.09387
16,178,193,13.79425
16,179,194,15.31163
16,180,181,13.19361
16,180,195,15.02211
16,181,182,12.72962
16,181,196,13.31886
16,182,183,15.42011
16,182,197,9.91434
16,183,184,12.72962
16,183,198,15.02211
16,184,185,15.02211
16,184,199,14.782
16,185,186,11.2795
16,185,200,17.12881
16,186,187,10.0
16,186,201,13.31886
16,187,188,15.02211
16,187,202,14.67595
16,188,189,13.79425
16,188,203,13.19361
16,189,190,13.31886
16,189,204,13.09387
16,190,191,10.0
16,190,205,18.94832
16,191,192,15.31163
16,191,206,11.92598
16,192,193,14.91514
16,192,207,10.42895
16,193,194,14.39297
16,193,208,12.72962
16,194,209,11.2795
16,195,196,14.91514
16,195,210,11.92598
16,196,197,11.92598
16,196,211,10.42895
16,197,198,12.72962
16,197,212,11.92598
16,198,199,18.11695
16,198,213,14.91514
16,199,200,13.19361
16,199,214,14.28843
16,200,201,12.72962
16,200,215,18.23558
16,201,202,12.82785
16,201,216,13.31886
16,202,203,13.19361
16,202,217,13.19361
16,203,204,10.51704
16,203,218,15.31163
16,204,205,10.42895
16,204,219,13.69208
16,205,206,16.45354
16,205,220,13.31886
16,206,207,13.79425
16,206,221,11.37147
16,207,208,18.94832
16,207,222,11.2795
16,208,209,18.11695
16,208,223,13.31886
16,209,224,14.28843
16,210,211,15.02211
16,211,212,18.11695
16,212,213,17.12881
16,213,214,14.91514
16,214,215,15.02211
16,215,216,17.12881
16,216,217,13.31886
16,217,218,16.45354
16,218,219,10.51704
16,219,220,14.67595
16,220,221,11.92598
16,221,222,15.02211
16,222,223,13.69208
16,223,224,15.42011
17,0,1,9.09807
17,0,15,8.08099
17,1,2,7.85668
17,1,16,14.24282
17,2,3,7.85668
17,2,17,6.92352
17,3,4,14.83518
17,3,18,5.38835
17,4,5,14.83518
17,4,19,10.0
17,5,6,11.89053
17,5,20,10.0
17,6,7,6.92352
17,6,21,14.83518
17,7,8,13.14369
17,7,22,8.51588
17,8,9,15.6212
17,8,23,9.38565
17,9,10,11.09394
17,9,24,9.05486
17,10,11,11.89053
17,10,25,11.21365
17,11,12,5.38835
17,11,26,8.51588
17,12,13,10.0
17,12,27,8.08099
17,13,14,8.51588
17,13,28,6.92352
17,14,29,10.44269
17,15,16,14.24282
17,15,30,10.44269
17,16,17,8.47425
17,16,31,10.44269
17,17,18,10.48947
17,17,32,12.42831
17,18,19,11.14231
17,18,33,6.68221
17,19,20,13.14369
17,19,34,12.30167
17,20,21,8.47425
17,20,35,12.42831
17,21,22,14.83518
17,21,36,8.08099
17,22,23,9.51827
17,22,37,7.44159
17,23,24,7.85668
17,23,38,7.44159
17,24,25,15.6212
17,24,39,8.51588
17,25,26,10.0
17,25,40,14.24282
17,26,27,6.1963
17,26,41,10.13737
17,27,28,11.61193
17,27,42,9.38565
17,28,29,10.0
17,28,43,9.51827
17,29,44,10.13737
17,30,31,13.49529
17,30,45,13.49529
17,31,32,12.42831
17,31,46,9.51827
17,32,33,7.44159
17,32,47,13.49529
17,33,34,10.0
17,33,48,9.38565
17,34,35,9.51827
17,34,49,15.6212
17,35,36,5.38835
17,35,50,11.14231
17,36,37,8.51588
17,36,51,8.41325
17,37,38,7.53728
17,37,52,13.14369
17,38,39,7.53728
17,38,53,8.47425
17,39,40,12.30167
17,39,54,6.68221
17,40,41,11.89053
17,40,55,10.48947
17,41,42,12.30167
17,41,56,13.49529
17,42,43,6.1963
17,42,57,8.41325
17,43,44,14.24282
17,43,58,7.85668
17,44,59,8.51588
17,45,46,6.92352
17,45,60,9.38565
17,46,47,10.48947
17,46,61,8.08099
17,47,48,12.42831
17,47,62,6.68221
17,48,49,11.21365
17,48,63,9.38565
17,49,50,7.44159
17,49,64,5.38835
17,50,51,12.42831
17,50,65,12.30167
17,51,52,8.41325
17,51,66,9.51827
17,52,53,14.83518
17,52,67,9.38565
17,53,54,7.53728
17,53,68,11.14231
17,54,55,12.42831
17,54,69,9.05486
17,55,56,10.0
17,55,70,13.49529
17,56,57,8.51588
17,56,71,8.47425
17,57,58,7.85668
17,57,72,5.83578
17,58,59,11.09394
17,58,73,8.51588
17,59,74,11.14231
17,60,61,7.44159
17,60,75,7.44159
17,61,62,8.47425
17,61,76,9.09807
17,62,63,7.53728
17,62,77,15.6212
17,63,64,8.41325
17,63,78,13.14369
17,64,65,15.6212
17,64,79,14.24282
17,65,66,13.14369
17,65,80,8.47425
17,66,67,11.89053
17,66,81,9.38565
17,67,68,8.47425
17,67,82,14.83518
17,68,69,5.38835
17,68,83,12.42831
17,69,70,7.44159
17,69,84,10.48947
17,70,71,13.49529
17,70,85,10.0
17,71,72,5.83578
17,71,86,14.24282
17,72,73,10.13737
17,72,87,5.38835
17,73,74,12.30167
17,73,88,10.44269
17,74,89,14.83518
17,75,76,15.6212
17,75,90,6.92352
17,76,77,12.30167
17,76,91,14.83518
17,77,78,11.14231
17,77,92,13.14369
17,78,79,10.48947
17,78,93,7.85668
17,79,80,7.85668
17,79,94,9.51827
17,80,81,5.38835
17,80,95,8.51588
17,81,82,13.14369
17,81,96,6.92352
17,82,83,5.83578
17,82,97,13.14369
17,83,84,11.14231
17,83,98,13.49529
17,84,85,6.1963
17,84,99,12.30167
17,85,86,6.92352
17,85,100,9.38565
17,86,87,11.89053
17,86,101,9.05486
17,87,88,10.48947
17,87,102,12.30167
17,88,89,7.44159
17,88,103,5.83578
17,89,104,6.1963
17,90,91,14.83518
17,90,105,10.48947
17,91,92,9.09807
17,91,106,10.44269
17,92,93,8.08099
17,92,107,7.85668
17,93,94,8.08099
17,93,108,11.14231
17,94,95,7.85668
17,94,109,9.51827
17,95,96,13.49529
17,95,110,7.85668
17,96,97,6.1963
17,96,111,9.09807
17,97,98,9.38565
17,97,112,11.09394
17,98,99,11.89053
17,98,113,14.24282
17,99,100,5.38835
17,99,114,10.13737
17,100,101,15.6212
17,100,115,14.24282
17,101,102,11.89053
17,101,116,7.53728
17,102,103,12.42831
17,102,117,10.44269
17,103,104,10.48947
17,103,118,10.13737
17,104,119,5.83578
17,105,106,6.1963
17,105,120,10.0
17,106,107,7.85668
17,106,121,11.14231
17,107,108,14.83518
17,107,122,12.30167
17,108,109,11.21365
17,108,123,12.30167
17,109,110,8.41325
17,109,124,11.09394
17,110,111,6.68221
17,110,125,12.30167
17,111,112,8.51588
17,111,126,10.44269
17,112,113,15.6212
17,112,127,12.30167
17,113,114,7.44159
17,113,128,11.61193
17,114,115,5.38835
17,114,129,15.6212
17,115,116,11.89053
17,115,130,7.85668
17,116,117,6.92352
17,116,131,8.47425
17,117,118,5.83578
17,117,132,7.53728
17,118,119,6.68221
17,118,133,9.09807
17,119,134,10.0
17,120,121,5.38835
17,120,135,14.83518
17,121,122,5.38835
17,121,136,14.24282
17,122,123,11.21365
17,122,137,9.09807
17,123,124,10.48947
17,123,138,5.83578
17,124,125,10.0
17,124,139,6.1963
17,125,126,7.85668
17,125,140,15.6212
17,126,127,11.61193
17,126,141,11.21365
17,127,128,10.48947
17,127,142,9.05486
17,128,129,11.09394
17,128,143,6.68221
17,129,130,11.61193
17,129,144,12.42831
17,130,131,9.38565
17,130,145,5.38835
17,131,132,9.38565
17,131,146,10.44269
17,132,133,9.09807
17,132,147,11.14231
17,133,134,10.48947
17,133,148,9.38565
17,134,149,9.05486
17,135,136,10.48947
17,135,150,10.0
17,136,137,5.38835
17,136,151,10.0
17,137,138,5.38835
17,137,152,8.47425
17,138,139,15.6212
17,138,153,10.13737
17,139,140,9.51827
17,139,154,10.0
17,140,141,9.51827
17,140,155,9.09807
17,141,142,11.21365
17,141,156,6.92352
17,142,143,11.61193
17,142,157,11.61193
17,143,144,12.30167
17,143,158,12.42831
17,144,145,15.6212
17,144,159,9.05486
17,145,146,10.48947
17,145,160,9.51827
17,146,147,14.83518
17,146,161,11.89053
17,147,148,5.83578
17,147,162,8.41325
17,148,149,6.68221
17,148,163,14.83518
17,149,164,11.09394
17,150,151,6.92352
17,150,165,9.05486
17,151,152,14.24282
17,151,166,6.92352
17,152,153,13.49529
17,152,167,9.51827
17,153,154,6.1963
17,153,168,7.44159
17,154,155,7.85668
17,154,169,11.61193
17,155,156,15.6212
17,155,170,6.68221
17,156,157,10.48947
17,156,171,11.61193
17,157,158,11.89053
17,157,172,11.61193
17,158,159,5.83578
17,158,173,11.21365
17,159,160,9.51827
17,159,174,8.51588
17,160,161,10.0
17,160,175,8.08099
17,161,162,10.44269
17,161,176,8.47425
17,162,163,11.09394
17,162,177,5.83578
17,163,164,10.0
17,163,178,13.49529
17,164,179,15.6212
17,165,166,11.09394
17,165,180,7.44159
17,166,167,9.09807
17,166,181,12.42831
17,167,168,12.42831
17,167,182,6.92352
17,168,169,9.09807
17,168,183,8.47425
17,169,170,6.68221
17,169,184,10.48947
17,170,171,11.61193
17,170,185,9.51827
17,171,172,6.1963
17,171,186,12.42831
17,172,173,12.42831
17,172,187,8.51588
17,173,174,10.13737
17,173,188,9.51827
17,174,175,7.44159
17,174,189,11.21365
17,175,176,9.09807
17,175,190,7.85668
17,176,177,9.05486
17,176,191,6.68221
17,177,178,11.89053
17,177,192,9.09807
17,178,179,10.48947
17,178,193,13.49529
17,179,194,11.61193
17,180,181,9.38565
17,180,195,9.05486
17,181,182,9.09807
17,181,196,13.14369
17,182,183,10.44269
17,182,197,11.14231
17,183,184,9.09807
17,183,198,9.05486
17,184,185,9.05486
17,184,199,6.92352
17,185,186,8.41325
17,185,200,11.21365
17,186,187,10.0
17,186,201,13.14369
17,187,188,9.05486
17,187,202,7.85668
17,188,189,13.49529
17,188,203,9.38565
17,189,190,13.14369
17,189,204,10.48947
17,190,191,10.0
17,190,205,8.47425
17,191,192,11.61193
17,191,206,11.09394
17,192,193,10.13737
17,192,207,15.6212
17,193,194,5.83578
17,193,208,9.09807
17,194,209,8.41325
17,195,196,10.13737
17,195,210,11.09394
17,196,197,11.09394
17,196,211,15.6212
17,197,198,9.09807
17,197,212,11.09394
17,198,199,6.1963
17,198,213,10.13737
17,199,200,9.38565
17,199,214,6.68221
17,200,201,9.09807
17,200,215,5.38835
17,201,202,8.08099
17,201,216,13.14369
17,202,203,9.38565
17,202,217,9.38565
17,203,204,14.24282
17,203,218,11.61193
17,204,205,15.6212
17,204,219,14.83518
17,205,206,7.53728
17,205,220,13.14369
17,206,207,13.49529
17,206,221,7.44159
17,207,208,8.47425
17,207,222,8.41325
17,208,209,6.1963
17,208,223,13.14369
17,209,224,6.68221
17,210,211,9.05486
17,211,212,6.1963
17,212,213,11.21365
17,213,214,10.13737
17,214,215,9.05486
17,215,216,11.21365
17,216,217,13.14369
17,217,218,7.53728
17,218,219,14.24282
17,219,220,7.85668
17,220,221,11.09394
17,221,222,9.05486
17,222,223,14.83518
17,223,224,10.44269
18,0,1,9.77337
18,0,15,8.6662
18,1,2,7.48251
18,1,16,10.52256
18,2,3,7.48251
18,2,17,6.53605
18,3,4,9.96783
18,3,18,5.50149
18,4,5,9.96783
18,4,19,10.0
18,5,6,9.14906
18,5,20,10.0
18,6,7,6.53605
18,6,21,9.96783
18,7,8,10.2894
18,7,22,8.16932
18,8,9,11.75224
18,8,23,8.37433
18,9,10,8.41568
18,9,24,7.20989
18,10,11,9.14906
18,10,25,7.60607
18,11,12,5.50149
18,11,26,8.16932
18,12,13,10.0
18,12,27,8.6662
18,13,14,8.16932
18,13,28,6.53605
18,14,29,6.94749
18,15,16,10.52256
18,15,30,6.94749
18,16,17,5.87322
18,16,31,6.94749
18,17,18,9.46093
18,17,32,8.63651
18,18,19,11.1965
18,18,33,7.75634
18,19,20,10.2894
18,19,34,9.50522
18,20,21,5.87322
18,20,35,8.63651
18,21,22,9.96783
18,21,36,8.6662
18,22,23,6.76352
18,22,37,7.9554
18,23,24,7.48251
18,23,38,7.9554
18,24,25,11.75224
18,24,39,8.16932
18,25,26,10.0
18,25,40,10.52256
18,26,27,6.35862
18,26,41,8.21009
18,27,28,7.92713
18,27,42,8.37433
18,28,29,10.0
18,28,43,6.76352
18,29,44,8.21009
18,30,31,8.84805
18,30,45,8.84805
18,31,32,8.63651
18,31,46,6.76352
18,32,33,7.9554
18,32,47,8.84805
18,33,34,10.0
18,33,48,8.37433
18,34,35,6.76352
18,34,49,11.75224
18,35,36,5.50149
18,35,50,11.1965
18,36,37,8.16932
18,36,51,9.01176
18,37,38,7.17206
18,37,52,10.2894
18,38,39,7.17206
18,38,53,5.87322
18,39,40,9.50522
18,39,54,7.75634
18,40,41,9.14906
18,40,55,9.46093
18,41,42,9.50522
18,41,56,8.84805
18,42,43,6.35862
18,42,57,9.01176
18,43,44,10.52256
18,43,58,7.48251
18,44,59,8.16932
18,45,46,6.53605
18,45,60,8.37433
18,46,47,9.46093
18,46,61,8.6662
18,47,48,8.63651
18,47,62,7.75634
18,48,49,7.60607
18,48,63,8.37433
18,49,50,7.9554
18,49,64,5.50149
18,50,51,8.63651
18,50,65,9.50522
18,51,52,9.01176
18,51,66,6.76352
18,52,53,9.96783
18,52,67,8.37433
18,53,54,7.17206
18,53,68,11.1965
18,54,55,8.63651
18,54,69,7.20989
18,55,56,10.0
18,55,70,8.84805
18,56,57,8.16932
18,56,71,5.87322
18,57,58,7.48251
18,57,72,6.78932
18,58,59,8.41568
18,58,73,8.16932
18,59,74,11.1965
18,60,61,7.9554
18,60,75,7.9554
18,61,62,5.87322
18,61,76,9.77337
18,62,63,7.17206
18,62,77,11.75224
18,63,64,9.01176
18,63,78,10.2894
18,64,65,11.75224
18,64,79,10.52256
18,65,66,10.2894
18,65,80,5.87322
18,66,67,9.14906
18,66,81,8.37433
18,67,68,5.87322
18,67,82,9.96783
18,68,69,5.50149
18,68,83,8.63651
18,69,70,7.9554
18,69,84,9.46093
18,70,71,8.84805
18,70,85,10.0
18,71,72,6.78932
18,71,86,10.52256
18,72,73,8.21009
18,72,87,5.50149
18,73,74,9.50522
18,73,88,6.94749
18,74,89,9.96783
18,75,76,11.75224
18,75,90,6.53605
18,76,77,9.50522
18,76,91,9.96783
18,77,78,11.1965
18,77,92,10.2894
18,78,79,9.46093
18,78,93,7.48251
18,79,80,7.48251
18,79,94,6.76352
18,80,81,5.50149
18,80,95,8.16932
18,81,82,10.2894
18,81,96,6.53605
18,82,83,6.78932
18,82,97,10.2894
18,83,84,11.1965
18,83,98,8.84805
18,84,85,6.35862
18,84,99,9.50522
18,85,86,6.53605
18,85,100,8.37433
18,86,87,9.14906
18,86,101,7.20989
18,87,88,9.46093
18,87,102,9.50522
18,88,89,7.9554
18,88,103,6.78932
18,89,104,6.35862
18,90,91,9.96783
18,90,105,9.46093
18,91,92,9.77337
18,91,106,6.94749
18,92,93,8.6662
18,92,107,7.48251
18,93,94,8.6662
18,93,108,11.1965
18,94,95,7.48251
18,94,109,6.76352
18,95,96,8.84805
18,95,110,7.48251
18,96,97,6.35862
18,96,111,9.77337
18,97,98,8.37433
18,97,112,8.41568
18,98,99,9.14906
18,98,113,10.52256
18,99,100,5.50149
18,99,114,8.21009
18,100,101,11.75224
18,100,115,10.52256
18,101,102,9.14906
18,101,116,7.17206
18,102,103,8.63651
18,102,117,6.94749
18,103,104,9.46093
18,103,118,8.21009
18,104,119,6.78932
18,105,106,6.35862
18,105,120,10.0
18,106,107,7.48251
18,106,121,11.1965
18,107,108,9.96783
18,107,122,9.50522
18,108,109,7.60607
18,108,123,9.50522
18,109,110,9.01176
18,109,124,8.41568
18,110,111,7.75634
18,110,125,9.50522
18,111,112,8.16932
18,111,126,6.94749
18,112,113,11.75224
18,112,127,9.50522
18,113,114,7.9554
18,113,128,7.92713
18,114,115,5.50149
18,114,129,11.75224
18,115,116,9.14906
18,115,130,7.48251
18,116,117,6.53605
18,116,131,5.87322
18,117,118,6.78932
18,117,132,7.17206
18,118,119,7.75634
18,118,133,9.77337
18,119,134,10.0
18,120,121,5.50149
18,120,135,9.96783
18,121,122,5.50149
18,121,136,10.52256
18,122,123,7.60607
18,122,137,9.77337
18,123,124,9.46093
18,123,138,6.78932
18,124,125,10.0
18,124,139,6.35862
18,125,126,7.48251
18,125,140,11.75224
18,126,127,7.92713
18,126,141,7.60607
18,127,128,9.46093
18,127,142,7.20989
18,128,129,8.41568
18,128,143,7.75634
18,129,130,7.92713
18,129,144,8.63651
18,130,131,8.37433
18,130,145,5.50149
18,131,132,8.37433
18,131,146,6.94749
18,132,133,9.77337
18,132,147,11.1965
18,133,134,9.46093
18,133,148,8.37433
18,134,149,7.20989
18,135,136,9.46093
18,135,150,10.0
18,136,137,5.50149
18,136,151,10.0
18,137,138,5.50149
18,137,152,5.87322
18,138,139,11.75224
18,138,153,8.21009
18,139,140,6.76352
18,139,154,10.0
18,140,141,6.76352
18,140,155,9.77337
18,141,142,7.60607
18,141,156,6.53605
18,142,143,7.92713
18,142,157,7.92713
18,143,144,9.50522
18,143,158,8.63651
18,144,145,11.75224
18,144,159,7.20989
18,145,146,9.46093
18,145,160,6.76352
18,146,147,9.96783
18,146,161,9.14906
18,147,148,6.78932
18,147,162,9.01176
18,148,149,7.75634
18,148,163,9.96783
18,149,164,8.41568
18,150,151,6.53605
18,150,165,7.20989
18,151,152,10.52256
18,151,166,6.53605
18,152,153,8.84805
18,152,167,6.76352
18,153,154,6.35862
18,153,168,7.9554
18,154,155,7.48251
18,154,169,7.92713
18,155,156,11.75224
18,155,170,7.75634
18,156,157,9.46093
18,156,171,7.92713
18,157,158,9.14906
18,157,172,7.92713
18,158,159,6.78932
18,158,173,7.60607
18,159,160,6.76352
18,159,174,8.16932
18,160,161,10.0
18,160,175,8.6662
18,161,162,6.94749
18,161,176,5.87322
18,162,163,8.41568
18,162,177,6.78932
18,163,164,10.0
18,163,178,8.84805
18,164,179,11.75224
18,165,166,8.41568
18,165,180,7.9554
18,166,167,9.77337
18,166,181,8.63651
18,167,168,8.63651
18,167,182,6.53605
18,168,169,9.77337
18,168,183,5.87322
18,169,170,7.75634
18,169,184,9.46093
18,170,171,7.92713
18,170,185,6.76352
18,171,172,6.35862
18,171,186,8.63651
18,172,173,8.63651
18,172,187,8.16932
18,173,174,8.21009
18,173,188,6.76352
18,174,175,7.9554
18,174,189,7.60607
18,175,176,9.77337
18,175,190,7.48251
18,176,177,7.20989
18,176,191,7.75634
18,177,178,9.14906
18,177,192,9.77337
18,178,179,9.46093
18,178,193,8.84805
18,179,194,7.92713
18,180,181,8.37433
18,180,195,7.20989
18,181,182,9.77337
18,181,196,10.2894
18,182,183,6.94749
18,182,197,11.1965
18,183,184,9.77337
18,183,198,7.20989
18,184,185,7.20989
18,184,199,6.53605
18,185,186,9.01176
18,185,200,7.60607
18,186,187,10.0
18,186,201,10.2894
18,187,188,7.20989
18,187,202,7.48251
18,188,189,8.84805
18,188,203,8.37433
18,189,190,10.2894
18,189,204,9.46093
18,190,191,10.0
18,190,205,5.87322
18,191,192,7.92713
18,191,206,8.41568
18,192,193,8.21009
18,192,207,11.75224
18,193,194,6.78932
18,193,208,9.77337
18,194,209,9.01176
18,195,196,8.21009
18,195,210,8.41568
18,196,197,8.41568
18,196,211,11.75224
18,197,198,9.77337
18,197,212,8.41568
18,198,199,6.35862
18,198,213,8.21009
18,199,200,8.37433
18,199,214,7.75634
18,200,201,9.77337
18,200,215,5.50149
18,201,202,8.6662
18,201,216,10.2894
18,202,203,8.37433
18,202,217,8.37433
18,203,204,10.52256
18,203,218,7.92713
18,204,205,11.75224
18,204,219,9.96783
18,205,206,7.17206
18,205,220,10.2894
18,206,207,8.84805
18,206,221,7.9554
18,207,208,5.87322
18,207,222,9.01176
18,208,209,6.35862
18,208,223,10.2894
18,209,224,7.75634
18,210,211,7.20989
18,211,212,6.35862
18,212,213,7.60607
18,213,214,8.21009
18,214,215,7.20989
18,215,216,7.60607
18,216,217,10.2894
18,217,218,7.17206
18,218,219,10.52256
18,219,220,7.48251
18,220,221,8.41568
18,221,222,7.20989
18,222,223,9.96783
18,223,224,6.94749
19,0,1,9.57579
19,0,15,8.84053
19,1,2,18.38816
19,1,16,8.989
19,2,3,18.38816
19,2,17,17.33421
19,3,4,13.30317
19,3,18,15.75832
19,4,5,13.30317
19,4,19,10.0
19,5,6,7.8989
19,5,20,10.0
19,6,7,17.33421
19,6,21,13.30317
19,7,8,8.58962
19,7,22,13.11877
19,8,9,9.73103
19,8,23,13.62208
19,9,10,11.99112
19,9,24,10.7056
19,10,11,7.8989
19,10,25,11.10816
19,11,12,15.75832
19,11,26,13.11877
19,12,13,10.0
19,12,27,8.84053
19,13,14,13.11877
19,13,28,17.33421
19,14,29,15.96175
19,15,16,8.989
19,15,30,15.96175
19,16,17,14.45523
19,16,31,15.96175
19,17,18,14.55054
19,17,32,11.94077
19,18,19,10.78658
19,18,33,12.6776
19,19,20,8.58962
19,19,34,12.85863
19,20,21,14.45523
19,20,35,11.94077
19,21,22,13.30317
19,21,36,8.84053
19,22,23,15.41332
19,22,37,13.17176
19,23,24,18.38816
19,23,38,13.17176
19,24,25,9.73103
19,24,39,13.11877
19,25,26,10.0
19,25,40,8.989
19,26,27,16.76095
19,26,41,11.52179
19,27,28,16.97115
19,27,42,13.62208
19,28,29,10.0
19,28,43,15.41332
19,29,44,11.52179
19,30,31,12.41924
19,30,45,12.41924
19,31,32,11.94077
19,31,46,15.41332
19,32,33,13.17176
19,32,47,12.41924
19,33,34,10.0
19,33,48,13.62208
19,34,35,15.41332
19,34,49,9.73103
19,35,36,15.75832
19,35,50,10.78658
19,36,37,13.11877
19,36,51,14.08381
19,37,38,12.24161
19,37,52,8.58962
19,38,39,12.24161
19,38,53,14.45523
19,39,40,12.85863
19,39,54,12.6776
19,40,41,7.8989
19,40,55,14.55054
19,41,42,12.85863
19,41,56,12.41924
19,42,43,16.76095
19,42,57,14.08381
19,43,44,8.989
19,43,58,18.38816
19,44,59,13.11877
19,45,46,17.33421
19,45,60,13.62208
19,46,47,14.55054
19,46,61,8.84053
19,47,48,11.94077
19,47,62,12.6776
19,48,49,11.10816
19,48,63,13.62208
19,49,50,13.17176
19,49,64,15.75832
19,50,51,11.94077
19,50,65,12.85863
19,51,52,14.08381
19,51,66,15.41332
19,52,53,13.30317
19,52,67,13.62208
19,53,54,12.24161
19,53,68,10.78658
19,54,55,11.94077
19,54,69,10.7056
19,55,56,10.0
19,55,70,12.41924
19,56,57,13.11877
19,56,71,14.45523
19,57,58,18.38816
19,57,72,11.81686
19,58,59,11.99112
19,58,73,13.11877
19,59,74,10.78658
19,60,61,13.17176
19,60,75,13.17176
19,61,62,14.45523
19,61,76,9.57579
19,62,63,12.24161
19,62,77,9.73103
19,63,64,14.08381
19,63,78,8.58962
19,64,65,9.73103
19,64,79,8.989
19,65,66,8.58962
19,65,80,14.45523
19,66,67,7.8989
19,66,81,13.62208
19,67,68,14.45523
19,67,82,13.30317
19,68,69,15.75832
19,68,83,11.94077
19,69,70,13.17176
19,69,84,14.55054
19,70,71,12.41924
19,70,85,10.0
19,71,72,11.81686
19,71,86,8.989
19,72,73,11.52179
19,72,87,15.75832
19,73,74,12.85863
19,73,88,15.96175
19,74,89,13.30317
19,75,76,9.73103
19,75,90,17.33421
19,76,77,12.85863
19,76,91,13.30317
19,77,78,10.78658
19,77,92,8.58962
19,78,79,14.55054
19,78,93,18.38816
19,79,80,18.38816
19,79,94,15.41332
19,80,81,15.75832
19,80,95,13.11877
19,81,82,8.58962
19,81,96,17.33421
19,82,83,11.81686
19,82,97,8.58962
19,83,84,10.78658
19,83,98,12.41924
19,84,85,16.76095
19,84,99,12.85863
19,85,86,17.33421
19,85,100,13.62208
19,86,87,7.8989
19,86,101,10.7056
19,87,88,14.55054
19,87,102,12.85863
19,88,89,13.17176
19,88,103,11.81686
19,89,104,16.76095
19,90,91,13.30317
19,90,105,14.55054
19,91,92,9.57579
19,91,106,15.96175
19,92,93,8.84053
19,92,107,18.38816
19,93,94,8.84053
19,93,108,10.78658
19,94,95,18.38816
19,94,109,15.41332
19,95,96,12.41924
19,95,110,18.38816
19,96,97,16.76095
19,96,111,9.57579
19,97,98,13.62208
19,97,112,11.99112
19,98,99,7.8989
19,98,113,8.989
19,99,100,15.75832
19,99,114,11.52179
19,100,101,9.73103
19,100,115,8.989
19,101,102,7.8989
19,101,116,12.24161
19,102,103,11.94077
19,102,117,15.96175
19,103,104,14.55054
19,103,118,11.52179
19,104,119,11.81686
19,105,106,16.76095
19,105,120,10.0
19,106,107,18.38816
19,106,121,10.78658
19,107,108,13.30317
19,107,122,12.85863
19,108,109,11.10816
19,108,123,12.85863
19,109,110,14.08381
19,109,124,11.99112
19,110,111,12.6776
19,110,125,12.85863
19,111,112,13.11877
19,111,126,15.96175
19,112,113,9.73103
19,112,127,12.85863
19,113,114,13.17176
19,113,128,16.97115
19,114,115,15.75832
19,114,129,9.73103
19,115,116,7.8989
19,115,130,18.38816
19,116,117,17.33421
19,116,131,14.45523
19,117,118,11.81686
19,117,132,12.24161
19,118,119,12.6776
19,118,133,9.57579
19,119,134,10.0
19,120,121,15.75832
19,120,135,13.30317
19,121,122,15.75832
19,121,136,8.989
19,122,123,11.10816
19,122,137,9.57579
19,123,124,14.55054
19,123,138,11.81686
19,124,125,10.0
19,124,139,16.76095
19,125,126,18.38816
19,125,140,9.73103
19,126,127,16.97115
19,126,141,11.10816
19,127,128,14.55054
19,127,142,10.7056
19,128,129,11.99112
19,128,143,12.6776
19,129,130,16.97115
19,129,144,11.94077
19,130,131,13.62208
19,130,145,15.75832
19,131,132,13.62208
19,131,146,15.96175
19,132,133,9.57579
19,132,147,10.78658
19,133,134,14.55054
19,133,148,13.62208
19,134,149,10.7056
19,135,136,14.55054
19,135,150,10.0
19,136,137,15.75832
19,136,151,10.0
19,137,138,15.75832
19,137,152,14.45523
19,138,139,9.73103
19,138,153,11.52179
19,139,140,15.41332
19,139,154,10.0
19,140,141,15.41332
19,140,155,9.57579
19,141,142,11.10816
19,141,156,17.33421
19,142,143,16.97115
19,142,157,16.97115
19,143,144,12.85863
19,143,158,11.94077
19,144,145,9.73103
19,144,159,10.7056
19,145,146,14.55054
19,145,160,15.41332
19,146,147,13.30317
19,146,161,7.8989
19,147,148,11.81686
19,147,162,14.08381
19,148,149,12.6776
19,148,163,13.30317
19,149,164,11.99112
19,150,151,17.33421
19,150,165,10.7056
19,151,152,8.989
19,151,166,17.33421
19,152,153,12.41924
19,152,167,15.41332
19,153,154,16.76095
19,153,168,13.17176
19,154,155,18.38816
19,154,169,16.97115
19,155,156,9.73103
19,155,170,12.6776
19,156,157,14.55054
19,156,171,16.97115
19,157,158,7.8989
19,157,172,16.97115
19,158,159,11.81686
19,158,173,11.10816
19,159,160,15.41332
19,159,174,13.11877
19,160,161,10.0
19,160,175,8.84053
19,161,162,15.96175
19,161,176,14.45523
19,162,163,11.99112
19,162,177,11.81686
19,163,164,10.0
19,163,178,12.41924
19,164,179,9.73103
19,165,166,11.99112
19,165,180,13.17176
19,166,167,9.57579
19,166,181,11.94077
19,167,168,11.94077
19,167,182,17.33421
19,168,169,9.57579
19,168,183,14.45523
19,169,170,12.6776
19,169,184,14.55054
19,170,171,16.97115
19,170,185,15.41332
19,171,172,16.76095
19,171,186,11.94077
19,172,173,11.94077
19,172,187,13.11877
19,173,174,11.52179
19,173,188,15.41332
19,174,175,13.17176
19,174,189,11.10816
19,175,176,9.57579
19,175,190,18.38816
19,176,177,10.7056
19,176,191,12.6776
19,177,178,7.8989
19,177,192,9.57579
19,178,179,14.55054
19,178,193,12.41924
19,179,194,16.97115
19,180,181,13.62208
19,180,195,10.7056
19,181,182,9.57579
19,181,196,8.58962
19,182,183,15.96175
19,182,197,10.78658
19,183,184,9.57579
19,183,198,10.7056
19,184,185,10.7056
19,184,199,17.33421
19,185,186,14.08381
19,185,200,11.10816
19,186,187,10.0
19,186,201,8.58962
19,187,188,10.7056
19,187,202,18.38816
19,188,189,12.41924
19,188,203,13.62208
19,189,190,8.58962
19,189,204,14.55054
19,190,191,10.0
19,190,205,14.45523
19,191,192,16.97115
19,191,206,11.99112
19,192,193,11.52179
19,192,207,9.73103
19,193,194,11.81686
19,193,208,9.57579
19,194,209,14.08381
19,195,196,11.52179
19,195,210,11.99112
19,196,197,11.99112
19,196,211,9.73103
19,197,198,9.57579
19,197,212,11.99112
19,198,199,16.76095
19,198,213,11.52179
19,199,200,13.62208
19,199,214,12.6776
19,200,201,9.57579
19,200,215,15.75832
19,201,202,8.84053
19,201,216,8.58962
19,202,203,13.62208
19,202,217,13.62208
19,203,204,8.989
19,203,218,16.97115
19,204,205,9.73103
19,204,219,13.30317
19,205,206,12.24161
19,205,220,8.58962
19,206,207,12.41924
19,206,221,13.17176
19,207,208,14.45523
19,207,222,14.08381
19,208,209,16.76095
19,208,223,8.58962
19,209,224,12.6776
19,210,211,10.7056
19,211,212,16.76095
19,212,213,11.10816
19,213,214,11.52179
19,214,215,10.7056
19,215,216,11.10816
19,216,217,8.58962
19,217,218,12.24161
19,218,219,8.989
19,219,220,18.38816
19,220,221,11.99112
19,221,222,10.7056
19,222,223,13.30317
19,223,224,15.96175
20,0,1,11.41761
20,0,15,9.44793
20,1,2,19.17258
20,1,16,12.38602
20,2,3,19.17258
20,2,17,16.53804
20,3,4,19.71804
20,3,18,15.80991
20,4,5,19.71804
20,4,19,10.0
20,5,6,11.76398
20,5,20,10.0
20,6,7,16.53804
20,6,21,19.71804
20,7,8,13.97404
20,7,22,15.88918
20,8,9,14.65611
20,8,23,14.18429
20,9,10,14.58019
20,9,24,13.90005
20,10,11,11.76398
20,10,25,16.30272
20,11,12,15.80991
20,11,26,15.88918
20,12,13,10.0
20,12,27,9.44793
20,13,14,15.88918
20,13,28,16.53804
20,14,29,19.62915
20,15,16,12.38602
20,15,30,19.62915
20,16,17,18.83104
20,16,31,19.62915
20,17,18,16.61923
20,17,32,18.91802
20,18,19,12.0297
20,18,33,13.52059
20,19,20,13.97404
20,19,34,17.04988
20,20,21,18.83104
20,20,35,18.91802
20,21,22,19.71804
20,21,36,9.44793
20,22,23,21.64595
20,22,37,11.96149
20,23,24,19.17258
20,23,38,11.96149
20,24,25,14.65611
20,24,39,15.88918
20,25,26,10.0
20,25,40,12.38602
20,26,27,18.38443
20,26,41,16.30971
20,27,28,22.50408
20,27,42,14.18429
20,28,29,10.0
20,28,43,21.64595
20,29,44,16.30971
20,30,31,17.04272
20,30,45,17.04272
20,31,32,18.91802
20,31,46,21.64595
20,32,33,11.96149
20,32,47,17.04272
20,33,34,10.0
20,33,48,14.18429
20,34,35,21.64595
20,34,49,14.65611
20,35,36,15.80991
20,35,50,12.0297
20,36,37,15.88918
20,36,51,14.19079
20,37,38,13.51427
20,37,52,13.97404
20,38,39,13.51427
20,38,53,18.83104
20,39,40,17.04988
20,39,54,13.52059
20,40,41,11.76398
20,40,55,16.61923
20,41,42,17.04988
20,41,56,17.04272
20,42,43,18.38443
20,42,57,14.19079
20,43,44,12.38602
20,43,58,19.17258
20,44,59,15.88918
20,45,46,16.53804
20,45,60,14.18429
20,46,47,16.61923
20,46,61,9.44793
20,47,48,18.91802
20,47,62,13.52059
20,48,49,16.30272
20,48,63,14.18429
20,49,50,11.96149
20,49,64,15.80991
20,50,51,18.91802
20,50,65,17.04988
20,51,52,14.19079
20,51,66,21.64595
20,52,53,19.71804
20,52,67,14.18429
20,53,54,13.51427
20,53,68,12.0297
20,54,55,18.91802
20,54,69,13.90005
20,55,56,10.0
20,55,70,17.04272
20,56,57,15.88918
20,56,71,18.83104
20,57,58,19.17258
20,57,72,11.35131
20,58,59,14.58019
20,58,73,15.88918
20,59,74,12.0297
20,60,61,11.96149
20,60,75,11.96149
20,61,62,18.83104
20,61,76,11.41761
20,62,63,13.51427
20,62,77,14.65611
20,63,64,14.19079
20,63,78,13.97404
20,64,65,14.65611
20,64,79,12.38602
20,65,66,13.97404
20,65,80,18.83104
20,66,67,11.76398
20,66,81,14.18429
20,67,68,18.83104
20,67,82,19.71804
20,68,69,15.80991
20,68,83,18.91802
20,69,70,11.96149
20,69,84,16.61923
20,70,71,17.04272
20,70,85,10.0
20,71,72,11.35131
20,71,86,12.38602
20,72,73,16.30971
20,72,87,15.80991
20,73,74,17.04988
20,73,88,19.62915
20,74,89,19.71804
20,75,76,14.65611
20,75,90,16.53804
20,76,77,17.04988
20,76,91,19.71804
20,77,78,12.0297
20,77,92,13.97404
20,78,79,16.61923
20,78,93,19.17258
20,79,80,19.17258
20,79,94,21.64595
20,80,81,15.80991
20,80,95,15.88918
20,81,82,13.97404
20,81,96,16.53804
20,82,83,11.35131
20,82,97,13.97404
20,83,84,12.0297
20,83,98,17.04272
20,84,85,18.38443
20,84,99,17.04988
20,85,86,16.53804
20,85,100,14.18429
20,86,87,11.76398
20,86,101,13.90005
20,87,88,16.61923
20,87,102,17.04988
20,88,89,11.96149
20,88,103,11.35131
20,89,104,18.38443
20,90,91,19.71804
20,90,105,16.61923
20,91,92,11.41761
20,91,106,19.62915
20,92,93,9.44793
20,92,107,19.17258
20,93,94,9.44793
20,93,108,12.0297
20,94,95,19.17258
20,94,109,21.64595
20,95,96,17.04272
20,95,110,19.17258
20,96,97,18.38443
20,96,111,11.41761
20,97,98,14.18429
20,97,112,14.58019
20,98,99,11.76398
20,98,113,12.38602
20,99,100,15.80991
20,99,114,16.30971
20,100,101,14.65611
20,100,115,12.38602
20,101,102,11.76398
20,101,116,13.51427
20,102,103,18.91802
20,102,117,19.62915
20,103,104,16.61923
20,103,118,16.30971
20,104,119,11.35131
20,105,106,18.38443
20,105,120,10.0
20,106,107,19.17258
20,106,121,12.0297
20,107,108,19.71804
20,107,122,17.04988
20,108,109,16.30272
20,108,123,17.04988
20,109,110,14.19079
20,109,124,14.58019
20,110,111,13.52059
20,110,125,17.04988
20,111,112,15.88918
20,111,126,19.62915
20,112,113,14.65611
20,112,127,17.04988
20,113,114,11.96149
20,113,128,22.50408
20,114,115,15.80991
20,114,129,14.65611
20,115,116,11.76398
20,115,130,19.17258
20,116,117,16.53804
20,116,131,18.83104
20,117,118,11.35131
20,117,132,13.51427
20,118,119,13.52059
20,118,133,11.41761
20,119,134,10.0
20,120,121,15.80991
20,120,135,19.71804
20,121,122,15.80991
20,121,136,12.38602
20,122,123,16.30272
20,122,137,11.41761
20,123,124,16.61923
20,123,138,11.35131
20,124,125,10.0
20,124,139,18.38443
20,125,126,19.17258
20,125,140,14.65611
20,126,127,22.50408
20,126,141,16.30272
20,127,128,16.61923
20,127,142,13.90005
20,128,129,14.58019
20,128,143,13.52059
20,129,130,22.50408
20,129,144,18.91802
20,130,131,14.18429
20,130,145,15.80991
20,131,132,14.18429
20,131,146,19.62915
20,132,133,11.41761
20,132,147,12.0297
20,133,134,16.61923
20,133,148,14.18429
20,134,149,13.90005
20,135,136,16.61923
20,135,150,10.0
20,136,137,15.80991
20,136,151,10.0
20,137,138,15.80991
20,137,152,18.83104
20,138,139,14.65611
20,138,153,16.30971
20,139,140,21.64595
20,139,154,10.0
20,140,141,21.64595
20,140,155,11.41761
20,141,142,16.30272
20,141,156,16.53804
20,142,143,22.50408
20,142,157,22.50408
20,143,144,17.04988
20,143,158,18.91802
20,144,145,14.65611
20,144,159,13.90005
20,145,146,16.61923
20,145,160,21.64595
20,146,147,19.71804
20,146,161,11.76398
20,147,148,11.35131
20,147,162,14.19079
20,148,149,13.52059
20,148,163,19.71804
20,149,164,14.58019
20,150,151,16.53804
20,150,165,13.90005
20,151,152,12.38602
20,151,166,16.53804
20,152,153,17.04272
20,152,167,21.64595
20,153,154,18.38443
20,153,168,11.96149
20,154,155,19.17258
20,154,169,22.50408
20,155,156,14.65611
20,155,170,13.52059
20,156,157,16.61923
20,156,171,22.50408
20,157,158,11.76398
20,157,172,22.50408
20,158,159,11.35131
20,158,173,16.30272
20,159,160,21.64595
20,159,174,15.88918
20,160,161,10.0
20,160,175,9.44793
20,161,162,19.62915
20,161,176,18.83104
20,162,163,14.58019
20,162,177,11.35131
20,163,164,10.0
20,163,178,17.04272
20,164,179,14.65611
20,165,166,14.58019
20,165,180,11.96149
20,166,167,11.41761
20,166,181,18.91802
20,167,168,18.91802
20,167,182,16.53804
20,168,169,11.41761
20,168,183,18.83104
20,169,170,13.52059
20,169,184,16.61923
20,170,171,22.50408
20,170,185,21.64595
20,171,172,18.38443
20,171,186,18.91802
20,172,173,18.91802
20,172,187,15.88918
20,173,174,16.30971
20,173,188,21.64595
20,174,175,11.96149
20,174,189,16.30272
20,175,176,11.41761
20,175,190,19.17258
20,176,177,13.90005
20,176,191,13.52059
20,177,178,11.76398
20,177,192,11.41761
20,178,179,16.61923
20,178,193,17.04272
20,179,194,22.50408
20,180,181,14.18429
20,180,195,13.90005
20,181,182,11.41761
20,181,196,13.97404
20,182,183,19.62915
20,182,197,12.0297
20,183,184,11.41761
20,183,198,13.90005
20,184,185,13.90005
20,184,199,16.53804
20,185,186,14.19079
20,185,200,16.30272
20,186,187,10.0
20,186,201,13.97404
20,187,188,13.90005
20,187,202,19.17258
20,188,189,17.04272
20,188,203,14.18429
20,189,190,13.97404
20,189,204,16.61923
20,190,191,10.0
20,190,205,18.83104
20,191,192,22.50408
20,191,206,14.58019
20,192,193,16.30971
20,192,207,14.65611
20,193,194,11.35131
20,193,208,11.41761
20,194,209,14.19079
20,195,196,16.30971
20,195,210,14.58019
20,196,197,14.58019
20,196,211,14.65611
20,197,198,11.41761
20,197,212,14.58019
20,198,199,18.38443
20,198,213,16.30971
20,199,200,14.18429
20,199,214,13.52059
20,200,201,11.41761
20,200,215,15.80991
20,201,202,9.44793
20,201,216,13.97404
20,202,203,14.18429
20,202,217,14.18429
20,203,204,12.38602
20,203,218,22.50408
20,204,205,14.65611
20,204,219,19.71804
20,205,206,13.51427
20,205,220,13.97404
20,206,207,17.04272
20,206,221,11.96149
20,207,208,18.83104
20,207,222,14.19079
20,208,209,18.38443
20,208,223,13.97404
20,209,224,13.52059
20,210,211,13.90005
20,211,212,18.38443
20,212,213,16.30272
20,213,214,16.30971
20,214,215,13.90005
20,215,216,16.30272
20,216,217,13.97404
20,217,218,13.51427
20,218,219,12.38602
20,219,220,19.17258
20,220,221,14.58019
20,221,222,13.90005
20,222,223,19.71804
20,223,224,19.62915
21,0,1,8.6563
21,0,15,11.98222
21,1,2,3.27165
21,1,16,11.13946
21,2,3,3.27165
21,2,17,5.2195
21,3,4,4.82498
21,3,18,6.60784
21,4,5,4.82498
21,4,19,10.0
21,5,6,13.23737
21,5,20,10.0
21,6,7,5.2195
21,6,21,4.82498
21,7,8,9.7099
21,7,22,5.34909
21,8,9,7.9554
21,8,23,6.37519
21,9,10,9.5261
21,9,24,11.45806
21,10,11,13.23737
21,10,25,8.93347
21,11,12,6.60784
21,11,26,5.34909
21,12,13,10.0
21,12,27,11.98222
21,13,14,5.34909
21,13,28,5.2195
21,14,29,6.01041
21,15,16,11.13946
21,15,30,6.01041
21,16,17,7.51444
21,16,31,6.01041
21,17,18,4.13823
21,17,32,6.15154
21,18,19,7.01749
21,18,33,7.2635
21,19,20,9.7099
21,19,34,6.63116
21,20,21,7.51444
21,20,35,6.15154
21,21,22,4.82498
21,21,36,11.98222
21,22,23,5.02162
21,22,37,8.48404
21,23,24,3.27165
21,23,38,8.48404
21,24,25,7.9554
21,24,39,5.34909
21,25,26,10.0
21,25,40,11.13946
21,26,27,4.31657
21,26,41,8.2197
21,27,28,3.86101
21,27,42,6.37519
21,28,29,10.0
21,28,43,5.02162
21,29,44,8.2197
21,30,31,7.2635
21,30,45,7.2635
21,31,32,6.15154
21,31,46,5.02162
21,32,33,8.48404
21,32,47,7.2635
21,33,34,10.0
21,33,48,6.37519
21,34,35,5.02162
21,34,49,7.9554
21,35,36,6.60784
21,35,50,7.01749
21,36,37,5.34909
21,36,51,5.79065
21,37,38,7.92948
21,37,52,9.7099
21,38,39,7.92948
21,38,53,7.51444
21,39,40,6.63116
21,39,54,7.2635
21,40,41,13.23737
21,40,55,4.13823
21,41,42,6.63116
21,41,56,7.2635
21,42,43,4.31657
21,42,57,5.79065
21,43,44,11.13946
21,43,58,3.27165
21,44,59,5.34909
21,45,46,5.2195
21,45,60,6.37519
21,46,47,4.13823
21,46,61,11.98222
21,47,48,6.15154
21,47,62,7.2635
21,48,49,8.93347
21,48,63,6.37519
21,49,50,8.48404
21,49,64,6.60784
21,50,51,6.15154
21,50,65,6.63116
21,51,52,5.79065
21,51,66,5.02162
21,52,53,4.82498
21,52,67,6.37519
21,53,54,7.92948
21,53,68,7.01749
21,54,55,6.15154
21,54,69,11.45806
21,55,56,10.0
21,55,70,7.2635
21,56,57,5.34909
21,56,71,7.51444
21,57,58,3.27165
21,57,72,10.30031
21,58,59,9.5261
21,58,73,5.34909
21,59,74,7.01749
21,60,61,8.48404
21,60,75,8.48404
21,61,62,7.51444
21,61,76,8.6563
21,62,63,7.92948
21,62,77,7.9554
21,63,64,5.79065
21,63,78,9.7099
21,64,65,7.9554
21,64,79,11.13946
21,65,66,9.7099
21,65,80,7.51444
21,66,67,13.23737
21,66,81,6.37519
21,67,68,7.51444
21,67,82,4.82498
21,68,69,6.60784
21,68,83,6.15154
21,69,70,8.48404
21,69,84,4.13823
21,70,71,7.2635
21,70,85,10.0
21,71,72,10.30031
21,71,86,11.13946
21,72,73,8.2197
21,72,87,6.60784
21,73,74,6.63116
21,73,88,6.01041
21,74,89,4.82498
21,75,76,7.9554
21,75,90,5.2195
21,76,77,6.63116
21,76,91,4.82498
21,77,78,7.01749
21,77,92,9.7099
21,78,79,4.13823
21,78,93,3.27165
21,79,80,3.27165
21,79,94,5.02162
21,80,81,6.60784
21,80,95,5.34909
21,81,82,9.7099
21,81,96,5.2195
21,82,83,10.30031
21,82,97,9.7099
21,83,84,7.01749
21,83,98,7.2635
21,84,85,4.31657
21,84,99,6.63116
21,85,86,5.2195
21,85,100,6.37519
21,86,87,13.23737
21,86,101,11.45806
21,87,88,4.13823
21,87,102,6.63116
21,88,89,8.48404
21,88,103,10.30031
21,89,104,4.31657
21,90,91,4.82498
21,90,105,4.13823
21,91,92,8.6563
21,91,106,6.01041
21,92,93,11.98222
21,92,107,3.27165
21,93,94,11.98222
21,93,108,7.01749
21,94,95,3.27165
21,94,109,5.02162
21,95,96,7.2635
21,95,110,3.27165
21,96,97,4.31657
21,96,111,8.6563
21,97,98,6.37519
21,97,112,9.5261
21,98,99,13.23737
21,98,113,11.13946
21,99,100,6.60784
21,99,114,8.2197
21,100,101,7.9554
21,100,115,11.13946
21,101,102,13.23737
21,101,116,7.92948
21,102,103,6.15154
21,102,117,6.01041
21,103,104,4.13823
21,103,118,8.2197
21,104,119,10.30031
21,105,106,4.31657
21,105,120,10.0
21,106,107,3.27165
21,106,121,7.01749
21,107,108,4.82498
21,107,122,6.63116
21,108,109,8.93347
21,108,123,6.63116
21,109,110,5.79065
21,109,124,9.5261
21,110,111,7.2635
21,110,125,6.63116
21,111,112,5.34909
21,111,126,6.01041
21,112,113,7.9554
21,112,127,6.63116
21,113,114,8.48404
21,113,128,3.86101
21,114,115,6.60784
21,114,129,7.9554
21,115,116,13.23737
21,115,130,3.27165
21,116,117,5.2195
21,116,131,7.51444
21,117,118,10.30031
21,117,132,7.92948
21,118,119,7.2635
21,118,133,8.6563
21,119,134,10.0
21,120,121,6.60784
21,120,135,4.82498
21,121,122,6.60784
21,121,136,11.13946
21,122,123,8.93347
21,122,137,8.6563
21,123,124,4.13823
21,123,138,10.30031
21,124,125,10.0
21,124,139,4.31657
21,125,126,3.27165
21,125,140,7.9554
21,126,127,3.86101
21,126,141,8.93347
21,127,128,4.13823
21,127,142,11.45806
21,128,129,9.5261
21,128,143,7.2635
21,129,130,3.86101
21,129,144,6.15154
21,130,131,6.37519
21,130,145,6.60784
21,131,132,6.37519
21,131,146,6.01041
21,132,133,8.6563
21,132,147,7.01749
21,133,134,4.13823
21,133,148,6.37519
21,134,149,11.45806
21,135,136,4.13823
21,135,150,10.0
21,136,137,6.60784
21,136,151,10.0
21,137,138,6.60784
21,137,152,7.51444
21,138,139,7.9554
21,138,153,8.2197
21,139,140,5.02162
21,139,154,10.0
21,140,141,5.02162
21,140,155,8.6563
21,141,142,8.93347
21,141,156,5.2195
21,142,143,3.86101
21,142,157,3.86101
21,143,144,6.63116
21,143,158,6.15154
21,144,145,7.9554
21,144,159,11.45806
21,145,146,4.13823
21,145,160,5.02162
21,146,147,4.82498
21,146,161,13.23737
21,147,148,10.30031
21,147,162,5.79065
21,148,149,7.2635
21,148,163,4.82498
21,149,164,9.5261
21,150,151,5.2195
21,150,165,11.45806
21,151,152,11.13946
21,151,166,5.2195
21,152,153,7.2635
21,152,167,5.02162
21,153,154,4.31657
21,153,168,8.48404
21,154,155,3.27165
21,154,169,3.86101
21,155,156,7.9554
21,155,170,7.2635
21,156,157,4.13823
21,156,171,3.86101
21,157,158,13.23737
21,157,172,3.86101
21,158,159,10.30031
21,158,173,8.93347
21,159,160,5.02162
21,159,174,5.34909
21,160,161,10.0
21,160,175,11.98222
21,161,162,6.01041
21,161,176,7.51444
21,162,163,9.5261
21,162,177,10.30031
21,163,164,10.0
21,163,178,7.2635
21,164,179,7.9554
21,165,166,9.5261
21,165,180,8.48404
21,166,167,8.6563
21,166,181,6.15154
21,167,168,6.15154
21,167,182,5.2195
21,168,169,8.6563
21,168,183,7.51444
21,169,170,7.2635
21,169,184,4.13823
21,170,171,3.86101
21,170,185,5.02162
21,171,172,4.31657
21,171,186,6.15154
21,172,173,6.15154
21,172,187,5.34909
21,173,174,8.2197
21,173,188,5.02162
21,174,175,8.48404
21,174,189,8.93347
21,175,176,8.6563
21,175,190,3.27165
21,176,177,11.45806
21,176,191,7.2635
21,177,178,13.23737
21,177,192,8.6563
21,178,179,4.13823
21,178,193,7.2635
21,179,194,3.86101
21,180,181,6.37519
21,180,195,11.45806
21,181,182,8.6563
21,181,196,9.7099
21,182,183,6.01041
21,182,197,7.01749
21,183,184,8.6563
21,183,198,11.45806
21,184,185,11.45806
21,184,199,5.2195
21,185,186,5.79065
21,185,200,8.93347
21,186,187,10.0
21,186,201,9.7099
21,187,188,11.45806
21,187,202,3.27165
21,188,189,7.2635
21,188,203,6.37519
21,189,190,9.7099
21,189,204,4.13823
21,190,191,10.0
21,190,205,7.51444
21,191,192,3.86101
21,191,206,9.5261
21,192,193,8.2197
21,192,207,7.9554
21,193,194,10.30031
21,193,208,8.6563
21,194,209,5.79065
21,195,196,8.2197
21,195,210,9.5261
21,196,197,9.5261
21,196,211,7.9554
21,197,198,8.6563
21,197,212,9.5261
21,198,199,4.31657
21,198,213,8.2197
21,199,200,6.37519
21,199,214,7.2635
21,200,201,8.6563
21,200,215,6.60784
21,201,202,11.98222
21,201,216,9.7099
21,202,203,6.37519
21,202,217,6.37519
21,203,204,11.13946
21,203,218,3.86101
21,204,205,7.9554
21,204,219,4.82498
21,205,206,7.92948
21,205,220,9.7099
21,206,207,7.2635
21,206,221,8.48404
21,207,208,7.51444
21,207,222,5.79065
21,208,209,4.31657
21,208,223,9.7099
21,209,224,7.2635
21,210,211,11.45806
21,211,212,4.31657
21,212,213,8.93347
21,213,214,8.2197
21,214,215,11.45806
21,215,216,8.93347
21,216,217,9.7099
21,217,218,7.92948
21,218,219,11.13946
21,219,220,3.27165
21,220,221,9.5261
21,221,222,11.45806
21,222,223,4.82498
21,223,224,6.01041
22,0,1,9.97051
22,0,15,11.44939
22,1,2,13.28122
22,1,16,6.12923
22,2,3,13.28122
22,2,17,15.00202
22,3,4,6.80224
22,3,18,16.79648
22,4,5,6.80224
22,4,19,10.0
22,5,6,7.23667
22,5,20,10.0
22,6,7,15.00202
22,6,21,6.80224
22,7,8,6.10697
22,7,22,12.40112
22,8,9,5.10999
22,8,23,12.43436
22,9,10,7.89186
22,9,24,9.16694
22,10,11,7.23667
22,10,25,9.28752
22,11,12,16.79648
22,11,26,12.40112
22,12,13,10.0
22,12,27,11.44939
22,13,14,12.40112
22,13,28,15.00202
22,14,29,10.04029
22,15,16,6.12923
22,15,30,10.04029
22,16,17,11.4928
22,16,31,10.04029
22,17,18,10.88475
22,17,32,7.97665
22,18,19,8.63157
22,18,33,12.25961
22,19,20,6.10697
22,19,34,6.70142
22,20,21,11.4928
22,20,35,7.97665
22,21,22,6.80224
22,21,36,11.44939
22,22,23,10.01074
22,22,37,12.29265
22,23,24,13.28122
22,23,38,12.29265
22,24,25,5.10999
22,24,39,12.40112
22,25,26,10.0
22,25,40,6.12923
22,26,27,14.96523
22,26,41,7.86605
22,27,28,8.66868
22,27,42,12.43436
22,28,29,10.0
22,28,43,10.01074
22,29,44,7.86605
22,30,31,8.00266
22,30,45,8.00266
22,31,32,7.97665
22,31,46,10.01074
22,32,33,12.29265
22,32,47,8.00266
22,33,34,10.0
22,33,48,12.43436
22,34,35,10.01074
22,34,49,5.10999
22,35,36,16.79648
22,35,50,8.63157
22,36,37,12.40112
22,36,51,10.75303
22,37,38,14.06117
22,37,52,6.10697
22,38,39,14.06117
22,38,53,11.4928
22,39,40,6.70142
22,39,54,12.25961
22,40,41,7.23667
22,40,55,10.88475
22,41,42,6.70142
22,41,56,8.00266
22,42,43,14.96523
22,42,57,10.75303
22,43,44,6.12923
22,43,58,13.28122
22,44,59,12.40112
22,45,46,15.00202
22,45,60,12.43436
22,46,47,10.88475
22,46,61,11.44939
22,47,48,7.97665
22,47,62,12.25961
22,48,49,9.28752
22,48,63,12.43436
22,49,50,12.29265
22,49,64,16.79648
22,50,51,7.97665
22,50,65,6.70142
22,51,52,10.75303
22,51,66,10.01074
22,52,53,6.80224
22,52,67,12.43436
22,53,54,14.06117
22,53,68,8.63157
22,54,55,7.97665
22,54,69,9.16694
22,55,56,10.0
22,55,70,8.00266
22,56,57,12.40112
22,56,71,11.4928
22,57,58,13.28122
22,57,72,13.90969
22,58,59,7.89186
22,58,73,12.40112
22,59,74,8.63157
22,60,61,12.29265
22,60,75,12.29265
22,61,62,11.4928
22,61,76,9.97051
22,62,63,14.06117
22,62,77,5.10999
22,63,64,10.75303
22,63,78,6.10697
22,64,65,5.10999
22,64,79,6.12923
22,65,66,6.10697
22,65,80,11.4928
22,66,67,7.23667
22,66,81,12.43436
22,67,68,11.4928
22,67,82,6.80224
22,68,69,16.79648
22,68,83,7.97665
22,69,70,12.29265
22,69,84,10.88475
22,70,71,8.00266
22,70,85,10.0
22,71,72,13.90969
22,71,86,6.12923
22,72,73,7.86605
22,72,87,16.79648
22,73,74,6.70142
22,73,88,10.04029
22,74,89,6.80224
22,75,76,5.10999
22,75,90,15.00202
22,76,77,6.70142
22,76,91,6.80224
22,77,78,8.63157
22,77,92,6.10697
22,78,79,10.88475
22,78,93,13.28122
22,79,80,13.28122
22,79,94,10.01074
22,80,81,16.79648
22,80,95,12.40112
22,81,82,6.10697
22,81,96,15.00202
22,82,83,13.90969
22,82,97,6.10697
22,83,84,8.63157
22,83,98,8.00266
22,84,85,14.96523
22,84,99,6.70142
22,85,86,15.00202
22,85,100,12.43436
22,86,87,7.23667
22,86,101,9.16694
22,87,88,10.88475
22,87,102,6.70142
22,88,89,12.29265
22,88,103,13.90969
22,89,104,14.96523
22,90,91,6.80224
22,90,105,10.88475
22,91,92,9.97051
22,91,106,10.04029
22,92,93,11.44939
22,92,107,13.28122
22,93,94,11.44939
22,93,108,8.63157
22,94,95,13.28122
22,94,109,10.01074
22,95,96,8.00266
22,95,110,13.28122
22,96,97,14.96523
22,96,111,9.97051
22,97,98,12.43436
22,97,112,7.89186
22,98,99,7.23667
22,98,113,6.12923
22,99,100,16.79648
22,99,114,7.86605
22,100,101,5.10999
22,100,115,6.12923
22,101,102,7.23667
22,101,116,14.06117
22,102,103,7.97665
22,102,117,10.04029
22,103,104,10.88475
22,103,118,7.86605
22,104,119,13.90969
22,105,106,14.96523
22,105,120,10.0
22,106,107,13.28122
22,106,121,8.63157
22,107,108,6.80224
22,107,122,6.70142
22,108,109,9.28752
22,108,123,6.70142
22,109,110,10.75303
22,109,124,7.89186
22,110,111,12.25961
22,110,125,6.70142
22,111,112,12.40112
22,111,126,10.04029
22,112,113,5.10999
22,112,127,6.70142
22,113,114,12.29265
22,113,128,8.66868
22,114,115,16.79648
22,114,129,5.10999
22,115,116,7.23667
22,115,130,13.28122
22,116,117,15.00202
22,116,131,11.4928
22,117,118,13.90969
22,117,132,14.06117
22,118,119,12.25961
22,118,133,9.97051
22,119,134,10.0
22,120,121,16.79648
22,120,135,6.80224
22,121,122,16.79648
22,121,136,6.12923
22,122,123,9.28752
22,122,137,9.97051
22,123,124,10.88475
22,123,138,13.90969
22,124,125,10.0
22,124,139,14.96523
22,125,126,13.28122
22,125,140,5.10999
22,126,127,8.66868
22,126,141,9.28752
22,127,128,10.88475
22,127,142,9.16694
22,128,129,7.89186
22,128,143,12.25961
22,129,130,8.66868
22,129,144,7.97665
22,130,131,12.43436
22,130,145,16.79648
22,131,132,12.43436
22,131,146,10.04029
22,132,133,9.97051
22,132,147,8.63157
22,133,134,10.88475
22,133,148,12.43436
22,134,149,9.16694
22,135,136,10.88475
22,135,150,10.0
22,136,137,16.79648
22,136,151,10.0
22,137,138,16.79648
22,137,152,11.4928
22,138,139,5.10999
22,138,153,7.86605
22,139,140,10.01074
22,139,154,10.0
22,140,141,10.01074
22,140,155,9.97051
22,141,142,9.28752
22,141,156,15.00202
22,142,143,8.66868
22,142,157,8.66868
22,143,144,6.70142
22,143,158,7.97665
22,144,145,5.10999
22,144,159,9.16694
22,145,146,10.88475
22,145,160,10.01074
22,146,147,6.80224
22,146,161,7.23667
22,147,148,13.90969
22,147,162,10.75303
22,148,149,12.25961
22,148,163,6.80224
22,149,164,7.89186
22,150,151,15.00202
22,150,165,9.16694
22,151,152,6.12923
22,151,166,15.00202
22,152,153,8.00266
22,152,167,10.01074
22,153,154,14.96523
22,153,168,12.29265
22,154,155,13.28122
22,154,169,8.66868
22,155,156,5.10999
22,155,170,12.25961
22,156,157,10.88475
22,156,171,8.66868
22,157,158,7.23667
22,157,172,8.66868
22,158,159,13.90969
22,158,173,9.28752
22,159,160,10.01074
22,159,174,12.40112
22,160,161,10.0
22,160,175,11.44939
22,161,162,10.04029
22,161,176,11.4928
22,162,163,7.89186
22,162,177,13.90969
22,163,164,10.0
22,163,178,8.00266
22,164,179,5.10999
22,165,166,7.89186
22,165,180,12.29265
22,166,167,9.97051
22,166,181,7.97665
22,167,168,7.97665
22,167,182,15.00202
22,168,169,9.97051
22,168,183,11.4928
22,169,170,12.25961
22,169,184,10.88475
22,170,171,8.66868
22,170,185,10.01074
22,171,172,14.96523
22,171,186,7.97665
22,172,173,7.97665
22,172,187,12.40112
22,173,174,7.86605
22,173,188,10.01074
22,174,175,12.29265
22,174,189,9.28752
22,175,176,9.97051
22,175,190,13.28122
22,176,177,9.16694
22,176,191,12.25961
22,177,178,7.23667
22,177,192,9.97051
22,178,179,10.88475
22,178,193,8.00266
22,179,194,8.66868
22,180,181,12.43436
22,180,195,9.16694
22,181,182,9.97051
22,181,196,6.10697
22,182,183,10.04029
22,182,197,8.63157
22,183,184,9.97051
22,183,198,9.16694
22,184,185,9.16694
22,184,199,15.00202
22,185,186,10.75303
22,185,200,9.28752
22,186,187,10.0
22,186,201,6.10697
22,187,188,9.16694
22,187,202,13.28122
22,188,189,8.00266
22,188,203,12.43436
22,189,190,6.10697
22,189,204,10.88475
22,190,191,10.0
22,190,205,11.4928
22,191,192,8.66868
22,191,206,7.89186
22,192,193,7.86605
22,192,207,5.10999
22,193,194,13.90969
22,193,208,9.97051
22,194,209,10.75303
22,195,196,7.86605
22,195,210,7.89186
22,196,197,7.89186
22,196,211,5.10999
22,197,198,9.97051
22,197,212,7.89186
22,198,199,14.96523
22,198,213,7.86605
22,199,200,12.43436
22,199,214,12.25961
22,200,201,9.97051
22,200,215,16.79648
22,201,202,11.44939
22,201,216,6.10697
22,202,203,12.43436
22,202,217,12.43436
22,203,204,6.12923
22,203,218,8.66868
22,204,205,5.10999
22,204,219,6.80224
22,205,206,14.06117
22,205,220,6.10697
22,206,207,8.00266
22,206,221,12.29265
22,207,208,11.4928
22,207,222,10.75303
22,208,209,14.96523
22,208,223,6.10697
22,209,224,12.25961
22,210,211,9.16694
22,211,212,14.96523
22,212,213,9.28752
22,213,214,7.86605
22,214,215,9.16694
22,215,216,9.28752
22,216,217,6.10697
22,217,218,14.06117
22,218,219,6.12923
22,219,220,13.28122
22,220,221,7.89186
22,221,222,9.16694
22,222,223,6.80224
22,223,224,10.04029
23,0,1,10.02954
23,0,15,7.45749
23,1,2,15.97559
23,1,16,10.73069
23,2,3,15.97559
23,2,17,12.60131
23,3,4,20.98082
23,3,18,9.68616
23,4,5,20.98082
23,4,19,10.0
23,5,6,8.07861
23,5,20,10.0
23,6,7,12.60131
23,6,21,20.98082
23,7,8,10.76141
23,7,22,16.14567
23,8,9,13.83908
23,8,23,16.10741
23,9,10,7.96248
23,9,24,5.75157
23,10,11,8.07861
23,10,25,13.58397
23,11,12,9.68616
23,11,26,16.14567
23,12,13,10.0
23,12,27,7.45749
23,13,14,16.14567
23,13,28,12.60131
23,14,29,13.42898
23,15,16,10.73069
23,15,30,13.42898
23,16,17,10.40425
23,16,31,13.42898
23,17,18,19.92759
23,17,32,17.08932
23,18,19,12.99764
23,18,33,7.37141
23,19,20,10.76141
23,19,34,10.62496
23,20,21,10.40425
23,20,35,17.08932
23,21,22,20.98082
23,21,36,7.45749
23,22,23,13.46369
23,22,37,7.3466
23,23,24,15.97559
23,23,38,7.3466
23,24,25,13.83908
23,24,39,16.14567
23,25,26,10.0
23,25,40,10.73069
23,26,27,12.63485
23,26,41,7.98847
23,27,28,16.91401
23,27,42,16.10741
23,28,29,10.0
23,28,43,13.46369
23,29,44,7.98847
23,30,31,17.04988
23,30,45,17.04988
23,31,32,17.08932
23,31,46,13.46369
23,32,33,7.3466
23,32,47,17.04988
23,33,34,10.0
23,33,48,16.10741
23,34,35,13.46369
23,34,49,13.83908
23,35,36,9.68616
23,35,50,12.99764
23,36,37,16.14567
23,36,51,9.89832
23,37,38,12.75107
23,37,52,10.76141
23,38,39,12.75107
23,38,53,10.40425
23,39,40,10.62496
23,39,54,7.37141
23,40,41,8.07861
23,40,55,19.92759
23,41,42,10.62496
23,41,56,17.04988
23,42,43,12.63485
23,42,57,9.89832
23,43,44,10.73069
23,43,58,15.97559
23,44,59,16.14567
23,45,46,12.60131
23,45,60,16.10741
23,46,47,19.92759
23,46,61,7.45749
23,47,48,17.08932
23,47,62,7.37141
23,48,49,13.58397
23,48,63,16.10741
23,49,50,7.3466
23,49,64,9.68616
23,50,51,17.08932
23,50,65,10.62496
23,51,52,9.89832
23,51,66,13.46369
23,52,53,20.98082
23,52,67,16.10741
23,53,54,12.75107
23,53,68,12.99764
23,54,55,17.08932
23,54,69,5.75157
23,55,56,10.0
23,55,70,17.04988
23,56,57,16.14567
23,56,71,10.40425
23,57,58,15.97559
23,57,72,5.24527
23,58,59,7.96248
23,58,73,16.14567
23,59,74,12.99764
23,60,61,7.3466
23,60,75,7.3466
23,61,62,10.40425
23,61,76,10.02954
23,62,63,12.75107
23,62,77,13.83908
23,63,64,9.89832
23,63,78,10.76141
23,64,65,13.83908
23,64,79,10.73069
23,65,66,10.76141
23,65,80,10.40425
23,66,67,8.07861
23,66,81,16.10741
23,67,68,10.40425
23,67,82,20.98082
23,68,69,9.68616
23,68,83,17.08932
23,69,70,7.3466
23,69,84,19.92759
23,70,71,17.04988
23,70,85,10.0
23,71,72,5.24527
23,71,86,10.73069
23,72,73,7.98847
23,72,87,9.68616
23,73,74,10.62496
23,73,88,13.42898
23,74,89,20.98082
23,75,76,13.83908
23,75,90,12.60131
23,76,77,10.62496
23,76,91,20.98082
23,77,78,12.99764
23,77,92,10.76141
23,78,79,19.92759
23,78,93,15.97559
23,79,80,15.97559
23,79,94,13.46369
23,80,81,9.68616
23,80,95,16.14567
23,81,82,10.76141
23,81,96,12.60131
23,82,83,5.24527
23,82,97,10.76141
23,83,84,12.99764
23,83,98,17.04988
23,84,85,12.63485
23,84,99,10.62496
23,85,86,12.60131
23,85,100,16.10741
23,86,87,8.07861
23,86,101,5.75157
23,87,88,19.92759
23,87,102,10.62496
23,88,89,7.3466
23,88,103,5.24527
23,89,104,12.63485
23,90,91,20.98082
23,90,105,19.92759
23,91,92,10.02954
23,91,106,13.42898
23,92,93,7.45749
23,92,107,15.97559
23,93,94,7.45749
23,93,108,12.99764
23,94,95,15.97559
23,94,109,13.46369
23,95,96,17.04988
23,95,110,15.97559
23,96,97,12.63485
23,96,111,10.02954
23,97,98,16.10741
23,97,112,7.96248
23,98,99,8.07861
23,98,113,10.73069
23,99,100,9.68616
23,99,114,7.98847
23,100,101,13.83908
23,100,115,10.73069
23,101,102,8.07861
23,101,116,12.75107
23,102,103,17.08932
23,102,117,13.42898
23,103,104,19.92759
23,103,118,7.98847
23,104,119,5.24527
23,105,106,12.63485
23,105,120,10.0
23,106,107,15.97559
23,106,121,12.99764
23,107,108,20.98082
23,107,122,10.62496
23,108,109,13.58397
23,108,123,10.62496
23,109,110,9.89832
23,109,124,7.96248
23,110,111,7.37141
23,110,125,10.62496
23,111,112,16.14567
23,111,126,13.42898
23,112,113,13.83908
23,112,127,10.62496
23,113,114,7.3466
23,113,128,16.91401
23,114,115,9.68616
23,114,129,13.83908
23,115,116,8.07861
23,115,130,15.97559
23,116,117,12.60131
23,116,131,10.40425
23,117,118,5.24527
23,117,132,12.75107
23,118,119,7.37141
23,118,133,10.02954
23,119,134,10.0
23,120,121,9.68616
23,120,135,20.98082
23,121,122,9.68616
23,121,136,10.73069
23,122,123,13.58397
23,122,137,10.02954
23,123,124,19.92759
23,123,138,5.24527
23,124,125,10.0
23,124,139,12.63485
23,125,126,15.97559
23,125,140,13.83908
23,126,127,16.91401
23,126,141,13.58397
23,127,128,19.92759
23,127,142,5.75157
23,128,129,7.96248
23,128,143,7.37141
23,129,130,16.91401
23,129,144,17.08932
23,130,131,16.10741
23,130,145,9.68616
23,131,132,16.10741
23,131,146,13.42898
23,132,133,10.02954
23,132,147,12.99764
23,133,134,19.92759
23,133,148,16.10741
23,134,149,5.75157
23,135,136,19.92759
23,135,150,10.0
23,136,137,9.68616
23,136,151,10.0
23,137,138,9.68616
23,137,152,10.40425
23,138,139,13.83908
23,138,153,7.98847
23,139,140,13.46369
23,139,154,10.0
23,140,141,13.46369
23,140,155,10.02954
23,141,142,13.58397
23,141,156,12.60131
23,142,143,16.91401
23,142,157,16.91401
23,143,144,10.62496
23,143,158,17.08932
23,144,145,13.83908
23,144,159,5.75157
23,145,146,19.92759
23,145,160,13.46369
23,146,147,20.98082
23,146,161,8.07861
23,147,148,5.24527
23,147,162,9.89832
23,148,149,7.37141
23,148,163,20.98082
23,149,164,7.96248
23,150,151,12.60131
23,150,165,5.75157
23,151,152,10.73069
23,151,166,12.60131
23,152,153,17.04988
23,152,167,13.46369
23,153,154,12.63485
23,153,168,7.3466
23,154,155,15.97559
23,154,169,16.91401
23,155,156,13.83908
23,155,170,7.37141
23,156,157,19.92759
23,156,171,16.91401
23,157,158,8.07861
23,157,172,16.91401
23,158,159,5.24527
23,158,173,13.58397
23,159,160,13.46369
23,159,174,16.14567
23,160,161,10.0
23,160,175,7.45749
23,161,162,13.42898
23,161,176,10.40425
23,162,163,7.96248
23,162,177,5.24527
23,163,164,10.0
23,163,178,17.04988
23,164,179,13.83908
23,165,166,7.96248
23,165,180,7.3466
23,166,167,10.02954
23,166,181,17.08932
23,167,168,17.08932
23,167,182,12.60131
23,168,169,10.02954
23,168,183,10.40425
23,169,170,7.37141
23,169,184,19.92759
23,170,171,16.91401
23,170,185,13.46369
23,171,172,12.63485
23,171,186,17.08932
23,172,173,17.08932
23,172,187,16.14567
23,173,174,7.98847
23,173,188,13.46369
23,174,175,7.3466
23,174,189,13.58397
23,175,176,10.02954
23,175,190,15.97559
23,176,177,5.75157
23,176,191,7.37141
23,177,178,8.07861
23,177,192,10.02954
23,178,179,19.92759
23,178,193,17.04988
23,179,194,16.91401
23,180,181,16.10741
23,180,195,5.75157
23,181,182,10.02954
23,181,196,10.76141
23,182,183,13.42898
23,182,197,12.99764
23,183,184,10.02954
23,183,198,5.75157
23,184,185,5.75157
23,184,199,12.60131
23,185,186,9.89832
23,185,200,13.58397
23,186,187,10.0
23,186,201,10.76141
23,187,188,5.75157
23,187,202,15.97559
23,188,189,17.04988
23,188,203,16.10741
23,189,190,10.76141
23,189,204,19.92759
23,190,191,10.0
23,190,205,10.40425
23,191,192,16.91401
23,191,206,7.96248
23,192,193,7.98847
23,192,207,13.83908
23,193,194,5.24527
23,193,208,10.02954
23,194,209,9.89832
23,195,196,7.98847
23,195,210,7.96248
23,196,197,7.96248
23,196,211,13.83908
23,197,198,10.02954
23,197,212,7.96248
23,198,199,12.63485
23,198,213,7.98847
23,199,200,16.10741
23,199,214,7.37141
23,200,201,10.02954
23,200,215,9.68616
23,201,202,7.45749
23,201,216,10.76141
23,202,203,16.10741
23,202,217,16.10741
23,203,204,10.73069
23,203,218,16.91401
23,204,205,13.83908
23,204,219,20.98082
23,205,206,12.75107
23,205,220,10.76141
23,206,207,17.04988
23,206,221,7.3466
23,207,208,10.40425
23,207,222,9.89832
23,208,209,12.63485
23,208,223,10.76141
23,209,224,7.37141
23,210,211,5.75157
23,211,212,12.63485
23,212,213,13.58397
23,213,214,7.98847
23,214,215,5.75157
23,215,216,13.58397
23,216,217,10.76141
23,217,218,12.75107
23,218,219,10.73069
23,219,220,15.97559
23,220,221,7.96248
23,221,222,5.75157
23,222,223,20.98082
23,223,224,13.42898
24,0,1,16.82137
24,0,15,15.92371
24,1,2,11.74345
24,1,16,11.09394
24,2,3,11.74345
24,2,17,11.00604
24,3,4,11.38588
24,3,18,17.21154
24,4,5,11.38588
24,4,19,10.0
24,5,6,17.32337
24,5,20,10.0
24,6,7,11.00604
24,6,21,11.38588
24,7,8,18.26158
24,7,22,16.27823
24,8,9,11.83452
24,8,23,9.59152
24,9,10,12.62265
24,9,24,19.25274
24,10,11,17.32337
24,10,25,16.7716
24,11,12,17.21154
24,11,26,16.27823
24,12,13,10.0
24,12,27,15.92371
24,13,14,16.27823
24,13,28,11.00604
24,14,29,12.1578
24,15,16,11.09394
24,15,30,12.1578
24,16,17,18.66901
24,16,31,12.1578
24,17,18,10.27578
24,17,32,17.69404
24,18,19,10.70003
24,18,33,18.72168
24,19,20,18.26158
24,19,34,13.41637
24,20,21,18.66901
24,20,35,17.69404
24,21,22,11.38588
24,21,36,15.92371
24,22,23,19.64459
24,22,37,11.4465
24,23,24,11.74345
24,23,38,11.4465
24,24,25,11.83452
24,24,39,16.27823
24,25,26,10.0
24,25,40,11.09394
24,26,27,18.14657
24,26,41,20.2441
24,27,28,12.93576
24,27,42,9.59152
24,28,29,10.0
24,28,43,19.64459
24,29,44,20.2441
24,30,31,10.66107
24,30,45,10.66107
24,31,32,17.69404
24,31,46,19.64459
24,32,33,11.4465
24,32,47,10.66107
24,33,34,10.0
24,33,48,9.59152
24,34,35,19.64459
24,34,49,11.83452
24,35,36,17.21154
24,35,50,10.70003
24,36,37,16.27823
24,36,51,12.19967
24,37,38,15.39634
24,37,52,18.26158
24,38,39,15.39634
24,38,53,18.66901
24,39,40,13.41637
24,39,54,18.72168
24,40,41,17.32337
24,40,55,10.27578
24,41,42,13.41637
24,41,56,10.66107
24,42,43,18.14657
24,42,57,12.19967
24,43,44,11.09394
24,43,58,11.74345
24,44,59,16.27823
24,45,46,11.00604
24,45,60,9.59152
24,46,47,10.27578
24,46,61,15.92371
24,47,48,17.69404
24,47,62,18.72168
24,48,49,16.7716
24,48,63,9.59152
24,49,50,11.4465
24,49,64,17.21154
24,50,51,17.69404
24,50,65,13.41637
24,51,52,12.19967
24,51,66,19.64459
24,52,53,11.38588
24,52,67,9.59152
24,53,54,15.39634
24,53,68,10.70003
24,54,55,17.69404
24,54,69,19.25274
24,55,56,10.0
24,55,70,10.66107
24,56,57,16.27823
24,56,71,18.66901
24,57,58,11.74345
24,57,72,17.77088
24,58,59,12.62265
24,58,73,16.27823
24,59,74,10.70003
24,60,61,11.4465
24,60,75,11.4465
24,61,62,18.66901
24,61,76,16.82137
24,62,63,15.39634
24,62,77,11.83452
24,63,64,12.19967
24,63,78,18.26158
24,64,65,11.83452
24,64,79,11.09394
24,65,66,18.26158
24,65,80,18.66901
24,66,67,17.32337
24,66,81,9.59152
24,67,68,18.66901
24,67,82,11.38588
24,68,69,17.21154
24,68,83,17.69404
24,69,70,11.4465
24,69,84,10.27578
24,70,71,10.66107
24,70,85,10.0
24,71,72,17.77088
24,71,86,11.09394
24,72,73,20.2441
24,72,87,17.21154
24,73,74,13.41637
24,73,88,12.1578
24,74,89,11.38588
24,75,76,11.83452
24,75,90,11.00604
24,76,77,13.41637
24,76,91,11.38588
24,77,78,10.70003
24,77,92,18.26158
24,78,79,10.27578
24,78,93,11.74345
24,79,80,11.74345
24,79,94,19.64459
24,80,81,17.21154
24,80,95,16.27823
24,81,82,18.26158
24,81,96,11.00604
24,82,83,17.77088
24,82,97,18.26158
24,83,84,10.70003
24,83,98,10.66107
24,84,85,18.14657
24,84,99,13.41637
24,85,86,11.00604
24,85,100,9.59152
24,86,87,17.32337
24,86,101,19.25274
24,87,88,10.27578
24,87,102,13.41637
24,88,89,11.4465
24,88,103,17.77088
24,89,104,18.14657
24,90,91,11.38588
24,90,105,10.27578
24,91,92,16.82137
24,91,106,12.1578
24,92,93,15.92371
24,92,107,11.74345
24,93,94,15.92371
24,93,108,10.70003
24,94,95,11.74345
24,94,109,19.64459
24,95,96,10.66107
24,95,110,11.74345
24,96,97,18.14657
24,96,111,16.82137
24,97,98,9.59152
24,97,112,12.62265
24,98,99,17.32337
24,98,113,11.09394
24,99,100,17.21154
24,99,114,20.2441
24,100,101,11.83452
24,100,115,11.09394
24,101,102,17.32337
24,101,116,15.39634
24,102,103,17.69404
24,102,117,12.1578
24,103,104,10.27578
24,103,118,20.2441
24,104,119,17.77088
24,105,106,18.14657
24,105,120,10.0
24,106,107,11.74345
24,106,121,10.70003
24,107,108,11.38588
24,107,122,13.41637
24,108,109,16.7716
24,108,123,13.41637
24,109,110,12.19967
24,109,124,12.62265
24,110,111,18.72168
24,110,125,13.41637
24,111,112,16.27823
24,111,126,12.1578
24,112,113,11.83452
24,112,127,13.41637
24,113,114,11.4465
24,113,128,12.93576
24,114,115,17.21154
24,114,129,11.83452
24,115,116,17.32337
24,115,130,11.74345
24,116,117,11.00604
24,116,131,18.66901
24,117,118,17.77088
24,117,132,15.39634
24,118,119,18.72168
24,118,133,16.82137
24,119,134,10.0
24,120,121,17.21154
24,120,135,11.38588
24,121,122,17.21154
24,121,136,11.09394
24,122,123,16.7716
24,122,137,16.82137
24,123,124,10.27578
24,123,138,17.77088
24,124,125,10.0
24,124,139,18.14657
24,125,126,11.74345
24,125,140,11.83452
24,126,127,12.93576
24,126,141,16.7716
24,127,128,10.27578
24,127,142,19.25274
24,128,129,12.62265
24,128,143,18.72168
24,129,130,12.93576
24,129,144,17.69404
24,130,131,9.59152
24,130,145,17.21154
24,131,132,9.59152
24,131,146,12.1578
24,132,133,16.82137
24,132,147,10.70003
24,133,134,10.27578
24,133,148,9.59152
24,134,149,19.25274
24,135,136,10.27578
24,135,150,10.0
24,136,137,17.21154
24,136,151,10.0
24,137,138,17.21154
24,137,152,18.66901
24,138,139,11.83452
24,138,153,20.2441
24,139,140,19.64459
24,139,154,10.0
24,140,141,19.64459
24,140,155,16.82137
24,141,142,16.7716
24,141,156,11.00604
24,142,143,12.93576
24,142,157,12.93576
24,143,144,13.41637
24,143,158,17.69404
24,144,145,11.83452
24,144,159,19.25274
24,145,146,10.27578
24,145,160,19.64459
24,146,147,11.38588
24,146,161,17.32337
24,147,148,17.77088
24,147,162,12.19967
24,148,149,18.72168
24,148,163,11.38588
24,149,164,12.62265
24,150,151,11.00604
24,150,165,19.25274
24,151,152,11.09394
24,151,166,11.00604
24,152,153,10.66107
24,152,167,19.64459
24,153,154,18.14657
24,153,168,11.4465
24,154,155,11.74345
24,154,169,12.93576
24,155,156,11.83452
24,155,170,18.72168
24,156,157,10.27578
24,156,171,12.93576
24,157,158,17.32337
24,157,172,12.93576
24,158,159,17.77088
24,158,173,16.7716
24,159,160,19.64459
24,159,174,16.27823
24,160,161,10.0
24,160,175,15.92371
24,161,162,12.1578
24,161,176,18.66901
24,162,163,12.62265
24,162,177,17.77088
24,163,164,10.0
24,163,178,10.66107
24,164,179,11.83452
24,165,166,12.62265
24,165,180,11.4465
24,166,167,16.82137
24,166,181,17.69404
24,167,168,17.69404
24,167,182,11.00604
24,168,169,16.82137
24,168,183,18.66901
24,169,170,18.72168
24,169,184,10.27578
24,170,171,12.93576
24,170,185,19.64459
24,171,172,18.14657
24,171,186,17.69404
24,172,173,17.69404
24,172,187,16.27823
24,173,174,20.2441
24,173,188,19.64459
24,174,175,11.4465
24,174,189,16.7716
24,175,176,16.82137
24,175,190,11.74345
24,176,177,19.25274
24,176,191,18.72168
24,177,178,17.32337
24,177,192,16.82137
24,178,179,10.27578
24,178,193,10.66107
24,179,194,12.93576
24,180,181,9.59152
24,180,195,19.25274
24,181,182,16.82137
24,181,196,18.26158
24,182,183,12.1578
24,182,197,10.70003
24,183,184,16.82137
24,183,198,19.25274
24,184,185,19.25274
24,184,199,11.00604
24,185,186,12.19967
24,185,200,16.7716
24,186,187,10.0
24,186,201,18.26158
24,187,188,19.25274
24,187,202,11.74345
24,188,189,10.66107
24,188,203,9.59152
24,189,190,18.26158
24,189,204,10.27578
24,190,191,10.0
24,190,205,18.66901
24,191,192,12.93576
24,191,206,12.62265
24,192,193,20.2441
24,192,207,11.83452
24,193,194,17.77088
24,193,208,16.82137
24,194,209,12.19967
24,195,196,20.2441
24,195,210,12.62265
24,196,197,12.62265
24,196,211,11.83452
24,197,198,16.82137
24,197,212,12.62265
24,198,199,18.14657
24,198,213,20.2441
24,199,200,9.59152
24,199,214,18.72168
24,200,201,16.82137
24,200,215,17.21154
24,201,202,15.92371
24,201,216,18.26158
24,202,203,9.59152
24,202,217,9.59152
24,203,204,11.09394
24,203,218,12.93576
24,204,205,11.83452
24,204,219,11.38588
24,205,206,15.39634
24,205,220,18.26158
24,206,207,10.66107
24,206,221,11.4465
24,207,208,18.66901
24,207,222,12.19967
24,208,209,18.14657
24,208,223,18.26158
24,209,224,18.72168
24,210,211,19.25274
24,211,212,18.14657
24,212,213,16.7716
24,213,214,20.2441
24,214,215,19.25274
24,215,216,16.7716
24,216,217,18.26158
24,217,218,15.39634
24,218,219,11.09394
24,219,220,11.74345
24,220,221,12.62265
24,221,222,19.25274
24,222,223,11.38588
24,223,224,12.1578
25,0,1,8.76807
25,0,15,12.31671
25,1,2,7.41211
25,1,16,6.55712
25,2,3,7.41211
25,2,17,10.66663
25,3,4,6.11911
25,3,18,13.06278
25,4,5,6.11911
25,4,19,10.0
25,5,6,8.40594
25,5,20,10.0
25,6,7,10.66663
25,6,21,6.11911
25,7,8,5.5988
25,7,22,11.68782
25,8,9,4.17
25,8,23,13.12499
25,9,10,4.93776
25,9,24,6.51503
25,10,11,8.40594
25,10,25,11.2623
25,11,12,13.06278
25,11,26,11.68782
25,12,13,10.0
25,12,27,12.31671
25,13,14,11.68782
25,13,28,10.66663
25,14,29,7.08349
25,15,16,6.55712
25,15,30,7.08349
25,16,17,9.01176
25,16,31,7.08349
25,17,18,9.44013
25,17,32,7.8989
25,18,19,6.87139
25,18,33,6.82812
25,19,20,5.5988
25,19,34,2.98098
25,20,21,9.01176
25,20,35,7.8989
25,21,22,6.11911
25,21,36,12.31671
25,22,23,6.07872
25,22,37,7.90125
25,23,24,7.41211
25,23,38,7.90125
25,24,25,4.17
25,24,39,11.68782
25,25,26,10.0
25,25,40,6.55712
25,26,27,9.38824
25,26,41,4.13823
25,27,28,4.57047
25,27,42,13.12499
25,28,29,10.0
25,28,43,6.07872
25,29,44,4.13823
25,30,31,9.06248
25,30,45,9.06248
25,31,32,7.8989
25,31,46,6.07872
25,32,33,7.90125
25,32,47,9.06248
25,33,34,10.0
25,33,48,13.12499
25,34,35,6.07872
25,34,49,4.17
25,35,36,13.06278
25,35,50,6.87139
25,36,37,11.68782
25,36,51,5.20299
25,37,38,15.7927
25,37,52,5.5988
25,38,39,15.7927
25,38,53,9.01176
25,39,40,2.98098
25,39,54,6.82812
25,40,41,8.40594
25,40,55,9.44013
25,41,42,2.98098
25,41,56,9.06248
25,42,43,9.38824
25,42,57,5.20299
25,43,44,6.55712
25,43,58,7.41211
25,44,59,11.68782
25,45,46,10.66663
25,45,60,13.12499
25,46,47,9.44013
25,46,61,12.31671
25,47,48,7.8989
25,47,62,6.82812
25,48,49,11.2623
25,48,63,13.12499
25,49,50,7.90125
25,49,64,13.06278
25,50,51,7.8989
25,50,65,2.98098
25,51,52,5.20299
25,51,66,6.07872
25,52,53,6.11911
25,52,67,13.12499
25,53,54,15.7927
25,53,68,6.87139
25,54,55,7.8989
25,54,69,6.51503
25,55,56,10.0
25,55,70,9.06248
25,56,57,11.68782
25,56,71,9.01176
25,57,58,7.41211
25,57,72,9.94641
25,58,59,4.93776
25,58,73,11.68782
25,59,74,6.87139
25,60,61,7.90125
25,60,75,7.90125
25,61,62,9.01176
25,61,76,8.76807
25,62,63,15.7927
25,62,77,4.17
25,63,64,5.20299
25,63,78,5.5988
25,64,65,4.17
25,64,79,6.55712
25,65,66,5.5988
25,65,80,9.01176
25,66,67,8.40594
25,66,81,13.12499
25,67,68,9.01176
25,67,82,6.11911
25,68,69,13.06278
25,68,83,7.8989
25,69,70,7.90125
25,69,84,9.44013
25,70,71,9.06248
25,70,85,10.0
25,71,72,9.94641
25,71,86,6.55712
25,72,73,4.13823
25,72,87,13.06278
25,73,74,2.98098
25,73,88,7.08349
25,74,89,6.11911
25,75,76,4.17
25,75,90,10.66663
25,76,77,2.98098
25,76,91,6.11911
25,77,78,6.87139
25,77,92,5.5988
25,78,79,9.44013
25,78,93,7.41211
25,79,80,7.41211
25,79,94,6.07872
25,80,81,13.06278
25,80,95,11.68782
25,81,82,5.5988
25,81,96,10.66663
25,82,83,9.94641
25,82,97,5.5988
25,83,84,6.87139
25,83,98,9.06248
25,84,85,9.38824
25,84,99,2.98098
25,85,86,10.66663
25,85,100,13.12499
25,86,87,8.40594
25,86,101,6.51503
25,87,88,9.44013
25,87,102,2.98098
25,88,89,7.90125
25,88,103,9.94641
25,89,104,9.38824
25,90,91,6.11911
25,90,105,9.44013
25,91,92,8.76807
25,91,106,7.08349
25,92,93,12.31671
25,92,107,7.41211
25,93,94,12.31671
25,93,108,6.87139
25,94,95,7.41211
25,94,109,6.07872
25,95,96,9.06248
25,95,110,7.41211
25,96,97,9.38824
25,96,111,8.76807
25,97,98,13.12499
25,97,112,4.93776
25,98,99,8.40594
25,98,113,6.55712
25,99,100,13.06278
25,99,114,4.13823
25,100,101,4.17
25,100,115,6.55712
25,101,102,8.40594
25,101,116,15.7927
25,102,103,7.8989
25,102,117,7.08349
25,103,104,9.44013
25,103,118,4.13823
25,104,119,9.94641
25,105,106,9.38824
25,105,120,10.0
25,106,107,7.41211
25,106,121,6.87139
25,107,108,6.11911
25,107,122,2.98098
25,108,109,11.2623
25,108,123,2.98098
25,109,110,5.20299
25,109,124,4.93776
25,110,111,6.82812
25,110,125,2.98098
25,111,112,11.68782
25,111,126,7.08349
25,112,113,4.17
25,112,127,2.98098
25,113,114,7.90125
25,113,128,4.57047
25,114,115,13.06278
25,114,129,4.17
25,115,116,8.40594
25,115,130,7.41211
25,116,117,10.66663
25,116,131,9.01176
25,117,118,9.94641
25,117,132,15.7927
25,118,119,6.82812
25,118,133,8.76807
25,119,134,10.0
25,120,121,13.06278
25,120,135,6.11911
25,121,122,13.06278
25,121,136,6.55712
25,122,123,11.2623
25,122,137,8.76807
25,123,124,9.44013
25,123,138,9.94641
25,124,125,10.0
25,124,139,9.38824
25,125,126,7.41211
25,125,140,4.17
25,126,127,4.57047
25,126,141,11.2623
25,127,128,9.44013
25,127,142,6.51503
25,128,129,4.93776
25,128,143,6.82812
25,129,130,4.57047
25,129,144,7.8989
25,130,131,13.12499
25,130,145,13.06278
25,131,132,13.12499
25,131,146,7.08349
25,132,133,8.76807
25,132,147,6.87139
25,133,134,9.44013
25,133,148,13.12499
25,134,149,6.51503
25,135,136,9.44013
25,135,150,10.0
25,136,137,13.06278
25,136,151,10.0
25,137,138,13.06278
25,137,152,9.01176
25,138,139,4.17
25,138,153,4.13823
25,139,140,6.07872
25,139,154,10.0
25,140,141,6.07872
25,140,155,8.76807
25,141,142,11.2623
25,141,156,10.66663
25,142,143,4.57047
25,142,157,4.57047
25,143,144,2.98098
25,143,158,7.8989
25,144,145,4.17
25,144,159,6.51503
25,145,146,9.44013
25,145,160,6.07872
25,146,147,6.11911
25,146,161,8.40594
25,147,148,9.94641
25,147,162,5.20299
25,148,149,6.82812
25,148,163,6.11911
25,149,164,4.93776
25,150,151,10.66663
25,150,165,6.51503
25,151,152,6.55712
25,151,166,10.66663
25,152,153,9.06248
25,152,167,6.07872
25,153,154,9.38824
25,153,168,7.90125
25,154,155,7.41211
25,154,169,4.57047
25,155,156,4.17
25,155,170,6.82812
25,156,157,9.44013
25,156,171,4.57047
25,157,158,8.40594
25,157,172,4.57047
25,158,159,9.94641
25,158,173,11.2623
25,159,160,6.07872
25,159,174,11.68782
25,160,161,10.0
25,160,175,12.31671
25,161,162,7.08349
25,161,176,9.01176
25,162,163,4.93776
25,162,177,9.94641
25,163,164,10.0
25,163,178,9.06248
25,164,179,4.17
25,165,166,4.93776
25,165,180,7.90125
25,166,167,8.76807
25,166,181,7.8989
25,167,168,7.8989
25,167,182,10.66663
25,168,169,8.76807
25,168,183,9.01176
25,169,170,6.82812
25,169,184,9.44013
25,170,171,4.57047
25,170,185,6.07872
25,171,172,9.38824
25,171,186,7.8989
25,172,173,7.8989
25,172,187,11.68782
25,173,174,4.13823
25,173,188,6.07872
25,174,175,7.90125
25,174,189,11.2623
25,175,176,8.76807
25,175,190,7.41211
25,176,177,6.51503
25,176,191,6.82812
25,177,178,8.40594
25,177,192,8.76807
25,178,179,9.44013
25,178,193,9.06248
25,179,194,4.57047
25,180,181,13.12499
25,180,195,6.51503
25,181,182,8.76807
25,181,196,5.5988
25,182,183,7.08349
25,182,197,6.87139
25,183,184,8.76807
25,183,198,6.51503
25,184,185,6.51503
25,184,199,10.66663
25,185,186,5.20299
25,185,200,11.2623
25,186,187,10.0
25,186,201,5.5988
25,187,188,6.51503
25,187,202,7.41211
25,188,189,9.06248
25,188,203,13.12499
25,189,190,5.5988
25,189,204,9.44013
25,190,191,10.0
25,190,205,9.01176
25,191,192,4.57047
25,191,206,4.93776
25,192,193,4.13823
25,192,207,4.17
25,193,194,9.94641
25,193,208,8.76807
25,194,209,5.20299
25,195,196,4.13823
25,195,210,4.93776
25,196,197,4.93776
25,196,211,4.17
25,197,198,8.76807
25,197,212,4.93776
25,198,199,9.38824
25,198,213,4.13823
25,199,200,13.12499
25,199,214,6.82812
25,200,201,8.76807
25,200,215,13.06278
25,201,202,12.31671
25,201,216,5.5988
25,202,203,13.12499
25,202,217,13.12499
25,203,204,6.55712
25,203,218,4.57047
25,204,205,4.17
25,204,219,6.11911
25,205,206,15.7927
25,205,220,5.5988
25,206,207,9.06248
25,206,221,7.90125
25,207,208,9.01176
25,207,222,5.20299
25,208,209,9.38824
25,208,223,5.5988
25,209,224,6.82812
25,210,211,6.51503
25,211,212,9.38824
25,212,213,11.2623
25,213,214,4.13823
25,214,215,6.51503
25,215,216,11.2623
25,216,217,5.5988
25,217,218,15.7927
25,218,219,6.55712
25,219,220,7.41211
25,220,221,4.93776
25,221,222,6.51503
25,222,223,6.11911
25,223,224,7.08349
26,0,1,6.19222
26,0,15,4.92711
26,1,2,15.31839
26,1,16,12.25061
26,2,3,15.31839
26,2,17,13.15928
26,3,4,14.8119
26,3,18,7.09453
26,4,5,14.8119
26,4,19,10.0
26,5,6,6.45637
26,5,20,10.0
26,6,7,13.15928
26,6,21,14.8119
26,7,8,7.93183
26,7,22,6.49404
26,8,9,14.33085
26,8,23,10.39602
26,9,10,15.25754
26,9,24,8.60441
26,10,11,6.45637
26,10,25,6.76567
26,11,12,7.09453
26,11,26,6.49404
26,12,13,10.0
26,12,27,4.92711
26,13,14,6.49404
26,13,28,13.15928
26,14,29,15.75488
26,15,16,12.25061
26,15,30,15.75488
26,16,17,8.96878
26,16,31,15.75488
26,17,18,12.30468
26,17,32,8.27991
26,18,19,11.86988
26,18,33,8.29198
26,19,20,7.93183
26,19,34,17.58823
26,20,21,8.96878
26,20,35,8.27991
26,21,22,14.8119
26,21,36,4.92711
26,22,23,10.73348
26,22,37,12.70818
26,23,24,15.31839
26,23,38,12.70818
26,24,25,14.33085
26,24,39,6.49404
26,25,26,10.0
26,25,40,12.25061
26,26,27,8.64888
26,26,41,10.33034
26,27,28,18.12436
26,27,42,10.39602
26,28,29,10.0
26,28,43,10.73348
26,29,44,10.33034
26,30,31,12.69289
26,30,45,12.69289
26,31,32,8.27991
26,31,46,10.73348
26,32,33,12.70818
26,32,47,12.69289
26,33,34,10.0
26,33,48,10.39602
26,34,35,10.73348
26,34,49,14.33085
26,35,36,7.09453
26,35,50,11.86988
26,36,37,6.49404
26,36,51,14.82852
26,37,38,5.19016
26,37,52,7.93183
26,38,39,5.19016
26,38,53,8.96878
26,39,40,17.58823
26,39,54,8.29198
26,40,41,6.45637
26,40,55,12.30468
26,41,42,17.58823
26,41,56,12.69289
26,42,43,8.64888
26,42,57,14.82852
26,43,44,12.25061
26,43,58,15.31839
26,44,59,6.49404
26,45,46,13.15928
26,45,60,10.39602
26,46,47,12.30468
26,46,61,4.92711
26,47,48,8.27991
26,47,62,8.29198
26,48,49,6.76567
26,48,63,10.39602
26,49,50,12.70818
26,49,64,7.09453
26,50,51,8.27991
26,50,65,17.58823
26,51,52,14.82852
26,51,66,10.73348
26,52,53,14.8119
26,52,67,10.39602
26,53,54,5.19016
26,53,68,11.86988
26,54,55,8.27991
26,54,69,8.60441
26,55,56,10.0
26,55,70,12.69289
26,56,57,6.49404
26,56,71,8.96878
26,57,58,15.31839
26,57,72,6.77641
26,58,59,15.25754
26,58,73,6.49404
26,59,74,11.86988
26,60,61,12.70818
26,60,75,12.70818
26,61,62,8.96878
26,61,76,6.19222
26,62,63,5.19016
26,62,77,14.33085
26,63,64,14.82852
26,63,78,7.93183
26,64,65,14.33085
26,64,79,12.25061
26,65,66,7.93183
26,65,80,8.96878
26,66,67,6.45637
26,66,81,10.39602
26,67,68,8.96878
26,67,82,14.8119
26,68,69,7.09453
26,68,83,8.27991
26,69,70,12.70818
26,69,84,12.30468
26,70,71,12.69289
26,70,85,10.0
26,71,72,6.77641
26,71,86,12.25061
26,72,73,10.33034
26,72,87,7.09453
26,73,74,17.58823
26,73,88,15.75488
26,74,89,14.8119
26,75,76,14.33085
26,75,90,13.15928
26,76,77,17.58823
26,76,91,14.8119
26,77,78,11.86988
26,77,92,7.93183
26,78,79,12.30468
26,78,93,15.31839
26,79,80,15.31839
26,79,94,10.73348
26,80,81,7.09453
26,80,95,6.49404
26,81,82,7.93183
26,81,96,13.15928
26,82,83,6.77641
26,82,97,7.93183
26,83,84,11.86988
26,83,98,12.69289
26,84,85,8.64888
26,84,99,17.58823
26,85,86,13.15928
26,85,100,10.39602
26,86,87,6.45637
26,86,101,8.60441
26,87,88,12.30468
26,87,102,17.58823
26,88,89,12.70818
26,88,103,6.77641
26,89,104,8.64888
26,90,91,14.8119
26,90,105,12.30468
26,91,92,6.19222
26,91,106,15.75488
26,92,93,4.92711
26,92,107,15.31839
26,93,94,4.92711
26,93,108,11.86988
26,94,95,15.31839
26,94,109,10.73348
26,95,96,12.69289
26,95,110,15.31839
26,96,97,8.64888
26,96,111,6.19222
26,97,98,10.39602
26,97,112,15.25754
26,98,99,6.45637
26,98,113,12.25061
26,99,100,7.09453
26,99,114,10.33034
26,100,101,14.33085
26,100,115,12.25061
26,101,102,6.45637
26,101,116,5.19016
26,102,103,8.27991
26,102,117,15.75488
26,103,104,12.30468
26,103,118,10.33034
26,104,119,6.77641
26,105,106,8.64888
26,105,120,10.0
26,106,107,15.31839
26,106,121,11.86988
26,107,108,14.8119
26,107,122,17.58823
26,108,109,6.76567
26,108,123,17.58823
26,109,110,14.82852
26,109,124,15.25754
26,110,111,8.29198
26,110,125,17.58823
26,111,112,6.49404
26,111,126,15.75488
26,112,113,14.33085
26,112,127,17.58823
26,113,114,12.70818
26,113,128,18.12436
26,114,115,7.09453
26,114,129,14.33085
26,115,116,6.45637
26,115,130,15.31839
26,116,117,13.15928
26,116,131,8.96878
26,117,118,6.77641
26,117,132,5.19016
26,118,119,8.29198
26,118,133,6.19222
26,119,134,10.0
26,120,121,7.09453
26,120,135,14.8119
26,121,122,7.09453
26,121,136,12.25061
26,122,123,6.76567
26,122,137,6.19222
26,123,124,12.30468
26,123,138,6.77641
26,124,125,10.0
26,124,139,8.64888
26,125,126,15.31839
26,125,140,14.33085
26,126,127,18.12436
26,126,141,6.76567
26,127,128,12.30468
26,127,142,8.60441
26,128,129,15.25754
26,128,143,8.29198
26,129,130,18.12436
26,129,144,8.27991
26,130,131,10.39602
26,130,145,7.09453
26,131,132,10.39602
26,131,146,15.75488
26,132,133,6.19222
26,132,147,11.86988
26,133,134,12.30468
26,133,148,10.39602
26,134,149,8.60441
26,135,136,12.30468
26,135,150,10.0
26,136,137,7.09453
26,136,151,10.0
26,137,138,7.09453
26,137,152,8.96878
26,138,139,14.33085
26,138,153,10.33034
26,139,140,10.73348
26,139,154,10.0
26,140,141,10.73348
26,140,155,6.19222
26,141,142,6.76567
26,141,156,13.15928
26,142,143,18.12436
26,142,157,18.12436
26,143,144,17.58823
26,143,158,8.27991
26,144,145,14.33085
26,144,159,8.60441
26,145,146,12.30468
26,145,160,10.73348
26,146,147,14.8119
26,146,161,6.45637
26,147,148,6.77641
26,147,162,14.82852
26,148,149,8.29198
26,148,163,14.8119
26,149,164,15.25754
26,150,151,13.15928
26,150,165,8.60441
26,151,152,12.25061
26,151,166,13.15928
26,152,153,12.69289
26,152,167,10.73348
26,153,154,8.64888
26,153,168,12.70818
26,154,155,15.31839
26,154,169,18.12436
26,155,156,14.33085
26,155,170,8.29198
26,156,157,12.30468
26,156,171,18.12436
26,157,158,6.45637
26,157,172,18.12436
26,158,159,6.77641
26,158,173,6.76567
26,159,160,10.73348
26,159,174,6.49404
26,160,161,10.0
26,160,175,4.92711
26,161,162,15.75488
26,161,176,8.96878
26,162,163,15.25754
26,162,177,6.77641
26,163,164,10.0
26,163,178,12.69289
26,164,179,14.33085
26,165,166,15.25754
26,165,180,12.70818
26,166,167,6.19222
26,166,181,8.27991
26,167,168,8.27991
26,167,182,13.15928
26,168,169,6.19222
26,168,183,8.96878
26,169,170,8.29198
26,169,184,12.30468
26,170,171,18.12436
26,170,185,10.73348
26,171,172,8.64888
26,171,186,8.27991
26,172,173,8.27991
26,172,187,6.49404
26,173,174,10.33034
26,173,188,10.73348
26,174,175,12.70818
26,174,189,6.76567
26,175,176,6.19222
26,175,190,15.31839
26,176,177,8.60441
26,176,191,8.29198
26,177,178,6.45637
26,177,192,6.19222
26,178,179,12.30468
26,178,193,12.69289
26,179,194,18.12436
26,180,181,10.39602
26,180,195,8.60441
26,181,182,6.19222
26,181,196,7.93183
26,182,183,15.75488
26,182,197,11.86988
26,183,184,6.19222
26,183,198,8.60441
26,184,185,8.60441
26,184,199,13.15928
26,185,186,14.82852
26,185,200,6.76567
26,186,187,10.0
26,186,201,7.93183
26,187,188,8.60441
26,187,202,15.31839
26,188,189,12.69289
26,188,203,10.39602
26,189,190,7.93183
26,189,204,12.30468
26,190,191,10.0
26,190,205,8.96878
26,191,192,18.12436
26,191,206,15.25754
26,192,193,10.33034
26,192,207,14.33085
26,193,194,6.77641
26,193,208,6.19222
26,194,209,14.82852
26,195,196,10.33034
26,195,210,15.25754
26,196,197,15.25754
26,196,211,14.33085
26,197,198,6.19222
26,197,212,15.25754
26,198,199,8.64888
26,198,213,10.33034
26,199,200,10.39602
26,199,214,8.29198
26,200,201,6.19222
26,200,215,7.09453
26,201,202,4.92711
26,201,216,7.93183
26,202,203,10.39602
26,202,217,10.39602
26,203,204,12.25061
26,203,218,18.12436
26,204,205,14.33085
26,204,219,14.8119
26,205,206,5.19016
26,205,220,7.93183
26,206,207,12.69289
26,206,221,12.70818
26,207,208,8.96878
26,207,222,14.82852
26,208,209,8.64888
26,208,223,7.93183
26,209,224,8.29198
26,210,211,8.60441
26,211,212,8.64888
26,212,213,6.76567
26,213,214,10.33034
26,214,215,8.60441
26,215,216,6.76567
26,216,217,7.93183
26,217,218,5.19016
26,218,219,12.25061
26,219,220,15.31839
26,220,221,15.25754
26,221,222,8.60441
26,222,223,14.8119
26,223,224,15.75488
27,0,1,6.79147
27,0,15,6.2597
27,1,2,5.10636
27,1,16,11.04569
27,2,3,5.10636
27,2,17,4.66061
27,3,4,8.565
27,3,18,2.45606
27,4,5,8.565
27,4,19,10.0
27,5,6,7.06586
27,5,20,10.0
27,6,7,4.66061
27,6,21,8.565
27,7,8,7.63599
27,7,22,4.51324
27,8,9,11.77572
27,8,23,7.09011
27,9,10,7.83796
27,9,24,4.64181
27,10,11,7.06586
27,10,25,4.72765
27,11,12,2.45606
27,11,26,4.51324
27,12,13,10.0
27,12,27,6.2597
27,13,14,4.51324
27,13,28,4.66061
27,14,29,5.33791
27,15,16,11.04569
27,15,30,5.33791
27,16,17,2.89384
27,16,31,5.33791
27,17,18,7.66136
27,17,32,5.17735
27,18,19,10.69167
27,18,33,4.42991
27,19,20,7.63599
27,19,34,8.4425
27,20,21,2.89384
27,20,35,5.17735
27,21,22,8.565
27,21,36,6.2597
27,22,23,3.21805
27,22,37,6.98025
27,23,24,5.10636
27,23,38,6.98025
27,24,25,11.77572
27,24,39,4.51324
27,25,26,10.0
27,25,40,11.04569
27,26,27,2.74192
27,26,41,5.08645
27,27,28,5.82202
27,27,42,7.09011
27,28,29,10.0
27,28,43,3.21805
27,29,44,5.08645
27,30,31,7.9554
27,30,45,7.9554
27,31,32,5.17735
27,31,46,3.21805
27,32,33,6.98025
27,32,47,7.9554
27,33,34,10.0
27,33,48,7.09011
27,34,35,3.21805
27,34,49,11.77572
27,35,36,2.45606
27,35,50,10.69167
27,36,37,4.51324
27,36,51,7.54643
27,37,38,4.10189
27,37,52,7.63599
27,38,39,4.10189
27,38,53,2.89384
27,39,40,8.4425
27,39,54,4.42991
27,40,41,7.06586
27,40,55,7.66136
27,41,42,8.4425
27,41,56,7.9554
27,42,43,2.74192
27,42,57,7.54643
27,43,44,11.04569
27,43,58,5.10636
27,44,59,4.51324
27,45,46,4.66061
27,45,60,7.09011
27,46,47,7.66136
27,46,61,6.2597
27,47,48,5.17735
27,47,62,4.42991
27,48,49,4.72765
27,48,63,7.09011
27,49,50,6.98025
27,49,64,2.45606
27,50,51,5.17735
27,50,65,8.4425
27,51,52,7.54643
27,51,66,3.21805
27,52,53,8.565
27,52,67,7.09011
27,53,54,4.10189
27,53,68,10.69167
27,54,55,5.17735
27,54,69,4.64181
27,55,56,10.0
27,55,70,7.9554
27,56,57,4.51324
27,56,71,2.89384
27,57,58,5.10636
27,57,72,4.02363
27,58,59,7.83796
27,58,73,4.51324
27,59,74,10.69167
27,60,61,6.98025
27,60,75,6.98025
27,61,62,2.89384
27,61,76,6.79147
27,62,63,4.10189
27,62,77,11.77572
27,63,64,7.54643
27,63,78,7.63599
27,64,65,11.77572
27,64,79,11.04569
27,65,66,7.63599
27,65,80,2.89384
27,66,67,7.06586
27,66,81,7.09011
27,67,68,2.89384
27,67,82,8.565
27,68,69,2.45606
27,68,83,5.17735
27,69,70,6.98025
27,69,84,7.66136
27,70,71,7.9554
27,70,85,10.0
27,71,72,4.02363
27,71,86,11.04569
27,72,73,5.08645
27,72,87,2.45606
27,73,74,8.4425
27,73,88,5.33791
27,74,89,8.565
27,75,76,11.77572
27,75,90,4.66061
27,76,77,8.4425
27,76,91,8.565
27,77,78,10.69167
27,77,92,7.63599
27,78,79,7.66136
27,78,93,5.10636
27,79,80,5.10636
27,79,94,3.21805
27,80,81,2.45606
27,80,95,4.51324
27,81,82,7.63599
27,81,96,4.66061
27,82,83,4.02363
27,82,97,7.63599
27,83,84,10.69167
27,83,98,7.9554
27,84,85,2.74192
27,84,99,8.4425
27,85,86,4.66061
27,85,100,7.09011
27,86,87,7.06586
27,86,101,4.64181
27,87,88,7.66136
27,87,102,8.4425
27,88,89,6.98025
27,88,103,4.02363
27,89,104,2.74192
27,90,91,8.565
27,90,105,7.66136
27,91,92,6.79147
27,91,106,5.33791
27,92,93,6.2597
27,92,107,5.10636
27,93,94,6.2597
27,93,108,10.69167
27,94,95,5.10636
27,94,109,3.21805
27,95,96,7.9554
27,95,110,5.10636
27,96,97,2.74192
27,96,111,6.79147
27,97,98,7.09011
27,97,112,7.83796
27,98,99,7.06586
27,98,113,11.04569
27,99,100,2.45606
27,99,114,5.08645
27,100,101,11.77572
27,100,115,11.04569
27,101,102,7.06586
27,101,116,4.10189
27,102,103,5.17735
27,102,117,5.33791
27,103,104,7.66136
27,103,118,5.08645
27,104,119,4.02363
27,105,106,2.74192
27,105,120,10.0
27,106,107,5.10636
27,106,121,10.69167
27,107,108,8.565
27,107,122,8.4425
27,108,109,4.72765
27,108,123,8.4425
27,109,110,7.54643
27,109,124,7.83796
27,110,111,4.42991
27,110,125,8.4425
27,111,112,4.51324
27,111,126,5.33791
27,112,113,11.77572
27,112,127,8.4425
27,113,114,6.98025
27,113,128,5.82202
27,114,115,2.45606
27,114,129,11.77572
27,115,116,7.06586
27,115,130,5.10636
27,116,117,4.66061
27,116,131,2.89384
27,117,118,4.02363
27,117,132,4.10189
27,118,119,4.42991
27,118,133,6.79147
27,119,134,10.0
27,120,121,2.45606
27,120,135,8.565
27,121,122,2.45606
27,121,136,11.04569
27,122,123,4.72765
27,122,137,6.79147
27,123,124,7.66136
27,123,138,4.02363
27,124,125,10.0
27,124,139,2.74192
27,125,126,5.10636
27,125,140,11.77572
27,126,127,5.82202
27,126,141,4.72765
27,127,128,7.66136
27,127,142,4.64181
27,128,129,7.83796
27,128,143,4.42991
27,129,130,5.82202
27,129,144,5.17735
27,130,131,7.09011
27,130,145,2.45606
27,131,132,7.09011
27,131,146,5.33791
27,132,133,6.79147
27,132,147,10.69167
27,133,134,7.66136
27,133,148,7.09011
27,134,149,4.64181
27,135,136,7.66136
27,135,150,10.0
27,136,137,2.45606
27,136,151,10.0
27,137,138,2.45606
27,137,152,2.89384
27,138,139,11.77572
27,138,153,5.08645
27,139,140,3.21805
27,139,154,10.0
27,140,141,3.21805
27,140,155,6.79147
27,141,142,4.72765
27,141,156,4.66061
27,142,143,5.82202
27,142,157,5.82202
27,143,144,8.4425
27,143,158,5.17735
27,144,145,11.77572
27,144,159,4.64181
27,145,146,7.66136
27,145,160,3.21805
27,146,147,8.565
27,146,161,7.06586
27,147,148,4.02363
27,147,162,7.54643
27,148,149,4.42991
27,148,163,8.565
27,149,164,7.83796
27,150,151,4.66061
27,150,165,4.64181
27,151,152,11.04569
27,151,166,4.66061
27,152,153,7.9554
27,152,167,3.21805
27,153,154,2.74192
27,153,168,6.98025
27,154,155,5.10636
27,154,169,5.82202
27,155,156,11.77572
27,155,170,4.42991
27,156,157,7.66136
27,156,171,5.82202
27,157,158,7.06586
27,157,172,5.82202
27,158,159,4.02363
27,158,173,4.72765
27,159,160,3.21805
27,159,174,4.51324
27,160,161,10.0
27,160,175,6.2597
27,161,162,5.33791
27,161,176,2.89384
27,162,163,7.83796
27,162,177,4.02363
27,163,164,10.0
27,163,178,7.9554
27,164,179,11.77572
27,165,166,7.83796
27,165,180,6.98025
27,166,167,6.79147
27,166,181,5.17735
27,167,168,5.17735
27,167,182,4.66061
27,168,169,6.79147
27,168,183,2.89384
27,169,170,4.42991
27,169,184,7.66136
27,170,171,5.82202
27,170,185,3.21805
27,171,172,2.74192
27,171,186,5.17735
27,172,173,5.17735
27,172,187,4.51324
27,173,174,5.08645
27,173,188,3.21805
27,174,175,6.98025
27,174,189,4.72765
27,175,176,6.79147
27,175,190,5.10636
27,176,177,4.64181
27,176,191,4.42991
27,177,178,7.06586
27,177,192,6.79147
27,178,179,7.66136
27,178,193,7.9554
27,179,194,5.82202
27,180,181,7.09011
27,180,195,4.64181
27,181,182,6.79147
27,181,196,7.63599
27,182,183,5.33791
27,182,197,10.69167
27,183,184,6.79147
27,183,198,4.64181
27,184,185,4.64181
27,184,199,4.66061
27,185,186,7.54643
27,185,200,4.72765
27,186,187,10.0
27,186,201,7.63599
27,187,188,4.64181
27,187,202,5.10636
27,188,189,7.9554
27,188,203,7.09011
27,189,190,7.63599
27,189,204,7.66136
27,190,191,10.0
27,190,205,2.89384
27,191,192,5.82202
27,191,206,7.83796
27,192,193,5.08645
27,192,207,11.77572
27,193,194,4.02363
27,193,208,6.79147
27,194,209,7.54643
27,195,196,5.08645
27,195,210,7.83796
27,196,197,7.83796
27,196,211,11.77572
27,197,198,6.79147
27,197,212,7.83796
27,198,199,2.74192
27,198,213,5.08645
27,199,200,7.09011
27,199,214,4.42991
27,200,201,6.79147
27,200,215,2.45606
27,201,202,6.2597
27,201,216,7.63599
27,202,203,7.09011
27,202,217,7.09011
27,203,204,11.04569
27,203,218,5.82202
27,204,205,11.77572
27,204,219,8.565
27,205,206,4.10189
27,205,220,7.63599
27,206,207,7.9554
27,206,221,6.98025
27,207,208,2.89384
27,207,222,7.54643
27,208,209,2.74192
27,208,223,7.63599
27,209,224,4.42991
27,210,211,4.64181
27,211,212,2.74192
27,212,213,4.72765
27,213,214,5.08645
27,214,215,4.64181
27,215,216,4.72765
27,216,217,7.63599
27,217,218,4.10189
27,218,219,11.04569
27,219,220,5.10636
27,220,221,7.83796
27,221,222,4.64181
27,222,223,8.565
27,223,224,5.33791
28,0,1,10.32214
28,0,15,10.08877
28,1,2,8.65877
28,1,16,10.26488
28,2,3,8.65877
28,2,17,8.44738
28,3,4,7.72847
28,3,18,8.52815
28,4,5,7.72847
28,4,19,10.0
28,5,6,10.35494
28,5,20,10.0
28,6,7,8.44738
28,6,21,7.72847
28,7,8,10.59169
28,7,22,7.57851
28,8,9,10.5005
28,8,23,7.30835
28,9,10,11.63525
28,9,24,11.73172
28,10,11,10.35494
28,10,25,7.60607
28,11,12,8.52815
28,11,26,7.57851
28,12,13,10.0
28,12,27,10.08877
28,13,14,7.57851
28,13,28,8.44738
28,14,29,8.68851
28,15,16,10.26488
28,15,30,8.68851
28,16,17,8.77057
28,16,31,8.68851
28,17,18,7.50303
28,17,32,7.80525
28,18,19,10.23224
28,18,33,11.69659
28,19,20,10.59169
28,19,34,11.88758
28,20,21,8.77057
28,20,35,7.80525
28,21,22,7.72847
28,21,36,10.08877
28,22,23,8.98647
28,22,37,11.35131
28,23,24,8.65877
28,23,38,11.35131
28,24,25,10.5005
28,24,39,7.57851
28,25,26,10.0
28,25,40,10.26488
28,26,27,8.74068
28,26,41,11.98519
28,27,28,8.90327
28,27,42,7.30835
28,28,29,10.0
28,28,43,8.98647
28,29,44,11.98519
28,30,31,7.53043
28,30,45,7.53043
28,31,32,7.80525
28,31,46,8.98647
28,32,33,11.35131
28,32,47,7.53043
28,33,34,10.0
28,33,48,7.30835
28,34,35,8.98647
28,34,49,10.5005
28,35,36,8.52815
28,35,50,10.23224
28,36,37,7.57851
28,36,51,11.60027
28,37,38,7.3827
28,37,52,10.59169
28,38,39,7.3827
28,38,53,8.77057
28,39,40,11.88758
28,39,54,11.69659
28,40,41,10.35494
28,40,55,7.50303
28,41,42,11.88758
28,41,56,7.53043
28,42,43,8.74068
28,42,57,11.60027
28,43,44,10.26488
28,43,58,8.65877
28,44,59,7.57851
28,45,46,8.44738
28,45,60,7.30835
28,46,47,7.50303
28,46,61,10.08877
28,47,48,7.80525
28,47,62,11.69659
28,48,49,7.60607
28,48,63,7.30835
28,49,50,11.35131
28,49,64,8.52815
28,50,51,7.80525
28,50,65,11.88758
28,51,52,11.60027
28,51,66,8.98647
28,52,53,7.72847
28,52,67,7.30835
28,53,54,7.3827
28,53,68,10.23224
28,54,55,7.80525
28,54,69,11.73172
28,55,56,10.0
28,55,70,7.53043
28,56,57,7.57851
28,56,71,8.77057
28,57,58,8.65877
28,57,72,11.4465
28,58,59,11.63525
28,58,73,7.57851
28,59,74,10.23224
28,60,61,11.35131
28,60,75,11.35131
28,61,62,8.77057
28,61,76,10.32214
28,62,63,7.3827
28,62,77,10.5005
28,63,64,11.60027
28,63,78,10.59169
28,64,65,10.5005
28,64,79,10.26488
28,65,66,10.59169
28,65,80,8.77057
28,66,67,10.35494
28,66,81,7.30835
28,67,68,8.77057
28,67,82,7.72847
28,68,69,8.52815
28,68,83,7.80525
28,69,70,11.35131
28,69,84,7.50303
28,70,71,7.53043
28,70,85,10.0
28,71,72,11.4465
28,71,86,10.26488
28,72,73,11.98519
28,72,87,8.52815
28,73,74,11.88758
28,73,88,8.68851
28,74,89,7.72847
28,75,76,10.5005
28,75,90,8.44738
28,76,77,11.88758
28,76,91,7.72847
28,77,78,10.23224
28,77,92,10.59169
28,78,79,7.50303
28,78,93,8.65877
28,79,80,8.65877
28,79,94,8.98647
28,80,81,8.52815
28,80,95,7.57851
28,81,82,10.59169
28,81,96,8.44738
28,82,83,11.4465
28,82,97,10.59169
28,83,84,10.23224
28,83,98,7.53043
28,84,85,8.74068
28,84,99,11.88758
28,85,86,8.44738
28,85,100,7.30835
28,86,87,10.35494
28,86,101,11.73172
28,87,88,7.50303
28,87,102,11.88758
28,88,89,11.35131
28,88,103,11.4465
28,89,104,8.74068
28,90,91,7.72847
28,90,105,7.50303
28,91,92,10.32214
28,91,106,8.68851
28,92,93,10.08877
28,92,107,8.65877
28,93,94,10.08877
28,93,108,10.23224
28,94,95,8.65877
28,94,109,8.98647
28,95,96,7.53043
28,95,110,8.65877
28,96,97,8.74068
28,96,111,10.32214
28,97,98,7.30835
28,97,112,11.63525
28,98,99,10.35494
28,98,113,10.26488
28,99,100,8.52815
28,99,114,11.98519
28,100,101,10.5005
28,100,115,10.26488
28,101,102,10.35494
28,101,116,7.3827
28,102,103,7.80525
28,102,117,8.68851
28,103,104,7.50303
28,103,118,11.98519
28,104,119,11.4465
28,105,106,8.74068
28,105,120,10.0
28,106,107,8.65877
28,106,121,10.23224
28,107,108,7.72847
28,107,122,11.88758
28,108,109,7.60607
28,108,123,11.88758
28,109,110,11.60027
28,109,124,11.63525
28,110,111,11.69659
28,110,125,11.88758
28,111,112,7.57851
28,111,126,8.68851
28,112,113,10.5005
28,112,127,11.88758
28,113,114,11.35131
28,113,128,8.90327
28,114,115,8.52815
28,114,129,10.5005
28,115,116,10.35494
28,115,130,8.65877
28,116,117,8.44738
28,116,131,8.77057
28,117,118,11.4465
28,117,132,7.3827
28,118,119,11.69659
28,118,133,10.32214
28,119,134,10.0
28,120,121,8.52815
28,120,135,7.72847
28,121,122,8.52815
28,121,136,10.26488
28,122,123,7.60607
28,122,137,10.32214
28,123,124,7.50303
28,123,138,11.4465
28,124,125,10.0
28,124,139,8.74068
28,125,126,8.65877
28,125,140,10.5005
28,126,127,8.90327
28,126,141,7.60607
28,127,128,7.50303
28,127,142,11.73172
28,128,129,11.63525
28,128,143,11.69659
28,129,130,8.90327
28,129,144,7.80525
28,130,131,7.30835
28,130,145,8.52815
28,131,132,7.30835
28,131,146,8.68851
28,132,133,10.32214
28,132,147,10.23224
28,133,134,7.50303
28,133,148,7.30835
28,134,149,11.73172
28,135,136,7.50303
28,135,150,10.0
28,136,137,8.52815
28,136,151,10.0
28,137,138,8.52815
28,137,152,8.77057
28,138,139,10.5005
28,138,153,11.98519
28,139,140,8.98647
28,139,154,10.0
28,140,141,8.98647
28,140,155,10.32214
28,141,142,7.60607
28,141,156,8.44738
28,142,143,8.90327
28,142,157,8.90327
28,143,144,11.88758
28,143,158,7.80525
28,144,145,10.5005
28,144,159,11.73172
28,145,146,7.50303
28,145,160,8.98647
28,146,147,7.72847
28,146,161,10.35494
28,147,148,11.4465
28,147,162,11.60027
28,148,149,11.69659
28,148,163,7.72847
28,149,164,11.63525
28,150,151,8.44738
28,150,165,11.73172
28,151,152,10.26488
28,151,166,8.44738
28,152,153,7.53043
28,152,167,8.98647
28,153,154,8.74068
28,153,168,11.35131
28,154,155,8.65877
28,154,169,8.90327
28,155,156,10.5005
28,155,170,11.69659
28,156,157,7.50303
28,156,171,8.90327
28,157,158,10.35494
28,157,172,8.90327
28,158,159,11.4465
28,158,173,7.60607
28,159,160,8.98647
28,159,174,7.57851
28,160,161,10.0
28,160,175,10.08877
28,161,162,8.68851
28,161,176,8.77057
28,162,163,11.63525
28,162,177,11.4465
28,163,164,10.0
28,163,178,7.53043
28,164,179,10.5005
28,165,166,11.63525
28,165,180,11.35131
28,166,167,10.32214
28,166,181,7.80525
28,167,168,7.80525
28,167,182,8.44738
28,168,169,10.32214
28,168,183,8.77057
28,169,170,11.69659
28,169,184,7.50303
28,170,171,8.90327
28,170,185,8.98647
28,171,172,8.74068
28,171,186,7.80525
28,172,173,7.80525
28,172,187,7.57851
28,173,174,11.98519
28,173,188,8.98647
28,174,175,11.35131
28,174,189,7.60607
28,175,176,10.32214
28,175,190,8.65877
28,176,177,11.73172
28,176,191,11.69659
28,177,178,10.35494
28,177,192,10.32214
28,178,179,7.50303
28,178,193,7.53043
28,179,194,8.90327
28,180,181,7.30835
28,180,195,11.73172
28,181,182,10.32214
28,181,196,10.59169
28,182,183,8.68851
28,182,197,10.23224
28,183,184,10.32214
28,183,198,11.73172
28,184,185,11.73172
28,184,199,8.44738
28,185,186,11.60027
28,185,200,7.60607
28,186,187,10.0
28,186,201,10.59169
28,187,188,11.73172
28,187,202,8.65877
28,188,189,7.53043
28,188,203,7.30835
28,189,190,10.59169
28,189,204,7.50303
28,190,191,10.0
28,190,205,8.77057
28,191,192,8.90327
28,191,206,11.63525
28,192,193,11.98519
28,192,207,10.5005
28,193,194,11.4465
28,193,208,10.32214
28,194,209,11.60027
28,195,196,11.98519
28,195,210,11.63525
28,196,197,11.63525
28,196,211,10.5005
28,197,198,10.32214
28,197,212,11.63525
28,198,199,8.74068
28,198,213,11.98519
28,199,200,7.30835
28,199,214,11.69659
28,200,201,10.32214
28,200,215,8.52815
28,201,202,10.08877
28,201,216,10.59169
28,202,203,7.30835
28,202,217,7.30835
28,203,204,10.26488
28,203,218,8.90327
28,204,205,10.5005
28,204,219,7.72847
28,205,206,7.3827
28,205,220,10.59169
28,206,207,7.53043
28,206,221,11.35131
28,207,208,8.77057
28,207,222,11.60027
28,208,209,8.74068
28,208,223,10.59169
28,209,224,11.69659
28,210,211,11.73172
28,211,212,8.74068
28,212,213,7.60607
28,213,214,11.98519
28,214,215,11.73172
28,215,216,7.60607
28,216,217,10.59169
28,217,218,7.3827
28,218,219,10.26488
28,219,220,8.65877
28,220,221,11.63525
28,221,222,11.73172
28,222,223,7.72847
28,223,224,8.68851
29,0,1,8.43762
29,0,15,7.76099
29,1,2,8.09527
29,1,16,11.31107
29,2,3,8.09527
29,2,17,7.43478
29,3,4,10.96647
29,3,18,5.56625
29,4,5,10.96647
29,4,19,10.0
29,5,6,8.90327
29,5,20,10.0
29,6,7,7.43478
29,6,21,10.96647
29,7,8,9.63352
29,7,22,7.48251
29,8,9,12.14287
29,8,23,8.94608
29,9,10,9.57841
29,9,24,7.39627
29,10,11,8.90327
29,10,25,7.91771
29,11,12,5.56625
29,11,26,7.48251
29,12,13,10.0
29,12,27,7.76099
29,13,14,7.48251
29,13,28,7.43478
29,14,29,8.55025
29,15,16,11.31107
29,15,30,8.55025
29,16,17,6.51293
29,16,31,8.55025
29,17,18,9.67825
29,17,32,8.60195
29,18,19,10.77818
29,18,33,6.97806
29,19,20,9.63352
29,19,34,10.33854
29,20,21,6.51293
29,20,35,8.60195
29,21,22,10.96647
29,21,36,7.76099
29,22,23,7.12548
29,22,37,8.38648
29,23,24,8.09527
29,23,38,8.38648
29,24,25,12.14287
29,24,39,7.48251
29,25,26,10.0
29,25,40,11.31107
29,26,27,6.12518
29,26,41,8.05483
29,27,28,9.26436
29,27,42,8.94608
29,28,29,10.0
29,28,43,7.12548
29,29,44,8.05483
29,30,31,10.18068
29,30,45,10.18068
29,31,32,8.60195
29,31,46,7.12548
29,32,33,8.38648
29,32,47,10.18068
29,33,34,10.0
29,33,48,8.94608
29,34,35,7.12548
29,34,49,12.14287
29,35,36,5.56625
29,35,50,10.77818
29,36,37,7.48251
29,36,51,9.09298
29,37,38,6.8519
29,37,52,9.63352
29,38,39,6.8519
29,38,53,6.51293
29,39,40,10.33854
29,39,54,6.97806
29,40,41,8.90327
29,40,55,9.67825
29,41,42,10.33854
29,41,56,10.18068
29,42,43,6.12518
29,42,57,9.09298
29,43,44,11.31107
29,43,58,8.09527
29,44,59,7.48251
29,45,46,7.43478
29,45,60,8.94608
29,46,47,9.67825
29,46,61,7.76099
29,47,48,8.60195
29,47,62,6.97806
29,48,49,7.91771
29,48,63,8.94608
29,49,50,8.38648
29,49,64,5.56625
29,50,51,8.60195
29,50,65,10.33854
29,51,52,9.09298
29,51,66,7.12548
29,52,53,10.96647
29,52,67,8.94608
29,53,54,6.8519
29,53,68,10.77818
29,54,55,8.60195
29,54,69,7.39627
29,55,56,10.0
29,55,70,10.18068
29,56,57,7.48251
29,56,71,6.51293
29,57,58,8.09527
29,57,72,6.37312
29,58,59,9.57841
29,58,73,7.48251
29,59,74,10.77818
29,60,61,8.38648
29,60,75,8.38648
29,61,62,6.51293
29,61,76,8.43762
29,62,63,6.8519
29,62,77,12.14287
29,63,64,9.09298
29,63,78,9.63352
29,64,65,12.14287
29,64,79,11.31107
29,65,66,9.63352
29,65,80,6.51293
29,66,67,8.90327
29,66,81,8.94608
29,67,68,6.51293
29,67,82,10.96647
29,68,69,5.56625
29,68,83,8.60195
29,69,70,8.38648
29,69,84,9.67825
29,70,71,10.18068
29,70,85,10.0
29,71,72,6.37312
29,71,86,11.31107
29,72,73,8.05483
29,72,87,5.56625
29,73,74,10.33854
29,73,88,8.55025
29,74,89,10.96647
29,75,76,12.14287
29,75,90,7.43478
29,76,77,10.33854
29,76,91,10.96647
29,77,78,10.77818
29,77,92,9.63352
29,78,79,9.67825
29,78,93,8.09527
29,79,80,8.09527
29,79,94,7.12548
29,80,81,5.56625
29,80,95,7.48251
29,81,82,9.63352
29,81,96,7.43478
29,82,83,6.37312
29,82,97,9.63352
29,83,84,10.77818
29,83,98,10.18068
29,84,85,6.12518
29,84,99,10.33854
29,85,86,7.43478
29,85,100,8.94608
29,86,87,8.90327
29,86,101,7.39627
29,87,88,9.67825
29,87,102,10.33854
29,88,89,8.38648
29,88,103,6.37312
29,89,104,6.12518
29,90,91,10.96647
29,90,105,9.67825
29,91,92,8.43762
29,91,106,8.55025
29,92,93,7.76099
29,92,107,8.09527
29,93,94,7.76099
29,93,108,10.77818
29,94,95,8.09527
29,94,109,7.12548
29,95,96,10.18068
29,95,110,8.09527
29,96,97,6.12518
29,96,111,8.43762
29,97,98,8.94608
29,97,112,9.57841
29,98,99,8.90327
29,98,113,11.31107
29,99,100,5.56625
29,99,114,8.05483
29,100,101,12.14287
29,100,115,11.31107
29,101,102,8.90327
29,101,116,6.8519
29,102,103,8.60195
29,102,117,8.55025
29,103,104,9.67825
29,103,118,8.05483
29,104,119,6.37312
29,105,106,6.12518
29,105,120,10.0
29,106,107,8.09527
29,106,121,10.77818
29,107,108,10.96647
29,107,122,10.33854
29,108,109,7.91771
29,108,123,10.33854
29,109,110,9.09298
29,109,124,9.57841
29,110,111,6.97806
29,110,125,10.33854
29,111,112,7.48251
29,111,126,8.55025
29,112,113,12.14287
29,112,127,10.33854
29,113,114,8.38648
29,113,128,9.26436
29,114,115,5.56625
29,114,129,12.14287
29,115,116,8.90327
29,115,130,8.09527
29,116,117,7.43478
29,116,131,6.51293
29,117,118,6.37312
29,117,132,6.8519
29,118,119,6.97806
29,118,133,8.43762
29,119,134,10.0
29,120,121,5.56625
29,120,135,10.96647
29,121,122,5.56625
29,121,136,11.31107
29,122,123,7.91771
29,122,137,8.43762
29,123,124,9.67825
29,123,138,6.37312
29,124,125,10.0
29,124,139,6.12518
29,125,126,8.09527
29,125,140,12.14287
29,126,127,9.26436
29,126,141,7.91771
29,127,128,9.67825
29,127,142,7.39627
29,128,129,9.57841
29,128,143,6.97806
29,129,130,9.26436
29,129,144,8.60195
29,130,131,8.94608
29,130,145,5.56625
29,131,132,8.94608
29,131,146,8.55025
29,132,133,8.43762
29,132,147,10.77818
29,133,134,9.67825
29,133,148,8.94608
29,134,149,7.39627
29,135,136,9.67825
29,135,150,10.0
29,136,137,5.56625
29,136,151,10.0
29,137,138,5.56625
29,137,152,6.51293
29,138,139,12.14287
29,138,153,8.05483
29,139,140,7.12548
29,139,154,10.0
29,140,141,7.12548
29,140,155,8.43762
29,141,142,7.91771
29,141,156,7.43478
29,142,143,9.26436
29,142,157,9.26436
29,143,144,10.33854
29,143,158,8.60195
29,144,145,12.14287
29,144,159,7.39627
29,145,146,9.67825
29,145,160,7.12548
29,146,147,10.96647
29,146,161,8.90327
29,147,148,6.37312
29,147,162,9.09298
29,148,149,6.97806
29,148,163,10.96647
29,149,164,9.57841
29,150,151,7.43478
29,150,165,7.39627
29,151,152,11.31107
29,151,166,7.43478
29,152,153,10.18068
29,152,167,7.12548
29,153,154,6.12518
29,153,168,8.38648
29,154,155,8.09527
29,154,169,9.26436
29,155,156,12.14287
29,155,170,6.97806
29,156,157,9.67825
29,156,171,9.26436
29,157,158,8.90327
29,157,172,9.26436
29,158,159,6.37312
29,158,173,7.91771
29,159,160,7.12548
29,159,174,7.48251
29,160,161,10.0
29,160,175,7.76099
29,161,162,8.55025
29,161,176,6.51293
29,162,163,9.57841
29,162,177,6.37312
29,163,164,10.0
29,163,178,10.18068
29,164,179,12.14287
29,165,166,9.57841
29,165,180,8.38648
29,166,167,8.43762
29,166,181,8.60195
29,167,168,8.60195
29,167,182,7.43478
29,168,169,8.43762
29,168,183,6.51293
29,169,170,6.97806
29,169,184,9.67825
29,170,171,9.26436
29,170,185,7.12548
29,171,172,6.12518
29,171,186,8.60195
29,172,173,8.60195
29,172,187,7.48251
29,173,174,8.05483
29,173,188,7.12548
29,174,175,8.38648
29,174,189,7.91771
29,175,176,8.43762
29,175,190,8.09527
29,176,177,7.39627
29,176,191,6.97806
29,177,178,8.90327
29,177,192,8.43762
29,178,179,9.67825
29,178,193,10.18068
29,179,194,9.26436
29,180,181,8.94608
29,180,195,7.39627
29,181,182,8.43762
29,181,196,9.63352
29,182,183,8.55025
29,182,197,10.77818
29,183,184,8.43762
29,183,198,7.39627
29,184,185,7.39627
29,184,199,7.43478
29,185,186,9.09298
29,185,200,7.91771
29,186,187,10.0
29,186,201,9.63352
29,187,188,7.39627
29,187,202,8.09527
29,188,189,10.18068
29,188,203,8.94608
29,189,190,9.63352
29,189,204,9.67825
29,190,191,10.0
29,190,205,6.51293
29,191,192,9.26436
29,191,206,9.57841
29,192,193,8.05483
29,192,207,12.14287
29,193,194,6.37312
29,193,208,8.43762
29,194,209,9.09298
29,195,196,8.05483
29,195,210,9.57841
29,196,197,9.57841
29,196,211,12.14287
29,197,198,8.43762
29,197,212,9.57841
29,198,199,6.12518
29,198,213,8.05483
29,199,200,8.94608
29,199,214,6.97806
29,200,201,8.43762
29,200,215,5.56625
29,201,202,7.76099
29,201,216,9.63352
29,202,203,8.94608
29,202,217,8.94608
29,203,204,11.31107
29,203,218,9.26436
29,204,205,12.14287
29,204,219,10.96647
29,205,206,6.8519
29,205,220,9.63352
29,206,207,10.18068
29,206,221,8.38648
29,207,208,6.51293
29,207,222,9.09298
29,208,209,6.12518
29,208,223,9.63352
29,209,224,6.97806
29,210,211,7.39627
29,211,212,6.12518
29,212,213,7.91771
29,213,214,8.05483
29,214,215,7.39627
29,215,216,7.91771
29,216,217,9.63352
29,217,218,6.8519
29,218,219,11.31107
29,219,220,8.09527
29,220,221,9.57841
29,221,222,7.39627
29,222,223,10.96647
29,223,224,8.55025
30,0,1,8.94103
30,0,15,10.64439
30,1,2,9.50783
30,1,16,11.80216
30,2,3,9.50783
30,2,17,11.26803
30,3,4,10.71396
30,3,18,11.95556
30,4,5,10.71396
30,4,19,10.0
30,5,6,12.50706
30,5,20,10.0
30,6,7,11.26803
30,6,21,10.71396
30,7,8,10.63884
30,7,22,9.61775
30,8,9,9.99463
30,8,23,10.71954
30,9,10,12.37999
30,9,24,13.1032
30,10,11,12.50706
30,10,25,13.31886
30,11,12,11.95556
30,11,26,9.61775
30,12,13,10.0
30,12,27,10.64439
30,13,14,9.61775
30,13,28,11.26803
30,14,29,13.18736
30,15,16,11.80216
30,15,30,13.18736
30,16,17,13.93541
30,16,31,13.18736
30,17,18,9.00923
30,17,32,11.38299
30,18,19,8.35734
30,18,33,9.43753
30,19,20,10.63884
30,19,34,10.52256
30,20,21,13.93541
30,20,35,11.38299
30,21,22,10.71396
30,21,36,10.64439
30,22,23,11.94964
30,22,37,10.52808
30,23,24,9.50783
30,23,38,10.52808
30,24,25,9.99463
30,24,39,9.61775
30,25,26,10.0
30,25,40,11.80216
30,26,27,10.13466
30,26,41,11.18508
30,27,28,11.2623
30,27,42,10.71954
30,28,29,10.0
30,28,43,11.94964
30,29,44,11.18508
30,30,31,12.58913
30,30,45,12.58913
30,31,32,11.38299
30,31,46,11.94964
30,32,33,10.52808
30,32,47,12.58913
30,33,34,10.0
30,33,48,10.71954
30,34,35,11.94964
30,34,49,9.99463
30,35,36,11.95556
30,35,50,8.35734
30,36,37,9.61775
30,36,51,8.83553
30,37,38,11.38876
30,37,52,10.63884
30,38,39,11.38876
30,38,53,13.93541
30,39,40,10.52256
30,39,54,9.43753
30,40,41,12.50706
30,40,55,9.00923
30,41,42,10.52256
30,41,56,12.58913
30,42,43,10.13466
30,42,57,8.83553
30,43,44,11.80216
30,43,58,9.50783
30,44,59,9.61775
30,45,46,11.26803
30,45,60,10.71954
30,46,47,9.00923
30,46,61,10.64439
30,47,48,11.38299
30,47,62,9.43753
30,48,49,13.31886
30,48,63,10.71954
30,49,50,10.52808
30,49,64,11.95556
30,50,51,11.38299
30,50,65,10.52256
30,51,52,8.83553
30,51,66,11.94964
30,52,53,10.71396
30,52,67,10.71954
30,53,54,11.38876
30,53,68,8.35734
30,54,55,11.38299
30,54,69,13.1032
30,55,56,10.0
30,55,70,12.58913
30,56,57,9.61775
30,56,71,13.93541
30,57,58,9.50783
30,57,72,11.19079
30,58,59,12.37999
30,58,73,9.61775
30,59,74,8.35734
30,60,61,10.52808
30,60,75,10.52808
30,61,62,13.93541
30,61,76,8.94103
30,62,63,11.38876
30,62,77,9.99463
30,63,64,8.83553
30,63,78,10.63884
30,64,65,9.99463
30,64,79,11.80216
30,65,66,10.63884
30,65,80,13.93541
30,66,67,12.50706
30,66,81,10.71954
30,67,68,13.93541
30,67,82,10.71396
30,68,69,11.95556
30,68,83,11.38299
30,69,70,10.52808
30,69,84,9.00923
30,70,71,12.58913
30,70,85,10.0
30,71,72,11.19079
30,71,86,11.80216
30,72,73,11.18508
30,72,87,11.95556
30,73,74,10.52256
30,73,88,13.18736
30,74,89,10.71396
30,75,76,9.99463
30,75,90,11.26803
30,76,77,10.52256
30,76,91,10.71396
30,77,78,8.35734
30,77,92,10.63884
30,78,79,9.00923
30,78,93,9.50783
30,79,80,9.50783
30,79,94,11.94964
30,80,81,11.95556
30,80,95,9.61775
30,81,82,10.63884
30,81,96,11.26803
30,82,83,11.19079
30,82,97,10.63884
30,83,84,8.35734
30,83,98,12.58913
30,84,85,10.13466
30,84,99,10.52256
30,85,86,11.26803
30,85,100,10.71954
30,86,87,12.50706
30,86,101,13.1032
30,87,88,9.00923
30,87,102,10.52256
30,88,89,10.52808
30,88,103,11.19079
30,89,104,10.13466
30,90,91,10.71396
30,90,105,9.00923
30,91,92,8.94103
30,91,106,13.18736
30,92,93,10.64439
30,92,107,9.50783
30,93,94,10.64439
30,93,108,8.35734
30,94,95,9.50783
30,94,109,11.94964
30,95,96,12.58913
30,95,110,9.50783
30,96,97,10.13466
30,96,111,8.94103
30,97,98,10.71954
30,97,112,12.37999
30,98,99,12.50706
30,98,113,11.80216
30,99,100,11.95556
30,99,114,11.18508
30,100,101,9.99463
30,100,115,11.80216
30,101,102,12.50706
30,101,116,11.38876
30,102,103,11.38299
30,102,117,13.18736
30,103,104,9.00923
30,103,118,11.18508
30,104,119,11.19079
30,105,106,10.13466
30,105,120,10.0
30,106,107,9.50783
30,106,121,8.35734
30,107,108,10.71396
30,107,122,10.52256
30,108,109,13.31886
30,108,123,10.52256
30,109,110,8.83553
30,109,124,12.37999
30,110,111,9.43753
30,110,125,10.52256
30,111,112,9.61775
30,111,126,13.18736
30,112,113,9.99463
30,112,127,10.52256
30,113,114,10.52808
30,113,128,11.2623
30,114,115,11.95556
30,114,129,9.99463
30,115,116,12.50706
30,115,130,9.50783
30,116,117,11.26803
30,116,131,13.93541
30,117,118,11.19079
30,117,132,11.38876
30,118,119,9.43753
30,118,133,8.94103
30,119,134,10.0
30,120,121,11.95556
30,120,135,10.71396
30,121,122,11.95556
30,121,136,11.80216
30,122,123,13.31886
30,122,137,8.94103
30,123,124,9.00923
30,123,138,11.19079
30,124,125,10.0
30,124,139,10.13466
30,125,126,9.50783
30,125,140,9.99463
30,126,127,11.2623
30,126,141,13.31886
30,127,128,9.00923
30,127,142,13.1032
30,128,129,12.37999
30,128,143,9.43753
30,129,130,11.2623
30,129,144,11.38299
30,130,131,10.71954
30,130,145,11.95556
30,131,132,10.71954
30,131,146,13.18736
30,132,133,8.94103
30,132,147,8.35734
30,133,134,9.00923
30,133,148,10.71954
30,134,149,13.1032
30,135,136,9.00923
30,135,150,10.0
30,136,137,11.95556
30,136,151,10.0
30,137,138,11.95556
30,137,152,13.93541
30,138,139,9.99463
30,138,153,11.18508
30,139,140,11.94964
30,139,154,10.0
30,140,141,11.94964
30,140,155,8.94103
30,141,142,13.31886
30,141,156,11.26803
30,142,143,11.2623
30,142,157,11.2623
30,143,144,10.52256
30,143,158,11.38299
30,144,145,9.99463
30,144,159,13.1032
30,145,146,9.00923
30,145,160,11.94964
30,146,147,10.71396
30,146,161,12.50706
30,147,148,11.19079
30,147,162,8.83553
30,148,149,9.43753
30,148,163,10.71396
30,149,164,12.37999
30,150,151,11.26803
30,150,165,13.1032
30,151,152,11.80216
30,151,166,11.26803
30,152,153,12.58913
30,152,167,11.94964
30,153,154,10.13466
30,153,168,10.52808
30,154,155,9.50783
30,154,169,11.2623
30,155,156,9.99463
30,155,170,9.43753
30,156,157,9.00923
30,156,171,11.2623
30,157,158,12.50706
30,157,172,11.2623
30,158,159,11.19079
30,158,173,13.31886
30,159,160,11.94964
30,159,174,9.61775
30,160,161,10.0
30,160,175,10.64439
30,161,162,13.18736
30,161,176,13.93541
30,162,163,12.37999
30,162,177,11.19079
30,163,164,10.0
30,163,178,12.58913
30,164,179,9.99463
30,165,166,12.37999
30,165,180,10.52808
30,166,167,8.94103
30,166,181,11.38299
30,167,168,11.38299
30,167,182,11.26803
30,168,169,8.94103
30,168,183,13.93541
30,169,170,9.43753
30,169,184,9.00923
30,170,171,11.2623
30,170,185,11.94964
30,171,172,10.13466
30,171,186,11.38299
30,172,173,11.38299
30,172,187,9.61775
30,173,174,11.18508
30,173,188,11.94964
30,174,175,10.52808
30,174,189,13.31886
30,175,176,8.94103
30,175,190,9.50783
30,176,177,13.1032
30,176,191,9.43753
30,177,178,12.50706
30,177,192,8.94103
30,178,179,9.00923
30,178,193,12.58913
30,179,194,11.2623
30,180,181,10.71954
30,180,195,13.1032
30,181,182,8.94103
30,181,196,10.63884
30,182,183,13.18736
30,182,197,8.35734
30,183,184,8.94103
30,183,198,13.1032
30,184,185,13.1032
30,184,199,11.26803
30,185,186,8.83553
30,185,200,13.31886
30,186,187,10.0
30,186,201,10.63884
30,187,188,13.1032
30,187,202,9.50783
30,188,189,12.58913
30,188,203,10.71954
30,189,190,10.63884
30,189,204,9.00923
30,190,191,10.0
30,190,205,13.93541
30,191,192,11.2623
30,191,206,12.37999
30,192,193,11.18508
30,192,207,9.99463
30,193,194,11.19079
30,193,208,8.94103
30,194,209,8.83553
30,195,196,11.18508
30,195,210,12.37999
30,196,197,12.37999
30,196,211,9.99463
30,197,198,8.94103
30,197,212,12.37999
30,198,199,10.13466
30,198,213,11.18508
30,199,200,10.71954
30,199,214,9.43753
30,200,201,8.94103
30,200,215,11.95556
30,201,202,10.64439
30,201,216,10.63884
30,202,203,10.71954
30,202,217,10.71954
30,203,204,11.80216
30,203,218,11.2623
30,204,205,9.99463
30,204,219,10.71396
30,205,206,11.38876
30,205,220,10.63884
30,206,207,12.58913
30,206,221,10.52808
30,207,208,13.93541
30,207,222,8.83553
30,208,209,10.13466
30,208,223,10.63884
30,209,224,9.43753
30,210,211,13.1032
30,211,212,10.13466
30,212,213,13.31886
30,213,214,11.18508
30,214,215,13.1032
30,215,216,13.31886
30,216,217,10.63884
30,217,218,11.38876
30,218,219,11.80216
30,219,220,9.50783
30,220,221,12.37999
30,221,222,13.1032
30,222,223,10.71396
30,223,224,13.18736
31,0,1,14.70242
31,0,15,9.57579
31,1,2,9.48697
31,1,16,6.27406
31,2,3,9.48697
31,2,17,5.57964
31,3,4,12.30769
31,3,18,5.2785
31,4,5,12.30769
31,4,19,10.0
31,5,6,5.95053
31,5,20,10.0
31,6,7,5.57964
31,6,21,12.30769
31,7,8,9.98927
31,7,22,16.95685
31,8,9,10.42346
31,8,23,11.84335
31,9,10,2.30786
31,9,24,2.14932
31,10,11,5.95053
31,10,25,7.33984
31,11,12,5.2785
31,11,26,16.95685
31,12,13,10.0
31,12,27,9.57579
31,13,14,16.95685
31,13,28,5.57964
31,14,29,3.06365
31,15,16,6.27406
31,15,30,3.06365
31,16,17,2.86319
31,16,31,3.06365
31,17,18,17.53363
31,17,32,11.83158
31,18,19,15.23728
31,18,33,7.49619
31,19,20,9.98927
31,19,34,4.67431
31,20,21,2.86319
31,20,35,11.83158
31,21,22,12.30769
31,21,36,9.57579
31,22,23,5.57198
31,22,37,4.41172
31,23,24,9.48697
31,23,38,4.41172
31,24,25,10.42346
31,24,39,16.95685
31,25,26,10.0
31,25,40,6.27406
31,26,27,9.07518
31,26,41,4.40511
31,27,28,5.8831
31,27,42,11.84335
31,28,29,10.0
31,28,43,5.57198
31,29,44,4.40511
31,30,31,7.70529
31,30,45,7.70529
31,31,32,11.83158
31,31,46,5.57198
31,32,33,4.41172
31,32,47,7.70529
31,33,34,10.0
31,33,48,11.84335
31,34,35,5.57198
31,34,49,10.42346
31,35,36,5.2785
31,35,50,15.23728
31,36,37,16.95685
31,36,51,7.86605
31,37,38,11.37723
31,37,52,9.98927
31,38,39,11.37723
31,38,53,2.86319
31,39,40,4.67431
31,39,54,7.49619
31,40,41,5.95053
31,40,55,17.53363
31,41,42,4.67431
31,41,56,7.70529
31,42,43,9.07518
31,42,57,7.86605
31,43,44,6.27406
31,43,58,9.48697
31,44,59,16.95685
31,45,46,5.57964
31,45,60,11.84335
31,46,47,17.53363
31,46,61,9.57579
31,47,48,11.83158
31,47,62,7.49619
31,48,49,7.33984
31,48,63,11.84335
31,49,50,4.41172
31,49,64,5.2785
31,50,51,11.83158
31,50,65,4.67431
31,51,52,7.86605
31,51,66,5.57198
31,52,53,12.30769
31,52,67,11.84335
31,53,54,11.37723
31,53,68,15.23728
31,54,55,11.83158
31,54,69,2.14932
31,55,56,10.0
31,55,70,7.70529
31,56,57,16.95685
31,56,71,2.86319
31,57,58,9.48697
31,57,72,4.1525
31,58,59,2.30786
31,58,73,16.95685
31,59,74,15.23728
31,60,61,4.41172
31,60,75,4.41172
31,61,62,2.86319
31,61,76,14.70242
31,62,63,11.37723
31,62,77,10.42346
31,63,64,7.86605
31,63,78,9.98927
31,64,65,10.42346
31,64,79,6.27406
31,65,66,9.98927
31,65,80,2.86319
31,66,67,5.95053
31,66,81,11.84335
31,67,68,2.86319
31,67,82,12.30769
31,68,69,5.2785
31,68,83,11.83158
31,69,70,4.41172
31,69,84,17.53363
31,70,71,7.70529
31,70,85,10.0
31,71,72,4.1525
31,71,86,6.27406
31,72,73,4.40511
31,72,87,5.2785
31,73,74,4.67431
31,73,88,3.06365
31,74,89,12.30769
31,75,76,10.42346
31,75,90,5.57964
31,76,77,4.67431
31,76,91,12.30769
31,77,78,15.23728
31,77,92,9.98927
31,78,79,17.53363
31,78,93,9.48697
31,79,80,9.48697
31,79,94,5.57198
31,80,81,5.2785
31,80,95,16.95685
31,81,82,9.98927
31,81,96,5.57964
31,82,83,4.1525
31,82,97,9.98927
31,83,84,15.23728
31,83,98,7.70529
31,84,85,9.07518
31,84,99,4.67431
31,85,86,5.57964
31,85,100,11.84335
31,86,87,5.95053
31,86,101,2.14932
31,87,88,17.53363
31,87,102,4.67431
31,88,89,4.41172
31,88,103,4.1525
31,89,104,9.07518
31,90,91,12.30769
31,90,105,17.53363
31,91,92,14.70242
31,91,106,3.06365
31,92,93,9.57579
31,92,107,9.48697
31,93,94,9.57579
31,93,108,15.23728
31,94,95,9.48697
31,94,109,5.57198
31,95,96,7.70529
31,95,110,9.48697
31,96,97,9.07518
31,96,111,14.70242
31,97,98,11.84335
31,97,112,2.30786
31,98,99,5.95053
31,98,113,6.27406
31,99,100,5.2785
31,99,114,4.40511
31,100,101,10.42346
31,100,115,6.27406
31,101,102,5.95053
31,101,116,11.37723
31,102,103,11.83158
31,102,117,3.06365
31,103,104,17.53363
31,103,118,4.40511
31,104,119,4.1525
31,105,106,9.07518
31,105,120,10.0
31,106,107,9.48697
31,106,121,15.23728
31,107,108,12.30769
31,107,122,4.67431
31,108,109,7.33984
31,108,123,4.67431
31,109,110,7.86605
31,109,124,2.30786
31,110,111,7.49619
31,110,125,4.67431
31,111,112,16.95685
31,111,126,3.06365
31,112,113,10.42346
31,112,127,4.67431
31,113,114,4.41172
31,113,128,5.8831
31,114,115,5.2785
31,114,129,10.42346
31,115,116,5.95053
31,115,130,9.48697
31,116,117,5.57964
31,116,131,2.86319
31,117,118,4.1525
31,117,132,11.37723
31,118,119,7.49619
31,118,133,14.70242
31,119,134,10.0
31,120,121,5.2785
31,120,135,12.30769
31,121,122,5.2785
31,121,136,6.27406
31,122,123,7.33984
31,122,137,14.70242
31,123,124,17.53363
31,123,138,4.1525
31,124,125,10.0
31,124,139,9.07518
31,125,126,9.48697
31,125,140,10.42346
31,126,127,5.8831
31,126,141,7.33984
31,127,128,17.53363
31,127,142,2.14932
31,128,129,2.30786
31,128,143,7.49619
31,129,130,5.8831
31,129,144,11.83158
31,130,131,11.84335
31,130,145,5.2785
31,131,132,11.84335
31,131,146,3.06365
31,132,133,14.70242
31,132,147,15.23728
31,133,134,17.53363
31,133,148,11.84335
31,134,149,2.14932
31,135,136,17.53363
31,135,150,10.0
31,136,137,5.2785
31,136,151,10.0
31,137,138,5.2785
31,137,152,2.86319
31,138,139,10.42346
31,138,153,4.40511
31,139,140,5.57198
31,139,154,10.0
31,140,141,5.57198
31,140,155,14.70242
31,141,142,7.33984
31,141,156,5.57964
31,142,143,5.8831
31,142,157,5.8831
31,143,144,4.67431
31,143,158,11.83158
31,144,145,10.42346
31,144,159,2.14932
31,145,146,17.53363
31,145,160,5.57198
31,146,147,12.30769
31,146,161,5.95053
31,147,148,4.1525
31,147,162,7.86605
31,148,149,7.49619
31,148,163,12.30769
31,149,164,2.30786
31,150,151,5.57964
31,150,165,2.14932
31,151,152,6.27406
31,151,166,5.57964
31,152,153,7.70529
31,152,167,5.57198
31,153,154,9.07518
31,153,168,4.41172
31,154,155,9.48697
31,154,169,5.8831
31,155,156,10.42346
31,155,170,7.49619
31,156,157,17.53363
31,156,171,5.8831
31,157,158,5.95053
31,157,172,5.8831
31,158,159,4.1525
31,158,173,7.33984
31,159,160,5.57198
31,159,174,16.95685
31,160,161,10.0
31,160,175,9.57579
31,161,162,3.06365
31,161,176,2.86319
31,162,163,2.30786
31,162,177,4.1525
31,163,164,10.0
31,163,178,7.70529
31,164,179,10.42346
31,165,166,2.30786
31,165,180,4.41172
31,166,167,14.70242
31,166,181,11.83158
31,167,168,11.83158
31,167,182,5.57964
31,168,169,14.70242
31,168,183,2.86319
31,169,170,7.49619
31,169,184,17.53363
31,170,171,5.8831
31,170,185,5.57198
31,171,172,9.07518
31,171,186,11.83158
31,172,173,11.83158
31,172,187,16.95685
31,173,174,4.40511
31,173,188,5.57198
31,174,175,4.41172
31,174,189,7.33984
31,175,176,14.70242
31,175,190,9.48697
31,176,177,2.14932
31,176,191,7.49619
31,177,178,5.95053
31,177,192,14.70242
31,178,179,17.53363
31,178,193,7.70529
31,179,194,5.8831
31,180,181,11.84335
31,180,195,2.14932
31,181,182,14.70242
31,181,196,9.98927
31,182,183,3.06365
31,182,197,15.23728
31,183,184,14.70242
31,183,198,2.14932
31,184,185,2.14932
31,184,199,5.57964
31,185,186,7.86605
31,185,200,7.33984
31,186,187,10.0
31,186,201,9.98927
31,187,188,2.14932
31,187,202,9.48697
31,188,189,7.70529
31,188,203,11.84335
31,189,190,9.98927
31,189,204,17.53363
31,190,191,10.0
31,190,205,2.86319
31,191,192,5.8831
31,191,206,2.30786
31,192,193,4.40511
31,192,207,10.42346
31,193,194,4.1525
31,193,208,14.70242
31,194,209,7.86605
31,195,196,4.40511
31,195,210,2.30786
31,196,197,2.30786
31,196,211,10.42346
31,197,198,14.70242
31,197,212,2.30786
31,198,199,9.07518
31,198,213,4.40511
31,199,200,11.84335
31,199,214,7.49619
31,200,201,14.70242
31,200,215,5.2785
31,201,202,9.57579
31,201,216,9.98927
31,202,203,11.84335
31,202,217,11.84335
31,203,204,6.27406
31,203,218,5.8831
31,204,205,10.42346
31,204,219,12.30769
31,205,206,11.37723
31,205,220,9.98927
31,206,207,7.70529
31,206,221,4.41172
31,207,208,2.86319
31,207,222,7.86605
31,208,209,9.07518
31,208,223,9.98927
31,209,224,7.49619
31,210,211,2.14932
31,211,212,9.07518
31,212,213,7.33984
31,213,214,4.40511
31,214,215,2.14932
31,215,216,7.33984
31,216,217,9.98927
31,217,218,11.37723
31,218,219,6.27406
31,219,220,9.48697
31,220,221,2.30786
31,221,222,2.14932
31,222,223,12.30769
31,223,224,3.06365
32,0,1,13.67934
32,0,15,13.50794
32,1,2,8.48648
32,1,16,11.644
32,2,3,8.48648
32,2,17,8.35491
32,3,4,12.57087
32,3,18,11.55373
32,4,5,12.57087
32,4,19,10.0
32,5,6,15.4337
32,5,20,10.0
32,6,7,8.35491
32,6,21,12.57087
32,7,8,15.61778
32,7,22,14.51106
32,8,9,11.80216
32,8,23,10.70281
32,9,10,9.17717
32,9,24,12.53439
32,10,11,15.4337
32,10,25,16.32021
32,11,12,11.55373
32,11,26,14.51106
32,12,13,10.0
32,12,27,13.50794
32,13,14,14.51106
32,13,28,8.35491
32,14,29,9.8477
32,15,16,11.644
32,15,30,9.8477
32,16,17,13.32828
32,16,31,9.8477
32,17,18,10.85384
32,17,32,16.50985
32,18,19,10.14548
32,18,33,10.97212
32,19,20,15.61778
32,19,34,9.31587
32,20,21,13.32828
32,20,35,16.50985
32,21,22,12.57087
32,21,36,13.50794
32,22,23,13.49845
32,22,37,7.74472
32,23,24,8.48648
32,23,38,7.74472
32,24,25,11.80216
32,24,39,14.51106
32,25,26,10.0
32,25,40,11.644
32,26,27,11.71122
32,26,41,12.699
32,27,28,9.99195
32,27,42,10.70281
32,28,29,10.0
32,28,43,13.49845
32,29,44,12.699
32,30,31,12.40716
32,30,45,12.40716
32,31,32,16.50985
32,31,46,13.49845
32,32,33,7.74472
32,32,47,12.40716
32,33,34,10.0
32,33,48,10.70281
32,34,35,13.49845
32,34,49,11.80216
32,35,36,11.55373
32,35,50,10.14548
32,36,37,14.51106
32,36,51,7.87074
32,37,38,14.33411
32,37,52,15.61778
32,38,39,14.33411
32,38,53,13.32828
32,39,40,9.31587
32,39,54,10.97212
32,40,41,15.4337
32,40,55,10.85384
32,41,42,9.31587
32,41,56,12.40716
32,42,43,11.71122
32,42,57,7.87074
32,43,44,11.644
32,43,58,8.48648
32,44,59,14.51106
32,45,46,8.35491
32,45,60,10.70281
32,46,47,10.85384
32,46,61,13.50794
32,47,48,16.50985
32,47,62,10.97212
32,48,49,16.32021
32,48,63,10.70281
32,49,50,7.74472
32,49,64,11.55373
32,50,51,16.50985
32,50,65,9.31587
32,51,52,7.87074
32,51,66,13.49845
32,52,53,12.57087
32,52,67,10.70281
32,53,54,14.33411
32,53,68,10.14548
32,54,55,16.50985
32,54,69,12.53439
32,55,56,10.0
32,55,70,12.40716
32,56,57,14.51106
32,56,71,13.32828
32,57,58,8.48648
32,57,72,10.82018
32,58,59,9.17717
32,58,73,14.51106
32,59,74,10.14548
32,60,61,7.74472
32,60,75,7.74472
32,61,62,13.32828
32,61,76,13.67934
32,62,63,14.33411
32,62,77,11.80216
32,63,64,7.87074
32,63,78,15.61778
32,64,65,11.80216
32,64,79,11.644
32,65,66,15.61778
32,65,80,13.32828
32,66,67,15.4337
32,66,81,10.70281
32,67,68,13.32828
32,67,82,12.57087
32,68,69,11.55373
32,68,83,16.50985
32,69,70,7.74472
32,69,84,10.85384
32,70,71,12.40716
32,70,85,10.0
32,71,72,10.82018
32,71,86,11.644
32,72,73,12.699
32,72,87,11.55373
32,73,74,9.31587
32,73,88,9.8477
32,74,89,12.57087
32,75,76,11.80216
32,75,90,8.35491
32,76,77,9.31587
32,76,91,12.57087
32,77,78,10.14548
32,77,92,15.61778
32,78,79,10.85384
32,78,93,8.48648
32,79,80,8.48648
32,79,94,13.49845
32,80,81,11.55373
32,80,95,14.51106
32,81,82,15.61778
32,81,96,8.35491
32,82,83,10.82018
32,82,97,15.61778
32,83,84,10.14548
32,83,98,12.40716
32,84,85,11.71122
32,84,99,9.31587
32,85,86,8.35491
32,85,100,10.70281
32,86,87,15.4337
32,86,101,12.53439
32,87,88,10.85384
32,87,102,9.31587
32,88,89,7.74472
32,88,103,10.82018
32,89,104,11.71122
32,90,91,12.57087
32,90,105,10.85384
32,91,92,13.67934
32,91,106,9.8477
32,92,93,13.50794
32,92,107,8.48648
32,93,94,13.50794
32,93,108,10.14548
32,94,95,8.48648
32,94,109,13.49845
32,95,96,12.40716
32,95,110,8.48648
32,96,97,11.71122
32,96,111,13.67934
32,97,98,10.70281
32,97,112,9.17717
32,98,99,15.4337
32,98,113,11.644
32,99,100,11.55373
32,99,114,12.699
32,100,101,11.80216
32,100,115,11.644
32,101,102,15.4337
32,101,116,14.33411
32,102,103,16.50985
32,102,117,9.8477
32,103,104,10.85384
32,103,118,12.699
32,104,119,10.82018
32,105,106,11.71122
32,105,120,10.0
32,106,107,8.48648
32,106,121,10.14548
32,107,108,12.57087
32,107,122,9.31587
32,108,109,16.32021
32,108,123,9.31587
32,109,110,7.87074
32,109,124,9.17717
32,110,111,10.97212
32,110,125,9.31587
32,111,112,14.51106
32,111,126,9.8477
32,112,113,11.80216
32,112,127,9.31587
32,113,114,7.74472
32,113,128,9.99195
32,114,115,11.55373
32,114,129,11.80216
32,115,116,15.4337
32,115,130,8.48648
32,116,117,8.35491
32,116,131,13.32828
32,117,118,10.82018
32,117,132,14.33411
32,118,119,10.97212
32,118,133,13.67934
32,119,134,10.0
32,120,121,11.55373
32,120,135,12.57087
32,121,122,11.55373
32,121,136,11.644
32,122,123,16.32021
32,122,137,13.67934
32,123,124,10.85384
32,123,138,10.82018
32,124,125,10.0
32,124,139,11.71122
32,125,126,8.48648
32,125,140,11.80216
32,126,127,9.99195
32,126,141,16.32021
32,127,128,10.85384
32,127,142,12.53439
32,128,129,9.17717
32,128,143,10.97212
32,129,130,9.99195
32,129,144,16.50985
32,130,131,10.70281
32,130,145,11.55373
32,131,132,10.70281
32,131,146,9.8477
32,132,133,13.67934
32,132,147,10.14548
32,133,134,10.85384
32,133,148,10.70281
32,134,149,12.53439
32,135,136,10.85384
32,135,150,10.0
32,136,137,11.55373
32,136,151,10.0
32,137,138,11.55373
32,137,152,13.32828
32,138,139,11.80216
32,138,153,12.699
32,139,140,13.49845
32,139,154,10.0
32,140,141,13.49845
32,140,155,13.67934
32,141,142,16.32021
32,141,156,8.35491
32,142,143,9.99195
32,142,157,9.99195
32,143,144,9.31587
32,143,158,16.50985
32,144,145,11.80216
32,144,159,12.53439
32,145,146,10.85384
32,145,160,13.49845
32,146,147,12.57087
32,146,161,15.4337
32,147,148,10.82018
32,147,162,7.87074
32,148,149,10.97212
32,148,163,12.57087
32,149,164,9.17717
32,150,151,8.35491
32,150,165,12.53439
32,151,152,11.644
32,151,166,8.35491
32,152,153,12.40716
32,152,167,13.49845
32,153,154,11.71122
32,153,168,7.74472
32,154,155,8.48648
32,154,169,9.99195
32,155,156,11.80216
32,155,170,10.97212
32,156,157,10.85384
32,156,171,9.99195
32,157,158,15.4337
32,157,172,9.99195
32,158,159,10.82018
32,158,173,16.32021
32,159,160,13.49845
32,159,174,14.51106
32,160,161,10.0
32,160,175,13.50794
32,161,162,9.8477
32,161,176,13.32828
32,162,163,9.17717
32,162,177,10.82018
32,163,164,10.0
32,163,178,12.40716
32,164,179,11.80216
32,165,166,9.17717
32,165,180,7.74472
32,166,167,13.67934
32,166,181,16.50985
32,167,168,16.50985
32,167,182,8.35491
32,168,169,13.67934
32,168,183,13.32828
32,169,170,10.97212
32,169,184,10.85384
32,170,171,9.99195
32,170,185,13.49845
32,171,172,11.71122
32,171,186,16.50985
32,172,173,16.50985
32,172,187,14.51106
32,173,174,12.699
32,173,188,13.49845
32,174,175,7.74472
32,174,189,16.32021
32,175,176,13.67934
32,175,190,8.48648
32,176,177,12.53439
32,176,191,10.97212
32,177,178,15.4337
32,177,192,13.67934
32,178,179,10.85384
32,178,193,12.40716
32,179,194,9.99195
32,180,181,10.70281
32,180,195,12.53439
32,181,182,13.67934
32,181,196,15.61778
32,182,183,9.8477
32,182,197,10.14548
32,183,184,13.67934
32,183,198,12.53439
32,184,185,12.53439
32,184,199,8.35491
32,185,186,7.87074
32,185,200,16.32021
32,186,187,10.0
32,186,201,15.61778
32,187,188,12.53439
32,187,202,8.48648
32,188,189,12.40716
32,188,203,10.70281
32,189,190,15.61778
32,189,204,10.85384
32,190,191,10.0
32,190,205,13.32828
32,191,192,9.99195
32,191,206,9.17717
32,192,193,12.699
32,192,207,11.80216
32,193,194,10.82018
32,193,208,13.67934
32,194,209,7.87074
32,195,196,12.699
32,195,210,9.17717
32,196,197,9.17717
32,196,211,11.80216
32,197,198,13.67934
32,197,212,9.17717
32,198,199,11.71122
32,198,213,12.699
32,199,200,10.70281
32,199,214,10.97212
32,200,201,13.67934
32,200,215,11.55373
32,201,202,13.50794
32,201,216,15.61778
32,202,203,10.70281
32,202,217,10.70281
32,203,204,11.644
32,203,218,9.99195
32,204,205,11.80216
32,204,219,12.57087
32,205,206,14.33411
32,205,220,15.61778
32,206,207,12.40716
32,206,221,7.74472
32,207,208,13.32828
32,207,222,7.87074
32,208,209,11.71122
32,208,223,15.61778
32,209,224,10.97212
32,210,211,12.53439
32,211,212,11.71122
32,212,213,16.32021
32,213,214,12.699
32,214,215,12.53439
32,215,216,16.32021
32,216,217,15.61778
32,217,218,14.33411
32,218,219,11.644
32,219,220,8.48648
32,220,221,9.17717
32,221,222,12.53439
32,222,223,12.57087
32,223,224,9.8477
33,0,1,16.11436
33,0,15,13.93863
33,1,2,8.99658
33,1,16,19.88481
33,2,3,8.99658
33,2,17,7.43705
33,3,4,15.61778
33,3,18,10.82298
33,4,5,15.61778
33,4,19,10.0
33,5,6,25.43024
33,5,20,10.0
33,6,7,7.43705
33,6,21,15.61778
33,7,8,28.38832
33,7,22,10.45369
33,8,9,22.49578
33,8,23,5.78282
33,9,10,23.05086
33,9,24,29.01441
33,10,11,25.43024
33,10,25,18.0541
33,11,12,10.82298
33,11,26,10.45369
33,12,13,10.0
33,12,27,13.93863
33,13,14,10.45369
33,13,28,7.43705
33,14,29,16.07613
33,15,16,19.88481
33,15,30,16.07613
33,16,17,21.06887
33,16,31,16.07613
33,17,18,7.13877
33,17,32,20.5395
33,18,19,11.82863
33,18,33,18.95969
33,19,20,28.38832
33,19,34,25.86541
33,20,21,21.06887
33,20,35,20.5395
33,21,22,15.61778
33,21,36,13.93863
33,22,23,23.75785
33,22,37,12.22363
33,23,24,8.99658
33,23,38,12.22363
33,24,25,22.49578
33,24,39,10.45369
33,25,26,10.0
33,25,40,19.88481
33,26,27,12.72962
33,26,41,32.17606
33,27,28,18.41801
33,27,42,5.78282
33,28,29,10.0
33,28,43,23.75785
33,29,44,32.17606
33,30,31,13.47948
33,30,45,13.47948
33,31,32,20.5395
33,31,46,23.75785
33,32,33,12.22363
33,32,47,13.47948
33,33,34,10.0
33,33,48,5.78282
33,34,35,23.75785
33,34,49,22.49578
33,35,36,10.82298
33,35,50,11.82863
33,36,37,10.45369
33,36,51,14.25584
33,37,38,8.75063
33,37,52,28.38832
33,38,39,8.75063
33,38,53,21.06887
33,39,40,25.86541
33,39,54,18.95969
33,40,41,25.43024
33,40,55,7.13877
33,41,42,25.86541
33,41,56,13.47948
33,42,43,12.72962
33,42,57,14.25584
33,43,44,19.88481
33,43,58,8.99658
33,44,59,10.45369
33,45,46,7.43705
33,45,60,5.78282
33,46,47,7.13877
33,46,61,13.93863
33,47,48,20.5395
33,47,62,18.95969
33,48,49,18.0541
33,48,63,5.78282
33,49,50,12.22363
33,49,64,10.82298
33,50,51,20.5395
33,50,65,25.86541
33,51,52,14.25584
33,51,66,23.75785
33,52,53,15.61778
33,52,67,5.78282
33,53,54,8.75063
33,53,68,11.82863
33,54,55,20.5395
33,54,69,29.01441
33,55,56,10.0
33,55,70,13.47948
33,56,57,10.45369
33,56,71,21.06887
33,57,58,8.99658
33,57,72,16.58038
33,58,59,23.05086
33,58,73,10.45369
33,59,74,11.82863
33,60,61,12.22363
33,60,75,12.22363
33,61,62,21.06887
33,61,76,16.11436
33,62,63,8.75063
33,62,77,22.49578
33,63,64,14.25584
33,63,78,28.38832
33,64,65,22.49578
33,64,79,19.88481
33,65,66,28.38832
33,65,80,21.06887
33,66,67,25.43024
33,66,81,5.78282
33,67,68,21.06887
33,67,82,15.61778
33,68,69,10.82298
33,68,83,20.5395
33,69,70,12.22363
33,69,84,7.13877
33,70,71,13.47948
33,70,85,10.0
33,71,72,16.58038
33,71,86,19.88481
33,72,73,32.17606
33,72,87,10.82298
33,73,74,25.86541
33,73,88,16.07613
33,74,89,15.61778
33,75,76,22.49578
33,75,90,7.43705
33,76,77,25.86541
33,76,91,15.61778
33,77,78,11.82863
33,77,92,28.38832
33,78,79,7.13877
33,78,93,8.99658
33,79,80,8.99658
33,79,94,23.75785
33,80,81,10.82298
33,80,95,10.45369
33,81,82,28.38832
33,81,96,7.43705
33,82,83,16.58038
33,82,97,28.38832
33,83,84,11.82863
33,83,98,13.47948
33,84,85,12.72962
33,84,99,25.86541
33,85,86,7.43705
33,85,100,5.78282
33,86,87,25.43024
33,86,101,29.01441
33,87,88,7.13877
33,87,102,25.86541
33,88,89,12.22363
33,88,103,16.58038
33,89,104,12.72962
33,90,91,15.61778
33,90,105,7.13877
33,91,92,16.11436
33,91,106,16.07613
33,92,93,13.93863
33,92,107,8.99658
33,93,94,13.93863
33,93,108,11.82863
33,94,95,8.99658
33,94,109,23.75785
33,95,96,13.47948
33,95,110,8.99658
33,96,97,12.72962
33,96,111,16.11436
33,97,98,5.78282
33,97,112,23.05086
33,98,99,25.43024
33,98,113,19.88481
33,99,100,10.82298
33,99,114,32.17606
33,100,101,22.49578
33,100,115,19.88481
33,101,102,25.43024
33,101,116,8.75063
33,102,103,20.5395
33,102,117,16.07613
33,103,104,7.13877
33,103,118,32.17606
33,104,119,16.58038
33,105,106,12.72962
33,105,120,10.0
33,106,107,8.99658
33,106,121,11.82863
33,107,108,15.61778
33,107,122,25.86541
33,108,109,18.0541
33,108,123,25.86541
33,109,110,14.25584
33,109,124,23.05086
33,110,111,18.95969
33,110,125,25.86541
33,111,112,10.45369
33,111,126,16.07613
33,112,113,22.49578
33,112,127,25.86541
33,113,114,12.22363
33,113,128,18.41801
33,114,115,10.82298
33,114,129,22.49578
33,115,116,25.43024
33,115,130,8.99658
33,116,117,7.43705
33,116,131,21.06887
33,117,118,16.58038
33,117,132,8.75063
33,118,119,18.95969
33,118,133,16.11436
33,119,134,10.0
33,120,121,10.82298
33,120,135,15.61778
33,121,122,10.82298
33,121,136,19.88481
33,122,123,18.0541
33,122,137,16.11436
33,123,124,7.13877
33,123,138,16.58038
33,124,125,10.0
33,124,139,12.72962
33,125,126,8.99658
33,125,140,22.49578
33,126,127,18.41801
33,126,141,18.0541
33,127,128,7.13877
33,127,142,29.01441
33,128,129,23.05086
33,128,143,18.95969
33,129,130,18.41801
33,129,144,20.5395
33,130,131,5.78282
33,130,145,10.82298
33,131,132,5.78282
33,131,146,16.07613
33,132,133,16.11436
33,132,147,11.82863
33,133,134,7.13877
33,133,148,5.78282
33,134,149,29.01441
33,135,136,7.13877
33,135,150,10.0
33,136,137,10.82298
33,136,151,10.0
33,137,138,10.82298
33,137,152,21.06887
33,138,139,22.49578
33,138,153,32.17606
33,139,140,23.75785
33,139,154,10.0
33,140,141,23.75785
33,140,155,16.11436
33,141,142,18.0541
33,141,156,7.43705
33,142,143,18.41801
33,142,157,18.41801
33,143,144,25.86541
33,143,158,20.5395
33,144,145,22.49578
33,144,159,29.01441
33,145,146,7.13877
33,145,160,23.75785
33,146,147,15.61778
33,146,161,25.43024
33,147,148,16.58038
33,147,162,14.25584
33,148,149,18.95969
33,148,163,15.61778
33,149,164,23.05086
33,150,151,7.43705
33,150,165,29.01441
33,151,152,19.88481
33,151,166,7.43705
33,152,153,13.47948
33,152,167,23.75785
33,153,154,12.72962
33,153,168,12.22363
33,154,155,8.99658
33,154,169,18.41801
33,155,156,22.49578
33,155,170,18.95969
33,156,157,7.13877
33,156,171,18.41801
33,157,158,25.43024
33,157,172,18.41801
33,158,159,16.58038
33,158,173,18.0541
33,159,160,23.75785
33,159,174,10.45369
33,160,161,10.0
33,160,175,13.93863
33,161,162,16.07613
33,161,176,21.06887
33,162,163,23.05086
33,162,177,16.58038
33,163,164,10.0
33,163,178,13.47948
33,164,179,22.49578
33,165,166,23.05086
33,165,180,12.22363
33,166,167,16.11436
33,166,181,20.5395
33,167,168,20.5395
33,167,182,7.43705
33,168,169,16.11436
33,168,183,21.06887
33,169,170,18.95969
33,169,184,7.13877
33,170,171,18.41801
33,170,185,23.75785
33,171,172,12.72962
33,171,186,20.5395
33,172,173,20.5395
33,172,187,10.45369
33,173,174,32.17606
33,173,188,23.75785
33,174,175,12.22363
33,174,189,18.0541
33,175,176,16.11436
33,175,190,8.99658
33,176,177,29.01441
33,176,191,18.95969
33,177,178,25.43024
33,177,192,16.11436
33,178,179,7.13877
33,178,193,13.47948
33,179,194,18.41801
33,180,181,5.78282
33,180,195,29.01441
33,181,182,16.11436
33,181,196,28.38832
33,182,183,16.07613
33,182,197,11.82863
33,183,184,16.11436
33,183,198,29.01441
33,184,185,29.01441
33,184,199,7.43705
33,185,186,14.25584
33,185,200,18.0541
33,186,187,10.0
33,186,201,28.38832
33,187,188,29.01441
33,187,202,8.99658
33,188,189,13.47948
33,188,203,5.78282
33,189,190,28.38832
33,189,204,7.13877
33,190,191,10.0
33,190,205,21.06887
33,191,192,18.41801
33,191,206,23.05086
33,192,193,32.17606
33,192,207,22.49578
33,193,194,16.58038
33,193,208,16.11436
33,194,209,14.25584
33,195,196,32.17606
33,195,210,23.05086
33,196,197,23.05086
33,196,211,22.49578
33,197,198,16.11436
33,197,212,23.05086
33,198,199,12.72962
33,198,213,32.17606
33,199,200,5.78282
33,199,214,18.95969
33,200,201,16.11436
33,200,215,10.82298
33,201,202,13.93863
33,201,216,28.38832
33,202,203,5.78282
33,202,217,5.78282
33,203,204,19.88481
33,203,218,18.41801
33,204,205,22.49578
33,204,219,15.61778
33,205,206,8.75063
33,205,220,28.38832
33,206,207,13.47948
33,206,221,12.22363
33,207,208,21.06887
33,207,222,14.25584
33,208,209,12.72962
33,208,223,28.38832
33,209,224,18.95969
33,210,211,29.01441
33,211,212,12.72962
33,212,213,18.0541
33,213,214,32.17606
33,214,215,29.01441
33,215,216,18.0541
33,216,217,28.38832
33,217,218,8.75063
33,218,219,19.88481
33,219,220,8.99658
33,220,221,23.05086
33,221,222,29.01441
33,222,223,15.61778
33,223,224,16.07613
34,0,1,8.99405
34,0,15,8.49628
34,1,2,10.18881
34,1,16,7.74008
34,2,3,10.18881
34,2,17,9.65455
34,3,4,8.50607
34,3,18,8.1813
34,4,5,8.50607
34,4,19,10.0
34,5,6,6.44802
34,5,20,10.0
34,6,7,9.65455
34,6,21,8.50607
34,7,8,6.87355
34,7,22,9.30298
34,8,9,8.21249
34,8,23,10.32761
34,9,10,7.16984
34,9,24,5.93661
34,10,11,6.44802
34,10,25,6.70356
34,11,12,8.1813
34,11,26,9.30298
34,12,13,10.0
34,12,27,8.49628
34,13,14,9.30298
34,13,28,9.65455
34,14,29,7.44159
34,15,16,7.74008
34,15,30,7.44159
34,16,17,6.18
34,16,31,7.44159
34,17,18,10.88194
34,17,32,7.13877
34,18,19,10.54466
34,18,33,8.3719
34,19,20,6.87355
34,19,34,7.62217
34,20,21,6.18
34,20,35,7.13877
34,21,22,8.50607
34,21,36,8.49628
34,22,23,6.59514
34,22,37,9.3391
34,23,24,10.18881
34,23,38,9.3391
34,24,25,8.21249
34,24,39,9.30298
34,25,26,10.0
34,25,40,7.74008
34,26,27,8.66868
34,26,41,6.34207
34,27,28,7.9036
34,27,42,10.32761
34,28,29,10.0
34,28,43,6.59514
34,29,44,6.34207
34,30,31,8.02398
34,30,45,8.02398
34,31,32,7.13877
34,31,46,6.59514
34,32,33,9.3391
34,32,47,8.02398
34,33,34,10.0
34,33,48,10.32761
34,34,35,6.59514
34,34,49,8.21249
34,35,36,8.1813
34,35,50,10.54466
34,36,37,9.30298
34,36,51,9.86367
34,37,38,8.79552
34,37,52,6.87355
34,38,39,8.79552
34,38,53,6.18
34,39,40,7.62217
34,39,54,8.3719
34,40,41,6.44802
34,40,55,10.88194
34,41,42,7.62217
34,41,56,8.02398
34,42,43,8.66868
34,42,57,9.86367
34,43,44,7.74008
34,43,58,10.18881
34,44,59,9.30298
34,45,46,9.65455
34,45,60,10.32761
34,46,47,10.88194
34,46,61,8.49628
34,47,48,7.13877
34,47,62,8.3719
34,48,49,6.70356
34,48,63,10.32761
34,49,50,9.3391
34,49,64,8.1813
34,50,51,7.13877
34,50,65,7.62217
34,51,52,9.86367
34,51,66,6.59514
34,52,53,8.50607
34,52,67,10.32761
34,53,54,8.79552
34,53,68,10.54466
34,54,55,7.13877
34,54,69,5.93661
34,55,56,10.0
34,55,70,8.02398
34,56,57,9.30298
34,56,71,6.18
34,57,58,10.18881
34,57,72,7.89421
34,58,59,7.16984
34,58,73,9.30298
34,59,74,10.54466
34,60,61,9.3391
34,60,75,9.3391
34,61,62,6.18
34,61,76,8.99405
34,62,63,8.79552
34,62,77,8.21249
34,63,64,9.86367
34,63,78,6.87355
34,64,65,8.21249
34,64,79,7.74008
34,65,66,6.87355
34,65,80,6.18
34,66,67,6.44802
34,66,81,10.32761
34,67,68,6.18
34,67,82,8.50607
34,68,69,8.1813
34,68,83,7.13877
34,69,70,9.3391
34,69,84,10.88194
34,70,71,8.02398
34,70,85,10.0
34,71,72,7.89421
34,71,86,7.74008
34,72,73,6.34207
34,72,87,8.1813
34,73,74,7.62217
34,73,88,7.44159
34,74,89,8.50607
34,75,76,8.21249
34,75,90,9.65455
34,76,77,7.62217
34,76,91,8.50607
34,77,78,10.54466
34,77,92,6.87355
34,78,79,10.88194
34,78,93,10.18881
34,79,80,10.18881
34,79,94,6.59514
34,80,81,8.1813
34,80,95,9.30298
34,81,82,6.87355
34,81,96,9.65455
34,82,83,7.89421
34,82,97,6.87355
34,83,84,10.54466
34,83,98,8.02398
34,84,85,8.66868
34,84,99,7.62217
34,85,86,9.65455
34,85,100,10.32761
34,86,87,6.44802
34,86,101,5.93661
34,87,88,10.88194
34,87,102,7.62217
34,88,89,9.3391
34,88,103,7.89421
34,89,104,8.66868
34,90,91,8.50607
34,90,105,10.88194
34,91,92,8.99405
34,91,106,7.44159
34,92,93,8.49628
34,92,107,10.18881
34,93,94,8.49628
34,93,108,10.54466
34,94,95,10.18881
34,94,109,6.59514
34,95,96,8.02398
34,95,110,10.18881
34,96,97,8.66868
34,96,111,8.99405
34,97,98,10.32761
34,97,112,7.16984
34,98,99,6.44802
34,98,113,7.74008
34,99,100,8.1813
34,99,114,6.34207
34,100,101,8.21249
34,100,115,7.74008
34,101,102,6.44802
34,101,116,8.79552
34,102,103,7.13877
34,102,117,7.44159
34,103,104,10.88194
34,103,118,6.34207
34,104,119,7.89421
34,105,106,8.66868
34,105,120,10.0
34,106,107,10.18881
34,106,121,10.54466
34,107,108,8.50607
34,107,122,7.62217
34,108,109,6.70356
34,108,123,7.62217
34,109,110,9.86367
34,109,124,7.16984
34,110,111,8.3719
34,110,125,7.62217
34,111,112,9.30298
34,111,126,7.44159
34,112,113,8.21249
34,112,127,7.62217
34,113,114,9.3391
34,113,128,7.9036
34,114,115,8.1813
34,114,129,8.21249
34,115,116,6.44802
34,115,130,10.18881
34,116,117,9.65455
34,116,131,6.18
34,117,118,7.89421
34,117,132,8.79552
34,118,119,8.3719
34,118,133,8.99405
34,119,134,10.0
34,120,121,8.1813
34,120,135,8.50607
34,121,122,8.1813
34,121,136,7.74008
34,122,123,6.70356
34,122,137,8.99405
34,123,124,10.88194
34,123,138,7.89421
34,124,125,10.0
34,124,139,8.66868
34,125,126,10.18881
34,125,140,8.21249
34,126,127,7.9036
34,126,141,6.70356
34,127,128,10.88194
34,127,142,5.93661
34,128,129,7.16984
34,128,143,8.3719
34,129,130,7.9036
34,129,144,7.13877
34,130,131,10.32761
34,130,145,8.1813
34,131,132,10.32761
34,131,146,7.44159
34,132,133,8.99405
34,132,147,10.54466
34,133,134,10.88194
34,133,148,10.32761
34,134,149,5.93661
34,135,136,10.88194
34,135,150,10.0
34,136,137,8.1813
34,136,151,10.0
34,137,138,8.1813
34,137,152,6.18
34,138,139,8.21249
34,138,153,6.34207
34,139,140,6.59514
34,139,154,10.0
34,140,141,6.59514
34,140,155,8.99405
34,141,142,6.70356
34,141,156,9.65455
34,142,143,7.9036
34,142,157,7.9036
34,143,144,7.62217
34,143,158,7.13877
34,144,145,8.21249
34,144,159,5.93661
34,145,146,10.88194
34,145,160,6.59514
34,146,147,8.50607
34,146,161,6.44802
34,147,148,7.89421
34,147,162,9.86367
34,148,149,8.3719
34,148,163,8.50607
34,149,164,7.16984
34,150,151,9.65455
34,150,165,5.93661
34,151,152,7.74008
34,151,166,9.65455
34,152,153,8.02398
34,152,167,6.59514
34,153,154,8.66868
34,153,168,9.3391
34,154,155,10.18881
34,154,169,7.9036
34,155,156,8.21249
34,155,170,8.3719
34,156,157,10.88194
34,156,171,7.9036
34,157,158,6.44802
34,157,172,7.9036
34,158,159,7.89421
34,158,173,6.70356
34,159,160,6.59514
34,159,174,9.30298
34,160,161,10.0
34,160,175,8.49628
34,161,162,7.44159
34,161,176,6.18
34,162,163,7.16984
34,162,177,7.89421
34,163,164,10.0
34,163,178,8.02398
34,164,179,8.21249
34,165,166,7.16984
34,165,180,9.3391
34,166,167,8.99405
34,166,181,7.13877
34,167,168,7.13877
34,167,182,9.65455
34,168,169,8.99405
34,168,183,6.18
34,169,170,8.3719
34,169,184,10.88194
34,170,171,7.9036
34,170,185,6.59514
34,171,172,8.66868
34,171,186,7.13877
34,172,173,7.13877
34,172,187,9.30298
34,173,174,6.34207
34,173,188,6.59514
34,174,175,9.3391
34,174,189,6.70356
34,175,176,8.99405
34,175,190,10.18881
34,176,177,5.93661
34,176,191,8.3719
34,177,178,6.44802
34,177,192,8.99405
34,178,179,10.88194
34,178,193,8.02398
34,179,194,7.9036
34,180,181,10.32761
34,180,195,5.93661
34,181,182,8.99405
34,181,196,6.87355
34,182,183,7.44159
34,182,197,10.54466
34,183,184,8.99405
34,183,198,5.93661
34,184,185,5.93661
34,184,199,9.65455
34,185,186,9.86367
34,185,200,6.70356
34,186,187,10.0
34,186,201,6.87355
34,187,188,5.93661
34,187,202,10.18881
34,188,189,8.02398
34,188,203,10.32761
34,189,190,6.87355
34,189,204,10.88194
34,190,191,10.0
34,190,205,6.18
34,191,192,7.9036
34,191,206,7.16984
34,192,193,6.34207
34,192,207,8.21249
34,193,194,7.89421
34,193,208,8.99405
34,194,209,9.86367
34,195,196,6.34207
34,195,210,7.16984
34,196,197,7.16984
34,196,211,8.21249
34,197,198,8.99405
34,197,212,7.16984
34,198,199,8.66868
34,198,213,6.34207
34,199,200,10.32761
34,199,214,8.3719
34,200,201,8.99405
34,200,215,8.1813
34,201,202,8.49628
34,201,216,6.87355
34,202,203,10.32761
34,202,217,10.32761
34,203,204,7.74008
34,203,218,7.9036
34,204,205,8.21249
34,204,219,8.50607
34,205,206,8.79552
34,205,220,6.87355
34,206,207,8.02398
34,206,221,9.3391
34,207,208,6.18
34,207,222,9.86367
34,208,209,8.66868
34,208,223,6.87355
34,209,224,8.3719
34,210,211,5.93661
34,211,212,8.66868
34,212,213,6.70356
34,213,214,6.34207
34,214,215,5.93661
34,215,216,6.70356
34,216,217,6.87355
34,217,218,8.79552
34,218,219,7.74008
34,219,220,10.18881
34,220,221,7.16984
34,221,222,5.93661
34,222,223,8.50607
34,223,224,7.44159
35,0,1,9.1414
35,0,15,11.87873
35,1,2,7.47113
35,1,16,8.07861
35,2,3,7.47113
35,2,17,9.93304
35,3,4,7.93654
35,3,18,11.8051
35,4,5,7.93654
35,4,19,10.0
35,5,6,9.75483
35,5,20,10.0
35,6,7,9.93304
35,6,21,7.93654
35,7,8,7.31959
35,7,22,11.70244
35,8,9,5.90883
35,8,23,12.68371
35,9,10,5.97843
35,9,24,7.39853
35,10,11,9.75483
35,10,25,12.40414
35,11,12,11.8051
35,11,26,11.70244
35,12,13,10.0
35,12,27,11.87873
35,13,14,11.70244
35,13,28,9.93304
35,14,29,8.01924
35,15,16,8.07861
35,15,30,8.01924
35,16,17,9.68879
35,16,31,8.01924
35,17,18,9.83972
35,17,32,9.59676
35,18,19,7.52814
35,18,33,6.87572
35,19,20,7.31959
35,19,34,4.19073
35,20,21,9.68879
35,20,35,9.59676
35,21,22,7.93654
35,21,36,11.87873
35,22,23,7.2635
35,22,37,7.60837
35,23,24,7.47113
35,23,38,7.60837
35,24,25,5.90883
35,24,39,11.70244
35,25,26,10.0
35,25,40,8.07861
35,26,27,9.07772
35,26,41,5.34536
35,27,28,5.85941
35,27,42,12.68371
35,28,29,10.0
35,28,43,7.2635
35,29,44,5.34536
35,30,31,10.47845
35,30,45,10.47845
35,31,32,9.59676
35,31,46,7.2635
35,32,33,7.60837
35,32,47,10.47845
35,33,34,10.0
35,33,48,12.68371
35,34,35,7.2635
35,34,49,5.90883
35,35,36,11.8051
35,35,50,7.52814
35,36,37,11.70244
35,36,51,5.51859
35,37,38,14.8119
35,37,52,7.31959
35,38,39,14.8119
35,38,53,9.68879
35,39,40,4.19073
35,39,54,6.87572
35,40,41,9.75483
35,40,55,9.83972
35,41,42,4.19073
35,41,56,10.47845
35,42,43,9.07772
35,42,57,5.51859
35,43,44,8.07861
35,43,58,7.47113
35,44,59,11.70244
35,45,46,9.93304
35,45,60,12.68371
35,46,47,9.83972
35,46,61,11.87873
35,47,48,9.59676
35,47,62,6.87572
35,48,49,12.40414
35,48,63,12.68371
35,49,50,7.60837
35,49,64,11.8051
35,50,51,9.59676
35,50,65,4.19073
35,51,52,5.51859
35,51,66,7.2635
35,52,53,7.93654
35,52,67,12.68371
35,53,54,14.8119
35,53,68,7.52814
35,54,55,9.59676
35,54,69,7.39853
35,55,56,10.0
35,55,70,10.47845
35,56,57,11.70244
35,56,71,9.68879
35,57,58,7.47113
35,57,72,9.23097
35,58,59,5.97843
35,58,73,11.70244
35,59,74,7.52814
35,60,61,7.60837
35,60,75,7.60837
35,61,62,9.68879
35,61,76,9.1414
35,62,63,14.8119
35,62,77,5.90883
35,63,64,5.51859
35,63,78,7.31959
35,64,65,5.90883
35,64,79,8.07861
35,65,66,7.31959
35,65,80,9.68879
35,66,67,9.75483
35,66,81,12.68371
35,67,68,9.68879
35,67,82,7.93654
35,68,69,11.8051
35,68,83,9.59676
35,69,70,7.60837
35,69,84,9.83972
35,70,71,10.47845
35,70,85,10.0
35,71,72,9.23097
35,71,86,8.07861
35,72,73,5.34536
35,72,87,11.8051
35,73,74,4.19073
35,73,88,8.01924
35,74,89,7.93654
35,75,76,5.90883
35,75,90,9.93304
35,76,77,4.19073
35,76,91,7.93654
35,77,78,7.52814
35,77,92,7.31959
35,78,79,9.83972
35,78,93,7.47113
35,79,80,7.47113
35,79,94,7.2635
35,80,81,11.8051
35,80,95,11.70244
35,81,82,7.31959
35,81,96,9.93304
35,82,83,9.23097
35,82,97,7.31959
35,83,84,7.52814
35,83,98,10.47845
35,84,85,9.07772
35,84,99,4.19073
35,85,86,9.93304
35,85,100,12.68371
35,86,87,9.75483
35,86,101,7.39853
35,87,88,9.83972
35,87,102,4.19073
35,88,89,7.60837
35,88,103,9.23097
35,89,104,9.07772
35,90,91,7.93654
35,90,105,9.83972
35,91,92,9.1414
35,91,106,8.01924
35,92,93,11.87873
35,92,107,7.47113
35,93,94,11.87873
35,93,108,7.52814
35,94,95,7.47113
35,94,109,7.2635
35,95,96,10.47845
35,95,110,7.47113
35,96,97,9.07772
35,96,111,9.1414
35,97,98,12.68371
35,97,112,5.97843
35,98,99,9.75483
35,98,113,8.07861
35,99,100,11.8051
35,99,114,5.34536
35,100,101,5.90883
35,100,115,8.07861
35,101,102,9.75483
35,101,116,14.8119
35,102,103,9.59676
35,102,117,8.01924
35,103,104,9.83972
35,103,118,5.34536
35,104,119,9.23097
35,105,106,9.07772
35,105,120,10.0
35,106,107,7.47113
35,106,121,7.52814
35,107,108,7.93654
35,107,122,4.19073
35,108,109,12.40414
35,108,123,4.19073
35,109,110,5.51859
35,109,124,5.97843
35,110,111,6.87572
35,110,125,4.19073
35,111,112,11.70244
35,111,126,8.01924
35,112,113,5.90883
35,112,127,4.19073
35,113,114,7.60837
35,113,128,5.85941
35,114,115,11.8051
35,114,129,5.90883
35,115,116,9.75483
35,115,130,7.47113
35,116,117,9.93304
35,116,131,9.68879
35,117,118,9.23097
35,117,132,14.8119
35,118,119,6.87572
35,118,133,9.1414
35,119,134,10.0
35,120,121,11.8051
35,120,135,7.93654
35,121,122,11.8051
35,121,136,8.07861
35,122,123,12.40414
35,122,137,9.1414
35,123,124,9.83972
35,123,138,9.23097
35,124,125,10.0
35,124,139,9.07772
35,125,126,7.47113
35,125,140,5.90883
35,126,127,5.85941
35,126,141,12.40414
35,127,128,9.83972
35,127,142,7.39853
35,128,129,5.97843
35,128,143,6.87572
35,129,130,5.85941
35,129,144,9.59676
35,130,131,12.68371
35,130,145,11.8051
35,131,132,12.68371
35,131,146,8.01924
35,132,133,9.1414
35,132,147,7.52814
35,133,134,9.83972
35,133,148,12.68371
35,134,149,7.39853
35,135,136,9.83972
35,135,150,10.0
35,136,137,11.8051
35,136,151,10.0
35,137,138,11.8051
35,137,152,9.68879
35,138,139,5.90883
35,138,153,5.34536
35,139,140,7.2635
35,139,154,10.0
35,140,141,7.2635
35,140,155,9.1414
35,141,142,12.40414
35,141,156,9.93304
35,142,143,5.85941
35,142,157,5.85941
35,143,144,4.19073
35,143,158,9.59676
35,144,145,5.90883
35,144,159,7.39853
35,145,146,9.83972
35,145,160,7.2635
35,146,147,7.93654
35,146,161,9.75483
35,147,148,9.23097
35,147,162,5.51859
35,148,149,6.87572
35,148,163,7.93654
35,149,164,5.97843
35,150,151,9.93304
35,150,165,7.39853
35,151,152,8.07861
35,151,166,9.93304
35,152,153,10.47845
35,152,167,7.2635
35,153,154,9.07772
35,153,168,7.60837
35,154,155,7.47113
35,154,169,5.85941
35,155,156,5.90883
35,155,170,6.87572
35,156,157,9.83972
35,156,171,5.85941
35,157,158,9.75483
35,157,172,5.85941
35,158,159,9.23097
35,158,173,12.40414
35,159,160,7.2635
35,159,174,11.70244
35,160,161,10.0
35,160,175,11.87873
35,161,162,8.01924
35,161,176,9.68879
35,162,163,5.97843
35,162,177,9.23097
35,163,164,10.0
35,163,178,10.47845
35,164,179,5.90883
35,165,166,5.97843
35,165,180,7.60837
35,166,167,9.1414
35,166,181,9.59676
35,167,168,9.59676
35,167,182,9.93304
35,168,169,9.1414
35,168,183,9.68879
35,169,170,6.87572
35,169,184,9.83972
35,170,171,5.85941
35,170,185,7.2635
35,171,172,9.07772
35,171,186,9.59676
35,172,173,9.59676
35,172,187,11.70244
35,173,174,5.34536
35,173,188,7.2635
35,174,175,7.60837
35,174,189,12.40414
35,175,176,9.1414
35,175,190,7.47113
35,176,177,7.39853
35,176,191,6.87572
35,177,178,9.75483
35,177,192,9.1414
35,178,179,9.83972
35,178,193,10.47845
35,179,194,5.85941
35,180,181,12.68371
35,180,195,7.39853
35,181,182,9.1414
35,181,196,7.31959
35,182,183,8.01924
35,182,197,7.52814
35,183,184,9.1414
35,183,198,7.39853
35,184,185,7.39853
35,184,199,9.93304
35,185,186,5.51859
35,185,200,12.40414
35,186,187,10.0
35,186,201,7.31959
35,187,188,7.39853
35,187,202,7.47113
35,188,189,10.47845
35,188,203,12.68371
35,189,190,7.31959
35,189,204,9.83972
35,190,191,10.0
35,190,205,9.68879
35,191,192,5.85941
35,191,206,5.97843
35,192,193,5.34536
35,192,207,5.90883
35,193,194,9.23097
35,193,208,9.1414
35,194,209,5.51859
35,195,196,5.34536
35,195,210,5.97843
35,196,197,5.97843
35,196,211,5.90883
35,197,198,9.1414
35,197,212,5.97843
35,198,199,9.07772
35,198,213,5.34536
35,199,200,12.68371
35,199,214,6.87572
35,200,201,9.1414
35,200,215,11.8051
35,201,202,11.87873
35,201,216,7.31959
35,202,203,12.68371
35,202,217,12.68371
35,203,204,8.07861
35,203,218,5.85941
35,204,205,5.90883
35,204,219,7.93654
35,205,206,14.8119
35,205,220,7.31959
35,206,207,10.47845
35,206,221,7.60837
35,207,208,9.68879
35,207,222,5.51859
35,208,209,9.07772
35,208,223,7.31959
35,209,224,6.87572
35,210,211,7.39853
35,211,212,9.07772
35,212,213,12.40414
35,213,214,5.34536
35,214,215,7.39853
35,215,216,12.40414
35,216,217,7.31959
35,217,218,14.8119
35,218,219,8.07861
35,219,220,7.47113
35,220,221,5.97843
35,221,222,7.39853
35,222,223,7.93654
35,223,224,8.01924
36,0,1,11.96445
36,0,15,8.77306
36,1,2,14.91847
36,1,16,9.04978
36,2,3,14.91847
36,2,17,11.2881
36,3,4,7.80992
36,3,18,9.97319
36,4,5,7.80992
36,4,19,10.0
36,5,6,7.89186
36,5,20,10.0
36,6,7,11.2881
36,6,21,7.80992
36,7,8,10.91289
36,7,22,7.55559
36,8,9,12.29265
36,8,23,6.05858
36,9,10,15.40653
36,9,24,13.84229
36,10,11,7.89186
36,10,25,4.51324
36,11,12,9.97319
36,11,26,7.55559
36,12,13,10.0
36,12,27,8.77306
36,13,14,7.55559
36,13,28,11.2881
36,14,29,10.27033
36,15,16,9.04978
36,15,30,10.27033
36,16,17,9.02443
36,16,31,10.27033
36,17,18,8.68603
36,17,32,6.7485
36,18,19,13.41322
36,18,33,19.22982
36,19,20,10.91289
36,19,34,19.65232
36,20,21,9.02443
36,20,35,6.7485
36,21,22,7.80992
36,21,36,8.77306
36,22,23,12.26262
36,22,37,16.66876
36,23,24,14.91847
36,23,38,16.66876
36,24,25,12.29265
36,24,39,7.55559
36,25,26,10.0
36,25,40,9.04978
36,26,27,13.38173
36,26,41,17.86625
36,27,28,13.73035
36,27,42,6.05858
36,28,29,10.0
36,28,43,12.26262
36,29,44,17.86625
36,30,31,5.35283
36,30,45,5.35283
36,31,32,6.7485
36,31,46,12.26262
36,32,33,16.66876
36,32,47,5.35283
36,33,34,10.0
36,33,48,6.05858
36,34,35,12.26262
36,34,49,12.29265
36,35,36,9.97319
36,35,50,13.41322
36,36,37,7.55559
36,36,51,21.08491
36,37,38,5.14998
36,37,52,10.91289
36,38,39,5.14998
36,38,53,9.02443
36,39,40,19.65232
36,39,54,19.22982
36,40,41,7.89186
36,40,55,8.68603
36,41,42,19.65232
36,41,56,5.35283
36,42,43,13.38173
36,42,57,21.08491
36,43,44,9.04978
36,43,58,14.91847
36,44,59,7.55559
36,45,46,11.2881
36,45,60,6.05858
36,46,47,8.68603
36,46,61,8.77306
36,47,48,6.7485
36,47,62,19.22982
36,48,49,4.51324
36,48,63,6.05858
36,49,50,16.66876
36,49,64,9.97319
36,50,51,6.7485
36,50,65,19.65232
36,51,52,21.08491
36,51,66,12.26262
36,52,53,7.80992
36,52,67,6.05858
36,53,54,5.14998
36,53,68,13.41322
36,54,55,6.7485
36,54,69,13.84229
36,55,56,10.0
36,55,70,5.35283
36,56,57,7.55559
36,56,71,9.02443
36,57,58,14.91847
36,57,72,15.03551
36,58,59,15.40653
36,58,73,7.55559
36,59,74,13.41322
36,60,61,16.66876
36,60,75,16.66876
36,61,62,9.02443
36,61,76,11.96445
36,62,63,5.14998
36,62,77,12.29265
36,63,64,21.08491
36,63,78,10.91289
36,64,65,12.29265
36,64,79,9.04978
36,65,66,10.91289
36,65,80,9.02443
36,66,67,7.89186
36,66,81,6.05858
36,67,68,9.02443
36,67,82,7.80992
36,68,69,9.97319
36,68,83,6.7485
36,69,70,16.66876
36,69,84,8.68603
36,70,71,5.35283
36,70,85,10.0
36,71,72,15.03551
36,71,86,9.04978
36,72,73,17.86625
36,72,87,9.97319
36,73,74,19.65232
36,73,88,10.27033
36,74,89,7.80992
36,75,76,12.29265
36,75,90,11.2881
36,76,77,19.65232
36,76,91,7.80992
36,77,78,13.41322
36,77,92,10.91289
36,78,79,8.68603
36,78,93,14.91847
36,79,80,14.91847
36,79,94,12.26262
36,80,81,9.97319
36,80,95,7.55559
36,81,82,10.91289
36,81,96,11.2881
36,82,83,15.03551
36,82,97,10.91289
36,83,84,13.41322
36,83,98,5.35283
36,84,85,13.38173
36,84,99,19.65232
36,85,86,11.2881
36,85,100,6.05858
36,86,87,7.89186
36,86,101,13.84229
36,87,88,8.68603
36,87,102,19.65232
36,88,89,16.66876
36,88,103,15.03551
36,89,104,13.38173
36,90,91,7.80992
36,90,105,8.68603
36,91,92,11.96445
36,91,106,10.27033
36,92,93,8.77306
36,92,107,14.91847
36,93,94,8.77306
36,93,108,13.41322
36,94,95,14.91847
36,94,109,12.26262
36,95,96,5.35283
36,95,110,14.91847
36,96,97,13.38173
36,96,111,11.96445
36,97,98,6.05858
36,97,112,15.40653
36,98,99,7.89186
36,98,113,9.04978
36,99,100,9.97319
36,99,114,17.86625
36,100,101,12.29265
36,100,115,9.04978
36,101,102,7.89186
36,101,116,5.14998
36,102,103,6.7485
36,102,117,10.27033
36,103,104,8.68603
36,103,118,17.86625
36,104,119,15.03551
36,105,106,13.38173
36,105,120,10.0
36,106,107,14.91847
36,106,121,13.41322
36,107,108,7.80992
36,107,122,19.65232
36,108,109,4.51324
36,108,123,19.65232
36,109,110,21.08491
36,109,124,15.40653
36,110,111,19.22982
36,110,125,19.65232
36,111,112,7.55559
36,111,126,10.27033
36,112,113,12.29265
36,112,127,19.65232
36,113,114,16.66876
36,113,128,13.73035
36,114,115,9.97319
36,114,129,12.29265
36,115,116,7.89186
36,115,130,14.91847
36,116,117,11.2881
36,116,131,9.02443
36,117,118,15.03551
36,117,132,5.14998
36,118,119,19.22982
36,118,133,11.96445
36,119,134,10.0
36,120,121,9.97319
36,120,135,7.80992
36,121,122,9.97319
36,121,136,9.04978
36,122,123,4.51324
36,122,137,11.96445
36,123,124,8.68603
36,123,138,15.03551
36,124,125,10.0
36,124,139,13.38173
36,125,126,14.91847
36,125,140,12.29265
36,126,127,13.73035
36,126,141,4.51324
36,127,128,8.68603
36,127,142,13.84229
36,128,129,15.40653
36,128,143,19.22982
36,129,130,13.73035
36,129,144,6.7485
36,130,131,6.05858
36,130,145,9.97319
36,131,132,6.05858
36,131,146,10.27033
36,132,133,11.96445
36,132,147,13.41322
36,133,134,8.68603
36,133,148,6.05858
36,134,149,13.84229
36,135,136,8.68603
36,135,150,10.0
36,136,137,9.97319
36,136,151,10.0
36,137,138,9.97319
36,137,152,9.02443
36,138,139,12.29265
36,138,153,17.86625
36,139,140,12.26262
36,139,154,10.0
36,140,141,12.26262
36,140,155,11.96445
36,141,142,4.51324
36,141,156,11.2881
36,142,143,13.73035
36,142,157,13.73035
36,143,144,19.65232
36,143,158,6.7485
36,144,145,12.29265
36,144,159,13.84229
36,145,146,8.68603
36,145,160,12.26262
36,146,147,7.80992
36,146,161,7.89186
36,147,148,15.03551
36,147,162,21.08491
36,148,149,19.22982
36,148,163,7.80992
36,149,164,15.40653
36,150,151,11.2881
36,150,165,13.84229
36,151,152,9.04978
36,151,166,11.2881
36,152,153,5.35283
36,152,167,12.26262
36,153,154,13.38173
36,153,168,16.66876
36,154,155,14.91847
36,154,169,13.73035
36,155,156,12.29265
36,155,170,19.22982
36,156,157,8.68603
36,156,171,13.73035
36,157,158,7.89186
36,157,172,13.73035
36,158,159,15.03551
36,158,173,4.51324
36,159,160,12.26262
36,159,174,7.55559
36,160,161,10.0
36,160,175,8.77306
36,161,162,10.27033
36,161,176,9.02443
36,162,163,15.40653
36,162,177,15.03551
36,163,164,10.0
36,163,178,5.35283
36,164,179,12.29265
36,165,166,15.40653
36,165,180,16.66876
36,166,167,11.96445
36,166,181,6.7485
36,167,168,6.7485
36,167,182,11.2881
36,168,169,11.96445
36,168,183,9.02443
36,169,170,19.22982
36,169,184,8.68603
36,170,171,13.73035
36,170,185,12.26262
36,171,172,13.38173
36,171,186,6.7485
36,172,173,6.7485
36,172,187,7.55559
36,173,174,17.86625
36,173,188,12.26262
36,174,175,16.66876
36,174,189,4.51324
36,175,176,11.96445
36,175,190,14.91847
36,176,177,13.84229
36,176,191,19.22982
36,177,178,7.89186
36,177,192,11.96445
36,178,179,8.68603
36,178,193,5.35283
36,179,194,13.73035
36,180,181,6.05858
36,180,195,13.84229
36,181,182,11.96445
36,181,196,10.91289
36,182,183,10.27033
36,182,197,13.41322
36,183,184,11.96445
36,183,198,13.84229
36,184,185,13.84229
36,184,199,11.2881
36,185,186,21.08491
36,185,200,4.51324
36,186,187,10.0
36,186,201,10.91289
36,187,188,13.84229
36,187,202,14.91847
36,188,189,5.35283
36,188,203,6.05858
36,189,190,10.91289
36,189,204,8.68603
36,190,191,10.0
36,190,205,9.02443
36,191,192,13.73035
36,191,206,15.40653
36,192,193,17.86625
36,192,207,12.29265
36,193,194,15.03551
36,193,208,11.96445
36,194,209,21.08491
36,195,196,17.86625
36,195,210,15.40653
36,196,197,15.40653
36,196,211,12.29265
36,197,198,11.96445
36,197,212,15.40653
36,198,199,13.38173
36,198,213,17.86625
36,199,200,6.05858
36,199,214,19.22982
36,200,201,11.96445
36,200,215,9.97319
36,201,202,8.77306
36,201,216,10.91289
36,202,203,6.05858
36,202,217,6.05858
36,203,204,9.04978
36,203,218,13.73035
36,204,205,12.29265
36,204,219,7.80992
36,205,206,5.14998
36,205,220,10.91289
36,206,207,5.35283
36,206,221,16.66876
36,207,208,9.02443
36,207,222,21.08491
36,208,209,13.38173
36,208,223,10.91289
36,209,224,19.22982
36,210,211,13.84229
36,211,212,13.38173
36,212,213,4.51324
36,213,214,17.86625
36,214,215,13.84229
36,215,216,4.51324
36,216,217,10.91289
36,217,218,5.14998
36,218,219,9.04978
36,219,220,14.91847
36,220,221,15.40653
36,221,222,13.84229
36,222,223,7.80992
36,223,224,10.27033
37,0,1,15.50174
37,0,15,12.87712
37,1,2,15.63146
37,1,16,12.78175
37,2,3,15.63146
37,2,17,12.99454
37,3,4,16.6723
37,3,18,16.28523
37,4,5,16.6723
37,4,19,10.0
37,5,6,16.04489
37,5,20,10.0
37,6,7,12.99454
37,6,21,16.6723
37,7,8,18.98244
37,7,22,16.78226
37,8,9,15.39634
37,8,23,11.01453
37,9,10,14.92181
37,9,24,18.45162
37,10,11,16.04489
37,10,25,17.34867
37,11,12,16.28523
37,11,26,16.78226
37,12,13,10.0
37,12,27,12.87712
37,13,14,16.78226
37,13,28,12.99454
37,14,29,16.17701
37,15,16,12.78175
37,15,30,16.17701
37,16,17,19.85373
37,16,31,16.17701
37,17,18,13.43529
37,17,32,20.4053
37,18,19,12.30167
37,18,33,17.86625
37,19,20,18.98244
37,19,34,17.75257
37,20,21,19.85373
37,20,35,20.4053
37,21,22,16.6723
37,21,36,12.87712
37,22,23,23.12652
37,22,37,11.88168
37,23,24,15.63146
37,23,38,11.88168
37,24,25,15.39634
37,24,39,16.78226
37,25,26,10.0
37,25,40,12.78175
37,26,27,19.2451
37,26,41,21.60533
37,27,28,19.12686
37,27,42,11.01453
37,28,29,10.0
37,28,43,23.12652
37,29,44,21.60533
37,30,31,13.93863
37,30,45,13.93863
37,31,32,20.4053
37,31,46,23.12652
37,32,33,11.88168
37,32,47,13.93863
37,33,34,10.0
37,33,48,11.01453
37,34,35,23.12652
37,34,49,15.39634
37,35,36,16.28523
37,35,50,12.30167
37,36,37,16.78226
37,36,51,14.39951
37,37,38,14.03855
37,37,52,18.98244
37,38,39,14.03855
37,38,53,19.85373
37,39,40,17.75257
37,39,54,17.86625
37,40,41,16.04489
37,40,55,13.43529
37,41,42,17.75257
37,41,56,13.93863
37,42,43,19.2451
37,42,57,14.39951
37,43,44,12.78175
37,43,58,15.63146
37,44,59,16.78226
37,45,46,12.99454
37,45,60,11.01453
37,46,47,13.43529
37,46,61,12.87712
37,47,48,20.4053
37,47,62,17.86625
37,48,49,17.34867
37,48,63,11.01453
37,49,50,11.88168
37,49,64,16.28523
37,50,51,20.4053
37,50,65,17.75257
37,51,52,14.39951
37,51,66,23.12652
37,52,53,16.6723
37,52,67,11.01453
37,53,54,14.03855
37,53,68,12.30167
37,54,55,20.4053
37,54,69,18.45162
37,55,56,10.0
37,55,70,13.93863
37,56,57,16.78226
37,56,71,19.85373
37,57,58,15.63146
37,57,72,15.02546
37,58,59,14.92181
37,58,73,16.78226
37,59,74,12.30167
37,60,61,11.88168
37,60,75,11.88168
37,61,62,19.85373
37,61,76,15.50174
37,62,63,14.03855
37,62,77,15.39634
37,63,64,14.39951
37,63,78,18.98244
37,64,65,15.39634
37,64,79,12.78175
37,65,66,18.98244
37,65,80,19.85373
37,66,67,16.04489
37,66,81,11.01453
37,67,68,19.85373
37,67,82,16.6723
37,68,69,16.28523
37,68,83,20.4053
37,69,70,11.88168
37,69,84,13.43529
37,70,71,13.93863
37,70,85,10.0
37,71,72,15.02546
37,71,86,12.78175
37,72,73,21.60533
37,72,87,16.28523
37,73,74,17.75257
37,73,88,16.17701
37,74,89,16.6723
37,75,76,15.39634
37,75,90,12.99454
37,76,77,17.75257
37,76,91,16.6723
37,77,78,12.30167
37,77,92,18.98244
37,78,79,13.43529
37,78,93,15.63146
37,79,80,15.63146
37,79,94,23.12652
37,80,81,16.28523
37,80,95,16.78226
37,81,82,18.98244
37,81,96,12.99454
37,82,83,15.02546
37,82,97,18.98244
37,83,84,12.30167
37,83,98,13.93863
37,84,85,19.2451
37,84,99,17.75257
37,85,86,12.99454
37,85,100,11.01453
37,86,87,16.04489
37,86,101,18.45162
37,87,88,13.43529
37,87,102,17.75257
37,88,89,11.88168
37,88,103,15.02546
37,89,104,19.2451
37,90,91,16.6723
37,90,105,13.43529
37,91,92,15.50174
37,91,106,16.17701
37,92,93,12.87712
37,92,107,15.63146
37,93,94,12.87712
37,93,108,12.30167
37,94,95,15.63146
37,94,109,23.12652
37,95,96,13.93863
37,95,110,15.63146
37,96,97,19.2451
37,96,111,15.50174
37,97,98,11.01453
37,97,112,14.92181
37,98,99,16.04489
37,98,113,12.78175
37,99,100,16.28523
37,99,114,21.60533
37,100,101,15.39634
37,100,115,12.78175
37,101,102,16.04489
37,101,116,14.03855
37,102,103,20.4053
37,102,117,16.17701
37,103,104,13.43529
37,103,118,21.60533
37,104,119,15.02546
37,105,106,19.2451
37,105,120,10.0
37,106,107,15.63146
37,106,121,12.30167
37,107,108,16.6723
37,107,122,17.75257
37,108,109,17.34867
37,108,123,17.75257
37,109,110,14.39951
37,109,124,14.92181
37,110,111,17.86625
37,110,125,17.75257
37,111,112,16.78226
37,111,126,16.17701
37,112,113,15.39634
37,112,127,17.75257
37,113,114,11.88168
37,113,128,19.12686
37,114,115,16.28523
37,114,129,15.39634
37,115,116,16.04489
37,115,130,15.63146
37,116,117,12.99454
37,116,131,19.85373
37,117,118,15.02546
37,117,132,14.03855
37,118,119,17.86625
37,118,133,15.50174
37,119,134,10.0
37,120,121,16.28523
37,120,135,16.6723
37,121,122,16.28523
37,121,136,12.78175
37,122,123,17.34867
37,122,137,15.50174
37,123,124,13.43529
37,123,138,15.02546
37,124,125,10.0
37,124,139,19.2451
37,125,126,15.63146
37,125,140,15.39634
37,126,127,19.12686
37,126,141,17.34867
37,127,128,13.43529
37,127,142,18.45162
37,128,129,14.92181
37,128,143,17.86625
37,129,130,19.12686
37,129,144,20.4053
37,130,131,11.01453
37,130,145,16.28523
37,131,132,11.01453
37,131,146,16.17701
37,132,133,15.50174
37,132,147,12.30167
37,133,134,13.43529
37,133,148,11.01453
37,134,149,18.45162
37,135,136,13.43529
37,135,150,10.0
37,136,137,16.28523
37,136,151,10.0
37,137,138,16.28523
37,137,152,19.85373
37,138,139,15.39634
37,138,153,21.60533
37,139,140,23.12652
37,139,154,10.0
37,140,141,23.12652
37,140,155,15.50174
37,141,142,17.34867
37,141,156,12.99454
37,142,143,19.12686
37,142,157,19.12686
37,143,144,17.75257
37,143,158,20.4053
37,144,145,15.39634
37,144,159,18.45162
37,145,146,13.43529
37,145,160,23.12652
37,146,147,16.6723
37,146,161,16.04489
37,147,148,15.02546
37,147,162,14.39951
37,148,149,17.86625
37,148,163,16.6723
37,149,164,14.92181
37,150,151,12.99454
37,150,165,18.45162
37,151,152,12.78175
37,151,166,12.99454
37,152,153,13.93863
37,152,167,23.12652
37,153,154,19.2451
37,153,168,11.88168
37,154,155,15.63146
37,154,169,19.12686
37,155,156,15.39634
37,155,170,17.86625
37,156,157,13.43529
37,156,171,19.12686
37,157,158,16.04489
37,157,172,19.12686
37,158,159,15.02546
37,158,173,17.34867
37,159,160,23.12652
37,159,174,16.78226
37,160,161,10.0
37,160,175,12.87712
37,161,162,16.17701
37,161,176,19.85373
37,162,163,14.92181
37,162,177,15.02546
37,163,164,10.0
37,163,178,13.93863
37,164,179,15.39634
37,165,166,14.92181
37,165,180,11.88168
37,166,167,15.50174
37,166,181,20.4053
37,167,168,20.4053
37,167,182,12.99454
37,168,169,15.50174
37,168,183,19.85373
37,169,170,17.86625
37,169,184,13.43529
37,170,171,19.12686
37,170,185,23.12652
37,171,172,19.2451
37,171,186,20.4053
37,172,173,20.4053
37,172,187,16.78226
37,173,174,21.60533
37,173,188,23.12652
37,174,175,11.88168
37,174,189,17.34867
37,175,176,15.50174
37,175,190,15.63146
37,176,177,18.45162
37,176,191,17.86625
37,177,178,16.04489
37,177,192,15.50174
37,178,179,13.43529
37,178,193,13.93863
37,179,194,19.12686
37,180,181,11.01453
37,180,195,18.45162
37,181,182,15.50174
37,181,196,18.98244
37,182,183,16.17701
37,182,197,12.30167
37,183,184,15.50174
37,183,198,18.45162
37,184,185,18.45162
37,184,199,12.99454
37,185,186,14.39951
37,185,200,17.34867
37,186,187,10.0
37,186,201,18.98244
37,187,188,18.45162
37,187,202,15.63146
37,188,189,13.93863
37,188,203,11.01453
37,189,190,18.98244
37,189,204,13.43529
37,190,191,10.0
37,190,205,19.85373
37,191,192,19.12686
37,191,206,14.92181
37,192,193,21.60533
37,192,207,15.39634
37,193,194,15.02546
37,193,208,15.50174
37,194,209,14.39951
37,195,196,21.60533
37,195,210,14.92181
37,196,197,14.92181
37,196,211,15.39634
37,197,198,15.50174
37,197,212,14.92181
37,198,199,19.2451
37,198,213,21.60533
37,199,200,11.01453
37,199,214,17.86625
37,200,201,15.50174
37,200,215,16.28523
37,201,202,12.87712
37,201,216,18.98244
37,202,203,11.01453
37,202,217,11.01453
37,203,204,12.78175
37,203,218,19.12686
37,204,205,15.39634
37,204,219,16.6723
37,205,206,14.03855
37,205,220,18.98244
37,206,207,13.93863
37,206,221,11.88168
37,207,208,19.85373
37,207,222,14.39951
37,208,209,19.2451
37,208,223,18.98244
37,209,224,17.86625
37,210,211,18.45162
37,211,212,19.2451
37,212,213,17.34867
37,213,214,21.60533
37,214,215,18.45162
37,215,216,17.34867
37,216,217,18.98244
37,217,218,14.03855
37,218,219,12.78175
37,219,220,15.63146
37,220,221,14.92181
37,221,222,18.45162
37,222,223,16.6723
37,223,224,16.17701
38,0,1,7.79592
38,0,15,11.01453
38,1,2,3.88223
38,1,16,13.30631
38,2,3,3.88223
38,2,17,6.08678
38,3,4,7.27022
38,3,18,6.85623
38,4,5,7.27022
38,4,19,10.0
38,5,6,14.48806
38,5,20,10.0
38,6,7,6.08678
38,6,21,7.27022
38,7,8,10.70281
38,7,22,5.66811
38,8,9,9.70462
38,8,23,7.52129
38,9,10,11.30245
38,9,24,12.38602
38,10,11,14.48806
38,10,25,11.40895
38,11,12,6.85623
38,11,26,5.66811
38,12,13,10.0
38,12,27,11.01453
38,13,14,5.66811
38,13,28,6.08678
38,14,29,8.63651
38,15,16,13.30631
38,15,30,8.63651
38,16,17,9.57318
38,16,31,8.63651
38,17,18,4.98404
38,17,32,8.1215
38,18,19,6.96495
38,18,33,6.32967
38,19,20,10.70281
38,19,34,8.03346
38,20,21,9.57318
38,20,35,8.1215
38,21,22,7.27022
38,21,36,11.01453
38,22,23,6.61843
38,22,37,8.29923
38,23,24,3.88223
38,23,38,8.29923
38,24,25,9.70462
38,24,39,5.66811
38,25,26,10.0
38,25,40,13.30631
38,26,27,4.46812
38,26,41,8.93347
38,27,28,5.86533
38,27,42,7.52129
38,28,29,10.0
38,28,43,6.61843
38,29,44,8.93347
38,30,31,10.3741
38,30,45,10.3741
38,31,32,8.1215
38,31,46,6.61843
38,32,33,8.29923
38,32,47,10.3741
38,33,34,10.0
38,33,48,7.52129
38,34,35,6.61843
38,34,49,9.70462
38,35,36,6.85623
38,35,50,6.96495
38,36,37,5.66811
38,36,51,5.59688
38,37,38,8.38891
38,37,52,10.70281
38,38,39,8.38891
38,38,53,9.57318
38,39,40,8.03346
38,39,54,6.32967
38,40,41,14.48806
38,40,55,4.98404
38,41,42,8.03346
38,41,56,10.3741
38,42,43,4.46812
38,42,57,5.59688
38,43,44,13.30631
38,43,58,3.88223
38,44,59,5.66811
38,45,46,6.08678
38,45,60,7.52129
38,46,47,4.98404
38,46,61,11.01453
38,47,48,8.1215
38,47,62,6.32967
38,48,49,11.40895
38,48,63,7.52129
38,49,50,8.29923
38,49,64,6.85623
38,50,51,8.1215
38,50,65,8.03346
38,51,52,5.59688
38,51,66,6.61843
38,52,53,7.27022
38,52,67,7.52129
38,53,54,8.38891
38,53,68,6.96495
38,54,55,8.1215
38,54,69,12.38602
38,55,56,10.0
38,55,70,10.3741
38,56,57,5.66811
38,56,71,9.57318
38,57,58,3.88223
38,57,72,9.21558
38,58,59,11.30245
38,58,73,5.66811
38,59,74,6.96495
38,60,61,8.29923
38,60,75,8.29923
38,61,62,9.57318
38,61,76,7.79592
38,62,63,8.38891
38,62,77,9.70462
38,63,64,5.59688
38,63,78,10.70281
38,64,65,9.70462
38,64,79,13.30631
38,65,66,10.70281
38,65,80,9.57318
38,66,67,14.48806
38,66,81,7.52129
38,67,68,9.57318
38,67,82,7.27022
38,68,69,6.85623
38,68,83,8.1215
38,69,70,8.29923
38,69,84,4.98404
38,70,71,10.3741
38,70,85,10.0
38,71,72,9.21558
38,71,86,13.30631
38,72,73,8.93347
38,72,87,6.85623
38,73,74,8.03346
38,73,88,8.63651
38,74,89,7.27022
38,75,76,9.70462
38,75,90,6.08678
38,76,77,8.03346
38,76,91,7.27022
38,77,78,6.96495
38,77,92,10.70281
38,78,79,4.98404
38,78,93,3.88223
38,79,80,3.88223
38,79,94,6.61843
38,80,81,6.85623
38,80,95,5.66811
38,81,82,10.70281
38,81,96,6.08678
38,82,83,9.21558
38,82,97,10.70281
38,83,84,6.96495
38,83,98,10.3741
38,84,85,4.46812
38,84,99,8.03346
38,85,86,6.08678
38,85,100,7.52129
38,86,87,14.48806
38,86,101,12.38602
38,87,88,4.98404
38,87,102,8.03346
38,88,89,8.29923
38,88,103,9.21558
38,89,104,4.46812
38,90,91,7.27022
38,90,105,4.98404
38,91,92,7.79592
38,91,106,8.63651
38,92,93,11.01453
38,92,107,3.88223
38,93,94,11.01453
38,93,108,6.96495
38,94,95,3.88223
38,94,109,6.61843
38,95,96,10.3741
38,95,110,3.88223
38,96,97,4.46812
38,96,111,7.79592
38,97,98,7.52129
38,97,112,11.30245
38,98,99,14.48806
38,98,113,13.30631
38,99,100,6.85623
38,99,114,8.93347
38,100,101,9.70462
38,100,115,13.30631
38,101,102,14.48806
38,101,116,8.38891
38,102,103,8.1215
38,102,117,8.63651
38,103,104,4.98404
38,103,118,8.93347
38,104,119,9.21558
38,105,106,4.46812
38,105,120,10.0
38,106,107,3.88223
38,106,121,6.96495
38,107,108,7.27022
38,107,122,8.03346
38,108,109,11.40895
38,108,123,8.03346
38,109,110,5.59688
38,109,124,11.30245
38,110,111,6.32967
38,110,125,8.03346
38,111,112,5.66811
38,111,126,8.63651
38,112,113,9.70462
38,112,127,8.03346
38,113,114,8.29923
38,113,128,5.86533
38,114,115,6.85623
38,114,129,9.70462
38,115,116,14.48806
38,115,130,3.88223
38,116,117,6.08678
38,116,131,9.57318
38,117,118,9.21558
38,117,132,8.38891
38,118,119,6.32967
38,118,133,7.79592
38,119,134,10.0
38,120,121,6.85623
38,120,135,7.27022
38,121,122,6.85623
38,121,136,13.30631
38,122,123,11.40895
38,122,137,7.79592
38,123,124,4.98404
38,123,138,9.21558
38,124,125,10.0
38,124,139,4.46812
38,125,126,3.88223
38,125,140,9.70462
38,126,127,5.86533
38,126,141,11.40895
38,127,128,4.98404
38,127,142,12.38602
38,128,129,11.30245
38,128,143,6.32967
38,129,130,5.86533
38,129,144,8.1215
38,130,131,7.52129
38,130,145,6.85623
38,131,132,7.52129
38,131,146,8.63651
38,132,133,7.79592
38,132,147,6.96495
38,133,134,4.98404
38,133,148,7.52129
38,134,149,12.38602
38,135,136,4.98404
38,135,150,10.0
38,136,137,6.85623
38,136,151,10.0
38,137,138,6.85623
38,137,152,9.57318
38,138,139,9.70462
38,138,153,8.93347
38,139,140,6.61843
38,139,154,10.0
38,140,141,6.61843
38,140,155,7.79592
38,141,142,11.40895
38,141,156,6.08678
38,142,143,5.86533
38,142,157,5.86533
38,143,144,8.03346
38,143,158,8.1215
38,144,145,9.70462
38,144,159,12.38602
38,145,146,4.98404
38,145,160,6.61843
38,146,147,7.27022
38,146,161,14.48806
38,147,148,9.21558
38,147,162,5.59688
38,148,149,6.32967
38,148,163,7.27022
38,149,164,11.30245
38,150,151,6.08678
38,150,165,12.38602
38,151,152,13.30631
38,151,166,6.08678
38,152,153,10.3741
38,152,167,6.61843
38,153,154,4.46812
38,153,168,8.29923
38,154,155,3.88223
38,154,169,5.86533
38,155,156,9.70462
38,155,170,6.32967
38,156,157,4.98404
38,156,171,5.86533
38,157,158,14.48806
38,157,172,5.86533
38,158,159,9.21558
38,158,173,11.40895
38,159,160,6.61843
38,159,174,5.66811
38,160,161,10.0
38,160,175,11.01453
38,161,162,8.63651
38,161,176,9.57318
38,162,163,11.30245
38,162,177,9.21558
38,163,164,10.0
38,163,178,10.3741
38,164,179,9.70462
38,165,166,11.30245
38,165,180,8.29923
38,166,167,7.79592
38,166,181,8.1215
38,167,168,8.1215
38,167,182,6.08678
38,168,169,7.79592
38,168,183,9.57318
38,169,170,6.32967
38,169,184,4.98404
38,170,171,5.86533
38,170,185,6.61843
38,171,172,4.46812
38,171,186,8.1215
38,172,173,8.1215
38,172,187,5.66811
38,173,174,8.93347
38,173,188,6.61843
38,174,175,8.29923
38,174,189,11.40895
38,175,176,7.79592
38,175,190,3.88223
38,176,177,12.38602
38,176,191,6.32967
38,177,178,14.48806
38,177,192,7.79592
38,178,179,4.98404
38,178,193,10.3741
38,179,194,5.86533
38,180,181,7.52129
38,180,195,12.38602
38,181,182,7.79592
38,181,196,10.70281
38,182,183,8.63651
38,182,197,6.96495
38,183,184,7.79592
38,183,198,12.38602
38,184,185,12.38602
38,184,199,6.08678
38,185,186,5.59688
38,185,200,11.40895
38,186,187,10.0
38,186,201,10.70281
38,187,188,12.38602
38,187,202,3.88223
38,188,189,10.3741
38,188,203,7.52129
38,189,190,10.70281
38,189,204,4.98404
38,190,191,10.0
38,190,205,9.57318
38,191,192,5.86533
38,191,206,11.30245
38,192,193,8.93347
38,192,207,9.70462
38,193,194,9.21558
38,193,208,7.79592
38,194,209,5.59688
38,195,196,8.93347
38,195,210,11.30245
38,196,197,11.30245
38,196,211,9.70462
38,197,198,7.79592
38,197,212,11.30245
38,198,199,4.46812
38,198,213,8.93347
38,199,200,7.52129
38,199,214,6.32967
38,200,201,7.79592
38,200,215,6.85623
38,201,202,11.01453
38,201,216,10.70281
38,202,203,7.52129
38,202,217,7.52129
38,203,204,13.30631
38,203,218,5.86533
38,204,205,9.70462
38,204,219,7.27022
38,205,206,8.38891
38,205,220,10.70281
38,206,207,10.3741
38,206,221,8.29923
38,207,208,9.57318
38,207,222,5.59688
38,208,209,4.46812
38,208,223,10.70281
38,209,224,6.32967
38,210,211,12.38602
38,211,212,4.46812
38,212,213,11.40895
38,213,214,8.93347
38,214,215,12.38602
38,215,216,11.40895
38,216,217,10.70281
38,217,218,8.38891
38,218,219,13.30631
38,219,220,3.88223
38,220,221,11.30245
38,221,222,12.38602
38,222,223,7.27022
38,223,224,8.63651
39,0,1,8.86309
39,0,15,11.72879
39,1,2,11.19079
39,1,16,11.64984
39,2,3,11.19079
39,2,17,14.42244
39,3,4,9.80519
39,3,18,16.51689
39,4,5,9.80519
39,4,19,10.0
39,5,6,13.52376
39,5,20,10.0
39,6,7,14.42244
39,6,21,9.80519
39,7,8,10.40974
39,7,22,9.87699
39,8,9,8.79552
39,8,23,11.08258
39,9,10,15.07575
39,9,24,17.21874
39,10,11,13.52376
39,10,25,14.79528
39,11,12,16.51689
39,11,26,9.87699
39,12,13,10.0
39,12,27,11.72879
39,13,14,9.87699
39,13,28,14.42244
39,14,29,16.42191
39,15,16,11.64984
39,15,30,16.42191
39,16,17,18.66149
39,16,31,16.42191
39,17,18,8.31132
39,17,32,11.51599
39,18,19,7.394
39,18,33,11.84041
39,19,20,10.40974
39,19,34,11.76104
39,20,21,18.66149
39,20,35,11.51599
39,21,22,9.80519
39,21,36,11.72879
39,22,23,14.92181
39,22,37,13.16864
39,23,24,11.19079
39,23,38,13.16864
39,24,25,8.79552
39,24,39,9.87699
39,25,26,10.0
39,25,40,11.64984
39,26,27,13.02554
39,26,41,13.64433
39,27,28,12.94194
39,27,42,11.08258
39,28,29,10.0
39,28,43,14.92181
39,29,44,13.64433
39,30,31,12.82477
39,30,45,12.82477
39,31,32,11.51599
39,31,46,14.92181
39,32,33,13.16864
39,32,47,12.82477
39,33,34,10.0
39,33,48,11.08258
39,34,35,14.92181
39,34,49,8.79552
39,35,36,16.51689
39,35,50,7.394
39,36,37,9.87699
39,36,51,10.10225
39,37,38,12.90796
39,37,52,10.40974
39,38,39,12.90796
39,38,53,18.66149
39,39,40,11.76104
39,39,54,11.84041
39,40,41,13.52376
39,40,55,8.31132
39,41,42,11.76104
39,41,56,12.82477
39,42,43,13.02554
39,42,57,10.10225
39,43,44,11.64984
39,43,58,11.19079
39,44,59,9.87699
39,45,46,14.42244
39,45,60,11.08258
39,46,47,8.31132
39,46,61,11.72879
39,47,48,11.51599
39,47,62,11.84041
39,48,49,14.79528
39,48,63,11.08258
39,49,50,13.16864
39,49,64,16.51689
39,50,51,11.51599
39,50,65,11.76104
39,51,52,10.10225
39,51,66,14.92181
39,52,53,9.80519
39,52,67,11.08258
39,53,54,12.90796
39,53,68,7.394
39,54,55,11.51599
39,54,69,17.21874
39,55,56,10.0
39,55,70,12.82477
39,56,57,9.87699
39,56,71,18.66149
39,57,58,11.19079
39,57,72,15.1665
39,58,59,15.07575
39,58,73,9.87699
39,59,74,7.394
39,60,61,13.16864
39,60,75,13.16864
39,61,62,18.66149
39,61,76,8.86309
39,62,63,12.90796
39,62,77,8.79552
39,63,64,10.10225
39,63,78,10.40974
39,64,65,8.79552
39,64,79,11.64984
39,65,66,10.40974
39,65,80,18.66149
39,66,67,13.52376
39,66,81,11.08258
39,67,68,18.66149
39,67,82,9.80519
39,68,69,16.51689
39,68,83,11.51599
39,69,70,13.16864
39,69,84,8.31132
39,70,71,12.82477
39,70,85,10.0
39,71,72,15.1665
39,71,86,11.64984
39,72,73,13.64433
39,72,87,16.51689
39,73,74,11.76104
39,73,88,16.42191
39,74,89,9.80519
39,75,76,8.79552
39,75,90,14.42244
39,76,77,11.76104
39,76,91,9.80519
39,77,78,7.394
39,77,92,10.40974
39,78,79,8.31132
39,78,93,11.19079
39,79,80,11.19079
39,79,94,14.92181
39,80,81,16.51689
39,80,95,9.87699
39,81,82,10.40974
39,81,96,14.42244
39,82,83,15.1665
39,82,97,10.40974
39,83,84,7.394
39,83,98,12.82477
39,84,85,13.02554
39,84,99,11.76104
39,85,86,14.42244
39,85,100,11.08258
39,86,87,13.52376
39,86,101,17.21874
39,87,88,8.31132
39,87,102,11.76104
39,88,89,13.16864
39,88,103,15.1665
39,89,104,13.02554
39,90,91,9.80519
39,90,105,8.31132
39,91,92,8.86309
39,91,106,16.42191
39,92,93,11.72879
39,92,107,11.19079
39,93,94,11.72879
39,93,108,7.394
39,94,95,11.19079
39,94,109,14.92181
39,95,96,12.82477
39,95,110,11.19079
39,96,97,13.02554
39,96,111,8.86309
39,97,98,11.08258
39,97,112,15.07575
39,98,99,13.52376
39,98,113,11.64984
39,99,100,16.51689
39,99,114,13.64433
39,100,101,8.79552
39,100,115,11.64984
39,101,102,13.52376
39,101,116,12.90796
39,102,103,11.51599
39,102,117,16.42191
39,103,104,8.31132
39,103,118,13.64433
39,104,119,15.1665
39,105,106,13.02554
39,105,120,10.0
39,106,107,11.19079
39,106,121,7.394
39,107,108,9.80519
39,107,122,11.76104
39,108,109,14.79528
39,108,123,11.76104
39,109,110,10.10225
39,109,124,15.07575
39,110,111,11.84041
39,110,125,11.76104
39,111,112,9.87699
39,111,126,16.42191
39,112,113,8.79552
39,112,127,11.76104
39,113,114,13.16864
39,113,128,12.94194
39,114,115,16.51689
39,114,129,8.79552
39,115,116,13.52376
39,115,130,11.19079
39,116,117,14.42244
39,116,131,18.66149
39,117,118,15.1665
39,117,132,12.90796
39,118,119,11.84041
39,118,133,8.86309
39,119,134,10.0
39,120,121,16.51689
39,120,135,9.80519
39,121,122,16.51689
39,121,136,11.64984
39,122,123,14.79528
39,122,137,8.86309
39,123,124,8.31132
39,123,138,15.1665
39,124,125,10.0
39,124,139,13.02554
39,125,126,11.19079
39,125,140,8.79552
39,126,127,12.94194
39,126,141,14.79528
39,127,128,8.31132
39,127,142,17.21874
39,128,129,15.07575
39,128,143,11.84041
39,129,130,12.94194
39,129,144,11.51599
39,130,131,11.08258
39,130,145,16.51689
39,131,132,11.08258
39,131,146,16.42191
39,132,133,8.86309
39,132,147,7.394
39,133,134,8.31132
39,133,148,11.08258
39,134,149,17.21874
39,135,136,8.31132
39,135,150,10.0
39,136,137,16.51689
39,136,151,10.0
39,137,138,16.51689
39,137,152,18.66149
39,138,139,8.79552
39,138,153,13.64433
39,139,140,14.92181
39,139,154,10.0
39,140,141,14.92181
39,140,155,8.86309
39,141,142,14.79528
39,141,156,14.42244
39,142,143,12.94194
39,142,157,12.94194
39,143,144,11.76104
39,143,158,11.51599
39,144,145,8.79552
39,144,159,17.21874
39,145,146,8.31132
39,145,160,14.92181
39,146,147,9.80519
39,146,161,13.52376
39,147,148,15.1665
39,147,162,10.10225
39,148,149,11.84041
39,148,163,9.80519
39,149,164,15.07575
39,150,151,14.42244
39,150,165,17.21874
39,151,152,11.64984
39,151,166,14.42244
39,152,153,12.82477
39,152,167,14.92181
39,153,154,13.02554
39,153,168,13.16864
39,154,155,11.19079
39,154,169,12.94194
39,155,156,8.79552
39,155,170,11.84041
39,156,157,8.31132
39,156,171,12.94194
39,157,158,13.52376
39,157,172,12.94194
39,158,159,15.1665
39,158,173,14.79528
39,159,160,14.92181
39,159,174,9.87699
39,160,161,10.0
39,160,175,11.72879
39,161,162,16.42191
39,161,176,18.66149
39,162,163,15.07575
39,162,177,15.1665
39,163,164,10.0
39,163,178,12.82477
39,164,179,8.79552
39,165,166,15.07575
39,165,180,13.16864
39,166,167,8.86309
39,166,181,11.51599
39,167,168,11.51599
39,167,182,14.42244
39,168,169,8.86309
39,168,183,18.66149
39,169,170,11.84041
39,169,184,8.31132
39,170,171,12.94194
39,170,185,14.92181
39,171,172,13.02554
39,171,186,11.51599
39,172,173,11.51599
39,172,187,9.87699
39,173,174,13.64433
39,173,188,14.92181
39,174,175,13.16864
39,174,189,14.79528
39,175,176,8.86309
39,175,190,11.19079
39,176,177,17.21874
39,176,191,11.84041
39,177,178,13.52376
39,177,192,8.86309
39,178,179,8.31132
39,178,193,12.82477
39,179,194,12.94194
39,180,181,11.08258
39,180,195,17.21874
39,181,182,8.86309
39,181,196,10.40974
39,182,183,16.42191
39,182,197,7.394
39,183,184,8.86309
39,183,198,17.21874
39,184,185,17.21874
39,184,199,14.42244
39,185,186,10.10225
39,185,200,14.79528
39,186,187,10.0
39,186,201,10.40974
39,187,188,17.21874
39,187,202,11.19079
39,188,189,12.82477
39,188,203,11.08258
39,189,190,10.40974
39,189,204,8.31132
39,190,191,10.0
39,190,205,18.66149
39,191,192,12.94194
39,191,206,15.07575
39,192,193,13.64433
39,192,207,8.79552
39,193,194,15.1665
39,193,208,8.86309
39,194,209,10.10225
39,195,196,13.64433
39,195,210,15.07575
39,196,197,15.07575
39,196,211,8.79552
39,197,198,8.86309
39,197,212,15.07575
39,198,199,13.02554
39,198,213,13.64433
39,199,200,11.08258
39,199,214,11.84041
39,200,201,8.86309
39,200,215,16.51689
39,201,202,11.72879
39,201,216,10.40974
39,202,203,11.08258
39,202,217,11.08258
39,203,204,11.64984
39,203,218,12.94194
39,204,205,8.79552
39,204,219,9.80519
39,205,206,12.90796
39,205,220,10.40974
39,206,207,12.82477
39,206,221,13.16864
39,207,208,18.66149
39,207,222,10.10225
39,208,209,13.02554
39,208,223,10.40974
39,209,224,11.84041
39,210,211,17.21874
39,211,212,13.02554
39,212,213,14.79528
39,213,214,13.64433
39,214,215,17.21874
39,215,216,14.79528
39,216,217,10.40974
39,217,218,12.90796
39,218,219,11.64984
39,219,220,11.19079
39,220,221,15.07575
39,221,222,17.21874
39,222,223,9.80519
39,223,224,16.42191
40,0,1,12.96977
40,0,15,13.64433
40,1,2,15.11605
40,1,16,13.31572
40,2,3,15.11605
40,2,17,15.84779
40,3,4,18.07627
40,3,18,20.44078
40,4,5,18.07627
40,4,19,10.0
40,5,6,17.52636
40,5,20,10.0
40,6,7,15.84779
40,6,21,18.07627
40,7,8,16.75385
40,7,22,18.46283
40,8,9,12.65011
40,8,23,14.83185
40,9,10,14.27539
40,9,24,18.63519
40,10,11,17.52636
40,10,25,23.89031
40,11,12,20.44078
40,11,26,18.46283
40,12,13,10.0
40,12,27,13.64433
40,13,14,18.46283
40,13,28,15.84779
40,14,29,20.0328
40,15,16,13.31572
40,15,30,20.0328
40,16,17,25.1921
40,16,31,20.0328
40,17,18,14.1259
40,17,32,22.97951
40,18,19,9.43234
40,18,33,13.91611
40,19,20,16.75385
40,19,34,13.58397
40,20,21,25.1921
40,20,35,22.97951
40,21,22,18.07627
40,21,36,13.64433
40,22,23,24.2555
40,22,37,10.82298
40,23,24,15.11605
40,23,38,10.82298
40,24,25,12.65011
40,24,39,18.46283
40,25,26,10.0
40,25,40,13.31572
40,26,27,19.60213
40,26,41,17.83687
40,27,28,19.2031
40,27,42,14.83185
40,28,29,10.0
40,28,43,24.2555
40,29,44,17.83687
40,30,31,18.88018
40,30,45,18.88018
40,31,32,22.97951
40,31,46,24.2555
40,32,33,10.82298
40,32,47,18.88018
40,33,34,10.0
40,33,48,14.83185
40,34,35,24.2555
40,34,49,12.65011
40,35,36,20.44078
40,35,50,9.43234
40,36,37,18.46283
40,36,51,10.22952
40,37,38,19.27568
40,37,52,16.75385
40,38,39,19.27568
40,38,53,25.1921
40,39,40,13.58397
40,39,54,13.91611
40,40,41,17.52636
40,40,55,14.1259
40,41,42,13.58397
40,41,56,18.88018
40,42,43,19.60213
40,42,57,10.22952
40,43,44,13.31572
40,43,58,15.11605
40,44,59,18.46283
40,45,46,15.84779
40,45,60,14.83185
40,46,47,14.1259
40,46,61,13.64433
40,47,48,22.97951
40,47,62,13.91611
40,48,49,23.89031
40,48,63,14.83185
40,49,50,10.82298
40,49,64,20.44078
40,50,51,22.97951
40,50,65,13.58397
40,51,52,10.22952
40,51,66,24.2555
40,52,53,18.07627
40,52,67,14.83185
40,53,54,19.27568
40,53,68,9.43234
40,54,55,22.97951
40,54,69,18.63519
40,55,56,10.0
40,55,70,18.88018
40,56,57,18.46283
40,56,71,25.1921
40,57,58,15.11605
40,57,72,14.61647
40,58,59,14.27539
40,58,73,18.46283
40,59,74,9.43234
40,60,61,10.82298
40,60,75,10.82298
40,61,62,25.1921
40,61,76,12.96977
40,62,63,19.27568
40,62,77,12.65011
40,63,64,10.22952
40,63,78,16.75385
40,64,65,12.65011
40,64,79,13.31572
40,65,66,16.75385
40,65,80,25.1921
40,66,67,17.52636
40,66,81,14.83185
40,67,68,25.1921
40,67,82,18.07627
40,68,69,20.44078
40,68,83,22.97951
40,69,70,10.82298
40,69,84,14.1259
40,70,71,18.88018
40,70,85,10.0
40,71,72,14.61647
40,71,86,13.31572
40,72,73,17.83687
40,72,87,20.44078
40,73,74,13.58397
40,73,88,20.0328
40,74,89,18.07627
40,75,76,12.65011
40,75,90,15.84779
40,76,77,13.58397
40,76,91,18.07627
40,77,78,9.43234
40,77,92,16.75385
40,78,79,14.1259
40,78,93,15.11605
40,79,80,15.11605
40,79,94,24.2555
40,80,81,20.44078
40,80,95,18.46283
40,81,82,16.75385
40,81,96,15.84779
40,82,83,14.61647
40,82,97,16.75385
40,83,84,9.43234
40,83,98,18.88018
40,84,85,19.60213
40,84,99,13.58397
40,85,86,15.84779
40,85,100,14.83185
40,86,87,17.52636
40,86,101,18.63519
40,87,88,14.1259
40,87,102,13.58397
40,88,89,10.82298
40,88,103,14.61647
40,89,104,19.60213
40,90,91,18.07627
40,90,105,14.1259
40,91,92,12.96977
40,91,106,20.0328
40,92,93,13.64433
40,92,107,15.11605
40,93,94,13.64433
40,93,108,9.43234
40,94,95,15.11605
40,94,109,24.2555
40,95,96,18.88018
40,95,110,15.11605
40,96,97,19.60213
40,96,111,12.96977
40,97,98,14.83185
40,97,112,14.27539
40,98,99,17.52636
40,98,113,13.31572
40,99,100,20.44078
40,99,114,17.83687
40,100,101,12.65011
40,100,115,13.31572
40,101,102,17.52636
40,101,116,19.27568
40,102,103,22.97951
40,102,117,20.0328
40,103,104,14.1259
40,103,118,17.83687
40,104,119,14.61647
40,105,106,19.60213
40,105,120,10.0
40,106,107,15.11605
40,106,121,9.43234
40,107,108,18.07627
40,107,122,13.58397
40,108,109,23.89031
40,108,123,13.58397
40,109,110,10.22952
40,109,124,14.27539
40,110,111,13.91611
40,110,125,13.58397
40,111,112,18.46283
40,111,126,20.0328
40,112,113,12.65011
40,112,127,13.58397
40,113,114,10.82298
40,113,128,19.2031
40,114,115,20.44078
40,114,129,12.65011
40,115,116,17.52636
40,115,130,15.11605
40,116,117,15.84779
40,116,131,25.1921
40,117,118,14.61647
40,117,132,19.27568
40,118,119,13.91611
40,118,133,12.96977
40,119,134,10.0
40,120,121,20.44078
40,120,135,18.07627
40,121,122,20.44078
40,121,136,13.31572
40,122,123,23.89031
40,122,137,12.96977
40,123,124,14.1259
40,123,138,14.61647
40,124,125,10.0
40,124,139,19.60213
40,125,126,15.11605
40,125,140,12.65011
40,126,127,19.2031
40,126,141,23.89031
40,127,128,14.1259
40,127,142,18.63519
40,128,129,14.27539
40,128,143,13.91611
40,129,130,19.2031
40,129,144,22.97951
40,130,131,14.83185
40,130,145,20.44078
40,131,132,14.83185
40,131,146,20.0328
40,132,133,12.96977
40,132,147,9.43234
40,133,134,14.1259
40,133,148,14.83185
40,134,149,18.63519
40,135,136,14.1259
40,135,150,10.0
40,136,137,20.44078
40,136,151,10.0
40,137,138,20.44078
40,137,152,25.1921
40,138,139,12.65011
40,138,153,17.83687
40,139,140,24.2555
40,139,154,10.0
40,140,141,24.2555
40,140,155,12.96977
40,141,142,23.89031
40,141,156,15.84779
40,142,143,19.2031
40,142,157,19.2031
40,143,144,13.58397
40,143,158,22.97951
40,144,145,12.65011
40,144,159,18.63519
40,145,146,14.1259
40,145,160,24.2555
40,146,147,18.07627
40,146,161,17.52636
40,147,148,14.61647
40,147,162,10.22952
40,148,149,13.91611
40,148,163,18.07627
40,149,164,14.27539
40,150,151,15.84779
40,150,165,18.63519
40,151,152,13.31572
40,151,166,15.84779
40,152,153,18.88018
40,152,167,24.2555
40,153,154,19.60213
40,153,168,10.82298
40,154,155,15.11605
40,154,169,19.2031
40,155,156,12.65011
40,155,170,13.91611
40,156,157,14.1259
40,156,171,19.2031
40,157,158,17.52636
40,157,172,19.2031
40,158,159,14.61647
40,158,173,23.89031
40,159,160,24.2555
40,159,174,18.46283
40,160,161,10.0
40,160,175,13.64433
40,161,162,20.0328
40,161,176,25.1921
40,162,163,14.27539
40,162,177,14.61647
40,163,164,10.0
40,163,178,18.88018
40,164,179,12.65011
40,165,166,14.27539
40,165,180,10.82298
40,166,167,12.96977
40,166,181,22.97951
40,167,168,22.97951
40,167,182,15.84779
40,168,169,12.96977
40,168,183,25.1921
40,169,170,13.91611
40,169,184,14.1259
40,170,171,19.2031
40,170,185,24.2555
40,171,172,19.60213
40,171,186,22.97951
40,172,173,22.97951
40,172,187,18.46283
40,173,174,17.83687
40,173,188,24.2555
40,174,175,10.82298
40,174,189,23.89031
40,175,176,12.96977
40,175,190,15.11605
40,176,177,18.63519
40,176,191,13.91611
40,177,178,17.52636
40,177,192,12.96977
40,178,179,14.1259
40,178,193,18.88018
40,179,194,19.2031
40,180,181,14.83185
40,180,195,18.63519
40,181,182,12.96977
40,181,196,16.75385
40,182,183,20.0328
40,182,197,9.43234
40,183,184,12.96977
40,183,198,18.63519
40,184,185,18.63519
40,184,199,15.84779
40,185,186,10.22952
40,185,200,23.89031
40,186,187,10.0
40,186,201,16.75385
40,187,188,18.63519
40,187,202,15.11605
40,188,189,18.88018
40,188,203,14.83185
40,189,190,16.75385
40,189,204,14.1259
40,190,191,10.0
40,190,205,25.1921
40,191,192,19.2031
40,191,206,14.27539
40,192,193,17.83687
40,192,207,12.65011
40,193,194,14.61647
40,193,208,12.96977
40,194,209,10.22952
40,195,196,17.83687
40,195,210,14.27539
40,196,197,14.27539
40,196,211,12.65011
40,197,198,12.96977
40,197,212,14.27539
40,198,199,19.60213
40,198,213,17.83687
40,199,200,14.83185
40,199,214,13.91611
40,200,201,12.96977
40,200,215,20.44078
40,201,202,13.64433
40,201,216,16.75385
40,202,203,14.83185
40,202,217,14.83185
40,203,204,13.31572
40,203,218,19.2031
40,204,205,12.65011
40,204,219,18.07627
40,205,206,19.27568
40,205,220,16.75385
40,206,207,18.88018
40,206,221,10.82298
40,207,208,25.1921
40,207,222,10.22952
40,208,209,19.60213
40,208,223,16.75385
40,209,224,13.91611
40,210,211,18.63519
40,211,212,19.60213
40,212,213,23.89031
40,213,214,17.83687
40,214,215,18.63519
40,215,216,23.89031
40,216,217,16.75385
40,217,218,19.27568
40,218,219,13.31572
40,219,220,15.11605
40,220,221,14.27539
40,221,222,18.63519
40,222,223,18.07627
40,223,224,20.0328
41,0,1,14.18429
41,0,15,12.61655
41,1,2,8.72078
41,1,16,6.38972
41,2,3,8.72078
41,2,17,7.53271
41,3,4,8.65135
41,3,18,9.78662
41,4,5,8.65135
41,4,19,10.0
41,5,6,8.45226
41,5,20,10.0
41,6,7,7.53271
41,6,21,8.65135
41,7,8,9.71782
41,7,22,15.84435
41,8,9,7.47341
41,8,23,11.38011
41,9,10,3.74126
41,9,24,5.26002
41,10,11,8.45226
41,10,25,9.71254
41,11,12,9.78662
41,11,26,15.84435
41,12,13,10.0
41,12,27,12.61655
41,13,14,15.84435
41,13,28,7.53271
41,14,29,4.52498
41,15,16,6.38972
41,15,30,4.52498
41,16,17,6.22488
41,16,31,4.52498
41,17,18,12.86479
41,17,32,11.0769
41,18,19,11.38588
41,18,33,9.79192
41,19,20,9.71782
41,19,34,4.52834
41,20,21,6.22488
41,20,35,11.0769
41,21,22,8.65135
41,21,36,12.61655
41,22,23,7.29263
41,22,37,6.44802
41,23,24,8.72078
41,23,38,6.44802
41,24,25,7.47341
41,24,39,15.84435
41,25,26,10.0
41,25,40,6.38972
41,26,27,11.15656
41,26,41,6.22897
41,27,28,5.41087
41,27,42,11.38011
41,28,29,10.0
41,28,43,7.29263
41,29,44,6.22897
41,30,31,7.46886
41,30,45,7.46886
41,31,32,11.0769
41,31,46,7.29263
41,32,33,6.44802
41,32,47,7.46886
41,33,34,10.0
41,33,48,11.38011
41,34,35,7.29263
41,34,49,7.47341
41,35,36,9.78662
41,35,50,11.38588
41,36,37,15.84435
41,36,51,7.53728
41,37,38,14.1778
41,37,52,9.71782
41,38,39,14.1778
41,38,53,6.22488
41,39,40,4.52834
41,39,54,9.79192
41,40,41,8.45226
41,40,55,12.86479
41,41,42,4.52834
41,41,56,7.46886
41,42,43,11.15656
41,42,57,7.53728
41,43,44,6.38972
41,43,58,8.72078
41,44,59,15.84435
41,45,46,7.53271
41,45,60,11.38011
41,46,47,12.86479
41,46,61,12.61655
41,47,48,11.0769
41,47,62,9.79192
41,48,49,9.71254
41,48,63,11.38011
41,49,50,6.44802
41,49,64,9.78662
41,50,51,11.0769
41,50,65,4.52834
41,51,52,7.53728
41,51,66,7.29263
41,52,53,8.65135
41,52,67,11.38011
41,53,54,14.1778
41,53,68,11.38588
41,54,55,11.0769
41,54,69,5.26002
41,55,56,10.0
41,55,70,7.46886
41,56,57,15.84435
41,56,71,6.22488
41,57,58,8.72078
41,57,72,8.52079
41,58,59,3.74126
41,58,73,15.84435
41,59,74,11.38588
41,60,61,6.44802
41,60,75,6.44802
41,61,62,6.22488
41,61,76,14.18429
41,62,63,14.1778
41,62,77,7.47341
41,63,64,7.53728
41,63,78,9.71782
41,64,65,7.47341
41,64,79,6.38972
41,65,66,9.71782
41,65,80,6.22488
41,66,67,8.45226
41,66,81,11.38011
41,67,68,6.22488
41,67,82,8.65135
41,68,69,9.78662
41,68,83,11.0769
41,69,70,6.44802
41,69,84,12.86479
41,70,71,7.46886
41,70,85,10.0
41,71,72,8.52079
41,71,86,6.38972
41,72,73,6.22897
41,72,87,9.78662
41,73,74,4.52834
41,73,88,4.52498
41,74,89,8.65135
41,75,76,7.47341
41,75,90,7.53271
41,76,77,4.52834
41,76,91,8.65135
41,77,78,11.38588
41,77,92,9.71782
41,78,79,12.86479
41,78,93,8.72078
41,79,80,8.72078
41,79,94,7.29263
41,80,81,9.78662
41,80,95,15.84435
41,81,82,9.71782
41,81,96,7.53271
41,82,83,8.52079
41,82,97,9.71782
41,83,84,11.38588
41,83,98,7.46886
41,84,85,11.15656
41,84,99,4.52834
41,85,86,7.53271
41,85,100,11.38011
41,86,87,8.45226
41,86,101,5.26002
41,87,88,12.86479
41,87,102,4.52834
41,88,89,6.44802
41,88,103,8.52079
41,89,104,11.15656
41,90,91,8.65135
41,90,105,12.86479
41,91,92,14.18429
41,91,106,4.52498
41,92,93,12.61655
41,92,107,8.72078
41,93,94,12.61655
41,93,108,11.38588
41,94,95,8.72078
41,94,109,7.29263
41,95,96,7.46886
41,95,110,8.72078
41,96,97,11.15656
41,96,111,14.18429
41,97,98,11.38011
41,97,112,3.74126
41,98,99,8.45226
41,98,113,6.38972
41,99,100,9.78662
41,99,114,6.22897
41,100,101,7.47341
41,100,115,6.38972
41,101,102,8.45226
41,101,116,14.1778
41,102,103,11.0769
41,102,117,4.52498
41,103,104,12.86479
41,103,118,6.22897
41,104,119,8.52079
41,105,106,11.15656
41,105,120,10.0
41,106,107,8.72078
41,106,121,11.38588
41,107,108,8.65135
41,107,122,4.52834
41,108,109,9.71254
41,108,123,4.52834
41,109,110,7.53728
41,109,124,3.74126
41,110,111,9.79192
41,110,125,4.52834
41,111,112,15.84435
41,111,126,4.52498
41,112,113,7.47341
41,112,127,4.52834
41,113,114,6.44802
41,113,128,5.41087
41,114,115,9.78662
41,114,129,7.47341
41,115,116,8.45226
41,115,130,8.72078
41,116,117,7.53271
41,116,131,6.22488
41,117,118,8.52079
41,117,132,14.1778
41,118,119,9.79192
41,118,133,14.18429
41,119,134,10.0
41,120,121,9.78662
41,120,135,8.65135
41,121,122,9.78662
41,121,136,6.38972
41,122,123,9.71254
41,122,137,14.18429
41,123,124,12.86479
41,123,138,8.52079
41,124,125,10.0
41,124,139,11.15656
41,125,126,8.72078
41,125,140,7.47341
41,126,127,5.41087
41,126,141,9.71254
41,127,128,12.86479
41,127,142,5.26002
41,128,129,3.74126
41,128,143,9.79192
41,129,130,5.41087
41,129,144,11.0769
41,130,131,11.38011
41,130,145,9.78662
41,131,132,11.38011
41,131,146,4.52498
41,132,133,14.18429
41,132,147,11.38588
41,133,134,12.86479
41,133,148,11.38011
41,134,149,5.26002
41,135,136,12.86479
41,135,150,10.0
41,136,137,9.78662
41,136,151,10.0
41,137,138,9.78662
41,137,152,6.22488
41,138,139,7.47341
41,138,153,6.22897
41,139,140,7.29263
41,139,154,10.0
41,140,141,7.29263
41,140,155,14.18429
41,141,142,9.71254
41,141,156,7.53271
41,142,143,5.41087
41,142,157,5.41087
41,143,144,4.52834
41,143,158,11.0769
41,144,145,7.47341
41,144,159,5.26002
41,145,146,12.86479
41,145,160,7.29263
41,146,147,8.65135
41,146,161,8.45226
41,147,148,8.52079
41,147,162,7.53728
41,148,149,9.79192
41,148,163,8.65135
41,149,164,3.74126
41,150,151,7.53271
41,150,165,5.26002
41,151,152,6.38972
41,151,166,7.53271
41,152,153,7.46886
41,152,167,7.29263
41,153,154,11.15656
41,153,168,6.44802
41,154,155,8.72078
41,154,169,5.41087
41,155,156,7.47341
41,155,170,9.79192
41,156,157,12.86479
41,156,171,5.41087
41,157,158,8.45226
41,157,172,5.41087
41,158,159,8.52079
41,158,173,9.71254
41,159,160,7.29263
41,159,174,15.84435
41,160,161,10.0
41,160,175,12.61655
41,161,162,4.52498
41,161,176,6.22488
41,162,163,3.74126
41,162,177,8.52079
41,163,164,10.0
41,163,178,7.46886
41,164,179,7.47341
41,165,166,3.74126
41,165,180,6.44802
41,166,167,14.18429
41,166,181,11.0769
41,167,168,11.0769
41,167,182,7.53271
41,168,169,14.18429
41,168,183,6.22488
41,169,170,9.79192
41,169,184,12.86479
41,170,171,5.41087
41,170,185,7.29263
41,171,172,11.15656
41,171,186,11.0769
41,172,173,11.0769
41,172,187,15.84435
41,173,174,6.22897
41,173,188,7.29263
41,174,175,6.44802
41,174,189,9.71254
41,175,176,14.18429
41,175,190,8.72078
41,176,177,5.26002
41,176,191,9.79192
41,177,178,8.45226
41,177,192,14.18429
41,178,179,12.86479
41,178,193,7.46886
41,179,194,5.41087
41,180,181,11.38011
41,180,195,5.26002
41,181,182,14.18429
41,181,196,9.71782
41,182,183,4.52498
41,182,197,11.38588
41,183,184,14.18429
41,183,198,5.26002
41,184,185,5.26002
41,184,199,7.53271
41,185,186,7.53728
41,185,200,9.71254
41,186,187,10.0
41,186,201,9.71782
41,187,188,5.26002
41,187,202,8.72078
41,188,189,7.46886
41,188,203,11.38011
41,189,190,9.71782
41,189,204,12.86479
41,190,191,10.0
41,190,205,6.22488
41,191,192,5.41087
41,191,206,3.74126
41,192,193,6.22897
41,192,207,7.47341
41,193,194,8.52079
41,193,208,14.18429
41,194,209,7.53728
41,195,196,6.22897
41,195,210,3.74126
41,196,197,3.74126
41,196,211,7.47341
41,197,198,14.18429
41,197,212,3.74126
41,198,199,11.15656
41,198,213,6.22897
41,199,200,11.38011
41,199,214,9.79192
41,200,201,14.18429
41,200,215,9.78662
41,201,202,12.61655
41,201,216,9.71782
41,202,203,11.38011
41,202,217,11.38011
41,203,204,6.38972
41,203,218,5.41087
41,204,205,7.47341
41,204,219,8.65135
41,205,206,14.1778
41,205,220,9.71782
41,206,207,7.46886
41,206,221,6.44802
41,207,208,6.22488
41,207,222,7.53728
41,208,209,11.15656
41,208,223,9.71782
41,209,224,9.79192
41,210,211,5.26002
41,211,212,11.15656
41,212,213,9.71254
41,213,214,6.22897
41,214,215,5.26002
41,215,216,9.71254
41,216,217,9.71782
41,217,218,14.1778
41,218,219,6.38972
41,219,220,8.72078
41,220,221,3.74126
41,221,222,5.26002
41,222,223,8.65135
41,223,224,4.52498
42,0,1,12.18471
42,0,15,10.9919
42,1,2,11.37147
42,1,16,11.07974
42,2,3,11.37147
42,2,17,10.22409
42,3,4,14.80857
42,3,18,11.22794
42,4,5,14.80857
42,4,19,10.0
42,5,6,12.12794
42,5,20,10.0
42,6,7,10.22409
42,6,21,14.80857
42,7,8,13.38487
42,7,22,14.70573
42,8,9,12.27763
42,8,23,12.27463
42,9,10,9.14651
42,9,24,10.09146
42,10,11,12.12794
42,10,25,14.64289
42,11,12,11.22794
42,11,26,14.70573
42,12,13,10.0
42,12,27,10.9919
42,13,14,14.70573
42,13,28,10.22409
42,14,29,11.31681
42,15,16,11.07974
42,15,30,11.31681
42,16,17,12.37697
42,16,31,11.31681
42,17,18,13.53959
42,17,32,16.03102
42,18,19,11.13377
42,18,33,10.14278
42,19,20,13.38487
42,19,34,10.22681
42,20,21,12.37697
42,20,35,16.03102
42,21,22,14.80857
42,21,36,10.9919
42,22,23,13.64751
42,22,37,8.1789
42,23,24,11.37147
42,23,38,8.1789
42,24,25,12.27763
42,24,39,14.70573
42,25,26,10.0
42,25,40,11.07974
42,26,27,12.43436
42,26,41,11.2308
42,27,28,12.52831
42,27,42,12.27463
42,28,29,10.0
42,28,43,13.64751
42,29,44,11.2308
42,30,31,13.47948
42,30,45,13.47948
42,31,32,16.03102
42,31,46,13.64751
42,32,33,8.1789
42,32,47,13.47948
42,33,34,10.0
42,33,48,12.27463
42,34,35,13.64751
42,34,49,12.27763
42,35,36,11.22794
42,35,50,11.13377
42,36,37,14.70573
42,36,51,9.19508
42,37,38,13.38173
42,37,52,13.38487
42,38,39,13.38173
42,38,53,12.37697
42,39,40,10.22681
42,39,54,10.14278
42,40,41,12.12794
42,40,55,13.53959
42,41,42,10.22681
42,41,56,13.47948
42,42,43,12.43436
42,42,57,9.19508
42,43,44,11.07974
42,43,58,11.37147
42,44,59,14.70573
42,45,46,10.22409
42,45,60,12.27463
42,46,47,13.53959
42,46,61,10.9919
42,47,48,16.03102
42,47,62,10.14278
42,48,49,14.64289
42,48,63,12.27463
42,49,50,8.1789
42,49,64,11.22794
42,50,51,16.03102
42,50,65,10.22681
42,51,52,9.19508
42,51,66,13.64751
42,52,53,14.80857
42,52,67,12.27463
42,53,54,13.38173
42,53,68,11.13377
42,54,55,16.03102
42,54,69,10.09146
42,55,56,10.0
42,55,70,13.47948
42,56,57,14.70573
42,56,71,12.37697
42,57,58,11.37147
42,57,72,9.06756
42,58,59,9.14651
42,58,73,14.70573
42,59,74,11.13377
42,60,61,8.1789
42,60,75,8.1789
42,61,62,12.37697
42,61,76,12.18471
42,62,63,13.38173
42,62,77,12.27763
42,63,64,9.19508
42,63,78,13.38487
42,64,65,12.27763
42,64,79,11.07974
42,65,66,13.38487
42,65,80,12.37697
42,66,67,12.12794
42,66,81,12.27463
42,67,68,12.37697
42,67,82,14.80857
42,68,69,11.22794
42,68,83,16.03102
42,69,70,8.1789
42,69,84,13.53959
42,70,71,13.47948
42,70,85,10.0
42,71,72,9.06756
42,71,86,11.07974
42,72,73,11.2308
42,72,87,11.22794
42,73,74,10.22681
42,73,88,11.31681
42,74,89,14.80857
42,75,76,12.27763
42,75,90,10.22409
42,76,77,10.22681
42,76,91,14.80857
42,77,78,11.13377
42,77,92,13.38487
42,78,79,13.53959
42,78,93,11.37147
42,79,80,11.37147
42,79,94,13.64751
42,80,81,11.22794
42,80,95,14.70573
42,81,82,13.38487
42,81,96,10.22409
42,82,83,9.06756
42,82,97,13.38487
42,83,84,11.13377
42,83,98,13.47948
42,84,85,12.43436
42,84,99,10.22681
42,85,86,10.22409
42,85,100,12.27463
42,86,87,12.12794
42,86,101,10.09146
42,87,88,13.53959
42,87,102,10.22681
42,88,89,8.1789
42,88,103,9.06756
42,89,104,12.43436
42,90,91,14.80857
42,90,105,13.53959
42,91,92,12.18471
42,91,106,11.31681
42,92,93,10.9919
42,92,107,11.37147
42,93,94,10.9919
42,93,108,11.13377
42,94,95,11.37147
42,94,109,13.64751
42,95,96,13.47948
42,95,110,11.37147
42,96,97,12.43436
42,96,111,12.18471
42,97,98,12.27463
42,97,112,9.14651
42,98,99,12.12794
42,98,113,11.07974
42,99,100,11.22794
42,99,114,11.2308
42,100,101,12.27763
42,100,115,11.07974
42,101,102,12.12794
42,101,116,13.38173
42,102,103,16.03102
42,102,117,11.31681
42,103,104,13.53959
42,103,118,11.2308
42,104,119,9.06756
42,105,106,12.43436
42,105,120,10.0
42,106,107,11.37147
42,106,121,11.13377
42,107,108,14.80857
42,107,122,10.22681
42,108,109,14.64289
42,108,123,10.22681
42,109,110,9.19508
42,109,124,9.14651
42,110,111,10.14278
42,110,125,10.22681
42,111,112,14.70573
42,111,126,11.31681
42,112,113,12.27763
42,112,127,10.22681
42,113,114,8.1789
42,113,128,12.52831
42,114,115,11.22794
42,114,129,12.27763
42,115,116,12.12794
42,115,130,11.37147
42,116,117,10.22409
42,116,131,12.37697
42,117,118,9.06756
42,117,132,13.38173
42,118,119,10.14278
42,118,133,12.18471
42,119,134,10.0
42,120,121,11.22794
42,120,135,14.80857
42,121,122,11.22794
42,121,136,11.07974
42,122,123,14.64289
42,122,137,12.18471
42,123,124,13.53959
42,123,138,9.06756
42,124,125,10.0
42,124,139,12.43436
42,125,126,11.37147
42,125,140,12.27763
42,126,127,12.52831
42,126,141,14.64289
42,127,128,13.53959
42,127,142,10.09146
42,128,129,9.14651
42,128,143,10.14278
42,129,130,12.52831
42,129,144,16.03102
42,130,131,12.27463
42,130,145,11.22794
42,131,132,12.27463
42,131,146,11.31681
42,132,133,12.18471
42,132,147,11.13377
42,133,134,13.53959
42,133,148,12.27463
42,134,149,10.09146
42,135,136,13.53959
42,135,150,10.0
42,136,137,11.22794
42,136,151,10.0
42,137,138,11.22794
42,137,152,12.37697
42,138,139,12.27763
42,138,153,11.2308
42,139,140,13.64751
42,139,154,10.0
42,140,141,13.64751
42,140,155,12.18471
42,141,142,14.64289
42,141,156,10.22409
42,142,143,12.52831
42,142,157,12.52831
42,143,144,10.22681
42,143,158,16.03102
42,144,145,12.27763
42,144,159,10.09146
42,145,146,13.53959
42,145,160,13.64751
42,146,147,14.80857
42,146,161,12.12794
42,147,148,9.06756
42,147,162,9.19508
42,148,149,10.14278
42,148,163,14.80857
42,149,164,9.14651
42,150,151,10.22409
42,150,165,10.09146
42,151,152,11.07974
42,151,166,10.22409
42,152,153,13.47948
42,152,167,13.64751
42,153,154,12.43436
42,153,168,8.1789
42,154,155,11.37147
42,154,169,12.52831
42,155,156,12.27763
42,155,170,10.14278
42,156,157,13.53959
42,156,171,12.52831
42,157,158,12.12794
42,157,172,12.52831
42,158,159,9.06756
42,158,173,14.64289
42,159,160,13.64751
42,159,174,14.70573
42,160,161,10.0
42,160,175,10.9919
42,161,162,11.31681
42,161,176,12.37697
42,162,163,9.14651
42,162,177,9.06756
42,163,164,10.0
42,163,178,13.47948
42,164,179,12.27763
42,165,166,9.14651
42,165,180,8.1789
42,166,167,12.18471
42,166,181,16.03102
42,167,168,16.03102
42,167,182,10.22409
42,168,169,12.18471
42,168,183,12.37697
42,169,170,10.14278
42,169,184,13.53959
42,170,171,12.52831
42,170,185,13.64751
42,171,172,12.43436
42,171,186,16.03102
42,172,173,16.03102
42,172,187,14.70573
42,173,174,11.2308
42,173,188,13.64751
42,174,175,8.1789
42,174,189,14.64289
42,175,176,12.18471
42,175,190,11.37147
42,176,177,10.09146
42,176,191,10.14278
42,177,178,12.12794
42,177,192,12.18471
42,178,179,13.53959
42,178,193,13.47948
42,179,194,12.52831
42,180,181,12.27463
42,180,195,10.09146
42,181,182,12.18471
42,181,196,13.38487
42,182,183,11.31681
42,182,197,11.13377
42,183,184,12.18471
42,183,198,10.09146
42,184,185,10.09146
42,184,199,10.22409
42,185,186,9.19508
42,185,200,14.64289
42,186,187,10.0
42,186,201,13.38487
42,187,188,10.09146
42,187,202,11.37147
42,188,189,13.47948
42,188,203,12.27463
42,189,190,13.38487
42,189,204,13.53959
42,190,191,10.0
42,190,205,12.37697
42,191,192,12.52831
42,191,206,9.14651
42,192,193,11.2308
42,192,207,12.27763
42,193,194,9.06756
42,193,208,12.18471
42,194,209,9.19508
42,195,196,11.2308
42,195,210,9.14651
42,196,197,9.14651
42,196,211,12.27763
42,197,198,12.18471
42,197,212,9.14651
42,198,199,12.43436
42,198,213,11.2308
42,199,200,12.27463
42,199,214,10.14278
42,200,201,12.18471
42,200,215,11.22794
42,201,202,10.9919
42,201,216,13.38487
42,202,203,12.27463
42,202,217,12.27463
42,203,204,11.07974
42,203,218,12.52831
42,204,205,12.27763
42,204,219,14.80857
42,205,206,13.38173
42,205,220,13.38487
42,206,207,13.47948
42,206,221,8.1789
42,207,208,12.37697
42,207,222,9.19508
42,208,209,12.43436
42,208,223,13.38487
42,209,224,10.14278
42,210,211,10.09146
42,211,212,12.43436
42,212,213,14.64289
42,213,214,11.2308
42,214,215,10.09146
42,215,216,14.64289
42,216,217,13.38487
42,217,218,13.38173
42,218,219,11.07974
42,219,220,11.37147
42,220,221,9.14651
42,221,222,10.09146
42,222,223,14.80857
42,223,224,11.31681
43,0,1,8.42055
43,0,15,8.87062
43,1,2,8.31857
43,1,16,13.38487
43,2,3,8.31857
43,2,17,8.76558
43,3,4,12.89562
43,3,18,7.7192
43,4,5,12.89562
43,4,19,10.0
43,5,6,12.05348
43,5,20,10.0
43,6,7,8.76558
43,6,21,12.89562
43,7,8,11.51889
43,7,22,8.48159
43,8,9,12.81862
43,8,23,10.06721
43,9,10,11.85514
43,9,24,10.61109
43,10,11,12.05348
43,10,25,12.12794
43,11,12,7.7192
43,11,26,8.48159
43,12,13,10.0
43,12,27,8.87062
43,13,14,8.48159
43,13,28,8.76558
43,14,29,11.92894
43,15,16,13.38487
43,15,30,11.92894
43,16,17,10.68054
43,16,31,11.92894
43,17,18,9.58365
43,17,32,11.59154
43,18,19,9.51827
43,18,33,7.24784
43,19,20,11.51889
43,19,34,11.32543
43,20,21,10.68054
43,20,35,11.59154
43,21,22,12.89562
43,21,36,8.87062
43,22,23,10.18068
43,22,37,8.70339
43,23,24,8.31857
43,23,38,8.70339
43,24,25,12.81862
43,24,39,8.48159
43,25,26,10.0
43,25,40,13.38487
43,26,27,7.30386
43,26,41,10.11305
43,27,28,11.39741
43,27,42,10.06721
43,28,29,10.0
43,28,43,10.18068
43,29,44,10.11305
43,30,31,13.46369
43,30,45,13.46369
43,31,32,11.59154
43,31,46,10.18068
43,32,33,8.70339
43,32,47,13.46369
43,33,34,10.0
43,33,48,10.06721
43,34,35,10.18068
43,34,49,12.81862
43,35,36,7.7192
43,35,50,9.51827
43,36,37,8.48159
43,36,51,8.25821
43,37,38,8.93347
43,37,52,11.51889
43,38,39,8.93347
43,38,53,10.68054
43,39,40,11.32543
43,39,54,7.24784
43,40,41,12.05348
43,40,55,9.58365
43,41,42,11.32543
43,41,56,13.46369
43,42,43,7.30386
43,42,57,8.25821
43,43,44,13.38487
43,43,58,8.31857
43,44,59,8.48159
43,45,46,8.76558
43,45,60,10.06721
43,46,47,9.58365
43,46,61,8.87062
43,47,48,11.59154
43,47,62,7.24784
43,48,49,12.12794
43,48,63,10.06721
43,49,50,8.70339
43,49,64,7.7192
43,50,51,11.59154
43,50,65,11.32543
43,51,52,8.25821
43,51,66,10.18068
43,52,53,12.89562
43,52,67,10.06721
43,53,54,8.93347
43,53,68,9.51827
43,54,55,11.59154
43,54,69,10.61109
43,55,56,10.0
43,55,70,13.46369
43,56,57,8.48159
43,56,71,10.68054
43,57,58,8.31857
43,57,72,7.66136
43,58,59,11.85514
43,58,73,8.48159
43,59,74,9.51827
43,60,61,8.70339
43,60,75,8.70339
43,61,62,10.68054
43,61,76,8.42055
43,62,63,8.93347
43,62,77,12.81862
43,63,64,8.25821
43,63,78,11.51889
43,64,65,12.81862
43,64,79,13.38487
43,65,66,11.51889
43,65,80,10.68054
43,66,67,12.05348
43,66,81,10.06721
43,67,68,10.68054
43,67,82,12.89562
43,68,69,7.7192
43,68,83,11.59154
43,69,70,8.70339
43,69,84,9.58365
43,70,71,13.46369
43,70,85,10.0
43,71,72,7.66136
43,71,86,13.38487
43,72,73,10.11305
43,72,87,7.7192
43,73,74,11.32543
43,73,88,11.92894
43,74,89,12.89562
43,75,76,12.81862
43,75,90,8.76558
43,76,77,11.32543
43,76,91,12.89562
43,77,78,9.51827
43,77,92,11.51889
43,78,79,9.58365
43,78,93,8.31857
43,79,80,8.31857
43,79,94,10.18068
43,80,81,7.7192
43,80,95,8.48159
43,81,82,11.51889
43,81,96,8.76558
43,82,83,7.66136
43,82,97,11.51889
43,83,84,9.51827
43,83,98,13.46369
43,84,85,7.30386
43,84,99,11.32543
43,85,86,8.76558
43,85,100,10.06721
43,86,87,12.05348
43,86,101,10.61109
43,87,88,9.58365
43,87,102,11.32543
43,88,89,8.70339
43,88,103,7.66136
43,89,104,7.30386
43,90,91,12.89562
43,90,105,9.58365
43,91,92,8.42055
43,91,106,11.92894
43,92,93,8.87062
43,92,107,8.31857
43,93,94,8.87062
43,93,108,9.51827
43,94,95,8.31857
43,94,109,10.18068
43,95,96,13.46369
43,95,110,8.31857
43,96,97,7.30386
43,96,111,8.42055
43,97,98,10.06721
43,97,112,11.85514
43,98,99,12.05348
43,98,113,13.38487
43,99,100,7.7192
43,99,114,10.11305
43,100,101,12.81862
43,100,115,13.38487
43,101,102,12.05348
43,101,116,8.93347
43,102,103,11.59154
43,102,117,11.92894
43,103,104,9.58365
43,103,118,10.11305
43,104,119,7.66136
43,105,106,7.30386
43,105,120,10.0
43,106,107,8.31857
43,106,121,9.51827
43,107,108,12.89562
43,107,122,11.32543
43,108,109,12.12794
43,108,123,11.32543
43,109,110,8.25821
43,109,124,11.85514
43,110,111,7.24784
43,110,125,11.32543
43,111,112,8.48159
43,111,126,11.92894
43,112,113,12.81862
43,112,127,11.32543
43,113,114,8.70339
43,113,128,11.39741
43,114,115,7.7192
43,114,129,12.81862
43,115,116,12.05348
43,115,130,8.31857
43,116,117,8.76558
43,116,131,10.68054
43,117,118,7.66136
43,117,132,8.93347
43,118,119,7.24784
43,118,133,8.42055
43,119,134,10.0
43,120,121,7.7192
43,120,135,12.89562
43,121,122,7.7192
43,121,136,13.38487
43,122,123,12.12794
43,122,137,8.42055
43,123,124,9.58365
43,123,138,7.66136
43,124,125,10.0
43,124,139,7.30386
43,125,126,8.31857
43,125,140,12.81862
43,126,127,11.39741
43,126,141,12.12794
43,127,128,9.58365
43,127,142,10.61109
43,128,129,11.85514
43,128,143,7.24784
43,129,130,11.39741
43,129,144,11.59154
43,130,131,10.06721
43,130,145,7.7192
43,131,132,10.06721
43,131,146,11.92894
43,132,133,8.42055
43,132,147,9.51827
43,133,134,9.58365
43,133,148,10.06721
43,134,149,10.61109
43,135,136,9.58365
43,135,150,10.0
43,136,137,7.7192
43,136,151,10.0
43,137,138,7.7192
43,137,152,10.68054
43,138,139,12.81862
43,138,153,10.11305
43,139,140,10.18068
43,139,154,10.0
43,140,141,10.18068
43,140,155,8.42055
43,141,142,12.12794
43,141,156,8.76558
43,142,143,11.39741
43,142,157,11.39741
43,143,144,11.32543
43,143,158,11.59154
43,144,145,12.81862
43,144,159,10.61109
43,145,146,9.58365
43,145,160,10.18068
43,146,147,12.89562
43,146,161,12.05348
43,147,148,7.66136
43,147,162,8.25821
43,148,149,7.24784
43,148,163,12.89562
43,149,164,11.85514
43,150,151,8.76558
43,150,165,10.61109
43,151,152,13.38487
43,151,166,8.76558
43,152,153,13.46369
43,152,167,10.18068
43,153,154,7.30386
43,153,168,8.70339
43,154,155,8.31857
43,154,169,11.39741
43,155,156,12.81862
43,155,170,7.24784
43,156,157,9.58365
43,156,171,11.39741
43,157,158,12.05348
43,157,172,11.39741
43,158,159,7.66136
43,158,173,12.12794
43,159,160,10.18068
43,159,174,8.48159
43,160,161,10.0
43,160,175,8.87062
43,161,162,11.92894
43,161,176,10.68054
43,162,163,11.85514
43,162,177,7.66136
43,163,164,10.0
43,163,178,13.46369
43,164,179,12.81862
43,165,166,11.85514
43,165,180,8.70339
43,166,167,8.42055
43,166,181,11.59154
43,167,168,11.59154
43,167,182,8.76558
43,168,169,8.42055
43,168,183,10.68054
43,169,170,7.24784
43,169,184,9.58365
43,170,171,11.39741
43,170,185,10.18068
43,171,172,7.30386
43,171,186,11.59154
43,172,173,11.59154
43,172,187,8.48159
43,173,174,10.11305
43,173,188,10.18068
43,174,175,8.70339
43,174,189,12.12794
43,175,176,8.42055
43,175,190,8.31857
43,176,177,10.61109
43,176,191,7.24784
43,177,178,12.05348
43,177,192,8.42055
43,178,179,9.58365
43,178,193,13.46369
43,179,194,11.39741
43,180,181,10.06721
43,180,195,10.61109
43,181,182,8.42055
43,181,196,11.51889
43,182,183,11.92894
43,182,197,9.51827
43,183,184,8.42055
43,183,198,10.61109
43,184,185,10.61109
43,184,199,8.76558
43,185,186,8.25821
43,185,200,12.12794
43,186,187,10.0
43,186,201,11.51889
43,187,188,10.61109
43,187,202,8.31857
43,188,189,13.46369
43,188,203,10.06721
43,189,190,11.51889
43,189,204,9.58365
43,190,191,10.0
43,190,205,10.68054
43,191,192,11.39741
43,191,206,11.85514
43,192,193,10.11305
43,192,207,12.81862
43,193,194,7.66136
43,193,208,8.42055
43,194,209,8.25821
43,195,196,10.11305
43,195,210,11.85514
43,196,197,11.85514
43,196,211,12.81862
43,197,198,8.42055
43,197,212,11.85514
43,198,199,7.30386
43,198,213,10.11305
43,199,200,10.06721
43,199,214,7.24784
43,200,201,8.42055
43,200,215,7.7192
43,201,202,8.87062
43,201,216,11.51889
43,202,203,10.06721
43,202,217,10.06721
43,203,204,13.38487
43,203,218,11.39741
43,204,205,12.81862
43,204,219,12.89562
43,205,206,8.93347
43,205,220,11.51889
43,206,207,13.46369
43,206,221,8.70339
43,207,208,10.68054
43,207,222,8.25821
43,208,209,7.30386
43,208,223,11.51889
43,209,224,7.24784
43,210,211,10.61109
43,211,212,7.30386
43,212,213,12.12794
43,213,214,10.11305
43,214,215,10.61109
43,215,216,12.12794
43,216,217,11.51889
43,217,218,8.93347
43,218,219,13.38487
43,219,220,8.31857
43,220,221,11.85514
43,221,222,10.61109
43,222,223,12.89562
43,223,224,11.92894
44,0,1,12.04456
44,0,15,13.30003
44,1,2,8.82051
44,1,16,11.08826
44,2,3,8.82051
44,2,17,9.88232
44,3,4,10.71954
44,3,18,13.1624
44,4,5,10.71954
44,4,19,10.0
44,5,6,14.56701
44,5,20,10.0
44,6,7,9.88232
44,6,21,10.71954
44,7,8,13.24676
44,7,22,12.89253
44,8,9,9.95444
44,8,23,10.767
44,9,10,10.18881
44,9,24,13.52059
44,10,11,14.56701
44,10,25,15.50515
44,11,12,13.1624
44,11,26,12.89253
44,12,13,10.0
44,12,27,13.30003
44,13,14,12.89253
44,13,28,9.88232
44,14,29,10.96365
44,15,16,11.08826
44,15,30,10.96365
44,16,17,14.42244
44,16,31,10.96365
44,17,18,9.65192
44,17,32,14.13887
44,18,19,8.93096
44,18,33,11.10247
44,19,20,13.24676
44,19,34,9.10826
44,20,21,14.42244
44,20,35,14.13887
44,21,22,10.71954
44,21,36,13.30003
44,22,23,13.10943
44,22,37,9.15161
44,23,24,8.82051
44,23,38,9.15161
44,24,25,9.95444
44,24,39,12.89253
44,25,26,10.0
44,25,40,11.08826
44,26,27,11.91416
44,26,41,12.25361
44,27,28,9.83706
44,27,42,10.767
44,28,29,10.0
44,28,43,13.10943
44,29,44,12.25361
44,30,31,11.89939
44,30,45,11.89939
44,31,32,14.13887
44,31,46,13.10943
44,32,33,9.15161
44,32,47,11.89939
44,33,34,10.0
44,33,48,10.767
44,34,35,13.10943
44,34,49,9.95444
44,35,36,13.1624
44,35,50,8.93096
44,36,37,12.89253
44,36,51,8.13583
44,37,38,14.19404
44,37,52,13.24676
44,38,39,14.19404
44,38,53,14.42244
44,39,40,9.10826
44,39,54,11.10247
44,40,41,14.56701
44,40,55,9.65192
44,41,42,9.10826
44,41,56,11.89939
44,42,43,11.91416
44,42,57,8.13583
44,43,44,11.08826
44,43,58,8.82051
44,44,59,12.89253
44,45,46,9.88232
44,45,60,10.767
44,46,47,9.65192
44,46,61,13.30003
44,47,48,14.13887
44,47,62,11.10247
44,48,49,15.50515
44,48,63,10.767
44,49,50,9.15161
44,49,64,13.1624
44,50,51,14.13887
44,50,65,9.10826
44,51,52,8.13583
44,51,66,13.10943
44,52,53,10.71954
44,52,67,10.767
44,53,54,14.19404
44,53,68,8.93096
44,54,55,14.13887
44,54,69,13.52059
44,55,56,10.0
44,55,70,11.89939
44,56,57,12.89253
44,56,71,14.42244
44,57,58,8.82051
44,57,72,12.30468
44,58,59,10.18881
44,58,73,12.89253
44,59,74,8.93096
44,60,61,9.15161
44,60,75,9.15161
44,61,62,14.42244
44,61,76,12.04456
44,62,63,14.19404
44,62,77,9.95444
44,63,64,8.13583
44,63,78,13.24676
44,64,65,9.95444
44,64,79,11.08826
44,65,66,13.24676
44,65,80,14.42244
44,66,67,14.56701
44,66,81,10.767
44,67,68,14.42244
44,67,82,10.71954
44,68,69,13.1624
44,68,83,14.13887
44,69,70,9.15161
44,69,84,9.65192
44,70,71,11.89939
44,70,85,10.0
44,71,72,12.30468
44,71,86,11.08826
44,72,73,12.25361
44,72,87,13.1624
44,73,74,9.10826
44,73,88,10.96365
44,74,89,10.71954
44,75,76,9.95444
44,75,90,9.88232
44,76,77,9.10826
44,76,91,10.71954
44,77,78,8.93096
44,77,92,13.24676
44,78,79,9.65192
44,78,93,8.82051
44,79,80,8.82051
44,79,94,13.10943
44,80,81,13.1624
44,80,95,12.89253
44,81,82,13.24676
44,81,96,9.88232
44,82,83,12.30468
44,82,97,13.24676
44,83,84,8.93096
44,83,98,11.89939
44,84,85,11.91416
44,84,99,9.10826
44,85,86,9.88232
44,85,100,10.767
44,86,87,14.56701
44,86,101,13.52059
44,87,88,9.65192
44,87,102,9.10826
44,88,89,9.15161
44,88,103,12.30468
44,89,104,11.91416
44,90,91,10.71954
44,90,105,9.65192
44,91,92,12.04456
44,91,106,10.96365
44,92,93,13.30003
44,92,107,8.82051
44,93,94,13.30003
44,93,108,8.93096
44,94,95,8.82051
44,94,109,13.10943
44,95,96,11.89939
44,95,110,8.82051
44,96,97,11.91416
44,96,111,12.04456
44,97,98,10.767
44,97,112,10.18881
44,98,99,14.56701
44,98,113,11.08826
44,99,100,13.1624
44,99,114,12.25361
44,100,101,9.95444
44,100,115,11.08826
44,101,102,14.56701
44,101,116,14.19404
44,102,103,14.13887
44,102,117,10.96365
44,103,104,9.65192
44,103,118,12.25361
44,104,119,12.30468
44,105,106,11.91416
44,105,120,10.0
44,106,107,8.82051
44,106,121,8.93096
44,107,108,10.71954
44,107,122,9.10826
44,108,109,15.50515
44,108,123,9.10826
44,109,110,8.13583
44,109,124,10.18881
44,110,111,11.10247
44,110,125,9.10826
44,111,112,12.89253
44,111,126,10.96365
44,112,113,9.95444
44,112,127,9.10826
44,113,114,9.15161
44,113,128,9.83706
44,114,115,13.1624
44,114,129,9.95444
44,115,116,14.56701
44,115,130,8.82051
44,116,117,9.88232
44,116,131,14.42244
44,117,118,12.30468
44,117,132,14.19404
44,118,119,11.10247
44,118,133,12.04456
44,119,134,10.0
44,120,121,13.1624
44,120,135,10.71954
44,121,122,13.1624
44,121,136,11.08826
44,122,123,15.50515
44,122,137,12.04456
44,123,124,9.65192
44,123,138,12.30468
44,124,125,10.0
44,124,139,11.91416
44,125,126,8.82051
44,125,140,9.95444
44,126,127,9.83706
44,126,141,15.50515
44,127,128,9.65192
44,127,142,13.52059
44,128,129,10.18881
44,128,143,11.10247
44,129,130,9.83706
44,129,144,14.13887
44,130,131,10.767
44,130,145,13.1624
44,131,132,10.767
44,131,146,10.96365
44,132,133,12.04456
44,132,147,8.93096
44,133,134,9.65192
44,133,148,10.767
44,134,149,13.52059
44,135,136,9.65192
44,135,150,10.0
44,136,137,13.1624
44,136,151,10.0
44,137,138,13.1624
44,137,152,14.42244
44,138,139,9.95444
44,138,153,12.25361
44,139,140,13.10943
44,139,154,10.0
44,140,141,13.10943
44,140,155,12.04456
44,141,142,15.50515
44,141,156,9.88232
44,142,143,9.83706
44,142,157,9.83706
44,143,144,9.10826
44,143,158,14.13887
44,144,145,9.95444
44,144,159,13.52059
44,145,146,9.65192
44,145,160,13.10943
44,146,147,10.71954
44,146,161,14.56701
44,147,148,12.30468
44,147,162,8.13583
44,148,149,11.10247
44,148,163,10.71954
44,149,164,10.18881
44,150,151,9.88232
44,150,165,13.52059
44,151,152,11.08826
44,151,166,9.88232
44,152,153,11.89939
44,152,167,13.10943
44,153,154,11.91416
44,153,168,9.15161
44,154,155,8.82051
44,154,169,9.83706
44,155,156,9.95444
44,155,170,11.10247
44,156,157,9.65192
44,156,171,9.83706
44,157,158,14.56701
44,157,172,9.83706
44,158,159,12.30468
44,158,173,15.50515
44,159,160,13.10943
44,159,174,12.89253
44,160,161,10.0
44,160,175,13.30003
44,161,162,10.96365
44,161,176,14.42244
44,162,163,10.18881
44,162,177,12.30468
44,163,164,10.0
44,163,178,11.89939
44,164,179,9.95444
44,165,166,10.18881
44,165,180,9.15161
44,166,167,12.04456
44,166,181,14.13887
44,167,168,14.13887
44,167,182,9.88232
44,168,169,12.04456
44,168,183,14.42244
44,169,170,11.10247
44,169,184,9.65192
44,170,171,9.83706
44,170,185,13.10943
44,171,172,11.91416
44,171,186,14.13887
44,172,173,14.13887
44,172,187,12.89253
44,173,174,12.25361
44,173,188,13.10943
44,174,175,9.15161
44,174,189,15.50515
44,175,176,12.04456
44,175,190,8.82051
44,176,177,13.52059
44,176,191,11.10247
44,177,178,14.56701
44,177,192,12.04456
44,178,179,9.65192
44,178,193,11.89939
44,179,194,9.83706
44,180,181,10.767
44,180,195,13.52059
44,181,182,12.04456
44,181,196,13.24676
44,182,183,10.96365
44,182,197,8.93096
44,183,184,12.04456
44,183,198,13.52059
44,184,185,13.52059
44,184,199,9.88232
44,185,186,8.13583
44,185,200,15.50515
44,186,187,10.0
44,186,201,13.24676
44,187,188,13.52059
44,187,202,8.82051
44,188,189,11.89939
44,188,203,10.767
44,189,190,13.24676
44,189,204,9.65192
44,190,191,10.0
44,190,205,14.42244
44,191,192,9.83706
44,191,206,10.18881
44,192,193,12.25361
44,192,207,9.95444
44,193,194,12.30468
44,193,208,12.04456
44,194,209,8.13583
44,195,196,12.25361
44,195,210,10.18881
44,196,197,10.18881
44,196,211,9.95444
44,197,198,12.04456
44,197,212,10.18881
44,198,199,11.91416
44,198,213,12.25361
44,199,200,10.767
44,199,214,11.10247
44,200,201,12.04456
44,200,215,13.1624
44,201,202,13.30003
44,201,216,13.24676
44,202,203,10.767
44,202,217,10.767
44,203,204,11.08826
44,203,218,9.83706
44,204,205,9.95444
44,204,219,10.71954
44,205,206,14.19404
44,205,220,13.24676
44,206,207,11.89939
44,206,221,9.15161
44,207,208,14.42244
44,207,222,8.13583
44,208,209,11.91416
44,208,223,13.24676
44,209,224,11.10247
44,210,211,13.52059
44,211,212,11.91416
44,212,213,15.50515
44,213,214,12.25361
44,214,215,13.52059
44,215,216,15.50515
44,216,217,13.24676
44,217,218,14.19404
44,218,219,11.08826
44,219,220,8.82051
44,220,221,10.18881
44,221,222,13.52059
44,222,223,10.71954
44,223,224,10.96365
45,0,1,10.27033
45,0,15,6.65666
45,1,2,11.68197
45,1,16,5.66617
45,2,3,11.68197
45,2,17,7.7703
45,3,4,8.74814
45,3,18,4.9218
45,4,5,8.74814
45,4,19,10.0
45,5,6,3.367
45,5,20,10.0
45,6,7,7.7703
45,6,21,8.74814
45,7,8,5.86138
45,7,22,10.01074
45,8,9,8.989
45,8,23,9.74425
45,9,10,4.25819
45,9,24,2.40048
45,10,11,3.367
45,10,25,3.23674
45,11,12,4.9218
45,11,26,10.01074
45,12,13,10.0
45,12,27,6.65666
45,13,14,10.01074
45,13,28,7.7703
45,14,29,4.10504
45,15,16,5.66617
45,15,30,4.10504
45,16,17,2.30071
45,16,31,4.10504
45,17,18,14.12914
45,17,32,5.67391
45,18,19,14.44211
45,18,33,8.23413
45,19,20,5.86138
45,19,34,7.10779
45,20,21,2.30071
45,20,35,5.67391
45,21,22,8.74814
45,21,36,6.65666
45,22,23,4.26465
45,22,37,7.99556
45,23,24,11.68197
45,23,38,7.99556
45,24,25,8.989
45,24,39,10.01074
45,25,26,10.0
45,25,40,5.66617
45,26,27,8.00503
45,26,41,4.42164
45,27,28,6.89742
45,27,42,9.74425
45,28,29,10.0
45,28,43,4.26465
45,29,44,4.42164
45,30,31,5.48254
45,30,45,5.48254
45,31,32,5.67391
45,31,46,4.26465
45,32,33,7.99556
45,32,47,5.48254
45,33,34,10.0
45,33,48,9.74425
45,34,35,4.26465
45,34,49,8.989
45,35,36,4.9218
45,35,50,14.44211
45,36,37,10.01074
45,36,51,11.96445
45,37,38,6.45428
45,37,52,5.86138
45,38,39,6.45428
45,38,53,2.30071
45,39,40,7.10779
45,39,54,8.23413
45,40,41,3.367
45,40,55,14.12914
45,41,42,7.10779
45,41,56,5.48254
45,42,43,8.00503
45,42,57,11.96445
45,43,44,5.66617
45,43,58,11.68197
45,44,59,10.01074
45,45,46,7.7703
45,45,60,9.74425
45,46,47,14.12914
45,46,61,6.65666
45,47,48,5.67391
45,47,62,8.23413
45,48,49,3.23674
45,48,63,9.74425
45,49,50,7.99556
45,49,64,4.9218
45,50,51,5.67391
45,50,65,7.10779
45,51,52,11.96445
45,51,66,4.26465
45,52,53,8.74814
45,52,67,9.74425
45,53,54,6.45428
45,53,68,14.44211
45,54,55,5.67391
45,54,69,2.40048
45,55,56,10.0
45,55,70,5.48254
45,56,57,10.01074
45,56,71,2.30071
45,57,58,11.68197
45,57,72,5.09368
45,58,59,4.25819
45,58,73,10.01074
45,59,74,14.44211
45,60,61,7.99556
45,60,75,7.99556
45,61,62,2.30071
45,61,76,10.27033
45,62,63,6.45428
45,62,77,8.989
45,63,64,11.96445
45,63,78,5.86138
45,64,65,8.989
45,64,79,5.66617
45,65,66,5.86138
45,65,80,2.30071
45,66,67,3.367
45,66,81,9.74425
45,67,68,2.30071
45,67,82,8.74814
45,68,69,4.9218
45,68,83,5.67391
45,69,70,7.99556
45,69,84,14.12914
45,70,71,5.48254
45,70,85,10.0
45,71,72,5.09368
45,71,86,5.66617
45,72,73,4.42164
45,72,87,4.9218
45,73,74,7.10779
45,73,88,4.10504
45,74,89,8.74814
45,75,76,8.989
45,75,90,7.7703
45,76,77,7.10779
45,76,91,8.74814
45,77,78,14.44211
45,77,92,5.86138
45,78,79,14.12914
45,78,93,11.68197
45,79,80,11.68197
45,79,94,4.26465
45,80,81,4.9218
45,80,95,10.01074
45,81,82,5.86138
45,81,96,7.7703
45,82,83,5.09368
45,82,97,5.86138
45,83,84,14.44211
45,83,98,5.48254
45,84,85,8.00503
45,84,99,7.10779
45,85,86,7.7703
45,85,100,9.74425
45,86,87,3.367
45,86,101,2.40048
45,87,88,14.12914
45,87,102,7.10779
45,88,89,7.99556
45,88,103,5.09368
45,89,104,8.00503
45,90,91,8.74814
45,90,105,14.12914
45,91,92,10.27033
45,91,106,4.10504
45,92,93,6.65666
45,92,107,11.68197
45,93,94,6.65666
45,93,108,14.44211
45,94,95,11.68197
45,94,109,4.26465
45,95,96,5.48254
45,95,110,11.68197
45,96,97,8.00503
45,96,111,10.27033
45,97,98,9.74425
45,97,112,4.25819
45,98,99,3.367
45,98,113,5.66617
45,99,100,4.9218
45,99,114,4.42164
45,100,101,8.989
45,100,115,5.66617
45,101,102,3.367
45,101,116,6.45428
45,102,103,5.67391
45,102,117,4.10504
45,103,104,14.12914
45,103,118,4.42164
45,104,119,5.09368
45,105,106,8.00503
45,105,120,10.0
45,106,107,11.68197
45,106,121,14.44211
45,107,108,8.74814
45,107,122,7.10779
45,108,109,3.23674
45,108,123,7.10779
45,109,110,11.96445
45,109,124,4.25819
45,110,111,8.23413
45,110,125,7.10779
45,111,112,10.01074
45,111,126,4.10504
45,112,113,8.989
45,112,127,7.10779
45,113,114,7.99556
45,113,128,6.89742
45,114,115,4.9218
45,114,129,8.989
45,115,116,3.367
45,115,130,11.68197
45,116,117,7.7703
45,116,131,2.30071
45,117,118,5.09368
45,117,132,6.45428
45,118,119,8.23413
45,118,133,10.27033
45,119,134,10.0
45,120,121,4.9218
45,120,135,8.74814
45,121,122,4.9218
45,121,136,5.66617
45,122,123,3.23674
45,122,137,10.27033
45,123,124,14.12914
45,123,138,5.09368
45,124,125,10.0
45,124,139,8.00503
45,125,126,11.68197
45,125,140,8.989
45,126,127,6.89742
45,126,141,3.23674
45,127,128,14.12914
45,127,142,2.40048
45,128,129,4.25819
45,128,143,8.23413
45,129,130,6.89742
45,129,144,5.67391
45,130,131,9.74425
45,130,145,4.9218
45,131,132,9.74425
45,131,146,4.10504
45,132,133,10.27033
45,132,147,14.44211
45,133,134,14.12914
45,133,148,9.74425
45,134,149,2.40048
45,135,136,14.12914
45,135,150,10.0
45,136,137,4.9218
45,136,151,10.0
45,137,138,4.9218
45,137,152,2.30071
45,138,139,8.989
45,138,153,4.42164
45,139,140,4.26465
45,139,154,10.0
45,140,141,4.26465
45,140,155,10.27033
45,141,142,3.23674
45,141,156,7.7703
45,142,143,6.89742
45,142,157,6.89742
45,143,144,7.10779
45,143,158,5.67391
45,144,145,8.989
45,144,159,2.40048
45,145,146,14.12914
45,145,160,4.26465
45,146,147,8.74814
45,146,161,3.367
45,147,148,5.09368
45,147,162,11.96445
45,148,149,8.23413
45,148,163,8.74814
45,149,164,4.25819
45,150,151,7.7703
45,150,165,2.40048
45,151,152,5.66617
45,151,166,7.7703
45,152,153,5.48254
45,152,167,4.26465
45,153,154,8.00503
45,153,168,7.99556
45,154,155,11.68197
45,154,169,6.89742
45,155,156,8.989
45,155,170,8.23413
45,156,157,14.12914
45,156,171,6.89742
45,157,158,3.367
45,157,172,6.89742
45,158,159,5.09368
45,158,173,3.23674
45,159,160,4.26465
45,159,174,10.01074
45,160,161,10.0
45,160,175,6.65666
45,161,162,4.10504
45,161,176,2.30071
45,162,163,4.25819
45,162,177,5.09368
45,163,164,10.0
45,163,178,5.48254
45,164,179,8.989
45,165,166,4.25819
45,165,180,7.99556
45,166,167,10.27033
45,166,181,5.67391
45,167,168,5.67391
45,167,182,7.7703
45,168,169,10.27033
45,168,183,2.30071
45,169,170,8.23413
45,169,184,14.12914
45,170,171,6.89742
45,170,185,4.26465
45,171,172,8.00503
45,171,186,5.67391
45,172,173,5.67391
45,172,187,10.01074
45,173,174,4.42164
45,173,188,4.26465
45,174,175,7.99556
45,174,189,3.23674
45,175,176,10.27033
45,175,190,11.68197
45,176,177,2.40048
45,176,191,8.23413
45,177,178,3.367
45,177,192,10.27033
45,178,179,14.12914
45,178,193,5.48254
45,179,194,6.89742
45,180,181,9.74425
45,180,195,2.40048
45,181,182,10.27033
45,181,196,5.86138
45,182,183,4.10504
45,182,197,14.44211
45,183,184,10.27033
45,183,198,2.40048
45,184,185,2.40048
45,184,199,7.7703
45,185,186,11.96445
45,185,200,3.23674
45,186,187,10.0
45,186,201,5.86138
45,187,188,2.40048
45,187,202,11.68197
45,188,189,5.48254
45,188,203,9.74425
45,189,190,5.86138
45,189,204,14.12914
45,190,191,10.0
45,190,205,2.30071
45,191,192,6.89742
45,191,206,4.25819
45,192,193,4.42164
45,192,207,8.989
45,193,194,5.09368
45,193,208,10.27033
45,194,209,11.96445
45,195,196,4.42164
45,195,210,4.25819
45,196,197,4.25819
45,196,211,8.989
45,197,198,10.27033
45,197,212,4.25819
45,198,199,8.00503
45,198,213,4.42164
45,199,200,9.74425
45,199,214,8.23413
45,200,201,10.27033
45,200,215,4.9218
45,201,202,6.65666
45,201,216,5.86138
45,202,203,9.74425
45,202,217,9.74425
45,203,204,5.66617
45,203,218,6.89742
45,204,205,8.989
45,204,219,8.74814
45,205,206,6.45428
45,205,220,5.86138
45,206,207,5.48254
45,206,221,7.99556
45,207,208,2.30071
45,207,222,11.96445
45,208,209,8.00503
45,208,223,5.86138
45,209,224,8.23413
45,210,211,2.40048
45,211,212,8.00503
45,212,213,3.23674
45,213,214,4.42164
45,214,215,2.40048
45,215,216,3.23674
45,216,217,5.86138
45,217,218,6.45428
45,218,219,5.66617
45,219,220,11.68197
45,220,221,4.25819
45,221,222,2.40048
45,222,223,8.74814
45,223,224,4.10504
46,0,1,10.62773
46,0,15,11.41472
46,1,2,7.9554
46,1,16,9.41676
46,2,3,7.9554
46,2,17,8.62663
46,3,4,5.61415
46,3,18,9.93304
46,4,5,5.61415
46,4,19,10.0
46,5,6,10.78658
46,5,20,10.0
46,6,7,8.62663
46,6,21,5.61415
46,7,8,10.02417
46,7,22,7.12106
46,8,9,8.71084
46,8,23,6.62267
46,9,10,11.83452
46,9,24,13.38173
46,10,11,10.78658
46,10,25,7.24784
46,11,12,9.93304
46,11,26,7.12106
46,12,13,10.0
46,12,27,11.41472
46,13,14,7.12106
46,13,28,8.62663
46,14,29,8.09051
46,15,16,9.41676
46,15,30,8.09051
46,16,17,9.35202
46,16,31,8.09051
46,17,18,6.04853
46,17,32,6.64178
46,18,19,9.2695
46,18,33,13.20298
46,19,20,10.02417
46,19,34,11.03152
46,20,21,9.35202
46,20,35,6.64178
46,21,22,5.61415
46,21,36,11.41472
46,22,23,8.64888
46,22,37,12.49493
46,23,24,7.9554
46,23,38,12.49493
46,24,25,8.71084
46,24,39,7.12106
46,25,26,10.0
46,25,40,9.41676
46,26,27,9.20533
46,26,41,12.52224
46,27,28,7.44386
46,27,42,6.62267
46,28,29,10.0
46,28,43,8.64888
46,29,44,12.52224
46,30,31,6.16373
46,30,45,6.16373
46,31,32,6.64178
46,31,46,8.64888
46,32,33,12.49493
46,32,47,6.16373
46,33,34,10.0
46,33,48,6.62267
46,34,35,8.64888
46,34,49,8.71084
46,35,36,9.93304
46,35,50,9.2695
46,36,37,7.12106
46,36,51,11.66736
46,37,38,7.75169
46,37,52,10.02417
46,38,39,7.75169
46,38,53,9.35202
46,39,40,11.03152
46,39,54,13.20298
46,40,41,10.78658
46,40,55,6.04853
46,41,42,11.03152
46,41,56,6.16373
46,42,43,9.20533
46,42,57,11.66736
46,43,44,9.41676
46,43,58,7.9554
46,44,59,7.12106
46,45,46,8.62663
46,45,60,6.62267
46,46,47,6.04853
46,46,61,11.41472
46,47,48,6.64178
46,47,62,13.20298
46,48,49,7.24784
46,48,63,6.62267
46,49,50,12.49493
46,49,64,9.93304
46,50,51,6.64178
46,50,65,11.03152
46,51,52,11.66736
46,51,66,8.64888
46,52,53,5.61415
46,52,67,6.62267
46,53,54,7.75169
46,53,68,9.2695
46,54,55,6.64178
46,54,69,13.38173
46,55,56,10.0
46,55,70,6.16373
46,56,57,7.12106
46,56,71,9.35202
46,57,58,7.9554
46,57,72,14.08704
46,58,59,11.83452
46,58,73,7.12106
46,59,74,9.2695
46,60,61,12.49493
46,60,75,12.49493
46,61,62,9.35202
46,61,76,10.62773
46,62,63,7.75169
46,62,77,8.71084
46,63,64,11.66736
46,63,78,10.02417
46,64,65,8.71084
46,64,79,9.41676
46,65,66,10.02417
46,65,80,9.35202
46,66,67,10.78658
46,66,81,6.62267
46,67,68,9.35202
46,67,82,5.61415
46,68,69,9.93304
46,68,83,6.64178
46,69,70,12.49493
46,69,84,6.04853
46,70,71,6.16373
46,70,85,10.0
46,71,72,14.08704
46,71,86,9.41676
46,72,73,12.52224
46,72,87,9.93304
46,73,74,11.03152
46,73,88,8.09051
46,74,89,5.61415
46,75,76,8.71084
46,75,90,8.62663
46,76,77,11.03152
46,76,91,5.61415
46,77,78,9.2695
46,77,92,10.02417
46,78,79,6.04853
46,78,93,7.9554
46,79,80,7.9554
46,79,94,8.64888
46,80,81,9.93304
46,80,95,7.12106
46,81,82,10.02417
46,81,96,8.62663
46,82,83,14.08704
46,82,97,10.02417
46,83,84,9.2695
46,83,98,6.16373
46,84,85,9.20533
46,84,99,11.03152
46,85,86,8.62663
46,85,100,6.62267
46,86,87,10.78658
46,86,101,13.38173
46,87,88,6.04853
46,87,102,11.03152
46,88,89,12.49493
46,88,103,14.08704
46,89,104,9.20533
46,90,91,5.61415
46,90,105,6.04853
46,91,92,10.62773
46,91,106,8.09051
46,92,93,11.41472
46,92,107,7.9554
46,93,94,11.41472
46,93,108,9.2695
46,94,95,7.9554
46,94,109,8.64888
46,95,96,6.16373
46,95,110,7.9554
46,96,97,9.20533
46,96,111,10.62773
46,97,98,6.62267
46,97,112,11.83452
46,98,99,10.78658
46,98,113,9.41676
46,99,100,9.93304
46,99,114,12.52224
46,100,101,8.71084
46,100,115,9.41676
46,101,102,10.78658
46,101,116,7.75169
46,102,103,6.64178
46,102,117,8.09051
46,103,104,6.04853
46,103,118,12.52224
46,104,119,14.08704
46,105,106,9.20533
46,105,120,10.0
46,106,107,7.9554
46,106,121,9.2695
46,107,108,5.61415
46,107,122,11.03152
46,108,109,7.24784
46,108,123,11.03152
46,109,110,11.66736
46,109,124,11.83452
46,110,111,13.20298
46,110,125,11.03152
46,111,112,7.12106
46,111,126,8.09051
46,112,113,8.71084
46,112,127,11.03152
46,113,114,12.49493
46,113,128,7.44386
46,114,115,9.93304
46,114,129,8.71084
46,115,116,10.78658
46,115,130,7.9554
46,116,117,8.62663
46,116,131,9.35202
46,117,118,14.08704
46,117,132,7.75169
46,118,119,13.20298
46,118,133,10.62773
46,119,134,10.0
46,120,121,9.93304
46,120,135,5.61415
46,121,122,9.93304
46,121,136,9.41676
46,122,123,7.24784
46,122,137,10.62773
46,123,124,6.04853
46,123,138,14.08704
46,124,125,10.0
46,124,139,9.20533
46,125,126,7.9554
46,125,140,8.71084
46,126,127,7.44386
46,126,141,7.24784
46,127,128,6.04853
46,127,142,13.38173
46,128,129,11.83452
46,128,143,13.20298
46,129,130,7.44386
46,129,144,6.64178
46,130,131,6.62267
46,130,145,9.93304
46,131,132,6.62267
46,131,146,8.09051
46,132,133,10.62773
46,132,147,9.2695
46,133,134,6.04853
46,133,148,6.62267
46,134,149,13.38173
46,135,136,6.04853
46,135,150,10.0
46,136,137,9.93304
46,136,151,10.0
46,137,138,9.93304
46,137,152,9.35202
46,138,139,8.71084
46,138,153,12.52224
46,139,140,8.64888
46,139,154,10.0
46,140,141,8.64888
46,140,155,10.62773
46,141,142,7.24784
46,141,156,8.62663
46,142,143,7.44386
46,142,157,7.44386
46,143,144,11.03152
46,143,158,6.64178
46,144,145,8.71084
46,144,159,13.38173
46,145,146,6.04853
46,145,160,8.64888
46,146,147,5.61415
46,146,161,10.78658
46,147,148,14.08704
46,147,162,11.66736
46,148,149,13.20298
46,148,163,5.61415
46,149,164,11.83452
46,150,151,8.62663
46,150,165,13.38173
46,151,152,9.41676
46,151,166,8.62663
46,152,153,6.16373
46,152,167,8.64888
46,153,154,9.20533
46,153,168,12.49493
46,154,155,7.9554
46,154,169,7.44386
46,155,156,8.71084
46,155,170,13.20298
46,156,157,6.04853
46,156,171,7.44386
46,157,158,10.78658
46,157,172,7.44386
46,158,159,14.08704
46,158,173,7.24784
46,159,160,8.64888
46,159,174,7.12106
46,160,161,10.0
46,160,175,11.41472
46,161,162,8.09051
46,161,176,9.35202
46,162,163,11.83452
46,162,177,14.08704
46,163,164,10.0
46,163,178,6.16373
46,164,179,8.71084
46,165,166,11.83452
46,165,180,12.49493
46,166,167,10.62773
46,166,181,6.64178
46,167,168,6.64178
46,167,182,8.62663
46,168,169,10.62773
46,168,183,9.35202
46,169,170,13.20298
46,169,184,6.04853
46,170,171,7.44386
46,170,185,8.64888
46,171,172,9.20533
46,171,186,6.64178
46,172,173,6.64178
46,172,187,7.12106
46,173,174,12.52224
46,173,188,8.64888
46,174,175,12.49493
46,174,189,7.24784
46,175,176,10.62773
46,175,190,7.9554
46,176,177,13.38173
46,176,191,13.20298
46,177,178,10.78658
46,177,192,10.62773
46,178,179,6.04853
46,178,193,6.16373
46,179,194,7.44386
46,180,181,6.62267
46,180,195,13.38173
46,181,182,10.62773
46,181,196,10.02417
46,182,183,8.09051
46,182,197,9.2695
46,183,184,10.62773
46,183,198,13.38173
46,184,185,13.38173
46,184,199,8.62663
46,185,186,11.66736
46,185,200,7.24784
46,186,187,10.0
46,186,201,10.02417
46,187,188,13.38173
46,187,202,7.9554
46,188,189,6.16373
46,188,203,6.62267
46,189,190,10.02417
46,189,204,6.04853
46,190,191,10.0
46,190,205,9.35202
46,191,192,7.44386
46,191,206,11.83452
46,192,193,12.52224
46,192,207,8.71084
46,193,194,14.08704
46,193,208,10.62773
46,194,209,11.66736
46,195,196,12.52224
46,195,210,11.83452
46,196,197,11.83452
46,196,211,8.71084
46,197,198,10.62773
46,197,212,11.83452
46,198,199,9.20533
46,198,213,12.52224
46,199,200,6.62267
46,199,214,13.20298
46,200,201,10.62773
46,200,215,9.93304
46,201,202,11.41472
46,201,216,10.02417
46,202,203,6.62267
46,202,217,6.62267
46,203,204,9.41676
46,203,218,7.44386
46,204,205,8.71084
46,204,219,5.61415
46,205,206,7.75169
46,205,220,10.02417
46,206,207,6.16373
46,206,221,12.49493
46,207,208,9.35202
46,207,222,11.66736
46,208,209,9.20533
46,208,223,10.02417
46,209,224,13.20298
46,210,211,13.38173
46,211,212,9.20533
46,212,213,7.24784
46,213,214,12.52224
46,214,215,13.38173
46,215,216,7.24784
46,216,217,10.02417
46,217,218,7.75169
46,218,219,9.41676
46,219,220,7.9554
46,220,221,11.83452
46,221,222,13.38173
46,222,223,5.61415
46,223,224,8.09051
47,0,1,16.87478
47,0,15,10.86508
47,1,2,6.77426
47,1,16,11.07122
47,2,3,6.77426
47,2,17,3.43212
47,3,4,12.4132
47,3,18,3.89135
47,4,5,12.4132
47,4,19,10.0
47,5,6,11.98519
47,5,20,10.0
47,6,7,3.43212
47,6,21,12.4132
47,7,8,18.2876
47,7,22,12.19368
47,8,9,17.136
47,8,23,6.57611
47,9,10,6.62479
47,9,24,7.31284
47,10,11,11.98519
47,10,25,8.15975
47,11,12,3.89135
47,11,26,12.19368
47,12,13,10.0
47,12,27,10.86508
47,13,14,12.19368
47,13,28,3.43212
47,14,29,4.00344
47,15,16,11.07122
47,15,30,4.00344
47,16,17,4.51156
47,16,31,4.00344
47,17,18,11.2709
47,17,32,13.38487
47,18,19,15.77207
47,18,33,11.12807
47,19,20,18.2876
47,19,34,11.33693
47,20,21,4.51156
47,20,35,13.38487
47,21,22,12.4132
47,21,36,10.86508
47,22,23,8.38405
47,22,37,5.83185
47,23,24,6.77426
47,23,38,5.83185
47,24,25,17.136
47,24,39,12.19368
47,25,26,10.0
47,25,40,11.07122
47,26,27,7.47113
47,26,41,12.26262
47,27,28,7.63829
47,27,42,6.57611
47,28,29,10.0
47,28,43,8.38405
47,29,44,12.26262
47,30,31,7.42571
47,30,45,7.42571
47,31,32,13.38487
47,31,46,8.38405
47,32,33,5.83185
47,32,47,7.42571
47,33,34,10.0
47,33,48,6.57611
47,34,35,8.38405
47,34,49,17.136
47,35,36,3.89135
47,35,50,15.77207
47,36,37,12.19368
47,36,51,10.25127
47,37,38,7.26126
47,37,52,18.2876
47,38,39,7.26126
47,38,53,4.51156
47,39,40,11.33693
47,39,54,11.12807
47,40,41,11.98519
47,40,55,11.2709
47,41,42,11.33693
47,41,56,7.42571
47,42,43,7.47113
47,42,57,10.25127
47,43,44,11.07122
47,43,58,6.77426
47,44,59,12.19368
47,45,46,3.43212
47,45,60,6.57611
47,46,47,11.2709
47,46,61,10.86508
47,47,48,13.38487
47,47,62,11.12807
47,48,49,8.15975
47,48,63,6.57611
47,49,50,5.83185
47,49,64,3.89135
47,50,51,13.38487
47,50,65,11.33693
47,51,52,10.25127
47,51,66,8.38405
47,52,53,12.4132
47,52,67,6.57611
47,53,54,7.26126
47,53,68,15.77207
47,54,55,13.38487
47,54,69,7.31284
47,55,56,10.0
47,55,70,7.42571
47,56,57,12.19368
47,56,71,4.51156
47,57,58,6.77426
47,57,72,6.47101
47,58,59,6.62479
47,58,73,12.19368
47,59,74,15.77207
47,60,61,5.83185
47,60,75,5.83185
47,61,62,4.51156
47,61,76,16.87478
47,62,63,7.26126
47,62,77,17.136
47,63,64,10.25127
47,63,78,18.2876
47,64,65,17.136
47,64,79,11.07122
47,65,66,18.2876
47,65,80,4.51156
47,66,67,11.98519
47,66,81,6.57611
47,67,68,4.51156
47,67,82,12.4132
47,68,69,3.89135
47,68,83,13.38487
47,69,70,5.83185
47,69,84,11.2709
47,70,71,7.42571
47,70,85,10.0
47,71,72,6.47101
47,71,86,11.07122
47,72,73,12.26262
47,72,87,3.89135
47,73,74,11.33693
47,73,88,4.00344
47,74,89,12.4132
47,75,76,17.136
47,75,90,3.43212
47,76,77,11.33693
47,76,91,12.4132
47,77,78,15.77207
47,77,92,18.2876
47,78,79,11.2709
47,78,93,6.77426
47,79,80,6.77426
47,79,94,8.38405
47,80,81,3.89135
47,80,95,12.19368
47,81,82,18.2876
47,81,96,3.43212
47,82,83,6.47101
47,82,97,18.2876
47,83,84,15.77207
47,83,98,7.42571
47,84,85,7.47113
47,84,99,11.33693
47,85,86,3.43212
47,85,100,6.57611
47,86,87,11.98519
47,86,101,7.31284
47,87,88,11.2709
47,87,102,11.33693
47,88,89,5.83185
47,88,103,6.47101
47,89,104,7.47113
47,90,91,12.4132
47,90,105,11.2709
47,91,92,16.87478
47,91,106,4.00344
47,92,93,10.86508
47,92,107,6.77426
47,93,94,10.86508
47,93,108,15.77207
47,94,95,6.77426
47,94,109,8.38405
47,95,96,7.42571
47,95,110,6.77426
47,96,97,7.47113
47,96,111,16.87478
47,97,98,6.57611
47,97,112,6.62479
47,98,99,11.98519
47,98,113,11.07122
47,99,100,3.89135
47,99,114,12.26262
47,100,101,17.136
47,100,115,11.07122
47,101,102,11.98519
47,101,116,7.26126
47,102,103,13.38487
47,102,117,4.00344
47,103,104,11.2709
47,103,118,12.26262
47,104,119,6.47101
47,105,106,7.47113
47,105,120,10.0
47,106,107,6.77426
47,106,121,15.77207
47,107,108,12.4132
47,107,122,11.33693
47,108,109,8.15975
47,108,123,11.33693
47,109,110,10.25127
47,109,124,6.62479
47,110,111,11.12807
47,110,125,11.33693
47,111,112,12.19368
47,111,126,4.00344
47,112,113,17.136
47,112,127,11.33693
47,113,114,5.83185
47,113,128,7.63829
47,114,115,3.89135
47,114,129,17.136
47,115,116,11.98519
47,115,130,6.77426
47,116,117,3.43212
47,116,131,4.51156
47,117,118,6.47101
47,117,132,7.26126
47,118,119,11.12807
47,118,133,16.87478
47,119,134,10.0
47,120,121,3.89135
47,120,135,12.4132
47,121,122,3.89135
47,121,136,11.07122
47,122,123,8.15975
47,122,137,16.87478
47,123,124,11.2709
47,123,138,6.47101
47,124,125,10.0
47,124,139,7.47113
47,125,126,6.77426
47,125,140,17.136
47,126,127,7.63829
47,126,141,8.15975
47,127,128,11.2709
47,127,142,7.31284
47,128,129,6.62479
47,128,143,11.12807
47,129,130,7.63829
47,129,144,13.38487
47,130,131,6.57611
47,130,145,3.89135
47,131,132,6.57611
47,131,146,4.00344
47,132,133,16.87478
47,132,147,15.77207
47,133,134,11.2709
47,133,148,6.57611
47,134,149,7.31284
47,135,136,11.2709
47,135,150,10.0
47,136,137,3.89135
47,136,151,10.0
47,137,138,3.89135
47,137,152,4.51156
47,138,139,17.136
47,138,153,12.26262
47,139,140,8.38405
47,139,154,10.0
47,140,141,8.38405
47,140,155,16.87478
47,141,142,8.15975
47,141,156,3.43212
47,142,143,7.63829
47,142,157,7.63829
47,143,144,11.33693
47,143,158,13.38487
47,144,145,17.136
47,144,159,7.31284
47,145,146,11.2709
47,145,160,8.38405
47,146,147,12.4132
47,146,161,11.98519
47,147,148,6.47101
47,147,162,10.25127
47,148,149,11.12807
47,148,163,12.4132
47,149,164,6.62479
47,150,151,3.43212
47,150,165,7.31284
47,151,152,11.07122
47,151,166,3.43212
47,152,153,7.42571
47,152,167,8.38405
47,153,154,7.47113
47,153,168,5.83185
47,154,155,6.77426
47,154,169,7.63829
47,155,156,17.136
47,155,170,11.12807
47,156,157,11.2709
47,156,171,7.63829
47,157,158,11.98519
47,157,172,7.63829
47,158,159,6.47101
47,158,173,8.15975
47,159,160,8.38405
47,159,174,12.19368
47,160,161,10.0
47,160,175,10.86508
47,161,162,4.00344
47,161,176,4.51156
47,162,163,6.62479
47,162,177,6.47101
47,163,164,10.0
47,163,178,7.42571
47,164,179,17.136
47,165,166,6.62479
47,165,180,5.83185
47,166,167,16.87478
47,166,181,13.38487
47,167,168,13.38487
47,167,182,3.43212
47,168,169,16.87478
47,168,183,4.51156
47,169,170,11.12807
47,169,184,11.2709
47,170,171,7.63829
47,170,185,8.38405
47,171,172,7.47113
47,171,186,13.38487
47,172,173,13.38487
47,172,187,12.19368
47,173,174,12.26262
47,173,188,8.38405
47,174,175,5.83185
47,174,189,8.15975
47,175,176,16.87478
47,175,190,6.77426
47,176,177,7.31284
47,176,191,11.12807
47,177,178,11.98519
47,177,192,16.87478
47,178,179,11.2709
47,178,193,7.42571
47,179,194,7.63829
47,180,181,6.57611
47,180,195,7.31284
47,181,182,16.87478
47,181,196,18.2876
47,182,183,4.00344
47,182,197,15.77207
47,183,184,16.87478
47,183,198,7.31284
47,184,185,7.31284
47,184,199,3.43212
47,185,186,10.25127
47,185,200,8.15975
47,186,187,10.0
47,186,201,18.2876
47,187,188,7.31284
47,187,202,6.77426
47,188,189,7.42571
47,188,203,6.57611
47,189,190,18.2876
47,189,204,11.2709
47,190,191,10.0
47,190,205,4.51156
47,191,192,7.63829
47,191,206,6.62479
47,192,193,12.26262
47,192,207,17.136
47,193,194,6.47101
47,193,208,16.87478
47,194,209,10.25127
47,195,196,12.26262
47,195,210,6.62479
47,196,197,6.62479
47,196,211,17.136
47,197,198,16.87478
47,197,212,6.62479
47,198,199,7.47113
47,198,213,12.26262
47,199,200,6.57611
47,199,214,11.12807
47,200,201,16.87478
47,200,215,3.89135
47,201,202,10.86508
47,201,216,18.2876
47,202,203,6.57611
47,202,217,6.57611
47,203,204,11.07122
47,203,218,7.63829
47,204,205,17.136
47,204,219,12.4132
47,205,206,7.26126
47,205,220,18.2876
47,206,207,7.42571
47,206,221,5.83185
47,207,208,4.51156
47,207,222,10.25127
47,208,209,7.47113
47,208,223,18.2876
47,209,224,11.12807
47,210,211,7.31284
47,211,212,7.47113
47,212,213,8.15975
47,213,214,12.26262
47,214,215,7.31284
47,215,216,8.15975
47,216,217,18.2876
47,217,218,7.26126
47,218,219,11.07122
47,219,220,6.77426
47,220,221,6.62479
47,221,222,7.31284
47,222,223,12.4132
47,223,224,4.00344
48,0,1,10.45094
48,0,15,6.68221
48,1,2,18.06149
48,1,16,9.30555
48,2,3,18.06149
48,2,17,12.834
48,3,4,15.41671
48,3,18,8.97383
48,4,5,15.41671
48,4,19,10.0
48,5,6,6.13328
48,5,20,10.0
48,6,7,12.834
48,6,21,15.41671
48,7,8,9.73896
48,7,22,11.88168
48,8,9,13.76228
48,8,23,11.39741
48,9,10,10.59446
48,9,24,7.15651
48,10,11,6.13328
48,10,25,7.20098
48,11,12,8.97383
48,11,26,11.88168
48,12,13,10.0
48,12,27,6.68221
48,13,14,11.88168
48,13,28,12.834
48,14,29,12.03564
48,15,16,9.30555
48,15,30,12.03564
48,16,17,8.32099
48,16,31,12.03564
48,17,18,16.32722
48,17,32,11.11669
48,18,19,14.61977
48,18,33,11.82275
48,19,20,9.73896
48,19,34,15.34887
48,20,21,8.32099
48,20,35,11.11669
48,21,22,15.41671
48,21,36,6.68221
48,22,23,12.53439
48,22,37,11.33981
48,23,24,18.06149
48,23,38,11.33981
48,24,25,13.76228
48,24,39,11.88168
48,25,26,10.0
48,25,40,9.30555
48,26,27,13.35027
48,26,41,11.05987
48,27,28,17.10009
48,27,42,11.39741
48,28,29,10.0
48,28,43,12.53439
48,29,44,11.05987
48,30,31,10.64995
48,30,45,10.64995
48,31,32,11.11669
48,31,46,12.53439
48,32,33,11.33981
48,32,47,10.64995
48,33,34,10.0
48,33,48,11.39741
48,34,35,12.53439
48,34,49,13.76228
48,35,36,8.97383
48,35,50,14.61977
48,36,37,11.88168
48,36,51,16.25726
48,37,38,7.80292
48,37,52,9.73896
48,38,39,7.80292
48,38,53,8.32099
48,39,40,15.34887
48,39,54,11.82275
48,40,41,6.13328
48,40,55,16.32722
48,41,42,15.34887
48,41,56,10.64995
48,42,43,13.35027
48,42,57,16.25726
48,43,44,9.30555
48,43,58,18.06149
48,44,59,11.88168
48,45,46,12.834
48,45,60,11.39741
48,46,47,16.32722
48,46,61,6.68221
48,47,48,11.11669
48,47,62,11.82275
48,48,49,7.20098
48,48,63,11.39741
48,49,50,11.33981
48,49,64,8.97383
48,50,51,11.11669
48,50,65,15.34887
48,51,52,16.25726
48,51,66,12.53439
48,52,53,15.41671
48,52,67,11.39741
48,53,54,7.80292
48,53,68,14.61977
48,54,55,11.11669
48,54,69,7.15651
48,55,56,10.0
48,55,70,10.64995
48,56,57,11.88168
48,56,71,8.32099
48,57,58,18.06149
48,57,72,7.75634
48,58,59,10.59446
48,58,73,11.88168
48,59,74,14.61977
48,60,61,11.33981
48,60,75,11.33981
48,61,62,8.32099
48,61,76,10.45094
48,62,63,7.80292
48,62,77,13.76228
48,63,64,16.25726
48,63,78,9.73896
48,64,65,13.76228
48,64,79,9.30555
48,65,66,9.73896
48,65,80,8.32099
48,66,67,6.13328
48,66,81,11.39741
48,67,68,8.32099
48,67,82,15.41671
48,68,69,8.97383
48,68,83,11.11669
48,69,70,11.33981
48,69,84,16.32722
48,70,71,10.64995
48,70,85,10.0
48,71,72,7.75634
48,71,86,9.30555
48,72,73,11.05987
48,72,87,8.97383
48,73,74,15.34887
48,73,88,12.03564
48,74,89,15.41671
48,75,76,13.76228
48,75,90,12.834
48,76,77,15.34887
48,76,91,15.41671
48,77,78,14.61977
48,77,92,9.73896
48,78,79,16.32722
48,78,93,18.06149
48,79,80,18.06149
48,79,94,12.53439
48,80,81,8.97383
48,80,95,11.88168
48,81,82,9.73896
48,81,96,12.834
48,82,83,7.75634
48,82,97,9.73896
48,83,84,14.61977
48,83,98,10.64995
48,84,85,13.35027
48,84,99,15.34887
48,85,86,12.834
48,85,100,11.39741
48,86,87,6.13328
48,86,101,7.15651
48,87,88,16.32722
48,87,102,15.34887
48,88,89,11.33981
48,88,103,7.75634
48,89,104,13.35027
48,90,91,15.41671
48,90,105,16.32722
48,91,92,10.45094
48,91,106,12.03564
48,92,93,6.68221
48,92,107,18.06149
48,93,94,6.68221
48,93,108,14.61977
48,94,95,18.06149
48,94,109,12.53439
48,95,96,10.64995
48,95,110,18.06149
48,96,97,13.35027
48,96,111,10.45094
48,97,98,11.39741
48,97,112,10.59446
48,98,99,6.13328
48,98,113,9.30555
48,99,100,8.97383
48,99,114,11.05987
48,100,101,13.76228
48,100,115,9.30555
48,101,102,6.13328
48,101,116,7.80292
48,102,103,11.11669
48,102,117,12.03564
48,103,104,16.32722
48,103,118,11.05987
48,104,119,7.75634
48,105,106,13.35027
48,105,120,10.0
48,106,107,18.06149
48,106,121,14.61977
48,107,108,15.41671
48,107,122,15.34887
48,108,109,7.20098
48,108,123,15.34887
48,109,110,16.25726
48,109,124,10.59446
48,110,111,11.82275
48,110,125,15.34887
48,111,112,11.88168
48,111,126,12.03564
48,112,113,13.76228
48,112,127,15.34887
48,113,114,11.33981
48,113,128,17.10009
48,114,115,8.97383
48,114,129,13.76228
48,115,116,6.13328
48,115,130,18.06149
48,116,117,12.834
48,116,131,8.32099
48,117,118,7.75634
48,117,132,7.80292
48,118,119,11.82275
48,118,133,10.45094
48,119,134,10.0
48,120,121,8.97383
48,120,135,15.41671
48,121,122,8.97383
48,121,136,9.30555
48,122,123,7.20098
48,122,137,10.45094
48,123,124,16.32722
48,123,138,7.75634
48,124,125,10.0
48,124,139,13.35027
48,125,126,18.06149
48,125,140,13.76228
48,126,127,17.10009
48,126,141,7.20098
48,127,128,16.32722
48,127,142,7.15651
48,128,129,10.59446
48,128,143,11.82275
48,129,130,17.10009
48,129,144,11.11669
48,130,131,11.39741
48,130,145,8.97383
48,131,132,11.39741
48,131,146,12.03564
48,132,133,10.45094
48,132,147,14.61977
48,133,134,16.32722
48,133,148,11.39741
48,134,149,7.15651
48,135,136,16.32722
48,135,150,10.0
48,136,137,8.97383
48,136,151,10.0
48,137,138,8.97383
48,137,152,8.32099
48,138,139,13.76228
48,138,153,11.05987
48,139,140,12.53439
48,139,154,10.0
48,140,141,12.53439
48,140,155,10.45094
48,141,142,7.20098
48,141,156,12.834
48,142,143,17.10009
48,142,157,17.10009
48,143,144,15.34887
48,143,158,11.11669
48,144,145,13.76228
48,144,159,7.15651
48,145,146,16.32722
48,145,160,12.53439
48,146,147,15.41671
48,146,161,6.13328
48,147,148,7.75634
48,147,162,16.25726
48,148,149,11.82275
48,148,163,15.41671
48,149,164,10.59446
48,150,151,12.834
48,150,165,7.15651
48,151,152,9.30555
48,151,166,12.834
48,152,153,10.64995
48,152,167,12.53439
48,153,154,13.35027
48,153,168,11.33981
48,154,155,18.06149
48,154,169,17.10009
48,155,156,13.76228
48,155,170,11.82275
48,156,157,16.32722
48,156,171,17.10009
48,157,158,6.13328
48,157,172,17.10009
48,158,159,7.75634
48,158,173,7.20098
48,159,160,12.53439
48,159,174,11.88168
48,160,161,10.0
48,160,175,6.68221
48,161,162,12.03564
48,161,176,8.32099
48,162,163,10.59446
48,162,177,7.75634
48,163,164,10.0
48,163,178,10.64995
48,164,179,13.76228
48,165,166,10.59446
48,165,180,11.33981
48,166,167,10.45094
48,166,181,11.11669
48,167,168,11.11669
48,167,182,12.834
48,168,169,10.45094
48,168,183,8.32099
48,169,170,11.82275
48,169,184,16.32722
48,170,171,17.10009
48,170,185,12.53439
48,171,172,13.35027
48,171,186,11.11669
48,172,173,11.11669
48,172,187,11.88168
48,173,174,11.05987
48,173,188,12.53439
48,174,175,11.33981
48,174,189,7.20098
48,175,176,10.45094
48,175,190,18.06149
48,176,177,7.15651
48,176,191,11.82275
48,177,178,6.13328
48,177,192,10.45094
48,178,179,16.32722
48,178,193,10.64995
48,179,194,17.10009
48,180,181,11.39741
48,180,195,7.15651
48,181,182,10.45094
48,181,196,9.73896
48,182,183,12.03564
48,182,197,14.61977
48,183,184,10.45094
48,183,198,7.15651
48,184,185,7.15651
48,184,199,12.834
48,185,186,16.25726
48,185,200,7.20098
48,186,187,10.0
48,186,201,9.73896
48,187,188,7.15651
48,187,202,18.06149
48,188,189,10.64995
48,188,203,11.39741
48,189,190,9.73896
48,189,204,16.32722
48,190,191,10.0
48,190,205,8.32099
48,191,192,17.10009
48,191,206,10.59446
48,192,193,11.05987
48,192,207,13.76228
48,193,194,7.75634
48,193,208,10.45094
48,194,209,16.25726
48,195,196,11.05987
48,195,210,10.59446
48,196,197,10.59446
48,196,211,13.76228
48,197,198,10.45094
48,197,212,10.59446
48,198,199,13.35027
48,198,213,11.05987
48,199,200,11.39741
48,199,214,11.82275
48,200,201,10.45094
48,200,215,8.97383
48,201,202,6.68221
48,201,216,9.73896
48,202,203,11.39741
48,202,217,11.39741
48,203,204,9.30555
48,203,218,17.10009
48,204,205,13.76228
48,204,219,15.41671
48,205,206,7.80292
48,205,220,9.73896
48,206,207,10.64995
48,206,221,11.33981
48,207,208,8.32099
48,207,222,16.25726
48,208,209,13.35027
48,208,223,9.73896
48,209,224,11.82275
48,210,211,7.15651
48,211,212,13.35027
48,212,213,7.20098
48,213,214,11.05987
48,214,215,7.15651
48,215,216,7.20098
48,216,217,9.73896
48,217,218,7.80292
48,218,219,9.30555
48,219,220,18.06149
48,220,221,10.59446
48,221,222,7.15651
48,222,223,15.41671
48,223,224,12.03564
49,0,1,6.52133
49,0,15,6.2864
49,1,2,12.71431
49,1,16,11.15941
49,2,3,12.71431
49,2,17,12.37094
49,3,4,12.99454
49,3,18,8.13583
49,4,5,12.99454
49,4,19,10.0
49,5,6,7.18317
49,5,20,10.0
49,6,7,12.37094
49,6,21,12.99454
49,7,8,7.43705
49,7,22,7.63138
49,8,9,11.48411
49,8,23,11.40318
49,9,10,12.11601
49,9,24,7.93419
49,10,11,7.18317
49,10,25,8.35491
49,11,12,8.13583
49,11,26,7.63138
49,12,13,10.0
49,12,27,6.2864
49,13,14,7.63138
49,13,28,12.37094
49,14,29,13.66979
49,15,16,11.15941
49,15,30,13.66979
49,16,17,9.17205
49,16,31,13.66979
49,17,18,11.73172
49,17,32,8.63157
49,18,19,10.30576
49,18,33,7.2322
49,19,20,7.43705
49,19,34,12.45554
49,20,21,9.17205
49,20,35,8.63157
49,21,22,12.99454
49,21,36,6.2864
49,22,23,9.46354
49,22,37,10.90163
49,23,24,12.71431
49,23,38,10.90163
49,24,25,11.48411
49,24,39,7.63138
49,25,26,10.0
49,25,40,11.15941
49,26,27,8.40838
49,26,41,8.20289
49,27,28,14.0321
49,27,42,11.40318
49,28,29,10.0
49,28,43,9.46354
49,29,44,8.20289
49,30,31,12.64705
49,30,45,12.64705
49,31,32,8.63157
49,31,46,9.46354
49,32,33,10.90163
49,32,47,12.64705
49,33,34,10.0
49,33,48,11.40318
49,34,35,9.46354
49,34,49,11.48411
49,35,36,8.13583
49,35,50,10.30576
49,36,37,7.63138
49,36,51,11.22222
49,37,38,7.37367
49,37,52,7.43705
49,38,39,7.37367
49,38,53,9.17205
49,39,40,12.45554
49,39,54,7.2322
49,40,41,7.18317
49,40,55,11.73172
49,41,42,12.45554
49,41,56,12.64705
49,42,43,8.40838
49,42,57,11.22222
49,43,44,11.15941
49,43,58,12.71431
49,44,59,7.63138
49,45,46,12.37094
49,45,60,11.40318
49,46,47,11.73172
49,46,61,6.2864
49,47,48,8.63157
49,47,62,7.2322
49,48,49,8.35491
49,48,63,11.40318
49,49,50,10.90163
49,49,64,8.13583
49,50,51,8.63157
49,50,65,12.45554
49,51,52,11.22222
49,51,66,9.46354
49,52,53,12.99454
49,52,67,11.40318
49,53,54,7.37367
49,53,68,10.30576
49,54,55,8.63157
49,54,69,7.93419
49,55,56,10.0
49,55,70,12.64705
49,56,57,7.63138
49,56,71,9.17205
49,57,58,12.71431
49,57,72,6.98244
49,58,59,12.11601
49,58,73,7.63138
49,59,74,10.30576
49,60,61,10.90163
49,60,75,10.90163
49,61,62,9.17205
49,61,76,6.52133
49,62,63,7.37367
49,62,77,11.48411
49,63,64,11.22222
49,63,78,7.43705
49,64,65,11.48411
49,64,79,11.15941
49,65,66,7.43705
49,65,80,9.17205
49,66,67,7.18317
49,66,81,11.40318
49,67,68,9.17205
49,67,82,12.99454
49,68,69,8.13583
49,68,83,8.63157
49,69,70,10.90163
49,69,84,11.73172
49,70,71,12.64705
49,70,85,10.0
49,71,72,6.98244
49,71,86,11.15941
49,72,73,8.20289
49,72,87,8.13583
49,73,74,12.45554
49,73,88,13.66979
49,74,89,12.99454
49,75,76,11.48411
49,75,90,12.37094
49,76,77,12.45554
49,76,91,12.99454
49,77,78,10.30576
49,77,92,7.43705
49,78,79,11.73172
49,78,93,12.71431
49,79,80,12.71431
49,79,94,9.46354
49,80,81,8.13583
49,80,95,7.63138
49,81,82,7.43705
49,81,96,12.37094
49,82,83,6.98244
49,82,97,7.43705
49,83,84,10.30576
49,83,98,12.64705
49,84,85,8.40838
49,84,99,12.45554
49,85,86,12.37094
49,85,100,11.40318
49,86,87,7.18317
49,86,101,7.93419
49,87,88,11.73172
49,87,102,12.45554
49,88,89,10.90163
49,88,103,6.98244
49,89,104,8.40838
49,90,91,12.99454
49,90,105,11.73172
49,91,92,6.52133
49,91,106,13.66979
49,92,93,6.2864
49,92,107,12.71431
49,93,94,6.2864
49,93,108,10.30576
49,94,95,12.71431
49,94,109,9.46354
49,95,96,12.64705
49,95,110,12.71431
49,96,97,8.40838
49,96,111,6.52133
49,97,98,11.40318
49,97,112,12.11601
49,98,99,7.18317
49,98,113,11.15941
49,99,100,8.13583
49,99,114,8.20289
49,100,101,11.48411
49,100,115,11.15941
49,101,102,7.18317
49,101,116,7.37367
49,102,103,8.63157
49,102,117,13.66979
49,103,104,11.73172
49,103,118,8.20289
49,104,119,6.98244
49,105,106,8.40838
49,105,120,10.0
49,106,107,12.71431
49,106,121,10.30576
49,107,108,12.99454
49,107,122,12.45554
49,108,109,8.35491
49,108,123,12.45554
49,109,110,11.22222
49,109,124,12.11601
49,110,111,7.2322
49,110,125,12.45554
49,111,112,7.63138
49,111,126,13.66979
49,112,113,11.48411
49,112,127,12.45554
49,113,114,10.90163
49,113,128,14.0321
49,114,115,8.13583
49,114,129,11.48411
49,115,116,7.18317
49,115,130,12.71431
49,116,117,12.37094
49,116,131,9.17205
49,117,118,6.98244
49,117,132,7.37367
49,118,119,7.2322
49,118,133,6.52133
49,119,134,10.0
49,120,121,8.13583
49,120,135,12.99454
49,121,122,8.13583
49,121,136,11.15941
49,122,123,8.35491
49,122,137,6.52133
49,123,124,11.73172
49,123,138,6.98244
49,124,125,10.0
49,124,139,8.40838
49,125,126,12.71431
49,125,140,11.48411
49,126,127,14.0321
49,126,141,8.35491
49,127,128,11.73172
49,127,142,7.93419
49,128,129,12.11601
49,128,143,7.2322
49,129,130,14.0321
49,129,144,8.63157
49,130,131,11.40318
49,130,145,8.13583
49,131,132,11.40318
49,131,146,13.66979
49,132,133,6.52133
49,132,147,10.30576
49,133,134,11.73172
49,133,148,11.40318
49,134,149,7.93419
49,135,136,11.73172
49,135,150,10.0
49,136,137,8.13583
49,136,151,10.0
49,137,138,8.13583
49,137,152,9.17205
49,138,139,11.48411
49,138,153,8.20289
49,139,140,9.46354
49,139,154,10.0
49,140,141,9.46354
49,140,155,6.52133
49,141,142,8.35491
49,141,156,12.37094
49,142,143,14.0321
49,142,157,14.0321
49,143,144,12.45554
49,143,158,8.63157
49,144,145,11.48411
49,144,159,7.93419
49,145,146,11.73172
49,145,160,9.46354
49,146,147,12.99454
49,146,161,7.18317
49,147,148,6.98244
49,147,162,11.22222
49,148,149,7.2322
49,148,163,12.99454
49,149,164,12.11601
49,150,151,12.37094
49,150,165,7.93419
49,151,152,11.15941
49,151,166,12.37094
49,152,153,12.64705
49,152,167,9.46354
49,153,154,8.40838
49,153,168,10.90163
49,154,155,12.71431
49,154,169,14.0321
49,155,156,11.48411
49,155,170,7.2322
49,156,157,11.73172
49,156,171,14.0321
49,157,158,7.18317
49,157,172,14.0321
49,158,159,6.98244
49,158,173,8.35491
49,159,160,9.46354
49,159,174,7.63138
49,160,161,10.0
49,160,175,6.2864
49,161,162,13.66979
49,161,176,9.17205
49,162,163,12.11601
49,162,177,6.98244
49,163,164,10.0
49,163,178,12.64705
49,164,179,11.48411
49,165,166,12.11601
49,165,180,10.90163
49,166,167,6.52133
49,166,181,8.63157
49,167,168,8.63157
49,167,182,12.37094
49,168,169,6.52133
49,168,183,9.17205
49,169,170,7.2322
49,169,184,11.73172
49,170,171,14.0321
49,170,185,9.46354
49,171,172,8.40838
49,171,186,8.63157
49,172,173,8.63157
49,172,187,7.63138
49,173,174,8.20289
49,173,188,9.46354
49,174,175,10.90163
49,174,189,8.35491
49,175,176,6.52133
49,175,190,12.71431
49,176,177,7.93419
49,176,191,7.2322
49,177,178,7.18317
49,177,192,6.52133
49,178,179,11.73172
49,178,193,12.64705
49,179,194,14.0321
49,180,181,11.40318
49,180,195,7.93419
49,181,182,6.52133
49,181,196,7.43705
49,182,183,13.66979
49,182,197,10.30576
49,183,184,6.52133
49,183,198,7.93419
49,184,185,7.93419
49,184,199,12.37094
49,185,186,11.22222
49,185,200,8.35491
49,186,187,10.0
49,186,201,7.43705
49,187,188,7.93419
49,187,202,12.71431
49,188,189,12.64705
49,188,203,11.40318
49,189,190,7.43705
49,189,204,11.73172
49,190,191,10.0
49,190,205,9.17205
49,191,192,14.0321
49,191,206,12.11601
49,192,193,8.20289
49,192,207,11.48411
49,193,194,6.98244
49,193,208,6.52133
49,194,209,11.22222
49,195,196,8.20289
49,195,210,12.11601
49,196,197,12.11601
49,196,211,11.48411
49,197,198,6.52133
49,197,212,12.11601
49,198,199,8.40838
49,198,213,8.20289
49,199,200,11.40318
49,199,214,7.2322
49,200,201,6.52133
49,200,215,8.13583
49,201,202,6.2864
49,201,216,7.43705
49,202,203,11.40318
49,202,217,11.40318
49,203,204,11.15941
49,203,218,14.0321
49,204,205,11.48411
49,204,219,12.99454
49,205,206,7.37367
49,205,220,7.43705
49,206,207,12.64705
49,206,221,10.90163
49,207,208,9.17205
49,207,222,11.22222
49,208,209,8.40838
49,208,223,7.43705
49,209,224,7.2322
49,210,211,7.93419
49,211,212,8.40838
49,212,213,8.35491
49,213,214,8.20289
49,214,215,7.93419
49,215,216,8.35491
49,216,217,7.43705
49,217,218,7.37367
49,218,219,11.15941
49,219,220,12.71431
49,220,221,12.11601
49,221,222,7.93419
49,222,223,12.99454
49,223,224,13.66979
50,0,1,11.54792
50,0,15,13.30944
50,1,2,7.48251
50,1,16,10.344
50,2,3,7.48251
50,2,17,8.87815
50,3,4,7.96012
50,3,18,11.99112
50,4,5,7.96012
50,4,19,10.0
50,5,6,13.71121
50,5,20,10.0
50,6,7,8.87815
50,6,21,7.96012
50,7,8,11.92007
50,7,22,10.54742
50,8,9,8.81801
50,8,23,9.07772
50,9,10,10.12926
50,9,24,13.46053
50,10,11,13.71121
50,10,25,12.61045
50,11,12,11.99112
50,11,26,10.54742
50,12,13,10.0
50,12,27,13.30944
50,13,14,10.54742
50,13,28,8.87815
50,14,29,9.2002
50,15,16,10.344
50,15,30,9.2002
50,16,17,12.37094
50,16,31,9.2002
50,17,18,7.66367
50,17,32,10.90163
50,18,19,8.50362
50,18,33,11.31968
50,19,20,11.92007
50,19,34,8.62169
50,20,21,12.37094
50,20,35,10.90163
50,21,22,7.96012
50,21,36,13.30944
50,22,23,10.68054
50,22,37,9.78927
50,23,24,7.48251
50,23,38,9.78927
50,24,25,8.81801
50,24,39,10.54742
50,25,26,10.0
50,25,40,10.344
50,26,27,10.33034
50,26,41,11.68782
50,27,28,7.77495
50,27,42,9.07772
50,28,29,10.0
50,28,43,10.68054
50,29,44,11.68782
50,30,31,9.40379
50,30,45,9.40379
50,31,32,10.90163
50,31,46,10.68054
50,32,33,9.78927
50,32,47,9.40379
50,33,34,10.0
50,33,48,9.07772
50,34,35,10.68054
50,34,49,8.81801
50,35,36,11.99112
50,35,50,8.50362
50,36,37,10.54742
50,36,51,8.31132
50,37,38,12.22662
50,37,52,11.92007
50,38,39,12.22662
50,38,53,12.37094
50,39,40,8.62169
50,39,54,11.31968
50,40,41,13.71121
50,40,55,7.66367
50,41,42,8.62169
50,41,56,9.40379
50,42,43,10.33034
50,42,57,8.31132
50,43,44,10.344
50,43,58,7.48251
50,44,59,10.54742
50,45,46,8.87815
50,45,60,9.07772
50,46,47,7.66367
50,46,61,13.30944
50,47,48,10.90163
50,47,62,11.31968
50,48,49,12.61045
50,48,63,9.07772
50,49,50,9.78927
50,49,64,11.99112
50,50,51,10.90163
50,50,65,8.62169
50,51,52,8.31132
50,51,66,10.68054
50,52,53,7.96012
50,52,67,9.07772
50,53,54,12.22662
50,53,68,8.50362
50,54,55,10.90163
50,54,69,13.46053
50,55,56,10.0
50,55,70,9.40379
50,56,57,10.54742
50,56,71,12.37094
50,57,58,7.48251
50,57,72,13.06278
50,58,59,10.12926
50,58,73,10.54742
50,59,74,8.50362
50,60,61,9.78927
50,60,75,9.78927
50,61,62,12.37094
50,61,76,11.54792
50,62,63,12.22662
50,62,77,8.81801
50,63,64,8.31132
50,63,78,11.92007
50,64,65,8.81801
50,64,79,10.344
50,65,66,11.92007
50,65,80,12.37094
50,66,67,13.71121
50,66,81,9.07772
50,67,68,12.37094
50,67,82,7.96012
50,68,69,11.99112
50,68,83,10.90163
50,69,70,9.78927
50,69,84,7.66367
50,70,71,9.40379
50,70,85,10.0
50,71,72,13.06278
50,71,86,10.344
50,72,73,11.68782
50,72,87,11.99112
50,73,74,8.62169
50,73,88,9.2002
50,74,89,7.96012
50,75,76,8.81801
50,75,90,8.87815
50,76,77,8.62169
50,76,91,7.96012
50,77,78,8.50362
50,77,92,11.92007
50,78,79,7.66367
50,78,93,7.48251
50,79,80,7.48251
50,79,94,10.68054
50,80,81,11.99112
50,80,95,10.54742
50,81,82,11.92007
50,81,96,8.87815
50,82,83,13.06278
50,82,97,11.92007
50,83,84,8.50362
50,83,98,9.40379
50,84,85,10.33034
50,84,99,8.62169
50,85,86,8.87815
50,85,100,9.07772
50,86,87,13.71121
50,86,101,13.46053
50,87,88,7.66367
50,87,102,8.62169
50,88,89,9.78927
50,88,103,13.06278
50,89,104,10.33034
50,90,91,7.96012
50,90,105,7.66367
50,91,92,11.54792
50,91,106,9.2002
50,92,93,13.30944
50,92,107,7.48251
50,93,94,13.30944
50,93,108,8.50362
50,94,95,7.48251
50,94,109,10.68054
50,95,96,9.40379
50,95,110,7.48251
50,96,97,10.33034
50,96,111,11.54792
50,97,98,9.07772
50,97,112,10.12926
50,98,99,13.71121
50,98,113,10.344
50,99,100,11.99112
50,99,114,11.68782
50,100,101,8.81801
50,100,115,10.344
50,101,102,13.71121
50,101,116,12.22662
50,102,103,10.90163
50,102,117,9.2002
50,103,104,7.66367
50,103,118,11.68782
50,104,119,13.06278
50,105,106,10.33034
50,105,120,10.0
50,106,107,7.48251
50,106,121,8.50362
50,107,108,7.96012
50,107,122,8.62169
50,108,109,12.61045
50,108,123,8.62169
50,109,110,8.31132
50,109,124,10.12926
50,110,111,11.31968
50,110,125,8.62169
50,111,112,10.54742
50,111,126,9.2002
50,112,113,8.81801
50,112,127,8.62169
50,113,114,9.78927
50,113,128,7.77495
50,114,115,11.99112
50,114,129,8.81801
50,115,116,13.71121
50,115,130,7.48251
50,116,117,8.87815
50,116,131,12.37094
50,117,118,13.06278
50,117,132,12.22662
50,118,119,11.31968
50,118,133,11.54792
50,119,134,10.0
50,120,121,11.99112
50,120,135,7.96012
50,121,122,11.99112
50,121,136,10.344
50,122,123,12.61045
50,122,137,11.54792
50,123,124,7.66367
50,123,138,13.06278
50,124,125,10.0
50,124,139,10.33034
50,125,126,7.48251
50,125,140,8.81801
50,126,127,7.77495
50,126,141,12.61045
50,127,128,7.66367
50,127,142,13.46053
50,128,129,10.12926
50,128,143,11.31968
50,129,130,7.77495
50,129,144,10.90163
50,130,131,9.07772
50,130,145,11.99112
50,131,132,9.07772
50,131,146,9.2002
50,132,133,11.54792
50,132,147,8.50362
50,133,134,7.66367
50,133,148,9.07772
50,134,149,13.46053
50,135,136,7.66367
50,135,150,10.0
50,136,137,11.99112
50,136,151,10.0
50,137,138,11.99112
50,137,152,12.37094
50,138,139,8.81801
50,138,153,11.68782
50,139,140,10.68054
50,139,154,10.0
50,140,141,10.68054
50,140,155,11.54792
50,141,142,12.61045
50,141,156,8.87815
50,142,143,7.77495
50,142,157,7.77495
50,143,144,8.62169
50,143,158,10.90163
50,144,145,8.81801
50,144,159,13.46053
50,145,146,7.66367
50,145,160,10.68054
50,146,147,7.96012
50,146,161,13.71121
50,147,148,13.06278
50,147,162,8.31132
50,148,149,11.31968
50,148,163,7.96012
50,149,164,10.12926
50,150,151,8.87815
50,150,165,13.46053
50,151,152,10.344
50,151,166,8.87815
50,152,153,9.40379
50,152,167,10.68054
50,153,154,10.33034
50,153,168,9.78927
50,154,155,7.48251
50,154,169,7.77495
50,155,156,8.81801
50,155,170,11.31968
50,156,157,7.66367
50,156,171,7.77495
50,157,158,13.71121
50,157,172,7.77495
50,158,159,13.06278
50,158,173,12.61045
50,159,160,10.68054
50,159,174,10.54742
50,160,161,10.0
50,160,175,13.30944
50,161,162,9.2002
50,161,176,12.37094
50,162,163,10.12926
50,162,177,13.06278
50,163,164,10.0
50,163,178,9.40379
50,164,179,8.81801
50,165,166,10.12926
50,165,180,9.78927
50,166,167,11.54792
50,166,181,10.90163
50,167,168,10.90163
50,167,182,8.87815
50,168,169,11.54792
50,168,183,12.37094
50,169,170,11.31968
50,169,184,7.66367
50,170,171,7.77495
50,170,185,10.68054
50,171,172,10.33034
50,171,186,10.90163
50,172,173,10.90163
50,172,187,10.54742
50,173,174,11.68782
50,173,188,10.68054
50,174,175,9.78927
50,174,189,12.61045
50,175,176,11.54792
50,175,190,7.48251
50,176,177,13.46053
50,176,191,11.31968
50,177,178,13.71121
50,177,192,11.54792
50,178,179,7.66367
50,178,193,9.40379
50,179,194,7.77495
50,180,181,9.07772
50,180,195,13.46053
50,181,182,11.54792
50,181,196,11.92007
50,182,183,9.2002
50,182,197,8.50362
50,183,184,11.54792
50,183,198,13.46053
50,184,185,13.46053
50,184,199,8.87815
50,185,186,8.31132
50,185,200,12.61045
50,186,187,10.0
50,186,201,11.92007
50,187,188,13.46053
50,187,202,7.48251
50,188,189,9.40379
50,188,203,9.07772
50,189,190,11.92007
50,189,204,7.66367
50,190,191,10.0
50,190,205,12.37094
50,191,192,7.77495
50,191,206,10.12926
50,192,193,11.68782
50,192,207,8.81801
50,193,194,13.06278
50,193,208,11.54792
50,194,209,8.31132
50,195,196,11.68782
50,195,210,10.12926
50,196,197,10.12926
50,196,211,8.81801
50,197,198,11.54792
50,197,212,10.12926
50,198,199,10.33034
50,198,213,11.68782
50,199,200,9.07772
50,199,214,11.31968
50,200,201,11.54792
50,200,215,11.99112
50,201,202,13.30944
50,201,216,11.92007
50,202,203,9.07772
50,202,217,9.07772
50,203,204,10.344
50,203,218,7.77495
50,204,205,8.81801
50,204,219,7.96012
50,205,206,12.22662
50,205,220,11.92007
50,206,207,9.40379
50,206,221,9.78927
50,207,208,12.37094
50,207,222,8.31132
50,208,209,10.33034
50,208,223,11.92007
50,209,224,11.31968
50,210,211,13.46053
50,211,212,10.33034
50,212,213,12.61045
50,213,214,11.68782
50,214,215,13.46053
50,215,216,12.61045
50,216,217,11.92007
50,217,218,12.22662
50,218,219,10.344
50,219,220,7.48251
50,220,221,10.12926
50,221,222,13.46053
50,222,223,7.96012
50,223,224,9.2002
51,0,1,10.14819
51,0,15,12.1578
51,1,2,12.44041
51,1,16,8.37433
51,2,3,12.44041
51,2,17,14.67595
51,3,4,7.13656
51,3,18,17.30892
51,4,5,7.13656
51,4,19,10.0
51,5,6,10.33854
51,5,20,10.0
51,6,7,14.67595
51,6,21,7.13656
51,7,8,8.50853
51,7,22,10.62218
51,8,9,6.75923
51,8,23,10.47019
51,9,10,12.13093
51,9,24,14.51764
51,10,11,10.33854
51,10,25,10.81738
51,11,12,17.30892
51,11,26,10.62218
51,12,13,10.0
51,12,27,12.1578
51,13,14,10.62218
51,13,28,14.67595
51,14,29,12.65316
51,15,16,8.37433
51,15,30,12.65316
51,16,17,15.09253
51,16,31,12.65316
51,17,18,8.62663
51,17,32,8.93851
51,18,19,8.20529
51,18,33,14.28843
51,19,20,8.50853
51,19,34,10.12385
51,20,21,15.09253
51,20,35,8.93851
51,21,22,7.13656
51,21,36,12.1578
51,22,23,12.8217
51,22,37,14.1097
51,23,24,12.44041
51,23,38,14.1097
51,24,25,6.75923
51,24,39,10.62218
51,25,26,10.0
51,25,40,8.37433
51,26,27,14.85847
51,26,41,12.29566
51,27,28,10.59723
51,27,42,10.47019
51,28,29,10.0
51,28,43,12.8217
51,29,44,12.29566
51,30,31,8.80051
51,30,45,8.80051
51,31,32,8.93851
51,31,46,12.8217
51,32,33,14.1097
51,32,47,8.80051
51,33,34,10.0
51,33,48,10.47019
51,34,35,12.8217
51,34,49,6.75923
51,35,36,17.30892
51,35,50,8.20529
51,36,37,10.62218
51,36,51,11.92302
51,37,38,12.68066
51,37,52,8.50853
51,38,39,12.68066
51,38,53,15.09253
51,39,40,10.12385
51,39,54,14.28843
51,40,41,10.33854
51,40,55,8.62663
51,41,42,10.12385
51,41,56,8.80051
51,42,43,14.85847
51,42,57,11.92302
51,43,44,8.37433
51,43,58,12.44041
51,44,59,10.62218
51,45,46,14.67595
51,45,60,10.47019
51,46,47,8.62663
51,46,61,12.1578
51,47,48,8.93851
51,47,62,14.28843
51,48,49,10.81738
51,48,63,10.47019
51,49,50,14.1097
51,49,64,17.30892
51,50,51,8.93851
51,50,65,10.12385
51,51,52,11.92302
51,51,66,12.8217
51,52,53,7.13656
51,52,67,10.47019
51,53,54,12.68066
51,53,68,8.20529
51,54,55,8.93851
51,54,69,14.51764
51,55,56,10.0
51,55,70,8.80051
51,56,57,10.62218
51,56,71,15.09253
51,57,58,12.44041
51,57,72,16.69001
51,58,59,12.13093
51,58,73,10.62218
51,59,74,8.20529
51,60,61,14.1097
51,60,75,14.1097
51,61,62,15.09253
51,61,76,10.14819
51,62,63,12.68066
51,62,77,6.75923
51,63,64,11.92302
51,63,78,8.50853
51,64,65,6.75923
51,64,79,8.37433
51,65,66,8.50853
51,65,80,15.09253
51,66,67,10.33854
51,66,81,10.47019
51,67,68,15.09253
51,67,82,7.13656
51,68,69,17.30892
51,68,83,8.93851
51,69,70,14.1097
51,69,84,8.62663
51,70,71,8.80051
51,70,85,10.0
51,71,72,16.69001
51,71,86,8.37433
51,72,73,12.29566
51,72,87,17.30892
51,73,74,10.12385
51,73,88,12.65316
51,74,89,7.13656
51,75,76,6.75923
51,75,90,14.67595
51,76,77,10.12385
51,76,91,7.13656
51,77,78,8.20529
51,77,92,8.50853
51,78,79,8.62663
51,78,93,12.44041
51,79,80,12.44041
51,79,94,12.8217
51,80,81,17.30892
51,80,95,10.62218
51,81,82,8.50853
51,81,96,14.67595
51,82,83,16.69001
51,82,97,8.50853
51,83,84,8.20529
51,83,98,8.80051
51,84,85,14.85847
51,84,99,10.12385
51,85,86,14.67595
51,85,100,10.47019
51,86,87,10.33854
51,86,101,14.51764
51,87,88,8.62663
51,87,102,10.12385
51,88,89,14.1097
51,88,103,16.69001
51,89,104,14.85847
51,90,91,7.13656
51,90,105,8.62663
51,91,92,10.14819
51,91,106,12.65316
51,92,93,12.1578
51,92,107,12.44041
51,93,94,12.1578
51,93,108,8.20529
51,94,95,12.44041
51,94,109,12.8217
51,95,96,8.80051
51,95,110,12.44041
51,96,97,14.85847
51,96,111,10.14819
51,97,98,10.47019
51,97,112,12.13093
51,98,99,10.33854
51,98,113,8.37433
51,99,100,17.30892
51,99,114,12.29566
51,100,101,6.75923
51,100,115,8.37433
51,101,102,10.33854
51,101,116,12.68066
51,102,103,8.93851
51,102,117,12.65316
51,103,104,8.62663
51,103,118,12.29566
51,104,119,16.69001
51,105,106,14.85847
51,105,120,10.0
51,106,107,12.44041
51,106,121,8.20529
51,107,108,7.13656
51,107,122,10.12385
51,108,109,10.81738
51,108,123,10.12385
51,109,110,11.92302
51,109,124,12.13093
51,110,111,14.28843
51,110,125,10.12385
51,111,112,10.62218
51,111,126,12.65316
51,112,113,6.75923
51,112,127,10.12385
51,113,114,14.1097
51,113,128,10.59723
51,114,115,17.30892
51,114,129,6.75923
51,115,116,10.33854
51,115,130,12.44041
51,116,117,14.67595
51,116,131,15.09253
51,117,118,16.69001
51,117,132,12.68066
51,118,119,14.28843
51,118,133,10.14819
51,119,134,10.0
51,120,121,17.30892
51,120,135,7.13656
51,121,122,17.30892
51,121,136,8.37433
51,122,123,10.81738
51,122,137,10.14819
51,123,124,8.62663
51,123,138,16.69001
51,124,125,10.0
51,124,139,14.85847
51,125,126,12.44041
51,125,140,6.75923
51,126,127,10.59723
51,126,141,10.81738
51,127,128,8.62663
51,127,142,14.51764
51,128,129,12.13093
51,128,143,14.28843
51,129,130,10.59723
51,129,144,8.93851
51,130,131,10.47019
51,130,145,17.30892
51,131,132,10.47019
51,131,146,12.65316
51,132,133,10.14819
51,132,147,8.20529
51,133,134,8.62663
51,133,148,10.47019
51,134,149,14.51764
51,135,136,8.62663
51,135,150,10.0
51,136,137,17.30892
51,136,151,10.0
51,137,138,17.30892
51,137,152,15.09253
51,138,139,6.75923
51,138,153,12.29566
51,139,140,12.8217
51,139,154,10.0
51,140,141,12.8217
51,140,155,10.14819
51,141,142,10.81738
51,141,156,14.67595
51,142,143,10.59723
51,142,157,10.59723
51,143,144,10.12385
51,143,158,8.93851
51,144,145,6.75923
51,144,159,14.51764
51,145,146,8.62663
51,145,160,12.8217
51,146,147,7.13656
51,146,161,10.33854
51,147,148,16.69001
51,147,162,11.92302
51,148,149,14.28843
51,148,163,7.13656
51,149,164,12.13093
51,150,151,14.67595
51,150,165,14.51764
51,151,152,8.37433
51,151,166,14.67595
51,152,153,8.80051
51,152,167,12.8217
51,153,154,14.85847
51,153,168,14.1097
51,154,155,12.44041
51,154,169,10.59723
51,155,156,6.75923
51,155,170,14.28843
51,156,157,8.62663
51,156,171,10.59723
51,157,158,10.33854
51,157,172,10.59723
51,158,159,16.69001
51,158,173,10.81738
51,159,160,12.8217
51,159,174,10.62218
51,160,161,10.0
51,160,175,12.1578
51,161,162,12.65316
51,161,176,15.09253
51,162,163,12.13093
51,162,177,16.69001
51,163,164,10.0
51,163,178,8.80051
51,164,179,6.75923
51,165,166,12.13093
51,165,180,14.1097
51,166,167,10.14819
51,166,181,8.93851
51,167,168,8.93851
51,167,182,14.67595
51,168,169,10.14819
51,168,183,15.09253
51,169,170,14.28843
51,169,184,8.62663
51,170,171,10.59723
51,170,185,12.8217
51,171,172,14.85847
51,171,186,8.93851
51,172,173,8.93851
51,172,187,10.62218
51,173,174,12.29566
51,173,188,12.8217
51,174,175,14.1097
51,174,189,10.81738
51,175,176,10.14819
51,175,190,12.44041
51,176,177,14.51764
51,176,191,14.28843
51,177,178,10.33854
51,177,192,10.14819
51,178,179,8.62663
51,178,193,8.80051
51,179,194,10.59723
51,180,181,10.47019
51,180,195,14.51764
51,181,182,10.14819
51,181,196,8.50853
51,182,183,12.65316
51,182,197,8.20529
51,183,184,10.14819
51,183,198,14.51764
51,184,185,14.51764
51,184,199,14.67595
51,185,186,11.92302
51,185,200,10.81738
51,186,187,10.0
51,186,201,8.50853
51,187,188,14.51764
51,187,202,12.44041
51,188,189,8.80051
51,188,203,10.47019
51,189,190,8.50853
51,189,204,8.62663
51,190,191,10.0
51,190,205,15.09253
51,191,192,10.59723
51,191,206,12.13093
51,192,193,12.29566
51,192,207,6.75923
51,193,194,16.69001
51,193,208,10.14819
51,194,209,11.92302
51,195,196,12.29566
51,195,210,12.13093
51,196,197,12.13093
51,196,211,6.75923
51,197,198,10.14819
51,197,212,12.13093
51,198,199,14.85847
51,198,213,12.29566
51,199,200,10.47019
51,199,214,14.28843
51,200,201,10.14819
51,200,215,17.30892
51,201,202,12.1578
51,201,216,8.50853
51,202,203,10.47019
51,202,217,10.47019
51,203,204,8.37433
51,203,218,10.59723
51,204,205,6.75923
51,204,219,7.13656
51,205,206,12.68066
51,205,220,8.50853
51,206,207,8.80051
51,206,221,14.1097
51,207,208,15.09253
51,207,222,11.92302
51,208,209,14.85847
51,208,223,8.50853
51,209,224,14.28843
51,210,211,14.51764
51,211,212,14.85847
51,212,213,10.81738
51,213,214,12.29566
51,214,215,14.51764
51,215,216,10.81738
51,216,217,8.50853
51,217,218,12.68066
51,218,219,8.37433
51,219,220,12.44041
51,220,221,12.13093
51,221,222,14.51764
51,222,223,7.13656
51,223,224,12.65316
52,0,1,7.10779
52,0,15,8.07385
52,1,2,9.00417
52,1,16,9.5
52,2,3,9.00417
52,2,17,10.10495
52,3,4,5.45418
52,3,18,8.16693
52,4,5,5.45418
52,4,19,10.0
52,5,6,7.63138
52,5,20,10.0
52,6,7,10.10495
52,6,21,5.45418
52,7,8,6.69715
52,7,22,4.43986
52,8,9,8.43762
52,8,23,6.68008
52,9,10,13.59984
52,9,24,11.29958
52,10,11,7.63138
52,10,25,4.83549
52,11,12,8.16693
52,11,26,4.43986
52,12,13,10.0
52,12,27,8.07385
52,13,14,4.43986
52,13,28,10.10495
52,14,29,9.60201
52,15,16,9.5
52,15,30,9.60201
52,16,17,7.72151
52,16,31,9.60201
52,17,18,5.81809
52,17,32,4.13348
52,18,19,8.90579
52,18,33,10.64439
52,19,20,6.69715
52,19,34,12.29866
52,20,21,7.72151
52,20,35,4.13348
52,21,22,5.45418
52,21,36,8.07385
52,22,23,6.78071
52,22,37,14.20704
52,23,24,9.00417
52,23,38,14.20704
52,24,25,8.43762
52,24,39,4.43986
52,25,26,10.0
52,25,40,9.5
52,26,27,7.1943
52,26,41,10.12656
52,27,28,8.53305
52,27,42,6.68008
52,28,29,10.0
52,28,43,6.78071
52,29,44,10.12656
52,30,31,6.28434
52,30,45,6.28434
52,31,32,4.13348
52,31,46,6.78071
52,32,33,14.20704
52,32,47,6.28434
52,33,34,10.0
52,33,48,6.68008
52,34,35,6.78071
52,34,49,8.43762
52,35,36,8.16693
52,35,50,8.90579
52,36,37,4.43986
52,36,51,12.87403
52,37,38,5.1737
52,37,52,6.69715
52,38,39,5.1737
52,38,53,7.72151
52,39,40,12.29866
52,39,54,10.64439
52,40,41,7.63138
52,40,55,5.81809
52,41,42,12.29866
52,41,56,6.28434
52,42,43,7.1943
52,42,57,12.87403
52,43,44,9.5
52,43,58,9.00417
52,44,59,4.43986
52,45,46,10.10495
52,45,60,6.68008
52,46,47,5.81809
52,46,61,8.07385
52,47,48,4.13348
52,47,62,10.64439
52,48,49,4.83549
52,48,63,6.68008
52,49,50,14.20704
52,49,64,8.16693
52,50,51,4.13348
52,50,65,12.29866
52,51,52,12.87403
52,51,66,6.78071
52,52,53,5.45418
52,52,67,6.68008
52,53,54,5.1737
52,53,68,8.90579
52,54,55,4.13348
52,54,69,11.29958
52,55,56,10.0
52,55,70,6.28434
52,56,57,4.43986
52,56,71,7.72151
52,57,58,9.00417
52,57,72,11.84925
52,58,59,13.59984
52,58,73,4.43986
52,59,74,8.90579
52,60,61,14.20704
52,60,75,14.20704
52,61,62,7.72151
52,61,76,7.10779
52,62,63,5.1737
52,62,77,8.43762
52,63,64,12.87403
52,63,78,6.69715
52,64,65,8.43762
52,64,79,9.5
52,65,66,6.69715
52,65,80,7.72151
52,66,67,7.63138
52,66,81,6.68008
52,67,68,7.72151
52,67,82,5.45418
52,68,69,8.16693
52,68,83,4.13348
52,69,70,14.20704
52,69,84,5.81809
52,70,71,6.28434
52,70,85,10.0
52,71,72,11.84925
52,71,86,9.5
52,72,73,10.12656
52,72,87,8.16693
52,73,74,12.29866
52,73,88,9.60201
52,74,89,5.45418
52,75,76,8.43762
52,75,90,10.10495
52,76,77,12.29866
52,76,91,5.45418
52,77,78,8.90579
52,77,92,6.69715
52,78,79,5.81809
52,78,93,9.00417
52,79,80,9.00417
52,79,94,6.78071
52,80,81,8.16693
52,80,95,4.43986
52,81,82,6.69715
52,81,96,10.10495
52,82,83,11.84925
52,82,97,6.69715
52,83,84,8.90579
52,83,98,6.28434
52,84,85,7.1943
52,84,99,12.29866
52,85,86,10.10495
52,85,100,6.68008
52,86,87,7.63138
52,86,101,11.29958
52,87,88,5.81809
52,87,102,12.29866
52,88,89,14.20704
52,88,103,11.84925
52,89,104,7.1943
52,90,91,5.45418
52,90,105,5.81809
52,91,92,7.10779
52,91,106,9.60201
52,92,93,8.07385
52,92,107,9.00417
52,93,94,8.07385
52,93,108,8.90579
52,94,95,9.00417
52,94,109,6.78071
52,95,96,6.28434
52,95,110,9.00417
52,96,97,7.1943
52,96,111,7.10779
52,97,98,6.68008
52,97,112,13.59984
52,98,99,7.63138
52,98,113,9.5
52,99,100,8.16693
52,99,114,10.12656
52,100,101,8.43762
52,100,115,9.5
52,101,102,7.63138
52,101,116,5.1737
52,102,103,4.13348
52,102,117,9.60201
52,103,104,5.81809
52,103,118,10.12656
52,104,119,11.84925
52,105,106,7.1943
52,105,120,10.0
52,106,107,9.00417
52,106,121,8.90579
52,107,108,5.45418
52,107,122,12.29866
52,108,109,4.83549
52,108,123,12.29866
52,109,110,12.87403
52,109,124,13.59984
52,110,111,10.64439
52,110,125,12.29866
52,111,112,4.43986
52,111,126,9.60201
52,112,113,8.43762
52,112,127,12.29866
52,113,114,14.20704
52,113,128,8.53305
52,114,115,8.16693
52,114,129,8.43762
52,115,116,7.63138
52,115,130,9.00417
52,116,117,10.10495
52,116,131,7.72151
52,117,118,11.84925
52,117,132,5.1737
52,118,119,10.64439
52,118,133,7.10779
52,119,134,10.0
52,120,121,8.16693
52,120,135,5.45418
52,121,122,8.16693
52,121,136,9.5
52,122,123,4.83549
52,122,137,7.10779
52,123,124,5.81809
52,123,138,11.84925
52,124,125,10.0
52,124,139,7.1943
52,125,126,9.00417
52,125,140,8.43762
52,126,127,8.53305
52,126,141,4.83549
52,127,128,5.81809
52,127,142,11.29958
52,128,129,13.59984
52,128,143,10.64439
52,129,130,8.53305
52,129,144,4.13348
52,130,131,6.68008
52,130,145,8.16693
52,131,132,6.68008
52,131,146,9.60201
52,132,133,7.10779
52,132,147,8.90579
52,133,134,5.81809
52,133,148,6.68008
52,134,149,11.29958
52,135,136,5.81809
52,135,150,10.0
52,136,137,8.16693
52,136,151,10.0
52,137,138,8.16693
52,137,152,7.72151
52,138,139,8.43762
52,138,153,10.12656
52,139,140,6.78071
52,139,154,10.0
52,140,141,6.78071
52,140,155,7.10779
52,141,142,4.83549
52,141,156,10.10495
52,142,143,8.53305
52,142,157,8.53305
52,143,144,12.29866
52,143,158,4.13348
52,144,145,8.43762
52,144,159,11.29958
52,145,146,5.81809
52,145,160,6.78071
52,146,147,5.45418
52,146,161,7.63138
52,147,148,11.84925
52,147,162,12.87403
52,148,149,10.64439
52,148,163,5.45418
52,149,164,13.59984
52,150,151,10.10495
52,150,165,11.29958
52,151,152,9.5
52,151,166,10.10495
52,152,153,6.28434
52,152,167,6.78071
52,153,154,7.1943
52,153,168,14.20704
52,154,155,9.00417
52,154,169,8.53305
52,155,156,8.43762
52,155,170,10.64439
52,156,157,5.81809
52,156,171,8.53305
52,157,158,7.63138
52,157,172,8.53305
52,158,159,11.84925
52,158,173,4.83549
52,159,160,6.78071
52,159,174,4.43986
52,160,161,10.0
52,160,175,8.07385
52,161,162,9.60201
52,161,176,7.72151
52,162,163,13.59984
52,162,177,11.84925
52,163,164,10.0
52,163,178,6.28434
52,164,179,8.43762
52,165,166,13.59984
52,165,180,14.20704
52,166,167,7.10779
52,166,181,4.13348
52,167,168,4.13348
52,167,182,10.10495
52,168,169,7.10779
52,168,183,7.72151
52,169,170,10.64439
52,169,184,5.81809
52,170,171,8.53305
52,170,185,6.78071
52,171,172,7.1943
52,171,186,4.13348
52,172,173,4.13348
52,172,187,4.43986
52,173,174,10.12656
52,173,188,6.78071
52,174,175,14.20704
52,174,189,4.83549
52,175,176,7.10779
52,175,190,9.00417
52,176,177,11.29958
52,176,191,10.64439
52,177,178,7.63138
52,177,192,7.10779
52,178,179,5.81809
52,178,193,6.28434
52,179,194,8.53305
52,180,181,6.68008
52,180,195,11.29958
52,181,182,7.10779
52,181,196,6.69715
52,182,183,9.60201
52,182,197,8.90579
52,183,184,7.10779
52,183,198,11.29958
52,184,185,11.29958
52,184,199,10.10495
52,185,186,12.87403
52,185,200,4.83549
52,186,187,10.0
52,186,201,6.69715
52,187,188,11.29958
52,187,202,9.00417
52,188,189,6.28434
52,188,203,6.68008
52,189,190,6.69715
52,189,204,5.81809
52,190,191,10.0
52,190,205,7.72151
52,191,192,8.53305
52,191,206,13.59984
52,192,193,10.12656
52,192,207,8.43762
52,193,194,11.84925
52,193,208,7.10779
52,194,209,12.87403
52,195,196,10.12656
52,195,210,13.59984
52,196,197,13.59984
52,196,211,8.43762
52,197,198,7.10779
52,197,212,13.59984
52,198,199,7.1943
52,198,213,10.12656
52,199,200,6.68008
52,199,214,10.64439
52,200,201,7.10779
52,200,215,8.16693
52,201,202,8.07385
52,201,216,6.69715
52,202,203,6.68008
52,202,217,6.68008
52,203,204,9.5
52,203,218,8.53305
52,204,205,8.43762
52,204,219,5.45418
52,205,206,5.1737
52,205,220,6.69715
52,206,207,6.28434
52,206,221,14.20704
52,207,208,7.72151
52,207,222,12.87403
52,208,209,7.1943
52,208,223,6.69715
52,209,224,10.64439
52,210,211,11.29958
52,211,212,7.1943
52,212,213,4.83549
52,213,214,10.12656
52,214,215,11.29958
52,215,216,4.83549
52,216,217,6.69715
52,217,218,5.1737
52,218,219,9.5
52,219,220,9.00417
52,220,221,13.59984
52,221,222,11.29958
52,222,223,5.45418
52,223,224,9.60201
53,0,1,8.02161
53,0,15,6.67156
53,1,2,11.76985
53,1,16,6.31935
53,2,3,11.76985
53,2,17,10.08068
53,3,4,8.07861
53,3,18,6.73564
53,4,5,8.07861
53,4,19,10.0
53,5,6,3.84892
53,5,20,10.0
53,6,7,10.08068
53,6,21,8.07861
53,7,8,4.82673
53,7,22,8.48404
53,8,9,7.62908
53,8,23,10.52256
53,9,10,5.99041
53,9,24,3.6096
53,10,11,3.84892
53,10,25,4.14615
53,11,12,6.73564
53,11,26,8.48404
53,12,13,10.0
53,12,27,6.67156
53,13,14,8.48404
53,13,28,10.08068
53,14,29,6.38142
53,15,16,6.31935
53,15,30,6.38142
53,16,17,3.89439
53,16,31,6.38142
53,17,18,12.25061
53,17,32,5.17004
53,18,19,11.68197
53,18,33,7.6429
53,19,20,4.82673
53,19,34,7.26126
53,20,21,3.89439
53,20,35,5.17004
53,21,22,8.07861
53,21,36,6.67156
53,22,23,4.8794
53,22,37,9.57056
53,23,24,11.76985
53,23,38,9.57056
53,24,25,7.62908
53,24,39,8.48404
53,25,26,10.0
53,25,40,6.31935
53,26,27,8.09289
53,26,41,4.54853
53,27,28,7.69835
53,27,42,10.52256
53,28,29,10.0
53,28,43,4.8794
53,29,44,4.54853
53,30,31,6.7228
53,30,45,6.7228
53,31,32,5.17004
53,31,46,4.8794
53,32,33,9.57056
53,32,47,6.7228
53,33,34,10.0
53,33,48,10.52256
53,34,35,4.8794
53,34,49,7.62908
53,35,36,6.73564
53,35,50,11.68197
53,36,37,8.48404
53,36,51,11.21365
53,37,38,7.08791
53,37,52,4.82673
53,38,39,7.08791
53,38,53,3.89439
53,39,40,7.26126
53,39,54,7.6429
53,40,41,3.84892
53,40,55,12.25061
53,41,42,7.26126
53,41,56,6.7228
53,42,43,8.09289
53,42,57,11.21365
53,43,44,6.31935
53,43,58,11.76985
53,44,59,8.48404
53,45,46,10.08068
53,45,60,10.52256
53,46,47,12.25061
53,46,61,6.67156
53,47,48,5.17004
53,47,62,7.6429
53,48,49,4.14615
53,48,63,10.52256
53,49,50,9.57056
53,49,64,6.73564
53,50,51,5.17004
53,50,65,7.26126
53,51,52,11.21365
53,51,66,4.8794
53,52,53,8.07861
53,52,67,10.52256
53,53,54,7.08791
53,53,68,11.68197
53,54,55,5.17004
53,54,69,3.6096
53,55,56,10.0
53,55,70,6.7228
53,56,57,8.48404
53,56,71,3.89439
53,57,58,11.76985
53,57,72,6.33173
53,58,59,5.99041
53,58,73,8.48404
53,59,74,11.68197
53,60,61,9.57056
53,60,75,9.57056
53,61,62,3.89439
53,61,76,8.02161
53,62,63,7.08791
53,62,77,7.62908
53,63,64,11.21365
53,63,78,4.82673
53,64,65,7.62908
53,64,79,6.31935
53,65,66,4.82673
53,65,80,3.89439
53,66,67,3.84892
53,66,81,10.52256
53,67,68,3.89439
53,67,82,8.07861
53,68,69,6.73564
53,68,83,5.17004
53,69,70,9.57056
53,69,84,12.25061
53,70,71,6.7228
53,70,85,10.0
53,71,72,6.33173
53,71,86,6.31935
53,72,73,4.54853
53,72,87,6.73564
53,73,74,7.26126
53,73,88,6.38142
53,74,89,8.07861
53,75,76,7.62908
53,75,90,10.08068
53,76,77,7.26126
53,76,91,8.07861
53,77,78,11.68197
53,77,92,4.82673
53,78,79,12.25061
53,78,93,11.76985
53,79,80,11.76985
53,79,94,4.8794
53,80,81,6.73564
53,80,95,8.48404
53,81,82,4.82673
53,81,96,10.08068
53,82,83,6.33173
53,82,97,4.82673
53,83,84,11.68197
53,83,98,6.7228
53,84,85,8.09289
53,84,99,7.26126
53,85,86,10.08068
53,85,100,10.52256
53,86,87,3.84892
53,86,101,3.6096
53,87,88,12.25061
53,87,102,7.26126
53,88,89,9.57056
53,88,103,6.33173
53,89,104,8.09289
53,90,91,8.07861
53,90,105,12.25061
53,91,92,8.02161
53,91,106,6.38142
53,92,93,6.67156
53,92,107,11.76985
53,93,94,6.67156
53,93,108,11.68197
53,94,95,11.76985
53,94,109,4.8794
53,95,96,6.7228
53,95,110,11.76985
53,96,97,8.09289
53,96,111,8.02161
53,97,98,10.52256
53,97,112,5.99041
53,98,99,3.84892
53,98,113,6.31935
53,99,100,6.73564
53,99,114,4.54853
53,100,101,7.62908
53,100,115,6.31935
53,101,102,3.84892
53,101,116,7.08791
53,102,103,5.17004
53,102,117,6.38142
53,103,104,12.25061
53,103,118,4.54853
53,104,119,6.33173
53,105,106,8.09289
53,105,120,10.0
53,106,107,11.76985
53,106,121,11.68197
53,107,108,8.07861
53,107,122,7.26126
53,108,109,4.14615
53,108,123,7.26126
53,109,110,11.21365
53,109,124,5.99041
53,110,111,7.6429
53,110,125,7.26126
53,111,112,8.48404
53,111,126,6.38142
53,112,113,7.62908
53,112,127,7.26126
53,113,114,9.57056
53,113,128,7.69835
53,114,115,6.73564
53,114,129,7.62908
53,115,116,3.84892
53,115,130,11.76985
53,116,117,10.08068
53,116,131,3.89439
53,117,118,6.33173
53,117,132,7.08791
53,118,119,7.6429
53,118,133,8.02161
53,119,134,10.0
53,120,121,6.73564
53,120,135,8.07861
53,121,122,6.73564
53,121,136,6.31935
53,122,123,4.14615
53,122,137,8.02161
53,123,124,12.25061
53,123,138,6.33173
53,124,125,10.0
53,124,139,8.09289
53,125,126,11.76985
53,125,140,7.62908
53,126,127,7.69835
53,126,141,4.14615
53,127,128,12.25061
53,127,142,3.6096
53,128,129,5.99041
53,128,143,7.6429
53,129,130,7.69835
53,129,144,5.17004
53,130,131,10.52256
53,130,145,6.73564
53,131,132,10.52256
53,131,146,6.38142
53,132,133,8.02161
53,132,147,11.68197
53,133,134,12.25061
53,133,148,10.52256
53,134,149,3.6096
53,135,136,12.25061
53,135,150,10.0
53,136,137,6.73564
53,136,151,10.0
53,137,138,6.73564
53,137,152,3.89439
53,138,139,7.62908
53,138,153,4.54853
53,139,140,4.8794
53,139,154,10.0
53,140,141,4.8794
53,140,155,8.02161
53,141,142,4.14615
53,141,156,10.08068
53,142,143,7.69835
53,142,157,7.69835
53,143,144,7.26126
53,143,158,5.17004
53,144,145,7.62908
53,144,159,3.6096
53,145,146,12.25061
53,145,160,4.8794
53,146,147,8.07861
53,146,161,3.84892
53,147,148,6.33173
53,147,162,11.21365
53,148,149,7.6429
53,148,163,8.07861
53,149,164,5.99041
53,150,151,10.08068
53,150,165,3.6096
53,151,152,6.31935
53,151,166,10.08068
53,152,153,6.7228
53,152,167,4.8794
53,153,154,8.09289
53,153,168,9.57056
53,154,155,11.76985
53,154,169,7.69835
53,155,156,7.62908
53,155,170,7.6429
53,156,157,12.25061
53,156,171,7.69835
53,157,158,3.84892
53,157,172,7.69835
53,158,159,6.33173
53,158,173,4.14615
53,159,160,4.8794
53,159,174,8.48404
53,160,161,10.0
53,160,175,6.67156
53,161,162,6.38142
53,161,176,3.89439
53,162,163,5.99041
53,162,177,6.33173
53,163,164,10.0
53,163,178,6.7228
53,164,179,7.62908
53,165,166,5.99041
53,165,180,9.57056
53,166,167,8.02161
53,166,181,5.17004
53,167,168,5.17004
53,167,182,10.08068
53,168,169,8.02161
53,168,183,3.89439
53,169,170,7.6429
53,169,184,12.25061
53,170,171,7.69835
53,170,185,4.8794
53,171,172,8.09289
53,171,186,5.17004
53,172,173,5.17004
53,172,187,8.48404
53,173,174,4.54853
53,173,188,4.8794
53,174,175,9.57056
53,174,189,4.14615
53,175,176,8.02161
53,175,190,11.76985
53,176,177,3.6096
53,176,191,7.6429
53,177,178,3.84892
53,177,192,8.02161
53,178,179,12.25061
53,178,193,6.7228
53,179,194,7.69835
53,180,181,10.52256
53,180,195,3.6096
53,181,182,8.02161
53,181,196,4.82673
53,182,183,6.38142
53,182,197,11.68197
53,183,184,8.02161
53,183,198,3.6096
53,184,185,3.6096
53,184,199,10.08068
53,185,186,11.21365
53,185,200,4.14615
53,186,187,10.0
53,186,201,4.82673
53,187,188,3.6096
53,187,202,11.76985
53,188,189,6.7228
53,188,203,10.52256
53,189,190,4.82673
53,189,204,12.25061
53,190,191,10.0
53,190,205,3.89439
53,191,192,7.69835
53,191,206,5.99041
53,192,193,4.54853
53,192,207,7.62908
53,193,194,6.33173
53,193,208,8.02161
53,194,209,11.21365
53,195,196,4.54853
53,195,210,5.99041
53,196,197,5.99041
53,196,211,7.62908
53,197,198,8.02161
53,197,212,5.99041
53,198,199,8.09289
53,198,213,4.54853
53,199,200,10.52256
53,199,214,7.6429
53,200,201,8.02161
53,200,215,6.73564
53,201,202,6.67156
53,201,216,4.82673
53,202,203,10.52256
53,202,217,10.52256
53,203,204,6.31935
53,203,218,7.69835
53,204,205,7.62908
53,204,219,8.07861
53,205,206,7.08791
53,205,220,4.82673
53,206,207,6.7228
53,206,221,9.57056
53,207,208,3.89439
53,207,222,11.21365
53,208,209,8.09289
53,208,223,4.82673
53,209,224,7.6429
53,210,211,3.6096
53,211,212,8.09289
53,212,213,4.14615
53,213,214,4.54853
53,214,215,3.6096
53,215,216,4.14615
53,216,217,4.82673
53,217,218,7.08791
53,218,219,6.31935
53,219,220,11.76985
53,220,221,5.99041
53,221,222,3.6096
53,222,223,8.07861
53,223,224,6.38142
54,0,1,2.52485
54,0,15,4.3003
54,1,2,11.02303
54,1,16,8.62169
54,2,3,11.02303
54,2,17,15.04556
54,3,4,7.44386
54,3,18,7.57622
54,4,5,7.44386
54,4,19,10.0
54,5,6,3.48823
54,5,20,10.0
54,6,7,15.04556
54,6,21,7.44386
54,7,8,1.9912
54,7,22,3.54214
54,8,9,5.74767
54,8,23,12.28664
54,9,10,10.91571
54,9,24,4.86356
54,10,11,3.48823
54,10,25,4.75187
54,11,12,7.57622
54,11,26,3.54214
54,12,13,10.0
54,12,27,4.3003
54,13,14,3.54214
54,13,28,15.04556
54,14,29,13.30944
54,15,16,8.62169
54,15,30,13.30944
54,16,17,6.40634
54,16,31,13.30944
54,17,18,8.71581
54,17,32,2.83643
54,18,19,6.84757
54,18,33,3.63422
54,19,20,1.9912
54,19,34,7.58999
54,20,21,6.40634
54,20,35,2.83643
54,21,22,7.44386
54,21,36,4.3003
54,22,23,4.0392
54,22,37,12.47977
54,23,24,11.02303
54,23,38,12.47977
54,24,25,5.74767
54,24,39,3.54214
54,25,26,10.0
54,25,40,8.62169
54,26,27,4.93066
54,26,41,2.91482
54,27,28,9.56532
54,27,42,12.28664
54,28,29,10.0
54,28,43,4.0392
54,29,44,2.91482
54,30,31,10.73627
54,30,45,10.73627
54,31,32,2.83643
54,31,46,4.0392
54,32,33,12.47977
54,32,47,10.73627
54,33,34,10.0
54,33,48,12.28664
54,34,35,4.0392
54,34,49,5.74767
54,35,36,7.57622
54,35,50,6.84757
54,36,37,3.54214
54,36,51,8.87564
54,37,38,5.73599
54,37,52,1.9912
54,38,39,5.73599
54,38,53,6.40634
54,39,40,7.58999
54,39,54,3.63422
54,40,41,3.48823
54,40,55,8.71581
54,41,42,7.58999
54,41,56,10.73627
54,42,43,4.93066
54,42,57,8.87564
54,43,44,8.62169
54,43,58,11.02303
54,44,59,3.54214
54,45,46,15.04556
54,45,60,12.28664
54,46,47,8.71581
54,46,61,4.3003
54,47,48,2.83643
54,47,62,3.63422
54,48,49,4.75187
54,48,63,12.28664
54,49,50,12.47977
54,49,64,7.57622
54,50,51,2.83643
54,50,65,7.58999
54,51,52,8.87564
54,51,66,4.0392
54,52,53,7.44386
54,52,67,12.28664
54,53,54,5.73599
54,53,68,6.84757
54,54,55,2.83643
54,54,69,4.86356
54,55,56,10.0
54,55,70,10.73627
54,56,57,3.54214
54,56,71,6.40634
54,57,58,11.02303
54,57,72,5.86138
54,58,59,10.91571
54,58,73,3.54214
54,59,74,6.84757
54,60,61,12.47977
54,60,75,12.47977
54,61,62,6.40634
54,61,76,2.52485
54,62,63,5.73599
54,62,77,5.74767
54,63,64,8.87564
54,63,78,1.9912
54,64,65,5.74767
54,64,79,8.62169
54,65,66,1.9912
54,65,80,6.40634
54,66,67,3.48823
54,66,81,12.28664
54,67,68,6.40634
54,67,82,7.44386
54,68,69,7.57622
54,68,83,2.83643
54,69,70,12.47977
54,69,84,8.71581
54,70,71,10.73627
54,70,85,10.0
54,71,72,5.86138
54,71,86,8.62169
54,72,73,2.91482
54,72,87,7.57622
54,73,74,7.58999
54,73,88,13.30944
54,74,89,7.44386
54,75,76,5.74767
54,75,90,15.04556
54,76,77,7.58999
54,76,91,7.44386
54,77,78,6.84757
54,77,92,1.9912
54,78,79,8.71581
54,78,93,11.02303
54,79,80,11.02303
54,79,94,4.0392
54,80,81,7.57622
54,80,95,3.54214
54,81,82,1.9912
54,81,96,15.04556
54,82,83,5.86138
54,82,97,1.9912
54,83,84,6.84757
54,83,98,10.73627
54,84,85,4.93066
54,84,99,7.58999
54,85,86,15.04556
54,85,100,12.28664
54,86,87,3.48823
54,86,101,4.86356
54,87,88,8.71581
54,87,102,7.58999
54,88,89,12.47977
54,88,103,5.86138
54,89,104,4.93066
54,90,91,7.44386
54,90,105,8.71581
54,91,92,2.52485
54,91,106,13.30944
54,92,93,4.3003
54,92,107,11.02303
54,93,94,4.3003
54,93,108,6.84757
54,94,95,11.02303
54,94,109,4.0392
54,95,96,10.73627
54,95,110,11.02303
54,96,97,4.93066
54,96,111,2.52485
54,97,98,12.28664
54,97,112,10.91571
54,98,99,3.48823
54,98,113,8.62169
54,99,100,7.57622
54,99,114,2.91482
54,100,101,5.74767
54,100,115,8.62169
54,101,102,3.48823
54,101,116,5.73599
54,102,103,2.83643
54,102,117,13.30944
54,103,104,8.71581
54,103,118,2.91482
54,104,119,5.86138
54,105,106,4.93066
54,105,120,10.0
54,106,107,11.02303
54,106,121,6.84757
54,107,108,7.44386
54,107,122,7.58999
54,108,109,4.75187
54,108,123,7.58999
54,109,110,8.87564
54,109,124,10.91571
54,110,111,3.63422
54,110,125,7.58999
54,111,112,3.54214
54,111,126,13.30944
54,112,113,5.74767
54,112,127,7.58999
54,113,114,12.47977
54,113,128,9.56532
54,114,115,7.57622
54,114,129,5.74767
54,115,116,3.48823
54,115,130,11.02303
54,116,117,15.04556
54,116,131,6.40634
54,117,118,5.86138
54,117,132,5.73599
54,118,119,3.63422
54,118,133,2.52485
54,119,134,10.0
54,120,121,7.57622
54,120,135,7.44386
54,121,122,7.57622
54,121,136,8.62169
54,122,123,4.75187
54,122,137,2.52485
54,123,124,8.71581
54,123,138,5.86138
54,124,125,10.0
54,124,139,4.93066
54,125,126,11.02303
54,125,140,5.74767
54,126,127,9.56532
54,126,141,4.75187
54,127,128,8.71581
54,127,142,4.86356
54,128,129,10.91571
54,128,143,3.63422
54,129,130,9.56532
54,129,144,2.83643
54,130,131,12.28664
54,130,145,7.57622
54,131,132,12.28664
54,131,146,13.30944
54,132,133,2.52485
54,132,147,6.84757
54,133,134,8.71581
54,133,148,12.28664
54,134,149,4.86356
54,135,136,8.71581
54,135,150,10.0
54,136,137,7.57622
54,136,151,10.0
54,137,138,7.57622
54,137,152,6.40634
54,138,139,5.74767
54,138,153,2.91482
54,139,140,4.0392
54,139,154,10.0
54,140,141,4.0392
54,140,155,2.52485
54,141,142,4.75187
54,141,156,15.04556
54,142,143,9.56532
54,142,157,9.56532
54,143,144,7.58999
54,143,158,2.83643
54,144,145,5.74767
54,144,159,4.86356
54,145,146,8.71581
54,145,160,4.0392
54,146,147,7.44386
54,146,161,3.48823
54,147,148,5.86138
54,147,162,8.87564
54,148,149,3.63422
54,148,163,7.44386
54,149,164,10.91571
54,150,151,15.04556
54,150,165,4.86356
54,151,152,8.62169
54,151,166,15.04556
54,152,153,10.73627
54,152,167,4.0392
54,153,154,4.93066
54,153,168,12.47977
54,154,155,11.02303
54,154,169,9.56532
54,155,156,5.74767
54,155,170,3.63422
54,156,157,8.71581
54,156,171,9.56532
54,157,158,3.48823
54,157,172,9.56532
54,158,159,5.86138
54,158,173,4.75187
54,159,160,4.0392
54,159,174,3.54214
54,160,161,10.0
54,160,175,4.3003
54,161,162,13.30944
54,161,176,6.40634
54,162,163,10.91571
54,162,177,5.86138
54,163,164,10.0
54,163,178,10.73627
54,164,179,5.74767
54,165,166,10.91571
54,165,180,12.47977
54,166,167,2.52485
54,166,181,2.83643
54,167,168,2.83643
54,167,182,15.04556
54,168,169,2.52485
54,168,183,6.40634
54,169,170,3.63422
54,169,184,8.71581
54,170,171,9.56532
54,170,185,4.0392
54,171,172,4.93066
54,171,186,2.83643
54,172,173,2.83643
54,172,187,3.54214
54,173,174,2.91482
54,173,188,4.0392
54,174,175,12.47977
54,174,189,4.75187
54,175,176,2.52485
54,175,190,11.02303
54,176,177,4.86356
54,176,191,3.63422
54,177,178,3.48823
54,177,192,2.52485
54,178,179,8.71581
54,178,193,10.73627
54,179,194,9.56532
54,180,181,12.28664
54,180,195,4.86356
54,181,182,2.52485
54,181,196,1.9912
54,182,183,13.30944
54,182,197,6.84757
54,183,184,2.52485
54,183,198,4.86356
54,184,185,4.86356
54,184,199,15.04556
54,185,186,8.87564
54,185,200,4.75187
54,186,187,10.0
54,186,201,1.9912
54,187,188,4.86356
54,187,202,11.02303
54,188,189,10.73627
54,188,203,12.28664
54,189,190,1.9912
54,189,204,8.71581
54,190,191,10.0
54,190,205,6.40634
54,191,192,9.56532
54,191,206,10.91571
54,192,193,2.91482
54,192,207,5.74767
54,193,194,5.86138
54,193,208,2.52485
54,194,209,8.87564
54,195,196,2.91482
54,195,210,10.91571
54,196,197,10.91571
54,196,211,5.74767
54,197,198,2.52485
54,197,212,10.91571
54,198,199,4.93066
54,198,213,2.91482
54,199,200,12.28664
54,199,214,3.63422
54,200,201,2.52485
54,200,215,7.57622
54,201,202,4.3003
54,201,216,1.9912
54,202,203,12.28664
54,202,217,12.28664
54,203,204,8.62169
54,203,218,9.56532
54,204,205,5.74767
54,204,219,7.44386
54,205,206,5.73599
54,205,220,1.9912
54,206,207,10.73627
54,206,221,12.47977
54,207,208,6.40634
54,207,222,8.87564
54,208,209,4.93066
54,208,223,1.9912
54,209,224,3.63422
54,210,211,4.86356
54,211,212,4.93066
54,212,213,4.75187
54,213,214,2.91482
54,214,215,4.86356
54,215,216,4.75187
54,216,217,1.9912
54,217,218,5.73599
54,218,219,8.62169
54,219,220,11.02303
54,220,221,10.91571
54,221,222,4.86356
54,222,223,7.44386
54,223,224,13.30944
55,0,1,13.9966
55,0,15,14.48477
55,1,2,10.91008
55,1,16,15.19344
55,2,3,10.91008
55,2,17,11.33693
55,3,4,16.7574
55,3,18,16.11088
55,4,5,16.7574
55,4,19,10.0
55,5,6,20.70988
55,5,20,10.0
55,6,7,11.33693
55,6,21,16.7574
55,7,8,20.11874
55,7,22,16.01022
55,8,9,14.69249
55,8,23,11.68782
55,9,10,14.78864
55,9,24,20.23233
55,10,11,20.70988
55,10,25,23.17283
55,11,12,16.11088
55,11,26,16.01022
55,12,13,10.0
55,12,27,14.48477
55,13,14,16.01022
55,13,28,11.33693
55,14,29,16.86053
55,15,16,15.19344
55,15,30,16.86053
55,16,17,22.66614
55,16,31,16.86053
55,17,18,11.2537
55,17,32,22.54557
55,18,19,9.60201
55,18,33,13.60937
55,19,20,20.11874
55,19,34,14.29495
55,20,21,22.66614
55,20,35,22.54557
55,21,22,16.7574
55,21,36,14.48477
55,22,23,22.04615
55,22,37,9.67825
55,23,24,10.91008
55,23,38,9.67825
55,24,25,14.69249
55,24,39,16.01022
55,25,26,10.0
55,25,40,15.19344
55,26,27,15.59385
55,26,41,19.64845
55,27,28,16.33072
55,27,42,11.68782
55,28,29,10.0
55,28,43,22.04615
55,29,44,19.64845
55,30,31,17.29447
55,30,45,17.29447
55,31,32,22.54557
55,31,46,22.04615
55,32,33,9.67825
55,32,47,17.29447
55,33,34,10.0
55,33,48,11.68782
55,34,35,22.04615
55,34,49,14.69249
55,35,36,16.11088
55,35,50,9.60201
55,36,37,16.01022
55,36,51,9.28752
55,37,38,16.53451
55,37,52,20.11874
55,38,39,16.53451
55,38,53,22.66614
55,39,40,14.29495
55,39,54,13.60937
55,40,41,20.70988
55,40,55,11.2537
55,41,42,14.29495
55,41,56,17.29447
55,42,43,15.59385
55,42,57,9.28752
55,43,44,15.19344
55,43,58,10.91008
55,44,59,16.01022
55,45,46,11.33693
55,45,60,11.68782
55,46,47,11.2537
55,46,61,14.48477
55,47,48,22.54557
55,47,62,13.60937
55,48,49,23.17283
55,48,63,11.68782
55,49,50,9.67825
55,49,64,16.11088
55,50,51,22.54557
55,50,65,14.29495
55,51,52,9.28752
55,51,66,22.04615
55,52,53,16.7574
55,52,67,11.68782
55,53,54,16.53451
55,53,68,9.60201
55,54,55,22.54557
55,54,69,20.23233
55,55,56,10.0
55,55,70,17.29447
55,56,57,16.01022
55,56,71,22.66614
55,57,58,10.91008
55,57,72,14.09028
55,58,59,14.78864
55,58,73,16.01022
55,59,74,9.60201
55,60,61,9.67825
55,60,75,9.67825
55,61,62,22.66614
55,61,76,13.9966
55,62,63,16.53451
55,62,77,14.69249
55,63,64,9.28752
55,63,78,20.11874
55,64,65,14.69249
55,64,79,15.19344
55,65,66,20.11874
55,65,80,22.66614
55,66,67,20.70988
55,66,81,11.68782
55,67,68,22.66614
55,67,82,16.7574
55,68,69,16.11088
55,68,83,22.54557
55,69,70,9.67825
55,69,84,11.2537
55,70,71,17.29447
55,70,85,10.0
55,71,72,14.09028
55,71,86,15.19344
55,72,73,19.64845
55,72,87,16.11088
55,73,74,14.29495
55,73,88,16.86053
55,74,89,16.7574
55,75,76,14.69249
55,75,90,11.33693
55,76,77,14.29495
55,76,91,16.7574
55,77,78,9.60201
55,77,92,20.11874
55,78,79,11.2537
55,78,93,10.91008
55,79,80,10.91008
55,79,94,22.04615
55,80,81,16.11088
55,80,95,16.01022
55,81,82,20.11874
55,81,96,11.33693
55,82,83,14.09028
55,82,97,20.11874
55,83,84,9.60201
55,83,98,17.29447
55,84,85,15.59385
55,84,99,14.29495
55,85,86,11.33693
55,85,100,11.68782
55,86,87,20.70988
55,86,101,20.23233
55,87,88,11.2537
55,87,102,14.29495
55,88,89,9.67825
55,88,103,14.09028
55,89,104,15.59385
55,90,91,16.7574
55,90,105,11.2537
55,91,92,13.9966
55,91,106,16.86053
55,92,93,14.48477
55,92,107,10.91008
55,93,94,14.48477
55,93,108,9.60201
55,94,95,10.91008
55,94,109,22.04615
55,95,96,17.29447
55,95,110,10.91008
55,96,97,15.59385
55,96,111,13.9966
55,97,98,11.68782
55,97,112,14.78864
55,98,99,20.70988
55,98,113,15.19344
55,99,100,16.11088
55,99,114,19.64845
55,100,101,14.69249
55,100,115,15.19344
55,101,102,20.70988
55,101,116,16.53451
55,102,103,22.54557
55,102,117,16.86053
55,103,104,11.2537
55,103,118,19.64845
55,104,119,14.09028
55,105,106,15.59385
55,105,120,10.0
55,106,107,10.91008
55,106,121,9.60201
55,107,108,16.7574
55,107,122,14.29495
55,108,109,23.17283
55,108,123,14.29495
55,109,110,9.28752
55,109,124,14.78864
55,110,111,13.60937
55,110,125,14.29495
55,111,112,16.01022
55,111,126,16.86053
55,112,113,14.69249
55,112,127,14.29495
55,113,114,9.67825
55,113,128,16.33072
55,114,115,16.11088
55,114,129,14.69249
55,115,116,20.70988
55,115,130,10.91008
55,116,117,11.33693
55,116,131,22.66614
55,117,118,14.09028
55,117,132,16.53451
55,118,119,13.60937
55,118,133,13.9966
55,119,134,10.0
55,120,121,16.11088
55,120,135,16.7574
55,121,122,16.11088
55,121,136,15.19344
55,122,123,23.17283
55,122,137,13.9966
55,123,124,11.2537
55,123,138,14.09028
55,124,125,10.0
55,124,139,15.59385
55,125,126,10.91008
55,125,140,14.69249
55,126,127,16.33072
55,126,141,23.17283
55,127,128,11.2537
55,127,142,20.23233
55,128,129,14.78864
55,128,143,13.60937
55,129,130,16.33072
55,129,144,22.54557
55,130,131,11.68782
55,130,145,16.11088
55,131,132,11.68782
55,131,146,16.86053
55,132,133,13.9966
55,132,147,9.60201
55,133,134,11.2537
55,133,148,11.68782
55,134,149,20.23233
55,135,136,11.2537
55,135,150,10.0
55,136,137,16.11088
55,136,151,10.0
55,137,138,16.11088
55,137,152,22.66614
55,138,139,14.69249
55,138,153,19.64845
55,139,140,22.04615
55,139,154,10.0
55,140,141,22.04615
55,140,155,13.9966
55,141,142,23.17283
55,141,156,11.33693
55,142,143,16.33072
55,142,157,16.33072
55,143,144,14.29495
55,143,158,22.54557
55,144,145,14.69249
55,144,159,20.23233
55,145,146,11.2537
55,145,160,22.04615
55,146,147,16.7574
55,146,161,20.70988
55,147,148,14.09028
55,147,162,9.28752
55,148,149,13.60937
55,148,163,16.7574
55,149,164,14.78864
55,150,151,11.33693
55,150,165,20.23233
55,151,152,15.19344
55,151,166,11.33693
55,152,153,17.29447
55,152,167,22.04615
55,153,154,15.59385
55,153,168,9.67825
55,154,155,10.91008
55,154,169,16.33072
55,155,156,14.69249
55,155,170,13.60937
55,156,157,11.2537
55,156,171,16.33072
55,157,158,20.70988
55,157,172,16.33072
55,158,159,14.09028
55,158,173,23.17283
55,159,160,22.04615
55,159,174,16.01022
55,160,161,10.0
55,160,175,14.48477
55,161,162,16.86053
55,161,176,22.66614
55,162,163,14.78864
55,162,177,14.09028
55,163,164,10.0
55,163,178,17.29447
55,164,179,14.69249
55,165,166,14.78864
55,165,180,9.67825
55,166,167,13.9966
55,166,181,22.54557
55,167,168,22.54557
55,167,182,11.33693
55,168,169,13.9966
55,168,183,22.66614
55,169,170,13.60937
55,169,184,11.2537
55,170,171,16.33072
55,170,185,22.04615
55,171,172,15.59385
55,171,186,22.54557
55,172,173,22.54557
55,172,187,16.01022
55,173,174,19.64845
55,173,188,22.04615
55,174,175,9.67825
55,174,189,23.17283
55,175,176,13.9966
55,175,190,10.91008
55,176,177,20.23233
55,176,191,13.60937
55,177,178,20.70988
55,177,192,13.9966
55,178,179,11.2537
55,178,193,17.29447
55,179,194,16.33072
55,180,181,11.68782
55,180,195,20.23233
55,181,182,13.9966
55,181,196,20.11874
55,182,183,16.86053
55,182,197,9.60201
55,183,184,13.9966
55,183,198,20.23233
55,184,185,20.23233
55,184,199,11.33693
55,185,186,9.28752
55,185,200,23.17283
55,186,187,10.0
55,186,201,20.11874
55,187,188,20.23233
55,187,202,10.91008
55,188,189,17.29447
55,188,203,11.68782
55,189,190,20.11874
55,189,204,11.2537
55,190,191,10.0
55,190,205,22.66614
55,191,192,16.33072
55,191,206,14.78864
55,192,193,19.64845
55,192,207,14.69249
55,193,194,14.09028
55,193,208,13.9966
55,194,209,9.28752
55,195,196,19.64845
55,195,210,14.78864
55,196,197,14.78864
55,196,211,14.69249
55,197,198,13.9966
55,197,212,14.78864
55,198,199,15.59385
55,198,213,19.64845
55,199,200,11.68782
55,199,214,13.60937
55,200,201,13.9966
55,200,215,16.11088
55,201,202,14.48477
55,201,216,20.11874
55,202,203,11.68782
55,202,217,11.68782
55,203,204,15.19344
55,203,218,16.33072
55,204,205,14.69249
55,204,219,16.7574
55,205,206,16.53451
55,205,220,20.11874
55,206,207,17.29447
55,206,221,9.67825
55,207,208,22.66614
55,207,222,9.28752
55,208,209,15.59385
55,208,223,20.11874
55,209,224,13.60937
55,210,211,20.23233
55,211,212,15.59385
55,212,213,23.17283
55,213,214,19.64845
55,214,215,20.23233
55,215,216,23.17283
55,216,217,20.11874
55,217,218,16.53451
55,218,219,15.19344
55,219,220,10.91008
55,220,221,14.78864
55,221,222,20.23233
55,222,223,16.7574
55,223,224,16.86053
56,0,1,9.50522
56,0,15,9.13885
56,1,2,11.47253
56,1,16,16.43245
56,2,3,11.47253
56,2,17,11.06555
56,3,4,19.28715
56,3,18,10.1536
56,4,5,19.28715
56,4,19,10.0
56,5,6,15.29809
56,5,20,10.0
56,6,7,11.06555
56,6,21,19.28715
56,7,8,15.78238
56,7,22,11.24511
56,8,9,16.93542
56,8,23,11.78747
56,9,10,15.56653
56,9,24,14.46507
56,10,11,15.29809
56,10,25,17.53
56,11,12,10.1536
56,11,26,11.24511
56,12,13,10.0
56,12,27,9.13885
56,13,14,11.24511
56,13,28,11.06555
56,14,29,17.81853
56,15,16,16.43245
56,15,30,17.81853
56,16,17,16.63338
56,16,31,17.81853
56,17,18,12.20865
56,17,32,18.05041
56,18,19,10.38506
56,18,33,8.8656
56,19,20,15.78238
56,19,34,16.0553
56,20,21,16.63338
56,20,35,18.05041
56,21,22,19.28715
56,21,36,9.13885
56,22,23,17.13959
56,22,37,9.34168
56,23,24,11.47253
56,23,38,9.34168
56,24,25,16.93542
56,24,39,11.24511
56,25,26,10.0
56,25,40,16.43245
56,26,27,10.54189
56,26,41,14.93516
56,27,28,18.34343
56,27,42,11.78747
56,28,29,10.0
56,28,43,17.13959
56,29,44,14.93516
56,30,31,18.74805
56,30,45,18.74805
56,31,32,18.05041
56,31,46,17.13959
56,32,33,9.34168
56,32,47,18.74805
56,33,34,10.0
56,33,48,11.78747
56,34,35,17.13959
56,34,49,16.93542
56,35,36,10.1536
56,35,50,10.38506
56,36,37,11.24511
56,36,51,9.71254
56,37,38,10.84262
56,37,52,15.78238
56,38,39,10.84262
56,38,53,16.63338
56,39,40,16.0553
56,39,54,8.8656
56,40,41,15.29809
56,40,55,12.20865
56,41,42,16.0553
56,41,56,18.74805
56,42,43,10.54189
56,42,57,9.71254
56,43,44,16.43245
56,43,58,11.47253
56,44,59,11.24511
56,45,46,11.06555
56,45,60,11.78747
56,46,47,12.20865
56,46,61,9.13885
56,47,48,18.05041
56,47,62,8.8656
56,48,49,17.53
56,48,63,11.78747
56,49,50,9.34168
56,49,64,10.1536
56,50,51,18.05041
56,50,65,16.0553
56,51,52,9.71254
56,51,66,17.13959
56,52,53,19.28715
56,52,67,11.78747
56,53,54,10.84262
56,53,68,10.38506
56,54,55,18.05041
56,54,69,14.46507
56,55,56,10.0
56,55,70,18.74805
56,56,57,11.24511
56,56,71,16.63338
56,57,58,11.47253
56,57,72,8.51343
56,58,59,15.56653
56,58,73,11.24511
56,59,74,10.38506
56,60,61,9.34168
56,60,75,9.34168
56,61,62,16.63338
56,61,76,9.50522
56,62,63,10.84262
56,62,77,16.93542
56,63,64,9.71254
56,63,78,15.78238
56,64,65,16.93542
56,64,79,16.43245
56,65,66,15.78238
56,65,80,16.63338
56,66,67,15.29809
56,66,81,11.78747
56,67,68,16.63338
56,67,82,19.28715
56,68,69,10.1536
56,68,83,18.05041
56,69,70,9.34168
56,69,84,12.20865
56,70,71,18.74805
56,70,85,10.0
56,71,72,8.51343
56,71,86,16.43245
56,72,73,14.93516
56,72,87,10.1536
56,73,74,16.0553
56,73,88,17.81853
56,74,89,19.28715
56,75,76,16.93542
56,75,90,11.06555
56,76,77,16.0553
56,76,91,19.28715
56,77,78,10.38506
56,77,92,15.78238
56,78,79,12.20865
56,78,93,11.47253
56,79,80,11.47253
56,79,94,17.13959
56,80,81,10.1536
56,80,95,11.24511
56,81,82,15.78238
56,81,96,11.06555
56,82,83,8.51343
56,82,97,15.78238
56,83,84,10.38506
56,83,98,18.74805
56,84,85,10.54189
56,84,99,16.0553
56,85,86,11.06555
56,85,100,11.78747
56,86,87,15.29809
56,86,101,14.46507
56,87,88,12.20865
56,87,102,16.0553
56,88,89,9.34168
56,88,103,8.51343
56,89,104,10.54189
56,90,91,19.28715
56,90,105,12.20865
56,91,92,9.50522
56,91,106,17.81853
56,92,93,9.13885
56,92,107,11.47253
56,93,94,9.13885
56,93,108,10.38506
56,94,95,11.47253
56,94,109,17.13959
56,95,96,18.74805
56,95,110,11.47253
56,96,97,10.54189
56,96,111,9.50522
56,97,98,11.78747
56,97,112,15.56653
56,98,99,15.29809
56,98,113,16.43245
56,99,100,10.1536
56,99,114,14.93516
56,100,101,16.93542
56,100,115,16.43245
56,101,102,15.29809
56,101,116,10.84262
56,102,103,18.05041
56,102,117,17.81853
56,103,104,12.20865
56,103,118,14.93516
56,104,119,8.51343
56,105,106,10.54189
56,105,120,10.0
56,106,107,11.47253
56,106,121,10.38506
56,107,108,19.28715
56,107,122,16.0553
56,108,109,17.53
56,108,123,16.0553
56,109,110,9.71254
56,109,124,15.56653
56,110,111,8.8656
56,110,125,16.0553
56,111,112,11.24511
56,111,126,17.81853
56,112,113,16.93542
56,112,127,16.0553
56,113,114,9.34168
56,113,128,18.34343
56,114,115,10.1536
56,114,129,16.93542
56,115,116,15.29809
56,115,130,11.47253
56,116,117,11.06555
56,116,131,16.63338
56,117,118,8.51343
56,117,132,10.84262
56,118,119,8.8656
56,118,133,9.50522
56,119,134,10.0
56,120,121,10.1536
56,120,135,19.28715
56,121,122,10.1536
56,121,136,16.43245
56,122,123,17.53
56,122,137,9.50522
56,123,124,12.20865
56,123,138,8.51343
56,124,125,10.0
56,124,139,10.54189
56,125,126,11.47253
56,125,140,16.93542
56,126,127,18.34343
56,126,141,17.53
56,127,128,12.20865
56,127,142,14.46507
56,128,129,15.56653
56,128,143,8.8656
56,129,130,18.34343
56,129,144,18.05041
56,130,131,11.78747
56,130,145,10.1536
56,131,132,11.78747
56,131,146,17.81853
56,132,133,9.50522
56,132,147,10.38506
56,133,134,12.20865
56,133,148,11.78747
56,134,149,14.46507
56,135,136,12.20865
56,135,150,10.0
56,136,137,10.1536
56,136,151,10.0
56,137,138,10.1536
56,137,152,16.63338
56,138,139,16.93542
56,138,153,14.93516
56,139,140,17.13959
56,139,154,10.0
56,140,141,17.13959
56,140,155,9.50522
56,141,142,17.53
56,141,156,11.06555
56,142,143,18.34343
56,142,157,18.34343
56,143,144,16.0553
56,143,158,18.05041
56,144,145,16.93542
56,144,159,14.46507
56,145,146,12.20865
56,145,160,17.13959
56,146,147,19.28715
56,146,161,15.29809
56,147,148,8.51343
56,147,162,9.71254
56,148,149,8.8656
56,148,163,19.28715
56,149,164,15.56653
56,150,151,11.06555
56,150,165,14.46507
56,151,152,16.43245
56,151,166,11.06555
56,152,153,18.74805
56,152,167,17.13959
56,153,154,10.54189
56,153,168,9.34168
56,154,155,11.47253
56,154,169,18.34343
56,155,156,16.93542
56,155,170,8.8656
56,156,157,12.20865
56,156,171,18.34343
56,157,158,15.29809
56,157,172,18.34343
56,158,159,8.51343
56,158,173,17.53
56,159,160,17.13959
56,159,174,11.24511
56,160,161,10.0
56,160,175,9.13885
56,161,162,17.81853
56,161,176,16.63338
56,162,163,15.56653
56,162,177,8.51343
56,163,164,10.0
56,163,178,18.74805
56,164,179,16.93542
56,165,166,15.56653
56,165,180,9.34168
56,166,167,9.50522
56,166,181,18.05041
56,167,168,18.05041
56,167,182,11.06555
56,168,169,9.50522
56,168,183,16.63338
56,169,170,8.8656
56,169,184,12.20865
56,170,171,18.34343
56,170,185,17.13959
56,171,172,10.54189
56,171,186,18.05041
56,172,173,18.05041
56,172,187,11.24511
56,173,174,14.93516
56,173,188,17.13959
56,174,175,9.34168
56,174,189,17.53
56,175,176,9.50522
56,175,190,11.47253
56,176,177,14.46507
56,176,191,8.8656
56,177,178,15.29809
56,177,192,9.50522
56,178,179,12.20865
56,178,193,18.74805
56,179,194,18.34343
56,180,181,11.78747
56,180,195,14.46507
56,181,182,9.50522
56,181,196,15.78238
56,182,183,17.81853
56,182,197,10.38506
56,183,184,9.50522
56,183,198,14.46507
56,184,185,14.46507
56,184,199,11.06555
56,185,186,9.71254
56,185,200,17.53
56,186,187,10.0
56,186,201,15.78238
56,187,188,14.46507
56,187,202,11.47253
56,188,189,18.74805
56,188,203,11.78747
56,189,190,15.78238
56,189,204,12.20865
56,190,191,10.0
56,190,205,16.63338
56,191,192,18.34343
56,191,206,15.56653
56,192,193,14.93516
56,192,207,16.93542
56,193,194,8.51343
56,193,208,9.50522
56,194,209,9.71254
56,195,196,14.93516
56,195,210,15.56653
56,196,197,15.56653
56,196,211,16.93542
56,197,198,9.50522
56,197,212,15.56653
56,198,199,10.54189
56,198,213,14.93516
56,199,200,11.78747
56,199,214,8.8656
56,200,201,9.50522
56,200,215,10.1536
56,201,202,9.13885
56,201,216,15.78238
56,202,203,11.78747
56,202,217,11.78747
56,203,204,16.43245
56,203,218,18.34343
56,204,205,16.93542
56,204,219,19.28715
56,205,206,10.84262
56,205,220,15.78238
56,206,207,18.74805
56,206,221,9.34168
56,207,208,16.63338
56,207,222,9.71254
56,208,209,10.54189
56,208,223,15.78238
56,209,224,8.8656
56,210,211,14.46507
56,211,212,10.54189
56,212,213,17.53
56,213,214,14.93516
56,214,215,14.46507
56,215,216,17.53
56,216,217,15.78238
56,217,218,10.84262
56,218,219,16.43245
56,219,220,11.47253
56,220,221,15.56653
56,221,222,14.46507
56,222,223,19.28715
56,223,224,17.81853
57,0,1,12.82477
57,0,15,10.60277
57,1,2,18.53392
57,1,16,13.23737
57,2,3,18.53392
57,2,17,15.80302
57,3,4,19.14209
57,3,18,16.57332
57,4,5,19.14209
57,4,19,10.0
57,5,6,13.93863
57,5,20,10.0
57,6,7,15.80302
57,6,21,19.14209
57,7,8,16.49928
57,7,22,15.89954
57,8,9,15.73084
57,8,23,12.70512
57,9,10,16.40084
57,9,24,17.18634
57,10,11,13.93863
57,10,25,17.14678
57,11,12,16.57332
57,11,26,15.89954
57,12,13,10.0
57,12,27,10.60277
57,13,14,15.89954
57,13,28,15.80302
57,14,29,19.88481
57,15,16,13.23737
57,15,30,19.88481
57,16,17,20.75358
57,16,31,19.88481
57,17,18,15.14631
57,17,32,19.9938
57,18,19,12.15481
57,18,33,15.93754
57,19,20,16.49928
57,19,34,19.18402
57,20,21,20.75358
57,20,35,19.9938
57,21,22,19.14209
57,21,36,10.60277
57,22,23,23.89031
57,22,37,12.73881
57,23,24,18.53392
57,23,38,12.73881
57,24,25,15.73084
57,24,39,15.89954
57,25,26,10.0
57,25,40,13.23737
57,26,27,19.37139
57,26,41,20.0367
57,27,28,22.95436
57,27,42,12.70512
57,28,29,10.0
57,28,43,23.89031
57,29,44,20.0367
57,30,31,16.36225
57,30,45,16.36225
57,31,32,19.9938
57,31,46,23.89031
57,32,33,12.73881
57,32,47,16.36225
57,33,34,10.0
57,33,48,12.70512
57,34,35,23.89031
57,34,49,15.73084
57,35,36,16.57332
57,35,50,12.15481
57,36,37,15.89954
57,36,51,15.18334
57,37,38,13.39117
57,37,52,16.49928
57,38,39,13.39117
57,38,53,20.75358
57,39,40,19.18402
57,39,54,15.93754
57,40,41,13.93863
57,40,55,15.14631
57,41,42,19.18402
57,41,56,16.36225
57,42,43,19.37139
57,42,57,15.18334
57,43,44,13.23737
57,43,58,18.53392
57,44,59,15.89954
57,45,46,15.80302
57,45,60,12.70512
57,46,47,15.14631
57,46,61,10.60277
57,47,48,19.9938
57,47,62,15.93754
57,48,49,17.14678
57,48,63,12.70512
57,49,50,12.73881
57,49,64,16.57332
57,50,51,19.9938
57,50,65,19.18402
57,51,52,15.18334
57,51,66,23.89031
57,52,53,19.14209
57,52,67,12.70512
57,53,54,13.39117
57,53,68,12.15481
57,54,55,19.9938
57,54,69,17.18634
57,55,56,10.0
57,55,70,16.36225
57,56,57,15.89954
57,56,71,20.75358
57,57,58,18.53392
57,57,72,13.42583
57,58,59,16.40084
57,58,73,15.89954
57,59,74,12.15481
57,60,61,12.73881
57,60,75,12.73881
57,61,62,20.75358
57,61,76,12.82477
57,62,63,13.39117
57,62,77,15.73084
57,63,64,15.18334
57,63,78,16.49928
57,64,65,15.73084
57,64,79,13.23737
57,65,66,16.49928
57,65,80,20.75358
57,66,67,13.93863
57,66,81,12.70512
57,67,68,20.75358
57,67,82,19.14209
57,68,69,16.57332
57,68,83,19.9938
57,69,70,12.73881
57,69,84,15.14631
57,70,71,16.36225
57,70,85,10.0
57,71,72,13.42583
57,71,86,13.23737
57,72,73,20.0367
57,72,87,16.57332
57,73,74,19.18402
57,73,88,19.88481
57,74,89,19.14209
57,75,76,15.73084
57,75,90,15.80302
57,76,77,19.18402
57,76,91,19.14209
57,77,78,12.15481
57,77,92,16.49928
57,78,79,15.14631
57,78,93,18.53392
57,79,80,18.53392
57,79,94,23.89031
57,80,81,16.57332
57,80,95,15.89954
57,81,82,16.49928
57,81,96,15.80302
57,82,83,13.42583
57,82,97,16.49928
57,83,84,12.15481
57,83,98,16.36225
57,84,85,19.37139
57,84,99,19.18402
57,85,86,15.80302
57,85,100,12.70512
57,86,87,13.93863
57,86,101,17.18634
57,87,88,15.14631
57,87,102,19.18402
57,88,89,12.73881
57,88,103,13.42583
57,89,104,19.37139
57,90,91,19.14209
57,90,105,15.14631
57,91,92,12.82477
57,91,106,19.88481
57,92,93,10.60277
57,92,107,18.53392
57,93,94,10.60277
57,93,108,12.15481
57,94,95,18.53392
57,94,109,23.89031
57,95,96,16.36225
57,95,110,18.53392
57,96,97,19.37139
57,96,111,12.82477
57,97,98,12.70512
57,97,112,16.40084
57,98,99,13.93863
57,98,113,13.23737
57,99,100,16.57332
57,99,114,20.0367
57,100,101,15.73084
57,100,115,13.23737
57,101,102,13.93863
57,101,116,13.39117
57,102,103,19.9938
57,102,117,19.88481
57,103,104,15.14631
57,103,118,20.0367
57,104,119,13.42583
57,105,106,19.37139
57,105,120,10.0
57,106,107,18.53392
57,106,121,12.15481
57,107,108,19.14209
57,107,122,19.18402
57,108,109,17.14678
57,108,123,19.18402
57,109,110,15.18334
57,109,124,16.40084
57,110,111,15.93754
57,110,125,19.18402
57,111,112,15.89954
57,111,126,19.88481
57,112,113,15.73084
57,112,127,19.18402
57,113,114,12.73881
57,113,128,22.95436
57,114,115,16.57332
57,114,129,15.73084
57,115,116,13.93863
57,115,130,18.53392
57,116,117,15.80302
57,116,131,20.75358
57,117,118,13.42583
57,117,132,13.39117
57,118,119,15.93754
57,118,133,12.82477
57,119,134,10.0
57,120,121,16.57332
57,120,135,19.14209
57,121,122,16.57332
57,121,136,13.23737
57,122,123,17.14678
57,122,137,12.82477
57,123,124,15.14631
57,123,138,13.42583
57,124,125,10.0
57,124,139,19.37139
57,125,126,18.53392
57,125,140,15.73084
57,126,127,22.95436
57,126,141,17.14678
57,127,128,15.14631
57,127,142,17.18634
57,128,129,16.40084
57,128,143,15.93754
57,129,130,22.95436
57,129,144,19.9938
57,130,131,12.70512
57,130,145,16.57332
57,131,132,12.70512
57,131,146,19.88481
57,132,133,12.82477
57,132,147,12.15481
57,133,134,15.14631
57,133,148,12.70512
57,134,149,17.18634
57,135,136,15.14631
57,135,150,10.0
57,136,137,16.57332
57,136,151,10.0
57,137,138,16.57332
57,137,152,20.75358
57,138,139,15.73084
57,138,153,20.0367
57,139,140,23.89031
57,139,154,10.0
57,140,141,23.89031
57,140,155,12.82477
57,141,142,17.14678
57,141,156,15.80302
57,142,143,22.95436
57,142,157,22.95436
57,143,144,19.18402
57,143,158,19.9938
57,144,145,15.73084
57,144,159,17.18634
57,145,146,15.14631
57,145,160,23.89031
57,146,147,19.14209
57,146,161,13.93863
57,147,148,13.42583
57,147,162,15.18334
57,148,149,15.93754
57,148,163,19.14209
57,149,164,16.40084
57,150,151,15.80302
57,150,165,17.18634
57,151,152,13.23737
57,151,166,15.80302
57,152,153,16.36225
57,152,167,23.89031
57,153,154,19.37139
57,153,168,12.73881
57,154,155,18.53392
57,154,169,22.95436
57,155,156,15.73084
57,155,170,15.93754
57,156,157,15.14631
57,156,171,22.95436
57,157,158,13.93863
57,157,172,22.95436
57,158,159,13.42583
57,158,173,17.14678
57,159,160,23.89031
57,159,174,15.89954
57,160,161,10.0
57,160,175,10.60277
57,161,162,19.88481
57,161,176,20.75358
57,162,163,16.40084
57,162,177,13.42583
57,163,164,10.0
57,163,178,16.36225
57,164,179,15.73084
57,165,166,16.40084
57,165,180,12.73881
57,166,167,12.82477
57,166,181,19.9938
57,167,168,19.9938
57,167,182,15.80302
57,168,169,12.82477
57,168,183,20.75358
57,169,170,15.93754
57,169,184,15.14631
57,170,171,22.95436
57,170,185,23.89031
57,171,172,19.37139
57,171,186,19.9938
57,172,173,19.9938
57,172,187,15.89954
57,173,174,20.0367
57,173,188,23.89031
57,174,175,12.73881
57,174,189,17.14678
57,175,176,12.82477
57,175,190,18.53392
57,176,177,17.18634
57,176,191,15.93754
57,177,178,13.93863
57,177,192,12.82477
57,178,179,15.14631
57,178,193,16.36225
57,179,194,22.95436
57,180,181,12.70512
57,180,195,17.18634
57,181,182,12.82477
57,181,196,16.49928
57,182,183,19.88481
57,182,197,12.15481
57,183,184,12.82477
57,183,198,17.18634
57,184,185,17.18634
57,184,199,15.80302
57,185,186,15.18334
57,185,200,17.14678
57,186,187,10.0
57,186,201,16.49928
57,187,188,17.18634
57,187,202,18.53392
57,188,189,16.36225
57,188,203,12.70512
57,189,190,16.49928
57,189,204,15.14631
57,190,191,10.0
57,190,205,20.75358
57,191,192,22.95436
57,191,206,16.40084
57,192,193,20.0367
57,192,207,15.73084
57,193,194,13.42583
57,193,208,12.82477
57,194,209,15.18334
57,195,196,20.0367
57,195,210,16.40084
57,196,197,16.40084
57,196,211,15.73084
57,197,198,12.82477
57,197,212,16.40084
57,198,199,19.37139
57,198,213,20.0367
57,199,200,12.70512
57,199,214,15.93754
57,200,201,12.82477
57,200,215,16.57332
57,201,202,10.60277
57,201,216,16.49928
57,202,203,12.70512
57,202,217,12.70512
57,203,204,13.23737
57,203,218,22.95436
57,204,205,15.73084
57,204,219,19.14209
57,205,206,13.39117
57,205,220,16.49928
57,206,207,16.36225
57,206,221,12.73881
57,207,208,20.75358
57,207,222,15.18334
57,208,209,19.37139
57,208,223,16.49928
57,209,224,15.93754
57,210,211,17.18634
57,211,212,19.37139
57,212,213,17.14678
57,213,214,20.0367
57,214,215,17.18634
57,215,216,17.14678
57,216,217,16.49928
57,217,218,13.39117
57,218,219,13.23737
57,219,220,18.53392
57,220,221,16.40084
57,221,222,17.18634
57,222,223,19.14209
57,223,224,19.88481
58,0,1,9.94641
58,0,15,7.69603
58,1,2,14.78532
58,1,16,11.87873
58,2,3,14.78532
58,2,17,11.9526
58,3,4,12.44646
58,3,18,9.39343
58,4,5,12.44646
58,4,19,10.0
58,5,6,9.32877
58,5,20,10.0
58,6,7,11.9526
58,6,21,12.44646
58,7,8,11.8198
58,7,22,8.143
58,8,9,14.70242
58,8,23,8.19089
58,9,10,16.41488
58,9,24,13.34713
58,10,11,9.32877
58,10,25,7.59228
58,11,12,9.39343
58,11,26,8.143
58,12,13,10.0
58,12,27,7.69603
58,13,14,8.143
58,13,28,11.9526
58,14,29,14.01596
58,15,16,11.87873
58,15,30,14.01596
58,16,17,11.21079
58,16,31,14.01596
58,17,18,10.51704
58,17,32,9.82643
58,18,19,12.58304
58,18,33,14.09675
58,19,20,11.8198
58,19,34,19.74514
58,20,21,11.21079
58,20,35,9.82643
58,21,22,12.44646
58,21,36,7.69603
58,22,23,13.9515
58,22,37,14.16157
58,23,24,14.78532
58,23,38,14.16157
58,24,25,14.70242
58,24,39,8.143
58,25,26,10.0
58,25,40,11.87873
58,26,27,11.89348
58,26,41,16.34473
58,27,28,17.08932
58,27,42,8.19089
58,28,29,10.0
58,28,43,13.9515
58,29,44,16.34473
58,30,31,9.87966
58,30,45,9.87966
58,31,32,9.82643
58,31,46,13.9515
58,32,33,14.16157
58,32,47,9.87966
58,33,34,10.0
58,33,48,8.19089
58,34,35,13.9515
58,34,49,14.70242
58,35,36,9.39343
58,35,50,12.58304
58,36,37,8.143
58,36,51,17.25117
58,37,38,6.14951
58,37,52,11.8198
58,38,39,6.14951
58,38,53,11.21079
58,39,40,19.74514
58,39,54,14.09675
58,40,41,9.32877
58,40,55,10.51704
58,41,42,19.74514
58,41,56,9.87966
58,42,43,11.89348
58,42,57,17.25117
58,43,44,11.87873
58,43,58,14.78532
58,44,59,8.143
58,45,46,11.9526
58,45,60,8.19089
58,46,47,10.51704
58,46,61,7.69603
58,47,48,9.82643
58,47,62,14.09675
58,48,49,7.59228
58,48,63,8.19089
58,49,50,14.16157
58,49,64,9.39343
58,50,51,9.82643
58,50,65,19.74514
58,51,52,17.25117
58,51,66,13.9515
58,52,53,12.44646
58,52,67,8.19089
58,53,54,6.14951
58,53,68,12.58304
58,54,55,9.82643
58,54,69,13.34713
58,55,56,10.0
58,55,70,9.87966
58,56,57,8.143
58,56,71,11.21079
58,57,58,14.78532
58,57,72,11.33981
58,58,59,16.41488
58,58,73,8.143
58,59,74,12.58304
58,60,61,14.16157
58,60,75,14.16157
58,61,62,11.21079
58,61,76,9.94641
58,62,63,6.14951
58,62,77,14.70242
58,63,64,17.25117
58,63,78,11.8198
58,64,65,14.70242
58,64,79,11.87873
58,65,66,11.8198
58,65,80,11.21079
58,66,67,9.32877
58,66,81,8.19089
58,67,68,11.21079
58,67,82,12.44646
58,68,69,9.39343
58,68,83,9.82643
58,69,70,14.16157
58,69,84,10.51704
58,70,71,9.87966
58,70,85,10.0
58,71,72,11.33981
58,71,86,11.87873
58,72,73,16.34473
58,72,87,9.39343
58,73,74,19.74514
58,73,88,14.01596
58,74,89,12.44646
58,75,76,14.70242
58,75,90,11.9526
58,76,77,19.74514
58,76,91,12.44646
58,77,78,12.58304
58,77,92,11.8198
58,78,79,10.51704
58,78,93,14.78532
58,79,80,14.78532
58,79,94,13.9515
58,80,81,9.39343
58,80,95,8.143
58,81,82,11.8198
58,81,96,11.9526
58,82,83,11.33981
58,82,97,11.8198
58,83,84,12.58304
58,83,98,9.87966
58,84,85,11.89348
58,84,99,19.74514
58,85,86,11.9526
58,85,100,8.19089
58,86,87,9.32877
58,86,101,13.34713
58,87,88,10.51704
58,87,102,19.74514
58,88,89,14.16157
58,88,103,11.33981
58,89,104,11.89348
58,90,91,12.44646
58,90,105,10.51704
58,91,92,9.94641
58,91,106,14.01596
58,92,93,7.69603
58,92,107,14.78532
58,93,94,7.69603
58,93,108,12.58304
58,94,95,14.78532
58,94,109,13.9515
58,95,96,9.87966
58,95,110,14.78532
58,96,97,11.89348
58,96,111,9.94641
58,97,98,8.19089
58,97,112,16.41488
58,98,99,9.32877
58,98,113,11.87873
58,99,100,9.39343
58,99,114,16.34473
58,100,101,14.70242
58,100,115,11.87873
58,101,102,9.32877
58,101,116,6.14951
58,102,103,9.82643
58,102,117,14.01596
58,103,104,10.51704
58,103,118,16.34473
58,104,119,11.33981
58,105,106,11.89348
58,105,120,10.0
58,106,107,14.78532
58,106,121,12.58304
58,107,108,12.44646
58,107,122,19.74514
58,108,109,7.59228
58,108,123,19.74514
58,109,110,17.25117
58,109,124,16.41488
58,110,111,14.09675
58,110,125,19.74514
58,111,112,8.143
58,111,126,14.01596
58,112,113,14.70242
58,112,127,19.74514
58,113,114,14.16157
58,113,128,17.08932
58,114,115,9.39343
58,114,129,14.70242
58,115,116,9.32877
58,115,130,14.78532
58,116,117,11.9526
58,116,131,11.21079
58,117,118,11.33981
58,117,132,6.14951
58,118,119,14.09675
58,118,133,9.94641
58,119,134,10.0
58,120,121,9.39343
58,120,135,12.44646
58,121,122,9.39343
58,121,136,11.87873
58,122,123,7.59228
58,122,137,9.94641
58,123,124,10.51704
58,123,138,11.33981
58,124,125,10.0
58,124,139,11.89348
58,125,126,14.78532
58,125,140,14.70242
58,126,127,17.08932
58,126,141,7.59228
58,127,128,10.51704
58,127,142,13.34713
58,128,129,16.41488
58,128,143,14.09675
58,129,130,17.08932
58,129,144,9.82643
58,130,131,8.19089
58,130,145,9.39343
58,131,132,8.19089
58,131,146,14.01596
58,132,133,9.94641
58,132,147,12.58304
58,133,134,10.51704
58,133,148,8.19089
58,134,149,13.34713
58,135,136,10.51704
58,135,150,10.0
58,136,137,9.39343
58,136,151,10.0
58,137,138,9.39343
58,137,152,11.21079
58,138,139,14.70242
58,138,153,16.34473
58,139,140,13.9515
58,139,154,10.0
58,140,141,13.9515
58,140,155,9.94641
58,141,142,7.59228
58,141,156,11.9526
58,142,143,17.08932
58,142,157,17.08932
58,143,144,19.74514
58,143,158,9.82643
58,144,145,14.70242
58,144,159,13.34713
58,145,146,10.51704
58,145,160,13.9515
58,146,147,12.44646
58,146,161,9.32877
58,147,148,11.33981
58,147,162,17.25117
58,148,149,14.09675
58,148,163,12.44646
58,149,164,16.41488
58,150,151,11.9526
58,150,165,13.34713
58,151,152,11.87873
58,151,166,11.9526
58,152,153,9.87966
58,152,167,13.9515
58,153,154,11.89348
58,153,168,14.16157
58,154,155,14.78532
58,154,169,17.08932
58,155,156,14.70242
58,155,170,14.09675
58,156,157,10.51704
58,156,171,17.08932
58,157,158,9.32877
58,157,172,17.08932
58,158,159,11.33981
58,158,173,7.59228
58,159,160,13.9515
58,159,174,8.143
58,160,161,10.0
58,160,175,7.69603
58,161,162,14.01596
58,161,176,11.21079
58,162,163,16.41488
58,162,177,11.33981
58,163,164,10.0
58,163,178,9.87966
58,164,179,14.70242
58,165,166,16.41488
58,165,180,14.16157
58,166,167,9.94641
58,166,181,9.82643
58,167,168,9.82643
58,167,182,11.9526
58,168,169,9.94641
58,168,183,11.21079
58,169,170,14.09675
58,169,184,10.51704
58,170,171,17.08932
58,170,185,13.9515
58,171,172,11.89348
58,171,186,9.82643
58,172,173,9.82643
58,172,187,8.143
58,173,174,16.34473
58,173,188,13.9515
58,174,175,14.16157
58,174,189,7.59228
58,175,176,9.94641
58,175,190,14.78532
58,176,177,13.34713
58,176,191,14.09675
58,177,178,9.32877
58,177,192,9.94641
58,178,179,10.51704
58,178,193,9.87966
58,179,194,17.08932
58,180,181,8.19089
58,180,195,13.34713
58,181,182,9.94641
58,181,196,11.8198
58,182,183,14.01596
58,182,197,12.58304
58,183,184,9.94641
58,183,198,13.34713
58,184,185,13.34713
58,184,199,11.9526
58,185,186,17.25117
58,185,200,7.59228
58,186,187,10.0
58,186,201,11.8198
58,187,188,13.34713
58,187,202,14.78532
58,188,189,9.87966
58,188,203,8.19089
58,189,190,11.8198
58,189,204,10.51704
58,190,191,10.0
58,190,205,11.21079
58,191,192,17.08932
58,191,206,16.41488
58,192,193,16.34473
58,192,207,14.70242
58,193,194,11.33981
58,193,208,9.94641
58,194,209,17.25117
58,195,196,16.34473
58,195,210,16.41488
58,196,197,16.41488
58,196,211,14.70242
58,197,198,9.94641
58,197,212,16.41488
58,198,199,11.89348
58,198,213,16.34473
58,199,200,8.19089
58,199,214,14.09675
58,200,201,9.94641
58,200,215,9.39343
58,201,202,7.69603
58,201,216,11.8198
58,202,203,8.19089
58,202,217,8.19089
58,203,204,11.87873
58,203,218,17.08932
58,204,205,14.70242
58,204,219,12.44646
58,205,206,6.14951
58,205,220,11.8198
58,206,207,9.87966
58,206,221,14.16157
58,207,208,11.21079
58,207,222,17.25117
58,208,209,11.89348
58,208,223,11.8198
58,209,224,14.09675
58,210,211,13.34713
58,211,212,11.89348
58,212,213,7.59228
58,213,214,16.34473
58,214,215,13.34713
58,215,216,7.59228
58,216,217,11.8198
58,217,218,6.14951
58,218,219,11.87873
58,219,220,14.78532
58,220,221,16.41488
58,221,222,13.34713
58,222,223,12.44646
58,223,224,14.01596
59,0,1,8.33794
59,0,15,7.09232
59,1,2,11.79334
59,1,16,13.12499
59,2,3,11.79334
59,2,17,10.27033
59,3,4,13.76228
59,3,18,7.31509
59,4,5,13.76228
59,4,19,10.0
59,5,6,9.70462
59,5,20,10.0
59,6,7,10.27033
59,6,21,13.76228
59,7,8,11.18223
59,7,22,7.54643
59,8,9,14.85847
59,8,23,9.121
59,9,10,14.52093
59,9,24,10.89319
59,10,11,9.70462
59,10,25,8.84053
59,11,12,7.31509
59,11,26,7.54643
59,12,13,10.0
59,12,27,7.09232
59,13,14,7.54643
59,13,28,10.27033
59,14,29,13.43844
59,15,16,13.12499
59,15,30,13.43844
59,16,17,9.97051
59,16,31,13.43844
59,17,18,10.55018
59,17,32,10.24583
59,18,19,11.50149
59,18,33,9.43234
59,19,20,11.18223
59,19,34,16.34823
59,20,21,9.97051
59,20,35,10.24583
59,21,22,13.76228
59,21,36,7.09232
59,22,23,11.46964
59,22,37,11.20793
59,23,24,11.79334
59,23,38,11.20793
59,24,25,14.85847
59,24,39,7.54643
59,25,26,10.0
59,25,40,13.12499
59,26,27,8.58223
59,26,41,12.46463
59,27,28,15.19344
59,27,42,9.121
59,28,29,10.0
59,28,43,11.46964
59,29,44,12.46463
59,30,31,12.10111
59,30,45,12.10111
59,31,32,10.24583
59,31,46,11.46964
59,32,33,11.20793
59,32,47,12.10111
59,33,34,10.0
59,33,48,9.121
59,34,35,11.46964
59,34,49,14.85847
59,35,36,7.31509
59,35,50,11.50149
59,36,37,7.54643
59,36,51,12.80325
59,37,38,6.37312
59,37,52,11.18223
59,38,39,6.37312
59,38,53,9.97051
59,39,40,16.34823
59,39,54,9.43234
59,40,41,9.70462
59,40,55,10.55018
59,41,42,16.34823
59,41,56,12.10111
59,42,43,8.58223
59,42,57,12.80325
59,43,44,13.12499
59,43,58,11.79334
59,44,59,7.54643
59,45,46,10.27033
59,45,60,9.121
59,46,47,10.55018
59,46,61,7.09232
59,47,48,10.24583
59,47,62,9.43234
59,48,49,8.84053
59,48,63,9.121
59,49,50,11.20793
59,49,64,7.31509
59,50,51,10.24583
59,50,65,16.34823
59,51,52,12.80325
59,51,66,11.46964
59,52,53,13.76228
59,52,67,9.121
59,53,54,6.37312
59,53,68,11.50149
59,54,55,10.24583
59,54,69,10.89319
59,55,56,10.0
59,55,70,12.10111
59,56,57,7.54643
59,56,71,9.97051
59,57,58,11.79334
59,57,72,8.09289
59,58,59,14.52093
59,58,73,7.54643
59,59,74,11.50149
59,60,61,11.20793
59,60,75,11.20793
59,61,62,9.97051
59,61,76,8.33794
59,62,63,6.37312
59,62,77,14.85847
59,63,64,12.80325
59,63,78,11.18223
59,64,65,14.85847
59,64,79,13.12499
59,65,66,11.18223
59,65,80,9.97051
59,66,67,9.70462
59,66,81,9.121
59,67,68,9.97051
59,67,82,13.76228
59,68,69,7.31509
59,68,83,10.24583
59,69,70,11.20793
59,69,84,10.55018
59,70,71,12.10111
59,70,85,10.0
59,71,72,8.09289
59,71,86,13.12499
59,72,73,12.46463
59,72,87,7.31509
59,73,74,16.34823
59,73,88,13.43844
59,74,89,13.76228
59,75,76,14.85847
59,75,90,10.27033
59,76,77,16.34823
59,76,91,13.76228
59,77,78,11.50149
59,77,92,11.18223
59,78,79,10.55018
59,78,93,11.79334
59,79,80,11.79334
59,79,94,11.46964
59,80,81,7.31509
59,80,95,7.54643
59,81,82,11.18223
59,81,96,10.27033
59,82,83,8.09289
59,82,97,11.18223
59,83,84,11.50149
59,83,98,12.10111
59,84,85,8.58223
59,84,99,16.34823
59,85,86,10.27033
59,85,100,9.121
59,86,87,9.70462
59,86,101,10.89319
59,87,88,10.55018
59,87,102,16.34823
59,88,89,11.20793
59,88,103,8.09289
59,89,104,8.58223
59,90,91,13.76228
59,90,105,10.55018
59,91,92,8.33794
59,91,106,13.43844
59,92,93,7.09232
59,92,107,11.79334
59,93,94,7.09232
59,93,108,11.50149
59,94,95,11.79334
59,94,109,11.46964
59,95,96,12.10111
59,95,110,11.79334
59,96,97,8.58223
59,96,111,8.33794
59,97,98,9.121
59,97,112,14.52093
59,98,99,9.70462
59,98,113,13.12499
59,99,100,7.31509
59,99,114,12.46463
59,100,101,14.85847
59,100,115,13.12499
59,101,102,9.70462
59,101,116,6.37312
59,102,103,10.24583
59,102,117,13.43844
59,103,104,10.55018
59,103,118,12.46463
59,104,119,8.09289
59,105,106,8.58223
59,105,120,10.0
59,106,107,11.79334
59,106,121,11.50149
59,107,108,13.76228
59,107,122,16.34823
59,108,109,8.84053
59,108,123,16.34823
59,109,110,12.80325
59,109,124,14.52093
59,110,111,9.43234
59,110,125,16.34823
59,111,112,7.54643
59,111,126,13.43844
59,112,113,14.85847
59,112,127,16.34823
59,113,114,11.20793
59,113,128,15.19344
59,114,115,7.31509
59,114,129,14.85847
59,115,116,9.70462
59,115,130,11.79334
59,116,117,10.27033
59,116,131,9.97051
59,117,118,8.09289
59,117,132,6.37312
59,118,119,9.43234
59,118,133,8.33794
59,119,134,10.0
59,120,121,7.31509
59,120,135,13.76228
59,121,122,7.31509
59,121,136,13.12499
59,122,123,8.84053
59,122,137,8.33794
59,123,124,10.55018
59,123,138,8.09289
59,124,125,10.0
59,124,139,8.58223
59,125,126,11.79334
59,125,140,14.85847
59,126,127,15.19344
59,126,141,8.84053
59,127,128,10.55018
59,127,142,10.89319
59,128,129,14.52093
59,128,143,9.43234
59,129,130,15.19344
59,129,144,10.24583
59,130,131,9.121
59,130,145,7.31509
59,131,132,9.121
59,131,146,13.43844
59,132,133,8.33794
59,132,147,11.50149
59,133,134,10.55018
59,133,148,9.121
59,134,149,10.89319
59,135,136,10.55018
59,135,150,10.0
59,136,137,7.31509
59,136,151,10.0
59,137,138,7.31509
59,137,152,9.97051
59,138,139,14.85847
59,138,153,12.46463
59,139,140,11.46964
59,139,154,10.0
59,140,141,11.46964
59,140,155,8.33794
59,141,142,8.84053
59,141,156,10.27033
59,142,143,15.19344
59,142,157,15.19344
59,143,144,16.34823
59,143,158,10.24583
59,144,145,14.85847
59,144,159,10.89319
59,145,146,10.55018
59,145,160,11.46964
59,146,147,13.76228
59,146,161,9.70462
59,147,148,8.09289
59,147,162,12.80325
59,148,149,9.43234
59,148,163,13.76228
59,149,164,14.52093
59,150,151,10.27033
59,150,165,10.89319
59,151,152,13.12499
59,151,166,10.27033
59,152,153,12.10111
59,152,167,11.46964
59,153,154,8.58223
59,153,168,11.20793
59,154,155,11.79334
59,154,169,15.19344
59,155,156,14.85847
59,155,170,9.43234
59,156,157,10.55018
59,156,171,15.19344
59,157,158,9.70462
59,157,172,15.19344
59,158,159,8.09289
59,158,173,8.84053
59,159,160,11.46964
59,159,174,7.54643
59,160,161,10.0
59,160,175,7.09232
59,161,162,13.43844
59,161,176,9.97051
59,162,163,14.52093
59,162,177,8.09289
59,163,164,10.0
59,163,178,12.10111
59,164,179,14.85847
59,165,166,14.52093
59,165,180,11.20793
59,166,167,8.33794
59,166,181,10.24583
59,167,168,10.24583
59,167,182,10.27033
59,168,169,8.33794
59,168,183,9.97051
59,169,170,9.43234
59,169,184,10.55018
59,170,171,15.19344
59,170,185,11.46964
59,171,172,8.58223
59,171,186,10.24583
59,172,173,10.24583
59,172,187,7.54643
59,173,174,12.46463
59,173,188,11.46964
59,174,175,11.20793
59,174,189,8.84053
59,175,176,8.33794
59,175,190,11.79334
59,176,177,10.89319
59,176,191,9.43234
59,177,178,9.70462
59,177,192,8.33794
59,178,179,10.55018
59,178,193,12.10111
59,179,194,15.19344
59,180,181,9.121
59,180,195,10.89319
59,181,182,8.33794
59,181,196,11.18223
59,182,183,13.43844
59,182,197,11.50149
59,183,184,8.33794
59,183,198,10.89319
59,184,185,10.89319
59,184,199,10.27033
59,185,186,12.80325
59,185,200,8.84053
59,186,187,10.0
59,186,201,11.18223
59,187,188,10.89319
59,187,202,11.79334
59,188,189,12.10111
59,188,203,9.121
59,189,190,11.18223
59,189,204,10.55018
59,190,191,10.0
59,190,205,9.97051
59,191,192,15.19344
59,191,206,14.52093
59,192,193,12.46463
59,192,207,14.85847
59,193,194,8.09289
59,193,208,8.33794
59,194,209,12.80325
59,195,196,12.46463
59,195,210,14.52093
59,196,197,14.52093
59,196,211,14.85847
59,197,198,8.33794
59,197,212,14.52093
59,198,199,8.58223
59,198,213,12.46463
59,199,200,9.121
59,199,214,9.43234
59,200,201,8.33794
59,200,215,7.31509
59,201,202,7.09232
59,201,216,11.18223
59,202,203,9.121
59,202,217,9.121
59,203,204,13.12499
59,203,218,15.19344
59,204,205,14.85847
59,204,219,13.76228
59,205,206,6.37312
59,205,220,11.18223
59,206,207,12.10111
59,206,221,11.20793
59,207,208,9.97051
59,207,222,12.80325
59,208,209,8.58223
59,208,223,11.18223
59,209,224,9.43234
59,210,211,10.89319
59,211,212,8.58223
59,212,213,8.84053
59,213,214,12.46463
59,214,215,10.89319
59,215,216,8.84053
59,216,217,11.18223
59,217,218,6.37312
59,218,219,13.12499
59,219,220,11.79334
59,220,221,14.52093
59,221,222,10.89319
59,222,223,13.76228
59,223,224,13.43844
60,0,1,11.21365
60,0,15,13.05036
60,1,2,9.31071
60,1,16,10.85946
60,2,3,9.31071
60,2,17,10.97494
60,3,4,8.73819
60,3,18,14.17455
60,4,5,8.73819
60,4,19,10.0
60,5,6,14.04178
60,5,20,10.0
60,6,7,10.97494
60,6,21,8.73819
60,7,8,12.12794
60,7,22,10.69167
60,8,9,9.20533
60,8,23,9.51044
60,9,10,12.43134
60,9,24,15.8409
60,10,11,14.04178
60,10,25,13.45106
60,11,12,14.17455
60,11,26,10.69167
60,12,13,10.0
60,12,27,13.05036
60,13,14,10.69167
60,13,28,10.97494
60,14,29,11.87873
60,15,16,10.85946
60,15,30,11.87873
60,16,17,15.2103
60,16,31,11.87873
60,17,18,7.97901
60,17,32,11.58281
60,18,19,8.42299
60,18,33,12.81247
60,19,20,12.12794
60,19,34,10.64439
60,20,21,15.2103
60,20,35,11.58281
60,21,22,8.73819
60,21,36,13.05036
60,22,23,13.20923
60,22,37,11.50439
60,23,24,9.31071
60,23,38,11.50439
60,24,25,9.20533
60,24,39,10.69167
60,25,26,10.0
60,25,40,10.85946
60,26,27,12.25061
60,26,41,13.79425
60,27,28,10.13737
60,27,42,9.51044
60,28,29,10.0
60,28,43,13.20923
60,29,44,13.79425
60,30,31,10.34674
60,30,45,10.34674
60,31,32,11.58281
60,31,46,13.20923
60,32,33,11.50439
60,32,47,10.34674
60,33,34,10.0
60,33,48,9.51044
60,34,35,13.20923
60,34,49,9.20533
60,35,36,14.17455
60,35,50,8.42299
60,36,37,10.69167
60,36,51,9.79457
60,37,38,12.4828
60,37,52,12.12794
60,38,39,12.4828
60,38,53,15.2103
60,39,40,10.64439
60,39,54,12.81247
60,40,41,14.04178
60,40,55,7.97901
60,41,42,10.64439
60,41,56,10.34674
60,42,43,12.25061
60,42,57,9.79457
60,43,44,10.85946
60,43,58,9.31071
60,44,59,10.69167
60,45,46,10.97494
60,45,60,9.51044
60,46,47,7.97901
60,46,61,13.05036
60,47,48,11.58281
60,47,62,12.81247
60,48,49,13.45106
60,48,63,9.51044
60,49,50,11.50439
60,49,64,14.17455
60,50,51,11.58281
60,50,65,10.64439
60,51,52,9.79457
60,51,66,13.20923
60,52,53,8.73819
60,52,67,9.51044
60,53,54,12.4828
60,53,68,8.42299
60,54,55,11.58281
60,54,69,15.8409
60,55,56,10.0
60,55,70,10.34674
60,56,57,10.69167
60,56,71,15.2103
60,57,58,9.31071
60,57,72,14.782
60,58,59,12.43134
60,58,73,10.69167
60,59,74,8.42299
60,60,61,11.50439
60,60,75,11.50439
60,61,62,15.2103
60,61,76,11.21365
60,62,63,12.4828
60,62,77,9.20533
60,63,64,9.79457
60,63,78,12.12794
60,64,65,9.20533
60,64,79,10.85946
60,65,66,12.12794
60,65,80,15.2103
60,66,67,14.04178
60,66,81,9.51044
60,67,68,15.2103
60,67,82,8.73819
60,68,69,14.17455
60,68,83,11.58281
60,69,70,11.50439
60,69,84,7.97901
60,70,71,10.34674
60,70,85,10.0
60,71,72,14.782
60,71,86,10.85946
60,72,73,13.79425
60,72,87,14.17455
60,73,74,10.64439
60,73,88,11.87873
60,74,89,8.73819
60,75,76,9.20533
60,75,90,10.97494
60,76,77,10.64439
60,76,91,8.73819
60,77,78,8.42299
60,77,92,12.12794
60,78,79,7.97901
60,78,93,9.31071
60,79,80,9.31071
60,79,94,13.20923
60,80,81,14.17455
60,80,95,10.69167
60,81,82,12.12794
60,81,96,10.97494
60,82,83,14.782
60,82,97,12.12794
60,83,84,8.42299
60,83,98,10.34674
60,84,85,12.25061
60,84,99,10.64439
60,85,86,10.97494
60,85,100,9.51044
60,86,87,14.04178
60,86,101,15.8409
60,87,88,7.97901
60,87,102,10.64439
60,88,89,11.50439
60,88,103,14.782
60,89,104,12.25061
60,90,91,8.73819
60,90,105,7.97901
60,91,92,11.21365
60,91,106,11.87873
60,92,93,13.05036
60,92,107,9.31071
60,93,94,13.05036
60,93,108,8.42299
60,94,95,9.31071
60,94,109,13.20923
60,95,96,10.34674
60,95,110,9.31071
60,96,97,12.25061
60,96,111,11.21365
60,97,98,9.51044
60,97,112,12.43134
60,98,99,14.04178
60,98,113,10.85946
60,99,100,14.17455
60,99,114,13.79425
60,100,101,9.20533
60,100,115,10.85946
60,101,102,14.04178
60,101,116,12.4828
60,102,103,11.58281
60,102,117,11.87873
60,103,104,7.97901
60,103,118,13.79425
60,104,119,14.782
60,105,106,12.25061
60,105,120,10.0
60,106,107,9.31071
60,106,121,8.42299
60,107,108,8.73819
60,107,122,10.64439
60,108,109,13.45106
60,108,123,10.64439
60,109,110,9.79457
60,109,124,12.43134
60,110,111,12.81247
60,110,125,10.64439
60,111,112,10.69167
60,111,126,11.87873
60,112,113,9.20533
60,112,127,10.64439
60,113,114,11.50439
60,113,128,10.13737
60,114,115,14.17455
60,114,129,9.20533
60,115,116,14.04178
60,115,130,9.31071
60,116,117,10.97494
60,116,131,15.2103
60,117,118,14.782
60,117,132,12.4828
60,118,119,12.81247
60,118,133,11.21365
60,119,134,10.0
60,120,121,14.17455
60,120,135,8.73819
60,121,122,14.17455
60,121,136,10.85946
60,122,123,13.45106
60,122,137,11.21365
60,123,124,7.97901
60,123,138,14.782
60,124,125,10.0
60,124,139,12.25061
60,125,126,9.31071
60,125,140,9.20533
60,126,127,10.13737
60,126,141,13.45106
60,127,128,7.97901
60,127,142,15.8409
60,128,129,12.43134
60,128,143,12.81247
60,129,130,10.13737
60,129,144,11.58281
60,130,131,9.51044
60,130,145,14.17455
60,131,132,9.51044
60,131,146,11.87873
60,132,133,11.21365
60,132,147,8.42299
60,133,134,7.97901
60,133,148,9.51044
60,134,149,15.8409
60,135,136,7.97901
60,135,150,10.0
60,136,137,14.17455
60,136,151,10.0
60,137,138,14.17455
60,137,152,15.2103
60,138,139,9.20533
60,138,153,13.79425
60,139,140,13.20923
60,139,154,10.0
60,140,141,13.20923
60,140,155,11.21365
60,141,142,13.45106
60,141,156,10.97494
60,142,143,10.13737
60,142,157,10.13737
60,143,144,10.64439
60,143,158,11.58281
60,144,145,9.20533
60,144,159,15.8409
60,145,146,7.97901
60,145,160,13.20923
60,146,147,8.73819
60,146,161,14.04178
60,147,148,14.782
60,147,162,9.79457
60,148,149,12.81247
60,148,163,8.73819
60,149,164,12.43134
60,150,151,10.97494
60,150,165,15.8409
60,151,152,10.85946
60,151,166,10.97494
60,152,153,10.34674
60,152,167,13.20923
60,153,154,12.25061
60,153,168,11.50439
60,154,155,9.31071
60,154,169,10.13737
60,155,156,9.20533
60,155,170,12.81247
60,156,157,7.97901
60,156,171,10.13737
60,157,158,14.04178
60,157,172,10.13737
60,158,159,14.782
60,158,173,13.45106
60,159,160,13.20923
60,159,174,10.69167
60,160,161,10.0
60,160,175,13.05036
60,161,162,11.87873
60,161,176,15.2103
60,162,163,12.43134
60,162,177,14.782
60,163,164,10.0
60,163,178,10.34674
60,164,179,9.20533
60,165,166,12.43134
60,165,180,11.50439
60,166,167,11.21365
60,166,181,11.58281
60,167,168,11.58281
60,167,182,10.97494
60,168,169,11.21365
60,168,183,15.2103
60,169,170,12.81247
60,169,184,7.97901
60,170,171,10.13737
60,170,185,13.20923
60,171,172,12.25061
60,171,186,11.58281
60,172,173,11.58281
60,172,187,10.69167
60,173,174,13.79425
60,173,188,13.20923
60,174,175,11.50439
60,174,189,13.45106
60,175,176,11.21365
60,175,190,9.31071
60,176,177,15.8409
60,176,191,12.81247
60,177,178,14.04178
60,177,192,11.21365
60,178,179,7.97901
60,178,193,10.34674
60,179,194,10.13737
60,180,181,9.51044
60,180,195,15.8409
60,181,182,11.21365
60,181,196,12.12794
60,182,183,11.87873
60,182,197,8.42299
60,183,184,11.21365
60,183,198,15.8409
60,184,185,15.8409
60,184,199,10.97494
60,185,186,9.79457
60,185,200,13.45106
60,186,187,10.0
60,186,201,12.12794
60,187,188,15.8409
60,187,202,9.31071
60,188,189,10.34674
60,188,203,9.51044
60,189,190,12.12794
60,189,204,7.97901
60,190,191,10.0
60,190,205,15.2103
60,191,192,10.13737
60,191,206,12.43134
60,192,193,13.79425
60,192,207,9.20533
60,193,194,14.782
60,193,208,11.21365
60,194,209,9.79457
60,195,196,13.79425
60,195,210,12.43134
60,196,197,12.43134
60,196,211,9.20533
60,197,198,11.21365
60,197,212,12.43134
60,198,199,12.25061
60,198,213,13.79425
60,199,200,9.51044
60,199,214,12.81247
60,200,201,11.21365
60,200,215,14.17455
60,201,202,13.05036
60,201,216,12.12794
60,202,203,9.51044
60,202,217,9.51044
60,203,204,10.85946
60,203,218,10.13737
60,204,205,9.20533
60,204,219,8.73819
60,205,206,12.4828
60,205,220,12.12794
60,206,207,10.34674
60,206,221,11.50439
60,207,208,15.2103
60,207,222,9.79457
60,208,209,12.25061
60,208,223,12.12794
60,209,224,12.81247
60,210,211,15.8409
60,211,212,12.25061
60,212,213,13.45106
60,213,214,13.79425
60,214,215,15.8409
60,215,216,13.45106
60,216,217,12.12794
60,217,218,12.4828
60,218,219,10.85946
60,219,220,9.31071
60,220,221,12.43134
60,221,222,15.8409
60,222,223,8.73819
60,223,224,11.87873
61,0,1,5.58921
61,0,15,5.93462
61,1,2,8.57238
61,1,16,8.67115
61,2,3,8.57238
61,2,17,9.0143
61,3,4,8.80801
61,3,18,5.21216
61,4,5,8.80801
61,4,19,10.0
61,5,6,4.96442
61,5,20,10.0
61,6,7,9.0143
61,6,21,8.80801
61,7,8,4.65547
61,7,22,6.04451
61,8,9,8.23894
61,8,23,10.63329
61,9,10,7.23443
61,9,24,3.95251
61,10,11,4.96442
61,10,25,5.38835
61,11,12,5.21216
61,11,26,6.04451
61,12,13,10.0
61,12,27,5.93462
61,13,14,6.04451
61,13,28,9.0143
61,14,29,7.76332
61,15,16,8.67115
61,15,30,7.76332
61,16,17,4.31983
61,16,31,7.76332
61,17,18,10.14819
61,17,32,5.06298
61,18,19,9.53132
61,18,33,4.49482
61,19,20,4.65547
61,19,34,6.84541
61,20,21,4.31983
61,20,35,5.06298
61,21,22,8.80801
61,21,36,5.93462
61,22,23,4.03764
61,22,37,8.43762
61,23,24,8.57238
61,23,38,8.43762
61,24,25,8.23894
61,24,39,6.04451
61,25,26,10.0
61,25,40,8.67115
61,26,27,4.89351
61,26,41,3.68674
61,27,28,7.35787
61,27,42,10.63329
61,28,29,10.0
61,28,43,4.03764
61,29,44,3.68674
61,30,31,9.25665
61,30,45,9.25665
61,31,32,5.06298
61,31,46,4.03764
61,32,33,8.43762
61,32,47,9.25665
61,33,34,10.0
61,33,48,10.63329
61,34,35,4.03764
61,34,49,8.23894
61,35,36,5.21216
61,35,50,9.53132
61,36,37,6.04451
61,36,51,8.01213
61,37,38,6.40634
61,37,52,4.65547
61,38,39,6.40634
61,38,53,4.31983
61,39,40,6.84541
61,39,54,4.49482
61,40,41,4.96442
61,40,55,10.14819
61,41,42,6.84541
61,41,56,9.25665
61,42,43,4.89351
61,42,57,8.01213
61,43,44,8.67115
61,43,58,8.57238
61,44,59,6.04451
61,45,46,9.0143
61,45,60,10.63329
61,46,47,10.14819
61,46,61,5.93462
61,47,48,5.06298
61,47,62,4.49482
61,48,49,5.38835
61,48,63,10.63329
61,49,50,8.43762
61,49,64,5.21216
61,50,51,5.06298
61,50,65,6.84541
61,51,52,8.01213
61,51,66,4.03764
61,52,53,8.80801
61,52,67,10.63329
61,53,54,6.40634
61,53,68,9.53132
61,54,55,5.06298
61,54,69,3.95251
61,55,56,10.0
61,55,70,9.25665
61,56,57,6.04451
61,56,71,4.31983
61,57,58,8.57238
61,57,72,4.79705
61,58,59,7.23443
61,58,73,6.04451
61,59,74,9.53132
61,60,61,8.43762
61,60,75,8.43762
61,61,62,4.31983
61,61,76,5.58921
61,62,63,6.40634
61,62,77,8.23894
61,63,64,8.01213
61,63,78,4.65547
61,64,65,8.23894
61,64,79,8.67115
61,65,66,4.65547
61,65,80,4.31983
61,66,67,4.96442
61,66,81,10.63329
61,67,68,4.31983
61,67,82,8.80801
61,68,69,5.21216
61,68,83,5.06298
61,69,70,8.43762
61,69,84,10.14819
61,70,71,9.25665
61,70,85,10.0
61,71,72,4.79705
61,71,86,8.67115
61,72,73,3.68674
61,72,87,5.21216
61,73,74,6.84541
61,73,88,7.76332
61,74,89,8.80801
61,75,76,8.23894
61,75,90,9.0143
61,76,77,6.84541
61,76,91,8.80801
61,77,78,9.53132
61,77,92,4.65547
61,78,79,10.14819
61,78,93,8.57238
61,79,80,8.57238
61,79,94,4.03764
61,80,81,5.21216
61,80,95,6.04451
61,81,82,4.65547
61,81,96,9.0143
61,82,83,4.79705
61,82,97,4.65547
61,83,84,9.53132
61,83,98,9.25665
61,84,85,4.89351
61,84,99,6.84541
61,85,86,9.0143
61,85,100,10.63329
61,86,87,4.96442
61,86,101,3.95251
61,87,88,10.14819
61,87,102,6.84541
61,88,89,8.43762
61,88,103,4.79705
61,89,104,4.89351
61,90,91,8.80801
61,90,105,10.14819
61,91,92,5.58921
61,91,106,7.76332
61,92,93,5.93462
61,92,107,8.57238
61,93,94,5.93462
61,93,108,9.53132
61,94,95,8.57238
61,94,109,4.03764
61,95,96,9.25665
61,95,110,8.57238
61,96,97,4.89351
61,96,111,5.58921
61,97,98,10.63329
61,97,112,7.23443
61,98,99,4.96442
61,98,113,8.67115
61,99,100,5.21216
61,99,114,3.68674
61,100,101,8.23894
61,100,115,8.67115
61,101,102,4.96442
61,101,116,6.40634
61,102,103,5.06298
61,102,117,7.76332
61,103,104,10.14819
61,103,118,3.68674
61,104,119,4.79705
61,105,106,4.89351
61,105,120,10.0
61,106,107,8.57238
61,106,121,9.53132
61,107,108,8.80801
61,107,122,6.84541
61,108,109,5.38835
61,108,123,6.84541
61,109,110,8.01213
61,109,124,7.23443
61,110,111,4.49482
61,110,125,6.84541
61,111,112,6.04451
61,111,126,7.76332
61,112,113,8.23894
61,112,127,6.84541
61,113,114,8.43762
61,113,128,7.35787
61,114,115,5.21216
61,114,129,8.23894
61,115,116,4.96442
61,115,130,8.57238
61,116,117,9.0143
61,116,131,4.31983
61,117,118,4.79705
61,117,132,6.40634
61,118,119,4.49482
61,118,133,5.58921
61,119,134,10.0
61,120,121,5.21216
61,120,135,8.80801
61,121,122,5.21216
61,121,136,8.67115
61,122,123,5.38835
61,122,137,5.58921
61,123,124,10.14819
61,123,138,4.79705
61,124,125,10.0
61,124,139,4.89351
61,125,126,8.57238
61,125,140,8.23894
61,126,127,7.35787
61,126,141,5.38835
61,127,128,10.14819
61,127,142,3.95251
61,128,129,7.23443
61,128,143,4.49482
61,129,130,7.35787
61,129,144,5.06298
61,130,131,10.63329
61,130,145,5.21216
61,131,132,10.63329
61,131,146,7.76332
61,132,133,5.58921
61,132,147,9.53132
61,133,134,10.14819
61,133,148,10.63329
61,134,149,3.95251
61,135,136,10.14819
61,135,150,10.0
61,136,137,5.21216
61,136,151,10.0
61,137,138,5.21216
61,137,152,4.31983
61,138,139,8.23894
61,138,153,3.68674
61,139,140,4.03764
61,139,154,10.0
61,140,141,4.03764
61,140,155,5.58921
61,141,142,5.38835
61,141,156,9.0143
61,142,143,7.35787
61,142,157,7.35787
61,143,144,6.84541
61,143,158,5.06298
61,144,145,8.23894
61,144,159,3.95251
61,145,146,10.14819
61,145,160,4.03764
61,146,147,8.80801
61,146,161,4.96442
61,147,148,4.79705
61,147,162,8.01213
61,148,149,4.49482
61,148,163,8.80801
61,149,164,7.23443
61,150,151,9.0143
61,150,165,3.95251
61,151,152,8.67115
61,151,166,9.0143
61,152,153,9.25665
61,152,167,4.03764
61,153,154,4.89351
61,153,168,8.43762
61,154,155,8.57238
61,154,169,7.35787
61,155,156,8.23894
61,155,170,4.49482
61,156,157,10.14819
61,156,171,7.35787
61,157,158,4.96442
61,157,172,7.35787
61,158,159,4.79705
61,158,173,5.38835
61,159,160,4.03764
61,159,174,6.04451
61,160,161,10.0
61,160,175,5.93462
61,161,162,7.76332
61,161,176,4.31983
61,162,163,7.23443
61,162,177,4.79705
61,163,164,10.0
61,163,178,9.25665
61,164,179,8.23894
61,165,166,7.23443
61,165,180,8.43762
61,166,167,5.58921
61,166,181,5.06298
61,167,168,5.06298
61,167,182,9.0143
61,168,169,5.58921
61,168,183,4.31983
61,169,170,4.49482
61,169,184,10.14819
61,170,171,7.35787
61,170,185,4.03764
61,171,172,4.89351
61,171,186,5.06298
61,172,173,5.06298
61,172,187,6.04451
61,173,174,3.68674
61,173,188,4.03764
61,174,175,8.43762
61,174,189,5.38835
61,175,176,5.58921
61,175,190,8.57238
61,176,177,3.95251
61,176,191,4.49482
61,177,178,4.96442
61,177,192,5.58921
61,178,179,10.14819
61,178,193,9.25665
61,179,194,7.35787
61,180,181,10.63329
61,180,195,3.95251
61,181,182,5.58921
61,181,196,4.65547
61,182,183,7.76332
61,182,197,9.53132
61,183,184,5.58921
61,183,198,3.95251
61,184,185,3.95251
61,184,199,9.0143
61,185,186,8.01213
61,185,200,5.38835
61,186,187,10.0
61,186,201,4.65547
61,187,188,3.95251
61,187,202,8.57238
61,188,189,9.25665
61,188,203,10.63329
61,189,190,4.65547
61,189,204,10.14819
61,190,191,10.0
61,190,205,4.31983
61,191,192,7.35787
61,191,206,7.23443
61,192,193,3.68674
61,192,207,8.23894
61,193,194,4.79705
61,193,208,5.58921
61,194,209,8.01213
61,195,196,3.68674
61,195,210,7.23443
61,196,197,7.23443
61,196,211,8.23894
61,197,198,5.58921
61,197,212,7.23443
61,198,199,4.89351
61,198,213,3.68674
61,199,200,10.63329
61,199,214,4.49482
61,200,201,5.58921
61,200,215,5.21216
61,201,202,5.93462
61,201,216,4.65547
61,202,203,10.63329
61,202,217,10.63329
61,203,204,8.67115
61,203,218,7.35787
61,204,205,8.23894
61,204,219,8.80801
61,205,206,6.40634
61,205,220,4.65547
61,206,207,9.25665
61,206,221,8.43762
61,207,208,4.31983
61,207,222,8.01213
61,208,209,4.89351
61,208,223,4.65547
61,209,224,4.49482
61,210,211,3.95251
61,211,212,4.89351
61,212,213,5.38835
61,213,214,3.68674
61,214,215,3.95251
61,215,216,5.38835
61,216,217,4.65547
61,217,218,6.40634
61,218,219,8.67115
61,219,220,8.57238
61,220,221,7.23443
61,221,222,3.95251
61,222,223,8.80801
61,223,224,7.76332
62,0,1,12.38904
62,0,15,11.71415
62,1,2,14.88512
62,1,16,8.64146
62,2,3,14.88512
62,2,17,14.13887
62,3,4,11.41183
62,3,18,16.19444
62,4,5,11.41183
62,4,19,10.0
62,5,6,10.22681
62,5,20,10.0
62,6,7,14.13887
62,6,21,11.41183
62,7,8,10.85384
62,7,22,14.9552
62,8,9,9.21302
62,8,23,12.29566
62,9,10,10.16984
62,9,24,11.89939
62,10,11,10.22681
62,10,25,12.54958
62,11,12,16.19444
62,11,26,14.9552
62,12,13,10.0
62,12,27,11.71415
62,13,14,14.9552
62,13,28,14.13887
62,14,29,12.48583
62,15,16,8.64146
62,15,30,12.48583
62,16,17,14.41261
62,16,31,12.48583
62,17,18,12.98834
62,17,32,13.24989
62,18,19,10.61941
62,18,33,14.23956
62,19,20,10.85384
62,19,34,10.79497
62,20,21,14.41261
62,20,35,13.24989
62,21,22,11.41183
62,21,36,11.71415
62,22,23,15.1665
62,22,37,11.65276
62,23,24,14.88512
62,23,38,11.65276
62,24,25,9.21302
62,24,39,14.9552
62,25,26,10.0
62,25,40,8.64146
62,26,27,16.99618
62,26,41,12.58
62,27,28,13.18424
62,27,42,12.29566
62,28,29,10.0
62,28,43,15.1665
62,29,44,12.58
62,30,31,10.767
62,30,45,10.767
62,31,32,13.24989
62,31,46,15.1665
62,32,33,11.65276
62,32,47,10.767
62,33,34,10.0
62,33,48,12.29566
62,34,35,15.1665
62,34,49,9.21302
62,35,36,16.19444
62,35,50,10.61941
62,36,37,14.9552
62,36,51,12.32574
62,37,38,14.20704
62,37,52,10.85384
62,38,39,14.20704
62,38,53,14.41261
62,39,40,10.79497
62,39,54,14.23956
62,40,41,10.22681
62,40,55,12.98834
62,41,42,10.79497
62,41,56,10.767
62,42,43,16.99618
62,42,57,12.32574
62,43,44,8.64146
62,43,58,14.88512
62,44,59,14.9552
62,45,46,14.13887
62,45,60,12.29566
62,46,47,12.98834
62,46,61,11.71415
62,47,48,13.24989
62,47,62,14.23956
62,48,49,12.54958
62,48,63,12.29566
62,49,50,11.65276
62,49,64,16.19444
62,50,51,13.24989
62,50,65,10.79497
62,51,52,12.32574
62,51,66,15.1665
62,52,53,11.41183
62,52,67,12.29566
62,53,54,14.20704
62,53,68,10.61941
62,54,55,13.24989
62,54,69,11.89939
62,55,56,10.0
62,55,70,10.767
62,56,57,14.9552
62,56,71,14.41261
62,57,58,14.88512
62,57,72,13.5111
62,58,59,10.16984
62,58,73,14.9552
62,59,74,10.61941
62,60,61,11.65276
62,60,75,11.65276
62,61,62,14.41261
62,61,76,12.38904
62,62,63,14.20704
62,62,77,9.21302
62,63,64,12.32574
62,63,78,10.85384
62,64,65,9.21302
62,64,79,8.64146
62,65,66,10.85384
62,65,80,14.41261
62,66,67,10.22681
62,66,81,12.29566
62,67,68,14.41261
62,67,82,11.41183
62,68,69,16.19444
62,68,83,13.24989
62,69,70,11.65276
62,69,84,12.98834
62,70,71,10.767
62,70,85,10.0
62,71,72,13.5111
62,71,86,8.64146
62,72,73,12.58
62,72,87,16.19444
62,73,74,10.79497
62,73,88,12.48583
62,74,89,11.41183
62,75,76,9.21302
62,75,90,14.13887
62,76,77,10.79497
62,76,91,11.41183
62,77,78,10.61941
62,77,92,10.85384
62,78,79,12.98834
62,78,93,14.88512
62,79,80,14.88512
62,79,94,15.1665
62,80,81,16.19444
62,80,95,14.9552
62,81,82,10.85384
62,81,96,14.13887
62,82,83,13.5111
62,82,97,10.85384
62,83,84,10.61941
62,83,98,10.767
62,84,85,16.99618
62,84,99,10.79497
62,85,86,14.13887
62,85,100,12.29566
62,86,87,10.22681
62,86,101,11.89939
62,87,88,12.98834
62,87,102,10.79497
62,88,89,11.65276
62,88,103,13.5111
62,89,104,16.99618
62,90,91,11.41183
62,90,105,12.98834
62,91,92,12.38904
62,91,106,12.48583
62,92,93,11.71415
62,92,107,14.88512
62,93,94,11.71415
62,93,108,10.61941
62,94,95,14.88512
62,94,109,15.1665
62,95,96,10.767
62,95,110,14.88512
62,96,97,16.99618
62,96,111,12.38904
62,97,98,12.29566
62,97,112,10.16984
62,98,99,10.22681
62,98,113,8.64146
62,99,100,16.19444
62,99,114,12.58
62,100,101,9.21302
62,100,115,8.64146
62,101,102,10.22681
62,101,116,14.20704
62,102,103,13.24989
62,102,117,12.48583
62,103,104,12.98834
62,103,118,12.58
62,104,119,13.5111
62,105,106,16.99618
62,105,120,10.0
62,106,107,14.88512
62,106,121,10.61941
62,107,108,11.41183
62,107,122,10.79497
62,108,109,12.54958
62,108,123,10.79497
62,109,110,12.32574
62,109,124,10.16984
62,110,111,14.23956
62,110,125,10.79497
62,111,112,14.9552
62,111,126,12.48583
62,112,113,9.21302
62,112,127,10.79497
62,113,114,11.65276
62,113,128,13.18424
62,114,115,16.19444
62,114,129,9.21302
62,115,116,10.22681
62,115,130,14.88512
62,116,117,14.13887
62,116,131,14.41261
62,117,118,13.5111
62,117,132,14.20704
62,118,119,14.23956
62,118,133,12.38904
62,119,134,10.0
62,120,121,16.19444
62,120,135,11.41183
62,121,122,16.19444
62,121,136,8.64146
62,122,123,12.54958
62,122,137,12.38904
62,123,124,12.98834
62,123,138,13.5111
62,124,125,10.0
62,124,139,16.99618
62,125,126,14.88512
62,125,140,9.21302
62,126,127,13.18424
62,126,141,12.54958
62,127,128,12.98834
62,127,142,11.89939
62,128,129,10.16984
62,128,143,14.23956
62,129,130,13.18424
62,129,144,13.24989
62,130,131,12.29566
62,130,145,16.19444
62,131,132,12.29566
62,131,146,12.48583
62,132,133,12.38904
62,132,147,10.61941
62,133,134,12.98834
62,133,148,12.29566
62,134,149,11.89939
62,135,136,12.98834
62,135,150,10.0
62,136,137,16.19444
62,136,151,10.0
62,137,138,16.19444
62,137,152,14.41261
62,138,139,9.21302
62,138,153,12.58
62,139,140,15.1665
62,139,154,10.0
62,140,141,15.1665
62,140,155,12.38904
62,141,142,12.54958
62,141,156,14.13887
62,142,143,13.18424
62,142,157,13.18424
62,143,144,10.79497
62,143,158,13.24989
62,144,145,9.21302
62,144,159,11.89939
62,145,146,12.98834
62,145,160,15.1665
62,146,147,11.41183
62,146,161,10.22681
62,147,148,13.5111
62,147,162,12.32574
62,148,149,14.23956
62,148,163,11.41183
62,149,164,10.16984
62,150,151,14.13887
62,150,165,11.89939
62,151,152,8.64146
62,151,166,14.13887
62,152,153,10.767
62,152,167,15.1665
62,153,154,16.99618
62,153,168,11.65276
62,154,155,14.88512
62,154,169,13.18424
62,155,156,9.21302
62,155,170,14.23956
62,156,157,12.98834
62,156,171,13.18424
62,157,158,10.22681
62,157,172,13.18424
62,158,159,13.5111
62,158,173,12.54958
62,159,160,15.1665
62,159,174,14.9552
62,160,161,10.0
62,160,175,11.71415
62,161,162,12.48583
62,161,176,14.41261
62,162,163,10.16984
62,162,177,13.5111
62,163,164,10.0
62,163,178,10.767
62,164,179,9.21302
62,165,166,10.16984
62,165,180,11.65276
62,166,167,12.38904
62,166,181,13.24989
62,167,168,13.24989
62,167,182,14.13887
62,168,169,12.38904
62,168,183,14.41261
62,169,170,14.23956
62,169,184,12.98834
62,170,171,13.18424
62,170,185,15.1665
62,171,172,16.99618
62,171,186,13.24989
62,172,173,13.24989
62,172,187,14.9552
62,173,174,12.58
62,173,188,15.1665
62,174,175,11.65276
62,174,189,12.54958
62,175,176,12.38904
62,175,190,14.88512
62,176,177,11.89939
62,176,191,14.23956
62,177,178,10.22681
62,177,192,12.38904
62,178,179,12.98834
62,178,193,10.767
62,179,194,13.18424
62,180,181,12.29566
62,180,195,11.89939
62,181,182,12.38904
62,181,196,10.85384
62,182,183,12.48583
62,182,197,10.61941
62,183,184,12.38904
62,183,198,11.89939
62,184,185,11.89939
62,184,199,14.13887
62,185,186,12.32574
62,185,200,12.54958
62,186,187,10.0
62,186,201,10.85384
62,187,188,11.89939
62,187,202,14.88512
62,188,189,10.767
62,188,203,12.29566
62,189,190,10.85384
62,189,204,12.98834
62,190,191,10.0
62,190,205,14.41261
62,191,192,13.18424
62,191,206,10.16984
62,192,193,12.58
62,192,207,9.21302
62,193,194,13.5111
62,193,208,12.38904
62,194,209,12.32574
62,195,196,12.58
62,195,210,10.16984
62,196,197,10.16984
62,196,211,9.21302
62,197,198,12.38904
62,197,212,10.16984
62,198,199,16.99618
62,198,213,12.58
62,199,200,12.29566
62,199,214,14.23956
62,200,201,12.38904
62,200,215,16.19444
62,201,202,11.71415
62,201,216,10.85384
62,202,203,12.29566
62,202,217,12.29566
62,203,204,8.64146
62,203,218,13.18424
62,204,205,9.21302
62,204,219,11.41183
62,205,206,14.20704
62,205,220,10.85384
62,206,207,10.767
62,206,221,11.65276
62,207,208,14.41261
62,207,222,12.32574
62,208,209,16.99618
62,208,223,10.85384
62,209,224,14.23956
62,210,211,11.89939
62,211,212,16.99618
62,212,213,12.54958
62,213,214,12.58
62,214,215,11.89939
62,215,216,12.54958
62,216,217,10.85384
62,217,218,14.20704
62,218,219,8.64146
62,219,220,14.88512
62,220,221,10.16984
62,221,222,11.89939
62,222,223,11.41183
62,223,224,12.48583
63,0,1,14.1097
63,0,15,8.21249
63,1,2,15.50174
63,1,16,7.61297
63,2,3,15.50174
63,2,17,9.25408
63,3,4,15.20018
63,3,18,7.54643
63,4,5,15.20018
63,4,19,10.0
63,5,6,6.09485
63,5,20,10.0
63,6,7,9.25408
63,6,21,15.20018
63,7,8,11.19079
63,7,22,16.07266
63,8,9,13.2969
63,8,23,11.63816
63,9,10,5.76523
63,9,24,4.49148
63,10,11,6.09485
63,10,25,7.34434
63,11,12,7.54643
63,11,26,16.07266
63,12,13,10.0
63,12,27,8.21249
63,13,14,16.07266
63,13,28,9.25408
63,14,29,6.97588
63,15,16,7.61297
63,15,30,6.97588
63,16,17,5.53762
63,16,31,6.97588
63,17,18,18.61266
63,17,32,12.92958
63,18,19,16.4852
63,18,33,11.4465
63,19,20,11.19079
63,19,34,10.72233
63,20,21,5.53762
63,20,35,12.92958
63,21,22,15.20018
63,21,36,8.21249
63,22,23,10.39602
63,22,37,7.81926
63,23,24,15.50174
63,23,38,7.81926
63,24,25,13.2969
63,24,39,16.07266
63,25,26,10.0
63,25,40,7.61297
63,26,27,13.20611
63,26,41,8.86058
63,27,28,12.42227
63,27,42,11.63816
63,28,29,10.0
63,28,43,10.39602
63,29,44,8.86058
63,30,31,9.02696
63,30,45,9.02696
63,31,32,12.92958
63,31,46,10.39602
63,32,33,7.81926
63,32,47,9.02696
63,33,34,10.0
63,33,48,11.63816
63,34,35,10.39602
63,34,49,13.2969
63,35,36,7.54643
63,35,50,16.4852
63,36,37,16.07266
63,36,51,13.57763
63,37,38,9.68616
63,37,52,11.19079
63,38,39,9.68616
63,38,53,5.53762
63,39,40,10.72233
63,39,54,11.4465
63,40,41,6.09485
63,40,55,18.61266
63,41,42,10.72233
63,41,56,9.02696
63,42,43,13.20611
63,42,57,13.57763
63,43,44,7.61297
63,43,58,15.50174
63,44,59,16.07266
63,45,46,9.25408
63,45,60,11.63816
63,46,47,18.61266
63,46,61,8.21249
63,47,48,12.92958
63,47,62,11.4465
63,48,49,7.34434
63,48,63,11.63816
63,49,50,7.81926
63,49,64,7.54643
63,50,51,12.92958
63,50,65,10.72233
63,51,52,13.57763
63,51,66,10.39602
63,52,53,15.20018
63,52,67,11.63816
63,53,54,9.68616
63,53,68,16.4852
63,54,55,12.92958
63,54,69,4.49148
63,55,56,10.0
63,55,70,9.02696
63,56,57,16.07266
63,56,71,5.53762
63,57,58,15.50174
63,57,72,6.27612
63,58,59,5.76523
63,58,73,16.07266
63,59,74,16.4852
63,60,61,7.81926
63,60,75,7.81926
63,61,62,5.53762
63,61,76,14.1097
63,62,63,9.68616
63,62,77,13.2969
63,63,64,13.57763
63,63,78,11.19079
63,64,65,13.2969
63,64,79,7.61297
63,65,66,11.19079
63,65,80,5.53762
63,66,67,6.09485
63,66,81,11.63816
63,67,68,5.53762
63,67,82,15.20018
63,68,69,7.54643
63,68,83,12.92958
63,69,70,7.81926
63,69,84,18.61266
63,70,71,9.02696
63,70,85,10.0
63,71,72,6.27612
63,71,86,7.61297
63,72,73,8.86058
63,72,87,7.54643
63,73,74,10.72233
63,73,88,6.97588
63,74,89,15.20018
63,75,76,13.2969
63,75,90,9.25408
63,76,77,10.72233
63,76,91,15.20018
63,77,78,16.4852
63,77,92,11.19079
63,78,79,18.61266
63,78,93,15.50174
63,79,80,15.50174
63,79,94,10.39602
63,80,81,7.54643
63,80,95,16.07266
63,81,82,11.19079
63,81,96,9.25408
63,82,83,6.27612
63,82,97,11.19079
63,83,84,16.4852
63,83,98,9.02696
63,84,85,13.20611
63,84,99,10.72233
63,85,86,9.25408
63,85,100,11.63816
63,86,87,6.09485
63,86,101,4.49148
63,87,88,18.61266
63,87,102,10.72233
63,88,89,7.81926
63,88,103,6.27612
63,89,104,13.20611
63,90,91,15.20018
63,90,105,18.61266
63,91,92,14.1097
63,91,106,6.97588
63,92,93,8.21249
63,92,107,15.50174
63,93,94,8.21249
63,93,108,16.4852
63,94,95,15.50174
63,94,109,10.39602
63,95,96,9.02696
63,95,110,15.50174
63,96,97,13.20611
63,96,111,14.1097
63,97,98,11.63816
63,97,112,5.76523
63,98,99,6.09485
63,98,113,7.61297
63,99,100,7.54643
63,99,114,8.86058
63,100,101,13.2969
63,100,115,7.61297
63,101,102,6.09485
63,101,116,9.68616
63,102,103,12.92958
63,102,117,6.97588
63,103,104,18.61266
63,103,118,8.86058
63,104,119,6.27612
63,105,106,13.20611
63,105,120,10.0
63,106,107,15.50174
63,106,121,16.4852
63,107,108,15.20018
63,107,122,10.72233
63,108,109,7.34434
63,108,123,10.72233
63,109,110,13.57763
63,109,124,5.76523
63,110,111,11.4465
63,110,125,10.72233
63,111,112,16.07266
63,111,126,6.97588
63,112,113,13.2969
63,112,127,10.72233
63,113,114,7.81926
63,113,128,12.42227
63,114,115,7.54643
63,114,129,13.2969
63,115,116,6.09485
63,115,130,15.50174
63,116,117,9.25408
63,116,131,5.53762
63,117,118,6.27612
63,117,132,9.68616
63,118,119,11.4465
63,118,133,14.1097
63,119,134,10.0
63,120,121,7.54643
63,120,135,15.20018
63,121,122,7.54643
63,121,136,7.61297
63,122,123,7.34434
63,122,137,14.1097
63,123,124,18.61266
63,123,138,6.27612
63,124,125,10.0
63,124,139,13.20611
63,125,126,15.50174
63,125,140,13.2969
63,126,127,12.42227
63,126,141,7.34434
63,127,128,18.61266
63,127,142,4.49148
63,128,129,5.76523
63,128,143,11.4465
63,129,130,12.42227
63,129,144,12.92958
63,130,131,11.63816
63,130,145,7.54643
63,131,132,11.63816
63,131,146,6.97588
63,132,133,14.1097
63,132,147,16.4852
63,133,134,18.61266
63,133,148,11.63816
63,134,149,4.49148
63,135,136,18.61266
63,135,150,10.0
63,136,137,7.54643
63,136,151,10.0
63,137,138,7.54643
63,137,152,5.53762
63,138,139,13.2969
63,138,153,8.86058
63,139,140,10.39602
63,139,154,10.0
63,140,141,10.39602
63,140,155,14.1097
63,141,142,7.34434
63,141,156,9.25408
63,142,143,12.42227
63,142,157,12.42227
63,143,144,10.72233
63,143,158,12.92958
63,144,145,13.2969
63,144,159,4.49148
63,145,146,18.61266
63,145,160,10.39602
63,146,147,15.20018
63,146,161,6.09485
63,147,148,6.27612
63,147,162,13.57763
63,148,149,11.4465
63,148,163,15.20018
63,149,164,5.76523
63,150,151,9.25408
63,150,165,4.49148
63,151,152,7.61297
63,151,166,9.25408
63,152,153,9.02696
63,152,167,10.39602
63,153,154,13.20611
63,153,168,7.81926
63,154,155,15.50174
63,154,169,12.42227
63,155,156,13.2969
63,155,170,11.4465
63,156,157,18.61266
63,156,171,12.42227
63,157,158,6.09485
63,157,172,12.42227
63,158,159,6.27612
63,158,173,7.34434
63,159,160,10.39602
63,159,174,16.07266
63,160,161,10.0
63,160,175,8.21249
63,161,162,6.97588
63,161,176,5.53762
63,162,163,5.76523
63,162,177,6.27612
63,163,164,10.0
63,163,178,9.02696
63,164,179,13.2969
63,165,166,5.76523
63,165,180,7.81926
63,166,167,14.1097
63,166,181,12.92958
63,167,168,12.92958
63,167,182,9.25408
63,168,169,14.1097
63,168,183,5.53762
63,169,170,11.4465
63,169,184,18.61266
63,170,171,12.42227
63,170,185,10.39602
63,171,172,13.20611
63,171,186,12.92958
63,172,173,12.92958
63,172,187,16.07266
63,173,174,8.86058
63,173,188,10.39602
63,174,175,7.81926
63,174,189,7.34434
63,175,176,14.1097
63,175,190,15.50174
63,176,177,4.49148
63,176,191,11.4465
63,177,178,6.09485
63,177,192,14.1097
63,178,179,18.61266
63,178,193,9.02696
63,179,194,12.42227
63,180,181,11.63816
63,180,195,4.49148
63,181,182,14.1097
63,181,196,11.19079
63,182,183,6.97588
63,182,197,16.4852
63,183,184,14.1097
63,183,198,4.49148
63,184,185,4.49148
63,184,199,9.25408
63,185,186,13.57763
63,185,200,7.34434
63,186,187,10.0
63,186,201,11.19079
63,187,188,4.49148
63,187,202,15.50174
63,188,189,9.02696
63,188,203,11.63816
63,189,190,11.19079
63,189,204,18.61266
63,190,191,10.0
63,190,205,5.53762
63,191,192,12.42227
63,191,206,5.76523
63,192,193,8.86058
63,192,207,13.2969
63,193,194,6.27612
63,193,208,14.1097
63,194,209,13.57763
63,195,196,8.86058
63,195,210,5.76523
63,196,197,5.76523
63,196,211,13.2969
63,197,198,14.1097
63,197,212,5.76523
63,198,199,13.20611
63,198,213,8.86058
63,199,200,11.63816
63,199,214,11.4465
63,200,201,14.1097
63,200,215,7.54643
63,201,202,8.21249
63,201,216,11.19079
63,202,203,11.63816
63,202,217,11.63816
63,203,204,7.61297
63,203,218,12.42227
63,204,205,13.2969
63,204,219,15.20018
63,205,206,9.68616
63,205,220,11.19079
63,206,207,9.02696
63,206,221,7.81926
63,207,208,5.53762
63,207,222,13.57763
63,208,209,13.20611
63,208,223,11.19079
63,209,224,11.4465
63,210,211,4.49148
63,211,212,13.20611
63,212,213,7.34434
63,213,214,8.86058
63,214,215,4.49148
63,215,216,7.34434
63,216,217,11.19079
63,217,218,9.68616
63,218,219,7.61297
63,219,220,15.50174
63,220,221,5.76523
63,221,222,4.49148
63,222,223,15.20018
63,223,224,6.97588
64,0,1,15.51878
64,0,15,18.59389
64,1,2,12.07728
64,1,16,11.39741
64,2,3,12.07728
64,2,17,14.782
64,3,4,7.94597
64,3,18,25.07785
64,4,5,7.94597
64,4,19,10.0
64,5,6,20.52764
64,5,20,10.0
64,6,7,14.782
64,6,21,7.94597
64,7,8,17.28003
64,7,22,13.99983
64,8,9,9.06756
64,8,23,8.81301
64,9,10,18.15398
64,9,24,29.4755
64,10,11,20.52764
64,10,25,18.75935
64,11,12,25.07785
64,11,26,13.99983
64,12,13,10.0
64,12,27,18.59389
64,13,14,13.99983
64,13,28,14.782
64,14,29,16.49928
64,15,16,11.39741
64,15,30,16.49928
64,16,17,27.33147
64,16,31,16.49928
64,17,18,6.81302
64,17,32,15.66912
64,18,19,7.84264
64,18,33,23.35007
64,19,20,17.28003
64,19,34,15.11941
64,20,21,27.33147
64,20,35,15.66912
64,21,22,7.94597
64,21,36,18.59389
64,22,23,23.53651
64,22,37,16.34473
64,23,24,12.07728
64,23,38,16.34473
64,24,25,9.06756
64,24,39,13.99983
64,25,26,10.0
64,25,40,11.39741
64,26,27,21.45538
64,26,41,25.52317
64,27,28,13.62208
64,27,42,8.81301
64,28,29,10.0
64,28,43,23.53651
64,29,44,25.52317
64,30,31,10.11845
64,30,45,10.11845
64,31,32,15.66912
64,31,46,23.53651
64,32,33,16.34473
64,32,47,10.11845
64,33,34,10.0
64,33,48,8.81301
64,34,35,23.53651
64,34,49,9.06756
64,35,36,25.07785
64,35,50,7.84264
64,36,37,13.99983
64,36,51,13.48264
64,37,38,16.91758
64,37,52,17.28003
64,38,39,16.91758
64,38,53,27.33147
64,39,40,15.11941
64,39,54,23.35007
64,40,41,20.52764
64,40,55,6.81302
64,41,42,15.11941
64,41,56,10.11845
64,42,43,21.45538
64,42,57,13.48264
64,43,44,11.39741
64,43,58,12.07728
64,44,59,13.99983
64,45,46,14.782
64,45,60,8.81301
64,46,47,6.81302
64,46,61,18.59389
64,47,48,15.66912
64,47,62,23.35007
64,48,49,18.75935
64,48,63,8.81301
64,49,50,16.34473
64,49,64,25.07785
64,50,51,15.66912
64,50,65,15.11941
64,51,52,13.48264
64,51,66,23.53651
64,52,53,7.94597
64,52,67,8.81301
64,53,54,16.91758
64,53,68,7.84264
64,54,55,15.66912
64,54,69,29.4755
64,55,56,10.0
64,55,70,10.11845
64,56,57,13.99983
64,56,71,27.33147
64,57,58,12.07728
64,57,72,27.12991
64,58,59,18.15398
64,58,73,13.99983
64,59,74,7.84264
64,60,61,16.34473
64,60,75,16.34473
64,61,62,27.33147
64,61,76,15.51878
64,62,63,16.91758
64,62,77,9.06756
64,63,64,13.48264
64,63,78,17.28003
64,64,65,9.06756
64,64,79,11.39741
64,65,66,17.28003
64,65,80,27.33147
64,66,67,20.52764
64,66,81,8.81301
64,67,68,27.33147
64,67,82,7.94597
64,68,69,25.07785
64,68,83,15.66912
64,69,70,16.34473
64,69,84,6.81302
64,70,71,10.11845
64,70,85,10.0
64,71,72,27.12991
64,71,86,11.39741
64,72,73,25.52317
64,72,87,25.07785
64,73,74,15.11941
64,73,88,16.49928
64,74,89,7.94597
64,75,76,9.06756
64,75,90,14.782
64,76,77,15.11941
64,76,91,7.94597
64,77,78,7.84264
64,77,92,17.28003
64,78,79,6.81302
64,78,93,12.07728
64,79,80,12.07728
64,79,94,23.53651
64,80,81,25.07785
64,80,95,13.99983
64,81,82,17.28003
64,81,96,14.782
64,82,83,27.12991
64,82,97,17.28003
64,83,84,7.84264
64,83,98,10.11845
64,84,85,21.45538
64,84,99,15.11941
64,85,86,14.782
64,85,100,8.81301
64,86,87,20.52764
64,86,101,29.4755
64,87,88,6.81302
64,87,102,15.11941
64,88,89,16.34473
64,88,103,27.12991
64,89,104,21.45538
64,90,91,7.94597
64,90,105,6.81302
64,91,92,15.51878
64,91,106,16.49928
64,92,93,18.59389
64,92,107,12.07728
64,93,94,18.59389
64,93,108,7.84264
64,94,95,12.07728
64,94,109,23.53651
64,95,96,10.11845
64,95,110,12.07728
64,96,97,21.45538
64,96,111,15.51878
64,97,98,8.81301
64,97,112,18.15398
64,98,99,20.52764
64,98,113,11.39741
64,99,100,25.07785
64,99,114,25.52317
64,100,101,9.06756
64,100,115,11.39741
64,101,102,20.52764
64,101,116,16.91758
64,102,103,15.66912
64,102,117,16.49928
64,103,104,6.81302
64,103,118,25.52317
64,104,119,27.12991
64,105,106,21.45538
64,105,120,10.0
64,106,107,12.07728
64,106,121,7.84264
64,107,108,7.94597
64,107,122,15.11941
64,108,109,18.75935
64,108,123,15.11941
64,109,110,13.48264
64,109,124,18.15398
64,110,111,23.35007
64,110,125,15.11941
64,111,112,13.99983
64,111,126,16.49928
64,112,113,9.06756
64,112,127,15.11941
64,113,114,16.34473
64,113,128,13.62208
64,114,115,25.07785
64,114,129,9.06756
64,115,116,20.52764
64,115,130,12.07728
64,116,117,14.782
64,116,131,27.33147
64,117,118,27.12991
64,117,132,16.91758
64,118,119,23.35007
64,118,133,15.51878
64,119,134,10.0
64,120,121,25.07785
64,120,135,7.94597
64,121,122,25.07785
64,121,136,11.39741
64,122,123,18.75935
64,122,137,15.51878
64,123,124,6.81302
64,123,138,27.12991
64,124,125,10.0
64,124,139,21.45538
64,125,126,12.07728
64,125,140,9.06756
64,126,127,13.62208
64,126,141,18.75935
64,127,128,6.81302
64,127,142,29.4755
64,128,129,18.15398
64,128,143,23.35007
64,129,130,13.62208
64,129,144,15.66912
64,130,131,8.81301
64,130,145,25.07785
64,131,132,8.81301
64,131,146,16.49928
64,132,133,15.51878
64,132,147,7.84264
64,133,134,6.81302
64,133,148,8.81301
64,134,149,29.4755
64,135,136,6.81302
64,135,150,10.0
64,136,137,25.07785
64,136,151,10.0
64,137,138,25.07785
64,137,152,27.33147
64,138,139,9.06756
64,138,153,25.52317
64,139,140,23.53651
64,139,154,10.0
64,140,141,23.53651
64,140,155,15.51878
64,141,142,18.75935
64,141,156,14.782
64,142,143,13.62208
64,142,157,13.62208
64,143,144,15.11941
64,143,158,15.66912
64,144,145,9.06756
64,144,159,29.4755
64,145,146,6.81302
64,145,160,23.53651
64,146,147,7.94597
64,146,161,20.52764
64,147,148,27.12991
64,147,162,13.48264
64,148,149,23.35007
64,148,163,7.94597
64,149,164,18.15398
64,150,151,14.782
64,150,165,29.4755
64,151,152,11.39741
64,151,166,14.782
64,152,153,10.11845
64,152,167,23.53651
64,153,154,21.45538
64,153,168,16.34473
64,154,155,12.07728
64,154,169,13.62208
64,155,156,9.06756
64,155,170,23.35007
64,156,157,6.81302
64,156,171,13.62208
64,157,158,20.52764
64,157,172,13.62208
64,158,159,27.12991
64,158,173,18.75935
64,159,160,23.53651
64,159,174,13.99983
64,160,161,10.0
64,160,175,18.59389
64,161,162,16.49928
64,161,176,27.33147
64,162,163,18.15398
64,162,177,27.12991
64,163,164,10.0
64,163,178,10.11845
64,164,179,9.06756
64,165,166,18.15398
64,165,180,16.34473
64,166,167,15.51878
64,166,181,15.66912
64,167,168,15.66912
64,167,182,14.782
64,168,169,15.51878
64,168,183,27.33147
64,169,170,23.35007
64,169,184,6.81302
64,170,171,13.62208
64,170,185,23.53651
64,171,172,21.45538
64,171,186,15.66912
64,172,173,15.66912
64,172,187,13.99983
64,173,174,25.52317
64,173,188,23.53651
64,174,175,16.34473
64,174,189,18.75935
64,175,176,15.51878
64,175,190,12.07728
64,176,177,29.4755
64,176,191,23.35007
64,177,178,20.52764
64,177,192,15.51878
64,178,179,6.81302
64,178,193,10.11845
64,179,194,13.62208
64,180,181,8.81301
64,180,195,29.4755
64,181,182,15.51878
64,181,196,17.28003
64,182,183,16.49928
64,182,197,7.84264
64,183,184,15.51878
64,183,198,29.4755
64,184,185,29.4755
64,184,199,14.782
64,185,186,13.48264
64,185,200,18.75935
64,186,187,10.0
64,186,201,17.28003
64,187,188,29.4755
64,187,202,12.07728
64,188,189,10.11845
64,188,203,8.81301
64,189,190,17.28003
64,189,204,6.81302
64,190,191,10.0
64,190,205,27.33147
64,191,192,13.62208
64,191,206,18.15398
64,192,193,25.52317
64,192,207,9.06756
64,193,194,27.12991
64,193,208,15.51878
64,194,209,13.48264
64,195,196,25.52317
64,195,210,18.15398
64,196,197,18.15398
64,196,211,9.06756
64,197,198,15.51878
64,197,212,18.15398
64,198,199,21.45538
64,198,213,25.52317
64,199,200,8.81301
64,199,214,23.35007
64,200,201,15.51878
64,200,215,25.07785
64,201,202,18.59389
64,201,216,17.28003
64,202,203,8.81301
64,202,217,8.81301
64,203,204,11.39741
64,203,218,13.62208
64,204,205,9.06756
64,204,219,7.94597
64,205,206,16.91758
64,205,220,17.28003
64,206,207,10.11845
64,206,221,16.34473
64,207,208,27.33147
64,207,222,13.48264
64,208,209,21.45538
64,208,223,17.28003
64,209,224,23.35007
64,210,211,29.4755
64,211,212,21.45538
64,212,213,18.75935
64,213,214,25.52317
64,214,215,29.4755
64,215,216,18.75935
64,216,217,17.28003
64,217,218,16.91758
64,218,219,11.39741
64,219,220,12.07728
64,220,221,18.15398
64,221,222,29.4755
64,222,223,7.94597
64,223,224,16.49928
65,0,1,11.39452
65,0,15,8.64146
65,1,2,13.55226
65,1,16,13.75909
65,2,3,13.55226
65,2,17,10.50601
65,3,4,17.96557
65,3,18,9.10826
65,4,5,17.96557
65,4,19,10.0
65,5,6,12.13093
65,5,20,10.0
65,6,7,10.50601
65,6,21,17.96557
65,7,8,15.40992
65,7,22,11.96445
65,8,9,17.25478
65,8,23,10.53084
65,9,10,13.73035
65,9,24,12.10409
65,10,11,12.13093
65,10,25,12.72043
65,11,12,9.10826
65,11,26,11.96445
65,12,13,10.0
65,12,27,8.64146
65,13,14,11.96445
65,13,28,10.50601
65,14,29,14.36025
65,15,16,13.75909
65,15,30,14.36025
65,16,17,12.69289
65,16,31,14.36025
65,17,18,13.5808
65,17,32,16.07961
65,18,19,12.96977
65,18,33,11.36859
65,19,20,15.40992
65,19,34,17.22234
65,20,21,12.69289
65,20,35,16.07961
65,21,22,17.96557
65,21,36,8.64146
65,22,23,16.04836
65,22,37,9.97587
65,23,24,13.55226
65,23,38,9.97587
65,24,25,17.25478
65,24,39,11.96445
65,25,26,10.0
65,25,40,13.75909
65,26,27,11.93781
65,26,41,15.37938
65,27,28,17.93243
65,27,42,10.53084
65,28,29,10.0
65,28,43,16.04836
65,29,44,15.37938
65,30,31,14.38969
65,30,45,14.38969
65,31,32,16.07961
65,31,46,16.04836
65,32,33,9.97587
65,32,47,14.38969
65,33,34,10.0
65,33,48,10.53084
65,34,35,16.04836
65,34,49,17.25478
65,35,36,9.10826
65,35,50,12.96977
65,36,37,11.96445
65,36,51,12.94194
65,37,38,9.1312
65,37,52,15.40992
65,38,39,9.1312
65,38,53,12.69289
65,39,40,17.22234
65,39,54,11.36859
65,40,41,12.13093
65,40,55,13.5808
65,41,42,17.22234
65,41,56,14.38969
65,42,43,11.93781
65,42,57,12.94194
65,43,44,13.75909
65,43,58,13.55226
65,44,59,11.96445
65,45,46,10.50601
65,45,60,10.53084
65,46,47,13.5808
65,46,61,8.64146
65,47,48,16.07961
65,47,62,11.36859
65,48,49,12.72043
65,48,63,10.53084
65,49,50,9.97587
65,49,64,9.10826
65,50,51,16.07961
65,50,65,17.22234
65,51,52,12.94194
65,51,66,16.04836
65,52,53,17.96557
65,52,67,10.53084
65,53,54,9.1312
65,53,68,12.96977
65,54,55,16.07961
65,54,69,12.10409
65,55,56,10.0
65,55,70,14.38969
65,56,57,11.96445
65,56,71,12.69289
65,57,58,13.55226
65,57,72,8.61922
65,58,59,13.73035
65,58,73,11.96445
65,59,74,12.96977
65,60,61,9.97587
65,60,75,9.97587
65,61,62,12.69289
65,61,76,11.39452
65,62,63,9.1312
65,62,77,17.25478
65,63,64,12.94194
65,63,78,15.40992
65,64,65,17.25478
65,64,79,13.75909
65,65,66,15.40992
65,65,80,12.69289
65,66,67,12.13093
65,66,81,10.53084
65,67,68,12.69289
65,67,82,17.96557
65,68,69,9.10826
65,68,83,16.07961
65,69,70,9.97587
65,69,84,13.5808
65,70,71,14.38969
65,70,85,10.0
65,71,72,8.61922
65,71,86,13.75909
65,72,73,15.37938
65,72,87,9.10826
65,73,74,17.22234
65,73,88,14.36025
65,74,89,17.96557
65,75,76,17.25478
65,75,90,10.50601
65,76,77,17.22234
65,76,91,17.96557
65,77,78,12.96977
65,77,92,15.40992
65,78,79,13.5808
65,78,93,13.55226
65,79,80,13.55226
65,79,94,16.04836
65,80,81,9.10826
65,80,95,11.96445
65,81,82,15.40992
65,81,96,10.50601
65,82,83,8.61922
65,82,97,15.40992
65,83,84,12.96977
65,83,98,14.38969
65,84,85,11.93781
65,84,99,17.22234
65,85,86,10.50601
65,85,100,10.53084
65,86,87,12.13093
65,86,101,12.10409
65,87,88,13.5808
65,87,102,17.22234
65,88,89,9.97587
65,88,103,8.61922
65,89,104,11.93781
65,90,91,17.96557
65,90,105,13.5808
65,91,92,11.39452
65,91,106,14.36025
65,92,93,8.64146
65,92,107,13.55226
65,93,94,8.64146
65,93,108,12.96977
65,94,95,13.55226
65,94,109,16.04836
65,95,96,14.38969
65,95,110,13.55226
65,96,97,11.93781
65,96,111,11.39452
65,97,98,10.53084
65,97,112,13.73035
65,98,99,12.13093
65,98,113,13.75909
65,99,100,9.10826
65,99,114,15.37938
65,100,101,17.25478
65,100,115,13.75909
65,101,102,12.13093
65,101,116,9.1312
65,102,103,16.07961
65,102,117,14.36025
65,103,104,13.5808
65,103,118,15.37938
65,104,119,8.61922
65,105,106,11.93781
65,105,120,10.0
65,106,107,13.55226
65,106,121,12.96977
65,107,108,17.96557
65,107,122,17.22234
65,108,109,12.72043
65,108,123,17.22234
65,109,110,12.94194
65,109,124,13.73035
65,110,111,11.36859
65,110,125,17.22234
65,111,112,11.96445
65,111,126,14.36025
65,112,113,17.25478
65,112,127,17.22234
65,113,114,9.97587
65,113,128,17.93243
65,114,115,9.10826
65,114,129,17.25478
65,115,116,12.13093
65,115,130,13.55226
65,116,117,10.50601
65,116,131,12.69289
65,117,118,8.61922
65,117,132,9.1312
65,118,119,11.36859
65,118,133,11.39452
65,119,134,10.0
65,120,121,9.10826
65,120,135,17.96557
65,121,122,9.10826
65,121,136,13.75909
65,122,123,12.72043
65,122,137,11.39452
65,123,124,13.5808
65,123,138,8.61922
65,124,125,10.0
65,124,139,11.93781
65,125,126,13.55226
65,125,140,17.25478
65,126,127,17.93243
65,126,141,12.72043
65,127,128,13.5808
65,127,142,12.10409
65,128,129,13.73035
65,128,143,11.36859
65,129,130,17.93243
65,129,144,16.07961
65,130,131,10.53084
65,130,145,9.10826
65,131,132,10.53084
65,131,146,14.36025
65,132,133,11.39452
65,132,147,12.96977
65,133,134,13.5808
65,133,148,10.53084
65,134,149,12.10409
65,135,136,13.5808
65,135,150,10.0
65,136,137,9.10826
65,136,151,10.0
65,137,138,9.10826
65,137,152,12.69289
65,138,139,17.25478
65,138,153,15.37938
65,139,140,16.04836
65,139,154,10.0
65,140,141,16.04836
65,140,155,11.39452
65,141,142,12.72043
65,141,156,10.50601
65,142,143,17.93243
65,142,157,17.93243
65,143,144,17.22234
65,143,158,16.07961
65,144,145,17.25478
65,144,159,12.10409
65,145,146,13.5808
65,145,160,16.04836
65,146,147,17.96557
65,146,161,12.13093
65,147,148,8.61922
65,147,162,12.94194
65,148,149,11.36859
65,148,163,17.96557
65,149,164,13.73035
65,150,151,10.50601
65,150,165,12.10409
65,151,152,13.75909
65,151,166,10.50601
65,152,153,14.38969
65,152,167,16.04836
65,153,154,11.93781
65,153,168,9.97587
65,154,155,13.55226
65,154,169,17.93243
65,155,156,17.25478
65,155,170,11.36859
65,156,157,13.5808
65,156,171,17.93243
65,157,158,12.13093
65,157,172,17.93243
65,158,159,8.61922
65,158,173,12.72043
65,159,160,16.04836
65,159,174,11.96445
65,160,161,10.0
65,160,175,8.64146
65,161,162,14.36025
65,161,176,12.69289
65,162,163,13.73035
65,162,177,8.61922
65,163,164,10.0
65,163,178,14.38969
65,164,179,17.25478
65,165,166,13.73035
65,165,180,9.97587
65,166,167,11.39452
65,166,181,16.07961
65,167,168,16.07961
65,167,182,10.50601
65,168,169,11.39452
65,168,183,12.69289
65,169,170,11.36859
65,169,184,13.5808
65,170,171,17.93243
65,170,185,16.04836
65,171,172,11.93781
65,171,186,16.07961
65,172,173,16.07961
65,172,187,11.96445
65,173,174,15.37938
65,173,188,16.04836
65,174,175,9.97587
65,174,189,12.72043
65,175,176,11.39452
65,175,190,13.55226
65,176,177,12.10409
65,176,191,11.36859
65,177,178,12.13093
65,177,192,11.39452
65,178,179,13.5808
65,178,193,14.38969
65,179,194,17.93243
65,180,181,10.53084
65,180,195,12.10409
65,181,182,11.39452
65,181,196,15.40992
65,182,183,14.36025
65,182,197,12.96977
65,183,184,11.39452
65,183,198,12.10409
65,184,185,12.10409
65,184,199,10.50601
65,185,186,12.94194
65,185,200,12.72043
65,186,187,10.0
65,186,201,15.40992
65,187,188,12.10409
65,187,202,13.55226
65,188,189,14.38969
65,188,203,10.53084
65,189,190,15.40992
65,189,204,13.5808
65,190,191,10.0
65,190,205,12.69289
65,191,192,17.93243
65,191,206,13.73035
65,192,193,15.37938
65,192,207,17.25478
65,193,194,8.61922
65,193,208,11.39452
65,194,209,12.94194
65,195,196,15.37938
65,195,210,13.73035
65,196,197,13.73035
65,196,211,17.25478
65,197,198,11.39452
65,197,212,13.73035
65,198,199,11.93781
65,198,213,15.37938
65,199,200,10.53084
65,199,214,11.36859
65,200,201,11.39452
65,200,215,9.10826
65,201,202,8.64146
65,201,216,15.40992
65,202,203,10.53084
65,202,217,10.53084
65,203,204,13.75909
65,203,218,17.93243
65,204,205,17.25478
65,204,219,17.96557
65,205,206,9.1312
65,205,220,15.40992
65,206,207,14.38969
65,206,221,9.97587
65,207,208,12.69289
65,207,222,12.94194
65,208,209,11.93781
65,208,223,15.40992
65,209,224,11.36859
65,210,211,12.10409
65,211,212,11.93781
65,212,213,12.72043
65,213,214,15.37938
65,214,215,12.10409
65,215,216,12.72043
65,216,217,15.40992
65,217,218,9.1312
65,218,219,13.75909
65,219,220,13.55226
65,220,221,13.73035
65,221,222,12.10409
65,222,223,17.96557
65,223,224,14.36025
66,0,1,8.16693
66,0,15,7.65444
66,1,2,8.80801
66,1,16,7.74705
66,2,3,8.80801
66,2,17,8.27267
66,3,4,7.60377
66,3,18,6.18204
66,4,5,7.60377
66,4,19,10.0
66,5,6,5.73988
66,5,20,10.0
66,6,7,8.27267
66,6,21,7.60377
66,7,8,6.17389
66,7,22,7.51215
66,8,9,8.26303
66,8,23,9.26436
66,9,10,6.85406
66,9,24,4.99654
66,10,11,5.73988
66,10,25,5.21032
66,11,12,6.18204
66,11,26,7.51215
66,12,13,10.0
66,12,27,7.65444
66,13,14,7.51215
66,13,28,8.27267
66,14,29,6.2638
66,15,16,7.74705
66,15,30,6.2638
66,16,17,4.51156
66,16,31,6.2638
66,17,18,9.83441
66,17,32,5.61992
66,18,19,10.59446
66,18,33,7.2456
66,19,20,6.17389
66,19,34,7.33534
66,20,21,4.51156
66,20,35,5.61992
66,21,22,7.60377
66,21,36,7.65444
66,22,23,4.88645
66,22,37,8.96373
66,23,24,8.80801
66,23,38,8.96373
66,24,25,8.26303
66,24,39,7.51215
66,25,26,10.0
66,25,40,7.74705
66,26,27,6.63541
66,26,41,5.39585
66,27,28,6.72066
66,27,42,9.26436
66,28,29,10.0
66,28,43,4.88645
66,29,44,5.39585
66,30,31,7.11221
66,30,45,7.11221
66,31,32,5.61992
66,31,46,4.88645
66,32,33,8.96373
66,32,47,7.11221
66,33,34,10.0
66,33,48,9.26436
66,34,35,4.88645
66,34,49,8.26303
66,35,36,6.18204
66,35,50,10.59446
66,36,37,7.51215
66,36,51,9.52349
66,37,38,7.02408
66,37,52,6.17389
66,38,39,7.02408
66,38,53,4.51156
66,39,40,7.33534
66,39,54,7.2456
66,40,41,5.73988
66,40,55,9.83441
66,41,42,7.33534
66,41,56,7.11221
66,42,43,6.63541
66,42,57,9.52349
66,43,44,7.74705
66,43,58,8.80801
66,44,59,7.51215
66,45,46,8.27267
66,45,60,9.26436
66,46,47,9.83441
66,46,61,7.65444
66,47,48,5.61992
66,47,62,7.2456
66,48,49,5.21032
66,48,63,9.26436
66,49,50,8.96373
66,49,64,6.18204
66,50,51,5.61992
66,50,65,7.33534
66,51,52,9.52349
66,51,66,4.88645
66,52,53,7.60377
66,52,67,9.26436
66,53,54,7.02408
66,53,68,10.59446
66,54,55,5.61992
66,54,69,4.99654
66,55,56,10.0
66,55,70,7.11221
66,56,57,7.51215
66,56,71,4.51156
66,57,58,8.80801
66,57,72,6.76782
66,58,59,6.85406
66,58,73,7.51215
66,59,74,10.59446
66,60,61,8.96373
66,60,75,8.96373
66,61,62,4.51156
66,61,76,8.16693
66,62,63,7.02408
66,62,77,8.26303
66,63,64,9.52349
66,63,78,6.17389
66,64,65,8.26303
66,64,79,7.74705
66,65,66,6.17389
66,65,80,4.51156
66,66,67,5.73988
66,66,81,9.26436
66,67,68,4.51156
66,67,82,7.60377
66,68,69,6.18204
66,68,83,5.61992
66,69,70,8.96373
66,69,84,9.83441
66,70,71,7.11221
66,70,85,10.0
66,71,72,6.76782
66,71,86,7.74705
66,72,73,5.39585
66,72,87,6.18204
66,73,74,7.33534
66,73,88,6.2638
66,74,89,7.60377
66,75,76,8.26303
66,75,90,8.27267
66,76,77,7.33534
66,76,91,7.60377
66,77,78,10.59446
66,77,92,6.17389
66,78,79,9.83441
66,78,93,8.80801
66,79,80,8.80801
66,79,94,4.88645
66,80,81,6.18204
66,80,95,7.51215
66,81,82,6.17389
66,81,96,8.27267
66,82,83,6.76782
66,82,97,6.17389
66,83,84,10.59446
66,83,98,7.11221
66,84,85,6.63541
66,84,99,7.33534
66,85,86,8.27267
66,85,100,9.26436
66,86,87,5.73988
66,86,101,4.99654
66,87,88,9.83441
66,87,102,7.33534
66,88,89,8.96373
66,88,103,6.76782
66,89,104,6.63541
66,90,91,7.60377
66,90,105,9.83441
66,91,92,8.16693
66,91,106,6.2638
66,92,93,7.65444
66,92,107,8.80801
66,93,94,7.65444
66,93,108,10.59446
66,94,95,8.80801
66,94,109,4.88645
66,95,96,7.11221
66,95,110,8.80801
66,96,97,6.63541
66,96,111,8.16693
66,97,98,9.26436
66,97,112,6.85406
66,98,99,5.73988
66,98,113,7.74705
66,99,100,6.18204
66,99,114,5.39585
66,100,101,8.26303
66,100,115,7.74705
66,101,102,5.73988
66,101,116,7.02408
66,102,103,5.61992
66,102,117,6.2638
66,103,104,9.83441
66,103,118,5.39585
66,104,119,6.76782
66,105,106,6.63541
66,105,120,10.0
66,106,107,8.80801
66,106,121,10.59446
66,107,108,7.60377
66,107,122,7.33534
66,108,109,5.21032
66,108,123,7.33534
66,109,110,9.52349
66,109,124,6.85406
66,110,111,7.2456
66,110,125,7.33534
66,111,112,7.51215
66,111,126,6.2638
66,112,113,8.26303
66,112,127,7.33534
66,113,114,8.96373
66,113,128,6.72066
66,114,115,6.18204
66,114,129,8.26303
66,115,116,5.73988
66,115,130,8.80801
66,116,117,8.27267
66,116,131,4.51156
66,117,118,6.76782
66,117,132,7.02408
66,118,119,7.2456
66,118,133,8.16693
66,119,134,10.0
66,120,121,6.18204
66,120,135,7.60377
66,121,122,6.18204
66,121,136,7.74705
66,122,123,5.21032
66,122,137,8.16693
66,123,124,9.83441
66,123,138,6.76782
66,124,125,10.0
66,124,139,6.63541
66,125,126,8.80801
66,125,140,8.26303
66,126,127,6.72066
66,126,141,5.21032
66,127,128,9.83441
66,127,142,4.99654
66,128,129,6.85406
66,128,143,7.2456
66,129,130,6.72066
66,129,144,5.61992
66,130,131,9.26436
66,130,145,6.18204
66,131,132,9.26436
66,131,146,6.2638
66,132,133,8.16693
66,132,147,10.59446
66,133,134,9.83441
66,133,148,9.26436
66,134,149,4.99654
66,135,136,9.83441
66,135,150,10.0
66,136,137,6.18204
66,136,151,10.0
66,137,138,6.18204
66,137,152,4.51156
66,138,139,8.26303
66,138,153,5.39585
66,139,140,4.88645
66,139,154,10.0
66,140,141,4.88645
66,140,155,8.16693
66,141,142,5.21032
66,141,156,8.27267
66,142,143,6.72066
66,142,157,6.72066
66,143,144,7.33534
66,143,158,5.61992
66,144,145,8.26303
66,144,159,4.99654
66,145,146,9.83441
66,145,160,4.88645
66,146,147,7.60377
66,146,161,5.73988
66,147,148,6.76782
66,147,162,9.52349
66,148,149,7.2456
66,148,163,7.60377
66,149,164,6.85406
66,150,151,8.27267
66,150,165,4.99654
66,151,152,7.74705
66,151,166,8.27267
66,152,153,7.11221
66,152,167,4.88645
66,153,154,6.63541
66,153,168,8.96373
66,154,155,8.80801
66,154,169,6.72066
66,155,156,8.26303
66,155,170,7.2456
66,156,157,9.83441
66,156,171,6.72066
66,157,158,5.73988
66,157,172,6.72066
66,158,159,6.76782
66,158,173,5.21032
66,159,160,4.88645
66,159,174,7.51215
66,160,161,10.0
66,160,175,7.65444
66,161,162,6.2638
66,161,176,4.51156
66,162,163,6.85406
66,162,177,6.76782
66,163,164,10.0
66,163,178,7.11221
66,164,179,8.26303
66,165,166,6.85406
66,165,180,8.96373
66,166,167,8.16693
66,166,181,5.61992
66,167,168,5.61992
66,167,182,8.27267
66,168,169,8.16693
66,168,183,4.51156
66,169,170,7.2456
66,169,184,9.83441
66,170,171,6.72066
66,170,185,4.88645
66,171,172,6.63541
66,171,186,5.61992
66,172,173,5.61992
66,172,187,7.51215
66,173,174,5.39585
66,173,188,4.88645
66,174,175,8.96373
66,174,189,5.21032
66,175,176,8.16693
66,175,190,8.80801
66,176,177,4.99654
66,176,191,7.2456
66,177,178,5.73988
66,177,192,8.16693
66,178,179,9.83441
66,178,193,7.11221
66,179,194,6.72066
66,180,181,9.26436
66,180,195,4.99654
66,181,182,8.16693
66,181,196,6.17389
66,182,183,6.2638
66,182,197,10.59446
66,183,184,8.16693
66,183,198,4.99654
66,184,185,4.99654
66,184,199,8.27267
66,185,186,9.52349
66,185,200,5.21032
66,186,187,10.0
66,186,201,6.17389
66,187,188,4.99654
66,187,202,8.80801
66,188,189,7.11221
66,188,203,9.26436
66,189,190,6.17389
66,189,204,9.83441
66,190,191,10.0
66,190,205,4.51156
66,191,192,6.72066
66,191,206,6.85406
66,192,193,5.39585
66,192,207,8.26303
66,193,194,6.76782
66,193,208,8.16693
66,194,209,9.52349
66,195,196,5.39585
66,195,210,6.85406
66,196,197,6.85406
66,196,211,8.26303
66,197,198,8.16693
66,197,212,6.85406
66,198,199,6.63541
66,198,213,5.39585
66,199,200,9.26436
66,199,214,7.2456
66,200,201,8.16693
66,200,215,6.18204
66,201,202,7.65444
66,201,216,6.17389
66,202,203,9.26436
66,202,217,9.26436
66,203,204,7.74705
66,203,218,6.72066
66,204,205,8.26303
66,204,219,7.60377
66,205,206,7.02408
66,205,220,6.17389
66,206,207,7.11221
66,206,221,8.96373
66,207,208,4.51156
66,207,222,9.52349
66,208,209,6.63541
66,208,223,6.17389
66,209,224,7.2456
66,210,211,4.99654
66,211,212,6.63541
66,212,213,5.21032
66,213,214,5.39585
66,214,215,4.99654
66,215,216,5.21032
66,216,217,6.17389
66,217,218,7.02408
66,218,219,7.74705
66,219,220,8.80801
66,220,221,6.85406
66,221,222,4.99654
66,222,223,7.60377
66,223,224,6.2638
67,0,1,7.72151
67,0,15,13.76867
67,1,2,2.92225
67,1,16,13.02864
67,2,3,2.92225
67,2,17,6.6036
67,3,4,5.58538
67,3,18,9.64666
67,4,5,5.58538
67,4,19,10.0
67,5,6,17.33421
67,5,20,10.0
67,6,7,6.6036
67,6,21,5.58538
67,7,8,10.36863
67,7,22,6.04652
67,8,9,7.18762
67,8,23,8.04296
67,9,10,11.12238
67,9,24,15.09925
67,10,11,17.33421
67,10,25,14.65611
67,11,12,9.64666
67,11,26,6.04652
67,12,13,10.0
67,12,27,13.76867
67,13,14,6.04652
67,13,28,6.6036
67,14,29,9.03964
67,15,16,13.02864
67,15,30,9.03964
67,16,17,12.6196
67,16,31,9.03964
67,17,18,3.79932
67,17,32,8.36948
67,18,19,5.07741
67,18,33,6.31729
67,19,20,10.36863
67,19,34,5.84365
67,20,21,12.6196
67,20,35,8.36948
67,21,22,5.58538
67,21,36,13.76867
67,22,23,6.89525
67,22,37,8.36219
67,23,24,2.92225
67,23,38,8.36219
67,24,25,7.18762
67,24,39,6.04652
67,25,26,10.0
67,25,40,13.02864
67,26,27,4.84074
67,26,41,8.69595
67,27,28,4.43986
67,27,42,8.04296
67,28,29,10.0
67,28,43,6.89525
67,29,44,8.69595
67,30,31,10.74744
67,30,45,10.74744
67,31,32,8.36948
67,31,46,6.89525
67,32,33,8.36219
67,32,47,10.74744
67,33,34,10.0
67,33,48,8.04296
67,34,35,6.89525
67,34,49,7.18762
67,35,36,9.64666
67,35,50,5.07741
67,36,37,6.04652
67,36,51,4.00189
67,37,38,11.41472
67,37,52,10.36863
67,38,39,11.41472
67,38,53,12.6196
67,39,40,5.84365
67,39,54,6.31729
67,40,41,17.33421
67,40,55,3.79932
67,41,42,5.84365
67,41,56,10.74744
67,42,43,4.84074
67,42,57,4.00189
67,43,44,13.02864
67,43,58,2.92225
67,44,59,6.04652
67,45,46,6.6036
67,45,60,8.04296
67,46,47,3.79932
67,46,61,13.76867
67,47,48,8.36948
67,47,62,6.31729
67,48,49,14.65611
67,48,63,8.04296
67,49,50,8.36219
67,49,64,9.64666
67,50,51,8.36948
67,50,65,5.84365
67,51,52,4.00189
67,51,66,6.89525
67,52,53,5.58538
67,52,67,8.04296
67,53,54,11.41472
67,53,68,5.07741
67,54,55,8.36948
67,54,69,15.09925
67,55,56,10.0
67,55,70,10.74744
67,56,57,6.04652
67,56,71,12.6196
67,57,58,2.92225
67,57,72,11.80216
67,58,59,11.12238
67,58,73,6.04652
67,59,74,5.07741
67,60,61,8.36219
67,60,75,8.36219
67,61,62,12.6196
67,61,76,7.72151
67,62,63,11.41472
67,62,77,7.18762
67,63,64,4.00189
67,63,78,10.36863
67,64,65,7.18762
67,64,79,13.02864
67,65,66,10.36863
67,65,80,12.6196
67,66,67,17.33421
67,66,81,8.04296
67,67,68,12.6196
67,67,82,5.58538
67,68,69,9.64666
67,68,83,8.36948
67,69,70,8.36219
67,69,84,3.79932
67,70,71,10.74744
67,70,85,10.0
67,71,72,11.80216
67,71,86,13.02864
67,72,73,8.69595
67,72,87,9.64666
67,73,74,5.84365
67,73,88,9.03964
67,74,89,5.58538
67,75,76,7.18762
67,75,90,6.6036
67,76,77,5.84365
67,76,91,5.58538
67,77,78,5.07741
67,77,92,10.36863
67,78,79,3.79932
67,78,93,2.92225
67,79,80,2.92225
67,79,94,6.89525
67,80,81,9.64666
67,80,95,6.04652
67,81,82,10.36863
67,81,96,6.6036
67,82,83,11.80216
67,82,97,10.36863
67,83,84,5.07741
67,83,98,10.74744
67,84,85,4.84074
67,84,99,5.84365
67,85,86,6.6036
67,85,100,8.04296
67,86,87,17.33421
67,86,101,15.09925
67,87,88,3.79932
67,87,102,5.84365
67,88,89,8.36219
67,88,103,11.80216
67,89,104,4.84074
67,90,91,5.58538
67,90,105,3.79932
67,91,92,7.72151
67,91,106,9.03964
67,92,93,13.76867
67,92,107,2.92225
67,93,94,13.76867
67,93,108,5.07741
67,94,95,2.92225
67,94,109,6.89525
67,95,96,10.74744
67,95,110,2.92225
67,96,97,4.84074
67,96,111,7.72151
67,97,98,8.04296
67,97,112,11.12238
67,98,99,17.33421
67,98,113,13.02864
67,99,100,9.64666
67,99,114,8.69595
67,100,101,7.18762
67,100,115,13.02864
67,101,102,17.33421
67,101,116,11.41472
67,102,103,8.36948
67,102,117,9.03964
67,103,104,3.79932
67,103,118,8.69595
67,104,119,11.80216
67,105,106,4.84074
67,105,120,10.0
67,106,107,2.92225
67,106,121,5.07741
67,107,108,5.58538
67,107,122,5.84365
67,108,109,14.65611
67,108,123,5.84365
67,109,110,4.00189
67,109,124,11.12238
67,110,111,6.31729
67,110,125,5.84365
67,111,112,6.04652
67,111,126,9.03964
67,112,113,7.18762
67,112,127,5.84365
67,113,114,8.36219
67,113,128,4.43986
67,114,115,9.64666
67,114,129,7.18762
67,115,116,17.33421
67,115,130,2.92225
67,116,117,6.6036
67,116,131,12.6196
67,117,118,11.80216
67,117,132,11.41472
67,118,119,6.31729
67,118,133,7.72151
67,119,134,10.0
67,120,121,9.64666
67,120,135,5.58538
67,121,122,9.64666
67,121,136,13.02864
67,122,123,14.65611
67,122,137,7.72151
67,123,124,3.79932
67,123,138,11.80216
67,124,125,10.0
67,124,139,4.84074
67,125,126,2.92225
67,125,140,7.18762
67,126,127,4.43986
67,126,141,14.65611
67,127,128,3.79932
67,127,142,15.09925
67,128,129,11.12238
67,128,143,6.31729
67,129,130,4.43986
67,129,144,8.36948
67,130,131,8.04296
67,130,145,9.64666
67,131,132,8.04296
67,131,146,9.03964
67,132,133,7.72151
67,132,147,5.07741
67,133,134,3.79932
67,133,148,8.04296
67,134,149,15.09925
67,135,136,3.79932
67,135,150,10.0
67,136,137,9.64666
67,136,151,10.0
67,137,138,9.64666
67,137,152,12.6196
67,138,139,7.18762
67,138,153,8.69595
67,139,140,6.89525
67,139,154,10.0
67,140,141,6.89525
67,140,155,7.72151
67,141,142,14.65611
67,141,156,6.6036
67,142,143,4.43986
67,142,157,4.43986
67,143,144,5.84365
67,143,158,8.36948
67,144,145,7.18762
67,144,159,15.09925
67,145,146,3.79932
67,145,160,6.89525
67,146,147,5.58538
67,146,161,17.33421
67,147,148,11.80216
67,147,162,4.00189
67,148,149,6.31729
67,148,163,5.58538
67,149,164,11.12238
67,150,151,6.6036
67,150,165,15.09925
67,151,152,13.02864
67,151,166,6.6036
67,152,153,10.74744
67,152,167,6.89525
67,153,154,4.84074
67,153,168,8.36219
67,154,155,2.92225
67,154,169,4.43986
67,155,156,7.18762
67,155,170,6.31729
67,156,157,3.79932
67,156,171,4.43986
67,157,158,17.33421
67,157,172,4.43986
67,158,159,11.80216
67,158,173,14.65611
67,159,160,6.89525
67,159,174,6.04652
67,160,161,10.0
67,160,175,13.76867
67,161,162,9.03964
67,161,176,12.6196
67,162,163,11.12238
67,162,177,11.80216
67,163,164,10.0
67,163,178,10.74744
67,164,179,7.18762
67,165,166,11.12238
67,165,180,8.36219
67,166,167,7.72151
67,166,181,8.36948
67,167,168,8.36948
67,167,182,6.6036
67,168,169,7.72151
67,168,183,12.6196
67,169,170,6.31729
67,169,184,3.79932
67,170,171,4.43986
67,170,185,6.89525
67,171,172,4.84074
67,171,186,8.36948
67,172,173,8.36948
67,172,187,6.04652
67,173,174,8.69595
67,173,188,6.89525
67,174,175,8.36219
67,174,189,14.65611
67,175,176,7.72151
67,175,190,2.92225
67,176,177,15.09925
67,176,191,6.31729
67,177,178,17.33421
67,177,192,7.72151
67,178,179,3.79932
67,178,193,10.74744
67,179,194,4.43986
67,180,181,8.04296
67,180,195,15.09925
67,181,182,7.72151
67,181,196,10.36863
67,182,183,9.03964
67,182,197,5.07741
67,183,184,7.72151
67,183,198,15.09925
67,184,185,15.09925
67,184,199,6.6036
67,185,186,4.00189
67,185,200,14.65611
67,186,187,10.0
67,186,201,10.36863
67,187,188,15.09925
67,187,202,2.92225
67,188,189,10.74744
67,188,203,8.04296
67,189,190,10.36863
67,189,204,3.79932
67,190,191,10.0
67,190,205,12.6196
67,191,192,4.43986
67,191,206,11.12238
67,192,193,8.69595
67,192,207,7.18762
67,193,194,11.80216
67,193,208,7.72151
67,194,209,4.00189
67,195,196,8.69595
67,195,210,11.12238
67,196,197,11.12238
67,196,211,7.18762
67,197,198,7.72151
67,197,212,11.12238
67,198,199,4.84074
67,198,213,8.69595
67,199,200,8.04296
67,199,214,6.31729
67,200,201,7.72151
67,200,215,9.64666
67,201,202,13.76867
67,201,216,10.36863
67,202,203,8.04296
67,202,217,8.04296
67,203,204,13.02864
67,203,218,4.43986
67,204,205,7.18762
67,204,219,5.58538
67,205,206,11.41472
67,205,220,10.36863
67,206,207,10.74744
67,206,221,8.36219
67,207,208,12.6196
67,207,222,4.00189
67,208,209,4.84074
67,208,223,10.36863
67,209,224,6.31729
67,210,211,15.09925
67,211,212,4.84074
67,212,213,14.65611
67,213,214,8.69595
67,214,215,15.09925
67,215,216,14.65611
67,216,217,10.36863
67,217,218,11.41472
67,218,219,13.02864
67,219,220,2.92225
67,220,221,11.12238
67,221,222,15.09925
67,222,223,5.58538
67,223,224,9.03964
68,0,1,13.07211
68,0,15,11.63525
68,1,2,12.11303
68,1,16,13.65069
68,2,3,12.11303
68,2,17,10.73627
68,3,4,20.54345
68,3,18,12.43436
68,4,5,20.54345
68,4,19,10.0
68,5,6,15.57677
68,5,20,10.0
68,6,7,10.73627
68,6,21,20.54345
68,7,8,17.25117
68,7,22,18.01719
68,8,9,15.21367
68,8,23,14.32758
68,9,10,10.15901
68,9,24,11.80804
68,10,11,15.57677
68,10,25,20.96883
68,11,12,12.43436
68,11,26,18.01719
68,12,13,10.0
68,12,27,11.63525
68,13,14,18.01719
68,13,28,10.73627
68,14,29,14.52093
68,15,16,13.65069
68,15,30,14.52093
68,16,17,16.50985
68,16,31,14.52093
68,17,18,15.93062
68,17,32,22.92085
68,18,19,11.32543
68,18,33,9.66771
68,19,20,17.25117
68,19,34,11.4957
68,20,21,16.50985
68,20,35,22.92085
68,21,22,20.54345
68,21,36,11.63525
68,22,23,18.23558
68,22,37,7.09895
68,23,24,12.11303
68,23,38,7.09895
68,24,25,15.21367
68,24,39,18.01719
68,25,26,10.0
68,25,40,13.65069
68,26,27,13.92254
68,26,41,13.25616
68,27,28,16.13523
68,27,42,14.32758
68,28,29,10.0
68,28,43,18.23558
68,29,44,13.25616
68,30,31,18.70286
68,30,45,18.70286
68,31,32,22.92085
68,31,46,18.23558
68,32,33,7.09895
68,32,47,18.70286
68,33,34,10.0
68,33,48,14.32758
68,34,35,18.23558
68,34,49,15.21367
68,35,36,12.43436
68,35,50,11.32543
68,36,37,18.01719
68,36,51,8.19809
68,37,38,16.30272
68,37,52,17.25117
68,38,39,16.30272
68,38,53,16.50985
68,39,40,11.4957
68,39,54,9.66771
68,40,41,15.57677
68,40,55,15.93062
68,41,42,11.4957
68,41,56,18.70286
68,42,43,13.92254
68,42,57,8.19809
68,43,44,13.65069
68,43,58,12.11303
68,44,59,18.01719
68,45,46,10.73627
68,45,60,14.32758
68,46,47,15.93062
68,46,61,11.63525
68,47,48,22.92085
68,47,62,9.66771
68,48,49,20.96883
68,48,63,14.32758
68,49,50,7.09895
68,49,64,12.43436
68,50,51,22.92085
68,50,65,11.4957
68,51,52,8.19809
68,51,66,18.23558
68,52,53,20.54345
68,52,67,14.32758
68,53,54,16.30272
68,53,68,11.32543
68,54,55,22.92085
68,54,69,11.80804
68,55,56,10.0
68,55,70,18.70286
68,56,57,18.01719
68,56,71,16.50985
68,57,58,12.11303
68,57,72,8.45715
68,58,59,10.15901
68,58,73,18.01719
68,59,74,11.32543
68,60,61,7.09895
68,60,75,7.09895
68,61,62,16.50985
68,61,76,13.07211
68,62,63,16.30272
68,62,77,15.21367
68,63,64,8.19809
68,63,78,17.25117
68,64,65,15.21367
68,64,79,13.65069
68,65,66,17.25117
68,65,80,16.50985
68,66,67,15.57677
68,66,81,14.32758
68,67,68,16.50985
68,67,82,20.54345
68,68,69,12.43436
68,68,83,22.92085
68,69,70,7.09895
68,69,84,15.93062
68,70,71,18.70286
68,70,85,10.0
68,71,72,8.45715
68,71,86,13.65069
68,72,73,13.25616
68,72,87,12.43436
68,73,74,11.4957
68,73,88,14.52093
68,74,89,20.54345
68,75,76,15.21367
68,75,90,10.73627
68,76,77,11.4957
68,76,91,20.54345
68,77,78,11.32543
68,77,92,17.25117
68,78,79,15.93062
68,78,93,12.11303
68,79,80,12.11303
68,79,94,18.23558
68,80,81,12.43436
68,80,95,18.01719
68,81,82,17.25117
68,81,96,10.73627
68,82,83,8.45715
68,82,97,17.25117
68,83,84,11.32543
68,83,98,18.70286
68,84,85,13.92254
68,84,99,11.4957
68,85,86,10.73627
68,85,100,14.32758
68,86,87,15.57677
68,86,101,11.80804
68,87,88,15.93062
68,87,102,11.4957
68,88,89,7.09895
68,88,103,8.45715
68,89,104,13.92254
68,90,91,20.54345
68,90,105,15.93062
68,91,92,13.07211
68,91,106,14.52093
68,92,93,11.63525
68,92,107,12.11303
68,93,94,11.63525
68,93,108,11.32543
68,94,95,12.11303
68,94,109,18.23558
68,95,96,18.70286
68,95,110,12.11303
68,96,97,13.92254
68,96,111,13.07211
68,97,98,14.32758
68,97,112,10.15901
68,98,99,15.57677
68,98,113,13.65069
68,99,100,12.43436
68,99,114,13.25616
68,100,101,15.21367
68,100,115,13.65069
68,101,102,15.57677
68,101,116,16.30272
68,102,103,22.92085
68,102,117,14.52093
68,103,104,15.93062
68,103,118,13.25616
68,104,119,8.45715
68,105,106,13.92254
68,105,120,10.0
68,106,107,12.11303
68,106,121,11.32543
68,107,108,20.54345
68,107,122,11.4957
68,108,109,20.96883
68,108,123,11.4957
68,109,110,8.19809
68,109,124,10.15901
68,110,111,9.66771
68,110,125,11.4957
68,111,112,18.01719
68,111,126,14.52093
68,112,113,15.21367
68,112,127,11.4957
68,113,114,7.09895
68,113,128,16.13523
68,114,115,12.43436
68,114,129,15.21367
68,115,116,15.57677
68,115,130,12.11303
68,116,117,10.73627
68,116,131,16.50985
68,117,118,8.45715
68,117,132,16.30272
68,118,119,9.66771
68,118,133,13.07211
68,119,134,10.0
68,120,121,12.43436
68,120,135,20.54345
68,121,122,12.43436
68,121,136,13.65069
68,122,123,20.96883
68,122,137,13.07211
68,123,124,15.93062
68,123,138,8.45715
68,124,125,10.0
68,124,139,13.92254
68,125,126,12.11303
68,125,140,15.21367
68,126,127,16.13523
68,126,141,20.96883
68,127,128,15.93062
68,127,142,11.80804
68,128,129,10.15901
68,128,143,9.66771
68,129,130,16.13523
68,129,144,22.92085
68,130,131,14.32758
68,130,145,12.43436
68,131,132,14.32758
68,131,146,14.52093
68,132,133,13.07211
68,132,147,11.32543
68,133,134,15.93062
68,133,148,14.32758
68,134,149,11.80804
68,135,136,15.93062
68,135,150,10.0
68,136,137,12.43436
68,136,151,10.0
68,137,138,12.43436
68,137,152,16.50985
68,138,139,15.21367
68,138,153,13.25616
68,139,140,18.23558
68,139,154,10.0
68,140,141,18.23558
68,140,155,13.07211
68,141,142,20.96883
68,141,156,10.73627
68,142,143,16.13523
68,142,157,16.13523
68,143,144,11.4957
68,143,158,22.92085
68,144,145,15.21367
68,144,159,11.80804
68,145,146,15.93062
68,145,160,18.23558
68,146,147,20.54345
68,146,161,15.57677
68,147,148,8.45715
68,147,162,8.19809
68,148,149,9.66771
68,148,163,20.54345
68,149,164,10.15901
68,150,151,10.73627
68,150,165,11.80804
68,151,152,13.65069
68,151,166,10.73627
68,152,153,18.70286
68,152,167,18.23558
68,153,154,13.92254
68,153,168,7.09895
68,154,155,12.11303
68,154,169,16.13523
68,155,156,15.21367
68,155,170,9.66771
68,156,157,15.93062
68,156,171,16.13523
68,157,158,15.57677
68,157,172,16.13523
68,158,159,8.45715
68,158,173,20.96883
68,159,160,18.23558
68,159,174,18.01719
68,160,161,10.0
68,160,175,11.63525
68,161,162,14.52093
68,161,176,16.50985
68,162,163,10.15901
68,162,177,8.45715
68,163,164,10.0
68,163,178,18.70286
68,164,179,15.21367
68,165,166,10.15901
68,165,180,7.09895
68,166,167,13.07211
68,166,181,22.92085
68,167,168,22.92085
68,167,182,10.73627
68,168,169,13.07211
68,168,183,16.50985
68,169,170,9.66771
68,169,184,15.93062
68,170,171,16.13523
68,170,185,18.23558
68,171,172,13.92254
68,171,186,22.92085
68,172,173,22.92085
68,172,187,18.01719
68,173,174,13.25616
68,173,188,18.23558
68,174,175,7.09895
68,174,189,20.96883
68,175,176,13.07211
68,175,190,12.11303
68,176,177,11.80804
68,176,191,9.66771
68,177,178,15.57677
68,177,192,13.07211
68,178,179,15.93062
68,178,193,18.70286
68,179,194,16.13523
68,180,181,14.32758
68,180,195,11.80804
68,181,182,13.07211
68,181,196,17.25117
68,182,183,14.52093
68,182,197,11.32543
68,183,184,13.07211
68,183,198,11.80804
68,184,185,11.80804
68,184,199,10.73627
68,185,186,8.19809
68,185,200,20.96883
68,186,187,10.0
68,186,201,17.25117
68,187,188,11.80804
68,187,202,12.11303
68,188,189,18.70286
68,188,203,14.32758
68,189,190,17.25117
68,189,204,15.93062
68,190,191,10.0
68,190,205,16.50985
68,191,192,16.13523
68,191,206,10.15901
68,192,193,13.25616
68,192,207,15.21367
68,193,194,8.45715
68,193,208,13.07211
68,194,209,8.19809
68,195,196,13.25616
68,195,210,10.15901
68,196,197,10.15901
68,196,211,15.21367
68,197,198,13.07211
68,197,212,10.15901
68,198,199,13.92254
68,198,213,13.25616
68,199,200,14.32758
68,199,214,9.66771
68,200,201,13.07211
68,200,215,12.43436
68,201,202,11.63525
68,201,216,17.25117
68,202,203,14.32758
68,202,217,14.32758
68,203,204,13.65069
68,203,218,16.13523
68,204,205,15.21367
68,204,219,20.54345
68,205,206,16.30272
68,205,220,17.25117
68,206,207,18.70286
68,206,221,7.09895
68,207,208,16.50985
68,207,222,8.19809
68,208,209,13.92254
68,208,223,17.25117
68,209,224,9.66771
68,210,211,11.80804
68,211,212,13.92254
68,212,213,20.96883
68,213,214,13.25616
68,214,215,11.80804
68,215,216,20.96883
68,216,217,17.25117
68,217,218,16.30272
68,218,219,13.65069
68,219,220,12.11303
68,220,221,10.15901
68,221,222,11.80804
68,222,223,20.54345
68,223,224,14.52093
69,0,1,11.06271
69,0,15,10.75582
69,1,2,9.23867
69,1,16,9.14906
69,2,3,9.23867
69,2,17,8.96121
69,3,4,10.896
69,3,18,9.67298
69,4,5,10.896
69,4,19,10.0
69,5,6,9.869
69,5,20,10.0
69,6,7,8.96121
69,6,21,10.896
69,7,8,10.16172
69,7,22,12.65927
69,8,9,9.42974
69,8,23,11.51309
69,9,10,6.92352
69,9,24,7.53957
69,10,11,9.869
69,10,25,11.37147
69,11,12,9.67298
69,11,26,12.65927
69,12,13,10.0
69,12,27,10.75582
69,13,14,12.65927
69,13,28,8.96121
69,14,29,8.16214
69,15,16,9.14906
69,15,30,8.16214
69,16,17,8.83803
69,16,31,8.16214
69,17,18,11.83158
69,17,32,11.68782
69,18,19,10.29485
69,18,33,8.56992
69,19,20,10.16172
69,19,34,7.16317
69,20,21,8.83803
69,20,35,11.68782
69,21,22,10.896
69,21,36,10.75582
69,22,23,9.11335
69,22,37,7.65213
69,23,24,9.23867
69,23,38,7.65213
69,24,25,9.42974
69,24,39,12.65927
69,25,26,10.0
69,25,40,9.14906
69,26,27,9.96247
69,26,41,7.79126
69,27,28,8.42543
69,27,42,11.51309
69,28,29,10.0
69,28,43,9.11335
69,29,44,7.79126
69,30,31,10.59169
69,30,45,10.59169
69,31,32,11.68782
69,31,46,9.11335
69,32,33,7.65213
69,32,47,10.59169
69,33,34,10.0
69,33,48,11.51309
69,34,35,9.11335
69,34,49,9.42974
69,35,36,9.67298
69,35,50,10.29485
69,36,37,12.65927
69,36,51,7.90595
69,37,38,12.32875
69,37,52,10.16172
69,38,39,12.32875
69,38,53,8.83803
69,39,40,7.16317
69,39,54,8.56992
69,40,41,9.869
69,40,55,11.83158
69,41,42,7.16317
69,41,56,10.59169
69,42,43,9.96247
69,42,57,7.90595
69,43,44,9.14906
69,43,58,9.23867
69,44,59,12.65927
69,45,46,8.96121
69,45,60,11.51309
69,46,47,11.83158
69,46,61,10.75582
69,47,48,11.68782
69,47,62,8.56992
69,48,49,11.37147
69,48,63,11.51309
69,49,50,7.65213
69,49,64,9.67298
69,50,51,11.68782
69,50,65,7.16317
69,51,52,7.90595
69,51,66,9.11335
69,52,53,10.896
69,52,67,11.51309
69,53,54,12.32875
69,53,68,10.29485
69,54,55,11.68782
69,54,69,7.53957
69,55,56,10.0
69,55,70,10.59169
69,56,57,12.65927
69,56,71,8.83803
69,57,58,9.23867
69,57,72,8.30406
69,58,59,6.92352
69,58,73,12.65927
69,59,74,10.29485
69,60,61,7.65213
69,60,75,7.65213
69,61,62,8.83803
69,61,76,11.06271
69,62,63,12.32875
69,62,77,9.42974
69,63,64,7.90595
69,63,78,10.16172
69,64,65,9.42974
69,64,79,9.14906
69,65,66,10.16172
69,65,80,8.83803
69,66,67,9.869
69,66,81,11.51309
69,67,68,8.83803
69,67,82,10.896
69,68,69,9.67298
69,68,83,11.68782
69,69,70,7.65213
69,69,84,11.83158
69,70,71,10.59169
69,70,85,10.0
69,71,72,8.30406
69,71,86,9.14906
69,72,73,7.79126
69,72,87,9.67298
69,73,74,7.16317
69,73,88,8.16214
69,74,89,10.896
69,75,76,9.42974
69,75,90,8.96121
69,76,77,7.16317
69,76,91,10.896
69,77,78,10.29485
69,77,92,10.16172
69,78,79,11.83158
69,78,93,9.23867
69,79,80,9.23867
69,79,94,9.11335
69,80,81,9.67298
69,80,95,12.65927
69,81,82,10.16172
69,81,96,8.96121
69,82,83,8.30406
69,82,97,10.16172
69,83,84,10.29485
69,83,98,10.59169
69,84,85,9.96247
69,84,99,7.16317
69,85,86,8.96121
69,85,100,11.51309
69,86,87,9.869
69,86,101,7.53957
69,87,88,11.83158
69,87,102,7.16317
69,88,89,7.65213
69,88,103,8.30406
69,89,104,9.96247
69,90,91,10.896
69,90,105,11.83158
69,91,92,11.06271
69,91,106,8.16214
69,92,93,10.75582
69,92,107,9.23867
69,93,94,10.75582
69,93,108,10.29485
69,94,95,9.23867
69,94,109,9.11335
69,95,96,10.59169
69,95,110,9.23867
69,96,97,9.96247
69,96,111,11.06271
69,97,98,11.51309
69,97,112,6.92352
69,98,99,9.869
69,98,113,9.14906
69,99,100,9.67298
69,99,114,7.79126
69,100,101,9.42974
69,100,115,9.14906
69,101,102,9.869
69,101,116,12.32875
69,102,103,11.68782
69,102,117,8.16214
69,103,104,11.83158
69,103,118,7.79126
69,104,119,8.30406
69,105,106,9.96247
69,105,120,10.0
69,106,107,9.23867
69,106,121,10.29485
69,107,108,10.896
69,107,122,7.16317
69,108,109,11.37147
69,108,123,7.16317
69,109,110,7.90595
69,109,124,6.92352
69,110,111,8.56992
69,110,125,7.16317
69,111,112,12.65927
69,111,126,8.16214
69,112,113,9.42974
69,112,127,7.16317
69,113,114,7.65213
69,113,128,8.42543
69,114,115,9.67298
69,114,129,9.42974
69,115,116,9.869
69,115,130,9.23867
69,116,117,8.96121
69,116,131,8.83803
69,117,118,8.30406
69,117,132,12.32875
69,118,119,8.56992
69,118,133,11.06271
69,119,134,10.0
69,120,121,9.67298
69,120,135,10.896
69,121,122,9.67298
69,121,136,9.14906
69,122,123,11.37147
69,122,137,11.06271
69,123,124,11.83158
69,123,138,8.30406
69,124,125,10.0
69,124,139,9.96247
69,125,126,9.23867
69,125,140,9.42974
69,126,127,8.42543
69,126,141,11.37147
69,127,128,11.83158
69,127,142,7.53957
69,128,129,6.92352
69,128,143,8.56992
69,129,130,8.42543
69,129,144,11.68782
69,130,131,11.51309
69,130,145,9.67298
69,131,132,11.51309
69,131,146,8.16214
69,132,133,11.06271
69,132,147,10.29485
69,133,134,11.83158
69,133,148,11.51309
69,134,149,7.53957
69,135,136,11.83158
69,135,150,10.0
69,136,137,9.67298
69,136,151,10.0
69,137,138,9.67298
69,137,152,8.83803
69,138,139,9.42974
69,138,153,7.79126
69,139,140,9.11335
69,139,154,10.0
69,140,141,9.11335
69,140,155,11.06271
69,141,142,11.37147
69,141,156,8.96121
69,142,143,8.42543
69,142,157,8.42543
69,143,144,7.16317
69,143,158,11.68782
69,144,145,9.42974
69,144,159,7.53957
69,145,146,11.83158
69,145,160,9.11335
69,146,147,10.896
69,146,161,9.869
69,147,148,8.30406
69,147,162,7.90595
69,148,149,8.56992
69,148,163,10.896
69,149,164,6.92352
69,150,151,8.96121
69,150,165,7.53957
69,151,152,9.14906
69,151,166,8.96121
69,152,153,10.59169
69,152,167,9.11335
69,153,154,9.96247
69,153,168,7.65213
69,154,155,9.23867
69,154,169,8.42543
69,155,156,9.42974
69,155,170,8.56992
69,156,157,11.83158
69,156,171,8.42543
69,157,158,9.869
69,157,172,8.42543
69,158,159,8.30406
69,158,173,11.37147
69,159,160,9.11335
69,159,174,12.65927
69,160,161,10.0
69,160,175,10.75582
69,161,162,8.16214
69,161,176,8.83803
69,162,163,6.92352
69,162,177,8.30406
69,163,164,10.0
69,163,178,10.59169
69,164,179,9.42974
69,165,166,6.92352
69,165,180,7.65213
69,166,167,11.06271
69,166,181,11.68782
69,167,168,11.68782
69,167,182,8.96121
69,168,169,11.06271
69,168,183,8.83803
69,169,170,8.56992
69,169,184,11.83158
69,170,171,8.42543
69,170,185,9.11335
69,171,172,9.96247
69,171,186,11.68782
69,172,173,11.68782
69,172,187,12.65927
69,173,174,7.79126
69,173,188,9.11335
69,174,175,7.65213
69,174,189,11.37147
69,175,176,11.06271
69,175,190,9.23867
69,176,177,7.53957
69,176,191,8.56992
69,177,178,9.869
69,177,192,11.06271
69,178,179,11.83158
69,178,193,10.59169
69,179,194,8.42543
69,180,181,11.51309
69,180,195,7.53957
69,181,182,11.06271
69,181,196,10.16172
69,182,183,8.16214
69,182,197,10.29485
69,183,184,11.06271
69,183,198,7.53957
69,184,185,7.53957
69,184,199,8.96121
69,185,186,7.90595
69,185,200,11.37147
69,186,187,10.0
69,186,201,10.16172
69,187,188,7.53957
69,187,202,9.23867
69,188,189,10.59169
69,188,203,11.51309
69,189,190,10.16172
69,189,204,11.83158
69,190,191,10.0
69,190,205,8.83803
69,191,192,8.42543
69,191,206,6.92352
69,192,193,7.79126
69,192,207,9.42974
69,193,194,8.30406
69,193,208,11.06271
69,194,209,7.90595
69,195,196,7.79126
69,195,210,6.92352
69,196,197,6.92352
69,196,211,9.42974
69,197,198,11.06271
69,197,212,6.92352
69,198,199,9.96247
69,198,213,7.79126
69,199,200,11.51309
69,199,214,8.56992
69,200,201,11.06271
69,200,215,9.67298
69,201,202,10.75582
69,201,216,10.16172
69,202,203,11.51309
69,202,217,11.51309
69,203,204,9.14906
69,203,218,8.42543
69,204,205,9.42974
69,204,219,10.896
69,205,206,12.32875
69,205,220,10.16172
69,206,207,10.59169
69,206,221,7.65213
69,207,208,8.83803
69,207,222,7.90595
69,208,209,9.96247
69,208,223,10.16172
69,209,224,8.56992
69,210,211,7.53957
69,211,212,9.96247
69,212,213,11.37147
69,213,214,7.79126
69,214,215,7.53957
69,215,216,11.37147
69,216,217,10.16172
69,217,218,12.32875
69,218,219,9.14906
69,219,220,9.23867
69,220,221,6.92352
69,221,222,7.53957
69,222,223,10.896
69,223,224,8.16214
70,0,1,9.71518
70,0,15,8.63404
70,1,2,11.94668
70,1,16,12.01189
70,2,3,11.94668
70,2,17,10.73069
70,3,4,13.99015
70,3,18,9.30813
70,4,5,13.99015
70,4,19,10.0
70,5,6,10.49498
70,5,20,10.0
70,6,7,10.73069
70,6,21,13.99015
70,7,8,11.69659
70,7,22,10.29485
70,8,9,13.30317
70,8,23,10.58892
70,9,10,12.16378
70,9,24,10.63606
70,10,11,10.49498
70,10,25,11.09963
70,11,12,9.30813
70,11,26,10.29485
70,12,13,10.0
70,12,27,8.63404
70,13,14,10.29485
70,13,28,10.73069
70,14,29,12.81862
70,15,16,12.01189
70,15,30,12.81862
70,16,17,11.24511
70,16,31,12.81862
70,17,18,11.79628
70,17,32,12.33778
70,18,19,11.17081
70,18,33,9.85036
70,19,20,11.69659
70,19,34,13.46369
70,20,21,11.24511
70,20,35,12.33778
70,21,22,13.99015
70,21,36,8.63404
70,22,23,12.4919
70,22,37,10.13737
70,23,24,11.94668
70,23,38,10.13737
70,24,25,13.30317
70,24,39,10.29485
70,25,26,10.0
70,25,40,12.01189
70,26,27,10.43445
70,26,41,11.8463
70,27,28,14.15508
70,27,42,10.58892
70,28,29,10.0
70,28,43,12.4919
70,29,44,11.8463
70,30,31,12.66232
70,30,45,12.66232
70,31,32,12.33778
70,31,46,12.4919
70,32,33,10.13737
70,32,47,12.66232
70,33,34,10.0
70,33,48,10.58892
70,34,35,12.4919
70,34,49,13.30317
70,35,36,9.30813
70,35,50,11.17081
70,36,37,10.29485
70,36,51,11.31681
70,37,38,9.17717
70,37,52,11.69659
70,38,39,9.17717
70,38,53,11.24511
70,39,40,13.46369
70,39,54,9.85036
70,40,41,10.49498
70,40,55,11.79628
70,41,42,13.46369
70,41,56,12.66232
70,42,43,10.43445
70,42,57,11.31681
70,43,44,12.01189
70,43,58,11.94668
70,44,59,10.29485
70,45,46,10.73069
70,45,60,10.58892
70,46,47,11.79628
70,46,61,8.63404
70,47,48,12.33778
70,47,62,9.85036
70,48,49,11.09963
70,48,63,10.58892
70,49,50,10.13737
70,49,64,9.30813
70,50,51,12.33778
70,50,65,13.46369
70,51,52,11.31681
70,51,66,12.4919
70,52,53,13.99015
70,52,67,10.58892
70,53,54,9.17717
70,53,68,11.17081
70,54,55,12.33778
70,54,69,10.63606
70,55,56,10.0
70,55,70,12.66232
70,56,57,10.29485
70,56,71,11.24511
70,57,58,11.94668
70,57,72,8.7606
70,58,59,12.16378
70,58,73,10.29485
70,59,74,11.17081
70,60,61,10.13737
70,60,75,10.13737
70,61,62,11.24511
70,61,76,9.71518
70,62,63,9.17717
70,62,77,13.30317
70,63,64,11.31681
70,63,78,11.69659
70,64,65,13.30317
70,64,79,12.01189
70,65,66,11.69659
70,65,80,11.24511
70,66,67,10.49498
70,66,81,10.58892
70,67,68,11.24511
70,67,82,13.99015
70,68,69,9.30813
70,68,83,12.33778
70,69,70,10.13737
70,69,84,11.79628
70,70,71,12.66232
70,70,85,10.0
70,71,72,8.7606
70,71,86,12.01189
70,72,73,11.8463
70,72,87,9.30813
70,73,74,13.46369
70,73,88,12.81862
70,74,89,13.99015
70,75,76,13.30317
70,75,90,10.73069
70,76,77,13.46369
70,76,91,13.99015
70,77,78,11.17081
70,77,92,11.69659
70,78,79,11.79628
70,78,93,11.94668
70,79,80,11.94668
70,79,94,12.4919
70,80,81,9.30813
70,80,95,10.29485
70,81,82,11.69659
70,81,96,10.73069
70,82,83,8.7606
70,82,97,11.69659
70,83,84,11.17081
70,83,98,12.66232
70,84,85,10.43445
70,84,99,13.46369
70,85,86,10.73069
70,85,100,10.58892
70,86,87,10.49498
70,86,101,10.63606
70,87,88,11.79628
70,87,102,13.46369
70,88,89,10.13737
70,88,103,8.7606
70,89,104,10.43445
70,90,91,13.99015
70,90,105,11.79628
70,91,92,9.71518
70,91,106,12.81862
70,92,93,8.63404
70,92,107,11.94668
70,93,94,8.63404
70,93,108,11.17081
70,94,95,11.94668
70,94,109,12.4919
70,95,96,12.66232
70,95,110,11.94668
70,96,97,10.43445
70,96,111,9.71518
70,97,98,10.58892
70,97,112,12.16378
70,98,99,10.49498
70,98,113,12.01189
70,99,100,9.30813
70,99,114,11.8463
70,100,101,13.30317
70,100,115,12.01189
70,101,102,10.49498
70,101,116,9.17717
70,102,103,12.33778
70,102,117,12.81862
70,103,104,11.79628
70,103,118,11.8463
70,104,119,8.7606
70,105,106,10.43445
70,105,120,10.0
70,106,107,11.94668
70,106,121,11.17081
70,107,108,13.99015
70,107,122,13.46369
70,108,109,11.09963
70,108,123,13.46369
70,109,110,11.31681
70,109,124,12.16378
70,110,111,9.85036
70,110,125,13.46369
70,111,112,10.29485
70,111,126,12.81862
70,112,113,13.30317
70,112,127,13.46369
70,113,114,10.13737
70,113,128,14.15508
70,114,115,9.30813
70,114,129,13.30317
70,115,116,10.49498
70,115,130,11.94668
70,116,117,10.73069
70,116,131,11.24511
70,117,118,8.7606
70,117,132,9.17717
70,118,119,9.85036
70,118,133,9.71518
70,119,134,10.0
70,120,121,9.30813
70,120,135,13.99015
70,121,122,9.30813
70,121,136,12.01189
70,122,123,11.09963
70,122,137,9.71518
70,123,124,11.79628
70,123,138,8.7606
70,124,125,10.0
70,124,139,10.43445
70,125,126,11.94668
70,125,140,13.30317
70,126,127,14.15508
70,126,141,11.09963
70,127,128,11.79628
70,127,142,10.63606
70,128,129,12.16378
70,128,143,9.85036
70,129,130,14.15508
70,129,144,12.33778
70,130,131,10.58892
70,130,145,9.30813
70,131,132,10.58892
70,131,146,12.81862
70,132,133,9.71518
70,132,147,11.17081
70,133,134,11.79628
70,133,148,10.58892
70,134,149,10.63606
70,135,136,11.79628
70,135,150,10.0
70,136,137,9.30813
70,136,151,10.0
70,137,138,9.30813
70,137,152,11.24511
70,138,139,13.30317
70,138,153,11.8463
70,139,140,12.4919
70,139,154,10.0
70,140,141,12.4919
70,140,155,9.71518
70,141,142,11.09963
70,141,156,10.73069
70,142,143,14.15508
70,142,157,14.15508
70,143,144,13.46369
70,143,158,12.33778
70,144,145,13.30317
70,144,159,10.63606
70,145,146,11.79628
70,145,160,12.4919
70,146,147,13.99015
70,146,161,10.49498
70,147,148,8.7606
70,147,162,11.31681
70,148,149,9.85036
70,148,163,13.99015
70,149,164,12.16378
70,150,151,10.73069
70,150,165,10.63606
70,151,152,12.01189
70,151,166,10.73069
70,152,153,12.66232
70,152,167,12.4919
70,153,154,10.43445
70,153,168,10.13737
70,154,155,11.94668
70,154,169,14.15508
70,155,156,13.30317
70,155,170,9.85036
70,156,157,11.79628
70,156,171,14.15508
70,157,158,10.49498
70,157,172,14.15508
70,158,159,8.7606
70,158,173,11.09963
70,159,160,12.4919
70,159,174,10.29485
70,160,161,10.0
70,160,175,8.63404
70,161,162,12.81862
70,161,176,11.24511
70,162,163,12.16378
70,162,177,8.7606
70,163,164,10.0
70,163,178,12.66232
70,164,179,13.30317
70,165,166,12.16378
70,165,180,10.13737
70,166,167,9.71518
70,166,181,12.33778
70,167,168,12.33778
70,167,182,10.73069
70,168,169,9.71518
70,168,183,11.24511
70,169,170,9.85036
70,169,184,11.79628
70,170,171,14.15508
70,170,185,12.4919
70,171,172,10.43445
70,171,186,12.33778
70,172,173,12.33778
70,172,187,10.29485
70,173,174,11.8463
70,173,188,12.4919
70,174,175,10.13737
70,174,189,11.09963
70,175,176,9.71518
70,175,190,11.94668
70,176,177,10.63606
70,176,191,9.85036
70,177,178,10.49498
70,177,192,9.71518
70,178,179,11.79628
70,178,193,12.66232
70,179,194,14.15508
70,180,181,10.58892
70,180,195,10.63606
70,181,182,9.71518
70,181,196,11.69659
70,182,183,12.81862
70,182,197,11.17081
70,183,184,9.71518
70,183,198,10.63606
70,184,185,10.63606
70,184,199,10.73069
70,185,186,11.31681
70,185,200,11.09963
70,186,187,10.0
70,186,201,11.69659
70,187,188,10.63606
70,187,202,11.94668
70,188,189,12.66232
70,188,203,10.58892
70,189,190,11.69659
70,189,204,11.79628
70,190,191,10.0
70,190,205,11.24511
70,191,192,14.15508
70,191,206,12.16378
70,192,193,11.8463
70,192,207,13.30317
70,193,194,8.7606
70,193,208,9.71518
70,194,209,11.31681
70,195,196,11.8463
70,195,210,12.16378
70,196,197,12.16378
70,196,211,13.30317
70,197,198,9.71518
70,197,212,12.16378
70,198,199,10.43445
70,198,213,11.8463
70,199,200,10.58892
70,199,214,9.85036
70,200,201,9.71518
70,200,215,9.30813
70,201,202,8.63404
70,201,216,11.69659
70,202,203,10.58892
70,202,217,10.58892
70,203,204,12.01189
70,203,218,14.15508
70,204,205,13.30317
70,204,219,13.99015
70,205,206,9.17717
70,205,220,11.69659
70,206,207,12.66232
70,206,221,10.13737
70,207,208,11.24511
70,207,222,11.31681
70,208,209,10.43445
70,208,223,11.69659
70,209,224,9.85036
70,210,211,10.63606
70,211,212,10.43445
70,212,213,11.09963
70,213,214,11.8463
70,214,215,10.63606
70,215,216,11.09963
70,216,217,11.69659
70,217,218,9.17717
70,218,219,12.01189
70,219,220,11.94668
70,220,221,12.16378
70,221,222,10.63606
70,222,223,13.99015
70,223,224,12.81862
71,0,1,3.33272
71,0,15,10.78098
71,1,2,1.07038
71,1,16,6.46473
71,2,3,1.07038
71,2,17,4.47979
71,3,4,1.44952
71,3,18,4.97155
71,4,5,1.44952
71,4,19,10.0
71,5,6,7.07688
71,5,20,10.0
71,6,7,4.47979
71,6,21,1.44952
71,7,8,1.74823
71,7,22,3.13231
71,8,9,1.54397
71,8,23,9.60201
71,9,10,2.61335
71,9,24,2.95338
71,10,11,7.07688
71,10,25,6.75065
71,11,12,4.97155
71,11,26,3.13231
71,12,13,10.0
71,12,27,10.78098
71,13,14,3.13231
71,13,28,4.47979
71,14,29,2.44744
71,15,16,6.46473
71,15,30,2.44744
71,16,17,2.77037
71,16,31,2.44744
71,17,18,2.77632
71,17,32,1.63668
71,18,19,2.95964
71,18,33,1.21144
71,19,20,1.74823
71,19,34,1.10887
71,20,21,2.77037
71,20,35,1.63668
71,21,22,1.44952
71,21,36,10.78098
71,22,23,1.07267
71,22,37,4.73456
71,23,24,1.07038
71,23,38,4.73456
71,24,25,1.54397
71,24,39,3.13231
71,25,26,10.0
71,25,40,6.46473
71,26,27,1.15425
71,26,41,1.041
71,27,28,1.15764
71,27,42,9.60201
71,28,29,10.0
71,28,43,1.07267
71,29,44,1.041
71,30,31,6.1556
71,30,45,6.1556
71,31,32,1.63668
71,31,46,1.07267
71,32,33,4.73456
71,32,47,6.1556
71,33,34,10.0
71,33,48,9.60201
71,34,35,1.07267
71,34,49,1.54397
71,35,36,4.97155
71,35,50,2.95964
71,36,37,3.13231
71,36,51,1.11047
71,37,38,10.36589
71,37,52,1.74823
71,38,39,10.36589
71,38,53,2.77037
71,39,40,1.10887
71,39,54,1.21144
71,40,41,7.07688
71,40,55,2.77632
71,41,42,1.10887
71,41,56,6.1556
71,42,43,1.15425
71,42,57,1.11047
71,43,44,6.46473
71,43,58,1.07038
71,44,59,3.13231
71,45,46,4.47979
71,45,60,9.60201
71,46,47,2.77632
71,46,61,10.78098
71,47,48,1.63668
71,47,62,1.21144
71,48,49,6.75065
71,48,63,9.60201
71,49,50,4.73456
71,49,64,4.97155
71,50,51,1.63668
71,50,65,1.10887
71,51,52,1.11047
71,51,66,1.07267
71,52,53,1.44952
71,52,67,9.60201
71,53,54,10.36589
71,53,68,2.95964
71,54,55,1.63668
71,54,69,2.95338
71,55,56,10.0
71,55,70,6.1556
71,56,57,3.13231
71,56,71,2.77037
71,57,58,1.07038
71,57,72,5.24342
71,58,59,2.61335
71,58,73,3.13231
71,59,74,2.95964
71,60,61,4.73456
71,60,75,4.73456
71,61,62,2.77037
71,61,76,3.33272
71,62,63,10.36589
71,62,77,1.54397
71,63,64,1.11047
71,63,78,1.74823
71,64,65,1.54397
71,64,79,6.46473
71,65,66,1.74823
71,65,80,2.77037
71,66,67,7.07688
71,66,81,9.60201
71,67,68,2.77037
71,67,82,1.44952
71,68,69,4.97155
71,68,83,1.63668
71,69,70,4.73456
71,69,84,2.77632
71,70,71,6.1556
71,70,85,10.0
71,71,72,5.24342
71,71,86,6.46473
71,72,73,1.041
71,72,87,4.97155
71,73,74,1.10887
71,73,88,2.44744
71,74,89,1.44952
71,75,76,1.54397
71,75,90,4.47979
71,76,77,1.10887
71,76,91,1.44952
71,77,78,2.95964
71,77,92,1.74823
71,78,79,2.77632
71,78,93,1.07038
71,79,80,1.07038
71,79,94,1.07267
71,80,81,4.97155
71,80,95,3.13231
71,81,82,1.74823
71,81,96,4.47979
71,82,83,5.24342
71,82,97,1.74823
71,83,84,2.95964
71,83,98,6.1556
71,84,85,1.15425
71,84,99,1.10887
71,85,86,4.47979
71,85,100,9.60201
71,86,87,7.07688
71,86,101,2.95338
71,87,88,2.77632
71,87,102,1.10887
71,88,89,4.73456
71,88,103,5.24342
71,89,104,1.15425
71,90,91,1.44952
71,90,105,2.77632
71,91,92,3.33272
71,91,106,2.44744
71,92,93,10.78098
71,92,107,1.07038
71,93,94,10.78098
71,93,108,2.95964
71,94,95,1.07038
71,94,109,1.07267
71,95,96,6.1556
71,95,110,1.07038
71,96,97,1.15425
71,96,111,3.33272
71,97,98,9.60201
71,97,112,2.61335
71,98,99,7.07688
71,98,113,6.46473
71,99,100,4.97155
71,99,114,1.041
71,100,101,1.54397
71,100,115,6.46473
71,101,102,7.07688
71,101,116,10.36589
71,102,103,1.63668
71,102,117,2.44744
71,103,104,2.77632
71,103,118,1.041
71,104,119,5.24342
71,105,106,1.15425
71,105,120,10.0
71,106,107,1.07038
71,106,121,2.95964
71,107,108,1.44952
71,107,122,1.10887
71,108,109,6.75065
71,108,123,1.10887
71,109,110,1.11047
71,109,124,2.61335
71,110,111,1.21144
71,110,125,1.10887
71,111,112,3.13231
71,111,126,2.44744
71,112,113,1.54397
71,112,127,1.10887
71,113,114,4.73456
71,113,128,1.15764
71,114,115,4.97155
71,114,129,1.54397
71,115,116,7.07688
71,115,130,1.07038
71,116,117,4.47979
71,116,131,2.77037
71,117,118,5.24342
71,117,132,10.36589
71,118,119,1.21144
71,118,133,3.33272
71,119,134,10.0
71,120,121,4.97155
71,120,135,1.44952
71,121,122,4.97155
71,121,136,6.46473
71,122,123,6.75065
71,122,137,3.33272
71,123,124,2.77632
71,123,138,5.24342
71,124,125,10.0
71,124,139,1.15425
71,125,126,1.07038
71,125,140,1.54397
71,126,127,1.15764
71,126,141,6.75065
71,127,128,2.77632
71,127,142,2.95338
71,128,129,2.61335
71,128,143,1.21144
71,129,130,1.15764
71,129,144,1.63668
71,130,131,9.60201
71,130,145,4.97155
71,131,132,9.60201
71,131,146,2.44744
71,132,133,3.33272
71,132,147,2.95964
71,133,134,2.77632
71,133,148,9.60201
71,134,149,2.95338
71,135,136,2.77632
71,135,150,10.0
71,136,137,4.97155
71,136,151,10.0
71,137,138,4.97155
71,137,152,2.77037
71,138,139,1.54397
71,138,153,1.041
71,139,140,1.07267
71,139,154,10.0
71,140,141,1.07267
71,140,155,3.33272
71,141,142,6.75065
71,141,156,4.47979
71,142,143,1.15764
71,142,157,1.15764
71,143,144,1.10887
71,143,158,1.63668
71,144,145,1.54397
71,144,159,2.95338
71,145,146,2.77632
71,145,160,1.07267
71,146,147,1.44952
71,146,161,7.07688
71,147,148,5.24342
71,147,162,1.11047
71,148,149,1.21144
71,148,163,1.44952
71,149,164,2.61335
71,150,151,4.47979
71,150,165,2.95338
71,151,152,6.46473
71,151,166,4.47979
71,152,153,6.1556
71,152,167,1.07267
71,153,154,1.15425
71,153,168,4.73456
71,154,155,1.07038
71,154,169,1.15764
71,155,156,1.54397
71,155,170,1.21144
71,156,157,2.77632
71,156,171,1.15764
71,157,158,7.07688
71,157,172,1.15764
71,158,159,5.24342
71,158,173,6.75065
71,159,160,1.07267
71,159,174,3.13231
71,160,161,10.0
71,160,175,10.78098
71,161,162,2.44744
71,161,176,2.77037
71,162,163,2.61335
71,162,177,5.24342
71,163,164,10.0
71,163,178,6.1556
71,164,179,1.54397
71,165,166,2.61335
71,165,180,4.73456
71,166,167,3.33272
71,166,181,1.63668
71,167,168,1.63668
71,167,182,4.47979
71,168,169,3.33272
71,168,183,2.77037
71,169,170,1.21144
71,169,184,2.77632
71,170,171,1.15764
71,170,185,1.07267
71,171,172,1.15425
71,171,186,1.63668
71,172,173,1.63668
71,172,187,3.13231
71,173,174,1.041
71,173,188,1.07267
71,174,175,4.73456
71,174,189,6.75065
71,175,176,3.33272
71,175,190,1.07038
71,176,177,2.95338
71,176,191,1.21144
71,177,178,7.07688
71,177,192,3.33272
71,178,179,2.77632
71,178,193,6.1556
71,179,194,1.15764
71,180,181,9.60201
71,180,195,2.95338
71,181,182,3.33272
71,181,196,1.74823
71,182,183,2.44744
71,182,197,2.95964
71,183,184,3.33272
71,183,198,2.95338
71,184,185,2.95338
71,184,199,4.47979
71,185,186,1.11047
71,185,200,6.75065
71,186,187,10.0
71,186,201,1.74823
71,187,188,2.95338
71,187,202,1.07038
71,188,189,6.1556
71,188,203,9.60201
71,189,190,1.74823
71,189,204,2.77632
71,190,191,10.0
71,190,205,2.77037
71,191,192,1.15764
71,191,206,2.61335
71,192,193,1.041
71,192,207,1.54397
71,193,194,5.24342
71,193,208,3.33272
71,194,209,1.11047
71,195,196,1.041
71,195,210,2.61335
71,196,197,2.61335
71,196,211,1.54397
71,197,198,3.33272
71,197,212,2.61335
71,198,199,1.15425
71,198,213,1.041
71,199,200,9.60201
71,199,214,1.21144
71,200,201,3.33272
71,200,215,4.97155
71,201,202,10.78098
71,201,216,1.74823
71,202,203,9.60201
71,202,217,9.60201
71,203,204,6.46473
71,203,218,1.15764
71,204,205,1.54397
71,204,219,1.44952
71,205,206,10.36589
71,205,220,1.74823
71,206,207,6.1556
71,206,221,4.73456
71,207,208,2.77037
71,207,222,1.11047
71,208,209,1.15425
71,208,223,1.74823
71,209,224,1.21144
71,210,211,2.95338
71,211,212,1.15425
71,212,213,6.75065
71,213,214,1.041
71,214,215,2.95338
71,215,216,6.75065
71,216,217,1.74823
71,217,218,10.36589
71,218,219,6.46473
71,219,220,1.07038
71,220,221,2.61335
71,221,222,2.95338
71,222,223,1.44952
71,223,224,2.44744
72,0,1,14.6495
72,0,15,10.81458
72,1,2,20.57905
72,1,16,11.92302
72,2,3,20.57905
72,2,17,15.92371
72,3,4,20.61469
72,3,18,16.96757
72,4,5,20.61469
72,4,19,10.0
72,5,6,12.81862
72,5,20,10.0
72,6,7,15.92371
72,6,21,20.61469
72,7,8,16.99618
72,7,22,19.11924
72,8,9,15.95137
72,8,23,13.68889
72,9,10,14.00305
72,9,24,14.9786
72,10,11,12.81862
72,10,25,16.99976
72,11,12,16.96757
72,11,26,19.11924
72,12,13,10.0
72,12,27,10.81458
72,13,14,19.11924
72,13,28,15.92371
72,14,29,18.37324
72,15,16,11.92302
72,15,30,18.37324
72,16,17,19.49812
72,16,31,18.37324
72,17,18,18.00612
72,17,32,21.80883
72,18,19,13.68571
72,18,33,16.964
72,19,20,16.99618
72,19,34,18.36951
72,20,21,19.49812
72,20,35,21.80883
72,21,22,20.61469
72,21,36,10.81458
72,22,23,24.64531
72,22,37,11.89643
72,23,24,20.57905
72,23,38,11.89643
72,24,25,15.95137
72,24,39,19.11924
72,25,26,10.0
72,25,40,11.92302
72,26,27,21.77213
72,26,41,19.49428
72,27,28,23.37122
72,27,42,13.68889
72,28,29,10.0
72,28,43,24.64531
72,29,44,19.49428
72,30,31,15.95483
72,30,45,15.95483
72,31,32,21.80883
72,31,46,24.64531
72,32,33,11.89643
72,32,47,15.95483
72,33,34,10.0
72,33,48,13.68889
72,34,35,24.64531
72,34,49,15.95137
72,35,36,16.96757
72,35,50,13.68571
72,36,37,19.11924
72,36,51,15.92026
72,37,38,14.6528
72,37,52,16.99618
72,38,39,14.6528
72,38,53,19.49812
72,39,40,18.36951
72,39,54,16.964
72,40,41,12.81862
72,40,55,18.00612
72,41,42,18.36951
72,41,56,15.95483
72,42,43,21.77213
72,42,57,15.92026
72,43,44,11.92302
72,43,58,20.57905
72,44,59,19.11924
72,45,46,15.92371
72,45,60,13.68889
72,46,47,18.00612
72,46,61,10.81458
72,47,48,21.80883
72,47,62,16.964
72,48,49,16.99976
72,48,63,13.68889
72,49,50,11.89643
72,49,64,16.96757
72,50,51,21.80883
72,50,65,18.36951
72,51,52,15.92026
72,51,66,24.64531
72,52,53,20.61469
72,52,67,13.68889
72,53,54,14.6528
72,53,68,13.68571
72,54,55,21.80883
72,54,69,14.9786
72,55,56,10.0
72,55,70,15.95483
72,56,57,19.11924
72,56,71,19.49812
72,57,58,20.57905
72,57,72,12.79096
72,58,59,14.00305
72,58,73,19.11924
72,59,74,13.68571
72,60,61,11.89643
72,60,75,11.89643
72,61,62,19.49812
72,61,76,14.6495
72,62,63,14.6528
72,62,77,15.95137
72,63,64,15.92026
72,63,78,16.99618
72,64,65,15.95137
72,64,79,11.92302
72,65,66,16.99618
72,65,80,19.49812
72,66,67,12.81862
72,66,81,13.68889
72,67,68,19.49812
72,67,82,20.61469
72,68,69,16.96757
72,68,83,21.80883
72,69,70,11.89643
72,69,84,18.00612
72,70,71,15.95483
72,70,85,10.0
72,71,72,12.79096
72,71,86,11.92302
72,72,73,19.49428
72,72,87,16.96757
72,73,74,18.36951
72,73,88,18.37324
72,74,89,20.61469
72,75,76,15.95137
72,75,90,15.92371
72,76,77,18.36951
72,76,91,20.61469
72,77,78,13.68571
72,77,92,16.99618
72,78,79,18.00612
72,78,93,20.57905
72,79,80,20.57905
72,79,94,24.64531
72,80,81,16.96757
72,80,95,19.11924
72,81,82,16.99618
72,81,96,15.92371
72,82,83,12.79096
72,82,97,16.99618
72,83,84,13.68571
72,83,98,15.95483
72,84,85,21.77213
72,84,99,18.36951
72,85,86,15.92371
72,85,100,13.68889
72,86,87,12.81862
72,86,101,14.9786
72,87,88,18.00612
72,87,102,18.36951
72,88,89,11.89643
72,88,103,12.79096
72,89,104,21.77213
72,90,91,20.61469
72,90,105,18.00612
72,91,92,14.6495
72,91,106,18.37324
72,92,93,10.81458
72,92,107,20.57905
72,93,94,10.81458
72,93,108,13.68571
72,94,95,20.57905
72,94,109,24.64531
72,95,96,15.95483
72,95,110,20.57905
72,96,97,21.77213
72,96,111,14.6495
72,97,98,13.68889
72,97,112,14.00305
72,98,99,12.81862
72,98,113,11.92302
72,99,100,16.96757
72,99,114,19.49428
72,100,101,15.95137
72,100,115,11.92302
72,101,102,12.81862
72,101,116,14.6528
72,102,103,21.80883
72,102,117,18.37324
72,103,104,18.00612
72,103,118,19.49428
72,104,119,12.79096
72,105,106,21.77213
72,105,120,10.0
72,106,107,20.57905
72,106,121,13.68571
72,107,108,20.61469
72,107,122,18.36951
72,108,109,16.99976
72,108,123,18.36951
72,109,110,15.92026
72,109,124,14.00305
72,110,111,16.964
72,110,125,18.36951
72,111,112,19.11924
72,111,126,18.37324
72,112,113,15.95137
72,112,127,18.36951
72,113,114,11.89643
72,113,128,23.37122
72,114,115,16.96757
72,114,129,15.95137
72,115,116,12.81862
72,115,130,20.57905
72,116,117,15.92371
72,116,131,19.49812
72,117,118,12.79096
72,117,132,14.6528
72,118,119,16.964
72,118,133,14.6495
72,119,134,10.0
72,120,121,16.96757
72,120,135,20.61469
72,121,122,16.96757
72,121,136,11.92302
72,122,123,16.99976
72,122,137,14.6495
72,123,124,18.00612
72,123,138,12.79096
72,124,125,10.0
72,124,139,21.77213
72,125,126,20.57905
72,125,140,15.95137
72,126,127,23.37122
72,126,141,16.99976
72,127,128,18.00612
72,127,142,14.9786
72,128,129,14.00305
72,128,143,16.964
72,129,130,23.37122
72,129,144,21.80883
72,130,131,13.68889
72,130,145,16.96757
72,131,132,13.68889
72,131,146,18.37324
72,132,133,14.6495
72,132,147,13.68571
72,133,134,18.00612
72,133,148,13.68889
72,134,149,14.9786
72,135,136,18.00612
72,135,150,10.0
72,136,137,16.96757
72,136,151,10.0
72,137,138,16.96757
72,137,152,19.49812
72,138,139,15.95137
72,138,153,19.49428
72,139,140,24.64531
72,139,154,10.0
72,140,141,24.64531
72,140,155,14.6495
72,141,142,16.99976
72,141,156,15.92371
72,142,143,23.37122
72,142,157,23.37122
72,143,144,18.36951
72,143,158,21.80883
72,144,145,15.95137
72,144,159,14.9786
72,145,146,18.00612
72,145,160,24.64531
72,146,147,20.61469
72,146,161,12.81862
72,147,148,12.79096
72,147,162,15.92026
72,148,149,16.964
72,148,163,20.61469
72,149,164,14.00305
72,150,151,15.92371
72,150,165,14.9786
72,151,152,11.92302
72,151,166,15.92371
72,152,153,15.95483
72,152,167,24.64531
72,153,154,21.77213
72,153,168,11.89643
72,154,155,20.57905
72,154,169,23.37122
72,155,156,15.95137
72,155,170,16.964
72,156,157,18.00612
72,156,171,23.37122
72,157,158,12.81862
72,157,172,23.37122
72,158,159,12.79096
72,158,173,16.99976
72,159,160,24.64531
72,159,174,19.11924
72,160,161,10.0
72,160,175,10.81458
72,161,162,18.37324
72,161,176,19.49812
72,162,163,14.00305
72,162,177,12.79096
72,163,164,10.0
72,163,178,15.95483
72,164,179,15.95137
72,165,166,14.00305
72,165,180,11.89643
72,166,167,14.6495
72,166,181,21.80883
72,167,168,21.80883
72,167,182,15.92371
72,168,169,14.6495
72,168,183,19.49812
72,169,170,16.964
72,169,184,18.00612
72,170,171,23.37122
72,170,185,24.64531
72,171,172,21.77213
72,171,186,21.80883
72,172,173,21.80883
72,172,187,19.11924
72,173,174,19.49428
72,173,188,24.64531
72,174,175,11.89643
72,174,189,16.99976
72,175,176,14.6495
72,175,190,20.57905
72,176,177,14.9786
72,176,191,16.964
72,177,178,12.81862
72,177,192,14.6495
72,178,179,18.00612
72,178,193,15.95483
72,179,194,23.37122
72,180,181,13.68889
72,180,195,14.9786
72,181,182,14.6495
72,181,196,16.99618
72,182,183,18.37324
72,182,197,13.68571
72,183,184,14.6495
72,183,198,14.9786
72,184,185,14.9786
72,184,199,15.92371
72,185,186,15.92026
72,185,200,16.99976
72,186,187,10.0
72,186,201,16.99618
72,187,188,14.9786
72,187,202,20.57905
72,188,189,15.95483
72,188,203,13.68889
72,189,190,16.99618
72,189,204,18.00612
72,190,191,10.0
72,190,205,19.49812
72,191,192,23.37122
72,191,206,14.00305
72,192,193,19.49428
72,192,207,15.95137
72,193,194,12.79096
72,193,208,14.6495
72,194,209,15.92026
72,195,196,19.49428
72,195,210,14.00305
72,196,197,14.00305
72,196,211,15.95137
72,197,198,14.6495
72,197,212,14.00305
72,198,199,21.77213
72,198,213,19.49428
72,199,200,13.68889
72,199,214,16.964
72,200,201,14.6495
72,200,215,16.96757
72,201,202,10.81458
72,201,216,16.99618
72,202,203,13.68889
72,202,217,13.68889
72,203,204,11.92302
72,203,218,23.37122
72,204,205,15.95137
72,204,219,20.61469
72,205,206,14.6528
72,205,220,16.99618
72,206,207,15.95483
72,206,221,11.89643
72,207,208,19.49812
72,207,222,15.92026
72,208,209,21.77213
72,208,223,16.99618
72,209,224,16.964
72,210,211,14.9786
72,211,212,21.77213
72,212,213,16.99976
72,213,214,19.49428
72,214,215,14.9786
72,215,216,16.99976
72,216,217,16.99618
72,217,218,14.6528
72,218,219,11.92302
72,219,220,20.57905
72,220,221,14.00305
72,221,222,14.9786
72,222,223,20.61469
72,223,224,18.37324
73,0,1,6.40634
73,0,15,7.21881
73,1,2,10.54742
73,1,16,8.31374
73,2,3,10.54742
73,2,17,11.61775
73,3,4,7.81459
73,3,18,8.57485
73,4,5,7.81459
73,4,19,10.0
73,5,6,5.83185
73,5,20,10.0
73,6,7,11.61775
73,6,21,7.81459
73,7,8,5.11906
73,7,22,6.75923
73,8,9,7.43024
73,8,23,10.45369
73,9,10,9.34168
73,9,24,6.67369
73,10,11,5.83185
73,10,25,6.16576
73,11,12,8.57485
73,11,26,6.75923
73,12,13,10.0
73,12,27,7.21881
73,13,14,6.75923
73,13,28,11.61775
73,14,29,9.77867
73,15,16,8.31374
73,15,30,9.77867
73,16,17,7.03506
73,16,31,9.77867
73,17,18,9.44533
73,17,32,5.42779
73,18,19,9.01683
73,18,33,7.29488
73,19,20,5.11906
73,19,34,8.39621
73,20,21,7.03506
73,20,35,5.42779
73,21,22,7.81459
73,21,36,7.21881
73,22,23,6.23511
73,22,37,11.13661
73,23,24,10.54742
73,23,38,11.13661
73,24,25,7.43024
73,24,39,6.75923
73,25,26,10.0
73,25,40,8.31374
73,26,27,7.67522
73,26,41,5.89892
73,27,28,8.80801
73,27,42,10.45369
73,28,29,10.0
73,28,43,6.23511
73,29,44,5.89892
73,30,31,8.72327
73,30,45,8.72327
73,31,32,5.42779
73,31,46,6.23511
73,32,33,11.13661
73,32,47,8.72327
73,33,34,10.0
73,33,48,10.45369
73,34,35,6.23511
73,34,49,7.43024
73,35,36,8.57485
73,35,50,9.01683
73,36,37,6.75923
73,36,51,10.09146
73,37,38,7.59688
73,37,52,5.11906
73,38,39,7.59688
73,38,53,7.03506
73,39,40,8.39621
73,39,54,7.29488
73,40,41,5.83185
73,40,55,9.44533
73,41,42,8.39621
73,41,56,8.72327
73,42,43,7.67522
73,42,57,10.09146
73,43,44,8.31374
73,43,58,10.54742
73,44,59,6.75923
73,45,46,11.61775
73,45,60,10.45369
73,46,47,9.44533
73,46,61,7.21881
73,47,48,5.42779
73,47,62,7.29488
73,48,49,6.16576
73,48,63,10.45369
73,49,50,11.13661
73,49,64,8.57485
73,50,51,5.42779
73,50,65,8.39621
73,51,52,10.09146
73,51,66,6.23511
73,52,53,7.81459
73,52,67,10.45369
73,53,54,7.59688
73,53,68,9.01683
73,54,55,5.42779
73,54,69,6.67369
73,55,56,10.0
73,55,70,8.72327
73,56,57,6.75923
73,56,71,7.03506
73,57,58,10.54742
73,57,72,8.16932
73,58,59,9.34168
73,58,73,6.75923
73,59,74,9.01683
73,60,61,11.13661
73,60,75,11.13661
73,61,62,7.03506
73,61,76,6.40634
73,62,63,7.59688
73,62,77,7.43024
73,63,64,10.09146
73,63,78,5.11906
73,64,65,7.43024
73,64,79,8.31374
73,65,66,5.11906
73,65,80,7.03506
73,66,67,5.83185
73,66,81,10.45369
73,67,68,7.03506
73,67,82,7.81459
73,68,69,8.57485
73,68,83,5.42779
73,69,70,11.13661
73,69,84,9.44533
73,70,71,8.72327
73,70,85,10.0
73,71,72,8.16932
73,71,86,8.31374
73,72,73,5.89892
73,72,87,8.57485
73,73,74,8.39621
73,73,88,9.77867
73,74,89,7.81459
73,75,76,7.43024
73,75,90,11.61775
73,76,77,8.39621
73,76,91,7.81459
73,77,78,9.01683
73,77,92,5.11906
73,78,79,9.44533
73,78,93,10.54742
73,79,80,10.54742
73,79,94,6.23511
73,80,81,8.57485
73,80,95,6.75923
73,81,82,5.11906
73,81,96,11.61775
73,82,83,8.16932
73,82,97,5.11906
73,83,84,9.01683
73,83,98,8.72327
73,84,85,7.67522
73,84,99,8.39621
73,85,86,11.61775
73,85,100,10.45369
73,86,87,5.83185
73,86,101,6.67369
73,87,88,9.44533
73,87,102,8.39621
73,88,89,11.13661
73,88,103,8.16932
73,89,104,7.67522
73,90,91,7.81459
73,90,105,9.44533
73,91,92,6.40634
73,91,106,9.77867
73,92,93,7.21881
73,92,107,10.54742
73,93,94,7.21881
73,93,108,9.01683
73,94,95,10.54742
73,94,109,6.23511
73,95,96,8.72327
73,95,110,10.54742
73,96,97,7.67522
73,96,111,6.40634
73,97,98,10.45369
73,97,112,9.34168
73,98,99,5.83185
73,98,113,8.31374
73,99,100,8.57485
73,99,114,5.89892
73,100,101,7.43024
73,100,115,8.31374
73,101,102,5.83185
73,101,116,7.59688
73,102,103,5.42779
73,102,117,9.77867
73,103,104,9.44533
73,103,118,5.89892
73,104,119,8.16932
73,105,106,7.67522
73,105,120,10.0
73,106,107,10.54742
73,106,121,9.01683
73,107,108,7.81459
73,107,122,8.39621
73,108,109,6.16576
73,108,123,8.39621
73,109,110,10.09146
73,109,124,9.34168
73,110,111,7.29488
73,110,125,8.39621
73,111,112,6.75923
73,111,126,9.77867
73,112,113,7.43024
73,112,127,8.39621
73,113,114,11.13661
73,113,128,8.80801
73,114,115,8.57485
73,114,129,7.43024
73,115,116,5.83185
73,115,130,10.54742
73,116,117,11.61775
73,116,131,7.03506
73,117,118,8.16932
73,117,132,7.59688
73,118,119,7.29488
73,118,133,6.40634
73,119,134,10.0
73,120,121,8.57485
73,120,135,7.81459
73,121,122,8.57485
73,121,136,8.31374
73,122,123,6.16576
73,122,137,6.40634
73,123,124,9.44533
73,123,138,8.16932
73,124,125,10.0
73,124,139,7.67522
73,125,126,10.54742
73,125,140,7.43024
73,126,127,8.80801
73,126,141,6.16576
73,127,128,9.44533
73,127,142,6.67369
73,128,129,9.34168
73,128,143,7.29488
73,129,130,8.80801
73,129,144,5.42779
73,130,131,10.45369
73,130,145,8.57485
73,131,132,10.45369
73,131,146,9.77867
73,132,133,6.40634
73,132,147,9.01683
73,133,134,9.44533
73,133,148,10.45369
73,134,149,6.67369
73,135,136,9.44533
73,135,150,10.0
73,136,137,8.57485
73,136,151,10.0
73,137,138,8.57485
73,137,152,7.03506
73,138,139,7.43024
73,138,153,5.89892
73,139,140,6.23511
73,139,154,10.0
73,140,141,6.23511
73,140,155,6.40634
73,141,142,6.16576
73,141,156,11.61775
73,142,143,8.80801
73,142,157,8.80801
73,143,144,8.39621
73,143,158,5.42779
73,144,145,7.43024
73,144,159,6.67369
73,145,146,9.44533
73,145,160,6.23511
73,146,147,7.81459
73,146,161,5.83185
73,147,148,8.16932
73,147,162,10.09146
73,148,149,7.29488
73,148,163,7.81459
73,149,164,9.34168
73,150,151,11.61775
73,150,165,6.67369
73,151,152,8.31374
73,151,166,11.61775
73,152,153,8.72327
73,152,167,6.23511
73,153,154,7.67522
73,153,168,11.13661
73,154,155,10.54742
73,154,169,8.80801
73,155,156,7.43024
73,155,170,7.29488
73,156,157,9.44533
73,156,171,8.80801
73,157,158,5.83185
73,157,172,8.80801
73,158,159,8.16932
73,158,173,6.16576
73,159,160,6.23511
73,159,174,6.75923
73,160,161,10.0
73,160,175,7.21881
73,161,162,9.77867
73,161,176,7.03506
73,162,163,9.34168
73,162,177,8.16932
73,163,164,10.0
73,163,178,8.72327
73,164,179,7.43024
73,165,166,9.34168
73,165,180,11.13661
73,166,167,6.40634
73,166,181,5.42779
73,167,168,5.42779
73,167,182,11.61775
73,168,169,6.40634
73,168,183,7.03506
73,169,170,7.29488
73,169,184,9.44533
73,170,171,8.80801
73,170,185,6.23511
73,171,172,7.67522
73,171,186,5.42779
73,172,173,5.42779
73,172,187,6.75923
73,173,174,5.89892
73,173,188,6.23511
73,174,175,11.13661
73,174,189,6.16576
73,175,176,6.40634
73,175,190,10.54742
73,176,177,6.67369
73,176,191,7.29488
73,177,178,5.83185
73,177,192,6.40634
73,178,179,9.44533
73,178,193,8.72327
73,179,194,8.80801
73,180,181,10.45369
73,180,195,6.67369
73,181,182,6.40634
73,181,196,5.11906
73,182,183,9.77867
73,182,197,9.01683
73,183,184,6.40634
73,183,198,6.67369
73,184,185,6.67369
73,184,199,11.61775
73,185,186,10.09146
73,185,200,6.16576
73,186,187,10.0
73,186,201,5.11906
73,187,188,6.67369
73,187,202,10.54742
73,188,189,8.72327
73,188,203,10.45369
73,189,190,5.11906
73,189,204,9.44533
73,190,191,10.0
73,190,205,7.03506
73,191,192,8.80801
73,191,206,9.34168
73,192,193,5.89892
73,192,207,7.43024
73,193,194,8.16932
73,193,208,6.40634
73,194,209,10.09146
73,195,196,5.89892
73,195,210,9.34168
73,196,197,9.34168
73,196,211,7.43024
73,197,198,6.40634
73,197,212,9.34168
73,198,199,7.67522
73,198,213,5.89892
73,199,200,10.45369
73,199,214,7.29488
73,200,201,6.40634
73,200,215,8.57485
73,201,202,7.21881
73,201,216,5.11906
73,202,203,10.45369
73,202,217,10.45369
73,203,204,8.31374
73,203,218,8.80801
73,204,205,7.43024
73,204,219,7.81459
73,205,206,7.59688
73,205,220,5.11906
73,206,207,8.72327
73,206,221,11.13661
73,207,208,7.03506
73,207,222,10.09146
73,208,209,7.67522
73,208,223,5.11906
73,209,224,7.29488
73,210,211,6.67369
73,211,212,7.67522
73,212,213,6.16576
73,213,214,5.89892
73,214,215,6.67369
73,215,216,6.16576
73,216,217,5.11906
73,217,218,7.59688
73,218,219,8.31374
73,219,220,10.54742
73,220,221,9.34168
73,221,222,6.67369
73,222,223,7.81459
73,223,224,9.77867
74,0,1,16.46409
74,0,15,10.14548
74,1,2,11.30819
74,1,16,9.68616
74,2,3,11.30819
74,2,17,6.3008
74,3,4,12.45252
74,3,18,6.41259
74,4,5,12.45252
74,4,19,10.0
74,5,6,9.82909
74,5,20,10.0
74,6,7,6.3008
74,6,21,12.45252
74,7,8,16.05183
74,7,22,12.97906
74,8,9,15.86503
74,8,23,7.394
74,9,10,8.40351
74,9,24,8.53551
74,10,11,9.82909
74,10,25,7.25008
74,11,12,6.41259
74,11,26,12.97906
74,12,13,10.0
74,12,27,10.14548
74,13,14,12.97906
74,13,28,6.3008
74,14,29,6.06059
74,15,16,9.68616
74,15,30,6.06059
74,16,17,6.16983
74,16,31,6.06059
74,17,18,12.81247
74,17,32,12.61655
74,18,19,16.27474
74,18,33,14.73555
74,19,20,16.05183
74,19,34,14.17131
74,20,21,6.16983
74,20,35,12.61655
74,21,22,12.45252
74,21,36,10.14548
74,22,23,11.12523
74,22,37,8.69347
74,23,24,11.30819
74,23,38,8.69347
74,24,25,15.86503
74,24,39,12.97906
74,25,26,10.0
74,25,40,9.68616
74,26,27,11.46385
74,26,41,14.34718
74,27,28,10.97212
74,27,42,7.394
74,28,29,10.0
74,28,43,11.12523
74,29,44,14.34718
74,30,31,7.12991
74,30,45,7.12991
74,31,32,12.61655
74,31,46,11.12523
74,32,33,8.69347
74,32,47,7.12991
74,33,34,10.0
74,33,48,7.394
74,34,35,11.12523
74,34,49,15.86503
74,35,36,6.41259
74,35,50,16.27474
74,36,37,12.97906
74,36,51,14.55713
74,37,38,7.51672
74,37,52,16.05183
74,38,39,7.51672
74,38,53,6.16983
74,39,40,14.17131
74,39,54,14.73555
74,40,41,9.82909
74,40,55,12.81247
74,41,42,14.17131
74,41,56,7.12991
74,42,43,11.46385
74,42,57,14.55713
74,43,44,9.68616
74,43,58,11.30819
74,44,59,12.97906
74,45,46,6.3008
74,45,60,7.394
74,46,47,12.81247
74,46,61,10.14548
74,47,48,12.61655
74,47,62,14.73555
74,48,49,7.25008
74,48,63,7.394
74,49,50,8.69347
74,49,64,6.41259
74,50,51,12.61655
74,50,65,14.17131
74,51,52,14.55713
74,51,66,11.12523
74,52,53,12.45252
74,52,67,7.394
74,53,54,7.51672
74,53,68,16.27474
74,54,55,12.61655
74,54,69,8.53551
74,55,56,10.0
74,55,70,7.12991
74,56,57,12.97906
74,56,71,6.16983
74,57,58,11.30819
74,57,72,8.82802
74,58,59,8.40351
74,58,73,12.97906
74,59,74,16.27474
74,60,61,8.69347
74,60,75,8.69347
74,61,62,6.16983
74,61,76,16.46409
74,62,63,7.51672
74,62,77,15.86503
74,63,64,14.55713
74,63,78,16.05183
74,64,65,15.86503
74,64,79,9.68616
74,65,66,16.05183
74,65,80,6.16983
74,66,67,9.82909
74,66,81,7.394
74,67,68,6.16983
74,67,82,12.45252
74,68,69,6.41259
74,68,83,12.61655
74,69,70,8.69347
74,69,84,12.81247
74,70,71,7.12991
74,70,85,10.0
74,71,72,8.82802
74,71,86,9.68616
74,72,73,14.34718
74,72,87,6.41259
74,73,74,14.17131
74,73,88,6.06059
74,74,89,12.45252
74,75,76,15.86503
74,75,90,6.3008
74,76,77,14.17131
74,76,91,12.45252
74,77,78,16.27474
74,77,92,16.05183
74,78,79,12.81247
74,78,93,11.30819
74,79,80,11.30819
74,79,94,11.12523
74,80,81,6.41259
74,80,95,12.97906
74,81,82,16.05183
74,81,96,6.3008
74,82,83,8.82802
74,82,97,16.05183
74,83,84,16.27474
74,83,98,7.12991
74,84,85,11.46385
74,84,99,14.17131
74,85,86,6.3008
74,85,100,7.394
74,86,87,9.82909
74,86,101,8.53551
74,87,88,12.81247
74,87,102,14.17131
74,88,89,8.69347
74,88,103,8.82802
74,89,104,11.46385
74,90,91,12.45252
74,90,105,12.81247
74,91,92,16.46409
74,91,106,6.06059
74,92,93,10.14548
74,92,107,11.30819
74,93,94,10.14548
74,93,108,16.27474
74,94,95,11.30819
74,94,109,11.12523
74,95,96,7.12991
74,95,110,11.30819
74,96,97,11.46385
74,96,111,16.46409
74,97,98,7.394
74,97,112,8.40351
74,98,99,9.82909
74,98,113,9.68616
74,99,100,6.41259
74,99,114,14.34718
74,100,101,15.86503
74,100,115,9.68616
74,101,102,9.82909
74,101,116,7.51672
74,102,103,12.61655
74,102,117,6.06059
74,103,104,12.81247
74,103,118,14.34718
74,104,119,8.82802
74,105,106,11.46385
74,105,120,10.0
74,106,107,11.30819
74,106,121,16.27474
74,107,108,12.45252
74,107,122,14.17131
74,108,109,7.25008
74,108,123,14.17131
74,109,110,14.55713
74,109,124,8.40351
74,110,111,14.73555
74,110,125,14.17131
74,111,112,12.97906
74,111,126,6.06059
74,112,113,15.86503
74,112,127,14.17131
74,113,114,8.69347
74,113,128,10.97212
74,114,115,6.41259
74,114,129,15.86503
74,115,116,9.82909
74,115,130,11.30819
74,116,117,6.3008
74,116,131,6.16983
74,117,118,8.82802
74,117,132,7.51672
74,118,119,14.73555
74,118,133,16.46409
74,119,134,10.0
74,120,121,6.41259
74,120,135,12.45252
74,121,122,6.41259
74,121,136,9.68616
74,122,123,7.25008
74,122,137,16.46409
74,123,124,12.81247
74,123,138,8.82802
74,124,125,10.0
74,124,139,11.46385
74,125,126,11.30819
74,125,140,15.86503
74,126,127,10.97212
74,126,141,7.25008
74,127,128,12.81247
74,127,142,8.53551
74,128,129,8.40351
74,128,143,14.73555
74,129,130,10.97212
74,129,144,12.61655
74,130,131,7.394
74,130,145,6.41259
74,131,132,7.394
74,131,146,6.06059
74,132,133,16.46409
74,132,147,16.27474
74,133,134,12.81247
74,133,148,7.394
74,134,149,8.53551
74,135,136,12.81247
74,135,150,10.0
74,136,137,6.41259
74,136,151,10.0
74,137,138,6.41259
74,137,152,6.16983
74,138,139,15.86503
74,138,153,14.34718
74,139,140,11.12523
74,139,154,10.0
74,140,141,11.12523
74,140,155,16.46409
74,141,142,7.25008
74,141,156,6.3008
74,142,143,10.97212
74,142,157,10.97212
74,143,144,14.17131
74,143,158,12.61655
74,144,145,15.86503
74,144,159,8.53551
74,145,146,12.81247
74,145,160,11.12523
74,146,147,12.45252
74,146,161,9.82909
74,147,148,8.82802
74,147,162,14.55713
74,148,149,14.73555
74,148,163,12.45252
74,149,164,8.40351
74,150,151,6.3008
74,150,165,8.53551
74,151,152,9.68616
74,151,166,6.3008
74,152,153,7.12991
74,152,167,11.12523
74,153,154,11.46385
74,153,168,8.69347
74,154,155,11.30819
74,154,169,10.97212
74,155,156,15.86503
74,155,170,14.73555
74,156,157,12.81247
74,156,171,10.97212
74,157,158,9.82909
74,157,172,10.97212
74,158,159,8.82802
74,158,173,7.25008
74,159,160,11.12523
74,159,174,12.97906
74,160,161,10.0
74,160,175,10.14548
74,161,162,6.06059
74,161,176,6.16983
74,162,163,8.40351
74,162,177,8.82802
74,163,164,10.0
74,163,178,7.12991
74,164,179,15.86503
74,165,166,8.40351
74,165,180,8.69347
74,166,167,16.46409
74,166,181,12.61655
74,167,168,12.61655
74,167,182,6.3008
74,168,169,16.46409
74,168,183,6.16983
74,169,170,14.73555
74,169,184,12.81247
74,170,171,10.97212
74,170,185,11.12523
74,171,172,11.46385
74,171,186,12.61655
74,172,173,12.61655
74,172,187,12.97906
74,173,174,14.34718
74,173,188,11.12523
74,174,175,8.69347
74,174,189,7.25008
74,175,176,16.46409
74,175,190,11.30819
74,176,177,8.53551
74,176,191,14.73555
74,177,178,9.82909
74,177,192,16.46409
74,178,179,12.81247
74,178,193,7.12991
74,179,194,10.97212
74,180,181,7.394
74,180,195,8.53551
74,181,182,16.46409
74,181,196,16.05183
74,182,183,6.06059
74,182,197,16.27474
74,183,184,16.46409
74,183,198,8.53551
74,184,185,8.53551
74,184,199,6.3008
74,185,186,14.55713
74,185,200,7.25008
74,186,187,10.0
74,186,201,16.05183
74,187,188,8.53551
74,187,202,11.30819
74,188,189,7.12991
74,188,203,7.394
74,189,190,16.05183
74,189,204,12.81247
74,190,191,10.0
74,190,205,6.16983
74,191,192,10.97212
74,191,206,8.40351
74,192,193,14.34718
74,192,207,15.86503
74,193,194,8.82802
74,193,208,16.46409
74,194,209,14.55713
74,195,196,14.34718
74,195,210,8.40351
74,196,197,8.40351
74,196,211,15.86503
74,197,198,16.46409
74,197,212,8.40351
74,198,199,11.46385
74,198,213,14.34718
74,199,200,7.394
74,199,214,14.73555
74,200,201,16.46409
74,200,215,6.41259
74,201,202,10.14548
74,201,216,16.05183
74,202,203,7.394
74,202,217,7.394
74,203,204,9.68616
74,203,218,10.97212
74,204,205,15.86503
74,204,219,12.45252
74,205,206,7.51672
74,205,220,16.05183
74,206,207,7.12991
74,206,221,8.69347
74,207,208,6.16983
74,207,222,14.55713
74,208,209,11.46385
74,208,223,16.05183
74,209,224,14.73555
74,210,211,8.53551
74,211,212,11.46385
74,212,213,7.25008
74,213,214,14.34718
74,214,215,8.53551
74,215,216,7.25008
74,216,217,16.05183
74,217,218,7.51672
74,218,219,9.68616
74,219,220,11.30819
74,220,221,8.40351
74,221,222,8.53551
74,222,223,12.45252
74,223,224,6.06059
75,0,1,5.90883
75,0,15,9.94374
75,1,2,5.09007
75,1,16,13.16552
75,2,3,5.09007
75,2,17,8.82552
75,3,4,5.64302
75,3,18,8.77306
75,4,5,5.64302
75,4,19,10.0
75,5,6,13.10009
75,5,20,10.0
75,6,7,8.82552
75,6,21,5.64302
75,7,8,8.3089
75,7,22,3.74719
75,8,9,8.35977
75,8,23,6.96277
75,9,10,15.77207
75,9,24,15.69997
75,10,11,13.10009
75,10,25,9.52871
75,11,12,8.77306
75,11,26,3.74719
75,12,13,10.0
75,12,27,9.94374
75,13,14,3.74719
75,13,28,8.82552
75,14,29,11.79334
75,15,16,13.16552
75,15,30,11.79334
75,16,17,11.73172
75,16,31,11.79334
75,17,18,3.77841
75,17,32,5.60263
75,18,19,5.95053
75,18,33,7.61067
75,19,20,8.3089
75,19,34,10.41522
75,20,21,11.73172
75,20,35,5.60263
75,21,22,5.64302
75,21,36,9.94374
75,22,23,7.25455
75,22,37,12.25961
75,23,24,5.09007
75,23,38,12.25961
75,24,25,8.35977
75,24,39,3.74719
75,25,26,10.0
75,25,40,13.16552
75,26,27,5.05217
75,26,41,10.35768
75,27,28,7.30161
75,27,42,6.96277
75,28,29,10.0
75,28,43,7.25455
75,29,44,10.35768
75,30,31,9.58365
75,30,45,9.58365
75,31,32,5.60263
75,31,46,7.25455
75,32,33,12.25961
75,32,47,9.58365
75,33,34,10.0
75,33,48,6.96277
75,34,35,7.25455
75,34,49,8.35977
75,35,36,8.77306
75,35,50,5.95053
75,36,37,3.74719
75,36,51,7.65905
75,37,38,6.91699
75,37,52,8.3089
75,38,39,6.91699
75,38,53,11.73172
75,39,40,10.41522
75,39,54,7.61067
75,40,41,13.10009
75,40,55,3.77841
75,41,42,10.41522
75,41,56,9.58365
75,42,43,5.05217
75,42,57,7.65905
75,43,44,13.16552
75,43,58,5.09007
75,44,59,3.74719
75,45,46,8.82552
75,45,60,6.96277
75,46,47,3.77841
75,46,61,9.94374
75,47,48,5.60263
75,47,62,7.61067
75,48,49,9.52871
75,48,63,6.96277
75,49,50,12.25961
75,49,64,8.77306
75,50,51,5.60263
75,50,65,10.41522
75,51,52,7.65905
75,51,66,7.25455
75,52,53,5.64302
75,52,67,6.96277
75,53,54,6.91699
75,53,68,5.95053
75,54,55,5.60263
75,54,69,15.69997
75,55,56,10.0
75,55,70,9.58365
75,56,57,3.74719
75,56,71,11.73172
75,57,58,5.09007
75,57,72,12.19668
75,58,59,15.77207
75,58,73,3.74719
75,59,74,5.95053
75,60,61,12.25961
75,60,75,12.25961
75,61,62,11.73172
75,61,76,5.90883
75,62,63,6.91699
75,62,77,8.35977
75,63,64,7.65905
75,63,78,8.3089
75,64,65,8.35977
75,64,79,13.16552
75,65,66,8.3089
75,65,80,11.73172
75,66,67,13.10009
75,66,81,6.96277
75,67,68,11.73172
75,67,82,5.64302
75,68,69,8.77306
75,68,83,5.60263
75,69,70,12.25961
75,69,84,3.77841
75,70,71,9.58365
75,70,85,10.0
75,71,72,12.19668
75,71,86,13.16552
75,72,73,10.35768
75,72,87,8.77306
75,73,74,10.41522
75,73,88,11.79334
75,74,89,5.64302
75,75,76,8.35977
75,75,90,8.82552
75,76,77,10.41522
75,76,91,5.64302
75,77,78,5.95053
75,77,92,8.3089
75,78,79,3.77841
75,78,93,5.09007
75,79,80,5.09007
75,79,94,7.25455
75,80,81,8.77306
75,80,95,3.74719
75,81,82,8.3089
75,81,96,8.82552
75,82,83,12.19668
75,82,97,8.3089
75,83,84,5.95053
75,83,98,9.58365
75,84,85,5.05217
75,84,99,10.41522
75,85,86,8.82552
75,85,100,6.96277
75,86,87,13.10009
75,86,101,15.69997
75,87,88,3.77841
75,87,102,10.41522
75,88,89,12.25961
75,88,103,12.19668
75,89,104,5.05217
75,90,91,5.64302
75,90,105,3.77841
75,91,92,5.90883
75,91,106,11.79334
75,92,93,9.94374
75,92,107,5.09007
75,93,94,9.94374
75,93,108,5.95053
75,94,95,5.09007
75,94,109,7.25455
75,95,96,9.58365
75,95,110,5.09007
75,96,97,5.05217
75,96,111,5.90883
75,97,98,6.96277
75,97,112,15.77207
75,98,99,13.10009
75,98,113,13.16552
75,99,100,8.77306
75,99,114,10.35768
75,100,101,8.35977
75,100,115,13.16552
75,101,102,13.10009
75,101,116,6.91699
75,102,103,5.60263
75,102,117,11.79334
75,103,104,3.77841
75,103,118,10.35768
75,104,119,12.19668
75,105,106,5.05217
75,105,120,10.0
75,106,107,5.09007
75,106,121,5.95053
75,107,108,5.64302
75,107,122,10.41522
75,108,109,9.52871
75,108,123,10.41522
75,109,110,7.65905
75,109,124,15.77207
75,110,111,7.61067
75,110,125,10.41522
75,111,112,3.74719
75,111,126,11.79334
75,112,113,8.35977
75,112,127,10.41522
75,113,114,12.25961
75,113,128,7.30161
75,114,115,8.77306
75,114,129,8.35977
75,115,116,13.10009
75,115,130,5.09007
75,116,117,8.82552
75,116,131,11.73172
75,117,118,12.19668
75,117,132,6.91699
75,118,119,7.61067
75,118,133,5.90883
75,119,134,10.0
75,120,121,8.77306
75,120,135,5.64302
75,121,122,8.77306
75,121,136,13.16552
75,122,123,9.52871
75,122,137,5.90883
75,123,124,3.77841
75,123,138,12.19668
75,124,125,10.0
75,124,139,5.05217
75,125,126,5.09007
75,125,140,8.35977
75,126,127,7.30161
75,126,141,9.52871
75,127,128,3.77841
75,127,142,15.69997
75,128,129,15.77207
75,128,143,7.61067
75,129,130,7.30161
75,129,144,5.60263
75,130,131,6.96277
75,130,145,8.77306
75,131,132,6.96277
75,131,146,11.79334
75,132,133,5.90883
75,132,147,5.95053
75,133,134,3.77841
75,133,148,6.96277
75,134,149,15.69997
75,135,136,3.77841
75,135,150,10.0
75,136,137,8.77306
75,136,151,10.0
75,137,138,8.77306
75,137,152,11.73172
75,138,139,8.35977
75,138,153,10.35768
75,139,140,7.25455
75,139,154,10.0
75,140,141,7.25455
75,140,155,5.90883
75,141,142,9.52871
75,141,156,8.82552
75,142,143,7.30161
75,142,157,7.30161
75,143,144,10.41522
75,143,158,5.60263
75,144,145,8.35977
75,144,159,15.69997
75,145,146,3.77841
75,145,160,7.25455
75,146,147,5.64302
75,146,161,13.10009
75,147,148,12.19668
75,147,162,7.65905
75,148,149,7.61067
75,148,163,5.64302
75,149,164,15.77207
75,150,151,8.82552
75,150,165,15.69997
75,151,152,13.16552
75,151,166,8.82552
75,152,153,9.58365
75,152,167,7.25455
75,153,154,5.05217
75,153,168,12.25961
75,154,155,5.09007
75,154,169,7.30161
75,155,156,8.35977
75,155,170,7.61067
75,156,157,3.77841
75,156,171,7.30161
75,157,158,13.10009
75,157,172,7.30161
75,158,159,12.19668
75,158,173,9.52871
75,159,160,7.25455
75,159,174,3.74719
75,160,161,10.0
75,160,175,9.94374
75,161,162,11.79334
75,161,176,11.73172
75,162,163,15.77207
75,162,177,12.19668
75,163,164,10.0
75,163,178,9.58365
75,164,179,8.35977
75,165,166,15.77207
75,165,180,12.25961
75,166,167,5.90883
75,166,181,5.60263
75,167,168,5.60263
75,167,182,8.82552
75,168,169,5.90883
75,168,183,11.73172
75,169,170,7.61067
75,169,184,3.77841
75,170,171,7.30161
75,170,185,7.25455
75,171,172,5.05217
75,171,186,5.60263
75,172,173,5.60263
75,172,187,3.74719
75,173,174,10.35768
75,173,188,7.25455
75,174,175,12.25961
75,174,189,9.52871
75,175,176,5.90883
75,175,190,5.09007
75,176,177,15.69997
75,176,191,7.61067
75,177,178,13.10009
75,177,192,5.90883
75,178,179,3.77841
75,178,193,9.58365
75,179,194,7.30161
75,180,181,6.96277
75,180,195,15.69997
75,181,182,5.90883
75,181,196,8.3089
75,182,183,11.79334
75,182,197,5.95053
75,183,184,5.90883
75,183,198,15.69997
75,184,185,15.69997
75,184,199,8.82552
75,185,186,7.65905
75,185,200,9.52871
75,186,187,10.0
75,186,201,8.3089
75,187,188,15.69997
75,187,202,5.09007
75,188,189,9.58365
75,188,203,6.96277
75,189,190,8.3089
75,189,204,3.77841
75,190,191,10.0
75,190,205,11.73172
75,191,192,7.30161
75,191,206,15.77207
75,192,193,10.35768
75,192,207,8.35977
75,193,194,12.19668
75,193,208,5.90883
75,194,209,7.65905
75,195,196,10.35768
75,195,210,15.77207
75,196,197,15.77207
75,196,211,8.35977
75,197,198,5.90883
75,197,212,15.77207
75,198,199,5.05217
75,198,213,10.35768
75,199,200,6.96277
75,199,214,7.61067
75,200,201,5.90883
75,200,215,8.77306
75,201,202,9.94374
75,201,216,8.3089
75,202,203,6.96277
75,202,217,6.96277
75,203,204,13.16552
75,203,218,7.30161
75,204,205,8.35977
75,204,219,5.64302
75,205,206,6.91699
75,205,220,8.3089
75,206,207,9.58365
75,206,221,12.25961
75,207,208,11.73172
75,207,222,7.65905
75,208,209,5.05217
75,208,223,8.3089
75,209,224,7.61067
75,210,211,15.69997
75,211,212,5.05217
75,212,213,9.52871
75,213,214,10.35768
75,214,215,15.69997
75,215,216,9.52871
75,216,217,8.3089
75,217,218,6.91699
75,218,219,13.16552
75,219,220,5.09007
75,220,221,15.77207
75,221,222,15.69997
75,222,223,5.64302
75,223,224,11.79334
76,0,1,10.13196
76,0,15,8.4767
76,1,2,10.45644
76,1,16,9.46874
76,2,3,10.45644
76,2,17,8.77057
76,3,4,9.92235
76,3,18,7.36012
76,4,5,9.92235
76,4,19,10.0
76,5,6,7.9932
76,5,20,10.0
76,6,7,8.77057
76,6,21,9.92235
76,7,8,9.59676
76,7,22,8.90327
76,8,9,11.22508
76,8,23,8.78054
76,9,10,9.45833
76,9,24,7.98374
76,10,11,7.9932
76,10,25,6.92352
76,11,12,7.36012
76,11,26,8.90327
76,12,13,10.0
76,12,27,8.4767
76,13,14,8.90327
76,13,28,8.77057
76,14,29,8.2775
76,15,16,9.46874
76,15,30,8.2775
76,16,17,6.91481
76,16,31,8.2775
76,17,18,10.46744
76,17,32,8.40594
76,18,19,11.80804
76,18,33,10.12115
76,19,20,9.59676
76,19,34,11.21365
76,20,21,6.91481
76,20,35,8.40594
76,21,22,9.92235
76,21,36,8.4767
76,22,23,8.39621
76,22,37,9.98927
76,23,24,10.45644
76,23,38,9.98927
76,24,25,11.22508
76,24,39,8.90327
76,25,26,10.0
76,25,40,9.46874
76,26,27,8.89322
76,26,41,9.58628
76,27,28,9.91167
76,27,42,8.78054
76,28,29,10.0
76,28,43,8.39621
76,29,44,9.58628
76,30,31,8.28715
76,30,45,8.28715
76,31,32,8.40594
76,31,46,8.39621
76,32,33,9.98927
76,32,47,8.28715
76,33,34,10.0
76,33,48,8.78054
76,34,35,8.39621
76,34,49,11.22508
76,35,36,7.36012
76,35,50,11.80804
76,36,37,8.90327
76,36,51,11.79628
76,37,38,7.36915
76,37,52,9.59676
76,38,39,7.36915
76,38,53,6.91481
76,39,40,11.21365
76,39,54,10.12115
76,40,41,7.9932
76,40,55,10.46744
76,41,42,11.21365
76,41,56,8.28715
76,42,43,8.89322
76,42,57,11.79628
76,43,44,9.46874
76,43,58,10.45644
76,44,59,8.90327
76,45,46,8.77057
76,45,60,8.78054
76,46,47,10.46744
76,46,61,8.4767
76,47,48,8.40594
76,47,62,10.12115
76,48,49,6.92352
76,48,63,8.78054
76,49,50,9.98927
76,49,64,7.36012
76,50,51,8.40594
76,50,65,11.21365
76,51,52,11.79628
76,51,66,8.39621
76,52,53,9.92235
76,52,67,8.78054
76,53,54,7.36915
76,53,68,11.80804
76,54,55,8.40594
76,54,69,7.98374
76,55,56,10.0
76,55,70,8.28715
76,56,57,8.90327
76,56,71,6.91481
76,57,58,10.45644
76,57,72,8.46692
76,58,59,9.45833
76,58,73,8.90327
76,59,74,11.80804
76,60,61,9.98927
76,60,75,9.98927
76,61,62,6.91481
76,61,76,10.13196
76,62,63,7.36915
76,62,77,11.22508
76,63,64,11.79628
76,63,78,9.59676
76,64,65,11.22508
76,64,79,9.46874
76,65,66,9.59676
76,65,80,6.91481
76,66,67,7.9932
76,66,81,8.78054
76,67,68,6.91481
76,67,82,9.92235
76,68,69,7.36012
76,68,83,8.40594
76,69,70,9.98927
76,69,84,10.46744
76,70,71,8.28715
76,70,85,10.0
76,71,72,8.46692
76,71,86,9.46874
76,72,73,9.58628
76,72,87,7.36012
76,73,74,11.21365
76,73,88,8.2775
76,74,89,9.92235
76,75,76,11.22508
76,75,90,8.77057
76,76,77,11.21365
76,76,91,9.92235
76,77,78,11.80804
76,77,92,9.59676
76,78,79,10.46744
76,78,93,10.45644
76,79,80,10.45644
76,79,94,8.39621
76,80,81,7.36012
76,80,95,8.90327
76,81,82,9.59676
76,81,96,8.77057
76,82,83,8.46692
76,82,97,9.59676
76,83,84,11.80804
76,83,98,8.28715
76,84,85,8.89322
76,84,99,11.21365
76,85,86,8.77057
76,85,100,8.78054
76,86,87,7.9932
76,86,101,7.98374
76,87,88,10.46744
76,87,102,11.21365
76,88,89,9.98927
76,88,103,8.46692
76,89,104,8.89322
76,90,91,9.92235
76,90,105,10.46744
76,91,92,10.13196
76,91,106,8.2775
76,92,93,8.4767
76,92,107,10.45644
76,93,94,8.4767
76,93,108,11.80804
76,94,95,10.45644
76,94,109,8.39621
76,95,96,8.28715
76,95,110,10.45644
76,96,97,8.89322
76,96,111,10.13196
76,97,98,8.78054
76,97,112,9.45833
76,98,99,7.9932
76,98,113,9.46874
76,99,100,7.36012
76,99,114,9.58628
76,100,101,11.22508
76,100,115,9.46874
76,101,102,7.9932
76,101,116,7.36915
76,102,103,8.40594
76,102,117,8.2775
76,103,104,10.46744
76,103,118,9.58628
76,104,119,8.46692
76,105,106,8.89322
76,105,120,10.0
76,106,107,10.45644
76,106,121,11.80804
76,107,108,9.92235
76,107,122,11.21365
76,108,109,6.92352
76,108,123,11.21365
76,109,110,11.79628
76,109,124,9.45833
76,110,111,10.12115
76,110,125,11.21365
76,111,112,8.90327
76,111,126,8.2775
76,112,113,11.22508
76,112,127,11.21365
76,113,114,9.98927
76,113,128,9.91167
76,114,115,7.36012
76,114,129,11.22508
76,115,116,7.9932
76,115,130,10.45644
76,116,117,8.77057
76,116,131,6.91481
76,117,118,8.46692
76,117,132,7.36915
76,118,119,10.12115
76,118,133,10.13196
76,119,134,10.0
76,120,121,7.36012
76,120,135,9.92235
76,121,122,7.36012
76,121,136,9.46874
76,122,123,6.92352
76,122,137,10.13196
76,123,124,10.46744
76,123,138,8.46692
76,124,125,10.0
76,124,139,8.89322
76,125,126,10.45644
76,125,140,11.22508
76,126,127,9.91167
76,126,141,6.92352
76,127,128,10.46744
76,127,142,7.98374
76,128,129,9.45833
76,128,143,10.12115
76,129,130,9.91167
76,129,144,8.40594
76,130,131,8.78054
76,130,145,7.36012
76,131,132,8.78054
76,131,146,8.2775
76,132,133,10.13196
76,132,147,11.80804
76,133,134,10.46744
76,133,148,8.78054
76,134,149,7.98374
76,135,136,10.46744
76,135,150,10.0
76,136,137,7.36012
76,136,151,10.0
76,137,138,7.36012
76,137,152,6.91481
76,138,139,11.22508
76,138,153,9.58628
76,139,140,8.39621
76,139,154,10.0
76,140,141,8.39621
76,140,155,10.13196
76,141,142,6.92352
76,141,156,8.77057
76,142,143,9.91167
76,142,157,9.91167
76,143,144,11.21365
76,143,158,8.40594
76,144,145,11.22508
76,144,159,7.98374
76,145,146,10.46744
76,145,160,8.39621
76,146,147,9.92235
76,146,161,7.9932
76,147,148,8.46692
76,147,162,11.79628
76,148,149,10.12115
76,148,163,9.92235
76,149,164,9.45833
76,150,151,8.77057
76,150,165,7.98374
76,151,152,9.46874
76,151,166,8.77057
76,152,153,8.28715
76,152,167,8.39621
76,153,154,8.89322
76,153,168,9.98927
76,154,155,10.45644
76,154,169,9.91167
76,155,156,11.22508
76,155,170,10.12115
76,156,157,10.46744
76,156,171,9.91167
76,157,158,7.9932
76,157,172,9.91167
76,158,159,8.46692
76,158,173,6.92352
76,159,160,8.39621
76,159,174,8.90327
76,160,161,10.0
76,160,175,8.4767
76,161,162,8.2775
76,161,176,6.91481
76,162,163,9.45833
76,162,177,8.46692
76,163,164,10.0
76,163,178,8.28715
76,164,179,11.22508
76,165,166,9.45833
76,165,180,9.98927
76,166,167,10.13196
76,166,181,8.40594
76,167,168,8.40594
76,167,182,8.77057
76,168,169,10.13196
76,168,183,6.91481
76,169,170,10.12115
76,169,184,10.46744
76,170,171,9.91167
76,170,185,8.39621
76,171,172,8.89322
76,171,186,8.40594
76,172,173,8.40594
76,172,187,8.90327
76,173,174,9.58628
76,173,188,8.39621
76,174,175,9.98927
76,174,189,6.92352
76,175,176,10.13196
76,175,190,10.45644
76,176,177,7.98374
76,176,191,10.12115
76,177,178,7.9932
76,177,192,10.13196
76,178,179,10.46744
76,178,193,8.28715
76,179,194,9.91167
76,180,181,8.78054
76,180,195,7.98374
76,181,182,10.13196
76,181,196,9.59676
76,182,183,8.2775
76,182,197,11.80804
76,183,184,10.13196
76,183,198,7.98374
76,184,185,7.98374
76,184,199,8.77057
76,185,186,11.79628
76,185,200,6.92352
76,186,187,10.0
76,186,201,9.59676
76,187,188,7.98374
76,187,202,10.45644
76,188,189,8.28715
76,188,203,8.78054
76,189,190,9.59676
76,189,204,10.46744
76,190,191,10.0
76,190,205,6.91481
76,191,192,9.91167
76,191,206,9.45833
76,192,193,9.58628
76,192,207,11.22508
76,193,194,8.46692
76,193,208,10.13196
76,194,209,11.79628
76,195,196,9.58628
76,195,210,9.45833
76,196,197,9.45833
76,196,211,11.22508
76,197,198,10.13196
76,197,212,9.45833
76,198,199,8.89322
76,198,213,9.58628
76,199,200,8.78054
76,199,214,10.12115
76,200,201,10.13196
76,200,215,7.36012
76,201,202,8.4767
76,201,216,9.59676
76,202,203,8.78054
76,202,217,8.78054
76,203,204,9.46874
76,203,218,9.91167
76,204,205,11.22508
76,204,219,9.92235
76,205,206,7.36915
76,205,220,9.59676
76,206,207,8.28715
76,206,221,9.98927
76,207,208,6.91481
76,207,222,11.79628
76,208,209,8.89322
76,208,223,9.59676
76,209,224,10.12115
76,210,211,7.98374
76,211,212,8.89322
76,212,213,6.92352
76,213,214,9.58628
76,214,215,7.98374
76,215,216,6.92352
76,216,217,9.59676
76,217,218,7.36915
76,218,219,9.46874
76,219,220,10.45644
76,220,221,9.45833
76,221,222,7.98374
76,222,223,9.92235
76,223,224,8.2775
77,0,1,13.22174
77,0,15,13.7527
77,1,2,7.80759
77,1,16,12.99454
77,2,3,7.80759
77,2,17,8.20529
77,3,4,9.78132
77,3,18,11.59736
77,4,5,9.78132
77,4,19,10.0
77,5,6,17.27642
77,5,20,10.0
77,6,7,8.20529
77,6,21,9.78132
77,7,8,16.67584
77,7,22,10.4317
77,8,9,12.47977
77,8,23,7.63138
77,9,10,13.76228
77,9,24,18.1688
77,10,11,17.27642
77,10,25,14.02887
77,11,12,11.59736
77,11,26,10.4317
77,12,13,10.0
77,12,27,13.7527
77,13,14,10.4317
77,13,28,8.20529
77,14,29,10.90726
77,15,16,12.99454
77,15,30,10.90726
77,16,17,14.82852
77,16,31,10.90726
77,17,18,7.25008
77,17,32,13.49213
77,18,19,9.55485
77,18,33,13.9966
77,19,20,16.67584
77,19,34,13.23112
77,20,21,14.82852
77,20,35,13.49213
77,21,22,9.78132
77,21,36,13.7527
77,22,23,14.27539
77,22,37,10.66663
77,23,24,7.80759
77,23,38,10.66663
77,24,25,12.47977
77,24,39,10.4317
77,25,26,10.0
77,25,40,12.99454
77,26,27,11.11384
77,26,41,17.55182
77,27,28,10.43994
77,27,42,7.63138
77,28,29,10.0
77,28,43,14.27539
77,29,44,17.55182
77,30,31,10.23224
77,30,45,10.23224
77,31,32,13.49213
77,31,46,14.27539
77,32,33,10.66663
77,32,47,10.23224
77,33,34,10.0
77,33,48,7.63138
77,34,35,14.27539
77,34,49,12.47977
77,35,36,11.59736
77,35,50,9.55485
77,36,37,10.4317
77,36,51,10.20508
77,37,38,10.89882
77,37,52,16.67584
77,38,39,10.89882
77,38,53,14.82852
77,39,40,13.23112
77,39,54,13.9966
77,40,41,17.27642
77,40,55,7.25008
77,41,42,13.23112
77,41,56,10.23224
77,42,43,11.11384
77,42,57,10.20508
77,43,44,12.99454
77,43,58,7.80759
77,44,59,10.4317
77,45,46,8.20529
77,45,60,7.63138
77,46,47,7.25008
77,46,61,13.7527
77,47,48,13.49213
77,47,62,13.9966
77,48,49,14.02887
77,48,63,7.63138
77,49,50,10.66663
77,49,64,11.59736
77,50,51,13.49213
77,50,65,13.23112
77,51,52,10.20508
77,51,66,14.27539
77,52,53,9.78132
77,52,67,7.63138
77,53,54,10.89882
77,53,68,9.55485
77,54,55,13.49213
77,54,69,18.1688
77,55,56,10.0
77,55,70,10.23224
77,56,57,10.4317
77,56,71,14.82852
77,57,58,7.80759
77,57,72,14.54396
77,58,59,13.76228
77,58,73,10.4317
77,59,74,9.55485
77,60,61,10.66663
77,60,75,10.66663
77,61,62,14.82852
77,61,76,13.22174
77,62,63,10.89882
77,62,77,12.47977
77,63,64,10.20508
77,63,78,16.67584
77,64,65,12.47977
77,64,79,12.99454
77,65,66,16.67584
77,65,80,14.82852
77,66,67,17.27642
77,66,81,7.63138
77,67,68,14.82852
77,67,82,9.78132
77,68,69,11.59736
77,68,83,13.49213
77,69,70,10.66663
77,69,84,7.25008
77,70,71,10.23224
77,70,85,10.0
77,71,72,14.54396
77,71,86,12.99454
77,72,73,17.55182
77,72,87,11.59736
77,73,74,13.23112
77,73,88,10.90726
77,74,89,9.78132
77,75,76,12.47977
77,75,90,8.20529
77,76,77,13.23112
77,76,91,9.78132
77,77,78,9.55485
77,77,92,16.67584
77,78,79,7.25008
77,78,93,7.80759
77,79,80,7.80759
77,79,94,14.27539
77,80,81,11.59736
77,80,95,10.4317
77,81,82,16.67584
77,81,96,8.20529
77,82,83,14.54396
77,82,97,16.67584
77,83,84,9.55485
77,83,98,10.23224
77,84,85,11.11384
77,84,99,13.23112
77,85,86,8.20529
77,85,100,7.63138
77,86,87,17.27642
77,86,101,18.1688
77,87,88,7.25008
77,87,102,13.23112
77,88,89,10.66663
77,88,103,14.54396
77,89,104,11.11384
77,90,91,9.78132
77,90,105,7.25008
77,91,92,13.22174
77,91,106,10.90726
77,92,93,13.7527
77,92,107,7.80759
77,93,94,13.7527
77,93,108,9.55485
77,94,95,7.80759
77,94,109,14.27539
77,95,96,10.23224
77,95,110,7.80759
77,96,97,11.11384
77,96,111,13.22174
77,97,98,7.63138
77,97,112,13.76228
77,98,99,17.27642
77,98,113,12.99454
77,99,100,11.59736
77,99,114,17.55182
77,100,101,12.47977
77,100,115,12.99454
77,101,102,17.27642
77,101,116,10.89882
77,102,103,13.49213
77,102,117,10.90726
77,103,104,7.25008
77,103,118,17.55182
77,104,119,14.54396
77,105,106,11.11384
77,105,120,10.0
77,106,107,7.80759
77,106,121,9.55485
77,107,108,9.78132
77,107,122,13.23112
77,108,109,14.02887
77,108,123,13.23112
77,109,110,10.20508
77,109,124,13.76228
77,110,111,13.9966
77,110,125,13.23112
77,111,112,10.4317
77,111,126,10.90726
77,112,113,12.47977
77,112,127,13.23112
77,113,114,10.66663
77,113,128,10.43994
77,114,115,11.59736
77,114,129,12.47977
77,115,116,17.27642
77,115,130,7.80759
77,116,117,8.20529
77,116,131,14.82852
77,117,118,14.54396
77,117,132,10.89882
77,118,119,13.9966
77,118,133,13.22174
77,119,134,10.0
77,120,121,11.59736
77,120,135,9.78132
77,121,122,11.59736
77,121,136,12.99454
77,122,123,14.02887
77,122,137,13.22174
77,123,124,7.25008
77,123,138,14.54396
77,124,125,10.0
77,124,139,11.11384
77,125,126,7.80759
77,125,140,12.47977
77,126,127,10.43994
77,126,141,14.02887
77,127,128,7.25008
77,127,142,18.1688
77,128,129,13.76228
77,128,143,13.9966
77,129,130,10.43994
77,129,144,13.49213
77,130,131,7.63138
77,130,145,11.59736
77,131,132,7.63138
77,131,146,10.90726
77,132,133,13.22174
77,132,147,9.55485
77,133,134,7.25008
77,133,148,7.63138
77,134,149,18.1688
77,135,136,7.25008
77,135,150,10.0
77,136,137,11.59736
77,136,151,10.0
77,137,138,11.59736
77,137,152,14.82852
77,138,139,12.47977
77,138,153,17.55182
77,139,140,14.27539
77,139,154,10.0
77,140,141,14.27539
77,140,155,13.22174
77,141,142,14.02887
77,141,156,8.20529
77,142,143,10.43994
77,142,157,10.43994
77,143,144,13.23112
77,143,158,13.49213
77,144,145,12.47977
77,144,159,18.1688
77,145,146,7.25008
77,145,160,14.27539
77,146,147,9.78132
77,146,161,17.27642
77,147,148,14.54396
77,147,162,10.20508
77,148,149,13.9966
77,148,163,9.78132
77,149,164,13.76228
77,150,151,8.20529
77,150,165,18.1688
77,151,152,12.99454
77,151,166,8.20529
77,152,153,10.23224
77,152,167,14.27539
77,153,154,11.11384
77,153,168,10.66663
77,154,155,7.80759
77,154,169,10.43994
77,155,156,12.47977
77,155,170,13.9966
77,156,157,7.25008
77,156,171,10.43994
77,157,158,17.27642
77,157,172,10.43994
77,158,159,14.54396
77,158,173,14.02887
77,159,160,14.27539
77,159,174,10.4317
77,160,161,10.0
77,160,175,13.7527
77,161,162,10.90726
77,161,176,14.82852
77,162,163,13.76228
77,162,177,14.54396
77,163,164,10.0
77,163,178,10.23224
77,164,179,12.47977
77,165,166,13.76228
77,165,180,10.66663
77,166,167,13.22174
77,166,181,13.49213
77,167,168,13.49213
77,167,182,8.20529
77,168,169,13.22174
77,168,183,14.82852
77,169,170,13.9966
77,169,184,7.25008
77,170,171,10.43994
77,170,185,14.27539
77,171,172,11.11384
77,171,186,13.49213
77,172,173,13.49213
77,172,187,10.4317
77,173,174,17.55182
77,173,188,14.27539
77,174,175,10.66663
77,174,189,14.02887
77,175,176,13.22174
77,175,190,7.80759
77,176,177,18.1688
77,176,191,13.9966
77,177,178,17.27642
77,177,192,13.22174
77,178,179,7.25008
77,178,193,10.23224
77,179,194,10.43994
77,180,181,7.63138
77,180,195,18.1688
77,181,182,13.22174
77,181,196,16.67584
77,182,183,10.90726
77,182,197,9.55485
77,183,184,13.22174
77,183,198,18.1688
77,184,185,18.1688
77,184,199,8.20529
77,185,186,10.20508
77,185,200,14.02887
77,186,187,10.0
77,186,201,16.67584
77,187,188,18.1688
77,187,202,7.80759
77,188,189,10.23224
77,188,203,7.63138
77,189,190,16.67584
77,189,204,7.25008
77,190,191,10.0
77,190,205,14.82852
77,191,192,10.43994
77,191,206,13.76228
77,192,193,17.55182
77,192,207,12.47977
77,193,194,14.54396
77,193,208,13.22174
77,194,209,10.20508
77,195,196,17.55182
77,195,210,13.76228
77,196,197,13.76228
77,196,211,12.47977
77,197,198,13.22174
77,197,212,13.76228
77,198,199,11.11384
77,198,213,17.55182
77,199,200,7.63138
77,199,214,13.9966
77,200,201,13.22174
77,200,215,11.59736
77,201,202,13.7527
77,201,216,16.67584
77,202,203,7.63138
77,202,217,7.63138
77,203,204,12.99454
77,203,218,10.43994
77,204,205,12.47977
77,204,219,9.78132
77,205,206,10.89882
77,205,220,16.67584
77,206,207,10.23224
77,206,221,10.66663
77,207,208,14.82852
77,207,222,10.20508
77,208,209,11.11384
77,208,223,16.67584
77,209,224,13.9966
77,210,211,18.1688
77,211,212,11.11384
77,212,213,14.02887
77,213,214,17.55182
77,214,215,18.1688
77,215,216,14.02887
77,216,217,16.67584
77,217,218,10.89882
77,218,219,12.99454
77,219,220,7.80759
77,220,221,13.76228
77,221,222,18.1688
77,222,223,9.78132
77,223,224,10.90726
78,0,1,9.54701
78,0,15,8.76309
78,1,2,11.4899
78,1,16,6.37312
78,2,3,11.4899
78,2,17,10.61941
78,3,4,6.31935
78,3,18,9.3391
78,4,5,6.31935
78,4,19,10.0
78,5,6,5.42779
78,5,20,10.0
78,6,7,10.61941
78,6,21,6.31935
78,7,8,6.02444
78,7,22,8.69843
78,8,9,7.02847
78,8,23,9.12865
78,9,10,7.59688
78,9,24,6.54447
78,10,11,5.42779
78,10,25,4.82323
78,11,12,9.3391
78,11,26,8.69843
78,12,13,10.0
78,12,27,8.76309
78,13,14,8.69843
78,13,28,10.61941
78,14,29,6.85406
78,15,16,6.37312
78,15,30,6.85406
78,16,17,5.86533
78,16,31,6.85406
78,17,18,9.93037
78,17,32,5.37899
78,18,19,10.84262
78,18,33,11.07406
78,19,20,6.02444
78,19,34,8.32099
78,20,21,5.86533
78,20,35,5.37899
78,21,22,6.31935
78,21,36,8.76309
78,22,23,6.48985
78,22,37,11.56536
78,23,24,11.4899
78,23,38,11.56536
78,24,25,7.02847
78,24,39,8.69843
78,25,26,10.0
78,25,40,6.37312
78,26,27,10.15089
78,26,41,7.20989
78,27,28,7.53728
78,27,42,9.12865
78,28,29,10.0
78,28,43,6.48985
78,29,44,7.20989
78,30,31,5.7049
78,30,45,5.7049
78,31,32,5.37899
78,31,46,6.48985
78,32,33,11.56536
78,32,47,5.7049
78,33,34,10.0
78,33,48,9.12865
78,34,35,6.48985
78,34,49,7.02847
78,35,36,9.3391
78,35,50,10.84262
78,36,37,8.69843
78,36,51,12.47674
78,37,38,7.9554
78,37,52,6.02444
78,38,39,7.9554
78,38,53,5.86533
78,39,40,8.32099
78,39,54,11.07406
78,40,41,5.42779
78,40,55,9.93037
78,41,42,8.32099
78,41,56,5.7049
78,42,43,10.15089
78,42,57,12.47674
78,43,44,6.37312
78,43,58,11.4899
78,44,59,8.69843
78,45,46,10.61941
78,45,60,9.12865
78,46,47,9.93037
78,46,61,8.76309
78,47,48,5.37899
78,47,62,11.07406
78,48,49,4.82323
78,48,63,9.12865
78,49,50,11.56536
78,49,64,9.3391
78,50,51,5.37899
78,50,65,8.32099
78,51,52,12.47674
78,51,66,6.48985
78,52,53,6.31935
78,52,67,9.12865
78,53,54,7.9554
78,53,68,10.84262
78,54,55,5.37899
78,54,69,6.54447
78,55,56,10.0
78,55,70,5.7049
78,56,57,8.69843
78,56,71,5.86533
78,57,58,11.4899
78,57,72,10.22137
78,58,59,7.59688
78,58,73,8.69843
78,59,74,10.84262
78,60,61,11.56536
78,60,75,11.56536
78,61,62,5.86533
78,61,76,9.54701
78,62,63,7.9554
78,62,77,7.02847
78,63,64,12.47674
78,63,78,6.02444
78,64,65,7.02847
78,64,79,6.37312
78,65,66,6.02444
78,65,80,5.86533
78,66,67,5.42779
78,66,81,9.12865
78,67,68,5.86533
78,67,82,6.31935
78,68,69,9.3391
78,68,83,5.37899
78,69,70,11.56536
78,69,84,9.93037
78,70,71,5.7049
78,70,85,10.0
78,71,72,10.22137
78,71,86,6.37312
78,72,73,7.20989
78,72,87,9.3391
78,73,74,8.32099
78,73,88,6.85406
78,74,89,6.31935
78,75,76,7.02847
78,75,90,10.61941
78,76,77,8.32099
78,76,91,6.31935
78,77,78,10.84262
78,77,92,6.02444
78,78,79,9.93037
78,78,93,11.4899
78,79,80,11.4899
78,79,94,6.48985
78,80,81,9.3391
78,80,95,8.69843
78,81,82,6.02444
78,81,96,10.61941
78,82,83,10.22137
78,82,97,6.02444
78,83,84,10.84262
78,83,98,5.7049
78,84,85,10.15089
78,84,99,8.32099
78,85,86,10.61941
78,85,100,9.12865
78,86,87,5.42779
78,86,101,6.54447
78,87,88,9.93037
78,87,102,8.32099
78,88,89,11.56536
78,88,103,10.22137
78,89,104,10.15089
78,90,91,6.31935
78,90,105,9.93037
78,91,92,9.54701
78,91,106,6.85406
78,92,93,8.76309
78,92,107,11.4899
78,93,94,8.76309
78,93,108,10.84262
78,94,95,11.4899
78,94,109,6.48985
78,95,96,5.7049
78,95,110,11.4899
78,96,97,10.15089
78,96,111,9.54701
78,97,98,9.12865
78,97,112,7.59688
78,98,99,5.42779
78,98,113,6.37312
78,99,100,9.3391
78,99,114,7.20989
78,100,101,7.02847
78,100,115,6.37312
78,101,102,5.42779
78,101,116,7.9554
78,102,103,5.37899
78,102,117,6.85406
78,103,104,9.93037
78,103,118,7.20989
78,104,119,10.22137
78,105,106,10.15089
78,105,120,10.0
78,106,107,11.4899
78,106,121,10.84262
78,107,108,6.31935
78,107,122,8.32099
78,108,109,4.82323
78,108,123,8.32099
78,109,110,12.47674
78,109,124,7.59688
78,110,111,11.07406
78,110,125,8.32099
78,111,112,8.69843
78,111,126,6.85406
78,112,113,7.02847
78,112,127,8.32099
78,113,114,11.56536
78,113,128,7.53728
78,114,115,9.3391
78,114,129,7.02847
78,115,116,5.42779
78,115,130,11.4899
78,116,117,10.61941
78,116,131,5.86533
78,117,118,10.22137
78,117,132,7.9554
78,118,119,11.07406
78,118,133,9.54701
78,119,134,10.0
78,120,121,9.3391
78,120,135,6.31935
78,121,122,9.3391
78,121,136,6.37312
78,122,123,4.82323
78,122,137,9.54701
78,123,124,9.93037
78,123,138,10.22137
78,124,125,10.0
78,124,139,10.15089
78,125,126,11.4899
78,125,140,7.02847
78,126,127,7.53728
78,126,141,4.82323
78,127,128,9.93037
78,127,142,6.54447
78,128,129,7.59688
78,128,143,11.07406
78,129,130,7.53728
78,129,144,5.37899
78,130,131,9.12865
78,130,145,9.3391
78,131,132,9.12865
78,131,146,6.85406
78,132,133,9.54701
78,132,147,10.84262
78,133,134,9.93037
78,133,148,9.12865
78,134,149,6.54447
78,135,136,9.93037
78,135,150,10.0
78,136,137,9.3391
78,136,151,10.0
78,137,138,9.3391
78,137,152,5.86533
78,138,139,7.02847
78,138,153,7.20989
78,139,140,6.48985
78,139,154,10.0
78,140,141,6.48985
78,140,155,9.54701
78,141,142,4.82323
78,141,156,10.61941
78,142,143,7.53728
78,142,157,7.53728
78,143,144,8.32099
78,143,158,5.37899
78,144,145,7.02847
78,144,159,6.54447
78,145,146,9.93037
78,145,160,6.48985
78,146,147,6.31935
78,146,161,5.42779
78,147,148,10.22137
78,147,162,12.47674
78,148,149,11.07406
78,148,163,6.31935
78,149,164,7.59688
78,150,151,10.61941
78,150,165,6.54447
78,151,152,6.37312
78,151,166,10.61941
78,152,153,5.7049
78,152,167,6.48985
78,153,154,10.15089
78,153,168,11.56536
78,154,155,11.4899
78,154,169,7.53728
78,155,156,7.02847
78,155,170,11.07406
78,156,157,9.93037
78,156,171,7.53728
78,157,158,5.42779
78,157,172,7.53728
78,158,159,10.22137
78,158,173,4.82323
78,159,160,6.48985
78,159,174,8.69843
78,160,161,10.0
78,160,175,8.76309
78,161,162,6.85406
78,161,176,5.86533
78,162,163,7.59688
78,162,177,10.22137
78,163,164,10.0
78,163,178,5.7049
78,164,179,7.02847
78,165,166,7.59688
78,165,180,11.56536
78,166,167,9.54701
78,166,181,5.37899
78,167,168,5.37899
78,167,182,10.61941
78,168,169,9.54701
78,168,183,5.86533
78,169,170,11.07406
78,169,184,9.93037
78,170,171,7.53728
78,170,185,6.48985
78,171,172,10.15089
78,171,186,5.37899
78,172,173,5.37899
78,172,187,8.69843
78,173,174,7.20989
78,173,188,6.48985
78,174,175,11.56536
78,174,189,4.82323
78,175,176,9.54701
78,175,190,11.4899
78,176,177,6.54447
78,176,191,11.07406
78,177,178,5.42779
78,177,192,9.54701
78,178,179,9.93037
78,178,193,5.7049
78,179,194,7.53728
78,180,181,9.12865
78,180,195,6.54447
78,181,182,9.54701
78,181,196,6.02444
78,182,183,6.85406
78,182,197,10.84262
78,183,184,9.54701
78,183,198,6.54447
78,184,185,6.54447
78,184,199,10.61941
78,185,186,12.47674
78,185,200,4.82323
78,186,187,10.0
78,186,201,6.02444
78,187,188,6.54447
78,187,202,11.4899
78,188,189,5.7049
78,188,203,9.12865
78,189,190,6.02444
78,189,204,9.93037
78,190,191,10.0
78,190,205,5.86533
78,191,192,7.53728
78,191,206,7.59688
78,192,193,7.20989
78,192,207,7.02847
78,193,194,10.22137
78,193,208,9.54701
78,194,209,12.47674
78,195,196,7.20989
78,195,210,7.59688
78,196,197,7.59688
78,196,211,7.02847
78,197,198,9.54701
78,197,212,7.59688
78,198,199,10.15089
78,198,213,7.20989
78,199,200,9.12865
78,199,214,11.07406
78,200,201,9.54701
78,200,215,9.3391
78,201,202,8.76309
78,201,216,6.02444
78,202,203,9.12865
78,202,217,9.12865
78,203,204,6.37312
78,203,218,7.53728
78,204,205,7.02847
78,204,219,6.31935
78,205,206,7.9554
78,205,220,6.02444
78,206,207,5.7049
78,206,221,11.56536
78,207,208,5.86533
78,207,222,12.47674
78,208,209,10.15089
78,208,223,6.02444
78,209,224,11.07406
78,210,211,6.54447
78,211,212,10.15089
78,212,213,4.82323
78,213,214,7.20989
78,214,215,6.54447
78,215,216,4.82323
78,216,217,6.02444
78,217,218,7.9554
78,218,219,6.37312
78,219,220,11.4899
78,220,221,7.59688
78,221,222,6.54447
78,222,223,6.31935
78,223,224,6.85406
79,0,1,10.86227
79,0,15,11.46385
79,1,2,4.02829
79,1,16,8.57238
79,2,3,4.02829
79,2,17,4.36562
79,3,4,5.58538
79,3,18,5.2822
79,4,5,5.58538
79,4,19,10.0
79,5,6,9.91968
79,5,20,10.0
79,6,7,4.36562
79,6,21,5.58538
79,7,8,9.36495
79,7,22,7.88716
79,8,9,8.06196
79,8,23,7.16984
79,9,10,5.42026
79,9,24,6.46264
79,10,11,9.91968
79,10,25,7.10337
79,11,12,5.2822
79,11,26,7.88716
79,12,13,10.0
79,12,27,11.46385
79,13,14,7.88716
79,13,28,4.36562
79,14,29,3.51653
79,15,16,8.57238
79,15,30,3.51653
79,16,17,4.31657
79,16,31,3.51653
79,17,18,6.70997
79,17,32,6.64603
79,18,19,9.44273
79,18,33,7.20543
79,19,20,9.36495
79,19,34,5.03239
79,20,21,4.31657
79,20,35,6.64603
79,21,22,5.58538
79,21,36,11.46385
79,22,23,3.98178
79,22,37,6.52554
79,23,24,4.02829
79,23,38,6.52554
79,24,25,8.06196
79,24,39,7.88716
79,25,26,10.0
79,25,40,8.57238
79,26,27,4.90057
79,26,41,6.03045
79,27,28,3.22605
79,27,42,7.16984
79,28,29,10.0
79,28,43,3.98178
79,29,44,6.03045
79,30,31,5.99841
79,30,45,5.99841
79,31,32,6.64603
79,31,46,3.98178
79,32,33,6.52554
79,32,47,5.99841
79,33,34,10.0
79,33,48,7.16984
79,34,35,3.98178
79,34,49,8.06196
79,35,36,5.2822
79,35,50,9.44273
79,36,37,7.88716
79,36,51,6.09082
79,37,38,8.39134
79,37,52,9.36495
79,38,39,8.39134
79,38,53,4.31657
79,39,40,5.03239
79,39,54,7.20543
79,40,41,9.91968
79,40,55,6.70997
79,41,42,5.03239
79,41,56,5.99841
79,42,43,4.90057
79,42,57,6.09082
79,43,44,8.57238
79,43,58,4.02829
79,44,59,7.88716
79,45,46,4.36562
79,45,60,7.16984
79,46,47,6.70997
79,46,61,11.46385
79,47,48,6.64603
79,47,62,7.20543
79,48,49,7.10337
79,48,63,7.16984
79,49,50,6.52554
79,49,64,5.2822
79,50,51,6.64603
79,50,65,5.03239
79,51,52,6.09082
79,51,66,3.98178
79,52,53,5.58538
79,52,67,7.16984
79,53,54,8.39134
79,53,68,9.44273
79,54,55,6.64603
79,54,69,6.46264
79,55,56,10.0
79,55,70,5.99841
79,56,57,7.88716
79,56,71,4.31657
79,57,58,4.02829
79,57,72,7.68446
79,58,59,5.42026
79,58,73,7.88716
79,59,74,9.44273
79,60,61,6.52554
79,60,75,6.52554
79,61,62,4.31657
79,61,76,10.86227
79,62,63,8.39134
79,62,77,8.06196
79,63,64,6.09082
79,63,78,9.36495
79,64,65,8.06196
79,64,79,8.57238
79,65,66,9.36495
79,65,80,4.31657
79,66,67,9.91968
79,66,81,7.16984
79,67,68,4.31657
79,67,82,5.58538
79,68,69,5.2822
79,68,83,6.64603
79,69,70,6.52554
79,69,84,6.70997
79,70,71,5.99841
79,70,85,10.0
79,71,72,7.68446
79,71,86,8.57238
79,72,73,6.03045
79,72,87,5.2822
79,73,74,5.03239
79,73,88,3.51653
79,74,89,5.58538
79,75,76,8.06196
79,75,90,4.36562
79,76,77,5.03239
79,76,91,5.58538
79,77,78,9.44273
79,77,92,9.36495
79,78,79,6.70997
79,78,93,4.02829
79,79,80,4.02829
79,79,94,3.98178
79,80,81,5.2822
79,80,95,7.88716
79,81,82,9.36495
79,81,96,4.36562
79,82,83,7.68446
79,82,97,9.36495
79,83,84,9.44273
79,83,98,5.99841
79,84,85,4.90057
79,84,99,5.03239
79,85,86,4.36562
79,85,100,7.16984
79,86,87,9.91968
79,86,101,6.46264
79,87,88,6.70997
79,87,102,5.03239
79,88,89,6.52554
79,88,103,7.68446
79,89,104,4.90057
79,90,91,5.58538
79,90,105,6.70997
79,91,92,10.86227
79,91,106,3.51653
79,92,93,11.46385
79,92,107,4.02829
79,93,94,11.46385
79,93,108,9.44273
79,94,95,4.02829
79,94,109,3.98178
79,95,96,5.99841
79,95,110,4.02829
79,96,97,4.90057
79,96,111,10.86227
79,97,98,7.16984
79,97,112,5.42026
79,98,99,9.91968
79,98,113,8.57238
79,99,100,5.2822
79,99,114,6.03045
79,100,101,8.06196
79,100,115,8.57238
79,101,102,9.91968
79,101,116,8.39134
79,102,103,6.64603
79,102,117,3.51653
79,103,104,6.70997
79,103,118,6.03045
79,104,119,7.68446
79,105,106,4.90057
79,105,120,10.0
79,106,107,4.02829
79,106,121,9.44273
79,107,108,5.58538
79,107,122,5.03239
79,108,109,7.10337
79,108,123,5.03239
79,109,110,6.09082
79,109,124,5.42026
79,110,111,7.20543
79,110,125,5.03239
79,111,112,7.88716
79,111,126,3.51653
79,112,113,8.06196
79,112,127,5.03239
79,113,114,6.52554
79,113,128,3.22605
79,114,115,5.2822
79,114,129,8.06196
79,115,116,9.91968
79,115,130,4.02829
79,116,117,4.36562
79,116,131,4.31657
79,117,118,7.68446
79,117,132,8.39134
79,118,119,7.20543
79,118,133,10.86227
79,119,134,10.0
79,120,121,5.2822
79,120,135,5.58538
79,121,122,5.2822
79,121,136,8.57238
79,122,123,7.10337
79,122,137,10.86227
79,123,124,6.70997
79,123,138,7.68446
79,124,125,10.0
79,124,139,4.90057
79,125,126,4.02829
79,125,140,8.06196
79,126,127,3.22605
79,126,141,7.10337
79,127,128,6.70997
79,127,142,6.46264
79,128,129,5.42026
79,128,143,7.20543
79,129,130,3.22605
79,129,144,6.64603
79,130,131,7.16984
79,130,145,5.2822
79,131,132,7.16984
79,131,146,3.51653
79,132,133,10.86227
79,132,147,9.44273
79,133,134,6.70997
79,133,148,7.16984
79,134,149,6.46264
79,135,136,6.70997
79,135,150,10.0
79,136,137,5.2822
79,136,151,10.0
79,137,138,5.2822
79,137,152,4.31657
79,138,139,8.06196
79,138,153,6.03045
79,139,140,3.98178
79,139,154,10.0
79,140,141,3.98178
79,140,155,10.86227
79,141,142,7.10337
79,141,156,4.36562
79,142,143,3.22605
79,142,157,3.22605
79,143,144,5.03239
79,143,158,6.64603
79,144,145,8.06196
79,144,159,6.46264
79,145,146,6.70997
79,145,160,3.98178
79,146,147,5.58538
79,146,161,9.91968
79,147,148,7.68446
79,147,162,6.09082
79,148,149,7.20543
79,148,163,5.58538
79,149,164,5.42026
79,150,151,4.36562
79,150,165,6.46264
79,151,152,8.57238
79,151,166,4.36562
79,152,153,5.99841
79,152,167,3.98178
79,153,154,4.90057
79,153,168,6.52554
79,154,155,4.02829
79,154,169,3.22605
79,155,156,8.06196
79,155,170,7.20543
79,156,157,6.70997
79,156,171,3.22605
79,157,158,9.91968
79,157,172,3.22605
79,158,159,7.68446
79,158,173,7.10337
79,159,160,3.98178
79,159,174,7.88716
79,160,161,10.0
79,160,175,11.46385
79,161,162,3.51653
79,161,176,4.31657
79,162,163,5.42026
79,162,177,7.68446
79,163,164,10.0
79,163,178,5.99841
79,164,179,8.06196
79,165,166,5.42026
79,165,180,6.52554
79,166,167,10.86227
79,166,181,6.64603
79,167,168,6.64603
79,167,182,4.36562
79,168,169,10.86227
79,168,183,4.31657
79,169,170,7.20543
79,169,184,6.70997
79,170,171,3.22605
79,170,185,3.98178
79,171,172,4.90057
79,171,186,6.64603
79,172,173,6.64603
79,172,187,7.88716
79,173,174,6.03045
79,173,188,3.98178
79,174,175,6.52554
79,174,189,7.10337
79,175,176,10.86227
79,175,190,4.02829
79,176,177,6.46264
79,176,191,7.20543
79,177,178,9.91968
79,177,192,10.86227
79,178,179,6.70997
79,178,193,5.99841
79,179,194,3.22605
79,180,181,7.16984
79,180,195,6.46264
79,181,182,10.86227
79,181,196,9.36495
79,182,183,3.51653
79,182,197,9.44273
79,183,184,10.86227
79,183,198,6.46264
79,184,185,6.46264
79,184,199,4.36562
79,185,186,6.09082
79,185,200,7.10337
79,186,187,10.0
79,186,201,9.36495
79,187,188,6.46264
79,187,202,4.02829
79,188,189,5.99841
79,188,203,7.16984
79,189,190,9.36495
79,189,204,6.70997
79,190,191,10.0
79,190,205,4.31657
79,191,192,3.22605
79,191,206,5.42026
79,192,193,6.03045
79,192,207,8.06196
79,193,194,7.68446
79,193,208,10.86227
79,194,209,6.09082
79,195,196,6.03045
79,195,210,5.42026
79,196,197,5.42026
79,196,211,8.06196
79,197,198,10.86227
79,197,212,5.42026
79,198,199,4.90057
79,198,213,6.03045
79,199,200,7.16984
79,199,214,7.20543
79,200,201,10.86227
79,200,215,5.2822
79,201,202,11.46385
79,201,216,9.36495
79,202,203,7.16984
79,202,217,7.16984
79,203,204,8.57238
79,203,218,3.22605
79,204,205,8.06196
79,204,219,5.58538
79,205,206,8.39134
79,205,220,9.36495
79,206,207,5.99841
79,206,221,6.52554
79,207,208,4.31657
79,207,222,6.09082
79,208,209,4.90057
79,208,223,9.36495
79,209,224,7.20543
79,210,211,6.46264
79,211,212,4.90057
79,212,213,7.10337
79,213,214,6.03045
79,214,215,6.46264
79,215,216,7.10337
79,216,217,9.36495
79,217,218,8.39134
79,218,219,8.57238
79,219,220,4.02829
79,220,221,5.42026
79,221,222,6.46264
79,222,223,5.58538
79,223,224,3.51653
80,0,1,13.11254
80,0,15,12.28364
80,1,2,11.92598
80,1,16,8.12389
80,2,3,11.92598
80,2,17,11.13946
80,3,4,9.8477
80,3,18,13.55543
80,4,5,9.8477
80,4,19,10.0
80,5,6,10.16984
80,5,20,10.0
80,6,7,11.13946
80,6,21,9.8477
80,7,8,10.91853
80,7,22,14.429
80,8,9,8.78553
80,8,23,11.13946
80,9,10,8.12389
80,9,24,10.16984
80,10,11,10.16984
80,10,25,11.31968
80,11,12,13.55543
80,11,26,14.429
80,12,13,10.0
80,12,27,12.28364
80,13,14,14.429
80,13,28,11.13946
80,14,29,9.1414
80,15,16,8.12389
80,15,30,9.1414
80,16,17,11.31968
80,16,31,9.1414
80,17,18,11.92598
80,17,32,12.11303
80,18,19,10.74186
80,18,33,13.11254
80,19,20,10.91853
80,19,34,8.78553
80,20,21,11.31968
80,20,35,12.11303
80,21,22,9.8477
80,21,36,12.28364
80,22,23,12.11303
80,22,37,10.0
80,23,24,11.92598
80,23,38,10.0
80,24,25,8.78553
80,24,39,14.429
80,25,26,10.0
80,25,40,8.12389
80,26,27,14.429
80,26,41,10.91853
80,27,28,9.8477
80,27,42,11.13946
80,28,29,10.0
80,28,43,12.11303
80,29,44,10.91853
80,30,31,9.1414
80,30,45,9.1414
80,31,32,12.11303
80,31,46,12.11303
80,32,33,10.0
80,32,47,9.1414
80,33,34,10.0
80,33,48,11.13946
80,34,35,12.11303
80,34,49,8.78553
80,35,36,13.55543
80,35,50,10.74186
80,36,37,14.429
80,36,51,10.74186
80,37,38,13.55543
80,37,52,10.91853
80,38,39,13.55543
80,38,53,11.31968
80,39,40,8.78553
80,39,54,13.11254
80,40,41,10.16984
80,40,55,11.92598
80,41,42,8.78553
80,41,56,9.1414
80,42,43,14.429
80,42,57,10.74186
80,43,44,8.12389
80,43,58,11.92598
80,44,59,14.429
80,45,46,11.13946
80,45,60,11.13946
80,46,47,11.92598
80,46,61,12.28364
80,47,48,12.11303
80,47,62,13.11254
80,48,49,11.31968
80,48,63,11.13946
80,49,50,10.0
80,49,64,13.55543
80,50,51,12.11303
80,50,65,8.78553
80,51,52,10.74186
80,51,66,12.11303
80,52,53,9.8477
80,52,67,11.13946
80,53,54,13.55543
80,53,68,10.74186
80,54,55,12.11303
80,54,69,10.16984
80,55,56,10.0
80,55,70,9.1414
80,56,57,14.429
80,56,71,11.31968
80,57,58,11.92598
80,57,72,12.28364
80,58,59,8.12389
80,58,73,14.429
80,59,74,10.74186
80,60,61,10.0
80,60,75,10.0
80,61,62,11.31968
80,61,76,13.11254
80,62,63,13.55543
80,62,77,8.78553
80,63,64,10.74186
80,63,78,10.91853
80,64,65,8.78553
80,64,79,8.12389
80,65,66,10.91853
80,65,80,11.31968
80,66,67,10.16984
80,66,81,11.13946
80,67,68,11.31968
80,67,82,9.8477
80,68,69,13.55543
80,68,83,12.11303
80,69,70,10.0
80,69,84,11.92598
80,70,71,9.1414
80,70,85,10.0
80,71,72,12.28364
80,71,86,8.12389
80,72,73,10.91853
80,72,87,13.55543
80,73,74,8.78553
80,73,88,9.1414
80,74,89,9.8477
80,75,76,8.78553
80,75,90,11.13946
80,76,77,8.78553
80,76,91,9.8477
80,77,78,10.74186
80,77,92,10.91853
80,78,79,11.92598
80,78,93,11.92598
80,79,80,11.92598
80,79,94,12.11303
80,80,81,13.55543
80,80,95,14.429
80,81,82,10.91853
80,81,96,11.13946
80,82,83,12.28364
80,82,97,10.91853
80,83,84,10.74186
80,83,98,9.1414
80,84,85,14.429
80,84,99,8.78553
80,85,86,11.13946
80,85,100,11.13946
80,86,87,10.16984
80,86,101,10.16984
80,87,88,11.92598
80,87,102,8.78553
80,88,89,10.0
80,88,103,12.28364
80,89,104,14.429
80,90,91,9.8477
80,90,105,11.92598
80,91,92,13.11254
80,91,106,9.1414
80,92,93,12.28364
80,92,107,11.92598
80,93,94,12.28364
80,93,108,10.74186
80,94,95,11.92598
80,94,109,12.11303
80,95,96,9.1414
80,95,110,11.92598
80,96,97,14.429
80,96,111,13.11254
80,97,98,11.13946
80,97,112,8.12389
80,98,99,10.16984
80,98,113,8.12389
80,99,100,13.55543
80,99,114,10.91853
80,100,101,8.78553
80,100,115,8.12389
80,101,102,10.16984
80,101,116,13.55543
80,102,103,12.11303
80,102,117,9.1414
80,103,104,11.92598
80,103,118,10.91853
80,104,119,12.28364
80,105,106,14.429
80,105,120,10.0
80,106,107,11.92598
80,106,121,10.74186
80,107,108,9.8477
80,107,122,8.78553
80,108,109,11.31968
80,108,123,8.78553
80,109,110,10.74186
80,109,124,8.12389
80,110,111,13.11254
80,110,125,8.78553
80,111,112,14.429
80,111,126,9.1414
80,112,113,8.78553
80,112,127,8.78553
80,113,114,10.0
80,113,128,9.8477
80,114,115,13.55543
80,114,129,8.78553
80,115,116,10.16984
80,115,130,11.92598
80,116,117,11.13946
80,116,131,11.31968
80,117,118,12.28364
80,117,132,13.55543
80,118,119,13.11254
80,118,133,13.11254
80,119,134,10.0
80,120,121,13.55543
80,120,135,9.8477
80,121,122,13.55543
80,121,136,8.12389
80,122,123,11.31968
80,122,137,13.11254
80,123,124,11.92598
80,123,138,12.28364
80,124,125,10.0
80,124,139,14.429
80,125,126,11.92598
80,125,140,8.78553
80,126,127,9.8477
80,126,141,11.31968
80,127,128,11.92598
80,127,142,10.16984
80,128,129,8.12389
80,128,143,13.11254
80,129,130,9.8477
80,129,144,12.11303
80,130,131,11.13946
80,130,145,13.55543
80,131,132,11.13946
80,131,146,9.1414
80,132,133,13.11254
80,132,147,10.74186
80,133,134,11.92598
80,133,148,11.13946
80,134,149,10.16984
80,135,136,11.92598
80,135,150,10.0
80,136,137,13.55543
80,136,151,10.0
80,137,138,13.55543
80,137,152,11.31968
80,138,139,8.78553
80,138,153,10.91853
80,139,140,12.11303
80,139,154,10.0
80,140,141,12.11303
80,140,155,13.11254
80,141,142,11.31968
80,141,156,11.13946
80,142,143,9.8477
80,142,157,9.8477
80,143,144,8.78553
80,143,158,12.11303
80,144,145,8.78553
80,144,159,10.16984
80,145,146,11.92598
80,145,160,12.11303
80,146,147,9.8477
80,146,161,10.16984
80,147,148,12.28364
80,147,162,10.74186
80,148,149,13.11254
80,148,163,9.8477
80,149,164,8.12389
80,150,151,11.13946
80,150,165,10.16984
80,151,152,8.12389
80,151,166,11.13946
80,152,153,9.1414
80,152,167,12.11303
80,153,154,14.429
80,153,168,10.0
80,154,155,11.92598
80,154,169,9.8477
80,155,156,8.78553
80,155,170,13.11254
80,156,157,11.92598
80,156,171,9.8477
80,157,158,10.16984
80,157,172,9.8477
80,158,159,12.28364
80,158,173,11.31968
80,159,160,12.11303
80,159,174,14.429
80,160,161,10.0
80,160,175,12.28364
80,161,162,9.1414
80,161,176,11.31968
80,162,163,8.12389
80,162,177,12.28364
80,163,164,10.0
80,163,178,9.1414
80,164,179,8.78553
80,165,166,8.12389
80,165,180,10.0
80,166,167,13.11254
80,166,181,12.11303
80,167,168,12.11303
80,167,182,11.13946
80,168,169,13.11254
80,168,183,11.31968
80,169,170,13.11254
80,169,184,11.92598
80,170,171,9.8477
80,170,185,12.11303
80,171,172,14.429
80,171,186,12.11303
80,172,173,12.11303
80,172,187,14.429
80,173,174,10.91853
80,173,188,12.11303
80,174,175,10.0
80,174,189,11.31968
80,175,176,13.11254
80,175,190,11.92598
80,176,177,10.16984
80,176,191,13.11254
80,177,178,10.16984
80,177,192,13.11254
80,178,179,11.92598
80,178,193,9.1414
80,179,194,9.8477
80,180,181,11.13946
80,180,195,10.16984
80,181,182,13.11254
80,181,196,10.91853
80,182,183,9.1414
80,182,197,10.74186
80,183,184,13.11254
80,183,198,10.16984
80,184,185,10.16984
80,184,199,11.13946
80,185,186,10.74186
80,185,200,11.31968
80,186,187,10.0
80,186,201,10.91853
80,187,188,10.16984
80,187,202,11.92598
80,188,189,9.1414
80,188,203,11.13946
80,189,190,10.91853
80,189,204,11.92598
80,190,191,10.0
80,190,205,11.31968
80,191,192,9.8477
80,191,206,8.12389
80,192,193,10.91853
80,192,207,8.78553
80,193,194,12.28364
80,193,208,13.11254
80,194,209,10.74186
80,195,196,10.91853
80,195,210,8.12389
80,196,197,8.12389
80,196,211,8.78553
80,197,198,13.11254
80,197,212,8.12389
80,198,199,14.429
80,198,213,10.91853
80,199,200,11.13946
80,199,214,13.11254
80,200,201,13.11254
80,200,215,13.55543
80,201,202,12.28364
80,201,216,10.91853
80,202,203,11.13946
80,202,217,11.13946
80,203,204,8.12389
80,203,218,9.8477
80,204,205,8.78553
80,204,219,9.8477
80,205,206,13.55543
80,205,220,10.91853
80,206,207,9.1414
80,206,221,10.0
80,207,208,11.31968
80,207,222,10.74186
80,208,209,14.429
80,208,223,10.91853
80,209,224,13.11254
80,210,211,10.16984
80,211,212,14.429
80,212,213,11.31968
80,213,214,10.91853
80,214,215,10.16984
80,215,216,11.31968
80,216,217,10.91853
80,217,218,13.55543
80,218,219,8.12389
80,219,220,11.92598
80,220,221,8.12389
80,221,222,10.16984
80,222,223,9.8477
80,223,224,9.1414
81,0,1,5.08464
81,0,15,5.05037
81,1,2,11.04002
81,1,16,6.82165
81,2,3,11.04002
81,2,17,10.98625
81,3,4,10.00268
81,3,18,5.72043
81,4,5,10.00268
81,4,19,10.0
81,5,6,3.03165
81,5,20,10.0
81,6,7,10.98625
81,6,21,10.00268
81,7,8,3.05595
81,7,22,7.76099
81,8,9,6.86272
81,8,23,13.81025
81,9,10,4.97512
81,9,24,2.01268
81,10,11,3.03165
81,10,25,5.01803
81,11,12,5.72043
81,11,26,7.76099
81,12,13,10.0
81,12,27,5.05037
81,13,14,7.76099
81,13,28,10.98625
81,14,29,7.61987
81,15,16,6.82165
81,15,30,7.61987
81,16,17,3.51369
81,16,31,7.61987
81,17,18,13.87115
81,17,32,5.05217
81,18,19,10.05105
81,18,33,3.56644
81,19,20,3.05595
81,19,34,5.00907
81,20,21,3.51369
81,20,35,5.05217
81,21,22,10.00268
81,21,36,5.05037
81,22,23,3.54071
81,22,37,7.66136
81,23,24,11.04002
81,23,38,7.66136
81,24,25,6.86272
81,24,39,7.76099
81,25,26,10.0
81,25,40,6.82165
81,26,27,5.75742
81,26,41,2.02986
81,27,28,7.66367
81,27,42,13.81025
81,28,29,10.0
81,28,43,3.54071
81,29,44,2.02986
81,30,31,9.95177
81,30,45,9.95177
81,31,32,5.05217
81,31,46,3.54071
81,32,33,7.66136
81,32,47,9.95177
81,33,34,10.0
81,33,48,13.81025
81,34,35,3.54071
81,34,49,6.86272
81,35,36,5.72043
81,35,50,10.05105
81,36,37,7.76099
81,36,51,7.70529
81,37,38,7.71688
81,37,52,3.05595
81,38,39,7.71688
81,38,53,3.51369
81,39,40,5.00907
81,39,54,3.56644
81,40,41,3.03165
81,40,55,13.87115
81,41,42,5.00907
81,41,56,9.95177
81,42,43,5.75742
81,42,57,7.70529
81,43,44,6.82165
81,43,58,11.04002
81,44,59,7.76099
81,45,46,10.98625
81,45,60,13.81025
81,46,47,13.87115
81,46,61,5.05037
81,47,48,5.05217
81,47,62,3.56644
81,48,49,5.01803
81,48,63,13.81025
81,49,50,7.66136
81,49,64,5.72043
81,50,51,5.05217
81,50,65,5.00907
81,51,52,7.70529
81,51,66,3.54071
81,52,53,10.00268
81,52,67,13.81025
81,53,54,7.71688
81,53,68,10.05105
81,54,55,5.05217
81,54,69,2.01268
81,55,56,10.0
81,55,70,9.95177
81,56,57,7.76099
81,56,71,3.51369
81,57,58,11.04002
81,57,72,3.53928
81,58,59,4.97512
81,58,73,7.76099
81,59,74,10.05105
81,60,61,7.66136
81,60,75,7.66136
81,61,62,3.51369
81,61,76,5.08464
81,62,63,7.71688
81,62,77,6.86272
81,63,64,7.70529
81,63,78,3.05595
81,64,65,6.86272
81,64,79,6.82165
81,65,66,3.05595
81,65,80,3.51369
81,66,67,3.03165
81,66,81,13.81025
81,67,68,3.51369
81,67,82,10.00268
81,68,69,5.72043
81,68,83,5.05217
81,69,70,7.66136
81,69,84,13.87115
81,70,71,9.95177
81,70,85,10.0
81,71,72,3.53928
81,71,86,6.82165
81,72,73,2.02986
81,72,87,5.72043
81,73,74,5.00907
81,73,88,7.61987
81,74,89,10.00268
81,75,76,6.86272
81,75,90,10.98625
81,76,77,5.00907
81,76,91,10.00268
81,77,78,10.05105
81,77,92,3.05595
81,78,79,13.87115
81,78,93,11.04002
81,79,80,11.04002
81,79,94,3.54071
81,80,81,5.72043
81,80,95,7.76099
81,81,82,3.05595
81,81,96,10.98625
81,82,83,3.53928
81,82,97,3.05595
81,83,84,10.05105
81,83,98,9.95177
81,84,85,5.75742
81,84,99,5.00907
81,85,86,10.98625
81,85,100,13.81025
81,86,87,3.03165
81,86,101,2.01268
81,87,88,13.87115
81,87,102,5.00907
81,88,89,7.66136
81,88,103,3.53928
81,89,104,5.75742
81,90,91,10.00268
81,90,105,13.87115
81,91,92,5.08464
81,91,106,7.61987
81,92,93,5.05037
81,92,107,11.04002
81,93,94,5.05037
81,93,108,10.05105
81,94,95,11.04002
81,94,109,3.54071
81,95,96,9.95177
81,95,110,11.04002
81,96,97,5.75742
81,96,111,5.08464
81,97,98,13.81025
81,97,112,4.97512
81,98,99,3.03165
81,98,113,6.82165
81,99,100,5.72043
81,99,114,2.02986
81,100,101,6.86272
81,100,115,6.82165
81,101,102,3.03165
81,101,116,7.71688
81,102,103,5.05217
81,102,117,7.61987
81,103,104,13.87115
81,103,118,2.02986
81,104,119,3.53928
81,105,106,5.75742
81,105,120,10.0
81,106,107,11.04002
81,106,121,10.05105
81,107,108,10.00268
81,107,122,5.00907
81,108,109,5.01803
81,108,123,5.00907
81,109,110,7.70529
81,109,124,4.97512
81,110,111,3.56644
81,110,125,5.00907
81,111,112,7.76099
81,111,126,7.61987
81,112,113,6.86272
81,112,127,5.00907
81,113,114,7.66136
81,113,128,7.66367
81,114,115,5.72043
81,114,129,6.86272
81,115,116,3.03165
81,115,130,11.04002
81,116,117,10.98625
81,116,131,3.51369
81,117,118,3.53928
81,117,132,7.71688
81,118,119,3.56644
81,118,133,5.08464
81,119,134,10.0
81,120,121,5.72043
81,120,135,10.00268
81,121,122,5.72043
81,121,136,6.82165
81,122,123,5.01803
81,122,137,5.08464
81,123,124,13.87115
81,123,138,3.53928
81,124,125,10.0
81,124,139,5.75742
81,125,126,11.04002
81,125,140,6.86272
81,126,127,7.66367
81,126,141,5.01803
81,127,128,13.87115
81,127,142,2.01268
81,128,129,4.97512
81,128,143,3.56644
81,129,130,7.66367
81,129,144,5.05217
81,130,131,13.81025
81,130,145,5.72043
81,131,132,13.81025
81,131,146,7.61987
81,132,133,5.08464
81,132,147,10.05105
81,133,134,13.87115
81,133,148,13.81025
81,134,149,2.01268
81,135,136,13.87115
81,135,150,10.0
81,136,137,5.72043
81,136,151,10.0
81,137,138,5.72043
81,137,152,3.51369
81,138,139,6.86272
81,138,153,2.02986
81,139,140,3.54071
81,139,154,10.0
81,140,141,3.54071
81,140,155,5.08464
81,141,142,5.01803
81,141,156,10.98625
81,142,143,7.66367
81,142,157,7.66367
81,143,144,5.00907
81,143,158,5.05217
81,144,145,6.86272
81,144,159,2.01268
81,145,146,13.87115
81,145,160,3.54071
81,146,147,10.00268
81,146,161,3.03165
81,147,148,3.53928
81,147,162,7.70529
81,148,149,3.56644
81,148,163,10.00268
81,149,164,4.97512
81,150,151,10.98625
81,150,165,2.01268
81,151,152,6.82165
81,151,166,10.98625
81,152,153,9.95177
81,152,167,3.54071
81,153,154,5.75742
81,153,168,7.66136
81,154,155,11.04002
81,154,169,7.66367
81,155,156,6.86272
81,155,170,3.56644
81,156,157,13.87115
81,156,171,7.66367
81,157,158,3.03165
81,157,172,7.66367
81,158,159,3.53928
81,158,173,5.01803
81,159,160,3.54071
81,159,174,7.76099
81,160,161,10.0
81,160,175,5.05037
81,161,162,7.61987
81,161,176,3.51369
81,162,163,4.97512
81,162,177,3.53928
81,163,164,10.0
81,163,178,9.95177
81,164,179,6.86272
81,165,166,4.97512
81,165,180,7.66136
81,166,167,5.08464
81,166,181,5.05217
81,167,168,5.05217
81,167,182,10.98625
81,168,169,5.08464
81,168,183,3.51369
81,169,170,3.56644
81,169,184,13.87115
81,170,171,7.66367
81,170,185,3.54071
81,171,172,5.75742
81,171,186,5.05217
81,172,173,5.05217
81,172,187,7.76099
81,173,174,2.02986
81,173,188,3.54071
81,174,175,7.66136
81,174,189,5.01803
81,175,176,5.08464
81,175,190,11.04002
81,176,177,2.01268
81,176,191,3.56644
81,177,178,3.03165
81,177,192,5.08464
81,178,179,13.87115
81,178,193,9.95177
81,179,194,7.66367
81,180,181,13.81025
81,180,195,2.01268
81,181,182,5.08464
81,181,196,3.05595
81,182,183,7.61987
81,182,197,10.05105
81,183,184,5.08464
81,183,198,2.01268
81,184,185,2.01268
81,184,199,10.98625
81,185,186,7.70529
81,185,200,5.01803
81,186,187,10.0
81,186,201,3.05595
81,187,188,2.01268
81,187,202,11.04002
81,188,189,9.95177
81,188,203,13.81025
81,189,190,3.05595
81,189,204,13.87115
81,190,191,10.0
81,190,205,3.51369
81,191,192,7.66367
81,191,206,4.97512
81,192,193,2.02986
81,192,207,6.86272
81,193,194,3.53928
81,193,208,5.08464
81,194,209,7.70529
81,195,196,2.02986
81,195,210,4.97512
81,196,197,4.97512
81,196,211,6.86272
81,197,198,5.08464
81,197,212,4.97512
81,198,199,5.75742
81,198,213,2.02986
81,199,200,13.81025
81,199,214,3.56644
81,200,201,5.08464
81,200,215,5.72043
81,201,202,5.05037
81,201,216,3.05595
81,202,203,13.81025
81,202,217,13.81025
81,203,204,6.82165
81,203,218,7.66367
81,204,205,6.86272
81,204,219,10.00268
81,205,206,7.71688
81,205,220,3.05595
81,206,207,9.95177
81,206,221,7.66136
81,207,208,3.51369
81,207,222,7.70529
81,208,209,5.75742
81,208,223,3.05595
81,209,224,3.56644
81,210,211,2.01268
81,211,212,5.75742
81,212,213,5.01803
81,213,214,2.02986
81,214,215,2.01268
81,215,216,5.01803
81,216,217,3.05595
81,217,218,7.71688
81,218,219,6.82165
81,219,220,11.04002
81,220,221,4.97512
81,221,222,2.01268
81,222,223,10.00268
81,223,224,7.61987
82,0,1,10.67497
82,0,15,7.56246
82,1,2,13.66342
82,1,16,9.48697
82,2,3,13.66342
82,2,17,10.05913
82,3,4,10.53913
82,3,18,7.61297
82,4,5,10.53913
82,4,19,10.0
82,5,6,7.12548
82,5,20,10.0
82,6,7,10.05913
82,6,21,10.53913
82,7,8,10.14278
82,7,22,8.49138
82,8,9,12.98525
82,8,23,7.8989
82,9,10,11.86693
82,9,24,9.1695
82,10,11,7.12548
82,10,25,5.4165
82,11,12,7.61297
82,11,26,8.49138
82,12,13,10.0
82,12,27,7.56246
82,13,14,8.49138
82,13,28,10.05913
82,14,29,9.54439
82,15,16,9.48697
82,15,30,9.54439
82,16,17,7.17428
82,16,31,9.54439
82,17,18,11.08258
82,17,32,8.02398
82,18,19,13.59349
82,18,33,13.20611
82,19,20,10.14278
82,19,34,15.78582
82,20,21,7.17428
82,20,35,8.02398
82,21,22,10.53913
82,21,36,7.56246
82,22,23,10.20237
82,22,37,12.44646
82,23,24,13.66342
82,23,38,12.44646
82,24,25,12.98525
82,24,39,8.49138
82,25,26,10.0
82,25,40,9.48697
82,26,27,10.73627
82,26,41,12.60741
82,27,28,13.05347
82,27,42,7.8989
82,28,29,10.0
82,28,43,10.20237
82,29,44,12.60741
82,30,31,7.45067
82,30,45,7.45067
82,31,32,8.02398
82,31,46,10.20237
82,32,33,12.44646
82,32,47,7.45067
82,33,34,10.0
82,33,48,7.8989
82,34,35,10.20237
82,34,49,12.98525
82,35,36,7.61297
82,35,50,13.59349
82,36,37,8.49138
82,36,51,16.46057
82,37,38,5.78869
82,37,52,10.14278
82,38,39,5.78869
82,38,53,7.17428
82,39,40,15.78582
82,39,54,13.20611
82,40,41,7.12548
82,40,55,11.08258
82,41,42,15.78582
82,41,56,7.45067
82,42,43,10.73627
82,42,57,16.46057
82,43,44,9.48697
82,43,58,13.66342
82,44,59,8.49138
82,45,46,10.05913
82,45,60,7.8989
82,46,47,11.08258
82,46,61,7.56246
82,47,48,8.02398
82,47,62,13.20611
82,48,49,5.4165
82,48,63,7.8989
82,49,50,12.44646
82,49,64,7.61297
82,50,51,8.02398
82,50,65,15.78582
82,51,52,16.46057
82,51,66,10.20237
82,52,53,10.53913
82,52,67,7.8989
82,53,54,5.78869
82,53,68,13.59349
82,54,55,8.02398
82,54,69,9.1695
82,55,56,10.0
82,55,70,7.45067
82,56,57,8.49138
82,56,71,7.17428
82,57,58,13.66342
82,57,72,9.67298
82,58,59,11.86693
82,58,73,8.49138
82,59,74,13.59349
82,60,61,12.44646
82,60,75,12.44646
82,61,62,7.17428
82,61,76,10.67497
82,62,63,5.78869
82,62,77,12.98525
82,63,64,16.46057
82,63,78,10.14278
82,64,65,12.98525
82,64,79,9.48697
82,65,66,10.14278
82,65,80,7.17428
82,66,67,7.12548
82,66,81,7.8989
82,67,68,7.17428
82,67,82,10.53913
82,68,69,7.61297
82,68,83,8.02398
82,69,70,12.44646
82,69,84,11.08258
82,70,71,7.45067
82,70,85,10.0
82,71,72,9.67298
82,71,86,9.48697
82,72,73,12.60741
82,72,87,7.61297
82,73,74,15.78582
82,73,88,9.54439
82,74,89,10.53913
82,75,76,12.98525
82,75,90,10.05913
82,76,77,15.78582
82,76,91,10.53913
82,77,78,13.59349
82,77,92,10.14278
82,78,79,11.08258
82,78,93,13.66342
82,79,80,13.66342
82,79,94,10.20237
82,80,81,7.61297
82,80,95,8.49138
82,81,82,10.14278
82,81,96,10.05913
82,82,83,9.67298
82,82,97,10.14278
82,83,84,13.59349
82,83,98,7.45067
82,84,85,10.73627
82,84,99,15.78582
82,85,86,10.05913
82,85,100,7.8989
82,86,87,7.12548
82,86,101,9.1695
82,87,88,11.08258
82,87,102,15.78582
82,88,89,12.44646
82,88,103,9.67298
82,89,104,10.73627
82,90,91,10.53913
82,90,105,11.08258
82,91,92,10.67497
82,91,106,9.54439
82,92,93,7.56246
82,92,107,13.66342
82,93,94,7.56246
82,93,108,13.59349
82,94,95,13.66342
82,94,109,10.20237
82,95,96,7.45067
82,95,110,13.66342
82,96,97,10.73627
82,96,111,10.67497
82,97,98,7.8989
82,97,112,11.86693
82,98,99,7.12548
82,98,113,9.48697
82,99,100,7.61297
82,99,114,12.60741
82,100,101,12.98525
82,100,115,9.48697
82,101,102,7.12548
82,101,116,5.78869
82,102,103,8.02398
82,102,117,9.54439
82,103,104,11.08258
82,103,118,12.60741
82,104,119,9.67298
82,105,106,10.73627
82,105,120,10.0
82,106,107,13.66342
82,106,121,13.59349
82,107,108,10.53913
82,107,122,15.78582
82,108,109,5.4165
82,108,123,15.78582
82,109,110,16.46057
82,109,124,11.86693
82,110,111,13.20611
82,110,125,15.78582
82,111,112,8.49138
82,111,126,9.54439
82,112,113,12.98525
82,112,127,15.78582
82,113,114,12.44646
82,113,128,13.05347
82,114,115,7.61297
82,114,129,12.98525
82,115,116,7.12548
82,115,130,13.66342
82,116,117,10.05913
82,116,131,7.17428
82,117,118,9.67298
82,117,132,5.78869
82,118,119,13.20611
82,118,133,10.67497
82,119,134,10.0
82,120,121,7.61297
82,120,135,10.53913
82,121,122,7.61297
82,121,136,9.48697
82,122,123,5.4165
82,122,137,10.67497
82,123,124,11.08258
82,123,138,9.67298
82,124,125,10.0
82,124,139,10.73627
82,125,126,13.66342
82,125,140,12.98525
82,126,127,13.05347
82,126,141,5.4165
82,127,128,11.08258
82,127,142,9.1695
82,128,129,11.86693
82,128,143,13.20611
82,129,130,13.05347
82,129,144,8.02398
82,130,131,7.8989
82,130,145,7.61297
82,131,132,7.8989
82,131,146,9.54439
82,132,133,10.67497
82,132,147,13.59349
82,133,134,11.08258
82,133,148,7.8989
82,134,149,9.1695
82,135,136,11.08258
82,135,150,10.0
82,136,137,7.61297
82,136,151,10.0
82,137,138,7.61297
82,137,152,7.17428
82,138,139,12.98525
82,138,153,12.60741
82,139,140,10.20237
82,139,154,10.0
82,140,141,10.20237
82,140,155,10.67497
82,141,142,5.4165
82,141,156,10.05913
82,142,143,13.05347
82,142,157,13.05347
82,143,144,15.78582
82,143,158,8.02398
82,144,145,12.98525
82,144,159,9.1695
82,145,146,11.08258
82,145,160,10.20237
82,146,147,10.53913
82,146,161,7.12548
82,147,148,9.67298
82,147,162,16.46057
82,148,149,13.20611
82,148,163,10.53913
82,149,164,11.86693
82,150,151,10.05913
82,150,165,9.1695
82,151,152,9.48697
82,151,166,10.05913
82,152,153,7.45067
82,152,167,10.20237
82,153,154,10.73627
82,153,168,12.44646
82,154,155,13.66342
82,154,169,13.05347
82,155,156,12.98525
82,155,170,13.20611
82,156,157,11.08258
82,156,171,13.05347
82,157,158,7.12548
82,157,172,13.05347
82,158,159,9.67298
82,158,173,5.4165
82,159,160,10.20237
82,159,174,8.49138
82,160,161,10.0
82,160,175,7.56246
82,161,162,9.54439
82,161,176,7.17428
82,162,163,11.86693
82,162,177,9.67298
82,163,164,10.0
82,163,178,7.45067
82,164,179,12.98525
82,165,166,11.86693
82,165,180,12.44646
82,166,167,10.67497
82,166,181,8.02398
82,167,168,8.02398
82,167,182,10.05913
82,168,169,10.67497
82,168,183,7.17428
82,169,170,13.20611
82,169,184,11.08258
82,170,171,13.05347
82,170,185,10.20237
82,171,172,10.73627
82,171,186,8.02398
82,172,173,8.02398
82,172,187,8.49138
82,173,174,12.60741
82,173,188,10.20237
82,174,175,12.44646
82,174,189,5.4165
82,175,176,10.67497
82,175,190,13.66342
82,176,177,9.1695
82,176,191,13.20611
82,177,178,7.12548
82,177,192,10.67497
82,178,179,11.08258
82,178,193,7.45067
82,179,194,13.05347
82,180,181,7.8989
82,180,195,9.1695
82,181,182,10.67497
82,181,196,10.14278
82,182,183,9.54439
82,182,197,13.59349
82,183,184,10.67497
82,183,198,9.1695
82,184,185,9.1695
82,184,199,10.05913
82,185,186,16.46057
82,185,200,5.4165
82,186,187,10.0
82,186,201,10.14278
82,187,188,9.1695
82,187,202,13.66342
82,188,189,7.45067
82,188,203,7.8989
82,189,190,10.14278
82,189,204,11.08258
82,190,191,10.0
82,190,205,7.17428
82,191,192,13.05347
82,191,206,11.86693
82,192,193,12.60741
82,192,207,12.98525
82,193,194,9.67298
82,193,208,10.67497
82,194,209,16.46057
82,195,196,12.60741
82,195,210,11.86693
82,196,197,11.86693
82,196,211,12.98525
82,197,198,10.67497
82,197,212,11.86693
82,198,199,10.73627
82,198,213,12.60741
82,199,200,7.8989
82,199,214,13.20611
82,200,201,10.67497
82,200,215,7.61297
82,201,202,7.56246
82,201,216,10.14278
82,202,203,7.8989
82,202,217,7.8989
82,203,204,9.48697
82,203,218,13.05347
82,204,205,12.98525
82,204,219,10.53913
82,205,206,5.78869
82,205,220,10.14278
82,206,207,7.45067
82,206,221,12.44646
82,207,208,7.17428
82,207,222,16.46057
82,208,209,10.73627
82,208,223,10.14278
82,209,224,13.20611
82,210,211,9.1695
82,211,212,10.73627
82,212,213,5.4165
82,213,214,12.60741
82,214,215,9.1695
82,215,216,5.4165
82,216,217,10.14278
82,217,218,5.78869
82,218,219,9.48697
82,219,220,13.66342
82,220,221,11.86693
82,221,222,9.1695
82,222,223,10.53913
82,223,224,9.54439
83,0,1,7.50075
83,0,15,6.78502
83,1,2,10.27305
83,1,16,6.83028
83,2,3,10.27305
83,2,17,9.41417
83,3,4,5.98642
83,3,18,6.31729
83,4,5,5.98642
83,4,19,10.0
83,5,6,4.31168
83,5,20,10.0
83,6,7,9.41417
83,6,21,5.98642
83,7,8,4.85829
83,7,22,5.94456
83,8,9,7.54872
83,8,23,8.15018
83,9,10,7.97665
83,9,24,5.18833
83,10,11,4.31168
83,10,25,3.23139
83,11,12,6.31729
83,11,26,5.94456
83,12,13,10.0
83,12,27,6.78502
83,13,14,5.94456
83,13,28,9.41417
83,14,29,6.36069
83,15,16,6.83028
83,15,30,6.36069
83,16,17,3.9602
83,16,31,6.36069
83,17,18,8.94355
83,17,32,3.68381
83,18,19,10.88757
83,18,33,8.70836
83,19,20,4.85829
83,19,34,8.7606
83,20,21,3.9602
83,20,35,3.68381
83,21,22,5.98642
83,21,36,6.78502
83,22,23,4.47812
83,22,37,11.41183
83,23,24,10.27305
83,23,38,11.41183
83,24,25,7.54872
83,24,39,5.94456
83,25,26,10.0
83,25,40,6.83028
83,26,27,7.00434
83,26,41,5.80044
83,27,28,7.05045
83,27,42,8.15018
83,28,29,10.0
83,28,43,4.47812
83,29,44,5.80044
83,30,31,5.36216
83,30,45,5.36216
83,31,32,3.68381
83,31,46,4.47812
83,32,33,11.41183
83,32,47,5.36216
83,33,34,10.0
83,33,48,8.15018
83,34,35,4.47812
83,34,49,7.54872
83,35,36,6.31729
83,35,50,10.88757
83,36,37,5.94456
83,36,51,12.3649
83,37,38,5.32302
83,37,52,4.85829
83,38,39,5.32302
83,38,53,3.9602
83,39,40,8.7606
83,39,54,8.70836
83,40,41,4.31168
83,40,55,8.94355
83,41,42,8.7606
83,41,56,5.36216
83,42,43,7.00434
83,42,57,12.3649
83,43,44,6.83028
83,43,58,10.27305
83,44,59,5.94456
83,45,46,9.41417
83,45,60,8.15018
83,46,47,8.94355
83,46,61,6.78502
83,47,48,3.68381
83,47,62,8.70836
83,48,49,3.23139
83,48,63,8.15018
83,49,50,11.41183
83,49,64,6.31729
83,50,51,3.68381
83,50,65,8.7606
83,51,52,12.3649
83,51,66,4.47812
83,52,53,5.98642
83,52,67,8.15018
83,53,54,5.32302
83,53,68,10.88757
83,54,55,3.68381
83,54,69,5.18833
83,55,56,10.0
83,55,70,5.36216
83,56,57,5.94456
83,56,71,3.9602
83,57,58,10.27305
83,57,72,7.92713
83,58,59,7.97665
83,58,73,5.94456
83,59,74,10.88757
83,60,61,11.41183
83,60,75,11.41183
83,61,62,3.9602
83,61,76,7.50075
83,62,63,5.32302
83,62,77,7.54872
83,63,64,12.3649
83,63,78,4.85829
83,64,65,7.54872
83,64,79,6.83028
83,65,66,4.85829
83,65,80,3.9602
83,66,67,4.31168
83,66,81,8.15018
83,67,68,3.9602
83,67,82,5.98642
83,68,69,6.31729
83,68,83,3.68381
83,69,70,11.41183
83,69,84,8.94355
83,70,71,5.36216
83,70,85,10.0
83,71,72,7.92713
83,71,86,6.83028
83,72,73,5.80044
83,72,87,6.31729
83,73,74,8.7606
83,73,88,6.36069
83,74,89,5.98642
83,75,76,7.54872
83,75,90,9.41417
83,76,77,8.7606
83,76,91,5.98642
83,77,78,10.88757
83,77,92,4.85829
83,78,79,8.94355
83,78,93,10.27305
83,79,80,10.27305
83,79,94,4.47812
83,80,81,6.31729
83,80,95,5.94456
83,81,82,4.85829
83,81,96,9.41417
83,82,83,7.92713
83,82,97,4.85829
83,83,84,10.88757
83,83,98,5.36216
83,84,85,7.00434
83,84,99,8.7606
83,85,86,9.41417
83,85,100,8.15018
83,86,87,4.31168
83,86,101,5.18833
83,87,88,8.94355
83,87,102,8.7606
83,88,89,11.41183
83,88,103,7.92713
83,89,104,7.00434
83,90,91,5.98642
83,90,105,8.94355
83,91,92,7.50075
83,91,106,6.36069
83,92,93,6.78502
83,92,107,10.27305
83,93,94,6.78502
83,93,108,10.88757
83,94,95,10.27305
83,94,109,4.47812
83,95,96,5.36216
83,95,110,10.27305
83,96,97,7.00434
83,96,111,7.50075
83,97,98,8.15018
83,97,112,7.97665
83,98,99,4.31168
83,98,113,6.83028
83,99,100,6.31729
83,99,114,5.80044
83,100,101,7.54872
83,100,115,6.83028
83,101,102,4.31168
83,101,116,5.32302
83,102,103,3.68381
83,102,117,6.36069
83,103,104,8.94355
83,103,118,5.80044
83,104,119,7.92713
83,105,106,7.00434
83,105,120,10.0
83,106,107,10.27305
83,106,121,10.88757
83,107,108,5.98642
83,107,122,8.7606
83,108,109,3.23139
83,108,123,8.7606
83,109,110,12.3649
83,109,124,7.97665
83,110,111,8.70836
83,110,125,8.7606
83,111,112,5.94456
83,111,126,6.36069
83,112,113,7.54872
83,112,127,8.7606
83,113,114,11.41183
83,113,128,7.05045
83,114,115,6.31729
83,114,129,7.54872
83,115,116,4.31168
83,115,130,10.27305
83,116,117,9.41417
83,116,131,3.9602
83,117,118,7.92713
83,117,132,5.32302
83,118,119,8.70836
83,118,133,7.50075
83,119,134,10.0
83,120,121,6.31729
83,120,135,5.98642
83,121,122,6.31729
83,121,136,6.83028
83,122,123,3.23139
83,122,137,7.50075
83,123,124,8.94355
83,123,138,7.92713
83,124,125,10.0
83,124,139,7.00434
83,125,126,10.27305
83,125,140,7.54872
83,126,127,7.05045
83,126,141,3.23139
83,127,128,8.94355
83,127,142,5.18833
83,128,129,7.97665
83,128,143,8.70836
83,129,130,7.05045
83,129,144,3.68381
83,130,131,8.15018
83,130,145,6.31729
83,131,132,8.15018
83,131,146,6.36069
83,132,133,7.50075
83,132,147,10.88757
83,133,134,8.94355
83,133,148,8.15018
83,134,149,5.18833
83,135,136,8.94355
83,135,150,10.0
83,136,137,6.31729
83,136,151,10.0
83,137,138,6.31729
83,137,152,3.9602
83,138,139,7.54872
83,138,153,5.80044
83,139,140,4.47812
83,139,154,10.0
83,140,141,4.47812
83,140,155,7.50075
83,141,142,3.23139
83,141,156,9.41417
83,142,143,7.05045
83,142,157,7.05045
83,143,144,8.7606
83,143,158,3.68381
83,144,145,7.54872
83,144,159,5.18833
83,145,146,8.94355
83,145,160,4.47812
83,146,147,5.98642
83,146,161,4.31168
83,147,148,7.92713
83,147,162,12.3649
83,148,149,8.70836
83,148,163,5.98642
83,149,164,7.97665
83,150,151,9.41417
83,150,165,5.18833
83,151,152,6.83028
83,151,166,9.41417
83,152,153,5.36216
83,152,167,4.47812
83,153,154,7.00434
83,153,168,11.41183
83,154,155,10.27305
83,154,169,7.05045
83,155,156,7.54872
83,155,170,8.70836
83,156,157,8.94355
83,156,171,7.05045
83,157,158,4.31168
83,157,172,7.05045
83,158,159,7.92713
83,158,173,3.23139
83,159,160,4.47812
83,159,174,5.94456
83,160,161,10.0
83,160,175,6.78502
83,161,162,6.36069
83,161,176,3.9602
83,162,163,7.97665
83,162,177,7.92713
83,163,164,10.0
83,163,178,5.36216
83,164,179,7.54872
83,165,166,7.97665
83,165,180,11.41183
83,166,167,7.50075
83,166,181,3.68381
83,167,168,3.68381
83,167,182,9.41417
83,168,169,7.50075
83,168,183,3.9602
83,169,170,8.70836
83,169,184,8.94355
83,170,171,7.05045
83,170,185,4.47812
83,171,172,7.00434
83,171,186,3.68381
83,172,173,3.68381
83,172,187,5.94456
83,173,174,5.80044
83,173,188,4.47812
83,174,175,11.41183
83,174,189,3.23139
83,175,176,7.50075
83,175,190,10.27305
83,176,177,5.18833
83,176,191,8.70836
83,177,178,4.31168
83,177,192,7.50075
83,178,179,8.94355
83,178,193,5.36216
83,179,194,7.05045
83,180,181,8.15018
83,180,195,5.18833
83,181,182,7.50075
83,181,196,4.85829
83,182,183,6.36069
83,182,197,10.88757
83,183,184,7.50075
83,183,198,5.18833
83,184,185,5.18833
83,184,199,9.41417
83,185,186,12.3649
83,185,200,3.23139
83,186,187,10.0
83,186,201,4.85829
83,187,188,5.18833
83,187,202,10.27305
83,188,189,5.36216
83,188,203,8.15018
83,189,190,4.85829
83,189,204,8.94355
83,190,191,10.0
83,190,205,3.9602
83,191,192,7.05045
83,191,206,7.97665
83,192,193,5.80044
83,192,207,7.54872
83,193,194,7.92713
83,193,208,7.50075
83,194,209,12.3649
83,195,196,5.80044
83,195,210,7.97665
83,196,197,7.97665
83,196,211,7.54872
83,197,198,7.50075
83,197,212,7.97665
83,198,199,7.00434
83,198,213,5.80044
83,199,200,8.15018
83,199,214,8.70836
83,200,201,7.50075
83,200,215,6.31729
83,201,202,6.78502
83,201,216,4.85829
83,202,203,8.15018
83,202,217,8.15018
83,203,204,6.83028
83,203,218,7.05045
83,204,205,7.54872
83,204,219,5.98642
83,205,206,5.32302
83,205,220,4.85829
83,206,207,5.36216
83,206,221,11.41183
83,207,208,3.9602
83,207,222,12.3649
83,208,209,7.00434
83,208,223,4.85829
83,209,224,8.70836
83,210,211,5.18833
83,211,212,7.00434
83,212,213,3.23139
83,213,214,5.80044
83,214,215,5.18833
83,215,216,3.23139
83,216,217,4.85829
83,217,218,5.32302
83,218,219,6.83028
83,219,220,10.27305
83,220,221,7.97665
83,221,222,5.18833
83,222,223,5.98642
83,223,224,6.36069
84,0,1,9.97855
84,0,15,8.85808
84,1,2,11.7904
84,1,16,8.79053
84,2,3,11.7904
84,2,17,10.55848
84,3,4,6.85623
84,3,18,9.38047
84,4,5,6.85623
84,4,19,10.0
84,5,6,7.73079
84,5,20,10.0
84,6,7,10.55848
84,6,21,6.85623
84,7,8,8.77057
84,7,22,6.91481
84,8,9,9.90633
84,8,23,6.93223
84,9,10,12.88328
84,9,24,11.56536
84,10,11,7.73079
84,10,25,5.12087
84,11,12,9.38047
84,11,26,6.91481
84,12,13,10.0
84,12,27,8.85808
84,13,14,6.91481
84,13,28,10.55848
84,14,29,9.31071
84,15,16,8.79053
84,15,30,9.31071
84,16,17,8.2149
84,16,31,9.31071
84,17,18,7.91066
84,17,32,5.94257
84,18,19,11.1965
84,18,33,14.34064
84,19,20,8.77057
84,19,34,14.25258
84,20,21,8.2149
84,20,35,5.94257
84,21,22,6.85623
84,21,36,8.85808
84,22,23,9.29009
84,22,37,14.36679
84,23,24,11.7904
84,23,38,14.36679
84,24,25,9.90633
84,24,39,6.91481
84,25,26,10.0
84,25,40,8.79053
84,26,27,10.53637
84,26,41,12.85863
84,27,28,10.46194
84,27,42,6.93223
84,28,29,10.0
84,28,43,9.29009
84,29,44,12.85863
84,30,31,5.95849
84,30,45,5.95849
84,31,32,5.94257
84,31,46,9.29009
84,32,33,14.36679
84,32,47,5.95849
84,33,34,10.0
84,33,48,6.93223
84,34,35,9.29009
84,34,49,9.90633
84,35,36,9.38047
84,35,50,11.1965
84,36,37,6.91481
84,36,51,15.81679
84,37,38,6.01242
84,37,52,8.77057
84,38,39,6.01242
84,38,53,8.2149
84,39,40,14.25258
84,39,54,14.34064
84,40,41,7.73079
84,40,55,7.91066
84,41,42,14.25258
84,41,56,5.95849
84,42,43,10.53637
84,42,57,15.81679
84,43,44,8.79053
84,43,58,11.7904
84,44,59,6.91481
84,45,46,10.55848
84,45,60,6.93223
84,46,47,7.91066
84,46,61,8.85808
84,47,48,5.94257
84,47,62,14.34064
84,48,49,5.12087
84,48,63,6.93223
84,49,50,14.36679
84,49,64,9.38047
84,50,51,5.94257
84,50,65,14.25258
84,51,52,15.81679
84,51,66,9.29009
84,52,53,6.85623
84,52,67,6.93223
84,53,54,6.01242
84,53,68,11.1965
84,54,55,5.94257
84,54,69,11.56536
84,55,56,10.0
84,55,70,5.95849
84,56,57,6.91481
84,56,71,8.2149
84,57,58,11.7904
84,57,72,12.96668
84,58,59,12.88328
84,58,73,6.91481
84,59,74,11.1965
84,60,61,14.36679
84,60,75,14.36679
84,61,62,8.2149
84,61,76,9.97855
84,62,63,6.01242
84,62,77,9.90633
84,63,64,15.81679
84,63,78,8.77057
84,64,65,9.90633
84,64,79,8.79053
84,65,66,8.77057
84,65,80,8.2149
84,66,67,7.73079
84,66,81,6.93223
84,67,68,8.2149
84,67,82,6.85623
84,68,69,9.38047
84,68,83,5.94257
84,69,70,14.36679
84,69,84,7.91066
84,70,71,5.95849
84,70,85,10.0
84,71,72,12.96668
84,71,86,8.79053
84,72,73,12.85863
84,72,87,9.38047
84,73,74,14.25258
84,73,88,9.31071
84,74,89,6.85623
84,75,76,9.90633
84,75,90,10.55848
84,76,77,14.25258
84,76,91,6.85623
84,77,78,11.1965
84,77,92,8.77057
84,78,79,7.91066
84,78,93,11.7904
84,79,80,11.7904
84,79,94,9.29009
84,80,81,9.38047
84,80,95,6.91481
84,81,82,8.77057
84,81,96,10.55848
84,82,83,12.96668
84,82,97,8.77057
84,83,84,11.1965
84,83,98,5.95849
84,84,85,10.53637
84,84,99,14.25258
84,85,86,10.55848
84,85,100,6.93223
84,86,87,7.73079
84,86,101,11.56536
84,87,88,7.91066
84,87,102,14.25258
84,88,89,14.36679
84,88,103,12.96668
84,89,104,10.53637
84,90,91,6.85623
84,90,105,7.91066
84,91,92,9.97855
84,91,106,9.31071
84,92,93,8.85808
84,92,107,11.7904
84,93,94,8.85808
84,93,108,11.1965
84,94,95,11.7904
84,94,109,9.29009
84,95,96,5.95849
84,95,110,11.7904
84,96,97,10.53637
84,96,111,9.97855
84,97,98,6.93223
84,97,112,12.88328
84,98,99,7.73079
84,98,113,8.79053
84,99,100,9.38047
84,99,114,12.85863
84,100,101,9.90633
84,100,115,8.79053
84,101,102,7.73079
84,101,116,6.01242
84,102,103,5.94257
84,102,117,9.31071
84,103,104,7.91066
84,103,118,12.85863
84,104,119,12.96668
84,105,106,10.53637
84,105,120,10.0
84,106,107,11.7904
84,106,121,11.1965
84,107,108,6.85623
84,107,122,14.25258
84,108,109,5.12087
84,108,123,14.25258
84,109,110,15.81679
84,109,124,12.88328
84,110,111,14.34064
84,110,125,14.25258
84,111,112,6.91481
84,111,126,9.31071
84,112,113,9.90633
84,112,127,14.25258
84,113,114,14.36679
84,113,128,10.46194
84,114,115,9.38047
84,114,129,9.90633
84,115,116,7.73079
84,115,130,11.7904
84,116,117,10.55848
84,116,131,8.2149
84,117,118,12.96668
84,117,132,6.01242
84,118,119,14.34064
84,118,133,9.97855
84,119,134,10.0
84,120,121,9.38047
84,120,135,6.85623
84,121,122,9.38047
84,121,136,8.79053
84,122,123,5.12087
84,122,137,9.97855
84,123,124,7.91066
84,123,138,12.96668
84,124,125,10.0
84,124,139,10.53637
84,125,126,11.7904
84,125,140,9.90633
84,126,127,10.46194
84,126,141,5.12087
84,127,128,7.91066
84,127,142,11.56536
84,128,129,12.88328
84,128,143,14.34064
84,129,130,10.46194
84,129,144,5.94257
84,130,131,6.93223
84,130,145,9.38047
84,131,132,6.93223
84,131,146,9.31071
84,132,133,9.97855
84,132,147,11.1965
84,133,134,7.91066
84,133,148,6.93223
84,134,149,11.56536
84,135,136,7.91066
84,135,150,10.0
84,136,137,9.38047
84,136,151,10.0
84,137,138,9.38047
84,137,152,8.2149
84,138,139,9.90633
84,138,153,12.85863
84,139,140,9.29009
84,139,154,10.0
84,140,141,9.29009
84,140,155,9.97855
84,141,142,5.12087
84,141,156,10.55848
84,142,143,10.46194
84,142,157,10.46194
84,143,144,14.25258
84,143,158,5.94257
84,144,145,9.90633
84,144,159,11.56536
84,145,146,7.91066
84,145,160,9.29009
84,146,147,6.85623
84,146,161,7.73079
84,147,148,12.96668
84,147,162,15.81679
84,148,149,14.34064
84,148,163,6.85623
84,149,164,12.88328
84,150,151,10.55848
84,150,165,11.56536
84,151,152,8.79053
84,151,166,10.55848
84,152,153,5.95849
84,152,167,9.29009
84,153,154,10.53637
84,153,168,14.36679
84,154,155,11.7904
84,154,169,10.46194
84,155,156,9.90633
84,155,170,14.34064
84,156,157,7.91066
84,156,171,10.46194
84,157,158,7.73079
84,157,172,10.46194
84,158,159,12.96668
84,158,173,5.12087
84,159,160,9.29009
84,159,174,6.91481
84,160,161,10.0
84,160,175,8.85808
84,161,162,9.31071
84,161,176,8.2149
84,162,163,12.88328
84,162,177,12.96668
84,163,164,10.0
84,163,178,5.95849
84,164,179,9.90633
84,165,166,12.88328
84,165,180,14.36679
84,166,167,9.97855
84,166,181,5.94257
84,167,168,5.94257
84,167,182,10.55848
84,168,169,9.97855
84,168,183,8.2149
84,169,170,14.34064
84,169,184,7.91066
84,170,171,10.46194
84,170,185,9.29009
84,171,172,10.53637
84,171,186,5.94257
84,172,173,5.94257
84,172,187,6.91481
84,173,174,12.85863
84,173,188,9.29009
84,174,175,14.36679
84,174,189,5.12087
84,175,176,9.97855
84,175,190,11.7904
84,176,177,11.56536
84,176,191,14.34064
84,177,178,7.73079
84,177,192,9.97855
84,178,179,7.91066
84,178,193,5.95849
84,179,194,10.46194
84,180,181,6.93223
84,180,195,11.56536
84,181,182,9.97855
84,181,196,8.77057
84,182,183,9.31071
84,182,197,11.1965
84,183,184,9.97855
84,183,198,11.56536
84,184,185,11.56536
84,184,199,10.55848
84,185,186,15.81679
84,185,200,5.12087
84,186,187,10.0
84,186,201,8.77057
84,187,188,11.56536
84,187,202,11.7904
84,188,189,5.95849
84,188,203,6.93223
84,189,190,8.77057
84,189,204,7.91066
84,190,191,10.0
84,190,205,8.2149
84,191,192,10.46194
84,191,206,12.88328
84,192,193,12.85863
84,192,207,9.90633
84,193,194,12.96668
84,193,208,9.97855
84,194,209,15.81679
84,195,196,12.85863
84,195,210,12.88328
84,196,197,12.88328
84,196,211,9.90633
84,197,198,9.97855
84,197,212,12.88328
84,198,199,10.53637
84,198,213,12.85863
84,199,200,6.93223
84,199,214,14.34064
84,200,201,9.97855
84,200,215,9.38047
84,201,202,8.85808
84,201,216,8.77057
84,202,203,6.93223
84,202,217,6.93223
84,203,204,8.79053
84,203,218,10.46194
84,204,205,9.90633
84,204,219,6.85623
84,205,206,6.01242
84,205,220,8.77057
84,206,207,5.95849
84,206,221,14.36679
84,207,208,8.2149
84,207,222,15.81679
84,208,209,10.53637
84,208,223,8.77057
84,209,224,14.34064
84,210,211,11.56536
84,211,212,10.53637
84,212,213,5.12087
84,213,214,12.85863
84,214,215,11.56536
84,215,216,5.12087
84,216,217,8.77057
84,217,218,6.01242
84,218,219,8.79053
84,219,220,11.7904
84,220,221,12.88328
84,221,222,11.56536
84,222,223,6.85623
84,223,224,9.31071
85,0,1,14.80525
85,0,15,10.18068
85,1,2,16.46057
85,1,16,13.94828
85,2,3,16.46057
85,2,17,11.53921
85,3,4,24.45
85,3,18,11.73465
85,4,5,24.45
85,4,19,10.0
85,5,6,14.16482
85,5,20,10.0
85,6,7,11.53921
85,6,21,24.45
85,7,8,19.60985
85,7,22,19.26803
85,8,9,19.35223
85,8,23,13.66342
85,9,10,11.79922
85,9,24,11.99705
85,10,11,14.16482
85,10,25,18.53017
85,11,12,11.73465
85,11,26,19.26803
85,12,13,10.0
85,12,27,10.18068
85,13,14,19.26803
85,13,28,11.53921
85,14,29,15.78238
85,15,16,13.94828
85,15,30,15.78238
85,16,17,16.01369
85,16,31,15.78238
85,17,18,19.01279
85,17,32,24.74109
85,18,19,14.58349
85,18,33,12.58304
85,19,20,19.60985
85,19,34,16.77516
85,20,21,16.01369
85,20,35,24.74109
85,21,22,24.45
85,21,36,10.18068
85,22,23,21.79659
85,22,37,8.22451
85,23,24,16.46057
85,23,38,8.22451
85,24,25,19.35223
85,24,39,19.26803
85,25,26,10.0
85,25,40,13.94828
85,26,27,16.6971
85,26,41,17.01407
85,27,28,21.52421
85,27,42,13.66342
85,28,29,10.0
85,28,43,21.79659
85,29,44,17.01407
85,30,31,18.28016
85,30,45,18.28016
85,31,32,24.74109
85,31,46,21.79659
85,32,33,8.22451
85,32,47,18.28016
85,33,34,10.0
85,33,48,13.66342
85,34,35,21.79659
85,34,49,19.35223
85,35,36,11.73465
85,35,50,14.58349
85,36,37,19.26803
85,36,51,12.37999
85,37,38,13.87757
85,37,52,19.60985
85,38,39,13.87757
85,38,53,16.01369
85,39,40,16.77516
85,39,54,12.58304
85,40,41,14.16482
85,40,55,19.01279
85,41,42,16.77516
85,41,56,18.28016
85,42,43,16.6971
85,42,57,12.37999
85,43,44,13.94828
85,43,58,16.46057
85,44,59,19.26803
85,45,46,11.53921
85,45,60,13.66342
85,46,47,19.01279
85,46,61,10.18068
85,47,48,24.74109
85,47,62,12.58304
85,48,49,18.53017
85,48,63,13.66342
85,49,50,8.22451
85,49,64,11.73465
85,50,51,24.74109
85,50,65,16.77516
85,51,52,12.37999
85,51,66,21.79659
85,52,53,24.45
85,52,67,13.66342
85,53,54,13.87757
85,53,68,14.58349
85,54,55,24.74109
85,54,69,11.99705
85,55,56,10.0
85,55,70,18.28016
85,56,57,19.26803
85,56,71,16.01369
85,57,58,16.46057
85,57,72,8.38648
85,58,59,11.79922
85,58,73,19.26803
85,59,74,14.58349
85,60,61,8.22451
85,60,75,8.22451
85,61,62,16.01369
85,61,76,14.80525
85,62,63,13.87757
85,62,77,19.35223
85,63,64,12.37999
85,63,78,19.60985
85,64,65,19.35223
85,64,79,13.94828
85,65,66,19.60985
85,65,80,16.01369
85,66,67,14.16482
85,66,81,13.66342
85,67,68,16.01369
85,67,82,24.45
85,68,69,11.73465
85,68,83,24.74109
85,69,70,8.22451
85,69,84,19.01279
85,70,71,18.28016
85,70,85,10.0
85,71,72,8.38648
85,71,86,13.94828
85,72,73,17.01407
85,72,87,11.73465
85,73,74,16.77516
85,73,88,15.78238
85,74,89,24.45
85,75,76,19.35223
85,75,90,11.53921
85,76,77,16.77516
85,76,91,24.45
85,77,78,14.58349
85,77,92,19.60985
85,78,79,19.01279
85,78,93,16.46057
85,79,80,16.46057
85,79,94,21.79659
85,80,81,11.73465
85,80,95,19.26803
85,81,82,19.60985
85,81,96,11.53921
85,82,83,8.38648
85,82,97,19.60985
85,83,84,14.58349
85,83,98,18.28016
85,84,85,16.6971
85,84,99,16.77516
85,85,86,11.53921
85,85,100,13.66342
85,86,87,14.16482
85,86,101,11.99705
85,87,88,19.01279
85,87,102,16.77516
85,88,89,8.22451
85,88,103,8.38648
85,89,104,16.6971
85,90,91,24.45
85,90,105,19.01279
85,91,92,14.80525
85,91,106,15.78238
85,92,93,10.18068
85,92,107,16.46057
85,93,94,10.18068
85,93,108,14.58349
85,94,95,16.46057
85,94,109,21.79659
85,95,96,18.28016
85,95,110,16.46057
85,96,97,16.6971
85,96,111,14.80525
85,97,98,13.66342
85,97,112,11.79922
85,98,99,14.16482
85,98,113,13.94828
85,99,100,11.73465
85,99,114,17.01407
85,100,101,19.35223
85,100,115,13.94828
85,101,102,14.16482
85,101,116,13.87757
85,102,103,24.74109
85,102,117,15.78238
85,103,104,19.01279
85,103,118,17.01407
85,104,119,8.38648
85,105,106,16.6971
85,105,120,10.0
85,106,107,16.46057
85,106,121,14.58349
85,107,108,24.45
85,107,122,16.77516
85,108,109,18.53017
85,108,123,16.77516
85,109,110,12.37999
85,109,124,11.79922
85,110,111,12.58304
85,110,125,16.77516
85,111,112,19.26803
85,111,126,15.78238
85,112,113,19.35223
85,112,127,16.77516
85,113,114,8.22451
85,113,128,21.52421
85,114,115,11.73465
85,114,129,19.35223
85,115,116,14.16482
85,115,130,16.46057
85,116,117,11.53921
85,116,131,16.01369
85,117,118,8.38648
85,117,132,13.87757
85,118,119,12.58304
85,118,133,14.80525
85,119,134,10.0
85,120,121,11.73465
85,120,135,24.45
85,121,122,11.73465
85,121,136,13.94828
85,122,123,18.53017
85,122,137,14.80525
85,123,124,19.01279
85,123,138,8.38648
85,124,125,10.0
85,124,139,16.6971
85,125,126,16.46057
85,125,140,19.35223
85,126,127,21.52421
85,126,141,18.53017
85,127,128,19.01279
85,127,142,11.99705
85,128,129,11.79922
85,128,143,12.58304
85,129,130,21.52421
85,129,144,24.74109
85,130,131,13.66342
85,130,145,11.73465
85,131,132,13.66342
85,131,146,15.78238
85,132,133,14.80525
85,132,147,14.58349
85,133,134,19.01279
85,133,148,13.66342
85,134,149,11.99705
85,135,136,19.01279
85,135,150,10.0
85,136,137,11.73465
85,136,151,10.0
85,137,138,11.73465
85,137,152,16.01369
85,138,139,19.35223
85,138,153,17.01407
85,139,140,21.79659
85,139,154,10.0
85,140,141,21.79659
85,140,155,14.80525
85,141,142,18.53017
85,141,156,11.53921
85,142,143,21.52421
85,142,157,21.52421
85,143,144,16.77516
85,143,158,24.74109
85,144,145,19.35223
85,144,159,11.99705
85,145,146,19.01279
85,145,160,21.79659
85,146,147,24.45
85,146,161,14.16482
85,147,148,8.38648
85,147,162,12.37999
85,148,149,12.58304
85,148,163,24.45
85,149,164,11.79922
85,150,151,11.53921
85,150,165,11.99705
85,151,152,13.94828
85,151,166,11.53921
85,152,153,18.28016
85,152,167,21.79659
85,153,154,16.6971
85,153,168,8.22451
85,154,155,16.46057
85,154,169,21.52421
85,155,156,19.35223
85,155,170,12.58304
85,156,157,19.01279
85,156,171,21.52421
85,157,158,14.16482
85,157,172,21.52421
85,158,159,8.38648
85,158,173,18.53017
85,159,160,21.79659
85,159,174,19.26803
85,160,161,10.0
85,160,175,10.18068
85,161,162,15.78238
85,161,176,16.01369
85,162,163,11.79922
85,162,177,8.38648
85,163,164,10.0
85,163,178,18.28016
85,164,179,19.35223
85,165,166,11.79922
85,165,180,8.22451
85,166,167,14.80525
85,166,181,24.74109
85,167,168,24.74109
85,167,182,11.53921
85,168,169,14.80525
85,168,183,16.01369
85,169,170,12.58304
85,169,184,19.01279
85,170,171,21.52421
85,170,185,21.79659
85,171,172,16.6971
85,171,186,24.74109
85,172,173,24.74109
85,172,187,19.26803
85,173,174,17.01407
85,173,188,21.79659
85,174,175,8.22451
85,174,189,18.53017
85,175,176,14.80525
85,175,190,16.46057
85,176,177,11.99705
85,176,191,12.58304
85,177,178,14.16482
85,177,192,14.80525
85,178,179,19.01279
85,178,193,18.28016
85,179,194,21.52421
85,180,181,13.66342
85,180,195,11.99705
85,181,182,14.80525
85,181,196,19.60985
85,182,183,15.78238
85,182,197,14.58349
85,183,184,14.80525
85,183,198,11.99705
85,184,185,11.99705
85,184,199,11.53921
85,185,186,12.37999
85,185,200,18.53017
85,186,187,10.0
85,186,201,19.60985
85,187,188,11.99705
85,187,202,16.46057
85,188,189,18.28016
85,188,203,13.66342
85,189,190,19.60985
85,189,204,19.01279
85,190,191,10.0
85,190,205,16.01369
85,191,192,21.52421
85,191,206,11.79922
85,192,193,17.01407
85,192,207,19.35223
85,193,194,8.38648
85,193,208,14.80525
85,194,209,12.37999
85,195,196,17.01407
85,195,210,11.79922
85,196,197,11.79922
85,196,211,19.35223
85,197,198,14.80525
85,197,212,11.79922
85,198,199,16.6971
85,198,213,17.01407
85,199,200,13.66342
85,199,214,12.58304
85,200,201,14.80525
85,200,215,11.73465
85,201,202,10.18068
85,201,216,19.60985
85,202,203,13.66342
85,202,217,13.66342
85,203,204,13.94828
85,203,218,21.52421
85,204,205,19.35223
85,204,219,24.45
85,205,206,13.87757
85,205,220,19.60985
85,206,207,18.28016
85,206,221,8.22451
85,207,208,16.01369
85,207,222,12.37999
85,208,209,16.6971
85,208,223,19.60985
85,209,224,12.58304
85,210,211,11.99705
85,211,212,16.6971
85,212,213,18.53017
85,213,214,17.01407
85,214,215,11.99705
85,215,216,18.53017
85,216,217,19.60985
85,217,218,13.87757
85,218,219,13.94828
85,219,220,16.46057
85,220,221,11.79922
85,221,222,11.99705
85,222,223,24.45
85,223,224,15.78238
86,0,1,9.86367
86,0,15,12.05943
86,1,2,7.07688
86,1,16,15.6383
86,2,3,7.07688
86,2,17,8.91585
86,3,4,13.51427
86,3,18,10.85384
86,4,5,13.51427
86,4,19,10.0
86,5,6,18.23558
86,5,20,10.0
86,6,7,8.91585
86,6,21,13.51427
86,7,8,15.4643
86,7,22,10.22409
86,8,9,13.09387
86,8,23,10.36315
86,9,10,13.81346
86,9,24,16.25028
86,10,11,18.23558
86,10,25,18.73675
86,11,12,10.85384
86,11,26,10.22409
86,12,13,10.0
86,12,27,12.05943
86,13,14,10.22409
86,13,28,8.91585
86,14,29,14.24607
86,15,16,15.6383
86,15,30,14.24607
86,16,17,16.72191
86,16,31,14.24607
86,17,18,8.35249
86,17,32,15.92371
86,18,19,8.03109
86,18,33,8.45715
86,19,20,15.4643
86,19,34,11.44071
86,20,21,16.72191
86,20,35,15.92371
86,21,22,13.51427
86,21,36,12.05943
86,22,23,14.08057
86,22,37,8.58223
86,23,24,7.07688
86,23,38,8.58223
86,24,25,13.09387
86,24,39,10.22409
86,25,26,10.0
86,25,40,15.6383
86,26,27,8.78803
86,26,41,13.65069
86,27,28,11.83158
86,27,42,10.36315
86,28,29,10.0
86,28,43,14.08057
86,29,44,13.65069
86,30,31,16.10045
86,30,45,16.10045
86,31,32,15.92371
86,31,46,14.08057
86,32,33,8.58223
86,32,47,16.10045
86,33,34,10.0
86,33,48,10.36315
86,34,35,14.08057
86,34,49,13.09387
86,35,36,10.85384
86,35,50,8.03109
86,36,37,10.22409
86,36,51,6.78502
86,37,38,12.4616
86,37,52,15.4643
86,38,39,12.4616
86,38,53,16.72191
86,39,40,11.44071
86,39,54,8.45715
86,40,41,18.23558
86,40,55,8.35249
86,41,42,11.44071
86,41,56,16.10045
86,42,43,8.78803
86,42,57,6.78502
86,43,44,15.6383
86,43,58,7.07688
86,44,59,10.22409
86,45,46,8.91585
86,45,60,10.36315
86,46,47,8.35249
86,46,61,12.05943
86,47,48,15.92371
86,47,62,8.45715
86,48,49,18.73675
86,48,63,10.36315
86,49,50,8.58223
86,49,64,10.85384
86,50,51,15.92371
86,50,65,11.44071
86,51,52,6.78502
86,51,66,14.08057
86,52,53,13.51427
86,52,67,10.36315
86,53,54,12.4616
86,53,68,8.03109
86,54,55,15.92371
86,54,69,16.25028
86,55,56,10.0
86,55,70,16.10045
86,56,57,10.22409
86,56,71,16.72191
86,57,58,7.07688
86,57,72,10.48121
86,58,59,13.81346
86,58,73,10.22409
86,59,74,8.03109
86,60,61,8.58223
86,60,75,8.58223
86,61,62,16.72191
86,61,76,9.86367
86,62,63,12.4616
86,62,77,13.09387
86,63,64,6.78502
86,63,78,15.4643
86,64,65,13.09387
86,64,79,15.6383
86,65,66,15.4643
86,65,80,16.72191
86,66,67,18.23558
86,66,81,10.36315
86,67,68,16.72191
86,67,82,13.51427
86,68,69,10.85384
86,68,83,15.92371
86,69,70,8.58223
86,69,84,8.35249
86,70,71,16.10045
86,70,85,10.0
86,71,72,10.48121
86,71,86,15.6383
86,72,73,13.65069
86,72,87,10.85384
86,73,74,11.44071
86,73,88,14.24607
86,74,89,13.51427
86,75,76,13.09387
86,75,90,8.91585
86,76,77,11.44071
86,76,91,13.51427
86,77,78,8.03109
86,77,92,15.4643
86,78,79,8.35249
86,78,93,7.07688
86,79,80,7.07688
86,79,94,14.08057
86,80,81,10.85384
86,80,95,10.22409
86,81,82,15.4643
86,81,96,8.91585
86,82,83,10.48121
86,82,97,15.4643
86,83,84,8.03109
86,83,98,16.10045
86,84,85,8.78803
86,84,99,11.44071
86,85,86,8.91585
86,85,100,10.36315
86,86,87,18.23558
86,86,101,16.25028
86,87,88,8.35249
86,87,102,11.44071
86,88,89,8.58223
86,88,103,10.48121
86,89,104,8.78803
86,90,91,13.51427
86,90,105,8.35249
86,91,92,9.86367
86,91,106,14.24607
86,92,93,12.05943
86,92,107,7.07688
86,93,94,12.05943
86,93,108,8.03109
86,94,95,7.07688
86,94,109,14.08057
86,95,96,16.10045
86,95,110,7.07688
86,96,97,8.78803
86,96,111,9.86367
86,97,98,10.36315
86,97,112,13.81346
86,98,99,18.23558
86,98,113,15.6383
86,99,100,10.85384
86,99,114,13.65069
86,100,101,13.09387
86,100,115,15.6383
86,101,102,18.23558
86,101,116,12.4616
86,102,103,15.92371
86,102,117,14.24607
86,103,104,8.35249
86,103,118,13.65069
86,104,119,10.48121
86,105,106,8.78803
86,105,120,10.0
86,106,107,7.07688
86,106,121,8.03109
86,107,108,13.51427
86,107,122,11.44071
86,108,109,18.73675
86,108,123,11.44071
86,109,110,6.78502
86,109,124,13.81346
86,110,111,8.45715
86,110,125,11.44071
86,111,112,10.22409
86,111,126,14.24607
86,112,113,13.09387
86,112,127,11.44071
86,113,114,8.58223
86,113,128,11.83158
86,114,115,10.85384
86,114,129,13.09387
86,115,116,18.23558
86,115,130,7.07688
86,116,117,8.91585
86,116,131,16.72191
86,117,118,10.48121
86,117,132,12.4616
86,118,119,8.45715
86,118,133,9.86367
86,119,134,10.0
86,120,121,10.85384
86,120,135,13.51427
86,121,122,10.85384
86,121,136,15.6383
86,122,123,18.73675
86,122,137,9.86367
86,123,124,8.35249
86,123,138,10.48121
86,124,125,10.0
86,124,139,8.78803
86,125,126,7.07688
86,125,140,13.09387
86,126,127,11.83158
86,126,141,18.73675
86,127,128,8.35249
86,127,142,16.25028
86,128,129,13.81346
86,128,143,8.45715
86,129,130,11.83158
86,129,144,15.92371
86,130,131,10.36315
86,130,145,10.85384
86,131,132,10.36315
86,131,146,14.24607
86,132,133,9.86367
86,132,147,8.03109
86,133,134,8.35249
86,133,148,10.36315
86,134,149,16.25028
86,135,136,8.35249
86,135,150,10.0
86,136,137,10.85384
86,136,151,10.0
86,137,138,10.85384
86,137,152,16.72191
86,138,139,13.09387
86,138,153,13.65069
86,139,140,14.08057
86,139,154,10.0
86,140,141,14.08057
86,140,155,9.86367
86,141,142,18.73675
86,141,156,8.91585
86,142,143,11.83158
86,142,157,11.83158
86,143,144,11.44071
86,143,158,15.92371
86,144,145,13.09387
86,144,159,16.25028
86,145,146,8.35249
86,145,160,14.08057
86,146,147,13.51427
86,146,161,18.23558
86,147,148,10.48121
86,147,162,6.78502
86,148,149,8.45715
86,148,163,13.51427
86,149,164,13.81346
86,150,151,8.91585
86,150,165,16.25028
86,151,152,15.6383
86,151,166,8.91585
86,152,153,16.10045
86,152,167,14.08057
86,153,154,8.78803
86,153,168,8.58223
86,154,155,7.07688
86,154,169,11.83158
86,155,156,13.09387
86,155,170,8.45715
86,156,157,8.35249
86,156,171,11.83158
86,157,158,18.23558
86,157,172,11.83158
86,158,159,10.48121
86,158,173,18.73675
86,159,160,14.08057
86,159,174,10.22409
86,160,161,10.0
86,160,175,12.05943
86,161,162,14.24607
86,161,176,16.72191
86,162,163,13.81346
86,162,177,10.48121
86,163,164,10.0
86,163,178,16.10045
86,164,179,13.09387
86,165,166,13.81346
86,165,180,8.58223
86,166,167,9.86367
86,166,181,15.92371
86,167,168,15.92371
86,167,182,8.91585
86,168,169,9.86367
86,168,183,16.72191
86,169,170,8.45715
86,169,184,8.35249
86,170,171,11.83158
86,170,185,14.08057
86,171,172,8.78803
86,171,186,15.92371
86,172,173,15.92371
86,172,187,10.22409
86,173,174,13.65069
86,173,188,14.08057
86,174,175,8.58223
86,174,189,18.73675
86,175,176,9.86367
86,175,190,7.07688
86,176,177,16.25028
86,176,191,8.45715
86,177,178,18.23558
86,177,192,9.86367
86,178,179,8.35249
86,178,193,16.10045
86,179,194,11.83158
86,180,181,10.36315
86,180,195,16.25028
86,181,182,9.86367
86,181,196,15.4643
86,182,183,14.24607
86,182,197,8.03109
86,183,184,9.86367
86,183,198,16.25028
86,184,185,16.25028
86,184,199,8.91585
86,185,186,6.78502
86,185,200,18.73675
86,186,187,10.0
86,186,201,15.4643
86,187,188,16.25028
86,187,202,7.07688
86,188,189,16.10045
86,188,203,10.36315
86,189,190,15.4643
86,189,204,8.35249
86,190,191,10.0
86,190,205,16.72191
86,191,192,11.83158
86,191,206,13.81346
86,192,193,13.65069
86,192,207,13.09387
86,193,194,10.48121
86,193,208,9.86367
86,194,209,6.78502
86,195,196,13.65069
86,195,210,13.81346
86,196,197,13.81346
86,196,211,13.09387
86,197,198,9.86367
86,197,212,13.81346
86,198,199,8.78803
86,198,213,13.65069
86,199,200,10.36315
86,199,214,8.45715
86,200,201,9.86367
86,200,215,10.85384
86,201,202,12.05943
86,201,216,15.4643
86,202,203,10.36315
86,202,217,10.36315
86,203,204,15.6383
86,203,218,11.83158
86,204,205,13.09387
86,204,219,13.51427
86,205,206,12.4616
86,205,220,15.4643
86,206,207,16.10045
86,206,221,8.58223
86,207,208,16.72191
86,207,222,6.78502
86,208,209,8.78803
86,208,223,15.4643
86,209,224,8.45715
86,210,211,16.25028
86,211,212,8.78803
86,212,213,18.73675
86,213,214,13.65069
86,214,215,16.25028
86,215,216,18.73675
86,216,217,15.4643
86,217,218,12.4616
86,218,219,15.6383
86,219,220,7.07688
86,220,221,13.81346
86,221,222,16.25028
86,222,223,13.51427
86,223,224,14.24607
87,0,1,10.86227
87,0,15,9.43494
87,1,2,7.07688
87,1,16,11.09678
87,2,3,7.07688
87,2,17,5.96846
87,3,4,13.11565
87,3,18,5.55097
87,4,5,13.11565
87,4,19,10.0
87,5,6,10.49774
87,5,20,10.0
87,6,7,5.96846
87,6,21,13.11565
87,7,8,12.00892
87,7,22,11.2881
87,8,9,12.65316
87,8,23,10.40699
87,9,10,6.4731
87,9,24,6.03447
87,10,11,10.49774
87,10,25,10.91571
87,11,12,5.55097
87,11,26,11.2881
87,12,13,10.0
87,12,27,9.43494
87,13,14,11.2881
87,13,28,5.96846
87,14,29,6.79147
87,15,16,11.09678
87,15,30,6.79147
87,16,17,6.34
87,16,31,6.79147
87,17,18,11.9112
87,17,32,12.45857
87,18,19,11.47253
87,18,33,6.3008
87,19,20,12.00892
87,19,34,7.63369
87,20,21,6.34
87,20,35,12.45857
87,21,22,13.11565
87,21,36,9.43494
87,22,23,7.48707
87,22,37,5.67391
87,23,24,7.07688
87,23,38,5.67391
87,24,25,12.65316
87,24,39,11.2881
87,25,26,10.0
87,25,40,11.09678
87,26,27,6.61419
87,26,41,7.14986
87,27,28,7.98374
87,27,42,10.40699
87,28,29,10.0
87,28,43,7.48707
87,29,44,7.14986
87,30,31,11.5276
87,30,45,11.5276
87,31,32,12.45857
87,31,46,7.48707
87,32,33,5.67391
87,32,47,11.5276
87,33,34,10.0
87,33,48,10.40699
87,34,35,7.48707
87,34,49,12.65316
87,35,36,5.55097
87,35,50,11.47253
87,36,37,11.2881
87,36,51,6.75065
87,37,38,9.82909
87,37,52,12.00892
87,38,39,9.82909
87,38,53,6.34
87,39,40,7.63369
87,39,54,6.3008
87,40,41,10.49774
87,40,55,11.9112
87,41,42,7.63369
87,41,56,11.5276
87,42,43,6.61419
87,42,57,6.75065
87,43,44,11.09678
87,43,58,7.07688
87,44,59,11.2881
87,45,46,5.96846
87,45,60,10.40699
87,46,47,11.9112
87,46,61,9.43494
87,47,48,12.45857
87,47,62,6.3008
87,48,49,10.91571
87,48,63,10.40699
87,49,50,5.67391
87,49,64,5.55097
87,50,51,12.45857
87,50,65,7.63369
87,51,52,6.75065
87,51,66,7.48707
87,52,53,13.11565
87,52,67,10.40699
87,53,54,9.82909
87,53,68,11.47253
87,54,55,12.45857
87,54,69,6.03447
87,55,56,10.0
87,55,70,11.5276
87,56,57,11.2881
87,56,71,6.34
87,57,58,7.07688
87,57,72,5.26926
87,58,59,6.4731
87,58,73,11.2881
87,59,74,11.47253
87,60,61,5.67391
87,60,75,5.67391
87,61,62,6.34
87,61,76,10.86227
87,62,63,9.82909
87,62,77,12.65316
87,63,64,6.75065
87,63,78,12.00892
87,64,65,12.65316
87,64,79,11.09678
87,65,66,12.00892
87,65,80,6.34
87,66,67,10.49774
87,66,81,10.40699
87,67,68,6.34
87,67,82,13.11565
87,68,69,5.55097
87,68,83,12.45857
87,69,70,5.67391
87,69,84,11.9112
87,70,71,11.5276
87,70,85,10.0
87,71,72,5.26926
87,71,86,11.09678
87,72,73,7.14986
87,72,87,5.55097
87,73,74,7.63369
87,73,88,6.79147
87,74,89,13.11565
87,75,76,12.65316
87,75,90,5.96846
87,76,77,7.63369
87,76,91,13.11565
87,77,78,11.47253
87,77,92,12.00892
87,78,79,11.9112
87,78,93,7.07688
87,79,80,7.07688
87,79,94,7.48707
87,80,81,5.55097
87,80,95,11.2881
87,81,82,12.00892
87,81,96,5.96846
87,82,83,5.26926
87,82,97,12.00892
87,83,84,11.47253
87,83,98,11.5276
87,84,85,6.61419
87,84,99,7.63369
87,85,86,5.96846
87,85,100,10.40699
87,86,87,10.49774
87,86,101,6.03447
87,87,88,11.9112
87,87,102,7.63369
87,88,89,5.67391
87,88,103,5.26926
87,89,104,6.61419
87,90,91,13.11565
87,90,105,11.9112
87,91,92,10.86227
87,91,106,6.79147
87,92,93,9.43494
87,92,107,7.07688
87,93,94,9.43494
87,93,108,11.47253
87,94,95,7.07688
87,94,109,7.48707
87,95,96,11.5276
87,95,110,7.07688
87,96,97,6.61419
87,96,111,10.86227
87,97,98,10.40699
87,97,112,6.4731
87,98,99,10.49774
87,98,113,11.09678
87,99,100,5.55097
87,99,114,7.14986
87,100,101,12.65316
87,100,115,11.09678
87,101,102,10.49774
87,101,116,9.82909
87,102,103,12.45857
87,102,117,6.79147
87,103,104,11.9112
87,103,118,7.14986
87,104,119,5.26926
87,105,106,6.61419
87,105,120,10.0
87,106,107,7.07688
87,106,121,11.47253
87,107,108,13.11565
87,107,122,7.63369
87,108,109,10.91571
87,108,123,7.63369
87,109,110,6.75065
87,109,124,6.4731
87,110,111,6.3008
87,110,125,7.63369
87,111,112,11.2881
87,111,126,6.79147
87,112,113,12.65316
87,112,127,7.63369
87,113,114,5.67391
87,113,128,7.98374
87,114,115,5.55097
87,114,129,12.65316
87,115,116,10.49774
87,115,130,7.07688
87,116,117,5.96846
87,116,131,6.34
87,117,118,5.26926
87,117,132,9.82909
87,118,119,6.3008
87,118,133,10.86227
87,119,134,10.0
87,120,121,5.55097
87,120,135,13.11565
87,121,122,5.55097
87,121,136,11.09678
87,122,123,10.91571
87,122,137,10.86227
87,123,124,11.9112
87,123,138,5.26926
87,124,125,10.0
87,124,139,6.61419
87,125,126,7.07688
87,125,140,12.65316
87,126,127,7.98374
87,126,141,10.91571
87,127,128,11.9112
87,127,142,6.03447
87,128,129,6.4731
87,128,143,6.3008
87,129,130,7.98374
87,129,144,12.45857
87,130,131,10.40699
87,130,145,5.55097
87,131,132,10.40699
87,131,146,6.79147
87,132,133,10.86227
87,132,147,11.47253
87,133,134,11.9112
87,133,148,10.40699
87,134,149,6.03447
87,135,136,11.9112
87,135,150,10.0
87,136,137,5.55097
87,136,151,10.0
87,137,138,5.55097
87,137,152,6.34
87,138,139,12.65316
87,138,153,7.14986
87,139,140,7.48707
87,139,154,10.0
87,140,141,7.48707
87,140,155,10.86227
87,141,142,10.91571
87,141,156,5.96846
87,142,143,7.98374
87,142,157,7.98374
87,143,144,7.63369
87,143,158,12.45857
87,144,145,12.65316
87,144,159,6.03447
87,145,146,11.9112
87,145,160,7.48707
87,146,147,13.11565
87,146,161,10.49774
87,147,148,5.26926
87,147,162,6.75065
87,148,149,6.3008
87,148,163,13.11565
87,149,164,6.4731
87,150,151,5.96846
87,150,165,6.03447
87,151,152,11.09678
87,151,166,5.96846
87,152,153,11.5276
87,152,167,7.48707
87,153,154,6.61419
87,153,168,5.67391
87,154,155,7.07688
87,154,169,7.98374
87,155,156,12.65316
87,155,170,6.3008
87,156,157,11.9112
87,156,171,7.98374
87,157,158,10.49774
87,157,172,7.98374
87,158,159,5.26926
87,158,173,10.91571
87,159,160,7.48707
87,159,174,11.2881
87,160,161,10.0
87,160,175,9.43494
87,161,162,6.79147
87,161,176,6.34
87,162,163,6.4731
87,162,177,5.26926
87,163,164,10.0
87,163,178,11.5276
87,164,179,12.65316
87,165,166,6.4731
87,165,180,5.67391
87,166,167,10.86227
87,166,181,12.45857
87,167,168,12.45857
87,167,182,5.96846
87,168,169,10.86227
87,168,183,6.34
87,169,170,6.3008
87,169,184,11.9112
87,170,171,7.98374
87,170,185,7.48707
87,171,172,6.61419
87,171,186,12.45857
87,172,173,12.45857
87,172,187,11.2881
87,173,174,7.14986
87,173,188,7.48707
87,174,175,5.67391
87,174,189,10.91571
87,175,176,10.86227
87,175,190,7.07688
87,176,177,6.03447
87,176,191,6.3008
87,177,178,10.49774
87,177,192,10.86227
87,178,179,11.9112
87,178,193,11.5276
87,179,194,7.98374
87,180,181,10.40699
87,180,195,6.03447
87,181,182,10.86227
87,181,196,12.00892
87,182,183,6.79147
87,182,197,11.47253
87,183,184,10.86227
87,183,198,6.03447
87,184,185,6.03447
87,184,199,5.96846
87,185,186,6.75065
87,185,200,10.91571
87,186,187,10.0
87,186,201,12.00892
87,187,188,6.03447
87,187,202,7.07688
87,188,189,11.5276
87,188,203,10.40699
87,189,190,12.00892
87,189,204,11.9112
87,190,191,10.0
87,190,205,6.34
87,191,192,7.98374
87,191,206,6.4731
87,192,193,7.14986
87,192,207,12.65316
87,193,194,5.26926
87,193,208,10.86227
87,194,209,6.75065
87,195,196,7.14986
87,195,210,6.4731
87,196,197,6.4731
87,196,211,12.65316
87,197,198,10.86227
87,197,212,6.4731
87,198,199,6.61419
87,198,213,7.14986
87,199,200,10.40699
87,199,214,6.3008
87,200,201,10.86227
87,200,215,5.55097
87,201,202,9.43494
87,201,216,12.00892
87,202,203,10.40699
87,202,217,10.40699
87,203,204,11.09678
87,203,218,7.98374
87,204,205,12.65316
87,204,219,13.11565
87,205,206,9.82909
87,205,220,12.00892
87,206,207,11.5276
87,206,221,5.67391
87,207,208,6.34
87,207,222,6.75065
87,208,209,6.61419
87,208,223,12.00892
87,209,224,6.3008
87,210,211,6.03447
87,211,212,6.61419
87,212,213,10.91571
87,213,214,7.14986
87,214,215,6.03447
87,215,216,10.91571
87,216,217,12.00892
87,217,218,9.82909
87,218,219,11.09678
87,219,220,7.07688
87,220,221,6.4731
87,221,222,6.03447
87,222,223,13.11565
87,223,224,6.79147
88,0,1,9.25922
88,0,15,6.69715
88,1,2,11.82569
88,1,16,10.87351
88,2,3,11.82569
88,2,17,8.85808
88,3,4,14.66933
88,3,18,5.79652
88,4,5,14.66933
88,4,19,10.0
88,5,6,7.39627
88,5,20,10.0
88,6,7,8.85808
88,6,21,14.66933
88,7,8,10.09686
88,7,22,9.65455
88,8,9,14.17131
88,8,23,10.41248
88,9,10,9.2798
88,9,24,6.12721
88,10,11,7.39627
88,10,25,7.74472
88,11,12,5.79652
88,11,26,9.65455
88,12,13,10.0
88,12,27,6.69715
88,13,14,9.65455
88,13,28,8.85808
88,14,29,9.67562
88,15,16,10.87351
88,15,30,9.67562
88,16,17,6.43967
88,16,31,9.67562
88,17,18,13.63797
88,17,32,10.51153
88,18,19,13.15928
88,18,33,7.80759
88,19,20,10.09686
88,19,34,12.31972
88,20,21,6.43967
88,20,35,10.51153
88,21,22,14.66933
88,21,36,6.69715
88,22,23,8.9486
88,22,37,8.48159
88,23,24,11.82569
88,23,38,8.48159
88,24,25,14.17131
88,24,39,9.65455
88,25,26,10.0
88,25,40,10.87351
88,26,27,8.16693
88,26,41,8.56992
88,27,28,12.78175
88,27,42,10.41248
88,28,29,10.0
88,28,43,8.9486
88,29,44,8.56992
88,30,31,11.30532
88,30,45,11.30532
88,31,32,10.51153
88,31,46,8.9486
88,32,33,8.48159
88,32,47,11.30532
88,33,34,10.0
88,33,48,10.41248
88,34,35,8.9486
88,34,49,14.17131
88,35,36,5.79652
88,35,50,13.15928
88,36,37,9.65455
88,36,51,11.38299
88,37,38,7.02627
88,37,52,10.09686
88,38,39,7.02627
88,38,53,6.43967
88,39,40,12.31972
88,39,54,7.80759
88,40,41,7.39627
88,40,55,13.63797
88,41,42,12.31972
88,41,56,11.30532
88,42,43,8.16693
88,42,57,11.38299
88,43,44,10.87351
88,43,58,11.82569
88,44,59,9.65455
88,45,46,8.85808
88,45,60,10.41248
88,46,47,13.63797
88,46,61,6.69715
88,47,48,10.51153
88,47,62,7.80759
88,48,49,7.74472
88,48,63,10.41248
88,49,50,8.48159
88,49,64,5.79652
88,50,51,10.51153
88,50,65,12.31972
88,51,52,11.38299
88,51,66,8.9486
88,52,53,14.66933
88,52,67,10.41248
88,53,54,7.02627
88,53,68,13.15928
88,54,55,10.51153
88,54,69,6.12721
88,55,56,10.0
88,55,70,11.30532
88,56,57,9.65455
88,56,71,6.43967
88,57,58,11.82569
88,57,72,5.50339
88,58,59,9.2798
88,58,73,9.65455
88,59,74,13.15928
88,60,61,8.48159
88,60,75,8.48159
88,61,62,6.43967
88,61,76,9.25922
88,62,63,7.02627
88,62,77,14.17131
88,63,64,11.38299
88,63,78,10.09686
88,64,65,14.17131
88,64,79,10.87351
88,65,66,10.09686
88,65,80,6.43967
88,66,67,7.39627
88,66,81,10.41248
88,67,68,6.43967
88,67,82,14.66933
88,68,69,5.79652
88,68,83,10.51153
88,69,70,8.48159
88,69,84,13.63797
88,70,71,11.30532
88,70,85,10.0
88,71,72,5.50339
88,71,86,10.87351
88,72,73,8.56992
88,72,87,5.79652
88,73,74,12.31972
88,73,88,9.67562
88,74,89,14.66933
88,75,76,14.17131
88,75,90,8.85808
88,76,77,12.31972
88,76,91,14.66933
88,77,78,13.15928
88,77,92,10.09686
88,78,79,13.63797
88,78,93,11.82569
88,79,80,11.82569
88,79,94,8.9486
88,80,81,5.79652
88,80,95,9.65455
88,81,82,10.09686
88,81,96,8.85808
88,82,83,5.50339
88,82,97,10.09686
88,83,84,13.15928
88,83,98,11.30532
88,84,85,8.16693
88,84,99,12.31972
88,85,86,8.85808
88,85,100,10.41248
88,86,87,7.39627
88,86,101,6.12721
88,87,88,13.63797
88,87,102,12.31972
88,88,89,8.48159
88,88,103,5.50339
88,89,104,8.16693
88,90,91,14.66933
88,90,105,13.63797
88,91,92,9.25922
88,91,106,9.67562
88,92,93,6.69715
88,92,107,11.82569
88,93,94,6.69715
88,93,108,13.15928
88,94,95,11.82569
88,94,109,8.9486
88,95,96,11.30532
88,95,110,11.82569
88,96,97,8.16693
88,96,111,9.25922
88,97,98,10.41248
88,97,112,9.2798
88,98,99,7.39627
88,98,113,10.87351
88,99,100,5.79652
88,99,114,8.56992
88,100,101,14.17131
88,100,115,10.87351
88,101,102,7.39627
88,101,116,7.02627
88,102,103,10.51153
88,102,117,9.67562
88,103,104,13.63797
88,103,118,8.56992
88,104,119,5.50339
88,105,106,8.16693
88,105,120,10.0
88,106,107,11.82569
88,106,121,13.15928
88,107,108,14.66933
88,107,122,12.31972
88,108,109,7.74472
88,108,123,12.31972
88,109,110,11.38299
88,109,124,9.2798
88,110,111,7.80759
88,110,125,12.31972
88,111,112,9.65455
88,111,126,9.67562
88,112,113,14.17131
88,112,127,12.31972
88,113,114,8.48159
88,113,128,12.78175
88,114,115,5.79652
88,114,129,14.17131
88,115,116,7.39627
88,115,130,11.82569
88,116,117,8.85808
88,116,131,6.43967
88,117,118,5.50339
88,117,132,7.02627
88,118,119,7.80759
88,118,133,9.25922
88,119,134,10.0
88,120,121,5.79652
88,120,135,14.66933
88,121,122,5.79652
88,121,136,10.87351
88,122,123,7.74472
88,122,137,9.25922
88,123,124,13.63797
88,123,138,5.50339
88,124,125,10.0
88,124,139,8.16693
88,125,126,11.82569
88,125,140,14.17131
88,126,127,12.78175
88,126,141,7.74472
88,127,128,13.63797
88,127,142,6.12721
88,128,129,9.2798
88,128,143,7.80759
88,129,130,12.78175
88,129,144,10.51153
88,130,131,10.41248
88,130,145,5.79652
88,131,132,10.41248
88,131,146,9.67562
88,132,133,9.25922
88,132,147,13.15928
88,133,134,13.63797
88,133,148,10.41248
88,134,149,6.12721
88,135,136,13.63797
88,135,150,10.0
88,136,137,5.79652
88,136,151,10.0
88,137,138,5.79652
88,137,152,6.43967
88,138,139,14.17131
88,138,153,8.56992
88,139,140,8.9486
88,139,154,10.0
88,140,141,8.9486
88,140,155,9.25922
88,141,142,7.74472
88,141,156,8.85808
88,142,143,12.78175
88,142,157,12.78175
88,143,144,12.31972
88,143,158,10.51153
88,144,145,14.17131
88,144,159,6.12721
88,145,146,13.63797
88,145,160,8.9486
88,146,147,14.66933
88,146,161,7.39627
88,147,148,5.50339
88,147,162,11.38299
88,148,149,7.80759
88,148,163,14.66933
88,149,164,9.2798
88,150,151,8.85808
88,150,165,6.12721
88,151,152,10.87351
88,151,166,8.85808
88,152,153,11.30532
88,152,167,8.9486
88,153,154,8.16693
88,153,168,8.48159
88,154,155,11.82569
88,154,169,12.78175
88,155,156,14.17131
88,155,170,7.80759
88,156,157,13.63797
88,156,171,12.78175
88,157,158,7.39627
88,157,172,12.78175
88,158,159,5.50339
88,158,173,7.74472
88,159,160,8.9486
88,159,174,9.65455
88,160,161,10.0
88,160,175,6.69715
88,161,162,9.67562
88,161,176,6.43967
88,162,163,9.2798
88,162,177,5.50339
88,163,164,10.0
88,163,178,11.30532
88,164,179,14.17131
88,165,166,9.2798
88,165,180,8.48159
88,166,167,9.25922
88,166,181,10.51153
88,167,168,10.51153
88,167,182,8.85808
88,168,169,9.25922
88,168,183,6.43967
88,169,170,7.80759
88,169,184,13.63797
88,170,171,12.78175
88,170,185,8.9486
88,171,172,8.16693
88,171,186,10.51153
88,172,173,10.51153
88,172,187,9.65455
88,173,174,8.56992
88,173,188,8.9486
88,174,175,8.48159
88,174,189,7.74472
88,175,176,9.25922
88,175,190,11.82569
88,176,177,6.12721
88,176,191,7.80759
88,177,178,7.39627
88,177,192,9.25922
88,178,179,13.63797
88,178,193,11.30532
88,179,194,12.78175
88,180,181,10.41248
88,180,195,6.12721
88,181,182,9.25922
88,181,196,10.09686
88,182,183,9.67562
88,182,197,13.15928
88,183,184,9.25922
88,183,198,6.12721
88,184,185,6.12721
88,184,199,8.85808
88,185,186,11.38299
88,185,200,7.74472
88,186,187,10.0
88,186,201,10.09686
88,187,188,6.12721
88,187,202,11.82569
88,188,189,11.30532
88,188,203,10.41248
88,189,190,10.09686
88,189,204,13.63797
88,190,191,10.0
88,190,205,6.43967
88,191,192,12.78175
88,191,206,9.2798
88,192,193,8.56992
88,192,207,14.17131
88,193,194,5.50339
88,193,208,9.25922
88,194,209,11.38299
88,195,196,8.56992
88,195,210,9.2798
88,196,197,9.2798
88,196,211,14.17131
88,197,198,9.25922
88,197,212,9.2798
88,198,199,8.16693
88,198,213,8.56992
88,199,200,10.41248
88,199,214,7.80759
88,200,201,9.25922
88,200,215,5.79652
88,201,202,6.69715
88,201,216,10.09686
88,202,203,10.41248
88,202,217,10.41248
88,203,204,10.87351
88,203,218,12.78175
88,204,205,14.17131
88,204,219,14.66933
88,205,206,7.02627
88,205,220,10.09686
88,206,207,11.30532
88,206,221,8.48159
88,207,208,6.43967
88,207,222,11.38299
88,208,209,8.16693
88,208,223,10.09686
88,209,224,7.80759
88,210,211,6.12721
88,211,212,8.16693
88,212,213,7.74472
88,213,214,8.56992
88,214,215,6.12721
88,215,216,7.74472
88,216,217,10.09686
88,217,218,7.02627
88,218,219,10.87351
88,219,220,11.82569
88,220,221,9.2798
88,221,222,6.12721
88,222,223,14.66933
88,223,224,9.67562
89,0,1,21.56069
89,0,15,15.74458
89,1,2,25.04714
89,1,16,10.86227
89,2,3,25.04714
89,2,17,18.71792
89,3,4,17.21154
89,3,18,26.49374
89,4,5,17.21154
89,4,19,10.0
89,5,6,16.84273
89,5,20,10.0
89,6,7,18.71792
89,6,21,17.21154
89,7,8,22.85389
89,7,22,23.33316
89,8,9,15.70682
89,8,23,11.18508
89,9,10,18.29132
89,9,24,25.98151
89,10,11,16.84273
89,10,25,18.40308
89,11,12,26.49374
89,11,26,23.33316
89,12,13,10.0
89,12,27,15.74458
89,13,14,23.33316
89,13,28,18.71792
89,14,29,19.91981
89,15,16,10.86227
89,15,30,19.91981
89,16,17,27.93151
89,16,31,19.91981
89,17,18,16.10045
89,17,32,24.68012
89,18,19,14.6495
89,18,33,31.82746
89,19,20,22.85389
89,19,34,24.54973
89,20,21,27.93151
89,20,35,24.68012
89,21,22,17.21154
89,21,36,15.74458
89,22,23,35.6224
89,22,37,17.14318
89,23,24,25.04714
89,23,38,17.14318
89,24,25,15.70682
89,24,39,23.33316
89,25,26,10.0
89,25,40,10.86227
89,26,27,33.98958
89,26,41,33.40653
89,27,28,26.44409
89,27,42,11.18508
89,28,29,10.0
89,28,43,35.6224
89,29,44,33.40653
89,30,31,12.10111
89,30,45,12.10111
89,31,32,24.68012
89,31,46,35.6224
89,32,33,17.14318
89,32,47,12.10111
89,33,34,10.0
89,33,48,11.18508
89,34,35,35.6224
89,34,49,15.70682
89,35,36,26.49374
89,35,50,14.6495
89,36,37,23.33316
89,36,51,23.20653
89,37,38,17.25117
89,37,52,22.85389
89,38,39,17.25117
89,38,53,27.93151
89,39,40,24.54973
89,39,54,31.82746
89,40,41,16.84273
89,40,55,16.10045
89,41,42,24.54973
89,41,56,12.10111
89,42,43,33.98958
89,42,57,23.20653
89,43,44,10.86227
89,43,58,25.04714
89,44,59,23.33316
89,45,46,18.71792
89,45,60,11.18508
89,46,47,16.10045
89,46,61,15.74458
89,47,48,24.68012
89,47,62,31.82746
89,48,49,18.40308
89,48,63,11.18508
89,49,50,17.14318
89,49,64,26.49374
89,50,51,24.68012
89,50,65,24.54973
89,51,52,23.20653
89,51,66,35.6224
89,52,53,17.21154
89,52,67,11.18508
89,53,54,17.25117
89,53,68,14.6495
89,54,55,24.68012
89,54,69,25.98151
89,55,56,10.0
89,55,70,12.10111
89,56,57,23.33316
89,56,71,27.93151
89,57,58,25.04714
89,57,72,24.59749
89,58,59,18.29132
89,58,73,23.33316
89,59,74,14.6495
89,60,61,17.14318
89,60,75,17.14318
89,61,62,27.93151
89,61,76,21.56069
89,62,63,17.25117
89,62,77,15.70682
89,63,64,23.20653
89,63,78,22.85389
89,64,65,15.70682
89,64,79,10.86227
89,65,66,22.85389
89,65,80,27.93151
89,66,67,16.84273
89,66,81,11.18508
89,67,68,27.93151
89,67,82,17.21154
89,68,69,26.49374
89,68,83,24.68012
89,69,70,17.14318
89,69,84,16.10045
89,70,71,12.10111
89,70,85,10.0
89,71,72,24.59749
89,71,86,10.86227
89,72,73,33.40653
89,72,87,26.49374
89,73,74,24.54973
89,73,88,19.91981
89,74,89,17.21154
89,75,76,15.70682
89,75,90,18.71792
89,76,77,24.54973
89,76,91,17.21154
89,77,78,14.6495
89,77,92,22.85389
89,78,79,16.10045
89,78,93,25.04714
89,79,80,25.04714
89,79,94,35.6224
89,80,81,26.49374
89,80,95,23.33316
89,81,82,22.85389
89,81,96,18.71792
89,82,83,24.59749
89,82,97,22.85389
89,83,84,14.6495
89,83,98,12.10111
89,84,85,33.98958
89,84,99,24.54973
89,85,86,18.71792
89,85,100,11.18508
89,86,87,16.84273
89,86,101,25.98151
89,87,88,16.10045
89,87,102,24.54973
89,88,89,17.14318
89,88,103,24.59749
89,89,104,33.98958
89,90,91,17.21154
89,90,105,16.10045
89,91,92,21.56069
89,91,106,19.91981
89,92,93,15.74458
89,92,107,25.04714
89,93,94,15.74458
89,93,108,14.6495
89,94,95,25.04714
89,94,109,35.6224
89,95,96,12.10111
89,95,110,25.04714
89,96,97,33.98958
89,96,111,21.56069
89,97,98,11.18508
89,97,112,18.29132
89,98,99,16.84273
89,98,113,10.86227
89,99,100,26.49374
89,99,114,33.40653
89,100,101,15.70682
89,100,115,10.86227
89,101,102,16.84273
89,101,116,17.25117
89,102,103,24.68012
89,102,117,19.91981
89,103,104,16.10045
89,103,118,33.40653
89,104,119,24.59749
89,105,106,33.98958
89,105,120,10.0
89,106,107,25.04714
89,106,121,14.6495
89,107,108,17.21154
89,107,122,24.54973
89,108,109,18.40308
89,108,123,24.54973
89,109,110,23.20653
89,109,124,18.29132
89,110,111,31.82746
89,110,125,24.54973
89,111,112,23.33316
89,111,126,19.91981
89,112,113,15.70682
89,112,127,24.54973
89,113,114,17.14318
89,113,128,26.44409
89,114,115,26.49374
89,114,129,15.70682
89,115,116,16.84273
89,115,130,25.04714
89,116,117,18.71792
89,116,131,27.93151
89,117,118,24.59749
89,117,132,17.25117
89,118,119,31.82746
89,118,133,21.56069
89,119,134,10.0
89,120,121,26.49374
89,120,135,17.21154
89,121,122,26.49374
89,121,136,10.86227
89,122,123,18.40308
89,122,137,21.56069
89,123,124,16.10045
89,123,138,24.59749
89,124,125,10.0
89,124,139,33.98958
89,125,126,25.04714
89,125,140,15.70682
89,126,127,26.44409
89,126,141,18.40308
89,127,128,16.10045
89,127,142,25.98151
89,128,129,18.29132
89,128,143,31.82746
89,129,130,26.44409
89,129,144,24.68012
89,130,131,11.18508
89,130,145,26.49374
89,131,132,11.18508
89,131,146,19.91981
89,132,133,21.56069
89,132,147,14.6495
89,133,134,16.10045
89,133,148,11.18508
89,134,149,25.98151
89,135,136,16.10045
89,135,150,10.0
89,136,137,26.49374
89,136,151,10.0
89,137,138,26.49374
89,137,152,27.93151
89,138,139,15.70682
89,138,153,33.40653
89,139,140,35.6224
89,139,154,10.0
89,140,141,35.6224
89,140,155,21.56069
89,141,142,18.40308
89,141,156,18.71792
89,142,143,26.44409
89,142,157,26.44409
89,143,144,24.54973
89,143,158,24.68012
89,144,145,15.70682
89,144,159,25.98151
89,145,146,16.10045
89,145,160,35.6224
89,146,147,17.21154
89,146,161,16.84273
89,147,148,24.59749
89,147,162,23.20653
89,148,149,31.82746
89,148,163,17.21154
89,149,164,18.29132
89,150,151,18.71792
89,150,165,25.98151
89,151,152,10.86227
89,151,166,18.71792
89,152,153,12.10111
89,152,167,35.6224
89,153,154,33.98958
89,153,168,17.14318
89,154,155,25.04714
89,154,169,26.44409
89,155,156,15.70682
89,155,170,31.82746
89,156,157,16.10045
89,156,171,26.44409
89,157,158,16.84273
89,157,172,26.44409
89,158,159,24.59749
89,158,173,18.40308
89,159,160,35.6224
89,159,174,23.33316
89,160,161,10.0
89,160,175,15.74458
89,161,162,19.91981
89,161,176,27.93151
89,162,163,18.29132
89,162,177,24.59749
89,163,164,10.0
89,163,178,12.10111
89,164,179,15.70682
89,165,166,18.29132
89,165,180,17.14318
89,166,167,21.56069
89,166,181,24.68012
89,167,168,24.68012
89,167,182,18.71792
89,168,169,21.56069
89,168,183,27.93151
89,169,170,31.82746
89,169,184,16.10045
89,170,171,26.44409
89,170,185,35.6224
89,171,172,33.98958
89,171,186,24.68012
89,172,173,24.68012
89,172,187,23.33316
89,173,174,33.40653
89,173,188,35.6224
89,174,175,17.14318
89,174,189,18.40308
89,175,176,21.56069
89,175,190,25.04714
89,176,177,25.98151
89,176,191,31.82746
89,177,178,16.84273
89,177,192,21.56069
89,178,179,16.10045
89,178,193,12.10111
89,179,194,26.44409
89,180,181,11.18508
89,180,195,25.98151
89,181,182,21.56069
89,181,196,22.85389
89,182,183,19.91981
89,182,197,14.6495
89,183,184,21.56069
89,183,198,25.98151
89,184,185,25.98151
89,184,199,18.71792
89,185,186,23.20653
89,185,200,18.40308
89,186,187,10.0
89,186,201,22.85389
89,187,188,25.98151
89,187,202,25.04714
89,188,189,12.10111
89,188,203,11.18508
89,189,190,22.85389
89,189,204,16.10045
89,190,191,10.0
89,190,205,27.93151
89,191,192,26.44409
89,191,206,18.29132
89,192,193,33.40653
89,192,207,15.70682
89,193,194,24.59749
89,193,208,21.56069
89,194,209,23.20653
89,195,196,33.40653
89,195,210,18.29132
89,196,197,18.29132
89,196,211,15.70682
89,197,198,21.56069
89,197,212,18.29132
89,198,199,33.98958
89,198,213,33.40653
89,199,200,11.18508
89,199,214,31.82746
89,200,201,21.56069
89,200,215,26.49374
89,201,202,15.74458
89,201,216,22.85389
89,202,203,11.18508
89,202,217,11.18508
89,203,204,10.86227
89,203,218,26.44409
89,204,205,15.70682
89,204,219,17.21154
89,205,206,17.25117
89,205,220,22.85389
89,206,207,12.10111
89,206,221,17.14318
89,207,208,27.93151
89,207,222,23.20653
89,208,209,33.98958
89,208,223,22.85389
89,209,224,31.82746
89,210,211,25.98151
89,211,212,33.98958
89,212,213,18.40308
89,213,214,33.40653
89,214,215,25.98151
89,215,216,18.40308
89,216,217,22.85389
89,217,218,17.25117
89,218,219,10.86227
89,219,220,25.04714
89,220,221,18.29132
89,221,222,25.98151
89,222,223,17.21154
89,223,224,19.91981
90,0,1,11.51599
90,0,15,11.74638
90,1,2,12.47068
90,1,16,10.51704
90,2,3,12.47068
90,2,17,12.71125
90,3,4,14.31779
90,3,18,14.69249
90,4,5,14.31779
90,4,19,10.0
90,5,6,12.31069
90,5,20,10.0
90,6,7,12.71125
90,6,21,14.31779
90,7,8,12.0743
90,7,22,15.76519
90,8,9,10.30031
90,8,23,13.95794
90,9,10,9.45313
90,9,24,11.14801
90,10,11,12.31069
90,10,25,16.70419
90,11,12,14.69249
90,11,26,15.76519
90,12,13,10.0
90,12,27,11.74638
90,13,14,15.76519
90,13,28,12.71125
90,14,29,13.30003
90,15,16,10.51704
90,15,30,13.30003
90,16,17,15.32855
90,16,31,13.30003
90,17,18,13.70483
90,17,32,16.42542
90,18,19,9.78927
90,18,33,10.39602
90,19,20,12.0743
90,19,34,9.24894
90,20,21,15.32855
90,20,35,16.42542
90,21,22,14.31779
90,21,36,11.74638
90,22,23,15.06233
90,22,37,8.96626
90,23,24,12.47068
90,23,38,8.96626
90,24,25,10.30031
90,24,39,15.76519
90,25,26,10.0
90,25,40,10.51704
90,26,27,14.43227
90,26,41,10.92416
90,27,28,13.05347
90,27,42,13.95794
90,28,29,10.0
90,28,43,15.06233
90,29,44,10.92416
90,30,31,14.5769
90,30,45,14.5769
90,31,32,16.42542
90,31,46,15.06233
90,32,33,8.96626
90,32,47,14.5769
90,33,34,10.0
90,33,48,13.95794
90,34,35,15.06233
90,34,49,10.30031
90,35,36,14.69249
90,35,50,9.78927
90,36,37,15.76519
90,36,51,8.76807
90,37,38,16.03796
90,37,52,12.0743
90,38,39,16.03796
90,38,53,15.32855
90,39,40,9.24894
90,39,54,10.39602
90,40,41,12.31069
90,40,55,13.70483
90,41,42,9.24894
90,41,56,14.5769
90,42,43,14.43227
90,42,57,8.76807
90,43,44,10.51704
90,43,58,12.47068
90,44,59,15.76519
90,45,46,12.71125
90,45,60,13.95794
90,46,47,13.70483
90,46,61,11.74638
90,47,48,16.42542
90,47,62,10.39602
90,48,49,16.70419
90,48,63,13.95794
90,49,50,8.96626
90,49,64,14.69249
90,50,51,16.42542
90,50,65,9.24894
90,51,52,8.76807
90,51,66,15.06233
90,52,53,14.31779
90,52,67,13.95794
90,53,54,16.03796
90,53,68,9.78927
90,54,55,16.42542
90,54,69,11.14801
90,55,56,10.0
90,55,70,14.5769
90,56,57,15.76519
90,56,71,15.32855
90,57,58,12.47068
90,57,72,10.61386
90,58,59,9.45313
90,58,73,15.76519
90,59,74,9.78927
90,60,61,8.96626
90,60,75,8.96626
90,61,62,15.32855
90,61,76,11.51599
90,62,63,16.03796
90,62,77,10.30031
90,63,64,8.76807
90,63,78,12.0743
90,64,65,10.30031
90,64,79,10.51704
90,65,66,12.0743
90,65,80,15.32855
90,66,67,12.31069
90,66,81,13.95794
90,67,68,15.32855
90,67,82,14.31779
90,68,69,14.69249
90,68,83,16.42542
90,69,70,8.96626
90,69,84,13.70483
90,70,71,14.5769
90,70,85,10.0
90,71,72,10.61386
90,71,86,10.51704
90,72,73,10.92416
90,72,87,14.69249
90,73,74,9.24894
90,73,88,13.30003
90,74,89,14.31779
90,75,76,10.30031
90,75,90,12.71125
90,76,77,9.24894
90,76,91,14.31779
90,77,78,9.78927
90,77,92,12.0743
90,78,79,13.70483
90,78,93,12.47068
90,79,80,12.47068
90,79,94,15.06233
90,80,81,14.69249
90,80,95,15.76519
90,81,82,12.0743
90,81,96,12.71125
90,82,83,10.61386
90,82,97,12.0743
90,83,84,9.78927
90,83,98,14.5769
90,84,85,14.43227
90,84,99,9.24894
90,85,86,12.71125
90,85,100,13.95794
90,86,87,12.31069
90,86,101,11.14801
90,87,88,13.70483
90,87,102,9.24894
90,88,89,8.96626
90,88,103,10.61386
90,89,104,14.43227
90,90,91,14.31779
90,90,105,13.70483
90,91,92,11.51599
90,91,106,13.30003
90,92,93,11.74638
90,92,107,12.47068
90,93,94,11.74638
90,93,108,9.78927
90,94,95,12.47068
90,94,109,15.06233
90,95,96,14.5769
90,95,110,12.47068
90,96,97,14.43227
90,96,111,11.51599
90,97,98,13.95794
90,97,112,9.45313
90,98,99,12.31069
90,98,113,10.51704
90,99,100,14.69249
90,99,114,10.92416
90,100,101,10.30031
90,100,115,10.51704
90,101,102,12.31069
90,101,116,16.03796
90,102,103,16.42542
90,102,117,13.30003
90,103,104,13.70483
90,103,118,10.92416
90,104,119,10.61386
90,105,106,14.43227
90,105,120,10.0
90,106,107,12.47068
90,106,121,9.78927
90,107,108,14.31779
90,107,122,9.24894
90,108,109,16.70419
90,108,123,9.24894
90,109,110,8.76807
90,109,124,9.45313
90,110,111,10.39602
90,110,125,9.24894
90,111,112,15.76519
90,111,126,13.30003
90,112,113,10.30031
90,112,127,9.24894
90,113,114,8.96626
90,113,128,13.05347
90,114,115,14.69249
90,114,129,10.30031
90,115,116,12.31069
90,115,130,12.47068
90,116,117,12.71125
90,116,131,15.32855
90,117,118,10.61386
90,117,132,16.03796
90,118,119,10.39602
90,118,133,11.51599
90,119,134,10.0
90,120,121,14.69249
90,120,135,14.31779
90,121,122,14.69249
90,121,136,10.51704
90,122,123,16.70419
90,122,137,11.51599
90,123,124,13.70483
90,123,138,10.61386
90,124,125,10.0
90,124,139,14.43227
90,125,126,12.47068
90,125,140,10.30031
90,126,127,13.05347
90,126,141,16.70419
90,127,128,13.70483
90,127,142,11.14801
90,128,129,9.45313
90,128,143,10.39602
90,129,130,13.05347
90,129,144,16.42542
90,130,131,13.95794
90,130,145,14.69249
90,131,132,13.95794
90,131,146,13.30003
90,132,133,11.51599
90,132,147,9.78927
90,133,134,13.70483
90,133,148,13.95794
90,134,149,11.14801
90,135,136,13.70483
90,135,150,10.0
90,136,137,14.69249
90,136,151,10.0
90,137,138,14.69249
90,137,152,15.32855
90,138,139,10.30031
90,138,153,10.92416
90,139,140,15.06233
90,139,154,10.0
90,140,141,15.06233
90,140,155,11.51599
90,141,142,16.70419
90,141,156,12.71125
90,142,143,13.05347
90,142,157,13.05347
90,143,144,9.24894
90,143,158,16.42542
90,144,145,10.30031
90,144,159,11.14801
90,145,146,13.70483
90,145,160,15.06233
90,146,147,14.31779
90,146,161,12.31069
90,147,148,10.61386
90,147,162,8.76807
90,148,149,10.39602
90,148,163,14.31779
90,149,164,9.45313
90,150,151,12.71125
90,150,165,11.14801
90,151,152,10.51704
90,151,166,12.71125
90,152,153,14.5769
90,152,167,15.06233
90,153,154,14.43227
90,153,168,8.96626
90,154,155,12.47068
90,154,169,13.05347
90,155,156,10.30031
90,155,170,10.39602
90,156,157,13.70483
90,156,171,13.05347
90,157,158,12.31069
90,157,172,13.05347
90,158,159,10.61386
90,158,173,16.70419
90,159,160,15.06233
90,159,174,15.76519
90,160,161,10.0
90,160,175,11.74638
90,161,162,13.30003
90,161,176,15.32855
90,162,163,9.45313
90,162,177,10.61386
90,163,164,10.0
90,163,178,14.5769
90,164,179,10.30031
90,165,166,9.45313
90,165,180,8.96626
90,166,167,11.51599
90,166,181,16.42542
90,167,168,16.42542
90,167,182,12.71125
90,168,169,11.51599
90,168,183,15.32855
90,169,170,10.39602
90,169,184,13.70483
90,170,171,13.05347
90,170,185,15.06233
90,171,172,14.43227
90,171,186,16.42542
90,172,173,16.42542
90,172,187,15.76519
90,173,174,10.92416
90,173,188,15.06233
90,174,175,8.96626
90,174,189,16.70419
90,175,176,11.51599
90,175,190,12.47068
90,176,177,11.14801
90,176,191,10.39602
90,177,178,12.31069
90,177,192,11.51599
90,178,179,13.70483
90,178,193,14.5769
90,179,194,13.05347
90,180,181,13.95794
90,180,195,11.14801
90,181,182,11.51599
90,181,196,12.0743
90,182,183,13.30003
90,182,197,9.78927
90,183,184,11.51599
90,183,198,11.14801
90,184,185,11.14801
90,184,199,12.71125
90,185,186,8.76807
90,185,200,16.70419
90,186,187,10.0
90,186,201,12.0743
90,187,188,11.14801
90,187,202,12.47068
90,188,189,14.5769
90,188,203,13.95794
90,189,190,12.0743
90,189,204,13.70483
90,190,191,10.0
90,190,205,15.32855
90,191,192,13.05347
90,191,206,9.45313
90,192,193,10.92416
90,192,207,10.30031
90,193,194,10.61386
90,193,208,11.51599
90,194,209,8.76807
90,195,196,10.92416
90,195,210,9.45313
90,196,197,9.45313
90,196,211,10.30031
90,197,198,11.51599
90,197,212,9.45313
90,198,199,14.43227
90,198,213,10.92416
90,199,200,13.95794
90,199,214,10.39602
90,200,201,11.51599
90,200,215,14.69249
90,201,202,11.74638
90,201,216,12.0743
90,202,203,13.95794
90,202,217,13.95794
90,203,204,10.51704
90,203,218,13.05347
90,204,205,10.30031
90,204,219,14.31779
90,205,206,16.03796
90,205,220,12.0743
90,206,207,14.5769
90,206,221,8.96626
90,207,208,15.32855
90,207,222,8.76807
90,208,209,14.43227
90,208,223,12.0743
90,209,224,10.39602
90,210,211,11.14801
90,211,212,14.43227
90,212,213,16.70419
90,213,214,10.92416
90,214,215,11.14801
90,215,216,16.70419
90,216,217,12.0743
90,217,218,16.03796
90,218,219,10.51704
90,219,220,12.47068
90,220,221,9.45313
90,221,222,11.14801
90,222,223,14.31779
90,223,224,13.30003
91,0,1,13.40062
91,0,15,14.23631
91,1,2,10.10495
91,1,16,11.65568
91,2,3,10.10495
91,2,17,10.82298
91,3,4,12.17873
91,3,18,15.23053
91,4,5,12.17873
91,4,19,10.0
91,5,6,16.22933
91,5,20,10.0
91,6,7,10.82298
91,6,21,12.17873
91,7,8,15.33194
91,7,22,14.81855
91,8,9,10.90726
91,8,23,11.21365
91,9,10,11.25657
91,9,24,15.75145
91,10,11,16.22933
91,10,25,17.79653
91,11,12,15.23053
91,11,26,14.81855
91,12,13,10.0
91,12,27,14.23631
91,13,14,14.81855
91,13,28,10.82298
91,14,29,12.54958
91,15,16,11.65568
91,15,30,12.54958
91,16,17,17.29447
91,16,31,12.54958
91,17,18,10.48121
91,17,32,16.85341
91,18,19,9.31329
91,18,33,12.96977
91,19,20,15.33194
91,19,34,10.52256
91,20,21,17.29447
91,20,35,16.85341
91,21,22,12.17873
91,21,36,14.23631
91,22,23,16.36576
91,22,37,9.63352
91,23,24,10.10495
91,23,38,9.63352
91,24,25,10.90726
91,24,39,14.81855
91,25,26,10.0
91,25,40,11.65568
91,26,27,14.36352
91,26,41,14.86847
91,27,28,11.76985
91,27,42,11.21365
91,28,29,10.0
91,28,43,16.36576
91,29,44,14.86847
91,30,31,12.97286
91,30,45,12.97286
91,31,32,16.85341
91,31,46,16.36576
91,32,33,9.63352
91,32,47,12.97286
91,33,34,10.0
91,33,48,11.21365
91,34,35,16.36576
91,34,49,10.90726
91,35,36,15.23053
91,35,50,9.31329
91,36,37,14.81855
91,36,51,8.96121
91,37,38,15.69997
91,37,52,15.33194
91,38,39,15.69997
91,38,53,17.29447
91,39,40,10.52256
91,39,54,12.96977
91,40,41,16.22933
91,40,55,10.48121
91,41,42,10.52256
91,41,56,12.97286
91,42,43,14.36352
91,42,57,8.96121
91,43,44,11.65568
91,43,58,10.10495
91,44,59,14.81855
91,45,46,10.82298
91,45,60,11.21365
91,46,47,10.48121
91,46,61,14.23631
91,47,48,16.85341
91,47,62,12.96977
91,48,49,17.79653
91,48,63,11.21365
91,49,50,9.63352
91,49,64,15.23053
91,50,51,16.85341
91,50,65,10.52256
91,51,52,8.96121
91,51,66,16.36576
91,52,53,12.17873
91,52,67,11.21365
91,53,54,15.69997
91,53,68,9.31329
91,54,55,16.85341
91,54,69,15.75145
91,55,56,10.0
91,55,70,12.97286
91,56,57,14.81855
91,56,71,17.29447
91,57,58,10.10495
91,57,72,13.79105
91,58,59,11.25657
91,58,73,14.81855
91,59,74,9.31329
91,60,61,9.63352
91,60,75,9.63352
91,61,62,17.29447
91,61,76,13.40062
91,62,63,15.69997
91,62,77,10.90726
91,63,64,8.96121
91,63,78,15.33194
91,64,65,10.90726
91,64,79,11.65568
91,65,66,15.33194
91,65,80,17.29447
91,66,67,16.22933
91,66,81,11.21365
91,67,68,17.29447
91,67,82,12.17873
91,68,69,15.23053
91,68,83,16.85341
91,69,70,9.63352
91,69,84,10.48121
91,70,71,12.97286
91,70,85,10.0
91,71,72,13.79105
91,71,86,11.65568
91,72,73,14.86847
91,72,87,15.23053
91,73,74,10.52256
91,73,88,12.54958
91,74,89,12.17873
91,75,76,10.90726
91,75,90,10.82298
91,76,77,10.52256
91,76,91,12.17873
91,77,78,9.31329
91,77,92,15.33194
91,78,79,10.48121
91,78,93,10.10495
91,79,80,10.10495
91,79,94,16.36576
91,80,81,15.23053
91,80,95,14.81855
91,81,82,15.33194
91,81,96,10.82298
91,82,83,13.79105
91,82,97,15.33194
91,83,84,9.31329
91,83,98,12.97286
91,84,85,14.36352
91,84,99,10.52256
91,85,86,10.82298
91,85,100,11.21365
91,86,87,16.22933
91,86,101,15.75145
91,87,88,10.48121
91,87,102,10.52256
91,88,89,9.63352
91,88,103,13.79105
91,89,104,14.36352
91,90,91,12.17873
91,90,105,10.48121
91,91,92,13.40062
91,91,106,12.54958
91,92,93,14.23631
91,92,107,10.10495
91,93,94,14.23631
91,93,108,9.31329
91,94,95,10.10495
91,94,109,16.36576
91,95,96,12.97286
91,95,110,10.10495
91,96,97,14.36352
91,96,111,13.40062
91,97,98,11.21365
91,97,112,11.25657
91,98,99,16.22933
91,98,113,11.65568
91,99,100,15.23053
91,99,114,14.86847
91,100,101,10.90726
91,100,115,11.65568
91,101,102,16.22933
91,101,116,15.69997
91,102,103,16.85341
91,102,117,12.54958
91,103,104,10.48121
91,103,118,14.86847
91,104,119,13.79105
91,105,106,14.36352
91,105,120,10.0
91,106,107,10.10495
91,106,121,9.31329
91,107,108,12.17873
91,107,122,10.52256
91,108,109,17.79653
91,108,123,10.52256
91,109,110,8.96121
91,109,124,11.25657
91,110,111,12.96977
91,110,125,10.52256
91,111,112,14.81855
91,111,126,12.54958
91,112,113,10.90726
91,112,127,10.52256
91,113,114,9.63352
91,113,128,11.76985
91,114,115,15.23053
91,114,129,10.90726
91,115,116,16.22933
91,115,130,10.10495
91,116,117,10.82298
91,116,131,17.29447
91,117,118,13.79105
91,117,132,15.69997
91,118,119,12.96977
91,118,133,13.40062
91,119,134,10.0
91,120,121,15.23053
91,120,135,12.17873
91,121,122,15.23053
91,121,136,11.65568
91,122,123,17.79653
91,122,137,13.40062
91,123,124,10.48121
91,123,138,13.79105
91,124,125,10.0
91,124,139,14.36352
91,125,126,10.10495
91,125,140,10.90726
91,126,127,11.76985
91,126,141,17.79653
91,127,128,10.48121
91,127,142,15.75145
91,128,129,11.25657
91,128,143,12.96977
91,129,130,11.76985
91,129,144,16.85341
91,130,131,11.21365
91,130,145,15.23053
91,131,132,11.21365
91,131,146,12.54958
91,132,133,13.40062
91,132,147,9.31329
91,133,134,10.48121
91,133,148,11.21365
91,134,149,15.75145
91,135,136,10.48121
91,135,150,10.0
91,136,137,15.23053
91,136,151,10.0
91,137,138,15.23053
91,137,152,17.29447
91,138,139,10.90726
91,138,153,14.86847
91,139,140,16.36576
91,139,154,10.0
91,140,141,16.36576
91,140,155,13.40062
91,141,142,17.79653
91,141,156,10.82298
91,142,143,11.76985
91,142,157,11.76985
91,143,144,10.52256
91,143,158,16.85341
91,144,145,10.90726
91,144,159,15.75145
91,145,146,10.48121
91,145,160,16.36576
91,146,147,12.17873
91,146,161,16.22933
91,147,148,13.79105
91,147,162,8.96121
91,148,149,12.96977
91,148,163,12.17873
91,149,164,11.25657
91,150,151,10.82298
91,150,165,15.75145
91,151,152,11.65568
91,151,166,10.82298
91,152,153,12.97286
91,152,167,16.36576
91,153,154,14.36352
91,153,168,9.63352
91,154,155,10.10495
91,154,169,11.76985
91,155,156,10.90726
91,155,170,12.96977
91,156,157,10.48121
91,156,171,11.76985
91,157,158,16.22933
91,157,172,11.76985
91,158,159,13.79105
91,158,173,17.79653
91,159,160,16.36576
91,159,174,14.81855
91,160,161,10.0
91,160,175,14.23631
91,161,162,12.54958
91,161,176,17.29447
91,162,163,11.25657
91,162,177,13.79105
91,163,164,10.0
91,163,178,12.97286
91,164,179,10.90726
91,165,166,11.25657
91,165,180,9.63352
91,166,167,13.40062
91,166,181,16.85341
91,167,168,16.85341
91,167,182,10.82298
91,168,169,13.40062
91,168,183,17.29447
91,169,170,12.96977
91,169,184,10.48121
91,170,171,11.76985
91,170,185,16.36576
91,171,172,14.36352
91,171,186,16.85341
91,172,173,16.85341
91,172,187,14.81855
91,173,174,14.86847
91,173,188,16.36576
91,174,175,9.63352
91,174,189,17.79653
91,175,176,13.40062
91,175,190,10.10495
91,176,177,15.75145
91,176,191,12.96977
91,177,178,16.22933
91,177,192,13.40062
91,178,179,10.48121
91,178,193,12.97286
91,179,194,11.76985
91,180,181,11.21365
91,180,195,15.75145
91,181,182,13.40062
91,181,196,15.33194
91,182,183,12.54958
91,182,197,9.31329
91,183,184,13.40062
91,183,198,15.75145
91,184,185,15.75145
91,184,199,10.82298
91,185,186,8.96121
91,185,200,17.79653
91,186,187,10.0
91,186,201,15.33194
91,187,188,15.75145
91,187,202,10.10495
91,188,189,12.97286
91,188,203,11.21365
91,189,190,15.33194
91,189,204,10.48121
91,190,191,10.0
91,190,205,17.29447
91,191,192,11.76985
91,191,206,11.25657
91,192,193,14.86847
91,192,207,10.90726
91,193,194,13.79105
91,193,208,13.40062
91,194,209,8.96121
91,195,196,14.86847
91,195,210,11.25657
91,196,197,11.25657
91,196,211,10.90726
91,197,198,13.40062
91,197,212,11.25657
91,198,199,14.36352
91,198,213,14.86847
91,199,200,11.21365
91,199,214,12.96977
91,200,201,13.40062
91,200,215,15.23053
91,201,202,14.23631
91,201,216,15.33194
91,202,203,11.21365
91,202,217,11.21365
91,203,204,11.65568
91,203,218,11.76985
91,204,205,10.90726
91,204,219,12.17873
91,205,206,15.69997
91,205,220,15.33194
91,206,207,12.97286
91,206,221,9.63352
91,207,208,17.29447
91,207,222,8.96121
91,208,209,14.36352
91,208,223,15.33194
91,209,224,12.96977
91,210,211,15.75145
91,211,212,14.36352
91,212,213,17.79653
91,213,214,14.86847
91,214,215,15.75145
91,215,216,17.79653
91,216,217,15.33194
91,217,218,15.69997
91,218,219,11.65568
91,219,220,10.10495
91,220,221,11.25657
91,221,222,15.75145
91,222,223,12.17873
91,223,224,12.54958
92,0,1,6.60996
92,0,15,9.5261
92,1,2,9.10571
92,1,16,6.18815
92,2,3,9.10571
92,2,17,12.54958
92,3,4,4.30843
92,3,18,12.01189
92,4,5,4.30843
92,4,19,10.0
92,5,6,5.82988
92,5,20,10.0
92,6,7,12.54958
92,6,21,4.30843
92,7,8,3.71025
92,7,22,7.05705
92,8,9,3.98023
92,8,23,10.56401
92,9,10,7.67522
92,9,24,7.26798
92,10,11,5.82988
92,10,25,6.24535
92,11,12,12.01189
92,11,26,7.05705
92,12,13,10.0
92,12,27,9.5261
92,13,14,7.05705
92,13,28,12.54958
92,14,29,8.16214
92,15,16,6.18815
92,15,30,8.16214
92,16,17,7.74008
92,16,31,8.16214
92,17,18,7.45749
92,17,32,4.02363
92,18,19,6.99557
92,18,33,8.15257
92,19,20,3.71025
92,19,34,5.12996
92,20,21,7.74008
92,20,35,4.02363
92,21,22,4.30843
92,21,36,9.5261
92,22,23,5.18101
92,22,37,11.92894
92,23,24,9.10571
92,23,38,11.92894
92,24,25,3.98023
92,24,39,7.05705
92,25,26,10.0
92,25,40,6.18815
92,26,27,8.6563
92,26,41,4.811
92,27,28,5.51479
92,27,42,10.56401
92,28,29,10.0
92,28,43,5.18101
92,29,44,4.811
92,30,31,6.61843
92,30,45,6.61843
92,31,32,4.02363
92,31,46,5.18101
92,32,33,11.92894
92,32,47,6.61843
92,33,34,10.0
92,33,48,10.56401
92,34,35,5.18101
92,34,49,3.98023
92,35,36,12.01189
92,35,50,6.99557
92,36,37,7.05705
92,36,51,8.58716
92,37,38,10.07529
92,37,52,3.71025
92,38,39,10.07529
92,38,53,7.74008
92,39,40,5.12996
92,39,54,8.15257
92,40,41,5.82988
92,40,55,7.45749
92,41,42,5.12996
92,41,56,6.61843
92,42,43,8.6563
92,42,57,8.58716
92,43,44,6.18815
92,43,58,9.10571
92,44,59,7.05705
92,45,46,12.54958
92,45,60,10.56401
92,46,47,7.45749
92,46,61,9.5261
92,47,48,4.02363
92,47,62,8.15257
92,48,49,6.24535
92,48,63,10.56401
92,49,50,11.92894
92,49,64,12.01189
92,50,51,4.02363
92,50,65,5.12996
92,51,52,8.58716
92,51,66,5.18101
92,52,53,4.30843
92,52,67,10.56401
92,53,54,10.07529
92,53,68,6.99557
92,54,55,4.02363
92,54,69,7.26798
92,55,56,10.0
92,55,70,6.61843
92,56,57,7.05705
92,56,71,7.74008
92,57,58,9.10571
92,57,72,11.40606
92,58,59,7.67522
92,58,73,7.05705
92,59,74,6.99557
92,60,61,11.92894
92,60,75,11.92894
92,61,62,7.74008
92,61,76,6.60996
92,62,63,10.07529
92,62,77,3.98023
92,63,64,8.58716
92,63,78,3.71025
92,64,65,3.98023
92,64,79,6.18815
92,65,66,3.71025
92,65,80,7.74008
92,66,67,5.82988
92,66,81,10.56401
92,67,68,7.74008
92,67,82,4.30843
92,68,69,12.01189
92,68,83,4.02363
92,69,70,11.92894
92,69,84,7.45749
92,70,71,6.61843
92,70,85,10.0
92,71,72,11.40606
92,71,86,6.18815
92,72,73,4.811
92,72,87,12.01189
92,73,74,5.12996
92,73,88,8.16214
92,74,89,4.30843
92,75,76,3.98023
92,75,90,12.54958
92,76,77,5.12996
92,76,91,4.30843
92,77,78,6.99557
92,77,92,3.71025
92,78,79,7.45749
92,78,93,9.10571
92,79,80,9.10571
92,79,94,5.18101
92,80,81,12.01189
92,80,95,7.05705
92,81,82,3.71025
92,81,96,12.54958
92,82,83,11.40606
92,82,97,3.71025
92,83,84,6.99557
92,83,98,6.61843
92,84,85,8.6563
92,84,99,5.12996
92,85,86,12.54958
92,85,100,10.56401
92,86,87,5.82988
92,86,101,7.26798
92,87,88,7.45749
92,87,102,5.12996
92,88,89,11.92894
92,88,103,11.40606
92,89,104,8.6563
92,90,91,4.30843
92,90,105,7.45749
92,91,92,6.60996
92,91,106,8.16214
92,92,93,9.5261
92,92,107,9.10571
92,93,94,9.5261
92,93,108,6.99557
92,94,95,9.10571
92,94,109,5.18101
92,95,96,6.61843
92,95,110,9.10571
92,96,97,8.6563
92,96,111,6.60996
92,97,98,10.56401
92,97,112,7.67522
92,98,99,5.82988
92,98,113,6.18815
92,99,100,12.01189
92,99,114,4.811
92,100,101,3.98023
92,100,115,6.18815
92,101,102,5.82988
92,101,116,10.07529
92,102,103,4.02363
92,102,117,8.16214
92,103,104,7.45749
92,103,118,4.811
92,104,119,11.40606
92,105,106,8.6563
92,105,120,10.0
92,106,107,9.10571
92,106,121,6.99557
92,107,108,4.30843
92,107,122,5.12996
92,108,109,6.24535
92,108,123,5.12996
92,109,110,8.58716
92,109,124,7.67522
92,110,111,8.15257
92,110,125,5.12996
92,111,112,7.05705
92,111,126,8.16214
92,112,113,3.98023
92,112,127,5.12996
92,113,114,11.92894
92,113,128,5.51479
92,114,115,12.01189
92,114,129,3.98023
92,115,116,5.82988
92,115,130,9.10571
92,116,117,12.54958
92,116,131,7.74008
92,117,118,11.40606
92,117,132,10.07529
92,118,119,8.15257
92,118,133,6.60996
92,119,134,10.0
92,120,121,12.01189
92,120,135,4.30843
92,121,122,12.01189
92,121,136,6.18815
92,122,123,6.24535
92,122,137,6.60996
92,123,124,7.45749
92,123,138,11.40606
92,124,125,10.0
92,124,139,8.6563
92,125,126,9.10571
92,125,140,3.98023
92,126,127,5.51479
92,126,141,6.24535
92,127,128,7.45749
92,127,142,7.26798
92,128,129,7.67522
92,128,143,8.15257
92,129,130,5.51479
92,129,144,4.02363
92,130,131,10.56401
92,130,145,12.01189
92,131,132,10.56401
92,131,146,8.16214
92,132,133,6.60996
92,132,147,6.99557
92,133,134,7.45749
92,133,148,10.56401
92,134,149,7.26798
92,135,136,7.45749
92,135,150,10.0
92,136,137,12.01189
92,136,151,10.0
92,137,138,12.01189
92,137,152,7.74008
92,138,139,3.98023
92,138,153,4.811
92,139,140,5.18101
92,139,154,10.0
92,140,141,5.18101
92,140,155,6.60996
92,141,142,6.24535
92,141,156,12.54958
92,142,143,5.51479
92,142,157,5.51479
92,143,144,5.12996
92,143,158,4.02363
92,144,145,3.98023
92,144,159,7.26798
92,145,146,7.45749
92,145,160,5.18101
92,146,147,4.30843
92,146,161,5.82988
92,147,148,11.40606
92,147,162,8.58716
92,148,149,8.15257
92,148,163,4.30843
92,149,164,7.67522
92,150,151,12.54958
92,150,165,7.26798
92,151,152,6.18815
92,151,166,12.54958
92,152,153,6.61843
92,152,167,5.18101
92,153,154,8.6563
92,153,168,11.92894
92,154,155,9.10571
92,154,169,5.51479
92,155,156,3.98023
92,155,170,8.15257
92,156,157,7.45749
92,156,171,5.51479
92,157,158,5.82988
92,157,172,5.51479
92,158,159,11.40606
92,158,173,6.24535
92,159,160,5.18101
92,159,174,7.05705
92,160,161,10.0
92,160,175,9.5261
92,161,162,8.16214
92,161,176,7.74008
92,162,163,7.67522
92,162,177,11.40606
92,163,164,10.0
92,163,178,6.61843
92,164,179,3.98023
92,165,166,7.67522
92,165,180,11.92894
92,166,167,6.60996
92,166,181,4.02363
92,167,168,4.02363
92,167,182,12.54958
92,168,169,6.60996
92,168,183,7.74008
92,169,170,8.15257
92,169,184,7.45749
92,170,171,5.51479
92,170,185,5.18101
92,171,172,8.6563
92,171,186,4.02363
92,172,173,4.02363
92,172,187,7.05705
92,173,174,4.811
92,173,188,5.18101
92,174,175,11.92894
92,174,189,6.24535
92,175,176,6.60996
92,175,190,9.10571
92,176,177,7.26798
92,176,191,8.15257
92,177,178,5.82988
92,177,192,6.60996
92,178,179,7.45749
92,178,193,6.61843
92,179,194,5.51479
92,180,181,10.56401
92,180,195,7.26798
92,181,182,6.60996
92,181,196,3.71025
92,182,183,8.16214
92,182,197,6.99557
92,183,184,6.60996
92,183,198,7.26798
92,184,185,7.26798
92,184,199,12.54958
92,185,186,8.58716
92,185,200,6.24535
92,186,187,10.0
92,186,201,3.71025
92,187,188,7.26798
92,187,202,9.10571
92,188,189,6.61843
92,188,203,10.56401
92,189,190,3.71025
92,189,204,7.45749
92,190,191,10.0
92,190,205,7.74008
92,191,192,5.51479
92,191,206,7.67522
92,192,193,4.811
92,192,207,3.98023
92,193,194,11.40606
92,193,208,6.60996
92,194,209,8.58716
92,195,196,4.811
92,195,210,7.67522
92,196,197,7.67522
92,196,211,3.98023
92,197,198,6.60996
92,197,212,7.67522
92,198,199,8.6563
92,198,213,4.811
92,199,200,10.56401
92,199,214,8.15257
92,200,201,6.60996
92,200,215,12.01189
92,201,202,9.5261
92,201,216,3.71025
92,202,203,10.56401
92,202,217,10.56401
92,203,204,6.18815
92,203,218,5.51479
92,204,205,3.98023
92,204,219,4.30843
92,205,206,10.07529
92,205,220,3.71025
92,206,207,6.61843
92,206,221,11.92894
92,207,208,7.74008
92,207,222,8.58716
92,208,209,8.6563
92,208,223,3.71025
92,209,224,8.15257
92,210,211,7.26798
92,211,212,8.6563
92,212,213,6.24535
92,213,214,4.811
92,214,215,7.26798
92,215,216,6.24535
92,216,217,3.71025
92,217,218,10.07529
92,218,219,6.18815
92,219,220,9.10571
92,220,221,7.67522
92,221,222,7.26798
92,222,223,4.30843
92,223,224,8.16214
93,0,1,6.47101
93,0,15,7.34434
93,1,2,17.28364
93,1,16,11.58281
93,2,3,17.28364
93,2,17,18.76689
93,3,4,15.50515
93,3,18,14.94184
93,4,5,15.50515
93,4,19,10.0
93,5,6,8.68355
93,5,20,10.0
93,6,7,18.76689
93,6,21,15.50515
93,7,8,7.7192
93,7,22,10.45094
93,8,9,10.44544
93,8,23,14.95186
93,9,10,14.93516
93,9,24,11.57408
93,10,11,8.68355
93,10,25,13.30003
93,11,12,14.94184
93,11,26,10.45094
93,12,13,10.0
93,12,27,7.34434
93,13,14,10.45094
93,13,28,18.76689
93,14,29,20.96483
93,15,16,11.58281
93,15,30,20.96483
93,16,17,16.89617
93,16,31,20.96483
93,17,18,13.64115
93,17,32,12.07133
93,18,19,8.95364
93,18,33,8.94608
93,19,20,7.7192
93,19,34,13.62525
93,20,21,16.89617
93,20,35,12.07133
93,21,22,15.50515
93,21,36,7.34434
93,22,23,15.49493
93,22,37,13.10943
93,23,24,17.28364
93,23,38,13.10943
93,24,25,10.44544
93,24,39,10.45094
93,25,26,10.0
93,25,40,11.58281
93,26,27,13.63161
93,26,41,10.43719
93,27,28,19.39057
93,27,42,14.95186
93,28,29,10.0
93,28,43,15.49493
93,29,44,10.43719
93,30,31,16.90687
93,30,45,16.90687
93,31,32,12.07133
93,31,46,15.49493
93,32,33,13.10943
93,32,47,16.90687
93,33,34,10.0
93,33,48,14.95186
93,34,35,15.49493
93,34,49,10.44544
93,35,36,14.94184
93,35,50,8.95364
93,36,37,10.45094
93,36,51,11.89053
93,37,38,11.58863
93,37,52,7.7192
93,38,39,11.58863
93,38,53,16.89617
93,39,40,13.62525
93,39,54,8.94608
93,40,41,8.68355
93,40,55,13.64115
93,41,42,13.62525
93,41,56,16.90687
93,42,43,13.63161
93,42,57,11.89053
93,43,44,11.58281
93,43,58,17.28364
93,44,59,10.45094
93,45,46,18.76689
93,45,60,14.95186
93,46,47,13.64115
93,46,61,7.34434
93,47,48,12.07133
93,47,62,8.94608
93,48,49,13.30003
93,48,63,14.95186
93,49,50,13.10943
93,49,64,14.94184
93,50,51,12.07133
93,50,65,13.62525
93,51,52,11.89053
93,51,66,15.49493
93,52,53,15.50515
93,52,67,14.95186
93,53,54,11.58863
93,53,68,8.95364
93,54,55,12.07133
93,54,69,11.57408
93,55,56,10.0
93,55,70,16.90687
93,56,57,10.45094
93,56,71,16.89617
93,57,58,17.28364
93,57,72,9.99195
93,58,59,14.93516
93,58,73,10.45094
93,59,74,8.95364
93,60,61,13.10943
93,60,75,13.10943
93,61,62,16.89617
93,61,76,6.47101
93,62,63,11.58863
93,62,77,10.44544
93,63,64,11.89053
93,63,78,7.7192
93,64,65,10.44544
93,64,79,11.58281
93,65,66,7.7192
93,65,80,16.89617
93,66,67,8.68355
93,66,81,14.95186
93,67,68,16.89617
93,67,82,15.50515
93,68,69,14.94184
93,68,83,12.07133
93,69,70,13.10943
93,69,84,13.64115
93,70,71,16.90687
93,70,85,10.0
93,71,72,9.99195
93,71,86,11.58281
93,72,73,10.43719
93,72,87,14.94184
93,73,74,13.62525
93,73,88,20.96483
93,74,89,15.50515
93,75,76,10.44544
93,75,90,18.76689
93,76,77,13.62525
93,76,91,15.50515
93,77,78,8.95364
93,77,92,7.7192
93,78,79,13.64115
93,78,93,17.28364
93,79,80,17.28364
93,79,94,15.49493
93,80,81,14.94184
93,80,95,10.45094
93,81,82,7.7192
93,81,96,18.76689
93,82,83,9.99195
93,82,97,7.7192
93,83,84,8.95364
93,83,98,16.90687
93,84,85,13.63161
93,84,99,13.62525
93,85,86,18.76689
93,85,100,14.95186
93,86,87,8.68355
93,86,101,11.57408
93,87,88,13.64115
93,87,102,13.62525
93,88,89,13.10943
93,88,103,9.99195
93,89,104,13.63161
93,90,91,15.50515
93,90,105,13.64115
93,91,92,6.47101
93,91,106,20.96483
93,92,93,7.34434
93,92,107,17.28364
93,93,94,7.34434
93,93,108,8.95364
93,94,95,17.28364
93,94,109,15.49493
93,95,96,16.90687
93,95,110,17.28364
93,96,97,13.63161
93,96,111,6.47101
93,97,98,14.95186
93,97,112,14.93516
93,98,99,8.68355
93,98,113,11.58281
93,99,100,14.94184
93,99,114,10.43719
93,100,101,10.44544
93,100,115,11.58281
93,101,102,8.68355
93,101,116,11.58863
93,102,103,12.07133
93,102,117,20.96483
93,103,104,13.64115
93,103,118,10.43719
93,104,119,9.99195
93,105,106,13.63161
93,105,120,10.0
93,106,107,17.28364
93,106,121,8.95364
93,107,108,15.50515
93,107,122,13.62525
93,108,109,13.30003
93,108,123,13.62525
93,109,110,11.89053
93,109,124,14.93516
93,110,111,8.94608
93,110,125,13.62525
93,111,112,10.45094
93,111,126,20.96483
93,112,113,10.44544
93,112,127,13.62525
93,113,114,13.10943
93,113,128,19.39057
93,114,115,14.94184
93,114,129,10.44544
93,115,116,8.68355
93,115,130,17.28364
93,116,117,18.76689
93,116,131,16.89617
93,117,118,9.99195
93,117,132,11.58863
93,118,119,8.94608
93,118,133,6.47101
93,119,134,10.0
93,120,121,14.94184
93,120,135,15.50515
93,121,122,14.94184
93,121,136,11.58281
93,122,123,13.30003
93,122,137,6.47101
93,123,124,13.64115
93,123,138,9.99195
93,124,125,10.0
93,124,139,13.63161
93,125,126,17.28364
93,125,140,10.44544
93,126,127,19.39057
93,126,141,13.30003
93,127,128,13.64115
93,127,142,11.57408
93,128,129,14.93516
93,128,143,8.94608
93,129,130,19.39057
93,129,144,12.07133
93,130,131,14.95186
93,130,145,14.94184
93,131,132,14.95186
93,131,146,20.96483
93,132,133,6.47101
93,132,147,8.95364
93,133,134,13.64115
93,133,148,14.95186
93,134,149,11.57408
93,135,136,13.64115
93,135,150,10.0
93,136,137,14.94184
93,136,151,10.0
93,137,138,14.94184
93,137,152,16.89617
93,138,139,10.44544
93,138,153,10.43719
93,139,140,15.49493
93,139,154,10.0
93,140,141,15.49493
93,140,155,6.47101
93,141,142,13.30003
93,141,156,18.76689
93,142,143,19.39057
93,142,157,19.39057
93,143,144,13.62525
93,143,158,12.07133
93,144,145,10.44544
93,144,159,11.57408
93,145,146,13.64115
93,145,160,15.49493
93,146,147,15.50515
93,146,161,8.68355
93,147,148,9.99195
93,147,162,11.89053
93,148,149,8.94608
93,148,163,15.50515
93,149,164,14.93516
93,150,151,18.76689
93,150,165,11.57408
93,151,152,11.58281
93,151,166,18.76689
93,152,153,16.90687
93,152,167,15.49493
93,153,154,13.63161
93,153,168,13.10943
93,154,155,17.28364
93,154,169,19.39057
93,155,156,10.44544
93,155,170,8.94608
93,156,157,13.64115
93,156,171,19.39057
93,157,158,8.68355
93,157,172,19.39057
93,158,159,9.99195
93,158,173,13.30003
93,159,160,15.49493
93,159,174,10.45094
93,160,161,10.0
93,160,175,7.34434
93,161,162,20.96483
93,161,176,16.89617
93,162,163,14.93516
93,162,177,9.99195
93,163,164,10.0
93,163,178,16.90687
93,164,179,10.44544
93,165,166,14.93516
93,165,180,13.10943
93,166,167,6.47101
93,166,181,12.07133
93,167,168,12.07133
93,167,182,18.76689
93,168,169,6.47101
93,168,183,16.89617
93,169,170,8.94608
93,169,184,13.64115
93,170,171,19.39057
93,170,185,15.49493
93,171,172,13.63161
93,171,186,12.07133
93,172,173,12.07133
93,172,187,10.45094
93,173,174,10.43719
93,173,188,15.49493
93,174,175,13.10943
93,174,189,13.30003
93,175,176,6.47101
93,175,190,17.28364
93,176,177,11.57408
93,176,191,8.94608
93,177,178,8.68355
93,177,192,6.47101
93,178,179,13.64115
93,178,193,16.90687
93,179,194,19.39057
93,180,181,14.95186
93,180,195,11.57408
93,181,182,6.47101
93,181,196,7.7192
93,182,183,20.96483
93,182,197,8.95364
93,183,184,6.47101
93,183,198,11.57408
93,184,185,11.57408
93,184,199,18.76689
93,185,186,11.89053
93,185,200,13.30003
93,186,187,10.0
93,186,201,7.7192
93,187,188,11.57408
93,187,202,17.28364
93,188,189,16.90687
93,188,203,14.95186
93,189,190,7.7192
93,189,204,13.64115
93,190,191,10.0
93,190,205,16.89617
93,191,192,19.39057
93,191,206,14.93516
93,192,193,10.43719
93,192,207,10.44544
93,193,194,9.99195
93,193,208,6.47101
93,194,209,11.89053
93,195,196,10.43719
93,195,210,14.93516
93,196,197,14.93516
93,196,211,10.44544
93,197,198,6.47101
93,197,212,14.93516
93,198,199,13.63161
93,198,213,10.43719
93,199,200,14.95186
93,199,214,8.94608
93,200,201,6.47101
93,200,215,14.94184
93,201,202,7.34434
93,201,216,7.7192
93,202,203,14.95186
93,202,217,14.95186
93,203,204,11.58281
93,203,218,19.39057
93,204,205,10.44544
93,204,219,15.50515
93,205,206,11.58863
93,205,220,7.7192
93,206,207,16.90687
93,206,221,13.10943
93,207,208,16.89617
93,207,222,11.89053
93,208,209,13.63161
93,208,223,7.7192
93,209,224,8.94608
93,210,211,11.57408
93,211,212,13.63161
93,212,213,13.30003
93,213,214,10.43719
93,214,215,11.57408
93,215,216,13.30003
93,216,217,7.7192
93,217,218,11.58863
93,218,219,11.58281
93,219,220,17.28364
93,220,221,14.93516
93,221,222,11.57408
93,222,223,15.50515
93,223,224,20.96483
94,0,1,15.85814
94,0,15,15.90644
94,1,2,8.41812
94,1,16,7.74937
94,2,3,8.41812
94,2,17,8.45226
94,3,4,9.05486
94,3,18,13.89362
94,4,5,9.05486
94,4,19,10.0
94,5,6,12.96358
94,5,20,10.0
94,6,7,8.45226
94,6,21,9.05486
94,7,8,12.92031
94,7,22,17.81853
94,8,9,7.71688
94,8,23,11.53921
94,9,10,5.33232
94,9,24,9.65718
94,10,11,12.96358
94,10,25,14.72892
94,11,12,13.89362
94,11,26,17.81853
94,12,13,10.0
94,12,27,15.90644
94,13,14,17.81853
94,13,28,8.45226
94,14,29,6.41883
94,15,16,7.74937
94,15,30,6.41883
94,16,17,11.16796
94,16,31,6.41883
94,17,18,11.4986
94,17,32,14.68256
94,18,19,9.96247
94,18,33,12.14287
94,19,20,12.92031
94,19,34,5.3063
94,20,21,11.16796
94,20,35,14.68256
94,21,22,9.05486
94,21,36,15.90644
94,22,23,11.12807
94,22,37,7.16761
94,23,24,8.41812
94,23,38,7.16761
94,24,25,7.71688
94,24,39,17.81853
94,25,26,10.0
94,25,40,7.74937
94,26,27,13.8487
94,26,41,9.62038
94,27,28,6.38972
94,27,42,11.53921
94,28,29,10.0
94,28,43,11.12807
94,29,44,9.62038
94,30,31,9.09044
94,30,45,9.09044
94,31,32,14.68256
94,31,46,11.12807
94,32,33,7.16761
94,32,47,9.09044
94,33,34,10.0
94,33,48,11.53921
94,34,35,11.12807
94,34,49,7.71688
94,35,36,13.89362
94,35,50,9.96247
94,36,37,17.81853
94,36,51,7.13656
94,37,38,17.86992
94,37,52,12.92031
94,38,39,17.86992
94,38,53,11.16796
94,39,40,5.3063
94,39,54,12.14287
94,40,41,12.96358
94,40,55,11.4986
94,41,42,5.3063
94,41,56,9.09044
94,42,43,13.8487
94,42,57,7.13656
94,43,44,7.74937
94,43,58,8.41812
94,44,59,17.81853
94,45,46,8.45226
94,45,60,11.53921
94,46,47,11.4986
94,46,61,15.90644
94,47,48,14.68256
94,47,62,12.14287
94,48,49,14.72892
94,48,63,11.53921
94,49,50,7.16761
94,49,64,13.89362
94,50,51,14.68256
94,50,65,5.3063
94,51,52,7.13656
94,51,66,11.12807
94,52,53,9.05486
94,52,67,11.53921
94,53,54,17.86992
94,53,68,9.96247
94,54,55,14.68256
94,54,69,9.65718
94,55,56,10.0
94,55,70,9.09044
94,56,57,17.81853
94,56,71,11.16796
94,57,58,8.41812
94,57,72,12.18471
94,58,59,5.33232
94,58,73,17.81853
94,59,74,9.96247
94,60,61,7.16761
94,60,75,7.16761
94,61,62,11.16796
94,61,76,15.85814
94,62,63,17.86992
94,62,77,7.71688
94,63,64,7.13656
94,63,78,12.92031
94,64,65,7.71688
94,64,79,7.74937
94,65,66,12.92031
94,65,80,11.16796
94,66,67,12.96358
94,66,81,11.53921
94,67,68,11.16796
94,67,82,9.05486
94,68,69,13.89362
94,68,83,14.68256
94,69,70,7.16761
94,69,84,11.4986
94,70,71,9.09044
94,70,85,10.0
94,71,72,12.18471
94,71,86,7.74937
94,72,73,9.62038
94,72,87,13.89362
94,73,74,5.3063
94,73,88,6.41883
94,74,89,9.05486
94,75,76,7.71688
94,75,90,8.45226
94,76,77,5.3063
94,76,91,9.05486
94,77,78,9.96247
94,77,92,12.92031
94,78,79,11.4986
94,78,93,8.41812
94,79,80,8.41812
94,79,94,11.12807
94,80,81,13.89362
94,80,95,17.81853
94,81,82,12.92031
94,81,96,8.45226
94,82,83,12.18471
94,82,97,12.92031
94,83,84,9.96247
94,83,98,9.09044
94,84,85,13.8487
94,84,99,5.3063
94,85,86,8.45226
94,85,100,11.53921
94,86,87,12.96358
94,86,101,9.65718
94,87,88,11.4986
94,87,102,5.3063
94,88,89,7.16761
94,88,103,12.18471
94,89,104,13.8487
94,90,91,9.05486
94,90,105,11.4986
94,91,92,15.85814
94,91,106,6.41883
94,92,93,15.90644
94,92,107,8.41812
94,93,94,15.90644
94,93,108,9.96247
94,94,95,8.41812
94,94,109,11.12807
94,95,96,9.09044
94,95,110,8.41812
94,96,97,13.8487
94,96,111,15.85814
94,97,98,11.53921
94,97,112,5.33232
94,98,99,12.96358
94,98,113,7.74937
94,99,100,13.89362
94,99,114,9.62038
94,100,101,7.71688
94,100,115,7.74937
94,101,102,12.96358
94,101,116,17.86992
94,102,103,14.68256
94,102,117,6.41883
94,103,104,11.4986
94,103,118,9.62038
94,104,119,12.18471
94,105,106,13.8487
94,105,120,10.0
94,106,107,8.41812
94,106,121,9.96247
94,107,108,9.05486
94,107,122,5.3063
94,108,109,14.72892
94,108,123,5.3063
94,109,110,7.13656
94,109,124,5.33232
94,110,111,12.14287
94,110,125,5.3063
94,111,112,17.81853
94,111,126,6.41883
94,112,113,7.71688
94,112,127,5.3063
94,113,114,7.16761
94,113,128,6.38972
94,114,115,13.89362
94,114,129,7.71688
94,115,116,12.96358
94,115,130,8.41812
94,116,117,8.45226
94,116,131,11.16796
94,117,118,12.18471
94,117,132,17.86992
94,118,119,12.14287
94,118,133,15.85814
94,119,134,10.0
94,120,121,13.89362
94,120,135,9.05486
94,121,122,13.89362
94,121,136,7.74937
94,122,123,14.72892
94,122,137,15.85814
94,123,124,11.4986
94,123,138,12.18471
94,124,125,10.0
94,124,139,13.8487
94,125,126,8.41812
94,125,140,7.71688
94,126,127,6.38972
94,126,141,14.72892
94,127,128,11.4986
94,127,142,9.65718
94,128,129,5.33232
94,128,143,12.14287
94,129,130,6.38972
94,129,144,14.68256
94,130,131,11.53921
94,130,145,13.89362
94,131,132,11.53921
94,131,146,6.41883
94,132,133,15.85814
94,132,147,9.96247
94,133,134,11.4986
94,133,148,11.53921
94,134,149,9.65718
94,135,136,11.4986
94,135,150,10.0
94,136,137,13.89362
94,136,151,10.0
94,137,138,13.89362
94,137,152,11.16796
94,138,139,7.71688
94,138,153,9.62038
94,139,140,11.12807
94,139,154,10.0
94,140,141,11.12807
94,140,155,15.85814
94,141,142,14.72892
94,141,156,8.45226
94,142,143,6.38972
94,142,157,6.38972
94,143,144,5.3063
94,143,158,14.68256
94,144,145,7.71688
94,144,159,9.65718
94,145,146,11.4986
94,145,160,11.12807
94,146,147,9.05486
94,146,161,12.96358
94,147,148,12.18471
94,147,162,7.13656
94,148,149,12.14287
94,148,163,9.05486
94,149,164,5.33232
94,150,151,8.45226
94,150,165,9.65718
94,151,152,7.74937
94,151,166,8.45226
94,152,153,9.09044
94,152,167,11.12807
94,153,154,13.8487
94,153,168,7.16761
94,154,155,8.41812
94,154,169,6.38972
94,155,156,7.71688
94,155,170,12.14287
94,156,157,11.4986
94,156,171,6.38972
94,157,158,12.96358
94,157,172,6.38972
94,158,159,12.18471
94,158,173,14.72892
94,159,160,11.12807
94,159,174,17.81853
94,160,161,10.0
94,160,175,15.90644
94,161,162,6.41883
94,161,176,11.16796
94,162,163,5.33232
94,162,177,12.18471
94,163,164,10.0
94,163,178,9.09044
94,164,179,7.71688
94,165,166,5.33232
94,165,180,7.16761
94,166,167,15.85814
94,166,181,14.68256
94,167,168,14.68256
94,167,182,8.45226
94,168,169,15.85814
94,168,183,11.16796
94,169,170,12.14287
94,169,184,11.4986
94,170,171,6.38972
94,170,185,11.12807
94,171,172,13.8487
94,171,186,14.68256
94,172,173,14.68256
94,172,187,17.81853
94,173,174,9.62038
94,173,188,11.12807
94,174,175,7.16761
94,174,189,14.72892
94,175,176,15.85814
94,175,190,8.41812
94,176,177,9.65718
94,176,191,12.14287
94,177,178,12.96358
94,177,192,15.85814
94,178,179,11.4986
94,178,193,9.09044
94,179,194,6.38972
94,180,181,11.53921
94,180,195,9.65718
94,181,182,15.85814
94,181,196,12.92031
94,182,183,6.41883
94,182,197,9.96247
94,183,184,15.85814
94,183,198,9.65718
94,184,185,9.65718
94,184,199,8.45226
94,185,186,7.13656
94,185,200,14.72892
94,186,187,10.0
94,186,201,12.92031
94,187,188,9.65718
94,187,202,8.41812
94,188,189,9.09044
94,188,203,11.53921
94,189,190,12.92031
94,189,204,11.4986
94,190,191,10.0
94,190,205,11.16796
94,191,192,6.38972
94,191,206,5.33232
94,192,193,9.62038
94,192,207,7.71688
94,193,194,12.18471
94,193,208,15.85814
94,194,209,7.13656
94,195,196,9.62038
94,195,210,5.33232
94,196,197,5.33232
94,196,211,7.71688
94,197,198,15.85814
94,197,212,5.33232
94,198,199,13.8487
94,198,213,9.62038
94,199,200,11.53921
94,199,214,12.14287
94,200,201,15.85814
94,200,215,13.89362
94,201,202,15.90644
94,201,216,12.92031
94,202,203,11.53921
94,202,217,11.53921
94,203,204,7.74937
94,203,218,6.38972
94,204,205,7.71688
94,204,219,9.05486
94,205,206,17.86992
94,205,220,12.92031
94,206,207,9.09044
94,206,221,7.16761
94,207,208,11.16796
94,207,222,7.13656
94,208,209,13.8487
94,208,223,12.92031
94,209,224,12.14287
94,210,211,9.65718
94,211,212,13.8487
94,212,213,14.72892
94,213,214,9.62038
94,214,215,9.65718
94,215,216,14.72892
94,216,217,12.92031
94,217,218,17.86992
94,218,219,7.74937
94,219,220,8.41812
94,220,221,5.33232
94,221,222,9.65718
94,222,223,9.05486
94,223,224,6.41883
95,0,1,7.04825
95,0,15,8.80301
95,1,2,16.43245
95,1,16,11.07406
95,2,3,16.43245
95,2,17,19.16877
95,3,4,15.36243
95,3,18,17.45009
95,4,5,15.36243
95,4,19,10.0
95,5,6,9.80519
95,5,20,10.0
95,6,7,19.16877
95,6,21,15.36243
95,7,8,7.93419
95,7,22,12.62265
95,8,9,9.06502
95,8,23,16.60157
95,9,10,13.15616
95,9,24,11.75811
95,10,11,9.80519
95,10,25,16.34473
95,11,12,17.45009
95,11,26,12.62265
95,12,13,10.0
95,12,27,8.80301
95,13,14,12.62265
95,13,28,19.16877
95,14,29,20.68209
95,15,16,11.07406
95,15,30,20.68209
95,16,17,18.89152
95,16,31,20.68209
95,17,18,14.0741
95,17,32,13.83908
95,18,19,8.10719
95,18,33,8.68355
95,19,20,7.93419
95,19,34,10.93826
95,20,21,18.89152
95,20,35,13.83908
95,21,22,15.36243
95,21,36,8.80301
95,22,23,16.17701
95,22,37,11.97333
95,23,24,16.43245
95,23,38,11.97333
95,24,25,9.06502
95,24,39,12.62265
95,25,26,10.0
95,25,40,11.07406
95,26,27,14.85182
95,26,41,9.67825
95,27,28,17.82953
95,27,42,16.60157
95,28,29,10.0
95,28,43,16.17701
95,29,44,9.67825
95,30,31,18.00612
95,30,45,18.00612
95,31,32,13.83908
95,31,46,16.17701
95,32,33,11.97333
95,32,47,18.00612
95,33,34,10.0
95,33,48,16.60157
95,34,35,16.17701
95,34,49,9.06502
95,35,36,17.45009
95,35,50,8.10719
95,36,37,12.62265
95,36,51,9.87166
95,37,38,15.01206
95,37,52,7.93419
95,38,39,15.01206
95,38,53,18.89152
95,39,40,10.93826
95,39,54,8.68355
95,40,41,9.80519
95,40,55,14.0741
95,41,42,10.93826
95,41,56,18.00612
95,42,43,14.85182
95,42,57,9.87166
95,43,44,11.07406
95,43,58,16.43245
95,44,59,12.62265
95,45,46,19.16877
95,45,60,16.60157
95,46,47,14.0741
95,46,61,8.80301
95,47,48,13.83908
95,47,62,8.68355
95,48,49,16.34473
95,48,63,16.60157
95,49,50,11.97333
95,49,64,17.45009
95,50,51,13.83908
95,50,65,10.93826
95,51,52,9.87166
95,51,66,16.17701
95,52,53,15.36243
95,52,67,16.60157
95,53,54,15.01206
95,53,68,8.10719
95,54,55,13.83908
95,54,69,11.75811
95,55,56,10.0
95,55,70,18.00612
95,56,57,12.62265
95,56,71,18.89152
95,57,58,16.43245
95,57,72,10.64717
95,58,59,13.15616
95,58,73,12.62265
95,59,74,8.10719
95,60,61,11.97333
95,60,75,11.97333
95,61,62,18.89152
95,61,76,7.04825
95,62,63,15.01206
95,62,77,9.06502
95,63,64,9.87166
95,63,78,7.93419
95,64,65,9.06502
95,64,79,11.07406
95,65,66,7.93419
95,65,80,18.89152
95,66,67,9.80519
95,66,81,16.60157
95,67,68,18.89152
95,67,82,15.36243
95,68,69,17.45009
95,68,83,13.83908
95,69,70,11.97333
95,69,84,14.0741
95,70,71,18.00612
95,70,85,10.0
95,71,72,10.64717
95,71,86,11.07406
95,72,73,9.67825
95,72,87,17.45009
95,73,74,10.93826
95,73,88,20.68209
95,74,89,15.36243
95,75,76,9.06502
95,75,90,19.16877
95,76,77,10.93826
95,76,91,15.36243
95,77,78,8.10719
95,77,92,7.93419
95,78,79,14.0741
95,78,93,16.43245
95,79,80,16.43245
95,79,94,16.17701
95,80,81,17.45009
95,80,95,12.62265
95,81,82,7.93419
95,81,96,19.16877
95,82,83,10.64717
95,82,97,7.93419
95,83,84,8.10719
95,83,98,18.00612
95,84,85,14.85182
95,84,99,10.93826
95,85,86,19.16877
95,85,100,16.60157
95,86,87,9.80519
95,86,101,11.75811
95,87,88,14.0741
95,87,102,10.93826
95,88,89,11.97333
95,88,103,10.64717
95,89,104,14.85182
95,90,91,15.36243
95,90,105,14.0741
95,91,92,7.04825
95,91,106,20.68209
95,92,93,8.80301
95,92,107,16.43245
95,93,94,8.80301
95,93,108,8.10719
95,94,95,16.43245
95,94,109,16.17701
95,95,96,18.00612
95,95,110,16.43245
95,96,97,14.85182
95,96,111,7.04825
95,97,98,16.60157
95,97,112,13.15616
95,98,99,9.80519
95,98,113,11.07406
95,99,100,17.45009
95,99,114,9.67825
95,100,101,9.06502
95,100,115,11.07406
95,101,102,9.80519
95,101,116,15.01206
95,102,103,13.83908
95,102,117,20.68209
95,103,104,14.0741
95,103,118,9.67825
95,104,119,10.64717
95,105,106,14.85182
95,105,120,10.0
95,106,107,16.43245
95,106,121,8.10719
95,107,108,15.36243
95,107,122,10.93826
95,108,109,16.34473
95,108,123,10.93826
95,109,110,9.87166
95,109,124,13.15616
95,110,111,8.68355
95,110,125,10.93826
95,111,112,12.62265
95,111,126,20.68209
95,112,113,9.06502
95,112,127,10.93826
95,113,114,11.97333
95,113,128,17.82953
95,114,115,17.45009
95,114,129,9.06502
95,115,116,9.80519
95,115,130,16.43245
95,116,117,19.16877
95,116,131,18.89152
95,117,118,10.64717
95,117,132,15.01206
95,118,119,8.68355
95,118,133,7.04825
95,119,134,10.0
95,120,121,17.45009
95,120,135,15.36243
95,121,122,17.45009
95,121,136,11.07406
95,122,123,16.34473
95,122,137,7.04825
95,123,124,14.0741
95,123,138,10.64717
95,124,125,10.0
95,124,139,14.85182
95,125,126,16.43245
95,125,140,9.06502
95,126,127,17.82953
95,126,141,16.34473
95,127,128,14.0741
95,127,142,11.75811
95,128,129,13.15616
95,128,143,8.68355
95,129,130,17.82953
95,129,144,13.83908
95,130,131,16.60157
95,130,145,17.45009
95,131,132,16.60157
95,131,146,20.68209
95,132,133,7.04825
95,132,147,8.10719
95,133,134,14.0741
95,133,148,16.60157
95,134,149,11.75811
95,135,136,14.0741
95,135,150,10.0
95,136,137,17.45009
95,136,151,10.0
95,137,138,17.45009
95,137,152,18.89152
95,138,139,9.06502
95,138,153,9.67825
95,139,140,16.17701
95,139,154,10.0
95,140,141,16.17701
95,140,155,7.04825
95,141,142,16.34473
95,141,156,19.16877
95,142,143,17.82953
95,142,157,17.82953
95,143,144,10.93826
95,143,158,13.83908
95,144,145,9.06502
95,144,159,11.75811
95,145,146,14.0741
95,145,160,16.17701
95,146,147,15.36243
95,146,161,9.80519
95,147,148,10.64717
95,147,162,9.87166
95,148,149,8.68355
95,148,163,15.36243
95,149,164,13.15616
95,150,151,19.16877
95,150,165,11.75811
95,151,152,11.07406
95,151,166,19.16877
95,152,153,18.00612
95,152,167,16.17701
95,153,154,14.85182
95,153,168,11.97333
95,154,155,16.43245
95,154,169,17.82953
95,155,156,9.06502
95,155,170,8.68355
95,156,157,14.0741
95,156,171,17.82953
95,157,158,9.80519
95,157,172,17.82953
95,158,159,10.64717
95,158,173,16.34473
95,159,160,16.17701
95,159,174,12.62265
95,160,161,10.0
95,160,175,8.80301
95,161,162,20.68209
95,161,176,18.89152
95,162,163,13.15616
95,162,177,10.64717
95,163,164,10.0
95,163,178,18.00612
95,164,179,9.06502
95,165,166,13.15616
95,165,180,11.97333
95,166,167,7.04825
95,166,181,13.83908
95,167,168,13.83908
95,167,182,19.16877
95,168,169,7.04825
95,168,183,18.89152
95,169,170,8.68355
95,169,184,14.0741
95,170,171,17.82953
95,170,185,16.17701
95,171,172,14.85182
95,171,186,13.83908
95,172,173,13.83908
95,172,187,12.62265
95,173,174,9.67825
95,173,188,16.17701
95,174,175,11.97333
95,174,189,16.34473
95,175,176,7.04825
95,175,190,16.43245
95,176,177,11.75811
95,176,191,8.68355
95,177,178,9.80519
95,177,192,7.04825
95,178,179,14.0741
95,178,193,18.00612
95,179,194,17.82953
95,180,181,16.60157
95,180,195,11.75811
95,181,182,7.04825
95,181,196,7.93419
95,182,183,20.68209
95,182,197,8.10719
95,183,184,7.04825
95,183,198,11.75811
95,184,185,11.75811
95,184,199,19.16877
95,185,186,9.87166
95,185,200,16.34473
95,186,187,10.0
95,186,201,7.93419
95,187,188,11.75811
95,187,202,16.43245
95,188,189,18.00612
95,188,203,16.60157
95,189,190,7.93419
95,189,204,14.0741
95,190,191,10.0
95,190,205,18.89152
95,191,192,17.82953
95,191,206,13.15616
95,192,193,9.67825
95,192,207,9.06502
95,193,194,10.64717
95,193,208,7.04825
95,194,209,9.87166
95,195,196,9.67825
95,195,210,13.15616
95,196,197,13.15616
95,196,211,9.06502
95,197,198,7.04825
95,197,212,13.15616
95,198,199,14.85182
95,198,213,9.67825
95,199,200,16.60157
95,199,214,8.68355
95,200,201,7.04825
95,200,215,17.45009
95,201,202,8.80301
95,201,216,7.93419
95,202,203,16.60157
95,202,217,16.60157
95,203,204,11.07406
95,203,218,17.82953
95,204,205,9.06502
95,204,219,15.36243
95,205,206,15.01206
95,205,220,7.93419
95,206,207,18.00612
95,206,221,11.97333
95,207,208,18.89152
95,207,222,9.87166
95,208,209,14.85182
95,208,223,7.93419
95,209,224,8.68355
95,210,211,11.75811
95,211,212,14.85182
95,212,213,16.34473
95,213,214,9.67825
95,214,215,11.75811
95,215,216,16.34473
95,216,217,7.93419
95,217,218,15.01206
95,218,219,11.07406
95,219,220,16.43245
95,220,221,13.15616
95,221,222,11.75811
95,222,223,15.36243
95,223,224,20.68209
96,0,1,4.49148
96,0,15,5.69326
96,1,2,6.78286
96,1,16,13.50794
96,2,3,6.78286
96,2,17,8.30406
96,3,4,11.74638
96,3,18,4.49315
96,4,5,11.74638
96,4,19,10.0
96,5,6,8.30648
96,5,20,10.0
96,6,7,8.30406
96,6,21,11.74638
96,7,8,6.78502
96,7,22,4.6401
96,8,9,11.4899
96,8,23,10.23768
96,9,10,11.23939
96,9,24,6.59937
96,10,11,8.30648
96,10,25,8.52079
96,11,12,4.49315
96,11,26,4.6401
96,12,13,10.0
96,12,27,5.69326
96,13,14,4.6401
96,13,28,8.30406
96,14,29,11.4928
96,15,16,13.50794
96,15,30,11.4928
96,16,17,6.78717
96,16,31,11.4928
96,17,18,8.51588
96,17,32,6.97588
96,18,19,8.30165
96,18,33,3.3464
96,19,20,6.78502
96,19,34,9.42195
96,20,21,6.78717
96,20,35,6.97588
96,21,22,11.74638
96,21,36,5.69326
96,22,23,5.44286
96,22,37,8.09289
96,23,24,6.78286
96,23,38,8.09289
96,24,25,11.4899
96,24,39,4.6401
96,25,26,10.0
96,25,40,13.50794
96,26,27,3.46852
96,26,41,5.2785
96,27,28,9.65192
96,27,42,10.23768
96,28,29,10.0
96,28,43,5.44286
96,29,44,5.2785
96,30,31,13.78786
96,30,45,13.78786
96,31,32,6.97588
96,31,46,5.44286
96,32,33,8.09289
96,32,47,13.78786
96,33,34,10.0
96,33,48,10.23768
96,34,35,5.44286
96,34,49,11.4899
96,35,36,4.49315
96,35,50,8.30165
96,36,37,4.6401
96,36,51,6.59514
96,37,38,5.86533
96,37,52,6.78502
96,38,39,5.86533
96,38,53,6.78717
96,39,40,9.42195
96,39,54,3.3464
96,40,41,8.30648
96,40,55,8.51588
96,41,42,9.42195
96,41,56,13.78786
96,42,43,3.46852
96,42,57,6.59514
96,43,44,13.50794
96,43,58,6.78286
96,44,59,4.6401
96,45,46,8.30406
96,45,60,10.23768
96,46,47,8.51588
96,46,61,5.69326
96,47,48,6.97588
96,47,62,3.3464
96,48,49,8.52079
96,48,63,10.23768
96,49,50,8.09289
96,49,64,4.49315
96,50,51,6.97588
96,50,65,9.42195
96,51,52,6.59514
96,51,66,5.44286
96,52,53,11.74638
96,52,67,10.23768
96,53,54,5.86533
96,53,68,8.30165
96,54,55,6.97588
96,54,69,6.59937
96,55,56,10.0
96,55,70,13.78786
96,56,57,4.6401
96,56,71,6.78717
96,57,58,6.78286
96,57,72,4.34759
96,58,59,11.23939
96,58,73,4.6401
96,59,74,8.30165
96,60,61,8.09289
96,60,75,8.09289
96,61,62,6.78717
96,61,76,4.49148
96,62,63,5.86533
96,62,77,11.4899
96,63,64,6.59514
96,63,78,6.78502
96,64,65,11.4899
96,64,79,13.50794
96,65,66,6.78502
96,65,80,6.78717
96,66,67,8.30648
96,66,81,10.23768
96,67,68,6.78717
96,67,82,11.74638
96,68,69,4.49315
96,68,83,6.97588
96,69,70,8.09289
96,69,84,8.51588
96,70,71,13.78786
96,70,85,10.0
96,71,72,4.34759
96,71,86,13.50794
96,72,73,5.2785
96,72,87,4.49315
96,73,74,9.42195
96,73,88,11.4928
96,74,89,11.74638
96,75,76,11.4899
96,75,90,8.30406
96,76,77,9.42195
96,76,91,11.74638
96,77,78,8.30165
96,77,92,6.78502
96,78,79,8.51588
96,78,93,6.78286
96,79,80,6.78286
96,79,94,5.44286
96,80,81,4.49315
96,80,95,4.6401
96,81,82,6.78502
96,81,96,8.30406
96,82,83,4.34759
96,82,97,6.78502
96,83,84,8.30165
96,83,98,13.78786
96,84,85,3.46852
96,84,99,9.42195
96,85,86,8.30406
96,85,100,10.23768
96,86,87,8.30648
96,86,101,6.59937
96,87,88,8.51588
96,87,102,9.42195
96,88,89,8.09289
96,88,103,4.34759
96,89,104,3.46852
96,90,91,11.74638
96,90,105,8.51588
96,91,92,4.49148
96,91,106,11.4928
96,92,93,5.69326
96,92,107,6.78286
96,93,94,5.69326
96,93,108,8.30165
96,94,95,6.78286
96,94,109,5.44286
96,95,96,13.78786
96,95,110,6.78286
96,96,97,3.46852
96,96,111,4.49148
96,97,98,10.23768
96,97,112,11.23939
96,98,99,8.30648
96,98,113,13.50794
96,99,100,4.49315
96,99,114,5.2785
96,100,101,11.4899
96,100,115,13.50794
96,101,102,8.30648
96,101,116,5.86533
96,102,103,6.97588
96,102,117,11.4928
96,103,104,8.51588
96,103,118,5.2785
96,104,119,4.34759
96,105,106,3.46852
96,105,120,10.0
96,106,107,6.78286
96,106,121,8.30165
96,107,108,11.74638
96,107,122,9.42195
96,108,109,8.52079
96,108,123,9.42195
96,109,110,6.59514
96,109,124,11.23939
96,110,111,3.3464
96,110,125,9.42195
96,111,112,4.6401
96,111,126,11.4928
96,112,113,11.4899
96,112,127,9.42195
96,113,114,8.09289
96,113,128,9.65192
96,114,115,4.49315
96,114,129,11.4899
96,115,116,8.30648
96,115,130,6.78286
96,116,117,8.30406
96,116,131,6.78717
96,117,118,4.34759
96,117,132,5.86533
96,118,119,3.3464
96,118,133,4.49148
96,119,134,10.0
96,120,121,4.49315
96,120,135,11.74638
96,121,122,4.49315
96,121,136,13.50794
96,122,123,8.52079
96,122,137,4.49148
96,123,124,8.51588
96,123,138,4.34759
96,124,125,10.0
96,124,139,3.46852
96,125,126,6.78286
96,125,140,11.4899
96,126,127,9.65192
96,126,141,8.52079
96,127,128,8.51588
96,127,142,6.59937
96,128,129,11.23939
96,128,143,3.3464
96,129,130,9.65192
96,129,144,6.97588
96,130,131,10.23768
96,130,145,4.49315
96,131,132,10.23768
96,131,146,11.4928
96,132,133,4.49148
96,132,147,8.30165
96,133,134,8.51588
96,133,148,10.23768
96,134,149,6.59937
96,135,136,8.51588
96,135,150,10.0
96,136,137,4.49315
96,136,151,10.0
96,137,138,4.49315
96,137,152,6.78717
96,138,139,11.4899
96,138,153,5.2785
96,139,140,5.44286
96,139,154,10.0
96,140,141,5.44286
96,140,155,4.49148
96,141,142,8.52079
96,141,156,8.30406
96,142,143,9.65192
96,142,157,9.65192
96,143,144,9.42195
96,143,158,6.97588
96,144,145,11.4899
96,144,159,6.59937
96,145,146,8.51588
96,145,160,5.44286
96,146,147,11.74638
96,146,161,8.30648
96,147,148,4.34759
96,147,162,6.59514
96,148,149,3.3464
96,148,163,11.74638
96,149,164,11.23939
96,150,151,8.30406
96,150,165,6.59937
96,151,152,13.50794
96,151,166,8.30406
96,152,153,13.78786
96,152,167,5.44286
96,153,154,3.46852
96,153,168,8.09289
96,154,155,6.78286
96,154,169,9.65192
96,155,156,11.4899
96,155,170,3.3464
96,156,157,8.51588
96,156,171,9.65192
96,157,158,8.30648
96,157,172,9.65192
96,158,159,4.34759
96,158,173,8.52079
96,159,160,5.44286
96,159,174,4.6401
96,160,161,10.0
96,160,175,5.69326
96,161,162,11.4928
96,161,176,6.78717
96,162,163,11.23939
96,162,177,4.34759
96,163,164,10.0
96,163,178,13.78786
96,164,179,11.4899
96,165,166,11.23939
96,165,180,8.09289
96,166,167,4.49148
96,166,181,6.97588
96,167,168,6.97588
96,167,182,8.30406
96,168,169,4.49148
96,168,183,6.78717
96,169,170,3.3464
96,169,184,8.51588
96,170,171,9.65192
96,170,185,5.44286
96,171,172,3.46852
96,171,186,6.97588
96,172,173,6.97588
96,172,187,4.6401
96,173,174,5.2785
96,173,188,5.44286
96,174,175,8.09289
96,174,189,8.52079
96,175,176,4.49148
96,175,190,6.78286
96,176,177,6.59937
96,176,191,3.3464
96,177,178,8.30648
96,177,192,4.49148
96,178,179,8.51588
96,178,193,13.78786
96,179,194,9.65192
96,180,181,10.23768
96,180,195,6.59937
96,181,182,4.49148
96,181,196,6.78502
96,182,183,11.4928
96,182,197,8.30165
96,183,184,4.49148
96,183,198,6.59937
96,184,185,6.59937
96,184,199,8.30406
96,185,186,6.59514
96,185,200,8.52079
96,186,187,10.0
96,186,201,6.78502
96,187,188,6.59937
96,187,202,6.78286
96,188,189,13.78786
96,188,203,10.23768
96,189,190,6.78502
96,189,204,8.51588
96,190,191,10.0
96,190,205,6.78717
96,191,192,9.65192
96,191,206,11.23939
96,192,193,5.2785
96,192,207,11.4899
96,193,194,4.34759
96,193,208,4.49148
96,194,209,6.59514
96,195,196,5.2785
96,195,210,11.23939
96,196,197,11.23939
96,196,211,11.4899
96,197,198,4.49148
96,197,212,11.23939
96,198,199,3.46852
96,198,213,5.2785
96,199,200,10.23768
96,199,214,3.3464
96,200,201,4.49148
96,200,215,4.49315
96,201,202,5.69326
96,201,216,6.78502
96,202,203,10.23768
96,202,217,10.23768
96,203,204,13.50794
96,203,218,9.65192
96,204,205,11.4899
96,204,219,11.74638
96,205,206,5.86533
96,205,220,6.78502
96,206,207,13.78786
96,206,221,8.09289
96,207,208,6.78717
96,207,222,6.59514
96,208,209,3.46852
96,208,223,6.78502
96,209,224,3.3464
96,210,211,6.59937
96,211,212,3.46852
96,212,213,8.52079
96,213,214,5.2785
96,214,215,6.59937
96,215,216,8.52079
96,216,217,6.78502
96,217,218,5.86533
96,218,219,13.50794
96,219,220,6.78286
96,220,221,11.23939
96,221,222,6.59937
96,222,223,11.74638
96,223,224,11.4928
97,0,1,14.8119
97,0,15,14.90513
97,1,2,6.24944
97,1,16,8.10004
97,2,3,6.24944
97,2,17,6.30698
97,3,4,5.09007
97,3,18,10.19695
97,4,5,5.09007
97,4,19,10.0
97,5,6,12.51617
97,5,20,10.0
97,6,7,6.30698
97,6,21,5.09007
97,7,8,12.43134
97,7,22,10.52808
97,8,9,8.03346
97,8,23,6.61843
97,9,10,7.74937
97,9,24,12.06835
97,10,11,12.51617
97,10,25,8.63898
97,11,12,10.19695
97,11,26,10.52808
97,12,13,10.0
97,12,27,14.90513
97,13,14,10.52808
97,13,28,6.30698
97,14,29,4.87412
97,15,16,8.10004
97,15,30,4.87412
97,16,17,8.27508
97,16,31,4.87412
97,17,18,6.55923
97,17,32,8.56992
97,18,19,9.92502
97,18,33,14.32105
97,19,20,12.43134
97,19,34,7.68446
97,20,21,8.27508
97,20,35,8.56992
97,21,22,5.09007
97,21,36,14.90513
97,22,23,8.20769
97,22,37,9.60463
97,23,24,6.24944
97,23,38,9.60463
97,24,25,8.03346
97,24,39,10.52808
97,25,26,10.0
97,25,40,8.10004
97,26,27,10.12115
97,26,41,11.98519
97,27,28,4.82498
97,27,42,6.61843
97,28,29,10.0
97,28,43,8.20769
97,29,44,11.98519
97,30,31,5.14087
97,30,45,5.14087
97,31,32,8.56992
97,31,46,8.20769
97,32,33,9.60463
97,32,47,5.14087
97,33,34,10.0
97,33,48,6.61843
97,34,35,8.20769
97,34,49,8.03346
97,35,36,10.19695
97,35,50,9.92502
97,36,37,10.52808
97,36,51,9.53132
97,37,38,10.60555
97,37,52,12.43134
97,38,39,10.60555
97,38,53,8.27508
97,39,40,7.68446
97,39,54,14.32105
97,40,41,12.51617
97,40,55,6.55923
97,41,42,7.68446
97,41,56,5.14087
97,42,43,10.12115
97,42,57,9.53132
97,43,44,8.10004
97,43,58,6.24944
97,44,59,10.52808
97,45,46,6.30698
97,45,60,6.61843
97,46,47,6.55923
97,46,61,14.90513
97,47,48,8.56992
97,47,62,14.32105
97,48,49,8.63898
97,48,63,6.61843
97,49,50,9.60463
97,49,64,10.19695
97,50,51,8.56992
97,50,65,7.68446
97,51,52,9.53132
97,51,66,8.20769
97,52,53,5.09007
97,52,67,6.61843
97,53,54,10.60555
97,53,68,9.92502
97,54,55,8.56992
97,54,69,12.06835
97,55,56,10.0
97,55,70,5.14087
97,56,57,10.52808
97,56,71,8.27508
97,57,58,6.24944
97,57,72,14.41261
97,58,59,7.74937
97,58,73,10.52808
97,59,74,9.92502
97,60,61,9.60463
97,60,75,9.60463
97,61,62,8.27508
97,61,76,14.8119
97,62,63,10.60555
97,62,77,8.03346
97,63,64,9.53132
97,63,78,12.43134
97,64,65,8.03346
97,64,79,8.10004
97,65,66,12.43134
97,65,80,8.27508
97,66,67,12.51617
97,66,81,6.61843
97,67,68,8.27508
97,67,82,5.09007
97,68,69,10.19695
97,68,83,8.56992
97,69,70,9.60463
97,69,84,6.55923
97,70,71,5.14087
97,70,85,10.0
97,71,72,14.41261
97,71,86,8.10004
97,72,73,11.98519
97,72,87,10.19695
97,73,74,7.68446
97,73,88,4.87412
97,74,89,5.09007
97,75,76,8.03346
97,75,90,6.30698
97,76,77,7.68446
97,76,91,5.09007
97,77,78,9.92502
97,77,92,12.43134
97,78,79,6.55923
97,78,93,6.24944
97,79,80,6.24944
97,79,94,8.20769
97,80,81,10.19695
97,80,95,10.52808
97,81,82,12.43134
97,81,96,6.30698
97,82,83,14.41261
97,82,97,12.43134
97,83,84,9.92502
97,83,98,5.14087
97,84,85,10.12115
97,84,99,7.68446
97,85,86,6.30698
97,85,100,6.61843
97,86,87,12.51617
97,86,101,12.06835
97,87,88,6.55923
97,87,102,7.68446
97,88,89,9.60463
97,88,103,14.41261
97,89,104,10.12115
97,90,91,5.09007
97,90,105,6.55923
97,91,92,14.8119
97,91,106,4.87412
97,92,93,14.90513
97,92,107,6.24944
97,93,94,14.90513
97,93,108,9.92502
97,94,95,6.24944
97,94,109,8.20769
97,95,96,5.14087
97,95,110,6.24944
97,96,97,10.12115
97,96,111,14.8119
97,97,98,6.61843
97,97,112,7.74937
97,98,99,12.51617
97,98,113,8.10004
97,99,100,10.19695
97,99,114,11.98519
97,100,101,8.03346
97,100,115,8.10004
97,101,102,12.51617
97,101,116,10.60555
97,102,103,8.56992
97,102,117,4.87412
97,103,104,6.55923
97,103,118,11.98519
97,104,119,14.41261
97,105,106,10.12115
97,105,120,10.0
97,106,107,6.24944
97,106,121,9.92502
97,107,108,5.09007
97,107,122,7.68446
97,108,109,8.63898
97,108,123,7.68446
97,109,110,9.53132
97,109,124,7.74937
97,110,111,14.32105
97,110,125,7.68446
97,111,112,10.52808
97,111,126,4.87412
97,112,113,8.03346
97,112,127,7.68446
97,113,114,9.60463
97,113,128,4.82498
97,114,115,10.19695
97,114,129,8.03346
97,115,116,12.51617
97,115,130,6.24944
97,116,117,6.30698
97,116,131,8.27508
97,117,118,14.41261
97,117,132,10.60555
97,118,119,14.32105
97,118,133,14.8119
97,119,134,10.0
97,120,121,10.19695
97,120,135,5.09007
97,121,122,10.19695
97,121,136,8.10004
97,122,123,8.63898
97,122,137,14.8119
97,123,124,6.55923
97,123,138,14.41261
97,124,125,10.0
97,124,139,10.12115
97,125,126,6.24944
97,125,140,8.03346
97,126,127,4.82498
97,126,141,8.63898
97,127,128,6.55923
97,127,142,12.06835
97,128,129,7.74937
97,128,143,14.32105
97,129,130,4.82498
97,129,144,8.56992
97,130,131,6.61843
97,130,145,10.19695
97,131,132,6.61843
97,131,146,4.87412
97,132,133,14.8119
97,132,147,9.92502
97,133,134,6.55923
97,133,148,6.61843
97,134,149,12.06835
97,135,136,6.55923
97,135,150,10.0
97,136,137,10.19695
97,136,151,10.0
97,137,138,10.19695
97,137,152,8.27508
97,138,139,8.03346
97,138,153,11.98519
97,139,140,8.20769
97,139,154,10.0
97,140,141,8.20769
97,140,155,14.8119
97,141,142,8.63898
97,141,156,6.30698
97,142,143,4.82498
97,142,157,4.82498
97,143,144,7.68446
97,143,158,8.56992
97,144,145,8.03346
97,144,159,12.06835
97,145,146,6.55923
97,145,160,8.20769
97,146,147,5.09007
97,146,161,12.51617
97,147,148,14.41261
97,147,162,9.53132
97,148,149,14.32105
97,148,163,5.09007
97,149,164,7.74937
97,150,151,6.30698
97,150,165,12.06835
97,151,152,8.10004
97,151,166,6.30698
97,152,153,5.14087
97,152,167,8.20769
97,153,154,10.12115
97,153,168,9.60463
97,154,155,6.24944
97,154,169,4.82498
97,155,156,8.03346
97,155,170,14.32105
97,156,157,6.55923
97,156,171,4.82498
97,157,158,12.51617
97,157,172,4.82498
97,158,159,14.41261
97,158,173,8.63898
97,159,160,8.20769
97,159,174,10.52808
97,160,161,10.0
97,160,175,14.90513
97,161,162,4.87412
97,161,176,8.27508
97,162,163,7.74937
97,162,177,14.41261
97,163,164,10.0
97,163,178,5.14087
97,164,179,8.03346
97,165,166,7.74937
97,165,180,9.60463
97,166,167,14.8119
97,166,181,8.56992
97,167,168,8.56992
97,167,182,6.30698
97,168,169,14.8119
97,168,183,8.27508
97,169,170,14.32105
97,169,184,6.55923
97,170,171,4.82498
97,170,185,8.20769
97,171,172,10.12115
97,171,186,8.56992
97,172,173,8.56992
97,172,187,10.52808
97,173,174,11.98519
97,173,188,8.20769
97,174,175,9.60463
97,174,189,8.63898
97,175,176,14.8119
97,175,190,6.24944
97,176,177,12.06835
97,176,191,14.32105
97,177,178,12.51617
97,177,192,14.8119
97,178,179,6.55923
97,178,193,5.14087
97,179,194,4.82498
97,180,181,6.61843
97,180,195,12.06835
97,181,182,14.8119
97,181,196,12.43134
97,182,183,4.87412
97,182,197,9.92502
97,183,184,14.8119
97,183,198,12.06835
97,184,185,12.06835
97,184,199,6.30698
97,185,186,9.53132
97,185,200,8.63898
97,186,187,10.0
97,186,201,12.43134
97,187,188,12.06835
97,187,202,6.24944
97,188,189,5.14087
97,188,203,6.61843
97,189,190,12.43134
97,189,204,6.55923
97,190,191,10.0
97,190,205,8.27508
97,191,192,4.82498
97,191,206,7.74937
97,192,193,11.98519
97,192,207,8.03346
97,193,194,14.41261
97,193,208,14.8119
97,194,209,9.53132
97,195,196,11.98519
97,195,210,7.74937
97,196,197,7.74937
97,196,211,8.03346
97,197,198,14.8119
97,197,212,7.74937
97,198,199,10.12115
97,198,213,11.98519
97,199,200,6.61843
97,199,214,14.32105
97,200,201,14.8119
97,200,215,10.19695
97,201,202,14.90513
97,201,216,12.43134
97,202,203,6.61843
97,202,217,6.61843
97,203,204,8.10004
97,203,218,4.82498
97,204,205,8.03346
97,204,219,5.09007
97,205,206,10.60555
97,205,220,12.43134
97,206,207,5.14087
97,206,221,9.60463
97,207,208,8.27508
97,207,222,9.53132
97,208,209,10.12115
97,208,223,12.43134
97,209,224,14.32105
97,210,211,12.06835
97,211,212,10.12115
97,212,213,8.63898
97,213,214,11.98519
97,214,215,12.06835
97,215,216,8.63898
97,216,217,12.43134
97,217,218,10.60555
97,218,219,8.10004
97,219,220,6.24944
97,220,221,7.74937
97,221,222,12.06835
97,222,223,5.09007
97,223,224,4.87412
98,0,1,5.40899
98,0,15,8.16932
98,1,2,5.78869
98,1,16,8.78553
98,2,3,5.78869
98,2,17,8.65135
98,3,4,5.53953
98,3,18,6.9715
98,4,5,5.53953
98,4,19,10.0
98,5,6,7.09011
98,5,20,10.0
98,6,7,8.65135
98,6,21,5.53953
98,7,8,4.57216
98,7,22,5.072
98,8,9,5.89497
98,8,23,9.51566
98,9,10,7.96012
98,9,24,6.36276
98,10,11,7.09011
98,10,25,6.69288
98,11,12,6.9715
98,11,26,5.072
98,12,13,10.0
98,12,27,8.16932
98,13,14,5.072
98,13,28,8.65135
98,14,29,7.535
98,15,16,8.78553
98,15,30,7.535
98,16,17,5.99041
98,16,31,7.535
98,17,18,6.47728
98,17,32,4.2695
98,18,19,6.86705
98,18,33,4.79356
98,19,20,4.57216
98,19,34,5.24527
98,20,21,5.99041
98,20,35,4.2695
98,21,22,5.53953
98,21,36,8.16932
98,22,23,3.74274
98,22,37,9.1108
98,23,24,5.78869
98,23,38,9.1108
98,24,25,5.89497
98,24,39,5.072
98,25,26,10.0
98,25,40,8.78553
98,26,27,4.48146
98,26,41,4.02052
98,27,28,4.91472
98,27,42,9.51566
98,28,29,10.0
98,28,43,3.74274
98,29,44,4.02052
98,30,31,8.33552
98,30,45,8.33552
98,31,32,4.2695
98,31,46,3.74274
98,32,33,9.1108
98,32,47,8.33552
98,33,34,10.0
98,33,48,9.51566
98,34,35,3.74274
98,34,49,5.89497
98,35,36,6.9715
98,35,50,6.86705
98,36,37,5.072
98,36,51,6.15357
98,37,38,7.73776
98,37,52,4.57216
98,38,39,7.73776
98,38,53,5.99041
98,39,40,5.24527
98,39,54,4.79356
98,40,41,7.09011
98,40,55,6.47728
98,41,42,5.24527
98,41,56,8.33552
98,42,43,4.48146
98,42,57,6.15357
98,43,44,8.78553
98,43,58,5.78869
98,44,59,5.072
98,45,46,8.65135
98,45,60,9.51566
98,46,47,6.47728
98,46,61,8.16932
98,47,48,4.2695
98,47,62,4.79356
98,48,49,6.69288
98,48,63,9.51566
98,49,50,9.1108
98,49,64,6.9715
98,50,51,4.2695
98,50,65,5.24527
98,51,52,6.15357
98,51,66,3.74274
98,52,53,5.53953
98,52,67,9.51566
98,53,54,7.73776
98,53,68,6.86705
98,54,55,4.2695
98,54,69,6.36276
98,55,56,10.0
98,55,70,8.33552
98,56,57,5.072
98,56,71,5.99041
98,57,58,5.78869
98,57,72,7.37818
98,58,59,7.96012
98,58,73,5.072
98,59,74,6.86705
98,60,61,9.1108
98,60,75,9.1108
98,61,62,5.99041
98,61,76,5.40899
98,62,63,7.73776
98,62,77,5.89497
98,63,64,6.15357
98,63,78,4.57216
98,64,65,5.89497
98,64,79,8.78553
98,65,66,4.57216
98,65,80,5.99041
98,66,67,7.09011
98,66,81,9.51566
98,67,68,5.99041
98,67,82,5.53953
98,68,69,6.9715
98,68,83,4.2695
98,69,70,9.1108
98,69,84,6.47728
98,70,71,8.33552
98,70,85,10.0
98,71,72,7.37818
98,71,86,8.78553
98,72,73,4.02052
98,72,87,6.9715
98,73,74,5.24527
98,73,88,7.535
98,74,89,5.53953
98,75,76,5.89497
98,75,90,8.65135
98,76,77,5.24527
98,76,91,5.53953
98,77,78,6.86705
98,77,92,4.57216
98,78,79,6.47728
98,78,93,5.78869
98,79,80,5.78869
98,79,94,3.74274
98,80,81,6.9715
98,80,95,5.072
98,81,82,4.57216
98,81,96,8.65135
98,82,83,7.37818
98,82,97,4.57216
98,83,84,6.86705
98,83,98,8.33552
98,84,85,4.48146
98,84,99,5.24527
98,85,86,8.65135
98,85,100,9.51566
98,86,87,7.09011
98,86,101,6.36276
98,87,88,6.47728
98,87,102,5.24527
98,88,89,9.1108
98,88,103,7.37818
98,89,104,4.48146
98,90,91,5.53953
98,90,105,6.47728
98,91,92,5.40899
98,91,106,7.535
98,92,93,8.16932
98,92,107,5.78869
98,93,94,8.16932
98,93,108,6.86705
98,94,95,5.78869
98,94,109,3.74274
98,95,96,8.33552
98,95,110,5.78869
98,96,97,4.48146
98,96,111,5.40899
98,97,98,9.51566
98,97,112,7.96012
98,98,99,7.09011
98,98,113,8.78553
98,99,100,6.9715
98,99,114,4.02052
98,100,101,5.89497
98,100,115,8.78553
98,101,102,7.09011
98,101,116,7.73776
98,102,103,4.2695
98,102,117,7.535
98,103,104,6.47728
98,103,118,4.02052
98,104,119,7.37818
98,105,106,4.48146
98,105,120,10.0
98,106,107,5.78869
98,106,121,6.86705
98,107,108,5.53953
98,107,122,5.24527
98,108,109,6.69288
98,108,123,5.24527
98,109,110,6.15357
98,109,124,7.96012
98,110,111,4.79356
98,110,125,5.24527
98,111,112,5.072
98,111,126,7.535
98,112,113,5.89497
98,112,127,5.24527
98,113,114,9.1108
98,113,128,4.91472
98,114,115,6.9715
98,114,129,5.89497
98,115,116,7.09011
98,115,130,5.78869
98,116,117,8.65135
98,116,131,5.99041
98,117,118,7.37818
98,117,132,7.73776
98,118,119,4.79356
98,118,133,5.40899
98,119,134,10.0
98,120,121,6.9715
98,120,135,5.53953
98,121,122,6.9715
98,121,136,8.78553
98,122,123,6.69288
98,122,137,5.40899
98,123,124,6.47728
98,123,138,7.37818
98,124,125,10.0
98,124,139,4.48146
98,125,126,5.78869
98,125,140,5.89497
98,126,127,4.91472
98,126,141,6.69288
98,127,128,6.47728
98,127,142,6.36276
98,128,129,7.96012
98,128,143,4.79356
98,129,130,4.91472
98,129,144,4.2695
98,130,131,9.51566
98,130,145,6.9715
98,131,132,9.51566
98,131,146,7.535
98,132,133,5.40899
98,132,147,6.86705
98,133,134,6.47728
98,133,148,9.51566
98,134,149,6.36276
98,135,136,6.47728
98,135,150,10.0
98,136,137,6.9715
98,136,151,10.0
98,137,138,6.9715
98,137,152,5.99041
98,138,139,5.89497
98,138,153,4.02052
98,139,140,3.74274
98,139,154,10.0
98,140,141,3.74274
98,140,155,5.40899
98,141,142,6.69288
98,141,156,8.65135
98,142,143,4.91472
98,142,157,4.91472
98,143,144,5.24527
98,143,158,4.2695
98,144,145,5.89497
98,144,159,6.36276
98,145,146,6.47728
98,145,160,3.74274
98,146,147,5.53953
98,146,161,7.09011
98,147,148,7.37818
98,147,162,6.15357
98,148,149,4.79356
98,148,163,5.53953
98,149,164,7.96012
98,150,151,8.65135
98,150,165,6.36276
98,151,152,8.78553
98,151,166,8.65135
98,152,153,8.33552
98,152,167,3.74274
98,153,154,4.48146
98,153,168,9.1108
98,154,155,5.78869
98,154,169,4.91472
98,155,156,5.89497
98,155,170,4.79356
98,156,157,6.47728
98,156,171,4.91472
98,157,158,7.09011
98,157,172,4.91472
98,158,159,7.37818
98,158,173,6.69288
98,159,160,3.74274
98,159,174,5.072
98,160,161,10.0
98,160,175,8.16932
98,161,162,7.535
98,161,176,5.99041
98,162,163,7.96012
98,162,177,7.37818
98,163,164,10.0
98,163,178,8.33552
98,164,179,5.89497
98,165,166,7.96012
98,165,180,9.1108
98,166,167,5.40899
98,166,181,4.2695
98,167,168,4.2695
98,167,182,8.65135
98,168,169,5.40899
98,168,183,5.99041
98,169,170,4.79356
98,169,184,6.47728
98,170,171,4.91472
98,170,185,3.74274
98,171,172,4.48146
98,171,186,4.2695
98,172,173,4.2695
98,172,187,5.072
98,173,174,4.02052
98,173,188,3.74274
98,174,175,9.1108
98,174,189,6.69288
98,175,176,5.40899
98,175,190,5.78869
98,176,177,6.36276
98,176,191,4.79356
98,177,178,7.09011
98,177,192,5.40899
98,178,179,6.47728
98,178,193,8.33552
98,179,194,4.91472
98,180,181,9.51566
98,180,195,6.36276
98,181,182,5.40899
98,181,196,4.57216
98,182,183,7.535
98,182,197,6.86705
98,183,184,5.40899
98,183,198,6.36276
98,184,185,6.36276
98,184,199,8.65135
98,185,186,6.15357
98,185,200,6.69288
98,186,187,10.0
98,186,201,4.57216
98,187,188,6.36276
98,187,202,5.78869
98,188,189,8.33552
98,188,203,9.51566
98,189,190,4.57216
98,189,204,6.47728
98,190,191,10.0
98,190,205,5.99041
98,191,192,4.91472
98,191,206,7.96012
98,192,193,4.02052
98,192,207,5.89497
98,193,194,7.37818
98,193,208,5.40899
98,194,209,6.15357
98,195,196,4.02052
98,195,210,7.96012
98,196,197,7.96012
98,196,211,5.89497
98,197,198,5.40899
98,197,212,7.96012
98,198,199,4.48146
98,198,213,4.02052
98,199,200,9.51566
98,199,214,4.79356
98,200,201,5.40899
98,200,215,6.9715
98,201,202,8.16932
98,201,216,4.57216
98,202,203,9.51566
98,202,217,9.51566
98,203,204,8.78553
98,203,218,4.91472
98,204,205,5.89497
98,204,219,5.53953
98,205,206,7.73776
98,205,220,4.57216
98,206,207,8.33552
98,206,221,9.1108
98,207,208,5.99041
98,207,222,6.15357
98,208,209,4.48146
98,208,223,4.57216
98,209,224,4.79356
98,210,211,6.36276
98,211,212,4.48146
98,212,213,6.69288
98,213,214,4.02052
98,214,215,6.36276
98,215,216,6.69288
98,216,217,4.57216
98,217,218,7.73776
98,218,219,8.78553
98,219,220,5.78869
98,220,221,7.96012
98,221,222,6.36276
98,222,223,5.53953
98,223,224,7.535
99,0,1,4.22759
99,0,15,9.4974
99,1,2,3.11667
99,1,16,16.21886
99,2,3,3.11667
99,2,17,7.62217
99,3,4,6.09687
99,3,18,7.19207
99,4,5,6.09687
99,4,19,10.0
99,5,6,15.56311
99,5,20,10.0
99,6,7,7.62217
99,6,21,6.09687
99,7,8,8.2775
99,7,22,2.61676
99,8,9,8.74316
99,8,23,7.12548
99,9,10,16.99618
99,9,24,16.32372
99,10,11,15.56311
99,10,25,11.83158
99,11,12,7.19207
99,11,26,2.61676
99,12,13,10.0
99,12,27,9.4974
99,13,14,2.61676
99,13,28,7.62217
99,14,29,13.07211
99,15,16,16.21886
99,15,30,13.07211
99,16,17,12.48887
99,16,31,13.07211
99,17,18,2.84007
99,17,32,5.72043
99,18,19,4.54011
99,18,33,4.59078
99,19,20,8.2775
99,19,34,9.3004
99,20,21,12.48887
99,20,35,5.72043
99,21,22,6.09687
99,21,36,9.4974
99,22,23,6.15763
99,22,37,10.6
99,23,24,3.11667
99,23,38,10.6
99,24,25,8.74316
99,24,39,2.61676
99,25,26,10.0
99,25,40,16.21886
99,26,27,2.87664
99,26,41,8.81801
99,27,28,6.55079
99,27,42,7.12548
99,28,29,10.0
99,28,43,6.15763
99,29,44,8.81801
99,30,31,12.3981
99,30,45,12.3981
99,31,32,5.72043
99,31,46,6.15763
99,32,33,10.6
99,32,47,12.3981
99,33,34,10.0
99,33,48,7.12548
99,34,35,6.15763
99,34,49,8.74316
99,35,36,7.19207
99,35,50,4.54011
99,36,37,2.61676
99,36,51,4.92003
99,37,38,6.7121
99,37,52,8.2775
99,38,39,6.7121
99,38,53,12.48887
99,39,40,9.3004
99,39,54,4.59078
99,40,41,15.56311
99,40,55,2.84007
99,41,42,9.3004
99,41,56,12.3981
99,42,43,2.87664
99,42,57,4.92003
99,43,44,16.21886
99,43,58,3.11667
99,44,59,2.61676
99,45,46,7.62217
99,45,60,7.12548
99,46,47,2.84007
99,46,61,9.4974
99,47,48,5.72043
99,47,62,4.59078
99,48,49,11.83158
99,48,63,7.12548
99,49,50,10.6
99,49,64,7.19207
99,50,51,5.72043
99,50,65,9.3004
99,51,52,4.92003
99,51,66,6.15763
99,52,53,6.09687
99,52,67,7.12548
99,53,54,6.7121
99,53,68,4.54011
99,54,55,5.72043
99,54,69,16.32372
99,55,56,10.0
99,55,70,12.3981
99,56,57,2.61676
99,56,71,12.48887
99,57,58,3.11667
99,57,72,10.08068
99,58,59,16.99618
99,58,73,2.61676
99,59,74,4.54011
99,60,61,10.6
99,60,75,10.6
99,61,62,12.48887
99,61,76,4.22759
99,62,63,6.7121
99,62,77,8.74316
99,63,64,4.92003
99,63,78,8.2775
99,64,65,8.74316
99,64,79,16.21886
99,65,66,8.2775
99,65,80,12.48887
99,66,67,15.56311
99,66,81,7.12548
99,67,68,12.48887
99,67,82,6.09687
99,68,69,7.19207
99,68,83,5.72043
99,69,70,10.6
99,69,84,2.84007
99,70,71,12.3981
99,70,85,10.0
99,71,72,10.08068
99,71,86,16.21886
99,72,73,8.81801
99,72,87,7.19207
99,73,74,9.3004
99,73,88,13.07211
99,74,89,6.09687
99,75,76,8.74316
99,75,90,7.62217
99,76,77,9.3004
99,76,91,6.09687
99,77,78,4.54011
99,77,92,8.2775
99,78,79,2.84007
99,78,93,3.11667
99,79,80,3.11667
99,79,94,6.15763
99,80,81,7.19207
99,80,95,2.61676
99,81,82,8.2775
99,81,96,7.62217
99,82,83,10.08068
99,82,97,8.2775
99,83,84,4.54011
99,83,98,12.3981
99,84,85,2.87664
99,84,99,9.3004
99,85,86,7.62217
99,85,100,7.12548
99,86,87,15.56311
99,86,101,16.32372
99,87,88,2.84007
99,87,102,9.3004
99,88,89,10.6
99,88,103,10.08068
99,89,104,2.87664
99,90,91,6.09687
99,90,105,2.84007
99,91,92,4.22759
99,91,106,13.07211
99,92,93,9.4974
99,92,107,3.11667
99,93,94,9.4974
99,93,108,4.54011
99,94,95,3.11667
99,94,109,6.15763
99,95,96,12.3981
99,95,110,3.11667
99,96,97,2.87664
99,96,111,4.22759
99,97,98,7.12548
99,97,112,16.99618
99,98,99,15.56311
99,98,113,16.21886
99,99,100,7.19207
99,99,114,8.81801
99,100,101,8.74316
99,100,115,16.21886
99,101,102,15.56311
99,101,116,6.7121
99,102,103,5.72043
99,102,117,13.07211
99,103,104,2.84007
99,103,118,8.81801
99,104,119,10.08068
99,105,106,2.87664
99,105,120,10.0
99,106,107,3.11667
99,106,121,4.54011
99,107,108,6.09687
99,107,122,9.3004
99,108,109,11.83158
99,108,123,9.3004
99,109,110,4.92003
99,109,124,16.99618
99,110,111,4.59078
99,110,125,9.3004
99,111,112,2.61676
99,111,126,13.07211
99,112,113,8.74316
99,112,127,9.3004
99,113,114,10.6
99,113,128,6.55079
99,114,115,7.19207
99,114,129,8.74316
99,115,116,15.56311
99,115,130,3.11667
99,116,117,7.62217
99,116,131,12.48887
99,117,118,10.08068
99,117,132,6.7121
99,118,119,4.59078
99,118,133,4.22759
99,119,134,10.0
99,120,121,7.19207
99,120,135,6.09687
99,121,122,7.19207
99,121,136,16.21886
99,122,123,11.83158
99,122,137,4.22759
99,123,124,2.84007
99,123,138,10.08068
99,124,125,10.0
99,124,139,2.87664
99,125,126,3.11667
99,125,140,8.74316
99,126,127,6.55079
99,126,141,11.83158
99,127,128,2.84007
99,127,142,16.32372
99,128,129,16.99618
99,128,143,4.59078
99,129,130,6.55079
99,129,144,5.72043
99,130,131,7.12548
99,130,145,7.19207
99,131,132,7.12548
99,131,146,13.07211
99,132,133,4.22759
99,132,147,4.54011
99,133,134,2.84007
99,133,148,7.12548
99,134,149,16.32372
99,135,136,2.84007
99,135,150,10.0
99,136,137,7.19207
99,136,151,10.0
99,137,138,7.19207
99,137,152,12.48887
99,138,139,8.74316
99,138,153,8.81801
99,139,140,6.15763
99,139,154,10.0
99,140,141,6.15763
99,140,155,4.22759
99,141,142,11.83158
99,141,156,7.62217
99,142,143,6.55079
99,142,157,6.55079
99,143,144,9.3004
99,143,158,5.72043
99,144,145,8.74316
99,144,159,16.32372
99,145,146,2.84007
99,145,160,6.15763
99,146,147,6.09687
99,146,161,15.56311
99,147,148,10.08068
99,147,162,4.92003
99,148,149,4.59078
99,148,163,6.09687
99,149,164,16.99618
99,150,151,7.62217
99,150,165,16.32372
99,151,152,16.21886
99,151,166,7.62217
99,152,153,12.3981
99,152,167,6.15763
99,153,154,2.87664
99,153,168,10.6
99,154,155,3.11667
99,154,169,6.55079
99,155,156,8.74316
99,155,170,4.59078
99,156,157,2.84007
99,156,171,6.55079
99,157,158,15.56311
99,157,172,6.55079
99,158,159,10.08068
99,158,173,11.83158
99,159,160,6.15763
99,159,174,2.61676
99,160,161,10.0
99,160,175,9.4974
99,161,162,13.07211
99,161,176,12.48887
99,162,163,16.99618
99,162,177,10.08068
99,163,164,10.0
99,163,178,12.3981
99,164,179,8.74316
99,165,166,16.99618
99,165,180,10.6
99,166,167,4.22759
99,166,181,5.72043
99,167,168,5.72043
99,167,182,7.62217
99,168,169,4.22759
99,168,183,12.48887
99,169,170,4.59078
99,169,184,2.84007
99,170,171,6.55079
99,170,185,6.15763
99,171,172,2.87664
99,171,186,5.72043
99,172,173,5.72043
99,172,187,2.61676
99,173,174,8.81801
99,173,188,6.15763
99,174,175,10.6
99,174,189,11.83158
99,175,176,4.22759
99,175,190,3.11667
99,176,177,16.32372
99,176,191,4.59078
99,177,178,15.56311
99,177,192,4.22759
99,178,179,2.84007
99,178,193,12.3981
99,179,194,6.55079
99,180,181,7.12548
99,180,195,16.32372
99,181,182,4.22759
99,181,196,8.2775
99,182,183,13.07211
99,182,197,4.54011
99,183,184,4.22759
99,183,198,16.32372
99,184,185,16.32372
99,184,199,7.62217
99,185,186,4.92003
99,185,200,11.83158
99,186,187,10.0
99,186,201,8.2775
99,187,188,16.32372
99,187,202,3.11667
99,188,189,12.3981
99,188,203,7.12548
99,189,190,8.2775
99,189,204,2.84007
99,190,191,10.0
99,190,205,12.48887
99,191,192,6.55079
99,191,206,16.99618
99,192,193,8.81801
99,192,207,8.74316
99,193,194,10.08068
99,193,208,4.22759
99,194,209,4.92003
99,195,196,8.81801
99,195,210,16.99618
99,196,197,16.99618
99,196,211,8.74316
99,197,198,4.22759
99,197,212,16.99618
99,198,199,2.87664
99,198,213,8.81801
99,199,200,7.12548
99,199,214,4.59078
99,200,201,4.22759
99,200,215,7.19207
99,201,202,9.4974
99,201,216,8.2775
99,202,203,7.12548
99,202,217,7.12548
99,203,204,16.21886
99,203,218,6.55079
99,204,205,8.74316
99,204,219,6.09687
99,205,206,6.7121
99,205,220,8.2775
99,206,207,12.3981
99,206,221,10.6
99,207,208,12.48887
99,207,222,4.92003
99,208,209,2.87664
99,208,223,8.2775
99,209,224,4.59078
99,210,211,16.32372
99,211,212,2.87664
99,212,213,11.83158
99,213,214,8.81801
99,214,215,16.32372
99,215,216,11.83158
99,216,217,8.2775
99,217,218,6.7121
99,218,219,16.21886
99,219,220,3.11667
99,220,221,16.99618
99,221,222,16.32372
99,222,223,6.09687
99,223,224,13.07211
