data,node_init,node_term,c,
0,0,1,3.40335
0,0,5,6.01108
0,1,2,4.48212
0,1,6,5.25304
0,2,3,6.18083
0,2,7,4.68016
0,3,4,3.60875
0,3,8,4.67494
0,4,9,5.33968
0,5,6,5.76851
0,5,10,3.42174
0,6,7,3.14877
0,6,11,3.37733
0,7,8,4.05014
0,7,12,2.70685
0,8,9,2.86567
0,8,13,3.70317
0,9,14,3.85681
0,10,11,4.54352
0,10,15,6.26249
0,11,12,3.77972
0,11,16,3.68505
0,12,13,3.69441
0,12,17,6.52707
0,13,14,6.00536
0,13,18,2.12297
0,14,19,2.58158
0,15,16,2.27122
0,15,20,2.21299
0,16,17,2.59633
0,16,21,3.24572
0,17,18,3.12498
0,17,22,5.91871
0,18,19,3.22537
0,18,23,2.70047
0,19,24,4.72843
0,20,21,4.01034
0,21,22,4.59268
0,22,23,3.68842
0,23,24,4.92497
1,0,1,1.49157
1,0,5,2.70655
1,1,2,1.31668
1,1,6,2.82358
1,2,3,3.88654
1,2,7,4.69496
1,3,4,2.37165
1,3,8,3.99408
1,4,9,4.36295
1,5,6,1.68916
1,5,10,5.46546
1,6,7,4.08641
1,6,11,1.8075
1,7,8,2.39133
1,7,12,1.68106
1,8,9,2.68261
1,8,13,1.95271
1,9,14,1.61788
1,10,11,4.07259
1,10,15,3.25603
1,11,12,1.68115
1,11,16,2.40965
1,12,13,1.56424
1,12,17,1.70307
1,13,14,2.91025
1,13,18,2.19284
1,14,19,4.29828
1,15,16,2.35014
1,15,20,3.09322
1,16,17,1.81745
1,16,21,2.39458
1,17,18,3.44293
1,17,22,1.60014
1,18,19,3.27442
1,18,23,3.35932
1,19,24,4.01925
1,20,21,1.85236
1,21,22,1.7626
1,22,23,5.5413
1,23,24,3.72062
2,0,1,5.30909
2,0,5,3.15291
2,1,2,5.61923
2,1,6,4.86687
2,2,3,4.47683
2,2,7,3.50498
2,3,4,4.40971
2,3,8,3.66638
2,4,9,4.93318
2,5,6,4.51922
2,5,10,5.74538
2,6,7,4.70875
2,6,11,4.33616
2,7,8,2.76299
2,7,12,2.09529
2,8,9,3.24663
2,8,13,4.80803
2,9,14,2.38455
2,10,11,2.29425
2,10,15,2.81085
2,11,12,4.3777
2,11,16,2.10498
2,12,13,3.1191
2,12,17,4.18612
2,13,14,2.67397
2,13,18,4.34133
2,14,19,5.79441
2,15,16,4.82468
2,15,20,3.18155
2,16,17,4.3338
2,16,21,3.50208
2,17,18,5.00761
2,17,22,6.37461
2,18,19,4.74751
2,18,23,4.22752
2,19,24,5.93865
2,20,21,3.87013
2,21,22,2.17905
2,22,23,3.87401
2,23,24,3.3093
3,0,1,3.72836
3,0,5,2.91901
3,1,2,4.61336
3,1,6,3.86544
3,2,3,4.44282
3,2,7,3.71134
3,3,4,2.93866
3,3,8,3.19095
3,4,9,4.36893
3,5,6,3.90482
3,5,10,1.6311
3,6,7,2.85389
3,6,11,3.42445
3,7,8,4.45739
3,7,12,5.00756
3,8,9,2.19047
3,8,13,4.1368
3,9,14,6.88094
3,10,11,1.84678
3,10,15,2.14158
3,11,12,4.49871
3,11,16,3.71255
3,12,13,3.23137
3,12,17,4.74444
3,13,14,2.0052
3,13,18,3.42528
3,14,19,3.93148
3,15,16,3.49839
3,15,20,3.12026
3,16,17,4.78349
3,16,21,2.27487
3,17,18,5.65518
3,17,22,3.28617
3,18,19,3.99127
3,18,23,4.32162
3,19,24,2.0755
3,20,21,5.72385
3,21,22,3.54761
3,22,23,3.87818
3,23,24,2.38039
4,0,1,3.03651
4,0,5,2.3197
4,1,2,2.95109
4,1,6,4.79407
4,2,3,5.74121
4,2,7,4.67576
4,3,4,4.78999
4,3,8,2.60175
4,4,9,3.92194
4,5,6,2.79747
4,5,10,3.39551
4,6,7,4.57787
4,6,11,2.53385
4,7,8,1.67785
4,7,12,5.97328
4,8,9,4.879
4,8,13,6.07851
4,9,14,6.70193
4,10,11,2.91586
4,10,15,5.60467
4,11,12,5.51191
4,11,16,3.04321
4,12,13,2.99795
4,12,17,3.59341
4,13,14,4.07932
4,13,18,3.41273
4,14,19,5.12646
4,15,16,5.60679
4,15,20,4.74859
4,16,17,4.43169
4,16,21,5.84797
4,17,18,4.57171
4,17,22,5.09921
4,18,19,3.36328
4,18,23,5.53443
4,19,24,4.12464
4,20,21,3.65928
4,21,22,2.57352
4,22,23,3.3509
4,23,24,3.88233
5,0,1,3.98579
5,0,5,2.97684
5,1,2,3.73753
5,1,6,2.55765
5,2,3,3.94552
5,2,7,2.36071
5,3,4,4.06304
5,3,8,2.04222
5,4,9,3.04059
5,5,6,1.7777
5,5,10,2.81643
5,6,7,4.41131
5,6,11,4.1091
5,7,8,2.23856
5,7,12,1.95588
5,8,9,2.82152
5,8,13,4.3565
5,9,14,3.09989
5,10,11,5.20118
5,10,15,4.92986
5,11,12,1.8259
5,11,16,2.26799
5,12,13,2.03986
5,12,17,4.63767
5,13,14,1.83371
5,13,18,3.3005
5,14,19,3.71827
5,15,16,1.65786
5,15,20,1.9064
5,16,17,3.81451
5,16,21,3.05229
5,17,18,4.63587
5,17,22,3.42962
5,18,19,2.82468
5,18,23,1.57103
5,19,24,4.24391
5,20,21,4.36165
5,21,22,4.5017
5,22,23,2.45742
5,23,24,1.38821
6,0,1,7.79944
6,0,5,5.30352
6,1,2,7.11436
6,1,6,3.31727
6,2,3,7.11132
6,2,7,6.75088
6,3,4,5.0502
6,3,8,5.30136
6,4,9,5.30951
6,5,6,3.68224
6,5,10,5.30763
6,6,7,3.44405
6,6,11,3.81824
6,7,8,7.11649
6,7,12,5.24446
6,8,9,5.57531
6,8,13,4.27253
6,9,14,3.96252
6,10,11,2.57722
6,10,15,3.22205
6,11,12,4.06782
6,11,16,3.61947
6,12,13,7.49624
6,12,17,4.96872
6,13,14,3.32047
6,13,18,7.23741
6,14,19,2.47544
6,15,16,6.62472
6,15,20,5.30152
6,16,17,6.31264
6,16,21,6.98044
6,17,18,5.27606
6,17,22,9.21387
6,18,19,7.63703
6,18,23,5.44436
6,19,24,4.84481
6,20,21,6.27903
6,21,22,6.37827
6,22,23,5.22547
6,23,24,6.81755
7,0,1,4.30823
7,0,5,4.83395
7,1,2,2.37953
7,1,6,2.34313
7,2,3,5.5635
7,2,7,5.58523
7,3,4,5.04464
7,3,8,3.03183
7,4,9,4.82762
7,5,6,5.0631
7,5,10,5.27322
7,6,7,4.63264
7,6,11,4.99817
7,7,8,5.07599
7,7,12,3.46874
7,8,9,4.23335
7,8,13,2.89164
7,9,14,6.00049
7,10,11,4.73965
7,10,15,3.37783
7,11,12,2.49105
7,11,16,3.97725
7,12,13,6.19477
7,12,17,6.84224
7,13,14,4.09409
7,13,18,5.09757
7,14,19,4.42499
7,15,16,4.66675
7,15,20,5.56085
7,16,17,4.59304
7,16,21,3.32984
7,17,18,3.3462
7,17,22,3.6235
7,18,19,2.17534
7,18,23,5.19605
7,19,24,3.97834
7,20,21,3.83443
7,21,22,3.98033
7,22,23,5.48091
7,23,24,4.75576
8,0,1,3.12834
8,0,5,3.87406
8,1,2,2.66593
8,1,6,2.49795
8,2,3,4.4944
8,2,7,4.33271
8,3,4,4.15838
8,3,8,4.78505
8,4,9,4.27307
8,5,6,3.32062
8,5,10,5.45967
8,6,7,4.48657
8,6,11,2.61636
8,7,8,5.84812
8,7,12,2.06764
8,8,9,2.36429
8,8,13,2.94496
8,9,14,5.01092
8,10,11,5.23452
8,10,15,2.18421
8,11,12,5.9862
8,11,16,4.08543
8,12,13,3.61761
8,12,17,4.60578
8,13,14,3.08496
8,13,18,2.43341
8,14,19,4.79566
8,15,16,3.76813
8,15,20,2.51243
8,16,17,2.66984
8,16,21,5.77607
8,17,18,3.1146
8,17,22,2.15568
8,18,19,3.61852
8,18,23,3.77485
8,19,24,4.51834
8,20,21,2.30592
8,21,22,5.5704
8,22,23,4.33235
8,23,24,2.08002
9,0,1,5.59563
9,0,5,3.68281
9,1,2,3.77854
9,1,6,3.64329
9,2,3,2.33948
9,2,7,5.94048
9,3,4,3.34335
9,3,8,4.33874
9,4,9,2.17117
9,5,6,1.54393
9,5,10,2.24805
9,6,7,3.52084
9,6,11,2.63831
9,7,8,4.14845
9,7,12,3.1206
9,8,9,3.35175
9,8,13,3.08984
9,9,14,3.534
9,10,11,6.84475
9,10,15,2.30377
9,11,12,2.59772
9,11,16,4.44974
9,12,13,6.14249
9,12,17,3.07176
9,13,14,4.86048
9,13,18,3.81188
9,14,19,2.05008
9,15,16,2.35556
9,15,20,2.886
9,16,17,5.58339
9,16,21,2.20666
9,17,18,1.5957
9,17,22,6.02184
9,18,19,2.43141
9,18,23,1.84247
9,19,24,3.77826
9,20,21,3.15941
9,21,22,2.10424
9,22,23,4.50116
9,23,24,2.30174
10,0,1,3.0454
10,0,5,2.65734
10,1,2,2.66069
10,1,6,1.89205
10,2,3,4.72254
10,2,7,2.4201
10,3,4,4.54602
10,3,8,4.30145
10,4,9,3.13986
10,5,6,2.51078
10,5,10,4.20664
10,6,7,4.72265
10,6,11,3.46179
10,7,8,2.63131
10,7,12,3.48168
10,8,9,4.11785
10,8,13,4.19948
10,9,14,5.26787
10,10,11,4.57312
10,10,15,2.56431
10,11,12,2.79742
10,11,16,4.29543
10,12,13,3.77243
10,12,17,4.27746
10,13,14,4.22675
10,13,18,3.42414
10,14,19,3.39015
10,15,16,5.25953
10,15,20,2.91944
10,16,17,4.62557
10,16,21,2.49281
10,17,18,2.4548
10,17,22,1.84167
10,18,19,1.6936
10,18,23,3.3863
10,19,24,3.6486
10,20,21,4.56449
10,21,22,3.27651
10,22,23,3.81944
10,23,24,1.99596
11,0,1,3.88034
11,0,5,2.3391
11,1,2,4.05852
11,1,6,2.51997
11,2,3,2.17975
11,2,7,5.42387
11,3,4,3.18105
11,3,8,5.08576
11,4,9,4.99007
11,5,6,2.57433
11,5,10,5.53602
11,6,7,5.66414
11,6,11,4.04323
11,7,8,4.25918
11,7,12,4.89735
11,8,9,3.67806
11,8,13,5.35585
11,9,14,2.24892
11,10,11,4.45418
11,10,15,3.81666
11,11,12,2.19422
11,11,16,5.1657
11,12,13,2.04056
11,12,17,5.37373
11,13,14,2.61888
11,13,18,5.98608
11,14,19,4.97455
11,15,16,5.47954
11,15,20,4.98166
11,16,17,2.60654
11,16,21,3.5752
11,17,18,4.64049
11,17,22,5.42509
11,18,19,3.74264
11,18,23,4.55688
11,19,24,5.49469
11,20,21,3.04806
11,21,22,2.09586
11,22,23,3.34552
11,23,24,2.53753
12,0,1,4.09636
12,0,5,4.79877
12,1,2,3.67925
12,1,6,2.21058
12,2,3,2.9347
12,2,7,4.08551
12,3,4,4.62057
12,3,8,3.77851
12,4,9,3.19524
12,5,6,2.13071
12,5,10,4.60137
12,6,7,3.62868
12,6,11,4.74826
12,7,8,3.9495
12,7,12,4.54136
12,8,9,4.4597
12,8,13,3.6119
12,9,14,5.31021
12,10,11,4.9994
12,10,15,4.23203
12,11,12,3.47029
12,11,16,4.29219
12,12,13,3.95423
12,12,17,2.305
12,13,14,3.62831
12,13,18,3.10884
12,14,19,3.15096
12,15,16,5.05201
12,15,20,2.6761
12,16,17,4.4514
12,16,21,6.58131
12,17,18,4.91287
12,17,22,3.80366
12,18,19,4.82043
12,18,23,2.89814
12,19,24,3.14145
12,20,21,4.39109
12,21,22,5.815
12,22,23,2.27307
12,23,24,2.74858
13,0,1,5.4238
13,0,5,4.02901
13,1,2,2.0465
13,1,6,7.67953
13,2,3,4.44301
13,2,7,4.15378
13,3,4,2.23767
13,3,8,5.01615
13,4,9,5.1954
13,5,6,3.40176
13,5,10,5.88035
13,6,7,7.30263
13,6,11,5.46043
13,7,8,2.47688
13,7,12,4.01414
13,8,9,2.52538
13,8,13,5.60582
13,9,14,3.77546
13,10,11,5.84718
13,10,15,4.91505
13,11,12,4.3119
13,11,16,4.21151
13,12,13,6.20695
13,12,17,5.20503
13,13,14,3.96945
13,13,18,6.71931
13,14,19,3.99062
13,15,16,3.1422
13,15,20,3.34461
13,16,17,4.69068
13,16,21,5.46177
13,17,18,6.07072
13,17,22,6.99871
13,18,19,2.09961
13,18,23,2.59257
13,19,24,2.89451
13,20,21,5.70624
13,21,22,3.87667
13,22,23,3.31369
13,23,24,5.28844
14,0,1,5.04959
14,0,5,2.10797
14,1,2,5.9042
14,1,6,3.48415
14,2,3,3.26396
14,2,7,2.18572
14,3,4,4.8232
14,3,8,2.6719
14,4,9,4.76892
14,5,6,2.74979
14,5,10,1.84641
14,6,7,3.42568
14,6,11,2.73637
14,7,8,3.92022
14,7,12,5.07309
14,8,9,5.9366
14,8,13,2.946
14,9,14,2.9885
14,10,11,4.46156
14,10,15,1.85391
14,11,12,5.76455
14,11,16,1.81541
14,12,13,5.49706
14,12,17,2.45571
14,13,14,3.30938
14,13,18,3.44223
14,14,19,2.60475
14,15,16,4.67438
14,15,20,2.90312
14,16,17,1.58187
14,16,21,5.86523
14,17,18,5.05084
14,17,22,3.28371
14,18,19,2.69437
14,18,23,4.07709
14,19,24,4.08591
14,20,21,4.41743
14,21,22,3.18787
14,22,23,2.12018
14,23,24,4.37794
15,0,1,4.38826
15,0,5,5.47012
15,1,2,3.60641
15,1,6,6.34627
15,2,3,2.74644
15,2,7,6.53737
15,3,4,6.9975
15,3,8,3.61792
15,4,9,5.37862
15,5,6,4.37525
15,5,10,5.3226
15,6,7,6.3875
15,6,11,4.58728
15,7,8,2.37192
15,7,12,4.75947
15,8,9,2.66595
15,8,13,7.64908
15,9,14,2.27758
15,10,11,4.6277
15,10,15,5.94775
15,11,12,4.52516
15,11,16,5.12883
15,12,13,5.26869
15,12,17,5.79472
15,13,14,2.62821
15,13,18,5.11792
15,14,19,4.25928
15,15,16,3.79663
15,15,20,3.97413
15,16,17,7.25576
15,16,21,6.10474
15,17,18,3.40169
15,17,22,4.55938
15,18,19,5.34903
15,18,23,4.67337
15,19,24,7.73301
15,20,21,2.29515
15,21,22,3.52883
15,22,23,6.59041
15,23,24,5.82774
16,0,1,4.17139
16,0,5,6.16124
16,1,2,3.42666
16,1,6,3.48072
16,2,3,4.27601
16,2,7,5.05757
16,3,4,5.24207
16,3,8,3.21317
16,4,9,4.44143
16,5,6,5.16667
16,5,10,4.2327
16,6,7,6.47294
16,6,11,4.17566
16,7,8,4.81902
16,7,12,4.96706
16,8,9,2.95728
16,8,13,6.04789
16,9,14,2.13079
16,10,11,4.01774
16,10,15,2.49996
16,11,12,2.73161
16,11,16,3.28241
16,12,13,2.61427
16,12,17,3.159
16,13,14,5.40598
16,13,18,5.87225
16,14,19,2.37688
16,15,16,5.39201
16,15,20,3.89892
16,16,17,3.85799
16,16,21,2.41529
16,17,18,2.72086
16,17,22,2.76593
16,18,19,4.7771
16,18,23,2.52688
16,19,24,3.8009
16,20,21,2.73534
16,21,22,2.97544
16,22,23,6.30705
16,23,24,5.74107
17,0,1,2.60451
17,0,5,3.42233
17,1,2,2.87931
17,1,6,5.12598
17,2,3,2.77145
17,2,7,2.13972
17,3,4,3.85898
17,3,8,4.26259
17,4,9,5.07718
17,5,6,5.73418
17,5,10,3.57033
17,6,7,4.56821
17,6,11,4.45891
17,7,8,1.82285
17,7,12,5.50112
17,8,9,1.93487
17,8,13,1.64932
17,9,14,3.41749
17,10,11,3.2615
17,10,15,5.51885
17,11,12,3.43348
17,11,16,5.47356
17,12,13,2.10481
17,12,17,1.92154
17,13,14,3.28667
17,13,18,4.49063
17,14,19,3.16584
17,15,16,4.08283
17,15,20,2.8023
17,16,17,3.2164
17,16,21,4.74801
17,17,18,5.48896
17,17,22,4.25363
17,18,19,1.93063
17,18,23,5.00966
17,19,24,2.60607
17,20,21,2.57795
17,21,22,4.4598
17,22,23,4.04289
17,23,24,5.44789
18,0,1,5.85419
18,0,5,5.87348
18,1,2,5.77003
18,1,6,5.00415
18,2,3,5.46321
18,2,7,2.7122
18,3,4,2.10688
18,3,8,1.9698
18,4,9,4.57503
18,5,6,5.48895
18,5,10,4.16071
18,6,7,2.94577
18,6,11,2.78304
18,7,8,3.92768
18,7,12,3.50048
18,8,9,6.01972
18,8,13,4.23008
18,9,14,5.46615
18,10,11,4.51418
18,10,15,6.11409
18,11,12,2.77716
18,11,16,2.81576
18,12,13,7.19501
18,12,17,3.64375
18,13,14,2.32783
18,13,18,2.7084
18,14,19,3.80609
18,15,16,3.56077
18,15,20,3.42445
18,16,17,3.8178
18,16,21,3.44992
18,17,18,5.26633
18,17,22,2.72645
18,18,19,2.69917
18,18,23,6.5059
18,19,24,4.7424
18,20,21,2.94335
18,21,22,5.77374
18,22,23,5.25325
18,23,24,6.18257
19,0,1,4.06114
19,0,5,3.32186
19,1,2,2.13878
19,1,6,5.78946
19,2,3,5.60429
19,2,7,3.73312
19,3,4,2.4122
19,3,8,3.48246
19,4,9,2.95357
19,5,6,4.90159
19,5,10,2.76916
19,6,7,3.85548
19,6,11,2.30043
19,7,8,3.53833
19,7,12,3.88542
19,8,9,3.77904
19,8,13,2.80198
19,9,14,6.48149
19,10,11,4.03485
19,10,15,4.1206
19,11,12,7.13064
19,11,16,3.42532
19,12,13,4.03667
19,12,17,5.69872
19,13,14,4.83958
19,13,18,5.62328
19,14,19,3.84831
19,15,16,3.79139
19,15,20,4.41213
19,16,17,5.50855
19,16,21,5.57726
19,17,18,4.36625
19,17,22,3.14148
19,18,19,3.07143
19,18,23,5.76294
19,19,24,4.0621
19,20,21,2.20827
19,21,22,3.13693
19,22,23,5.20637
19,23,24,3.26711
20,0,1,3.25147
20,0,5,6.14782
20,1,2,6.65932
20,1,6,4.18016
20,2,3,3.94633
20,2,7,3.81653
20,3,4,5.58695
20,3,8,5.16676
20,4,9,3.90719
20,5,6,2.19868
20,5,10,3.48516
20,6,7,4.10607
20,6,11,3.97182
20,7,8,3.36452
20,7,12,3.38642
20,8,9,3.09212
20,8,13,4.35903
20,9,14,4.04059
20,10,11,5.26056
20,10,15,3.43116
20,11,12,3.75113
20,11,16,3.5413
20,12,13,6.49896
20,12,17,4.89537
20,13,14,2.31574
20,13,18,7.66345
20,14,19,4.00158
20,15,16,4.54909
20,15,20,2.28545
20,16,17,4.63103
20,16,21,5.743
20,17,18,2.41528
20,17,22,3.45876
20,18,19,5.6305
20,18,23,2.73546
20,19,24,6.41993
20,20,21,2.59959
20,21,22,3.06459
20,22,23,2.51725
20,23,24,3.76273
21,0,1,3.74621
21,0,5,3.77077
21,1,2,3.52409
21,1,6,3.71985
21,2,3,2.1714
21,2,7,5.38871
21,3,4,5.14574
21,3,8,2.39915
21,4,9,2.66719
21,5,6,5.38318
21,5,10,4.30419
21,6,7,2.2872
21,6,11,2.65487
21,7,8,3.86494
21,7,12,5.05832
21,8,9,4.02118
21,8,13,4.33545
21,9,14,4.95927
21,10,11,4.78034
21,10,15,2.27547
21,11,12,3.12104
21,11,16,2.71922
21,12,13,2.09178
21,12,17,3.05834
21,13,14,6.24595
21,13,18,4.89903
21,14,19,6.83671
21,15,16,3.1985
21,15,20,5.39658
21,16,17,3.48866
21,16,21,5.20235
21,17,18,5.0217
21,17,22,3.58889
21,18,19,5.41582
21,18,23,3.29314
21,19,24,4.39923
21,20,21,3.99636
21,21,22,2.68618
21,22,23,3.1058
21,23,24,4.89509
22,0,1,2.53829
22,0,5,4.60052
22,1,2,5.90249
22,1,6,4.7953
22,2,3,4.05202
22,2,7,5.06131
22,3,4,4.19467
22,3,8,5.47667
22,4,9,2.94163
22,5,6,3.39376
22,5,10,4.03689
22,6,7,2.39627
22,6,11,3.39076
22,7,8,3.63331
22,7,12,3.28582
22,8,9,4.86672
22,8,13,2.39532
22,9,14,5.90419
22,10,11,4.93255
22,10,15,3.81365
22,11,12,2.36606
22,11,16,3.04865
22,12,13,4.32247
22,12,17,3.57014
22,13,14,3.99949
22,13,18,2.71765
22,14,19,4.64897
22,15,16,4.99629
22,15,20,1.82535
22,16,17,2.95224
22,16,21,3.76066
22,17,18,4.57151
22,17,22,3.88708
22,18,19,5.40328
22,18,23,4.9916
22,19,24,1.96196
22,20,21,5.25135
22,21,22,4.24353
22,22,23,3.39015
22,23,24,6.79038
23,0,1,3.29179
23,0,5,2.55893
23,1,2,1.93629
23,1,6,3.60856
23,2,3,5.61385
23,2,7,6.27844
23,3,4,5.20991
23,3,8,2.30723
23,4,9,2.19471
23,5,6,2.32139
23,5,10,2.27077
23,6,7,3.77191
23,6,11,2.73484
23,7,8,2.13798
23,7,12,3.71906
23,8,9,2.61697
23,8,13,4.10061
23,9,14,4.5186
23,10,11,3.17784
23,10,15,3.68121
23,11,12,2.45019
23,11,16,3.73421
23,12,13,3.10593
23,12,17,2.24706
23,13,14,2.08331
23,13,18,2.28057
23,14,19,2.33896
23,15,16,5.09985
23,15,20,2.31491
23,16,17,4.61064
23,16,21,2.49544
23,17,18,3.96141
23,17,22,2.72141
23,18,19,2.89999
23,18,23,4.1406
23,19,24,3.81143
23,20,21,2.92101
23,21,22,2.91928
23,22,23,6.57201
23,23,24,3.98756
24,0,1,4.11026
24,0,5,3.34356
24,1,2,2.34752
24,1,6,3.17629
24,2,3,3.54673
24,2,7,4.17452
24,3,4,5.97528
24,3,8,2.33427
24,4,9,4.10276
24,5,6,4.4328
24,5,10,3.92827
24,6,7,4.07094
24,6,11,5.24948
24,7,8,4.80306
24,7,12,5.18561
24,8,9,3.35758
24,8,13,2.11501
24,9,14,5.20186
24,10,11,4.2397
24,10,15,5.12658
24,11,12,3.29762
24,11,16,2.38969
24,12,13,2.62089
24,12,17,5.82612
24,13,14,5.3667
24,13,18,4.03727
24,14,19,2.6333
24,15,16,5.77636
24,15,20,4.58925
24,16,17,5.53802
24,16,21,3.66196
24,17,18,2.34925
24,17,22,5.63068
24,18,19,2.91294
24,18,23,3.34992
24,19,24,4.32214
24,20,21,4.99953
24,21,22,2.32159
24,22,23,3.17217
24,23,24,2.88628
25,0,1,3.91277
25,0,5,4.27706
25,1,2,2.80213
25,1,6,2.9328
25,2,3,1.9184
25,2,7,3.67818
25,3,4,3.22098
25,3,8,2.01525
25,4,9,5.16909
25,5,6,5.06166
25,5,10,2.20473
25,6,7,4.90809
25,6,11,3.89456
25,7,8,2.11177
25,7,12,4.44628
25,8,9,3.75365
25,8,13,2.89011
25,9,14,3.94918
25,10,11,3.98404
25,10,15,5.13193
25,11,12,1.60096
25,11,16,4.22691
25,12,13,5.04442
25,12,17,3.0902
25,13,14,2.44614
25,13,18,3.20745
25,14,19,3.00242
25,15,16,4.24718
25,15,20,3.62648
25,16,17,4.67762
25,16,21,4.9734
25,17,18,2.36513
25,17,22,3.29792
25,18,19,2.60307
25,18,23,3.86452
25,19,24,2.50746
25,20,21,2.18609
25,21,22,4.15023
25,22,23,4.30256
25,23,24,5.1728
26,0,1,3.2709
26,0,5,3.87258
26,1,2,1.5287
26,1,6,3.70088
26,2,3,2.42902
26,2,7,4.5572
26,3,4,3.06109
26,3,8,4.56142
26,4,9,2.27005
26,5,6,3.14797
26,5,10,2.61095
26,6,7,4.83378
26,6,11,2.43764
26,7,8,3.55816
26,7,12,4.4951
26,8,9,6.15468
26,8,13,2.77026
26,9,14,5.82708
26,10,11,4.34531
26,10,15,5.67623
26,11,12,2.45103
26,11,16,2.79898
26,12,13,2.38714
26,12,17,5.12821
26,13,14,5.56151
26,13,18,3.78764
26,14,19,2.80994
26,15,16,5.64867
26,15,20,7.5003
26,16,17,3.92787
26,16,21,2.66249
26,17,18,3.52505
26,17,22,3.79639
26,18,19,3.83734
26,18,23,2.32552
26,19,24,3.56977
26,20,21,4.69277
26,21,22,3.53719
26,22,23,2.66352
26,23,24,5.16626
27,0,1,4.75899
27,0,5,4.14664
27,1,2,4.62683
27,1,6,3.36133
27,2,3,2.35606
27,2,7,3.34651
27,3,4,2.41412
27,3,8,2.39443
27,4,9,4.12288
27,5,6,3.89608
27,5,10,5.11054
27,6,7,2.05183
27,6,11,3.20723
27,7,8,3.93766
27,7,12,6.13801
27,8,9,2.79837
27,8,13,3.55756
27,9,14,4.52563
27,10,11,2.68623
27,10,15,5.94645
27,11,12,2.72153
27,11,16,6.41267
27,12,13,2.77814
27,12,17,3.86303
27,13,14,6.1888
27,13,18,5.04174
27,14,19,2.11425
27,15,16,2.10193
27,15,20,6.23387
27,16,17,4.68817
27,16,21,1.75408
27,17,18,3.38343
27,17,22,4.11017
27,18,19,1.86274
27,18,23,2.82839
27,19,24,2.94153
27,20,21,4.93542
27,21,22,3.3131
27,22,23,5.01186
27,23,24,2.72362
28,0,1,2.22723
28,0,5,6.04944
28,1,2,3.63799
28,1,6,3.50097
28,2,3,4.08508
28,2,7,2.77322
28,3,4,5.27916
28,3,8,2.31286
28,4,9,2.96723
28,5,6,3.20255
28,5,10,1.64159
28,6,7,4.66899
28,6,11,2.96192
28,7,8,3.81596
28,7,12,2.88022
28,8,9,2.36957
28,8,13,3.45298
28,9,14,3.23176
28,10,11,3.58379
28,10,15,3.27692
28,11,12,4.64572
28,11,16,3.99202
28,12,13,3.79064
28,12,17,6.54355
28,13,14,4.51575
28,13,18,3.80399
28,14,19,5.24886
28,15,16,3.4125
28,15,20,4.71534
28,16,17,2.62428
28,16,21,4.07983
28,17,18,6.22358
28,17,22,2.90009
28,18,19,1.98794
28,18,23,2.8683
28,19,24,5.06865
28,20,21,5.83684
28,21,22,2.38835
28,22,23,4.0346
28,23,24,2.11383
29,0,1,3.79677
29,0,5,2.45165
29,1,2,2.928
29,1,6,6.14674
29,2,3,4.87103
29,2,7,3.31961
29,3,4,3.62041
29,3,8,7.5701
29,4,9,2.80277
29,5,6,4.54718
29,5,10,4.42338
29,6,7,4.09168
29,6,11,3.37197
29,7,8,3.32066
29,7,12,4.36852
29,8,9,4.02368
29,8,13,4.54676
29,9,14,6.31667
29,10,11,1.99349
29,10,15,4.69694
29,11,12,4.2497
29,11,16,4.91449
29,12,13,3.14709
29,12,17,3.52358
29,13,14,4.34702
29,13,18,2.79104
29,14,19,7.02468
29,15,16,3.97297
29,15,20,5.83043
29,16,17,4.33658
29,16,21,4.23499
29,17,18,3.57339
29,17,22,3.10177
29,18,19,3.52663
29,18,23,7.46155
29,19,24,3.80787
29,20,21,4.62154
29,21,22,4.74346
29,22,23,2.62315
29,23,24,2.91286
30,0,1,6.70598
30,0,5,5.12872
30,1,2,5.79414
30,1,6,5.39131
30,2,3,2.45073
30,2,7,5.5596
30,3,4,4.20298
30,3,8,6.26295
30,4,9,3.56175
30,5,6,5.4705
30,5,10,2.52395
30,6,7,3.96962
30,6,11,2.56745
30,7,8,6.50479
30,7,12,4.05652
30,8,9,6.16418
30,8,13,2.75825
30,9,14,2.83733
30,10,11,5.03043
30,10,15,3.30577
30,11,12,5.53648
30,11,16,1.87233
30,12,13,5.33822
30,12,17,4.22277
30,13,14,4.15018
30,13,18,4.7813
30,14,19,5.00457
30,15,16,3.69186
30,15,20,5.20903
30,16,17,5.84414
30,16,21,2.60949
30,17,18,3.60085
30,17,22,6.32908
30,18,19,4.12712
30,18,23,5.46496
30,19,24,3.86724
30,20,21,2.52598
30,21,22,4.42851
30,22,23,3.90012
30,23,24,5.24547
31,0,1,4.03099
31,0,5,4.08665
31,1,2,5.38832
31,1,6,5.62547
31,2,3,3.01489
31,2,7,4.79479
31,3,4,2.77486
31,3,8,5.96949
31,4,9,5.49967
31,5,6,3.16235
31,5,10,2.58209
31,6,7,3.74482
31,6,11,6.59395
31,7,8,4.72646
31,7,12,4.13974
31,8,9,3.88238
31,8,13,2.9766
31,9,14,4.25087
31,10,11,5.8225
31,10,15,2.61365
31,11,12,4.86721
31,11,16,4.27402
31,12,13,3.08436
31,12,17,3.03404
31,13,14,3.75536
31,13,18,3.66691
31,14,19,5.09774
31,15,16,3.99299
31,15,20,4.79996
31,16,17,2.73119
31,16,21,4.38301
31,17,18,6.13474
31,17,22,4.17282
31,18,19,4.89341
31,18,23,2.35682
31,19,24,1.86886
31,20,21,3.7213
31,21,22,2.27813
31,22,23,5.03919
31,23,24,4.37645
32,0,1,2.31409
32,0,5,3.22118
32,1,2,2.04925
32,1,6,4.14435
32,2,3,2.5117
32,2,7,5.57025
32,3,4,3.9426
32,3,8,5.73702
32,4,9,2.22008
32,5,6,4.41118
32,5,10,5.06311
32,6,7,4.42862
32,6,11,3.29688
32,7,8,5.20069
32,7,12,4.58245
32,8,9,2.40788
32,8,13,5.93537
32,9,14,5.79484
32,10,11,6.28222
32,10,15,2.91475
32,11,12,2.58802
32,11,16,2.85605
32,12,13,4.74879
32,12,17,3.35453
32,13,14,5.36141
32,13,18,2.23053
32,14,19,2.60993
32,15,16,2.47132
32,15,20,4.73496
32,16,17,3.36103
32,16,21,4.05793
32,17,18,2.74456
32,17,22,4.67126
32,18,19,1.77049
32,18,23,4.41482
32,19,24,5.0661
32,20,21,3.58975
32,21,22,3.15222
32,22,23,3.32248
32,23,24,4.04824
33,0,1,6.01006
33,0,5,4.75567
33,1,2,3.13276
33,1,6,2.63371
33,2,3,4.69666
33,2,7,2.25187
33,3,4,5.44225
33,3,8,7.12226
33,4,9,5.73283
33,5,6,4.32936
33,5,10,4.08489
33,6,7,3.35722
33,6,11,3.33146
33,7,8,5.00149
33,7,12,2.86904
33,8,9,6.56887
33,8,13,3.36769
33,9,14,2.36131
33,10,11,5.92158
33,10,15,2.36559
33,11,12,5.56266
33,11,16,4.06793
33,12,13,2.20344
33,12,17,4.09718
33,13,14,4.63951
33,13,18,5.11055
33,14,19,6.91513
33,15,16,1.91383
33,15,20,3.99034
33,16,17,4.27848
33,16,21,2.08186
33,17,18,6.60043
33,17,22,4.10363
33,18,19,5.41335
33,18,23,6.47117
33,19,24,4.23027
33,20,21,2.75568
33,21,22,2.32078
33,22,23,2.80135
33,23,24,5.391
34,0,1,5.56113
34,0,5,3.96645
34,1,2,2.90159
34,1,6,4.46504
34,2,3,3.96643
34,2,7,4.76592
34,3,4,4.12561
34,3,8,2.32791
34,4,9,3.76984
34,5,6,2.66625
34,5,10,4.53693
34,6,7,3.84446
34,6,11,4.39389
34,7,8,3.8537
34,7,12,5.96258
34,8,9,4.5265
34,8,13,3.19812
34,9,14,2.27481
34,10,11,4.34068
34,10,15,3.43718
34,11,12,4.0163
34,11,16,2.69464
34,12,13,4.8458
34,12,17,4.71322
34,13,14,4.03169
34,13,18,5.10595
34,14,19,5.52617
34,15,16,4.74296
34,15,20,1.96608
34,16,17,3.69063
34,16,21,3.2453
34,17,18,3.01076
34,17,22,3.36959
34,18,19,5.9237
34,18,23,6.16372
34,19,24,3.21505
34,20,21,4.14329
34,21,22,3.68629
34,22,23,1.99556
34,23,24,3.57956
35,0,1,5.02622
35,0,5,3.89244
35,1,2,3.10775
35,1,6,4.21969
35,2,3,7.12579
35,2,7,5.1138
35,3,4,5.70364
35,3,8,4.78821
35,4,9,3.73513
35,5,6,6.65483
35,5,10,3.09383
35,6,7,4.10398
35,6,11,2.10027
35,7,8,6.52017
35,7,12,5.37696
35,8,9,2.51754
35,8,13,3.70893
35,9,14,5.42503
35,10,11,2.76497
35,10,15,2.20492
35,11,12,3.63294
35,11,16,5.08634
35,12,13,6.3556
35,12,17,7.57484
35,13,14,3.98851
35,13,18,4.3804
35,14,19,2.86768
35,15,16,6.47589
35,15,20,5.64458
35,16,17,5.67064
35,16,21,2.39191
35,17,18,3.08259
35,17,22,3.62631
35,18,19,4.25026
35,18,23,3.0613
35,19,24,5.47564
35,20,21,5.03823
35,21,22,3.64592
35,22,23,2.79594
35,23,24,3.72488
36,0,1,3.04033
36,0,5,3.16932
36,1,2,3.79998
36,1,6,2.91845
36,2,3,4.46085
36,2,7,2.64953
36,3,4,2.87015
36,3,8,4.49636
36,4,9,2.92732
36,5,6,1.95611
36,5,10,2.47806
36,6,7,4.78261
36,6,11,3.11405
36,7,8,3.2391
36,7,12,5.19629
36,8,9,2.58801
36,8,13,4.15437
36,9,14,3.58771
36,10,11,4.34962
36,10,15,2.24164
36,11,12,4.58354
36,11,16,4.45058
36,12,13,3.83337
36,12,17,2.6488
36,13,14,4.25656
36,13,18,4.60329
36,14,19,2.33144
36,15,16,3.49434
36,15,20,3.2755
36,16,17,4.81963
36,16,21,4.67502
36,17,18,1.87081
36,17,22,2.40295
36,18,19,4.06208
36,18,23,3.63338
36,19,24,2.03461
36,20,21,2.11176
36,21,22,5.03553
36,22,23,3.14726
36,23,24,1.87544
37,0,1,3.45081
37,0,5,2.19473
37,1,2,3.0409
37,1,6,5.90539
37,2,3,2.77219
37,2,7,5.4195
37,3,4,2.77298
37,3,8,4.73485
37,4,9,4.3888
37,5,6,4.57806
37,5,10,5.94875
37,6,7,2.71834
37,6,11,3.82113
37,7,8,2.48063
37,7,12,1.98871
37,8,9,3.45206
37,8,13,2.91819
37,9,14,4.91327
37,10,11,3.66776
37,10,15,5.28983
37,11,12,3.61806
37,11,16,2.91874
37,12,13,4.92961
37,12,17,5.61381
37,13,14,4.67817
37,13,18,4.25925
37,14,19,5.07433
37,15,16,5.35747
37,15,20,5.54883
37,16,17,2.25106
37,16,21,3.31752
37,17,18,5.20501
37,17,22,4.72182
37,18,19,5.19388
37,18,23,3.38278
37,19,24,2.36834
37,20,21,3.44043
37,21,22,1.98797
37,22,23,2.63131
37,23,24,2.17088
38,0,1,3.73571
38,0,5,4.35258
38,1,2,3.8721
38,1,6,4.16815
38,2,3,6.02357
38,2,7,5.67216
38,3,4,2.3095
38,3,8,4.73846
38,4,9,2.99974
38,5,6,5.79494
38,5,10,6.68402
38,6,7,4.27325
38,6,11,5.19762
38,7,8,1.96365
38,7,12,4.01379
38,8,9,3.06138
38,8,13,5.13025
38,9,14,5.33241
38,10,11,3.96519
38,10,15,5.5237
38,11,12,3.97148
38,11,16,4.69997
38,12,13,2.5387
38,12,17,2.25881
38,13,14,5.01407
38,13,18,5.96279
38,14,19,4.23187
38,15,16,6.60517
38,15,20,4.37047
38,16,17,5.88008
38,16,21,3.28963
38,17,18,3.16385
38,17,22,7.10871
38,18,19,6.67467
38,18,23,3.3619
38,19,24,2.70184
38,20,21,3.57179
38,21,22,4.46113
38,22,23,3.53709
38,23,24,5.98422
39,0,1,2.64928
39,0,5,2.72974
39,1,2,3.03287
39,1,6,2.49644
39,2,3,2.60702
39,2,7,4.07848
39,3,4,4.18036
39,3,8,4.3698
39,4,9,5.09891
39,5,6,4.16396
39,5,10,4.07221
39,6,7,4.99906
39,6,11,4.25056
39,7,8,3.14821
39,7,12,4.98171
39,8,9,4.87084
39,8,13,6.29796
39,9,14,2.27151
39,10,11,3.63849
39,10,15,4.14781
39,11,12,3.41392
39,11,16,2.32588
39,12,13,4.78394
39,12,17,3.29117
39,13,14,4.90015
39,13,18,5.20018
39,14,19,5.72061
39,15,16,2.88322
39,15,20,5.1299
39,16,17,6.16941
39,16,21,4.86644
39,17,18,4.39532
39,17,22,4.54787
39,18,19,2.57728
39,18,23,5.36243
39,19,24,4.17137
39,20,21,2.64943
39,21,22,2.68847
39,22,23,4.89652
39,23,24,6.60707
40,0,1,1.82551
40,0,5,3.37801
40,1,2,2.71794
40,1,6,2.01705
40,2,3,4.10001
40,2,7,3.82229
40,3,4,2.61345
40,3,8,3.64373
40,4,9,4.60382
40,5,6,2.16536
40,5,10,2.93025
40,6,7,3.64422
40,6,11,4.09825
40,7,8,2.92985
40,7,12,4.39887
40,8,9,2.33649
40,8,13,1.66703
40,9,14,1.84628
40,10,11,3.68547
40,10,15,4.71654
40,11,12,2.90415
40,11,16,2.25436
40,12,13,3.11613
40,12,17,3.97774
40,13,14,2.93853
40,13,18,1.94682
40,14,19,4.40038
40,15,16,3.25952
40,15,20,5.09742
40,16,17,4.87743
40,16,21,3.85304
40,17,18,2.59763
40,17,22,2.21535
40,18,19,1.77839
40,18,23,3.78195
40,19,24,5.23662
40,20,21,4.41776
40,21,22,2.67558
40,22,23,2.97887
40,23,24,3.73131
41,0,1,5.03482
41,0,5,2.3714
41,1,2,5.14661
41,1,6,2.48945
41,2,3,3.39121
41,2,7,4.63486
41,3,4,4.94474
41,3,8,4.03278
41,4,9,2.63907
41,5,6,3.81886
41,5,10,6.53571
41,6,7,3.51162
41,6,11,7.05348
41,7,8,5.41122
41,7,12,3.44239
41,8,9,4.01619
41,8,13,3.31236
41,9,14,2.61209
41,10,11,6.53944
41,10,15,4.47926
41,11,12,1.45893
41,11,16,2.88306
41,12,13,5.31317
41,12,17,1.49302
41,13,14,4.06045
41,13,18,5.96547
41,14,19,4.81474
41,15,16,4.89792
41,15,20,3.61525
41,16,17,4.67941
41,16,21,2.06014
41,17,18,2.29536
41,17,22,3.12049
41,18,19,3.50154
41,18,23,4.12308
41,19,24,2.47424
41,20,21,5.91519
41,21,22,2.94577
41,22,23,2.91837
41,23,24,3.35489
42,0,1,2.97725
42,0,5,2.9234
42,1,2,2.39805
42,1,6,4.28664
42,2,3,2.46499
42,2,7,5.13744
42,3,4,4.69023
42,3,8,2.78494
42,4,9,4.8457
42,5,6,3.63184
42,5,10,4.27082
42,6,7,4.82
42,6,11,3.26895
42,7,8,3.85377
42,7,12,5.34862
42,8,9,2.80725
42,8,13,4.54473
42,9,14,4.3758
42,10,11,3.25758
42,10,15,5.27115
42,11,12,2.82752
42,11,16,2.99479
42,12,13,4.18971
42,12,17,2.25953
42,13,14,5.62154
42,13,18,2.78251
42,14,19,2.90099
42,15,16,3.83191
42,15,20,4.79991
42,16,17,3.6275
42,16,21,3.0082
42,17,18,5.29822
42,17,22,3.96255
42,18,19,2.7124
42,18,23,6.96393
42,19,24,5.87947
42,20,21,4.40744
42,21,22,3.98717
42,22,23,6.90856
42,23,24,4.18203
43,0,1,3.2313
43,0,5,4.49291
43,1,2,2.37992
43,1,6,2.92928
43,2,3,2.25861
43,2,7,3.79365
43,3,4,4.44794
43,3,8,5.61875
43,4,9,4.13724
43,5,6,2.04008
43,5,10,4.13685
43,6,7,3.01943
43,6,11,2.77866
43,7,8,3.26171
43,7,12,4.70454
43,8,9,2.73384
43,8,13,1.57366
43,9,14,2.44899
43,10,11,2.44691
43,10,15,3.80294
43,11,12,2.43188
43,11,16,1.77817
43,12,13,2.12747
43,12,17,4.36364
43,13,14,3.87236
43,13,18,5.42189
43,14,19,3.89532
43,15,16,2.81277
43,15,20,3.32259
43,16,17,4.15647
43,16,21,2.63689
43,17,18,4.04371
43,17,22,1.76337
43,18,19,2.39908
43,18,23,1.62302
43,19,24,2.53383
43,20,21,2.94196
43,21,22,3.06188
43,22,23,1.77253
43,23,24,3.94421
44,0,1,3.08757
44,0,5,4.15735
44,1,2,3.033
44,1,6,5.66295
44,2,3,3.01546
44,2,7,4.20073
44,3,4,5.79714
44,3,8,2.38279
44,4,9,5.02604
44,5,6,2.42267
44,5,10,6.56555
44,6,7,5.48667
44,6,11,2.84525
44,7,8,4.87359
44,7,12,3.90084
44,8,9,3.50812
44,8,13,4.78691
44,9,14,4.3687
44,10,11,5.95115
44,10,15,4.87587
44,11,12,5.21251
44,11,16,4.66576
44,12,13,3.42847
44,12,17,2.66345
44,13,14,5.72387
44,13,18,2.82718
44,14,19,2.77221
44,15,16,4.18359
44,15,20,4.86614
44,16,17,4.29126
44,16,21,2.53651
44,17,18,5.75108
44,17,22,5.80344
44,18,19,6.06118
44,18,23,5.09309
44,19,24,5.52037
44,20,21,3.25031
44,21,22,4.59464
44,22,23,3.05176
44,23,24,5.85235
45,0,1,3.33534
45,0,5,6.24856
45,1,2,6.68943
45,1,6,3.17609
45,2,3,5.54426
45,2,7,3.11211
45,3,4,3.57282
45,3,8,4.67322
45,4,9,1.93425
45,5,6,4.78547
45,5,10,2.74118
45,6,7,3.13802
45,6,11,2.74721
45,7,8,3.9839
45,7,12,2.9074
45,8,9,2.63556
45,8,13,2.51324
45,9,14,5.87991
45,10,11,5.03992
45,10,15,4.10402
45,11,12,5.71742
45,11,16,4.0719
45,12,13,3.22566
45,12,17,3.70289
45,13,14,4.28197
45,13,18,2.59911
45,14,19,2.77474
45,15,16,3.3656
45,15,20,4.09068
45,16,17,5.77504
45,16,21,5.64163
45,17,18,4.18329
45,17,22,3.79133
45,18,19,4.51103
45,18,23,5.10776
45,19,24,4.98777
45,20,21,2.29484
45,21,22,6.60608
45,22,23,2.88554
45,23,24,1.80028
46,0,1,5.34672
46,0,5,2.58424
46,1,2,4.66461
46,1,6,2.10857
46,2,3,5.84033
46,2,7,4.73059
46,3,4,3.47589
46,3,8,4.30174
46,4,9,5.37506
46,5,6,2.7296
46,5,10,2.6505
46,6,7,3.96279
46,6,11,3.98021
46,7,8,3.6692
46,7,12,2.40809
46,8,9,1.95452
46,8,13,3.39521
46,9,14,3.24258
46,10,11,4.40327
46,10,15,4.29619
46,11,12,4.46853
46,11,16,3.70884
46,12,13,4.09117
46,12,17,3.44847
46,13,14,2.82362
46,13,18,2.8246
46,14,19,4.04302
46,15,16,2.99415
46,15,20,3.90079
46,16,17,3.93217
46,16,21,5.566
46,17,18,2.45613
46,17,22,2.68597
46,18,19,4.23951
46,18,23,4.23063
46,19,24,2.40239
46,20,21,3.15986
46,21,22,4.64839
46,22,23,3.58928
46,23,24,2.84481
47,0,1,4.10628
47,0,5,2.94007
47,1,2,2.06315
47,1,6,2.34823
47,2,3,3.4016
47,2,7,6.67486
47,3,4,5.03263
47,3,8,4.08239
47,4,9,3.79393
47,5,6,4.49825
47,5,10,5.56542
47,6,7,5.05538
47,6,11,3.57915
47,7,8,1.70433
47,7,12,4.38021
47,8,9,3.48118
47,8,13,4.62522
47,9,14,3.65237
47,10,11,3.89364
47,10,15,3.39279
47,11,12,1.93632
47,11,16,5.33099
47,12,13,2.10992
47,12,17,1.97595
47,13,14,3.03277
47,13,18,3.32543
47,14,19,3.78294
47,15,16,4.09131
47,15,20,2.46965
47,16,17,5.65095
47,16,21,2.79623
47,17,18,3.80134
47,17,22,5.85639
47,18,19,1.91343
47,18,23,4.99501
47,19,24,5.79057
47,20,21,2.2334
47,21,22,3.60077
47,22,23,2.54319
47,23,24,5.89448
48,0,1,3.81945
48,0,5,3.62282
48,1,2,4.21913
48,1,6,4.59104
48,2,3,5.44413
48,2,7,4.02703
48,3,4,4.75369
48,3,8,4.77406
48,4,9,2.74339
48,5,6,5.05395
48,5,10,2.17188
48,6,7,2.42622
48,6,11,2.77668
48,7,8,4.40429
48,7,12,6.4806
48,8,9,5.16898
48,8,13,5.75667
48,9,14,5.89716
48,10,11,5.55147
48,10,15,2.72342
48,11,12,2.83229
48,11,16,2.39437
48,12,13,2.86703
48,12,17,3.21445
48,13,14,5.3691
48,13,18,3.74738
48,14,19,2.85312
48,15,16,2.63733
48,15,20,2.52413
48,16,17,2.47713
48,16,21,3.54909
48,17,18,1.85403
48,17,22,4.66211
48,18,19,2.00978
48,18,23,4.47062
48,19,24,3.84933
48,20,21,5.03148
48,21,22,2.12437
48,22,23,3.67021
48,23,24,4.03428
49,0,1,5.70083
49,0,5,6.18651
49,1,2,6.19447
49,1,6,2.6408
49,2,3,4.3619
49,2,7,3.36121
49,3,4,4.26582
49,3,8,4.76955
49,4,9,4.37871
49,5,6,2.46318
49,5,10,3.28924
49,6,7,2.85765
49,6,11,3.31454
49,7,8,6.27636
49,7,12,5.42415
49,8,9,3.88659
49,8,13,4.9978
49,9,14,6.57118
49,10,11,2.18251
49,10,15,2.98806
49,11,12,6.5695
49,11,16,2.17439
49,12,13,2.77009
49,12,17,4.38754
49,13,14,5.69491
49,13,18,3.38086
49,14,19,4.75065
49,15,16,4.4456
49,15,20,2.98524
49,16,17,3.086
49,16,21,5.23861
49,17,18,3.88058
49,17,22,2.43371
49,18,19,4.75698
49,18,23,6.20727
49,19,24,5.59043
49,20,21,3.57143
49,21,22,4.30136
49,22,23,3.37678
49,23,24,5.33998
50,0,1,6.98026
50,0,5,5.10365
50,1,2,5.79898
50,1,6,3.6398
50,2,3,5.02782
50,2,7,3.39067
50,3,4,2.70284
50,3,8,5.81304
50,4,9,4.81937
50,5,6,4.36823
50,5,10,4.77814
50,6,7,2.93099
50,6,11,2.53556
50,7,8,6.5919
50,7,12,4.22018
50,8,9,3.00761
50,8,13,7.06187
50,9,14,6.72846
50,10,11,2.77621
50,10,15,4.06676
50,11,12,6.88378
50,11,16,2.69096
50,12,13,3.78908
50,12,17,4.70199
50,13,14,3.11348
50,13,18,4.6597
50,14,19,3.57203
50,15,16,5.06675
50,15,20,5.0183
50,16,17,4.52601
50,16,21,6.90025
50,17,18,2.63697
50,17,22,5.13416
50,18,19,7.27667
50,18,23,5.086
50,19,24,6.09164
50,20,21,3.27941
50,21,22,2.96089
50,22,23,4.95999
50,23,24,4.39737
51,0,1,1.9826
51,0,5,3.66487
51,1,2,4.14966
51,1,6,4.09526
51,2,3,1.2015
51,2,7,3.48447
51,3,4,3.15982
51,3,8,2.49334
51,4,9,3.17305
51,5,6,2.01513
51,5,10,6.90454
51,6,7,2.31472
51,6,11,6.42291
51,7,8,2.31668
51,7,12,2.07074
51,8,9,3.80506
51,8,13,2.11858
51,9,14,3.89991
51,10,11,5.86091
51,10,15,5.65868
51,11,12,2.89899
51,11,16,5.92483
51,12,13,1.29407
51,12,17,1.15817
51,13,14,2.82168
51,13,18,2.33294
51,14,19,3.99285
51,15,16,1.94953
51,15,20,4.90792
51,16,17,3.02381
51,16,21,1.82699
51,17,18,5.35134
51,17,22,4.16953
51,18,19,2.68871
51,18,23,4.13861
51,19,24,2.93356
51,20,21,3.42388
51,21,22,2.23418
51,22,23,5.62183
51,23,24,3.13979
52,0,1,2.33676
52,0,5,4.29515
52,1,2,2.9786
52,1,6,5.57848
52,2,3,5.20868
52,2,7,5.67356
52,3,4,2.06128
52,3,8,2.03567
52,4,9,5.3857
52,5,6,3.01368
52,5,10,6.06214
52,6,7,5.46399
52,6,11,3.95465
52,7,8,3.58743
52,7,12,1.88138
52,8,9,5.67979
52,8,13,3.75415
52,9,14,4.92614
52,10,11,5.74022
52,10,15,3.19495
52,11,12,4.23614
52,11,16,2.17402
52,12,13,6.16427
52,12,17,2.49672
52,13,14,4.1015
52,13,18,2.17916
52,14,19,1.99289
52,15,16,4.64948
52,15,20,5.60195
52,16,17,5.64496
52,16,21,5.11808
52,17,18,2.19489
52,17,22,4.14751
52,18,19,2.56138
52,18,23,2.26521
52,19,24,2.40947
52,20,21,2.24234
52,21,22,4.21442
52,22,23,5.77576
52,23,24,5.46836
53,0,1,4.11645
53,0,5,4.58943
53,1,2,4.83238
53,1,6,3.47573
53,2,3,2.25421
53,2,7,5.28528
53,3,4,2.66993
53,3,8,3.53844
53,4,9,1.77627
53,5,6,6.54188
53,5,10,1.78152
53,6,7,5.11245
53,6,11,4.05218
53,7,8,4.62309
53,7,12,3.11701
53,8,9,3.05181
53,8,13,3.09347
53,9,14,6.42319
53,10,11,4.79874
53,10,15,4.65619
53,11,12,2.34287
53,11,16,6.72481
53,12,13,4.91375
53,12,17,6.39031
53,13,14,2.82628
53,13,18,2.26936
53,14,19,2.99117
53,15,16,2.65946
53,15,20,6.07465
53,16,17,5.47621
53,16,21,5.78547
53,17,18,4.01427
53,17,22,3.81373
53,18,19,5.01555
53,18,23,2.80654
53,19,24,3.21741
53,20,21,2.31494
53,21,22,5.23701
53,22,23,5.84888
53,23,24,3.40176
54,0,1,5.42504
54,0,5,7.00248
54,1,2,5.94769
54,1,6,5.84006
54,2,3,5.14667
54,2,7,5.49762
54,3,4,2.55682
54,3,8,5.7023
54,4,9,2.25166
54,5,6,5.72975
54,5,10,2.68024
54,6,7,4.2705
54,6,11,5.58975
54,7,8,3.56419
54,7,12,3.23397
54,8,9,3.86598
54,8,13,3.8127
54,9,14,2.33925
54,10,11,3.68585
54,10,15,5.504
54,11,12,7.33188
54,11,16,4.66269
54,12,13,4.85122
54,12,17,3.29464
54,13,14,3.86542
54,13,18,4.34924
54,14,19,3.35242
54,15,16,5.05418
54,15,20,4.36079
54,16,17,4.62741
54,16,21,3.12529
54,17,18,2.26895
54,17,22,5.22681
54,18,19,5.16979
54,18,23,3.49728
54,19,24,5.42052
54,20,21,2.89101
54,21,22,7.06861
54,22,23,2.23828
54,23,24,6.51127
55,0,1,4.09314
55,0,5,3.01543
55,1,2,4.21667
55,1,6,6.1691
55,2,3,2.75023
55,2,7,3.19425
55,3,4,5.89606
55,3,8,5.02041
55,4,9,3.24164
55,5,6,4.64831
55,5,10,2.16979
55,6,7,5.58401
55,6,11,4.68532
55,7,8,6.51175
55,7,12,3.76478
55,8,9,4.6712
55,8,13,4.23825
55,9,14,3.78485
55,10,11,2.89542
55,10,15,5.43361
55,11,12,2.85068
55,11,16,2.69995
55,12,13,2.38964
55,12,17,5.05698
55,13,14,4.87545
55,13,18,4.14784
55,14,19,3.95418
55,15,16,2.37097
55,15,20,4.85231
55,16,17,4.49825
55,16,21,2.22905
55,17,18,3.60064
55,17,22,3.4257
55,18,19,3.07347
55,18,23,3.95702
55,19,24,5.75467
55,20,21,2.55127
55,21,22,3.49484
55,22,23,2.84588
55,23,24,4.93704
56,0,1,4.49006
56,0,5,5.09459
56,1,2,4.48946
56,1,6,7.81839
56,2,3,4.87718
56,2,7,5.09469
56,3,4,5.83267
56,3,8,7.53338
56,4,9,3.83884
56,5,6,3.77143
56,5,10,6.11974
56,6,7,4.72408
56,6,11,6.98214
56,7,8,8.08545
56,7,12,3.86304
56,8,9,5.51181
56,8,13,3.93476
56,9,14,4.54557
56,10,11,6.09
56,10,15,7.16551
56,11,12,5.62012
56,11,16,3.70091
56,12,13,5.50321
56,12,17,3.1157
56,13,14,3.2745
56,13,18,7.4529
56,14,19,3.22868
56,15,16,3.03375
56,15,20,2.68147
56,16,17,6.41862
56,16,21,2.92501
56,17,18,7.1644
56,17,22,5.44135
56,18,19,3.2027
56,18,23,2.74552
56,19,24,3.85621
56,20,21,4.24778
56,21,22,3.14832
56,22,23,6.0626
56,23,24,5.59234
57,0,1,2.74966
57,0,5,4.28543
57,1,2,4.08696
57,1,6,4.43796
57,2,3,5.88544
57,2,7,3.09296
57,3,4,4.79434
57,3,8,5.76772
57,4,9,2.58701
57,5,6,2.4775
57,5,10,2.57768
57,6,7,2.98205
57,6,11,2.3625
57,7,8,5.62892
57,7,12,2.00083
57,8,9,2.10196
57,8,13,2.46405
57,9,14,4.89065
57,10,11,3.42891
57,10,15,4.56834
57,11,12,3.15271
57,11,16,1.68724
57,12,13,4.57827
57,12,17,1.88978
57,13,14,3.02597
57,13,18,5.77804
57,14,19,2.18151
57,15,16,4.61497
57,15,20,4.51365
57,16,17,3.31217
57,16,21,2.65435
57,17,18,2.71047
57,17,22,5.00714
57,18,19,5.21028
57,18,23,3.7286
57,19,24,4.51968
57,20,21,2.42754
57,21,22,2.81341
57,22,23,5.10631
57,23,24,4.61081
58,0,1,1.93478
58,0,5,2.02194
58,1,2,3.44329
58,1,6,1.68322
58,2,3,4.34864
58,2,7,3.98952
58,3,4,5.11293
58,3,8,4.16657
58,4,9,2.16725
58,5,6,3.86504
58,5,10,3.09013
58,6,7,2.70429
58,6,11,4.07897
58,7,8,4.19841
58,7,12,2.18685
58,8,9,2.69116
58,8,13,3.8729
58,9,14,5.41444
58,10,11,3.7933
58,10,15,2.48692
58,11,12,4.39714
58,11,16,2.40136
58,12,13,2.96549
58,12,17,2.78148
58,13,14,2.02257
58,13,18,2.21958
58,14,19,4.97301
58,15,16,1.60347
58,15,20,4.56638
58,16,17,2.36632
58,16,21,3.87217
58,17,18,2.67622
58,17,22,2.57335
58,18,19,2.35557
58,18,23,1.53543
58,19,24,3.09
58,20,21,3.38576
58,21,22,2.88417
58,22,23,3.92842
58,23,24,1.78602
59,0,1,7.30207
59,0,5,6.0747
59,1,2,6.11706
59,1,6,4.73974
59,2,3,5.3121
59,2,7,2.20397
59,3,4,7.26995
59,3,8,3.28658
59,4,9,2.74331
59,5,6,3.13886
59,5,10,2.28993
59,6,7,6.03639
59,6,11,5.00655
59,7,8,3.18316
59,7,12,3.52442
59,8,9,3.1214
59,8,13,3.32219
59,9,14,5.07921
59,10,11,3.32463
59,10,15,2.30472
59,11,12,3.03109
59,11,16,5.08339
59,12,13,5.11163
59,12,17,6.93947
59,13,14,2.69264
59,13,18,2.60064
59,14,19,3.62725
59,15,16,3.55397
59,15,20,4.40766
59,16,17,3.73137
59,16,21,3.67295
59,17,18,7.28133
59,17,22,7.20097
59,18,19,4.68378
59,18,23,5.78257
59,19,24,3.77644
59,20,21,7.14217
59,21,22,3.52534
59,22,23,4.57694
59,23,24,5.95787
60,0,1,5.77571
60,0,5,4.44228
60,1,2,2.47457
60,1,6,4.76181
60,2,3,6.01845
60,2,7,4.39958
60,3,4,3.80559
60,3,8,4.73969
60,4,9,5.57853
60,5,6,2.89385
60,5,10,5.03742
60,6,7,3.50792
60,6,11,4.85033
60,7,8,3.69765
60,7,12,2.16173
60,8,9,4.13914
60,8,13,1.92476
60,9,14,2.96733
60,10,11,4.02778
60,10,15,4.28588
60,11,12,5.66452
60,11,16,5.0299
60,12,13,3.78116
60,12,17,2.37469
60,13,14,5.3321
60,13,18,4.08217
60,14,19,4.35233
60,15,16,3.26223
60,15,20,3.65773
60,16,17,2.80927
60,16,21,3.53617
60,17,18,4.73616
60,17,22,2.97865
60,18,19,2.66857
60,18,23,2.50389
60,19,24,3.92614
60,20,21,5.24234
60,21,22,4.29051
60,22,23,3.79421
60,23,24,4.52724
61,0,1,2.85593
61,0,5,6.04774
61,1,2,3.14148
61,1,6,5.43923
61,2,3,3.42667
61,2,7,5.85049
61,3,4,3.78762
61,3,8,3.16544
61,4,9,5.5499
61,5,6,5.59839
61,5,10,2.8645
61,6,7,4.01849
61,6,11,5.4957
61,7,8,4.72527
61,7,12,4.21153
61,8,9,3.69279
61,8,13,3.94391
61,9,14,2.92652
61,10,11,2.99027
61,10,15,4.6689
61,11,12,5.96694
61,11,16,4.06624
61,12,13,5.67164
61,12,17,2.69955
61,13,14,2.57833
61,13,18,5.70916
61,14,19,3.32381
61,15,16,5.77693
61,15,20,3.96741
61,16,17,7.12228
61,16,21,3.29003
61,17,18,4.31655
61,17,22,3.96137
61,18,19,4.09117
61,18,23,6.36195
61,19,24,4.94764
61,20,21,3.10915
61,21,22,4.74094
61,22,23,4.32656
61,23,24,4.84004
62,0,1,6.00309
62,0,5,5.93958
62,1,2,5.39132
62,1,6,6.05663
62,2,3,4.08862
62,2,7,5.62637
62,3,4,4.62135
62,3,8,2.20734
62,4,9,3.1112
62,5,6,4.94135
62,5,10,3.77855
62,6,7,3.25882
62,6,11,6.37824
62,7,8,5.31881
62,7,12,6.22564
62,8,9,5.03627
62,8,13,8.70854
62,9,14,5.43328
62,10,11,5.3005
62,10,15,3.35105
62,11,12,4.27307
62,11,16,5.26952
62,12,13,7.85135
62,12,17,4.31174
62,13,14,4.67278
62,13,18,5.85834
62,14,19,3.1559
62,15,16,8.69067
62,15,20,5.41181
62,16,17,5.88269
62,16,21,7.16828
62,17,18,2.68479
62,17,22,7.20285
62,18,19,5.94594
62,18,23,3.50103
62,19,24,3.70102
62,20,21,4.07495
62,21,22,3.51227
62,22,23,5.40797
62,23,24,4.81543
63,0,1,1.74646
63,0,5,2.84345
63,1,2,4.47429
63,1,6,3.64292
63,2,3,5.39911
63,2,7,1.66459
63,3,4,3.55134
63,3,8,5.84071
63,4,9,5.09051
63,5,6,3.71045
63,5,10,3.35917
63,6,7,3.30636
63,6,11,3.4801
63,7,8,2.51984
63,7,12,2.34556
63,8,9,4.33708
63,8,13,4.4501
63,9,14,3.21196
63,10,11,2.51987
63,10,15,3.72217
63,11,12,2.53654
63,11,16,3.16204
63,12,13,3.10646
63,12,17,1.80686
63,13,14,2.7287
63,13,18,1.96038
63,14,19,5.90065
63,15,16,2.55267
63,15,20,2.99239
63,16,17,1.8371
63,16,21,2.46229
63,17,18,5.56196
63,17,22,4.18812
63,18,19,3.07645
63,18,23,4.56238
63,19,24,2.93321
63,20,21,5.20521
63,21,22,5.37034
63,22,23,4.52121
63,23,24,5.44161
64,0,1,3.59684
64,0,5,3.94954
64,1,2,5.13936
64,1,6,5.69891
64,2,3,2.28893
64,2,7,5.11415
64,3,4,2.7157
64,3,8,4.85181
64,4,9,3.78603
64,5,6,5.01785
64,5,10,4.35729
64,6,7,6.05269
64,6,11,2.9655
64,7,8,5.6597
64,7,12,5.95998
64,8,9,4.74155
64,8,13,3.14664
64,9,14,4.02339
64,10,11,4.43109
64,10,15,4.84538
64,11,12,5.55614
64,11,16,5.62917
64,12,13,2.49759
64,12,17,3.78089
64,13,14,5.22273
64,13,18,2.78248
64,14,19,2.54824
64,15,16,5.10721
64,15,20,5.84428
64,16,17,3.57255
64,16,21,2.08851
64,17,18,4.20115
64,17,22,3.06242
64,18,19,2.09423
64,18,23,6.13848
64,19,24,5.58712
64,20,21,4.76636
64,21,22,4.33714
64,22,23,5.99825
64,23,24,3.80056
65,0,1,3.02607
65,0,5,2.69097
65,1,2,2.26325
65,1,6,4.97421
65,2,3,2.22691
65,2,7,2.80623
65,3,4,6.19981
65,3,8,4.93334
65,4,9,2.37744
65,5,6,3.13426
65,5,10,2.55843
65,6,7,2.91316
65,6,11,1.83748
65,7,8,5.11952
65,7,12,4.04964
65,8,9,2.9068
65,8,13,2.02422
65,9,14,3.6345
65,10,11,4.30705
65,10,15,4.67153
65,11,12,2.57279
65,11,16,1.86688
65,12,13,2.73638
65,12,17,4.88626
65,13,14,1.96071
65,13,18,2.63666
65,14,19,4.32264
65,15,16,5.56506
65,15,20,4.4171
65,16,17,2.1762
65,16,21,4.47216
65,17,18,4.15802
65,17,22,4.03109
65,18,19,3.3711
65,18,23,3.93298
65,19,24,2.69416
65,20,21,2.93702
65,21,22,5.76917
65,22,23,2.83837
65,23,24,4.45552
66,0,1,1.78436
66,0,5,3.28394
66,1,2,2.39231
66,1,6,5.88912
66,2,3,2.87534
66,2,7,4.3147
66,3,4,4.23594
66,3,8,4.98397
66,4,9,4.97297
66,5,6,4.04644
66,5,10,3.47157
66,6,7,3.4151
66,6,11,4.0326
66,7,8,3.97295
66,7,12,2.61637
66,8,9,2.87055
66,8,13,3.45085
66,9,14,4.44203
66,10,11,5.55764
66,10,15,3.9119
66,11,12,4.54447
66,11,16,5.52556
66,12,13,5.0285
66,12,17,4.2362
66,13,14,2.96042
66,13,18,5.54929
66,14,19,3.38775
66,15,16,3.54503
66,15,20,6.19347
66,16,17,3.08449
66,16,21,4.01986
66,17,18,2.28457
66,17,22,2.14016
66,18,19,3.34111
66,18,23,4.52575
66,19,24,3.49339
66,20,21,3.29736
66,21,22,3.65293
66,22,23,4.10789
66,23,24,3.28467
67,0,1,3.91413
67,0,5,4.05062
67,1,2,6.94224
67,1,6,8.15561
67,2,3,4.39726
67,2,7,4.6849
67,3,4,5.32139
67,3,8,5.84254
67,4,9,3.09208
67,5,6,5.118
67,5,10,5.84261
67,6,7,3.6723
67,6,11,8.11055
67,7,8,4.60458
67,7,12,2.7661
67,8,9,3.58375
67,8,13,8.53244
67,9,14,3.50698
67,10,11,3.17124
67,10,15,5.78811
67,11,12,3.5492
67,11,16,5.63594
67,12,13,8.32951
67,12,17,3.17159
67,13,14,7.36377
67,13,18,6.49139
67,14,19,5.21212
67,15,16,6.13178
67,15,20,4.95158
67,16,17,5.66569
67,16,21,6.78445
67,17,18,2.88337
67,17,22,7.05256
67,18,19,7.34692
67,18,23,6.6616
67,19,24,3.74169
67,20,21,5.12815
67,21,22,5.54287
67,22,23,5.99449
67,23,24,4.33752
68,0,1,1.72029
68,0,5,5.08627
68,1,2,1.96174
68,1,6,2.388
68,2,3,2.50362
68,2,7,2.16898
68,3,4,4.90731
68,3,8,5.70421
68,4,9,4.57888
68,5,6,3.55412
68,5,10,5.60634
68,6,7,4.57637
68,6,11,3.67471
68,7,8,5.16384
68,7,12,3.73733
68,8,9,3.09514
68,8,13,4.78935
68,9,14,4.4876
68,10,11,3.12844
68,10,15,3.32548
68,11,12,3.20504
68,11,16,2.32251
68,12,13,4.49574
68,12,17,5.2306
68,13,14,3.17412
68,13,18,3.52968
68,14,19,5.69086
68,15,16,2.65633
68,15,20,3.07756
68,16,17,2.9144
68,16,21,5.04847
68,17,18,3.64982
68,17,22,4.73614
68,18,19,2.53324
68,18,23,6.08186
68,19,24,2.74794
68,20,21,3.14749
68,21,22,2.49044
68,22,23,4.11177
68,23,24,3.87335
69,0,1,2.59363
69,0,5,2.62972
69,1,2,5.53414
69,1,6,4.29586
69,2,3,3.17459
69,2,7,4.17907
69,3,4,2.89634
69,3,8,5.90815
69,4,9,3.16586
69,5,6,6.88758
69,5,10,4.40549
69,6,7,5.32226
69,6,11,4.45117
69,7,8,2.31196
69,7,12,4.79246
69,8,9,3.90169
69,8,13,3.72719
69,9,14,4.85917
69,10,11,4.03874
69,10,15,4.369
69,11,12,6.15963
69,11,16,6.58561
69,12,13,3.58492
69,12,17,4.7619
69,13,14,5.93637
69,13,18,3.42093
69,14,19,6.53311
69,15,16,3.23054
69,15,20,5.42722
69,16,17,5.25713
69,16,21,5.73577
69,17,18,4.27467
69,17,22,3.55394
69,18,19,3.59712
69,18,23,4.46869
69,19,24,1.92717
69,20,21,4.95422
69,21,22,4.55698
69,22,23,3.40621
69,23,24,4.01066
70,0,1,4.75213
70,0,5,2.47781
70,1,2,5.07332
70,1,6,3.07207
70,2,3,3.70331
70,2,7,5.83902
70,3,4,2.59274
70,3,8,2.75523
70,4,9,4.55436
70,5,6,4.85194
70,5,10,6.21364
70,6,7,7.3962
70,6,11,3.76326
70,7,8,3.75412
70,7,12,2.41017
70,8,9,3.68612
70,8,13,3.53068
70,9,14,4.06416
70,10,11,2.55951
70,10,15,4.54788
70,11,12,3.34533
70,11,16,5.8572
70,12,13,2.49623
70,12,17,3.82577
70,13,14,3.63331
70,13,18,7.34052
70,14,19,4.23741
70,15,16,2.86333
70,15,20,7.11267
70,16,17,5.92982
70,16,21,3.02328
70,17,18,6.21431
70,17,22,4.98197
70,18,19,6.73587
70,18,23,4.48414
70,19,24,3.566
70,20,21,7.02609
70,21,22,4.2956
70,22,23,2.85099
70,23,24,2.65212
71,0,1,5.17547
71,0,5,3.3705
71,1,2,6.63339
71,1,6,3.53366
71,2,3,3.59776
71,2,7,2.64421
71,3,4,4.88733
71,3,8,6.97211
71,4,9,4.91401
71,5,6,5.04768
71,5,10,6.49363
71,6,7,2.46507
71,6,11,6.01666
71,7,8,2.78547
71,7,12,3.66424
71,8,9,4.02729
71,8,13,5.81329
71,9,14,4.4409
71,10,11,5.1099
71,10,15,2.96408
71,11,12,3.62785
71,11,16,2.05023
71,12,13,5.00424
71,12,17,3.00183
71,13,14,4.35812
71,13,18,5.34058
71,14,19,4.69953
71,15,16,5.58805
71,15,20,1.79782
71,16,17,2.62404
71,16,21,4.33079
71,17,18,4.95563
71,17,22,3.80877
71,18,19,4.26996
71,18,23,4.67815
71,19,24,2.70312
71,20,21,6.07396
71,21,22,2.73912
71,22,23,2.44671
71,23,24,5.13359
72,0,1,4.38195
72,0,5,5.91782
72,1,2,5.20049
72,1,6,5.21973
72,2,3,4.35338
72,2,7,2.69145
72,3,4,4.48718
72,3,8,4.69905
72,4,9,2.20164
72,5,6,4.73077
72,5,10,5.02944
72,6,7,3.91701
72,6,11,5.11517
72,7,8,5.00688
72,7,12,4.74753
72,8,9,3.43286
72,8,13,2.94448
72,9,14,2.86572
72,10,11,3.94888
72,10,15,2.18926
72,11,12,5.38641
72,11,16,5.19578
72,12,13,2.25448
72,12,17,2.86774
72,13,14,2.51132
72,13,18,5.91428
72,14,19,5.49387
72,15,16,3.93946
72,15,20,2.82456
72,16,17,4.91977
72,16,21,3.67231
72,17,18,2.47728
72,17,22,3.13195
72,18,19,3.34006
72,18,23,2.06994
72,19,24,4.06772
72,20,21,2.33429
72,21,22,2.17825
72,22,23,3.96749
72,23,24,4.55418
73,0,1,2.36892
73,0,5,5.98744
73,1,2,2.88357
73,1,6,5.3739
73,2,3,5.15413
73,2,7,2.43696
73,3,4,5.0792
73,3,8,4.35651
73,4,9,5.467
73,5,6,3.87328
73,5,10,3.1773
73,6,7,4.00414
73,6,11,4.38216
73,7,8,1.83517
73,7,12,2.28976
73,8,9,1.5919
73,8,13,4.3379
73,9,14,3.36605
73,10,11,5.01453
73,10,15,2.09851
73,11,12,2.10141
73,11,16,1.99749
73,12,13,2.41192
73,12,17,2.06847
73,13,14,2.75535
73,13,18,5.64961
73,14,19,3.14978
73,15,16,2.4458
73,15,20,2.38803
73,16,17,2.64678
73,16,21,3.0974
73,17,18,4.95684
73,17,22,5.28857
73,18,19,3.4053
73,18,23,3.21316
73,19,24,2.78849
73,20,21,1.7032
73,21,22,5.04374
73,22,23,5.40032
73,23,24,2.23622
74,0,1,4.4199
74,0,5,6.25753
74,1,2,4.09193
74,1,6,4.4365
74,2,3,4.22116
74,2,7,4.89459
74,3,4,5.53871
74,3,8,3.63366
74,4,9,3.16403
74,5,6,5.6778
74,5,10,4.04541
74,6,7,4.60147
74,6,11,5.73396
74,7,8,4.29696
74,7,12,4.61447
74,8,9,2.64441
74,8,13,5.74959
74,9,14,6.24253
74,10,11,5.56804
74,10,15,3.82651
74,11,12,5.87958
74,11,16,6.77695
74,12,13,5.99991
74,12,17,5.34126
74,13,14,6.44473
74,13,18,6.37864
74,14,19,4.47533
74,15,16,4.80551
74,15,20,5.622
74,16,17,5.65067
74,16,21,5.10087
74,17,18,4.5687
74,17,22,8.05587
74,18,19,3.8107
74,18,23,3.07897
74,19,24,8.07291
74,20,21,5.46158
74,21,22,6.03846
74,22,23,2.44517
74,23,24,5.41871
75,0,1,5.80183
75,0,5,2.62909
75,1,2,2.24542
75,1,6,4.93456
75,2,3,4.54329
75,2,7,6.22083
75,3,4,4.98744
75,3,8,3.018
75,4,9,4.52025
75,5,6,4.01581
75,5,10,4.9438
75,6,7,2.46485
75,6,11,1.98863
75,7,8,2.46601
75,7,12,2.2189
75,8,9,3.66254
75,8,13,3.92933
75,9,14,4.69588
75,10,11,4.39645
75,10,15,2.62127
75,11,12,1.82186
75,11,16,4.615
75,12,13,3.72631
75,12,17,2.22665
75,13,14,1.87971
75,13,18,3.60625
75,14,19,3.14857
75,15,16,5.79621
75,15,20,2.37819
75,16,17,5.03199
75,16,21,5.08088
75,17,18,3.32272
75,17,22,2.58702
75,18,19,4.0418
75,18,23,3.49425
75,19,24,4.38028
75,20,21,3.91539
75,21,22,2.90573
75,22,23,3.84606
75,23,24,5.76795
76,0,1,5.18071
76,0,5,3.57951
76,1,2,3.1035
76,1,6,4.24708
76,2,3,3.6142
76,2,7,6.72575
76,3,4,5.55099
76,3,8,2.14369
76,4,9,6.50172
76,5,6,2.74251
76,5,10,5.16132
76,6,7,3.20931
76,6,11,6.00563
76,7,8,4.82096
76,7,12,2.48433
76,8,9,5.17898
76,8,13,2.86918
76,9,14,1.63201
76,10,11,6.20396
76,10,15,3.17824
76,11,12,3.6765
76,11,16,2.42751
76,12,13,5.58163
76,12,17,1.97221
76,13,14,3.33635
76,13,18,7.38085
76,14,19,4.42226
76,15,16,3.44064
76,15,20,3.86105
76,16,17,4.99799
76,16,21,3.09979
76,17,18,2.82727
76,17,22,4.97865
76,18,19,2.59915
76,18,23,5.05911
76,19,24,5.97147
76,20,21,3.7392
76,21,22,4.91175
76,22,23,3.05215
76,23,24,1.88651
77,0,1,5.44679
77,0,5,3.18087
77,1,2,2.58819
77,1,6,2.53271
77,2,3,5.78448
77,2,7,2.94237
77,3,4,6.30199
77,3,8,2.88723
77,4,9,2.69501
77,5,6,3.16229
77,5,10,2.08195
77,6,7,3.88716
77,6,11,4.10467
77,7,8,2.94533
77,7,12,2.54089
77,8,9,3.02613
77,8,13,4.17306
77,9,14,2.0409
77,10,11,2.91323
77,10,15,3.97335
77,11,12,2.60052
77,11,16,5.14131
77,12,13,5.60281
77,12,17,5.84831
77,13,14,3.54646
77,13,18,5.448
77,14,19,4.82555
77,15,16,5.06675
77,15,20,2.84183
77,16,17,6.76024
77,16,21,5.92681
77,17,18,5.93713
77,17,22,5.99041
77,18,19,4.93936
77,18,23,5.01599
77,19,24,6.93944
77,20,21,3.10846
77,21,22,2.6991
77,22,23,4.225
77,23,24,3.378
78,0,1,3.01012
78,0,5,2.75221
78,1,2,5.17169
78,1,6,3.14171
78,2,3,5.37758
78,2,7,2.31563
78,3,4,5.88097
78,3,8,4.74866
78,4,9,5.7657
78,5,6,4.72549
78,5,10,2.19125
78,6,7,5.41383
78,6,11,2.66051
78,7,8,4.96408
78,7,12,4.87435
78,8,9,1.78123
78,8,13,2.3523
78,9,14,4.9754
78,10,11,1.76327
78,10,15,2.4552
78,11,12,5.15521
78,11,16,1.88766
78,12,13,3.65007
78,12,17,1.87603
78,13,14,4.43438
78,13,18,3.4372
78,14,19,4.61327
78,15,16,3.72671
78,15,20,2.87469
78,16,17,4.81999
78,16,21,3.53841
78,17,18,4.99597
78,17,22,5.31676
78,18,19,2.4964
78,18,23,2.51726
78,19,24,2.90038
78,20,21,3.0819
78,21,22,5.63383
78,22,23,2.13047
78,23,24,4.07996
79,0,1,1.12312
79,0,5,3.96151
79,1,2,3.10795
79,1,6,3.0015
79,2,3,1.4413
79,2,7,4.2915
79,3,4,4.44137
79,3,8,2.76507
79,4,9,2.84913
79,5,6,2.87585
79,5,10,2.55696
79,6,7,3.85444
79,6,11,3.40599
79,7,8,3.63353
79,7,12,2.99211
79,8,9,1.9032
79,8,13,2.23997
79,9,14,2.15695
79,10,11,2.945
79,10,15,2.10601
79,11,12,1.97562
79,11,16,3.72094
79,12,13,1.73183
79,12,17,3.03791
79,13,14,2.33083
79,13,18,1.66517
79,14,19,5.50501
79,15,16,1.13937
79,15,20,2.72013
79,16,17,4.55377
79,16,21,3.29784
79,17,18,5.0657
79,17,22,1.3066
79,18,19,1.80997
79,18,23,0.99108
79,19,24,2.44915
79,20,21,4.77284
79,21,22,3.05906
79,22,23,2.56877
79,23,24,0.85206
80,0,1,2.07161
80,0,5,2.2048
80,1,2,3.89486
80,1,6,2.3962
80,2,3,4.56064
80,2,7,5.60011
80,3,4,1.78956
80,3,8,5.79144
80,4,9,2.48307
80,5,6,3.70258
80,5,10,6.36784
80,6,7,1.78288
80,6,11,4.22129
80,7,8,3.05161
80,7,12,3.46506
80,8,9,4.61471
80,8,13,3.11218
80,9,14,5.39813
80,10,11,2.22156
80,10,15,5.40874
80,11,12,2.64062
80,11,16,4.21135
80,12,13,2.63739
80,12,17,3.17765
80,13,14,3.50503
80,13,18,4.61736
80,14,19,2.16792
80,15,16,2.74443
80,15,20,3.39529
80,16,17,5.19643
80,16,21,3.47835
80,17,18,6.42916
80,17,22,2.25905
80,18,19,3.34751
80,18,23,4.9494
80,19,24,2.65766
80,20,21,6.34083
80,21,22,1.87634
80,22,23,4.88352
80,23,24,6.26523
81,0,1,2.3958
81,0,5,4.0603
81,1,2,4.10781
81,1,6,4.34392
81,2,3,5.58077
81,2,7,2.6253
81,3,4,4.07809
81,3,8,5.28752
81,4,9,4.16031
81,5,6,2.96931
81,5,10,2.16019
81,6,7,4.06508
81,6,11,3.20326
81,7,8,5.70669
81,7,12,4.91617
81,8,9,5.15965
81,8,13,2.65778
81,9,14,4.53452
81,10,11,3.60056
81,10,15,4.54047
81,11,12,4.61152
81,11,16,4.33472
81,12,13,4.27291
81,12,17,5.48565
81,13,14,4.21546
81,13,18,3.57877
81,14,19,5.27728
81,15,16,2.05335
81,15,20,3.05566
81,16,17,4.4155
81,16,21,2.80793
81,17,18,3.79503
81,17,22,2.44192
81,18,19,3.92032
81,18,23,4.93839
81,19,24,3.22055
81,20,21,2.16728
81,21,22,6.039
81,22,23,4.75722
81,23,24,1.7379
82,0,1,4.37195
82,0,5,4.58037
82,1,2,6.12766
82,1,6,5.24279
82,2,3,3.65124
82,2,7,5.89771
82,3,4,3.58721
82,3,8,2.35164
82,4,9,4.07727
82,5,6,5.74871
82,5,10,5.63717
82,6,7,4.01717
82,6,11,5.05968
82,7,8,4.47268
82,7,12,2.63365
82,8,9,3.15156
82,8,13,5.98537
82,9,14,2.81215
82,10,11,6.1672
82,10,15,3.65018
82,11,12,4.15472
82,11,16,3.40968
82,12,13,4.78886
82,12,17,6.6193
82,13,14,3.90931
82,13,18,4.63944
82,14,19,2.6021
82,15,16,4.71184
82,15,20,5.87257
82,16,17,3.1231
82,16,21,4.49275
82,17,18,4.93689
82,17,22,7.03437
82,18,19,4.79553
82,18,23,4.82968
82,19,24,4.32647
82,20,21,2.58155
82,21,22,6.55639
82,22,23,3.32674
82,23,24,6.38598
83,0,1,6.8156
83,0,5,6.87612
83,1,2,5.66146
83,1,6,3.88478
83,2,3,4.33058
83,2,7,5.62754
83,3,4,6.85574
83,3,8,3.47396
83,4,9,2.89247
83,5,6,2.15416
83,5,10,6.3219
83,6,7,7.42977
83,6,11,2.01316
83,7,8,6.21157
83,7,12,3.08792
83,8,9,3.26225
83,8,13,4.12844
83,9,14,4.03568
83,10,11,4.25944
83,10,15,5.2216
83,11,12,4.08378
83,11,16,5.89593
83,12,13,2.77319
83,12,17,3.99041
83,13,14,2.14053
83,13,18,3.56329
83,14,19,3.52652
83,15,16,5.50949
83,15,20,5.48553
83,16,17,7.22475
83,16,21,4.97863
83,17,18,4.63223
83,17,22,3.74829
83,18,19,2.22234
83,18,23,2.97952
83,19,24,6.83374
83,20,21,5.37911
83,21,22,4.15809
83,22,23,4.67337
83,23,24,1.7683
84,0,1,6.63983
84,0,5,5.88907
84,1,2,5.21847
84,1,6,2.23116
84,2,3,4.56302
84,2,7,5.60322
84,3,4,3.61261
84,3,8,2.65294
84,4,9,3.02063
84,5,6,3.13181
84,5,10,4.51278
84,6,7,7.14569
84,6,11,3.38314
84,7,8,2.60321
84,7,12,4.22603
84,8,9,4.30901
84,8,13,4.9103
84,9,14,2.84063
84,10,11,3.65802
84,10,15,3.02272
84,11,12,4.32931
84,11,16,2.37512
84,12,13,3.93567
84,12,17,6.52218
84,13,14,2.13513
84,13,18,5.6953
84,14,19,2.79576
84,15,16,3.71382
84,15,20,4.84221
84,16,17,5.21557
84,16,21,3.39613
84,17,18,5.35703
84,17,22,4.68355
84,18,19,6.8551
84,18,23,6.18153
84,19,24,6.36811
84,20,21,3.62871
84,21,22,3.17426
84,22,23,5.01072
84,23,24,5.80336
85,0,1,3.00057
85,0,5,5.28653
85,1,2,3.3231
85,1,6,1.39936
85,2,3,5.72219
85,2,7,4.01862
85,3,4,5.77181
85,3,8,4.27408
85,4,9,4.40013
85,5,6,4.17885
85,5,10,2.02908
85,6,7,4.64748
85,6,11,2.62038
85,7,8,4.19703
85,7,12,1.639
85,8,9,2.62031
85,8,13,5.37161
85,9,14,3.43064
85,10,11,5.13138
85,10,15,3.74742
85,11,12,4.87204
85,11,16,2.22292
85,12,13,3.94401
85,12,17,5.47723
85,13,14,4.39607
85,13,18,2.68273
85,14,19,2.62557
85,15,16,5.37259
85,15,20,1.80055
85,16,17,5.65592
85,16,21,3.12586
85,17,18,2.07586
85,17,22,3.36044
85,18,19,2.32605
85,18,23,1.73812
85,19,24,4.81492
85,20,21,2.1303
85,21,22,5.86398
85,22,23,2.33362
85,23,24,1.38233
86,0,1,4.39808
86,0,5,3.96912
86,1,2,4.71077
86,1,6,2.40992
86,2,3,2.98416
86,2,7,5.14502
86,3,4,5.86716
86,3,8,6.16105
86,4,9,4.20031
86,5,6,2.23464
86,5,10,4.24334
86,6,7,4.03474
86,6,11,3.82403
86,7,8,4.67447
86,7,12,4.56613
86,8,9,4.0656
86,8,13,5.75334
86,9,14,3.773
86,10,11,5.82395
86,10,15,4.58295
86,11,12,1.926
86,11,16,4.0011
86,12,13,2.90712
86,12,17,3.79426
86,13,14,3.81472
86,13,18,2.89798
86,14,19,4.32724
86,15,16,2.93827
86,15,20,4.2249
86,16,17,5.1126
86,16,21,5.09792
86,17,18,2.97459
86,17,22,4.83924
86,18,19,3.45498
86,18,23,3.25565
86,19,24,5.33293
86,20,21,4.64084
86,21,22,5.32017
86,22,23,6.08434
86,23,24,6.19094
87,0,1,8.22639
87,0,5,5.91982
87,1,2,7.14995
87,1,6,2.98227
87,2,3,5.56975
87,2,7,4.72749
87,3,4,5.923
87,3,8,4.18374
87,4,9,6.81931
87,5,6,2.28159
87,5,10,3.44483
87,6,7,4.97581
87,6,11,3.70808
87,7,8,4.62569
87,7,12,5.84456
87,8,9,8.03974
87,8,13,6.26699
87,9,14,4.02761
87,10,11,6.00954
87,10,15,5.50773
87,11,12,7.07945
87,11,16,4.27182
87,12,13,8.20206
87,12,17,3.30966
87,13,14,2.91527
87,13,18,3.66623
87,14,19,2.78583
87,15,16,6.11007
87,15,20,5.75296
87,16,17,4.84204
87,16,21,4.53612
87,17,18,4.86753
87,17,22,5.33384
87,18,19,6.35595
87,18,23,8.1136
87,19,24,7.40491
87,20,21,6.41229
87,21,22,2.92191
87,22,23,5.25219
87,23,24,7.10799
88,0,1,5.86192
88,0,5,5.41944
88,1,2,5.86627
88,1,6,3.74523
88,2,3,2.2108
88,2,7,6.18749
88,3,4,5.91037
88,3,8,2.31173
88,4,9,6.03892
88,5,6,1.48673
88,5,10,5.64484
88,6,7,3.18474
88,6,11,4.62665
88,7,8,4.08407
88,7,12,2.84097
88,8,9,4.08012
88,8,13,5.54397
88,9,14,2.07479
88,10,11,5.80766
88,10,15,5.15935
88,11,12,1.4431
88,11,16,3.55942
88,12,13,2.58512
88,12,17,1.77482
88,13,14,3.21844
88,13,18,4.92934
88,14,19,4.66258
88,15,16,5.63952
88,15,20,4.79846
88,16,17,4.42176
88,16,21,1.80373
88,17,18,4.28818
88,17,22,4.23021
88,18,19,2.55312
88,18,23,2.04296
88,19,24,4.84142
88,20,21,4.25138
88,21,22,2.71692
88,22,23,6.11321
88,23,24,3.18911
89,0,1,2.62574
89,0,5,4.95614
89,1,2,2.87286
89,1,6,2.67227
89,2,3,2.86817
89,2,7,3.45964
89,3,4,3.70963
89,3,8,3.7809
89,4,9,3.92378
89,5,6,2.52403
89,5,10,3.82785
89,6,7,2.04555
89,6,11,1.82065
89,7,8,4.95912
89,7,12,2.88088
89,8,9,2.65883
89,8,13,5.03357
89,9,14,2.16875
89,10,11,3.37296
89,10,15,3.60074
89,11,12,4.18027
89,11,16,1.57812
89,12,13,2.93043
89,12,17,4.63908
89,13,14,2.02344
89,13,18,3.17852
89,14,19,2.85962
89,15,16,4.80233
89,15,20,1.66864
89,16,17,4.54115
89,16,21,2.71674
89,17,18,2.90758
89,17,22,3.19117
89,18,19,4.51208
89,18,23,1.20194
89,19,24,2.09978
89,20,21,4.08341
89,21,22,2.94863
89,22,23,3.75079
89,23,24,2.5364
90,0,1,4.27304
90,0,5,4.51835
90,1,2,4.93994
90,1,6,6.22265
90,2,3,5.38279
90,2,7,1.8029
90,3,4,4.94687
90,3,8,4.01373
90,4,9,4.01189
90,5,6,3.44812
90,5,10,4.98387
90,6,7,4.9958
90,6,11,6.4355
90,7,8,3.2621
90,7,12,6.33533
90,8,9,2.9728
90,8,13,2.06705
90,9,14,4.72308
90,10,11,4.3166
90,10,15,3.15695
90,11,12,4.32162
90,11,16,5.75585
90,12,13,2.88182
90,12,17,2.61248
90,13,14,5.26125
90,13,18,5.08717
90,14,19,6.0433
90,15,16,5.35439
90,15,20,5.58795
90,16,17,2.29908
90,16,21,2.1339
90,17,18,6.21979
90,17,22,4.98876
90,18,19,3.41916
90,18,23,7.19397
90,19,24,2.87808
90,20,21,2.73602
90,21,22,2.96619
90,22,23,1.87139
90,23,24,2.67484
91,0,1,5.15968
91,0,5,4.44471
91,1,2,5.71513
91,1,6,4.72076
91,2,3,5.00907
91,2,7,6.68382
91,3,4,2.35852
91,3,8,6.23793
91,4,9,5.73504
91,5,6,4.68869
91,5,10,5.23231
91,6,7,6.26223
91,6,11,4.21689
91,7,8,4.87209
91,7,12,3.09402
91,8,9,6.50406
91,8,13,6.19287
91,9,14,2.49209
91,10,11,2.75881
91,10,15,3.63706
91,11,12,2.40748
91,11,16,4.75795
91,12,13,5.48688
91,12,17,4.34649
91,13,14,5.59179
91,13,18,7.16823
91,14,19,4.48452
91,15,16,3.99513
91,15,20,6.38328
91,16,17,2.60239
91,16,21,2.77623
91,17,18,5.13461
91,17,22,3.8737
91,18,19,3.90124
91,18,23,6.95663
91,19,24,5.84871
91,20,21,4.05682
91,21,22,3.55423
91,22,23,4.54802
91,23,24,6.04341
92,0,1,4.70277
92,0,5,3.49498
92,1,2,2.51217
92,1,6,3.71396
92,2,3,3.73546
92,2,7,2.10337
92,3,4,2.98535
92,3,8,4.9
92,4,9,4.59104
92,5,6,4.77226
92,5,10,4.24104
92,6,7,2.18437
92,6,11,1.90605
92,7,8,2.82041
92,7,12,6.60156
92,8,9,1.99511
92,8,13,3.16213
92,9,14,4.52015
92,10,11,4.55821
92,10,15,2.72586
92,11,12,2.2466
92,11,16,3.03586
92,12,13,1.91494
92,12,17,4.76188
92,13,14,3.94983
92,13,18,3.82108
92,14,19,2.80789
92,15,16,4.34391
92,15,20,1.94029
92,16,17,2.59901
92,16,21,4.09995
92,17,18,2.42559
92,17,22,2.21708
92,18,19,6.08414
92,18,23,5.33687
92,19,24,1.68987
92,20,21,4.21447
92,21,22,5.81995
92,22,23,4.37532
92,23,24,3.63377
93,0,1,4.07093
93,0,5,3.67759
93,1,2,3.7603
93,1,6,6.23351
93,2,3,5.37756
93,2,7,4.93708
93,3,4,5.35064
93,3,8,5.90537
93,4,9,3.95209
93,5,6,2.78192
93,5,10,4.92627
93,6,7,4.95993
93,6,11,5.01404
93,7,8,5.55405
93,7,12,4.94967
93,8,9,3.74645
93,8,13,5.45272
93,9,14,4.82236
93,10,11,5.92561
93,10,15,5.17047
93,11,12,2.13628
93,11,16,3.73879
93,12,13,3.83781
93,12,17,2.63855
93,13,14,4.9421
93,13,18,3.53039
93,14,19,3.51435
93,15,16,3.13904
93,15,20,4.58469
93,16,17,4.67912
93,16,21,4.07009
93,17,18,5.7896
93,17,22,4.53346
93,18,19,4.23731
93,18,23,2.79811
93,19,24,3.43132
93,20,21,2.48545
93,21,22,4.55906
93,22,23,3.05798
93,23,24,5.06583
94,0,1,7.24085
94,0,5,4.429
94,1,2,4.3094
94,1,6,3.88827
94,2,3,3.86188
94,2,7,3.2084
94,3,4,6.74776
94,3,8,2.85697
94,4,9,3.83776
94,5,6,3.52376
94,5,10,4.69546
94,6,7,5.91008
94,6,11,2.54371
94,7,8,2.50224
94,7,12,2.74084
94,8,9,4.90556
94,8,13,5.92637
94,9,14,2.21702
94,10,11,4.6026
94,10,15,2.39985
94,11,12,3.73742
94,11,16,4.19551
94,12,13,7.2223
94,12,17,2.27721
94,13,14,4.20493
94,13,18,7.24074
94,14,19,3.31873
94,15,16,2.77942
94,15,20,2.22283
94,16,17,4.59838
94,16,21,2.59319
94,17,18,2.24779
94,17,22,3.46699
94,18,19,6.37844
94,18,23,4.67526
94,19,24,5.65707
94,20,21,1.52884
94,21,22,5.94656
94,22,23,5.64747
94,23,24,3.4516
95,0,1,3.3948
95,0,5,3.55234
95,1,2,6.57284
95,1,6,4.95531
95,2,3,3.00083
95,2,7,5.82077
95,3,4,6.4912
95,3,8,3.78778
95,4,9,4.98385
95,5,6,4.17993
95,5,10,5.77916
95,6,7,4.34323
95,6,11,4.5648
95,7,8,2.06205
95,7,12,6.17263
95,8,9,6.52793
95,8,13,7.95398
95,9,14,5.2872
95,10,11,3.18018
95,10,15,6.04352
95,11,12,5.12907
95,11,16,6.47039
95,12,13,3.82076
95,12,17,4.13411
95,13,14,6.55048
95,13,18,5.95362
95,14,19,5.14748
95,15,16,5.53879
95,15,20,4.59817
95,16,17,3.79685
95,16,21,4.59599
95,17,18,4.19515
95,17,22,3.05106
95,18,19,4.47033
95,18,23,3.29778
95,19,24,5.68521
95,20,21,2.01412
95,21,22,7.20886
95,22,23,2.76678
95,23,24,2.47907
96,0,1,3.46549
96,0,5,2.63292
96,1,2,4.13544
96,1,6,4.55104
96,2,3,3.40218
96,2,7,4.19034
96,3,4,4.21871
96,3,8,4.28329
96,4,9,3.79323
96,5,6,4.9533
96,5,10,4.31561
96,6,7,4.52057
96,6,11,3.91639
96,7,8,1.73027
96,7,12,4.2152
96,8,9,3.32634
96,8,13,4.80942
96,9,14,3.73442
96,10,11,4.75209
96,10,15,4.51791
96,11,12,2.63133
96,11,16,3.05484
96,12,13,5.87784
96,12,17,5.42888
96,13,14,6.17604
96,13,18,5.30179
96,14,19,2.68802
96,15,16,2.27576
96,15,20,4.44473
96,16,17,4.79933
96,16,21,3.04443
96,17,18,4.45023
96,17,22,3.19514
96,18,19,4.60346
96,18,23,6.0317
96,19,24,4.10807
96,20,21,5.12376
96,21,22,3.19763
96,22,23,3.22687
96,23,24,3.4306
97,0,1,3.8895
97,0,5,4.55957
97,1,2,2.38266
97,1,6,4.5775
97,2,3,4.78326
97,2,7,4.69921
97,3,4,3.23989
97,3,8,3.80196
97,4,9,2.47699
97,5,6,1.90601
97,5,10,4.44064
97,6,7,4.45571
97,6,11,4.66072
97,7,8,3.70101
97,7,12,2.97692
97,8,9,1.59737
97,8,13,4.29785
97,9,14,1.85075
97,10,11,3.26848
97,10,15,4.60251
97,11,12,4.27441
97,11,16,3.35133
97,12,13,1.94896
97,12,17,2.42971
97,13,14,2.75623
97,13,18,5.20439
97,14,19,4.20735
97,15,16,2.69191
97,15,20,1.74533
97,16,17,4.97478
97,16,21,2.6226
97,17,18,2.69515
97,17,22,4.09215
97,18,19,4.32614
97,18,23,3.27612
97,19,24,5.1555
97,20,21,2.86186
97,21,22,3.89528
97,22,23,2.61967
97,23,24,1.32828
98,0,1,2.40487
98,0,5,3.82494
98,1,2,2.33619
98,1,6,3.14095
98,2,3,2.57217
98,2,7,3.89194
98,3,4,2.62215
98,3,8,3.3388
98,4,9,5.87426
98,5,6,5.18643
98,5,10,4.31017
98,6,7,3.97065
98,6,11,3.10577
98,7,8,2.03488
98,7,12,3.96505
98,8,9,3.5268
98,8,13,3.31807
98,9,14,5.31856
98,10,11,5.04999
98,10,15,4.35311
98,11,12,3.248
98,11,16,3.5185
98,12,13,3.87417
98,12,17,3.30755
98,13,14,3.11539
98,13,18,2.55239
98,14,19,3.58524
98,15,16,2.0059
98,15,20,4.81007
98,16,17,4.70153
98,16,21,2.8211
98,17,18,3.93246
98,17,22,3.35193
98,18,19,4.47723
98,18,23,3.2019
98,19,24,4.13887
98,20,21,2.5284
98,21,22,4.41057
98,22,23,4.79543
98,23,24,5.15685
99,0,1,4.20183
99,0,5,5.82036
99,1,2,2.74994
99,1,6,5.16602
99,2,3,4.06752
99,2,7,4.83074
99,3,4,4.0378
99,3,8,4.7836
99,4,9,5.3295
99,5,6,3.28759
99,5,10,4.04577
99,6,7,5.49858
99,6,11,3.03506
99,7,8,2.58417
99,7,12,4.4727
99,8,9,3.87717
99,8,13,5.4499
99,9,14,3.83401
99,10,11,4.39005
99,10,15,5.02552
99,11,12,2.531
99,11,16,4.70072
99,12,13,2.5996
99,12,17,5.33244
99,13,14,3.17001
99,13,18,3.03763
99,14,19,3.41764
99,15,16,2.66723
99,15,20,3.34694
99,16,17,4.992
99,16,21,4.22013
99,17,18,3.54208
99,17,22,4.7489
99,18,19,2.38634
99,18,23,2.64789
99,19,24,2.62005
99,20,21,2.02452
99,21,22,5.26158
99,22,23,4.14352
99,23,24,2.58052
100,0,1,5.72016
100,0,5,4.07067
100,1,2,3.66637
100,1,6,2.39392
100,2,3,6.7214
100,2,7,4.89384
100,3,4,5.23993
100,3,8,4.63852
100,4,9,4.88581
100,5,6,5.26952
100,5,10,3.06544
100,6,7,2.85814
100,6,11,4.45451
100,7,8,2.3683
100,7,12,6.80398
100,8,9,4.83232
100,8,13,5.96722
100,9,14,6.61577
100,10,11,3.02586
100,10,15,3.95948
100,11,12,3.01795
100,11,16,3.94028
100,12,13,5.62268
100,12,17,3.66813
100,13,14,4.17092
100,13,18,4.4382
100,14,19,5.09823
100,15,16,6.14615
100,15,20,2.44619
100,16,17,4.30888
100,16,21,4.74268
100,17,18,4.63214
100,17,22,7.05166
100,18,19,2.86611
100,18,23,6.89063
100,19,24,2.08966
100,20,21,5.45587
100,21,22,2.76026
100,22,23,2.51638
100,23,24,3.05371
101,0,1,2.69351
101,0,5,2.63087
101,1,2,3.59982
101,1,6,4.92008
101,2,3,5.90004
101,2,7,2.30249
101,3,4,4.80962
101,3,8,5.03721
101,4,9,4.65711
101,5,6,2.82053
101,5,10,2.95866
101,6,7,6.73745
101,6,11,3.29362
101,7,8,3.01818
101,7,12,4.01017
101,8,9,5.34768
101,8,13,4.81744
101,9,14,4.6986
101,10,11,2.58809
101,10,15,5.44751
101,11,12,2.06161
101,11,16,3.78105
101,12,13,4.27324
101,12,17,1.96368
101,13,14,3.80735
101,13,18,5.21776
101,14,19,4.99928
101,15,16,3.40173
101,15,20,3.41448
101,16,17,4.35137
101,16,21,4.06896
101,17,18,5.65598
101,17,22,3.80035
101,18,19,4.36295
101,18,23,5.4885
101,19,24,6.18324
101,20,21,4.25749
101,21,22,4.79842
101,22,23,4.67774
101,23,24,3.55312
102,0,1,1.90422
102,0,5,3.56366
102,1,2,3.22163
102,1,6,3.11562
102,2,3,3.71135
102,2,7,3.03251
102,3,4,3.3221
102,3,8,5.69074
102,4,9,3.39951
102,5,6,2.28227
102,5,10,5.44034
102,6,7,1.87705
102,6,11,2.42265
102,7,8,1.67768
102,7,12,4.35912
102,8,9,5.3813
102,8,13,3.2745
102,9,14,4.23018
102,10,11,6.07231
102,10,15,2.71971
102,11,12,1.72768
102,11,16,4.52599
102,12,13,2.59891
102,12,17,3.73522
102,13,14,2.66114
102,13,18,3.59879
102,14,19,5.43273
102,15,16,2.44931
102,15,20,5.80627
102,16,17,3.89005
102,16,21,3.3137
102,17,18,5.74514
102,17,22,3.12389
102,18,19,1.41678
102,18,23,3.77679
102,19,24,3.26356
102,20,21,2.64569
102,21,22,2.73048
102,22,23,5.82925
102,23,24,3.95671
103,0,1,1.97196
103,0,5,2.02601
103,1,2,3.30882
103,1,6,5.27437
103,2,3,2.56981
103,2,7,4.48199
103,3,4,2.50984
103,3,8,4.26783
103,4,9,3.79907
103,5,6,6.02575
103,5,10,4.4603
103,6,7,1.62696
103,6,11,5.21161
103,7,8,1.42175
103,7,12,4.73363
103,8,9,5.4172
103,8,13,2.74877
103,9,14,6.04252
103,10,11,4.89361
103,10,15,5.0739
103,11,12,3.75308
103,11,16,3.45764
103,12,13,2.16384
103,12,17,1.91309
103,13,14,4.60016
103,13,18,2.20451
103,14,19,2.0266
103,15,16,2.46581
103,15,20,4.14215
103,16,17,1.60627
103,16,21,3.40996
103,17,18,2.242
103,17,22,2.46802
103,18,19,2.98641
103,18,23,3.94175
103,19,24,2.05342
103,20,21,2.74653
103,21,22,2.69758
103,22,23,3.20789
103,23,24,2.20742
104,0,1,3.81498
104,0,5,6.23043
104,1,2,5.65195
104,1,6,4.98275
104,2,3,6.50852
104,2,7,6.05165
104,3,4,5.76131
104,3,8,3.73255
104,4,9,4.07848
104,5,6,5.76122
104,5,10,6.12557
104,6,7,4.22273
104,6,11,3.59737
104,7,8,5.53771
104,7,12,2.343
104,8,9,5.03611
104,8,13,2.68485
104,9,14,3.37888
104,10,11,5.44707
104,10,15,4.09043
104,11,12,4.71715
104,11,16,2.48316
104,12,13,7.07993
104,12,17,2.29755
104,13,14,2.22382
104,13,18,6.8969
104,14,19,3.39992
104,15,16,5.83946
104,15,20,3.87669
104,16,17,5.58538
104,16,21,7.29006
104,17,18,5.6932
104,17,22,7.94666
104,18,19,7.28899
104,18,23,6.82738
104,19,24,2.68625
104,20,21,4.60824
104,21,22,5.31593
104,22,23,3.89511
104,23,24,4.73369
105,0,1,4.20047
105,0,5,2.71173
105,1,2,2.86102
105,1,6,3.662
105,2,3,2.64617
105,2,7,2.77545
105,3,4,2.32238
105,3,8,3.08011
105,4,9,5.58239
105,5,6,3.07221
105,5,10,6.64594
105,6,7,4.04122
105,6,11,3.00576
105,7,8,3.44594
105,7,12,4.20216
105,8,9,4.40168
105,8,13,5.69876
105,9,14,4.04565
105,10,11,4.71796
105,10,15,6.05341
105,11,12,3.54632
105,11,16,3.45828
105,12,13,2.33612
105,12,17,4.9356
105,13,14,6.31296
105,13,18,4.75003
105,14,19,2.66273
105,15,16,2.93441
105,15,20,2.30894
105,16,17,5.33458
105,16,21,4.79198
105,17,18,6.2908
105,17,22,4.27217
105,18,19,3.7659
105,18,23,4.20096
105,19,24,5.74072
105,20,21,3.94729
105,21,22,2.05134
105,22,23,3.18161
105,23,24,3.34192
106,0,1,2.48434
106,0,5,3.84486
106,1,2,2.99582
106,1,6,4.06158
106,2,3,3.38951
106,2,7,2.5308
106,3,4,4.38704
106,3,8,3.43979
106,4,9,4.00747
106,5,6,3.90929
106,5,10,2.46278
106,6,7,3.94045
106,6,11,4.20561
106,7,8,4.49781
106,7,12,4.38184
106,8,9,4.04216
106,8,13,2.64627
106,9,14,6.7776
106,10,11,2.74289
106,10,15,4.67434
106,11,12,6.11647
106,11,16,6.292
106,12,13,2.7919
106,12,17,5.82406
106,13,14,5.38306
106,13,18,2.04505
106,14,19,3.32616
106,15,16,4.7101
106,15,20,6.96785
106,16,17,2.63518
106,16,21,1.84047
106,17,18,3.84517
106,17,22,3.87285
106,18,19,2.89288
106,18,23,5.11318
106,19,24,2.45653
106,20,21,4.10217
106,21,22,4.00629
106,22,23,5.35577
106,23,24,6.56055
107,0,1,3.5642
107,0,5,2.43676
107,1,2,2.66761
107,1,6,3.63382
107,2,3,5.54593
107,2,7,3.79486
107,3,4,4.76338
107,3,8,5.88293
107,4,9,2.42064
107,5,6,4.06416
107,5,10,5.91306
107,6,7,4.4557
107,6,11,4.94738
107,7,8,2.34686
107,7,12,5.71649
107,8,9,5.78644
107,8,13,2.46273
107,9,14,5.44321
107,10,11,3.2949
107,10,15,4.94726
107,11,12,7.21548
107,11,16,5.64168
107,12,13,4.01316
107,12,17,4.62929
107,13,14,2.68852
107,13,18,4.76023
107,14,19,3.03598
107,15,16,6.14929
107,15,20,3.74455
107,16,17,5.06497
107,16,21,4.7214
107,17,18,3.64466
107,17,22,5.16294
107,18,19,5.8468
107,18,23,7.86671
107,19,24,4.8552
107,20,21,5.09901
107,21,22,2.90559
107,22,23,2.34339
107,23,24,8.46764
108,0,1,3.544
108,0,5,5.8807
108,1,2,4.04684
108,1,6,2.70796
108,2,3,4.77205
108,2,7,4.14287
108,3,4,3.11477
108,3,8,2.9833
108,4,9,2.18081
108,5,6,3.77648
108,5,10,6.05774
108,6,7,2.55725
108,6,11,2.46792
108,7,8,5.41833
108,7,12,4.36857
108,8,9,3.39231
108,8,13,2.07386
108,9,14,2.08741
108,10,11,3.30577
108,10,15,4.99407
108,11,12,2.73053
108,11,16,3.27687
108,12,13,1.95601
108,12,17,3.97235
108,13,14,4.07403
108,13,18,2.84668
108,14,19,5.68068
108,15,16,2.23011
108,15,20,4.32446
108,16,17,4.21736
108,16,21,5.03111
108,17,18,5.76688
108,17,22,4.40733
108,18,19,5.21113
108,18,23,2.28281
108,19,24,4.54051
108,20,21,2.59627
108,21,22,2.83382
108,22,23,4.1408
108,23,24,2.94671
109,0,1,3.62851
109,0,5,3.88867
109,1,2,3.31992
109,1,6,4.01558
109,2,3,1.95223
109,2,7,6.90664
109,3,4,4.20419
109,3,8,2.7696
109,4,9,5.17865
109,5,6,4.25929
109,5,10,6.48693
109,6,7,5.74936
109,6,11,4.92272
109,7,8,2.86896
109,7,12,2.20537
109,8,9,2.88348
109,8,13,2.80986
109,9,14,3.92718
109,10,11,2.76302
109,10,15,6.08239
109,11,12,4.51964
109,11,16,2.65394
109,12,13,5.89021
109,12,17,1.59149
109,13,14,5.48142
109,13,18,5.42608
109,14,19,3.2194
109,15,16,2.77052
109,15,20,2.97703
109,16,17,2.18197
109,16,21,3.4694
109,17,18,4.99063
109,17,22,5.26605
109,18,19,4.44382
109,18,23,2.4619
109,19,24,2.22742
109,20,21,5.79337
109,21,22,4.4618
109,22,23,5.8071
109,23,24,4.8044
110,0,1,1.96405
110,0,5,4.39863
110,1,2,3.29817
110,1,6,4.64416
110,2,3,3.13653
110,2,7,3.53472
110,3,4,3.42773
110,3,8,4.36808
110,4,9,3.4618
110,5,6,4.36452
110,5,10,2.07329
110,6,7,3.12165
110,6,11,3.45625
110,7,8,3.66994
110,7,12,1.98881
110,8,9,3.18799
110,8,13,5.65271
110,9,14,2.80055
110,10,11,2.23916
110,10,15,4.68215
110,11,12,1.96821
110,11,16,5.35059
110,12,13,5.64916
110,12,17,4.86977
110,13,14,2.1621
110,13,18,2.21914
110,14,19,2.74045
110,15,16,3.22836
110,15,20,5.22965
110,16,17,5.95498
110,16,21,2.2904
110,17,18,2.24782
110,17,22,4.4102
110,18,19,2.53883
110,18,23,2.55048
110,19,24,3.97086
110,20,21,3.21736
110,21,22,3.45807
110,22,23,2.88238
110,23,24,1.87261
111,0,1,4.43945
111,0,5,5.47108
111,1,2,3.2723
111,1,6,4.79878
111,2,3,5.75951
111,2,7,2.23643
111,3,4,3.13054
111,3,8,5.26841
111,4,9,7.11539
111,5,6,3.85014
111,5,10,3.60732
111,6,7,2.26435
111,6,11,2.95168
111,7,8,2.7692
111,7,12,2.07559
111,8,9,7.1234
111,8,13,2.95119
111,9,14,3.74865
111,10,11,5.88347
111,10,15,4.63587
111,11,12,1.85952
111,11,16,3.20948
111,12,13,3.80854
111,12,17,2.52966
111,13,14,4.89551
111,13,18,6.76711
111,14,19,4.61358
111,15,16,4.14848
111,15,20,3.66278
111,16,17,2.79259
111,16,21,2.47398
111,17,18,6.47326
111,17,22,5.57328
111,18,19,6.49627
111,18,23,5.94009
111,19,24,5.00513
111,20,21,6.05712
111,21,22,3.21814
111,22,23,2.84944
111,23,24,6.29682
112,0,1,5.10742
112,0,5,6.53511
112,1,2,3.57139
112,1,6,4.01133
112,2,3,3.62267
112,2,7,2.72214
112,3,4,3.73972
112,3,8,5.69695
112,4,9,2.2892
112,5,6,3.98537
112,5,10,5.64442
112,6,7,3.03582
112,6,11,3.68635
112,7,8,7.12024
112,7,12,3.41758
112,8,9,4.24476
112,8,13,4.57959
112,9,14,3.41194
112,10,11,3.41854
112,10,15,2.57072
112,11,12,3.33157
112,11,16,1.99552
112,12,13,2.16754
112,12,17,5.40323
112,13,14,2.98262
112,13,18,5.5214
112,14,19,3.71407
112,15,16,2.34261
112,15,20,4.34854
112,16,17,4.46931
112,16,21,6.61926
112,17,18,3.48528
112,17,22,3.98304
112,18,19,4.25764
112,18,23,5.52208
112,19,24,5.88434
112,20,21,6.53881
112,21,22,3.30568
112,22,23,5.25527
112,23,24,3.3788
113,0,1,4.86508
113,0,5,1.99964
113,1,2,3.24619
113,1,6,3.27069
113,2,3,1.84356
113,2,7,4.56945
113,3,4,4.43952
113,3,8,5.00993
113,4,9,3.22445
113,5,6,4.83085
113,5,10,5.69292
113,6,7,4.49832
113,6,11,4.46973
113,7,8,3.16467
113,7,12,4.39907
113,8,9,3.46211
113,8,13,2.53136
113,9,14,4.40496
113,10,11,2.88073
113,10,15,5.0241
113,11,12,3.22933
113,11,16,3.96208
113,12,13,2.9614
113,12,17,3.51059
113,13,14,2.59316
113,13,18,4.54009
113,14,19,5.37073
113,15,16,3.74674
113,15,20,2.23189
113,16,17,4.56722
113,16,21,4.40603
113,17,18,3.70143
113,17,22,4.83685
113,18,19,2.26403
113,18,23,4.57279
113,19,24,4.49744
113,20,21,3.96318
113,21,22,4.69369
113,22,23,3.84354
113,23,24,4.52766
114,0,1,3.67385
114,0,5,4.75992
114,1,2,1.67746
114,1,6,4.78224
114,2,3,2.42569
114,2,7,3.06533
114,3,4,2.89337
114,3,8,3.45919
114,4,9,4.74787
114,5,6,3.76815
114,5,10,4.66257
114,6,7,4.59517
114,6,11,5.3006
114,7,8,2.1383
114,7,12,4.31025
114,8,9,5.07634
114,8,13,1.66485
114,9,14,4.62918
114,10,11,2.64515
114,10,15,5.6833
114,11,12,2.9849
114,11,16,6.28355
114,12,13,1.83728
114,12,17,2.05842
114,13,14,2.80053
114,13,18,4.12287
114,14,19,4.52252
114,15,16,3.43886
114,15,20,2.61045
114,16,17,2.76258
114,16,21,2.37036
114,17,18,6.01225
114,17,22,2.05414
114,18,19,3.8548
114,18,23,3.89377
114,19,24,4.89509
114,20,21,3.62153
114,21,22,3.25782
114,22,23,5.44101
114,23,24,4.22357
115,0,1,2.94044
115,0,5,2.06013
115,1,2,2.22932
115,1,6,6.83653
115,2,3,1.97047
115,2,7,6.45682
115,3,4,1.97512
115,3,8,4.71023
115,4,9,2.6298
115,5,6,4.6443
115,5,10,5.78193
115,6,7,4.4665
115,6,11,5.55735
115,7,8,2.78543
115,7,12,2.63676
115,8,9,6.16619
115,8,13,4.28351
115,9,14,2.41977
115,10,11,2.87632
115,10,15,4.59807
115,11,12,3.80202
115,11,16,3.13471
115,12,13,3.60685
115,12,17,3.37822
115,13,14,2.80833
115,13,18,2.38499
115,14,19,2.32818
115,15,16,3.42668
115,15,20,7.60469
115,16,17,2.47957
115,16,21,2.48868
115,17,18,3.15129
115,17,22,4.44637
115,18,19,2.45151
115,18,23,5.20631
115,19,24,3.7007
115,20,21,3.24029
115,21,22,2.5709
115,22,23,3.27269
115,23,24,3.89712
116,0,1,1.48425
116,0,5,2.68049
116,1,2,3.55871
116,1,6,1.82008
116,2,3,1.66646
116,2,7,5.4121
116,3,4,5.33789
116,3,8,3.91896
116,4,9,4.82874
116,5,6,1.86554
116,5,10,2.60365
116,6,7,4.84163
116,6,11,3.65658
116,7,8,2.39899
116,7,12,2.1873
116,8,9,3.52761
116,8,13,3.29063
116,9,14,3.36169
116,10,11,5.14424
116,10,15,5.16399
116,11,12,3.41728
116,11,16,3.45096
116,12,13,3.03745
116,12,17,4.61163
116,13,14,4.90891
116,13,18,2.99812
116,14,19,2.78772
116,15,16,1.62423
116,15,20,3.41366
116,16,17,4.34796
116,16,21,3.91537
116,17,18,3.55989
116,17,22,3.70164
116,18,19,2.59083
116,18,23,2.77896
116,19,24,5.87792
116,20,21,2.48992
116,21,22,2.12486
116,22,23,3.85832
116,23,24,2.62175
117,0,1,3.78879
117,0,5,2.56018
117,1,2,3.10771
117,1,6,1.87012
117,2,3,4.91125
117,2,7,2.61089
117,3,4,3.93713
117,3,8,2.71786
117,4,9,4.70994
117,5,6,2.46453
117,5,10,2.29319
117,6,7,3.43336
117,6,11,2.81155
117,7,8,5.74003
117,7,12,5.88436
117,8,9,2.53909
117,8,13,3.05293
117,9,14,5.06966
117,10,11,3.31544
117,10,15,2.96606
117,11,12,3.64325
117,11,16,4.4797
117,12,13,4.74615
117,12,17,4.5748
117,13,14,4.36834
117,13,18,4.08836
117,14,19,2.59184
117,15,16,2.76748
117,15,20,4.59833
117,16,17,4.26078
117,16,21,4.52526
117,17,18,2.76096
117,17,22,2.13776
117,18,19,2.5213
117,18,23,1.99074
117,19,24,3.23731
117,20,21,5.35706
117,21,22,4.23216
117,22,23,3.83739
117,23,24,2.00706
118,0,1,3.64152
118,0,5,3.01412
118,1,2,2.04478
118,1,6,2.79587
118,2,3,5.30077
118,2,7,4.07701
118,3,4,5.32392
118,3,8,2.80549
118,4,9,3.24579
118,5,6,3.00674
118,5,10,4.79876
118,6,7,2.28058
118,6,11,3.87753
118,7,8,3.04475
118,7,12,3.08328
118,8,9,4.05169
118,8,13,3.10664
118,9,14,3.07965
118,10,11,3.28728
118,10,15,3.73724
118,11,12,4.90054
118,11,16,2.53138
118,12,13,1.63896
118,12,17,3.34982
118,13,14,3.8308
118,13,18,2.87699
118,14,19,4.34534
118,15,16,2.78764
118,15,20,4.1261
118,16,17,3.55729
118,16,21,3.00384
118,17,18,6.10041
118,17,22,1.66782
118,18,19,3.02207
118,18,23,2.01247
118,19,24,3.65194
118,20,21,4.63925
118,21,22,5.30947
118,22,23,2.70442
118,23,24,3.75086
119,0,1,4.06365
119,0,5,4.79743
119,1,2,2.63706
119,1,6,2.85208
119,2,3,4.90254
119,2,7,3.52417
119,3,4,2.59099
119,3,8,6.04915
119,4,9,5.24798
119,5,6,3.97458
119,5,10,5.5557
119,6,7,6.00858
119,6,11,3.39411
119,7,8,6.25021
119,7,12,4.3034
119,8,9,6.63701
119,8,13,5.43859
119,9,14,4.87884
119,10,11,3.22338
119,10,15,5.03083
119,11,12,2.32887
119,11,16,3.20051
119,12,13,2.5933
119,12,17,3.52981
119,13,14,4.8268
119,13,18,4.3638
119,14,19,6.32125
119,15,16,2.32337
119,15,20,3.5062
119,16,17,3.75506
119,16,21,2.07449
119,17,18,6.49297
119,17,22,2.6741
119,18,19,2.92172
119,18,23,5.60813
119,19,24,5.80598
119,20,21,3.98376
119,21,22,3.64859
119,22,23,2.26563
119,23,24,4.87782
120,0,1,4.16257
120,0,5,5.41911
120,1,2,2.69244
120,1,6,6.734
120,2,3,1.56069
120,2,7,3.59123
120,3,4,4.38251
120,3,8,3.3461
120,4,9,4.89484
120,5,6,1.71925
120,5,10,7.08623
120,6,7,3.40959
120,6,11,3.80421
120,7,8,5.98043
120,7,12,2.25305
120,8,9,2.51279
120,8,13,1.98014
120,9,14,2.44355
120,10,11,5.61432
120,10,15,6.71787
120,11,12,2.8257
120,11,16,3.69806
120,12,13,4.29561
120,12,17,2.47623
120,13,14,3.32418
120,13,18,5.89006
120,14,19,2.87706
120,15,16,4.3113
120,15,20,5.40811
120,16,17,3.30077
120,16,21,1.63576
120,17,18,3.45451
120,17,22,4.05352
120,18,19,1.43472
120,18,23,2.02947
120,19,24,6.39092
120,20,21,4.86714
120,21,22,2.11283
120,22,23,5.3611
120,23,24,3.75008
121,0,1,5.51742
121,0,5,4.35964
121,1,2,4.26142
121,1,6,5.69312
121,2,3,2.64185
121,2,7,4.30631
121,3,4,3.11067
121,3,8,3.16629
121,4,9,2.73852
121,5,6,4.91389
121,5,10,3.50655
121,6,7,4.08573
121,6,11,4.45105
121,7,8,3.73917
121,7,12,2.36504
121,8,9,4.77715
121,8,13,5.0366
121,9,14,4.58972
121,10,11,3.50113
121,10,15,5.9488
121,11,12,3.70363
121,11,16,2.93504
121,12,13,6.75565
121,12,17,6.20245
121,13,14,4.19254
121,13,18,5.19119
121,14,19,3.85204
121,15,16,4.93188
121,15,20,6.85042
121,16,17,6.27054
121,16,21,4.57722
121,17,18,5.11665
121,17,22,3.65538
121,18,19,6.17417
121,18,23,5.53069
121,19,24,4.86896
121,20,21,2.44898
121,21,22,2.71414
121,22,23,4.81897
121,23,24,3.07682
122,0,1,2.40415
122,0,5,3.51645
122,1,2,2.37433
122,1,6,1.43695
122,2,3,4.17116
122,2,7,1.98498
122,3,4,2.67286
122,3,8,2.50378
122,4,9,3.70897
122,5,6,2.22895
122,5,10,2.21167
122,6,7,5.00948
122,6,11,2.08586
122,7,8,6.10955
122,7,12,4.86619
122,8,9,2.78124
122,8,13,3.28238
122,9,14,3.6819
122,10,11,3.65751
122,10,15,3.97136
122,11,12,2.42926
122,11,16,2.5409
122,12,13,4.34033
122,12,17,2.71641
122,13,14,2.82702
122,13,18,4.58716
122,14,19,2.39949
122,15,16,3.80768
122,15,20,2.11159
122,16,17,4.02994
122,16,21,3.87704
122,17,18,3.60987
122,17,22,2.70089
122,18,19,4.76891
122,18,23,3.78763
122,19,24,2.92675
122,20,21,2.79262
122,21,22,6.8928
122,22,23,2.83553
122,23,24,2.87991
123,0,1,4.21583
123,0,5,4.20634
123,1,2,2.65184
123,1,6,4.98595
123,2,3,3.38189
123,2,7,4.07323
123,3,4,5.79032
123,3,8,1.73187
123,4,9,5.47589
123,5,6,2.13809
123,5,10,2.05168
123,6,7,4.95524
123,6,11,4.16336
123,7,8,5.13992
123,7,12,2.61645
123,8,9,4.00016
123,8,13,5.60838
123,9,14,2.72467
123,10,11,5.51549
123,10,15,3.52995
123,11,12,5.25265
123,11,16,2.57129
123,12,13,2.97446
123,12,17,4.35207
123,13,14,4.19559
123,13,18,5.66783
123,14,19,3.00183
123,15,16,4.8233
123,15,20,3.45596
123,16,17,6.36097
123,16,21,2.72453
123,17,18,2.93451
123,17,22,6.19779
123,18,19,5.97578
123,18,23,4.69547
123,19,24,6.15731
123,20,21,3.65121
123,21,22,3.43159
123,22,23,5.21835
123,23,24,3.08042
124,0,1,2.17184
124,0,5,1.60378
124,1,2,4.25088
124,1,6,3.43734
124,2,3,1.88515
124,2,7,3.49515
124,3,4,4.23235
124,3,8,4.03965
124,4,9,3.40398
124,5,6,4.2809
124,5,10,2.7704
124,6,7,2.41082
124,6,11,5.05839
124,7,8,4.15758
124,7,12,4.22707
124,8,9,2.79213
124,8,13,1.98498
124,9,14,2.83421
124,10,11,3.69374
124,10,15,2.41456
124,11,12,3.62664
124,11,16,4.73692
124,12,13,2.39306
124,12,17,2.30363
124,13,14,3.17701
124,13,18,1.94087
124,14,19,4.55867
124,15,16,0.96156
124,15,20,2.8078
124,16,17,2.39353
124,16,21,2.34531
124,17,18,6.75258
124,17,22,3.11118
124,18,19,3.88823
124,18,23,2.12725
124,19,24,1.79962
124,20,21,5.39982
124,21,22,1.49737
124,22,23,3.99759
124,23,24,4.92817
125,0,1,3.67418
125,0,5,5.0172
125,1,2,4.71566
125,1,6,7.58778
125,2,3,5.17138
125,2,7,3.67686
125,3,4,1.99822
125,3,8,2.77359
125,4,9,2.62968
125,5,6,6.33454
125,5,10,7.34462
125,6,7,4.36062
125,6,11,8.09141
125,7,8,4.5501
125,7,12,2.92257
125,8,9,6.77852
125,8,13,6.04654
125,9,14,5.86353
125,10,11,3.29785
125,10,15,7.45586
125,11,12,5.09288
125,11,16,6.65012
125,12,13,2.77082
125,12,17,4.0197
125,13,14,5.56498
125,13,18,5.49976
125,14,19,4.81087
125,15,16,5.05295
125,15,20,8.08279
125,16,17,6.33983
125,16,21,4.6273
125,17,18,3.81558
125,17,22,4.17696
125,18,19,2.69867
125,18,23,8.68159
125,19,24,6.49014
125,20,21,3.953
125,21,22,5.47423
125,22,23,6.88897
125,23,24,6.05895
126,0,1,4.06315
126,0,5,4.91626
126,1,2,3.89359
126,1,6,1.82658
126,2,3,4.19768
126,2,7,3.72952
126,3,4,5.75135
126,3,8,3.1941
126,4,9,4.87577
126,5,6,1.98084
126,5,10,2.18239
126,6,7,5.08204
126,6,11,2.84078
126,7,8,4.96058
126,7,12,4.86465
126,8,9,2.43218
126,8,13,2.98576
126,9,14,5.16972
126,10,11,1.95998
126,10,15,5.30103
126,11,12,5.05201
126,11,16,4.80875
126,12,13,2.35383
126,12,17,3.39972
126,13,14,5.12164
126,13,18,2.56671
126,14,19,4.11628
126,15,16,4.1574
126,15,20,4.56034
126,16,17,2.84776
126,16,21,4.03666
126,17,18,4.44459
126,17,22,4.04451
126,18,19,2.37912
126,18,23,2.02522
126,19,24,4.83149
126,20,21,4.51415
126,21,22,2.77627
126,22,23,5.1381
126,23,24,1.92677
127,0,1,1.15064
127,0,5,3.99869
127,1,2,2.20995
127,1,6,1.13945
127,2,3,4.81176
127,2,7,4.05488
127,3,4,4.71965
127,3,8,2.88961
127,4,9,3.57247
127,5,6,2.91775
127,5,10,2.19455
127,6,7,4.32103
127,6,11,2.64677
127,7,8,1.65782
127,7,12,3.48243
127,8,9,1.70961
127,8,13,1.99701
127,9,14,1.84845
127,10,11,2.81077
127,10,15,4.53281
127,11,12,4.72191
127,11,16,2.99704
127,12,13,2.59
127,12,17,4.63183
127,13,14,4.23376
127,13,18,2.79056
127,14,19,3.47713
127,15,16,1.86567
127,15,20,3.67246
127,16,17,3.84097
127,16,21,5.2478
127,17,18,2.21683
127,17,22,2.91777
127,18,19,2.20302
127,18,23,1.91884
127,19,24,3.08514
127,20,21,2.92124
127,21,22,4.92904
127,22,23,3.76863
127,23,24,1.08374
128,0,1,4.45333
128,0,5,5.26873
128,1,2,5.21431
128,1,6,3.6744
128,2,3,5.40119
128,2,7,5.64698
128,3,4,4.70093
128,3,8,3.91428
128,4,9,4.28509
128,5,6,3.79695
128,5,10,3.63979
128,6,7,4.82957
128,6,11,4.47823
128,7,8,2.83056
128,7,12,4.73116
128,8,9,2.08654
128,8,13,3.00364
128,9,14,4.84546
128,10,11,5.18285
128,10,15,3.32953
128,11,12,4.03978
128,11,16,3.32517
128,12,13,2.64964
128,12,17,2.46367
128,13,14,2.85978
128,13,18,4.34955
128,14,19,4.31258
128,15,16,2.48058
128,15,20,2.76083
128,16,17,3.50777
128,16,21,2.11604
128,17,18,5.10595
128,17,22,4.17812
128,18,19,2.04727
128,18,23,4.44776
128,19,24,6.88095
128,20,21,3.45626
128,21,22,5.38408
128,22,23,5.90894
128,23,24,4.16833
129,0,1,2.49225
129,0,5,3.33475
129,1,2,1.32172
129,1,6,3.37611
129,2,3,4.01419
129,2,7,5.06413
129,3,4,4.10721
129,3,8,3.936
129,4,9,5.39322
129,5,6,3.1921
129,5,10,3.84242
129,6,7,3.44052
129,6,11,3.3377
129,7,8,3.05966
129,7,12,1.47996
129,8,9,0.82646
129,8,13,2.71021
129,9,14,3.14062
129,10,11,1.96425
129,10,15,1.47396
129,11,12,1.29614
129,11,16,1.85533
129,12,13,2.87509
129,12,17,1.45093
129,13,14,3.54229
129,13,18,4.25237
129,14,19,4.0546
129,15,16,3.3519
129,15,20,2.23751
129,16,17,2.89561
129,16,21,1.68241
129,17,18,2.60095
129,17,22,2.53838
129,18,19,2.29873
129,18,23,1.53172
129,19,24,1.6525
129,20,21,2.93447
129,21,22,2.52733
129,22,23,3.30972
129,23,24,1.42413
130,0,1,6.89956
130,0,5,3.89398
130,1,2,5.60652
130,1,6,2.85435
130,2,3,6.56231
130,2,7,2.43255
130,3,4,4.96458
130,3,8,4.35568
130,4,9,2.70791
130,5,6,3.75473
130,5,10,4.59026
130,6,7,3.46464
130,6,11,5.04228
130,7,8,3.79657
130,7,12,2.40131
130,8,9,2.69864
130,8,13,3.09241
130,9,14,3.98387
130,10,11,4.57659
130,10,15,3.89934
130,11,12,3.52362
130,11,16,3.97318
130,12,13,6.82111
130,12,17,3.85649
130,13,14,3.76179
130,13,18,6.09003
130,14,19,4.80262
130,15,16,4.2909
130,15,20,2.17931
130,16,17,6.86645
130,16,21,5.15646
130,17,18,1.87704
130,17,22,4.81387
130,18,19,6.83602
130,18,23,4.05924
130,19,24,5.92664
130,20,21,3.84807
130,21,22,3.67534
130,22,23,4.11433
130,23,24,2.30006
131,0,1,4.00873
131,0,5,2.53706
131,1,2,6.3195
131,1,6,7.87599
131,2,3,4.72939
131,2,7,5.29812
131,3,4,2.50343
131,3,8,4.73146
131,4,9,5.31162
131,5,6,3.68506
131,5,10,3.46805
131,6,7,5.6704
131,6,11,4.61751
131,7,8,7.69738
131,7,12,6.27376
131,8,9,4.29672
131,8,13,2.93662
131,9,14,2.96563
131,10,11,5.05131
131,10,15,2.82465
131,11,12,6.57451
131,11,16,7.07398
131,12,13,2.79309
131,12,17,3.83379
131,13,14,6.65286
131,13,18,7.39723
131,14,19,5.11731
131,15,16,5.93731
131,15,20,4.79315
131,16,17,6.12554
131,16,21,3.58287
131,17,18,4.35812
131,17,22,5.05688
131,18,19,4.36593
131,18,23,2.97305
131,19,24,6.23566
131,20,21,4.00651
131,21,22,3.49649
131,22,23,4.23903
131,23,24,3.5556
132,0,1,4.33644
132,0,5,4.87757
132,1,2,2.27912
132,1,6,3.09421
132,2,3,2.13215
132,2,7,2.97555
132,3,4,1.79156
132,3,8,4.16635
132,4,9,5.76954
132,5,6,5.31429
132,5,10,5.55454
132,6,7,2.61521
132,6,11,2.19933
132,7,8,4.32456
132,7,12,5.29325
132,8,9,3.0821
132,8,13,3.62745
132,9,14,5.55529
132,10,11,4.83329
132,10,15,2.88078
132,11,12,2.48596
132,11,16,2.57003
132,12,13,4.25303
132,12,17,3.09912
132,13,14,4.06226
132,13,18,4.40566
132,14,19,3.36935
132,15,16,4.75267
132,15,20,4.50279
132,16,17,4.4239
132,16,21,3.80499
132,17,18,3.4504
132,17,22,3.09302
132,18,19,5.55455
132,18,23,5.33482
132,19,24,4.1223
132,20,21,4.04716
132,21,22,4.7319
132,22,23,3.84709
132,23,24,4.72617
133,0,1,3.61192
133,0,5,4.32234
133,1,2,2.81989
133,1,6,4.47228
133,2,3,4.88481
133,2,7,3.22526
133,3,4,3.94381
133,3,8,5.21422
133,4,9,4.40932
133,5,6,2.49719
133,5,10,2.17177
133,6,7,1.84762
133,6,11,2.35244
133,7,8,2.40165
133,7,12,2.93995
133,8,9,3.50236
133,8,13,5.04846
133,9,14,2.56471
133,10,11,3.73948
133,10,15,2.85495
133,11,12,2.69713
133,11,16,4.82181
133,12,13,4.97346
133,12,17,5.59008
133,13,14,3.98828
133,13,18,3.32462
133,14,19,4.32006
133,15,16,2.94272
133,15,20,6.26346
133,16,17,1.91428
133,16,21,3.14903
133,17,18,4.02471
133,17,22,2.41553
133,18,19,3.66686
133,18,23,5.05636
133,19,24,3.93977
133,20,21,3.99205
133,21,22,5.06571
133,22,23,2.29549
133,23,24,3.82884
134,0,1,3.07734
134,0,5,3.38591
134,1,2,2.54286
134,1,6,2.21768
134,2,3,2.90857
134,2,7,4.4999
134,3,4,2.41007
134,3,8,2.90658
134,4,9,2.27636
134,5,6,2.48455
134,5,10,2.42768
134,6,7,4.29664
134,6,11,5.89937
134,7,8,3.08317
134,7,12,3.14075
134,8,9,4.55797
134,8,13,3.62523
134,9,14,5.57994
134,10,11,5.56225
134,10,15,3.30065
134,11,12,3.45813
134,11,16,5.04308
134,12,13,2.26592
134,12,17,4.22655
134,13,14,5.13228
134,13,18,2.3448
134,14,19,3.25896
134,15,16,3.32608
134,15,20,4.22881
134,16,17,4.57553
134,16,21,5.39618
134,17,18,4.7562
134,17,22,2.70637
134,18,19,2.41291
134,18,23,4.61349
134,19,24,6.22284
134,20,21,4.9612
134,21,22,4.20645
134,22,23,6.0607
134,23,24,4.49848
135,0,1,6.29753
135,0,5,3.21577
135,1,2,4.4058
135,1,6,5.30117
135,2,3,6.4926
135,2,7,3.83084
135,3,4,5.23027
135,3,8,4.93916
135,4,9,2.01297
135,5,6,5.95077
135,5,10,3.49746
135,6,7,4.14178
135,6,11,5.85998
135,7,8,4.49077
135,7,12,5.77709
135,8,9,3.52789
135,8,13,6.37819
135,9,14,5.86901
135,10,11,3.86929
135,10,15,5.11148
135,11,12,4.32255
135,11,16,4.98863
135,12,13,6.60502
135,12,17,3.91054
135,13,14,2.25105
135,13,18,5.87569
135,14,19,2.33495
135,15,16,3.11344
135,15,20,4.48159
135,16,17,4.62546
135,16,21,2.52595
135,17,18,2.17146
135,17,22,5.8128
135,18,19,5.71546
135,18,23,5.97105
135,19,24,4.40903
135,20,21,5.75749
135,21,22,2.63785
135,22,23,5.90352
135,23,24,6.06994
136,0,1,4.71256
136,0,5,5.40111
136,1,2,3.33516
136,1,6,1.92446
136,2,3,4.77049
136,2,7,3.15934
136,3,4,4.48685
136,3,8,3.21076
136,4,9,2.39497
136,5,6,2.82721
136,5,10,2.93563
136,6,7,5.21395
136,6,11,4.39445
136,7,8,3.77905
136,7,12,3.64191
136,8,9,2.20684
136,8,13,6.33508
136,9,14,5.07362
136,10,11,2.4585
136,10,15,4.49215
136,11,12,3.57022
136,11,16,5.28265
136,12,13,2.3934
136,12,17,4.79097
136,13,14,3.08971
136,13,18,4.43681
136,14,19,2.57567
136,15,16,3.6636
136,15,20,2.62016
136,16,17,5.83843
136,16,21,6.30242
136,17,18,2.27536
136,17,22,3.43272
136,18,19,4.99592
136,18,23,2.78737
136,19,24,4.22527
136,20,21,2.30516
136,21,22,3.26139
136,22,23,5.18763
136,23,24,4.46819
137,0,1,4.22281
137,0,5,5.10334
137,1,2,2.85735
137,1,6,6.18082
137,2,3,1.56273
137,2,7,3.473
137,3,4,2.60901
137,3,8,5.94733
137,4,9,2.28856
137,5,6,2.97513
137,5,10,4.19908
137,6,7,4.37458
137,6,11,3.7321
137,7,8,3.62864
137,7,12,3.04406
137,8,9,5.04067
137,8,13,2.91627
137,9,14,3.03397
137,10,11,3.36546
137,10,15,5.13749
137,11,12,2.67214
137,11,16,2.36415
137,12,13,2.73501
137,12,17,2.98809
137,13,14,4.81508
137,13,18,4.66753
137,14,19,3.25293
137,15,16,1.90356
137,15,20,5.07156
137,16,17,1.78235
137,16,21,2.77884
137,17,18,3.92775
137,17,22,4.51603
137,18,19,2.07602
137,18,23,4.69836
137,19,24,4.63219
137,20,21,2.96251
137,21,22,2.07012
137,22,23,3.12806
137,23,24,2.11244
138,0,1,3.61611
138,0,5,3.30244
138,1,2,3.23404
138,1,6,6.11957
138,2,3,5.43818
138,2,7,3.95728
138,3,4,1.83588
138,3,8,4.45561
138,4,9,3.83446
138,5,6,5.66763
138,5,10,4.32634
138,6,7,1.95601
138,6,11,3.92935
138,7,8,4.40537
138,7,12,6.24967
138,8,9,5.64607
138,8,13,2.13944
138,9,14,4.10241
138,10,11,2.73326
138,10,15,3.53895
138,11,12,4.14409
138,11,16,6.07783
138,12,13,4.6616
138,12,17,6.69642
138,13,14,4.51727
138,13,18,2.10088
138,14,19,3.02612
138,15,16,2.11515
138,15,20,4.35978
138,16,17,2.28949
138,16,21,4.50742
138,17,18,5.12236
138,17,22,3.99918
138,18,19,4.95393
138,18,23,3.54622
138,19,24,5.0
138,20,21,2.41334
138,21,22,2.43533
138,22,23,5.89482
138,23,24,2.89035
139,0,1,3.82397
139,0,5,1.45213
139,1,2,3.39113
139,1,6,3.30337
139,2,3,2.82147
139,2,7,5.8823
139,3,4,3.6469
139,3,8,4.71182
139,4,9,3.92469
139,5,6,6.21955
139,5,10,4.37182
139,6,7,2.01046
139,6,11,5.3334
139,7,8,4.22201
139,7,12,3.30068
139,8,9,4.28164
139,8,13,3.71251
139,9,14,5.8123
139,10,11,4.13635
139,10,15,5.0841
139,11,12,3.48862
139,11,16,3.26296
139,12,13,1.63226
139,12,17,4.62537
139,13,14,5.33331
139,13,18,2.0973
139,14,19,5.32241
139,15,16,3.33948
139,15,20,4.74129
139,16,17,2.54757
139,16,21,3.40848
139,17,18,6.15075
139,17,22,3.75523
139,18,19,2.0317
139,18,23,6.38651
139,19,24,3.68169
139,20,21,5.10645
139,21,22,3.39915
139,22,23,5.43264
139,23,24,3.94676
140,0,1,3.85164
140,0,5,4.22145
140,1,2,3.19109
140,1,6,6.23022
140,2,3,3.86808
140,2,7,3.90361
140,3,4,4.34781
140,3,8,8.07275
140,4,9,2.55668
140,5,6,6.49079
140,5,10,4.29301
140,6,7,5.30986
140,6,11,6.36785
140,7,8,7.69938
140,7,12,6.30599
140,8,9,6.51341
140,8,13,1.68642
140,9,14,2.45792
140,10,11,2.17739
140,10,15,4.63632
140,11,12,2.40142
140,11,16,3.45815
140,12,13,1.62099
140,12,17,6.60933
140,13,14,3.1547
140,13,18,2.55458
140,14,19,5.91415
140,15,16,3.04038
140,15,20,5.71767
140,16,17,2.32656
140,16,21,4.09891
140,17,18,3.88582
140,17,22,2.58319
140,18,19,5.41001
140,18,23,3.16974
140,19,24,4.63791
140,20,21,4.87848
140,21,22,2.38634
140,22,23,1.83437
140,23,24,6.80662
141,0,1,5.01223
141,0,5,5.53426
141,1,2,2.50823
141,1,6,3.42606
141,2,3,4.58554
141,2,7,5.84543
141,3,4,4.61113
141,3,8,5.28683
141,4,9,2.90984
141,5,6,2.61623
141,5,10,2.86243
141,6,7,6.35664
141,6,11,6.11488
141,7,8,5.46085
141,7,12,5.26893
141,8,9,5.32918
141,8,13,4.69729
141,9,14,4.79741
141,10,11,4.24242
141,10,15,3.89751
141,11,12,5.91431
141,11,16,3.79558
141,12,13,4.38074
141,12,17,3.21066
141,13,14,3.87317
141,13,18,2.39198
141,14,19,6.39144
141,15,16,4.40306
141,15,20,4.44266
141,16,17,4.78526
141,16,21,5.05828
141,17,18,4.76442
141,17,22,5.88713
141,18,19,4.1178
141,18,23,4.97763
141,19,24,5.7781
141,20,21,4.75775
141,21,22,4.53624
141,22,23,3.29404
141,23,24,3.96959
142,0,1,2.95684
142,0,5,3.62412
142,1,2,3.36205
142,1,6,4.13776
142,2,3,1.95463
142,2,7,3.22698
142,3,4,3.82539
142,3,8,3.32802
142,4,9,4.74915
142,5,6,5.69817
142,5,10,4.42717
142,6,7,5.07059
142,6,11,2.68091
142,7,8,4.0442
142,7,12,4.76293
142,8,9,4.80692
142,8,13,2.04425
142,9,14,5.13946
142,10,11,3.52116
142,10,15,4.40827
142,11,12,4.12817
142,11,16,3.25661
142,12,13,4.86771
142,12,17,5.73175
142,13,14,5.05393
142,13,18,2.41048
142,14,19,2.61658
142,15,16,3.56292
142,15,20,6.24389
142,16,17,2.49173
142,16,21,2.19657
142,17,18,5.24196
142,17,22,2.38193
142,18,19,2.894
142,18,23,4.75147
142,19,24,2.30176
142,20,21,3.60982
142,21,22,4.23012
142,22,23,5.06236
142,23,24,5.92783
143,0,1,5.29926
143,0,5,2.83508
143,1,2,5.94325
143,1,6,3.91724
143,2,3,4.03659
143,2,7,3.65918
143,3,4,6.11041
143,3,8,3.21417
143,4,9,3.80269
143,5,6,3.01228
143,5,10,1.57965
143,6,7,4.6747
143,6,11,1.62493
143,7,8,2.52444
143,7,12,4.44038
143,8,9,2.67013
143,8,13,4.0295
143,9,14,5.32653
143,10,11,1.96374
143,10,15,3.21913
143,11,12,4.24572
143,11,16,3.14287
143,12,13,3.42415
143,12,17,2.60215
143,13,14,3.67435
143,13,18,2.99872
143,14,19,2.31798
143,15,16,4.95047
143,15,20,2.13199
143,16,17,4.99246
143,16,21,4.37322
143,17,18,2.75667
143,17,22,5.54593
143,18,19,3.5761
143,18,23,2.27453
143,19,24,4.63074
143,20,21,2.49189
143,21,22,2.89393
143,22,23,4.59616
143,23,24,1.88295
144,0,1,4.33968
144,0,5,2.60748
144,1,2,2.51738
144,1,6,2.33277
144,2,3,2.06016
144,2,7,6.13328
144,3,4,2.35878
144,3,8,2.57115
144,4,9,4.78925
144,5,6,3.50685
144,5,10,1.93827
144,6,7,6.21115
144,6,11,2.75258
144,7,8,1.86114
144,7,12,2.1222
144,8,9,3.10376
144,8,13,6.31307
144,9,14,2.19061
144,10,11,4.98423
144,10,15,4.19169
144,11,12,2.2264
144,11,16,5.5169
144,12,13,3.3147
144,12,17,5.04925
144,13,14,2.58234
144,13,18,4.37777
144,14,19,3.36152
144,15,16,5.73318
144,15,20,4.91038
144,16,17,6.37349
144,16,21,3.10487
144,17,18,2.89228
144,17,22,2.17097
144,18,19,2.13778
144,18,23,4.57041
144,19,24,3.19838
144,20,21,3.52435
144,21,22,4.93157
144,22,23,5.1263
144,23,24,2.06106
145,0,1,2.23284
145,0,5,4.51938
145,1,2,3.30216
145,1,6,2.74561
145,2,3,2.54703
145,2,7,2.56428
145,3,4,3.32732
145,3,8,3.05971
145,4,9,4.78735
145,5,6,4.45606
145,5,10,5.17841
145,6,7,3.96948
145,6,11,4.13019
145,7,8,1.92887
145,7,12,1.93947
145,8,9,3.24916
145,8,13,2.88001
145,9,14,5.36838
145,10,11,2.02429
145,10,15,2.52975
145,11,12,1.85705
145,11,16,2.48119
145,12,13,2.30743
145,12,17,2.54
145,13,14,4.62573
145,13,18,2.79862
145,14,19,5.34959
145,15,16,4.08669
145,15,20,2.61963
145,16,17,2.38445
145,16,21,2.83616
145,17,18,4.22764
145,17,22,4.3231
145,18,19,2.96788
145,18,23,3.92557
145,19,24,2.38199
145,20,21,3.04078
145,21,22,2.38144
145,22,23,5.21869
145,23,24,2.84981
146,0,1,2.45166
146,0,5,4.00548
146,1,2,5.20046
146,1,6,3.60545
146,2,3,3.4794
146,2,7,3.78114
146,3,4,2.15263
146,3,8,6.48149
146,4,9,2.94447
146,5,6,4.35214
146,5,10,2.63489
146,6,7,2.77802
146,6,11,7.05377
146,7,8,4.77871
146,7,12,2.50776
146,8,9,4.71184
146,8,13,5.29564
146,9,14,3.68303
146,10,11,5.40966
146,10,15,2.41804
146,11,12,3.77267
146,11,16,6.25148
146,12,13,3.41378
146,12,17,4.14029
146,13,14,4.67417
146,13,18,5.91422
146,14,19,3.1811
146,15,16,3.31282
146,15,20,4.96187
146,16,17,6.11238
146,16,21,3.46664
146,17,18,3.5053
146,17,22,4.17169
146,18,19,2.81547
146,18,23,4.16338
146,19,24,5.51056
146,20,21,6.93648
146,21,22,2.42193
146,22,23,3.73177
146,23,24,5.91155
147,0,1,3.77228
147,0,5,2.90251
147,1,2,2.11905
147,1,6,3.56091
147,2,3,4.72997
147,2,7,3.48659
147,3,4,3.99819
147,3,8,5.016
147,4,9,3.34823
147,5,6,4.13915
147,5,10,7.40845
147,6,7,7.10654
147,6,11,5.40183
147,7,8,4.95299
147,7,12,4.49013
147,8,9,4.68039
147,8,13,3.40285
147,9,14,4.3119
147,10,11,2.85108
147,10,15,4.25624
147,11,12,2.66908
147,11,16,5.31207
147,12,13,4.46262
147,12,17,4.40006
147,13,14,4.84615
147,13,18,4.22614
147,14,19,4.36107
147,15,16,4.50339
147,15,20,4.5479
147,16,17,6.87608
147,16,21,2.75265
147,17,18,4.88237
147,17,22,5.19968
147,18,19,2.07541
147,18,23,7.13147
147,19,24,4.60742
147,20,21,3.79498
147,21,22,4.1902
147,22,23,5.29325
147,23,24,4.63701
148,0,1,3.09346
148,0,5,7.65533
148,1,2,7.14052
148,1,6,4.28487
148,2,3,4.6712
148,2,7,2.34061
148,3,4,3.1199
148,3,8,5.45571
148,4,9,4.17685
148,5,6,4.03628
148,5,10,3.316
148,6,7,5.80656
148,6,11,2.679
148,7,8,6.0612
148,7,12,2.70047
148,8,9,3.10009
148,8,13,7.01401
148,9,14,6.10633
148,10,11,4.47212
148,10,15,2.27767
148,11,12,7.22242
148,11,16,3.35372
148,12,13,6.64272
148,12,17,4.15746
148,13,14,4.01368
148,13,18,2.71021
148,14,19,3.49274
148,15,16,3.26626
148,15,20,1.98621
148,16,17,4.95127
148,16,21,7.83262
148,17,18,4.75212
148,17,22,2.41665
148,18,19,4.29141
148,18,23,3.7556
148,19,24,3.46283
148,20,21,4.97491
148,21,22,3.55553
148,22,23,4.02152
148,23,24,3.29065
149,0,1,2.60171
149,0,5,5.40686
149,1,2,4.64206
149,1,6,6.49797
149,2,3,2.49834
149,2,7,4.23339
149,3,4,4.61349
149,3,8,4.1437
149,4,9,5.16461
149,5,6,3.43936
149,5,10,6.37836
149,6,7,6.34145
149,6,11,5.80733
149,7,8,3.28437
149,7,12,3.79212
149,8,9,5.71455
149,8,13,4.67418
149,9,14,4.67739
149,10,11,2.96275
149,10,15,6.5135
149,11,12,5.06536
149,11,16,6.77293
149,12,13,4.13118
149,12,17,5.22019
149,13,14,6.61222
149,13,18,7.02705
149,14,19,4.18575
149,15,16,6.83356
149,15,20,2.82517
149,16,17,7.56154
149,16,21,5.74863
149,17,18,2.37007
149,17,22,2.74696
149,18,19,2.64688
149,18,23,2.63965
149,19,24,3.57796
149,20,21,2.86811
149,21,22,4.95471
149,22,23,5.06234
149,23,24,2.90859
150,0,1,2.60431
150,0,5,2.55962
150,1,2,2.31257
150,1,6,1.98659
150,2,3,2.22923
150,2,7,4.54911
150,3,4,4.10847
150,3,8,2.61138
150,4,9,3.24615
150,5,6,4.65674
150,5,10,5.42152
150,6,7,4.27625
150,6,11,2.37507
150,7,8,4.43462
150,7,12,4.23137
150,8,9,2.87642
150,8,13,4.02451
150,9,14,2.46743
150,10,11,4.25073
150,10,15,4.50438
150,11,12,2.59229
150,11,16,3.18628
150,12,13,5.91093
150,12,17,2.26013
150,13,14,1.6989
150,13,18,4.04107
150,14,19,4.15766
150,15,16,4.04602
150,15,20,4.27279
150,16,17,5.70235
150,16,21,6.19998
150,17,18,2.17191
150,17,22,4.54488
150,18,19,4.14849
150,18,23,1.94392
150,19,24,4.63601
150,20,21,2.70295
150,21,22,2.42189
150,22,23,3.42734
150,23,24,2.09403
151,0,1,3.21729
151,0,5,5.35677
151,1,2,5.70336
151,1,6,5.75865
151,2,3,5.97193
151,2,7,5.32383
151,3,4,2.94858
151,3,8,6.04684
151,4,9,2.37612
151,5,6,2.60401
151,5,10,2.33404
151,6,7,2.41095
151,6,11,4.56703
151,7,8,2.98789
151,7,12,4.58072
151,8,9,4.22665
151,8,13,3.60513
151,9,14,5.32584
151,10,11,4.42702
151,10,15,5.73849
151,11,12,3.53818
151,11,16,2.40108
151,12,13,2.99011
151,12,17,3.39325
151,13,14,2.78098
151,13,18,3.19815
151,14,19,3.91592
151,15,16,5.07815
151,15,20,4.62739
151,16,17,3.4589
151,16,21,4.49273
151,17,18,4.83814
151,17,22,4.62286
151,18,19,5.03135
151,18,23,2.7438
151,19,24,3.83284
151,20,21,4.80742
151,21,22,3.95736
151,22,23,5.29197
151,23,24,4.66694
152,0,1,3.42271
152,0,5,2.56569
152,1,2,3.20958
152,1,6,3.89742
152,2,3,3.68202
152,2,7,1.77819
152,3,4,2.85269
152,3,8,4.06248
152,4,9,4.36678
152,5,6,5.61361
152,5,10,3.57479
152,6,7,3.55918
152,6,11,3.32056
152,7,8,4.73328
152,7,12,5.66995
152,8,9,5.59038
152,8,13,3.81686
152,9,14,4.85708
152,10,11,4.90004
152,10,15,3.94049
152,11,12,4.93541
152,11,16,2.12508
152,12,13,4.63435
152,12,17,2.72299
152,13,14,4.08588
152,13,18,4.30737
152,14,19,4.69256
152,15,16,4.60321
152,15,20,2.78858
152,16,17,3.12288
152,16,21,5.2874
152,17,18,2.46903
152,17,22,5.21766
152,18,19,3.79744
152,18,23,4.90551
152,19,24,4.29494
152,20,21,6.4948
152,21,22,2.4898
152,22,23,5.10034
152,23,24,4.7651
153,0,1,3.50124
153,0,5,2.87585
153,1,2,2.75815
153,1,6,2.99322
153,2,3,1.55894
153,2,7,2.77635
153,3,4,2.48896
153,3,8,1.77442
153,4,9,1.80656
153,5,6,3.10378
153,5,10,3.00332
153,6,7,3.36189
153,6,11,2.045
153,7,8,2.74562
153,7,12,1.92231
153,8,9,1.42118
153,8,13,3.63834
153,9,14,3.97067
153,10,11,5.94891
153,10,15,5.5173
153,11,12,4.15747
153,11,16,2.96022
153,12,13,3.83073
153,12,17,2.76317
153,13,14,3.6297
153,13,18,2.49666
153,14,19,2.91892
153,15,16,3.23062
153,15,20,3.91071
153,16,17,4.31429
153,16,21,2.61207
153,17,18,4.83487
153,17,22,1.63198
153,18,19,3.01477
153,18,23,2.03938
153,19,24,2.89736
153,20,21,3.31856
153,21,22,3.63184
153,22,23,4.21139
153,23,24,3.24736
154,0,1,6.68544
154,0,5,3.43123
154,1,2,3.35279
154,1,6,3.2632
154,2,3,4.08701
154,2,7,5.54628
154,3,4,4.90107
154,3,8,2.84886
154,4,9,4.73765
154,5,6,3.45952
154,5,10,2.66267
154,6,7,5.97476
154,6,11,2.65249
154,7,8,3.05779
154,7,12,3.07684
154,8,9,4.37507
154,8,13,5.36937
154,9,14,4.47477
154,10,11,2.98424
154,10,15,3.62182
154,11,12,3.76946
154,11,16,3.03251
154,12,13,5.51579
154,12,17,3.17142
154,13,14,4.84783
154,13,18,6.213
154,14,19,4.84274
154,15,16,5.83224
154,15,20,3.54692
154,16,17,2.37441
154,16,21,4.64696
154,17,18,4.18624
154,17,22,4.93302
154,18,19,4.95683
154,18,23,2.60362
154,19,24,4.91723
154,20,21,3.86563
154,21,22,5.53152
154,22,23,2.29864
154,23,24,2.56942
155,0,1,3.89643
155,0,5,4.06985
155,1,2,4.3823
155,1,6,6.78376
155,2,3,4.49202
155,2,7,3.60011
155,3,4,2.64853
155,3,8,3.66694
155,4,9,4.81186
155,5,6,4.88604
155,5,10,3.07382
155,6,7,3.84917
155,6,11,4.53348
155,7,8,5.43596
155,7,12,4.76523
155,8,9,3.12749
155,8,13,4.68549
155,9,14,3.8244
155,10,11,4.04014
155,10,15,5.45028
155,11,12,3.04118
155,11,16,5.04261
155,12,13,2.12986
155,12,17,2.88963
155,13,14,3.12604
155,13,18,2.38884
155,14,19,4.46161
155,15,16,3.16675
155,15,20,5.72653
155,16,17,5.18666
155,16,21,1.73994
155,17,18,6.59321
155,17,22,2.30052
155,18,19,2.41148
155,18,23,4.73541
155,19,24,2.99289
155,20,21,5.14156
155,21,22,3.76375
155,22,23,3.26992
155,23,24,4.78071
156,0,1,4.27024
156,0,5,5.18885
156,1,2,6.3159
156,1,6,6.47269
156,2,3,3.36335
156,2,7,5.83716
156,3,4,6.18698
156,3,8,5.80272
156,4,9,4.94218
156,5,6,5.55726
156,5,10,6.96974
156,6,7,4.34091
156,6,11,4.7271
156,7,8,4.9924
156,7,12,6.55332
156,8,9,4.5126
156,8,13,3.21626
156,9,14,2.73153
156,10,11,3.83801
156,10,15,6.35811
156,11,12,6.40502
156,11,16,4.83896
156,12,13,3.56787
156,12,17,3.94472
156,13,14,7.11326
156,13,18,6.34495
156,14,19,4.03678
156,15,16,5.129
156,15,20,5.57541
156,16,17,5.68302
156,16,21,3.39529
156,17,18,4.66715
156,17,22,5.347
156,18,19,6.2764
156,18,23,6.7294
156,19,24,5.35641
156,20,21,3.04585
156,21,22,5.54287
156,22,23,3.69186
156,23,24,4.69537
157,0,1,2.56755
157,0,5,4.76279
157,1,2,2.26583
157,1,6,1.38974
157,2,3,4.60763
157,2,7,1.72696
157,3,4,5.11237
157,3,8,1.98629
157,4,9,4.16238
157,5,6,3.65251
157,5,10,1.93581
157,6,7,3.49782
157,6,11,3.22244
157,7,8,4.02708
157,7,12,5.58385
157,8,9,2.10655
157,8,13,2.9179
157,9,14,3.26892
157,10,11,2.01554
157,10,15,2.68875
157,11,12,4.91013
157,11,16,2.21163
157,12,13,2.00047
157,12,17,4.51589
157,13,14,4.18396
157,13,18,1.86156
157,14,19,2.28134
157,15,16,4.59579
157,15,20,2.63699
157,16,17,4.25188
157,16,21,4.36116
157,17,18,2.14276
157,17,22,2.11889
157,18,19,3.67718
157,18,23,3.13465
157,19,24,2.3641
157,20,21,1.6618
157,21,22,5.91389
157,22,23,1.8726
157,23,24,2.33337
158,0,1,4.87297
158,0,5,4.71413
158,1,2,3.96687
158,1,6,4.67227
158,2,3,2.40545
158,2,7,3.56123
158,3,4,2.23364
158,3,8,2.60581
158,4,9,4.2991
158,5,6,2.56054
158,5,10,3.07713
158,6,7,1.88869
158,6,11,2.51393
158,7,8,1.97046
158,7,12,4.05198
158,8,9,1.92715
158,8,13,2.38167
158,9,14,2.23562
158,10,11,2.43995
158,10,15,4.19254
158,11,12,2.65165
158,11,16,3.40093
158,12,13,3.12986
158,12,17,2.459
158,13,14,2.90088
158,13,18,3.58277
158,14,19,3.07922
158,15,16,4.27741
158,15,20,2.12559
158,16,17,4.28242
158,16,21,2.89475
158,17,18,3.98977
158,17,22,5.14349
158,18,19,4.53983
158,18,23,3.49561
158,19,24,3.40735
158,20,21,4.33747
158,21,22,5.49222
158,22,23,1.99066
158,23,24,2.49052
159,0,1,3.65711
159,0,5,5.20583
159,1,2,4.13804
159,1,6,3.69932
159,2,3,3.11214
159,2,7,4.671
159,3,4,5.16994
159,3,8,6.9006
159,4,9,2.44146
159,5,6,3.21519
159,5,10,3.7648
159,6,7,1.66657
159,6,11,3.97062
159,7,8,6.06882
159,7,12,4.20147
159,8,9,4.68842
159,8,13,3.42806
159,9,14,4.63605
159,10,11,5.19166
159,10,15,3.63502
159,11,12,5.13533
159,11,16,5.79993
159,12,13,1.40518
159,12,17,3.70161
159,13,14,5.41632
159,13,18,2.877
159,14,19,3.60284
159,15,16,1.74344
159,15,20,2.43781
159,16,17,3.38589
159,16,21,3.27561
159,17,18,7.02886
159,17,22,3.48228
159,18,19,4.6578
159,18,23,4.42935
159,19,24,3.72483
159,20,21,4.64613
159,21,22,1.9582
159,22,23,4.52686
159,23,24,2.79742
160,0,1,4.8541
160,0,5,4.79697
160,1,2,2.5352
160,1,6,4.67654
160,2,3,4.10629
160,2,7,2.93679
160,3,4,4.80789
160,3,8,5.20255
160,4,9,5.73948
160,5,6,3.03747
160,5,10,6.29002
160,6,7,4.89652
160,6,11,6.02476
160,7,8,5.93862
160,7,12,2.01451
160,8,9,2.12879
160,8,13,4.34335
160,9,14,5.37724
160,10,11,5.04378
160,10,15,5.54107
160,11,12,2.43907
160,11,16,5.16502
160,12,13,2.23544
160,12,17,3.81096
160,13,14,5.37128
160,13,18,3.39829
160,14,19,5.47371
160,15,16,2.32225
160,15,20,5.50677
160,16,17,5.0733
160,16,21,3.29887
160,17,18,3.84676
160,17,22,5.31255
160,18,19,4.69288
160,18,23,5.16933
160,19,24,1.96379
160,20,21,4.75126
160,21,22,3.77777
160,22,23,5.68126
160,23,24,5.57084
161,0,1,3.05642
161,0,5,3.42659
161,1,2,2.99463
161,1,6,4.57383
161,2,3,3.12692
161,2,7,4.9057
161,3,4,3.04624
161,3,8,4.73465
161,4,9,3.23082
161,5,6,4.71543
161,5,10,1.78777
161,6,7,4.27797
161,6,11,4.41404
161,7,8,2.87363
161,7,12,4.9668
161,8,9,3.29426
161,8,13,2.11491
161,9,14,2.61512
161,10,11,5.69527
161,10,15,2.9344
161,11,12,2.65372
161,11,16,6.04289
161,12,13,2.99325
161,12,17,2.81595
161,13,14,6.4865
161,13,18,3.58812
161,14,19,3.28358
161,15,16,4.05042
161,15,20,6.36787
161,16,17,3.59968
161,16,21,4.15225
161,17,18,4.45517
161,17,22,3.69372
161,18,19,1.88334
161,18,23,2.03848
161,19,24,4.53202
161,20,21,4.57197
161,21,22,5.14148
161,22,23,2.66737
161,23,24,1.80808
162,0,1,5.62821
162,0,5,5.93198
162,1,2,4.914
162,1,6,5.52873
162,2,3,1.65756
162,2,7,4.28043
162,3,4,3.79253
162,3,8,4.72822
162,4,9,4.5206
162,5,6,3.91027
162,5,10,2.60569
162,6,7,4.70603
162,6,11,7.56891
162,7,8,5.05959
162,7,12,2.75791
162,8,9,5.69654
162,8,13,3.32827
162,9,14,4.78756
162,10,11,3.62233
162,10,15,2.63664
162,11,12,4.4679
162,11,16,5.35739
162,12,13,3.06623
162,12,17,3.88231
162,13,14,4.07777
162,13,18,4.04922
162,14,19,4.90088
162,15,16,3.07106
162,15,20,3.40847
162,16,17,2.14979
162,16,21,2.47919
162,17,18,3.58368
162,17,22,2.65668
162,18,19,4.33898
162,18,23,2.61122
162,19,24,2.41509
162,20,21,3.80183
162,21,22,4.38662
162,22,23,4.60373
162,23,24,6.30015
163,0,1,2.95763
163,0,5,4.27663
163,1,2,4.35834
163,1,6,2.25406
163,2,3,2.33077
163,2,7,4.42745
163,3,4,4.69166
163,3,8,3.04449
163,4,9,2.76261
163,5,6,2.56676
163,5,10,1.97978
163,6,7,1.90533
163,6,11,4.18558
163,7,8,3.06951
163,7,12,2.42666
163,8,9,3.71321
163,8,13,3.5507
163,9,14,1.86852
163,10,11,4.66658
163,10,15,3.84604
163,11,12,4.17297
163,11,16,2.77601
163,12,13,2.73918
163,12,17,4.72403
163,13,14,1.87394
163,13,18,2.31442
163,14,19,3.55457
163,15,16,2.76084
163,15,20,2.90745
163,16,17,4.73312
163,16,21,5.26417
163,17,18,4.27423
163,17,22,3.66341
163,18,19,2.18918
163,18,23,1.66756
163,19,24,3.94871
163,20,21,1.69839
163,21,22,4.62605
163,22,23,3.50742
163,23,24,2.34133
164,0,1,2.26838
164,0,5,5.06553
164,1,2,2.64839
164,1,6,2.77567
164,2,3,1.56765
164,2,7,5.22252
164,3,4,3.06953
164,3,8,4.97951
164,4,9,2.65644
164,5,6,4.18049
164,5,10,4.25545
164,6,7,2.06857
164,6,11,4.21373
164,7,8,3.81792
164,7,12,3.0662
164,8,9,2.11267
164,8,13,1.62287
164,9,14,3.73031
164,10,11,4.46792
164,10,15,4.0043
164,11,12,2.69571
164,11,16,2.07191
164,12,13,3.02814
164,12,17,2.47806
164,13,14,4.02959
164,13,18,3.22658
164,14,19,2.27896
164,15,16,3.20195
164,15,20,4.32
164,16,17,4.21568
164,16,21,1.76542
164,17,18,3.24941
164,17,22,2.60985
164,18,19,2.15498
164,18,23,1.28663
164,19,24,3.1696
164,20,21,4.85232
164,21,22,3.06823
164,22,23,4.23327
164,23,24,3.13424
165,0,1,4.10341
165,0,5,2.44563
165,1,2,6.41797
165,1,6,5.50716
165,2,3,4.86467
165,2,7,4.61327
165,3,4,4.46732
165,3,8,3.04838
165,4,9,4.55754
165,5,6,5.14807
165,5,10,6.51431
165,6,7,3.93777
165,6,11,6.39454
165,7,8,2.58132
165,7,12,4.83799
165,8,9,5.94286
165,8,13,2.38703
165,9,14,6.55807
165,10,11,2.49761
165,10,15,4.67568
165,11,12,2.56471
165,11,16,3.45171
165,12,13,4.41357
165,12,17,2.14851
165,13,14,5.88432
165,13,18,6.15268
165,14,19,3.31963
165,15,16,5.48301
165,15,20,6.86659
165,16,17,5.70951
165,16,21,2.78774
165,17,18,4.664
165,17,22,3.60128
165,18,19,2.31891
165,18,23,6.88407
165,19,24,5.95117
165,20,21,2.94748
165,21,22,5.57236
165,22,23,2.91469
165,23,24,3.92912
166,0,1,2.9527
166,0,5,2.43235
166,1,2,4.53952
166,1,6,3.17143
166,2,3,5.13222
166,2,7,5.2716
166,3,4,5.16494
166,3,8,2.67049
166,4,9,3.77531
166,5,6,5.03149
166,5,10,4.91859
166,6,7,4.00906
166,6,11,3.69179
166,7,8,4.28448
166,7,12,2.4531
166,8,9,6.49616
166,8,13,4.59616
166,9,14,3.25246
166,10,11,2.72885
166,10,15,2.36585
166,11,12,5.02486
166,11,16,5.25072
166,12,13,2.41784
166,12,17,3.13814
166,13,14,2.9803
166,13,18,5.98565
166,14,19,3.16878
166,15,16,4.199
166,15,20,5.75244
166,16,17,4.36451
166,16,21,3.35266
166,17,18,5.32333
166,17,22,7.75696
166,18,19,6.49689
166,18,23,7.34259
166,19,24,4.10845
166,20,21,5.46941
166,21,22,4.95512
166,22,23,2.94812
166,23,24,3.2215
167,0,1,6.4083
167,0,5,4.73091
167,1,2,4.84557
167,1,6,7.48434
167,2,3,2.25425
167,2,7,4.08247
167,3,4,3.98334
167,3,8,4.05264
167,4,9,5.78591
167,5,6,5.87151
167,5,10,4.04378
167,6,7,3.04944
167,6,11,3.46312
167,7,8,4.01026
167,7,12,2.97215
167,8,9,5.31979
167,8,13,3.75802
167,9,14,4.80015
167,10,11,3.72823
167,10,15,5.70941
167,11,12,3.64816
167,11,16,5.03718
167,12,13,5.77671
167,12,17,3.93218
167,13,14,4.12347
167,13,18,3.53105
167,14,19,2.67474
167,15,16,5.53159
167,15,20,4.0529
167,16,17,2.58364
167,16,21,4.87833
167,17,18,2.55426
167,17,22,3.45149
167,18,19,4.85768
167,18,23,5.34776
167,19,24,2.15853
167,20,21,3.71536
167,21,22,4.67356
167,22,23,5.61954
167,23,24,6.51112
168,0,1,3.11814
168,0,5,3.59443
168,1,2,2.81464
168,1,6,2.257
168,2,3,5.2721
168,2,7,4.91414
168,3,4,2.78098
168,3,8,3.64417
168,4,9,4.62785
168,5,6,3.55132
168,5,10,3.82944
168,6,7,3.70315
168,6,11,3.71016
168,7,8,2.73983
168,7,12,2.57647
168,8,9,2.39969
168,8,13,4.68133
168,9,14,4.43356
168,10,11,5.40187
168,10,15,4.23599
168,11,12,4.27881
168,11,16,2.6841
168,12,13,3.17509
168,12,17,3.49186
168,13,14,2.94665
168,13,18,2.31629
168,14,19,3.13113
168,15,16,4.38316
168,15,20,3.13676
168,16,17,5.7407
168,16,21,4.46193
168,17,18,1.88422
168,17,22,4.60467
168,18,19,3.88747
168,18,23,1.44201
168,19,24,5.62365
168,20,21,4.04232
168,21,22,2.16657
168,22,23,5.33001
168,23,24,3.51626
169,0,1,2.38517
169,0,5,3.51784
169,1,2,2.25437
169,1,6,3.05585
169,2,3,2.01266
169,2,7,4.73503
169,3,4,3.94183
169,3,8,3.68299
169,4,9,1.93118
169,5,6,2.9288
169,5,10,6.26878
169,6,7,5.82165
169,6,11,6.19287
169,7,8,3.94088
169,7,12,3.88535
169,8,9,3.14854
169,8,13,2.80178
169,9,14,2.41161
169,10,11,5.54019
169,10,15,3.25005
169,11,12,4.19372
169,11,16,6.12895
169,12,13,4.72643
169,12,17,2.81631
169,13,14,6.50453
169,13,18,2.26448
169,14,19,2.91182
169,15,16,2.87446
169,15,20,5.7593
169,16,17,3.2589
169,16,21,4.08259
169,17,18,4.994
169,17,22,3.76325
169,18,19,1.65718
169,18,23,5.24486
169,19,24,4.50949
169,20,21,4.03648
169,21,22,4.18523
169,22,23,4.42495
169,23,24,5.05593
170,0,1,2.21398
170,0,5,1.95992
170,1,2,2.68336
170,1,6,3.45901
170,2,3,2.577
170,2,7,4.05852
170,3,4,3.99755
170,3,8,5.34171
170,4,9,2.88381
170,5,6,2.98992
170,5,10,3.27118
170,6,7,2.49951
170,6,11,3.9594
170,7,8,3.95155
170,7,12,2.20365
170,8,9,3.52085
170,8,13,1.92883
170,9,14,5.00819
170,10,11,3.94565
170,10,15,4.80718
170,11,12,1.62715
170,11,16,2.66651
170,12,13,2.38359
170,12,17,1.62028
170,13,14,4.45455
170,13,18,4.50909
170,14,19,4.52378
170,15,16,4.04164
170,15,20,5.16192
170,16,17,2.94123
170,16,21,2.55688
170,17,18,2.01457
170,17,22,3.35509
170,18,19,3.70183
170,18,23,1.62524
170,19,24,4.54291
170,20,21,2.94767
170,21,22,1.85326
170,22,23,4.22621
170,23,24,2.92759
171,0,1,4.82669
171,0,5,4.69846
171,1,2,3.66281
171,1,6,4.72787
171,2,3,4.73393
171,2,7,4.3421
171,3,4,2.20727
171,3,8,2.38417
171,4,9,3.56849
171,5,6,2.02535
171,5,10,3.1582
171,6,7,4.98728
171,6,11,5.48987
171,7,8,5.21503
171,7,12,4.0928
171,8,9,2.32868
171,8,13,2.04485
171,9,14,4.94344
171,10,11,6.07349
171,10,15,6.19665
171,11,12,1.99851
171,11,16,4.7095
171,12,13,2.04059
171,12,17,4.32998
171,13,14,5.55451
171,13,18,2.15253
171,14,19,3.00414
171,15,16,4.50943
171,15,20,5.85058
171,16,17,4.04453
171,16,21,4.33733
171,17,18,2.67244
171,17,22,4.8921
171,18,19,2.4906
171,18,23,3.59218
171,19,24,4.12935
171,20,21,3.76013
171,21,22,2.95726
171,22,23,2.85107
171,23,24,2.23996
172,0,1,5.64393
172,0,5,6.47482
172,1,2,2.52541
172,1,6,6.91188
172,2,3,2.56633
172,2,7,4.87126
172,3,4,4.70494
172,3,8,3.27914
172,4,9,4.11845
172,5,6,4.98881
172,5,10,3.58186
172,6,7,6.34283
172,6,11,6.17267
172,7,8,7.09178
172,7,12,5.93402
172,8,9,2.74397
172,8,13,5.11666
172,9,14,3.19304
172,10,11,2.09652
172,10,15,3.79546
172,11,12,7.31831
172,11,16,5.63551
172,12,13,5.33224
172,12,17,7.82304
172,13,14,4.5705
172,13,18,6.23847
172,14,19,6.80584
172,15,16,4.55514
172,15,20,7.50065
172,16,17,3.44834
172,16,21,3.98037
172,17,18,3.69463
172,17,22,3.42004
172,18,19,6.12273
172,18,23,4.0051
172,19,24,7.24657
172,20,21,4.82446
172,21,22,6.90249
172,22,23,5.31805
172,23,24,4.38673
173,0,1,5.70403
173,0,5,5.30402
173,1,2,5.8647
173,1,6,3.29422
173,2,3,7.30247
173,2,7,5.48919
173,3,4,3.32421
173,3,8,2.43382
173,4,9,3.47504
173,5,6,5.45425
173,5,10,4.69757
173,6,7,6.08912
173,6,11,5.34428
173,7,8,2.6812
173,7,12,3.57151
173,8,9,2.86892
173,8,13,5.44518
173,9,14,5.05434
173,10,11,2.80849
173,10,15,5.6345
173,11,12,6.30718
173,11,16,5.37175
173,12,13,5.36682
173,12,17,6.66279
173,13,14,2.91413
173,13,18,4.51708
173,14,19,2.08447
173,15,16,3.29093
173,15,20,5.42203
173,16,17,5.71556
173,16,21,7.57212
173,17,18,2.32337
173,17,22,3.31656
173,18,19,4.31158
173,18,23,4.44142
173,19,24,2.84261
173,20,21,3.1
173,21,22,8.07248
173,22,23,5.03253
173,23,24,6.62818
174,0,1,3.39922
174,0,5,2.41618
174,1,2,3.27674
174,1,6,2.90206
174,2,3,3.69189
174,2,7,4.63952
174,3,4,4.10249
174,3,8,2.96156
174,4,9,4.65683
174,5,6,5.65246
174,5,10,3.03954
174,6,7,2.64311
174,6,11,3.12503
174,7,8,5.0181
174,7,12,2.57501
174,8,9,1.91504
174,8,13,3.5489
174,9,14,4.33208
174,10,11,5.41126
174,10,15,5.06357
174,11,12,3.26177
174,11,16,5.48112
174,12,13,4.84176
174,12,17,5.97423
174,13,14,1.94729
174,13,18,4.35805
174,14,19,3.44287
174,15,16,6.43571
174,15,20,3.47699
174,16,17,4.56091
174,16,21,4.10849
174,17,18,4.52731
174,17,22,5.07455
174,18,19,3.57802
174,18,23,2.79124
174,19,24,5.43511
174,20,21,2.71226
174,21,22,2.45377
174,22,23,1.94409
174,23,24,1.73167
175,0,1,1.37076
175,0,5,3.82526
175,1,2,2.34087
175,1,6,2.61003
175,2,3,3.46259
175,2,7,1.7271
175,3,4,2.50158
175,3,8,3.55911
175,4,9,3.84374
175,5,6,4.69102
175,5,10,1.97107
175,6,7,2.02878
175,6,11,1.01748
175,7,8,2.333
175,7,12,2.20062
175,8,9,0.84735
175,8,13,1.91174
175,9,14,2.56396
175,10,11,4.19271
175,10,15,1.84916
175,11,12,2.96331
175,11,16,3.15388
175,12,13,2.83584
175,12,17,1.84852
175,13,14,2.88408
175,13,18,2.22623
175,14,19,2.19855
175,15,16,1.47762
175,15,20,3.27094
175,16,17,3.45559
175,16,21,2.9636
175,17,18,3.34755
175,17,22,1.33455
175,18,19,2.72345
175,18,23,1.60911
175,19,24,3.8485
175,20,21,2.23043
175,21,22,3.3633
175,22,23,1.9661
175,23,24,1.85618
176,0,1,2.42986
176,0,5,3.79283
176,1,2,2.06866
176,1,6,2.43519
176,2,3,3.69753
176,2,7,1.8293
176,3,4,2.12348
176,3,8,4.51123
176,4,9,5.40132
176,5,6,2.88021
176,5,10,2.78738
176,6,7,4.00846
176,6,11,4.92376
176,7,8,5.25917
176,7,12,4.06106
176,8,9,2.00018
176,8,13,4.27895
176,9,14,2.37988
176,10,11,2.05032
176,10,15,4.22481
176,11,12,2.72092
176,11,16,4.76501
176,12,13,4.66776
176,12,17,5.91946
176,13,14,2.31201
176,13,18,5.31011
176,14,19,4.41901
176,15,16,3.85046
176,15,20,2.94003
176,16,17,2.97598
176,16,21,2.68467
176,17,18,3.60185
176,17,22,5.08175
176,18,19,5.2036
176,18,23,4.55607
176,19,24,3.1325
176,20,21,5.46678
176,21,22,2.71992
176,22,23,3.15281
176,23,24,1.88528
177,0,1,4.63077
177,0,5,3.84083
177,1,2,1.96744
177,1,6,4.63862
177,2,3,2.03805
177,2,7,5.89583
177,3,4,2.88609
177,3,8,3.98127
177,4,9,3.32203
177,5,6,2.84697
177,5,10,3.24387
177,6,7,2.04426
177,6,11,5.85478
177,7,8,2.62061
177,7,12,4.24652
177,8,9,5.97971
177,8,13,5.22756
177,9,14,4.21093
177,10,11,6.57733
177,10,15,3.61358
177,11,12,4.73187
177,11,16,3.62429
177,12,13,5.56004
177,12,17,5.38451
177,13,14,3.27337
177,13,18,3.7784
177,14,19,3.02351
177,15,16,3.61028
177,15,20,5.47872
177,16,17,5.24321
177,16,21,2.74207
177,17,18,3.30947
177,17,22,3.33383
177,18,19,5.27561
177,18,23,4.83903
177,19,24,4.10324
177,20,21,4.71256
177,21,22,5.34484
177,22,23,4.15128
177,23,24,2.97173
178,0,1,6.40545
178,0,5,6.75578
178,1,2,5.52546
178,1,6,3.28014
178,2,3,4.52728
178,2,7,2.28239
178,3,4,4.68184
178,3,8,3.80639
178,4,9,3.68639
178,5,6,2.50968
178,5,10,2.44096
178,6,7,5.90667
178,6,11,4.35856
178,7,8,4.80421
178,7,12,3.57871
178,8,9,4.06845
178,8,13,3.6749
178,9,14,4.94198
178,10,11,4.44696
178,10,15,2.91533
178,11,12,5.77993
178,11,16,3.75677
178,12,13,3.39339
178,12,17,7.22195
178,13,14,5.94488
178,13,18,6.87541
178,14,19,4.15071
178,15,16,2.36861
178,15,20,3.68078
178,16,17,3.90241
178,16,21,4.06841
178,17,18,6.69697
178,17,22,4.27309
178,18,19,6.90029
178,18,23,2.45444
178,19,24,5.28475
178,20,21,4.77725
178,21,22,6.73621
178,22,23,5.10994
178,23,24,3.42694
179,0,1,5.35038
179,0,5,4.65956
179,1,2,2.75338
179,1,6,2.84015
179,2,3,2.52958
179,2,7,3.89416
179,3,4,4.61643
179,3,8,3.86118
179,4,9,2.67765
179,5,6,3.4107
179,5,10,2.36607
179,6,7,2.64266
179,6,11,2.02717
179,7,8,3.3661
179,7,12,3.42263
179,8,9,4.09939
179,8,13,1.81669
179,9,14,1.58799
179,10,11,2.49499
179,10,15,3.42005
179,11,12,1.33696
179,11,16,1.84023
179,12,13,4.18149
179,12,17,3.5776
179,13,14,3.59865
179,13,18,3.01379
179,14,19,2.58158
179,15,16,2.66373
179,15,20,2.72548
179,16,17,4.2308
179,16,21,3.68352
179,17,18,4.84432
179,17,22,2.6813
179,18,19,3.61565
179,18,23,4.8461
179,19,24,2.09096
179,20,21,4.25298
179,21,22,4.80406
179,22,23,3.5175
179,23,24,3.22544
180,0,1,1.56645
180,0,5,2.6229
180,1,2,1.40744
180,1,6,2.18149
180,2,3,3.04477
180,2,7,4.83373
180,3,4,2.38222
180,3,8,2.95228
180,4,9,1.59455
180,5,6,2.14702
180,5,10,3.79016
180,6,7,3.85367
180,6,11,3.95361
180,7,8,1.79216
180,7,12,2.8689
180,8,9,2.79424
180,8,13,3.1938
180,9,14,5.96923
180,10,11,5.43266
180,10,15,5.08083
180,11,12,2.49662
180,11,16,4.18002
180,12,13,2.32841
180,12,17,3.61879
180,13,14,3.85567
180,13,18,3.1199
180,14,19,2.86104
180,15,16,2.59226
180,15,20,4.39803
180,16,17,2.41105
180,16,21,3.76214
180,17,18,2.75396
180,17,22,2.4475
180,18,19,2.43407
180,18,23,2.79927
180,19,24,4.11001
180,20,21,4.46514
180,21,22,3.37246
180,22,23,2.98635
180,23,24,3.93678
181,0,1,6.27664
181,0,5,6.27844
181,1,2,2.82428
181,1,6,4.90382
181,2,3,4.42865
181,2,7,4.7084
181,3,4,6.64679
181,3,8,4.09964
181,4,9,3.9105
181,5,6,5.97812
181,5,10,5.95314
181,6,7,6.35886
181,6,11,5.54941
181,7,8,3.28224
181,7,12,3.53026
181,8,9,4.70509
181,8,13,2.86509
181,9,14,2.0705
181,10,11,3.25922
181,10,15,6.2702
181,11,12,4.37093
181,11,16,6.52274
181,12,13,5.03862
181,12,17,5.68188
181,13,14,5.34478
181,13,18,6.03401
181,14,19,4.45574
181,15,16,6.04957
181,15,20,2.66872
181,16,17,6.58702
181,16,21,5.59309
181,17,18,5.7679
181,17,22,6.0281
181,18,19,6.14614
181,18,23,5.06437
181,19,24,3.3517
181,20,21,2.88003
181,21,22,5.52032
181,22,23,4.29365
181,23,24,3.93093
182,0,1,2.12912
182,0,5,4.73848
182,1,2,6.02972
182,1,6,3.20488
182,2,3,4.3817
182,2,7,2.01532
182,3,4,4.63368
182,3,8,2.15858
182,4,9,2.44537
182,5,6,5.22927
182,5,10,4.47901
182,6,7,2.35261
182,6,11,3.24802
182,7,8,5.08641
182,7,12,4.48791
182,8,9,2.58526
182,8,13,4.74641
182,9,14,3.63848
182,10,11,4.57014
182,10,15,1.62418
182,11,12,5.95875
182,11,16,1.57176
182,12,13,2.40567
182,12,17,5.35249
182,13,14,1.91391
182,13,18,2.47615
182,14,19,4.50193
182,15,16,2.45264
182,15,20,4.01997
182,16,17,3.73409
182,16,21,6.59152
182,17,18,2.10736
182,17,22,4.45944
182,18,19,5.50744
182,18,23,4.14302
182,19,24,4.74073
182,20,21,4.44208
182,21,22,6.40104
182,22,23,3.27303
182,23,24,3.8705
183,0,1,2.21867
183,0,5,4.47687
183,1,2,5.04813
183,1,6,3.58554
183,2,3,5.26464
183,2,7,3.47163
183,3,4,2.52876
183,3,8,2.44027
183,4,9,4.11975
183,5,6,2.89019
183,5,10,3.82619
183,6,7,4.65216
183,6,11,2.33449
183,7,8,3.7258
183,7,12,4.20755
183,8,9,4.85176
183,8,13,5.95505
183,9,14,3.36258
183,10,11,3.50194
183,10,15,4.8903
183,11,12,2.17847
183,11,16,3.03621
183,12,13,3.83427
183,12,17,4.73643
183,13,14,1.98634
183,13,18,2.75584
183,14,19,3.27112
183,15,16,3.0366
183,15,20,2.57715
183,16,17,4.80677
183,16,21,5.65606
183,17,18,1.76827
183,17,22,5.27892
183,18,19,4.66126
183,18,23,4.82208
183,19,24,4.53091
183,20,21,1.81279
183,21,22,4.39531
183,22,23,5.38855
183,23,24,3.84277
184,0,1,2.43057
184,0,5,6.9799
184,1,2,6.09334
184,1,6,4.27507
184,2,3,6.17318
184,2,7,2.89337
184,3,4,5.55267
184,3,8,2.07222
184,4,9,4.04356
184,5,6,7.42808
184,5,10,4.04913
184,6,7,2.51173
184,6,11,2.62288
184,7,8,3.60586
184,7,12,4.97987
184,8,9,5.42346
184,8,13,5.84587
184,9,14,4.52943
184,10,11,4.19184
184,10,15,2.1735
184,11,12,6.46621
184,11,16,3.90602
184,12,13,6.31008
184,12,17,4.19561
184,13,14,4.93582
184,13,18,6.00377
184,14,19,2.88498
184,15,16,4.26433
184,15,20,3.57983
184,16,17,6.44346
184,16,21,7.81476
184,17,18,4.74193
184,17,22,6.11212
184,18,19,6.78307
184,18,23,4.76035
184,19,24,4.21643
184,20,21,3.06825
184,21,22,7.69871
184,22,23,2.15426
184,23,24,5.04938
185,0,1,4.58197
185,0,5,2.1214
185,1,2,2.9974
185,1,6,5.45028
185,2,3,2.18943
185,2,7,2.14869
185,3,4,4.97198
185,3,8,3.90342
185,4,9,2.02192
185,5,6,3.0602
185,5,10,5.08764
185,6,7,2.13009
185,6,11,2.55596
185,7,8,3.19732
185,7,12,2.18485
185,8,9,3.6352
185,8,13,2.39713
185,9,14,2.55407
185,10,11,2.59167
185,10,15,3.58177
185,11,12,5.59984
185,11,16,3.05432
185,12,13,3.02075
185,12,17,5.43901
185,13,14,4.24979
185,13,18,5.45423
185,14,19,4.24884
185,15,16,4.4869
185,15,20,3.78897
185,16,17,5.15951
185,16,21,4.78644
185,17,18,5.03947
185,17,22,4.11834
185,18,19,2.22297
185,18,23,2.51151
185,19,24,5.84735
185,20,21,5.64352
185,21,22,4.5119
185,22,23,4.78881
185,23,24,5.93804
186,0,1,2.70097
186,0,5,2.40716
186,1,2,1.97734
186,1,6,4.47338
186,2,3,4.40604
186,2,7,2.96156
186,3,4,2.85954
186,3,8,5.6734
186,4,9,5.84431
186,5,6,4.75676
186,5,10,4.91066
186,6,7,5.03246
186,6,11,3.25075
186,7,8,5.43153
186,7,12,2.46604
186,8,9,4.35637
186,8,13,4.67664
186,9,14,2.07994
186,10,11,3.71068
186,10,15,4.09517
186,11,12,5.24496
186,11,16,3.66847
186,12,13,2.84364
186,12,17,4.48989
186,13,14,3.0237
186,13,18,4.0684
186,14,19,4.26433
186,15,16,4.17835
186,15,20,4.25469
186,16,17,2.18289
186,16,21,1.9526
186,17,18,2.08842
186,17,22,2.21765
186,18,19,3.20289
186,18,23,3.60704
186,19,24,4.30103
186,20,21,4.68544
186,21,22,1.98282
186,22,23,2.57575
186,23,24,2.32081
187,0,1,4.45551
187,0,5,4.62024
187,1,2,3.20491
187,1,6,5.40923
187,2,3,5.86992
187,2,7,4.5072
187,3,4,2.47584
187,3,8,5.57134
187,4,9,2.11852
187,5,6,4.09026
187,5,10,3.72764
187,6,7,4.98457
187,6,11,3.34653
187,7,8,3.31717
187,7,12,5.99373
187,8,9,2.7466
187,8,13,2.79445
187,9,14,5.78295
187,10,11,2.5658
187,10,15,2.87228
187,11,12,3.20733
187,11,16,4.40781
187,12,13,2.70881
187,12,17,4.08292
187,13,14,6.0778
187,13,18,2.93161
187,14,19,2.81267
187,15,16,5.27796
187,15,20,4.38399
187,16,17,2.62469
187,16,21,3.5512
187,17,18,4.51001
187,17,22,3.66237
187,18,19,4.75675
187,18,23,3.62133
187,19,24,5.08441
187,20,21,2.93277
187,21,22,5.36838
187,22,23,2.6456
187,23,24,1.98419
188,0,1,4.59388
188,0,5,5.74185
188,1,2,1.90915
188,1,6,2.8953
188,2,3,2.56153
188,2,7,3.48842
188,3,4,3.81185
188,3,8,4.85027
188,4,9,3.04697
188,5,6,2.63212
188,5,10,4.8175
188,6,7,5.50231
188,6,11,2.63354
188,7,8,4.15997
188,7,12,4.39926
188,8,9,2.89975
188,8,13,5.69859
188,9,14,2.59543
188,10,11,5.55124
188,10,15,4.03676
188,11,12,4.29402
188,11,16,6.41699
188,12,13,4.92962
188,12,17,5.89701
188,13,14,2.54981
188,13,18,4.02941
188,14,19,5.165
188,15,16,2.91394
188,15,20,5.29573
188,16,17,4.84412
188,16,21,2.35395
188,17,18,2.59625
188,17,22,3.12056
188,18,19,4.22018
188,18,23,6.05823
188,19,24,2.60843
188,20,21,5.25061
188,21,22,5.21082
188,22,23,2.32207
188,23,24,3.43611
189,0,1,6.77364
189,0,5,3.39956
189,1,2,4.20525
189,1,6,2.41513
189,2,3,4.14993
189,2,7,3.01541
189,3,4,3.32935
189,3,8,4.65968
189,4,9,5.64045
189,5,6,4.16048
189,5,10,3.36159
189,6,7,5.73183
189,6,11,3.92918
189,7,8,2.37567
189,7,12,2.71652
189,8,9,3.53774
189,8,13,6.58448
189,9,14,5.68237
189,10,11,3.66838
189,10,15,2.75965
189,11,12,3.60663
189,11,16,2.71426
189,12,13,3.40602
189,12,17,6.83276
189,13,14,3.31471
189,13,18,5.08017
189,14,19,6.12873
189,15,16,7.05488
189,15,20,2.79401
189,16,17,6.1596
189,16,21,2.60225
189,17,18,5.91782
189,17,22,7.32698
189,18,19,5.23349
189,18,23,3.86218
189,19,24,5.26843
189,20,21,5.37109
189,21,22,5.72268
189,22,23,3.4622
189,23,24,5.07417
190,0,1,4.80452
190,0,5,2.18398
190,1,2,4.04856
190,1,6,2.66724
190,2,3,1.8012
190,2,7,3.90042
190,3,4,4.06921
190,3,8,2.9332
190,4,9,3.35207
190,5,6,3.4961
190,5,10,2.79234
190,6,7,3.32493
190,6,11,2.92375
190,7,8,2.74723
190,7,12,3.92738
190,8,9,2.37948
190,8,13,2.11064
190,9,14,4.98318
190,10,11,3.84823
190,10,15,3.6177
190,11,12,2.8977
190,11,16,3.04777
190,12,13,3.86264
190,12,17,4.75775
190,13,14,2.8142
190,13,18,3.98108
190,14,19,3.1715
190,15,16,4.44276
190,15,20,4.77804
190,16,17,4.36038
190,16,21,4.98763
190,17,18,5.29749
190,17,22,3.68531
190,18,19,3.29917
190,18,23,4.44892
190,19,24,3.08359
190,20,21,4.80674
190,21,22,3.90112
190,22,23,3.87585
190,23,24,2.40566
191,0,1,1.56711
191,0,5,2.56633
191,1,2,3.83139
191,1,6,4.5756
191,2,3,1.72333
191,2,7,3.96479
191,3,4,5.33613
191,3,8,4.91461
191,4,9,4.04305
191,5,6,4.10523
191,5,10,4.89606
191,6,7,3.2354
191,6,11,3.44933
191,7,8,4.09182
191,7,12,3.62778
191,8,9,3.76144
191,8,13,4.24688
191,9,14,3.84258
191,10,11,5.11445
191,10,15,2.37583
191,11,12,1.58696
191,11,16,3.93345
191,12,13,2.65247
191,12,17,3.38305
191,13,14,1.85739
191,13,18,5.62012
191,14,19,2.98875
191,15,16,3.38288
191,15,20,2.78709
191,16,17,1.99204
191,16,21,4.29743
191,17,18,3.58808
191,17,22,2.93323
191,18,19,2.47994
191,18,23,3.13689
191,19,24,5.49187
191,20,21,4.20541
191,21,22,4.33334
191,22,23,3.41487
191,23,24,1.78518
192,0,1,7.08782
192,0,5,5.21312
192,1,2,2.74606
192,1,6,2.72827
192,2,3,3.51081
192,2,7,5.41521
192,3,4,4.20532
192,3,8,6.38116
192,4,9,2.27855
192,5,6,3.88114
192,5,10,4.96912
192,6,7,5.39376
192,6,11,4.65026
192,7,8,4.68749
192,7,12,6.46922
192,8,9,7.79834
192,8,13,2.3369
192,9,14,4.90801
192,10,11,6.16599
192,10,15,2.50579
192,11,12,6.82764
192,11,16,4.3862
192,12,13,3.54705
192,12,17,6.64137
192,13,14,4.60367
192,13,18,4.61066
192,14,19,3.38291
192,15,16,2.69979
192,15,20,4.16275
192,16,17,2.71497
192,16,21,6.20634
192,17,18,6.6093
192,17,22,6.73469
192,18,19,3.1638
192,18,23,3.70507
192,19,24,1.97379
192,20,21,6.69681
192,21,22,4.74209
192,22,23,5.87531
192,23,24,5.20936
193,0,1,5.08069
193,0,5,6.32557
193,1,2,4.78242
193,1,6,3.6806
193,2,3,2.34058
193,2,7,2.18631
193,3,4,4.89833
193,3,8,2.5052
193,4,9,5.00407
193,5,6,2.46549
193,5,10,2.84475
193,6,7,5.03996
193,6,11,3.24022
193,7,8,2.71505
193,7,12,4.34823
193,8,9,2.97834
193,8,13,2.36028
193,9,14,3.35805
193,10,11,4.32867
193,10,15,2.43368
193,11,12,4.31366
193,11,16,2.71697
193,12,13,2.57675
193,12,17,2.70286
193,13,14,3.29073
193,13,18,3.46062
193,14,19,2.80991
193,15,16,4.19516
193,15,20,3.78077
193,16,17,3.96422
193,16,21,2.4458
193,17,18,4.03969
193,17,22,2.10062
193,18,19,3.28605
193,18,23,2.70904
193,19,24,2.22461
193,20,21,1.813
193,21,22,2.40686
193,22,23,3.21753
193,23,24,3.1029
194,0,1,4.20553
194,0,5,4.66035
194,1,2,1.809
194,1,6,3.18993
194,2,3,5.6483
194,2,7,2.48537
194,3,4,3.29356
194,3,8,2.3042
194,4,9,4.40994
194,5,6,3.81933
194,5,10,3.02505
194,6,7,3.00886
194,6,11,2.254
194,7,8,3.96639
194,7,12,4.98496
194,8,9,3.92657
194,8,13,3.04266
194,9,14,4.69595
194,10,11,2.65388
194,10,15,3.38059
194,11,12,3.18446
194,11,16,3.71495
194,12,13,3.04638
194,12,17,3.05476
194,13,14,4.88496
194,13,18,2.06875
194,14,19,3.69766
194,15,16,5.06955
194,15,20,2.45721
194,16,17,3.40732
194,16,21,4.33365
194,17,18,4.35932
194,17,22,4.42739
194,18,19,4.77344
194,18,23,3.3167
194,19,24,3.36846
194,20,21,5.33815
194,21,22,4.4759
194,22,23,2.38471
194,23,24,3.9903
195,0,1,3.9055
195,0,5,5.22502
195,1,2,4.35265
195,1,6,2.52827
195,2,3,4.67636
195,2,7,3.47377
195,3,4,3.99591
195,3,8,2.63751
195,4,9,4.20661
195,5,6,2.91973
195,5,10,3.67814
195,6,7,2.50728
195,6,11,2.35948
195,7,8,3.92125
195,7,12,4.28921
195,8,9,1.53438
195,8,13,4.90476
195,9,14,1.95712
195,10,11,5.47769
195,10,15,2.25529
195,11,12,1.90201
195,11,16,4.66827
195,12,13,2.53467
195,12,17,2.4591
195,13,14,2.51896
195,13,18,3.9214
195,14,19,3.30143
195,15,16,4.49116
195,15,20,2.33861
195,16,17,2.75805
195,16,21,3.01806
195,17,18,3.80621
195,17,22,4.40022
195,18,19,2.94863
195,18,23,4.1964
195,19,24,2.16041
195,20,21,4.41106
195,21,22,4.52461
195,22,23,3.61202
195,23,24,1.70819
196,0,1,5.90278
196,0,5,4.6059
196,1,2,7.38554
196,1,6,6.54948
196,2,3,6.21353
196,2,7,4.30409
196,3,4,3.00523
196,3,8,6.28585
196,4,9,2.9726
196,5,6,4.36167
196,5,10,3.30241
196,6,7,2.78748
196,6,11,7.4641
196,7,8,5.2701
196,7,12,3.79383
196,8,9,7.29782
196,8,13,5.69511
196,9,14,3.85627
196,10,11,4.90159
196,10,15,3.89797
196,11,12,5.89614
196,11,16,5.6891
196,12,13,4.12614
196,12,17,6.34387
196,13,14,6.34053
196,13,18,5.16564
196,14,19,6.74351
196,15,16,7.08106
196,15,20,4.38066
196,16,17,6.1756
196,16,21,5.41107
196,17,18,5.0831
196,17,22,6.16202
196,18,19,3.02395
196,18,23,3.97733
196,19,24,5.35735
196,20,21,6.2903
196,21,22,3.68922
196,22,23,6.06391
196,23,24,7.09784
197,0,1,3.4101
197,0,5,5.20078
197,1,2,3.16218
197,1,6,3.47209
197,2,3,5.44357
197,2,7,3.80648
197,3,4,1.89359
197,3,8,3.00762
197,4,9,3.69349
197,5,6,5.40905
197,5,10,2.50374
197,6,7,3.30613
197,6,11,2.7689
197,7,8,2.02267
197,7,12,4.54419
197,8,9,2.53697
197,8,13,2.33195
197,9,14,3.77726
197,10,11,4.93791
197,10,15,2.60429
197,11,12,3.60409
197,11,16,5.16274
197,12,13,3.75599
197,12,17,4.0449
197,13,14,1.89553
197,13,18,3.30808
197,14,19,2.34179
197,15,16,4.13694
197,15,20,4.29054
197,16,17,4.42519
197,16,21,3.96392
197,17,18,2.05891
197,17,22,2.4018
197,18,19,3.10669
197,18,23,4.32916
197,19,24,3.63233
197,20,21,2.91349
197,21,22,4.82055
197,22,23,2.50774
197,23,24,2.39652
198,0,1,2.48322
198,0,5,3.24091
198,1,2,4.61852
198,1,6,3.87389
198,2,3,2.38604
198,2,7,2.44375
198,3,4,4.00763
198,3,8,3.71838
198,4,9,3.8591
198,5,6,3.02345
198,5,10,4.38072
198,6,7,2.42872
198,6,11,3.33367
198,7,8,3.01889
198,7,12,3.45872
198,8,9,2.36021
198,8,13,2.73782
198,9,14,3.02827
198,10,11,2.97702
198,10,15,3.18066
198,11,12,4.71033
198,11,16,1.68755
198,12,13,2.02707
198,12,17,2.62986
198,13,14,3.32077
198,13,18,5.04498
198,14,19,2.4355
198,15,16,4.03144
198,15,20,3.74791
198,16,17,4.25409
198,16,21,5.36091
198,17,18,4.75234
198,17,22,2.28899
198,18,19,6.34105
198,18,23,2.08162
198,19,24,3.33562
198,20,21,4.3863
198,21,22,4.3493
198,22,23,3.88096
198,23,24,4.33538
199,0,1,3.44584
199,0,5,3.65938
199,1,2,2.19289
199,1,6,3.33347
199,2,3,4.07314
199,2,7,3.97582
199,3,4,5.08423
199,3,8,4.11491
199,4,9,3.8907
199,5,6,3.99586
199,5,10,3.04652
199,6,7,2.27355
199,6,11,4.29327
199,7,8,2.26694
199,7,12,3.47111
199,8,9,2.7207
199,8,13,4.91715
199,9,14,3.12905
199,10,11,6.07441
199,10,15,4.21598
199,11,12,2.17738
199,11,16,2.2455
199,12,13,5.00062
199,12,17,2.9644
199,13,14,6.15506
199,13,18,4.31063
199,14,19,4.13966
199,15,16,5.09921
199,15,20,6.17416
199,16,17,3.21166
199,16,21,2.8172
199,17,18,1.72618
199,17,22,3.0499
199,18,19,3.28823
199,18,23,1.96863
199,19,24,2.26196
199,20,21,2.7667
199,21,22,3.97507
199,22,23,3.65321
199,23,24,1.91487
200,0,1,6.77138
200,0,5,3.57013
200,1,2,2.41392
200,1,6,4.72106
200,2,3,6.51045
200,2,7,3.76542
200,3,4,6.42679
200,3,8,5.1604
200,4,9,4.18142
200,5,6,3.95786
200,5,10,3.16178
200,6,7,4.55161
200,6,11,2.34599
200,7,8,5.97024
200,7,12,4.2158
200,8,9,3.5746
200,8,13,4.25761
200,9,14,1.75376
200,10,11,2.8194
200,10,15,2.04665
200,11,12,2.05498
200,11,16,2.87356
200,12,13,5.91282
200,12,17,2.10156
200,13,14,4.98695
200,13,18,2.39089
200,14,19,4.46086
200,15,16,3.67916
200,15,20,3.13183
200,16,17,3.0858
200,16,21,6.57219
200,17,18,3.41903
200,17,22,4.66716
200,18,19,6.18697
200,18,23,2.55239
200,19,24,2.43179
200,20,21,2.93929
200,21,22,2.44939
200,22,23,3.16521
200,23,24,4.2865
201,0,1,3.20962
201,0,5,2.74687
201,1,2,3.71693
201,1,6,4.61438
201,2,3,4.23431
201,2,7,2.11693
201,3,4,3.71829
201,3,8,4.1127
201,4,9,1.97853
201,5,6,3.72607
201,5,10,2.67045
201,6,7,2.21616
201,6,11,2.1214
201,7,8,4.50946
201,7,12,4.42378
201,8,9,2.68268
201,8,13,3.2866
201,9,14,5.14706
201,10,11,2.47987
201,10,15,4.76899
201,11,12,5.94182
201,11,16,4.46601
201,12,13,1.92141
201,12,17,5.51546
201,13,14,4.36601
201,13,18,2.675
201,14,19,2.15148
201,15,16,4.06898
201,15,20,4.92694
201,16,17,1.7043
201,16,21,2.07396
201,17,18,2.74758
201,17,22,2.32277
201,18,19,4.31166
201,18,23,2.66345
201,19,24,2.48482
201,20,21,2.27303
201,21,22,4.44289
201,22,23,3.59812
201,23,24,4.41491
202,0,1,4.83103
202,0,5,2.4509
202,1,2,3.08699
202,1,6,3.05957
202,2,3,6.87719
202,2,7,4.1517
202,3,4,2.41489
202,3,8,2.72793
202,4,9,3.52818
202,5,6,5.73569
202,5,10,2.25085
202,6,7,4.6248
202,6,11,2.32172
202,7,8,4.03219
202,7,12,6.36621
202,8,9,2.28549
202,8,13,5.25892
202,9,14,6.47932
202,10,11,6.08648
202,10,15,5.14367
202,11,12,6.99475
202,11,16,5.34519
202,12,13,7.31914
202,12,17,5.44605
202,13,14,5.55251
202,13,18,2.12248
202,14,19,2.29419
202,15,16,4.54421
202,15,20,5.52468
202,16,17,5.60289
202,16,21,3.99304
202,17,18,1.83605
202,17,22,2.53966
202,18,19,2.53799
202,18,23,1.78008
202,19,24,2.92402
202,20,21,2.26026
202,21,22,5.23709
202,22,23,4.21096
202,23,24,4.6789
203,0,1,1.72462
203,0,5,3.7957
203,1,2,3.32106
203,1,6,4.82988
203,2,3,2.47161
203,2,7,4.14036
203,3,4,5.36345
203,3,8,3.21231
203,4,9,4.53401
203,5,6,4.5107
203,5,10,2.55798
203,6,7,1.75051
203,6,11,3.85083
203,7,8,6.06581
203,7,12,2.58702
203,8,9,4.09586
203,8,13,3.88934
203,9,14,3.58936
203,10,11,2.41672
203,10,15,4.74798
203,11,12,5.7315
203,11,16,3.21113
203,12,13,3.78405
203,12,17,4.39491
203,13,14,3.08466
203,13,18,3.31792
203,14,19,4.55842
203,15,16,3.2605
203,15,20,2.33171
203,16,17,4.33317
203,16,21,2.25643
203,17,18,3.88023
203,17,22,2.24917
203,18,19,2.01739
203,18,23,2.27049
203,19,24,2.53416
203,20,21,4.46132
203,21,22,3.20637
203,22,23,2.5534
203,23,24,3.06887
204,0,1,3.72127
204,0,5,1.94839
204,1,2,5.54118
204,1,6,2.38461
204,2,3,3.10659
204,2,7,4.05791
204,3,4,4.97037
204,3,8,3.59633
204,4,9,4.09385
204,5,6,4.60592
204,5,10,3.68856
204,6,7,4.71274
204,6,11,5.44462
204,7,8,3.52259
204,7,12,3.32993
204,8,9,6.6429
204,8,13,5.43138
204,9,14,3.56311
204,10,11,5.54554
204,10,15,5.17115
204,11,12,3.35876
204,11,16,2.8952
204,12,13,3.21341
204,12,17,2.73095
204,13,14,3.77045
204,13,18,4.57858
204,14,19,4.27743
204,15,16,5.44138
204,15,20,3.10832
204,16,17,3.53885
204,16,21,2.24763
204,17,18,3.74495
204,17,22,4.3266
204,18,19,3.16722
204,18,23,4.44779
204,19,24,2.68216
204,20,21,2.58125
204,21,22,5.06633
204,22,23,3.29807
204,23,24,4.54508
205,0,1,3.74775
205,0,5,5.16353
205,1,2,1.87089
205,1,6,3.74832
205,2,3,2.34697
205,2,7,5.2289
205,3,4,2.0625
205,3,8,3.71946
205,4,9,5.9665
205,5,6,2.19714
205,5,10,6.81513
205,6,7,5.52732
205,6,11,4.78766
205,7,8,2.23797
205,7,12,1.80589
205,8,9,1.9665
205,8,13,1.53931
205,9,14,3.20309
205,10,11,6.47277
205,10,15,3.0092
205,11,12,2.84762
205,11,16,4.16312
205,12,13,3.72118
205,12,17,2.0845
205,13,14,4.11067
205,13,18,2.92562
205,14,19,5.08418
205,15,16,3.89405
205,15,20,3.55832
205,16,17,4.90552
205,16,21,1.5944
205,17,18,4.29668
205,17,22,2.9453
205,18,19,1.59661
205,18,23,3.9861
205,19,24,4.86886
205,20,21,3.40093
205,21,22,3.09467
205,22,23,3.59616
205,23,24,2.05723
206,0,1,5.31913
206,0,5,3.41352
206,1,2,2.20461
206,1,6,3.29481
206,2,3,2.4867
206,2,7,7.00495
206,3,4,3.32119
206,3,8,2.88006
206,4,9,3.62718
206,5,6,4.06273
206,5,10,6.47527
206,6,7,2.64593
206,6,11,6.39496
206,7,8,5.25412
206,7,12,3.14357
206,8,9,3.85782
206,8,13,4.68726
206,9,14,2.94711
206,10,11,6.21103
206,10,15,3.61763
206,11,12,2.38525
206,11,16,3.52962
206,12,13,5.69863
206,12,17,5.0476
206,13,14,5.20818
206,13,18,6.49899
206,14,19,2.12753
206,15,16,5.35655
206,15,20,6.44452
206,16,17,5.93416
206,16,21,5.69607
206,17,18,3.84864
206,17,22,2.91566
206,18,19,2.79451
206,18,23,4.89713
206,19,24,4.35855
206,20,21,5.61975
206,21,22,4.84468
206,22,23,6.72946
206,23,24,5.85944
207,0,1,3.48378
207,0,5,2.83194
207,1,2,3.9017
207,1,6,5.88345
207,2,3,2.57253
207,2,7,6.11539
207,3,4,2.59987
207,3,8,2.8023
207,4,9,2.74795
207,5,6,5.3278
207,5,10,7.50711
207,6,7,5.96502
207,6,11,3.3163
207,7,8,5.73563
207,7,12,2.7881
207,8,9,5.66696
207,8,13,3.41995
207,9,14,4.4162
207,10,11,4.92934
207,10,15,4.49839
207,11,12,5.1054
207,11,16,6.23688
207,12,13,1.93396
207,12,17,4.4395
207,13,14,4.16289
207,13,18,6.23197
207,14,19,3.15547
207,15,16,4.26965
207,15,20,4.62029
207,16,17,3.49233
207,16,21,4.72426
207,17,18,6.62174
207,17,22,6.86502
207,18,19,6.04015
207,18,23,7.08689
207,19,24,5.44849
207,20,21,3.8709
207,21,22,2.85118
207,22,23,5.93775
207,23,24,6.57759
208,0,1,5.65279
208,0,5,5.33643
208,1,2,7.11548
208,1,6,6.50888
208,2,3,5.37508
208,2,7,4.90366
208,3,4,3.79647
208,3,8,6.8589
208,4,9,4.53248
208,5,6,3.93097
208,5,10,6.64093
208,6,7,6.28632
208,6,11,2.51058
208,7,8,4.02739
208,7,12,2.76911
208,8,9,7.17543
208,8,13,5.24145
208,9,14,4.97599
208,10,11,3.62681
208,10,15,2.1229
208,11,12,5.77148
208,11,16,4.91769
208,12,13,5.88071
208,12,17,3.11259
208,13,14,2.89084
208,13,18,5.44791
208,14,19,5.55178
208,15,16,3.46539
208,15,20,5.10606
208,16,17,6.7363
208,16,21,7.03981
208,17,18,4.5559
208,17,22,8.64937
208,18,19,4.21787
208,18,23,5.61388
208,19,24,4.63072
208,20,21,4.34567
208,21,22,6.62801
208,22,23,3.31533
208,23,24,6.47277
209,0,1,5.00311
209,0,5,1.94724
209,1,2,2.61903
209,1,6,2.05181
209,2,3,2.34521
209,2,7,3.2092
209,3,4,2.16956
209,3,8,2.18534
209,4,9,5.72525
209,5,6,3.78915
209,5,10,4.40856
209,6,7,3.79719
209,6,11,2.06612
209,7,8,1.45549
209,7,12,3.2405
209,8,9,5.23492
209,8,13,4.23802
209,9,14,4.1105
209,10,11,3.12507
209,10,15,3.61748
209,11,12,3.33233
209,11,16,2.24083
209,12,13,4.12766
209,12,17,3.34525
209,13,14,2.72631
209,13,18,5.78771
209,14,19,1.82872
209,15,16,2.43808
209,15,20,1.86033
209,16,17,5.79529
209,16,21,3.61344
209,17,18,3.42668
209,17,22,5.03637
209,18,19,5.6377
209,18,23,3.35914
209,19,24,5.13694
209,20,21,1.66194
209,21,22,4.80673
209,22,23,6.58454
209,23,24,2.25777
210,0,1,3.92196
210,0,5,3.42964
210,1,2,2.91587
210,1,6,6.50989
210,2,3,2.38069
210,2,7,4.79356
210,3,4,5.07129
210,3,8,2.54891
210,4,9,3.62082
210,5,6,5.66809
210,5,10,4.10206
210,6,7,5.27282
210,6,11,4.15879
210,7,8,4.52169
210,7,12,4.39769
210,8,9,2.96696
210,8,13,2.49317
210,9,14,2.65352
210,10,11,6.36385
210,10,15,6.77297
210,11,12,3.92905
210,11,16,7.57471
210,12,13,4.87014
210,12,17,4.80856
210,13,14,6.00012
210,13,18,6.13648
210,14,19,5.74231
210,15,16,4.17742
210,15,20,4.47107
210,16,17,2.65288
210,16,21,3.78451
210,17,18,5.18475
210,17,22,4.6594
210,18,19,3.58075
210,18,23,4.44008
210,19,24,7.25907
210,20,21,4.01936
210,21,22,3.37711
210,22,23,2.43716
210,23,24,2.28033
211,0,1,3.80599
211,0,5,2.59897
211,1,2,2.46012
211,1,6,2.38876
211,2,3,3.54165
211,2,7,2.38251
211,3,4,2.8518
211,3,8,5.75999
211,4,9,4.1271
211,5,6,2.77391
211,5,10,5.01304
211,6,7,2.12483
211,6,11,6.73962
211,7,8,6.23882
211,7,12,5.18023
211,8,9,3.54137
211,8,13,1.97047
211,9,14,3.85435
211,10,11,4.07129
211,10,15,5.44226
211,11,12,5.71622
211,11,16,4.15462
211,12,13,1.51951
211,12,17,4.34641
211,13,14,5.47025
211,13,18,2.00385
211,14,19,6.9365
211,15,16,2.49382
211,15,20,3.78995
211,16,17,4.36865
211,16,21,4.12311
211,17,18,5.00391
211,17,22,3.33116
211,18,19,2.84497
211,18,23,4.24725
211,19,24,1.93233
211,20,21,6.1554
211,21,22,3.28716
211,22,23,2.36226
211,23,24,3.55202
212,0,1,2.78754
212,0,5,5.3013
212,1,2,2.76985
212,1,6,2.36594
212,2,3,2.86204
212,2,7,3.6383
212,3,4,6.45723
212,3,8,2.79988
212,4,9,3.93407
212,5,6,2.82691
212,5,10,2.26445
212,6,7,2.14588
212,6,11,3.26028
212,7,8,2.7835
212,7,12,4.9521
212,8,9,1.77018
212,8,13,5.38897
212,9,14,2.35434
212,10,11,3.39455
212,10,15,2.56793
212,11,12,6.5431
212,11,16,2.71167
212,12,13,5.20381
212,12,17,4.21386
212,13,14,2.0294
212,13,18,3.55687
212,14,19,5.04574
212,15,16,2.60386
212,15,20,4.18116
212,16,17,3.88615
212,16,21,3.15551
212,17,18,4.90775
212,17,22,2.21257
212,18,19,4.28463
212,18,23,2.1609
212,19,24,2.68592
212,20,21,4.98765
212,21,22,5.00255
212,22,23,3.13278
212,23,24,1.81739
213,0,1,4.69124
213,0,5,3.03081
213,1,2,2.87005
213,1,6,6.17189
213,2,3,2.63193
213,2,7,2.64276
213,3,4,3.35173
213,3,8,4.98863
213,4,9,6.56599
213,5,6,4.54297
213,5,10,6.49
213,6,7,3.86865
213,6,11,4.54221
213,7,8,2.84998
213,7,12,5.02057
213,8,9,5.396
213,8,13,5.82969
213,9,14,5.9409
213,10,11,2.85931
213,10,15,1.92933
213,11,12,4.57993
213,11,16,5.16466
213,12,13,3.15519
213,12,17,3.50353
213,13,14,3.43146
213,13,18,4.55517
213,14,19,5.09046
213,15,16,2.9252
213,15,20,2.76034
213,16,17,1.93667
213,16,21,5.05484
213,17,18,2.71303
213,17,22,4.74981
213,18,19,5.25402
213,18,23,4.71141
213,19,24,4.27735
213,20,21,3.69861
213,21,22,3.612
213,22,23,5.02178
213,23,24,2.7231
214,0,1,2.012
214,0,5,3.3166
214,1,2,4.24594
214,1,6,3.84033
214,2,3,1.66428
214,2,7,3.07874
214,3,4,3.58417
214,3,8,5.28204
214,4,9,6.35008
214,5,6,3.49692
214,5,10,2.67993
214,6,7,1.46384
214,6,11,2.21384
214,7,8,3.252
214,7,12,2.41822
214,8,9,5.21949
214,8,13,2.25147
214,9,14,2.80822
214,10,11,4.88329
214,10,15,4.33884
214,11,12,3.55797
214,11,16,3.17635
214,12,13,2.81743
214,12,17,2.35275
214,13,14,5.75409
214,13,18,2.45447
214,14,19,5.95946
214,15,16,1.43747
214,15,20,2.97205
214,16,17,1.95952
214,16,21,1.48871
214,17,18,3.89372
214,17,22,2.40528
214,18,19,2.26922
214,18,23,2.64704
214,19,24,2.30582
214,20,21,4.56116
214,21,22,2.33226
214,22,23,4.23353
214,23,24,5.43185
215,0,1,3.82388
215,0,5,3.03096
215,1,2,3.82496
215,1,6,2.18151
215,2,3,3.12017
215,2,7,3.00972
215,3,4,3.2917
215,3,8,3.41816
215,4,9,3.72207
215,5,6,3.26657
215,5,10,5.21311
215,6,7,4.19493
215,6,11,2.32046
215,7,8,5.80731
215,7,12,5.70055
215,8,9,2.12758
215,8,13,5.39318
215,9,14,4.6204
215,10,11,4.30331
215,10,15,4.25198
215,11,12,3.68331
215,11,16,2.24164
215,12,13,5.86787
215,12,17,6.14936
215,13,14,3.19803
215,13,18,2.79977
215,14,19,5.9985
215,15,16,4.02278
215,15,20,6.59771
215,16,17,5.74883
215,16,21,5.14685
215,17,18,2.68836
215,17,22,3.24198
215,18,19,2.39477
215,18,23,2.43863
215,19,24,3.36691
215,20,21,4.74823
215,21,22,4.60909
215,22,23,2.52781
215,23,24,3.44854
216,0,1,4.5551
216,0,5,5.70548
216,1,2,1.89323
216,1,6,5.2025
216,2,3,3.12726
216,2,7,5.72895
216,3,4,4.38733
216,3,8,6.42771
216,4,9,3.76609
216,5,6,2.07368
216,5,10,2.58614
216,6,7,5.43124
216,6,11,3.34023
216,7,8,5.19184
216,7,12,2.96002
216,8,9,5.29783
216,8,13,3.1383
216,9,14,2.41762
216,10,11,5.01256
216,10,15,2.78177
216,11,12,2.72958
216,11,16,3.60839
216,12,13,3.64817
216,12,17,4.62486
216,13,14,3.86807
216,13,18,3.56505
216,14,19,5.02202
216,15,16,4.48066
216,15,20,5.69757
216,16,17,6.14617
216,16,21,2.44656
216,17,18,4.53368
216,17,22,4.46387
216,18,19,4.25153
216,18,23,4.88684
216,19,24,4.04797
216,20,21,5.34391
216,21,22,3.85311
216,22,23,4.06613
216,23,24,5.27233
217,0,1,4.15949
217,0,5,6.44643
217,1,2,6.55709
217,1,6,2.73273
217,2,3,6.62018
217,2,7,3.04428
217,3,4,2.4458
217,3,8,4.22131
217,4,9,4.05812
217,5,6,5.39958
217,5,10,2.10861
217,6,7,3.65042
217,6,11,3.57273
217,7,8,2.27132
217,7,12,1.94769
217,8,9,2.77919
217,8,13,4.76431
217,9,14,2.14001
217,10,11,1.96909
217,10,15,2.78549
217,11,12,5.51362
217,11,16,3.74429
217,12,13,2.14705
217,12,17,2.44566
217,13,14,3.41518
217,13,18,5.50675
217,14,19,4.18367
217,15,16,4.24872
217,15,20,3.39181
217,16,17,2.40193
217,16,21,3.33179
217,17,18,4.73272
217,17,22,4.63322
217,18,19,2.42451
217,18,23,3.22537
217,19,24,5.68407
217,20,21,4.685
217,21,22,4.78789
217,22,23,3.26001
217,23,24,3.33435
218,0,1,3.28544
218,0,5,4.31855
218,1,2,5.94835
218,1,6,4.37463
218,2,3,2.72387
218,2,7,5.0391
218,3,4,5.30603
218,3,8,2.64184
218,4,9,3.61876
218,5,6,1.70042
218,5,10,6.11779
218,6,7,5.73299
218,6,11,4.02142
218,7,8,4.90397
218,7,12,2.05371
218,8,9,4.87409
218,8,13,2.3583
218,9,14,1.87318
218,10,11,4.33232
218,10,15,3.9219
218,11,12,3.6095
218,11,16,3.56083
218,12,13,3.30125
218,12,17,3.16525
218,13,14,4.76934
218,13,18,3.23393
218,14,19,3.66125
218,15,16,5.70572
218,15,20,3.51831
218,16,17,2.42586
218,16,21,2.08565
218,17,18,2.15277
218,17,22,2.90918
218,18,19,4.99061
218,18,23,4.03523
218,19,24,5.94258
218,20,21,4.65341
218,21,22,3.45467
218,22,23,6.28041
218,23,24,3.6646
219,0,1,4.51929
219,0,5,2.78816
219,1,2,2.63757
219,1,6,4.27404
219,2,3,3.04315
219,2,7,3.59864
219,3,4,1.98909
219,3,8,3.73078
219,4,9,3.33107
219,5,6,4.48934
219,5,10,4.65304
219,6,7,3.98674
219,6,11,5.54372
219,7,8,4.60687
219,7,12,3.94654
219,8,9,6.23187
219,8,13,1.93807
219,9,14,3.99132
219,10,11,2.02112
219,10,15,5.16538
219,11,12,4.65622
219,11,16,3.22943
219,12,13,3.66462
219,12,17,3.81318
219,13,14,3.29396
219,13,18,5.64905
219,14,19,3.90418
219,15,16,2.80611
219,15,20,4.82061
219,16,17,3.15032
219,16,21,4.9991
219,17,18,3.99442
219,17,22,4.25035
219,18,19,3.62347
219,18,23,6.20348
219,19,24,1.77764
219,20,21,5.29329
219,21,22,5.4122
219,22,23,4.53515
219,23,24,4.93226
220,0,1,5.14648
220,0,5,4.7812
220,1,2,3.26419
220,1,6,8.2223
220,2,3,4.36564
220,2,7,4.29668
220,3,4,4.77472
220,3,8,2.81876
220,4,9,4.82957
220,5,6,2.22578
220,5,10,4.61112
220,6,7,2.43805
220,6,11,6.70507
220,7,8,3.44951
220,7,12,4.7886
220,8,9,5.86111
220,8,13,3.41731
220,9,14,1.94714
220,10,11,3.02726
220,10,15,2.76869
220,11,12,4.85514
220,11,16,7.10485
220,12,13,5.43952
220,12,17,3.35146
220,13,14,5.86357
220,13,18,3.85515
220,14,19,4.18256
220,15,16,4.98354
220,15,20,3.16737
220,16,17,6.63944
220,16,21,2.62489
220,17,18,6.10925
220,17,22,5.5258
220,18,19,3.37894
220,18,23,2.9338
220,19,24,3.86304
220,20,21,2.93347
220,21,22,3.45106
220,22,23,6.45616
220,23,24,7.66701
221,0,1,5.44086
221,0,5,3.48469
221,1,2,5.67489
221,1,6,2.83271
221,2,3,4.82914
221,2,7,2.20523
221,3,4,2.21911
221,3,8,4.67341
221,4,9,2.0975
221,5,6,4.98672
221,5,10,3.72382
221,6,7,3.97793
221,6,11,5.12091
221,7,8,2.38781
221,7,12,6.00349
221,8,9,3.5934
221,8,13,2.05776
221,9,14,6.04835
221,10,11,5.04608
221,10,15,5.50758
221,11,12,4.96139
221,11,16,5.79815
221,12,13,2.92838
221,12,17,4.57758
221,13,14,5.41617
221,13,18,3.08527
221,14,19,5.2758
221,15,16,2.37074
221,15,20,2.00319
221,16,17,3.35589
221,16,21,3.97232
221,17,18,4.4847
221,17,22,2.07397
221,18,19,3.77538
221,18,23,2.193
221,19,24,2.10612
221,20,21,4.51896
221,21,22,4.39454
221,22,23,2.45701
221,23,24,5.38189
222,0,1,3.33438
222,0,5,3.02008
222,1,2,2.42807
222,1,6,2.71043
222,2,3,5.6666
222,2,7,3.47886
222,3,4,5.22685
222,3,8,3.78986
222,4,9,4.59246
222,5,6,4.54778
222,5,10,2.62741
222,6,7,1.61426
222,6,11,3.20529
222,7,8,2.64715
222,7,12,5.39547
222,8,9,5.6515
222,8,13,3.50931
222,9,14,6.35136
222,10,11,3.94374
222,10,15,3.43777
222,11,12,6.54703
222,11,16,2.59352
222,12,13,4.70063
222,12,17,5.60079
222,13,14,3.39712
222,13,18,4.97172
222,14,19,3.64142
222,15,16,4.65653
222,15,20,3.92121
222,16,17,3.94213
222,16,21,3.79742
222,17,18,3.18612
222,17,22,5.52231
222,18,19,5.31709
222,18,23,4.34872
222,19,24,4.31447
222,20,21,3.42101
222,21,22,2.24405
222,22,23,2.8023
222,23,24,4.99092
223,0,1,4.72829
223,0,5,4.67041
223,1,2,5.48533
223,1,6,3.2679
223,2,3,5.36229
223,2,7,7.41548
223,3,4,3.30412
223,3,8,2.64897
223,4,9,3.72204
223,5,6,4.4307
223,5,10,4.25038
223,6,7,5.84242
223,6,11,4.62166
223,7,8,3.33258
223,7,12,3.47038
223,8,9,5.69814
223,8,13,4.6325
223,9,14,4.81981
223,10,11,3.94834
223,10,15,2.74146
223,11,12,4.29952
223,11,16,4.85639
223,12,13,7.93334
223,12,17,4.89443
223,13,14,5.87447
223,13,18,3.10065
223,14,19,2.86806
223,15,16,5.92906
223,15,20,3.92175
223,16,17,7.08941
223,16,21,2.62189
223,17,18,1.77939
223,17,22,6.0427
223,18,19,5.59668
223,18,23,6.19779
223,19,24,5.71182
223,20,21,4.09414
223,21,22,3.25058
223,22,23,7.51416
223,23,24,5.27679
224,0,1,3.05795
224,0,5,3.53418
224,1,2,3.47609
224,1,6,5.71876
224,2,3,5.02953
224,2,7,6.06066
224,3,4,3.05352
224,3,8,3.57735
224,4,9,4.67304
224,5,6,5.38969
224,5,10,2.53004
224,6,7,4.65165
224,6,11,5.54302
224,7,8,3.34577
224,7,12,4.31928
224,8,9,4.09743
224,8,13,5.6238
224,9,14,2.68359
224,10,11,5.87351
224,10,15,5.67391
224,11,12,3.80953
224,11,16,6.12337
224,12,13,4.29195
224,12,17,4.59495
224,13,14,3.59155
224,13,18,2.99678
224,14,19,5.54777
224,15,16,6.33472
224,15,20,3.56594
224,16,17,3.71543
224,16,21,6.21009
224,17,18,5.32512
224,17,22,5.33167
224,18,19,5.81415
224,18,23,5.44748
224,19,24,6.49059
224,20,21,2.68126
224,21,22,2.67532
224,22,23,2.30157
224,23,24,4.39504
225,0,1,4.27386
225,0,5,4.15787
225,1,2,6.94995
225,1,6,3.14295
225,2,3,6.2518
225,2,7,5.7029
225,3,4,3.31786
225,3,8,3.10368
225,4,9,3.80074
225,5,6,2.01069
225,5,10,6.63054
225,6,7,6.26776
225,6,11,4.66748
225,7,8,4.16244
225,7,12,3.14747
225,8,9,5.48042
225,8,13,5.8832
225,9,14,2.26184
225,10,11,2.34196
225,10,15,2.99565
225,11,12,6.56235
225,11,16,2.88553
225,12,13,2.6765
225,12,17,4.44979
225,13,14,2.67407
225,13,18,6.24642
225,14,19,2.34677
225,15,16,6.36013
225,15,20,2.47463
225,16,17,5.91427
225,16,21,6.82291
225,17,18,2.41243
225,17,22,4.51756
225,18,19,7.83011
225,18,23,4.93548
225,19,24,6.57145
225,20,21,3.6934
225,21,22,2.58803
225,22,23,5.00317
225,23,24,4.28581
226,0,1,6.51113
226,0,5,4.05346
226,1,2,4.72364
226,1,6,2.71312
226,2,3,5.56166
226,2,7,6.01319
226,3,4,4.7802
226,3,8,5.05681
226,4,9,3.29014
226,5,6,2.38347
226,5,10,5.44556
226,6,7,6.18089
226,6,11,6.47767
226,7,8,5.44045
226,7,12,2.15053
226,8,9,5.80492
226,8,13,5.50356
226,9,14,5.52417
226,10,11,4.08733
226,10,15,5.12986
226,11,12,4.626
226,11,16,6.48222
226,12,13,3.9262
226,12,17,6.04012
226,13,14,2.89933
226,13,18,4.93299
226,14,19,4.20644
226,15,16,3.37678
226,15,20,5.25473
226,16,17,5.61743
226,16,21,4.10996
226,17,18,2.64674
226,17,22,5.45118
226,18,19,4.0882
226,18,23,4.89726
226,19,24,6.63364
226,20,21,4.88515
226,21,22,5.84303
226,22,23,4.35475
226,23,24,6.71418
227,0,1,4.42063
227,0,5,2.2168
227,1,2,4.67812
227,1,6,6.25623
227,2,3,3.7035
227,2,7,3.66607
227,3,4,5.21683
227,3,8,5.90387
227,4,9,3.76896
227,5,6,3.95739
227,5,10,6.30801
227,6,7,2.74228
227,6,11,7.5682
227,7,8,4.52896
227,7,12,2.59839
227,8,9,3.62868
227,8,13,4.30891
227,9,14,5.79989
227,10,11,6.15911
227,10,15,6.85188
227,11,12,2.67705
227,11,16,6.80326
227,12,13,3.79167
227,12,17,2.79559
227,13,14,5.98373
227,13,18,3.38409
227,14,19,2.88134
227,15,16,3.04571
227,15,20,4.01178
227,16,17,5.26517
227,16,21,5.40945
227,17,18,4.80985
227,17,22,4.96692
227,18,19,6.40739
227,18,23,3.39433
227,19,24,3.9043
227,20,21,6.5525
227,21,22,2.22395
227,22,23,5.76036
227,23,24,3.68567
228,0,1,5.26886
228,0,5,5.35072
228,1,2,2.36309
228,1,6,3.71682
228,2,3,5.22002
228,2,7,5.8359
228,3,4,3.82034
228,3,8,3.94871
228,4,9,3.06753
228,5,6,3.0663
228,5,10,4.83551
228,6,7,2.71538
228,6,11,4.28216
228,7,8,5.03564
228,7,12,4.76352
228,8,9,2.70285
228,8,13,2.19039
228,9,14,3.34925
228,10,11,4.0101
228,10,15,3.42126
228,11,12,5.05062
228,11,16,2.53551
228,12,13,5.19462
228,12,17,3.61695
228,13,14,1.87609
228,13,18,2.91878
228,14,19,3.50965
228,15,16,3.09901
228,15,20,2.79542
228,16,17,3.98931
228,16,21,2.11631
228,17,18,4.49002
228,17,22,4.5982
228,18,19,4.03549
228,18,23,6.10348
228,19,24,5.45783
228,20,21,5.52146
228,21,22,4.1366
228,22,23,2.11595
228,23,24,5.93385
229,0,1,1.32799
229,0,5,4.50731
229,1,2,4.19827
229,1,6,3.09577
229,2,3,4.91473
229,2,7,2.00065
229,3,4,4.60086
229,3,8,2.39512
229,4,9,2.06567
229,5,6,4.80901
229,5,10,2.26226
229,6,7,1.70781
229,6,11,1.26871
229,7,8,3.57735
229,7,12,5.9395
229,8,9,2.11727
229,8,13,3.82129
229,9,14,5.11272
229,10,11,4.30425
229,10,15,4.0147
229,11,12,5.02831
229,11,16,2.5142
229,12,13,1.79805
229,12,17,3.98743
229,13,14,2.41669
229,13,18,2.18775
229,14,19,2.78197
229,15,16,2.55917
229,15,20,3.41188
229,16,17,3.6192
229,16,21,5.10808
229,17,18,1.88548
229,17,22,2.12524
229,18,19,2.2657
229,18,23,3.38381
229,19,24,3.34065
229,20,21,3.76209
229,21,22,4.26807
229,22,23,4.03149
229,23,24,1.84328
230,0,1,3.49813
230,0,5,5.66897
230,1,2,2.28429
230,1,6,3.82797
230,2,3,4.35434
230,2,7,1.75047
230,3,4,4.34974
230,3,8,5.16148
230,4,9,4.48537
230,5,6,2.02314
230,5,10,5.0511
230,6,7,5.1264
230,6,11,2.12694
230,7,8,5.03076
230,7,12,3.95428
230,8,9,1.95723
230,8,13,2.96661
230,9,14,4.02538
230,10,11,3.84357
230,10,15,4.39008
230,11,12,3.30154
230,11,16,3.48724
230,12,13,4.38001
230,12,17,3.16765
230,13,14,2.64338
230,13,18,3.36342
230,14,19,4.92779
230,15,16,3.69471
230,15,20,3.85375
230,16,17,2.66205
230,16,21,3.07797
230,17,18,4.69485
230,17,22,4.86535
230,18,19,4.61177
230,18,23,3.08398
230,19,24,2.59697
230,20,21,3.67643
230,21,22,4.06206
230,22,23,4.39437
230,23,24,1.79798
231,0,1,4.87127
231,0,5,6.89808
231,1,2,2.55471
231,1,6,5.71879
231,2,3,6.39802
231,2,7,6.1669
231,3,4,7.06477
231,3,8,2.35485
231,4,9,2.94649
231,5,6,3.35563
231,5,10,5.37984
231,6,7,2.63269
231,6,11,5.73996
231,7,8,6.69134
231,7,12,5.48078
231,8,9,5.03128
231,8,13,6.01623
231,9,14,3.15243
231,10,11,2.40336
231,10,15,3.13081
231,11,12,5.68413
231,11,16,6.4054
231,12,13,2.81725
231,12,17,5.48915
231,13,14,6.12473
231,13,18,4.48633
231,14,19,3.73799
231,15,16,3.92143
231,15,20,3.25991
231,16,17,7.5258
231,16,21,3.23277
231,17,18,5.47852
231,17,22,3.18497
231,18,19,3.05779
231,18,23,4.30022
231,19,24,5.83122
231,20,21,4.6427
231,21,22,3.0276
231,22,23,5.24542
231,23,24,3.13115
232,0,1,4.56868
232,0,5,5.69348
232,1,2,3.3813
232,1,6,4.10071
232,2,3,4.33618
232,2,7,2.91629
232,3,4,4.4696
232,3,8,4.70455
232,4,9,3.61514
232,5,6,3.60477
232,5,10,4.64289
232,6,7,4.62919
232,6,11,4.80895
232,7,8,5.33839
232,7,12,5.20506
232,8,9,3.40293
232,8,13,5.47554
232,9,14,2.92149
232,10,11,3.639
232,10,15,2.13373
232,11,12,4.94283
232,11,16,3.3917
232,12,13,2.02313
232,12,17,4.18981
232,13,14,2.11604
232,13,18,2.025
232,14,19,2.79837
232,15,16,3.84571
232,15,20,3.76874
232,16,17,4.18543
232,16,21,2.29991
232,17,18,5.59151
232,17,22,4.71768
232,18,19,5.36956
232,18,23,3.1332
232,19,24,3.35607
232,20,21,4.23407
232,21,22,4.6367
232,22,23,5.74761
232,23,24,3.41653
233,0,1,5.55531
233,0,5,3.90273
233,1,2,2.3954
233,1,6,3.57785
233,2,3,3.48137
233,2,7,2.12249
233,3,4,5.04595
233,3,8,6.44232
233,4,9,2.23046
233,5,6,3.63359
233,5,10,2.20736
233,6,7,2.39746
233,6,11,6.15639
233,7,8,6.23021
233,7,12,5.55033
233,8,9,3.68843
233,8,13,4.59685
233,9,14,6.1075
233,10,11,2.24434
233,10,15,5.56244
233,11,12,2.82611
233,11,16,5.25886
233,12,13,5.58364
233,12,17,5.29954
233,13,14,4.47259
233,13,18,2.8552
233,14,19,5.59661
233,15,16,3.82202
233,15,20,4.50453
233,16,17,4.07386
233,16,21,2.08078
233,17,18,3.45232
233,17,22,2.62065
233,18,19,4.61556
233,18,23,3.58928
233,19,24,5.40395
233,20,21,3.60724
233,21,22,5.03364
233,22,23,3.74579
233,23,24,4.28763
234,0,1,3.46092
234,0,5,2.9739
234,1,2,2.28807
234,1,6,4.05495
234,2,3,2.84204
234,2,7,5.39588
234,3,4,2.38789
234,3,8,2.95724
234,4,9,4.38448
234,5,6,2.61603
234,5,10,3.67849
234,6,7,4.13439
234,6,11,3.85493
234,7,8,4.57625
234,7,12,2.77366
234,8,9,3.93539
234,8,13,6.49139
234,9,14,3.2778
234,10,11,3.20482
234,10,15,4.7779
234,11,12,3.36851
234,11,16,2.43319
234,12,13,4.97779
234,12,17,2.6806
234,13,14,5.88446
234,13,18,4.57563
234,14,19,3.52799
234,15,16,5.2364
234,15,20,2.37361
234,16,17,6.51037
234,16,21,3.89953
234,17,18,3.73226
234,17,22,2.31832
234,18,19,3.73303
234,18,23,5.11371
234,19,24,6.60751
234,20,21,3.9009
234,21,22,3.01897
234,22,23,6.80011
234,23,24,5.36127
235,0,1,3.01454
235,0,5,5.36438
235,1,2,1.73519
235,1,6,2.31342
235,2,3,2.92529
235,2,7,4.81386
235,3,4,3.40743
235,3,8,5.12667
235,4,9,4.15347
235,5,6,2.43
235,5,10,2.40722
235,6,7,2.33066
235,6,11,4.40912
235,7,8,5.17771
235,7,12,2.3307
235,8,9,2.60252
235,8,13,4.01977
235,9,14,2.23206
235,10,11,2.74491
235,10,15,2.73608
235,11,12,2.30482
235,11,16,2.83837
235,12,13,3.57
235,12,17,2.96267
235,13,14,5.2447
235,13,18,2.34972
235,14,19,3.49256
235,15,16,3.05285
235,15,20,3.34604
235,16,17,5.67511
235,16,21,2.10983
235,17,18,4.74437
235,17,22,3.85289
235,18,19,2.68981
235,18,23,3.93052
235,19,24,3.57687
235,20,21,3.64435
235,21,22,3.91395
235,22,23,2.73582
235,23,24,2.96241
236,0,1,1.46322
236,0,5,4.53628
236,1,2,2.75193
236,1,6,3.2462
236,2,3,2.65464
236,2,7,5.31339
236,3,4,3.44205
236,3,8,2.45958
236,4,9,1.76356
236,5,6,4.70036
236,5,10,3.69265
236,6,7,2.90775
236,6,11,1.856
236,7,8,4.09184
236,7,12,3.41343
236,8,9,3.62323
236,8,13,4.61467
236,9,14,6.19063
236,10,11,2.75831
236,10,15,5.67102
236,11,12,7.31706
236,11,16,5.48639
236,12,13,4.67655
236,12,17,3.42755
236,13,14,6.44622
236,13,18,4.49152
236,14,19,3.86484
236,15,16,3.62162
236,15,20,2.79183
236,16,17,4.74379
236,16,21,2.76829
236,17,18,2.9814
236,17,22,2.4816
236,18,19,1.67644
236,18,23,3.64598
236,19,24,2.74395
236,20,21,2.05981
236,21,22,4.56922
236,22,23,4.59778
236,23,24,1.95834
237,0,1,3.11982
237,0,5,5.67922
237,1,2,2.88422
237,1,6,2.77907
237,2,3,3.05317
237,2,7,5.12457
237,3,4,3.7513
237,3,8,2.69654
237,4,9,3.70219
237,5,6,3.93208
237,5,10,3.62937
237,6,7,4.21334
237,6,11,3.73512
237,7,8,2.04419
237,7,12,3.0466
237,8,9,2.59144
237,8,13,4.88751
237,9,14,2.9272
237,10,11,5.02803
237,10,15,4.40552
237,11,12,1.57524
237,11,16,3.44937
237,12,13,4.60586
237,12,17,2.08704
237,13,14,5.2893
237,13,18,4.26558
237,14,19,1.72664
237,15,16,3.8693
237,15,20,4.54458
237,16,17,2.92614
237,16,21,3.07037
237,17,18,2.96747
237,17,22,2.13344
237,18,19,2.28461
237,18,23,1.55658
237,19,24,3.90978
237,20,21,2.45096
237,21,22,2.72671
237,22,23,4.12024
237,23,24,2.62927
238,0,1,4.05567
238,0,5,5.7833
238,1,2,2.30964
238,1,6,1.55456
238,2,3,3.29565
238,2,7,3.62648
238,3,4,3.25939
238,3,8,3.96056
238,4,9,3.62057
238,5,6,1.94272
238,5,10,4.09033
238,6,7,2.34619
238,6,11,2.7672
238,7,8,3.91633
238,7,12,2.5752
238,8,9,3.36208
238,8,13,4.72857
238,9,14,3.53748
238,10,11,3.30683
238,10,15,3.41214
238,11,12,2.32186
238,11,16,4.51745
238,12,13,2.50654
238,12,17,5.47513
238,13,14,2.22204
238,13,18,2.27523
238,14,19,3.64024
238,15,16,5.73035
238,15,20,3.87274
238,16,17,5.34539
238,16,21,5.46171
238,17,18,3.16634
238,17,22,3.94046
238,18,19,2.82835
238,18,23,2.20001
238,19,24,4.4769
238,20,21,2.56887
238,21,22,5.63532
238,22,23,4.32679
238,23,24,2.44136
239,0,1,4.4149
239,0,5,5.01191
239,1,2,4.1945
239,1,6,5.56961
239,2,3,4.0547
239,2,7,5.5625
239,3,4,3.2
239,3,8,3.03693
239,4,9,6.7378
239,5,6,4.38832
239,5,10,4.11027
239,6,7,2.57388
239,6,11,6.06756
239,7,8,6.46047
239,7,12,5.79001
239,8,9,5.16658
239,8,13,3.56428
239,9,14,2.6037
239,10,11,3.41391
239,10,15,2.5996
239,11,12,4.59142
239,11,16,5.06668
239,12,13,6.6055
239,12,17,4.05174
239,13,14,2.87236
239,13,18,6.77766
239,14,19,6.32895
239,15,16,6.11082
239,15,20,5.55497
239,16,17,2.37349
239,16,21,5.09055
239,17,18,5.92438
239,17,22,6.12934
239,18,19,4.75085
239,18,23,2.96553
239,19,24,3.56753
239,20,21,6.80978
239,21,22,4.02354
239,22,23,5.37036
239,23,24,2.84033
240,0,1,2.78336
240,0,5,5.65675
240,1,2,3.52604
240,1,6,2.70813
240,2,3,4.41754
240,2,7,4.87453
240,3,4,5.24013
240,3,8,2.88039
240,4,9,2.30804
240,5,6,3.55337
240,5,10,2.54792
240,6,7,3.40366
240,6,11,2.09833
240,7,8,2.90178
240,7,12,3.4633
240,8,9,1.91033
240,8,13,3.02833
240,9,14,4.76173
240,10,11,3.84103
240,10,15,3.1181
240,11,12,4.61873
240,11,16,1.9726
240,12,13,1.87784
240,12,17,3.63037
240,13,14,4.83414
240,13,18,2.65368
240,14,19,2.48147
240,15,16,3.90924
240,15,20,3.34731
240,16,17,3.807
240,16,21,5.28479
240,17,18,1.73274
240,17,22,3.52242
240,18,19,1.32412
240,18,23,2.17079
240,19,24,2.99097
240,20,21,2.2403
240,21,22,2.6233
240,22,23,3.86579
240,23,24,1.62711
241,0,1,3.62009
241,0,5,3.84195
241,1,2,4.21043
241,1,6,2.82313
241,2,3,5.32754
241,2,7,3.85212
241,3,4,6.37845
241,3,8,4.67206
241,4,9,4.43555
241,5,6,6.08402
241,5,10,4.83347
241,6,7,4.22416
241,6,11,4.69559
241,7,8,5.03101
241,7,12,4.99278
241,8,9,2.50978
241,8,13,3.72886
241,9,14,5.82093
241,10,11,3.94087
241,10,15,5.05121
241,11,12,6.23428
241,11,16,4.56437
241,12,13,7.32076
241,12,17,2.9724
241,13,14,2.10925
241,13,18,2.3636
241,14,19,5.1701
241,15,16,7.16028
241,15,20,4.16061
241,16,17,4.93394
241,16,21,7.11134
241,17,18,4.19552
241,17,22,3.87529
241,18,19,3.48067
241,18,23,5.42073
241,19,24,3.79734
241,20,21,4.7205
241,21,22,6.72086
241,22,23,5.90523
241,23,24,3.31741
242,0,1,4.05071
242,0,5,3.35533
242,1,2,4.55302
242,1,6,3.21717
242,2,3,4.25006
242,2,7,2.93503
242,3,4,5.91316
242,3,8,2.82324
242,4,9,3.2227
242,5,6,4.898
242,5,10,2.40368
242,6,7,2.68133
242,6,11,4.927
242,7,8,5.43256
242,7,12,4.52347
242,8,9,1.74899
242,8,13,3.22907
242,9,14,3.24885
242,10,11,4.34685
242,10,15,2.2652
242,11,12,6.66921
242,11,16,4.33945
242,12,13,3.47439
242,12,17,3.01527
242,13,14,3.71118
242,13,18,2.01611
242,14,19,2.70462
242,15,16,4.07134
242,15,20,2.7704
242,16,17,3.23778
242,16,21,2.56105
242,17,18,5.66108
242,17,22,3.74025
242,18,19,4.47676
242,18,23,3.88202
242,19,24,4.72905
242,20,21,5.02798
242,21,22,2.97835
242,22,23,3.35006
242,23,24,2.66347
243,0,1,2.82397
243,0,5,5.93297
243,1,2,6.01733
243,1,6,4.64317
243,2,3,6.22894
243,2,7,2.97682
243,3,4,4.40942
243,3,8,3.87789
243,4,9,2.34525
243,5,6,2.25267
243,5,10,2.79254
243,6,7,3.02116
243,6,11,5.15408
243,7,8,7.06389
243,7,12,6.43513
243,8,9,5.51379
243,8,13,6.37618
243,9,14,4.18455
243,10,11,2.97118
243,10,15,6.56897
243,11,12,4.34619
243,11,16,4.77401
243,12,13,7.76341
243,12,17,3.36546
243,13,14,3.01396
243,13,18,8.32555
243,14,19,2.58733
243,15,16,4.82249
243,15,20,5.40616
243,16,17,4.51584
243,16,21,4.08623
243,17,18,3.2158
243,17,22,5.45794
243,18,19,3.56659
243,18,23,7.4952
243,19,24,8.40866
243,20,21,3.65742
243,21,22,5.65563
243,22,23,7.2628
243,23,24,6.64569
244,0,1,2.65625
244,0,5,5.97664
244,1,2,5.40837
244,1,6,4.18356
244,2,3,5.61835
244,2,7,3.43842
244,3,4,2.96694
244,3,8,4.0834
244,4,9,5.0287
244,5,6,1.86992
244,5,10,3.74889
244,6,7,4.55934
244,6,11,3.14434
244,7,8,3.46227
244,7,12,3.04712
244,8,9,3.73077
244,8,13,1.65863
244,9,14,4.1828
244,10,11,2.13653
244,10,15,3.82007
244,11,12,3.90653
244,11,16,1.76346
244,12,13,1.71131
244,12,17,5.26292
244,13,14,1.86681
244,13,18,2.8482
244,14,19,4.11164
244,15,16,3.1463
244,15,20,1.72177
244,16,17,5.14692
244,16,21,5.52442
244,17,18,4.55343
244,17,22,3.67872
244,18,19,2.94133
244,18,23,1.84898
244,19,24,3.11601
244,20,21,2.76627
244,21,22,3.70326
244,22,23,2.5333
244,23,24,3.44108
245,0,1,5.81646
245,0,5,6.72059
245,1,2,5.29333
245,1,6,3.29032
245,2,3,5.52261
245,2,7,2.70904
245,3,4,4.40797
245,3,8,4.48247
245,4,9,2.63903
245,5,6,3.3784
245,5,10,5.7584
245,6,7,2.65995
245,6,11,2.26639
245,7,8,4.73435
245,7,12,3.39818
245,8,9,2.26174
245,8,13,2.8813
245,9,14,3.61605
245,10,11,1.79176
245,10,15,2.03731
245,11,12,2.04483
245,11,16,1.93137
245,12,13,4.33413
245,12,17,2.79743
245,13,14,1.61599
245,13,18,4.29966
245,14,19,5.047
245,15,16,3.39704
245,15,20,1.52505
245,16,17,4.13244
245,16,21,5.4453
245,17,18,5.64847
245,17,22,3.3356
245,18,19,4.79727
245,18,23,2.60128
245,19,24,3.92576
245,20,21,2.51336
245,21,22,6.92701
245,22,23,2.22093
245,23,24,3.14653
246,0,1,4.77887
246,0,5,4.07374
246,1,2,2.91092
246,1,6,5.78107
246,2,3,2.28638
246,2,7,5.19113
246,3,4,2.33473
246,3,8,4.4004
246,4,9,5.04163
246,5,6,3.99654
246,5,10,6.09078
246,6,7,3.32384
246,6,11,3.74636
246,7,8,6.19441
246,7,12,5.36677
246,8,9,6.80847
246,8,13,3.90279
246,9,14,2.32223
246,10,11,3.01839
246,10,15,2.15882
246,11,12,5.16804
246,11,16,4.39762
246,12,13,4.27965
246,12,17,2.72132
246,13,14,2.7175
246,13,18,5.54108
246,14,19,7.17333
246,15,16,2.81417
246,15,20,2.49324
246,16,17,2.50631
246,16,21,2.43722
246,17,18,4.66836
246,17,22,4.09884
246,18,19,4.60384
246,18,23,6.52336
246,19,24,4.27498
246,20,21,6.60904
246,21,22,4.02519
246,22,23,4.21295
246,23,24,2.49647
247,0,1,2.06913
247,0,5,4.65487
247,1,2,3.92942
247,1,6,1.44005
247,2,3,2.69952
247,2,7,3.27696
247,3,4,2.70114
247,3,8,1.63481
247,4,9,1.73966
247,5,6,4.61804
247,5,10,1.38584
247,6,7,4.41429
247,6,11,2.5046
247,7,8,4.45299
247,7,12,2.35506
247,8,9,2.84683
247,8,13,2.11061
247,9,14,2.47477
247,10,11,4.40906
247,10,15,3.63334
247,11,12,4.93517
247,11,16,5.27434
247,12,13,2.63626
247,12,17,2.57978
247,13,14,4.0447
247,13,18,3.14098
247,14,19,4.58514
247,15,16,2.9952
247,15,20,4.23697
247,16,17,3.61373
247,16,21,4.43594
247,17,18,2.21181
247,17,22,2.30811
247,18,19,1.52603
247,18,23,2.22016
247,19,24,4.70897
247,20,21,3.87289
247,21,22,2.00031
247,22,23,4.21148
247,23,24,3.05035
248,0,1,3.59442
248,0,5,2.62057
248,1,2,3.97829
248,1,6,1.84401
248,2,3,4.72498
248,2,7,5.44146
248,3,4,3.26232
248,3,8,3.82852
248,4,9,4.0674
248,5,6,2.20083
248,5,10,4.09823
248,6,7,4.90902
248,6,11,3.71417
248,7,8,3.03552
248,7,12,3.3665
248,8,9,3.6222
248,8,13,1.62117
248,9,14,4.36773
248,10,11,5.30315
248,10,15,2.82389
248,11,12,3.59143
248,11,16,4.11042
248,12,13,3.22899
248,12,17,2.19882
248,13,14,2.68838
248,13,18,4.26053
248,14,19,3.27417
248,15,16,4.56366
248,15,20,4.18237
248,16,17,4.79486
248,16,21,3.03684
248,17,18,2.21513
248,17,22,1.72909
248,18,19,2.10778
248,18,23,2.57876
248,19,24,1.94893
248,20,21,2.33839
248,21,22,3.10442
248,22,23,2.44609
248,23,24,3.21921
249,0,1,4.09233
249,0,5,5.91601
249,1,2,5.15084
249,1,6,4.19955
249,2,3,3.80942
249,2,7,3.26674
249,3,4,3.27894
249,3,8,6.65873
249,4,9,3.70029
249,5,6,2.70103
249,5,10,5.11913
249,6,7,4.47276
249,6,11,3.74959
249,7,8,3.76401
249,7,12,4.07837
249,8,9,2.88879
249,8,13,5.94265
249,9,14,2.31225
249,10,11,5.09196
249,10,15,5.13491
249,11,12,2.89619
249,11,16,4.12473
249,12,13,6.27635
249,12,17,5.00273
249,13,14,2.81998
249,13,18,2.30626
249,14,19,4.93355
249,15,16,6.36846
249,15,20,4.39809
249,16,17,5.43957
249,16,21,5.01123
249,17,18,5.3138
249,17,22,6.3225
249,18,19,5.66359
249,18,23,6.80358
249,19,24,4.06358
249,20,21,6.18844
249,21,22,3.44771
249,22,23,5.20306
249,23,24,3.68251
250,0,1,3.7813
250,0,5,3.59328
250,1,2,2.72057
250,1,6,2.78397
250,2,3,5.17864
250,2,7,5.28482
250,3,4,4.957
250,3,8,5.57897
250,4,9,4.59248
250,5,6,5.02165
250,5,10,4.13141
250,6,7,2.22319
250,6,11,3.06664
250,7,8,4.29722
250,7,12,4.12241
250,8,9,3.96645
250,8,13,4.47576
250,9,14,4.15373
250,10,11,2.92823
250,10,15,2.98859
250,11,12,5.73555
250,11,16,5.85502
250,12,13,2.96488
250,12,17,5.68865
250,13,14,5.7361
250,13,18,2.46779
250,14,19,2.8855
250,15,16,4.67579
250,15,20,6.13369
250,16,17,2.88631
250,16,21,3.93719
250,17,18,2.56802
250,17,22,2.57475
250,18,19,4.71001
250,18,23,6.44233
250,19,24,3.4265
250,20,21,4.04801
250,21,22,5.44993
250,22,23,2.03789
250,23,24,3.06371
251,0,1,5.11115
251,0,5,2.69833
251,1,2,6.07162
251,1,6,4.51499
251,2,3,5.72885
251,2,7,5.21866
251,3,4,2.18967
251,3,8,5.47295
251,4,9,2.20497
251,5,6,7.14736
251,5,10,5.79094
251,6,7,2.42214
251,6,11,3.88825
251,7,8,4.50286
251,7,12,4.60697
251,8,9,5.73347
251,8,13,4.15273
251,9,14,6.44598
251,10,11,4.26226
251,10,15,6.41206
251,11,12,3.6513
251,11,16,3.26352
251,12,13,4.87911
251,12,17,3.17514
251,13,14,6.76454
251,13,18,5.62173
251,14,19,4.76639
251,15,16,7.17174
251,15,20,6.62272
251,16,17,5.27591
251,16,21,7.0166
251,17,18,2.43477
251,17,22,5.49202
251,18,19,5.12511
251,18,23,6.87187
251,19,24,5.78938
251,20,21,2.57619
251,21,22,6.9976
251,22,23,3.47017
251,23,24,5.80288
252,0,1,5.72518
252,0,5,7.19624
252,1,2,3.65673
252,1,6,2.12007
252,2,3,7.00315
252,2,7,3.77475
252,3,4,6.2859
252,3,8,2.46475
252,4,9,2.67764
252,5,6,2.21084
252,5,10,2.40933
252,6,7,3.41179
252,6,11,1.18079
252,7,8,2.73491
252,7,12,4.60936
252,8,9,3.21502
252,8,13,5.08764
252,9,14,1.85612
252,10,11,3.15225
252,10,15,2.34231
252,11,12,6.28628
252,11,16,2.8414
252,12,13,3.5738
252,12,17,3.65817
252,13,14,2.83081
252,13,18,2.25618
252,14,19,3.08972
252,15,16,6.06565
252,15,20,3.47973
252,16,17,5.59324
252,16,21,2.62248
252,17,18,2.36276
252,17,22,5.24698
252,18,19,5.82882
252,18,23,3.12819
252,19,24,3.87964
252,20,21,3.4835
252,21,22,6.31552
252,22,23,4.07733
252,23,24,1.92601
253,0,1,7.49025
253,0,5,4.18152
253,1,2,3.31288
253,1,6,7.26607
253,2,3,6.44004
253,2,7,3.19428
253,3,4,4.41901
253,3,8,2.22968
253,4,9,5.39506
253,5,6,2.98227
253,5,10,5.47842
253,6,7,4.12216
253,6,11,5.35343
253,7,8,3.43293
253,7,12,5.68375
253,8,9,6.26219
253,8,13,6.28276
253,9,14,4.34686
253,10,11,3.24956
253,10,15,6.10055
253,11,12,3.24932
253,11,16,5.44707
253,12,13,5.4855
253,12,17,3.05479
253,13,14,2.50421
253,13,18,2.69623
253,14,19,5.25883
253,15,16,7.17949
253,15,20,5.68949
253,16,17,3.47585
253,16,21,3.98864
253,17,18,4.22609
253,17,22,3.80676
253,18,19,4.98732
253,18,23,3.57955
253,19,24,3.88171
253,20,21,4.55787
253,21,22,5.07521
253,22,23,6.4937
253,23,24,3.64805
254,0,1,3.40383
254,0,5,2.32771
254,1,2,4.16812
254,1,6,4.81035
254,2,3,5.16522
254,2,7,4.80897
254,3,4,3.94035
254,3,8,3.34066
254,4,9,3.29816
254,5,6,7.49779
254,5,10,3.69655
254,6,7,3.9024
254,6,11,4.66351
254,7,8,5.11911
254,7,12,6.05561
254,8,9,6.01995
254,8,13,2.19487
254,9,14,6.34725
254,10,11,2.1598
254,10,15,4.2606
254,11,12,7.73441
254,11,16,3.01753
254,12,13,4.50705
254,12,17,3.4367
254,13,14,6.21254
254,13,18,1.66823
254,14,19,2.72311
254,15,16,5.29532
254,15,20,3.49639
254,16,17,4.6129
254,16,21,6.25657
254,17,18,5.08818
254,17,22,3.85626
254,18,19,3.02899
254,18,23,2.6109
254,19,24,1.93741
254,20,21,6.82893
254,21,22,4.47383
254,22,23,4.6951
254,23,24,4.85798
255,0,1,4.56136
255,0,5,1.74542
255,1,2,2.71864
255,1,6,5.75359
255,2,3,2.22137
255,2,7,2.60416
255,3,4,2.86728
255,3,8,6.37075
255,4,9,2.17851
255,5,6,4.72134
255,5,10,5.32141
255,6,7,4.10804
255,6,11,5.735
255,7,8,5.16901
255,7,12,4.51673
255,8,9,5.03769
255,8,13,3.69021
255,9,14,5.3188
255,10,11,2.076
255,10,15,6.27138
255,11,12,5.75459
255,11,16,6.47396
255,12,13,3.32498
255,12,17,2.83508
255,13,14,6.30015
255,13,18,5.31013
255,14,19,4.39616
255,15,16,3.47932
255,15,20,5.82953
255,16,17,4.17352
255,16,21,4.18571
255,17,18,5.22786
255,17,22,4.5062
255,18,19,2.48981
255,18,23,4.16816
255,19,24,3.47262
255,20,21,5.59295
255,21,22,4.18718
255,22,23,5.69256
255,23,24,4.42914
256,0,1,4.16428
256,0,5,3.20081
256,1,2,5.82436
256,1,6,4.40165
256,2,3,6.33787
256,2,7,5.37162
256,3,4,5.45905
256,3,8,2.35429
256,4,9,2.13686
256,5,6,2.19266
256,5,10,2.62431
256,6,7,2.30784
256,6,11,3.34048
256,7,8,3.98525
256,7,12,4.97175
256,8,9,3.96652
256,8,13,5.56564
256,9,14,5.25629
256,10,11,5.4737
256,10,15,2.68036
256,11,12,5.48526
256,11,16,2.04067
256,12,13,4.34944
256,12,17,5.40154
256,13,14,1.69026
256,13,18,5.09101
256,14,19,2.62562
256,15,16,2.40154
256,15,20,2.2442
256,16,17,4.91369
256,16,21,3.89525
256,17,18,4.20437
256,17,22,3.41971
256,18,19,5.84059
256,18,23,2.91896
256,19,24,5.4717
256,20,21,4.30065
256,21,22,3.3494
256,22,23,3.20097
256,23,24,3.01854
257,0,1,4.42284
257,0,5,3.60944
257,1,2,3.41956
257,1,6,6.04946
257,2,3,3.54426
257,2,7,2.669
257,3,4,4.60055
257,3,8,4.94076
257,4,9,6.03907
257,5,6,3.43768
257,5,10,5.32701
257,6,7,4.42148
257,6,11,5.7992
257,7,8,3.86392
257,7,12,4.81963
257,8,9,6.25912
257,8,13,2.40487
257,9,14,3.5248
257,10,11,2.32176
257,10,15,4.1616
257,11,12,1.9785
257,11,16,2.74993
257,12,13,2.2228
257,12,17,2.17827
257,13,14,4.67154
257,13,18,5.62631
257,14,19,2.69655
257,15,16,3.91766
257,15,20,2.98223
257,16,17,2.7572
257,16,21,3.17257
257,17,18,4.04582
257,17,22,5.27123
257,18,19,3.50719
257,18,23,3.02406
257,19,24,3.17512
257,20,21,2.50413
257,21,22,5.14818
257,22,23,4.35829
257,23,24,2.29252
258,0,1,7.26942
258,0,5,4.69573
258,1,2,6.9224
258,1,6,2.78192
258,2,3,2.73839
258,2,7,5.7993
258,3,4,4.78336
258,3,8,3.43769
258,4,9,2.90316
258,5,6,3.89106
258,5,10,2.56054
258,6,7,4.91466
258,6,11,2.47753
258,7,8,5.51547
258,7,12,3.53769
258,8,9,4.11616
258,8,13,6.7194
258,9,14,2.73255
258,10,11,4.6684
258,10,15,2.99778
258,11,12,5.40351
258,11,16,5.2835
258,12,13,5.70882
258,12,17,4.65533
258,13,14,5.97093
258,13,18,6.07064
258,14,19,4.75781
258,15,16,7.15207
258,15,20,2.1802
258,16,17,5.27222
258,16,21,6.39466
258,17,18,2.2901
258,17,22,7.83581
258,18,19,4.48119
258,18,23,6.49276
258,19,24,4.05698
258,20,21,6.43114
258,21,22,4.71385
258,22,23,6.1254
258,23,24,6.82242
259,0,1,3.92436
259,0,5,5.37923
259,1,2,7.52314
259,1,6,2.35108
259,2,3,2.75336
259,2,7,2.43111
259,3,4,4.61285
259,3,8,5.53454
259,4,9,5.35353
259,5,6,2.47036
259,5,10,2.47207
259,6,7,3.74114
259,6,11,3.27934
259,7,8,7.20405
259,7,12,5.1543
259,8,9,5.59985
259,8,13,3.365
259,9,14,3.87084
259,10,11,3.59829
259,10,15,4.09576
259,11,12,6.86975
259,11,16,2.03748
259,12,13,4.37469
259,12,17,3.64711
259,13,14,5.31103
259,13,18,7.56543
259,14,19,7.543
259,15,16,7.04425
259,15,20,5.18431
259,16,17,2.44953
259,16,21,6.25241
259,17,18,7.05018
259,17,22,3.99429
259,18,19,5.41175
259,18,23,2.73193
259,19,24,6.00051
259,20,21,5.18639
259,21,22,3.82128
259,22,23,2.81808
259,23,24,2.9685
260,0,1,3.44693
260,0,5,4.63296
260,1,2,5.26994
260,1,6,2.69762
260,2,3,1.99806
260,2,7,5.69409
260,3,4,3.66115
260,3,8,2.99879
260,4,9,6.66836
260,5,6,2.85713
260,5,10,6.54089
260,6,7,5.22658
260,6,11,4.76897
260,7,8,5.18199
260,7,12,3.86325
260,8,9,3.5958
260,8,13,2.11381
260,9,14,3.82801
260,10,11,5.2199
260,10,15,2.58902
260,11,12,2.20618
260,11,16,4.46998
260,12,13,3.48487
260,12,17,3.69634
260,13,14,3.72834
260,13,18,5.64263
260,14,19,4.7227
260,15,16,3.66317
260,15,20,4.60665
260,16,17,3.61583
260,16,21,4.20865
260,17,18,5.44297
260,17,22,3.02454
260,18,19,2.70136
260,18,23,5.4399
260,19,24,4.43922
260,20,21,6.21095
260,21,22,3.89877
260,22,23,5.17863
260,23,24,3.12381
261,0,1,2.60262
261,0,5,2.57973
261,1,2,4.00245
261,1,6,4.06558
261,2,3,2.01062
261,2,7,2.3013
261,3,4,3.95113
261,3,8,5.11964
261,4,9,6.03026
261,5,6,6.54373
261,5,10,2.35381
261,6,7,3.65168
261,6,11,6.24171
261,7,8,3.103
261,7,12,3.12067
261,8,9,2.50241
261,8,13,4.08377
261,9,14,2.73323
261,10,11,3.40583
261,10,15,5.29918
261,11,12,3.6053
261,11,16,6.5407
261,12,13,1.5584
261,12,17,5.71088
261,13,14,3.07006
261,13,18,3.89508
261,14,19,3.2372
261,15,16,2.11064
261,15,20,5.7189
261,16,17,2.32889
261,16,21,2.81589
261,17,18,4.49957
261,17,22,2.4688
261,18,19,2.33625
261,18,23,2.52363
261,19,24,4.66593
261,20,21,7.26183
261,21,22,1.63183
261,22,23,4.29215
261,23,24,5.29432
262,0,1,4.66226
262,0,5,3.32968
262,1,2,4.05395
262,1,6,7.96385
262,2,3,3.97487
262,2,7,5.17595
262,3,4,6.09231
262,3,8,6.23601
262,4,9,2.81691
262,5,6,5.16095
262,5,10,4.66772
262,6,7,3.1593
262,6,11,6.47772
262,7,8,3.41162
262,7,12,6.21037
262,8,9,2.4012
262,8,13,3.59459
262,9,14,5.67099
262,10,11,3.75021
262,10,15,5.21857
262,11,12,4.02251
262,11,16,5.2026
262,12,13,2.70954
262,12,17,6.68874
262,13,14,5.22488
262,13,18,4.97452
262,14,19,5.1107
262,15,16,2.70232
262,15,20,3.78242
262,16,17,3.94535
262,16,21,2.91214
262,17,18,5.06686
262,17,22,4.26506
262,18,19,2.08371
262,18,23,5.20088
262,19,24,6.35573
262,20,21,6.28595
262,21,22,3.31833
262,22,23,5.23481
262,23,24,6.9977
263,0,1,5.13516
263,0,5,2.70953
263,1,2,5.32144
263,1,6,5.08653
263,2,3,4.62195
263,2,7,2.59275
263,3,4,5.34473
263,3,8,4.0004
263,4,9,3.4265
263,5,6,4.84644
263,5,10,4.5751
263,6,7,2.63616
263,6,11,4.0479
263,7,8,3.47644
263,7,12,4.31152
263,8,9,4.73485
263,8,13,3.48164
263,9,14,4.92861
263,10,11,5.91585
263,10,15,4.81683
263,11,12,2.84038
263,11,16,6.64465
263,12,13,5.98512
263,12,17,2.41299
263,13,14,3.12025
263,13,18,2.02767
263,14,19,5.7108
263,15,16,2.69433
263,15,20,5.19248
263,16,17,2.62573
263,16,21,4.37219
263,17,18,5.71835
263,17,22,5.78154
263,18,19,1.91161
263,18,23,3.82279
263,19,24,6.01235
263,20,21,2.77916
263,21,22,3.93057
263,22,23,5.47395
263,23,24,2.80438
264,0,1,2.71076
264,0,5,4.99013
264,1,2,4.31915
264,1,6,3.62758
264,2,3,4.70587
264,2,7,3.455
264,3,4,4.81398
264,3,8,4.91632
264,4,9,2.53274
264,5,6,3.23224
264,5,10,5.58482
264,6,7,2.82746
264,6,11,3.68864
264,7,8,4.8822
264,7,12,2.30074
264,8,9,5.0902
264,8,13,3.07946
264,9,14,3.15204
264,10,11,3.48785
264,10,15,3.92452
264,11,12,3.53378
264,11,16,2.52934
264,12,13,2.86207
264,12,17,2.59571
264,13,14,5.42461
264,13,18,3.41299
264,14,19,5.5104
264,15,16,5.31276
264,15,20,3.00371
264,16,17,5.12288
264,16,21,5.82381
264,17,18,3.81073
264,17,22,5.17203
264,18,19,5.84952
264,18,23,7.20003
264,19,24,6.29534
264,20,21,6.36831
264,21,22,5.11846
264,22,23,2.40947
264,23,24,2.50974
265,0,1,4.91469
265,0,5,3.68401
265,1,2,2.38694
265,1,6,4.37495
265,2,3,2.31116
265,2,7,3.32256
265,3,4,3.69251
265,3,8,3.62173
265,4,9,4.8693
265,5,6,2.10683
265,5,10,2.96108
265,6,7,2.247
265,6,11,1.99232
265,7,8,4.08525
265,7,12,4.19477
265,8,9,2.91685
265,8,13,2.19296
265,9,14,3.64572
265,10,11,5.29947
265,10,15,3.23252
265,11,12,3.8619
265,11,16,3.93228
265,12,13,3.04331
265,12,17,3.82419
265,13,14,5.25925
265,13,18,2.14609
265,14,19,4.34443
265,15,16,4.98488
265,15,20,2.73824
265,16,17,2.18893
265,16,21,2.98976
265,17,18,4.43004
265,17,22,3.80927
265,18,19,3.71188
265,18,23,2.56345
265,19,24,2.16878
265,20,21,3.19253
265,21,22,4.63876
265,22,23,6.53701
265,23,24,3.01558
266,0,1,3.43463
266,0,5,2.16484
266,1,2,5.4836
266,1,6,4.52956
266,2,3,4.39326
266,2,7,2.88968
266,3,4,3.68295
266,3,8,5.09455
266,4,9,5.1692
266,5,6,3.86785
266,5,10,4.15573
266,6,7,3.62616
266,6,11,3.7174
266,7,8,6.50309
266,7,12,1.9494
266,8,9,1.72119
266,8,13,3.28631
266,9,14,2.92218
266,10,11,2.83261
266,10,15,4.0724
266,11,12,4.07921
266,11,16,3.95642
266,12,13,3.88219
266,12,17,2.03319
266,13,14,4.1995
266,13,18,5.64261
266,14,19,3.32726
266,15,16,2.17821
266,15,20,2.818
266,16,17,3.19251
266,16,21,2.83937
266,17,18,4.74541
266,17,22,3.31078
266,18,19,5.96301
266,18,23,1.8884
266,19,24,5.2548
266,20,21,2.52835
266,21,22,5.02982
266,22,23,3.84855
266,23,24,3.22259
267,0,1,3.48636
267,0,5,2.50633
267,1,2,1.98434
267,1,6,3.28896
267,2,3,3.80931
267,2,7,5.30161
267,3,4,2.39333
267,3,8,4.14778
267,4,9,2.21727
267,5,6,4.44744
267,5,10,2.509
267,6,7,5.47989
267,6,11,5.7983
267,7,8,2.1479
267,7,12,3.10975
267,8,9,5.74183
267,8,13,6.23286
267,9,14,3.94778
267,10,11,5.25727
267,10,15,5.60435
267,11,12,2.60051
267,11,16,7.11387
267,12,13,4.18135
267,12,17,2.81379
267,13,14,5.4604
267,13,18,3.35146
267,14,19,1.66569
267,15,16,2.66509
267,15,20,7.84727
267,16,17,2.35486
267,16,21,1.8039
267,17,18,2.42253
267,17,22,2.87211
267,18,19,1.41012
267,18,23,5.78102
267,19,24,3.92819
267,20,21,3.9821
267,21,22,4.72486
267,22,23,4.39526
267,23,24,5.35527
268,0,1,4.19908
268,0,5,2.52532
268,1,2,1.5722
268,1,6,3.32509
268,2,3,2.23889
268,2,7,3.16718
268,3,4,4.56953
268,3,8,4.57753
268,4,9,5.54565
268,5,6,4.01369
268,5,10,4.4255
268,6,7,2.43346
268,6,11,5.69889
268,7,8,3.72067
268,7,12,2.64768
268,8,9,4.536
268,8,13,4.11246
268,9,14,6.01013
268,10,11,2.83291
268,10,15,4.17294
268,11,12,3.77012
268,11,16,4.09894
268,12,13,3.01886
268,12,17,2.80423
268,13,14,5.74163
268,13,18,4.03233
268,14,19,5.6375
268,15,16,1.96465
268,15,20,6.37429
268,16,17,2.15893
268,16,21,3.5293
268,17,18,2.30261
268,17,22,3.8056
268,18,19,2.10408
268,18,23,3.71517
268,19,24,2.09724
268,20,21,5.31465
268,21,22,1.86911
268,22,23,6.36051
268,23,24,2.97142
269,0,1,6.24588
269,0,5,3.75387
269,1,2,5.91142
269,1,6,4.73947
269,2,3,5.34796
269,2,7,4.24218
269,3,4,2.11425
269,3,8,3.13784
269,4,9,5.94736
269,5,6,2.94107
269,5,10,3.93406
269,6,7,3.2077
269,6,11,5.16482
269,7,8,6.02931
269,7,12,2.31424
269,8,9,2.80319
269,8,13,6.00631
269,9,14,4.74236
269,10,11,3.28893
269,10,15,3.44666
269,11,12,4.72377
269,11,16,5.721
269,12,13,4.3942
269,12,17,2.99638
269,13,14,4.75614
269,13,18,6.3245
269,14,19,2.94035
269,15,16,4.37739
269,15,20,6.19302
269,16,17,3.4105
269,16,21,4.48394
269,17,18,4.32024
269,17,22,3.35989
269,18,19,5.14795
269,18,23,7.18958
269,19,24,5.49581
269,20,21,6.24879
269,21,22,2.47088
269,22,23,4.77538
269,23,24,6.11792
270,0,1,2.73539
270,0,5,3.46
270,1,2,3.2458
270,1,6,2.2275
270,2,3,5.14059
270,2,7,2.71511
270,3,4,3.47941
270,3,8,3.32135
270,4,9,4.12101
270,5,6,6.03403
270,5,10,4.18379
270,6,7,2.74736
270,6,11,1.61393
270,7,8,2.70558
270,7,12,3.12344
270,8,9,2.7749
270,8,13,2.49521
270,9,14,5.3399
270,10,11,2.80974
270,10,15,2.52141
270,11,12,4.13292
270,11,16,2.37224
270,12,13,5.95417
270,12,17,2.43736
270,13,14,3.0181
270,13,18,1.90356
270,14,19,3.16052
270,15,16,5.44386
270,15,20,3.81863
270,16,17,2.19641
270,16,21,2.50322
270,17,18,4.23743
270,17,22,5.22113
270,18,19,3.69645
270,18,23,3.12041
270,19,24,4.08521
270,20,21,2.41525
270,21,22,4.26147
270,22,23,3.32594
270,23,24,3.31001
271,0,1,5.26157
271,0,5,2.98028
271,1,2,7.58985
271,1,6,6.78868
271,2,3,3.85899
271,2,7,4.81756
271,3,4,6.40644
271,3,8,4.44589
271,4,9,6.6971
271,5,6,4.09064
271,5,10,2.56099
271,6,7,4.37533
271,6,11,5.72736
271,7,8,6.03897
271,7,12,3.50125
271,8,9,3.63509
271,8,13,4.17651
271,9,14,2.23006
271,10,11,3.93249
271,10,15,4.95687
271,11,12,5.74823
271,11,16,1.92605
271,12,13,5.89939
271,12,17,4.17666
271,13,14,3.52329
271,13,18,6.43103
271,14,19,2.39762
271,15,16,6.04052
271,15,20,2.53193
271,16,17,6.41503
271,16,21,4.71556
271,17,18,2.91694
271,17,22,6.29049
271,18,19,4.91758
271,18,23,3.35973
271,19,24,4.44513
271,20,21,3.0615
271,21,22,2.86328
271,22,23,5.97719
271,23,24,6.39597
272,0,1,2.4279
272,0,5,2.45174
272,1,2,2.7427
272,1,6,3.64034
272,2,3,4.09666
272,2,7,4.48133
272,3,4,3.77266
272,3,8,2.49564
272,4,9,1.86002
272,5,6,3.90097
272,5,10,4.05459
272,6,7,5.72929
272,6,11,2.79707
272,7,8,3.11059
272,7,12,5.11714
272,8,9,4.0255
272,8,13,5.23651
272,9,14,2.14184
272,10,11,3.15571
272,10,15,2.73486
272,11,12,2.46455
272,11,16,5.573
272,12,13,3.96979
272,12,17,2.1173
272,13,14,2.66383
272,13,18,4.36516
272,14,19,3.93625
272,15,16,2.37006
272,15,20,4.73285
272,16,17,2.72609
272,16,21,2.15194
272,17,18,4.1237
272,17,22,2.33317
272,18,19,2.57715
272,18,23,4.39996
272,19,24,2.5482
272,20,21,2.6705
272,21,22,2.50881
272,22,23,6.63451
272,23,24,4.23841
273,0,1,5.33992
273,0,5,6.8065
273,1,2,4.19188
273,1,6,4.89488
273,2,3,6.78275
273,2,7,3.07811
273,3,4,3.853
273,3,8,5.45461
273,4,9,6.15585
273,5,6,2.02572
273,5,10,5.52716
273,6,7,5.86162
273,6,11,4.33719
273,7,8,6.12025
273,7,12,4.21724
273,8,9,2.60668
273,8,13,4.36042
273,9,14,3.13963
273,10,11,2.15073
273,10,15,2.55716
273,11,12,6.13847
273,11,16,4.6786
273,12,13,4.67172
273,12,17,5.03323
273,13,14,5.02477
273,13,18,7.05176
273,14,19,2.88868
273,15,16,5.51101
273,15,20,4.39445
273,16,17,3.12715
273,16,21,6.38952
273,17,18,3.23165
273,17,22,6.10766
273,18,19,7.22558
273,18,23,3.51648
273,19,24,5.95903
273,20,21,5.23459
273,21,22,3.12437
273,22,23,5.53846
273,23,24,3.03843
274,0,1,2.3885
274,0,5,6.7319
274,1,2,2.32191
274,1,6,1.49957
274,2,3,5.15429
274,2,7,2.90243
274,3,4,5.69587
274,3,8,1.37971
274,4,9,3.10541
274,5,6,1.58002
274,5,10,2.19666
274,6,7,2.7339
274,6,11,3.29181
274,7,8,2.20669
274,7,12,3.82783
274,8,9,1.37506
274,8,13,3.02166
274,9,14,3.71291
274,10,11,2.6993
274,10,15,3.41605
274,11,12,3.40844
274,11,16,4.50984
274,12,13,6.10369
274,12,17,3.6878
274,13,14,4.4
274,13,18,2.71987
274,14,19,2.72615
274,15,16,6.39592
274,15,20,2.00487
274,16,17,5.55312
274,16,21,7.25988
274,17,18,1.91935
274,17,22,3.28879
274,18,19,6.14465
274,18,23,2.80462
274,19,24,5.00569
274,20,21,2.84141
274,21,22,6.30229
274,22,23,2.23089
274,23,24,2.96455
275,0,1,3.74072
275,0,5,4.20739
275,1,2,5.24379
275,1,6,6.53107
275,2,3,4.51009
275,2,7,4.48222
275,3,4,3.87471
275,3,8,3.46122
275,4,9,3.24931
275,5,6,3.14836
275,5,10,5.0362
275,6,7,4.36517
275,6,11,6.52916
275,7,8,4.35891
275,7,12,4.78922
275,8,9,3.55439
275,8,13,6.71259
275,9,14,2.5414
275,10,11,3.18295
275,10,15,6.67788
275,11,12,5.44922
275,11,16,2.7005
275,12,13,2.97394
275,12,17,4.42946
275,13,14,5.34064
275,13,18,6.94846
275,14,19,4.87264
275,15,16,5.54327
275,15,20,3.33325
275,16,17,5.4849
275,16,21,3.47519
275,17,18,2.30865
275,17,22,4.66767
275,18,19,2.72029
275,18,23,6.04322
275,19,24,2.76196
275,20,21,4.61913
275,21,22,6.03242
275,22,23,3.76011
275,23,24,2.52719
276,0,1,4.65363
276,0,5,4.7957
276,1,2,4.2586
276,1,6,2.21131
276,2,3,2.78622
276,2,7,4.70966
276,3,4,2.43079
276,3,8,2.19127
276,4,9,3.57911
276,5,6,2.18093
276,5,10,6.2155
276,6,7,2.50958
276,6,11,4.10724
276,7,8,2.91929
276,7,12,2.00488
276,8,9,2.96145
276,8,13,4.08429
276,9,14,4.24872
276,10,11,2.90905
276,10,15,5.47476
276,11,12,1.39116
276,11,16,6.35795
276,12,13,2.59506
276,12,17,3.54686
276,13,14,6.32671
276,13,18,1.98177
276,14,19,2.18402
276,15,16,3.08707
276,15,20,2.31116
276,16,17,2.73334
276,16,21,3.37775
276,17,18,3.14343
276,17,22,2.12963
276,18,19,2.01422
276,18,23,3.31287
276,19,24,2.723
276,20,21,4.65704
276,21,22,3.53258
276,22,23,3.25773
276,23,24,3.57697
277,0,1,4.46788
277,0,5,3.34178
277,1,2,2.58356
277,1,6,3.82919
277,2,3,4.9045
277,2,7,6.085
277,3,4,5.41684
277,3,8,4.52376
277,4,9,2.12493
277,5,6,3.72975
277,5,10,3.34445
277,6,7,3.57191
277,6,11,4.41818
277,7,8,4.17209
277,7,12,3.4361
277,8,9,4.91557
277,8,13,7.00742
277,9,14,4.16219
277,10,11,2.83109
277,10,15,3.75142
277,11,12,6.80494
277,11,16,2.69603
277,12,13,6.82696
277,12,17,6.24004
277,13,14,2.3345
277,13,18,2.98005
277,14,19,3.04893
277,15,16,2.76329
277,15,20,5.37853
277,16,17,5.26859
277,16,21,3.74502
277,17,18,3.68729
277,17,22,5.94371
277,18,19,7.09368
277,18,23,5.81744
277,19,24,5.89957
277,20,21,6.02204
277,21,22,6.65351
277,22,23,4.0487
277,23,24,4.87516
278,0,1,5.88527
278,0,5,4.52465
278,1,2,3.27887
278,1,6,2.18144
278,2,3,4.16887
278,2,7,3.22666
278,3,4,2.46561
278,3,8,4.16802
278,4,9,1.97057
278,5,6,7.71755
278,5,10,3.1244
278,6,7,2.90761
278,6,11,5.18458
278,7,8,6.1188
278,7,12,5.86036
278,8,9,5.63185
278,8,13,3.68492
278,9,14,5.07139
278,10,11,2.78994
278,10,15,3.46938
278,11,12,7.84174
278,11,16,3.32839
278,12,13,7.36237
278,12,17,8.40922
278,13,14,2.30899
278,13,18,3.65731
278,14,19,4.61033
278,15,16,5.48334
278,15,20,2.44567
278,16,17,2.43172
278,16,21,3.58023
278,17,18,4.60315
278,17,22,4.07218
278,18,19,3.56244
278,18,23,2.75934
278,19,24,4.64752
278,20,21,3.78489
278,21,22,7.34974
278,22,23,2.65636
278,23,24,3.51181
279,0,1,4.83446
279,0,5,2.6075
279,1,2,4.88456
279,1,6,1.80931
279,2,3,3.94834
279,2,7,2.97826
279,3,4,2.62771
279,3,8,3.06132
279,4,9,5.65927
279,5,6,2.52153
279,5,10,3.83191
279,6,7,2.92553
279,6,11,2.02395
279,7,8,2.09973
279,7,12,5.55213
279,8,9,4.63618
279,8,13,6.58042
279,9,14,5.1087
279,10,11,2.68821
279,10,15,4.02418
279,11,12,5.18675
279,11,16,3.00328
279,12,13,3.96506
279,12,17,2.7113
279,13,14,4.68721
279,13,18,4.92586
279,14,19,3.07417
279,15,16,6.35232
279,15,20,2.56479
279,16,17,5.70472
279,16,21,7.63096
279,17,18,2.30481
279,17,22,6.53113
279,18,19,3.3995
279,18,23,2.9475
279,19,24,3.65453
279,20,21,1.70353
279,21,22,6.94146
279,22,23,3.43219
279,23,24,5.08053
280,0,1,4.50966
280,0,5,2.32609
280,1,2,4.48242
280,1,6,3.59058
280,2,3,4.91326
280,2,7,5.168
280,3,4,3.66297
280,3,8,5.88949
280,4,9,3.24626
280,5,6,3.4069
280,5,10,5.83365
280,6,7,4.92702
280,6,11,5.44948
280,7,8,2.92666
280,7,12,4.64692
280,8,9,5.54505
280,8,13,5.92647
280,9,14,4.36944
280,10,11,3.16615
280,10,15,3.05134
280,11,12,5.46095
280,11,16,2.50981
280,12,13,5.0234
280,12,17,3.68488
280,13,14,2.25023
280,13,18,6.57979
280,14,19,4.25827
280,15,16,2.84186
280,15,20,3.1728
280,16,17,3.96947
280,16,21,2.55907
280,17,18,6.03287
280,17,22,6.11644
280,18,19,7.2853
280,18,23,6.40666
280,19,24,3.51945
280,20,21,6.36622
280,21,22,2.80135
280,22,23,2.04571
280,23,24,6.52601
281,0,1,3.61707
281,0,5,3.40596
281,1,2,2.69604
281,1,6,3.7906
281,2,3,3.5759
281,2,7,5.19619
281,3,4,3.85053
281,3,8,4.82346
281,4,9,4.90751
281,5,6,2.94378
281,5,10,3.10501
281,6,7,5.6304
281,6,11,2.73169
281,7,8,3.84502
281,7,12,6.13139
281,8,9,4.76248
281,8,13,3.1597
281,9,14,2.53875
281,10,11,5.41864
281,10,15,6.34388
281,11,12,4.12552
281,11,16,4.08492
281,12,13,2.30356
281,12,17,3.63034
281,13,14,4.8053
281,13,18,3.50445
281,14,19,3.32328
281,15,16,5.73234
281,15,20,6.11244
281,16,17,3.04458
281,16,21,4.73722
281,17,18,2.19325
281,17,22,2.04548
281,18,19,4.27448
281,18,23,2.70144
281,19,24,3.32458
281,20,21,2.55006
281,21,22,3.15389
281,22,23,3.38578
281,23,24,6.5455
282,0,1,2.00667
282,0,5,4.1618
282,1,2,3.1835
282,1,6,3.60766
282,2,3,3.05835
282,2,7,3.44192
282,3,4,2.46739
282,3,8,5.03533
282,4,9,6.10788
282,5,6,5.13144
282,5,10,2.13268
282,6,7,1.9903
282,6,11,4.15368
282,7,8,3.90456
282,7,12,4.4537
282,8,9,6.0212
282,8,13,3.09042
282,9,14,4.13491
282,10,11,3.29546
282,10,15,2.73955
282,11,12,4.55684
282,11,16,4.73905
282,12,13,3.68475
282,12,17,5.42131
282,13,14,3.56997
282,13,18,3.59997
282,14,19,6.5089
282,15,16,2.58166
282,15,20,4.67796
282,16,17,2.38619
282,16,21,4.22969
282,17,18,2.61924
282,17,22,4.06691
282,18,19,2.42484
282,18,23,2.24684
282,19,24,4.45414
282,20,21,4.84565
282,21,22,2.10862
282,22,23,2.98547
282,23,24,4.82657
283,0,1,2.28735
283,0,5,2.87577
283,1,2,4.43951
283,1,6,3.8472
283,2,3,2.93807
283,2,7,6.41951
283,3,4,3.34615
283,3,8,1.96802
283,4,9,2.08965
283,5,6,3.84942
283,5,10,3.42351
283,6,7,1.91307
283,6,11,2.83026
283,7,8,3.76818
283,7,12,4.62859
283,8,9,5.30536
283,8,13,3.91589
283,9,14,4.19997
283,10,11,2.75511
283,10,15,4.12423
283,11,12,1.30673
283,11,16,3.3425
283,12,13,4.05115
283,12,17,1.54184
283,13,14,2.63609
283,13,18,4.93738
283,14,19,1.92017
283,15,16,1.83849
283,15,20,3.60183
283,16,17,4.51862
283,16,21,3.8277
283,17,18,5.1076
283,17,22,4.05354
283,18,19,4.01743
283,18,23,3.88816
283,19,24,5.01574
283,20,21,5.06557
283,21,22,2.40679
283,22,23,3.26207
283,23,24,3.3273
284,0,1,3.23999
284,0,5,3.74205
284,1,2,2.90473
284,1,6,6.25821
284,2,3,4.022
284,2,7,3.41965
284,3,4,2.72008
284,3,8,6.31821
284,4,9,5.5826
284,5,6,3.48934
284,5,10,3.71035
284,6,7,3.80272
284,6,11,6.68482
284,7,8,2.82434
284,7,12,5.02414
284,8,9,6.95417
284,8,13,4.82113
284,9,14,4.48029
284,10,11,5.1977
284,10,15,4.18927
284,11,12,3.61768
284,11,16,5.45848
284,12,13,2.20303
284,12,17,5.95384
284,13,14,5.10067
284,13,18,4.94386
284,14,19,4.04976
284,15,16,3.18812
284,15,20,2.78313
284,16,17,3.00345
284,16,21,2.42915
284,17,18,6.73201
284,17,22,4.47329
284,18,19,5.91642
284,18,23,4.748
284,19,24,5.58757
284,20,21,3.61669
284,21,22,5.28837
284,22,23,3.04958
284,23,24,6.32085
285,0,1,4.83765
285,0,5,5.04721
285,1,2,5.16646
285,1,6,3.80446
285,2,3,5.53858
285,2,7,5.09351
285,3,4,5.3795
285,3,8,4.56496
285,4,9,2.90837
285,5,6,2.22617
285,5,10,4.72523
285,6,7,3.32956
285,6,11,2.53144
285,7,8,3.47529
285,7,12,4.08183
285,8,9,5.09363
285,8,13,3.15713
285,9,14,4.69561
285,10,11,3.25647
285,10,15,4.15351
285,11,12,5.71636
285,11,16,2.64129
285,12,13,4.3859
285,12,17,5.21745
285,13,14,5.26177
285,13,18,3.82312
285,14,19,3.02811
285,15,16,2.99693
285,15,20,2.06507
285,16,17,4.35554
285,16,21,4.08825
285,17,18,5.0043
285,17,22,4.61062
285,18,19,3.92768
285,18,23,3.43469
285,19,24,5.55201
285,20,21,4.69198
285,21,22,5.80819
285,22,23,3.92305
285,23,24,4.83071
286,0,1,8.2163
286,0,5,5.42014
286,1,2,6.04567
286,1,6,5.13476
286,2,3,7.39743
286,2,7,4.15962
286,3,4,5.48128
286,3,8,4.49747
286,4,9,2.84314
286,5,6,2.54557
286,5,10,2.98452
286,6,7,5.94585
286,6,11,3.66223
286,7,8,3.77744
286,7,12,4.33938
286,8,9,5.63021
286,8,13,5.36017
286,9,14,4.98283
286,10,11,5.7225
286,10,15,3.89006
286,11,12,2.90866
286,11,16,3.50874
286,12,13,4.53561
286,12,17,4.47264
286,13,14,2.64783
286,13,18,6.68679
286,14,19,2.64059
286,15,16,3.26109
286,15,20,4.85201
286,16,17,6.97711
286,16,21,5.33288
286,17,18,3.59502
286,17,22,6.62795
286,18,19,7.06512
286,18,23,5.0482
286,19,24,2.41134
286,20,21,2.72726
286,21,22,4.94831
286,22,23,6.13967
286,23,24,3.03513
287,0,1,3.12502
287,0,5,2.66293
287,1,2,2.96026
287,1,6,3.55292
287,2,3,2.74764
287,2,7,4.82483
287,3,4,3.96794
287,3,8,2.26064
287,4,9,2.12623
287,5,6,3.84165
287,5,10,2.84595
287,6,7,3.4458
287,6,11,2.59439
287,7,8,2.02077
287,7,12,2.40375
287,8,9,3.22544
287,8,13,3.37707
287,9,14,4.57211
287,10,11,3.83853
287,10,15,2.27327
287,11,12,4.47227
287,11,16,3.14098
287,12,13,3.87268
287,12,17,4.85154
287,13,14,5.84278
287,13,18,2.82991
287,14,19,4.96628
287,15,16,4.24909
287,15,20,3.63536
287,16,17,6.09632
287,16,21,5.59498
287,17,18,2.19334
287,17,22,4.69484
287,18,19,4.9263
287,18,23,2.61327
287,19,24,6.01916
287,20,21,3.88118
287,21,22,3.34293
287,22,23,3.42739
287,23,24,4.84466
288,0,1,6.33843
288,0,5,3.41332
288,1,2,4.38113
288,1,6,5.10158
288,2,3,5.27389
288,2,7,4.77305
288,3,4,4.4064
288,3,8,5.4728
288,4,9,5.3007
288,5,6,2.25117
288,5,10,2.53775
288,6,7,5.7029
288,6,11,2.14772
288,7,8,2.91485
288,7,12,4.44438
288,8,9,5.5764
288,8,13,3.90596
288,9,14,2.22117
288,10,11,3.34668
288,10,15,5.1307
288,11,12,5.09846
288,11,16,4.43936
288,12,13,2.98619
288,12,17,2.77565
288,13,14,4.10555
288,13,18,4.78906
288,14,19,2.02882
288,15,16,6.82558
288,15,20,2.49105
288,16,17,3.93102
288,16,21,4.48794
288,17,18,4.81791
288,17,22,4.51864
288,18,19,5.34883
288,18,23,5.63807
288,19,24,4.09867
288,20,21,3.55583
288,21,22,3.54801
288,22,23,5.93979
288,23,24,2.23042
289,0,1,4.52517
289,0,5,6.65785
289,1,2,7.76202
289,1,6,2.67224
289,2,3,4.32548
289,2,7,4.31954
289,3,4,4.1384
289,3,8,4.54084
289,4,9,2.70537
289,5,6,3.57314
289,5,10,5.70247
289,6,7,6.02278
289,6,11,3.03449
289,7,8,2.06767
289,7,12,3.42286
289,8,9,2.10891
289,8,13,6.01878
289,9,14,5.75286
289,10,11,3.98984
289,10,15,1.6161
289,11,12,4.37346
289,11,16,3.60804
289,12,13,3.10335
289,12,17,5.69171
289,13,14,2.8119
289,13,18,4.54191
289,14,19,4.25051
289,15,16,7.27805
289,15,20,4.69214
289,16,17,3.87803
289,16,21,8.20206
289,17,18,3.12542
289,17,22,6.82936
289,18,19,6.02931
289,18,23,5.34176
289,19,24,4.20159
289,20,21,1.89024
289,21,22,4.25964
289,22,23,5.12751
289,23,24,2.0783
290,0,1,4.62626
290,0,5,2.90178
290,1,2,5.22961
290,1,6,4.87896
290,2,3,3.9425
290,2,7,5.31795
290,3,4,2.28557
290,3,8,3.16626
290,4,9,2.48752
290,5,6,3.57984
290,5,10,5.98188
290,6,7,6.28824
290,6,11,4.63512
290,7,8,2.39976
290,7,12,4.94544
290,8,9,4.59792
290,8,13,7.62562
290,9,14,2.29408
290,10,11,4.84803
290,10,15,3.99334
290,11,12,2.29466
290,11,16,5.34454
290,12,13,6.10179
290,12,17,3.23617
290,13,14,3.95169
290,13,18,6.79734
290,14,19,1.88969
290,15,16,4.31581
290,15,20,3.46064
290,16,17,5.54134
290,16,21,4.62611
290,17,18,3.75429
290,17,22,3.66438
290,18,19,5.5662
290,18,23,5.22167
290,19,24,3.37387
290,20,21,1.7149
290,21,22,4.36564
290,22,23,2.84499
290,23,24,5.19872
291,0,1,3.33554
291,0,5,2.38746
291,1,2,2.39043
291,1,6,4.48905
291,2,3,5.32997
291,2,7,4.25742
291,3,4,2.68723
291,3,8,3.97879
291,4,9,3.02141
291,5,6,4.14939
291,5,10,4.68622
291,6,7,3.52748
291,6,11,3.90848
291,7,8,4.05183
291,7,12,3.40805
291,8,9,4.44703
291,8,13,2.45986
291,9,14,2.63649
291,10,11,5.22473
291,10,15,5.36711
291,11,12,3.48321
291,11,16,5.00425
291,12,13,2.74934
291,12,17,4.20113
291,13,14,3.27848
291,13,18,1.97095
291,14,19,4.35422
291,15,16,4.18721
291,15,20,2.7905
291,16,17,2.36155
291,16,21,3.95018
291,17,18,3.12657
291,17,22,2.49764
291,18,19,3.67209
291,18,23,4.0222
291,19,24,2.41359
291,20,21,5.13379
291,21,22,4.38596
291,22,23,2.5605
291,23,24,2.19483
292,0,1,2.77768
292,0,5,5.87031
292,1,2,4.00225
292,1,6,3.59707
292,2,3,4.6222
292,2,7,5.6865
292,3,4,5.05377
292,3,8,4.58989
292,4,9,3.75851
292,5,6,3.2017
292,5,10,4.16976
292,6,7,6.86471
292,6,11,4.51775
292,7,8,2.96891
292,7,12,3.45884
292,8,9,4.15804
292,8,13,5.9732
292,9,14,5.85077
292,10,11,5.00638
292,10,15,5.39845
292,11,12,6.06227
292,11,16,3.5008
292,12,13,6.34771
292,12,17,6.31533
292,13,14,4.51278
292,13,18,2.82743
292,14,19,2.87025
292,15,16,4.76367
292,15,20,4.26233
292,16,17,2.61658
292,16,21,3.87397
292,17,18,2.14117
292,17,22,3.47672
292,18,19,3.46239
292,18,23,2.65521
292,19,24,4.64373
292,20,21,2.37078
292,21,22,4.73113
292,22,23,3.41144
292,23,24,3.33357
293,0,1,7.81999
293,0,5,2.46164
293,1,2,4.55818
293,1,6,6.78899
293,2,3,4.16592
293,2,7,3.41311
293,3,4,4.37588
293,3,8,3.00093
293,4,9,3.49936
293,5,6,2.36938
293,5,10,5.39282
293,6,7,3.56096
293,6,11,3.27547
293,7,8,6.95303
293,7,12,5.47333
293,8,9,5.12915
293,8,13,5.95217
293,9,14,3.25199
293,10,11,5.91172
293,10,15,6.7836
293,11,12,6.0698
293,11,16,2.85549
293,12,13,5.00327
293,12,17,2.18155
293,13,14,5.78978
293,13,18,5.23395
293,14,19,7.25795
293,15,16,4.64481
293,15,20,4.51765
293,16,17,6.16743
293,16,21,4.45528
293,17,18,5.70859
293,17,22,5.35369
293,18,19,3.41787
293,18,23,5.66196
293,19,24,5.16053
293,20,21,6.4614
293,21,22,3.76725
293,22,23,5.41464
293,23,24,8.15551
294,0,1,3.52719
294,0,5,2.52298
294,1,2,5.04568
294,1,6,3.33158
294,2,3,6.51326
294,2,7,2.00144
294,3,4,2.03595
294,3,8,2.085
294,4,9,4.24167
294,5,6,6.31141
294,5,10,2.97127
294,6,7,3.4989
294,6,11,3.09468
294,7,8,3.918
294,7,12,5.38352
294,8,9,2.55821
294,8,13,5.02437
294,9,14,4.07846
294,10,11,2.99051
294,10,15,3.9141
294,11,12,3.18853
294,11,16,3.17409
294,12,13,5.69198
294,12,17,6.06412
294,13,14,4.17506
294,13,18,1.57127
294,14,19,4.81563
294,15,16,5.0708
294,15,20,6.14334
294,16,17,4.09146
294,16,21,4.59673
294,17,18,3.72952
294,17,22,2.84942
294,18,19,4.9258
294,18,23,2.98403
294,19,24,4.84811
294,20,21,3.67442
294,21,22,6.06673
294,22,23,4.06982
294,23,24,5.53664
295,0,1,4.7645
295,0,5,4.49721
295,1,2,3.02628
295,1,6,3.68856
295,2,3,6.0538
295,2,7,1.985
295,3,4,4.37785
295,3,8,1.54203
295,4,9,5.82064
295,5,6,4.40727
295,5,10,2.53674
295,6,7,4.1708
295,6,11,4.16607
295,7,8,1.94021
295,7,12,3.62316
295,8,9,2.81873
295,8,13,4.30769
295,9,14,2.03874
295,10,11,2.8436
295,10,15,3.05791
295,11,12,4.28657
295,11,16,1.65956
295,12,13,3.38334
295,12,17,3.48178
295,13,14,3.75623
295,13,18,4.22181
295,14,19,4.34506
295,15,16,5.81893
295,15,20,2.83399
295,16,17,2.44958
295,16,21,3.97211
295,17,18,3.29564
295,17,22,3.40186
295,18,19,3.90842
295,18,23,4.22215
295,19,24,5.18353
295,20,21,3.49871
295,21,22,3.58052
295,22,23,3.6064
295,23,24,2.20885
296,0,1,1.79501
296,0,5,3.36927
296,1,2,2.94959
296,1,6,2.12605
296,2,3,2.08977
296,2,7,4.57928
296,3,4,2.73651
296,3,8,5.55475
296,4,9,4.05079
296,5,6,4.68783
296,5,10,5.57242
296,6,7,3.43005
296,6,11,4.47935
296,7,8,2.49274
296,7,12,4.61847
296,8,9,4.7686
296,8,13,3.62611
296,9,14,2.74782
296,10,11,2.56053
296,10,15,2.06803
296,11,12,2.92763
296,11,16,2.51311
296,12,13,2.9815
296,12,17,2.31123
296,13,14,5.10787
296,13,18,4.43809
296,14,19,5.01684
296,15,16,2.32279
296,15,20,3.00215
296,16,17,3.26479
296,16,21,2.98204
296,17,18,3.7726
296,17,22,3.79794
296,18,19,2.03989
296,18,23,3.43479
296,19,24,4.27677
296,20,21,5.41169
296,21,22,3.15957
296,22,23,5.05383
296,23,24,4.87102
297,0,1,6.85447
297,0,5,4.26545
297,1,2,5.0995
297,1,6,4.41667
297,2,3,3.17294
297,2,7,2.62472
297,3,4,5.42925
297,3,8,2.53049
297,4,9,2.24109
297,5,6,4.09228
297,5,10,2.41367
297,6,7,3.2553
297,6,11,3.42782
297,7,8,2.60825
297,7,12,2.23405
297,8,9,4.05684
297,8,13,5.53058
297,9,14,2.73092
297,10,11,3.73469
297,10,15,4.92255
297,11,12,2.8251
297,11,16,3.56884
297,12,13,3.38282
297,12,17,3.69608
297,13,14,2.88372
297,13,18,2.32697
297,14,19,4.84148
297,15,16,4.97512
297,15,20,2.54916
297,16,17,6.68533
297,16,21,3.87756
297,17,18,2.84497
297,17,22,4.61035
297,18,19,5.76087
297,18,23,5.34714
297,19,24,6.92602
297,20,21,3.34036
297,21,22,3.70242
297,22,23,3.77902
297,23,24,4.15528
298,0,1,1.33626
298,0,5,2.87574
298,1,2,2.04981
298,1,6,3.97082
298,2,3,3.7445
298,2,7,3.21585
298,3,4,1.9118
298,3,8,3.42897
298,4,9,5.06842
298,5,6,3.36651
298,5,10,2.58684
298,6,7,3.81286
298,6,11,1.82733
298,7,8,2.93478
298,7,12,2.26901
298,8,9,2.40017
298,8,13,3.03986
298,9,14,3.7191
298,10,11,1.98754
298,10,15,4.37422
298,11,12,3.88352
298,11,16,3.17564
298,12,13,2.34084
298,12,17,3.02631
298,13,14,3.49166
298,13,18,2.00254
298,14,19,4.55248
298,15,16,1.93911
298,15,20,4.58866
298,16,17,1.84248
298,16,21,3.69066
298,17,18,4.83051
298,17,22,1.59218
298,18,19,1.307
298,18,23,1.69081
298,19,24,2.21243
298,20,21,3.61831
298,21,22,3.3866
298,22,23,2.86154
298,23,24,1.57105
299,0,1,5.22589
299,0,5,2.1639
299,1,2,2.23148
299,1,6,3.4795
299,2,3,2.73547
299,2,7,4.69086
299,3,4,5.09148
299,3,8,4.13881
299,4,9,2.1167
299,5,6,6.80869
299,5,10,5.12589
299,6,7,3.47495
299,6,11,3.6354
299,7,8,4.1268
299,7,12,4.22239
299,8,9,7.33662
299,8,13,5.21192
299,9,14,4.9554
299,10,11,3.42712
299,10,15,3.39688
299,11,12,2.8536
299,11,16,5.02217
299,12,13,4.15836
299,12,17,4.66647
299,13,14,6.79465
299,13,18,4.7594
299,14,19,4.40824
299,15,16,5.86745
299,15,20,2.8264
299,16,17,4.90522
299,16,21,4.7537
299,17,18,2.2115
299,17,22,2.73551
299,18,19,4.60526
299,18,23,4.30103
299,19,24,4.12291
299,20,21,5.23478
299,21,22,2.86235
299,22,23,2.73493
299,23,24,7.10231
300,0,1,4.07347
300,0,5,4.7217
300,1,2,4.33972
300,1,6,2.13275
300,2,3,2.20197
300,2,7,4.82785
300,3,4,2.36398
300,3,8,3.218
300,4,9,5.98223
300,5,6,4.68811
300,5,10,4.59152
300,6,7,4.53312
300,6,11,2.00861
300,7,8,5.53937
300,7,12,2.41151
300,8,9,3.15595
300,8,13,2.20841
300,9,14,2.42382
300,10,11,5.20123
300,10,15,3.05541
300,11,12,3.30725
300,11,16,4.56553
300,12,13,4.03837
300,12,17,4.19772
300,13,14,5.25304
300,13,18,5.26728
300,14,19,4.47431
300,15,16,2.6236
300,15,20,5.3155
300,16,17,2.25865
300,16,21,2.96531
300,17,18,4.61891
300,17,22,3.12671
300,18,19,4.69669
300,18,23,2.7212
300,19,24,4.97398
300,20,21,3.16298
300,21,22,5.663
300,22,23,4.26554
300,23,24,5.12367
301,0,1,2.9853
301,0,5,4.57555
301,1,2,3.43589
301,1,6,3.36342
301,2,3,3.81043
301,2,7,4.34246
301,3,4,2.63057
301,3,8,3.12388
301,4,9,3.06272
301,5,6,3.27798
301,5,10,4.96901
301,6,7,4.75085
301,6,11,2.68838
301,7,8,3.39561
301,7,12,2.23931
301,8,9,1.37341
301,8,13,3.45529
301,9,14,2.93838
301,10,11,3.7869
301,10,15,3.03991
301,11,12,2.73869
301,11,16,3.75136
301,12,13,3.29715
301,12,17,4.39055
301,13,14,3.82519
301,13,18,4.34293
301,14,19,2.84411
301,15,16,2.46743
301,15,20,2.63054
301,16,17,4.11049
301,16,21,4.22354
301,17,18,2.44548
301,17,22,3.65178
301,18,19,3.37732
301,18,23,3.73344
301,19,24,4.92602
301,20,21,3.45765
301,21,22,4.87262
301,22,23,4.95542
301,23,24,2.01084
302,0,1,1.43561
302,0,5,1.61313
302,1,2,2.04299
302,1,6,1.26641
302,2,3,1.89744
302,2,7,2.25162
302,3,4,1.72992
302,3,8,2.55323
302,4,9,3.00829
302,5,6,2.63036
302,5,10,1.6027
302,6,7,1.45327
302,6,11,2.7322
302,7,8,2.56179
302,7,12,3.70186
302,8,9,2.49011
302,8,13,2.7849
302,9,14,4.68372
302,10,11,2.7208
302,10,15,3.37773
302,11,12,1.29991
302,11,16,3.36434
302,12,13,2.75521
302,12,17,1.62467
302,13,14,4.09109
302,13,18,2.57849
302,14,19,2.90936
302,15,16,1.2609
302,15,20,2.44277
302,16,17,1.90228
302,16,21,4.08754
302,17,18,3.85415
302,17,22,1.15141
302,18,19,2.54821
302,18,23,1.33226
302,19,24,2.84463
302,20,21,3.98542
302,21,22,2.46323
302,22,23,2.68943
302,23,24,2.84215
303,0,1,3.85564
303,0,5,1.84734
303,1,2,4.15315
303,1,6,3.5999
303,2,3,3.12878
303,2,7,4.51887
303,3,4,1.65383
303,3,8,3.43822
303,4,9,4.53738
303,5,6,4.87403
303,5,10,3.28944
303,6,7,4.01958
303,6,11,2.53985
303,7,8,2.01615
303,7,12,2.11562
303,8,9,3.81112
303,8,13,2.88111
303,9,14,2.85547
303,10,11,4.99673
303,10,15,4.13038
303,11,12,2.1261
303,11,16,2.11766
303,12,13,1.90338
303,12,17,1.36884
303,13,14,4.12474
303,13,18,4.22575
303,14,19,2.92142
303,15,16,3.54542
303,15,20,2.02609
303,16,17,2.46107
303,16,21,2.06771
303,17,18,2.9008
303,17,22,4.80984
303,18,19,5.3268
303,18,23,3.24723
303,19,24,2.94557
303,20,21,4.66598
303,21,22,1.75272
303,22,23,5.1844
303,23,24,2.65471
304,0,1,5.27172
304,0,5,6.22281
304,1,2,3.61473
304,1,6,2.64635
304,2,3,3.22244
304,2,7,5.19054
304,3,4,5.13203
304,3,8,3.65628
304,4,9,2.77217
304,5,6,4.00501
304,5,10,3.59009
304,6,7,6.62762
304,6,11,5.68477
304,7,8,4.62572
304,7,12,2.70939
304,8,9,3.28865
304,8,13,3.58256
304,9,14,4.94589
304,10,11,5.49291
304,10,15,3.02945
304,11,12,6.55404
304,11,16,2.93574
304,12,13,5.03181
304,12,17,2.56954
304,13,14,6.17169
304,13,18,5.82051
304,14,19,5.62073
304,15,16,5.89565
304,15,20,5.07861
304,16,17,2.54613
304,16,21,4.25668
304,17,18,3.50359
304,17,22,4.21108
304,18,19,2.74698
304,18,23,2.72041
304,19,24,5.76407
304,20,21,5.50563
304,21,22,4.39704
304,22,23,4.5025
304,23,24,6.64409
305,0,1,4.26717
305,0,5,1.93098
305,1,2,4.9066
305,1,6,4.45778
305,2,3,3.51832
305,2,7,6.60576
305,3,4,2.37924
305,3,8,3.89456
305,4,9,5.25395
305,5,6,3.31532
305,5,10,3.53474
305,6,7,2.49453
305,6,11,4.11553
305,7,8,3.10249
305,7,12,3.22399
305,8,9,3.33783
305,8,13,3.60619
305,9,14,2.2829
305,10,11,3.82031
305,10,15,5.11538
305,11,12,3.48365
305,11,16,4.46195
305,12,13,5.50417
305,12,17,2.40144
305,13,14,5.13994
305,13,18,2.74444
305,14,19,2.9724
305,15,16,4.0845
305,15,20,2.93428
305,16,17,4.98864
305,16,21,5.36863
305,17,18,2.98267
305,17,22,4.75353
305,18,19,5.01135
305,18,23,3.88467
305,19,24,5.21227
305,20,21,1.65815
305,21,22,5.58007
305,22,23,5.81979
305,23,24,4.73743
306,0,1,3.33881
306,0,5,3.55733
306,1,2,4.5353
306,1,6,3.14108
306,2,3,4.39903
306,2,7,3.28365
306,3,4,4.32454
306,3,8,4.43507
306,4,9,5.20446
306,5,6,4.83739
306,5,10,4.10307
306,6,7,2.69706
306,6,11,3.00572
306,7,8,2.56602
306,7,12,2.05408
306,8,9,2.1499
306,8,13,4.94687
306,9,14,4.54349
306,10,11,2.84513
306,10,15,2.56336
306,11,12,5.3102
306,11,16,1.92447
306,12,13,3.06532
306,12,17,2.43232
306,13,14,2.6277
306,13,18,3.7479
306,14,19,2.02973
306,15,16,2.82583
306,15,20,3.56988
306,16,17,3.82855
306,16,21,4.43842
306,17,18,3.19943
306,17,22,4.15573
306,18,19,1.77974
306,18,23,3.36823
306,19,24,2.22827
306,20,21,2.8384
306,21,22,2.33138
306,22,23,4.13389
306,23,24,3.88213
307,0,1,1.74748
307,0,5,5.6832
307,1,2,1.46985
307,1,6,5.46623
307,2,3,2.34064
307,2,7,2.47835
307,3,4,2.08662
307,3,8,2.25051
307,4,9,3.19494
307,5,6,4.1497
307,5,10,2.08494
307,6,7,2.63931
307,6,11,3.11943
307,7,8,2.25873
307,7,12,2.31481
307,8,9,2.89952
307,8,13,3.31998
307,9,14,2.5675
307,10,11,5.49237
307,10,15,5.33916
307,11,12,3.39686
307,11,16,3.59574
307,12,13,4.24555
307,12,17,3.36979
307,13,14,3.63234
307,13,18,4.53982
307,14,19,4.30522
307,15,16,5.42269
307,15,20,2.94405
307,16,17,3.16327
307,16,21,3.89798
307,17,18,4.12358
307,17,22,2.91409
307,18,19,2.37579
307,18,23,5.08798
307,19,24,2.39188
307,20,21,2.81666
307,21,22,2.03403
307,22,23,3.38611
307,23,24,2.71816
308,0,1,4.01864
308,0,5,4.67248
308,1,2,4.14302
308,1,6,4.35296
308,2,3,4.88331
308,2,7,2.28381
308,3,4,4.55178
308,3,8,2.13368
308,4,9,3.06668
308,5,6,4.73916
308,5,10,5.09454
308,6,7,2.30313
308,6,11,3.41985
308,7,8,5.10687
308,7,12,2.44743
308,8,9,4.57813
308,8,13,3.04358
308,9,14,3.57431
308,10,11,4.70299
308,10,15,4.26509
308,11,12,2.985
308,11,16,4.20484
308,12,13,4.55432
308,12,17,5.38622
308,13,14,2.21071
308,13,18,2.03044
308,14,19,5.37469
308,15,16,2.40218
308,15,20,4.51614
308,16,17,4.42124
308,16,21,2.21271
308,17,18,3.10478
308,17,22,5.1728
308,18,19,2.34645
308,18,23,3.69655
308,19,24,2.66001
308,20,21,3.21317
308,21,22,5.33593
308,22,23,3.87578
308,23,24,1.74831
309,0,1,7.46255
309,0,5,4.17912
309,1,2,3.42465
309,1,6,6.20269
309,2,3,4.03052
309,2,7,2.23092
309,3,4,2.23346
309,3,8,2.62862
309,4,9,5.8115
309,5,6,3.75197
309,5,10,2.53829
309,6,7,6.59427
309,6,11,2.87868
309,7,8,4.80098
309,7,12,3.12021
309,8,9,4.6618
309,8,13,4.49456
309,9,14,2.16494
309,10,11,2.30313
309,10,15,5.80867
309,11,12,2.90282
309,11,16,4.04453
309,12,13,5.75525
309,12,17,3.10285
309,13,14,5.49543
309,13,18,3.64043
309,14,19,7.29988
309,15,16,4.10651
309,15,20,6.21696
309,16,17,3.01487
309,16,21,2.50433
309,17,18,7.45229
309,17,22,4.03693
309,18,19,4.22472
309,18,23,2.89036
309,19,24,4.43286
309,20,21,7.22508
309,21,22,5.56006
309,22,23,4.26596
309,23,24,6.00599
310,0,1,3.41382
310,0,5,5.18234
310,1,2,2.9599
310,1,6,2.3317
310,2,3,4.56868
310,2,7,3.35868
310,3,4,3.84566
310,3,8,5.1695
310,4,9,4.04593
310,5,6,2.24634
310,5,10,1.83301
310,6,7,2.75563
310,6,11,5.22417
310,7,8,4.00454
310,7,12,4.77508
310,8,9,2.39588
310,8,13,2.01045
310,9,14,2.15598
310,10,11,2.74429
310,10,15,2.98912
310,11,12,3.22888
310,11,16,5.98769
310,12,13,3.87761
310,12,17,1.83645
310,13,14,6.52595
310,13,18,2.48752
310,14,19,3.72056
310,15,16,4.31052
310,15,20,4.89847
310,16,17,2.57162
310,16,21,2.64545
310,17,18,1.97063
310,17,22,1.77317
310,18,19,2.2894
310,18,23,2.49452
310,19,24,3.38178
310,20,21,2.199
310,21,22,1.65859
310,22,23,5.77339
310,23,24,2.10583
311,0,1,4.26876
311,0,5,5.08652
311,1,2,4.57933
311,1,6,3.43739
311,2,3,3.45667
311,2,7,5.01472
311,3,4,3.75452
311,3,8,5.36007
311,4,9,3.4529
311,5,6,4.78437
311,5,10,2.82385
311,6,7,5.31273
311,6,11,4.02921
311,7,8,4.48473
311,7,12,3.31474
311,8,9,5.51911
311,8,13,4.92212
311,9,14,5.97075
311,10,11,6.08427
311,10,15,6.36306
311,11,12,2.96188
311,11,16,4.5532
311,12,13,6.16792
311,12,17,2.78362
311,13,14,6.64786
311,13,18,5.18369
311,14,19,3.22589
311,15,16,2.70744
311,15,20,2.66959
311,16,17,2.38676
311,16,21,2.23594
311,17,18,3.74776
311,17,22,2.67692
311,18,19,4.85525
311,18,23,5.3287
311,19,24,4.76131
311,20,21,3.52539
311,21,22,2.87342
311,22,23,5.31901
311,23,24,4.10128
312,0,1,1.92752
312,0,5,2.47631
312,1,2,3.08219
312,1,6,3.37752
312,2,3,4.51606
312,2,7,2.99165
312,3,4,3.2444
312,3,8,1.7821
312,4,9,1.70171
312,5,6,2.10004
312,5,10,3.74834
312,6,7,4.37842
312,6,11,2.78411
312,7,8,3.00924
312,7,12,5.8627
312,8,9,3.21921
312,8,13,2.98292
312,9,14,5.26649
312,10,11,3.12341
312,10,15,2.81352
312,11,12,4.56756
312,11,16,4.22911
312,12,13,3.02984
312,12,17,4.7648
312,13,14,2.14666
312,13,18,2.04023
312,14,19,3.44255
312,15,16,3.94578
312,15,20,2.05899
312,16,17,2.5826
312,16,21,2.12138
312,17,18,2.50754
312,17,22,1.4267
312,18,19,3.52043
312,18,23,3.88867
312,19,24,2.17835
312,20,21,2.57772
312,21,22,3.17088
312,22,23,2.00498
312,23,24,3.77025
313,0,1,5.92645
313,0,5,2.51467
313,1,2,2.4897
313,1,6,4.02824
313,2,3,5.81107
313,2,7,3.76257
313,3,4,4.89446
313,3,8,5.86488
313,4,9,2.99657
313,5,6,5.42572
313,5,10,2.06707
313,6,7,5.61576
313,6,11,4.28516
313,7,8,5.67989
313,7,12,7.23703
313,8,9,2.77769
313,8,13,4.65208
313,9,14,4.99351
313,10,11,4.01693
313,10,15,4.31917
313,11,12,6.38509
313,11,16,5.78031
313,12,13,3.6407
313,12,17,7.62169
313,13,14,2.46168
313,13,18,2.62054
313,14,19,3.94168
313,15,16,4.43501
313,15,20,3.96207
313,16,17,3.6193
313,16,21,2.39239
313,17,18,2.72324
313,17,22,2.7717
313,18,19,3.67898
313,18,23,4.94233
313,19,24,5.00013
313,20,21,3.96611
313,21,22,3.6449
313,22,23,5.14568
313,23,24,3.62338
314,0,1,1.33724
314,0,5,4.12421
314,1,2,1.22092
314,1,6,4.66977
314,2,3,1.77846
314,2,7,5.38937
314,3,4,3.89746
314,3,8,4.68168
314,4,9,3.25779
314,5,6,3.94404
314,5,10,5.15811
314,6,7,1.63012
314,6,11,2.7238
314,7,8,3.35897
314,7,12,1.89368
314,8,9,2.03804
314,8,13,1.81804
314,9,14,2.60128
314,10,11,2.80137
314,10,15,4.80725
314,11,12,1.73681
314,11,16,3.82644
314,12,13,1.43394
314,12,17,1.59165
314,13,14,2.49785
314,13,18,3.53674
314,14,19,4.07004
314,15,16,1.53585
314,15,20,2.84453
314,16,17,2.76847
314,16,21,2.19655
314,17,18,3.5693
314,17,22,2.39606
314,18,19,2.56374
314,18,23,2.44333
314,19,24,3.35757
314,20,21,3.78484
314,21,22,2.0163
314,22,23,4.22287
314,23,24,3.24028
315,0,1,4.18811
315,0,5,5.61716
315,1,2,1.87175
315,1,6,5.82741
315,2,3,2.52537
315,2,7,6.03342
315,3,4,5.29674
315,3,8,5.39499
315,4,9,5.73971
315,5,6,2.96974
315,5,10,5.29972
315,6,7,2.49765
315,6,11,5.82411
315,7,8,4.80971
315,7,12,4.11507
315,8,9,2.91119
315,8,13,4.15072
315,9,14,4.14692
315,10,11,4.22576
315,10,15,3.21868
315,11,12,5.45309
315,11,16,7.01124
315,12,13,3.97987
315,12,17,3.23704
315,13,14,7.38535
315,13,18,3.04172
315,14,19,5.84984
315,15,16,2.94486
315,15,20,7.64287
315,16,17,4.35003
315,16,21,2.60955
315,17,18,4.11759
315,17,22,4.84199
315,18,19,5.12317
315,18,23,4.41067
315,19,24,5.74879
315,20,21,4.83653
315,21,22,4.53067
315,22,23,3.61552
315,23,24,5.15935
316,0,1,2.19549
316,0,5,2.13269
316,1,2,3.36904
316,1,6,4.35836
316,2,3,4.42168
316,2,7,3.60989
316,3,4,4.60813
316,3,8,2.9522
316,4,9,5.73086
316,5,6,3.69721
316,5,10,4.51592
316,6,7,2.03119
316,6,11,2.09771
316,7,8,4.81462
316,7,12,3.35449
316,8,9,2.72564
316,8,13,3.36071
316,9,14,3.09139
316,10,11,4.7025
316,10,15,4.6251
316,11,12,2.93412
316,11,16,3.82234
316,12,13,3.68959
316,12,17,2.79494
316,13,14,2.73037
316,13,18,3.3733
316,14,19,3.39634
316,15,16,2.64016
316,15,20,2.9774
316,16,17,3.55056
316,16,21,3.75137
316,17,18,2.18621
316,17,22,1.51983
316,18,19,2.18759
316,18,23,3.33017
316,19,24,3.51566
316,20,21,4.68107
316,21,22,2.99531
316,22,23,4.53296
316,23,24,2.12983
317,0,1,5.58428
317,0,5,2.62875
317,1,2,4.21046
317,1,6,6.44125
317,2,3,3.36291
317,2,7,6.11304
317,3,4,6.12696
317,3,8,5.69361
317,4,9,4.34129
317,5,6,3.39981
317,5,10,2.6158
317,6,7,4.22169
317,6,11,6.09473
317,7,8,2.90629
317,7,12,2.35181
317,8,9,4.76405
317,8,13,4.49372
317,9,14,5.61897
317,10,11,3.79263
317,10,15,5.38939
317,11,12,4.25558
317,11,16,4.52847
317,12,13,3.90298
317,12,17,4.59325
317,13,14,4.56638
317,13,18,6.01384
317,14,19,3.16532
317,15,16,6.04209
317,15,20,2.34704
317,16,17,3.79967
317,16,21,3.75983
317,17,18,5.1496
317,17,22,4.29233
317,18,19,4.32245
317,18,23,3.75965
317,19,24,4.3613
317,20,21,5.84698
317,21,22,5.76634
317,22,23,5.24517
317,23,24,3.70021
318,0,1,3.09252
318,0,5,3.22388
318,1,2,4.73424
318,1,6,3.07025
318,2,3,4.49436
318,2,7,3.96503
318,3,4,3.03973
318,3,8,5.31705
318,4,9,4.23988
318,5,6,5.18965
318,5,10,4.14121
318,6,7,5.65752
318,6,11,4.47707
318,7,8,4.24673
318,7,12,3.4794
318,8,9,4.93827
318,8,13,3.12668
318,9,14,1.83551
318,10,11,5.2585
318,10,15,5.09827
318,11,12,2.54729
318,11,16,2.86737
318,12,13,5.4243
318,12,17,3.70627
318,13,14,3.98928
318,13,18,3.07616
318,14,19,3.99478
318,15,16,3.87694
318,15,20,5.35094
318,16,17,3.15323
318,16,21,1.92669
318,17,18,3.56805
318,17,22,4.31848
318,18,19,4.65114
318,18,23,3.93462
318,19,24,3.75625
318,20,21,2.4865
318,21,22,4.45307
318,22,23,2.93643
318,23,24,2.19646
319,0,1,4.01091
319,0,5,4.99522
319,1,2,1.28309
319,1,6,5.01815
319,2,3,3.04819
319,2,7,3.06136
319,3,4,3.79796
319,3,8,3.09521
319,4,9,3.93875
319,5,6,6.16628
319,5,10,4.48624
319,6,7,2.46696
319,6,11,3.08296
319,7,8,1.8725
319,7,12,7.22023
319,8,9,5.05476
319,8,13,4.58732
319,9,14,3.99375
319,10,11,3.4686
319,10,15,7.09568
319,11,12,2.44942
319,11,16,5.88157
319,12,13,2.16055
319,12,17,3.81251
319,13,14,7.51416
319,13,18,3.73629
319,14,19,5.47143
319,15,16,2.81868
319,15,20,6.92702
319,16,17,2.42011
319,16,21,2.07597
319,17,18,1.90534
319,17,22,2.46186
319,18,19,3.36154
319,18,23,4.01926
319,19,24,3.44947
319,20,21,4.96054
319,21,22,3.49755
319,22,23,5.0231
319,23,24,2.34701
320,0,1,3.23745
320,0,5,5.70387
320,1,2,1.81961
320,1,6,3.053
320,2,3,2.14739
320,2,7,4.54344
320,3,4,2.45894
320,3,8,3.48069
320,4,9,2.25461
320,5,6,4.01954
320,5,10,5.81801
320,6,7,7.78672
320,6,11,7.13371
320,7,8,3.40555
320,7,12,3.74395
320,8,9,4.499
320,8,13,6.27803
320,9,14,4.74111
320,10,11,4.80453
320,10,15,5.91488
320,11,12,3.34727
320,11,16,6.87942
320,12,13,2.75104
320,12,17,5.62
320,13,14,3.21679
320,13,18,3.35322
320,14,19,3.2939
320,15,16,5.88858
320,15,20,6.89668
320,16,17,4.94427
320,16,21,2.06503
320,17,18,3.24088
320,17,22,6.15812
320,18,19,2.62473
320,18,23,6.20797
320,19,24,6.45465
320,20,21,5.42511
320,21,22,3.54165
320,22,23,4.93782
320,23,24,3.50669
321,0,1,4.02492
321,0,5,3.37302
321,1,2,5.13713
321,1,6,2.4345
321,2,3,2.20938
321,2,7,4.27685
321,3,4,3.26736
321,3,8,3.38866
321,4,9,4.63835
321,5,6,2.89938
321,5,10,4.23215
321,6,7,1.72936
321,6,11,2.21929
321,7,8,2.73373
321,7,12,3.2759
321,8,9,3.02751
321,8,13,4.03415
321,9,14,5.35218
321,10,11,3.58525
321,10,15,2.76471
321,11,12,3.06517
321,11,16,4.56828
321,12,13,3.25347
321,12,17,4.96869
321,13,14,3.9009
321,13,18,4.34073
321,14,19,4.9186
321,15,16,3.9371
321,15,20,1.83592
321,16,17,4.54395
321,16,21,2.42214
321,17,18,3.20581
321,17,22,2.63055
321,18,19,2.57738
321,18,23,4.08547
321,19,24,4.25127
321,20,21,2.32176
321,21,22,4.02329
321,22,23,3.22208
321,23,24,1.81296
322,0,1,2.19958
322,0,5,3.1601
322,1,2,2.98293
322,1,6,4.53813
322,2,3,1.9636
322,2,7,2.08859
322,3,4,1.56299
322,3,8,3.46568
322,4,9,3.59374
322,5,6,3.33031
322,5,10,2.79363
322,6,7,1.82781
322,6,11,4.52403
322,7,8,3.11709
322,7,12,4.44401
322,8,9,3.60296
322,8,13,2.14351
322,9,14,2.94935
322,10,11,4.56163
322,10,15,3.17012
322,11,12,2.73397
322,11,16,4.18772
322,12,13,2.42875
322,12,17,1.55445
322,13,14,3.83275
322,13,18,3.19416
322,14,19,4.29944
322,15,16,1.61202
322,15,20,3.52408
322,16,17,3.87041
322,16,21,2.44976
322,17,18,3.28942
322,17,22,2.09943
322,18,19,2.67476
322,18,23,4.28153
322,19,24,3.47802
322,20,21,4.14393
322,21,22,3.48837
322,22,23,5.8777
322,23,24,2.19598
323,0,1,3.70244
323,0,5,5.0716
323,1,2,4.83332
323,1,6,2.37283
323,2,3,2.40725
323,2,7,4.36873
323,3,4,3.4045
323,3,8,3.68631
323,4,9,2.36419
323,5,6,6.11646
323,5,10,2.22867
323,6,7,2.34131
323,6,11,2.89601
323,7,8,3.75112
323,7,12,3.14912
323,8,9,2.78535
323,8,13,5.63182
323,9,14,6.63982
323,10,11,3.04187
323,10,15,3.86986
323,11,12,4.75933
323,11,16,3.74939
323,12,13,2.44948
323,12,17,6.35117
323,13,14,2.853
323,13,18,4.11127
323,14,19,5.43486
323,15,16,2.32566
323,15,20,4.27533
323,16,17,2.96269
323,16,21,2.27279
323,17,18,5.3156
323,17,22,2.32522
323,18,19,2.67404
323,18,23,2.24409
323,19,24,2.19507
323,20,21,4.0723
323,21,22,2.81171
323,22,23,3.52531
323,23,24,2.49297
324,0,1,2.89229
324,0,5,5.03029
324,1,2,3.94527
324,1,6,3.68668
324,2,3,4.90195
324,2,7,3.58155
324,3,4,2.4101
324,3,8,6.82174
324,4,9,2.70913
324,5,6,5.78039
324,5,10,3.93522
324,6,7,4.90643
324,6,11,5.77831
324,7,8,3.81164
324,7,12,2.70192
324,8,9,6.01932
324,8,13,2.85772
324,9,14,4.10483
324,10,11,3.49656
324,10,15,2.95066
324,11,12,4.69313
324,11,16,2.27646
324,12,13,3.59832
324,12,17,3.60212
324,13,14,4.165
324,13,18,3.48385
324,14,19,3.31548
324,15,16,4.54249
324,15,20,5.09624
324,16,17,2.89751
324,16,21,4.787
324,17,18,4.25487
324,17,22,4.86346
324,18,19,6.21041
324,18,23,6.02248
324,19,24,4.10065
324,20,21,3.28475
324,21,22,5.24278
324,22,23,5.03122
324,23,24,4.38244
325,0,1,3.18747
325,0,5,6.38488
325,1,2,4.90555
325,1,6,3.05387
325,2,3,3.36645
325,2,7,5.49637
325,3,4,5.54628
325,3,8,3.56337
325,4,9,2.60905
325,5,6,4.328
325,5,10,3.93009
325,6,7,2.41586
325,6,11,3.56925
325,7,8,4.146
325,7,12,3.51989
325,8,9,1.37039
325,8,13,4.65814
325,9,14,3.99296
325,10,11,3.47412
325,10,15,4.41227
325,11,12,3.30848
325,11,16,4.47234
325,12,13,5.57714
325,12,17,2.74782
325,13,14,3.18656
325,13,18,4.55341
325,14,19,1.59407
325,15,16,3.96391
325,15,20,4.70131
325,16,17,3.95197
325,16,21,2.09241
325,17,18,2.42399
325,17,22,3.02413
325,18,19,4.33209
325,18,23,3.5475
325,19,24,4.96292
325,20,21,3.25019
325,21,22,5.31623
325,22,23,3.38696
325,23,24,3.36442
326,0,1,4.8572
326,0,5,2.13256
326,1,2,4.12682
326,1,6,6.52809
326,2,3,2.58134
326,2,7,2.67283
326,3,4,3.74561
326,3,8,5.05079
326,4,9,5.31314
326,5,6,4.7196
326,5,10,5.3719
326,6,7,4.77729
326,6,11,2.54254
326,7,8,5.04616
326,7,12,5.76183
326,8,9,3.98769
326,8,13,4.98631
326,9,14,2.13335
326,10,11,5.09745
326,10,15,4.9408
326,11,12,5.01722
326,11,16,5.80498
326,12,13,2.34547
326,12,17,3.43576
326,13,14,2.86888
326,13,18,4.12665
326,14,19,6.08191
326,15,16,3.46705
326,15,20,5.98153
326,16,17,3.02544
326,16,21,2.20916
326,17,18,3.13489
326,17,22,4.00997
326,18,19,2.07582
326,18,23,4.84327
326,19,24,1.92565
326,20,21,3.27794
326,21,22,4.63062
326,22,23,5.40808
326,23,24,6.22752
327,0,1,3.011
327,0,5,4.71072
327,1,2,3.69409
327,1,6,3.89749
327,2,3,2.6949
327,2,7,3.70162
327,3,4,5.03221
327,3,8,5.12438
327,4,9,3.48243
327,5,6,5.45158
327,5,10,1.82851
327,6,7,4.49943
327,6,11,4.02043
327,7,8,2.67681
327,7,12,4.86072
327,8,9,3.0978
327,8,13,2.28408
327,9,14,5.86763
327,10,11,5.4557
327,10,15,3.34894
327,11,12,4.68278
327,11,16,2.53955
327,12,13,3.57628
327,12,17,5.46029
327,13,14,4.50887
327,13,18,2.00227
327,14,19,2.71842
327,15,16,1.66307
327,15,20,5.93313
327,16,17,3.9836
327,16,21,3.54553
327,17,18,1.95753
327,17,22,1.63077
327,18,19,2.12095
327,18,23,3.75206
327,19,24,2.64152
327,20,21,2.95851
327,21,22,4.37685
327,22,23,5.83105
327,23,24,4.42003
328,0,1,3.32072
328,0,5,5.05944
328,1,2,3.42972
328,1,6,5.17936
328,2,3,1.67175
328,2,7,2.39275
328,3,4,2.42954
328,3,8,6.38562
328,4,9,3.62039
328,5,6,4.67593
328,5,10,5.27203
328,6,7,4.12012
328,6,11,4.55144
328,7,8,5.17029
328,7,12,4.87395
328,8,9,3.57033
328,8,13,3.46552
328,9,14,5.62063
328,10,11,1.81343
328,10,15,3.34029
328,11,12,2.61201
328,11,16,4.82847
328,12,13,3.96366
328,12,17,2.94873
328,13,14,4.59748
328,13,18,2.69466
328,14,19,3.74413
328,15,16,2.23114
328,15,20,1.90632
328,16,17,2.65066
328,16,21,4.41627
328,17,18,3.3766
328,17,22,3.48192
328,18,19,4.56904
328,18,23,2.63011
328,19,24,1.62419
328,20,21,6.39807
328,21,22,4.40236
328,22,23,5.08364
328,23,24,4.21559
329,0,1,4.30482
329,0,5,4.0497
329,1,2,3.45576
329,1,6,4.30551
329,2,3,2.41117
329,2,7,4.45985
329,3,4,4.05762
329,3,8,4.1077
329,4,9,2.59308
329,5,6,2.34447
329,5,10,6.01096
329,6,7,5.96121
329,6,11,3.05451
329,7,8,4.7762
329,7,12,3.64608
329,8,9,4.8983
329,8,13,3.22641
329,9,14,4.9241
329,10,11,4.79668
329,10,15,2.44126
329,11,12,5.23006
329,11,16,4.37853
329,12,13,3.63794
329,12,17,4.69621
329,13,14,4.74556
329,13,18,5.64045
329,14,19,3.22486
329,15,16,4.03586
329,15,20,4.65334
329,16,17,2.25427
329,16,21,3.57126
329,17,18,2.8247
329,17,22,6.0414
329,18,19,4.29974
329,18,23,3.72531
329,19,24,3.35258
329,20,21,4.96225
329,21,22,2.25145
329,22,23,5.14493
329,23,24,4.5615
330,0,1,5.95665
330,0,5,4.57292
330,1,2,5.39958
330,1,6,3.58483
330,2,3,2.3895
330,2,7,5.72635
330,3,4,3.49572
330,3,8,2.44304
330,4,9,4.11161
330,5,6,3.67917
330,5,10,6.21049
330,6,7,4.26016
330,6,11,6.33032
330,7,8,2.16522
330,7,12,5.11867
330,8,9,4.9335
330,8,13,6.35253
330,9,14,2.93434
330,10,11,5.95101
330,10,15,4.08082
330,11,12,4.24238
330,11,16,4.6818
330,12,13,6.53912
330,12,17,3.59899
330,13,14,4.74475
330,13,18,5.08733
330,14,19,4.64323
330,15,16,3.30461
330,15,20,6.02089
330,16,17,3.79271
330,16,21,3.02617
330,17,18,3.24369
330,17,22,3.49544
330,18,19,3.83356
330,18,23,6.15327
330,19,24,5.16205
330,20,21,4.73026
330,21,22,6.24603
330,22,23,4.94861
330,23,24,3.10877
331,0,1,7.88945
331,0,5,4.62653
331,1,2,5.91024
331,1,6,7.25002
331,2,3,6.12353
331,2,7,2.24027
331,3,4,2.32215
331,3,8,4.37734
331,4,9,5.51075
331,5,6,5.34654
331,5,10,4.13082
331,6,7,2.34564
331,6,11,6.71534
331,7,8,6.17047
331,7,12,3.10845
331,8,9,3.08214
331,8,13,3.40804
331,9,14,6.8401
331,10,11,3.67252
331,10,15,4.46672
331,11,12,4.24645
331,11,16,5.40348
331,12,13,4.57368
331,12,17,6.26283
331,13,14,5.44227
331,13,18,6.55486
331,14,19,2.96307
331,15,16,6.29836
331,15,20,3.50018
331,16,17,3.75825
331,16,21,4.45999
331,17,18,5.36518
331,17,22,4.13927
331,18,19,7.52012
331,18,23,5.99555
331,19,24,6.58787
331,20,21,5.54602
331,21,22,6.06302
331,22,23,6.08242
331,23,24,6.56635
332,0,1,5.87282
332,0,5,1.91118
332,1,2,5.19255
332,1,6,4.28589
332,2,3,3.83101
332,2,7,2.66591
332,3,4,3.47931
332,3,8,3.40644
332,4,9,4.55352
332,5,6,3.1373
332,5,10,4.92482
332,6,7,5.48951
332,6,11,1.95144
332,7,8,4.60509
332,7,12,2.6079
332,8,9,2.50095
332,8,13,4.59551
332,9,14,2.80727
332,10,11,5.02324
332,10,15,3.24875
332,11,12,1.84452
332,11,16,4.12111
332,12,13,2.67161
332,12,17,4.34788
332,13,14,2.54904
332,13,18,4.71196
332,14,19,2.55531
332,15,16,3.33868
332,15,20,2.38469
332,16,17,2.40818
332,16,21,2.55608
332,17,18,2.87014
332,17,22,2.54817
332,18,19,3.40242
332,18,23,5.79118
332,19,24,3.70363
332,20,21,2.98867
332,21,22,5.63699
332,22,23,5.01357
332,23,24,4.58916
333,0,1,6.07133
333,0,5,5.99324
333,1,2,5.30154
333,1,6,4.70075
333,2,3,4.90027
333,2,7,2.60603
333,3,4,3.94514
333,3,8,2.90046
333,4,9,2.52935
333,5,6,6.37593
333,5,10,2.91793
333,6,7,5.98551
333,6,11,4.5623
333,7,8,5.09865
333,7,12,2.98646
333,8,9,5.27171
333,8,13,3.50203
333,9,14,4.99169
333,10,11,6.0325
333,10,15,3.38251
333,11,12,6.42014
333,11,16,5.496
333,12,13,8.0132
333,12,17,7.13694
333,13,14,5.60096
333,13,18,2.48235
333,14,19,2.86025
333,15,16,7.18702
333,15,20,2.3662
333,16,17,2.96257
333,16,21,3.93807
333,17,18,3.67986
333,17,22,3.11828
333,18,19,4.93103
333,18,23,7.33456
333,19,24,3.85313
333,20,21,2.70382
333,21,22,2.55553
333,22,23,4.29292
333,23,24,6.48955
334,0,1,3.05943
334,0,5,5.50964
334,1,2,5.16747
334,1,6,2.42673
334,2,3,4.58313
334,2,7,4.19609
334,3,4,4.43401
334,3,8,4.49247
334,4,9,2.24078
334,5,6,5.77479
334,5,10,5.04543
334,6,7,4.84864
334,6,11,4.81858
334,7,8,6.69982
334,7,12,4.66057
334,8,9,3.6168
334,8,13,6.25379
334,9,14,3.36184
334,10,11,1.95873
334,10,15,6.16579
334,11,12,7.23941
334,11,16,4.22857
334,12,13,6.08597
334,12,17,5.37082
334,13,14,5.42907
334,13,18,2.41645
334,14,19,5.31231
334,15,16,5.96388
334,15,20,3.21888
334,16,17,3.13373
334,16,21,6.32508
334,17,18,2.95231
334,17,22,5.72486
334,18,19,4.19595
334,18,23,3.05905
334,19,24,2.27505
334,20,21,3.44693
334,21,22,3.33926
334,22,23,4.14213
334,23,24,4.70423
335,0,1,3.51604
335,0,5,3.13932
335,1,2,3.94374
335,1,6,5.39729
335,2,3,2.39417
335,2,7,2.79652
335,3,4,4.5847
335,3,8,4.99587
335,4,9,4.39543
335,5,6,2.43425
335,5,10,5.34408
335,6,7,2.06523
335,6,11,2.25137
335,7,8,2.75748
335,7,12,5.24041
335,8,9,4.84493
335,8,13,5.17593
335,9,14,2.12363
335,10,11,4.19369
335,10,15,2.42901
335,11,12,2.56493
335,11,16,6.20154
335,12,13,2.39496
335,12,17,5.15043
335,13,14,4.17018
335,13,18,4.72314
335,14,19,4.22517
335,15,16,3.60051
335,15,20,3.85094
335,16,17,2.60198
335,16,21,2.95868
335,17,18,4.07637
335,17,22,3.90091
335,18,19,3.46167
335,18,23,5.32641
335,19,24,4.27108
335,20,21,4.1811
335,21,22,5.16612
335,22,23,3.06356
335,23,24,3.26875
336,0,1,6.45653
336,0,5,4.28116
336,1,2,4.23156
336,1,6,5.06625
336,2,3,5.17509
336,2,7,2.93634
336,3,4,4.60178
336,3,8,4.40156
336,4,9,6.79489
336,5,6,2.11385
336,5,10,3.04921
336,6,7,4.971
336,6,11,7.0689
336,7,8,2.86725
336,7,12,2.31285
336,8,9,6.87887
336,8,13,6.06139
336,9,14,2.02935
336,10,11,3.38908
336,10,15,4.48882
336,11,12,2.43932
336,11,16,4.30398
336,12,13,3.14166
336,12,17,3.04752
336,13,14,2.32135
336,13,18,4.90866
336,14,19,4.12086
336,15,16,4.32235
336,15,20,5.77564
336,16,17,5.86096
336,16,21,5.16871
336,17,18,3.04923
336,17,22,6.79286
336,18,19,2.66417
336,18,23,2.72847
336,19,24,4.78428
336,20,21,4.17458
336,21,22,3.02498
336,22,23,6.29064
336,23,24,6.43993
337,0,1,3.49514
337,0,5,2.04069
337,1,2,5.21238
337,1,6,2.14949
337,2,3,4.05761
337,2,7,5.47647
337,3,4,4.54394
337,3,8,4.41434
337,4,9,4.3846
337,5,6,2.72716
337,5,10,2.6527
337,6,7,4.0917
337,6,11,2.04776
337,7,8,2.10449
337,7,12,3.11415
337,8,9,3.8658
337,8,13,3.45919
337,9,14,2.3136
337,10,11,2.53947
337,10,15,4.75983
337,11,12,3.88286
337,11,16,1.77361
337,12,13,5.36708
337,12,17,3.38656
337,13,14,2.69471
337,13,18,3.18402
337,14,19,5.03487
337,15,16,2.34537
337,15,20,2.15178
337,16,17,3.41193
337,16,21,2.32935
337,17,18,3.80418
337,17,22,2.01351
337,18,19,4.77502
337,18,23,1.85664
337,19,24,4.15841
337,20,21,4.21637
337,21,22,1.92364
337,22,23,2.49496
337,23,24,3.89463
338,0,1,5.3969
338,0,5,3.18861
338,1,2,3.72177
338,1,6,3.29535
338,2,3,3.41317
338,2,7,3.47696
338,3,4,2.29193
338,3,8,4.53263
338,4,9,3.67062
338,5,6,3.38013
338,5,10,3.32371
338,6,7,1.76497
338,6,11,5.04997
338,7,8,5.64154
338,7,12,3.54142
338,8,9,2.17814
338,8,13,2.85244
338,9,14,3.64714
338,10,11,4.86376
338,10,15,3.09684
338,11,12,2.20217
338,11,16,2.65483
338,12,13,2.71168
338,12,17,2.93465
338,13,14,3.73335
338,13,18,4.55938
338,14,19,5.80663
338,15,16,4.44008
338,15,20,4.06964
338,16,17,4.21525
338,16,21,4.0211
338,17,18,4.2308
338,17,22,4.85949
338,18,19,5.31201
338,18,23,2.30013
338,19,24,3.8448
338,20,21,2.66628
338,21,22,4.95276
338,22,23,3.58279
338,23,24,3.87624
339,0,1,2.46138
339,0,5,3.32353
339,1,2,5.05235
339,1,6,3.53728
339,2,3,2.40836
339,2,7,3.70893
339,3,4,4.04474
339,3,8,3.83492
339,4,9,5.33525
339,5,6,3.59992
339,5,10,3.90403
339,6,7,4.3201
339,6,11,5.13302
339,7,8,2.18928
339,7,12,2.96919
339,8,9,2.11515
339,8,13,2.29836
339,9,14,3.65865
339,10,11,2.10327
339,10,15,4.00482
339,11,12,2.12855
339,11,16,4.79642
339,12,13,4.97385
339,12,17,2.93571
339,13,14,3.5249
339,13,18,4.60154
339,14,19,5.61536
339,15,16,3.29701
339,15,20,3.90157
339,16,17,3.12037
339,16,21,3.05644
339,17,18,2.40597
339,17,22,3.80841
339,18,19,3.37033
339,18,23,4.30388
339,19,24,3.81823
339,20,21,5.56197
339,21,22,4.26115
339,22,23,2.74857
339,23,24,2.58016
340,0,1,7.32274
340,0,5,5.12946
340,1,2,5.05253
340,1,6,5.75277
340,2,3,4.11292
340,2,7,5.75534
340,3,4,4.0685
340,3,8,3.17364
340,4,9,6.02043
340,5,6,3.26433
340,5,10,6.50477
340,6,7,5.17472
340,6,11,3.82581
340,7,8,4.57145
340,7,12,3.03288
340,8,9,3.73058
340,8,13,6.14452
340,9,14,5.19122
340,10,11,3.57268
340,10,15,4.20588
340,11,12,4.66973
340,11,16,2.07326
340,12,13,2.96395
340,12,17,3.97633
340,13,14,3.37139
340,13,18,5.66582
340,14,19,4.8135
340,15,16,3.55817
340,15,20,2.19174
340,16,17,5.64225
340,16,21,5.0286
340,17,18,3.50783
340,17,22,3.76663
340,18,19,7.23243
340,18,23,6.13987
340,19,24,4.04321
340,20,21,2.75139
340,21,22,6.16476
340,22,23,3.90945
340,23,24,5.12685
341,0,1,4.21731
341,0,5,2.15932
341,1,2,3.73699
341,1,6,3.13833
341,2,3,4.71342
341,2,7,4.49891
341,3,4,4.47074
341,3,8,1.81014
341,4,9,5.43743
341,5,6,3.09333
341,5,10,5.01023
341,6,7,3.01515
341,6,11,2.62777
341,7,8,2.44434
341,7,12,1.95421
341,8,9,4.97815
341,8,13,4.15822
341,9,14,1.79298
341,10,11,3.42612
341,10,15,4.1877
341,11,12,2.66148
341,11,16,4.82173
341,12,13,4.076
341,12,17,3.54677
341,13,14,5.36477
341,13,18,2.85606
341,14,19,3.53839
341,15,16,4.66047
341,15,20,3.51054
341,16,17,2.80961
341,16,21,1.69531
341,17,18,4.20135
341,17,22,2.1733
341,18,19,3.66153
341,18,23,4.1709
341,19,24,3.17194
341,20,21,2.98115
341,21,22,2.31719
341,22,23,2.19503
341,23,24,2.69743
342,0,1,5.4576
342,0,5,4.20168
342,1,2,4.63087
342,1,6,7.55472
342,2,3,6.11208
342,2,7,4.49007
342,3,4,3.14812
342,3,8,4.49764
342,4,9,3.82254
342,5,6,3.53425
342,5,10,5.5471
342,6,7,3.67723
342,6,11,5.41678
342,7,8,5.87743
342,7,12,5.88487
342,8,9,7.2117
342,8,13,8.21388
342,9,14,5.8796
342,10,11,6.65861
342,10,15,6.28966
342,11,12,5.18106
342,11,16,5.4207
342,12,13,7.33278
342,12,17,6.35759
342,13,14,4.27921
342,13,18,8.21897
342,14,19,5.44573
342,15,16,3.75608
342,15,20,5.46443
342,16,17,5.4241
342,16,21,5.83128
342,17,18,5.08153
342,17,22,3.02179
342,18,19,2.85953
342,18,23,3.46491
342,19,24,7.11498
342,20,21,4.0643
342,21,22,4.39789
342,22,23,6.23455
342,23,24,5.67559
343,0,1,2.80021
343,0,5,4.68271
343,1,2,3.39193
343,1,6,5.6462
343,2,3,2.50287
343,2,7,2.79215
343,3,4,1.97858
343,3,8,5.10053
343,4,9,4.93843
343,5,6,1.9864
343,5,10,3.655
343,6,7,4.14793
343,6,11,3.89367
343,7,8,3.86839
343,7,12,2.17746
343,8,9,1.89214
343,8,13,4.68308
343,9,14,2.92706
343,10,11,3.59734
343,10,15,2.30745
343,11,12,2.47256
343,11,16,5.05411
343,12,13,4.9498
343,12,17,2.30088
343,13,14,4.76912
343,13,18,5.07127
343,14,19,4.66357
343,15,16,5.23724
343,15,20,3.97136
343,16,17,1.9359
343,16,21,2.63361
343,17,18,4.65542
343,17,22,2.85037
343,18,19,3.22315
343,18,23,5.249
343,19,24,3.03782
343,20,21,5.69237
343,21,22,2.70619
343,22,23,3.63164
343,23,24,3.7096
344,0,1,4.87148
344,0,5,2.14852
344,1,2,2.52799
344,1,6,5.86305
344,2,3,2.71283
344,2,7,3.42554
344,3,4,1.91848
344,3,8,6.74634
344,4,9,3.99239
344,5,6,7.43487
344,5,10,2.09047
344,6,7,2.61572
344,6,11,6.51759
344,7,8,4.40053
344,7,12,6.31208
344,8,9,4.55382
344,8,13,4.17351
344,9,14,3.83232
344,10,11,4.48041
344,10,15,5.29412
344,11,12,2.47021
344,11,16,4.26178
344,12,13,5.65697
344,12,17,4.26382
344,13,14,4.0631
344,13,18,2.34795
344,14,19,3.12626
344,15,16,4.70422
344,15,20,2.6969
344,16,17,3.99323
344,16,21,2.11331
344,17,18,4.08174
344,17,22,2.55457
344,18,19,2.90552
344,18,23,7.73067
344,19,24,2.23618
344,20,21,6.85312
344,21,22,5.83166
344,22,23,4.4412
344,23,24,5.44946
345,0,1,5.2852
345,0,5,6.04553
345,1,2,2.57607
345,1,6,3.50637
345,2,3,2.17394
345,2,7,3.75177
345,3,4,3.90675
345,3,8,5.69021
345,4,9,2.27708
345,5,6,5.10904
345,5,10,3.06743
345,6,7,3.44817
345,6,11,2.72074
345,7,8,4.56886
345,7,12,3.10292
345,8,9,2.66165
345,8,13,6.15154
345,9,14,3.51657
345,10,11,3.85876
345,10,15,5.7937
345,11,12,6.11977
345,11,16,4.47808
345,12,13,5.05578
345,12,17,3.22091
345,13,14,3.27556
345,13,18,4.32203
345,14,19,5.59691
345,15,16,3.36283
345,15,20,3.17131
345,16,17,3.02353
345,16,21,2.79463
345,17,18,2.32187
345,17,22,2.61434
345,18,19,3.82003
345,18,23,3.59899
345,19,24,3.88838
345,20,21,2.3911
345,21,22,2.12527
345,22,23,3.40442
345,23,24,3.67949
346,0,1,3.5341
346,0,5,4.08975
346,1,2,2.21013
346,1,6,7.42172
346,2,3,2.46334
346,2,7,5.65909
346,3,4,1.80937
346,3,8,5.25457
346,4,9,4.12075
346,5,6,6.64346
346,5,10,4.58086
346,6,7,6.04639
346,6,11,5.15497
346,7,8,3.70483
346,7,12,6.24331
346,8,9,7.99839
346,8,13,4.26052
346,9,14,2.53707
346,10,11,4.85692
346,10,15,7.31713
346,11,12,2.28436
346,11,16,2.76237
346,12,13,3.04038
346,12,17,5.45808
346,13,14,4.01719
346,13,18,5.26213
346,14,19,4.95098
346,15,16,3.68634
346,15,20,7.05422
346,16,17,2.7432
346,16,21,4.84561
346,17,18,2.95877
346,17,22,3.78555
346,18,19,3.40428
346,18,23,5.40427
346,19,24,4.00136
346,20,21,6.32987
346,21,22,2.82221
346,22,23,3.55072
346,23,24,8.08374
347,0,1,6.49626
347,0,5,4.36257
347,1,2,3.74949
347,1,6,3.44506
347,2,3,3.20073
347,2,7,2.48577
347,3,4,3.78054
347,3,8,3.47671
347,4,9,2.84854
347,5,6,5.09528
347,5,10,3.75937
347,6,7,4.38817
347,6,11,3.74318
347,7,8,5.8741
347,7,12,3.33421
347,8,9,2.44806
347,8,13,3.97137
347,9,14,2.15639
347,10,11,2.3904
347,10,15,4.69198
347,11,12,4.09873
347,11,16,3.24796
347,12,13,4.31909
347,12,17,4.32782
347,13,14,4.93404
347,13,18,2.95983
347,14,19,2.50236
347,15,16,6.64472
347,15,20,4.23916
347,16,17,6.10349
347,16,21,6.5147
347,17,18,3.09776
347,17,22,5.0866
347,18,19,3.67653
347,18,23,3.52341
347,19,24,2.49367
347,20,21,2.5279
347,21,22,2.64035
347,22,23,2.52539
347,23,24,3.95238
348,0,1,5.88172
348,0,5,3.15963
348,1,2,3.83794
348,1,6,4.40194
348,2,3,3.43336
348,2,7,6.34345
348,3,4,6.9769
348,3,8,3.75668
348,4,9,5.71337
348,5,6,2.42215
348,5,10,6.6591
348,6,7,6.20866
348,6,11,5.46802
348,7,8,5.89032
348,7,12,4.46389
348,8,9,2.93284
348,8,13,4.64648
348,9,14,2.1216
348,10,11,3.2842
348,10,15,4.86987
348,11,12,4.65281
348,11,16,3.67395
348,12,13,6.30319
348,12,17,3.65089
348,13,14,2.87337
348,13,18,2.89481
348,14,19,5.16641
348,15,16,2.89918
348,15,20,3.41227
348,16,17,3.30154
348,16,21,3.44074
348,17,18,5.20222
348,17,22,2.87422
348,18,19,2.2932
348,18,23,2.58122
348,19,24,6.11463
348,20,21,3.03069
348,21,22,3.0773
348,22,23,3.57254
348,23,24,5.39446
349,0,1,1.99767
349,0,5,5.08195
349,1,2,1.94657
349,1,6,4.90494
349,2,3,3.10781
349,2,7,4.90747
349,3,4,3.44417
349,3,8,5.93636
349,4,9,3.89391
349,5,6,4.44659
349,5,10,3.62542
349,6,7,2.49203
349,6,11,3.36781
349,7,8,6.53655
349,7,12,2.0906
349,8,9,1.77625
349,8,13,2.94174
349,9,14,2.24621
349,10,11,4.75208
349,10,15,4.19917
349,11,12,3.6533
349,11,16,3.732
349,12,13,2.26478
349,12,17,4.87159
349,13,14,2.7403
349,13,18,5.26017
349,14,19,5.79696
349,15,16,2.8496
349,15,20,5.29985
349,16,17,3.9188
349,16,21,2.93518
349,17,18,3.13885
349,17,22,3.82203
349,18,19,3.72519
349,18,23,3.57787
349,19,24,5.23549
349,20,21,5.32905
349,21,22,2.37779
349,22,23,4.86319
349,23,24,2.17934
350,0,1,1.39585
350,0,5,5.07323
350,1,2,3.21816
350,1,6,1.90666
350,2,3,2.6559
350,2,7,4.03843
350,3,4,2.27776
350,3,8,1.82394
350,4,9,2.42351
350,5,6,3.64962
350,5,10,3.32965
350,6,7,1.73117
350,6,11,2.39635
350,7,8,3.26147
350,7,12,2.93532
350,8,9,3.00752
350,8,13,2.34031
350,9,14,4.40276
350,10,11,1.90336
350,10,15,3.14312
350,11,12,2.28973
350,11,16,1.85377
350,12,13,2.08791
350,12,17,3.07508
350,13,14,1.69111
350,13,18,1.97491
350,14,19,2.28491
350,15,16,2.81297
350,15,20,1.74597
350,16,17,2.17275
350,16,21,3.2763
350,17,18,3.93969
350,17,22,1.42242
350,18,19,4.30805
350,18,23,1.5329
350,19,24,4.29974
350,20,21,4.29125
350,21,22,4.55043
350,22,23,3.87861
350,23,24,2.56734
351,0,1,4.32101
351,0,5,2.45575
351,1,2,6.83592
351,1,6,2.63406
351,2,3,2.62403
351,2,7,4.00532
351,3,4,4.73534
351,3,8,5.52721
351,4,9,5.77543
351,5,6,3.97386
351,5,10,3.73966
351,6,7,2.87317
351,6,11,4.69015
351,7,8,5.58635
351,7,12,2.5064
351,8,9,5.35238
351,8,13,2.46289
351,9,14,5.42913
351,10,11,3.62283
351,10,15,2.86567
351,11,12,4.18818
351,11,16,3.08866
351,12,13,5.6509
351,12,17,4.85265
351,13,14,3.95199
351,13,18,4.86153
351,14,19,2.80585
351,15,16,3.29185
351,15,20,3.38676
351,16,17,4.82922
351,16,21,2.4615
351,17,18,2.26541
351,17,22,6.3739
351,18,19,6.01972
351,18,23,3.36143
351,19,24,4.05165
351,20,21,2.00165
351,21,22,6.54297
351,22,23,3.04158
351,23,24,1.92354
352,0,1,4.73394
352,0,5,4.92864
352,1,2,2.96737
352,1,6,3.2758
352,2,3,3.41609
352,2,7,6.01262
352,3,4,3.24493
352,3,8,4.64772
352,4,9,2.533
352,5,6,7.60917
352,5,10,3.09767
352,6,7,3.56403
352,6,11,6.29577
352,7,8,3.92582
352,7,12,6.07009
352,8,9,7.36081
352,8,13,3.73588
352,9,14,4.99643
352,10,11,4.72434
352,10,15,5.34333
352,11,12,4.91032
352,11,16,4.32888
352,12,13,2.8735
352,12,17,5.65936
352,13,14,6.03744
352,13,18,4.10557
352,14,19,3.0283
352,15,16,5.60392
352,15,20,6.82815
352,16,17,3.73457
352,16,21,4.66742
352,17,18,2.8054
352,17,22,6.10682
352,18,19,2.65164
352,18,23,4.41829
352,19,24,3.28114
352,20,21,5.55816
352,21,22,3.09855
352,22,23,5.51251
352,23,24,3.26795
353,0,1,2.59503
353,0,5,4.35401
353,1,2,5.09296
353,1,6,2.27613
353,2,3,2.42704
353,2,7,4.09338
353,3,4,2.66594
353,3,8,4.83793
353,4,9,3.44889
353,5,6,5.12055
353,5,10,2.2316
353,6,7,4.28914
353,6,11,2.57514
353,7,8,1.96346
353,7,12,1.86019
353,8,9,4.24881
353,8,13,3.54976
353,9,14,4.07812
353,10,11,4.81485
353,10,15,3.0605
353,11,12,2.65609
353,11,16,4.87044
353,12,13,3.50157
353,12,17,2.44644
353,13,14,2.23455
353,13,18,2.84517
353,14,19,4.83291
353,15,16,4.08799
353,15,20,3.2659
353,16,17,4.63626
353,16,21,3.13187
353,17,18,4.95157
353,17,22,2.64437
353,18,19,1.90972
353,18,23,2.63282
353,19,24,4.30092
353,20,21,2.54307
353,21,22,1.89925
353,22,23,5.00529
353,23,24,3.6204
354,0,1,2.98563
354,0,5,4.20563
354,1,2,4.8114
354,1,6,4.54707
354,2,3,3.3951
354,2,7,3.54267
354,3,4,3.98194
354,3,8,5.39706
354,4,9,5.94389
354,5,6,3.55615
354,5,10,6.15953
354,6,7,5.08733
354,6,11,3.96079
354,7,8,5.92222
354,7,12,2.86641
354,8,9,5.9111
354,8,13,2.7397
354,9,14,5.43956
354,10,11,5.43096
354,10,15,4.05095
354,11,12,3.14467
354,11,16,2.83418
354,12,13,4.29163
354,12,17,2.69961
354,13,14,3.08126
354,13,18,3.72797
354,14,19,2.97946
354,15,16,2.3347
354,15,20,6.34784
354,16,17,5.33004
354,16,21,2.84874
354,17,18,6.49064
354,17,22,2.17978
354,18,19,2.32565
354,18,23,5.40035
354,19,24,5.66261
354,20,21,3.564
354,21,22,1.816
354,22,23,5.18334
354,23,24,2.07353
355,0,1,4.24558
355,0,5,4.0306
355,1,2,2.40795
355,1,6,4.49238
355,2,3,2.24377
355,2,7,4.93411
355,3,4,5.62806
355,3,8,5.07097
355,4,9,2.84589
355,5,6,2.59975
355,5,10,3.6336
355,6,7,2.01162
355,6,11,4.04742
355,7,8,4.01338
355,7,12,6.42852
355,8,9,3.12517
355,8,13,4.35888
355,9,14,3.76334
355,10,11,2.82354
355,10,15,5.80831
355,11,12,3.68675
355,11,16,2.84945
355,12,13,1.80218
355,12,17,6.17598
355,13,14,6.04529
355,13,18,3.20444
355,14,19,5.37031
355,15,16,3.67737
355,15,20,2.88522
355,16,17,2.43111
355,16,21,4.79316
355,17,18,4.5466
355,17,22,4.02786
355,18,19,4.21172
355,18,23,2.91744
355,19,24,1.83636
355,20,21,5.60823
355,21,22,3.1904
355,22,23,3.99197
355,23,24,2.9041
356,0,1,3.52825
356,0,5,2.6768
356,1,2,5.76655
356,1,6,3.45626
356,2,3,3.50985
356,2,7,5.47065
356,3,4,3.13362
356,3,8,7.58104
356,4,9,5.41872
356,5,6,6.86314
356,5,10,4.38816
356,6,7,4.72775
356,6,11,4.09532
356,7,8,3.09851
356,7,12,6.42847
356,8,9,3.69161
356,8,13,3.52569
356,9,14,7.87762
356,10,11,3.45582
356,10,15,4.59136
356,11,12,6.58167
356,11,16,5.99761
356,12,13,3.76832
356,12,17,4.57768
356,13,14,3.39663
356,13,18,2.87114
356,14,19,7.72523
356,15,16,2.64023
356,15,20,6.77502
356,16,17,5.09621
356,16,21,2.91844
356,17,18,6.55122
356,17,22,4.95437
356,18,19,4.6481
356,18,23,5.6441
356,19,24,4.79161
356,20,21,2.90263
356,21,22,4.57139
356,22,23,3.67335
356,23,24,6.64018
357,0,1,3.77806
357,0,5,4.27485
357,1,2,4.03487
357,1,6,2.34929
357,2,3,6.29552
357,2,7,3.65548
357,3,4,6.35982
357,3,8,2.45771
357,4,9,2.74319
357,5,6,4.6283
357,5,10,4.04882
357,6,7,5.80734
357,6,11,2.07733
357,7,8,3.08271
357,7,12,5.49527
357,8,9,5.66169
357,8,13,4.85683
357,9,14,2.45942
357,10,11,2.61613
357,10,15,4.93706
357,11,12,4.69715
357,11,16,4.75217
357,12,13,4.59592
357,12,17,6.02989
357,13,14,2.33765
357,13,18,3.25629
357,14,19,5.11841
357,15,16,5.15387
357,15,20,3.80514
357,16,17,3.97529
357,16,21,4.96056
357,17,18,2.25157
357,17,22,4.80803
357,18,19,2.60497
357,18,23,5.6385
357,19,24,3.07858
357,20,21,4.92904
357,21,22,3.18326
357,22,23,3.40923
357,23,24,3.1147
358,0,1,6.11749
358,0,5,4.56692
358,1,2,3.14799
358,1,6,5.94295
358,2,3,3.38192
358,2,7,3.52288
358,3,4,2.45289
358,3,8,4.66912
358,4,9,5.92832
358,5,6,2.69511
358,5,10,6.61274
358,6,7,5.59101
358,6,11,5.69816
358,7,8,5.48261
358,7,12,2.76023
358,8,9,2.5306
358,8,13,4.59691
358,9,14,3.49837
358,10,11,2.98887
358,10,15,4.00296
358,11,12,5.20652
358,11,16,4.48344
358,12,13,5.44723
358,12,17,4.43234
358,13,14,4.12195
358,13,18,5.04844
358,14,19,3.33035
358,15,16,3.9685
358,15,20,4.48404
358,16,17,4.53697
358,16,21,5.76096
358,17,18,4.52611
358,17,22,3.25184
358,18,19,4.43258
358,18,23,3.13087
358,19,24,4.74575
358,20,21,5.72769
358,21,22,3.2597
358,22,23,2.83821
358,23,24,4.35614
359,0,1,4.08608
359,0,5,2.12245
359,1,2,4.0053
359,1,6,7.02487
359,2,3,3.14901
359,2,7,4.96407
359,3,4,2.93809
359,3,8,3.74022
359,4,9,5.6009
359,5,6,2.73216
359,5,10,7.1723
359,6,7,2.61764
359,6,11,6.63949
359,7,8,1.97807
359,7,12,2.23089
359,8,9,4.79914
359,8,13,4.47656
359,9,14,3.06917
359,10,11,6.76866
359,10,15,6.22785
359,11,12,3.36695
359,11,16,5.90131
359,12,13,2.04318
359,12,17,2.97407
359,13,14,4.03418
359,13,18,5.63842
359,14,19,5.30953
359,15,16,3.74186
359,15,20,3.28101
359,16,17,4.00534
359,16,21,3.30768
359,17,18,4.36322
359,17,22,2.64274
359,18,19,2.96041
359,18,23,4.97929
359,19,24,5.27726
359,20,21,4.1449
359,21,22,3.54822
359,22,23,2.96666
359,23,24,2.76658
360,0,1,2.25555
360,0,5,5.80302
360,1,2,3.47678
360,1,6,2.29325
360,2,3,6.652
360,2,7,2.69089
360,3,4,3.69018
360,3,8,4.34787
360,4,9,3.54576
360,5,6,4.30895
360,5,10,2.93734
360,6,7,3.39361
360,6,11,5.79954
360,7,8,5.87013
360,7,12,7.42849
360,8,9,4.036
360,8,13,3.54293
360,9,14,5.22355
360,10,11,1.994
360,10,15,2.85039
360,11,12,4.05141
360,11,16,3.80983
360,12,13,5.52509
360,12,17,8.27474
360,13,14,4.6051
360,13,18,3.12987
360,14,19,5.25904
360,15,16,6.35187
360,15,20,2.98021
360,16,17,4.10972
360,16,21,4.6351
360,17,18,2.557
360,17,22,4.06588
360,18,19,5.14103
360,18,23,6.82629
360,19,24,4.46817
360,20,21,3.90233
360,21,22,4.64191
360,22,23,4.06251
360,23,24,4.16609
361,0,1,2.43726
361,0,5,5.72009
361,1,2,4.06364
361,1,6,3.80075
361,2,3,2.73623
361,2,7,5.47988
361,3,4,3.06858
361,3,8,4.34201
361,4,9,3.12588
361,5,6,4.02392
361,5,10,2.66993
361,6,7,2.62701
361,6,11,5.93261
361,7,8,5.0281
361,7,12,3.38555
361,8,9,5.74376
361,8,13,4.79268
361,9,14,6.55257
361,10,11,5.10605
361,10,15,3.06179
361,11,12,2.68445
361,11,16,7.20669
361,12,13,2.77977
361,12,17,4.21399
361,13,14,4.56327
361,13,18,2.33449
361,14,19,4.05958
361,15,16,5.11952
361,15,20,5.40055
361,16,17,5.60698
361,16,21,4.13156
361,17,18,5.1645
361,17,22,2.90143
361,18,19,2.53479
361,18,23,2.87542
361,19,24,2.12455
361,20,21,3.31046
361,21,22,2.19077
361,22,23,3.30077
361,23,24,3.88683
362,0,1,6.03226
362,0,5,3.11534
362,1,2,3.03608
362,1,6,2.51344
362,2,3,5.08817
362,2,7,3.16161
362,3,4,3.11095
362,3,8,4.61793
362,4,9,3.27016
362,5,6,6.4939
362,5,10,2.13867
362,6,7,3.0372
362,6,11,3.28056
362,7,8,6.75841
362,7,12,4.82862
362,8,9,3.35235
362,8,13,7.05103
362,9,14,2.80668
362,10,11,2.77708
362,10,15,4.66586
362,11,12,4.85149
362,11,16,3.48623
362,12,13,4.06301
362,12,17,4.26203
362,13,14,5.97904
362,13,18,6.7094
362,14,19,3.24321
362,15,16,6.82824
362,15,20,4.05247
362,16,17,4.32449
362,16,21,4.47
362,17,18,3.70774
362,17,22,3.74818
362,18,19,5.17469
362,18,23,4.3514
362,19,24,2.38014
362,20,21,2.56586
362,21,22,3.09757
362,22,23,3.23976
362,23,24,3.09817
363,0,1,6.27936
363,0,5,2.60271
363,1,2,4.91818
363,1,6,3.78098
363,2,3,3.07908
363,2,7,5.1759
363,3,4,2.22457
363,3,8,4.90501
363,4,9,4.49208
363,5,6,3.97747
363,5,10,3.14363
363,6,7,2.2223
363,6,11,6.19729
363,7,8,4.68018
363,7,12,4.76605
363,8,9,6.4374
363,8,13,4.06084
363,9,14,3.0874
363,10,11,3.71639
363,10,15,2.40498
363,11,12,4.97499
363,11,16,3.65643
363,12,13,6.18928
363,12,17,6.4024
363,13,14,2.72031
363,13,18,1.99524
363,14,19,5.18533
363,15,16,3.71632
363,15,20,2.22434
363,16,17,3.72198
363,16,21,6.42836
363,17,18,6.16032
363,17,22,5.49001
363,18,19,5.37503
363,18,23,6.70506
363,19,24,1.98982
363,20,21,3.82348
363,21,22,3.41476
363,22,23,4.16037
363,23,24,5.2331
364,0,1,6.54157
364,0,5,4.98179
364,1,2,4.63874
364,1,6,3.28254
364,2,3,7.94853
364,2,7,4.60737
364,3,4,4.4259
364,3,8,2.62299
364,4,9,2.35662
364,5,6,2.15223
364,5,10,5.43766
364,6,7,4.2048
364,6,11,4.5657
364,7,8,4.99874
364,7,12,2.69665
364,8,9,4.50756
364,8,13,7.91192
364,9,14,2.74286
364,10,11,6.75254
364,10,15,2.43786
364,11,12,3.4592
364,11,16,4.09713
364,12,13,4.73248
364,12,17,2.64344
364,13,14,4.38748
364,13,18,2.77456
364,14,19,2.48963
364,15,16,7.67244
364,15,20,3.40353
364,16,17,7.53047
364,16,21,3.87761
364,17,18,2.26941
364,17,22,3.3739
364,18,19,5.74457
364,18,23,4.13952
364,19,24,5.82329
364,20,21,3.8327
364,21,22,5.88078
364,22,23,5.02193
364,23,24,3.97696
365,0,1,3.84018
365,0,5,3.83576
365,1,2,4.06051
365,1,6,4.4321
365,2,3,4.80896
365,2,7,5.33691
365,3,4,3.34132
365,3,8,3.42039
365,4,9,3.53172
365,5,6,2.55229
365,5,10,2.95463
365,6,7,3.02905
365,6,11,4.39379
365,7,8,3.99234
365,7,12,3.1301
365,8,9,2.38589
365,8,13,5.34161
365,9,14,4.34511
365,10,11,2.95674
365,10,15,2.87023
365,11,12,1.97949
365,11,16,5.45535
365,12,13,3.40749
365,12,17,5.03485
365,13,14,5.33455
365,13,18,3.07507
365,14,19,2.49476
365,15,16,2.13709
365,15,20,3.95598
365,16,17,6.12443
365,16,21,4.2521
365,17,18,3.03415
365,17,22,5.70401
365,18,19,5.80521
365,18,23,3.34754
365,19,24,5.8898
365,20,21,2.59186
365,21,22,5.37802
365,22,23,2.49107
365,23,24,2.11071
366,0,1,3.83768
366,0,5,5.71485
366,1,2,6.73672
366,1,6,5.05736
366,2,3,3.69908
366,2,7,3.00195
366,3,4,3.06852
366,3,8,3.85944
366,4,9,4.50884
366,5,6,3.75648
366,5,10,2.35287
366,6,7,4.11531
366,6,11,5.05731
366,7,8,9.39808
366,7,12,3.03211
366,8,9,5.71183
366,8,13,3.36517
366,9,14,4.98427
366,10,11,3.0032
366,10,15,4.06788
366,11,12,6.51724
366,11,16,2.47879
366,12,13,5.14193
366,12,17,3.95273
366,13,14,4.02102
366,13,18,4.24697
366,14,19,4.26232
366,15,16,2.4533
366,15,20,3.1338
366,16,17,6.51602
366,16,21,3.84768
366,17,18,7.13206
366,17,22,5.48474
366,18,19,8.18606
366,18,23,5.86347
366,19,24,6.45381
366,20,21,6.03133
366,21,22,5.41237
366,22,23,2.74534
366,23,24,5.91658
367,0,1,3.98964
367,0,5,3.86955
367,1,2,4.68877
367,1,6,2.04155
367,2,3,3.3283
367,2,7,1.98985
367,3,4,3.49715
367,3,8,3.08652
367,4,9,5.2613
367,5,6,2.18558
367,5,10,5.16477
367,6,7,4.95254
367,6,11,3.79556
367,7,8,4.94474
367,7,12,1.75722
367,8,9,2.33814
367,8,13,4.21717
367,9,14,3.00026
367,10,11,4.52279
367,10,15,2.72267
367,11,12,2.19658
367,11,16,3.88495
367,12,13,4.10383
367,12,17,3.69358
367,13,14,3.97334
367,13,18,4.42192
367,14,19,2.86461
367,15,16,3.75781
367,15,20,1.72889
367,16,17,5.4264
367,16,21,4.2688
367,17,18,4.49378
367,17,22,5.48624
367,18,19,2.04725
367,18,23,2.12962
367,19,24,5.08398
367,20,21,5.04663
367,21,22,3.3302
367,22,23,4.52434
367,23,24,1.9642
368,0,1,4.40193
368,0,5,5.61149
368,1,2,5.25988
368,1,6,3.42454
368,2,3,4.5222
368,2,7,4.19213
368,3,4,5.26686
368,3,8,4.45071
368,4,9,3.58728
368,5,6,3.73475
368,5,10,2.43433
368,6,7,2.60355
368,6,11,1.45412
368,7,8,2.83585
368,7,12,2.67787
368,8,9,2.67868
368,8,13,3.00066
368,9,14,3.50842
368,10,11,1.95393
368,10,15,3.74842
368,11,12,2.89004
368,11,16,3.19318
368,12,13,3.64545
368,12,17,1.90874
368,13,14,3.81928
368,13,18,1.98466
368,14,19,2.97346
368,15,16,1.72656
368,15,20,1.75632
368,16,17,2.27067
368,16,21,2.18403
368,17,18,2.45844
368,17,22,3.41568
368,18,19,4.44344
368,18,23,1.99064
368,19,24,1.63929
368,20,21,3.93384
368,21,22,3.92804
368,22,23,2.016
368,23,24,3.01223
369,0,1,2.38999
369,0,5,4.26909
369,1,2,3.83756
369,1,6,2.21348
369,2,3,4.48292
369,2,7,3.55082
369,3,4,5.91642
369,3,8,4.30452
369,4,9,4.67632
369,5,6,3.41829
369,5,10,3.11076
369,6,7,2.14573
369,6,11,2.2645
369,7,8,5.09189
369,7,12,4.63198
369,8,9,3.46951
369,8,13,2.84509
369,9,14,3.26881
369,10,11,3.23556
369,10,15,2.05227
369,11,12,4.91761
369,11,16,2.26236
369,12,13,3.3559
369,12,17,3.8292
369,13,14,5.0668
369,13,18,3.03005
369,14,19,3.51708
369,15,16,2.58055
369,15,20,3.08775
369,16,17,3.2567
369,16,21,4.09408
369,17,18,5.48018
369,17,22,1.94761
369,18,19,2.33283
369,18,23,2.80339
369,19,24,1.84278
369,20,21,2.94785
369,21,22,1.96148
369,22,23,4.46519
369,23,24,2.09639
370,0,1,5.90392
370,0,5,5.31989
370,1,2,4.0135
370,1,6,2.91683
370,2,3,3.8801
370,2,7,4.3423
370,3,4,2.04947
370,3,8,6.2192
370,4,9,3.4091
370,5,6,6.56596
370,5,10,2.53238
370,6,7,4.05676
370,6,11,5.63828
370,7,8,4.2883
370,7,12,4.91344
370,8,9,6.82464
370,8,13,2.2948
370,9,14,5.65842
370,10,11,4.84837
370,10,15,2.01152
370,11,12,5.20037
370,11,16,4.6015
370,12,13,5.52526
370,12,17,6.78438
370,13,14,2.42903
370,13,18,2.7316
370,14,19,5.26008
370,15,16,4.34452
370,15,20,3.22547
370,16,17,3.90804
370,16,21,6.35178
370,17,18,6.62257
370,17,22,4.69124
370,18,19,5.34214
370,18,23,5.79194
370,19,24,4.63489
370,20,21,6.09304
370,21,22,5.95151
370,22,23,3.21979
370,23,24,3.73431
371,0,1,5.5601
371,0,5,4.2653
371,1,2,2.95763
371,1,6,3.85303
371,2,3,2.6696
371,2,7,4.25193
371,3,4,5.29905
371,3,8,3.6547
371,4,9,4.69597
371,5,6,2.61128
371,5,10,4.19249
371,6,7,4.76257
371,6,11,2.32658
371,7,8,5.05434
371,7,12,5.49969
371,8,9,5.0367
371,8,13,4.97975
371,9,14,5.07381
371,10,11,4.3025
371,10,15,3.68879
371,11,12,4.99256
371,11,16,2.65121
371,12,13,5.86219
371,12,17,3.08605
371,13,14,5.61509
371,13,18,4.31516
371,14,19,5.24004
371,15,16,4.55986
371,15,20,2.49822
371,16,17,2.13422
371,16,21,4.60128
371,17,18,4.94438
371,17,22,3.86783
371,18,19,4.4011
371,18,23,5.70037
371,19,24,3.23471
371,20,21,4.33777
371,21,22,4.56521
371,22,23,4.82492
371,23,24,5.57086
372,0,1,4.33117
372,0,5,5.03561
372,1,2,2.55496
372,1,6,3.08068
372,2,3,4.82379
372,2,7,3.76378
372,3,4,4.04705
372,3,8,3.2925
372,4,9,4.5264
372,5,6,4.86466
372,5,10,2.31056
372,6,7,2.49862
372,6,11,3.23487
372,7,8,4.46154
372,7,12,6.30185
372,8,9,4.27152
372,8,13,5.41491
372,9,14,5.19405
372,10,11,2.07837
372,10,15,4.53193
372,11,12,2.64126
372,11,16,3.669
372,12,13,2.65431
372,12,17,3.31094
372,13,14,4.93687
372,13,18,3.84829
372,14,19,2.56195
372,15,16,5.37214
372,15,20,4.71978
372,16,17,4.21565
372,16,21,6.23919
372,17,18,2.08269
372,17,22,4.02594
372,18,19,2.69604
372,18,23,5.1374
372,19,24,2.71466
372,20,21,4.0026
372,21,22,4.55892
372,22,23,3.20669
372,23,24,4.58688
373,0,1,5.34957
373,0,5,2.79698
373,1,2,3.92537
373,1,6,4.78868
373,2,3,2.26931
373,2,7,4.97841
373,3,4,2.17566
373,3,8,3.72891
373,4,9,2.34603
373,5,6,2.73392
373,5,10,3.36796
373,6,7,5.00968
373,6,11,2.4738
373,7,8,2.67028
373,7,12,4.40133
373,8,9,5.32723
373,8,13,3.97956
373,9,14,2.20108
373,10,11,2.22382
373,10,15,5.58428
373,11,12,4.42875
373,11,16,3.37392
373,12,13,3.32354
373,12,17,3.0649
373,13,14,3.67839
373,13,18,3.21545
373,14,19,5.2106
373,15,16,2.65564
373,15,20,4.10084
373,16,17,2.24265
373,16,21,4.95402
373,17,18,2.72603
373,17,22,3.64296
373,18,19,2.86687
373,18,23,4.04598
373,19,24,5.34249
373,20,21,2.23964
373,21,22,4.68202
373,22,23,5.74519
373,23,24,4.49669
374,0,1,2.6194
374,0,5,5.59812
374,1,2,6.41667
374,1,6,6.46786
374,2,3,5.52054
374,2,7,3.9138
374,3,4,3.20239
374,3,8,3.21798
374,4,9,2.30282
374,5,6,3.31673
374,5,10,4.81932
374,6,7,3.56713
374,6,11,3.51194
374,7,8,5.7862
374,7,12,4.07625
374,8,9,3.44845
374,8,13,2.91234
374,9,14,3.36388
374,10,11,6.03921
374,10,15,2.59743
374,11,12,5.04142
374,11,16,2.50427
374,12,13,3.393
374,12,17,2.8849
374,13,14,6.10537
374,13,18,3.5233
374,14,19,6.55621
374,15,16,6.1571
374,15,20,3.78887
374,16,17,4.69656
374,16,21,2.73425
374,17,18,2.75981
374,17,22,4.96176
374,18,19,3.7613
374,18,23,4.08598
374,19,24,2.99523
374,20,21,4.50374
374,21,22,4.19909
374,22,23,5.05452
374,23,24,3.55863
375,0,1,2.57764
375,0,5,3.27901
375,1,2,4.00611
375,1,6,5.23209
375,2,3,5.84859
375,2,7,2.22148
375,3,4,4.28933
375,3,8,4.41544
375,4,9,2.19534
375,5,6,5.04766
375,5,10,2.3414
375,6,7,3.23584
375,6,11,6.14546
375,7,8,3.0178
375,7,12,6.86846
375,8,9,5.14753
375,8,13,6.2687
375,9,14,4.01084
375,10,11,6.34321
375,10,15,5.20225
375,11,12,2.18077
375,11,16,4.43671
375,12,13,3.65051
375,12,17,3.91158
375,13,14,5.11323
375,13,18,4.47872
375,14,19,4.51812
375,15,16,3.10735
375,15,20,2.50734
375,16,17,2.22864
375,16,21,2.7198
375,17,18,3.56372
375,17,22,3.57159
375,18,19,3.21722
375,18,23,3.26134
375,19,24,2.98216
375,20,21,5.78559
375,21,22,5.33262
375,22,23,6.06418
375,23,24,6.71195
376,0,1,3.1096
376,0,5,4.2937
376,1,2,3.17503
376,1,6,1.32058
376,2,3,4.12194
376,2,7,4.33436
376,3,4,2.06323
376,3,8,1.96629
376,4,9,4.85164
376,5,6,2.33402
376,5,10,3.39702
376,6,7,2.50272
376,6,11,1.57543
376,7,8,2.9778
376,7,12,2.3391
376,8,9,3.77938
376,8,13,2.12808
376,9,14,3.36242
376,10,11,3.09538
376,10,15,1.59523
376,11,12,3.05401
376,11,16,3.22746
376,12,13,3.93374
376,12,17,4.59738
376,13,14,2.75507
376,13,18,1.89773
376,14,19,2.51021
376,15,16,2.4058
376,15,20,2.80029
376,16,17,2.41569
376,16,21,4.60042
376,17,18,4.15564
376,17,22,2.88026
376,18,19,4.0718
376,18,23,3.67259
376,19,24,1.24677
376,20,21,4.51569
376,21,22,2.14966
376,22,23,2.73847
376,23,24,2.19228
377,0,1,2.52921
377,0,5,6.11161
377,1,2,2.16762
377,1,6,2.81903
377,2,3,5.40797
377,2,7,2.45745
377,3,4,3.86887
377,3,8,2.28243
377,4,9,3.56971
377,5,6,6.02067
377,5,10,3.60783
377,6,7,5.73324
377,6,11,2.68148
377,7,8,1.95375
377,7,12,2.6926
377,8,9,2.4622
377,8,13,3.40127
377,9,14,5.94357
377,10,11,1.99902
377,10,15,3.40459
377,11,12,4.9459
377,11,16,3.9195
377,12,13,3.44912
377,12,17,3.2491
377,13,14,2.50205
377,13,18,1.58238
377,14,19,2.01748
377,15,16,2.34768
377,15,20,3.6358
377,16,17,4.87209
377,16,21,3.36348
377,17,18,3.78916
377,17,22,3.04832
377,18,19,3.16431
377,18,23,1.89947
377,19,24,4.74458
377,20,21,3.20429
377,21,22,2.63495
377,22,23,4.31362
377,23,24,3.82055
378,0,1,2.97113
378,0,5,2.20494
378,1,2,2.28131
378,1,6,1.93062
378,2,3,5.09764
378,2,7,2.96378
378,3,4,3.40605
378,3,8,2.36186
378,4,9,3.00254
378,5,6,2.00014
378,5,10,3.7677
378,6,7,3.34415
378,6,11,3.76731
378,7,8,3.73845
378,7,12,3.60357
378,8,9,2.04793
378,8,13,4.91733
378,9,14,3.39281
378,10,11,2.97138
378,10,15,2.18099
378,11,12,3.34701
378,11,16,3.09443
378,12,13,3.87578
378,12,17,1.9314
378,13,14,3.54502
378,13,18,3.91623
378,14,19,3.35173
378,15,16,2.6854
378,15,20,1.96153
378,16,17,2.73324
378,16,21,4.41269
378,17,18,4.23322
378,17,22,2.33867
378,18,19,4.33994
378,18,23,3.10276
378,19,24,4.45751
378,20,21,3.21568
378,21,22,3.73745
378,22,23,2.20582
378,23,24,2.82024
379,0,1,6.07845
379,0,5,5.44172
379,1,2,5.81518
379,1,6,6.2693
379,2,3,5.40625
379,2,7,5.41545
379,3,4,2.32798
379,3,8,6.08433
379,4,9,5.68515
379,5,6,2.50048
379,5,10,4.11474
379,6,7,3.28825
379,6,11,4.74868
379,7,8,3.21344
379,7,12,2.47998
379,8,9,5.03926
379,8,13,2.63763
379,9,14,5.94589
379,10,11,2.50474
379,10,15,3.12073
379,11,12,3.99013
379,11,16,2.95091
379,12,13,2.74292
379,12,17,5.44794
379,13,14,4.33335
379,13,18,5.24404
379,14,19,6.36068
379,15,16,5.92379
379,15,20,6.0921
379,16,17,5.77453
379,16,21,3.11492
379,17,18,5.1684
379,17,22,3.20547
379,18,19,4.76538
379,18,23,3.57953
379,19,24,2.26416
379,20,21,3.36561
379,21,22,3.29704
379,22,23,5.51527
379,23,24,4.02715
380,0,1,3.12343
380,0,5,2.38821
380,1,2,4.74503
380,1,6,3.52377
380,2,3,3.17078
380,2,7,5.21099
380,3,4,3.37084
380,3,8,5.54894
380,4,9,3.86234
380,5,6,4.01611
380,5,10,4.07634
380,6,7,5.89084
380,6,11,5.96104
380,7,8,4.31456
380,7,12,3.89697
380,8,9,4.35028
380,8,13,5.0721
380,9,14,2.64934
380,10,11,4.99693
380,10,15,4.68585
380,11,12,3.42548
380,11,16,2.24497
380,12,13,3.33349
380,12,17,2.05889
380,13,14,5.54339
380,13,18,3.5871
380,14,19,3.77043
380,15,16,4.65698
380,15,20,6.07585
380,16,17,5.19781
380,16,21,4.75784
380,17,18,2.59705
380,17,22,2.60033
380,18,19,3.5098
380,18,23,5.17436
380,19,24,2.71165
380,20,21,6.08145
380,21,22,2.57884
380,22,23,4.54902
380,23,24,3.67404
381,0,1,1.86974
381,0,5,3.36795
381,1,2,2.3454
381,1,6,1.64863
381,2,3,4.08545
381,2,7,2.17658
381,3,4,3.27713
381,3,8,2.80346
381,4,9,2.02069
381,5,6,3.3537
381,5,10,2.92699
381,6,7,3.24766
381,6,11,2.70693
381,7,8,2.4812
381,7,12,4.88
381,8,9,2.20615
381,8,13,1.6182
381,9,14,3.21317
381,10,11,1.87739
381,10,15,2.02102
381,11,12,4.37056
381,11,16,5.57528
381,12,13,2.69552
381,12,17,4.05582
381,13,14,4.67505
381,13,18,1.26325
381,14,19,3.1079
381,15,16,3.97306
381,15,20,2.97109
381,16,17,3.39309
381,16,21,4.89897
381,17,18,4.2536
381,17,22,2.64084
381,18,19,1.59182
381,18,23,2.99476
381,19,24,3.82965
381,20,21,2.62724
381,21,22,4.62486
381,22,23,4.89927
381,23,24,2.30815
382,0,1,2.50146
382,0,5,3.01537
382,1,2,2.50545
382,1,6,6.85875
382,2,3,2.56082
382,2,7,2.46582
382,3,4,4.19007
382,3,8,2.18531
382,4,9,5.61717
382,5,6,5.89973
382,5,10,3.69342
382,6,7,6.93704
382,6,11,4.47111
382,7,8,5.83743
382,7,12,3.79818
382,8,9,4.70417
382,8,13,5.80738
382,9,14,3.25696
382,10,11,5.19773
382,10,15,4.46389
382,11,12,4.47327
382,11,16,3.75071
382,12,13,6.09525
382,12,17,4.32724
382,13,14,5.66565
382,13,18,6.2753
382,14,19,4.16717
382,15,16,7.06697
382,15,20,4.89751
382,16,17,2.92366
382,16,21,5.47011
382,17,18,5.47456
382,17,22,6.87147
382,18,19,2.29428
382,18,23,5.10266
382,19,24,6.54738
382,20,21,5.1417
382,21,22,5.93867
382,22,23,6.18599
382,23,24,5.98844
383,0,1,2.69827
383,0,5,4.89922
383,1,2,1.93394
383,1,6,6.20866
383,2,3,4.92391
383,2,7,3.52506
383,3,4,2.66573
383,3,8,6.48703
383,4,9,4.65377
383,5,6,3.63409
383,5,10,2.88404
383,6,7,3.99432
383,6,11,6.55033
383,7,8,2.73652
383,7,12,6.86597
383,8,9,2.58775
383,8,13,4.20995
383,9,14,6.29435
383,10,11,5.34023
383,10,15,6.66338
383,11,12,6.89526
383,11,16,5.23617
383,12,13,4.78631
383,12,17,4.84095
383,13,14,3.33929
383,13,18,4.28025
383,14,19,3.31791
383,15,16,2.84236
383,15,20,4.24924
383,16,17,3.81291
383,16,21,2.61394
383,17,18,2.77145
383,17,22,4.60532
383,18,19,2.19425
383,18,23,4.45897
383,19,24,3.55711
383,20,21,3.62719
383,21,22,4.01266
383,22,23,5.56083
383,23,24,5.77913
384,0,1,3.22251
384,0,5,3.36336
384,1,2,2.47697
384,1,6,3.81705
384,2,3,5.31022
384,2,7,5.16585
384,3,4,3.96767
384,3,8,4.28847
384,4,9,6.82487
384,5,6,3.54189
384,5,10,4.98135
384,6,7,2.11804
384,6,11,4.35364
384,7,8,4.82558
384,7,12,2.78029
384,8,9,2.56718
384,8,13,3.72241
384,9,14,2.47032
384,10,11,2.78542
384,10,15,6.14351
384,11,12,6.00693
384,11,16,6.74565
384,12,13,2.13837
384,12,17,3.68698
384,13,14,3.67062
384,13,18,3.64141
384,14,19,7.266
384,15,16,2.17025
384,15,20,5.62902
384,16,17,5.79825
384,16,21,5.37068
384,17,18,6.10603
384,17,22,4.75956
384,18,19,5.3477
384,18,23,5.40398
384,19,24,2.198
384,20,21,3.22494
384,21,22,4.11497
384,22,23,4.61525
384,23,24,6.9341
385,0,1,2.95282
385,0,5,3.33074
385,1,2,4.01845
385,1,6,4.47974
385,2,3,4.57965
385,2,7,2.65995
385,3,4,5.70949
385,3,8,3.57805
385,4,9,4.08154
385,5,6,3.96917
385,5,10,4.57244
385,6,7,6.65538
385,6,11,5.46475
385,7,8,3.0686
385,7,12,2.6923
385,8,9,3.49483
385,8,13,5.21306
385,9,14,2.66305
385,10,11,4.44811
385,10,15,3.0826
385,11,12,3.18557
385,11,16,3.41625
385,12,13,2.29596
385,12,17,3.8624
385,13,14,4.41158
385,13,18,4.72141
385,14,19,3.26682
385,15,16,2.81334
385,15,20,3.59268
385,16,17,3.22818
385,16,21,5.7187
385,17,18,5.34529
385,17,22,4.67189
385,18,19,4.20898
385,18,23,4.17712
385,19,24,6.63225
385,20,21,4.4538
385,21,22,5.93938
385,22,23,2.3053
385,23,24,4.07518
386,0,1,2.49458
386,0,5,3.65851
386,1,2,4.55983
386,1,6,2.69861
386,2,3,3.96858
386,2,7,2.52336
386,3,4,3.32599
386,3,8,1.66025
386,4,9,3.36865
386,5,6,3.3019
386,5,10,1.64311
386,6,7,4.11414
386,6,11,1.767
386,7,8,1.76127
386,7,12,2.95983
386,8,9,2.18532
386,8,13,1.66327
386,9,14,3.43972
386,10,11,3.5091
386,10,15,1.81866
386,11,12,4.3716
386,11,16,3.88602
386,12,13,4.04807
386,12,17,2.23659
386,13,14,3.19945
386,13,18,3.59915
386,14,19,4.55029
386,15,16,2.59216
386,15,20,3.30643
386,16,17,2.70506
386,16,21,5.2181
386,17,18,3.65992
386,17,22,2.13561
386,18,19,3.98483
386,18,23,2.0059
386,19,24,2.8158
386,20,21,2.30786
386,21,22,5.14753
386,22,23,3.59665
386,23,24,1.81296
387,0,1,4.41576
387,0,5,4.82985
387,1,2,1.99763
387,1,6,4.69507
387,2,3,4.57484
387,2,7,4.1482
387,3,4,4.75453
387,3,8,4.5285
387,4,9,3.41603
387,5,6,1.88707
387,5,10,2.81615
387,6,7,2.47284
387,6,11,4.13493
387,7,8,4.43875
387,7,12,4.63754
387,8,9,2.51005
387,8,13,3.11803
387,9,14,1.59313
387,10,11,4.00519
387,10,15,2.4825
387,11,12,4.77495
387,11,16,3.73166
387,12,13,3.47644
387,12,17,2.32478
387,13,14,2.01283
387,13,18,4.2193
387,14,19,1.65306
387,15,16,5.13295
387,15,20,4.78031
387,16,17,5.18158
387,16,21,3.40767
387,17,18,2.17294
387,17,22,2.14689
387,18,19,5.83066
387,18,23,1.84065
387,19,24,2.16539
387,20,21,4.68947
387,21,22,5.5881
387,22,23,3.13314
387,23,24,1.67878
388,0,1,1.84948
388,0,5,5.0205
388,1,2,1.17459
388,1,6,1.84683
388,2,3,4.07086
388,2,7,6.49028
388,3,4,2.59022
388,3,8,1.94474
388,4,9,2.47838
388,5,6,4.38521
388,5,10,2.33816
388,6,7,6.55523
388,6,11,4.7563
388,7,8,4.16893
388,7,12,2.66261
388,8,9,1.85188
388,8,13,2.58836
388,9,14,2.95012
388,10,11,6.3608
388,10,15,7.05866
388,11,12,2.3419
388,11,16,3.36065
388,12,13,3.95045
388,12,17,5.49106
388,13,14,4.92938
388,13,18,3.80059
388,14,19,4.7067
388,15,16,3.54939
388,15,20,5.70615
388,16,17,6.6634
388,16,21,3.33488
388,17,18,1.96904
388,17,22,3.02189
388,18,19,1.14293
388,18,23,2.18135
388,19,24,2.84769
388,20,21,3.89285
388,21,22,2.67651
388,22,23,5.11934
388,23,24,1.98737
389,0,1,3.29193
389,0,5,3.51129
389,1,2,4.14958
389,1,6,4.2433
389,2,3,2.01244
389,2,7,5.76973
389,3,4,2.41536
389,3,8,5.49561
389,4,9,5.50671
389,5,6,1.8382
389,5,10,4.0624
389,6,7,4.78305
389,6,11,5.52048
389,7,8,5.41529
389,7,12,3.60908
389,8,9,3.17095
389,8,13,3.50881
389,9,14,4.36182
389,10,11,2.12097
389,10,15,2.70003
389,11,12,2.47937
389,11,16,2.83822
389,12,13,4.42693
389,12,17,2.69611
389,13,14,2.11593
389,13,18,5.4179
389,14,19,2.5299
389,15,16,2.20131
389,15,20,5.11238
389,16,17,2.9362
389,16,21,2.98473
389,17,18,5.93871
389,17,22,1.88312
389,18,19,4.6177
389,18,23,3.50608
389,19,24,3.12873
389,20,21,2.48465
389,21,22,2.11359
389,22,23,4.64967
389,23,24,3.39934
390,0,1,2.30738
390,0,5,3.91128
390,1,2,3.19569
390,1,6,1.68494
390,2,3,3.82847
390,2,7,2.60608
390,3,4,3.24762
390,3,8,5.19465
390,4,9,4.27726
390,5,6,4.64528
390,5,10,4.78057
390,6,7,2.33233
390,6,11,2.47838
390,7,8,3.4685
390,7,12,3.50965
390,8,9,2.18759
390,8,13,2.26857
390,9,14,5.25416
390,10,11,4.34983
390,10,15,2.70877
390,11,12,2.86254
390,11,16,4.9424
390,12,13,2.52312
390,12,17,2.42142
390,13,14,3.02463
390,13,18,2.17611
390,14,19,2.68033
390,15,16,1.79445
390,15,20,3.97381
390,16,17,3.73662
390,16,21,3.22077
390,17,18,2.18597
390,17,22,3.26852
390,18,19,2.20826
390,18,23,2.37095
390,19,24,1.69279
390,20,21,3.98622
390,21,22,2.17865
390,22,23,2.16352
390,23,24,3.55953
391,0,1,3.11011
391,0,5,5.25885
391,1,2,3.94205
391,1,6,3.89691
391,2,3,4.23595
391,2,7,2.59644
391,3,4,3.93222
391,3,8,2.83482
391,4,9,4.3568
391,5,6,2.84956
391,5,10,2.93447
391,6,7,3.43351
391,6,11,3.83793
391,7,8,4.19104
391,7,12,3.18922
391,8,9,2.23255
391,8,13,1.57097
391,9,14,3.8808
391,10,11,2.45399
391,10,15,1.54069
391,11,12,4.55907
391,11,16,3.92214
391,12,13,3.42175
391,12,17,3.7197
391,13,14,2.99298
391,13,18,2.8963
391,14,19,4.32409
391,15,16,1.9311
391,15,20,3.1475
391,16,17,4.03059
391,16,21,4.64565
391,17,18,5.29191
391,17,22,3.44959
391,18,19,4.83668
391,18,23,3.01816
391,19,24,4.10285
391,20,21,3.52491
391,21,22,3.42725
391,22,23,2.24119
391,23,24,2.96804
392,0,1,3.09806
392,0,5,4.68218
392,1,2,2.0063
392,1,6,4.30614
392,2,3,2.65089
392,2,7,2.05912
392,3,4,3.33726
392,3,8,3.71721
392,4,9,5.86697
392,5,6,1.63587
392,5,10,3.31859
392,6,7,2.72335
392,6,11,1.84489
392,7,8,2.62444
392,7,12,1.33421
392,8,9,1.55613
392,8,13,3.03066
392,9,14,1.76348
392,10,11,4.86223
392,10,15,1.86309
392,11,12,1.17176
392,11,16,4.20046
392,12,13,2.63474
392,12,17,2.41391
392,13,14,1.79245
392,13,18,5.46613
392,14,19,2.45158
392,15,16,4.09734
392,15,20,3.21895
392,16,17,2.01537
392,16,21,3.23047
392,17,18,1.88361
392,17,22,3.68839
392,18,19,4.62962
392,18,23,2.84904
392,19,24,4.73579
392,20,21,2.05006
392,21,22,2.54949
392,22,23,4.19234
392,23,24,3.19082
393,0,1,1.41323
393,0,5,2.77314
393,1,2,1.23809
393,1,6,2.85816
393,2,3,3.19912
393,2,7,4.01345
393,3,4,1.59635
393,3,8,1.70011
393,4,9,2.69198
393,5,6,3.06034
393,5,10,1.81891
393,6,7,1.60742
393,6,11,2.9749
393,7,8,2.41558
393,7,12,2.81086
393,8,9,4.1536
393,8,13,2.50498
393,9,14,3.00847
393,10,11,2.34145
393,10,15,2.56246
393,11,12,2.44915
393,11,16,3.44554
393,12,13,2.89215
393,12,17,1.63886
393,13,14,2.31126
393,13,18,2.07757
393,14,19,2.51849
393,15,16,3.04774
393,15,20,4.66097
393,16,17,3.33382
393,16,21,1.77952
393,17,18,4.91994
393,17,22,1.21108
393,18,19,2.02943
393,18,23,3.20249
393,19,24,2.41296
393,20,21,2.55284
393,21,22,2.14786
393,22,23,2.21149
393,23,24,2.16034
394,0,1,3.0684
394,0,5,2.53316
394,1,2,1.79457
394,1,6,2.796
394,2,3,3.29536
394,2,7,2.95836
394,3,4,4.29086
394,3,8,2.56967
394,4,9,2.37775
394,5,6,5.08427
394,5,10,1.80559
394,6,7,1.99515
394,6,11,4.48384
394,7,8,4.47405
394,7,12,5.85703
394,8,9,1.49399
394,8,13,2.15431
394,9,14,2.66964
394,10,11,5.1044
394,10,15,3.70798
394,11,12,2.16245
394,11,16,5.46664
394,12,13,1.51391
394,12,17,4.4522
394,13,14,1.96768
394,13,18,1.7088
394,14,19,4.99811
394,15,16,1.53777
394,15,20,4.79496
394,16,17,4.00761
394,16,21,2.34071
394,17,18,5.28096
394,17,22,3.04604
394,18,19,1.71829
394,18,23,3.42173
394,19,24,3.98852
394,20,21,4.70984
394,21,22,3.96167
394,22,23,3.59635
394,23,24,3.10193
395,0,1,4.84926
395,0,5,2.97349
395,1,2,3.29801
395,1,6,3.78325
395,2,3,4.08471
395,2,7,4.31283
395,3,4,4.71031
395,3,8,4.13212
395,4,9,6.01878
395,5,6,6.13214
395,5,10,6.20053
395,6,7,4.02988
395,6,11,4.01622
395,7,8,4.84757
395,7,12,4.26003
395,8,9,7.63576
395,8,13,3.81346
395,9,14,3.82168
395,10,11,3.70061
395,10,15,5.06787
395,11,12,4.49534
395,11,16,3.58974
395,12,13,3.04737
395,12,17,2.51065
395,13,14,6.86656
395,13,18,3.49261
395,14,19,3.44386
395,15,16,5.46457
395,15,20,5.09349
395,16,17,2.32096
395,16,21,2.10812
395,17,18,4.74145
395,17,22,2.85449
395,18,19,4.67223
395,18,23,7.73028
395,19,24,3.50024
395,20,21,4.65619
395,21,22,5.07583
395,22,23,6.86639
395,23,24,3.04776
396,0,1,3.2147
396,0,5,4.18358
396,1,2,4.43857
396,1,6,6.67941
396,2,3,2.18484
396,2,7,4.1045
396,3,4,2.01484
396,3,8,4.28518
396,4,9,5.32225
396,5,6,5.9006
396,5,10,2.34389
396,6,7,2.91404
396,6,11,2.66807
396,7,8,6.40013
396,7,12,5.25593
396,8,9,7.05244
396,8,13,2.18272
396,9,14,6.66224
396,10,11,3.29651
396,10,15,6.25268
396,11,12,4.50127
396,11,16,4.44437
396,12,13,2.28391
396,12,17,4.78344
396,13,14,3.03146
396,13,18,3.40199
396,14,19,3.80632
396,15,16,5.3177
396,15,20,3.51228
396,16,17,3.17218
396,16,21,2.9196
396,17,18,2.41166
396,17,22,6.07403
396,18,19,3.66083
396,18,23,2.84019
396,19,24,2.48171
396,20,21,4.30096
396,21,22,5.51212
396,22,23,3.75486
396,23,24,6.03343
397,0,1,4.4002
397,0,5,2.85308
397,1,2,2.76999
397,1,6,2.58354
397,2,3,2.86521
397,2,7,3.66145
397,3,4,3.80839
397,3,8,1.75712
397,4,9,1.9312
397,5,6,5.13082
397,5,10,3.71977
397,6,7,3.82455
397,6,11,2.11637
397,7,8,2.34584
397,7,12,3.58025
397,8,9,4.1547
397,8,13,5.43646
397,9,14,2.38391
397,10,11,4.90318
397,10,15,4.17254
397,11,12,5.30053
397,11,16,4.14455
397,12,13,3.69825
397,12,17,3.42578
397,13,14,5.49006
397,13,18,2.49555
397,14,19,2.07668
397,15,16,3.95733
397,15,20,3.75427
397,16,17,4.33293
397,16,21,4.79036
397,17,18,3.18112
397,17,22,3.51878
397,18,19,2.28323
397,18,23,3.18253
397,19,24,5.80526
397,20,21,1.31681
397,21,22,2.23125
397,22,23,3.29255
397,23,24,3.5364
398,0,1,5.73786
398,0,5,5.80774
398,1,2,4.71813
398,1,6,5.34506
398,2,3,3.2731
398,2,7,6.00985
398,3,4,5.37069
398,3,8,6.13993
398,4,9,3.1325
398,5,6,2.54211
398,5,10,3.63578
398,6,7,6.05351
398,6,11,2.454
398,7,8,3.33356
398,7,12,5.84358
398,8,9,3.30776
398,8,13,5.70635
398,9,14,2.15639
398,10,11,4.23603
398,10,15,3.47721
398,11,12,4.82878
398,11,16,6.35361
398,12,13,3.68375
398,12,17,4.78271
398,13,14,5.89502
398,13,18,3.13275
398,14,19,3.85353
398,15,16,2.59454
398,15,20,4.90034
398,16,17,2.35214
398,16,21,5.61406
398,17,18,5.5679
398,17,22,3.32899
398,18,19,2.80618
398,18,23,4.16051
398,19,24,2.99184
398,20,21,3.28097
398,21,22,4.40015
398,22,23,5.57236
398,23,24,5.66678
399,0,1,4.52625
399,0,5,3.50961
399,1,2,5.71464
399,1,6,4.15225
399,2,3,2.64729
399,2,7,4.38593
399,3,4,2.93273
399,3,8,4.749
399,4,9,6.07226
399,5,6,4.82151
399,5,10,4.13404
399,6,7,3.81618
399,6,11,4.17244
399,7,8,3.05653
399,7,12,2.73677
399,8,9,2.54391
399,8,13,2.56174
399,9,14,3.68524
399,10,11,3.42438
399,10,15,2.56093
399,11,12,3.0033
399,11,16,2.37479
399,12,13,4.6344
399,12,17,4.32071
399,13,14,3.06176
399,13,18,2.06801
399,14,19,4.36557
399,15,16,3.88812
399,15,20,1.75247
399,16,17,4.92513
399,16,21,3.05324
399,17,18,5.32946
399,17,22,4.73617
399,18,19,4.27359
399,18,23,2.00038
399,19,24,4.1528
399,20,21,4.04515
399,21,22,3.55827
399,22,23,2.07566
399,23,24,2.43948
400,0,1,3.22277
400,0,5,5.74769
400,1,2,1.81705
400,1,6,4.0762
400,2,3,4.32575
400,2,7,2.38029
400,3,4,3.30909
400,3,8,2.08691
400,4,9,3.83983
400,5,6,2.61356
400,5,10,2.57528
400,6,7,5.1652
400,6,11,4.12815
400,7,8,2.8617
400,7,12,2.10134
400,8,9,3.95956
400,8,13,4.07095
400,9,14,3.18011
400,10,11,4.95728
400,10,15,2.45582
400,11,12,2.45901
400,11,16,2.64755
400,12,13,4.16816
400,12,17,4.08249
400,13,14,3.68847
400,13,18,2.8842
400,14,19,5.69578
400,15,16,3.11667
400,15,20,4.07583
400,16,17,3.26672
400,16,21,3.20404
400,17,18,5.59998
400,17,22,2.06616
400,18,19,4.1144
400,18,23,2.16217
400,19,24,2.246
400,20,21,3.68062
400,21,22,2.55212
400,22,23,4.82949
400,23,24,3.99122
401,0,1,5.67378
401,0,5,2.27377
401,1,2,5.22213
401,1,6,6.7926
401,2,3,4.46713
401,2,7,6.44588
401,3,4,3.47165
401,3,8,2.3323
401,4,9,4.85644
401,5,6,2.68875
401,5,10,4.98001
401,6,7,4.39048
401,6,11,5.09698
401,7,8,3.92323
401,7,12,3.72859
401,8,9,3.66405
401,8,13,3.63972
401,9,14,2.91207
401,10,11,6.22281
401,10,15,5.4265
401,11,12,3.45717
401,11,16,4.83552
401,12,13,4.67871
401,12,17,3.80536
401,13,14,3.02731
401,13,18,3.55394
401,14,19,4.21645
401,15,16,5.95687
401,15,20,3.82587
401,16,17,6.34341
401,16,21,4.13504
401,17,18,2.8604
401,17,22,2.88336
401,18,19,4.0825
401,18,23,3.48787
401,19,24,5.49317
401,20,21,3.38028
401,21,22,3.5042
401,22,23,2.71129
401,23,24,5.52328
402,0,1,3.93487
402,0,5,3.79569
402,1,2,3.23553
402,1,6,6.30917
402,2,3,4.99259
402,2,7,2.86479
402,3,4,6.23808
402,3,8,4.74104
402,4,9,4.54326
402,5,6,4.04794
402,5,10,5.26003
402,6,7,5.89676
402,6,11,4.20338
402,7,8,5.53895
402,7,12,5.33082
402,8,9,2.97139
402,8,13,3.34687
402,9,14,4.34746
402,10,11,2.88649
402,10,15,5.20196
402,11,12,6.62218
402,11,16,3.66074
402,12,13,4.63
402,12,17,2.24956
402,13,14,3.9083
402,13,18,4.72695
402,14,19,5.55907
402,15,16,2.5928
402,15,20,5.35185
402,16,17,2.82183
402,16,21,3.37985
402,17,18,6.46525
402,17,22,5.41237
402,18,19,3.44085
402,18,23,4.03338
402,19,24,2.29132
402,20,21,6.16658
402,21,22,4.17595
402,22,23,4.85591
402,23,24,3.20098
403,0,1,4.7406
403,0,5,3.71824
403,1,2,3.56932
403,1,6,5.56726
403,2,3,4.38625
403,2,7,5.59985
403,3,4,3.44718
403,3,8,2.63479
403,4,9,2.00022
403,5,6,6.16941
403,5,10,2.81329
403,6,7,4.89741
403,6,11,6.08188
403,7,8,2.78685
403,7,12,5.63921
403,8,9,5.82585
403,8,13,3.68776
403,9,14,4.83856
403,10,11,3.69196
403,10,15,5.43214
403,11,12,2.91218
403,11,16,5.48302
403,12,13,5.57167
403,12,17,3.83495
403,13,14,2.79737
403,13,18,4.41886
403,14,19,3.99577
403,15,16,4.93753
403,15,20,3.50642
403,16,17,2.31152
403,16,21,3.65631
403,17,18,3.15634
403,17,22,3.32495
403,18,19,5.13434
403,18,23,3.89403
403,19,24,2.26936
403,20,21,2.03272
403,21,22,4.65711
403,22,23,6.38524
403,23,24,3.1966
404,0,1,3.58801
404,0,5,2.45171
404,1,2,3.74785
404,1,6,4.7294
404,2,3,3.26575
404,2,7,5.72618
404,3,4,4.26298
404,3,8,4.50844
404,4,9,4.21022
404,5,6,3.73809
404,5,10,3.7519
404,6,7,4.37014
404,6,11,5.65293
404,7,8,3.4987
404,7,12,4.34761
404,8,9,2.92278
404,8,13,1.68992
404,9,14,2.19229
404,10,11,4.61269
404,10,15,5.89828
404,11,12,3.69386
404,11,16,2.35792
404,12,13,3.65553
404,12,17,5.07236
404,13,14,5.07982
404,13,18,2.71796
404,14,19,2.41913
404,15,16,2.44043
404,15,20,6.68219
404,16,17,2.17984
404,16,21,2.62441
404,17,18,6.00716
404,17,22,2.75803
404,18,19,1.55446
404,18,23,3.06129
404,19,24,2.56077
404,20,21,5.48432
404,21,22,4.4693
404,22,23,2.41291
404,23,24,3.15955
405,0,1,3.91882
405,0,5,3.29014
405,1,2,5.06544
405,1,6,4.81839
405,2,3,3.21474
405,2,7,4.0521
405,3,4,4.9183
405,3,8,1.94442
405,4,9,4.62661
405,5,6,1.81991
405,5,10,4.31393
405,6,7,2.02513
405,6,11,2.63766
405,7,8,1.60034
405,7,12,4.30333
405,8,9,5.12874
405,8,13,3.80755
405,9,14,1.94646
405,10,11,4.22482
405,10,15,4.94044
405,11,12,3.63162
405,11,16,4.43715
405,12,13,2.55447
405,12,17,4.47947
405,13,14,3.17819
405,13,18,4.21405
405,14,19,4.6848
405,15,16,2.57254
405,15,20,3.70424
405,16,17,3.84714
405,16,21,2.47996
405,17,18,3.45559
405,17,22,3.72519
405,18,19,1.91431
405,18,23,1.86902
405,19,24,4.80351
405,20,21,2.88297
405,21,22,1.94461
405,22,23,4.15722
405,23,24,4.24076
406,0,1,6.43644
406,0,5,6.4043
406,1,2,3.11208
406,1,6,4.48322
406,2,3,3.82656
406,2,7,4.12096
406,3,4,6.59627
406,3,8,3.62499
406,4,9,5.31723
406,5,6,2.4259
406,5,10,2.9869
406,6,7,6.69246
406,6,11,3.07715
406,7,8,6.71257
406,7,12,2.79769
406,8,9,5.70812
406,8,13,2.5476
406,9,14,3.88196
406,10,11,3.18641
406,10,15,3.04909
406,11,12,5.3647
406,11,16,3.05805
406,12,13,4.82482
406,12,17,5.01592
406,13,14,6.76965
406,13,18,4.5535
406,14,19,5.24764
406,15,16,6.10983
406,15,20,7.22817
406,16,17,3.7047
406,16,21,3.3453
406,17,18,3.53709
406,17,22,3.09458
406,18,19,5.51256
406,18,23,3.93007
406,19,24,6.59412
406,20,21,3.39505
406,21,22,6.58465
406,22,23,4.49643
406,23,24,6.5678
407,0,1,6.09665
407,0,5,5.15697
407,1,2,6.23267
407,1,6,3.62978
407,2,3,4.9098
407,2,7,4.18002
407,3,4,5.39896
407,3,8,6.14305
407,4,9,3.7328
407,5,6,5.19952
407,5,10,2.53089
407,6,7,3.31219
407,6,11,3.32013
407,7,8,3.43258
407,7,12,4.29246
407,8,9,5.54867
407,8,13,3.22961
407,9,14,3.36083
407,10,11,1.77785
407,10,15,2.71174
407,11,12,4.7452
407,11,16,5.53428
407,12,13,4.6376
407,12,17,5.68273
407,13,14,2.4803
407,13,18,2.08563
407,14,19,5.54296
407,15,16,4.8784
407,15,20,3.33431
407,16,17,3.61524
407,16,21,5.65469
407,17,18,6.61723
407,17,22,2.51902
407,18,19,2.63211
407,18,23,7.4246
407,19,24,2.78088
407,20,21,5.10809
407,21,22,5.59778
407,22,23,4.34462
407,23,24,4.73786
408,0,1,1.86714
408,0,5,4.9932
408,1,2,3.21467
408,1,6,3.45082
408,2,3,2.44527
408,2,7,3.61926
408,3,4,4.19098
408,3,8,3.04634
408,4,9,2.54885
408,5,6,2.89099
408,5,10,3.59349
408,6,7,1.73978
408,6,11,2.93276
408,7,8,3.93865
408,7,12,2.24783
408,8,9,2.56304
408,8,13,2.07466
408,9,14,4.46792
408,10,11,3.80372
408,10,15,1.85926
408,11,12,3.69642
408,11,16,2.66571
408,12,13,1.24102
408,12,17,1.57265
408,13,14,1.65451
408,13,18,2.29675
408,14,19,3.41516
408,15,16,3.11905
408,15,20,2.20593
408,16,17,3.12074
408,16,21,2.60304
408,17,18,4.83199
408,17,22,2.31312
408,18,19,3.56844
408,18,23,2.08683
408,19,24,1.52485
408,20,21,2.65626
408,21,22,1.66077
408,22,23,2.64394
408,23,24,3.67376
409,0,1,7.34276
409,0,5,6.09894
409,1,2,7.69055
409,1,6,4.18554
409,2,3,7.04813
409,2,7,5.15954
409,3,4,6.464
409,3,8,5.87055
409,4,9,4.63676
409,5,6,2.39804
409,5,10,3.23398
409,6,7,5.23648
409,6,11,6.89098
409,7,8,2.96964
409,7,12,5.55424
409,8,9,3.99186
409,8,13,4.99416
409,9,14,2.67196
409,10,11,4.03235
409,10,15,2.26248
409,11,12,2.90066
409,11,16,5.59506
409,12,13,3.40709
409,12,17,4.08535
409,13,14,5.05582
409,13,18,3.42318
409,14,19,4.44897
409,15,16,3.84024
409,15,20,4.77434
409,16,17,4.41709
409,16,21,5.29317
409,17,18,4.31792
409,17,22,7.88495
409,18,19,7.90196
409,18,23,3.25133
409,19,24,3.34992
409,20,21,3.1598
409,21,22,3.86142
409,22,23,3.17995
409,23,24,3.71042
410,0,1,2.48958
410,0,5,3.86178
410,1,2,3.63506
410,1,6,2.26911
410,2,3,2.53911
410,2,7,4.99339
410,3,4,5.34696
410,3,8,2.53635
410,4,9,2.81195
410,5,6,2.45258
410,5,10,2.78313
410,6,7,2.96114
410,6,11,2.74414
410,7,8,1.85838
410,7,12,3.22582
410,8,9,3.40772
410,8,13,2.45797
410,9,14,3.51656
410,10,11,3.06236
410,10,15,3.5276
410,11,12,5.01957
410,11,16,5.06454
410,12,13,2.70448
410,12,17,4.57017
410,13,14,3.19434
410,13,18,1.95926
410,14,19,4.19529
410,15,16,4.6048
410,15,20,2.92097
410,16,17,4.20417
410,16,21,3.42302
410,17,18,3.33295
410,17,22,1.47562
410,18,19,2.08991
410,18,23,2.75337
410,19,24,2.2372
410,20,21,2.25943
410,21,22,3.98797
410,22,23,3.38821
410,23,24,2.38934
411,0,1,3.85915
411,0,5,2.05577
411,1,2,1.75385
411,1,6,2.11507
411,2,3,3.90932
411,2,7,2.36884
411,3,4,4.54352
411,3,8,3.72895
411,4,9,4.16618
411,5,6,5.40194
411,5,10,3.15477
411,6,7,2.62647
411,6,11,2.87817
411,7,8,2.74436
411,7,12,3.22174
411,8,9,5.45504
411,8,13,1.8684
411,9,14,3.17344
411,10,11,2.2947
411,10,15,4.31624
411,11,12,2.41928
411,11,16,5.24486
411,12,13,4.71027
411,12,17,3.70571
411,13,14,3.2947
411,13,18,3.17225
411,14,19,4.87274
411,15,16,2.57646
411,15,20,2.33709
411,16,17,3.455
411,16,21,2.97363
411,17,18,5.01397
411,17,22,1.54529
411,18,19,3.83917
411,18,23,3.31172
411,19,24,2.73869
411,20,21,3.80421
411,21,22,4.58334
411,22,23,2.86364
411,23,24,3.73562
412,0,1,4.74963
412,0,5,2.45171
412,1,2,4.75351
412,1,6,3.87988
412,2,3,3.02611
412,2,7,3.50244
412,3,4,5.37917
412,3,8,3.43661
412,4,9,4.01159
412,5,6,4.41871
412,5,10,2.05944
412,6,7,2.60066
412,6,11,2.04132
412,7,8,2.89178
412,7,12,2.44882
412,8,9,2.37096
412,8,13,2.74891
412,9,14,3.34338
412,10,11,2.17273
412,10,15,1.33941
412,11,12,3.82299
412,11,16,3.35062
412,12,13,2.44843
412,12,17,2.83259
412,13,14,1.27046
412,13,18,2.22919
412,14,19,2.21723
412,15,16,3.20714
412,15,20,1.54069
412,16,17,3.80262
412,16,21,5.40449
412,17,18,4.27029
412,17,22,5.09029
412,18,19,6.05876
412,18,23,5.00623
412,19,24,4.49727
412,20,21,5.41786
412,21,22,3.91951
412,22,23,3.83664
412,23,24,2.78398
413,0,1,6.05621
413,0,5,6.34421
413,1,2,3.83603
413,1,6,2.60335
413,2,3,4.4397
413,2,7,4.7201
413,3,4,7.09219
413,3,8,5.23654
413,4,9,2.82955
413,5,6,3.62188
413,5,10,3.61116
413,6,7,4.53848
413,6,11,5.09252
413,7,8,2.43625
413,7,12,4.40767
413,8,9,2.47619
413,8,13,7.45676
413,9,14,2.4205
413,10,11,5.56787
413,10,15,3.48806
413,11,12,4.21763
413,11,16,2.56098
413,12,13,3.55496
413,12,17,5.79837
413,13,14,3.58378
413,13,18,4.9403
413,14,19,3.86249
413,15,16,3.56402
413,15,20,2.28993
413,16,17,6.95843
413,16,21,4.21259
413,17,18,2.76773
413,17,22,3.77679
413,18,19,6.02664
413,18,23,5.18803
413,19,24,6.6134
413,20,21,4.06828
413,21,22,6.875
413,22,23,5.66385
413,23,24,2.18485
414,0,1,3.21232
414,0,5,2.91975
414,1,2,2.40163
414,1,6,1.7572
414,2,3,5.34254
414,2,7,4.86584
414,3,4,4.05315
414,3,8,3.39088
414,4,9,3.31484
414,5,6,2.59009
414,5,10,2.74435
414,6,7,4.51752
414,6,11,2.96957
414,7,8,2.02238
414,7,12,4.37459
414,8,9,3.79114
414,8,13,2.97541
414,9,14,2.07964
414,10,11,4.80054
414,10,15,3.25248
414,11,12,4.70378
414,11,16,5.14105
414,12,13,5.47496
414,12,17,2.4455
414,13,14,4.69296
414,13,18,3.41898
414,14,19,4.15467
414,15,16,4.80647
414,15,20,2.08291
414,16,17,3.63878
414,16,21,3.82371
414,17,18,3.84504
414,17,22,5.63319
414,18,19,4.37468
414,18,23,4.75718
414,19,24,3.75423
414,20,21,3.93827
414,21,22,5.87105
414,22,23,4.48698
414,23,24,5.29591
415,0,1,3.81889
415,0,5,5.42739
415,1,2,5.55254
415,1,6,2.63297
415,2,3,3.98754
415,2,7,3.11549
415,3,4,4.94982
415,3,8,4.02073
415,4,9,2.62379
415,5,6,4.5614
415,5,10,3.32275
415,6,7,5.10283
415,6,11,5.53743
415,7,8,3.82339
415,7,12,6.30697
415,8,9,5.21305
415,8,13,5.21288
415,9,14,4.22847
415,10,11,5.87595
415,10,15,3.15916
415,11,12,6.86611
415,11,16,6.35836
415,12,13,4.2128
415,12,17,4.17753
415,13,14,4.48245
415,13,18,2.57288
415,14,19,5.94607
415,15,16,6.9423
415,15,20,5.08184
415,16,17,5.36291
415,16,21,2.4821
415,17,18,6.84081
415,17,22,3.78365
415,18,19,5.64309
415,18,23,7.10677
415,19,24,2.54981
415,20,21,3.73037
415,21,22,3.95435
415,22,23,2.22338
415,23,24,3.74497
416,0,1,3.6311
416,0,5,2.58067
416,1,2,6.13965
416,1,6,3.43518
416,2,3,2.33656
416,2,7,5.41581
416,3,4,2.88354
416,3,8,3.2194
416,4,9,4.77185
416,5,6,4.8899
416,5,10,6.1099
416,6,7,5.21187
416,6,11,5.18692
416,7,8,5.89774
416,7,12,5.73448
416,8,9,4.92831
416,8,13,2.92293
416,9,14,4.80814
416,10,11,5.99948
416,10,15,2.36297
416,11,12,3.14926
416,11,16,5.29988
416,12,13,2.47137
416,12,17,4.50174
416,13,14,2.4138
416,13,18,5.32606
416,14,19,3.04915
416,15,16,5.94712
416,15,20,5.66988
416,16,17,5.51064
416,16,21,3.54496
416,17,18,5.19692
416,17,22,2.45547
416,18,19,3.7772
416,18,23,4.39672
416,19,24,5.12242
416,20,21,6.197
416,21,22,6.42781
416,22,23,4.79975
416,23,24,4.25138
417,0,1,2.97194
417,0,5,6.4379
417,1,2,2.86175
417,1,6,3.6631
417,2,3,4.01555
417,2,7,4.68702
417,3,4,3.20904
417,3,8,4.71431
417,4,9,4.26891
417,5,6,4.12022
417,5,10,2.28003
417,6,7,2.712
417,6,11,4.48487
417,7,8,5.59718
417,7,12,6.42734
417,8,9,3.65367
417,8,13,3.16628
417,9,14,3.98457
417,10,11,3.53436
417,10,15,3.08307
417,11,12,6.544
417,11,16,1.82712
417,12,13,5.03335
417,12,17,6.98479
417,13,14,2.55471
417,13,18,3.4641
417,14,19,2.36449
417,15,16,4.5035
417,15,20,3.701
417,16,17,3.9922
417,16,21,7.35622
417,17,18,4.36422
417,17,22,2.75911
417,18,19,4.58178
417,18,23,4.76049
417,19,24,4.83077
417,20,21,1.88337
417,21,22,7.71536
417,22,23,3.07679
417,23,24,3.11362
418,0,1,5.76443
418,0,5,4.81885
418,1,2,6.82483
418,1,6,4.13741
418,2,3,5.92237
418,2,7,3.22813
418,3,4,3.31909
418,3,8,1.99343
418,4,9,2.10946
418,5,6,6.28852
418,5,10,2.20673
418,6,7,2.89566
418,6,11,2.70885
418,7,8,4.20967
418,7,12,3.39867
418,8,9,4.70465
418,8,13,3.37157
418,9,14,2.5104
418,10,11,2.15582
418,10,15,4.58367
418,11,12,5.52712
418,11,16,5.55461
418,12,13,5.80659
418,12,17,5.41089
418,13,14,2.86191
418,13,18,5.5797
418,14,19,3.72662
418,15,16,4.11115
418,15,20,2.036
418,16,17,2.26837
418,16,21,2.87919
418,17,18,4.87587
418,17,22,3.85593
418,18,19,6.04613
418,18,23,3.69771
418,19,24,4.36591
418,20,21,4.4675
418,21,22,4.75722
418,22,23,2.41062
418,23,24,5.94567
419,0,1,3.18284
419,0,5,3.22222
419,1,2,4.17583
419,1,6,5.02233
419,2,3,4.50946
419,2,7,4.68073
419,3,4,2.51074
419,3,8,4.37843
419,4,9,2.64569
419,5,6,3.41209
419,5,10,3.78443
419,6,7,3.4994
419,6,11,2.05889
419,7,8,4.17224
419,7,12,4.7905
419,8,9,2.89613
419,8,13,2.56977
419,9,14,3.46491
419,10,11,2.75486
419,10,15,1.80527
419,11,12,3.32431
419,11,16,3.29762
419,12,13,2.63476
419,12,17,3.64303
419,13,14,3.00391
419,13,18,2.67477
419,14,19,3.55075
419,15,16,4.31094
419,15,20,2.75771
419,16,17,3.75649
419,16,21,4.44778
419,17,18,4.33017
419,17,22,2.19549
419,18,19,2.34912
419,18,23,4.142
419,19,24,3.90635
419,20,21,3.06172
419,21,22,3.42923
419,22,23,5.60838
419,23,24,2.56912
420,0,1,3.32686
420,0,5,5.60332
420,1,2,2.19207
420,1,6,4.76287
420,2,3,4.58265
420,2,7,3.60642
420,3,4,3.60193
420,3,8,3.73236
420,4,9,4.73102
420,5,6,4.05484
420,5,10,4.61947
420,6,7,4.76986
420,6,11,3.93808
420,7,8,2.93882
420,7,12,4.14129
420,8,9,3.17497
420,8,13,4.47836
420,9,14,1.45665
420,10,11,5.04461
420,10,15,5.35668
420,11,12,4.08724
420,11,16,2.10007
420,12,13,2.65333
420,12,17,1.96994
420,13,14,5.76101
420,13,18,2.49404
420,14,19,2.63971
420,15,16,2.11201
420,15,20,2.46098
420,16,17,6.0188
420,16,21,2.2847
420,17,18,2.29125
420,17,22,3.21728
420,18,19,4.00319
420,18,23,3.36023
420,19,24,3.70698
420,20,21,4.07701
420,21,22,1.82174
420,22,23,6.44286
420,23,24,2.47337
421,0,1,5.70311
421,0,5,2.51791
421,1,2,4.71411
421,1,6,2.0666
421,2,3,4.0998
421,2,7,5.25327
421,3,4,3.10451
421,3,8,4.7186
421,4,9,5.20506
421,5,6,3.22341
421,5,10,3.35286
421,6,7,4.2748
421,6,11,4.78767
421,7,8,2.3644
421,7,12,3.88889
421,8,9,5.89928
421,8,13,4.14574
421,9,14,5.04672
421,10,11,2.49961
421,10,15,2.45439
421,11,12,5.66407
421,11,16,4.12921
421,12,13,4.19515
421,12,17,3.85107
421,13,14,4.69017
421,13,18,4.28095
421,14,19,5.92329
421,15,16,2.8778
421,15,20,2.31416
421,16,17,3.89439
421,16,21,3.56164
421,17,18,2.69994
421,17,22,5.0704
421,18,19,3.34353
421,18,23,5.27487
421,19,24,5.63261
421,20,21,3.39507
421,21,22,4.28496
421,22,23,3.02327
421,23,24,5.91308
422,0,1,6.7016
422,0,5,2.25606
422,1,2,4.1127
422,1,6,7.29259
422,2,3,5.70953
422,2,7,4.80161
422,3,4,5.7958
422,3,8,4.71924
422,4,9,2.11999
422,5,6,4.9087
422,5,10,2.20127
422,6,7,3.50071
422,6,11,4.01955
422,7,8,5.9782
422,7,12,7.82038
422,8,9,6.05687
422,8,13,3.58274
422,9,14,4.57386
422,10,11,3.63886
422,10,15,4.18337
422,11,12,6.84345
422,11,16,2.78467
422,12,13,5.12311
422,12,17,3.60859
422,13,14,5.97734
422,13,18,4.42221
422,14,19,3.09443
422,15,16,5.58823
422,15,20,3.67535
422,16,17,4.06952
422,16,21,3.31224
422,17,18,3.2803
422,17,22,6.6913
422,18,19,5.61595
422,18,23,4.25159
422,19,24,6.29739
422,20,21,4.02506
422,21,22,3.54953
422,22,23,3.01351
422,23,24,4.36636
423,0,1,7.5216
423,0,5,3.54667
423,1,2,6.04787
423,1,6,5.03045
423,2,3,3.43385
423,2,7,4.44152
423,3,4,2.34155
423,3,8,3.5115
423,4,9,2.07058
423,5,6,2.64844
423,5,10,2.87329
423,6,7,4.08678
423,6,11,3.53631
423,7,8,5.38142
423,7,12,2.56482
423,8,9,3.38319
423,8,13,7.20976
423,9,14,6.30286
423,10,11,3.88515
423,10,15,5.82406
423,11,12,3.8404
423,11,16,3.43929
423,12,13,5.09625
423,12,17,7.20751
423,13,14,5.77556
423,13,18,6.62827
423,14,19,3.06572
423,15,16,4.22094
423,15,20,3.22777
423,16,17,5.74755
423,16,21,6.10089
423,17,18,5.08799
423,17,22,6.00449
423,18,19,3.91183
423,18,23,4.37532
423,19,24,3.59828
423,20,21,2.78965
423,21,22,6.94958
423,22,23,3.44382
423,23,24,4.88561
424,0,1,3.24781
424,0,5,5.78062
424,1,2,3.65505
424,1,6,2.20321
424,2,3,5.41273
424,2,7,3.55896
424,3,4,3.18658
424,3,8,4.18761
424,4,9,5.32035
424,5,6,4.88733
424,5,10,2.73661
424,6,7,5.35565
424,6,11,3.15904
424,7,8,5.03632
424,7,12,3.2851
424,8,9,4.46901
424,8,13,4.67755
424,9,14,4.46927
424,10,11,2.5076
424,10,15,3.46903
424,11,12,2.87935
424,11,16,2.31122
424,12,13,5.87132
424,12,17,2.39915
424,13,14,3.4495
424,13,18,2.59433
424,14,19,5.14669
424,15,16,4.46155
424,15,20,2.43564
424,16,17,2.48866
424,16,21,6.61229
424,17,18,2.02981
424,17,22,3.83716
424,18,19,4.14744
424,18,23,3.05655
424,19,24,2.41502
424,20,21,4.41623
424,21,22,5.45046
424,22,23,4.46158
424,23,24,5.71427
425,0,1,1.79767
425,0,5,3.36483
425,1,2,5.9661
425,1,6,3.07429
425,2,3,4.5058
425,2,7,2.72839
425,3,4,2.3859
425,3,8,3.02028
425,4,9,3.43599
425,5,6,4.30666
425,5,10,1.97114
425,6,7,2.96935
425,6,11,3.37797
425,7,8,4.22963
425,7,12,3.85778
425,8,9,3.40491
425,8,13,2.77841
425,9,14,4.40034
425,10,11,1.95735
425,10,15,1.39861
425,11,12,4.08571
425,11,16,3.98004
425,12,13,4.97243
425,12,17,1.70383
425,13,14,2.81614
425,13,18,4.87329
425,14,19,3.62064
425,15,16,2.66284
425,15,20,2.50632
425,16,17,1.96617
425,16,21,5.04109
425,17,18,2.76364
425,17,22,4.40504
425,18,19,2.92868
425,18,23,2.5857
425,19,24,4.14583
425,20,21,2.43183
425,21,22,5.75655
425,22,23,2.70085
425,23,24,1.71916
426,0,1,2.87854
426,0,5,1.92597
426,1,2,1.99525
426,1,6,3.43019
426,2,3,4.40206
426,2,7,5.20205
426,3,4,3.61854
426,3,8,2.74608
426,4,9,4.55227
426,5,6,1.34761
426,5,10,4.0
426,6,7,2.62489
426,6,11,1.76872
426,7,8,2.11164
426,7,12,2.92819
426,8,9,3.08401
426,8,13,3.73609
426,9,14,1.65846
426,10,11,2.44732
426,10,15,3.30455
426,11,12,3.14607
426,11,16,2.30244
426,12,13,4.53018
426,12,17,2.87681
426,13,14,2.0386
426,13,18,4.49285
426,14,19,2.95456
426,15,16,4.54626
426,15,20,2.62373
426,16,17,4.44197
426,16,21,4.29913
426,17,18,2.40755
426,17,22,1.89756
426,18,19,1.55151
426,18,23,2.73936
426,19,24,2.94701
426,20,21,2.9823
426,21,22,3.43358
426,22,23,2.56326
426,23,24,3.16012
427,0,1,2.71846
427,0,5,6.11554
427,1,2,3.25298
427,1,6,1.81233
427,2,3,5.18699
427,2,7,5.57165
427,3,4,3.0211
427,3,8,2.2754
427,4,9,2.15964
427,5,6,4.68358
427,5,10,3.22099
427,6,7,3.66188
427,6,11,4.44909
427,7,8,4.65049
427,7,12,3.57484
427,8,9,3.61587
427,8,13,2.78044
427,9,14,5.40934
427,10,11,2.13087
427,10,15,3.78534
427,11,12,2.0256
427,11,16,5.4049
427,12,13,4.47946
427,12,17,3.6932
427,13,14,3.28213
427,13,18,1.53416
427,14,19,2.4008
427,15,16,3.6038
427,15,20,5.92232
427,16,17,3.80828
427,16,21,2.64761
427,17,18,2.8286
427,17,22,1.86689
427,18,19,1.6221
427,18,23,3.51598
427,19,24,5.34459
427,20,21,4.12987
427,21,22,2.4959
427,22,23,3.75942
427,23,24,2.52113
428,0,1,2.80222
428,0,5,2.22823
428,1,2,2.75763
428,1,6,2.04688
428,2,3,2.01655
428,2,7,4.48752
428,3,4,3.2339
428,3,8,3.23699
428,4,9,3.34908
428,5,6,3.93234
428,5,10,3.52939
428,6,7,3.32418
428,6,11,1.12517
428,7,8,1.56567
428,7,12,4.79468
428,8,9,3.13256
428,8,13,1.91524
428,9,14,4.43187
428,10,11,4.01593
428,10,15,2.18112
428,11,12,2.07621
428,11,16,1.28194
428,12,13,1.82819
428,12,17,3.30652
428,13,14,2.58846
428,13,18,0.92699
428,14,19,4.23423
428,15,16,3.47535
428,15,20,1.61346
428,16,17,3.17722
428,16,21,3.20692
428,17,18,3.58658
428,17,22,1.35283
428,18,19,3.42587
428,18,23,1.40091
428,19,24,2.55169
428,20,21,2.1097
428,21,22,3.9844
428,22,23,4.61816
428,23,24,2.42599
429,0,1,2.16268
429,0,5,2.89433
429,1,2,3.88936
429,1,6,5.4975
429,2,3,1.61316
429,2,7,4.70354
429,3,4,3.70088
429,3,8,6.97199
429,4,9,5.3251
429,5,6,3.56538
429,5,10,3.00205
429,6,7,2.38388
429,6,11,5.62649
429,7,8,6.15355
429,7,12,5.5764
429,8,9,2.45929
429,8,13,1.47259
429,9,14,5.5686
429,10,11,5.25282
429,10,15,2.78997
429,11,12,4.52704
429,11,16,4.60341
429,12,13,3.47593
429,12,17,3.86997
429,13,14,3.94928
429,13,18,5.64632
429,14,19,5.06583
429,15,16,2.16251
429,15,20,4.75841
429,16,17,3.46151
429,16,21,3.23861
429,17,18,5.86452
429,17,22,3.36526
429,18,19,4.33059
429,18,23,2.72228
429,19,24,2.65491
429,20,21,6.22174
429,21,22,4.16982
429,22,23,2.05494
429,23,24,3.51438
430,0,1,3.95609
430,0,5,3.51422
430,1,2,4.09978
430,1,6,3.05581
430,2,3,4.65365
430,2,7,6.47901
430,3,4,2.42135
430,3,8,2.16616
430,4,9,5.17778
430,5,6,4.10029
430,5,10,4.1375
430,6,7,1.93083
430,6,11,2.83774
430,7,8,4.52611
430,7,12,3.07952
430,8,9,5.59368
430,8,13,3.30313
430,9,14,4.60181
430,10,11,5.64007
430,10,15,4.37885
430,11,12,3.05459
430,11,16,4.10348
430,12,13,4.33137
430,12,17,3.65859
430,13,14,5.98982
430,13,18,2.98663
430,14,19,2.14541
430,15,16,5.7181
430,15,20,4.38832
430,16,17,5.30016
430,16,21,4.27657
430,17,18,2.33924
430,17,22,5.30527
430,18,19,5.15284
430,18,23,5.21888
430,19,24,4.00103
430,20,21,4.89116
430,21,22,4.50748
430,22,23,2.51439
430,23,24,2.73952
431,0,1,3.66309
431,0,5,2.984
431,1,2,2.24417
431,1,6,4.01999
431,2,3,4.67038
431,2,7,3.84838
431,3,4,5.01264
431,3,8,3.03953
431,4,9,2.38593
431,5,6,3.22325
431,5,10,2.74471
431,6,7,4.6395
431,6,11,4.61038
431,7,8,5.11508
431,7,12,5.87768
431,8,9,3.64887
431,8,13,3.71643
431,9,14,2.60626
431,10,11,2.18803
431,10,15,4.4858
431,11,12,4.46735
431,11,16,2.1774
431,12,13,4.90173
431,12,17,4.31982
431,13,14,2.2564
431,13,18,2.03323
431,14,19,3.79228
431,15,16,3.63172
431,15,20,3.55455
431,16,17,3.54412
431,16,21,2.96784
431,17,18,3.7921
431,17,22,2.37394
431,18,19,3.192
431,18,23,3.90852
431,19,24,5.37789
431,20,21,5.2969
431,21,22,3.97346
431,22,23,3.93948
431,23,24,2.69563
432,0,1,3.4701
432,0,5,5.06915
432,1,2,1.85621
432,1,6,5.40644
432,2,3,5.37774
432,2,7,5.04874
432,3,4,2.15437
432,3,8,5.26892
432,4,9,2.8298
432,5,6,4.94433
432,5,10,5.25945
432,6,7,4.38441
432,6,11,4.72696
432,7,8,4.45285
432,7,12,5.34514
432,8,9,5.19159
432,8,13,4.81295
432,9,14,3.0272
432,10,11,3.98164
432,10,15,7.38401
432,11,12,2.40717
432,11,16,2.89993
432,12,13,4.59195
432,12,17,2.35889
432,13,14,4.40235
432,13,18,5.53028
432,14,19,4.56261
432,15,16,6.20601
432,15,20,5.0778
432,16,17,5.50148
432,16,21,2.74343
432,17,18,4.18223
432,17,22,5.42636
432,18,19,2.699
432,18,23,4.11827
432,19,24,5.9068
432,20,21,4.77442
432,21,22,3.88505
432,22,23,2.64459
432,23,24,6.10536
433,0,1,5.96614
433,0,5,3.99827
433,1,2,5.11565
433,1,6,6.18657
433,2,3,2.7059
433,2,7,6.541
433,3,4,2.11893
433,3,8,6.4198
433,4,9,5.96106
433,5,6,3.99357
433,5,10,6.688
433,6,7,5.34685
433,6,11,3.23381
433,7,8,2.94874
433,7,12,5.03646
433,8,9,5.38315
433,8,13,5.16817
433,9,14,5.12784
433,10,11,5.67167
433,10,15,4.25416
433,11,12,4.68379
433,11,16,5.46663
433,12,13,5.3394
433,12,17,3.92124
433,13,14,3.05905
433,13,18,5.10102
433,14,19,6.62689
433,15,16,4.38708
433,15,20,5.00989
433,16,17,5.32663
433,16,21,4.50238
433,17,18,5.66617
433,17,22,4.3573
433,18,19,2.55084
433,18,23,4.20512
433,19,24,5.17995
433,20,21,3.40174
433,21,22,1.85189
433,22,23,5.17991
433,23,24,5.06044
434,0,1,2.00902
434,0,5,5.60371
434,1,2,4.53288
434,1,6,4.34619
434,2,3,6.48032
434,2,7,4.23275
434,3,4,3.08081
434,3,8,4.83085
434,4,9,4.67673
434,5,6,6.01091
434,5,10,3.07194
434,6,7,2.3964
434,6,11,3.89844
434,7,8,2.65
434,7,12,6.24658
434,8,9,2.71897
434,8,13,2.17597
434,9,14,5.79145
434,10,11,4.27935
434,10,15,4.83194
434,11,12,4.42264
434,11,16,2.55545
434,12,13,3.51241
434,12,17,6.84854
434,13,14,4.83738
434,13,18,2.58249
434,14,19,4.24008
434,15,16,4.78342
434,15,20,2.38774
434,16,17,2.35178
434,16,21,5.76247
434,17,18,5.90822
434,17,22,3.09408
434,18,19,2.82436
434,18,23,4.23789
434,19,24,3.09995
434,20,21,2.47878
434,21,22,3.67291
434,22,23,2.25957
434,23,24,2.26935
435,0,1,1.84338
435,0,5,2.93552
435,1,2,1.82758
435,1,6,3.10569
435,2,3,3.23797
435,2,7,5.30084
435,3,4,5.00554
435,3,8,3.71877
435,4,9,3.29082
435,5,6,3.3026
435,5,10,2.97334
435,6,7,3.87017
435,6,11,4.54023
435,7,8,4.47085
435,7,12,4.41029
435,8,9,1.53655
435,8,13,2.83377
435,9,14,4.22952
435,10,11,3.61155
435,10,15,4.20134
435,11,12,1.88889
435,11,16,4.77825
435,12,13,3.91249
435,12,17,3.32623
435,13,14,3.92778
435,13,18,3.32775
435,14,19,3.33842
435,15,16,4.00385
435,15,20,2.07024
435,16,17,2.47569
435,16,21,1.7969
435,17,18,3.63386
435,17,22,3.2101
435,18,19,4.08013
435,18,23,3.01428
435,19,24,4.10682
435,20,21,2.55161
435,21,22,3.94355
435,22,23,3.72265
435,23,24,3.116
436,0,1,2.16305
436,0,5,5.90942
436,1,2,4.15426
436,1,6,3.08266
436,2,3,4.73167
436,2,7,3.70161
436,3,4,2.70165
436,3,8,5.16456
436,4,9,5.4324
436,5,6,5.27374
436,5,10,1.77728
436,6,7,3.30338
436,6,11,3.91691
436,7,8,2.70064
436,7,12,3.32925
436,8,9,3.62895
436,8,13,2.79114
436,9,14,3.01887
436,10,11,1.85604
436,10,15,3.11092
436,11,12,2.681
436,11,16,4.65525
436,12,13,2.50842
436,12,17,2.38345
436,13,14,2.70504
436,13,18,3.73638
436,14,19,5.57359
436,15,16,3.73773
436,15,20,4.70248
436,16,17,3.93861
436,16,21,5.3903
436,17,18,2.37538
436,17,22,3.95093
436,18,19,2.3233
436,18,23,2.61554
436,19,24,4.63561
436,20,21,3.79008
436,21,22,1.95788
436,22,23,4.95786
436,23,24,4.50698
437,0,1,2.86378
437,0,5,2.62763
437,1,2,5.04824
437,1,6,7.33268
437,2,3,3.76724
437,2,7,5.0238
437,3,4,5.31175
437,3,8,5.2691
437,4,9,5.90543
437,5,6,2.86414
437,5,10,6.4478
437,6,7,5.56079
437,6,11,6.70399
437,7,8,4.29407
437,7,12,6.72904
437,8,9,7.80015
437,8,13,2.21907
437,9,14,5.9539
437,10,11,4.27561
437,10,15,5.43775
437,11,12,7.01165
437,11,16,5.31889
437,12,13,2.1452
437,12,17,5.04554
437,13,14,5.09064
437,13,18,4.51027
437,14,19,6.61761
437,15,16,2.81316
437,15,20,2.91609
437,16,17,5.94487
437,16,21,5.88166
437,17,18,4.12792
437,17,22,3.0725
437,18,19,3.09927
437,18,23,7.43045
437,19,24,5.5226
437,20,21,2.9651
437,21,22,5.36358
437,22,23,5.42833
437,23,24,7.58228
438,0,1,5.19091
438,0,5,5.2035
438,1,2,3.98225
438,1,6,4.01219
438,2,3,3.26643
438,2,7,2.58323
438,3,4,5.47683
438,3,8,2.54995
438,4,9,2.51939
438,5,6,2.73974
438,5,10,4.77904
438,6,7,2.06488
438,6,11,4.17285
438,7,8,5.84054
438,7,12,2.14454
438,8,9,2.71893
438,8,13,3.10389
438,9,14,5.2914
438,10,11,3.59633
438,10,15,4.77105
438,11,12,3.15769
438,11,16,3.13155
438,12,13,2.486
438,12,17,3.48281
438,13,14,2.69817
438,13,18,5.58502
438,14,19,3.18967
438,15,16,4.49876
438,15,20,4.29967
438,16,17,4.61908
438,16,21,5.02706
438,17,18,2.41424
438,17,22,4.0138
438,18,19,5.66209
438,18,23,2.17971
438,19,24,3.28261
438,20,21,5.3647
438,21,22,4.72935
438,22,23,3.99233
438,23,24,3.93713
439,0,1,3.18583
439,0,5,5.60764
439,1,2,2.98869
439,1,6,3.30639
439,2,3,2.3719
439,2,7,1.90962
439,3,4,4.6217
439,3,8,2.50177
439,4,9,3.49393
439,5,6,6.00125
439,5,10,1.87041
439,6,7,2.23617
439,6,11,1.30675
439,7,8,1.62173
439,7,12,5.77918
439,8,9,1.58074
439,8,13,2.45388
439,9,14,3.85508
439,10,11,3.13321
439,10,15,1.44159
439,11,12,2.63473
439,11,16,2.61541
439,12,13,3.71205
439,12,17,2.60813
439,13,14,1.75502
439,13,18,2.15728
439,14,19,3.88976
439,15,16,3.00407
439,15,20,2.60185
439,16,17,2.19359
439,16,21,3.01047
439,17,18,4.90137
439,17,22,2.56844
439,18,19,1.9293
439,18,23,2.83657
439,19,24,2.1127
439,20,21,2.43843
439,21,22,3.1783
439,22,23,1.5313
439,23,24,2.58721
440,0,1,2.1405
440,0,5,3.2798
440,1,2,1.93717
440,1,6,3.70762
440,2,3,3.05833
440,2,7,3.46634
440,3,4,3.90763
440,3,8,3.78793
440,4,9,5.8572
440,5,6,2.84082
440,5,10,2.60219
440,6,7,4.87693
440,6,11,3.49632
440,7,8,4.8968
440,7,12,3.59254
440,8,9,2.71163
440,8,13,2.28299
440,9,14,4.46161
440,10,11,2.08094
440,10,15,2.35536
440,11,12,1.79973
440,11,16,4.99768
440,12,13,4.15902
440,12,17,3.57811
440,13,14,2.4424
440,13,18,4.63433
440,14,19,6.17467
440,15,16,3.56104
440,15,20,2.35348
440,16,17,2.58917
440,16,21,2.13268
440,17,18,5.37688
440,17,22,3.52433
440,18,19,4.35862
440,18,23,3.53774
440,19,24,1.87758
440,20,21,2.65168
440,21,22,3.37585
440,22,23,2.27097
440,23,24,3.00344
441,0,1,3.13055
441,0,5,2.27246
441,1,2,4.32395
441,1,6,3.7386
441,2,3,4.11401
441,2,7,4.33445
441,3,4,5.44853
441,3,8,4.6901
441,4,9,3.28411
441,5,6,4.86358
441,5,10,5.29554
441,6,7,2.94358
441,6,11,2.96162
441,7,8,2.36213
441,7,12,2.74296
441,8,9,3.25481
441,8,13,2.73669
441,9,14,4.48895
441,10,11,4.84597
441,10,15,4.3572
441,11,12,4.21635
441,11,16,3.17813
441,12,13,2.30169
441,12,17,5.05465
441,13,14,3.74058
441,13,18,3.5384
441,14,19,5.33554
441,15,16,4.53222
441,15,20,5.77567
441,16,17,3.57199
441,16,21,5.10633
441,17,18,4.47944
441,17,22,1.97251
441,18,19,2.02619
441,18,23,1.81433
441,19,24,3.53785
441,20,21,2.46898
441,21,22,3.60054
441,22,23,4.13621
441,23,24,3.46175
442,0,1,3.12358
442,0,5,4.8495
442,1,2,4.36086
442,1,6,2.87825
442,2,3,5.06214
442,2,7,3.26654
442,3,4,3.34258
442,3,8,5.26499
442,4,9,2.31142
442,5,6,6.0408
442,5,10,4.50382
442,6,7,2.7147
442,6,11,4.66514
442,7,8,4.96847
442,7,12,4.42526
442,8,9,5.82379
442,8,13,5.5608
442,9,14,5.32282
442,10,11,3.00197
442,10,15,4.12175
442,11,12,4.69322
442,11,16,6.36454
442,12,13,5.77737
442,12,17,6.3228
442,13,14,3.46835
442,13,18,3.71566
442,14,19,2.36456
442,15,16,5.02684
442,15,20,2.37528
442,16,17,1.97169
442,16,21,5.65636
442,17,18,5.22221
442,17,22,2.19126
442,18,19,3.28808
442,18,23,4.49425
442,19,24,4.67269
442,20,21,2.48497
442,21,22,5.13221
442,22,23,3.54895
442,23,24,4.78217
443,0,1,4.63421
443,0,5,3.3898
443,1,2,2.35806
443,1,6,6.13478
443,2,3,2.24592
443,2,7,2.16667
443,3,4,5.54381
443,3,8,4.48807
443,4,9,4.24913
443,5,6,2.83165
443,5,10,6.18452
443,6,7,2.3198
443,6,11,3.76894
443,7,8,3.05743
443,7,12,2.86736
443,8,9,2.71267
443,8,13,4.33378
443,9,14,2.24527
443,10,11,5.02346
443,10,15,2.50796
443,11,12,2.35614
443,11,16,4.78304
443,12,13,2.0104
443,12,17,3.82201
443,13,14,4.89696
443,13,18,5.14087
443,14,19,5.79126
443,15,16,2.0897
443,15,20,3.51308
443,16,17,5.00861
443,16,21,2.55718
443,17,18,5.16133
443,17,22,4.30547
443,18,19,2.79243
443,18,23,3.99441
443,19,24,5.03103
443,20,21,3.81836
443,21,22,2.68487
443,22,23,5.49072
443,23,24,4.75482
444,0,1,1.82074
444,0,5,2.69382
444,1,2,2.62448
444,1,6,2.59056
444,2,3,5.00571
444,2,7,3.14998
444,3,4,4.1494
444,3,8,2.4064
444,4,9,4.04599
444,5,6,3.54295
444,5,10,1.48867
444,6,7,2.32485
444,6,11,1.49881
444,7,8,3.69684
444,7,12,5.51063
444,8,9,3.0551
444,8,13,2.9001
444,9,14,6.11676
444,10,11,3.27894
444,10,15,2.61596
444,11,12,4.72921
444,11,16,3.16523
444,12,13,3.96882
444,12,17,5.26013
444,13,14,5.16098
444,13,18,2.87662
444,14,19,1.77082
444,15,16,3.25785
444,15,20,4.2977
444,16,17,5.46695
444,16,21,5.86315
444,17,18,2.34621
444,17,22,1.61116
444,18,19,3.12853
444,18,23,3.99104
444,19,24,2.65277
444,20,21,3.0346
444,21,22,4.07713
444,22,23,4.62223
444,23,24,3.97235
445,0,1,2.42312
445,0,5,3.88345
445,1,2,5.61635
445,1,6,2.72476
445,2,3,5.5472
445,2,7,3.1483
445,3,4,5.61182
445,3,8,2.06683
445,4,9,2.03557
445,5,6,4.18661
445,5,10,4.02403
445,6,7,3.57224
445,6,11,2.21549
445,7,8,2.75018
445,7,12,3.22888
445,8,9,4.53744
445,8,13,5.81396
445,9,14,3.67211
445,10,11,3.7186
445,10,15,2.52952
445,11,12,2.32661
445,11,16,2.83445
445,12,13,3.5918
445,12,17,4.41486
445,13,14,2.28585
445,13,18,3.94139
445,14,19,4.66434
445,15,16,4.88209
445,15,20,2.39368
445,16,17,3.50105
445,16,21,4.12509
445,17,18,5.77558
445,17,22,2.8146
445,18,19,3.60849
445,18,23,3.89454
445,19,24,2.57582
445,20,21,3.72383
445,21,22,5.68356
445,22,23,4.94833
445,23,24,2.08978
446,0,1,5.27044
446,0,5,2.99015
446,1,2,5.59266
446,1,6,2.85255
446,2,3,2.6092
446,2,7,2.41821
446,3,4,2.62274
446,3,8,2.56214
446,4,9,3.80532
446,5,6,3.2367
446,5,10,5.06434
446,6,7,3.6595
446,6,11,3.05227
446,7,8,3.59501
446,7,12,1.96462
446,8,9,3.59594
446,8,13,3.1444
446,9,14,3.80458
446,10,11,4.84448
446,10,15,2.92203
446,11,12,3.32162
446,11,16,4.61948
446,12,13,3.23295
446,12,17,5.65284
446,13,14,4.88627
446,13,18,3.22207
446,14,19,5.07073
446,15,16,5.13521
446,15,20,2.06475
446,16,17,2.25627
446,16,21,6.12168
446,17,18,3.81937
446,17,22,2.43329
446,18,19,3.97607
446,18,23,3.90193
446,19,24,2.75584
446,20,21,5.32149
446,21,22,2.18667
446,22,23,2.93032
446,23,24,4.91537
447,0,1,5.48252
447,0,5,5.53858
447,1,2,5.4736
447,1,6,4.39973
447,2,3,4.935
447,2,7,5.94932
447,3,4,5.12032
447,3,8,3.03309
447,4,9,2.71125
447,5,6,4.72846
447,5,10,5.37915
447,6,7,3.21324
447,6,11,2.18559
447,7,8,3.65801
447,7,12,5.44784
447,8,9,2.4032
447,8,13,2.00227
447,9,14,5.02968
447,10,11,2.92014
447,10,15,5.77307
447,11,12,4.99458
447,11,16,4.93465
447,12,13,5.26656
447,12,17,3.7639
447,13,14,3.8028
447,13,18,4.91577
447,14,19,3.8166
447,15,16,2.22108
447,15,20,5.61508
447,16,17,2.5936
447,16,21,5.04882
447,17,18,2.02417
447,17,22,2.59437
447,18,19,2.32364
447,18,23,4.16331
447,19,24,5.47382
447,20,21,4.58337
447,21,22,3.58737
447,22,23,5.90447
447,23,24,5.31904
448,0,1,3.891
448,0,5,2.6278
448,1,2,7.50998
448,1,6,6.45393
448,2,3,3.77269
448,2,7,2.28043
448,3,4,3.33113
448,3,8,7.75951
448,4,9,3.58037
448,5,6,6.92157
448,5,10,5.50017
448,6,7,1.60603
448,6,11,7.29815
448,7,8,2.84556
448,7,12,7.12635
448,8,9,5.11926
448,8,13,2.30035
448,9,14,4.01556
448,10,11,3.31856
448,10,15,3.21909
448,11,12,3.68097
448,11,16,4.46419
448,12,13,5.01262
448,12,17,3.72285
448,13,14,5.10322
448,13,18,3.5796
448,14,19,4.66261
448,15,16,2.19931
448,15,20,2.22754
448,16,17,4.50962
448,16,21,4.48398
448,17,18,3.46501
448,17,22,2.95036
448,18,19,3.44072
448,18,23,4.42452
448,19,24,2.32291
448,20,21,6.44854
448,21,22,3.90967
448,22,23,5.42077
448,23,24,5.33414
449,0,1,4.44462
449,0,5,4.92178
449,1,2,5.38731
449,1,6,5.09066
449,2,3,4.37916
449,2,7,5.51288
449,3,4,3.97868
449,3,8,2.6344
449,4,9,3.69431
449,5,6,4.37089
449,5,10,6.16487
449,6,7,3.69292
449,6,11,3.64458
449,7,8,5.40958
449,7,12,1.98478
449,8,9,6.013
449,8,13,2.92623
449,9,14,1.98816
449,10,11,2.88953
449,10,15,2.41104
449,11,12,4.05983
449,11,16,2.58864
449,12,13,4.83502
449,12,17,3.63883
449,13,14,3.80507
449,13,18,6.24967
449,14,19,2.95548
449,15,16,2.2613
449,15,20,3.56721
449,16,17,5.90981
449,16,21,2.08515
449,17,18,4.0363
449,17,22,2.83175
449,18,19,4.82713
449,18,23,3.04653
449,19,24,2.68718
449,20,21,4.80266
449,21,22,2.34713
449,22,23,3.96819
449,23,24,6.10397
450,0,1,2.79981
450,0,5,3.67232
450,1,2,4.24443
450,1,6,2.71701
450,2,3,1.76652
450,2,7,2.67214
450,3,4,3.74998
450,3,8,5.47625
450,4,9,3.64895
450,5,6,4.11456
450,5,10,5.37526
450,6,7,2.64918
450,6,11,3.3889
450,7,8,1.63712
450,7,12,4.74784
450,8,9,2.70291
450,8,13,2.64588
450,9,14,3.15341
450,10,11,2.44781
450,10,15,2.83781
450,11,12,1.60452
450,11,16,2.83081
450,12,13,3.28942
450,12,17,2.61526
450,13,14,4.22301
450,13,18,2.20018
450,14,19,3.94294
450,15,16,1.91658
450,15,20,4.8241
450,16,17,2.20094
450,16,21,3.11293
450,17,18,3.43453
450,17,22,3.92208
450,18,19,3.35629
450,18,23,3.13944
450,19,24,3.31427
450,20,21,4.8382
450,21,22,3.39446
450,22,23,5.41245
450,23,24,4.3039
451,0,1,4.16252
451,0,5,5.06226
451,1,2,5.58521
451,1,6,6.29888
451,2,3,2.28373
451,2,7,6.07583
451,3,4,2.62107
451,3,8,2.66012
451,4,9,4.29952
451,5,6,5.94351
451,5,10,2.68096
451,6,7,6.63938
451,6,11,4.71082
451,7,8,3.9887
451,7,12,2.27678
451,8,9,4.37138
451,8,13,3.34329
451,9,14,2.84169
451,10,11,4.67302
451,10,15,4.55728
451,11,12,3.58128
451,11,16,5.0295
451,12,13,6.26821
451,12,17,2.90647
451,13,14,3.39227
451,13,18,5.18184
451,14,19,4.46209
451,15,16,5.09429
451,15,20,5.59753
451,16,17,2.67889
451,16,21,5.44957
451,17,18,4.60213
451,17,22,2.62507
451,18,19,2.48765
451,18,23,5.73766
451,19,24,4.08502
451,20,21,4.85853
451,21,22,3.08698
451,22,23,3.02934
451,23,24,5.22995
452,0,1,4.87753
452,0,5,2.76476
452,1,2,2.2219
452,1,6,6.25374
452,2,3,1.73307
452,2,7,5.3784
452,3,4,4.18476
452,3,8,4.27245
452,4,9,3.65561
452,5,6,4.28976
452,5,10,3.30732
452,6,7,4.16264
452,6,11,6.65503
452,7,8,4.49169
452,7,12,2.61087
452,8,9,3.29827
452,8,13,4.41313
452,9,14,4.94227
452,10,11,4.46577
452,10,15,6.21959
452,11,12,3.99968
452,11,16,6.76554
452,12,13,5.54804
452,12,17,2.63541
452,13,14,5.48607
452,13,18,2.01549
452,14,19,1.86653
452,15,16,2.24033
452,15,20,5.26712
452,16,17,4.97156
452,16,21,4.15394
452,17,18,2.41496
452,17,22,2.27715
452,18,19,2.70438
452,18,23,2.84099
452,19,24,6.7244
452,20,21,5.2407
452,21,22,2.96043
452,22,23,3.54034
452,23,24,4.83341
453,0,1,2.65561
453,0,5,5.86886
453,1,2,4.1618
453,1,6,2.28367
453,2,3,5.48271
453,2,7,2.05981
453,3,4,4.19623
453,3,8,4.05075
453,4,9,3.66515
453,5,6,5.05281
453,5,10,2.39211
453,6,7,3.85942
453,6,11,3.15445
453,7,8,4.62509
453,7,12,5.02781
453,8,9,3.62812
453,8,13,3.67006
453,9,14,3.98309
453,10,11,3.08951
453,10,15,3.33549
453,11,12,3.18907
453,11,16,3.42365
453,12,13,3.21175
453,12,17,5.49122
453,13,14,3.13188
453,13,18,4.55422
453,14,19,3.43227
453,15,16,4.41937
453,15,20,2.77122
453,16,17,3.84033
453,16,21,5.82021
453,17,18,5.08856
453,17,22,3.15158
453,18,19,2.28976
453,18,23,4.02719
453,19,24,2.26182
453,20,21,4.94882
453,21,22,3.38938
453,22,23,3.13176
453,23,24,2.76019
454,0,1,6.16059
454,0,5,4.66243
454,1,2,2.48014
454,1,6,5.36216
454,2,3,3.10321
454,2,7,2.76414
454,3,4,2.44076
454,3,8,4.47182
454,4,9,4.10844
454,5,6,3.43839
454,5,10,6.29036
454,6,7,3.49165
454,6,11,4.87314
454,7,8,5.02483
454,7,12,4.04785
454,8,9,3.21175
454,8,13,5.62583
454,9,14,4.4028
454,10,11,2.2109
454,10,15,4.01726
454,11,12,1.95814
454,11,16,1.95653
454,12,13,5.63491
454,12,17,2.7081
454,13,14,4.27565
454,13,18,6.83944
454,14,19,2.38895
454,15,16,4.72434
454,15,20,4.902
454,16,17,6.51419
454,16,21,2.23317
454,17,18,4.36991
454,17,22,3.06895
454,18,19,4.14173
454,18,23,1.97311
454,19,24,3.02213
454,20,21,4.19271
454,21,22,3.73846
454,22,23,3.26404
454,23,24,1.92509
455,0,1,5.78128
455,0,5,4.55265
455,1,2,4.55074
455,1,6,5.82855
455,2,3,2.30845
455,2,7,5.63768
455,3,4,5.78368
455,3,8,4.35053
455,4,9,4.29336
455,5,6,3.97876
455,5,10,4.08721
455,6,7,3.49378
455,6,11,4.90084
455,7,8,6.18431
455,7,12,6.21741
455,8,9,2.45587
455,8,13,5.75457
455,9,14,6.43746
455,10,11,2.67161
455,10,15,6.04477
455,11,12,4.06387
455,11,16,2.91715
455,12,13,4.11849
455,12,17,2.93795
455,13,14,5.63273
455,13,18,4.26084
455,14,19,5.0426
455,15,16,2.32628
455,15,20,7.00842
455,16,17,6.50626
455,16,21,4.7479
455,17,18,3.63547
455,17,22,5.92509
455,18,19,3.25121
455,18,23,5.54381
455,19,24,3.71139
455,20,21,3.65829
455,21,22,4.68904
455,22,23,6.2072
455,23,24,2.87065
456,0,1,4.34549
456,0,5,5.31656
456,1,2,4.65159
456,1,6,2.34754
456,2,3,2.28069
456,2,7,2.67694
456,3,4,3.30309
456,3,8,3.26009
456,4,9,2.30628
456,5,6,2.37262
456,5,10,2.21162
456,6,7,4.19099
456,6,11,2.46169
456,7,8,3.98878
456,7,12,5.41282
456,8,9,2.84332
456,8,13,2.18138
456,9,14,2.13992
456,10,11,3.97361
456,10,15,4.02178
456,11,12,4.0389
456,11,16,2.40862
456,12,13,3.08472
456,12,17,3.86642
456,13,14,4.16174
456,13,18,3.25144
456,14,19,2.22092
456,15,16,3.94204
456,15,20,2.78892
456,16,17,2.86995
456,16,21,6.33777
456,17,18,2.65789
456,17,22,3.24705
456,18,19,2.48757
456,18,23,3.00453
456,19,24,3.72875
456,20,21,5.34399
456,21,22,3.5737
456,22,23,4.71985
456,23,24,2.93852
457,0,1,5.05744
457,0,5,4.50316
457,1,2,5.73652
457,1,6,5.13015
457,2,3,4.1099
457,2,7,2.64706
457,3,4,4.01896
457,3,8,5.04391
457,4,9,4.48789
457,5,6,2.9577
457,5,10,2.32823
457,6,7,2.08611
457,6,11,3.36886
457,7,8,5.36049
457,7,12,4.14721
457,8,9,2.62575
457,8,13,4.32975
457,9,14,4.55433
457,10,11,2.50627
457,10,15,2.23756
457,11,12,4.70594
457,11,16,3.37176
457,12,13,2.6
457,12,17,7.11555
457,13,14,2.65453
457,13,18,4.46497
457,14,19,1.97649
457,15,16,5.27328
457,15,20,3.82359
457,16,17,5.72107
457,16,21,2.77626
457,17,18,4.04926
457,17,22,4.64538
457,18,19,3.82359
457,18,23,3.09214
457,19,24,5.17114
457,20,21,2.01084
457,21,22,3.948
457,22,23,2.65884
457,23,24,3.15878
458,0,1,4.79972
458,0,5,4.43396
458,1,2,2.97461
458,1,6,4.33772
458,2,3,5.58699
458,2,7,3.86006
458,3,4,5.26936
458,3,8,6.45255
458,4,9,2.92894
458,5,6,6.67138
458,5,10,4.69583
458,6,7,5.01424
458,6,11,5.61952
458,7,8,2.94543
458,7,12,4.83768
458,8,9,4.25571
458,8,13,2.99057
458,9,14,3.26246
458,10,11,2.29116
458,10,15,2.9036
458,11,12,4.17737
458,11,16,4.14784
458,12,13,5.44882
458,12,17,4.53589
458,13,14,4.7807
458,13,18,6.43668
458,14,19,4.00992
458,15,16,3.97633
458,15,20,6.5722
458,16,17,5.64561
458,16,21,4.38242
458,17,18,4.52257
458,17,22,3.66747
458,18,19,2.66164
458,18,23,2.42114
458,19,24,2.57258
458,20,21,2.91742
458,21,22,3.03292
458,22,23,3.85024
458,23,24,7.01645
459,0,1,4.97643
459,0,5,4.07098
459,1,2,3.39679
459,1,6,4.38095
459,2,3,5.20866
459,2,7,5.41508
459,3,4,6.09804
459,3,8,5.42236
459,4,9,4.37113
459,5,6,3.10134
459,5,10,4.99856
459,6,7,2.56927
459,6,11,2.85203
459,7,8,4.11633
459,7,12,5.09961
459,8,9,5.14026
459,8,13,3.86908
459,9,14,4.0834
459,10,11,6.13034
459,10,15,4.28947
459,11,12,5.02512
459,11,16,2.66398
459,12,13,6.60483
459,12,17,3.17834
459,13,14,3.95888
459,13,18,3.71184
459,14,19,5.24393
459,15,16,6.44213
459,15,20,4.81595
459,16,17,5.94127
459,16,21,3.2265
459,17,18,3.98827
459,17,22,5.18591
459,18,19,6.40751
459,18,23,3.48007
459,19,24,4.57016
459,20,21,2.49759
459,21,22,4.05205
459,22,23,5.78719
459,23,24,2.7932
460,0,1,4.67736
460,0,5,3.66103
460,1,2,1.33674
460,1,6,4.07511
460,2,3,2.63317
460,2,7,4.78283
460,3,4,4.37095
460,3,8,6.17317
460,4,9,4.91887
460,5,6,2.06152
460,5,10,5.79158
460,6,7,4.11328
460,6,11,6.11
460,7,8,3.62934
460,7,12,3.1785
460,8,9,3.60987
460,8,13,2.59979
460,9,14,2.53484
460,10,11,3.0313
460,10,15,4.31293
460,11,12,2.26931
460,11,16,6.43226
460,12,13,3.57232
460,12,17,2.89006
460,13,14,6.56507
460,13,18,3.2316
460,14,19,5.71588
460,15,16,3.8585
460,15,20,5.63066
460,16,17,4.14598
460,16,21,3.1606
460,17,18,5.54544
460,17,22,3.80213
460,18,19,2.06993
460,18,23,4.1139
460,19,24,5.42072
460,20,21,2.32599
460,21,22,2.45416
460,22,23,6.66542
460,23,24,5.46395
461,0,1,2.50012
461,0,5,6.09637
461,1,2,2.23389
461,1,6,4.53718
461,2,3,2.33382
461,2,7,3.08772
461,3,4,5.99778
461,3,8,2.08513
461,4,9,4.92753
461,5,6,4.33626
461,5,10,2.95578
461,6,7,1.68954
461,6,11,2.87542
461,7,8,5.95418
461,7,12,6.56401
461,8,9,3.781
461,8,13,3.78414
461,9,14,3.33707
461,10,11,3.12337
461,10,15,3.4201
461,11,12,6.3642
461,11,16,4.06988
461,12,13,2.82154
461,12,17,4.33842
461,13,14,3.37358
461,13,18,2.82578
461,14,19,2.89085
461,15,16,2.06976
461,15,20,4.76587
461,16,17,2.08079
461,16,21,3.3783
461,17,18,2.93257
461,17,22,4.16835
461,18,19,2.34997
461,18,23,2.2251
461,19,24,1.64982
461,20,21,4.59624
461,21,22,5.44353
461,22,23,1.68182
461,23,24,3.65539
462,0,1,2.84939
462,0,5,2.04492
462,1,2,3.35496
462,1,6,2.31931
462,2,3,3.78585
462,2,7,4.26574
462,3,4,4.83555
462,3,8,3.51533
462,4,9,5.60624
462,5,6,4.14614
462,5,10,2.25216
462,6,7,3.43951
462,6,11,2.22438
462,7,8,3.08936
462,7,12,4.06126
462,8,9,1.77639
462,8,13,1.53582
462,9,14,3.22138
462,10,11,3.38005
462,10,15,1.96873
462,11,12,3.05259
462,11,16,1.79393
462,12,13,3.33967
462,12,17,2.70508
462,13,14,2.04644
462,13,18,4.03155
462,14,19,2.55142
462,15,16,2.60965
462,15,20,4.24339
462,16,17,3.92261
462,16,21,2.36038
462,17,18,3.4355
462,17,22,3.59852
462,18,19,3.68006
462,18,23,2.40925
462,19,24,2.62824
462,20,21,2.50754
462,21,22,3.00279
462,22,23,1.90338
462,23,24,3.71402
463,0,1,3.26099
463,0,5,2.25746
463,1,2,5.06892
463,1,6,3.74868
463,2,3,3.88384
463,2,7,1.74299
463,3,4,3.9902
463,3,8,3.23469
463,4,9,5.4841
463,5,6,5.48911
463,5,10,1.70826
463,6,7,4.20306
463,6,11,1.85993
463,7,8,6.85463
463,7,12,4.49372
463,8,9,1.85721
463,8,13,2.48089
463,9,14,5.93899
463,10,11,2.8984
463,10,15,4.27288
463,11,12,2.93204
463,11,16,3.46208
463,12,13,3.27062
463,12,17,2.49126
463,13,14,4.1373
463,13,18,4.51926
463,14,19,3.83364
463,15,16,4.13755
463,15,20,3.13929
463,16,17,5.08678
463,16,21,3.92303
463,17,18,3.94893
463,17,22,4.44084
463,18,19,2.64699
463,18,23,3.1449
463,19,24,3.48884
463,20,21,5.09666
463,21,22,4.40416
463,22,23,2.37904
463,23,24,3.51512
464,0,1,5.06678
464,0,5,3.1497
464,1,2,3.60232
464,1,6,6.10256
464,2,3,3.02738
464,2,7,2.02072
464,3,4,5.52601
464,3,8,5.50356
464,4,9,5.34542
464,5,6,3.32402
464,5,10,5.26849
464,6,7,3.46317
464,6,11,3.12916
464,7,8,3.51191
464,7,12,4.6084
464,8,9,2.18357
464,8,13,2.43343
464,9,14,3.71648
464,10,11,3.31066
464,10,15,3.28626
464,11,12,4.59752
464,11,16,4.40645
464,12,13,3.26966
464,12,17,3.40767
464,13,14,5.63934
464,13,18,5.51879
464,14,19,5.63916
464,15,16,3.55779
464,15,20,5.55017
464,16,17,4.26418
464,16,21,3.22621
464,17,18,2.27053
464,17,22,4.11993
464,18,19,3.14308
464,18,23,5.66436
464,19,24,3.1472
464,20,21,3.9745
464,21,22,3.43276
464,22,23,2.459
464,23,24,2.43701
465,0,1,4.07679
465,0,5,5.82561
465,1,2,5.9098
465,1,6,2.15503
465,2,3,6.1341
465,2,7,2.96736
465,3,4,3.17636
465,3,8,3.68824
465,4,9,3.63669
465,5,6,2.90129
465,5,10,4.70291
465,6,7,3.81619
465,6,11,5.02627
465,7,8,6.59269
465,7,12,4.62873
465,8,9,5.28119
465,8,13,4.55488
465,9,14,4.39342
465,10,11,3.48226
465,10,15,4.61723
465,11,12,7.54784
465,11,16,4.21331
465,12,13,3.39586
465,12,17,3.53494
465,13,14,3.17052
465,13,18,5.29414
465,14,19,2.05611
465,15,16,5.3642
465,15,20,5.3491
465,16,17,2.44532
465,16,21,6.13861
465,17,18,4.66946
465,17,22,7.51815
465,18,19,5.4868
465,18,23,5.16795
465,19,24,6.78211
465,20,21,3.00872
465,21,22,5.78749
465,22,23,6.01696
465,23,24,6.62296
466,0,1,4.394
466,0,5,2.71474
466,1,2,4.91613
466,1,6,3.26588
466,2,3,2.7454
466,2,7,4.96167
466,3,4,6.76286
466,3,8,4.75223
466,4,9,4.85031
466,5,6,3.72936
466,5,10,2.87128
466,6,7,4.63522
466,6,11,2.75097
466,7,8,5.83646
466,7,12,4.07888
466,8,9,3.8494
466,8,13,3.48739
466,9,14,3.57083
466,10,11,4.04799
466,10,15,4.5196
466,11,12,5.91626
466,11,16,3.33375
466,12,13,6.92276
466,12,17,2.50214
466,13,14,5.68062
466,13,18,3.52239
466,14,19,2.24239
466,15,16,6.1314
466,15,20,2.43829
466,16,17,5.26708
466,16,21,5.79721
466,17,18,2.85449
466,17,22,5.55894
466,18,19,6.15129
466,18,23,6.12383
466,19,24,4.91231
466,20,21,4.97405
466,21,22,4.76494
466,22,23,3.80388
466,23,24,4.09678
467,0,1,2.90229
467,0,5,6.51004
467,1,2,4.73153
467,1,6,1.80021
467,2,3,2.59674
467,2,7,2.9778
467,3,4,4.77116
467,3,8,2.84004
467,4,9,3.78731
467,5,6,5.37303
467,5,10,3.34087
467,6,7,3.21535
467,6,11,2.24368
467,7,8,6.51345
467,7,12,3.47161
467,8,9,2.87115
467,8,13,3.24412
467,9,14,3.89394
467,10,11,3.28376
467,10,15,3.78995
467,11,12,2.97942
467,11,16,3.90632
467,12,13,3.06721
467,12,17,4.63105
467,13,14,2.95521
467,13,18,3.94671
467,14,19,3.70406
467,15,16,3.76682
467,15,20,3.033
467,16,17,1.88661
467,16,21,2.10763
467,17,18,5.12689
467,17,22,2.50648
467,18,19,3.48991
467,18,23,1.64943
467,19,24,3.63923
467,20,21,6.09387
467,21,22,2.4395
467,22,23,3.86851
467,23,24,1.70823
468,0,1,2.70194
468,0,5,2.98698
468,1,2,2.22982
468,1,6,7.37777
468,2,3,2.05621
468,2,7,2.76797
468,3,4,2.04704
468,3,8,2.96844
468,4,9,6.14302
468,5,6,4.21861
468,5,10,6.29121
468,6,7,4.35372
468,6,11,3.37706
468,7,8,2.41146
468,7,12,2.0733
468,8,9,5.90995
468,8,13,2.25301
468,9,14,1.9275
468,10,11,4.50417
468,10,15,5.72412
468,11,12,4.23077
468,11,16,3.60182
468,12,13,5.34261
468,12,17,1.63514
468,13,14,4.64623
468,13,18,6.91731
468,14,19,3.11559
468,15,16,4.1945
468,15,20,3.14496
468,16,17,6.34053
468,16,21,2.86276
468,17,18,4.62439
468,17,22,6.47223
468,18,19,2.04852
468,18,23,4.5448
468,19,24,6.4071
468,20,21,5.3065
468,21,22,2.05452
468,22,23,6.8693
468,23,24,5.18697
469,0,1,4.17649
469,0,5,3.45533
469,1,2,4.79412
469,1,6,6.15845
469,2,3,3.27116
469,2,7,3.89988
469,3,4,4.60598
469,3,8,4.11566
469,4,9,5.48567
469,5,6,3.25995
469,5,10,6.11104
469,6,7,5.1595
469,6,11,6.37812
469,7,8,4.00879
469,7,12,3.08375
469,8,9,4.92865
469,8,13,4.17126
469,9,14,5.26161
469,10,11,4.48721
469,10,15,3.9863
469,11,12,3.20747
469,11,16,2.3255
469,12,13,3.1058
469,12,17,4.40883
469,13,14,4.70735
469,13,18,4.46277
469,14,19,2.62243
469,15,16,3.57925
469,15,20,5.31509
469,16,17,5.76122
469,16,21,2.40249
469,17,18,2.68552
469,17,22,4.99472
469,18,19,4.01728
469,18,23,5.78602
469,19,24,3.95509
469,20,21,6.91019
469,21,22,4.57151
469,22,23,3.40128
469,23,24,4.61693
470,0,1,2.09359
470,0,5,1.9781
470,1,2,4.13336
470,1,6,4.36975
470,2,3,2.47527
470,2,7,4.22065
470,3,4,3.96126
470,3,8,2.84966
470,4,9,3.50764
470,5,6,2.98576
470,5,10,3.00539
470,6,7,3.18522
470,6,11,1.84306
470,7,8,1.47314
470,7,12,1.75721
470,8,9,2.90784
470,8,13,2.61125
470,9,14,3.97802
470,10,11,2.66668
470,10,15,2.40761
470,11,12,3.97648
470,11,16,4.27221
470,12,13,3.60264
470,12,17,3.96761
470,13,14,2.28285
470,13,18,3.29657
470,14,19,2.83352
470,15,16,2.97033
470,15,20,3.58171
470,16,17,4.3918
470,16,21,2.34016
470,17,18,4.05864
470,17,22,1.76644
470,18,19,4.32553
470,18,23,1.68366
470,19,24,2.50419
470,20,21,4.19433
470,21,22,4.34583
470,22,23,2.62867
470,23,24,3.19397
471,0,1,6.35684
471,0,5,5.50693
471,1,2,5.49244
471,1,6,3.89487
471,2,3,2.55229
471,2,7,2.40034
471,3,4,6.91521
471,3,8,2.87178
471,4,9,2.26623
471,5,6,3.54566
471,5,10,3.48623
471,6,7,7.29821
471,6,11,2.90924
471,7,8,7.38496
471,7,12,4.71733
471,8,9,3.12092
471,8,13,4.67883
471,9,14,2.20492
471,10,11,2.17611
471,10,15,4.24625
471,11,12,5.50468
471,11,16,5.27896
471,12,13,4.15643
471,12,17,5.35466
471,13,14,2.89351
471,13,18,5.26053
471,14,19,5.51605
471,15,16,5.35073
471,15,20,5.73026
471,16,17,3.04903
471,16,21,4.52097
471,17,18,5.29785
471,17,22,4.45801
471,18,19,2.66497
471,18,23,1.81301
471,19,24,6.25428
471,20,21,3.79837
471,21,22,2.97239
471,22,23,5.07864
471,23,24,4.08585
472,0,1,2.79446
472,0,5,5.9151
472,1,2,4.52129
472,1,6,2.64199
472,2,3,4.32796
472,2,7,4.41351
472,3,4,2.50871
472,3,8,5.11862
472,4,9,4.05642
472,5,6,3.95384
472,5,10,5.83374
472,6,7,5.18571
472,6,11,3.6489
472,7,8,3.66004
472,7,12,2.75314
472,8,9,3.72596
472,8,13,2.79795
472,9,14,4.9009
472,10,11,2.05624
472,10,15,4.99333
472,11,12,3.07097
472,11,16,2.38574
472,12,13,3.76702
472,12,17,4.9606
472,13,14,3.47221
472,13,18,5.80805
472,14,19,3.98247
472,15,16,4.64638
472,15,20,3.17205
472,16,17,4.04076
472,16,21,4.46778
472,17,18,6.27302
472,17,22,3.92382
472,18,19,3.24349
472,18,23,4.15147
472,19,24,2.47166
472,20,21,5.90655
472,21,22,2.24907
472,22,23,3.88633
472,23,24,6.32136
473,0,1,3.69461
473,0,5,4.76981
473,1,2,7.10839
473,1,6,2.79935
473,2,3,5.93914
473,2,7,5.07447
473,3,4,4.80227
473,3,8,2.8728
473,4,9,4.01227
473,5,6,4.49085
473,5,10,5.0263
473,6,7,5.30023
473,6,11,7.17582
473,7,8,3.04497
473,7,12,6.2729
473,8,9,5.26382
473,8,13,2.54488
473,9,14,2.34698
473,10,11,4.43073
473,10,15,3.01606
473,11,12,5.46186
473,11,16,3.10394
473,12,13,4.39482
473,12,17,3.85864
473,13,14,3.52101
473,13,18,3.28094
473,14,19,3.40378
473,15,16,3.77135
473,15,20,4.38356
473,16,17,4.11305
473,16,21,4.22313
473,17,18,3.50967
473,17,22,3.18521
473,18,19,6.81026
473,18,23,6.34803
473,19,24,2.63872
473,20,21,5.10475
473,21,22,6.11725
473,22,23,4.23804
473,23,24,2.92138
474,0,1,3.82501
474,0,5,3.65318
474,1,2,3.31143
474,1,6,2.67356
474,2,3,3.51049
474,2,7,2.26372
474,3,4,4.04801
474,3,8,2.68358
474,4,9,5.81567
474,5,6,4.28011
474,5,10,2.41695
474,6,7,3.88934
474,6,11,4.8385
474,7,8,1.98484
474,7,12,2.38657
474,8,9,2.49142
474,8,13,1.68397
474,9,14,1.94217
474,10,11,4.66662
474,10,15,4.52168
474,11,12,3.90723
474,11,16,4.73297
474,12,13,3.49189
474,12,17,2.31753
474,13,14,5.0353
474,13,18,2.05249
474,14,19,3.8026
474,15,16,1.59275
474,15,20,4.79536
474,16,17,3.97815
474,16,21,2.33951
474,17,18,3.48
474,17,22,4.17505
474,18,19,2.11179
474,18,23,2.29336
474,19,24,3.66001
474,20,21,5.63732
474,21,22,2.73598
474,22,23,5.8148
474,23,24,3.29308
475,0,1,2.46506
475,0,5,5.09284
475,1,2,5.96839
475,1,6,6.69128
475,2,3,3.46376
475,2,7,6.25759
475,3,4,4.05775
475,3,8,7.75386
475,4,9,6.48137
475,5,6,3.23586
475,5,10,4.22834
475,6,7,5.243
475,6,11,3.88638
475,7,8,5.66801
475,7,12,3.8155
475,8,9,2.33113
475,8,13,2.3074
475,9,14,2.64363
475,10,11,5.99996
475,10,15,3.75693
475,11,12,2.13799
475,11,16,4.73487
475,12,13,4.81414
475,12,17,2.46012
475,13,14,3.76142
475,13,18,3.59193
475,14,19,4.3387
475,15,16,3.05287
475,15,20,6.20397
475,16,17,5.02412
475,16,21,3.92079
475,17,18,4.62643
475,17,22,5.82455
475,18,19,5.77907
475,18,23,4.83869
475,19,24,5.99308
475,20,21,4.35852
475,21,22,2.96958
475,22,23,6.49628
475,23,24,6.18618
476,0,1,2.51848
476,0,5,3.13101
476,1,2,2.24154
476,1,6,4.19424
476,2,3,3.75476
476,2,7,3.55032
476,3,4,3.76534
476,3,8,4.77318
476,4,9,3.72363
476,5,6,3.49393
476,5,10,3.76208
476,6,7,3.59969
476,6,11,5.09375
476,7,8,4.02006
476,7,12,5.3309
476,8,9,5.39992
476,8,13,1.99615
476,9,14,4.3427
476,10,11,2.3965
476,10,15,5.80499
476,11,12,2.56931
476,11,16,5.54968
476,12,13,4.14261
476,12,17,2.29178
476,13,14,5.70824
476,13,18,2.12373
476,14,19,4.21037
476,15,16,2.00355
476,15,20,3.35095
476,16,17,3.55187
476,16,21,4.99153
476,17,18,4.64921
476,17,22,3.65271
476,18,19,2.16711
476,18,23,4.67484
476,19,24,2.94505
476,20,21,3.4567
476,21,22,3.22051
476,22,23,5.12647
476,23,24,3.28427
477,0,1,3.08216
477,0,5,4.78746
477,1,2,1.88355
477,1,6,3.61722
477,2,3,4.71337
477,2,7,4.65848
477,3,4,4.53287
477,3,8,5.50774
477,4,9,2.23753
477,5,6,5.37739
477,5,10,2.67828
477,6,7,5.18897
477,6,11,2.5705
477,7,8,4.79613
477,7,12,2.72263
477,8,9,2.85106
477,8,13,4.91691
477,9,14,2.67804
477,10,11,2.55246
477,10,15,4.05939
477,11,12,5.90366
477,11,16,5.41092
477,12,13,4.59396
477,12,17,2.36281
477,13,14,5.57448
477,13,18,4.7289
477,14,19,4.29528
477,15,16,4.67548
477,15,20,2.37605
477,16,17,3.77109
477,16,21,1.9736
477,17,18,4.84243
477,17,22,2.55153
477,18,19,2.22974
477,18,23,3.01937
477,19,24,2.37578
477,20,21,5.63135
477,21,22,2.52624
477,22,23,3.17913
477,23,24,4.63755
478,0,1,1.88913
478,0,5,2.08298
478,1,2,3.30709
478,1,6,4.81085
478,2,3,3.69416
478,2,7,4.95699
478,3,4,3.79037
478,3,8,6.29211
478,4,9,5.83826
478,5,6,4.51892
478,5,10,5.11424
478,6,7,1.85823
478,6,11,2.26273
478,7,8,2.78182
478,7,12,2.08061
478,8,9,4.36753
478,8,13,2.30237
478,9,14,3.14171
478,10,11,1.90561
478,10,15,5.13594
478,11,12,4.46262
478,11,16,4.96809
478,12,13,1.9053
478,12,17,4.20653
478,13,14,3.15766
478,13,18,2.03088
478,14,19,6.57286
478,15,16,1.39499
478,15,20,2.55173
478,16,17,3.0995
478,16,21,2.78136
478,17,18,3.75417
478,17,22,2.17388
478,18,19,2.97772
478,18,23,2.36349
478,19,24,3.85095
478,20,21,3.14638
478,21,22,2.86556
478,22,23,4.37342
478,23,24,3.95036
479,0,1,2.33903
479,0,5,3.19161
479,1,2,2.66851
479,1,6,3.29214
479,2,3,3.83206
479,2,7,1.90457
479,3,4,2.83925
479,3,8,2.68543
479,4,9,4.56638
479,5,6,5.46828
479,5,10,2.5887
479,6,7,3.748
479,6,11,2.98907
479,7,8,3.83695
479,7,12,2.06085
479,8,9,3.10219
479,8,13,3.42887
479,9,14,2.26656
479,10,11,4.67686
479,10,15,3.5591
479,11,12,2.72009
479,11,16,4.90936
479,12,13,3.40681
479,12,17,2.58793
479,13,14,2.3192
479,13,18,4.01658
479,14,19,4.72104
479,15,16,4.34894
479,15,20,4.11901
479,16,17,3.73735
479,16,21,3.65226
479,17,18,4.3926
479,17,22,3.80822
479,18,19,3.01477
479,18,23,4.42608
479,19,24,2.58803
479,20,21,4.24563
479,21,22,3.52245
479,22,23,2.61026
479,23,24,3.44387
480,0,1,2.75184
480,0,5,2.88609
480,1,2,4.22882
480,1,6,2.62119
480,2,3,2.45658
480,2,7,4.93085
480,3,4,5.34051
480,3,8,4.52264
480,4,9,3.02207
480,5,6,4.77939
480,5,10,3.52529
480,6,7,4.84198
480,6,11,5.29599
480,7,8,3.9844
480,7,12,3.12011
480,8,9,3.83798
480,8,13,2.51103
480,9,14,3.011
480,10,11,4.1216
480,10,15,3.92278
480,11,12,1.8345
480,11,16,5.20317
480,12,13,2.71994
480,12,17,2.02178
480,13,14,2.81912
480,13,18,3.92085
480,14,19,4.60011
480,15,16,3.62785
480,15,20,2.45518
480,16,17,4.43412
480,16,21,3.20454
480,17,18,3.64001
480,17,22,3.58135
480,18,19,4.87723
480,18,23,4.85411
480,19,24,5.63868
480,20,21,3.57944
480,21,22,2.77966
480,22,23,3.64035
480,23,24,3.30371
481,0,1,2.56604
481,0,5,3.38089
481,1,2,1.78992
481,1,6,1.80613
481,2,3,4.50164
481,2,7,2.75881
481,3,4,2.15956
481,3,8,4.01631
481,4,9,3.87808
481,5,6,4.64261
481,5,10,4.51298
481,6,7,2.96825
481,6,11,3.84823
481,7,8,2.67613
481,7,12,4.45469
481,8,9,4.96121
481,8,13,2.81983
481,9,14,3.02986
481,10,11,2.71916
481,10,15,2.23327
481,11,12,2.64681
481,11,16,4.70778
481,12,13,3.84868
481,12,17,3.32436
481,13,14,4.25001
481,13,18,3.16774
481,14,19,2.18411
481,15,16,4.74058
481,15,20,2.30283
481,16,17,1.76833
481,16,21,3.74253
481,17,18,2.04741
481,17,22,2.06651
481,18,19,3.62746
481,18,23,2.85441
481,19,24,2.9888
481,20,21,4.68941
481,21,22,2.39337
481,22,23,2.33228
481,23,24,2.54579
482,0,1,5.8349
482,0,5,5.48514
482,1,2,6.55022
482,1,6,5.10237
482,2,3,7.16188
482,2,7,5.87551
482,3,4,5.08382
482,3,8,2.37161
482,4,9,2.3601
482,5,6,3.34633
482,5,10,3.36929
482,6,7,5.57933
482,6,11,3.38289
482,7,8,3.19102
482,7,12,7.93949
482,8,9,4.92896
482,8,13,5.3657
482,9,14,5.82849
482,10,11,6.02245
482,10,15,6.56381
482,11,12,8.33834
482,11,16,2.93211
482,12,13,8.03939
482,12,17,8.47717
482,13,14,6.79809
482,13,18,2.75693
482,14,19,3.01831
482,15,16,4.39792
482,15,20,3.48106
482,16,17,6.14265
482,16,21,5.84902
482,17,18,6.31757
482,17,22,6.19192
482,18,19,6.74355
482,18,23,3.41908
482,19,24,6.07286
482,20,21,3.73321
482,21,22,2.79128
482,22,23,2.70356
482,23,24,8.28305
483,0,1,2.94675
483,0,5,2.52854
483,1,2,3.2772
483,1,6,1.97972
483,2,3,3.39878
483,2,7,4.04343
483,3,4,4.95698
483,3,8,2.02923
483,4,9,4.05233
483,5,6,2.30444
483,5,10,2.09914
483,6,7,3.63065
483,6,11,3.36825
483,7,8,5.03661
483,7,12,2.34272
483,8,9,3.63782
483,8,13,4.26384
483,9,14,3.42664
483,10,11,3.60973
483,10,15,4.17176
483,11,12,3.52809
483,11,16,2.37531
483,12,13,3.86721
483,12,17,4.53271
483,13,14,3.43351
483,13,18,4.79967
483,14,19,4.45529
483,15,16,5.08296
483,15,20,2.89729
483,16,17,4.24389
483,16,21,5.03121
483,17,18,3.3975
483,17,22,3.89149
483,18,19,3.89443
483,18,23,1.74428
483,19,24,4.06329
483,20,21,1.93944
483,21,22,2.55391
483,22,23,2.42733
483,23,24,3.22148
484,0,1,3.56519
484,0,5,5.53003
484,1,2,6.78152
484,1,6,2.73031
484,2,3,2.75797
484,2,7,2.97865
484,3,4,4.17627
484,3,8,5.36504
484,4,9,2.36128
484,5,6,4.43118
484,5,10,4.45251
484,6,7,5.66143
484,6,11,5.39167
484,7,8,2.89843
484,7,12,3.10876
484,8,9,4.67823
484,8,13,5.31428
484,9,14,5.37682
484,10,11,5.47115
484,10,15,6.04213
484,11,12,6.62296
484,11,16,3.54507
484,12,13,4.94792
484,12,17,4.40222
484,13,14,5.75242
484,13,18,5.01048
484,14,19,5.53446
484,15,16,5.16848
484,15,20,6.63043
484,16,17,4.32564
484,16,21,6.81051
484,17,18,5.85847
484,17,22,6.20132
484,18,19,3.42734
484,18,23,4.8295
484,19,24,5.52944
484,20,21,4.33137
484,21,22,2.60772
484,22,23,4.65509
484,23,24,6.00694
485,0,1,6.65619
485,0,5,2.48742
485,1,2,6.16801
485,1,6,3.61926
485,2,3,5.35446
485,2,7,2.48287
485,3,4,4.95442
485,3,8,3.54748
485,4,9,5.1527
485,5,6,3.73736
485,5,10,3.51632
485,6,7,3.34298
485,6,11,3.62259
485,7,8,3.40457
485,7,12,2.3406
485,8,9,4.98664
485,8,13,5.6591
485,9,14,2.53143
485,10,11,4.16732
485,10,15,1.01485
485,11,12,3.36591
485,11,16,1.69844
485,12,13,4.16533
485,12,17,2.99103
485,13,14,2.04607
485,13,18,3.7197
485,14,19,4.26628
485,15,16,2.72835
485,15,20,2.91543
485,16,17,1.59022
485,16,21,2.86589
485,17,18,2.13552
485,17,22,6.64981
485,18,19,6.56467
485,18,23,2.96641
485,19,24,4.60596
485,20,21,3.75815
485,21,22,4.12141
485,22,23,3.96464
485,23,24,3.85228
486,0,1,6.12035
486,0,5,2.28814
486,1,2,6.70878
486,1,6,5.41377
486,2,3,3.16525
486,2,7,3.2857
486,3,4,4.25619
486,3,8,6.65771
486,4,9,5.60908
486,5,6,3.50804
486,5,10,5.40639
486,6,7,3.14019
486,6,11,4.52251
486,7,8,2.75006
486,7,12,4.59226
486,8,9,5.7273
486,8,13,2.40246
486,9,14,3.53446
486,10,11,3.0413
486,10,15,2.64335
486,11,12,2.42784
486,11,16,4.0458
486,12,13,4.21888
486,12,17,2.20602
486,13,14,2.70046
486,13,18,5.69466
486,14,19,3.54018
486,15,16,5.92139
486,15,20,4.13149
486,16,17,4.56982
486,16,21,4.15316
486,17,18,2.87322
486,17,22,6.98544
486,18,19,6.6931
486,18,23,5.53928
486,19,24,3.28573
486,20,21,2.92692
486,21,22,5.80508
486,22,23,2.31152
486,23,24,4.28698
487,0,1,2.12061
487,0,5,3.45021
487,1,2,2.63034
487,1,6,2.76435
487,2,3,4.08838
487,2,7,3.70127
487,3,4,1.8793
487,3,8,2.70745
487,4,9,3.00236
487,5,6,4.88345
487,5,10,1.93762
487,6,7,3.48462
487,6,11,2.63445
487,7,8,3.8336
487,7,12,5.78219
487,8,9,2.58999
487,8,13,3.20626
487,9,14,5.56345
487,10,11,4.26681
487,10,15,4.22523
487,11,12,3.82078
487,11,16,3.27169
487,12,13,3.34913
487,12,17,2.23699
487,13,14,2.04818
487,13,18,3.94421
487,14,19,4.02643
487,15,16,3.67444
487,15,20,4.25334
487,16,17,2.30617
487,16,21,3.81772
487,17,18,3.70708
487,17,22,1.68354
487,18,19,5.46289
487,18,23,5.55776
487,19,24,3.15451
487,20,21,4.15529
487,21,22,1.75723
487,22,23,1.95775
487,23,24,2.63781
488,0,1,4.4761
488,0,5,3.52798
488,1,2,2.4261
488,1,6,4.53475
488,2,3,6.09897
488,2,7,4.57693
488,3,4,4.45654
488,3,8,4.28109
488,4,9,2.64346
488,5,6,2.08627
488,5,10,5.69133
488,6,7,4.56035
488,6,11,3.70725
488,7,8,2.43679
488,7,12,4.69065
488,8,9,5.58344
488,8,13,4.10792
488,9,14,2.38171
488,10,11,3.17826
488,10,15,5.59845
488,11,12,5.30322
488,11,16,6.02622
488,12,13,6.49731
488,12,17,6.16342
488,13,14,2.76807
488,13,18,5.59759
488,14,19,5.08247
488,15,16,3.38411
488,15,20,5.85965
488,16,17,5.60856
488,16,21,2.52684
488,17,18,4.04518
488,17,22,3.52191
488,18,19,2.06882
488,18,23,4.17895
488,19,24,4.51486
488,20,21,3.24781
488,21,22,4.42502
488,22,23,5.40217
488,23,24,2.23178
489,0,1,4.91146
489,0,5,2.74921
489,1,2,4.28026
489,1,6,3.17081
489,2,3,6.46761
489,2,7,5.10727
489,3,4,4.57195
489,3,8,5.8437
489,4,9,2.39299
489,5,6,6.46891
489,5,10,4.04811
489,6,7,5.97621
489,6,11,3.21813
489,7,8,5.97291
489,7,12,5.28118
489,8,9,3.30489
489,8,13,2.59717
489,9,14,5.00241
489,10,11,6.42097
489,10,15,7.40126
489,11,12,6.25622
489,11,16,7.44427
489,12,13,3.59928
489,12,17,3.60871
489,13,14,3.23252
489,13,18,4.54891
489,14,19,5.57506
489,15,16,4.64645
489,15,20,6.77477
489,16,17,3.45667
489,16,21,2.60335
489,17,18,2.71866
489,17,22,4.27742
489,18,19,3.98009
489,18,23,4.16295
489,19,24,4.24411
489,20,21,5.24621
489,21,22,5.69849
489,22,23,3.81787
489,23,24,5.15975
490,0,1,4.4372
490,0,5,3.07256
490,1,2,3.34461
490,1,6,3.61713
490,2,3,5.47126
490,2,7,4.91648
490,3,4,2.41792
490,3,8,4.9599
490,4,9,5.98526
490,5,6,1.98916
490,5,10,4.75581
490,6,7,3.95759
490,6,11,3.66534
490,7,8,2.3778
490,7,12,5.52405
490,8,9,4.64612
490,8,13,3.66396
490,9,14,2.00459
490,10,11,2.54392
490,10,15,2.28186
490,11,12,4.79101
490,11,16,3.24289
490,12,13,3.72876
490,12,17,3.63987
490,13,14,2.61318
490,13,18,6.17745
490,14,19,2.40223
490,15,16,3.93322
490,15,20,3.44946
490,16,17,4.166
490,16,21,5.47711
490,17,18,3.8993
490,17,22,5.39572
490,18,19,5.27481
490,18,23,3.37678
490,19,24,4.46661
490,20,21,2.59823
490,21,22,3.60157
490,22,23,2.57303
490,23,24,3.92478
491,0,1,2.88388
491,0,5,3.00716
491,1,2,3.55727
491,1,6,3.37962
491,2,3,5.90038
491,2,7,5.36615
491,3,4,2.73998
491,3,8,4.56775
491,4,9,4.05445
491,5,6,2.23119
491,5,10,2.1219
491,6,7,3.21038
491,6,11,4.08907
491,7,8,3.66695
491,7,12,1.97332
491,8,9,3.13896
491,8,13,3.77887
491,9,14,3.97587
491,10,11,5.44748
491,10,15,2.49081
491,11,12,5.53543
491,11,16,2.99392
491,12,13,5.05949
491,12,17,4.95653
491,13,14,4.34253
491,13,18,2.06711
491,14,19,4.41612
491,15,16,5.14969
491,15,20,4.78532
491,16,17,5.4708
491,16,21,3.76432
491,17,18,2.75291
491,17,22,5.13162
491,18,19,4.92224
491,18,23,2.05204
491,19,24,4.09238
491,20,21,4.35607
491,21,22,3.94115
491,22,23,3.00313
491,23,24,2.09906
492,0,1,5.66228
492,0,5,2.11823
492,1,2,6.22828
492,1,6,2.51707
492,2,3,4.59447
492,2,7,2.78451
492,3,4,4.80712
492,3,8,5.09146
492,4,9,2.64072
492,5,6,4.93985
492,5,10,3.7376
492,6,7,1.96271
492,6,11,4.52167
492,7,8,4.24658
492,7,12,4.1695
492,8,9,6.34656
492,8,13,4.54206
492,9,14,6.13093
492,10,11,3.38304
492,10,15,2.79276
492,11,12,3.88454
492,11,16,5.00063
492,12,13,3.78449
492,12,17,6.27504
492,13,14,1.88722
492,13,18,3.86949
492,14,19,6.48915
492,15,16,3.12916
492,15,20,5.3424
492,16,17,4.76899
492,16,21,5.54403
492,17,18,5.7045
492,17,22,6.02931
492,18,19,5.65823
492,18,23,4.66274
492,19,24,2.70936
492,20,21,3.5561
492,21,22,4.79418
492,22,23,3.97649
492,23,24,6.55137
493,0,1,2.56292
493,0,5,4.49017
493,1,2,2.83958
493,1,6,6.4315
493,2,3,4.51105
493,2,7,4.31467
493,3,4,2.36968
493,3,8,6.08838
493,4,9,4.84799
493,5,6,2.27532
493,5,10,5.93303
493,6,7,4.14792
493,6,11,2.54554
493,7,8,2.38884
493,7,12,2.4525
493,8,9,4.27657
493,8,13,5.99922
493,9,14,3.22013
493,10,11,6.30286
493,10,15,4.38441
493,11,12,4.54515
493,11,16,6.65627
493,12,13,3.33038
493,12,17,4.91374
493,13,14,5.23264
493,13,18,6.63372
493,14,19,5.2857
493,15,16,5.65328
493,15,20,4.95233
493,16,17,3.41387
493,16,21,1.80508
493,17,18,4.63081
493,17,22,5.98908
493,18,19,5.03678
493,18,23,5.65079
493,19,24,6.1791
493,20,21,3.72949
493,21,22,3.77209
493,22,23,4.6177
493,23,24,3.79824
494,0,1,5.37814
494,0,5,5.70453
494,1,2,3.11132
494,1,6,5.47737
494,2,3,3.6696
494,2,7,5.47823
494,3,4,5.99028
494,3,8,3.50003
494,4,9,4.88351
494,5,6,1.89682
494,5,10,5.9837
494,6,7,5.07806
494,6,11,6.73206
494,7,8,4.54347
494,7,12,1.95647
494,8,9,3.55852
494,8,13,3.18125
494,9,14,4.92045
494,10,11,3.99266
494,10,15,3.47269
494,11,12,2.81093
494,11,16,6.44655
494,12,13,4.38326
494,12,17,3.46332
494,13,14,4.94426
494,13,18,3.79831
494,14,19,2.81036
494,15,16,4.4509
494,15,20,5.87845
494,16,17,6.44622
494,16,21,3.04771
494,17,18,6.06981
494,17,22,6.13567
494,18,19,3.16932
494,18,23,4.77153
494,19,24,2.96639
494,20,21,4.37718
494,21,22,4.70784
494,22,23,6.38028
494,23,24,4.0778
495,0,1,3.03314
495,0,5,4.98631
495,1,2,2.85675
495,1,6,5.42062
495,2,3,3.68034
495,2,7,3.03743
495,3,4,2.30072
495,3,8,2.99558
495,4,9,3.09931
495,5,6,5.17665
495,5,10,2.52801
495,6,7,2.53948
495,6,11,3.16352
495,7,8,2.18082
495,7,12,4.39933
495,8,9,4.51463
495,8,13,6.52392
495,9,14,4.77896
495,10,11,2.86879
495,10,15,5.18645
495,11,12,4.36637
495,11,16,2.34215
495,12,13,5.15853
495,12,17,5.05199
495,13,14,5.64948
495,13,18,5.37301
495,14,19,4.68533
495,15,16,4.98464
495,15,20,4.15822
495,16,17,6.19529
495,16,21,3.92882
495,17,18,4.44963
495,17,22,5.68411
495,18,19,6.54042
495,18,23,5.74662
495,19,24,2.39843
495,20,21,4.27798
495,21,22,3.29041
495,22,23,3.00128
495,23,24,3.93477
496,0,1,7.44514
496,0,5,6.05155
496,1,2,6.82286
496,1,6,5.07239
496,2,3,2.62717
496,2,7,3.88094
496,3,4,4.19028
496,3,8,4.33566
496,4,9,3.00089
496,5,6,3.3621
496,5,10,5.661
496,6,7,5.11548
496,6,11,3.18144
496,7,8,6.59546
496,7,12,6.15078
496,8,9,4.70631
496,8,13,5.07946
496,9,14,5.03799
496,10,11,5.38573
496,10,15,2.32968
496,11,12,4.57208
496,11,16,5.00995
496,12,13,2.12572
496,12,17,6.23248
496,13,14,3.93952
496,13,18,6.23762
496,14,19,3.44311
496,15,16,2.96244
496,15,20,3.20077
496,16,17,2.22131
496,16,21,6.03336
496,17,18,6.72497
496,17,22,6.38562
496,18,19,6.43636
496,18,23,4.92624
496,19,24,4.80474
496,20,21,6.60774
496,21,22,5.77743
496,22,23,4.55262
496,23,24,6.14866
497,0,1,5.15501
497,0,5,3.17145
497,1,2,2.06149
497,1,6,3.78324
497,2,3,3.15322
497,2,7,4.08394
497,3,4,3.4861
497,3,8,3.33883
497,4,9,4.33758
497,5,6,5.80721
497,5,10,3.13699
497,6,7,6.25923
497,6,11,4.33484
497,7,8,1.40632
497,7,12,3.98297
497,8,9,5.21944
497,8,13,3.44087
497,9,14,3.3219
497,10,11,2.69277
497,10,15,2.89372
497,11,12,4.69853
497,11,16,3.19805
497,12,13,4.90358
497,12,17,3.37474
497,13,14,2.55889
497,13,18,3.24313
497,14,19,3.48049
497,15,16,3.57425
497,15,20,2.3775
497,16,17,2.81403
497,16,21,4.08229
497,17,18,3.23994
497,17,22,4.74941
497,18,19,2.63763
497,18,23,5.05704
497,19,24,6.27186
497,20,21,3.30785
497,21,22,4.62975
497,22,23,4.24151
497,23,24,2.55676
498,0,1,1.56012
498,0,5,4.0098
498,1,2,2.69121
498,1,6,1.29763
498,2,3,5.35847
498,2,7,4.03148
498,3,4,6.40398
498,3,8,4.01414
498,4,9,4.9825
498,5,6,3.94072
498,5,10,2.43127
498,6,7,4.71522
498,6,11,2.45509
498,7,8,2.54064
498,7,12,2.33367
498,8,9,2.98683
498,8,13,2.29876
498,9,14,4.46484
498,10,11,1.82321
498,10,15,3.62817
498,11,12,5.19261
498,11,16,2.51805
498,12,13,2.84833
498,12,17,4.4907
498,13,14,4.54652
498,13,18,2.37927
498,14,19,4.39584
498,15,16,2.58261
498,15,20,1.71807
498,16,17,1.88085
498,16,21,2.20397
498,17,18,4.30962
498,17,22,2.78339
498,18,19,2.20378
498,18,23,1.52485
498,19,24,2.98317
498,20,21,2.36272
498,21,22,2.4525
498,22,23,3.11107
498,23,24,3.0148
499,0,1,3.63431
499,0,5,6.2683
499,1,2,2.49579
499,1,6,3.84556
499,2,3,6.2348
499,2,7,4.40344
499,3,4,2.74581
499,3,8,3.59046
499,4,9,2.83652
499,5,6,5.89783
499,5,10,3.9701
499,6,7,2.23552
499,6,11,2.34997
499,7,8,3.79514
499,7,12,2.71148
499,8,9,3.15407
499,8,13,3.5887
499,9,14,3.15993
499,10,11,3.57102
499,10,15,4.42494
499,11,12,3.8863
499,11,16,2.02977
499,12,13,2.99746
499,12,17,4.41565
499,13,14,2.79447
499,13,18,3.18499
499,14,19,2.56158
499,15,16,5.9498
499,15,20,1.93
499,16,17,4.38999
499,16,21,3.12971
499,17,18,3.44687
499,17,22,3.26047
499,18,19,2.56143
499,18,23,4.15264
499,19,24,3.35554
499,20,21,2.39258
499,21,22,3.23418
499,22,23,2.57619
499,23,24,2.73478
500,0,1,4.21736
500,0,5,3.44409
500,1,2,2.41147
500,1,6,2.36558
500,2,3,6.25132
500,2,7,4.97679
500,3,4,4.3781
500,3,8,3.39226
500,4,9,2.89357
500,5,6,2.65677
500,5,10,3.55816
500,6,7,5.16204
500,6,11,3.46962
500,7,8,4.2278
500,7,12,2.75193
500,8,9,4.24195
500,8,13,6.34369
500,9,14,4.88279
500,10,11,5.70636
500,10,15,4.95154
500,11,12,4.21344
500,11,16,1.91562
500,12,13,5.55167
500,12,17,5.36499
500,13,14,4.85503
500,13,18,3.10432
500,14,19,2.0059
500,15,16,3.33537
500,15,20,5.15469
500,16,17,2.43564
500,16,21,3.45972
500,17,18,4.76238
500,17,22,2.22042
500,18,19,4.28392
500,18,23,3.93859
500,19,24,5.29954
500,20,21,4.20767
500,21,22,6.71099
500,22,23,1.95823
500,23,24,4.66444
501,0,1,3.77323
501,0,5,5.77692
501,1,2,2.29066
501,1,6,2.6552
501,2,3,5.88276
501,2,7,6.05467
501,3,4,5.3304
501,3,8,2.02496
501,4,9,2.24795
501,5,6,1.93317
501,5,10,4.79171
501,6,7,5.64068
501,6,11,3.484
501,7,8,4.14211
501,7,12,2.68166
501,8,9,2.17407
501,8,13,3.9992
501,9,14,2.07764
501,10,11,2.89106
501,10,15,5.36278
501,11,12,4.91528
501,11,16,4.09608
501,12,13,2.24304
501,12,17,3.58053
501,13,14,2.71231
501,13,18,6.30867
501,14,19,2.83111
501,15,16,2.26509
501,15,20,2.28324
501,16,17,6.52997
501,16,21,3.90399
501,17,18,3.41707
501,17,22,4.44648
501,18,19,6.36976
501,18,23,3.13679
501,19,24,5.16208
501,20,21,4.69082
501,21,22,3.41668
501,22,23,3.22467
501,23,24,5.59219
502,0,1,3.40075
502,0,5,3.97487
502,1,2,6.61378
502,1,6,3.38714
502,2,3,5.83767
502,2,7,4.95945
502,3,4,4.88659
502,3,8,3.92455
502,4,9,2.28357
502,5,6,6.42771
502,5,10,3.8971
502,6,7,4.4342
502,6,11,1.78256
502,7,8,2.28236
502,7,12,2.97082
502,8,9,4.16334
502,8,13,4.31944
502,9,14,3.14815
502,10,11,4.64392
502,10,15,4.20081
502,11,12,4.75742
502,11,16,4.46768
502,12,13,5.80483
502,12,17,4.24474
502,13,14,3.16875
502,13,18,5.14729
502,14,19,2.08607
502,15,16,5.88365
502,15,20,1.73359
502,16,17,3.98247
502,16,21,4.04001
502,17,18,3.91809
502,17,22,6.18053
502,18,19,4.81571
502,18,23,1.94524
502,19,24,2.06191
502,20,21,3.57218
502,21,22,7.36508
502,22,23,4.00573
502,23,24,5.00413
503,0,1,3.2529
503,0,5,5.73559
503,1,2,2.55371
503,1,6,5.15419
503,2,3,3.23464
503,2,7,4.61564
503,3,4,3.03681
503,3,8,5.80712
503,4,9,2.90841
503,5,6,2.95164
503,5,10,5.23786
503,6,7,2.78829
503,6,11,2.20485
503,7,8,4.17032
503,7,12,4.29166
503,8,9,4.83802
503,8,13,3.08617
503,9,14,4.88836
503,10,11,2.28453
503,10,15,5.1338
503,11,12,7.21776
503,11,16,4.02207
503,12,13,3.6505
503,12,17,2.62179
503,13,14,3.38745
503,13,18,2.86162
503,14,19,3.51399
503,15,16,3.74431
503,15,20,3.46716
503,16,17,3.1792
503,16,21,5.33453
503,17,18,5.09873
503,17,22,2.37948
503,18,19,5.25015
503,18,23,3.58583
503,19,24,2.2163
503,20,21,3.78192
503,21,22,7.12769
503,22,23,4.62232
503,23,24,3.25783
504,0,1,2.80648
504,0,5,4.57868
504,1,2,4.2339
504,1,6,3.00557
504,2,3,3.04458
504,2,7,4.20633
504,3,4,5.31795
504,3,8,4.27947
504,4,9,3.30626
504,5,6,3.8796
504,5,10,2.87398
504,6,7,4.18583
504,6,11,4.05977
504,7,8,2.22426
504,7,12,2.71193
504,8,9,1.95373
504,8,13,4.14648
504,9,14,3.99079
504,10,11,3.43869
504,10,15,4.9535
504,11,12,4.57669
504,11,16,4.13582
504,12,13,5.05066
504,12,17,3.09159
504,13,14,3.8855
504,13,18,2.19255
504,14,19,3.83595
504,15,16,2.13636
504,15,20,2.25767
504,16,17,2.35691
504,16,21,1.9351
504,17,18,2.34934
504,17,22,3.88205
504,18,19,2.36415
504,18,23,3.07582
504,19,24,3.49947
504,20,21,2.83573
504,21,22,5.48278
504,22,23,5.13606
504,23,24,3.31574
505,0,1,1.36082
505,0,5,2.70716
505,1,2,3.27865
505,1,6,3.16345
505,2,3,2.01909
505,2,7,2.37445
505,3,4,3.68242
505,3,8,3.07697
505,4,9,3.06131
505,5,6,3.55587
505,5,10,2.63668
505,6,7,1.75375
505,6,11,2.89901
505,7,8,4.67914
505,7,12,1.96059
505,8,9,2.49825
505,8,13,1.53065
505,9,14,3.56525
505,10,11,3.91511
505,10,15,3.07302
505,11,12,1.70034
505,11,16,3.73114
505,12,13,2.52868
505,12,17,2.35529
505,13,14,3.38617
505,13,18,3.73262
505,14,19,2.61164
505,15,16,3.01609
505,15,20,3.54272
505,16,17,4.41277
505,16,21,2.31622
505,17,18,5.05768
505,17,22,3.15789
505,18,19,4.46735
505,18,23,3.04742
505,19,24,2.73533
505,20,21,2.23535
505,21,22,2.12768
505,22,23,2.57659
505,23,24,2.42953
506,0,1,6.53404
506,0,5,5.8694
506,1,2,7.39241
506,1,6,7.64666
506,2,3,4.84487
506,2,7,3.58525
506,3,4,3.80741
506,3,8,3.67848
506,4,9,6.76214
506,5,6,5.39015
506,5,10,4.98126
506,6,7,3.66492
506,6,11,6.63624
506,7,8,4.82818
506,7,12,2.98091
506,8,9,4.60371
506,8,13,5.88647
506,9,14,6.48171
506,10,11,2.00847
506,10,15,2.3612
506,11,12,2.81769
506,11,16,4.74537
506,12,13,4.16613
506,12,17,5.20377
506,13,14,2.44019
506,13,18,6.51768
506,14,19,5.16085
506,15,16,3.52573
506,15,20,4.82133
506,16,17,4.80839
506,16,21,3.17071
506,17,18,3.08796
506,17,22,7.58565
506,18,19,2.66003
506,18,23,5.58057
506,19,24,5.78337
506,20,21,3.62821
506,21,22,5.27282
506,22,23,2.90046
506,23,24,8.35256
507,0,1,3.50975
507,0,5,2.68917
507,1,2,1.91905
507,1,6,4.87746
507,2,3,1.57821
507,2,7,2.92134
507,3,4,2.77262
507,3,8,3.34532
507,4,9,4.28203
507,5,6,5.48869
507,5,10,4.18412
507,6,7,2.59512
507,6,11,3.24115
507,7,8,3.14622
507,7,12,5.88774
507,8,9,5.19475
507,8,13,1.44791
507,9,14,3.92393
507,10,11,3.1991
507,10,15,4.22149
507,11,12,4.49518
507,11,16,4.84712
507,12,13,3.0031
507,12,17,3.8295
507,13,14,5.54919
507,13,18,4.09492
507,14,19,5.8294
507,15,16,1.9147
507,15,20,6.29712
507,16,17,3.1384
507,16,21,4.08854
507,17,18,3.33659
507,17,22,1.76188
507,18,19,3.11291
507,18,23,5.1205
507,19,24,2.07717
507,20,21,5.1841
507,21,22,2.48936
507,22,23,5.7918
507,23,24,3.23191
508,0,1,4.11436
508,0,5,3.92011
508,1,2,4.77301
508,1,6,2.19888
508,2,3,3.9777
508,2,7,4.50835
508,3,4,3.13565
508,3,8,5.38985
508,4,9,2.11611
508,5,6,4.37025
508,5,10,4.22125
508,6,7,1.7415
508,6,11,4.45476
508,7,8,4.14141
508,7,12,4.9362
508,8,9,4.61225
508,8,13,4.9983
508,9,14,4.04277
508,10,11,4.31785
508,10,15,2.65044
508,11,12,2.28401
508,11,16,2.53714
508,12,13,1.91337
508,12,17,2.83565
508,13,14,1.88991
508,13,18,4.56673
508,14,19,4.94956
508,15,16,3.74522
508,15,20,4.71792
508,16,17,2.08566
508,16,21,5.81811
508,17,18,2.13404
508,17,22,2.14183
508,18,19,4.30567
508,18,23,4.95343
508,19,24,4.03048
508,20,21,2.04577
508,21,22,2.17929
508,22,23,4.89181
508,23,24,3.11315
509,0,1,2.81384
509,0,5,4.67417
509,1,2,3.57739
509,1,6,2.85512
509,2,3,4.5386
509,2,7,4.03856
509,3,4,3.24494
509,3,8,3.95588
509,4,9,2.70222
509,5,6,4.20652
509,5,10,2.07434
509,6,7,3.33194
509,6,11,3.93317
509,7,8,3.24094
509,7,12,4.06756
509,8,9,2.38893
509,8,13,3.67474
509,9,14,4.33555
509,10,11,2.45378
509,10,15,5.23075
509,11,12,5.58317
509,11,16,2.97168
509,12,13,4.3265
509,12,17,3.41916
509,13,14,4.29456
509,13,18,3.95958
509,14,19,2.6176
509,15,16,3.94291
509,15,20,2.43156
509,16,17,4.92428
509,16,21,4.87766
509,17,18,3.58374
509,17,22,4.58637
509,18,19,2.38253
509,18,23,4.21083
509,19,24,4.0795
509,20,21,2.40493
509,21,22,4.1439
509,22,23,6.05783
509,23,24,2.23846
510,0,1,3.40894
510,0,5,4.60418
510,1,2,4.55047
510,1,6,5.65099
510,2,3,3.92902
510,2,7,5.52062
510,3,4,4.53782
510,3,8,2.57496
510,4,9,2.51221
510,5,6,5.00976
510,5,10,2.74117
510,6,7,5.54987
510,6,11,5.70178
510,7,8,7.06396
510,7,12,5.24497
510,8,9,5.57102
510,8,13,4.63697
510,9,14,4.16682
510,10,11,3.13941
510,10,15,3.33484
510,11,12,6.68363
510,11,16,2.96666
510,12,13,6.43621
510,12,17,6.2291
510,13,14,5.80691
510,13,18,4.34141
510,14,19,4.83332
510,15,16,6.36128
510,15,20,4.18909
510,16,17,4.89698
510,16,21,5.81352
510,17,18,3.65937
510,17,22,6.0966
510,18,19,2.93035
510,18,23,2.40985
510,19,24,6.77374
510,20,21,4.12496
510,21,22,2.5839
510,22,23,2.7601
510,23,24,4.39735
511,0,1,6.8902
511,0,5,2.71887
511,1,2,3.22132
511,1,6,3.60568
511,2,3,7.68407
511,2,7,1.98054
511,3,4,4.54516
511,3,8,2.13204
511,4,9,4.9265
511,5,6,6.07987
511,5,10,3.65205
511,6,7,5.34904
511,6,11,4.00748
511,7,8,6.73383
511,7,12,3.52037
511,8,9,2.78313
511,8,13,6.9577
511,9,14,3.06317
511,10,11,4.56263
511,10,15,2.99548
511,11,12,5.40452
511,11,16,4.01894
511,12,13,4.99003
511,12,17,7.25344
511,13,14,5.54388
511,13,18,5.12407
511,14,19,2.0671
511,15,16,5.44702
511,15,20,3.32018
511,16,17,5.02304
511,16,21,5.5213
511,17,18,2.50981
511,17,22,3.11867
511,18,19,6.64762
511,18,23,3.14582
511,19,24,7.21344
511,20,21,2.43523
511,21,22,4.51019
511,22,23,2.17417
511,23,24,3.08051
512,0,1,2.48485
512,0,5,3.13645
512,1,2,4.66707
512,1,6,3.5283
512,2,3,3.76611
512,2,7,1.82806
512,3,4,3.3108
512,3,8,3.86783
512,4,9,4.95566
512,5,6,4.14624
512,5,10,2.84666
512,6,7,2.17878
512,6,11,4.46562
512,7,8,2.81581
512,7,12,4.31203
512,8,9,4.65714
512,8,13,3.46249
512,9,14,4.03629
512,10,11,1.86765
512,10,15,3.94036
512,11,12,4.35331
512,11,16,2.53241
512,12,13,2.58854
512,12,17,2.79192
512,13,14,3.51859
512,13,18,3.92108
512,14,19,6.31
512,15,16,1.55511
512,15,20,2.56449
512,16,17,2.0387
512,16,21,2.91622
512,17,18,3.27698
512,17,22,1.65509
512,18,19,3.40338
512,18,23,5.29016
512,19,24,1.8586
512,20,21,6.41944
512,21,22,2.78513
512,22,23,1.69967
512,23,24,4.8751
513,0,1,3.36226
513,0,5,4.03767
513,1,2,4.20638
513,1,6,2.53185
513,2,3,2.87909
513,2,7,2.98953
513,3,4,5.87065
513,3,8,2.02083
513,4,9,3.62219
513,5,6,4.30541
513,5,10,5.12596
513,6,7,2.70397
513,6,11,6.2887
513,7,8,5.73485
513,7,12,5.95662
513,8,9,3.57824
513,8,13,5.37118
513,9,14,2.87536
513,10,11,5.02718
513,10,15,3.79428
513,11,12,3.87775
513,11,16,3.85983
513,12,13,5.67356
513,12,17,2.9788
513,13,14,2.70653
513,13,18,3.19343
513,14,19,3.58146
513,15,16,4.4888
513,15,20,5.58703
513,16,17,6.11736
513,16,21,2.1537
513,17,18,5.33918
513,17,22,3.8215
513,18,19,2.59979
513,18,23,5.32816
513,19,24,4.88168
513,20,21,2.21037
513,21,22,2.31654
513,22,23,3.12688
513,23,24,2.26767
514,0,1,2.7135
514,0,5,3.03035
514,1,2,4.70835
514,1,6,3.65288
514,2,3,2.50739
514,2,7,6.58283
514,3,4,4.22726
514,3,8,3.41701
514,4,9,4.26902
514,5,6,6.21404
514,5,10,2.3867
514,6,7,2.33857
514,6,11,5.48454
514,7,8,3.5185
514,7,12,4.44962
514,8,9,5.73479
514,8,13,2.95676
514,9,14,3.69409
514,10,11,3.22168
514,10,15,3.42319
514,11,12,4.25707
514,11,16,6.50922
514,12,13,5.55723
514,12,17,3.82471
514,13,14,4.19049
514,13,18,2.37748
514,14,19,3.50268
514,15,16,2.07859
514,15,20,5.18776
514,16,17,4.67501
514,16,21,4.8939
514,17,18,2.77003
514,17,22,2.2819
514,18,19,4.40989
514,18,23,2.36629
514,19,24,5.64409
514,20,21,3.79368
514,21,22,3.84144
514,22,23,6.06212
514,23,24,4.19552
515,0,1,3.40322
515,0,5,3.75256
515,1,2,3.97265
515,1,6,3.27893
515,2,3,4.26421
515,2,7,5.16309
515,3,4,2.61781
515,3,8,2.7434
515,4,9,2.54176
515,5,6,3.79827
515,5,10,2.01512
515,6,7,2.41468
515,6,11,2.8852
515,7,8,3.26626
515,7,12,2.06468
515,8,9,4.62962
515,8,13,1.80545
515,9,14,4.94062
515,10,11,2.02176
515,10,15,2.68641
515,11,12,4.05895
515,11,16,4.01123
515,12,13,3.10482
515,12,17,2.16439
515,13,14,4.20806
515,13,18,3.44603
515,14,19,2.4315
515,15,16,2.31009
515,15,20,4.29918
515,16,17,2.94869
515,16,21,2.91878
515,17,18,2.42972
515,17,22,3.5176
515,18,19,3.22437
515,18,23,3.61827
515,19,24,4.3616
515,20,21,5.31238
515,21,22,3.26564
515,22,23,2.81366
515,23,24,4.23328
516,0,1,3.99405
516,0,5,5.94664
516,1,2,5.65639
516,1,6,4.1406
516,2,3,3.26985
516,2,7,4.60209
516,3,4,5.4259
516,3,8,2.33956
516,4,9,5.61671
516,5,6,1.93409
516,5,10,3.67822
516,6,7,4.16997
516,6,11,2.52696
516,7,8,4.23351
516,7,12,3.37173
516,8,9,4.23508
516,8,13,2.74034
516,9,14,2.13576
516,10,11,3.72852
516,10,15,4.24382
516,11,12,2.50575
516,11,16,4.0635
516,12,13,2.47845
516,12,17,3.33887
516,13,14,3.44965
516,13,18,5.42167
516,14,19,1.90472
516,15,16,4.63586
516,15,20,2.92675
516,16,17,4.63526
516,16,21,5.04993
516,17,18,1.96498
516,17,22,2.01343
516,18,19,6.21453
516,18,23,3.80117
516,19,24,2.22578
516,20,21,5.22726
516,21,22,5.68815
516,22,23,1.80392
516,23,24,3.714
517,0,1,5.13585
517,0,5,6.02043
517,1,2,4.22985
517,1,6,3.13604
517,2,3,5.58803
517,2,7,2.41873
517,3,4,6.90231
517,3,8,4.55985
517,4,9,4.90142
517,5,6,2.20256
517,5,10,2.2136
517,6,7,5.644
517,6,11,2.72555
517,7,8,6.96422
517,7,12,4.75153
517,8,9,5.69371
517,8,13,4.12129
517,9,14,4.68012
517,10,11,5.3024
517,10,15,3.54713
517,11,12,6.37415
517,11,16,7.35352
517,12,13,4.8774
517,12,17,2.82745
517,13,14,2.6943
517,13,18,6.38707
517,14,19,2.83439
517,15,16,6.33886
517,15,20,2.73102
517,16,17,4.33074
517,16,21,3.50984
517,17,18,2.07544
517,17,22,5.90166
517,18,19,3.8474
517,18,23,5.24767
517,19,24,2.88439
517,20,21,2.98243
517,21,22,4.74546
517,22,23,2.66665
517,23,24,3.75126
518,0,1,1.81897
518,0,5,2.07221
518,1,2,4.63481
518,1,6,2.54259
518,2,3,5.60461
518,2,7,4.13787
518,3,4,4.8511
518,3,8,3.92425
518,4,9,3.48665
518,5,6,5.11141
518,5,10,1.23988
518,6,7,3.75169
518,6,11,3.01982
518,7,8,2.97859
518,7,12,7.04372
518,8,9,4.97833
518,8,13,5.19378
518,9,14,6.18202
518,10,11,3.92646
518,10,15,2.78537
518,11,12,2.59151
518,11,16,2.47444
518,12,13,3.18232
518,12,17,4.75378
518,13,14,4.88349
518,13,18,1.24877
518,14,19,1.89982
518,15,16,5.0483
518,15,20,2.63869
518,16,17,4.43664
518,16,21,5.04121
518,17,18,2.53985
518,17,22,3.61767
518,18,19,3.44078
518,18,23,3.51871
518,19,24,1.77196
518,20,21,2.55768
518,21,22,2.40891
518,22,23,4.83902
518,23,24,3.39745
519,0,1,2.05682
519,0,5,3.11083
519,1,2,4.86424
519,1,6,2.0193
519,2,3,4.67936
519,2,7,2.79681
519,3,4,2.77844
519,3,8,4.04675
519,4,9,2.41658
519,5,6,2.32956
519,5,10,3.82285
519,6,7,5.13429
519,6,11,5.10116
519,7,8,3.85507
519,7,12,5.09658
519,8,9,2.81979
519,8,13,4.7672
519,9,14,6.00892
519,10,11,2.00393
519,10,15,4.79889
519,11,12,3.8628
519,11,16,5.37353
519,12,13,4.62028
519,12,17,3.85682
519,13,14,5.55981
519,13,18,3.67083
519,14,19,4.50866
519,15,16,3.36698
519,15,20,2.45103
519,16,17,3.8411
519,16,21,5.10563
519,17,18,4.13267
519,17,22,4.08708
519,18,19,4.4797
519,18,23,2.28476
519,19,24,4.43952
519,20,21,3.1902
519,21,22,2.6293
519,22,23,4.13391
519,23,24,1.93945
520,0,1,4.6315
520,0,5,2.02336
520,1,2,2.87662
520,1,6,4.47418
520,2,3,2.72245
520,2,7,3.36402
520,3,4,2.37105
520,3,8,4.01123
520,4,9,3.61645
520,5,6,1.98108
520,5,10,4.62246
520,6,7,2.85106
520,6,11,4.49737
520,7,8,4.13784
520,7,12,4.7765
520,8,9,3.99062
520,8,13,4.85204
520,9,14,1.98509
520,10,11,2.81688
520,10,15,4.45329
520,11,12,1.73403
520,11,16,1.78827
520,12,13,4.43995
520,12,17,4.43464
520,13,14,3.3157
520,13,18,2.51568
520,14,19,2.40467
520,15,16,3.47326
520,15,20,4.36842
520,16,17,2.43991
520,16,21,1.85449
520,17,18,4.85637
520,17,22,3.99809
520,18,19,4.09231
520,18,23,2.98803
520,19,24,1.81044
520,20,21,3.47164
520,21,22,3.85341
520,22,23,5.19478
520,23,24,4.02059
521,0,1,6.00534
521,0,5,4.45923
521,1,2,4.17876
521,1,6,6.9351
521,2,3,5.00858
521,2,7,3.25316
521,3,4,2.83718
521,3,8,2.2271
521,4,9,2.56035
521,5,6,3.67483
521,5,10,5.87227
521,6,7,4.49765
521,6,11,5.72376
521,7,8,6.0701
521,7,12,5.69708
521,8,9,3.6802
521,8,13,3.84426
521,9,14,3.54621
521,10,11,4.38083
521,10,15,6.94774
521,11,12,4.17651
521,11,16,2.73756
521,12,13,3.37972
521,12,17,4.32867
521,13,14,4.82427
521,13,18,4.06916
521,14,19,3.84824
521,15,16,6.27242
521,15,20,5.89453
521,16,17,5.10671
521,16,21,5.53732
521,17,18,2.11805
521,17,22,7.02618
521,18,19,5.04074
521,18,23,2.65623
521,19,24,6.39862
521,20,21,2.06452
521,21,22,5.97212
521,22,23,6.02591
521,23,24,5.78736
522,0,1,2.37519
522,0,5,3.74921
522,1,2,3.48074
522,1,6,4.17026
522,2,3,3.515
522,2,7,3.50612
522,3,4,2.54809
522,3,8,5.40804
522,4,9,2.85176
522,5,6,5.43782
522,5,10,2.10081
522,6,7,5.07885
522,6,11,3.05873
522,7,8,1.71907
522,7,12,3.73602
522,8,9,3.70934
522,8,13,2.13057
522,9,14,4.40787
522,10,11,5.10342
522,10,15,4.70516
522,11,12,4.22612
522,11,16,2.21802
522,12,13,4.34736
522,12,17,2.55646
522,13,14,4.5733
522,13,18,3.48564
522,14,19,4.26188
522,15,16,3.34737
522,15,20,3.4065
522,16,17,2.22432
522,16,21,2.9092
522,17,18,2.20816
522,17,22,1.32493
522,18,19,3.246
522,18,23,3.05774
522,19,24,4.70729
522,20,21,5.09346
522,21,22,1.88149
522,22,23,4.79614
522,23,24,2.05287
523,0,1,4.00048
523,0,5,4.14472
523,1,2,4.17206
523,1,6,3.57232
523,2,3,3.48415
523,2,7,3.48054
523,3,4,4.11176
523,3,8,3.92522
523,4,9,3.96507
523,5,6,4.1927
523,5,10,2.74348
523,6,7,2.16238
523,6,11,2.59961
523,7,8,3.58111
523,7,12,3.01225
523,8,9,4.32716
523,8,13,4.42821
523,9,14,3.53892
523,10,11,3.3486
523,10,15,1.93242
523,11,12,1.95407
523,11,16,2.67088
523,12,13,1.80198
523,12,17,2.55378
523,13,14,4.57166
523,13,18,3.75121
523,14,19,4.2617
523,15,16,2.03119
523,15,20,2.02198
523,16,17,2.28388
523,16,21,5.03483
523,17,18,5.84194
523,17,22,2.58001
523,18,19,4.69002
523,18,23,4.19046
523,19,24,3.00624
523,20,21,5.59765
523,21,22,4.0627
523,22,23,5.16329
523,23,24,4.15798
524,0,1,3.35725
524,0,5,3.74991
524,1,2,2.64071
524,1,6,3.1542
524,2,3,5.46347
524,2,7,6.34225
524,3,4,4.45807
524,3,8,2.79682
524,4,9,3.94906
524,5,6,4.53192
524,5,10,2.34708
524,6,7,8.25201
524,6,11,4.77747
524,7,8,3.20382
524,7,12,4.16859
524,8,9,6.06767
524,8,13,8.1809
524,9,14,2.00523
524,10,11,3.13289
524,10,15,5.58483
524,11,12,3.11475
524,11,16,4.73649
524,12,13,3.3992
524,12,17,4.82912
524,13,14,4.15823
524,13,18,7.8561
524,14,19,2.05138
524,15,16,6.87175
524,15,20,4.88486
524,16,17,5.1031
524,16,21,6.14154
524,17,18,3.50567
524,17,22,7.47012
524,18,19,5.1879
524,18,23,4.08821
524,19,24,4.26423
524,20,21,2.85486
524,21,22,7.19675
524,22,23,6.5167
524,23,24,4.34303
525,0,1,5.1721
525,0,5,2.37381
525,1,2,3.47954
525,1,6,5.15255
525,2,3,2.32769
525,2,7,2.39451
525,3,4,4.52319
525,3,8,5.01493
525,4,9,6.93696
525,5,6,4.7205
525,5,10,4.83921
525,6,7,4.16632
525,6,11,6.05632
525,7,8,2.31662
525,7,12,3.99624
525,8,9,5.5468
525,8,13,3.66773
525,9,14,2.48398
525,10,11,4.43275
525,10,15,2.79968
525,11,12,3.73871
525,11,16,3.97259
525,12,13,3.5916
525,12,17,2.9308
525,13,14,3.14944
525,13,18,5.23313
525,14,19,2.37027
525,15,16,3.84115
525,15,20,4.89188
525,16,17,3.36344
525,16,21,4.12405
525,17,18,5.70596
525,17,22,2.61459
525,18,19,2.60758
525,18,23,6.19241
525,19,24,3.82112
525,20,21,4.62068
525,21,22,3.69843
525,22,23,5.68847
525,23,24,6.21629
526,0,1,5.91249
526,0,5,3.45341
526,1,2,2.63309
526,1,6,2.58119
526,2,3,4.6129
526,2,7,4.25318
526,3,4,4.92186
526,3,8,5.08734
526,4,9,5.03715
526,5,6,2.19476
526,5,10,3.74643
526,6,7,3.18512
526,6,11,2.67255
526,7,8,2.39981
526,7,12,5.04907
526,8,9,5.51408
526,8,13,5.29405
526,9,14,5.46069
526,10,11,3.63096
526,10,15,2.68415
526,11,12,4.00609
526,11,16,5.29306
526,12,13,3.99674
526,12,17,3.56892
526,13,14,3.07174
526,13,18,3.10287
526,14,19,2.5463
526,15,16,4.65262
526,15,20,5.3005
526,16,17,3.79627
526,16,21,5.39528
526,17,18,4.40102
526,17,22,2.95331
526,18,19,3.16119
526,18,23,3.67549
526,19,24,3.04766
526,20,21,4.24693
526,21,22,2.8276
526,22,23,2.35401
526,23,24,2.60969
527,0,1,2.94514
527,0,5,2.10621
527,1,2,1.65524
527,1,6,4.34122
527,2,3,2.96664
527,2,7,2.50326
527,3,4,2.04281
527,3,8,4.31691
527,4,9,3.34119
527,5,6,5.69124
527,5,10,2.34935
527,6,7,2.26702
527,6,11,2.43556
527,7,8,2.65091
527,7,12,4.15298
527,8,9,2.10151
527,8,13,4.09218
527,9,14,5.90041
527,10,11,2.15038
527,10,15,3.56327
527,11,12,4.10831
527,11,16,2.20611
527,12,13,4.76618
527,12,17,5.02981
527,13,14,2.6802
527,13,18,2.0615
527,14,19,1.96682
527,15,16,2.82907
527,15,20,3.7119
527,16,17,1.94011
527,16,21,3.76101
527,17,18,3.22022
527,17,22,3.93907
527,18,19,3.25889
527,18,23,4.96502
527,19,24,3.34386
527,20,21,3.1532
527,21,22,4.15312
527,22,23,4.68285
527,23,24,3.02611
528,0,1,3.47545
528,0,5,4.43303
528,1,2,4.55272
528,1,6,2.85633
528,2,3,4.07067
528,2,7,4.45402
528,3,4,2.86409
528,3,8,5.50649
528,4,9,3.1281
528,5,6,1.87709
528,5,10,4.60679
528,6,7,6.13363
528,6,11,3.60777
528,7,8,3.25951
528,7,12,4.5412
528,8,9,1.95257
528,8,13,2.78154
528,9,14,3.12929
528,10,11,2.34565
528,10,15,2.95962
528,11,12,4.61637
528,11,16,2.35446
528,12,13,4.00437
528,12,17,1.98254
528,13,14,1.78322
528,13,18,3.26313
528,14,19,3.43902
528,15,16,3.90924
528,15,20,4.62541
528,16,17,6.08447
528,16,21,4.93168
528,17,18,2.93597
528,17,22,4.05412
528,18,19,4.63844
528,18,23,2.9194
528,19,24,4.93304
528,20,21,5.40423
528,21,22,2.32005
528,22,23,2.65543
528,23,24,2.38841
529,0,1,1.65172
529,0,5,4.62654
529,1,2,2.92396
529,1,6,3.08914
529,2,3,3.69228
529,2,7,4.73945
529,3,4,2.64693
529,3,8,3.78883
529,4,9,2.21713
529,5,6,4.00249
529,5,10,4.59402
529,6,7,1.75555
529,6,11,1.99475
529,7,8,3.53587
529,7,12,2.00766
529,8,9,1.40662
529,8,13,3.15297
529,9,14,5.0656
529,10,11,3.85581
529,10,15,1.88203
529,11,12,2.61186
529,11,16,2.23415
529,12,13,2.54733
529,12,17,2.81183
529,13,14,4.04117
529,13,18,3.15946
529,14,19,5.11293
529,15,16,2.76075
529,15,20,1.88789
529,16,17,3.80766
529,16,21,1.64651
529,17,18,1.86376
529,17,22,2.45334
529,18,19,2.77556
529,18,23,3.71975
529,19,24,3.03124
529,20,21,3.60475
529,21,22,3.42989
529,22,23,3.80681
529,23,24,2.77161
530,0,1,4.89712
530,0,5,5.57057
530,1,2,3.21403
530,1,6,2.28416
530,2,3,2.34623
530,2,7,3.26838
530,3,4,4.82401
530,3,8,5.37824
530,4,9,5.98747
530,5,6,3.92636
530,5,10,4.98226
530,6,7,3.00324
530,6,11,2.50201
530,7,8,6.71792
530,7,12,5.11074
530,8,9,4.07852
530,8,13,4.27257
530,9,14,2.67595
530,10,11,4.39087
530,10,15,5.2501
530,11,12,3.02838
530,11,16,5.29476
530,12,13,2.53061
530,12,17,2.6198
530,13,14,5.78974
530,13,18,2.08459
530,14,19,3.96183
530,15,16,4.52804
530,15,20,4.43196
530,16,17,3.02722
530,16,21,3.80041
530,17,18,3.92087
530,17,22,4.60887
530,18,19,2.46262
530,18,23,5.26112
530,19,24,1.85708
530,20,21,3.54381
530,21,22,1.74206
530,22,23,3.19116
530,23,24,6.12637
531,0,1,3.31471
531,0,5,5.19721
531,1,2,2.64597
531,1,6,3.11878
531,2,3,5.86278
531,2,7,3.95061
531,3,4,3.82519
531,3,8,4.63387
531,4,9,4.17023
531,5,6,4.47428
531,5,10,2.38974
531,6,7,2.55425
531,6,11,2.55397
531,7,8,4.10249
531,7,12,4.13731
531,8,9,3.22128
531,8,13,4.85687
531,9,14,3.93064
531,10,11,1.97896
531,10,15,5.00452
531,11,12,4.11758
531,11,16,5.66027
531,12,13,5.43154
531,12,17,4.72242
531,13,14,5.8207
531,13,18,1.79354
531,14,19,3.46872
531,15,16,4.46766
531,15,20,4.83469
531,16,17,1.79875
531,16,21,5.20957
531,17,18,3.22165
531,17,22,2.74398
531,18,19,4.63007
531,18,23,3.67929
531,19,24,3.84282
531,20,21,4.17241
531,21,22,3.84282
531,22,23,4.91082
531,23,24,3.2628
532,0,1,6.84693
532,0,5,4.32586
532,1,2,5.29263
532,1,6,5.88126
532,2,3,5.82705
532,2,7,5.10785
532,3,4,3.05579
532,3,8,3.61555
532,4,9,2.4255
532,5,6,4.95828
532,5,10,3.50092
532,6,7,5.30975
532,6,11,3.97806
532,7,8,4.53439
532,7,12,6.00256
532,8,9,3.29724
532,8,13,4.63681
532,9,14,2.38548
532,10,11,4.39879
532,10,15,3.14661
532,11,12,4.07616
532,11,16,3.1172
532,12,13,4.02479
532,12,17,3.81579
532,13,14,2.1627
532,13,18,4.01344
532,14,19,4.52822
532,15,16,3.20989
532,15,20,3.98461
532,16,17,4.00111
532,16,21,3.97547
532,17,18,5.66182
532,17,22,5.46595
532,18,19,4.12169
532,18,23,5.58565
532,19,24,2.52671
532,20,21,6.05877
532,21,22,4.62683
532,22,23,2.32485
532,23,24,4.59439
533,0,1,5.44643
533,0,5,2.4279
533,1,2,5.23889
533,1,6,3.50493
533,2,3,6.00056
533,2,7,3.32138
533,3,4,2.5311
533,3,8,4.07048
533,4,9,4.34064
533,5,6,1.9647
533,5,10,2.76285
533,6,7,5.19411
533,6,11,3.70576
533,7,8,5.5967
533,7,12,2.99062
533,8,9,3.60426
533,8,13,2.7437
533,9,14,4.47728
533,10,11,2.56198
533,10,15,2.59534
533,11,12,5.38129
533,11,16,3.31156
533,12,13,3.51279
533,12,17,3.71674
533,13,14,1.27969
533,13,18,4.53969
533,14,19,2.88669
533,15,16,2.76018
533,15,20,1.98518
533,16,17,4.06163
533,16,21,4.28135
533,17,18,5.18583
533,17,22,4.50447
533,18,19,6.33089
533,18,23,3.09288
533,19,24,3.43405
533,20,21,4.75804
533,21,22,3.71
533,22,23,1.5171
533,23,24,3.39349
534,0,1,5.6936
534,0,5,5.51974
534,1,2,5.20718
534,1,6,6.10639
534,2,3,6.27957
534,2,7,5.79461
534,3,4,4.51141
534,3,8,6.25211
534,4,9,3.48591
534,5,6,5.81164
534,5,10,3.28702
534,6,7,4.58611
534,6,11,2.6327
534,7,8,5.80306
534,7,12,3.84916
534,8,9,3.1375
534,8,13,2.24116
534,9,14,6.33084
534,10,11,3.11508
534,10,15,4.01342
534,11,12,5.81701
534,11,16,3.29891
534,12,13,4.54652
534,12,17,5.41615
534,13,14,4.00325
534,13,18,4.86331
534,14,19,3.00261
534,15,16,2.96733
534,15,20,4.59405
534,16,17,3.51457
534,16,21,4.57867
534,17,18,6.0232
534,17,22,5.58354
534,18,19,6.07292
534,18,23,7.07974
534,19,24,2.83811
534,20,21,3.23591
534,21,22,2.91528
534,22,23,4.68736
534,23,24,5.78799
535,0,1,6.20296
535,0,5,5.59984
535,1,2,4.05512
535,1,6,5.53588
535,2,3,5.47372
535,2,7,3.01559
535,3,4,2.69753
535,3,8,2.06886
535,4,9,5.19679
535,5,6,3.39213
535,5,10,3.75747
535,6,7,2.84521
535,6,11,3.15991
535,7,8,4.09939
535,7,12,2.88764
535,8,9,5.89385
535,8,13,6.66759
535,9,14,3.2041
535,10,11,4.75446
535,10,15,3.25508
535,11,12,3.23323
535,11,16,3.14951
535,12,13,4.82317
535,12,17,3.28111
535,13,14,5.3066
535,13,18,5.67779
535,14,19,4.51195
535,15,16,6.62144
535,15,20,4.98031
535,16,17,4.58444
535,16,21,2.33026
535,17,18,2.65305
535,17,22,7.84704
535,18,19,6.03125
535,18,23,6.70527
535,19,24,4.93201
535,20,21,4.08149
535,21,22,2.16987
535,22,23,3.11286
535,23,24,4.51448
536,0,1,2.68836
536,0,5,3.25411
536,1,2,3.70987
536,1,6,2.99187
536,2,3,5.21781
536,2,7,3.04044
536,3,4,5.56481
536,3,8,4.59745
536,4,9,5.10954
536,5,6,3.25404
536,5,10,4.48756
536,6,7,4.28855
536,6,11,4.37984
536,7,8,4.90581
536,7,12,5.29477
536,8,9,2.21926
536,8,13,4.13921
536,9,14,3.01384
536,10,11,3.49298
536,10,15,2.78729
536,11,12,6.31459
536,11,16,2.78572
536,12,13,4.37546
536,12,17,6.63847
536,13,14,2.64945
536,13,18,4.93165
536,14,19,5.81901
536,15,16,3.1459
536,15,20,3.12969
536,16,17,3.25853
536,16,21,4.07504
536,17,18,2.5972
536,17,22,4.7732
536,18,19,4.87316
536,18,23,3.20278
536,19,24,4.89724
536,20,21,3.2122
536,21,22,4.12535
536,22,23,3.12598
536,23,24,5.49891
537,0,1,2.19261
537,0,5,2.4661
537,1,2,5.26194
537,1,6,2.6918
537,2,3,4.68425
537,2,7,2.30696
537,3,4,1.96541
537,3,8,3.7269
537,4,9,5.55842
537,5,6,3.32698
537,5,10,2.60662
537,6,7,3.74121
537,6,11,5.12507
537,7,8,5.40955
537,7,12,5.57838
537,8,9,6.2529
537,8,13,3.94234
537,9,14,5.28604
537,10,11,4.87655
537,10,15,3.00973
537,11,12,3.13662
537,11,16,5.15885
537,12,13,3.59589
537,12,17,4.01033
537,13,14,6.68196
537,13,18,4.13524
537,14,19,5.4367
537,15,16,4.51994
537,15,20,5.70791
537,16,17,2.14556
537,16,21,1.89949
537,17,18,5.59052
537,17,22,4.39816
537,18,19,5.08074
537,18,23,5.23974
537,19,24,5.10736
537,20,21,2.23412
537,21,22,3.52275
537,22,23,4.29245
537,23,24,3.39839
538,0,1,2.49674
538,0,5,5.81983
538,1,2,4.09395
538,1,6,2.43236
538,2,3,3.19474
538,2,7,6.25876
538,3,4,2.71921
538,3,8,2.88039
538,4,9,4.77136
538,5,6,4.13155
538,5,10,4.25966
538,6,7,6.57215
538,6,11,2.91334
538,7,8,5.24677
538,7,12,4.79244
538,8,9,2.51043
538,8,13,4.89022
538,9,14,3.2818
538,10,11,5.13357
538,10,15,2.96434
538,11,12,5.61045
538,11,16,2.88875
538,12,13,4.20428
538,12,17,6.30017
538,13,14,5.79124
538,13,18,5.4182
538,14,19,4.92068
538,15,16,2.34712
538,15,20,2.47438
538,16,17,6.9636
538,16,21,5.62212
538,17,18,2.62251
538,17,22,4.39923
538,18,19,5.65043
538,18,23,1.86661
538,19,24,3.49154
538,20,21,3.6232
538,21,22,4.67612
538,22,23,2.62379
538,23,24,2.24638
539,0,1,6.03786
539,0,5,4.70453
539,1,2,4.33308
539,1,6,2.80808
539,2,3,5.68755
539,2,7,4.363
539,3,4,6.76955
539,3,8,6.2273
539,4,9,5.9257
539,5,6,5.86051
539,5,10,3.12545
539,6,7,6.03291
539,6,11,5.49162
539,7,8,3.31973
539,7,12,5.17212
539,8,9,4.42348
539,8,13,3.29941
539,9,14,3.17759
539,10,11,3.54784
539,10,15,3.00707
539,11,12,6.90772
539,11,16,2.59775
539,12,13,7.24402
539,12,17,4.01808
539,13,14,3.58877
539,13,18,2.28311
539,14,19,3.35231
539,15,16,6.1094
539,15,20,4.53356
539,16,17,4.6514
539,16,21,5.62383
539,17,18,2.73878
539,17,22,5.73848
539,18,19,3.31098
539,18,23,4.9654
539,19,24,5.55465
539,20,21,5.61688
539,21,22,7.04247
539,22,23,2.39284
539,23,24,6.68856
540,0,1,6.07656
540,0,5,4.10983
540,1,2,5.25859
540,1,6,3.6682
540,2,3,3.39166
540,2,7,5.31647
540,3,4,4.36649
540,3,8,4.44249
540,4,9,3.21237
540,5,6,1.90869
540,5,10,4.90733
540,6,7,2.95482
540,6,11,2.51355
540,7,8,3.19271
540,7,12,4.6622
540,8,9,5.32556
540,8,13,4.56649
540,9,14,4.27091
540,10,11,5.52106
540,10,15,3.91873
540,11,12,5.30194
540,11,16,2.13694
540,12,13,4.26112
540,12,17,2.28233
540,13,14,3.2654
540,13,18,2.91529
540,14,19,4.58951
540,15,16,2.44935
540,15,20,3.92088
540,16,17,4.24511
540,16,21,4.47378
540,17,18,5.91971
540,17,22,5.58156
540,18,19,2.38226
540,18,23,2.15412
540,19,24,3.25712
540,20,21,5.92307
540,21,22,3.78486
540,22,23,3.02482
540,23,24,5.86397
541,0,1,2.5491
541,0,5,4.73164
541,1,2,4.25699
541,1,6,6.32801
541,2,3,4.99676
541,2,7,2.48239
541,3,4,2.05849
541,3,8,5.15824
541,4,9,5.23959
541,5,6,3.94596
541,5,10,2.9049
541,6,7,2.25115
541,6,11,2.42491
541,7,8,2.19832
541,7,12,3.43783
541,8,9,5.53433
541,8,13,1.76052
541,9,14,4.73935
541,10,11,2.1973
541,10,15,3.26868
541,11,12,5.2618
541,11,16,4.97077
541,12,13,2.04397
541,12,17,4.23278
541,13,14,3.75017
541,13,18,3.47267
541,14,19,4.93926
541,15,16,2.29073
541,15,20,5.3275
541,16,17,2.20537
541,16,21,2.80132
541,17,18,2.92568
541,17,22,2.46137
541,18,19,5.59819
541,18,23,5.15886
541,19,24,1.90697
541,20,21,3.09951
541,21,22,4.06263
541,22,23,4.48358
541,23,24,2.3594
542,0,1,3.66551
542,0,5,5.06186
542,1,2,5.83997
542,1,6,2.6123
542,2,3,5.10729
542,2,7,4.51596
542,3,4,3.59188
542,3,8,5.28064
542,4,9,5.24192
542,5,6,4.9325
542,5,10,6.7468
542,6,7,4.03211
542,6,11,4.67959
542,7,8,5.08306
542,7,12,3.29414
542,8,9,2.83506
542,8,13,5.06105
542,9,14,3.67927
542,10,11,2.18866
542,10,15,4.36276
542,11,12,1.98055
542,11,16,3.14894
542,12,13,4.48398
542,12,17,3.24933
542,13,14,2.27551
542,13,18,4.31657
542,14,19,3.62726
542,15,16,4.12927
542,15,20,1.81944
542,16,17,2.30375
542,16,21,3.6453
542,17,18,5.67452
542,17,22,4.88674
542,18,19,7.14559
542,18,23,5.19055
542,19,24,2.71802
542,20,21,3.23667
542,21,22,5.8788
542,22,23,2.26543
542,23,24,3.14781
543,0,1,4.44734
543,0,5,4.86906
543,1,2,4.9047
543,1,6,3.89
543,2,3,3.42093
543,2,7,3.38359
543,3,4,7.15629
543,3,8,3.41815
543,4,9,4.55165
543,5,6,3.15975
543,5,10,1.75547
543,6,7,5.36905
543,6,11,1.94039
543,7,8,2.71496
543,7,12,6.23111
543,8,9,1.63089
543,8,13,5.61309
543,9,14,4.25907
543,10,11,5.20014
543,10,15,4.02762
543,11,12,5.02792
543,11,16,3.5122
543,12,13,6.1773
543,12,17,3.10403
543,13,14,3.48124
543,13,18,5.41484
543,14,19,3.45618
543,15,16,2.45649
543,15,20,4.53969
543,16,17,5.24691
543,16,21,4.92092
543,17,18,2.75379
543,17,22,2.68769
543,18,19,2.81494
543,18,23,2.52986
543,19,24,4.98743
543,20,21,4.9432
543,21,22,3.84031
543,22,23,3.03332
543,23,24,2.89474
544,0,1,2.78457
544,0,5,2.81205
544,1,2,2.50502
544,1,6,5.40569
544,2,3,2.56411
544,2,7,3.23396
544,3,4,2.4034
544,3,8,4.05176
544,4,9,3.57423
544,5,6,5.16938
544,5,10,3.91385
544,6,7,3.09347
544,6,11,2.43079
544,7,8,3.40514
544,7,12,3.30943
544,8,9,5.16274
544,8,13,4.93702
544,9,14,4.84981
544,10,11,4.7878
544,10,15,5.37756
544,11,12,4.95532
544,11,16,2.3383
544,12,13,4.67693
544,12,17,2.99387
544,13,14,3.91715
544,13,18,3.86379
544,14,19,3.58974
544,15,16,4.89674
544,15,20,4.60618
544,16,17,4.26855
544,16,21,2.44238
544,17,18,4.68216
544,17,22,2.69441
544,18,19,4.58428
544,18,23,4.72626
544,19,24,5.26161
544,20,21,4.64965
544,21,22,2.9335
544,22,23,3.11889
544,23,24,1.89929
545,0,1,3.70836
545,0,5,3.42747
545,1,2,5.50207
545,1,6,3.79533
545,2,3,3.56419
545,2,7,2.06181
545,3,4,2.70126
545,3,8,5.75189
545,4,9,3.06217
545,5,6,2.07003
545,5,10,4.49133
545,6,7,1.81335
545,6,11,6.18214
545,7,8,6.22044
545,7,12,2.11557
545,8,9,2.19508
545,8,13,2.95285
545,9,14,5.06268
545,10,11,3.90073
545,10,15,4.22061
545,11,12,3.69
545,11,16,2.7503
545,12,13,2.51781
545,12,17,4.46438
545,13,14,2.03351
545,13,18,6.03827
545,14,19,3.41903
545,15,16,2.00369
545,15,20,2.63671
545,16,17,2.13893
545,16,21,4.72252
545,17,18,3.91936
545,17,22,5.54688
545,18,19,2.69297
545,18,23,5.31177
545,19,24,2.233
545,20,21,3.3352
545,21,22,5.02053
545,22,23,3.41181
545,23,24,5.42083
546,0,1,2.47064
546,0,5,4.9327
546,1,2,3.47274
546,1,6,6.19739
546,2,3,2.92824
546,2,7,3.56836
546,3,4,2.14537
546,3,8,2.35237
546,4,9,3.3055
546,5,6,4.32908
546,5,10,4.76504
546,6,7,4.97765
546,6,11,5.97184
546,7,8,2.20937
546,7,12,4.33174
546,8,9,2.83696
546,8,13,4.77048
546,9,14,4.1646
546,10,11,4.96495
546,10,15,5.94114
546,11,12,1.60266
546,11,16,4.51892
546,12,13,3.19769
546,12,17,2.75786
546,13,14,2.99573
546,13,18,4.5791
546,14,19,3.03337
546,15,16,4.8404
546,15,20,5.74837
546,16,17,3.47304
546,16,21,2.53497
546,17,18,2.49497
546,17,22,4.03019
546,18,19,2.57428
546,18,23,2.75672
546,19,24,3.26393
546,20,21,2.75112
546,21,22,3.03057
546,22,23,7.34473
546,23,24,3.61957
547,0,1,4.89769
547,0,5,3.43963
547,1,2,4.68489
547,1,6,3.31304
547,2,3,3.88644
547,2,7,2.51221
547,3,4,2.03877
547,3,8,3.03766
547,4,9,3.12722
547,5,6,2.95611
547,5,10,4.55427
547,6,7,5.02645
547,6,11,5.63887
547,7,8,4.68325
547,7,12,5.63866
547,8,9,3.07142
547,8,13,2.55026
547,9,14,3.66748
547,10,11,5.76405
547,10,15,5.01888
547,11,12,4.94351
547,11,16,4.48703
547,12,13,2.79602
547,12,17,2.06475
547,13,14,2.27253
547,13,18,2.88223
547,14,19,4.08559
547,15,16,4.98385
547,15,20,4.58184
547,16,17,6.01733
547,16,21,3.16205
547,17,18,4.61132
547,17,22,4.5991
547,18,19,2.47157
547,18,23,6.63647
547,19,24,3.78627
547,20,21,3.89114
547,21,22,2.91476
547,22,23,5.60795
547,23,24,4.10515
548,0,1,4.60666
548,0,5,4.96468
548,1,2,3.03475
548,1,6,3.22031
548,2,3,3.03062
548,2,7,3.60312
548,3,4,2.83873
548,3,8,4.5406
548,4,9,4.38626
548,5,6,3.84162
548,5,10,3.70202
548,6,7,5.69471
548,6,11,3.71573
548,7,8,3.44576
548,7,12,4.47155
548,8,9,4.88775
548,8,13,5.5812
548,9,14,3.35313
548,10,11,3.98445
548,10,15,5.07648
548,11,12,5.14723
548,11,16,3.67472
548,12,13,3.11631
548,12,17,5.17533
548,13,14,1.95069
548,13,18,4.74635
548,14,19,2.82816
548,15,16,4.92955
548,15,20,2.48048
548,16,17,3.55127
548,16,21,5.78287
548,17,18,4.39585
548,17,22,3.42944
548,18,19,2.09618
548,18,23,3.73051
548,19,24,5.15713
548,20,21,2.57232
548,21,22,6.15913
548,22,23,3.115
548,23,24,1.97115
549,0,1,4.57948
549,0,5,6.08852
549,1,2,3.51159
549,1,6,2.73443
549,2,3,3.97535
549,2,7,3.63041
549,3,4,5.25345
549,3,8,3.74325
549,4,9,3.54284
549,5,6,5.0416
549,5,10,4.11202
549,6,7,5.05383
549,6,11,3.8208
549,7,8,3.02846
549,7,12,6.01061
549,8,9,2.70889
549,8,13,5.41221
549,9,14,3.02878
549,10,11,5.23024
549,10,15,2.69999
549,11,12,4.20596
549,11,16,3.66473
549,12,13,4.59127
549,12,17,4.8514
549,13,14,2.756
549,13,18,4.89337
549,14,19,3.73204
549,15,16,3.03169
549,15,20,3.67072
549,16,17,4.40291
549,16,21,6.11106
549,17,18,4.67551
549,17,22,5.91563
549,18,19,4.55294
549,18,23,3.38341
549,19,24,5.60497
549,20,21,2.91716
549,21,22,2.55891
549,22,23,4.11599
549,23,24,5.11141
550,0,1,4.64029
550,0,5,4.34785
550,1,2,3.42276
550,1,6,4.98434
550,2,3,2.66943
550,2,7,5.05939
550,3,4,4.63634
550,3,8,2.70517
550,4,9,2.72405
550,5,6,2.80193
550,5,10,3.02304
550,6,7,5.33325
550,6,11,2.7047
550,7,8,5.80282
550,7,12,3.02789
550,8,9,5.09607
550,8,13,3.57255
550,9,14,2.71184
550,10,11,2.05065
550,10,15,2.61786
550,11,12,5.30461
550,11,16,4.79106
550,12,13,4.87914
550,12,17,5.03266
550,13,14,3.63158
550,13,18,4.46863
550,14,19,3.55851
550,15,16,5.0075
550,15,20,2.40368
550,16,17,5.50684
550,16,21,3.90541
550,17,18,3.45235
550,17,22,2.57082
550,18,19,5.29367
550,18,23,2.79223
550,19,24,2.62981
550,20,21,3.96721
550,21,22,2.90087
550,22,23,3.92076
550,23,24,3.98747
551,0,1,5.7059
551,0,5,4.84397
551,1,2,3.80266
551,1,6,3.01011
551,2,3,3.45396
551,2,7,2.6651
551,3,4,5.01828
551,3,8,5.40826
551,4,9,3.80573
551,5,6,3.60953
551,5,10,4.63043
551,6,7,3.65071
551,6,11,2.58786
551,7,8,6.2249
551,7,12,3.79784
551,8,9,3.53439
551,8,13,2.82592
551,9,14,6.21045
551,10,11,5.14981
551,10,15,4.42472
551,11,12,2.81751
551,11,16,3.30604
551,12,13,3.53578
551,12,17,8.0216
551,13,14,6.96952
551,13,18,4.39349
551,14,19,4.90239
551,15,16,6.95848
551,15,20,4.11102
551,16,17,3.9595
551,16,21,3.5308
551,17,18,4.41331
551,17,22,5.89114
551,18,19,2.69962
551,18,23,7.39825
551,19,24,3.6552
551,20,21,4.49041
551,21,22,3.61182
551,22,23,3.61722
551,23,24,2.94355
552,0,1,2.65754
552,0,5,2.66506
552,1,2,2.40567
552,1,6,2.71238
552,2,3,4.56542
552,2,7,3.86536
552,3,4,4.48502
552,3,8,1.90039
552,4,9,1.70363
552,5,6,2.4762
552,5,10,1.51491
552,6,7,2.34181
552,6,11,3.03794
552,7,8,4.11922
552,7,12,1.81007
552,8,9,2.03086
552,8,13,4.07206
552,9,14,4.25208
552,10,11,3.21897
552,10,15,4.38545
552,11,12,3.80848
552,11,16,2.91864
552,12,13,3.99409
552,12,17,1.93655
552,13,14,1.81006
552,13,18,1.76697
552,14,19,4.34968
552,15,16,4.09919
552,15,20,4.247
552,16,17,5.3612
552,16,21,2.87726
552,17,18,3.36926
552,17,22,2.63289
552,18,19,2.86789
552,18,23,1.33068
552,19,24,4.57657
552,20,21,3.62328
552,21,22,4.25973
552,22,23,2.26669
552,23,24,2.46561
553,0,1,7.41524
553,0,5,3.59142
553,1,2,5.62047
553,1,6,5.84582
553,2,3,5.38214
553,2,7,3.15282
553,3,4,4.26745
553,3,8,2.97985
553,4,9,5.69559
553,5,6,3.23136
553,5,10,4.92738
553,6,7,3.18554
553,6,11,4.76433
553,7,8,4.88984
553,7,12,3.40581
553,8,9,6.28996
553,8,13,5.9729
553,9,14,2.24787
553,10,11,3.32154
553,10,15,2.20637
553,11,12,2.73621
553,11,16,2.6153
553,12,13,5.33843
553,12,17,3.04246
553,13,14,2.91717
553,13,18,2.58369
553,14,19,3.67257
553,15,16,3.54126
553,15,20,4.57491
553,16,17,5.92888
553,16,21,6.09288
553,17,18,1.99861
553,17,22,3.73471
553,18,19,4.0597
553,18,23,5.57194
553,19,24,2.5829
553,20,21,2.71378
553,21,22,3.28329
553,22,23,6.28237
553,23,24,5.0846
554,0,1,5.96526
554,0,5,4.41081
554,1,2,5.33916
554,1,6,3.3306
554,2,3,3.54057
554,2,7,4.84586
554,3,4,3.54406
554,3,8,5.34946
554,4,9,3.3661
554,5,6,5.04598
554,5,10,2.61731
554,6,7,4.46246
554,6,11,4.7444
554,7,8,6.87701
554,7,12,2.06409
554,8,9,4.46782
554,8,13,2.10017
554,9,14,2.28184
554,10,11,2.06773
554,10,15,2.53087
554,11,12,3.71573
554,11,16,3.61589
554,12,13,3.70588
554,12,17,3.69333
554,13,14,5.46969
554,13,18,6.59689
554,14,19,5.72068
554,15,16,5.1306
554,15,20,2.9696
554,16,17,2.31315
554,16,21,4.68488
554,17,18,3.91738
554,17,22,2.83668
554,18,19,6.10426
554,18,23,2.73462
554,19,24,5.46893
554,20,21,2.20587
554,21,22,4.16393
554,22,23,3.96302
554,23,24,2.46101
555,0,1,1.03343
555,0,5,2.65798
555,1,2,2.0396
555,1,6,3.4907
555,2,3,2.36954
555,2,7,1.72917
555,3,4,4.96349
555,3,8,2.57026
555,4,9,4.79027
555,5,6,4.85839
555,5,10,3.54575
555,6,7,2.77278
555,6,11,1.57009
555,7,8,2.28732
555,7,12,4.35599
555,8,9,2.96475
555,8,13,1.33072
555,9,14,4.73789
555,10,11,3.44292
555,10,15,4.06982
555,11,12,5.00316
555,11,16,3.42987
555,12,13,3.25689
555,12,17,4.24014
555,13,14,4.37519
555,13,18,1.12949
555,14,19,4.92803
555,15,16,1.792
555,15,20,2.36756
555,16,17,1.69534
555,16,21,4.24668
555,17,18,2.76352
555,17,22,1.20562
555,18,19,3.74614
555,18,23,1.47953
555,19,24,3.12167
555,20,21,3.40731
555,21,22,4.20276
555,22,23,3.74918
555,23,24,3.05715
556,0,1,2.99156
556,0,5,4.24857
556,1,2,3.22343
556,1,6,3.75822
556,2,3,5.54989
556,2,7,3.70841
556,3,4,3.19351
556,3,8,6.94445
556,4,9,6.16218
556,5,6,5.87632
556,5,10,6.65432
556,6,7,4.5517
556,6,11,3.24871
556,7,8,3.75182
556,7,12,4.38781
556,8,9,4.55271
556,8,13,3.17767
556,9,14,5.81309
556,10,11,5.7038
556,10,15,7.87877
556,11,12,4.23007
556,11,16,4.19984
556,12,13,4.83125
556,12,17,6.01971
556,13,14,6.48429
556,13,18,2.79429
556,14,19,4.14703
556,15,16,6.94244
556,15,20,6.16622
556,16,17,5.23118
556,16,21,6.25084
556,17,18,4.73624
556,17,22,2.9977
556,18,19,5.19734
556,18,23,5.38561
556,19,24,5.72586
556,20,21,3.21007
556,21,22,2.5046
556,22,23,4.80155
556,23,24,7.66275
557,0,1,5.04335
557,0,5,3.00061
557,1,2,3.21221
557,1,6,1.71044
557,2,3,4.25295
557,2,7,4.79594
557,3,4,2.26604
557,3,8,3.92279
557,4,9,3.48055
557,5,6,5.83098
557,5,10,2.04798
557,6,7,2.0514
557,6,11,4.26895
557,7,8,2.31561
557,7,12,6.20797
557,8,9,3.77485
557,8,13,3.21802
557,9,14,5.47629
557,10,11,5.14943
557,10,15,3.3095
557,11,12,2.26738
557,11,16,4.95162
557,12,13,3.50929
557,12,17,4.15107
557,13,14,4.12941
557,13,18,3.52324
557,14,19,3.14694
557,15,16,4.17352
557,15,20,4.7176
557,16,17,5.25225
557,16,21,5.39121
557,17,18,3.58769
557,17,22,5.38412
557,18,19,5.16329
557,18,23,5.76037
557,19,24,2.88175
557,20,21,3.79485
557,21,22,5.22601
557,22,23,2.14953
557,23,24,3.58114
558,0,1,2.43619
558,0,5,5.47996
558,1,2,1.81047
558,1,6,4.82348
558,2,3,4.79007
558,2,7,5.90509
558,3,4,2.58169
558,3,8,2.97186
558,4,9,2.99697
558,5,6,2.30589
558,5,10,3.86979
558,6,7,2.19147
558,6,11,2.68366
558,7,8,2.75863
558,7,12,3.96097
558,8,9,3.41703
558,8,13,4.95406
558,9,14,3.13282
558,10,11,4.46046
558,10,15,3.52108
558,11,12,4.89727
558,11,16,4.01813
558,12,13,4.21536
558,12,17,4.09877
558,13,14,3.98945
558,13,18,1.96067
558,14,19,3.59435
558,15,16,3.79665
558,15,20,3.82982
558,16,17,3.46542
558,16,21,4.7309
558,17,18,5.12921
558,17,22,2.23373
558,18,19,3.08053
558,18,23,2.81987
558,19,24,4.49185
558,20,21,3.66143
558,21,22,3.01315
558,22,23,4.34254
558,23,24,4.4523
559,0,1,6.65226
559,0,5,5.65793
559,1,2,4.92849
559,1,6,3.91391
559,2,3,4.60864
559,2,7,5.59994
559,3,4,5.58959
559,3,8,3.95766
559,4,9,4.7278
559,5,6,5.19935
559,5,10,5.31929
559,6,7,6.48175
559,6,11,5.47282
559,7,8,4.59118
559,7,12,3.92038
559,8,9,4.68749
559,8,13,3.8089
559,9,14,4.01361
559,10,11,4.62682
559,10,15,5.34203
559,11,12,4.50433
559,11,16,3.58421
559,12,13,3.90422
559,12,17,4.92857
559,13,14,4.13099
559,13,18,3.87807
559,14,19,4.68636
559,15,16,5.01408
559,15,20,4.85819
559,16,17,2.97564
559,16,21,4.13875
559,17,18,2.41615
559,17,22,3.59735
559,18,19,6.15081
559,18,23,5.09544
559,19,24,3.36314
559,20,21,2.12501
559,21,22,5.81645
559,22,23,6.13927
559,23,24,5.36006
560,0,1,5.11007
560,0,5,3.89049
560,1,2,2.92477
560,1,6,4.66285
560,2,3,3.90594
560,2,7,2.40624
560,3,4,3.17606
560,3,8,2.75071
560,4,9,3.12373
560,5,6,5.74188
560,5,10,4.46885
560,6,7,3.42752
560,6,11,3.43544
560,7,8,5.3984
560,7,12,3.46705
560,8,9,6.62577
560,8,13,4.21197
560,9,14,6.11631
560,10,11,2.13029
560,10,15,3.69434
560,11,12,4.39688
560,11,16,4.93468
560,12,13,4.41923
560,12,17,4.96629
560,13,14,5.37982
560,13,18,4.80236
560,14,19,5.34867
560,15,16,6.29868
560,15,20,3.96239
560,16,17,2.35164
560,16,21,5.80796
560,17,18,3.44916
560,17,22,5.73129
560,18,19,4.8423
560,18,23,3.71758
560,19,24,5.00917
560,20,21,6.40836
560,21,22,6.06526
560,22,23,3.19901
560,23,24,3.7702
561,0,1,3.4801
561,0,5,2.90795
561,1,2,6.82511
561,1,6,5.59641
561,2,3,2.81859
561,2,7,4.74742
561,3,4,2.18451
561,3,8,7.3501
561,4,9,4.23605
561,5,6,7.23072
561,5,10,3.24937
561,6,7,4.1449
561,6,11,6.19826
561,7,8,5.66435
561,7,12,4.91207
561,8,9,2.68392
561,8,13,3.64379
561,9,14,6.45656
561,10,11,2.55881
561,10,15,2.93677
561,11,12,4.01632
561,11,16,4.60948
561,12,13,2.395
561,12,17,5.94127
561,13,14,5.40428
561,13,18,4.40115
561,14,19,5.52487
561,15,16,4.44756
561,15,20,5.76824
561,16,17,4.9553
561,16,21,4.84279
561,17,18,5.28391
561,17,22,3.97866
561,18,19,2.78535
561,18,23,5.83834
561,19,24,2.10151
561,20,21,5.73868
561,21,22,3.99121
561,22,23,3.74224
561,23,24,2.73399
562,0,1,1.74405
562,0,5,2.38238
562,1,2,4.42796
562,1,6,2.9821
562,2,3,4.83134
562,2,7,2.07504
562,3,4,4.36152
562,3,8,2.07739
562,4,9,3.33871
562,5,6,2.24396
562,5,10,1.60646
562,6,7,3.55109
562,6,11,3.3226
562,7,8,2.5623
562,7,12,4.60215
562,8,9,1.61381
562,8,13,2.90569
562,9,14,5.08778
562,10,11,4.11664
562,10,15,2.64309
562,11,12,1.8224
562,11,16,3.67816
562,12,13,2.38391
562,12,17,4.45837
562,13,14,1.33336
562,13,18,2.70713
562,14,19,3.38219
562,15,16,2.47311
562,15,20,1.83845
562,16,17,3.63761
562,16,21,4.37263
562,17,18,4.17016
562,17,22,3.00217
562,18,19,1.92392
562,18,23,3.0286
562,19,24,3.20146
562,20,21,2.47064
562,21,22,5.12301
562,22,23,4.01635
562,23,24,2.54614
563,0,1,2.4469
563,0,5,2.13816
563,1,2,4.77484
563,1,6,4.03792
563,2,3,3.83034
563,2,7,2.05321
563,3,4,4.59924
563,3,8,2.62241
563,4,9,3.77448
563,5,6,5.39379
563,5,10,3.95673
563,6,7,3.75834
563,6,11,3.86776
563,7,8,3.84417
563,7,12,6.18501
563,8,9,4.22586
563,8,13,3.00039
563,9,14,6.66543
563,10,11,2.36039
563,10,15,3.44286
563,11,12,5.29628
563,11,16,4.64739
563,12,13,2.69789
563,12,17,4.72908
563,13,14,3.61754
563,13,18,2.93428
563,14,19,2.71769
563,15,16,4.65544
563,15,20,2.60519
563,16,17,2.48077
563,16,21,4.5452
563,17,18,4.44787
563,17,22,2.53384
563,18,19,5.0227
563,18,23,2.70979
563,19,24,4.90765
563,20,21,5.23119
563,21,22,2.43439
563,22,23,3.95215
563,23,24,4.64006
564,0,1,4.23843
564,0,5,5.19787
564,1,2,6.37425
564,1,6,3.72922
564,2,3,2.58518
564,2,7,2.18174
564,3,4,3.01104
564,3,8,2.89994
564,4,9,2.43048
564,5,6,3.77901
564,5,10,3.25038
564,6,7,2.52317
564,6,11,4.11412
564,7,8,3.69793
564,7,12,1.7772
564,8,9,1.58822
564,8,13,4.78061
564,9,14,4.14057
564,10,11,4.31054
564,10,15,3.80244
564,11,12,2.87168
564,11,16,1.79581
564,12,13,2.26858
564,12,17,3.15433
564,13,14,2.51066
564,13,18,3.11438
564,14,19,3.37008
564,15,16,4.183
564,15,20,2.43831
564,16,17,2.93528
564,16,21,5.43727
564,17,18,2.98304
564,17,22,3.12775
564,18,19,6.33564
564,18,23,2.46324
564,19,24,3.58026
564,20,21,4.90252
564,21,22,5.23227
564,22,23,4.24326
564,23,24,3.43809
565,0,1,2.63638
565,0,5,4.21525
565,1,2,2.1762
565,1,6,4.21313
565,2,3,3.55266
565,2,7,4.59923
565,3,4,2.79877
565,3,8,4.74648
565,4,9,4.24443
565,5,6,2.05844
565,5,10,3.61451
565,6,7,4.50175
565,6,11,1.85782
565,7,8,3.77846
565,7,12,4.90099
565,8,9,4.24603
565,8,13,4.70139
565,9,14,3.543
565,10,11,4.11143
565,10,15,3.16331
565,11,12,1.65346
565,11,16,4.17409
565,12,13,2.50837
565,12,17,3.64097
565,13,14,2.19478
565,13,18,4.64048
565,14,19,5.65218
565,15,16,4.71513
565,15,20,1.76573
565,16,17,3.87664
565,16,21,3.60676
565,17,18,2.00832
565,17,22,3.45339
565,18,19,2.97055
565,18,23,4.70835
565,19,24,4.48901
565,20,21,3.42994
565,21,22,3.94571
565,22,23,3.23373
565,23,24,3.10213
566,0,1,4.34448
566,0,5,1.58796
566,1,2,2.48542
566,1,6,3.3252
566,2,3,2.16877
566,2,7,1.72824
566,3,4,3.10561
566,3,8,5.69751
566,4,9,5.76264
566,5,6,4.70348
566,5,10,3.9397
566,6,7,1.61933
566,6,11,3.55549
566,7,8,2.78551
566,7,12,5.97838
566,8,9,2.34988
566,8,13,2.2568
566,9,14,4.35567
566,10,11,1.7865
566,10,15,4.40851
566,11,12,3.24039
566,11,16,3.63773
566,12,13,2.82724
566,12,17,4.88572
566,13,14,3.76454
566,13,18,2.22403
566,14,19,3.42875
566,15,16,3.04542
566,15,20,4.49953
566,16,17,3.03434
566,16,21,4.46226
566,17,18,3.02526
566,17,22,3.13716
566,18,19,3.92453
566,18,23,2.28307
566,19,24,2.97683
566,20,21,5.84906
566,21,22,3.38243
566,22,23,3.40444
566,23,24,5.64367
567,0,1,1.77639
567,0,5,3.92426
567,1,2,5.36195
567,1,6,4.65428
567,2,3,2.32776
567,2,7,3.15689
567,3,4,5.95445
567,3,8,5.06134
567,4,9,6.07513
567,5,6,1.69993
567,5,10,4.68836
567,6,7,3.11858
567,6,11,2.47005
567,7,8,4.59673
567,7,12,2.6309
567,8,9,1.65331
567,8,13,2.92078
567,9,14,2.59448
567,10,11,4.82923
567,10,15,2.2427
567,11,12,1.98735
567,11,16,4.89327
567,12,13,4.07198
567,12,17,1.76329
567,13,14,5.14519
567,13,18,2.93164
567,14,19,3.79521
567,15,16,4.66264
567,15,20,2.37363
567,16,17,5.00704
567,16,21,5.11954
567,17,18,3.65311
567,17,22,1.8646
567,18,19,3.42723
567,18,23,2.57277
567,19,24,3.80801
567,20,21,5.27337
567,21,22,3.97221
567,22,23,3.55298
567,23,24,4.24429
568,0,1,6.29471
568,0,5,3.82828
568,1,2,5.6478
568,1,6,5.74893
568,2,3,2.34852
568,2,7,5.89253
568,3,4,4.36613
568,3,8,2.45502
568,4,9,3.82068
568,5,6,3.82774
568,5,10,5.72383
568,6,7,5.95017
568,6,11,2.57822
568,7,8,4.22333
568,7,12,3.52348
568,8,9,6.29058
568,8,13,4.2587
568,9,14,3.90472
568,10,11,6.05846
568,10,15,2.4829
568,11,12,2.9443
568,11,16,5.04122
568,12,13,4.34167
568,12,17,4.42116
568,13,14,4.71561
568,13,18,2.36556
568,14,19,2.78293
568,15,16,4.80196
568,15,20,2.71644
568,16,17,6.16266
568,16,21,5.45926
568,17,18,2.35932
568,17,22,6.23584
568,18,19,4.54369
568,18,23,6.08713
568,19,24,5.73288
568,20,21,2.25269
568,21,22,2.67971
568,22,23,5.76227
568,23,24,7.06181
569,0,1,2.69085
569,0,5,3.89616
569,1,2,1.94607
569,1,6,2.19716
569,2,3,2.1431
569,2,7,6.00969
569,3,4,2.16853
569,3,8,3.9651
569,4,9,3.11527
569,5,6,4.47244
569,5,10,4.39052
569,6,7,3.94783
569,6,11,4.4445
569,7,8,2.25932
569,7,12,3.28779
569,8,9,2.45802
569,8,13,4.162
569,9,14,4.1119
569,10,11,5.9368
569,10,15,3.42847
569,11,12,4.14925
569,11,16,2.61883
569,12,13,2.30076
569,12,17,1.91953
569,13,14,5.32246
569,13,18,2.78206
569,14,19,4.44017
569,15,16,3.53481
569,15,20,2.7901
569,16,17,5.47664
569,16,21,2.07498
569,17,18,1.92357
569,17,22,3.16374
569,18,19,1.98923
569,18,23,2.84423
569,19,24,3.1941
569,20,21,5.51727
569,21,22,2.95436
569,22,23,2.62369
569,23,24,3.51165
570,0,1,2.10442
570,0,5,3.44843
570,1,2,3.20921
570,1,6,1.61677
570,2,3,4.02602
570,2,7,2.85971
570,3,4,4.64545
570,3,8,3.11438
570,4,9,3.7275
570,5,6,3.91603
570,5,10,4.17764
570,6,7,3.91812
570,6,11,2.99328
570,7,8,3.89638
570,7,12,3.47657
570,8,9,2.76812
570,8,13,3.80301
570,9,14,1.98291
570,10,11,5.38676
570,10,15,3.17063
570,11,12,2.77323
570,11,16,1.67953
570,12,13,1.61893
570,12,17,2.08989
570,13,14,3.8489
570,13,18,4.2683
570,14,19,3.13746
570,15,16,3.06144
570,15,20,1.41224
570,16,17,3.08853
570,16,21,2.51173
570,17,18,4.01988
570,17,22,1.73408
570,18,19,2.38643
570,18,23,2.12333
570,19,24,2.06352
570,20,21,2.3117
570,21,22,1.92503
570,22,23,2.97484
570,23,24,2.0178
571,0,1,2.28935
571,0,5,4.17862
571,1,2,6.51748
571,1,6,2.4471
571,2,3,5.81367
571,2,7,1.86555
571,3,4,4.41472
571,3,8,2.29988
571,4,9,3.41458
571,5,6,2.46466
571,5,10,2.94622
571,6,7,4.21409
571,6,11,2.68828
571,7,8,3.16307
571,7,12,2.6315
571,8,9,4.02651
571,8,13,3.47062
571,9,14,2.12311
571,10,11,4.27985
571,10,15,3.81979
571,11,12,2.76612
571,11,16,3.50955
571,12,13,5.30868
571,12,17,5.83898
571,13,14,3.74904
571,13,18,3.64294
571,14,19,4.40098
571,15,16,3.5377
571,15,20,2.18847
571,16,17,3.41542
571,16,21,3.52545
571,17,18,2.56151
571,17,22,5.27502
571,18,19,3.29433
571,18,23,3.45414
571,19,24,3.09263
571,20,21,4.67283
571,21,22,4.94044
571,22,23,4.50291
571,23,24,3.90818
572,0,1,3.7986
572,0,5,2.12738
572,1,2,2.4277
572,1,6,3.55111
572,2,3,4.20449
572,2,7,3.33382
572,3,4,2.42617
572,3,8,2.5852
572,4,9,4.49291
572,5,6,3.11553
572,5,10,1.93101
572,6,7,4.5705
572,6,11,2.08398
572,7,8,1.42004
572,7,12,3.7823
572,8,9,4.03398
572,8,13,2.69634
572,9,14,3.50064
572,10,11,2.70603
572,10,15,2.88349
572,11,12,3.54864
572,11,16,4.60371
572,12,13,5.05575
572,12,17,2.02076
572,13,14,5.4076
572,13,18,2.3196
572,14,19,2.36966
572,15,16,1.90501
572,15,20,2.97683
572,16,17,3.44718
572,16,21,4.06555
572,17,18,1.70267
572,17,22,3.29295
572,18,19,1.69074
572,18,23,3.93828
572,19,24,2.69166
572,20,21,2.18218
572,21,22,3.71038
572,22,23,5.37145
572,23,24,2.14426
573,0,1,7.41674
573,0,5,2.88675
573,1,2,3.05267
573,1,6,4.12463
573,2,3,4.31235
573,2,7,5.35252
573,3,4,2.35083
573,3,8,5.31992
573,4,9,4.01566
573,5,6,2.72601
573,5,10,6.49535
573,6,7,6.06572
573,6,11,5.87267
573,7,8,4.28162
573,7,12,7.08494
573,8,9,6.16118
573,8,13,5.47175
573,9,14,6.68195
573,10,11,2.57695
573,10,15,2.7288
573,11,12,4.91331
573,11,16,2.75653
573,12,13,5.51109
573,12,17,4.7325
573,13,14,3.41289
573,13,18,6.80009
573,14,19,3.03952
573,15,16,3.59436
573,15,20,3.1392
573,16,17,5.11727
573,16,21,3.09138
573,17,18,4.99008
573,17,22,3.46829
573,18,19,6.72115
573,18,23,5.50205
573,19,24,3.47546
573,20,21,2.6438
573,21,22,4.68834
573,22,23,5.65899
573,23,24,8.20927
574,0,1,1.18941
574,0,5,2.02898
574,1,2,2.37616
574,1,6,3.09729
574,2,3,4.22889
574,2,7,2.36653
574,3,4,2.80752
574,3,8,3.14768
574,4,9,3.99984
574,5,6,4.29732
574,5,10,2.12943
574,6,7,5.03592
574,6,11,2.78352
574,7,8,4.65024
574,7,12,3.04107
574,8,9,3.61965
574,8,13,2.05406
574,9,14,3.1723
574,10,11,3.84554
574,10,15,5.69809
574,11,12,4.61282
574,11,16,4.78292
574,12,13,3.82382
574,12,17,3.19241
574,13,14,6.00161
574,13,18,1.79959
574,14,19,3.56101
574,15,16,2.93339
574,15,20,6.25338
574,16,17,4.78952
574,16,21,2.38936
574,17,18,4.22923
574,17,22,2.69126
574,18,19,1.48964
574,18,23,3.52651
574,19,24,5.1378
574,20,21,3.7652
574,21,22,3.53325
574,22,23,2.03468
574,23,24,3.68069
575,0,1,6.24117
575,0,5,4.09749
575,1,2,3.59958
575,1,6,4.20768
575,2,3,6.00254
575,2,7,3.15857
575,3,4,2.12804
575,3,8,3.36779
575,4,9,5.32099
575,5,6,5.71705
575,5,10,3.12353
575,6,7,2.60944
575,6,11,4.61706
575,7,8,4.79467
575,7,12,2.16226
575,8,9,3.62116
575,8,13,6.42702
575,9,14,2.95303
575,10,11,3.07755
575,10,15,2.55169
575,11,12,5.97755
575,11,16,5.02623
575,12,13,3.55302
575,12,17,3.29571
575,13,14,5.77937
575,13,18,3.03894
575,14,19,4.81015
575,15,16,2.85305
575,15,20,5.56845
575,16,17,5.61211
575,16,21,2.42072
575,17,18,5.49097
575,17,22,3.87695
575,18,19,2.79684
575,18,23,4.06067
575,19,24,6.47557
575,20,21,3.75167
575,21,22,2.71647
575,22,23,2.145
575,23,24,2.58894
576,0,1,3.53901
576,0,5,4.56001
576,1,2,5.9954
576,1,6,4.95546
576,2,3,5.4822
576,2,7,4.66081
576,3,4,5.72028
576,3,8,2.89544
576,4,9,5.14281
576,5,6,4.81498
576,5,10,3.57938
576,6,7,2.496
576,6,11,6.30604
576,7,8,4.41073
576,7,12,6.09601
576,8,9,6.50058
576,8,13,4.89666
576,9,14,4.69244
576,10,11,5.02051
576,10,15,6.52065
576,11,12,3.582
576,11,16,5.93552
576,12,13,3.06366
576,12,17,2.72745
576,13,14,5.14514
576,13,18,3.9214
576,14,19,4.19851
576,15,16,5.7474
576,15,20,5.1513
576,16,17,3.8122
576,16,21,5.64699
576,17,18,5.84605
576,17,22,3.75636
576,18,19,2.97492
576,18,23,3.81905
576,19,24,6.33539
576,20,21,3.8312
576,21,22,4.84608
576,22,23,4.89696
576,23,24,4.97396
577,0,1,3.65751
577,0,5,3.68766
577,1,2,2.99744
577,1,6,5.17407
577,2,3,2.27744
577,2,7,5.22715
577,3,4,4.87612
577,3,8,3.79039
577,4,9,3.41192
577,5,6,6.4902
577,5,10,5.32711
577,6,7,1.97221
577,6,11,5.75792
577,7,8,4.44035
577,7,12,5.84491
577,8,9,3.29262
577,8,13,3.02359
577,9,14,3.89939
577,10,11,2.94162
577,10,15,7.06394
577,11,12,6.48274
577,11,16,4.57193
577,12,13,3.35996
577,12,17,6.96424
577,13,14,7.00088
577,13,18,2.91487
577,14,19,2.9587
577,15,16,4.13777
577,15,20,3.36005
577,16,17,4.60749
577,16,21,3.70315
577,17,18,7.07119
577,17,22,2.15346
577,18,19,5.07637
577,18,23,3.92107
577,19,24,4.43035
577,20,21,5.44678
577,21,22,2.40884
577,22,23,3.61018
577,23,24,3.68797
578,0,1,3.90512
578,0,5,2.80486
578,1,2,3.29567
578,1,6,1.58938
578,2,3,4.03331
578,2,7,2.29044
578,3,4,5.35131
578,3,8,2.68323
578,4,9,4.73182
578,5,6,3.53906
578,5,10,4.22171
578,6,7,4.86598
578,6,11,3.95008
578,7,8,2.33791
578,7,12,1.95415
578,8,9,2.51885
578,8,13,5.21255
578,9,14,3.05586
578,10,11,4.99866
578,10,15,5.37604
578,11,12,3.16707
578,11,16,2.90574
578,12,13,5.48253
578,12,17,4.87079
578,13,14,2.26587
578,13,18,3.10819
578,14,19,2.06959
578,15,16,3.40954
578,15,20,5.16482
578,16,17,4.79719
578,16,21,5.56014
578,17,18,1.53907
578,17,22,2.81712
578,18,19,3.46631
578,18,23,3.92897
578,19,24,3.14782
578,20,21,2.07411
578,21,22,3.21219
578,22,23,4.3722
578,23,24,2.76937
579,0,1,3.92599
579,0,5,2.64973
579,1,2,2.18441
579,1,6,3.28566
579,2,3,2.52002
579,2,7,5.59852
579,3,4,2.90934
579,3,8,3.5754
579,4,9,2.11494
579,5,6,4.31744
579,5,10,2.0358
579,6,7,4.96605
579,6,11,2.28947
579,7,8,2.40842
579,7,12,3.65944
579,8,9,5.49781
579,8,13,2.7621
579,9,14,5.48887
579,10,11,5.60279
579,10,15,4.94535
579,11,12,2.73368
579,11,16,6.20771
579,12,13,3.53013
579,12,17,6.45891
579,13,14,5.46898
579,13,18,4.83008
579,14,19,3.85283
579,15,16,4.6621
579,15,20,3.90777
579,16,17,5.59091
579,16,21,2.72431
579,17,18,3.23342
579,17,22,1.94079
579,18,19,2.73179
579,18,23,5.90449
579,19,24,3.68085
579,20,21,6.27212
579,21,22,3.82121
579,22,23,3.35288
579,23,24,4.1994
580,0,1,3.58756
580,0,5,3.14539
580,1,2,5.27405
580,1,6,3.22101
580,2,3,4.56034
580,2,7,1.83921
580,3,4,5.14549
580,3,8,5.66565
580,4,9,2.35204
580,5,6,4.03097
580,5,10,4.8191
580,6,7,4.2419
580,6,11,4.18334
580,7,8,2.53884
580,7,12,2.86712
580,8,9,1.84651
580,8,13,2.96712
580,9,14,3.28482
580,10,11,3.79666
580,10,15,3.10776
580,11,12,5.03987
580,11,16,3.20264
580,12,13,2.55908
580,12,17,1.9747
580,13,14,2.01609
580,13,18,2.09134
580,14,19,4.34335
580,15,16,4.36851
580,15,20,4.41357
580,16,17,4.23505
580,16,21,2.85049
580,17,18,4.60916
580,17,22,2.60768
580,18,19,4.35207
580,18,23,1.46678
580,19,24,4.17015
580,20,21,3.76406
580,21,22,1.97097
580,22,23,4.62679
580,23,24,3.75567
581,0,1,3.48098
581,0,5,4.99767
581,1,2,5.55671
581,1,6,4.2105
581,2,3,2.70155
581,2,7,2.74493
581,3,4,2.95883
581,3,8,2.20265
581,4,9,4.68603
581,5,6,4.23425
581,5,10,2.39636
581,6,7,5.99986
581,6,11,4.95427
581,7,8,4.11989
581,7,12,5.96361
581,8,9,2.6453
581,8,13,4.89398
581,9,14,4.70285
581,10,11,4.08109
581,10,15,3.17862
581,11,12,4.75025
581,11,16,5.89186
581,12,13,2.71255
581,12,17,2.55769
581,13,14,2.52697
581,13,18,5.70405
581,14,19,4.92536
581,15,16,6.14667
581,15,20,4.96632
581,16,17,4.58054
581,16,21,3.54757
581,17,18,5.30147
581,17,22,2.41963
581,18,19,4.39262
581,18,23,4.07695
581,19,24,3.47714
581,20,21,2.13728
581,21,22,5.1544
581,22,23,5.84211
581,23,24,3.34836
582,0,1,5.93611
582,0,5,5.19406
582,1,2,4.00306
582,1,6,3.59313
582,2,3,4.18733
582,2,7,5.51205
582,3,4,2.91587
582,3,8,4.92598
582,4,9,5.78912
582,5,6,4.88181
582,5,10,4.03734
582,6,7,4.63866
582,6,11,3.12465
582,7,8,2.41973
582,7,12,3.37321
582,8,9,5.3391
582,8,13,5.88717
582,9,14,4.39691
582,10,11,4.2524
582,10,15,1.98147
582,11,12,5.53519
582,11,16,2.41007
582,12,13,6.34602
582,12,17,3.30684
582,13,14,4.19041
582,13,18,3.21077
582,14,19,2.64249
582,15,16,6.42311
582,15,20,1.84968
582,16,17,4.34215
582,16,21,4.93566
582,17,18,1.84155
582,17,22,3.38665
582,18,19,5.92988
582,18,23,3.10269
582,19,24,5.0834
582,20,21,3.64462
582,21,22,5.20547
582,22,23,2.39982
582,23,24,5.04305
583,0,1,3.53488
583,0,5,5.35591
583,1,2,3.09172
583,1,6,3.6244
583,2,3,6.61932
583,2,7,5.19557
583,3,4,5.81962
583,3,8,2.50917
583,4,9,2.67521
583,5,6,4.56166
583,5,10,2.66788
583,6,7,5.92062
583,6,11,5.17486
583,7,8,4.74949
583,7,12,6.14158
583,8,9,2.96414
583,8,13,5.34303
583,9,14,3.33488
583,10,11,2.53394
583,10,15,5.98138
583,11,12,4.94204
583,11,16,4.0364
583,12,13,4.67072
583,12,17,3.21232
583,13,14,3.26931
583,13,18,6.05185
583,14,19,2.49263
583,15,16,2.55037
583,15,20,5.20556
583,16,17,5.15818
583,16,21,3.59709
583,17,18,5.15437
583,17,22,2.97111
583,18,19,6.81661
583,18,23,6.16607
583,19,24,2.3878
583,20,21,3.80178
583,21,22,6.53819
583,22,23,4.87535
583,23,24,6.82053
584,0,1,6.19143
584,0,5,2.60881
584,1,2,3.68052
584,1,6,4.37942
584,2,3,2.58878
584,2,7,6.46277
584,3,4,5.47899
584,3,8,5.09146
584,4,9,2.05362
584,5,6,5.23145
584,5,10,4.00354
584,6,7,3.64677
584,6,11,2.9866
584,7,8,3.94229
584,7,12,6.62694
584,8,9,5.87597
584,8,13,4.20913
584,9,14,3.80143
584,10,11,2.95711
584,10,15,5.98507
584,11,12,6.64134
584,11,16,5.43518
584,12,13,6.84606
584,12,17,3.58182
584,13,14,7.52484
584,13,18,3.6527
584,14,19,4.34607
584,15,16,7.33007
584,15,20,6.06115
584,16,17,5.01879
584,16,21,3.17116
584,17,18,4.45951
584,17,22,2.756
584,18,19,5.22803
584,18,23,5.25735
584,19,24,3.05646
584,20,21,6.05106
584,21,22,3.62317
584,22,23,5.21446
584,23,24,3.92671
585,0,1,2.66996
585,0,5,3.83724
585,1,2,2.01708
585,1,6,5.28523
585,2,3,1.90889
585,2,7,3.68999
585,3,4,4.96027
585,3,8,3.9462
585,4,9,3.85143
585,5,6,2.69214
585,5,10,2.45783
585,6,7,3.23311
585,6,11,5.33161
585,7,8,3.01586
585,7,12,2.50849
585,8,9,3.16645
585,8,13,1.76792
585,9,14,4.14747
585,10,11,4.90747
585,10,15,4.9215
585,11,12,3.19454
585,11,16,2.19249
585,12,13,1.57809
585,12,17,4.23459
585,13,14,3.12378
585,13,18,3.57308
585,14,19,4.73939
585,15,16,2.70016
585,15,20,5.74504
585,16,17,3.97414
585,16,21,2.08995
585,17,18,2.30068
585,17,22,1.73611
585,18,19,3.09519
585,18,23,2.91629
585,19,24,1.82029
585,20,21,6.13303
585,21,22,2.1581
585,22,23,3.82812
585,23,24,2.02412
586,0,1,4.96314
586,0,5,3.42944
586,1,2,6.03213
586,1,6,6.12671
586,2,3,3.58142
586,2,7,6.62808
586,3,4,2.04402
586,3,8,5.46312
586,4,9,4.82761
586,5,6,3.54194
586,5,10,5.23049
586,6,7,4.14309
586,6,11,3.83887
586,7,8,4.01805
586,7,12,4.38066
586,8,9,3.81734
586,8,13,4.73405
586,9,14,6.81683
586,10,11,5.46456
586,10,15,5.77395
586,11,12,2.45713
586,11,16,5.85472
586,12,13,2.37396
586,12,17,4.77241
586,13,14,4.9246
586,13,18,6.17405
586,14,19,6.39901
586,15,16,3.66122
586,15,20,4.55692
586,16,17,5.05178
586,16,21,3.35673
586,17,18,6.93634
586,17,22,3.01
586,18,19,6.54188
586,18,23,7.1401
586,19,24,3.32467
586,20,21,7.10218
586,21,22,5.13516
586,22,23,5.49306
586,23,24,9.03832
587,0,1,5.01045
587,0,5,5.70936
587,1,2,3.12924
587,1,6,2.62467
587,2,3,4.05041
587,2,7,2.9741
587,3,4,4.99995
587,3,8,4.90172
587,4,9,4.6709
587,5,6,2.36259
587,5,10,2.50081
587,6,7,4.2591
587,6,11,2.55127
587,7,8,3.57408
587,7,12,4.2523
587,8,9,2.70267
587,8,13,5.01314
587,9,14,1.78525
587,10,11,4.71852
587,10,15,3.68756
587,11,12,4.39243
587,11,16,5.31618
587,12,13,2.78691
587,12,17,4.16253
587,13,14,3.16242
587,13,18,4.45532
587,14,19,2.42967
587,15,16,2.43538
587,15,20,1.96532
587,16,17,2.2954
587,16,21,4.14074
587,17,18,3.8212
587,17,22,4.74937
587,18,19,2.88584
587,18,23,4.61908
587,19,24,5.57645
587,20,21,5.34604
587,21,22,4.29266
587,22,23,4.84638
587,23,24,2.66663
588,0,1,2.62575
588,0,5,5.83604
588,1,2,4.34834
588,1,6,2.43545
588,2,3,3.70425
588,2,7,3.83822
588,3,4,5.08768
588,3,8,3.11774
588,4,9,3.82107
588,5,6,3.77174
588,5,10,4.58637
588,6,7,5.74842
588,6,11,3.42176
588,7,8,3.58686
588,7,12,3.73999
588,8,9,4.59291
588,8,13,4.30335
588,9,14,4.04431
588,10,11,4.41729
588,10,15,2.01907
588,11,12,2.59398
588,11,16,2.12516
588,12,13,4.72861
588,12,17,2.14273
588,13,14,3.85529
588,13,18,3.80947
588,14,19,4.40078
588,15,16,4.24149
588,15,20,2.18078
588,16,17,2.8701
588,16,21,4.72251
588,17,18,4.15019
588,17,22,5.03002
588,18,19,2.85097
588,18,23,3.79621
588,19,24,6.05755
588,20,21,4.17555
588,21,22,4.62188
588,22,23,4.11406
588,23,24,3.65059
589,0,1,2.44596
589,0,5,2.72733
589,1,2,3.46656
589,1,6,4.17816
589,2,3,2.79178
589,2,7,5.52502
589,3,4,4.65132
589,3,8,5.50726
589,4,9,1.95732
589,5,6,5.96194
589,5,10,2.163
589,6,7,4.61998
589,6,11,5.07843
589,7,8,2.5368
589,7,12,6.42483
589,8,9,4.1393
589,8,13,5.3292
589,9,14,2.35624
589,10,11,2.14609
589,10,15,2.7563
589,11,12,5.22915
589,11,16,2.15579
589,12,13,6.7097
589,12,17,7.00855
589,13,14,5.53755
589,13,18,2.51683
589,14,19,5.01115
589,15,16,4.28061
589,15,20,2.14714
589,16,17,5.22265
589,16,21,3.66719
589,17,18,3.90791
589,17,22,3.5061
589,18,19,4.14926
589,18,23,2.83566
589,19,24,2.33237
589,20,21,1.91539
589,21,22,3.23556
589,22,23,2.23207
589,23,24,4.49065
590,0,1,4.41212
590,0,5,2.38059
590,1,2,4.82601
590,1,6,6.30066
590,2,3,5.50251
590,2,7,2.48967
590,3,4,3.81911
590,3,8,3.91643
590,4,9,3.7903
590,5,6,4.84069
590,5,10,3.89029
590,6,7,2.61782
590,6,11,5.48877
590,7,8,5.23313
590,7,12,3.35484
590,8,9,4.51113
590,8,13,7.01331
590,9,14,6.11245
590,10,11,2.09343
590,10,15,6.1393
590,11,12,3.00222
590,11,16,2.34815
590,12,13,6.78327
590,12,17,3.90825
590,13,14,2.72889
590,13,18,5.06187
590,14,19,4.60556
590,15,16,6.67714
590,15,20,4.76053
590,16,17,5.4834
590,16,21,4.07877
590,17,18,5.28172
590,17,22,6.08992
590,18,19,3.58516
590,18,23,5.04891
590,19,24,2.27363
590,20,21,5.25265
590,21,22,4.86272
590,22,23,5.44483
590,23,24,4.01324
591,0,1,3.9165
591,0,5,3.9327
591,1,2,3.2248
591,1,6,5.89777
591,2,3,2.0437
591,2,7,4.2667
591,3,4,4.62252
591,3,8,4.13204
591,4,9,2.95704
591,5,6,4.1972
591,5,10,2.01045
591,6,7,3.02193
591,6,11,2.56483
591,7,8,4.88
591,7,12,2.65919
591,8,9,3.52336
591,8,13,2.69171
591,9,14,5.28817
591,10,11,3.04288
591,10,15,4.15556
591,11,12,5.29065
591,11,16,3.09228
591,12,13,2.9663
591,12,17,4.15799
591,13,14,4.59591
591,13,18,2.85704
591,14,19,3.37072
591,15,16,5.81306
591,15,20,4.81863
591,16,17,4.32131
591,16,21,2.23211
591,17,18,4.48507
591,17,22,2.64384
591,18,19,2.38765
591,18,23,3.31122
591,19,24,2.57629
591,20,21,3.9355
591,21,22,4.9674
591,22,23,3.1281
591,23,24,2.45192
592,0,1,2.61607
592,0,5,3.29776
592,1,2,4.74641
592,1,6,4.26386
592,2,3,4.17745
592,2,7,1.92862
592,3,4,5.08018
592,3,8,5.39435
592,4,9,4.21016
592,5,6,3.56344
592,5,10,5.07054
592,6,7,2.33387
592,6,11,4.83423
592,7,8,4.54376
592,7,12,3.43841
592,8,9,1.84861
592,8,13,1.73545
592,9,14,1.86489
592,10,11,5.29898
592,10,15,3.50892
592,11,12,3.28407
592,11,16,3.21528
592,12,13,3.19134
592,12,17,2.09629
592,13,14,5.05661
592,13,18,3.26317
592,14,19,3.97964
592,15,16,1.92832
592,15,20,3.40352
592,16,17,4.70563
592,16,21,2.14506
592,17,18,3.05237
592,17,22,4.24754
592,18,19,5.10418
592,18,23,3.67808
592,19,24,4.2789
592,20,21,4.28236
592,21,22,4.292
592,22,23,3.34229
592,23,24,2.80024
593,0,1,4.19074
593,0,5,4.08928
593,1,2,2.53271
593,1,6,4.7908
593,2,3,3.46084
593,2,7,4.29555
593,3,4,3.18293
593,3,8,1.92397
593,4,9,2.79541
593,5,6,3.37429
593,5,10,2.47004
593,6,7,2.87067
593,6,11,3.9278
593,7,8,3.24947
593,7,12,4.10956
593,8,9,3.55314
593,8,13,3.87589
593,9,14,4.76838
593,10,11,5.60077
593,10,15,2.51396
593,11,12,3.47429
593,11,16,3.21377
593,12,13,5.19284
593,12,17,2.41448
593,13,14,4.08445
593,13,18,2.95963
593,14,19,4.27239
593,15,16,5.04558
593,15,20,3.49207
593,16,17,3.4188
593,16,21,4.00229
593,17,18,5.48454
593,17,22,4.11269
593,18,19,3.30941
593,18,23,3.44209
593,19,24,1.78971
593,20,21,3.77534
593,21,22,5.33131
593,22,23,2.86425
593,23,24,5.32867
594,0,1,2.31002
594,0,5,3.93013
594,1,2,4.6167
594,1,6,3.07085
594,2,3,3.10265
594,2,7,5.46634
594,3,4,2.4461
594,3,8,2.47723
594,4,9,4.80872
594,5,6,3.18876
594,5,10,4.79734
594,6,7,5.09792
594,6,11,4.70742
594,7,8,2.78045
594,7,12,4.50915
594,8,9,6.10534
594,8,13,6.04308
594,9,14,2.35544
594,10,11,3.31776
594,10,15,2.50255
594,11,12,6.81754
594,11,16,3.19204
594,12,13,4.87955
594,12,17,5.55839
594,13,14,1.95894
594,13,18,2.72557
594,14,19,4.1892
594,15,16,5.46283
594,15,20,5.11376
594,16,17,4.82347
594,16,21,3.64257
594,17,18,2.06957
594,17,22,3.15895
594,18,19,6.22133
594,18,23,5.72544
594,19,24,2.56174
594,20,21,2.26198
594,21,22,5.91311
594,22,23,2.10795
594,23,24,4.2994
595,0,1,2.59647
595,0,5,1.60852
595,1,2,2.73707
595,1,6,3.2873
595,2,3,2.47629
595,2,7,5.70749
595,3,4,2.60512
595,3,8,6.1524
595,4,9,5.24657
595,5,6,3.60023
595,5,10,2.88768
595,6,7,3.46425
595,6,11,3.33685
595,7,8,2.74854
595,7,12,3.78742
595,8,9,3.37319
595,8,13,2.18259
595,9,14,2.58734
595,10,11,3.09106
595,10,15,2.85413
595,11,12,1.14215
595,11,16,2.57171
595,12,13,1.69655
595,12,17,1.21431
595,13,14,6.29909
595,13,18,5.9087
595,14,19,3.62016
595,15,16,2.73381
595,15,20,5.76711
595,16,17,2.34321
595,16,21,2.64553
595,17,18,6.05289
595,17,22,2.53044
595,18,19,2.35556
595,18,23,2.37415
595,19,24,3.71596
595,20,21,5.98209
595,21,22,1.25599
595,22,23,5.05899
595,23,24,3.09018
596,0,1,3.85592
596,0,5,2.7142
596,1,2,3.15738
596,1,6,7.1064
596,2,3,2.59259
596,2,7,5.37149
596,3,4,3.51099
596,3,8,4.0095
596,4,9,2.17982
596,5,6,3.65503
596,5,10,3.78879
596,6,7,2.08502
596,6,11,5.55168
596,7,8,5.58483
596,7,12,4.93713
596,8,9,5.16182
596,8,13,3.72373
596,9,14,6.36981
596,10,11,3.90407
596,10,15,4.09386
596,11,12,4.93662
596,11,16,4.00547
596,12,13,4.91967
596,12,17,3.09947
596,13,14,2.8361
596,13,18,5.11392
596,14,19,3.30808
596,15,16,1.90516
596,15,20,5.30569
596,16,17,2.45518
596,16,21,3.88722
596,17,18,4.3316
596,17,22,5.07783
596,18,19,4.49616
596,18,23,4.88168
596,19,24,3.72572
596,20,21,3.78077
596,21,22,3.35583
596,22,23,4.46895
596,23,24,7.16863
597,0,1,4.72204
597,0,5,3.74454
597,1,2,2.63396
597,1,6,4.75438
597,2,3,4.35048
597,2,7,5.79682
597,3,4,2.28345
597,3,8,2.33904
597,4,9,5.12641
597,5,6,2.80242
597,5,10,2.77459
597,6,7,5.90048
597,6,11,6.0135
597,7,8,2.92764
597,7,12,3.55029
597,8,9,7.05583
597,8,13,3.52547
597,9,14,4.80862
597,10,11,2.92574
597,10,15,4.65182
597,11,12,4.11069
597,11,16,5.49014
597,12,13,5.00224
597,12,17,3.88375
597,13,14,4.72838
597,13,18,5.05442
597,14,19,5.3501
597,15,16,3.2422
597,15,20,2.63987
597,16,17,2.4865
597,16,21,4.02522
597,17,18,5.37882
597,17,22,4.66754
597,18,19,2.15466
597,18,23,5.14543
597,19,24,3.94357
597,20,21,6.02486
597,21,22,3.55662
597,22,23,4.89826
597,23,24,3.02626
598,0,1,6.0083
598,0,5,4.62374
598,1,2,6.08295
598,1,6,4.73755
598,2,3,4.04367
598,2,7,2.8865
598,3,4,4.64719
598,3,8,4.43366
598,4,9,3.39991
598,5,6,3.11236
598,5,10,5.80865
598,6,7,4.67427
598,6,11,3.56562
598,7,8,5.60071
598,7,12,4.72394
598,8,9,5.09436
598,8,13,2.3852
598,9,14,3.76776
598,10,11,5.82212
598,10,15,3.64914
598,11,12,4.95309
598,11,16,3.01806
598,12,13,2.67298
598,12,17,6.41757
598,13,14,5.6646
598,13,18,4.13762
598,14,19,2.4943
598,15,16,4.0055
598,15,20,5.6111
598,16,17,3.45718
598,16,21,2.75963
598,17,18,3.76731
598,17,22,3.75396
598,18,19,4.77716
598,18,23,6.13077
598,19,24,4.57569
598,20,21,2.71514
598,21,22,5.8659
598,22,23,4.47776
598,23,24,5.75688
599,0,1,7.64908
599,0,5,4.75773
599,1,2,7.1531
599,1,6,6.86085
599,2,3,2.1129
599,2,7,3.07482
599,3,4,2.38866
599,3,8,6.90182
599,4,9,4.71812
599,5,6,3.77705
599,5,10,3.06019
599,6,7,2.40942
599,6,11,5.13801
599,7,8,3.82643
599,7,12,3.25521
599,8,9,5.11868
599,8,13,5.37832
599,9,14,2.54669
599,10,11,2.14447
599,10,15,2.93218
599,11,12,1.92011
599,11,16,3.03532
599,12,13,3.43697
599,12,17,2.97656
599,13,14,4.29992
599,13,18,7.91168
599,14,19,6.73778
599,15,16,2.3664
599,15,20,3.5657
599,16,17,3.4013
599,16,21,2.42511
599,17,18,2.72538
599,17,22,3.50097
599,18,19,4.858
599,18,23,4.15673
599,19,24,6.4608
599,20,21,5.6787
599,21,22,5.44183
599,22,23,5.28119
599,23,24,3.15823
600,0,1,7.06549
600,0,5,6.1607
600,1,2,5.99871
600,1,6,3.67419
600,2,3,2.6121
600,2,7,5.21467
600,3,4,6.07792
600,3,8,3.40503
600,4,9,5.20193
600,5,6,6.18878
600,5,10,4.72624
600,6,7,3.93429
600,6,11,6.91637
600,7,8,3.09778
600,7,12,5.20817
600,8,9,4.2105
600,8,13,6.29065
600,9,14,4.00881
600,10,11,4.0522
600,10,15,2.42707
600,11,12,2.2294
600,11,16,3.76039
600,12,13,5.91464
600,12,17,5.18076
600,13,14,6.55029
600,13,18,3.52078
600,14,19,2.34274
600,15,16,5.89243
600,15,20,6.4417
600,16,17,2.29118
600,16,21,2.46627
600,17,18,5.43081
600,17,22,3.2218
600,18,19,3.26158
600,18,23,5.21991
600,19,24,2.58362
600,20,21,2.31825
600,21,22,5.29222
600,22,23,5.42489
600,23,24,6.68939
601,0,1,1.44472
601,0,5,2.75152
601,1,2,3.97812
601,1,6,2.82209
601,2,3,3.49077
601,2,7,2.58345
601,3,4,3.95769
601,3,8,5.28195
601,4,9,4.51524
601,5,6,3.81013
601,5,10,2.15102
601,6,7,3.12243
601,6,11,2.13174
601,7,8,4.16841
601,7,12,4.34683
601,8,9,2.85901
601,8,13,2.95368
601,9,14,2.25068
601,10,11,3.46205
601,10,15,4.26965
601,11,12,2.19467
601,11,16,2.77684
601,12,13,3.6649
601,12,17,2.95962
601,13,14,4.42013
601,13,18,1.95073
601,14,19,3.77587
601,15,16,2.14379
601,15,20,3.78472
601,16,17,3.36636
601,16,21,4.42403
601,17,18,4.42691
601,17,22,3.65086
601,18,19,3.4487
601,18,23,1.58741
601,19,24,1.84005
601,20,21,2.91932
601,21,22,4.41545
601,22,23,4.90948
601,23,24,2.1046
602,0,1,2.52393
602,0,5,3.18959
602,1,2,4.18722
602,1,6,3.63936
602,2,3,3.52866
602,2,7,3.01683
602,3,4,2.84049
602,3,8,2.34531
602,4,9,2.22034
602,5,6,3.57265
602,5,10,4.7132
602,6,7,4.77602
602,6,11,3.1973
602,7,8,4.34441
602,7,12,5.33013
602,8,9,4.16137
602,8,13,6.67136
602,9,14,4.70279
602,10,11,4.19434
602,10,15,2.63468
602,11,12,6.00806
602,11,16,2.14298
602,12,13,4.16364
602,12,17,5.86332
602,13,14,2.09828
602,13,18,5.78119
602,14,19,4.83646
602,15,16,6.5276
602,15,20,2.5865
602,16,17,4.56156
602,16,21,4.56233
602,17,18,1.76047
602,17,22,4.01595
602,18,19,5.42122
602,18,23,4.6763
602,19,24,6.7958
602,20,21,4.61409
602,21,22,2.90125
602,22,23,3.16144
602,23,24,3.79345
603,0,1,3.81017
603,0,5,3.34859
603,1,2,1.53902
603,1,6,4.4215
603,2,3,2.30513
603,2,7,2.29248
603,3,4,4.24031
603,3,8,4.4975
603,4,9,2.43029
603,5,6,3.98368
603,5,10,4.9868
603,6,7,2.55169
603,6,11,2.85479
603,7,8,2.19319
603,7,12,3.58439
603,8,9,2.62423
603,8,13,1.81607
603,9,14,5.42295
603,10,11,4.20804
603,10,15,6.3264
603,11,12,4.03792
603,11,16,7.07233
603,12,13,3.27955
603,12,17,2.00451
603,13,14,3.94292
603,13,18,3.62799
603,14,19,2.009
603,15,16,2.78913
603,15,20,4.8199
603,16,17,5.0729
603,16,21,1.4535
603,17,18,4.20989
603,17,22,3.87231
603,18,19,2.03713
603,18,23,4.98026
603,19,24,5.51113
603,20,21,4.59018
603,21,22,2.05307
603,22,23,2.37983
603,23,24,5.19369
604,0,1,3.96713
604,0,5,2.98344
604,1,2,4.19624
604,1,6,4.90404
604,2,3,5.63477
604,2,7,5.52625
604,3,4,4.12049
604,3,8,3.08579
604,4,9,2.99347
604,5,6,3.81521
604,5,10,5.01794
604,6,7,2.96427
604,6,11,2.37503
604,7,8,4.81133
604,7,12,2.93202
604,8,9,4.10643
604,8,13,3.74066
604,9,14,2.70782
604,10,11,5.60247
604,10,15,3.67485
604,11,12,3.98416
604,11,16,2.09173
604,12,13,4.91142
604,12,17,3.21629
604,13,14,4.00029
604,13,18,2.28958
604,14,19,1.76707
604,15,16,4.55778
604,15,20,4.02859
604,16,17,2.74322
604,16,21,3.64987
604,17,18,2.05962
604,17,22,2.24291
604,18,19,4.66602
604,18,23,1.72518
604,19,24,5.91817
604,20,21,3.20698
604,21,22,5.20994
604,22,23,2.12349
604,23,24,4.98497
605,0,1,5.64481
605,0,5,6.38313
605,1,2,5.00228
605,1,6,5.47806
605,2,3,2.54063
605,2,7,5.11637
605,3,4,4.85911
605,3,8,4.7343
605,4,9,4.4891
605,5,6,3.99532
605,5,10,4.77928
605,6,7,2.98591
605,6,11,4.02104
605,7,8,5.75358
605,7,12,5.78095
605,8,9,5.86962
605,8,13,5.37404
605,9,14,2.7229
605,10,11,2.95638
605,10,15,4.59315
605,11,12,4.2174
605,11,16,4.92284
605,12,13,2.30087
605,12,17,6.18685
605,13,14,3.04241
605,13,18,2.81804
605,14,19,3.22993
605,15,16,4.12586
605,15,20,4.91518
605,16,17,3.26465
605,16,21,6.19562
605,17,18,5.1909
605,17,22,3.57141
605,18,19,3.80108
605,18,23,3.50439
605,19,24,2.4054
605,20,21,3.12812
605,21,22,3.66772
605,22,23,3.66419
605,23,24,4.71159
606,0,1,4.39569
606,0,5,3.91617
606,1,2,4.17333
606,1,6,5.43304
606,2,3,5.65439
606,2,7,4.90159
606,3,4,3.86154
606,3,8,5.65075
606,4,9,4.61616
606,5,6,7.5608
606,5,10,5.04481
606,6,7,3.79982
606,6,11,4.53069
606,7,8,3.70071
606,7,12,6.41951
606,8,9,5.86487
606,8,13,2.78947
606,9,14,3.74597
606,10,11,6.06821
606,10,15,3.22031
606,11,12,2.88628
606,11,16,6.28594
606,12,13,4.51221
606,12,17,3.17885
606,13,14,4.61319
606,13,18,2.56471
606,14,19,4.47497
606,15,16,3.06378
606,15,20,7.17939
606,16,17,5.7645
606,16,21,2.63048
606,17,18,6.33648
606,17,22,4.49239
606,18,19,2.82574
606,18,23,3.3627
606,19,24,4.73244
606,20,21,5.71318
606,21,22,3.44939
606,22,23,2.65246
606,23,24,5.50809
607,0,1,5.10965
607,0,5,4.08032
607,1,2,5.99515
607,1,6,4.45575
607,2,3,2.31826
607,2,7,4.73967
607,3,4,4.04264
607,3,8,5.80892
607,4,9,2.2625
607,5,6,3.81485
607,5,10,5.18723
607,6,7,5.72472
607,6,11,4.57581
607,7,8,6.43622
607,7,12,4.34842
607,8,9,2.68892
607,8,13,3.08631
607,9,14,2.29547
607,10,11,3.98121
607,10,15,6.53305
607,11,12,2.44671
607,11,16,4.99585
607,12,13,4.20309
607,12,17,4.23246
607,13,14,6.55461
607,13,18,4.46298
607,14,19,4.42281
607,15,16,2.10222
607,15,20,4.9993
607,16,17,5.69444
607,16,21,3.34125
607,17,18,6.62103
607,17,22,2.98338
607,18,19,3.81692
607,18,23,5.2881
607,19,24,6.14388
607,20,21,5.12182
607,21,22,3.77132
607,22,23,3.78696
607,23,24,4.26815
608,0,1,3.77557
608,0,5,2.12342
608,1,2,4.31322
608,1,6,2.88566
608,2,3,3.46153
608,2,7,5.41414
608,3,4,4.12103
608,3,8,2.75795
608,4,9,5.21596
608,5,6,3.69879
608,5,10,4.61031
608,6,7,1.8832
608,6,11,2.0496
608,7,8,2.79328
608,7,12,1.80081
608,8,9,1.15623
608,8,13,3.3992
608,9,14,2.59676
608,10,11,4.12083
608,10,15,3.159
608,11,12,1.30561
608,11,16,2.56942
608,12,13,2.64551
608,12,17,1.7947
608,13,14,2.77782
608,13,18,2.58978
608,14,19,1.61052
608,15,16,2.83503
608,15,20,2.96437
608,16,17,4.09254
608,16,21,3.83478
608,17,18,3.00794
608,17,22,2.5319
608,18,19,4.11717
608,18,23,2.68208
608,19,24,3.44713
608,20,21,4.03
608,21,22,2.18017
608,22,23,4.88883
608,23,24,2.72116
609,0,1,3.26469
609,0,5,4.3323
609,1,2,6.47599
609,1,6,5.38874
609,2,3,5.05973
609,2,7,5.19509
609,3,4,2.74619
609,3,8,5.25921
609,4,9,3.209
609,5,6,2.57203
609,5,10,4.30603
609,6,7,4.67672
609,6,11,7.00966
609,7,8,6.05915
609,7,12,3.66917
609,8,9,2.91815
609,8,13,5.03194
609,9,14,4.14878
609,10,11,6.43114
609,10,15,2.45382
609,11,12,4.85615
609,11,16,4.81083
609,12,13,6.5894
609,12,17,3.39321
609,13,14,4.29102
609,13,18,3.02452
609,14,19,6.10812
609,15,16,5.01178
609,15,20,5.64729
609,16,17,5.84888
609,16,21,3.64692
609,17,18,3.82099
609,17,22,3.00939
609,18,19,6.89531
609,18,23,6.71622
609,19,24,5.13312
609,20,21,3.55079
609,21,22,4.6921
609,22,23,5.60404
609,23,24,3.5073
610,0,1,1.70945
610,0,5,4.99045
610,1,2,2.5423
610,1,6,4.59264
610,2,3,3.46358
610,2,7,2.42347
610,3,4,2.35353
610,3,8,4.50394
610,4,9,3.27254
610,5,6,5.2338
610,5,10,3.12273
610,6,7,5.04478
610,6,11,5.34709
610,7,8,4.20249
610,7,12,3.34925
610,8,9,5.10362
610,8,13,3.33974
610,9,14,6.46814
610,10,11,2.52817
610,10,15,7.04426
610,11,12,3.86208
610,11,16,4.73288
610,12,13,3.81597
610,12,17,2.41021
610,13,14,2.85972
610,13,18,2.76135
610,14,19,3.86028
610,15,16,1.97939
610,15,20,3.48679
610,16,17,4.94944
610,16,21,4.0772
610,17,18,3.48417
610,17,22,3.71128
610,18,19,1.74025
610,18,23,5.86907
610,19,24,1.9081
610,20,21,4.06111
610,21,22,2.81023
610,22,23,4.12982
610,23,24,2.16171
611,0,1,3.79317
611,0,5,2.91611
611,1,2,3.32373
611,1,6,4.3638
611,2,3,4.79385
611,2,7,4.71342
611,3,4,3.53112
611,3,8,7.18114
611,4,9,7.21472
611,5,6,2.89022
611,5,10,8.16364
611,6,7,4.01622
611,6,11,7.64701
611,7,8,6.58948
611,7,12,5.26206
611,8,9,7.27245
611,8,13,4.25534
611,9,14,5.63698
611,10,11,6.80934
611,10,15,3.7856
611,11,12,2.94573
611,11,16,2.98484
611,12,13,3.37654
611,12,17,2.47745
611,13,14,5.7049
611,13,18,5.21669
611,14,19,2.96511
611,15,16,5.14648
611,15,20,3.65513
611,16,17,5.11426
611,16,21,4.26117
611,17,18,6.35333
611,17,22,6.75851
611,18,19,6.17149
611,18,23,3.39086
611,19,24,3.19597
611,20,21,5.68491
611,21,22,4.88256
611,22,23,5.79258
611,23,24,7.37222
612,0,1,6.37965
612,0,5,3.29857
612,1,2,2.23328
612,1,6,6.52529
612,2,3,2.03291
612,2,7,4.71251
612,3,4,4.47605
612,3,8,4.9403
612,4,9,2.93936
612,5,6,3.17575
612,5,10,5.18611
612,6,7,3.5937
612,6,11,2.82701
612,7,8,6.56232
612,7,12,4.29259
612,8,9,5.34111
612,8,13,3.7179
612,9,14,2.537
612,10,11,2.9404
612,10,15,3.53742
612,11,12,5.4085
612,11,16,4.87713
612,12,13,3.68022
612,12,17,4.4247
612,13,14,2.78731
612,13,18,4.50629
612,14,19,6.5044
612,15,16,3.0393
612,15,20,3.25496
612,16,17,4.53825
612,16,21,3.26833
612,17,18,6.73715
612,17,22,2.54964
612,18,19,5.40496
612,18,23,7.26891
612,19,24,6.35858
612,20,21,4.77958
612,21,22,3.47892
612,22,23,3.85294
612,23,24,2.72751
613,0,1,2.31038
613,0,5,2.45634
613,1,2,3.93042
613,1,6,3.7636
613,2,3,2.73179
613,2,7,4.44426
613,3,4,2.92088
613,3,8,3.69794
613,4,9,2.95364
613,5,6,5.64183
613,5,10,2.78865
613,6,7,4.8611
613,6,11,3.33459
613,7,8,2.29739
613,7,12,6.56493
613,8,9,6.91818
613,8,13,4.47971
613,9,14,6.70314
613,10,11,5.36614
613,10,15,7.37726
613,11,12,2.44672
613,11,16,3.49762
613,12,13,7.05752
613,12,17,5.17929
613,13,14,5.5981
613,13,18,3.37475
613,14,19,3.34103
613,15,16,2.65917
613,15,20,3.43682
613,16,17,4.87473
613,16,21,4.84702
613,17,18,3.99828
613,17,22,2.795
613,18,19,1.9991
613,18,23,4.74804
613,19,24,4.4209
613,20,21,3.74334
613,21,22,2.66752
613,22,23,4.53113
613,23,24,3.57824
614,0,1,2.02097
614,0,5,3.72786
614,1,2,4.86084
614,1,6,4.63973
614,2,3,2.37333
614,2,7,2.74819
614,3,4,4.04094
614,3,8,2.86286
614,4,9,2.38036
614,5,6,2.84166
614,5,10,2.74249
614,6,7,2.61915
614,6,11,3.68137
614,7,8,1.82168
614,7,12,5.60895
614,8,9,2.61346
614,8,13,2.27207
614,9,14,4.26795
614,10,11,3.48661
614,10,15,2.63491
614,11,12,2.8777
614,11,16,1.82285
614,12,13,1.88886
614,12,17,3.15777
614,13,14,2.44541
614,13,18,1.87564
614,14,19,5.61589
614,15,16,3.47667
614,15,20,2.83952
614,16,17,2.04019
614,16,21,2.62294
614,17,18,5.27717
614,17,22,4.0498
614,18,19,4.02679
614,18,23,3.63903
614,19,24,4.03045
614,20,21,2.21936
614,21,22,4.60773
614,22,23,2.14982
614,23,24,3.15011
615,0,1,2.6856
615,0,5,4.77915
615,1,2,3.73859
615,1,6,3.1908
615,2,3,2.44549
615,2,7,3.14585
615,3,4,2.51545
615,3,8,3.24613
615,4,9,4.99601
615,5,6,5.50034
615,5,10,2.4188
615,6,7,3.90931
615,6,11,3.62803
615,7,8,2.24287
615,7,12,4.00198
615,8,9,2.88504
615,8,13,4.42496
615,9,14,5.18871
615,10,11,2.39153
615,10,15,4.92651
615,11,12,4.50714
615,11,16,3.156
615,12,13,1.73347
615,12,17,2.41581
615,13,14,4.46601
615,13,18,3.72393
615,14,19,4.57703
615,15,16,3.46543
615,15,20,3.13179
615,16,17,3.26668
615,16,21,2.82122
615,17,18,5.48447
615,17,22,5.22196
615,18,19,3.20235
615,18,23,4.20771
615,19,24,4.04783
615,20,21,2.4489
615,21,22,3.78953
615,22,23,5.82426
615,23,24,4.84343
616,0,1,3.05905
616,0,5,3.09139
616,1,2,4.15344
616,1,6,3.52758
616,2,3,2.6908
616,2,7,3.48977
616,3,4,4.00862
616,3,8,2.08536
616,4,9,4.70285
616,5,6,5.58874
616,5,10,3.66716
616,6,7,2.1578
616,6,11,3.41995
616,7,8,5.73007
616,7,12,2.7772
616,8,9,2.85892
616,8,13,6.0042
616,9,14,3.91795
616,10,11,5.0125
616,10,15,2.4378
616,11,12,6.22207
616,11,16,5.13313
616,12,13,3.3011
616,12,17,5.09267
616,13,14,5.35408
616,13,18,4.72958
616,14,19,2.09052
616,15,16,6.37032
616,15,20,4.44208
616,16,17,3.98534
616,16,21,6.29912
616,17,18,5.24556
616,17,22,4.05825
616,18,19,4.72884
616,18,23,2.05114
616,19,24,4.4076
616,20,21,3.49865
616,21,22,3.33747
616,22,23,3.58226
616,23,24,3.65439
617,0,1,3.5246
617,0,5,2.82966
617,1,2,4.7773
617,1,6,2.01502
617,2,3,5.31427
617,2,7,2.22121
617,3,4,5.54711
617,3,8,4.32377
617,4,9,5.01601
617,5,6,4.31791
617,5,10,2.53595
617,6,7,2.92035
617,6,11,3.83339
617,7,8,3.19221
617,7,12,2.99737
617,8,9,2.60018
617,8,13,4.16524
617,9,14,5.21043
617,10,11,4.79601
617,10,15,5.19279
617,11,12,5.96675
617,11,16,3.30753
617,12,13,3.73764
617,12,17,5.56916
617,13,14,4.6205
617,13,18,2.55896
617,14,19,3.0594
617,15,16,2.83098
617,15,20,3.65009
617,16,17,2.82172
617,16,21,3.04477
617,17,18,5.28734
617,17,22,3.87379
617,18,19,3.51849
617,18,23,3.80971
617,19,24,3.7826
617,20,21,1.80142
617,21,22,6.61299
617,22,23,2.15726
617,23,24,3.2203
618,0,1,3.78285
618,0,5,4.20471
618,1,2,4.25199
618,1,6,4.49797
618,2,3,5.19833
618,2,7,5.87874
618,3,4,5.41369
618,3,8,2.45671
618,4,9,1.93316
618,5,6,2.80092
618,5,10,4.95561
618,6,7,4.28137
618,6,11,3.69436
618,7,8,5.44468
618,7,12,5.83499
618,8,9,3.75307
618,8,13,4.69121
618,9,14,5.44863
618,10,11,5.88976
618,10,15,3.25149
618,11,12,2.32502
618,11,16,5.20468
618,12,13,3.39345
618,12,17,5.55236
618,13,14,4.34579
618,13,18,2.83251
618,14,19,5.02559
618,15,16,4.97665
618,15,20,3.26288
618,16,17,3.00017
618,16,21,5.54731
618,17,18,2.43156
618,17,22,6.15357
618,18,19,2.52647
618,18,23,2.62349
618,19,24,3.492
618,20,21,5.3139
618,21,22,3.93791
618,22,23,5.1753
618,23,24,3.09117
619,0,1,3.05333
619,0,5,3.08585
619,1,2,3.45474
619,1,6,2.97339
619,2,3,4.80106
619,2,7,2.32676
619,3,4,3.7176
619,3,8,3.06131
619,4,9,3.77336
619,5,6,2.55437
619,5,10,2.87394
619,6,7,2.5974
619,6,11,5.40559
619,7,8,6.4703
619,7,12,4.56544
619,8,9,5.12072
619,8,13,4.25039
619,9,14,3.12546
619,10,11,5.59677
619,10,15,3.08249
619,11,12,5.39504
619,11,16,2.4485
619,12,13,4.36595
619,12,17,4.12209
619,13,14,5.09778
619,13,18,3.30344
619,14,19,5.13595
619,15,16,3.4122
619,15,20,4.02842
619,16,17,5.22321
619,16,21,5.20089
619,17,18,4.80613
619,17,22,3.26422
619,18,19,5.14559
619,18,23,5.43968
619,19,24,5.79272
619,20,21,3.56901
619,21,22,3.30516
619,22,23,5.04553
619,23,24,2.33862
620,0,1,2.46764
620,0,5,4.06727
620,1,2,2.48887
620,1,6,3.9098
620,2,3,6.12698
620,2,7,4.61492
620,3,4,3.31242
620,3,8,1.93944
620,4,9,2.69409
620,5,6,2.95613
620,5,10,3.19545
620,6,7,2.95182
620,6,11,1.55337
620,7,8,3.97513
620,7,12,4.09945
620,8,9,2.82233
620,8,13,3.88013
620,9,14,1.79944
620,10,11,4.73475
620,10,15,3.20417
620,11,12,3.24971
620,11,16,4.27225
620,12,13,5.59834
620,12,17,4.51376
620,13,14,3.56293
620,13,18,3.54982
620,14,19,4.25355
620,15,16,2.18882
620,15,20,2.3165
620,16,17,5.03747
620,16,21,4.9838
620,17,18,2.93194
620,17,22,2.58943
620,18,19,5.61198
620,18,23,1.69753
620,19,24,4.89155
620,20,21,2.02196
620,21,22,2.26773
620,22,23,1.87721
620,23,24,2.11089
621,0,1,5.86228
621,0,5,7.2263
621,1,2,2.19941
621,1,6,2.56701
621,2,3,4.33802
621,2,7,3.24045
621,3,4,6.79569
621,3,8,3.92027
621,4,9,2.46351
621,5,6,6.1572
621,5,10,2.75264
621,6,7,3.46403
621,6,11,3.23492
621,7,8,6.68631
621,7,12,4.24053
621,8,9,2.76403
621,8,13,3.36896
621,9,14,3.73752
621,10,11,2.79369
621,10,15,6.01518
621,11,12,4.09334
621,11,16,5.05613
621,12,13,4.57761
621,12,17,6.68242
621,13,14,5.26708
621,13,18,2.2841
621,14,19,5.17144
621,15,16,4.35382
621,15,20,6.21445
621,16,17,5.96265
621,16,21,2.97595
621,17,18,2.07576
621,17,22,4.54805
621,18,19,6.28666
621,18,23,4.79091
621,19,24,3.29373
621,20,21,1.97942
621,21,22,3.68208
621,22,23,4.77282
621,23,24,2.3529
622,0,1,1.81055
622,0,5,4.09673
622,1,2,4.0254
622,1,6,2.31298
622,2,3,3.13418
622,2,7,3.40257
622,3,4,4.74971
622,3,8,2.10258
622,4,9,5.70424
622,5,6,2.19912
622,5,10,4.76449
622,6,7,1.8312
622,6,11,2.87162
622,7,8,4.59938
622,7,12,3.95669
622,8,9,2.82836
622,8,13,3.40331
622,9,14,3.8473
622,10,11,4.5351
622,10,15,3.26709
622,11,12,3.72012
622,11,16,1.75343
622,12,13,3.20455
622,12,17,2.92539
622,13,14,2.57107
622,13,18,2.05111
622,14,19,3.72811
622,15,16,2.58411
622,15,20,3.08725
622,16,17,3.81153
622,16,21,2.30141
622,17,18,4.23074
622,17,22,1.54807
622,18,19,4.00688
622,18,23,2.84455
622,19,24,2.24439
622,20,21,2.79816
622,21,22,2.2031
622,22,23,4.04624
622,23,24,2.48739
623,0,1,5.4142
623,0,5,6.15393
623,1,2,2.46087
623,1,6,3.52429
623,2,3,5.69272
623,2,7,4.89703
623,3,4,5.15487
623,3,8,5.88927
623,4,9,4.72788
623,5,6,2.97248
623,5,10,2.03067
623,6,7,5.89545
623,6,11,3.57924
623,7,8,5.53952
623,7,12,2.44094
623,8,9,4.88609
623,8,13,3.33984
623,9,14,4.78084
623,10,11,4.38465
623,10,15,5.31024
623,11,12,5.03765
623,11,16,6.51747
623,12,13,2.42328
623,12,17,3.39726
623,13,14,5.48939
623,13,18,4.59799
623,14,19,3.24879
623,15,16,5.40123
623,15,20,3.7986
623,16,17,6.39898
623,16,21,3.68606
623,17,18,2.32345
623,17,22,3.70302
623,18,19,4.43845
623,18,23,4.3703
623,19,24,4.87807
623,20,21,4.74944
623,21,22,5.21971
623,22,23,2.95166
623,23,24,4.4169
624,0,1,4.12027
624,0,5,2.54687
624,1,2,4.11221
624,1,6,4.39535
624,2,3,2.81253
624,2,7,3.25065
624,3,4,4.18446
624,3,8,5.5084
624,4,9,5.31482
624,5,6,5.83688
624,5,10,2.9622
624,6,7,4.06218
624,6,11,6.80064
624,7,8,6.04685
624,7,12,5.68235
624,8,9,5.5834
624,8,13,7.6435
624,9,14,6.32859
624,10,11,2.48862
624,10,15,7.26899
624,11,12,8.20876
624,11,16,3.1511
624,12,13,7.35462
624,12,17,6.23426
624,13,14,3.15578
624,13,18,6.25797
624,14,19,4.06532
624,15,16,3.66322
624,15,20,6.28628
624,16,17,6.18146
624,16,21,4.84689
624,17,18,3.65585
624,17,22,3.56226
624,18,19,7.088
624,18,23,4.90507
624,19,24,6.99498
624,20,21,4.72086
624,21,22,3.24498
624,22,23,2.72917
624,23,24,5.8348
625,0,1,2.20376
625,0,5,4.7699
625,1,2,4.0492
625,1,6,3.43728
625,2,3,1.97737
625,2,7,4.26735
625,3,4,5.03976
625,3,8,1.80257
625,4,9,2.3041
625,5,6,2.16433
625,5,10,2.1987
625,6,7,4.31108
625,6,11,1.57095
625,7,8,2.54513
625,7,12,3.63827
625,8,9,2.55612
625,8,13,3.67013
625,9,14,3.11562
625,10,11,3.05153
625,10,15,2.14332
625,11,12,5.00492
625,11,16,3.5467
625,12,13,1.72516
625,12,17,2.31665
625,13,14,3.08586
625,13,18,2.46145
625,14,19,2.1511
625,15,16,4.61543
625,15,20,3.78958
625,16,17,3.99029
625,16,21,4.95015
625,17,18,3.13337
625,17,22,2.24549
625,18,19,2.04049
625,18,23,2.21289
625,19,24,3.84729
625,20,21,1.83133
625,21,22,4.62658
625,22,23,5.29828
625,23,24,2.95404
626,0,1,5.39937
626,0,5,5.23665
626,1,2,3.12999
626,1,6,3.1523
626,2,3,5.25853
626,2,7,2.74386
626,3,4,3.43373
626,3,8,6.59219
626,4,9,2.31021
626,5,6,3.16504
626,5,10,6.47447
626,6,7,4.63117
626,6,11,3.24314
626,7,8,2.45629
626,7,12,6.00967
626,8,9,3.24985
626,8,13,3.37771
626,9,14,4.61071
626,10,11,2.89952
626,10,15,4.18974
626,11,12,5.67715
626,11,16,5.85184
626,12,13,6.34063
626,12,17,3.53534
626,13,14,3.33224
626,13,18,5.45475
626,14,19,5.24453
626,15,16,5.08858
626,15,20,6.46737
626,16,17,2.65125
626,16,21,4.60972
626,17,18,4.25863
626,17,22,2.59798
626,18,19,3.53742
626,18,23,6.09134
626,19,24,3.60037
626,20,21,6.84694
626,21,22,5.19526
626,22,23,3.32628
626,23,24,3.95103
627,0,1,2.3834
627,0,5,5.41462
627,1,2,4.4824
627,1,6,3.14191
627,2,3,1.9829
627,2,7,3.7187
627,3,4,4.95231
627,3,8,1.9016
627,4,9,2.1562
627,5,6,5.05139
627,5,10,2.05466
627,6,7,3.02266
627,6,11,3.01473
627,7,8,3.54944
627,7,12,3.71415
627,8,9,2.8889
627,8,13,2.11517
627,9,14,4.33652
627,10,11,2.97398
627,10,15,2.69162
627,11,12,4.32757
627,11,16,2.38853
627,12,13,2.72244
627,12,17,4.59722
627,13,14,1.71507
627,13,18,3.63255
627,14,19,4.17896
627,15,16,2.64565
627,15,20,3.51958
627,16,17,3.97539
627,16,21,4.8587
627,17,18,1.9035
627,17,22,3.91409
627,18,19,4.62985
627,18,23,2.39575
627,19,24,2.39007
627,20,21,3.18823
627,21,22,2.25926
627,22,23,3.92302
627,23,24,1.55508
628,0,1,6.29063
628,0,5,2.6033
628,1,2,5.85143
628,1,6,4.20383
628,2,3,4.52206
628,2,7,2.29566
628,3,4,2.52289
628,3,8,2.83386
628,4,9,5.68826
628,5,6,4.95574
628,5,10,5.94012
628,6,7,3.73891
628,6,11,3.06641
628,7,8,3.20219
628,7,12,4.92916
628,8,9,6.11987
628,8,13,4.975
628,9,14,3.36126
628,10,11,5.60628
628,10,15,4.69312
628,11,12,3.21056
628,11,16,1.94065
628,12,13,5.18293
628,12,17,4.74599
628,13,14,2.46467
628,13,18,4.79854
628,14,19,5.07356
628,15,16,4.97754
628,15,20,5.34997
628,16,17,3.51105
628,16,21,6.27853
628,17,18,5.17691
628,17,22,3.41697
628,18,19,3.41133
628,18,23,5.57813
628,19,24,3.64972
628,20,21,6.60327
628,21,22,5.57724
628,22,23,2.57243
628,23,24,3.41382
629,0,1,4.79702
629,0,5,3.08292
629,1,2,2.75172
629,1,6,6.34257
629,2,3,5.044
629,2,7,3.37524
629,3,4,2.85405
629,3,8,2.76931
629,4,9,2.61108
629,5,6,2.74647
629,5,10,5.90649
629,6,7,2.0089
629,6,11,3.83742
629,7,8,5.03097
629,7,12,6.63306
629,8,9,5.09144
629,8,13,2.5223
629,9,14,4.43501
629,10,11,6.24608
629,10,15,3.85706
629,11,12,3.7227
629,11,16,6.35886
629,12,13,4.86868
629,12,17,5.32181
629,13,14,5.87072
629,13,18,2.15246
629,14,19,6.23537
629,15,16,1.8833
629,15,20,2.69442
629,16,17,3.61493
629,16,21,3.72607
629,17,18,4.77679
629,17,22,5.73423
629,18,19,3.78201
629,18,23,5.7117
629,19,24,3.40262
629,20,21,3.12042
629,21,22,4.03598
629,22,23,4.75505
629,23,24,7.25761
630,0,1,4.38791
630,0,5,4.17286
630,1,2,4.89146
630,1,6,1.86867
630,2,3,5.72161
630,2,7,2.88421
630,3,4,4.11283
630,3,8,2.92679
630,4,9,3.67955
630,5,6,2.40993
630,5,10,2.90952
630,6,7,2.70179
630,6,11,2.99012
630,7,8,4.66243
630,7,12,2.56817
630,8,9,4.13486
630,8,13,2.77162
630,9,14,4.36955
630,10,11,3.38203
630,10,15,2.00038
630,11,12,4.26142
630,11,16,3.46809
630,12,13,4.70441
630,12,17,2.06484
630,13,14,2.52581
630,13,18,5.65921
630,14,19,4.38906
630,15,16,5.71402
630,15,20,3.75857
630,16,17,5.29536
630,16,21,6.58741
630,17,18,4.8207
630,17,22,5.80939
630,18,19,3.34895
630,18,23,2.99697
630,19,24,5.02687
630,20,21,2.1698
630,21,22,6.51059
630,22,23,2.86058
630,23,24,3.74585
631,0,1,3.57457
631,0,5,5.01509
631,1,2,3.05523
631,1,6,4.71119
631,2,3,3.72677
631,2,7,1.97122
631,3,4,2.68903
631,3,8,4.01028
631,4,9,5.29995
631,5,6,3.41754
631,5,10,3.02886
631,6,7,3.50759
631,6,11,5.16219
631,7,8,3.40071
631,7,12,2.47432
631,8,9,3.89661
631,8,13,3.68615
631,9,14,4.46722
631,10,11,2.69536
631,10,15,4.39124
631,11,12,2.50747
631,11,16,5.84835
631,12,13,3.81014
631,12,17,5.13022
631,13,14,5.75317
631,13,18,4.31845
631,14,19,2.20283
631,15,16,3.33857
631,15,20,4.25128
631,16,17,1.66707
631,16,21,3.08179
631,17,18,2.5828
631,17,22,1.63926
631,18,19,2.4897
631,18,23,2.47389
631,19,24,4.28069
631,20,21,5.31313
631,21,22,2.26467
631,22,23,4.30385
631,23,24,3.22057
632,0,1,3.86232
632,0,5,2.50912
632,1,2,3.65711
632,1,6,3.64025
632,2,3,2.22621
632,2,7,4.68674
632,3,4,3.08735
632,3,8,2.80754
632,4,9,4.49719
632,5,6,2.61237
632,5,10,4.38276
632,6,7,5.15869
632,6,11,2.06277
632,7,8,1.768
632,7,12,2.84162
632,8,9,1.70956
632,8,13,3.78674
632,9,14,2.92146
632,10,11,2.98144
632,10,15,1.8543
632,11,12,1.44328
632,11,16,3.94513
632,12,13,4.17575
632,12,17,3.42733
632,13,14,1.78047
632,13,18,2.21458
632,14,19,3.39761
632,15,16,3.22011
632,15,20,3.50951
632,16,17,3.90186
632,16,21,2.96627
632,17,18,2.90886
632,17,22,3.7296
632,18,19,1.67247
632,18,23,1.25229
632,19,24,4.87231
632,20,21,3.54135
632,21,22,2.64207
632,22,23,5.42891
632,23,24,3.11737
633,0,1,6.96684
633,0,5,4.62329
633,1,2,7.18948
633,1,6,7.01863
633,2,3,3.87102
633,2,7,2.74285
633,3,4,2.96403
633,3,8,3.7878
633,4,9,4.18511
633,5,6,4.64369
633,5,10,5.04855
633,6,7,4.49059
633,6,11,3.4158
633,7,8,2.84574
633,7,12,2.19406
633,8,9,5.50239
633,8,13,4.60891
633,9,14,3.39049
633,10,11,3.84477
633,10,15,4.33828
633,11,12,5.42211
633,11,16,5.74957
633,12,13,5.77296
633,12,17,4.20034
633,13,14,2.99411
633,13,18,6.01188
633,14,19,3.9994
633,15,16,2.31321
633,15,20,3.26147
633,16,17,4.01645
633,16,21,2.74272
633,17,18,4.26436
633,17,22,6.30247
633,18,19,6.96208
633,18,23,3.86466
633,19,24,2.22139
633,20,21,7.23999
633,21,22,4.35999
633,22,23,2.02353
633,23,24,4.54099
634,0,1,3.40861
634,0,5,4.33422
634,1,2,4.35293
634,1,6,5.38693
634,2,3,5.9448
634,2,7,4.68263
634,3,4,2.51984
634,3,8,4.99429
634,4,9,2.15039
634,5,6,5.19029
634,5,10,5.64576
634,6,7,3.13191
634,6,11,3.57906
634,7,8,6.15471
634,7,12,3.90043
634,8,9,3.70399
634,8,13,6.12443
634,9,14,5.79433
634,10,11,3.01442
634,10,15,4.72192
634,11,12,4.49358
634,11,16,2.37565
634,12,13,5.89621
634,12,17,6.32372
634,13,14,3.22129
634,13,18,3.89789
634,14,19,3.97737
634,15,16,2.44567
634,15,20,2.17496
634,16,17,2.38373
634,16,21,2.1641
634,17,18,3.50788
634,17,22,6.31951
634,18,19,4.73099
634,18,23,2.41343
634,19,24,4.10257
634,20,21,2.96617
634,21,22,5.3022
634,22,23,3.55841
634,23,24,3.70397
635,0,1,3.67237
635,0,5,5.70669
635,1,2,3.61041
635,1,6,5.79804
635,2,3,3.34543
635,2,7,2.46295
635,3,4,3.51757
635,3,8,3.62393
635,4,9,6.68856
635,5,6,4.7023
635,5,10,5.05722
635,6,7,2.45988
635,6,11,3.7582
635,7,8,2.62465
635,7,12,4.43613
635,8,9,5.92529
635,8,13,2.16074
635,9,14,2.12298
635,10,11,4.32808
635,10,15,5.24774
635,11,12,2.57197
635,11,16,3.06822
635,12,13,3.92712
635,12,17,4.83961
635,13,14,4.15599
635,13,18,6.85921
635,14,19,5.7688
635,15,16,5.89291
635,15,20,2.09424
635,16,17,2.7392
635,16,21,5.59724
635,17,18,6.72535
635,17,22,2.88377
635,18,19,6.04013
635,18,23,5.65223
635,19,24,2.61328
635,20,21,5.69342
635,21,22,3.55787
635,22,23,2.59355
635,23,24,5.2637
636,0,1,2.10739
636,0,5,5.26796
636,1,2,2.44588
636,1,6,6.85056
636,2,3,2.88904
636,2,7,2.19136
636,3,4,2.46427
636,3,8,2.97157
636,4,9,3.54711
636,5,6,3.09788
636,5,10,4.7831
636,6,7,2.37067
636,6,11,5.83956
636,7,8,2.43092
636,7,12,6.47292
636,8,9,5.53172
636,8,13,3.68995
636,9,14,6.70752
636,10,11,4.70797
636,10,15,5.9783
636,11,12,2.87816
636,11,16,6.21323
636,12,13,4.20638
636,12,17,5.86957
636,13,14,6.65895
636,13,18,4.52688
636,14,19,6.26105
636,15,16,3.98616
636,15,20,6.60524
636,16,17,2.54468
636,16,21,4.0222
636,17,18,4.31725
636,17,22,2.2576
636,18,19,4.41193
636,18,23,6.2667
636,19,24,2.4502
636,20,21,3.65202
636,21,22,5.08963
636,22,23,2.35342
636,23,24,4.26523
637,0,1,4.4253
637,0,5,5.70749
637,1,2,3.60438
637,1,6,4.72095
637,2,3,2.85606
637,2,7,1.97376
637,3,4,2.19317
637,3,8,2.5363
637,4,9,4.08232
637,5,6,6.64237
637,5,10,3.99944
637,6,7,2.19546
637,6,11,4.55745
637,7,8,3.58947
637,7,12,3.29135
637,8,9,3.3642
637,8,13,2.17378
637,9,14,4.71001
637,10,11,4.39201
637,10,15,2.61369
637,11,12,2.71805
637,11,16,4.08804
637,12,13,3.79022
637,12,17,3.50566
637,13,14,5.39896
637,13,18,2.18124
637,14,19,5.13936
637,15,16,4.81603
637,15,20,3.59186
637,16,17,2.53273
637,16,21,5.88657
637,17,18,5.604
637,17,22,2.40657
637,18,19,4.46632
637,18,23,4.01982
637,19,24,4.39891
637,20,21,3.62016
637,21,22,5.66802
637,22,23,5.29571
637,23,24,4.80914
638,0,1,3.57559
638,0,5,2.60734
638,1,2,6.02916
638,1,6,4.56009
638,2,3,6.11359
638,2,7,4.44883
638,3,4,5.45471
638,3,8,2.52845
638,4,9,3.2272
638,5,6,2.76111
638,5,10,3.77122
638,6,7,5.35406
638,6,11,2.83345
638,7,8,4.32726
638,7,12,4.49734
638,8,9,4.22159
638,8,13,3.78093
638,9,14,2.48872
638,10,11,5.98602
638,10,15,3.91987
638,11,12,4.56001
638,11,16,4.8153
638,12,13,6.32603
638,12,17,4.72222
638,13,14,2.0344
638,13,18,3.52039
638,14,19,4.89142
638,15,16,4.15529
638,15,20,3.0575
638,16,17,5.36613
638,16,21,2.96159
638,17,18,2.38382
638,17,22,2.50145
638,18,19,3.5121
638,18,23,5.23919
638,19,24,3.0262
638,20,21,3.86954
638,21,22,6.09681
638,22,23,5.38361
638,23,24,3.79327
639,0,1,2.52347
639,0,5,2.41551
639,1,2,4.76782
639,1,6,4.30092
639,2,3,3.47398
639,2,7,2.46258
639,3,4,3.17935
639,3,8,3.03824
639,4,9,5.8961
639,5,6,4.75657
639,5,10,5.22732
639,6,7,4.76495
639,6,11,5.65883
639,7,8,2.36549
639,7,12,2.14359
639,8,9,2.34496
639,8,13,4.05096
639,9,14,4.59993
639,10,11,3.40552
639,10,15,3.14757
639,11,12,2.92881
639,11,16,1.91815
639,12,13,4.10788
639,12,17,1.79182
639,13,14,3.05136
639,13,18,2.05037
639,14,19,2.3789
639,15,16,3.64381
639,15,20,3.63898
639,16,17,3.2458
639,16,21,3.98896
639,17,18,5.26793
639,17,22,1.98011
639,18,19,4.00125
639,18,23,2.13266
639,19,24,3.89082
639,20,21,2.95871
639,21,22,4.194
639,22,23,2.14793
639,23,24,5.0334
640,0,1,3.80003
640,0,5,6.05394
640,1,2,5.35212
640,1,6,5.63424
640,2,3,3.01536
640,2,7,5.70834
640,3,4,2.70398
640,3,8,4.23901
640,4,9,3.93003
640,5,6,2.95686
640,5,10,3.06454
640,6,7,4.94131
640,6,11,2.36515
640,7,8,3.97721
640,7,12,1.69298
640,8,9,2.19421
640,8,13,4.83208
640,9,14,2.21235
640,10,11,5.43101
640,10,15,3.79562
640,11,12,4.55595
640,11,16,4.31071
640,12,13,5.88893
640,12,17,3.11712
640,13,14,5.81348
640,13,18,4.45141
640,14,19,4.07287
640,15,16,2.9144
640,15,20,5.08286
640,16,17,4.22513
640,16,21,4.72383
640,17,18,3.22258
640,17,22,3.96519
640,18,19,3.84913
640,18,23,3.54526
640,19,24,6.48374
640,20,21,4.02679
640,21,22,5.78177
640,22,23,5.33252
640,23,24,2.56048
641,0,1,2.84854
641,0,5,4.18373
641,1,2,5.78023
641,1,6,3.60632
641,2,3,4.04104
641,2,7,4.87879
641,3,4,3.70141
641,3,8,2.16145
641,4,9,3.2923
641,5,6,3.56843
641,5,10,2.48119
641,6,7,5.16168
641,6,11,2.04564
641,7,8,4.61062
641,7,12,2.86747
641,8,9,1.63558
641,8,13,5.96885
641,9,14,3.33827
641,10,11,4.50909
641,10,15,3.95346
641,11,12,2.71096
641,11,16,3.73733
641,12,13,3.25263
641,12,17,5.93367
641,13,14,3.43214
641,13,18,3.07682
641,14,19,2.86245
641,15,16,4.32754
641,15,20,2.96656
641,16,17,5.7694
641,16,21,4.14851
641,17,18,4.29677
641,17,22,4.45054
641,18,19,4.23917
641,18,23,1.73129
641,19,24,2.25776
641,20,21,3.6834
641,21,22,3.62833
641,22,23,3.9905
641,23,24,2.77706
642,0,1,3.67445
642,0,5,1.96903
642,1,2,2.15076
642,1,6,1.8413
642,2,3,1.71477
642,2,7,3.37663
642,3,4,2.52938
642,3,8,2.07759
642,4,9,4.42
642,5,6,2.47803
642,5,10,2.70484
642,6,7,3.73068
642,6,11,3.50873
642,7,8,2.96125
642,7,12,3.28561
642,8,9,2.84847
642,8,13,3.5371
642,9,14,2.79919
642,10,11,4.68649
642,10,15,3.71959
642,11,12,1.946
642,11,16,1.54553
642,12,13,2.66811
642,12,17,3.00356
642,13,14,2.72748
642,13,18,3.13235
642,14,19,2.9178
642,15,16,1.40726
642,15,20,1.87718
642,16,17,3.30391
642,16,21,4.53139
642,17,18,4.26179
642,17,22,2.41922
642,18,19,3.11452
642,18,23,3.58102
642,19,24,2.24316
642,20,21,5.63266
642,21,22,4.09083
642,22,23,4.39846
642,23,24,3.86077
643,0,1,3.86186
643,0,5,3.25905
643,1,2,2.42895
643,1,6,5.09812
643,2,3,3.02741
643,2,7,6.19664
643,3,4,1.7654
643,3,8,5.00076
643,4,9,4.91045
643,5,6,3.69568
643,5,10,3.62311
643,6,7,2.86879
643,6,11,5.2922
643,7,8,2.8655
643,7,12,2.85166
643,8,9,5.95028
643,8,13,2.49064
643,9,14,4.59821
643,10,11,3.91655
643,10,15,5.67092
643,11,12,2.32138
643,11,16,2.13894
643,12,13,2.18113
643,12,17,3.88469
643,13,14,2.01165
643,13,18,3.29479
643,14,19,2.10616
643,15,16,5.31402
643,15,20,5.47964
643,16,17,4.84576
643,16,21,4.59428
643,17,18,3.96818
643,17,22,2.32003
643,18,19,3.29752
643,18,23,3.4607
643,19,24,3.71254
643,20,21,3.7857
643,21,22,1.89641
643,22,23,3.24132
643,23,24,2.71433
644,0,1,4.48451
644,0,5,4.05383
644,1,2,5.02533
644,1,6,3.1855
644,2,3,1.97773
644,2,7,3.6825
644,3,4,2.86
644,3,8,2.58707
644,4,9,5.06969
644,5,6,6.8809
644,5,10,3.44906
644,6,7,2.85822
644,6,11,3.22839
644,7,8,6.44314
644,7,12,2.48451
644,8,9,5.39538
644,8,13,1.86774
644,9,14,3.02764
644,10,11,4.41373
644,10,15,4.46283
644,11,12,4.39211
644,11,16,6.94766
644,12,13,2.50796
644,12,17,4.64893
644,13,14,4.32054
644,13,18,3.78618
644,14,19,5.61938
644,15,16,3.40602
644,15,20,6.88968
644,16,17,4.21473
644,16,21,5.49712
644,17,18,5.76823
644,17,22,2.85078
644,18,19,3.73662
644,18,23,2.42315
644,19,24,4.7438
644,20,21,5.96664
644,21,22,5.01844
644,22,23,2.39284
644,23,24,3.76711
645,0,1,1.86057
645,0,5,1.87163
645,1,2,2.8482
645,1,6,6.58878
645,2,3,3.84718
645,2,7,4.05148
645,3,4,4.87663
645,3,8,3.04715
645,4,9,2.89527
645,5,6,2.59859
645,5,10,5.86793
645,6,7,3.18594
645,6,11,3.80803
645,7,8,3.1078
645,7,12,4.93925
645,8,9,4.21674
645,8,13,3.97974
645,9,14,4.26225
645,10,11,3.48006
645,10,15,5.40445
645,11,12,5.59124
645,11,16,6.04161
645,12,13,3.2771
645,12,17,3.18983
645,13,14,6.02015
645,13,18,2.14552
645,14,19,4.87778
645,15,16,1.72487
645,15,20,4.93082
645,16,17,4.94464
645,16,21,4.14152
645,17,18,5.77443
645,17,22,4.47525
645,18,19,2.69726
645,18,23,4.78676
645,19,24,1.82151
645,20,21,2.56773
645,21,22,3.76734
645,22,23,5.3245
645,23,24,6.22281
646,0,1,6.04703
646,0,5,2.53273
646,1,2,6.74093
646,1,6,2.20086
646,2,3,5.73352
646,2,7,3.92861
646,3,4,6.06906
646,3,8,1.98376
646,4,9,2.24454
646,5,6,5.14061
646,5,10,4.82441
646,6,7,2.86123
646,6,11,2.49485
646,7,8,3.31745
646,7,12,4.97393
646,8,9,3.75237
646,8,13,4.01037
646,9,14,4.28949
646,10,11,4.07963
646,10,15,3.86715
646,11,12,3.94047
646,11,16,4.66255
646,12,13,6.34823
646,12,17,7.17823
646,13,14,3.57914
646,13,18,4.5374
646,14,19,5.54195
646,15,16,5.79435
646,15,20,3.28355
646,16,17,4.73585
646,16,21,5.3503
646,17,18,5.28533
646,17,22,4.68225
646,18,19,6.48444
646,18,23,3.70815
646,19,24,5.81859
646,20,21,2.83605
646,21,22,3.51015
646,22,23,1.93245
646,23,24,3.91787
647,0,1,2.49385
647,0,5,4.0226
647,1,2,2.02806
647,1,6,3.86484
647,2,3,3.61676
647,2,7,5.26627
647,3,4,6.23169
647,3,8,3.22614
647,4,9,5.16362
647,5,6,2.26083
647,5,10,2.56862
647,6,7,3.97467
647,6,11,1.70587
647,7,8,4.04245
647,7,12,2.93664
647,8,9,3.08543
647,8,13,4.6922
647,9,14,3.52001
647,10,11,5.75422
647,10,15,2.42511
647,11,12,3.2778
647,11,16,2.82115
647,12,13,5.23455
647,12,17,4.06447
647,13,14,4.396
647,13,18,5.54176
647,14,19,3.74872
647,15,16,2.53268
647,15,20,3.84045
647,16,17,6.39635
647,16,21,2.71172
647,17,18,3.66938
647,17,22,4.92577
647,18,19,5.20038
647,18,23,3.92471
647,19,24,5.97923
647,20,21,2.05774
647,21,22,2.47768
647,22,23,3.95002
647,23,24,2.80144
648,0,1,5.04379
648,0,5,5.28399
648,1,2,6.36973
648,1,6,2.21178
648,2,3,5.20988
648,2,7,2.1292
648,3,4,6.57457
648,3,8,5.67842
648,4,9,5.40296
648,5,6,2.25372
648,5,10,2.36351
648,6,7,4.40127
648,6,11,2.11448
648,7,8,2.27378
648,7,12,2.67489
648,8,9,2.05584
648,8,13,3.34079
648,9,14,4.09906
648,10,11,2.46569
648,10,15,3.286
648,11,12,2.58192
648,11,16,2.23067
648,12,13,3.79465
648,12,17,2.0398
648,13,14,3.53964
648,13,18,5.25918
648,14,19,5.84468
648,15,16,2.48893
648,15,20,1.90077
648,16,17,3.32804
648,16,21,2.21544
648,17,18,5.96361
648,17,22,3.54238
648,18,19,3.05432
648,18,23,4.02903
648,19,24,2.40497
648,20,21,5.35308
648,21,22,2.2451
648,22,23,4.18186
648,23,24,3.35247
649,0,1,6.69959
649,0,5,3.81408
649,1,2,3.60453
649,1,6,5.75271
649,2,3,2.58847
649,2,7,4.56617
649,3,4,3.85562
649,3,8,4.81383
649,4,9,3.24483
649,5,6,6.93035
649,5,10,2.32792
649,6,7,4.75617
649,6,11,2.80488
649,7,8,3.09163
649,7,12,6.6357
649,8,9,6.19595
649,8,13,2.814
649,9,14,5.14429
649,10,11,4.86662
649,10,15,3.78257
649,11,12,3.98353
649,11,16,4.06214
649,12,13,4.88833
649,12,17,4.42241
649,13,14,2.04909
649,13,18,4.28243
649,14,19,6.26397
649,15,16,6.36759
649,15,20,3.4603
649,16,17,2.57427
649,16,21,2.64067
649,17,18,4.36434
649,17,22,6.78934
649,18,19,7.15157
649,18,23,4.45608
649,19,24,3.2629
649,20,21,6.57385
649,21,22,5.79368
649,22,23,4.55669
649,23,24,4.57288
650,0,1,2.49704
650,0,5,4.73766
650,1,2,4.51939
650,1,6,4.21891
650,2,3,4.41836
650,2,7,3.50536
650,3,4,2.24957
650,3,8,5.10094
650,4,9,5.97249
650,5,6,2.0177
650,5,10,5.0534
650,6,7,3.92409
650,6,11,4.85782
650,7,8,5.1067
650,7,12,1.96469
650,8,9,4.39626
650,8,13,2.68789
650,9,14,5.06453
650,10,11,2.01801
650,10,15,3.60771
650,11,12,3.09497
650,11,16,2.1126
650,12,13,4.41796
650,12,17,4.6629
650,13,14,3.67562
650,13,18,1.84503
650,14,19,4.62996
650,15,16,1.76302
650,15,20,2.61437
650,16,17,3.67578
650,16,21,4.24432
650,17,18,2.52127
650,17,22,3.13033
650,18,19,3.69445
650,18,23,2.65053
650,19,24,1.85696
650,20,21,4.84321
650,21,22,5.48532
650,22,23,4.31152
650,23,24,4.8344
651,0,1,3.95487
651,0,5,3.71592
651,1,2,7.47838
651,1,6,4.74053
651,2,3,4.10739
651,2,7,2.3908
651,3,4,4.99683
651,3,8,4.78287
651,4,9,3.46322
651,5,6,7.47414
651,5,10,5.36293
651,6,7,4.33251
651,6,11,3.99302
651,7,8,5.09898
651,7,12,6.63511
651,8,9,7.56366
651,8,13,6.09788
651,9,14,3.72909
651,10,11,3.47106
651,10,15,3.28707
651,11,12,2.88038
651,11,16,2.18732
651,12,13,3.52853
651,12,17,5.95314
651,13,14,4.51456
651,13,18,2.55485
651,14,19,6.58714
651,15,16,6.09028
651,15,20,4.21988
651,16,17,1.52575
651,16,21,4.60611
651,17,18,7.19334
651,17,22,6.72972
651,18,19,4.98315
651,18,23,3.72014
651,19,24,3.28339
651,20,21,4.06743
651,21,22,3.66792
651,22,23,2.222
651,23,24,7.31661
652,0,1,5.25079
652,0,5,5.77353
652,1,2,3.16355
652,1,6,3.82657
652,2,3,5.97275
652,2,7,5.2962
652,3,4,2.7915
652,3,8,4.66485
652,4,9,5.24026
652,5,6,2.14535
652,5,10,4.6188
652,6,7,2.17631
652,6,11,4.16598
652,7,8,5.6201
652,7,12,2.8938
652,8,9,2.89114
652,8,13,4.38015
652,9,14,5.07965
652,10,11,2.29114
652,10,15,4.99261
652,11,12,4.46308
652,11,16,4.89286
652,12,13,3.02358
652,12,17,4.05287
652,13,14,2.23172
652,13,18,2.6852
652,14,19,2.96756
652,15,16,2.34379
652,15,20,3.81076
652,16,17,4.08028
652,16,21,4.86585
652,17,18,5.1011
652,17,22,2.10488
652,18,19,4.78622
652,18,23,2.36078
652,19,24,2.83095
652,20,21,2.02947
652,21,22,5.16649
652,22,23,2.7783
652,23,24,4.35801
653,0,1,3.71123
653,0,5,2.53053
653,1,2,5.22615
653,1,6,6.43222
653,2,3,3.36183
653,2,7,4.38428
653,3,4,3.88043
653,3,8,2.89241
653,4,9,3.35063
653,5,6,3.34383
653,5,10,7.84182
653,6,7,2.70891
653,6,11,4.62001
653,7,8,5.5224
653,7,12,4.29099
653,8,9,6.59755
653,8,13,6.07868
653,9,14,4.9265
653,10,11,4.86514
653,10,15,6.82672
653,11,12,5.57356
653,11,16,4.10644
653,12,13,6.12152
653,12,17,4.88806
653,13,14,2.92011
653,13,18,5.47535
653,14,19,3.0914
653,15,16,4.41036
653,15,20,4.59662
653,16,17,3.26117
653,16,21,3.51561
653,17,18,6.43631
653,17,22,2.82659
653,18,19,2.76383
653,18,23,4.31676
653,19,24,6.26942
653,20,21,7.03036
653,21,22,3.87188
653,22,23,4.19374
653,23,24,3.39416
654,0,1,2.6849
654,0,5,2.17251
654,1,2,2.51624
654,1,6,3.45365
654,2,3,4.9168
654,2,7,5.4654
654,3,4,2.01775
654,3,8,6.14993
654,4,9,4.92252
654,5,6,3.24188
654,5,10,2.52809
654,6,7,4.85228
654,6,11,2.41532
654,7,8,4.83148
654,7,12,8.26748
654,8,9,3.04523
654,8,13,3.55088
654,9,14,6.06361
654,10,11,4.78586
654,10,15,3.15954
654,11,12,5.6019
654,11,16,6.23683
654,12,13,3.64263
654,12,17,6.83808
654,13,14,2.25952
654,13,18,5.13793
654,14,19,2.85196
654,15,16,5.45339
654,15,20,2.41779
654,16,17,5.5025
654,16,21,6.36869
654,17,18,2.55793
654,17,22,7.04228
654,18,19,4.43323
654,18,23,4.81764
654,19,24,2.4109
654,20,21,4.13118
654,21,22,2.95393
654,22,23,3.77558
654,23,24,4.64823
655,0,1,2.64725
655,0,5,3.12389
655,1,2,5.58004
655,1,6,8.27248
655,2,3,2.93198
655,2,7,7.29969
655,3,4,4.1406
655,3,8,2.61828
655,4,9,2.8676
655,5,6,5.44078
655,5,10,7.47077
655,6,7,3.62823
655,6,11,5.73276
655,7,8,5.82731
655,7,12,2.52977
655,8,9,6.82038
655,8,13,2.6048
655,9,14,5.33618
655,10,11,6.49582
655,10,15,7.64806
655,11,12,4.64947
655,11,16,4.27836
655,12,13,4.6969
655,12,17,5.16411
655,13,14,6.08562
655,13,18,6.50542
655,14,19,3.27927
655,15,16,5.46526
655,15,20,7.11436
655,16,17,4.06766
655,16,21,4.82304
655,17,18,3.35921
655,17,22,5.5161
655,18,19,4.90349
655,18,23,4.52263
655,19,24,5.2331
655,20,21,5.14115
655,21,22,1.98453
655,22,23,6.82072
655,23,24,5.15668
656,0,1,4.20553
656,0,5,2.72461
656,1,2,4.00533
656,1,6,2.89076
656,2,3,3.50545
656,2,7,2.84777
656,3,4,4.29818
656,3,8,5.27982
656,4,9,3.43443
656,5,6,5.87482
656,5,10,3.60908
656,6,7,2.89547
656,6,11,4.9862
656,7,8,2.64833
656,7,12,4.37226
656,8,9,3.90995
656,8,13,5.27717
656,9,14,2.7363
656,10,11,3.45598
656,10,15,3.5001
656,11,12,2.49974
656,11,16,5.98812
656,12,13,4.74283
656,12,17,2.15602
656,13,14,6.8989
656,13,18,4.11005
656,14,19,6.04097
656,15,16,3.02478
656,15,20,6.43044
656,16,17,5.08271
656,16,21,4.69666
656,17,18,4.04942
656,17,22,4.99067
656,18,19,5.96638
656,18,23,7.46513
656,19,24,5.14359
656,20,21,3.7676
656,21,22,1.95055
656,22,23,2.83822
656,23,24,3.19382
657,0,1,5.20177
657,0,5,2.79869
657,1,2,5.45548
657,1,6,6.84348
657,2,3,5.44648
657,2,7,3.8669
657,3,4,4.87945
657,3,8,2.68391
657,4,9,6.16872
657,5,6,7.3044
657,5,10,3.30626
657,6,7,5.48031
657,6,11,5.99631
657,7,8,5.80847
657,7,12,5.34485
657,8,9,4.14874
657,8,13,5.01323
657,9,14,3.51402
657,10,11,4.95912
657,10,15,3.12271
657,11,12,3.65184
657,11,16,3.38703
657,12,13,6.39432
657,12,17,7.23303
657,13,14,4.00432
657,13,18,3.2993
657,14,19,6.42271
657,15,16,5.85036
657,15,20,6.88899
657,16,17,6.18439
657,16,21,7.13828
657,17,18,6.5154
657,17,22,7.56719
657,18,19,7.45648
657,18,23,7.14852
657,19,24,3.92836
657,20,21,5.0689
657,21,22,6.58079
657,22,23,2.68639
657,23,24,6.78266
658,0,1,3.31328
658,0,5,3.93386
658,1,2,6.51373
658,1,6,3.48501
658,2,3,5.58619
658,2,7,2.93918
658,3,4,4.68622
658,3,8,3.62765
658,4,9,6.47296
658,5,6,5.15729
658,5,10,2.98399
658,6,7,1.81152
658,6,11,4.98732
658,7,8,6.17553
658,7,12,5.16296
658,8,9,5.29257
658,8,13,2.00115
658,9,14,4.58824
658,10,11,4.29867
658,10,15,4.50385
658,11,12,3.20378
658,11,16,4.12285
658,12,13,3.49402
658,12,17,2.75277
658,13,14,2.29332
658,13,18,4.83271
658,14,19,5.37808
658,15,16,1.90321
658,15,20,2.67558
658,16,17,2.34919
658,16,21,3.66976
658,17,18,5.95068
658,17,22,5.33142
658,18,19,6.66741
658,18,23,4.80679
658,19,24,4.57747
658,20,21,6.05044
658,21,22,3.55492
658,22,23,4.28437
658,23,24,5.12802
659,0,1,5.48771
659,0,5,2.78021
659,1,2,3.77637
659,1,6,2.68143
659,2,3,3.14154
659,2,7,3.3668
659,3,4,5.99595
659,3,8,2.28406
659,4,9,3.5668
659,5,6,2.7803
659,5,10,2.84736
659,6,7,2.95786
659,6,11,2.81041
659,7,8,6.53167
659,7,12,1.97941
659,8,9,4.37617
659,8,13,2.0154
659,9,14,3.92398
659,10,11,2.16673
659,10,15,3.31893
659,11,12,4.4441
659,11,16,3.74945
659,12,13,5.1351
659,12,17,5.43076
659,13,14,2.23179
659,13,18,2.80717
659,14,19,3.38896
659,15,16,3.05254
659,15,20,2.24145
659,16,17,5.07373
659,16,21,4.3844
659,17,18,4.96279
659,17,22,5.86818
659,18,19,2.85794
659,18,23,3.31042
659,19,24,3.89498
659,20,21,6.01315
659,21,22,3.4661
659,22,23,3.77672
659,23,24,4.60915
660,0,1,2.39123
660,0,5,4.55945
660,1,2,3.95668
660,1,6,1.56187
660,2,3,3.3884
660,2,7,2.59875
660,3,4,3.2315
660,3,8,1.85696
660,4,9,2.59991
660,5,6,4.06865
660,5,10,2.77481
660,6,7,2.96714
660,6,11,4.26739
660,7,8,5.27135
660,7,12,3.63577
660,8,9,2.45535
660,8,13,4.5488
660,9,14,3.88877
660,10,11,4.77591
660,10,15,2.60634
660,11,12,4.5866
660,11,16,5.00282
660,12,13,5.49677
660,12,17,4.57884
660,13,14,3.96788
660,13,18,5.28925
660,14,19,2.50884
660,15,16,2.55178
660,15,20,3.92871
660,16,17,2.24228
660,16,21,3.70717
660,17,18,3.30201
660,17,22,4.01647
660,18,19,5.44093
660,18,23,2.89462
660,19,24,4.49264
660,20,21,3.51393
660,21,22,4.32856
660,22,23,4.64401
660,23,24,1.70102
661,0,1,2.27464
661,0,5,3.29125
661,1,2,3.73508
661,1,6,4.17336
661,2,3,2.42006
661,2,7,3.64605
661,3,4,4.49487
661,3,8,3.04136
661,4,9,4.64609
661,5,6,3.63067
661,5,10,2.64483
661,6,7,4.7371
661,6,11,3.8708
661,7,8,2.2064
661,7,12,2.78293
661,8,9,2.4034
661,8,13,2.88539
661,9,14,2.23059
661,10,11,4.51851
661,10,15,2.97863
661,11,12,2.96652
661,11,16,2.39647
661,12,13,2.47864
661,12,17,2.11808
661,13,14,2.86745
661,13,18,3.16142
661,14,19,2.68419
661,15,16,3.49544
661,15,20,2.93732
661,16,17,3.84408
661,16,21,2.28235
661,17,18,5.14803
661,17,22,3.45561
661,18,19,2.13158
661,18,23,3.36878
661,19,24,5.01383
661,20,21,4.13014
661,21,22,1.98097
661,22,23,2.80551
661,23,24,2.51551
662,0,1,3.50911
662,0,5,2.8837
662,1,2,3.29962
662,1,6,4.25939
662,2,3,3.88931
662,2,7,2.70595
662,3,4,2.86547
662,3,8,5.34447
662,4,9,5.14145
662,5,6,4.19984
662,5,10,2.58443
662,6,7,3.89485
662,6,11,3.58519
662,7,8,2.54504
662,7,12,5.34705
662,8,9,3.74116
662,8,13,1.69786
662,9,14,5.14994
662,10,11,3.50356
662,10,15,3.47053
662,11,12,2.96262
662,11,16,4.57115
662,12,13,3.53183
662,12,17,4.30181
662,13,14,2.47311
662,13,18,2.99588
662,14,19,3.61513
662,15,16,3.07292
662,15,20,4.21387
662,16,17,1.82579
662,16,21,5.18787
662,17,18,3.06498
662,17,22,2.0172
662,18,19,3.21953
662,18,23,3.73775
662,19,24,1.70561
662,20,21,4.92041
662,21,22,2.90096
662,22,23,4.10926
662,23,24,3.15391
663,0,1,3.54223
663,0,5,5.15044
663,1,2,3.96114
663,1,6,2.85054
663,2,3,5.90262
663,2,7,5.5992
663,3,4,5.28219
663,3,8,2.46146
663,4,9,3.11267
663,5,6,3.27714
663,5,10,3.45743
663,6,7,4.35925
663,6,11,2.38301
663,7,8,2.21998
663,7,12,3.45672
663,8,9,3.11474
663,8,13,2.91396
663,9,14,3.90507
663,10,11,5.72357
663,10,15,4.71914
663,11,12,4.71676
663,11,16,1.92067
663,12,13,5.06569
663,12,17,4.3233
663,13,14,2.19207
663,13,18,4.3976
663,14,19,2.30837
663,15,16,2.95455
663,15,20,4.73173
663,16,17,5.31216
663,16,21,4.29551
663,17,18,2.59856
663,17,22,5.792
663,18,19,5.05603
663,18,23,4.44422
663,19,24,5.12253
663,20,21,2.80933
663,21,22,5.3148
663,22,23,4.20128
663,23,24,3.39585
664,0,1,7.33353
664,0,5,6.59502
664,1,2,5.07888
664,1,6,5.30906
664,2,3,4.58405
664,2,7,5.4254
664,3,4,6.17388
664,3,8,3.21412
664,4,9,6.10676
664,5,6,5.51509
664,5,10,3.31547
664,6,7,4.59006
664,6,11,3.34275
664,7,8,2.93791
664,7,12,2.67887
664,8,9,3.25941
664,8,13,6.53996
664,9,14,2.41425
664,10,11,2.77163
664,10,15,3.36254
664,11,12,7.39194
664,11,16,4.5223
664,12,13,5.49864
664,12,17,7.82174
664,13,14,2.69858
664,13,18,3.48108
664,14,19,6.14248
664,15,16,5.08961
664,15,20,4.95314
664,16,17,5.01954
664,16,21,5.82706
664,17,18,2.7895
664,17,22,3.9958
664,18,19,7.53549
664,18,23,5.1782
664,19,24,2.69166
664,20,21,6.71235
664,21,22,4.72117
664,22,23,2.77357
664,23,24,2.84516
665,0,1,3.14527
665,0,5,3.6383
665,1,2,4.8986
665,1,6,4.30345
665,2,3,2.90133
665,2,7,5.21178
665,3,4,4.38974
665,3,8,4.78897
665,4,9,4.45118
665,5,6,6.08423
665,5,10,2.28962
665,6,7,2.16641
665,6,11,3.1344
665,7,8,4.97855
665,7,12,6.40798
665,8,9,3.21582
665,8,13,2.04672
665,9,14,4.10951
665,10,11,3.30399
665,10,15,6.45251
665,11,12,4.85051
665,11,16,3.93016
665,12,13,4.86138
665,12,17,3.17779
665,13,14,2.53312
665,13,18,2.22076
665,14,19,4.12385
665,15,16,4.59875
665,15,20,5.88735
665,16,17,2.86656
665,16,21,5.32815
665,17,18,5.5034
665,17,22,4.63041
665,18,19,2.97277
665,18,23,4.41133
665,19,24,4.48418
665,20,21,4.26778
665,21,22,3.03187
665,22,23,2.79483
665,23,24,6.02419
666,0,1,2.94069
666,0,5,6.49483
666,1,2,4.01647
666,1,6,2.67613
666,2,3,5.14506
666,2,7,4.62711
666,3,4,5.96516
666,3,8,2.94845
666,4,9,5.54429
666,5,6,6.59118
666,5,10,5.32553
666,6,7,5.72057
666,6,11,5.06597
666,7,8,3.67499
666,7,12,4.68655
666,8,9,3.50162
666,8,13,5.32466
666,9,14,3.83197
666,10,11,4.02139
666,10,15,3.91141
666,11,12,3.71971
666,11,16,5.03354
666,12,13,4.45904
666,12,17,4.93231
666,13,14,2.92726
666,13,18,5.96625
666,14,19,5.35554
666,15,16,6.80308
666,15,20,2.8024
666,16,17,3.45839
666,16,21,2.92495
666,17,18,4.43914
666,17,22,3.54986
666,18,19,5.48623
666,18,23,3.51303
666,19,24,5.04802
666,20,21,4.37336
666,21,22,5.43923
666,22,23,2.60641
666,23,24,5.39501
667,0,1,4.52377
667,0,5,3.73571
667,1,2,3.01548
667,1,6,4.69994
667,2,3,3.76296
667,2,7,3.68244
667,3,4,3.13328
667,3,8,2.61722
667,4,9,3.68666
667,5,6,8.25173
667,5,10,3.72212
667,6,7,1.99435
667,6,11,5.91879
667,7,8,5.4406
667,7,12,7.42527
667,8,9,5.08769
667,8,13,6.44526
667,9,14,7.34891
667,10,11,5.56072
667,10,15,4.12753
667,11,12,3.6533
667,11,16,5.74998
667,12,13,6.56179
667,12,17,3.62233
667,13,14,6.67887
667,13,18,4.98983
667,14,19,3.41866
667,15,16,5.451
667,15,20,2.88561
667,16,17,2.84346
667,16,21,7.14913
667,17,18,6.19568
667,17,22,6.3512
667,18,19,2.49132
667,18,23,5.25968
667,19,24,5.82455
667,20,21,2.49835
667,21,22,3.67672
667,22,23,2.83091
667,23,24,6.01896
668,0,1,3.99327
668,0,5,2.51219
668,1,2,3.10979
668,1,6,4.97515
668,2,3,5.25835
668,2,7,4.15595
668,3,4,3.19393
668,3,8,4.15734
668,4,9,3.61372
668,5,6,4.33149
668,5,10,4.69832
668,6,7,1.75528
668,6,11,2.20969
668,7,8,2.27232
668,7,12,7.01409
668,8,9,5.57352
668,8,13,4.76201
668,9,14,3.09101
668,10,11,4.09623
668,10,15,3.66131
668,11,12,3.19759
668,11,16,2.21854
668,12,13,4.97026
668,12,17,3.88448
668,13,14,6.03849
668,13,18,4.10589
668,14,19,5.25153
668,15,16,5.24329
668,15,20,2.88744
668,16,17,2.31467
668,16,21,4.00286
668,17,18,3.64183
668,17,22,2.87441
668,18,19,4.09061
668,18,23,3.18098
668,19,24,3.69068
668,20,21,2.3789
668,21,22,4.25956
668,22,23,4.67057
668,23,24,5.66911
669,0,1,5.63047
669,0,5,2.03419
669,1,2,2.35425
669,1,6,2.56844
669,2,3,2.46427
669,2,7,5.41774
669,3,4,3.19466
669,3,8,5.05073
669,4,9,3.15069
669,5,6,3.37388
669,5,10,6.14234
669,6,7,4.77833
669,6,11,3.51674
669,7,8,2.20049
669,7,12,3.06251
669,8,9,4.78011
669,8,13,4.65372
669,9,14,2.43999
669,10,11,2.99356
669,10,15,2.70368
669,11,12,3.15725
669,11,16,4.10806
669,12,13,2.45161
669,12,17,4.94276
669,13,14,3.45405
669,13,18,4.80468
669,14,19,4.70113
669,15,16,5.46468
669,15,20,5.54705
669,16,17,4.67558
669,16,21,4.28853
669,17,18,4.43302
669,17,22,3.73929
669,18,19,3.05095
669,18,23,5.73837
669,19,24,2.67794
669,20,21,3.37081
669,21,22,1.98193
669,22,23,2.90411
669,23,24,5.91411
670,0,1,6.68708
670,0,5,4.53685
670,1,2,4.88706
670,1,6,4.32862
670,2,3,2.73074
670,2,7,3.39983
670,3,4,6.10454
670,3,8,3.63355
670,4,9,5.41783
670,5,6,4.82624
670,5,10,4.51938
670,6,7,5.18199
670,6,11,2.86548
670,7,8,7.47774
670,7,12,2.16161
670,8,9,2.88809
670,8,13,5.76905
670,9,14,2.51468
670,10,11,3.77775
670,10,15,4.24847
670,11,12,2.95959
670,11,16,1.90931
670,12,13,6.0652
670,12,17,4.29045
670,13,14,4.70042
670,13,18,4.0958
670,14,19,2.62275
670,15,16,4.07552
670,15,20,2.63555
670,16,17,2.83105
670,16,21,4.10007
670,17,18,3.45221
670,17,22,7.04617
670,18,19,5.66483
670,18,23,4.82372
670,19,24,4.3734
670,20,21,5.46804
670,21,22,3.61433
670,22,23,4.93341
670,23,24,4.99376
671,0,1,2.29628
671,0,5,4.22882
671,1,2,2.39478
671,1,6,3.49855
671,2,3,6.04521
671,2,7,4.42976
671,3,4,5.42144
671,3,8,2.57883
671,4,9,5.01223
671,5,6,5.74153
671,5,10,3.33586
671,6,7,4.41763
671,6,11,5.85891
671,7,8,2.30441
671,7,12,3.63801
671,8,9,3.30483
671,8,13,4.37916
671,9,14,2.80173
671,10,11,3.4331
671,10,15,4.03771
671,11,12,6.3213
671,11,16,5.11937
671,12,13,4.66726
671,12,17,2.6512
671,13,14,3.27992
671,13,18,2.16635
671,14,19,2.87578
671,15,16,5.97356
671,15,20,4.96987
671,16,17,2.66129
671,16,21,5.80748
671,17,18,4.3685
671,17,22,3.69553
671,18,19,4.49955
671,18,23,3.59917
671,19,24,2.6171
671,20,21,3.92528
671,21,22,5.2195
671,22,23,6.2318
671,23,24,3.9117
672,0,1,2.73185
672,0,5,2.112
672,1,2,2.81195
672,1,6,3.81024
672,2,3,2.1251
672,2,7,5.6089
672,3,4,3.08631
672,3,8,4.64043
672,4,9,3.28092
672,5,6,3.64446
672,5,10,2.70068
672,6,7,3.99897
672,6,11,3.50946
672,7,8,1.47729
672,7,12,3.54782
672,8,9,4.81392
672,8,13,2.8764
672,9,14,4.61702
672,10,11,5.96865
672,10,15,3.7036
672,11,12,2.32822
672,11,16,4.08006
672,12,13,4.12577
672,12,17,2.03554
672,13,14,4.5002
672,13,18,3.87694
672,14,19,4.03216
672,15,16,2.87894
672,15,20,4.15013
672,16,17,2.69882
672,16,21,2.18654
672,17,18,3.34085
672,17,22,3.39559
672,18,19,4.67831
672,18,23,2.48457
672,19,24,4.06409
672,20,21,1.91808
672,21,22,3.66191
672,22,23,4.24087
672,23,24,4.74872
673,0,1,3.81401
673,0,5,2.77956
673,1,2,3.46581
673,1,6,5.62905
673,2,3,3.49178
673,2,7,1.98392
673,3,4,4.56407
673,3,8,5.56831
673,4,9,5.42863
673,5,6,2.0788
673,5,10,3.80567
673,6,7,3.80681
673,6,11,4.93502
673,7,8,2.35142
673,7,12,4.19263
673,8,9,5.46316
673,8,13,4.67976
673,9,14,3.89875
673,10,11,3.21444
673,10,15,2.05368
673,11,12,5.24191
673,11,16,5.45141
673,12,13,3.97302
673,12,17,3.42517
673,13,14,4.23317
673,13,18,2.18116
673,14,19,4.91367
673,15,16,2.60686
673,15,20,2.69933
673,16,17,4.34706
673,16,21,3.58486
673,17,18,4.65816
673,17,22,2.60907
673,18,19,2.52891
673,18,23,5.03765
673,19,24,5.18425
673,20,21,4.1995
673,21,22,4.12529
673,22,23,3.52599
673,23,24,2.99951
674,0,1,4.00907
674,0,5,7.19593
674,1,2,3.60971
674,1,6,2.95543
674,2,3,3.52332
674,2,7,2.31539
674,3,4,4.91705
674,3,8,5.32108
674,4,9,2.39326
674,5,6,6.08851
674,5,10,3.16278
674,6,7,2.46164
674,6,11,2.0937
674,7,8,3.05116
674,7,12,3.94425
674,8,9,3.20454
674,8,13,3.10543
674,9,14,4.06772
674,10,11,4.43374
674,10,15,4.07827
674,11,12,7.07261
674,11,16,1.79555
674,12,13,6.91658
674,12,17,6.99836
674,13,14,1.87874
674,13,18,6.03346
674,14,19,5.09177
674,15,16,5.77847
674,15,20,1.8433
674,16,17,5.09834
674,16,21,4.90611
674,17,18,4.10182
674,17,22,5.95547
674,18,19,3.60589
674,18,23,4.31215
674,19,24,5.20363
674,20,21,2.24495
674,21,22,5.6129
674,22,23,1.839
674,23,24,1.741
675,0,1,2.52565
675,0,5,2.63508
675,1,2,3.41032
675,1,6,3.43038
675,2,3,5.65206
675,2,7,3.72492
675,3,4,5.07414
675,3,8,3.67694
675,4,9,4.25542
675,5,6,2.44583
675,5,10,2.50922
675,6,7,1.79664
675,6,11,3.36907
675,7,8,2.49581
675,7,12,4.53476
675,8,9,2.29852
675,8,13,1.78942
675,9,14,2.94431
675,10,11,4.81865
675,10,15,2.49738
675,11,12,4.4654
675,11,16,1.95471
675,12,13,4.39618
675,12,17,2.47268
675,13,14,3.43561
675,13,18,1.56671
675,14,19,2.9224
675,15,16,4.64778
675,15,20,1.62426
675,16,17,4.19035
675,16,21,5.44172
675,17,18,2.48132
675,17,22,2.44013
675,18,19,4.12919
675,18,23,3.28633
675,19,24,3.55759
675,20,21,2.58529
675,21,22,2.51206
675,22,23,1.99802
675,23,24,3.27807
676,0,1,4.0875
676,0,5,5.99984
676,1,2,4.89009
676,1,6,3.39994
676,2,3,5.9892
676,2,7,3.28113
676,3,4,3.04958
676,3,8,4.15039
676,4,9,6.40588
676,5,6,3.85309
676,5,10,3.65226
676,6,7,2.57572
676,6,11,5.34203
676,7,8,5.59853
676,7,12,2.16443
676,8,9,2.91119
676,8,13,4.6362
676,9,14,4.38596
676,10,11,2.02612
676,10,15,4.7971
676,11,12,6.31074
676,11,16,3.91293
676,12,13,5.06429
676,12,17,3.84573
676,13,14,3.67888
676,13,18,3.7278
676,14,19,2.87345
676,15,16,4.05029
676,15,20,3.48475
676,16,17,3.85346
676,16,21,3.24784
676,17,18,2.80793
676,17,22,2.4749
676,18,19,2.786
676,18,23,3.3861
676,19,24,2.30085
676,20,21,6.27274
676,21,22,5.67315
676,22,23,4.82905
676,23,24,4.97266
677,0,1,3.97824
677,0,5,2.46268
677,1,2,3.30388
677,1,6,5.02395
677,2,3,1.92114
677,2,7,2.56957
677,3,4,4.39129
677,3,8,2.57368
677,4,9,5.74295
677,5,6,1.87169
677,5,10,3.405
677,6,7,2.4684
677,6,11,6.40087
677,7,8,5.22955
677,7,12,4.16331
677,8,9,2.88649
677,8,13,3.68432
677,9,14,3.57446
677,10,11,5.98883
677,10,15,2.89992
677,11,12,1.64825
677,11,16,5.25698
677,12,13,3.61013
677,12,17,2.84092
677,13,14,4.01617
677,13,18,3.68422
677,14,19,4.85506
677,15,16,2.82353
677,15,20,2.36563
677,16,17,2.6261
677,16,21,3.28209
677,17,18,4.31914
677,17,22,3.56119
677,18,19,2.23826
677,18,23,3.63017
677,19,24,3.51317
677,20,21,3.36565
677,21,22,2.28112
677,22,23,2.24849
677,23,24,4.95547
678,0,1,1.69177
678,0,5,3.33841
678,1,2,3.10089
678,1,6,3.34961
678,2,3,4.81713
678,2,7,2.85752
678,3,4,4.69553
678,3,8,3.8826
678,4,9,3.37096
678,5,6,5.12274
678,5,10,1.88364
678,6,7,1.52172
678,6,11,1.4772
678,7,8,2.18514
678,7,12,5.92018
678,8,9,1.59036
678,8,13,3.05544
678,9,14,4.52788
678,10,11,4.04409
678,10,15,4.16363
678,11,12,4.59354
678,11,16,3.80075
678,12,13,3.59064
678,12,17,3.65012
678,13,14,1.55279
678,13,18,2.96483
678,14,19,3.33514
678,15,16,3.66057
678,15,20,3.79003
678,16,17,2.0499
678,16,21,6.33146
678,17,18,5.141
678,17,22,2.0106
678,18,19,4.49067
678,18,23,3.58803
678,19,24,3.36861
678,20,21,5.10135
678,21,22,2.64596
678,22,23,1.45296
678,23,24,1.5242
679,0,1,5.86507
679,0,5,2.28912
679,1,2,5.27002
679,1,6,5.49476
679,2,3,4.13903
679,2,7,2.74229
679,3,4,2.48861
679,3,8,6.22911
679,4,9,3.21517
679,5,6,3.88092
679,5,10,4.68473
679,6,7,5.04737
679,6,11,4.94114
679,7,8,3.16236
679,7,12,5.26043
679,8,9,4.76259
679,8,13,3.71391
679,9,14,2.53245
679,10,11,2.38596
679,10,15,3.45647
679,11,12,7.02974
679,11,16,5.62814
679,12,13,4.95818
679,12,17,6.7104
679,13,14,7.92733
679,13,18,5.86365
679,14,19,5.12985
679,15,16,2.27953
679,15,20,6.57074
679,16,17,4.78515
679,16,21,3.73395
679,17,18,7.53272
679,17,22,6.48951
679,18,19,3.18058
679,18,23,4.18301
679,19,24,6.17461
679,20,21,5.61739
679,21,22,2.35447
679,22,23,2.69301
679,23,24,2.81934
680,0,1,3.70633
680,0,5,5.54592
680,1,2,5.05465
680,1,6,5.94327
680,2,3,4.25323
680,2,7,3.41656
680,3,4,4.64516
680,3,8,3.41196
680,4,9,5.15185
680,5,6,4.14572
680,5,10,4.43257
680,6,7,3.6224
680,6,11,4.6785
680,7,8,7.28121
680,7,12,4.88582
680,8,9,6.71535
680,8,13,3.57529
680,9,14,3.54894
680,10,11,2.23049
680,10,15,2.8338
680,11,12,5.01499
680,11,16,4.61283
680,12,13,2.68206
680,12,17,4.24922
680,13,14,2.45794
680,13,18,3.6869
680,14,19,3.92108
680,15,16,4.43429
680,15,20,5.18686
680,16,17,3.20595
680,16,21,1.94261
680,17,18,7.34908
680,17,22,5.80027
680,18,19,2.82053
680,18,23,3.37208
680,19,24,5.32189
680,20,21,3.25047
680,21,22,2.29705
680,22,23,4.79861
680,23,24,6.33282
681,0,1,3.26842
681,0,5,2.72676
681,1,2,4.28881
681,1,6,4.87193
681,2,3,3.6399
681,2,7,4.99892
681,3,4,3.94203
681,3,8,4.14407
681,4,9,4.17881
681,5,6,3.26834
681,5,10,4.18815
681,6,7,5.92761
681,6,11,5.36715
681,7,8,4.58129
681,7,12,4.26456
681,8,9,1.85252
681,8,13,4.34884
681,9,14,4.18624
681,10,11,4.14157
681,10,15,5.80011
681,11,12,2.47253
681,11,16,4.28496
681,12,13,2.77161
681,12,17,3.09851
681,13,14,2.93498
681,13,18,7.18415
681,14,19,3.47592
681,15,16,3.27151
681,15,20,5.00864
681,16,17,3.09433
681,16,21,3.55225
681,17,18,2.99028
681,17,22,3.92403
681,18,19,4.90562
681,18,23,1.89478
681,19,24,3.14999
681,20,21,2.31319
681,21,22,2.86996
681,22,23,5.03725
681,23,24,3.97126
682,0,1,2.69
682,0,5,1.96228
682,1,2,1.96248
682,1,6,2.52393
682,2,3,3.92181
682,2,7,4.37266
682,3,4,4.09218
682,3,8,1.6153
682,4,9,4.22463
682,5,6,2.69012
682,5,10,4.35635
682,6,7,5.05739
682,6,11,2.20812
682,7,8,3.52282
682,7,12,4.94691
682,8,9,2.79386
682,8,13,2.69918
682,9,14,3.7277
682,10,11,2.18717
682,10,15,6.14434
682,11,12,4.10204
682,11,16,3.62156
682,12,13,4.06734
682,12,17,4.42919
682,13,14,3.23609
682,13,18,1.59072
682,14,19,4.54664
682,15,16,2.65101
682,15,20,5.40141
682,16,17,3.29714
682,16,21,4.21213
682,17,18,3.1274
682,17,22,2.75268
682,18,19,3.75509
682,18,23,3.34323
682,19,24,2.25447
682,20,21,3.69648
682,21,22,4.74137
682,22,23,5.63981
682,23,24,2.29969
683,0,1,4.16172
683,0,5,5.61151
683,1,2,3.83507
683,1,6,2.41622
683,2,3,6.89184
683,2,7,2.73077
683,3,4,5.02094
683,3,8,2.74638
683,4,9,2.06355
683,5,6,3.4514
683,5,10,4.46049
683,6,7,4.85954
683,6,11,3.22884
683,7,8,5.34407
683,7,12,2.30708
683,8,9,1.47683
683,8,13,4.54951
683,9,14,4.72732
683,10,11,4.33586
683,10,15,3.13141
683,11,12,5.3334
683,11,16,1.91443
683,12,13,6.30261
683,12,17,2.85942
683,13,14,2.58635
683,13,18,3.09945
683,14,19,2.79911
683,15,16,2.75168
683,15,20,1.3579
683,16,17,2.16501
683,16,21,7.14482
683,17,18,4.40084
683,17,22,4.02568
683,18,19,6.09559
683,18,23,3.29266
683,19,24,4.97232
683,20,21,3.56104
683,21,22,5.85354
683,22,23,4.92311
683,23,24,1.40148
684,0,1,2.13899
684,0,5,3.01234
684,1,2,3.84335
684,1,6,6.21745
684,2,3,2.95224
684,2,7,5.04508
684,3,4,2.1373
684,3,8,7.1764
684,4,9,4.10959
684,5,6,6.5804
684,5,10,2.80835
684,6,7,3.96629
684,6,11,6.86987
684,7,8,4.81244
684,7,12,4.60747
684,8,9,6.91287
684,8,13,3.61874
684,9,14,2.4876
684,10,11,4.14832
684,10,15,6.24995
684,11,12,5.0497
684,11,16,2.53101
684,12,13,4.89698
684,12,17,6.72787
684,13,14,2.67817
684,13,18,2.22033
684,14,19,5.48645
684,15,16,5.61523
684,15,20,3.04091
684,16,17,2.34495
684,16,21,3.14721
684,17,18,6.37438
684,17,22,5.00028
684,18,19,2.54147
684,18,23,2.80833
684,19,24,1.90322
684,20,21,2.8227
684,21,22,2.73172
684,22,23,4.50785
684,23,24,5.45487
685,0,1,2.87146
685,0,5,2.42534
685,1,2,2.78916
685,1,6,5.42324
685,2,3,3.16779
685,2,7,3.7507
685,3,4,2.14933
685,3,8,4.59791
685,4,9,6.52631
685,5,6,4.77979
685,5,10,4.6001
685,6,7,2.386
685,6,11,3.68531
685,7,8,4.01729
685,7,12,3.65882
685,8,9,4.87364
685,8,13,4.49791
685,9,14,4.50461
685,10,11,4.55637
685,10,15,2.78254
685,11,12,5.519
685,11,16,4.34128
685,12,13,4.10648
685,12,17,5.12721
685,13,14,2.51547
685,13,18,5.72125
685,14,19,4.62688
685,15,16,3.46372
685,15,20,5.33578
685,16,17,2.41914
685,16,21,5.08625
685,17,18,2.11569
685,17,22,4.52469
685,18,19,6.47987
685,18,23,2.8368
685,19,24,3.90173
685,20,21,5.15569
685,21,22,2.69515
685,22,23,5.6925
685,23,24,7.10833
686,0,1,2.32859
686,0,5,3.28849
686,1,2,4.91022
686,1,6,7.04183
686,2,3,2.73038
686,2,7,3.77443
686,3,4,3.66841
686,3,8,4.99211
686,4,9,2.81412
686,5,6,4.19039
686,5,10,3.56727
686,6,7,2.70848
686,6,11,4.26056
686,7,8,2.41034
686,7,12,3.30511
686,8,9,7.19149
686,8,13,5.98901
686,9,14,3.46778
686,10,11,3.0111
686,10,15,7.74889
686,11,12,2.03514
686,11,16,7.02254
686,12,13,5.87937
686,12,17,5.42903
686,13,14,7.12543
686,13,18,2.24623
686,14,19,3.42889
686,15,16,2.41353
686,15,20,4.98847
686,16,17,3.84129
686,16,21,1.83034
686,17,18,4.9718
686,17,22,4.9905
686,18,19,4.56975
686,18,23,4.43247
686,19,24,4.55962
686,20,21,3.82331
686,21,22,2.35733
686,22,23,4.44463
686,23,24,6.98407
687,0,1,4.71646
687,0,5,4.75768
687,1,2,5.63312
687,1,6,2.81638
687,2,3,4.65547
687,2,7,3.79391
687,3,4,2.247
687,3,8,4.68842
687,4,9,3.02916
687,5,6,5.46241
687,5,10,4.20238
687,6,7,4.03684
687,6,11,4.44416
687,7,8,2.00816
687,7,12,2.75918
687,8,9,2.82985
687,8,13,6.9497
687,9,14,7.04541
687,10,11,2.55369
687,10,15,6.16596
687,11,12,5.10006
687,11,16,7.39382
687,12,13,5.13671
687,12,17,6.7515
687,13,14,7.15426
687,13,18,5.61272
687,14,19,5.45527
687,15,16,4.29689
687,15,20,4.82737
687,16,17,3.66168
687,16,21,4.64178
687,17,18,2.39648
687,17,22,3.14414
687,18,19,2.40307
687,18,23,7.39003
687,19,24,4.99844
687,20,21,2.86268
687,21,22,5.98473
687,22,23,6.03162
687,23,24,3.43425
688,0,1,4.3709
688,0,5,3.77105
688,1,2,4.88516
688,1,6,4.30783
688,2,3,2.87592
688,2,7,4.26173
688,3,4,2.8032
688,3,8,3.38303
688,4,9,3.55442
688,5,6,5.19345
688,5,10,4.03841
688,6,7,2.10458
688,6,11,4.16534
688,7,8,2.21764
688,7,12,4.34287
688,8,9,2.95483
688,8,13,4.37206
688,9,14,3.06704
688,10,11,3.57028
688,10,15,2.58082
688,11,12,3.85226
688,11,16,4.18131
688,12,13,5.33842
688,12,17,2.19671
688,13,14,4.82116
688,13,18,4.43302
688,14,19,4.69037
688,15,16,3.51114
688,15,20,3.23833
688,16,17,2.39614
688,16,21,4.913
688,17,18,3.2463
688,17,22,3.0037
688,18,19,3.12766
688,18,23,4.99003
688,19,24,2.71725
688,20,21,2.01027
688,21,22,2.78888
688,22,23,3.09816
688,23,24,4.5255
689,0,1,6.322
689,0,5,3.57644
689,1,2,4.94972
689,1,6,4.08193
689,2,3,2.30252
689,2,7,4.79179
689,3,4,3.4242
689,3,8,3.79111
689,4,9,3.41285
689,5,6,4.76127
689,5,10,2.94442
689,6,7,3.72854
689,6,11,3.09287
689,7,8,3.75919
689,7,12,3.27126
689,8,9,4.19632
689,8,13,2.70819
689,9,14,4.11294
689,10,11,2.47194
689,10,15,3.59173
689,11,12,3.9435
689,11,16,3.47726
689,12,13,5.78148
689,12,17,2.68635
689,13,14,4.47127
689,13,18,2.28207
689,14,19,2.47954
689,15,16,4.27304
689,15,20,2.0966
689,16,17,4.55431
689,16,21,5.7934
689,17,18,1.98767
689,17,22,2.7454
689,18,19,3.36259
689,18,23,3.34074
689,19,24,2.66107
689,20,21,3.35915
689,21,22,4.17205
689,22,23,5.30017
689,23,24,3.31017
690,0,1,3.59928
690,0,5,2.51084
690,1,2,4.07259
690,1,6,2.32781
690,2,3,3.28081
690,2,7,3.91099
690,3,4,3.85586
690,3,8,2.85969
690,4,9,2.54582
690,5,6,3.27182
690,5,10,4.70549
690,6,7,6.21599
690,6,11,6.33485
690,7,8,5.0224
690,7,12,2.767
690,8,9,2.20772
690,8,13,2.28602
690,9,14,3.70449
690,10,11,3.31494
690,10,15,3.51863
690,11,12,2.28111
690,11,16,6.9604
690,12,13,6.39923
690,12,17,2.51741
690,13,14,5.99094
690,13,18,2.91673
690,14,19,2.67317
690,15,16,4.88913
690,15,20,5.72752
690,16,17,7.23552
690,16,21,3.37241
690,17,18,4.79473
690,17,22,5.19837
690,18,19,3.05895
690,18,23,4.27535
690,19,24,6.38893
690,20,21,2.40871
690,21,22,3.99638
690,22,23,4.2307
690,23,24,4.56252
691,0,1,2.31208
691,0,5,5.68414
691,1,2,3.48274
691,1,6,1.75349
691,2,3,4.37096
691,2,7,4.64462
691,3,4,4.74491
691,3,8,2.28094
691,4,9,3.80025
691,5,6,2.83933
691,5,10,2.97795
691,6,7,5.3106
691,6,11,1.67966
691,7,8,1.86316
691,7,12,1.4284
691,8,9,1.1651
691,8,13,5.79252
691,9,14,1.90436
691,10,11,4.27267
691,10,15,2.0732
691,11,12,3.39669
691,11,16,3.8817
691,12,13,2.16696
691,12,17,2.15683
691,13,14,1.87489
691,13,18,2.126
691,14,19,1.40959
691,15,16,3.59237
691,15,20,3.30509
691,16,17,5.10438
691,16,21,3.22525
691,17,18,2.78584
691,17,22,4.86277
691,18,19,3.42985
691,18,23,2.16015
691,19,24,3.50192
691,20,21,2.28331
691,21,22,5.49204
691,22,23,5.52984
691,23,24,3.36382
692,0,1,2.57247
692,0,5,3.33134
692,1,2,4.92241
692,1,6,5.52658
692,2,3,1.64222
692,2,7,2.76252
692,3,4,4.1064
692,3,8,7.41928
692,4,9,4.48472
692,5,6,3.48861
692,5,10,3.30477
692,6,7,4.58289
692,6,11,4.95961
692,7,8,4.57017
692,7,12,4.36273
692,8,9,3.7443
692,8,13,2.68891
692,9,14,3.04833
692,10,11,3.47969
692,10,15,5.67194
692,11,12,3.54308
692,11,16,3.26745
692,12,13,2.20377
692,12,17,5.79265
692,13,14,6.46743
692,13,18,4.59135
692,14,19,5.62838
692,15,16,3.22575
692,15,20,2.88504
692,16,17,4.89502
692,16,21,1.7537
692,17,18,2.98528
692,17,22,3.7633
692,18,19,4.67518
692,18,23,2.90287
692,19,24,4.77918
692,20,21,3.41495
692,21,22,1.68848
692,22,23,3.31716
692,23,24,3.14847
693,0,1,4.7114
693,0,5,2.56263
693,1,2,2.84158
693,1,6,2.0351
693,2,3,3.56849
693,2,7,2.51205
693,3,4,4.13028
693,3,8,1.96451
693,4,9,5.15374
693,5,6,2.59573
693,5,10,5.40768
693,6,7,6.05105
693,6,11,3.68887
693,7,8,3.66624
693,7,12,2.69578
693,8,9,2.22742
693,8,13,4.61004
693,9,14,2.25644
693,10,11,3.08179
693,10,15,2.95881
693,11,12,2.46986
693,11,16,2.41297
693,12,13,2.47314
693,12,17,1.7296
693,13,14,2.03821
693,13,18,3.78857
693,14,19,4.59362
693,15,16,3.79821
693,15,20,2.32819
693,16,17,5.89416
693,16,21,3.07461
693,17,18,3.12814
693,17,22,4.22746
693,18,19,4.66078
693,18,23,2.99948
693,19,24,3.44636
693,20,21,4.60096
693,21,22,4.1681
693,22,23,3.02554
693,23,24,1.59956
694,0,1,2.06779
694,0,5,1.92854
694,1,2,3.13402
694,1,6,2.4992
694,2,3,3.88924
694,2,7,2.61276
694,3,4,2.28346
694,3,8,4.03338
694,4,9,5.48307
694,5,6,3.91662
694,5,10,5.02841
694,6,7,3.22582
694,6,11,2.47467
694,7,8,2.55192
694,7,12,5.29336
694,8,9,2.94609
694,8,13,3.22555
694,9,14,2.36292
694,10,11,4.31456
694,10,15,4.4683
694,11,12,3.46451
694,11,16,3.64153
694,12,13,2.77689
694,12,17,2.76809
694,13,14,5.78976
694,13,18,2.71522
694,14,19,4.87562
694,15,16,4.25058
694,15,20,4.85371
694,16,17,4.6417
694,16,21,4.34706
694,17,18,2.61571
694,17,22,2.67888
694,18,19,2.12865
694,18,23,2.85407
694,19,24,2.63657
694,20,21,6.05533
694,21,22,4.61211
694,22,23,5.53906
694,23,24,3.83072
695,0,1,3.09329
695,0,5,2.70367
695,1,2,2.61
695,1,6,4.62109
695,2,3,3.12217
695,2,7,6.13525
695,3,4,5.40259
695,3,8,3.80259
695,4,9,4.12369
695,5,6,4.61913
695,5,10,3.30188
695,6,7,4.68772
695,6,11,3.25162
695,7,8,4.83417
695,7,12,6.67203
695,8,9,3.1508
695,8,13,3.39243
695,9,14,3.53444
695,10,11,6.25249
695,10,15,2.66112
695,11,12,6.64487
695,11,16,5.16424
695,12,13,4.51522
695,12,17,4.01268
695,13,14,2.61628
695,13,18,2.86969
695,14,19,3.94908
695,15,16,4.56335
695,15,20,2.93724
695,16,17,3.21056
695,16,21,3.93465
695,17,18,2.00495
695,17,22,3.71802
695,18,19,4.28239
695,18,23,2.11659
695,19,24,3.56835
695,20,21,3.53195
695,21,22,2.87618
695,22,23,4.81355
695,23,24,5.2039
696,0,1,3.44277
696,0,5,3.23547
696,1,2,4.23607
696,1,6,5.50568
696,2,3,5.68009
696,2,7,6.11994
696,3,4,2.31497
696,3,8,3.56858
696,4,9,5.83987
696,5,6,2.34621
696,5,10,4.64997
696,6,7,4.57691
696,6,11,5.29008
696,7,8,2.05963
696,7,12,1.81076
696,8,9,5.81018
696,8,13,3.35982
696,9,14,5.00734
696,10,11,2.91259
696,10,15,5.12469
696,11,12,4.74832
696,11,16,1.91335
696,12,13,3.21657
696,12,17,2.43506
696,13,14,3.33274
696,13,18,4.97251
696,14,19,4.23726
696,15,16,4.94651
696,15,20,5.15926
696,16,17,4.44255
696,16,21,3.6231
696,17,18,3.59853
696,17,22,3.74071
696,18,19,2.36527
696,18,23,5.04783
696,19,24,4.13987
696,20,21,3.74042
696,21,22,2.27977
696,22,23,5.79632
696,23,24,3.16963
697,0,1,1.88834
697,0,5,3.76881
697,1,2,1.98692
697,1,6,1.71135
697,2,3,3.65172
697,2,7,3.38391
697,3,4,2.06986
697,3,8,3.1517
697,4,9,3.03775
697,5,6,4.58754
697,5,10,2.67814
697,6,7,2.43724
697,6,11,1.43203
697,7,8,2.00109
697,7,12,3.70796
697,8,9,1.90753
697,8,13,2.60092
697,9,14,4.29696
697,10,11,4.35156
697,10,15,1.6124
697,11,12,1.87142
697,11,16,2.16266
697,12,13,3.48919
697,12,17,3.85543
697,13,14,4.21581
697,13,18,4.22996
697,14,19,2.73729
697,15,16,2.90969
697,15,20,1.92474
697,16,17,4.71661
697,16,21,4.06573
697,17,18,3.308
697,17,22,2.58262
697,18,19,3.17719
697,18,23,1.83626
697,19,24,1.90377
697,20,21,3.16325
697,21,22,4.70373
697,22,23,1.99898
697,23,24,2.52852
698,0,1,4.87801
698,0,5,2.03435
698,1,2,4.66354
698,1,6,2.70095
698,2,3,2.90185
698,2,7,5.39789
698,3,4,3.9806
698,3,8,3.93702
698,4,9,2.14432
698,5,6,5.65332
698,5,10,5.79893
698,6,7,6.07719
698,6,11,4.96834
698,7,8,4.80802
698,7,12,5.95123
698,8,9,4.43926
698,8,13,3.15029
698,9,14,3.11623
698,10,11,5.54757
698,10,15,6.86699
698,11,12,5.9813
698,11,16,7.07459
698,12,13,2.48323
698,12,17,3.06937
698,13,14,5.26641
698,13,18,3.40566
698,14,19,2.4184
698,15,16,5.41191
698,15,20,4.46204
698,16,17,5.56707
698,16,21,2.39871
698,17,18,4.36634
698,17,22,3.06292
698,18,19,3.13414
698,18,23,2.42451
698,19,24,2.8671
698,20,21,4.65699
698,21,22,3.81816
698,22,23,5.48191
698,23,24,2.88129
699,0,1,2.22957
699,0,5,2.46157
699,1,2,7.54164
699,1,6,1.87176
699,2,3,7.53061
699,2,7,2.19348
699,3,4,2.78507
699,3,8,3.96586
699,4,9,4.12342
699,5,6,2.6717
699,5,10,4.20868
699,6,7,4.02076
699,6,11,3.24782
699,7,8,5.12889
699,7,12,4.76769
699,8,9,4.71917
699,8,13,5.39626
699,9,14,3.50313
699,10,11,1.86869
699,10,15,3.76874
699,11,12,5.57391
699,11,16,2.58279
699,12,13,6.3867
699,12,17,3.51935
699,13,14,2.88994
699,13,18,1.74751
699,14,19,2.21034
699,15,16,6.43009
699,15,20,3.08461
699,16,17,3.3779
699,16,21,4.24939
699,17,18,5.72732
699,17,22,5.32763
699,18,19,6.84055
699,18,23,2.15861
699,19,24,2.73086
699,20,21,5.46397
699,21,22,4.55402
699,22,23,3.89411
699,23,24,3.51302
700,0,1,5.49569
700,0,5,4.82334
700,1,2,3.05293
700,1,6,3.91914
700,2,3,2.13113
700,2,7,3.30866
700,3,4,2.78105
700,3,8,4.95917
700,4,9,3.65021
700,5,6,2.48197
700,5,10,5.87535
700,6,7,4.58084
700,6,11,1.97524
700,7,8,4.94371
700,7,12,3.90915
700,8,9,3.57598
700,8,13,4.50558
700,9,14,5.85559
700,10,11,3.79101
700,10,15,5.05023
700,11,12,5.12691
700,11,16,3.08931
700,12,13,2.76164
700,12,17,2.09142
700,13,14,2.74104
700,13,18,5.13322
700,14,19,3.22081
700,15,16,5.07932
700,15,20,5.18816
700,16,17,4.71277
700,16,21,3.4531
700,17,18,2.75216
700,17,22,2.17911
700,18,19,3.24905
700,18,23,4.70134
700,19,24,5.95176
700,20,21,3.01546
700,21,22,4.7435
700,22,23,2.84828
700,23,24,4.85899
701,0,1,1.91173
701,0,5,5.24126
701,1,2,6.26813
701,1,6,2.19048
701,2,3,4.53252
701,2,7,3.69458
701,3,4,3.73124
701,3,8,3.46171
701,4,9,5.01775
701,5,6,3.89857
701,5,10,3.72983
701,6,7,1.85344
701,6,11,2.1168
701,7,8,2.53836
701,7,12,6.55057
701,8,9,4.06599
701,8,13,3.08367
701,9,14,4.26548
701,10,11,2.44369
701,10,15,2.22235
701,11,12,5.87591
701,11,16,3.31515
701,12,13,4.6843
701,12,17,6.82056
701,13,14,4.21421
701,13,18,4.14075
701,14,19,2.1181
701,15,16,2.93411
701,15,20,3.35092
701,16,17,3.97314
701,16,21,5.4404
701,17,18,3.65979
701,17,22,4.39979
701,18,19,4.85405
701,18,23,3.76908
701,19,24,4.68546
701,20,21,4.35501
701,21,22,3.81265
701,22,23,4.05744
701,23,24,3.46999
702,0,1,4.26117
702,0,5,4.72275
702,1,2,1.96238
702,1,6,5.37608
702,2,3,2.45005
702,2,7,6.87668
702,3,4,4.00187
702,3,8,3.83433
702,4,9,3.72823
702,5,6,2.19426
702,5,10,2.85896
702,6,7,2.59936
702,6,11,4.92228
702,7,8,3.30184
702,7,12,2.96933
702,8,9,5.22027
702,8,13,1.79016
702,9,14,3.56956
702,10,11,2.96199
702,10,15,4.32918
702,11,12,1.48255
702,11,16,2.49737
702,12,13,4.01759
702,12,17,1.52161
702,13,14,3.99909
702,13,18,4.16662
702,14,19,3.82884
702,15,16,2.87056
702,15,20,4.87577
702,16,17,2.32764
702,16,21,2.51424
702,17,18,3.52177
702,17,22,4.06795
702,18,19,2.17817
702,18,23,3.17855
702,19,24,2.24112
702,20,21,4.41522
702,21,22,3.32934
702,22,23,6.00384
702,23,24,4.59167
703,0,1,3.5027
703,0,5,3.39614
703,1,2,3.41998
703,1,6,3.49975
703,2,3,2.8208
703,2,7,5.56824
703,3,4,5.09312
703,3,8,2.62842
703,4,9,4.3471
703,5,6,4.35218
703,5,10,6.33802
703,6,7,4.26229
703,6,11,6.53247
703,7,8,4.15518
703,7,12,3.33182
703,8,9,4.19773
703,8,13,3.49669
703,9,14,4.67589
703,10,11,2.44494
703,10,15,3.05876
703,11,12,5.07794
703,11,16,3.19054
703,12,13,4.14436
703,12,17,2.21211
703,13,14,3.09858
703,13,18,3.29803
703,14,19,4.24745
703,15,16,2.79065
703,15,20,4.8747
703,16,17,3.40713
703,16,21,1.86052
703,17,18,5.51744
703,17,22,4.67329
703,18,19,2.0931
703,18,23,5.55469
703,19,24,3.22383
703,20,21,6.64179
703,21,22,5.22836
703,22,23,4.32631
703,23,24,3.17782
704,0,1,3.46041
704,0,5,2.51172
704,1,2,4.92174
704,1,6,4.89051
704,2,3,2.15665
704,2,7,4.12014
704,3,4,2.89702
704,3,8,3.8496
704,4,9,5.78393
704,5,6,4.15077
704,5,10,4.51191
704,6,7,3.41078
704,6,11,4.77061
704,7,8,3.40521
704,7,12,5.94859
704,8,9,2.93396
704,8,13,3.34978
704,9,14,2.29054
704,10,11,5.71752
704,10,15,4.64343
704,11,12,2.3161
704,11,16,5.31157
704,12,13,3.50677
704,12,17,4.4369
704,13,14,4.89115
704,13,18,4.32136
704,14,19,5.27227
704,15,16,5.39209
704,15,20,2.7063
704,16,17,3.80513
704,16,21,2.94392
704,17,18,5.24282
704,17,22,2.20568
704,18,19,4.72092
704,18,23,5.41621
704,19,24,3.25612
704,20,21,2.53401
704,21,22,3.84993
704,22,23,3.52421
704,23,24,2.78887
705,0,1,4.36426
705,0,5,6.57548
705,1,2,2.84901
705,1,6,4.45313
705,2,3,5.05733
705,2,7,3.69284
705,3,4,6.70063
705,3,8,4.67712
705,4,9,5.55304
705,5,6,4.52777
705,5,10,2.09047
705,6,7,5.06985
705,6,11,4.98228
705,7,8,5.58343
705,7,12,4.75773
705,8,9,2.36915
705,8,13,6.44018
705,9,14,4.93162
705,10,11,2.29615
705,10,15,3.45875
705,11,12,5.93136
705,11,16,3.35402
705,12,13,2.23408
705,12,17,6.29615
705,13,14,4.44811
705,13,18,3.61429
705,14,19,5.45221
705,15,16,6.2977
705,15,20,2.98621
705,16,17,3.64613
705,16,21,5.41129
705,17,18,5.19945
705,17,22,4.37385
705,18,19,6.43017
705,18,23,3.90827
705,19,24,2.93799
705,20,21,2.48384
705,21,22,4.91784
705,22,23,3.53707
705,23,24,6.05125
706,0,1,5.33103
706,0,5,4.86056
706,1,2,4.90534
706,1,6,2.53419
706,2,3,4.21071
706,2,7,5.11559
706,3,4,2.78814
706,3,8,5.89325
706,4,9,2.6426
706,5,6,5.79669
706,5,10,4.15476
706,6,7,3.82522
706,6,11,3.09438
706,7,8,4.02391
706,7,12,4.12516
706,8,9,3.96404
706,8,13,5.94803
706,9,14,6.64723
706,10,11,3.76411
706,10,15,4.20096
706,11,12,5.05571
706,11,16,2.2624
706,12,13,6.78501
706,12,17,4.66924
706,13,14,2.91647
706,13,18,2.3631
706,14,19,2.81853
706,15,16,3.56941
706,15,20,5.73024
706,16,17,4.38406
706,16,21,4.3523
706,17,18,2.64566
706,17,22,2.79684
706,18,19,5.99222
706,18,23,2.44051
706,19,24,3.62723
706,20,21,4.95437
706,21,22,3.08745
706,22,23,3.50433
706,23,24,4.69351
707,0,1,4.63135
707,0,5,2.96293
707,1,2,2.56506
707,1,6,3.52071
707,2,3,4.46645
707,2,7,3.93665
707,3,4,5.07045
707,3,8,2.18386
707,4,9,4.14446
707,5,6,3.52455
707,5,10,5.61403
707,6,7,4.16419
707,6,11,4.85693
707,7,8,2.22882
707,7,12,4.96836
707,8,9,2.62123
707,8,13,5.05775
707,9,14,4.34805
707,10,11,2.78824
707,10,15,3.01939
707,11,12,2.72622
707,11,16,4.37447
707,12,13,5.90271
707,12,17,5.13607
707,13,14,3.34629
707,13,18,2.64119
707,14,19,5.64137
707,15,16,2.55366
707,15,20,3.20582
707,16,17,2.95557
707,16,21,3.47516
707,17,18,3.15828
707,17,22,2.61629
707,18,19,4.08477
707,18,23,4.56105
707,19,24,5.16799
707,20,21,2.63713
707,21,22,2.93251
707,22,23,4.83013
707,23,24,6.69729
708,0,1,3.77983
708,0,5,3.76659
708,1,2,5.52335
708,1,6,2.53883
708,2,3,4.61504
708,2,7,3.33359
708,3,4,3.07472
708,3,8,1.48692
708,4,9,3.74691
708,5,6,3.27631
708,5,10,4.03428
708,6,7,3.70638
708,6,11,1.24571
708,7,8,2.92342
708,7,12,5.80374
708,8,9,4.26716
708,8,13,4.12162
708,9,14,4.71504
708,10,11,3.73185
708,10,15,2.74631
708,11,12,5.38632
708,11,16,3.85541
708,12,13,3.58275
708,12,17,2.83852
708,13,14,1.47947
708,13,18,2.39009
708,14,19,3.3246
708,15,16,4.54911
708,15,20,3.93127
708,16,17,3.55239
708,16,21,7.19262
708,17,18,2.97402
708,17,22,2.52466
708,18,19,2.72648
708,18,23,4.55952
708,19,24,3.17376
708,20,21,1.54725
708,21,22,6.55312
708,22,23,1.94534
708,23,24,2.79921
709,0,1,2.02378
709,0,5,2.26077
709,1,2,2.11715
709,1,6,5.52106
709,2,3,2.76222
709,2,7,4.69551
709,3,4,1.72552
709,3,8,3.56277
709,4,9,3.54571
709,5,6,3.18205
709,5,10,4.70308
709,6,7,3.04889
709,6,11,3.28122
709,7,8,3.49276
709,7,12,3.87041
709,8,9,5.3723
709,8,13,3.16348
709,9,14,3.79008
709,10,11,3.55686
709,10,15,6.81724
709,11,12,2.08868
709,11,16,6.40536
709,12,13,5.34177
709,12,17,2.83171
709,13,14,5.92877
709,13,18,4.66246
709,14,19,3.59221
709,15,16,3.47832
709,15,20,5.73111
709,16,17,2.77368
709,16,21,4.10978
709,17,18,4.5327
709,17,22,2.89254
709,18,19,4.36208
709,18,23,5.53623
709,19,24,2.85785
709,20,21,3.61433
709,21,22,3.11516
709,22,23,3.25325
709,23,24,5.89045
710,0,1,2.69279
710,0,5,4.05342
710,1,2,3.04797
710,1,6,4.24209
710,2,3,2.37471
710,2,7,4.23938
710,3,4,5.4472
710,3,8,4.40557
710,4,9,2.61768
710,5,6,2.01006
710,5,10,3.58281
710,6,7,2.27967
710,6,11,2.57251
710,7,8,3.90622
710,7,12,1.22123
710,8,9,1.48659
710,8,13,3.65317
710,9,14,2.23335
710,10,11,4.40394
710,10,15,4.46274
710,11,12,3.46757
710,11,16,4.86604
710,12,13,3.45456
710,12,17,3.09398
710,13,14,2.16975
710,13,18,3.88934
710,14,19,2.04305
710,15,16,4.21591
710,15,20,3.00498
710,16,17,6.21056
710,16,21,4.57438
710,17,18,4.9641
710,17,22,3.84649
710,18,19,4.13624
710,18,23,1.94436
710,19,24,4.12097
710,20,21,4.86341
710,21,22,1.93851
710,22,23,5.40358
710,23,24,1.52612
711,0,1,5.82176
711,0,5,3.41659
711,1,2,3.14763
711,1,6,6.91439
711,2,3,3.06943
711,2,7,3.46405
711,3,4,5.32307
711,3,8,4.04426
711,4,9,4.59262
711,5,6,4.08688
711,5,10,5.34214
711,6,7,5.14951
711,6,11,4.59608
711,7,8,3.05036
711,7,12,6.04965
711,8,9,6.70374
711,8,13,6.04288
711,9,14,5.78245
711,10,11,2.85395
711,10,15,5.47289
711,11,12,6.84433
711,11,16,6.33311
711,12,13,2.7702
711,12,17,3.22844
711,13,14,4.75019
711,13,18,5.12685
711,14,19,7.69363
711,15,16,4.73265
711,15,20,6.62811
711,16,17,4.86369
711,16,21,5.81819
711,17,18,5.81356
711,17,22,2.20577
711,18,19,4.53888
711,18,23,6.19929
711,19,24,2.99616
711,20,21,2.91809
711,21,22,2.93463
711,22,23,3.0354
711,23,24,7.48261
712,0,1,2.52729
712,0,5,5.63424
712,1,2,4.20094
712,1,6,5.01291
712,2,3,2.82837
712,2,7,3.3874
712,3,4,4.75219
712,3,8,2.85846
712,4,9,4.35379
712,5,6,4.22812
712,5,10,5.02071
712,6,7,3.65368
712,6,11,4.81407
712,7,8,5.0598
712,7,12,3.21353
712,8,9,6.35909
712,8,13,3.65902
712,9,14,2.50979
712,10,11,3.0491
712,10,15,5.51082
712,11,12,4.67508
712,11,16,3.10505
712,12,13,5.12703
712,12,17,3.02641
712,13,14,4.98189
712,13,18,2.26273
712,14,19,5.9731
712,15,16,4.16724
712,15,20,3.88712
712,16,17,4.8604
712,16,21,4.31994
712,17,18,3.46635
712,17,22,3.97953
712,18,19,4.44616
712,18,23,2.87024
712,19,24,4.85779
712,20,21,3.00479
712,21,22,4.52727
712,22,23,2.10177
712,23,24,6.28132
713,0,1,5.94807
713,0,5,3.91423
713,1,2,4.35947
713,1,6,3.29435
713,2,3,3.38072
713,2,7,2.32297
713,3,4,2.59042
713,3,8,2.9151
713,4,9,4.49134
713,5,6,1.98685
713,5,10,5.27488
713,6,7,4.56492
713,6,11,2.52343
713,7,8,5.71326
713,7,12,5.05197
713,8,9,5.21889
713,8,13,4.09515
713,9,14,3.2941
713,10,11,5.01611
713,10,15,4.62243
713,11,12,2.6944
713,11,16,4.18186
713,12,13,4.05863
713,12,17,4.4306
713,13,14,2.53105
713,13,18,3.30063
713,14,19,6.63279
713,15,16,2.87977
713,15,20,3.95712
713,16,17,3.99411
713,16,21,4.42233
713,17,18,5.04814
713,17,22,3.46713
713,18,19,3.40034
713,18,23,4.99171
713,19,24,2.99881
713,20,21,5.28283
713,21,22,3.75367
713,22,23,3.33092
713,23,24,3.51517
714,0,1,5.46439
714,0,5,2.32745
714,1,2,3.59198
714,1,6,5.0711
714,2,3,4.81877
714,2,7,3.21133
714,3,4,3.52194
714,3,8,3.6302
714,4,9,5.14454
714,5,6,2.21132
714,5,10,3.63994
714,6,7,6.31647
714,6,11,6.03574
714,7,8,2.71701
714,7,12,3.76855
714,8,9,6.80862
714,8,13,3.94289
714,9,14,6.14757
714,10,11,3.64796
714,10,15,4.09663
714,11,12,5.49693
714,11,16,2.07426
714,12,13,2.60042
714,12,17,5.19661
714,13,14,5.10418
714,13,18,3.36803
714,14,19,3.42042
714,15,16,5.03392
714,15,20,2.83204
714,16,17,5.62704
714,16,21,6.01538
714,17,18,4.03904
714,17,22,3.86396
714,18,19,3.71026
714,18,23,3.86899
714,19,24,2.3363
714,20,21,4.43604
714,21,22,2.5685
714,22,23,4.60614
714,23,24,6.70406
715,0,1,7.14318
715,0,5,4.99998
715,1,2,3.94699
715,1,6,5.97656
715,2,3,5.43934
715,2,7,5.37629
715,3,4,3.9056
715,3,8,3.63005
715,4,9,3.93957
715,5,6,5.63503
715,5,10,2.27228
715,6,7,7.8407
715,6,11,5.53587
715,7,8,4.23285
715,7,12,2.6033
715,8,9,3.49284
715,8,13,3.3857
715,9,14,4.25146
715,10,11,5.49712
715,10,15,2.55199
715,11,12,4.51669
715,11,16,4.18181
715,12,13,7.11223
715,12,17,2.82589
715,13,14,2.3394
715,13,18,5.08933
715,14,19,5.2603
715,15,16,5.15841
715,15,20,3.7194
715,16,17,6.65075
715,16,21,4.443
715,17,18,3.00378
715,17,22,5.64491
715,18,19,3.96963
715,18,23,4.65268
715,19,24,3.92058
715,20,21,3.09742
715,21,22,6.44697
715,22,23,4.71127
715,23,24,6.64855
716,0,1,2.16799
716,0,5,5.09961
716,1,2,3.0683
716,1,6,1.76909
716,2,3,4.50885
716,2,7,2.73301
716,3,4,2.07456
716,3,8,3.30927
716,4,9,4.26293
716,5,6,4.50529
716,5,10,3.03921
716,6,7,2.33953
716,6,11,4.61203
716,7,8,1.99834
716,7,12,5.02658
716,8,9,2.36217
716,8,13,1.84194
716,9,14,2.68398
716,10,11,3.16885
716,10,15,1.85746
716,11,12,4.44947
716,11,16,4.46163
716,12,13,4.9824
716,12,17,3.98715
716,13,14,4.12262
716,13,18,3.09141
716,14,19,3.18378
716,15,16,4.22132
716,15,20,1.96339
716,16,17,2.64951
716,16,21,5.1331
716,17,18,4.23814
716,17,22,4.83536
716,18,19,2.54569
716,18,23,3.55956
716,19,24,3.84199
716,20,21,4.00131
716,21,22,3.02965
716,22,23,3.86807
716,23,24,1.79433
717,0,1,4.6546
717,0,5,3.38649
717,1,2,5.60195
717,1,6,5.87808
717,2,3,4.19067
717,2,7,4.76642
717,3,4,4.02369
717,3,8,6.05608
717,4,9,6.59346
717,5,6,5.31195
717,5,10,2.77995
717,6,7,5.11072
717,6,11,5.24289
717,7,8,2.2538
717,7,12,2.30042
717,8,9,4.65078
717,8,13,3.65986
717,9,14,3.53016
717,10,11,3.56064
717,10,15,5.35099
717,11,12,3.9182
717,11,16,2.11494
717,12,13,3.44746
717,12,17,2.48951
717,13,14,4.17966
717,13,18,5.30529
717,14,19,3.14996
717,15,16,6.17265
717,15,20,4.33907
717,16,17,2.07805
717,16,21,6.56015
717,17,18,2.64661
717,17,22,3.99095
717,18,19,3.66329
717,18,23,2.35088
717,19,24,5.20316
717,20,21,5.29274
717,21,22,4.82135
717,22,23,3.60803
717,23,24,2.57274
718,0,1,4.00658
718,0,5,4.8701
718,1,2,4.27966
718,1,6,3.95667
718,2,3,3.80906
718,2,7,2.26141
718,3,4,4.71133
718,3,8,4.19226
718,4,9,3.169
718,5,6,2.45748
718,5,10,3.55346
718,6,7,2.49298
718,6,11,3.15105
718,7,8,3.26725
718,7,12,4.23787
718,8,9,1.72795
718,8,13,3.78979
718,9,14,2.24732
718,10,11,2.53996
718,10,15,4.14575
718,11,12,4.81228
718,11,16,3.69182
718,12,13,4.07125
718,12,17,2.40256
718,13,14,4.5474
718,13,18,2.27489
718,14,19,4.45273
718,15,16,3.50973
718,15,20,1.93307
718,16,17,2.65172
718,16,21,4.82337
718,17,18,3.80544
718,17,22,3.84422
718,18,19,3.88916
718,18,23,2.1712
718,19,24,3.45078
718,20,21,2.98049
718,21,22,2.97343
718,22,23,5.23423
718,23,24,2.54489
719,0,1,3.14104
719,0,5,4.13379
719,1,2,3.58216
719,1,6,2.00454
719,2,3,3.92206
719,2,7,3.07753
719,3,4,5.01992
719,3,8,2.96105
719,4,9,5.67864
719,5,6,4.59014
719,5,10,2.52421
719,6,7,4.82097
719,6,11,3.90021
719,7,8,4.40792
719,7,12,4.12746
719,8,9,4.99579
719,8,13,2.95736
719,9,14,3.62989
719,10,11,2.87134
719,10,15,5.0808
719,11,12,3.29381
719,11,16,2.89968
719,12,13,6.24189
719,12,17,6.02657
719,13,14,5.17773
719,13,18,3.82437
719,14,19,5.0147
719,15,16,2.49429
719,15,20,4.88988
719,16,17,5.76628
719,16,21,5.51243
719,17,18,3.00247
719,17,22,2.97969
719,18,19,6.42654
719,18,23,3.96724
719,19,24,3.25421
719,20,21,3.45082
719,21,22,4.78819
719,22,23,3.74926
719,23,24,2.57545
720,0,1,4.54744
720,0,5,3.24031
720,1,2,3.4219
720,1,6,3.61146
720,2,3,4.97983
720,2,7,5.45832
720,3,4,5.03465
720,3,8,4.48084
720,4,9,2.95227
720,5,6,6.1299
720,5,10,3.3447
720,6,7,4.82975
720,6,11,4.14164
720,7,8,3.68569
720,7,12,3.75723
720,8,9,5.24207
720,8,13,3.12805
720,9,14,5.10681
720,10,11,4.14373
720,10,15,5.73054
720,11,12,4.78781
720,11,16,5.047
720,12,13,4.19473
720,12,17,5.75608
720,13,14,2.91706
720,13,18,1.80673
720,14,19,3.76629
720,15,16,4.7553
720,15,20,2.71401
720,16,17,4.83291
720,16,21,2.83291
720,17,18,4.38947
720,17,22,3.72948
720,18,19,5.21584
720,18,23,4.77297
720,19,24,2.67007
720,20,21,2.74731
720,21,22,5.0819
720,22,23,3.06608
720,23,24,4.16545
721,0,1,6.2657
721,0,5,5.15361
721,1,2,4.12422
721,1,6,3.2008
721,2,3,2.29913
721,2,7,5.10591
721,3,4,3.65862
721,3,8,5.40105
721,4,9,4.68042
721,5,6,3.40272
721,5,10,4.50311
721,6,7,3.93741
721,6,11,6.37793
721,7,8,3.08522
721,7,12,5.65517
721,8,9,4.67856
721,8,13,5.00374
721,9,14,3.04689
721,10,11,4.61377
721,10,15,5.52752
721,11,12,2.2376
721,11,16,3.40754
721,12,13,2.2137
721,12,17,3.32212
721,13,14,5.89508
721,13,18,3.91555
721,14,19,5.10252
721,15,16,5.23859
721,15,20,5.0716
721,16,17,4.94705
721,16,21,2.99993
721,17,18,7.06467
721,17,22,4.60921
721,18,19,3.84809
721,18,23,4.22363
721,19,24,4.31595
721,20,21,5.04349
721,21,22,2.12692
721,22,23,4.60042
721,23,24,4.24896
722,0,1,3.84032
722,0,5,2.8909
722,1,2,5.04262
722,1,6,5.61069
722,2,3,2.03922
722,2,7,5.37048
722,3,4,3.66851
722,3,8,5.40972
722,4,9,5.62443
722,5,6,4.47127
722,5,10,3.51281
722,6,7,1.81856
722,6,11,4.5147
722,7,8,3.10034
722,7,12,5.18221
722,8,9,5.64604
722,8,13,5.02461
722,9,14,3.41515
722,10,11,1.98368
722,10,15,4.4124
722,11,12,3.26927
722,11,16,3.39073
722,12,13,4.41559
722,12,17,2.79822
722,13,14,3.76696
722,13,18,5.15669
722,14,19,2.69284
722,15,16,5.22839
722,15,20,2.83647
722,16,17,3.60355
722,16,21,4.70179
722,17,18,2.85565
722,17,22,4.26803
722,18,19,4.23235
722,18,23,2.91782
722,19,24,4.31254
722,20,21,4.66502
722,21,22,4.7612
722,22,23,4.14475
722,23,24,3.05819
723,0,1,2.56767
723,0,5,2.77878
723,1,2,2.17498
723,1,6,4.71754
723,2,3,5.55033
723,2,7,4.07758
723,3,4,5.6563
723,3,8,6.43197
723,4,9,4.92893
723,5,6,4.9539
723,5,10,3.79588
723,6,7,4.11393
723,6,11,2.80386
723,7,8,7.11932
723,7,12,2.80611
723,8,9,5.61683
723,8,13,2.75313
723,9,14,3.09513
723,10,11,3.23152
723,10,15,2.54129
723,11,12,3.10126
723,11,16,4.10971
723,12,13,4.68499
723,12,17,2.68085
723,13,14,3.65585
723,13,18,5.29436
723,14,19,5.42032
723,15,16,4.12853
723,15,20,3.92779
723,16,17,3.98546
723,16,21,4.26811
723,17,18,5.77708
723,17,22,5.34151
723,18,19,6.2267
723,18,23,3.19504
723,19,24,2.8888
723,20,21,2.88909
723,21,22,2.88658
723,22,23,3.5888
723,23,24,4.02681
724,0,1,2.6867
724,0,5,2.20873
724,1,2,2.31739
724,1,6,4.43443
724,2,3,4.51539
724,2,7,4.99388
724,3,4,5.15851
724,3,8,2.09606
724,4,9,2.53275
724,5,6,3.85193
724,5,10,3.22386
724,6,7,3.45203
724,6,11,3.60254
724,7,8,3.17702
724,7,12,5.05624
724,8,9,3.04251
724,8,13,3.03383
724,9,14,4.81428
724,10,11,2.76588
724,10,15,4.29489
724,11,12,2.87303
724,11,16,4.45411
724,12,13,3.06167
724,12,17,2.90053
724,13,14,2.72306
724,13,18,3.8366
724,14,19,2.80912
724,15,16,3.34656
724,15,20,4.62574
724,16,17,3.44526
724,16,21,2.94623
724,17,18,4.21141
724,17,22,2.79984
724,18,19,3.05695
724,18,23,1.49563
724,19,24,3.96449
724,20,21,1.99139
724,21,22,1.66195
724,22,23,4.46418
724,23,24,3.3728
725,0,1,4.67761
725,0,5,3.79726
725,1,2,3.03225
725,1,6,2.42021
725,2,3,2.81786
725,2,7,4.59364
725,3,4,3.17533
725,3,8,4.74376
725,4,9,2.90382
725,5,6,3.368
725,5,10,3.60853
725,6,7,2.16144
725,6,11,1.94483
725,7,8,2.02761
725,7,12,4.47059
725,8,9,4.17529
725,8,13,4.52496
725,9,14,2.83247
725,10,11,3.95633
725,10,15,5.04447
725,11,12,4.81586
725,11,16,4.54721
725,12,13,2.37426
725,12,17,2.47758
725,13,14,4.93569
725,13,18,3.85938
725,14,19,3.70481
725,15,16,4.0181
725,15,20,4.06667
725,16,17,2.31454
725,16,21,4.31388
725,17,18,4.58828
725,17,22,5.24594
725,18,19,3.96194
725,18,23,4.56861
725,19,24,2.21088
725,20,21,4.07965
725,21,22,3.59
725,22,23,4.21226
725,23,24,4.2594
726,0,1,2.90388
726,0,5,2.44122
726,1,2,3.56043
726,1,6,3.68234
726,2,3,4.88574
726,2,7,2.17087
726,3,4,3.47849
726,3,8,5.08366
726,4,9,2.46653
726,5,6,4.83338
726,5,10,3.68021
726,6,7,2.70015
726,6,11,4.86135
726,7,8,5.15822
726,7,12,1.96857
726,8,9,2.98862
726,8,13,5.41052
726,9,14,4.08226
726,10,11,5.06935
726,10,15,4.24909
726,11,12,3.96462
726,11,16,2.20291
726,12,13,4.10057
726,12,17,2.84185
726,13,14,2.47931
726,13,18,5.56894
726,14,19,5.07446
726,15,16,3.94784
726,15,20,3.02757
726,16,17,5.91615
726,16,21,3.56907
726,17,18,5.18695
726,17,22,4.83805
726,18,19,3.95103
726,18,23,4.49225
726,19,24,6.16703
726,20,21,3.72675
726,21,22,3.13999
726,22,23,2.96505
726,23,24,3.79102
727,0,1,3.99239
727,0,5,3.75652
727,1,2,2.30045
727,1,6,2.53106
727,2,3,3.46063
727,2,7,3.54342
727,3,4,3.65504
727,3,8,4.01858
727,4,9,5.2227
727,5,6,3.66116
727,5,10,4.8092
727,6,7,3.69864
727,6,11,3.43052
727,7,8,3.40579
727,7,12,2.78177
727,8,9,3.55056
727,8,13,1.68126
727,9,14,4.06385
727,10,11,3.85471
727,10,15,4.01107
727,11,12,5.27186
727,11,16,5.50071
727,12,13,1.81105
727,12,17,2.63898
727,13,14,3.25859
727,13,18,3.62991
727,14,19,4.6677
727,15,16,4.70744
727,15,20,2.43843
727,16,17,2.78522
727,16,21,3.58757
727,17,18,5.26474
727,17,22,2.57441
727,18,19,3.8063
727,18,23,2.73258
727,19,24,2.10262
727,20,21,5.1655
727,21,22,3.65948
727,22,23,3.94435
727,23,24,1.6584
728,0,1,5.28345
728,0,5,2.70673
728,1,2,6.12753
728,1,6,3.36141
728,2,3,2.51083
728,2,7,2.36926
728,3,4,3.78995
728,3,8,3.17353
728,4,9,2.94802
728,5,6,3.57969
728,5,10,6.64821
728,6,7,4.56085
728,6,11,5.2418
728,7,8,5.16937
728,7,12,5.25811
728,8,9,4.82244
728,8,13,4.84754
728,9,14,4.02812
728,10,11,4.71517
728,10,15,4.2032
728,11,12,2.01408
728,11,16,2.72358
728,12,13,4.93618
728,12,17,4.92609
728,13,14,4.17997
728,13,18,6.70298
728,14,19,4.08369
728,15,16,2.83364
728,15,20,3.28515
728,16,17,2.67546
728,16,21,4.50571
728,17,18,2.54625
728,17,22,7.09557
728,18,19,6.09392
728,18,23,5.01881
728,19,24,2.71746
728,20,21,2.77271
728,21,22,5.68239
728,22,23,3.25439
728,23,24,4.59663
729,0,1,3.52224
729,0,5,2.85444
729,1,2,4.88768
729,1,6,3.7758
729,2,3,4.16487
729,2,7,3.98953
729,3,4,4.30761
729,3,8,5.76341
729,4,9,3.03792
729,5,6,3.70062
729,5,10,4.25409
729,6,7,2.6242
729,6,11,3.35418
729,7,8,4.41027
729,7,12,6.05262
729,8,9,4.10843
729,8,13,1.60543
729,9,14,4.28115
729,10,11,3.91426
729,10,15,1.95404
729,11,12,4.62043
729,11,16,2.73578
729,12,13,3.40395
729,12,17,4.53132
729,13,14,3.2751
729,13,18,4.63203
729,14,19,5.39813
729,15,16,3.12793
729,15,20,3.54254
729,16,17,1.69597
729,16,21,2.27721
729,17,18,6.03456
729,17,22,2.34631
729,18,19,5.55049
729,18,23,3.91392
729,19,24,3.46615
729,20,21,3.04742
729,21,22,2.02292
729,22,23,2.97666
729,23,24,4.66649
730,0,1,2.72329
730,0,5,3.3954
730,1,2,5.18
730,1,6,4.36931
730,2,3,5.72901
730,2,7,3.69619
730,3,4,6.20083
730,3,8,5.50593
730,4,9,3.94144
730,5,6,4.64282
730,5,10,2.30485
730,6,7,5.76938
730,6,11,5.28144
730,7,8,6.47615
730,7,12,3.2374
730,8,9,5.29842
730,8,13,5.33899
730,9,14,5.84278
730,10,11,6.01798
730,10,15,4.51242
730,11,12,5.17759
730,11,16,6.12139
730,12,13,3.42263
730,12,17,3.60531
730,13,14,3.96041
730,13,18,3.65551
730,14,19,2.4003
730,15,16,4.31679
730,15,20,3.966
730,16,17,6.08187
730,16,21,3.97042
730,17,18,3.96117
730,17,22,3.31848
730,18,19,5.00592
730,18,23,4.50035
730,19,24,3.26095
730,20,21,5.90841
730,21,22,4.7872
730,22,23,6.29689
730,23,24,7.05199
731,0,1,4.45755
731,0,5,5.58377
731,1,2,2.48815
731,1,6,2.25667
731,2,3,3.42242
731,2,7,2.57948
731,3,4,2.37509
731,3,8,2.00293
731,4,9,3.27343
731,5,6,6.14612
731,5,10,1.57422
731,6,7,4.79194
731,6,11,2.6862
731,7,8,2.26302
731,7,12,4.33444
731,8,9,3.99134
731,8,13,5.31223
731,9,14,3.85631
731,10,11,4.00588
731,10,15,1.89926
731,11,12,7.84084
731,11,16,4.58295
731,12,13,4.58804
731,12,17,4.93804
731,13,14,4.23067
731,13,18,2.11098
731,14,19,4.18694
731,15,16,2.35292
731,15,20,2.56005
731,16,17,3.29303
731,16,21,4.48156
731,17,18,3.83088
731,17,22,2.70295
731,18,19,4.85549
731,18,23,2.92986
731,19,24,5.31217
731,20,21,1.69161
731,21,22,5.86789
731,22,23,1.82796
731,23,24,2.6105
732,0,1,6.13483
732,0,5,5.59982
732,1,2,4.02659
732,1,6,6.2358
732,2,3,2.68676
732,2,7,5.58037
732,3,4,4.59969
732,3,8,2.75864
732,4,9,4.21566
732,5,6,3.45386
732,5,10,3.32986
732,6,7,4.66115
732,6,11,5.2215
732,7,8,7.01061
732,7,12,3.28025
732,8,9,4.36264
732,8,13,5.74945
732,9,14,4.74934
732,10,11,3.51721
732,10,15,5.94183
732,11,12,2.56862
732,11,16,5.25913
732,12,13,5.38763
732,12,17,3.05598
732,13,14,3.06254
732,13,18,7.04702
732,14,19,4.45137
732,15,16,5.56629
732,15,20,2.5881
732,16,17,2.37644
732,16,21,6.9953
732,17,18,6.07253
732,17,22,6.55556
732,18,19,2.71587
732,18,23,3.62399
732,19,24,5.7118
732,20,21,3.38638
732,21,22,5.50901
732,22,23,6.05566
732,23,24,3.94272
733,0,1,5.81201
733,0,5,2.14574
733,1,2,3.09685
733,1,6,3.5444
733,2,3,3.12126
733,2,7,2.53526
733,3,4,5.12475
733,3,8,2.73069
733,4,9,4.4166
733,5,6,3.21059
733,5,10,4.20456
733,6,7,6.15534
733,6,11,5.53048
733,7,8,3.09846
733,7,12,4.11956
733,8,9,3.53214
733,8,13,4.05563
733,9,14,3.6512
733,10,11,6.22228
733,10,15,2.62769
733,11,12,2.40513
733,11,16,2.64063
733,12,13,4.52775
733,12,17,3.23177
733,13,14,2.40423
733,13,18,3.78202
733,14,19,2.4781
733,15,16,6.4544
733,15,20,6.10816
733,16,17,4.94473
733,16,21,2.03905
733,17,18,5.87043
733,17,22,2.52836
733,18,19,4.92801
733,18,23,3.44553
733,19,24,3.52252
733,20,21,2.83255
733,21,22,2.73428
733,22,23,5.20933
733,23,24,5.72417
734,0,1,4.42885
734,0,5,2.32535
734,1,2,2.57044
734,1,6,2.68447
734,2,3,2.82982
734,2,7,3.42818
734,3,4,3.26441
734,3,8,7.5396
734,4,9,3.06968
734,5,6,6.39044
734,5,10,5.73567
734,6,7,4.16842
734,6,11,4.83715
734,7,8,3.2408
734,7,12,5.54946
734,8,9,5.62317
734,8,13,1.88085
734,9,14,5.18273
734,10,11,3.38784
734,10,15,2.90328
734,11,12,5.12335
734,11,16,4.47517
734,12,13,2.51666
734,12,17,2.51706
734,13,14,4.2634
734,13,18,4.7206
734,14,19,3.72716
734,15,16,2.75443
734,15,20,5.646
734,16,17,4.5726
734,16,21,4.75125
734,17,18,3.01132
734,17,22,2.84486
734,18,19,4.20593
734,18,23,4.98189
734,19,24,3.33372
734,20,21,5.88977
734,21,22,2.84687
734,22,23,4.07667
734,23,24,4.01141
735,0,1,1.41166
735,0,5,4.55973
735,1,2,4.5779
735,1,6,2.19193
735,2,3,4.15398
735,2,7,4.42676
735,3,4,4.84577
735,3,8,4.38436
735,4,9,4.38811
735,5,6,4.24102
735,5,10,3.35435
735,6,7,3.57044
735,6,11,1.92085
735,7,8,4.70074
735,7,12,2.12269
735,8,9,2.66769
735,8,13,1.62272
735,9,14,2.0234
735,10,11,1.8198
735,10,15,3.01738
735,11,12,3.91051
735,11,16,2.65573
735,12,13,2.54576
735,12,17,3.75532
735,13,14,4.80267
735,13,18,1.60335
735,14,19,4.48122
735,15,16,3.62067
735,15,20,4.3988
735,16,17,3.87191
735,16,21,5.00462
735,17,18,2.52155
735,17,22,3.09478
735,18,19,1.63913
735,18,23,1.46849
735,19,24,3.19508
735,20,21,3.87788
735,21,22,2.93718
735,22,23,3.23149
735,23,24,1.95816
736,0,1,4.49608
736,0,5,4.12335
736,1,2,6.63269
736,1,6,3.80108
736,2,3,4.95435
736,2,7,5.79358
736,3,4,4.35151
736,3,8,4.3607
736,4,9,2.8976
736,5,6,4.25724
736,5,10,2.7656
736,6,7,4.1244
736,6,11,6.69829
736,7,8,4.35488
736,7,12,7.05982
736,8,9,5.59858
736,8,13,4.65912
736,9,14,7.10441
736,10,11,2.12664
736,10,15,5.07899
736,11,12,6.29096
736,11,16,3.30073
736,12,13,5.61708
736,12,17,5.41954
736,13,14,4.79751
736,13,18,4.80346
736,14,19,4.55309
736,15,16,5.36919
736,15,20,6.7103
736,16,17,3.96722
736,16,21,4.93407
736,17,18,3.32737
736,17,22,2.93652
736,18,19,3.85099
736,18,23,6.10225
736,19,24,4.31159
736,20,21,4.89238
736,21,22,3.9503
736,22,23,4.87224
736,23,24,5.14043
737,0,1,3.28206
737,0,5,4.20532
737,1,2,3.95713
737,1,6,3.25897
737,2,3,5.33982
737,2,7,3.42586
737,3,4,4.81238
737,3,8,3.13535
737,4,9,4.70117
737,5,6,4.1185
737,5,10,2.37275
737,6,7,2.77485
737,6,11,6.02706
737,7,8,1.82735
737,7,12,4.66394
737,8,9,3.18886
737,8,13,2.45493
737,9,14,4.57731
737,10,11,3.74972
737,10,15,4.52339
737,11,12,2.15793
737,11,16,3.00802
737,12,13,5.63868
737,12,17,4.28728
737,13,14,3.58721
737,13,18,3.95454
737,14,19,2.65564
737,15,16,5.55768
737,15,20,4.53424
737,16,17,4.94748
737,16,21,2.62342
737,17,18,2.62693
737,17,22,4.26884
737,18,19,2.64591
737,18,23,3.01846
737,19,24,3.19136
737,20,21,2.19654
737,21,22,3.9404
737,22,23,2.82313
737,23,24,4.26705
738,0,1,2.60512
738,0,5,5.76438
738,1,2,6.14262
738,1,6,4.15311
738,2,3,4.47893
738,2,7,2.54937
738,3,4,5.31627
738,3,8,3.52237
738,4,9,3.12165
738,5,6,4.3404
738,5,10,2.45562
738,6,7,4.988
738,6,11,4.57278
738,7,8,5.8579
738,7,12,4.5295
738,8,9,2.69977
738,8,13,4.51786
738,9,14,4.28899
738,10,11,5.54665
738,10,15,4.76273
738,11,12,2.24577
738,11,16,4.46592
738,12,13,4.59169
738,12,17,3.2918
738,13,14,2.60259
738,13,18,4.59265
738,14,19,3.24091
738,15,16,4.97912
738,15,20,2.9303
738,16,17,4.30277
738,16,21,4.44885
738,17,18,3.34384
738,17,22,4.65895
738,18,19,5.38489
738,18,23,5.1319
738,19,24,3.3075
738,20,21,4.4767
738,21,22,4.79342
738,22,23,3.18302
738,23,24,4.63697
739,0,1,1.94128
739,0,5,2.03623
739,1,2,2.86947
739,1,6,3.69809
739,2,3,3.1887
739,2,7,4.31083
739,3,4,2.88965
739,3,8,3.99165
739,4,9,4.37093
739,5,6,2.78428
739,5,10,3.45421
739,6,7,1.53314
739,6,11,2.8256
739,7,8,3.22313
739,7,12,3.05155
739,8,9,2.64964
739,8,13,1.57043
739,9,14,3.25304
739,10,11,3.72627
739,10,15,4.53973
739,11,12,4.86853
739,11,16,5.06074
739,12,13,3.90254
739,12,17,4.42316
739,13,14,3.0194
739,13,18,1.10708
739,14,19,5.36461
739,15,16,2.72383
739,15,20,4.12059
739,16,17,2.38498
739,16,21,3.90493
739,17,18,4.11839
739,17,22,1.88821
739,18,19,2.77215
739,18,23,4.46927
739,19,24,2.96446
739,20,21,3.7331
739,21,22,5.32015
739,22,23,2.00828
739,23,24,2.56334
740,0,1,3.77765
740,0,5,2.72803
740,1,2,3.9013
740,1,6,3.17269
740,2,3,6.01674
740,2,7,4.01171
740,3,4,2.0367
740,3,8,4.98414
740,4,9,4.30322
740,5,6,2.43662
740,5,10,3.56732
740,6,7,3.1437
740,6,11,4.28531
740,7,8,3.01256
740,7,12,1.81674
740,8,9,5.31168
740,8,13,4.19702
740,9,14,3.35646
740,10,11,3.04536
740,10,15,2.98056
740,11,12,1.70546
740,11,16,3.96248
740,12,13,3.93036
740,12,17,3.92832
740,13,14,1.94757
740,13,18,4.19538
740,14,19,1.92374
740,15,16,5.13027
740,15,20,4.28114
740,16,17,4.62748
740,16,21,4.77964
740,17,18,4.15745
740,17,22,4.27333
740,18,19,2.60182
740,18,23,2.49409
740,19,24,2.26543
740,20,21,4.60525
740,21,22,4.09811
740,22,23,2.63285
740,23,24,3.1484
741,0,1,2.98339
741,0,5,4.44965
741,1,2,2.47391
741,1,6,4.20949
741,2,3,4.3395
741,2,7,3.91159
741,3,4,5.85874
741,3,8,5.41353
741,4,9,4.81244
741,5,6,5.59942
741,5,10,4.9
741,6,7,5.11589
741,6,11,2.67889
741,7,8,6.0842
741,7,12,6.04325
741,8,9,6.83632
741,8,13,6.11391
741,9,14,4.277
741,10,11,3.31145
741,10,15,4.4619
741,11,12,6.91274
741,11,16,4.03306
741,12,13,3.2219
741,12,17,3.50429
741,13,14,4.44402
741,13,18,3.0596
741,14,19,5.36889
741,15,16,2.65734
741,15,20,1.91428
741,16,17,2.66642
741,16,21,4.12537
741,17,18,3.87238
741,17,22,3.54883
741,18,19,6.72986
741,18,23,4.85367
741,19,24,5.17905
741,20,21,5.36748
741,21,22,6.98695
741,22,23,4.19808
741,23,24,6.00096
742,0,1,3.7705
742,0,5,6.18247
742,1,2,6.32668
742,1,6,4.94721
742,2,3,4.3143
742,2,7,4.57812
742,3,4,4.479
742,3,8,5.43911
742,4,9,3.96111
742,5,6,3.4605
742,5,10,2.77913
742,6,7,4.90078
742,6,11,4.80223
742,7,8,4.05232
742,7,12,4.73423
742,8,9,4.65755
742,8,13,5.47979
742,9,14,2.34458
742,10,11,3.80074
742,10,15,4.24538
742,11,12,4.75322
742,11,16,3.91952
742,12,13,2.12514
742,12,17,4.77407
742,13,14,2.00305
742,13,18,5.20653
742,14,19,5.86594
742,15,16,4.15322
742,15,20,4.80942
742,16,17,4.48115
742,16,21,2.65474
742,17,18,2.28407
742,17,22,2.94646
742,18,19,4.97285
742,18,23,3.89509
742,19,24,6.03838
742,20,21,2.40763
742,21,22,2.98829
742,22,23,3.10393
742,23,24,3.23177
743,0,1,2.68076
743,0,5,2.72187
743,1,2,3.38463
743,1,6,3.95737
743,2,3,2.56251
743,2,7,5.36764
743,3,4,2.45475
743,3,8,6.42387
743,4,9,4.82098
743,5,6,5.04654
743,5,10,4.21616
743,6,7,3.32027
743,6,11,2.53871
743,7,8,5.80737
743,7,12,4.50937
743,8,9,5.85057
743,8,13,3.02149
743,9,14,5.49282
743,10,11,5.25775
743,10,15,5.74491
743,11,12,2.54138
743,11,16,4.86832
743,12,13,2.33175
743,12,17,3.29348
743,13,14,2.38249
743,13,18,5.2062
743,14,19,3.14265
743,15,16,2.93889
743,15,20,4.99689
743,16,17,1.73709
743,16,21,3.82465
743,17,18,2.7623
743,17,22,4.35037
743,18,19,2.76433
743,18,23,4.91849
743,19,24,3.96296
743,20,21,3.07871
743,21,22,2.13167
743,22,23,2.8789
743,23,24,2.24482
744,0,1,3.5188
744,0,5,2.98682
744,1,2,5.51894
744,1,6,4.03235
744,2,3,5.62983
744,2,7,6.36491
744,3,4,2.03477
744,3,8,2.7537
744,4,9,2.56095
744,5,6,3.60113
744,5,10,3.8795
744,6,7,4.97629
744,6,11,5.48915
744,7,8,4.11354
744,7,12,4.52655
744,8,9,3.50336
744,8,13,2.57422
744,9,14,5.13673
744,10,11,2.61251
744,10,15,2.06542
744,11,12,4.66104
744,11,16,4.94394
744,12,13,2.27765
744,12,17,1.80625
744,13,14,5.67707
744,13,18,6.25724
744,14,19,4.73567
744,15,16,2.48948
744,15,20,5.74113
744,16,17,2.35321
744,16,21,2.77145
744,17,18,3.51024
744,17,22,5.43831
744,18,19,4.36311
744,18,23,3.67467
744,19,24,4.70913
744,20,21,4.23248
744,21,22,3.31659
744,22,23,5.05237
744,23,24,3.41113
745,0,1,6.64486
745,0,5,5.39864
745,1,2,5.05824
745,1,6,6.84382
745,2,3,5.52241
745,2,7,4.74393
745,3,4,4.54524
745,3,8,2.58287
745,4,9,4.24822
745,5,6,4.15874
745,5,10,6.57087
745,6,7,7.18056
745,6,11,3.88857
745,7,8,6.11199
745,7,12,4.64775
745,8,9,6.81499
745,8,13,3.85657
745,9,14,2.83099
745,10,11,2.31172
745,10,15,4.1664
745,11,12,5.98581
745,11,16,4.02808
745,12,13,2.56282
745,12,17,6.12454
745,13,14,6.55506
745,13,18,4.38681
745,14,19,5.78347
745,15,16,6.00177
745,15,20,6.82281
745,16,17,3.38329
745,16,21,3.45984
745,17,18,2.44515
745,17,22,5.95824
745,18,19,2.45822
745,18,23,5.91568
745,19,24,5.51214
745,20,21,5.94734
745,21,22,5.14271
745,22,23,3.41826
745,23,24,2.70692
746,0,1,3.42384
746,0,5,3.99573
746,1,2,4.28545
746,1,6,3.18375
746,2,3,3.32213
746,2,7,3.27754
746,3,4,2.31993
746,3,8,4.51239
746,4,9,3.74549
746,5,6,4.35424
746,5,10,3.0367
746,6,7,1.57129
746,6,11,2.50618
746,7,8,5.62869
746,7,12,4.54314
746,8,9,2.13133
746,8,13,4.21746
746,9,14,6.15397
746,10,11,3.06888
746,10,15,2.45936
746,11,12,4.86569
746,11,16,4.07379
746,12,13,4.03923
746,12,17,3.80997
746,13,14,2.01439
746,13,18,1.82825
746,14,19,4.47793
746,15,16,5.22797
746,15,20,1.8403
746,16,17,4.02812
746,16,21,5.15791
746,17,18,2.54808
746,17,22,2.76107
746,18,19,3.15405
746,18,23,3.4996
746,19,24,3.68054
746,20,21,4.14608
746,21,22,6.57798
746,22,23,3.0839
746,23,24,4.40682
747,0,1,3.87197
747,0,5,4.22333
747,1,2,3.24827
747,1,6,2.44527
747,2,3,2.43739
747,2,7,4.72164
747,3,4,3.09
747,3,8,1.46724
747,4,9,4.62984
747,5,6,4.42427
747,5,10,5.06848
747,6,7,4.83077
747,6,11,3.13814
747,7,8,1.58716
747,7,12,3.76248
747,8,9,4.28797
747,8,13,2.36442
747,9,14,2.43789
747,10,11,3.13446
747,10,15,2.5918
747,11,12,2.09906
747,11,16,3.99532
747,12,13,2.33901
747,12,17,2.80002
747,13,14,4.68133
747,13,18,1.69506
747,14,19,2.68372
747,15,16,4.83368
747,15,20,3.18655
747,16,17,4.8937
747,16,21,3.14132
747,17,18,3.45104
747,17,22,1.6846
747,18,19,3.15131
747,18,23,2.42151
747,19,24,4.63996
747,20,21,2.88502
747,21,22,3.72272
747,22,23,6.06765
747,23,24,4.10565
748,0,1,5.25181
748,0,5,2.77121
748,1,2,3.29847
748,1,6,6.90454
748,2,3,3.09547
748,2,7,6.99443
748,3,4,4.07181
748,3,8,3.24232
748,4,9,4.94039
748,5,6,3.81117
748,5,10,6.06593
748,6,7,3.68741
748,6,11,4.70736
748,7,8,2.54372
748,7,12,3.03576
748,8,9,4.01747
748,8,13,2.99236
748,9,14,4.05288
748,10,11,5.56298
748,10,15,2.92305
748,11,12,3.02306
748,11,16,4.34846
748,12,13,2.52672
748,12,17,2.64895
748,13,14,2.74598
748,13,18,2.63003
748,14,19,2.98747
748,15,16,4.32613
748,15,20,6.93908
748,16,17,5.89609
748,16,21,1.95266
748,17,18,2.7691
748,17,22,3.43173
748,18,19,2.76833
748,18,23,4.27205
748,19,24,2.70097
748,20,21,4.20862
748,21,22,2.04832
748,22,23,4.95621
748,23,24,2.37581
749,0,1,2.63002
749,0,5,3.70278
749,1,2,6.11303
749,1,6,3.7101
749,2,3,4.03064
749,2,7,4.65292
749,3,4,4.80652
749,3,8,5.83086
749,4,9,4.12714
749,5,6,3.10313
749,5,10,2.77972
749,6,7,2.96297
749,6,11,2.51098
749,7,8,2.47008
749,7,12,3.76932
749,8,9,6.77171
749,8,13,2.91049
749,9,14,3.60566
749,10,11,3.52062
749,10,15,5.4239
749,11,12,4.35544
749,11,16,2.63194
749,12,13,2.86272
749,12,17,3.81283
749,13,14,4.64157
749,13,18,4.5351
749,14,19,4.54651
749,15,16,1.86486
749,15,20,2.01996
749,16,17,1.70323
749,16,21,4.11039
749,17,18,4.30543
749,17,22,3.01254
749,18,19,5.38969
749,18,23,3.34013
749,19,24,4.22323
749,20,21,2.57211
749,21,22,2.92392
749,22,23,4.26865
749,23,24,4.38109
750,0,1,6.20123
750,0,5,5.13344
750,1,2,5.85057
750,1,6,3.22505
750,2,3,4.47891
750,2,7,5.1513
750,3,4,3.98712
750,3,8,4.18241
750,4,9,3.28774
750,5,6,2.05277
750,5,10,4.8811
750,6,7,6.06049
750,6,11,6.166
750,7,8,7.2538
750,7,12,2.49187
750,8,9,4.38596
750,8,13,5.4646
750,9,14,4.70303
750,10,11,4.60198
750,10,15,3.52624
750,11,12,5.53455
750,11,16,5.68816
750,12,13,5.02959
750,12,17,6.74479
750,13,14,4.97426
750,13,18,5.07346
750,14,19,4.93988
750,15,16,2.36983
750,15,20,2.65761
750,16,17,4.86561
750,16,21,6.14084
750,17,18,4.13087
750,17,22,2.68939
750,18,19,6.10104
750,18,23,5.21152
750,19,24,4.07083
750,20,21,6.62986
750,21,22,5.44994
750,22,23,4.34385
750,23,24,5.60227
751,0,1,3.1285
751,0,5,4.16697
751,1,2,4.50953
751,1,6,2.67958
751,2,3,5.94294
751,2,7,5.1876
751,3,4,4.324
751,3,8,3.20936
751,4,9,2.72462
751,5,6,4.37947
751,5,10,2.68031
751,6,7,4.88699
751,6,11,3.46255
751,7,8,2.99687
751,7,12,2.87856
751,8,9,3.49964
751,8,13,2.17376
751,9,14,3.51621
751,10,11,3.8244
751,10,15,2.89899
751,11,12,5.31626
751,11,16,2.22862
751,12,13,3.70635
751,12,17,3.4913
751,13,14,5.27442
751,13,18,3.07171
751,14,19,5.96048
751,15,16,2.91173
751,15,20,4.02357
751,16,17,3.94116
751,16,21,5.07107
751,17,18,2.22151
751,17,22,5.52405
751,18,19,3.97189
751,18,23,6.28619
751,19,24,4.12332
751,20,21,2.38934
751,21,22,4.11746
751,22,23,2.55712
751,23,24,3.70951
752,0,1,4.15383
752,0,5,4.97696
752,1,2,5.52421
752,1,6,4.65893
752,2,3,4.21299
752,2,7,2.38485
752,3,4,5.58773
752,3,8,4.73879
752,4,9,3.25559
752,5,6,4.18682
752,5,10,4.82134
752,6,7,4.04623
752,6,11,2.60585
752,7,8,4.46492
752,7,12,3.74393
752,8,9,6.08148
752,8,13,5.46155
752,9,14,5.37886
752,10,11,3.19143
752,10,15,2.48247
752,11,12,4.03861
752,11,16,3.33878
752,12,13,5.09818
752,12,17,5.89662
752,13,14,2.74595
752,13,18,4.88866
752,14,19,3.18023
752,15,16,3.22811
752,15,20,2.43487
752,16,17,1.93298
752,16,21,4.65787
752,17,18,4.92722
752,17,22,5.45873
752,18,19,6.17312
752,18,23,5.72726
752,19,24,3.82913
752,20,21,3.47626
752,21,22,3.60074
752,22,23,2.74777
752,23,24,5.07603
753,0,1,3.43602
753,0,5,3.14867
753,1,2,4.86171
753,1,6,4.3996
753,2,3,4.23625
753,2,7,2.77314
753,3,4,4.48788
753,3,8,3.44545
753,4,9,2.32625
753,5,6,5.06718
753,5,10,2.10914
753,6,7,5.82413
753,6,11,4.70391
753,7,8,3.19552
753,7,12,6.03818
753,8,9,4.727
753,8,13,5.50524
753,9,14,4.06822
753,10,11,4.89209
753,10,15,2.15668
753,11,12,5.98125
753,11,16,2.84804
753,12,13,5.49894
753,12,17,5.12227
753,13,14,2.30271
753,13,18,3.9342
753,14,19,2.85175
753,15,16,5.79924
753,15,20,1.94991
753,16,17,3.67281
753,16,21,5.18554
753,17,18,4.52712
753,17,22,5.70353
753,18,19,3.72125
753,18,23,4.03462
753,19,24,4.07584
753,20,21,3.67958
753,21,22,6.60992
753,22,23,2.50315
753,23,24,3.51877
754,0,1,5.47912
754,0,5,5.62067
754,1,2,4.45747
754,1,6,4.91801
754,2,3,4.27901
754,2,7,3.13637
754,3,4,5.83709
754,3,8,5.15144
754,4,9,4.7273
754,5,6,4.32115
754,5,10,3.80168
754,6,7,4.5459
754,6,11,3.38077
754,7,8,4.65384
754,7,12,3.92015
754,8,9,3.69747
754,8,13,6.1867
754,9,14,3.89092
754,10,11,4.69262
754,10,15,5.02786
754,11,12,3.22868
754,11,16,5.53123
754,12,13,3.99235
754,12,17,4.2429
754,13,14,3.67657
754,13,18,3.06755
754,14,19,2.29028
754,15,16,2.96049
754,15,20,2.21848
754,16,17,6.43656
754,16,21,6.2341
754,17,18,3.59271
754,17,22,2.90626
754,18,19,4.75441
754,18,23,2.52353
754,19,24,2.68901
754,20,21,3.68949
754,21,22,4.18265
754,22,23,3.2465
754,23,24,1.77235
755,0,1,6.75879
755,0,5,4.12963
755,1,2,5.7681
755,1,6,4.49349
755,2,3,4.34331
755,2,7,2.86782
755,3,4,4.84272
755,3,8,3.36831
755,4,9,4.28152
755,5,6,6.03845
755,5,10,5.50919
755,6,7,3.40775
755,6,11,7.59917
755,7,8,2.74919
755,7,12,3.75565
755,8,9,6.80238
755,8,13,5.92176
755,9,14,7.13571
755,10,11,4.70258
755,10,15,6.45539
755,11,12,3.41596
755,11,16,4.76711
755,12,13,3.10504
755,12,17,2.52837
755,13,14,7.14223
755,13,18,5.89664
755,14,19,6.45758
755,15,16,5.80814
755,15,20,5.50039
755,16,17,3.60856
755,16,21,2.59654
755,17,18,3.5469
755,17,22,2.91895
755,18,19,5.65515
755,18,23,3.71395
755,19,24,4.10797
755,20,21,5.9991
755,21,22,5.75827
755,22,23,5.78031
755,23,24,4.56304
756,0,1,4.74063
756,0,5,3.5259
756,1,2,4.8781
756,1,6,2.81548
756,2,3,5.56124
756,2,7,4.62564
756,3,4,2.97694
756,3,8,3.99687
756,4,9,3.26589
756,5,6,4.03363
756,5,10,5.84863
756,6,7,3.12688
756,6,11,2.21784
756,7,8,2.66809
756,7,12,2.95616
756,8,9,2.11761
756,8,13,2.68979
756,9,14,1.97875
756,10,11,3.93431
756,10,15,3.28035
756,11,12,1.69563
756,11,16,3.68606
756,12,13,2.53164
756,12,17,3.61476
756,13,14,3.52963
756,13,18,2.27273
756,14,19,2.16157
756,15,16,4.97019
756,15,20,2.79772
756,16,17,3.92634
756,16,21,5.59099
756,17,18,3.45325
756,17,22,6.14734
756,18,19,2.71095
756,18,23,2.10213
756,19,24,6.03476
756,20,21,3.62511
756,21,22,2.09829
756,22,23,4.77893
756,23,24,3.33476
757,0,1,3.23177
757,0,5,4.57401
757,1,2,2.7408
757,1,6,6.71217
757,2,3,2.87721
757,2,7,7.17234
757,3,4,4.56579
757,3,8,4.15488
757,4,9,3.5721
757,5,6,5.53104
757,5,10,3.51393
757,6,7,5.94125
757,6,11,5.56116
757,7,8,5.30103
757,7,12,4.07599
757,8,9,2.61929
757,8,13,3.98086
757,9,14,5.75345
757,10,11,5.85859
757,10,15,6.36042
757,11,12,5.7532
757,11,16,3.58037
757,12,13,4.84333
757,12,17,4.8484
757,13,14,5.973
757,13,18,4.14362
757,14,19,4.41838
757,15,16,3.91956
757,15,20,7.66274
757,16,17,5.37123
757,16,21,3.62939
757,17,18,2.91943
757,17,22,5.02187
757,18,19,4.24181
757,18,23,6.30399
757,19,24,4.18591
757,20,21,3.02841
757,21,22,3.72816
757,22,23,5.76299
757,23,24,7.55038
758,0,1,2.82175
758,0,5,5.36869
758,1,2,2.25358
758,1,6,5.24629
758,2,3,3.05736
758,2,7,4.96638
758,3,4,5.08616
758,3,8,2.14094
758,4,9,4.99578
758,5,6,3.84218
758,5,10,5.75983
758,6,7,2.76152
758,6,11,2.87232
758,7,8,2.67391
758,7,12,4.04151
758,8,9,5.42303
758,8,13,4.1649
758,9,14,2.28973
758,10,11,3.22364
758,10,15,2.05819
758,11,12,4.38045
758,11,16,3.49586
758,12,13,4.50202
758,12,17,2.77144
758,13,14,4.13889
758,13,18,5.32785
758,14,19,3.36197
758,15,16,4.84759
758,15,20,3.10655
758,16,17,5.63938
758,16,21,4.27399
758,17,18,2.13945
758,17,22,4.00182
758,18,19,3.67319
758,18,23,4.95762
758,19,24,4.16938
758,20,21,2.56211
758,21,22,4.60202
758,22,23,3.16243
758,23,24,4.45507
759,0,1,4.35681
759,0,5,2.94598
759,1,2,4.75296
759,1,6,2.90648
759,2,3,2.41646
759,2,7,3.23688
759,3,4,5.92217
759,3,8,3.3041
759,4,9,3.18284
759,5,6,3.35676
759,5,10,3.66859
759,6,7,3.22209
759,6,11,2.00257
759,7,8,2.50764
759,7,12,5.16238
759,8,9,2.62374
759,8,13,4.93891
759,9,14,1.81515
759,10,11,4.46736
759,10,15,2.35503
759,11,12,4.06454
759,11,16,4.41676
759,12,13,3.63691
759,12,17,3.65611
759,13,14,1.96199
759,13,18,2.66408
759,14,19,3.70686
759,15,16,3.90689
759,15,20,3.63128
759,16,17,3.13907
759,16,21,6.33456
759,17,18,2.93915
759,17,22,1.76953
759,18,19,4.03307
759,18,23,2.83116
759,19,24,2.302
759,20,21,1.36924
759,21,22,2.18174
759,22,23,2.27233
759,23,24,2.31624
760,0,1,3.34264
760,0,5,2.33826
760,1,2,4.23937
760,1,6,3.41651
760,2,3,3.42094
760,2,7,3.12814
760,3,4,5.39041
760,3,8,2.82382
760,4,9,3.10288
760,5,6,1.75452
760,5,10,4.03559
760,6,7,4.59237
760,6,11,1.35688
760,7,8,2.85924
760,7,12,3.56983
760,8,9,1.89219
760,8,13,4.36185
760,9,14,2.15769
760,10,11,1.86604
760,10,15,2.04731
760,11,12,2.4888
760,11,16,4.33109
760,12,13,3.82125
760,12,17,3.70744
760,13,14,2.23576
760,13,18,3.45291
760,14,19,1.40876
760,15,16,4.06102
760,15,20,2.74885
760,16,17,4.82694
760,16,21,3.36401
760,17,18,1.94331
760,17,22,3.62859
760,18,19,2.79271
760,18,23,1.98708
760,19,24,2.34683
760,20,21,2.82179
760,21,22,3.8155
760,22,23,3.16087
760,23,24,2.80769
761,0,1,5.56486
761,0,5,6.3314
761,1,2,4.51932
761,1,6,5.42466
761,2,3,4.4772
761,2,7,4.28056
761,3,4,3.10138
761,3,8,5.66354
761,4,9,4.75094
761,5,6,4.19892
761,5,10,4.1533
761,6,7,6.70944
761,6,11,2.63781
761,7,8,4.40296
761,7,12,4.20193
761,8,9,2.4948
761,8,13,3.17827
761,9,14,4.16991
761,10,11,4.03526
761,10,15,5.55154
761,11,12,2.10408
761,11,16,3.35326
761,12,13,6.45867
761,12,17,6.04941
761,13,14,4.18156
761,13,18,3.29204
761,14,19,2.31348
761,15,16,5.86535
761,15,20,5.53925
761,16,17,6.95066
761,16,21,3.61478
761,17,18,3.94084
761,17,22,6.6314
761,18,19,5.19489
761,18,23,3.85509
761,19,24,7.11902
761,20,21,1.98492
761,21,22,4.37917
761,22,23,2.73609
761,23,24,2.02276
762,0,1,1.97474
762,0,5,3.3755
762,1,2,4.38825
762,1,6,4.49648
762,2,3,5.12106
762,2,7,3.26238
762,3,4,4.41611
762,3,8,5.4785
762,4,9,4.90442
762,5,6,3.87079
762,5,10,3.20032
762,6,7,5.38682
762,6,11,3.86508
762,7,8,4.71977
762,7,12,2.66893
762,8,9,2.33891
762,8,13,5.7656
762,9,14,4.47397
762,10,11,3.84184
762,10,15,7.03495
762,11,12,2.47702
762,11,16,2.54477
762,12,13,5.40944
762,12,17,3.13505
762,13,14,5.57303
762,13,18,4.80352
762,14,19,3.50165
762,15,16,4.98504
762,15,20,4.78315
762,16,17,3.26369
762,16,21,3.59019
762,17,18,2.94807
762,17,22,2.28038
762,18,19,2.71805
762,18,23,3.38255
762,19,24,2.42137
762,20,21,5.15213
762,21,22,4.25849
762,22,23,2.55989
762,23,24,3.59141
763,0,1,5.55874
763,0,5,4.52627
763,1,2,6.46437
763,1,6,2.08797
763,2,3,4.3048
763,2,7,5.18844
763,3,4,6.0353
763,3,8,2.50799
763,4,9,5.81758
763,5,6,4.01908
763,5,10,3.78628
763,6,7,2.46637
763,6,11,5.60873
763,7,8,4.52891
763,7,12,5.04477
763,8,9,4.94447
763,8,13,6.46495
763,9,14,1.85897
763,10,11,4.59422
763,10,15,5.10233
763,11,12,2.12348
763,11,16,4.89778
763,12,13,6.11756
763,12,17,5.04172
763,13,14,4.84521
763,13,18,6.3837
763,14,19,5.41609
763,15,16,5.67606
763,15,20,3.0382
763,16,17,5.80539
763,16,21,4.05967
763,17,18,3.0965
763,17,22,5.15397
763,18,19,2.34137
763,18,23,4.05337
763,19,24,3.84144
763,20,21,2.95531
763,21,22,5.77811
763,22,23,3.04398
763,23,24,3.64976
764,0,1,4.16078
764,0,5,2.84146
764,1,2,4.43737
764,1,6,3.32506
764,2,3,4.26081
764,2,7,4.04015
764,3,4,4.30279
764,3,8,4.80095
764,4,9,3.97237
764,5,6,5.59441
764,5,10,5.07786
764,6,7,4.96315
764,6,11,2.83625
764,7,8,2.1783
764,7,12,2.64221
764,8,9,2.09521
764,8,13,3.48705
764,9,14,3.56237
764,10,11,2.56097
764,10,15,4.48037
764,11,12,4.00085
764,11,16,2.63768
764,12,13,5.09608
764,12,17,1.9355
764,13,14,4.81573
764,13,18,4.36244
764,14,19,2.05944
764,15,16,2.03214
764,15,20,2.66099
764,16,17,3.74441
764,16,21,4.44046
764,17,18,5.22618
764,17,22,3.63721
764,18,19,3.5202
764,18,23,2.869
764,19,24,5.15193
764,20,21,5.40721
764,21,22,3.71558
764,22,23,1.80776
764,23,24,1.72653
765,0,1,4.08439
765,0,5,2.3984
765,1,2,3.28021
765,1,6,2.79573
765,2,3,4.25562
765,2,7,4.95763
765,3,4,4.50152
765,3,8,2.56017
765,4,9,3.26629
765,5,6,5.07026
765,5,10,6.04598
765,6,7,3.67366
765,6,11,3.68569
765,7,8,4.87969
765,7,12,2.97819
765,8,9,4.40305
765,8,13,1.78968
765,9,14,3.35866
765,10,11,3.61104
765,10,15,2.85654
765,11,12,3.82508
765,11,16,4.73756
765,12,13,3.09355
765,12,17,5.58204
765,13,14,2.52859
765,13,18,3.65029
765,14,19,3.55476
765,15,16,2.54857
765,15,20,2.02381
765,16,17,5.54542
765,16,21,5.62711
765,17,18,4.25272
765,17,22,3.90313
765,18,19,3.31117
765,18,23,3.06733
765,19,24,2.44462
765,20,21,4.6751
765,21,22,3.01395
765,22,23,3.40998
765,23,24,3.56566
766,0,1,2.20024
766,0,5,3.80001
766,1,2,3.69756
766,1,6,2.13341
766,2,3,2.45011
766,2,7,4.20448
766,3,4,1.92926
766,3,8,3.67414
766,4,9,4.52457
766,5,6,6.15056
766,5,10,3.73456
766,6,7,3.57674
766,6,11,1.87214
766,7,8,2.5225
766,7,12,4.95288
766,8,9,4.7703
766,8,13,3.82063
766,9,14,3.72205
766,10,11,2.87727
766,10,15,3.05776
766,11,12,2.18117
766,11,16,3.21336
766,12,13,3.44614
766,12,17,5.84985
766,13,14,4.78207
766,13,18,1.87963
766,14,19,5.01856
766,15,16,3.25944
766,15,20,4.78812
766,16,17,3.55977
766,16,21,3.39349
766,17,18,4.3702
766,17,22,2.45185
766,18,19,2.71018
766,18,23,3.07448
766,19,24,3.50372
766,20,21,2.98491
766,21,22,4.06387
766,22,23,3.41635
766,23,24,4.49337
767,0,1,5.01129
767,0,5,3.90356
767,1,2,5.16263
767,1,6,4.96946
767,2,3,4.93946
767,2,7,3.51924
767,3,4,4.68724
767,3,8,5.51148
767,4,9,5.7925
767,5,6,5.30375
767,5,10,4.74092
767,6,7,4.76618
767,6,11,5.07905
767,7,8,2.47975
767,7,12,2.98269
767,8,9,4.41937
767,8,13,5.31591
767,9,14,5.16383
767,10,11,3.81773
767,10,15,2.89757
767,11,12,2.64747
767,11,16,4.24851
767,12,13,2.43
767,12,17,5.88448
767,13,14,2.61664
767,13,18,5.25986
767,14,19,2.94036
767,15,16,5.04958
767,15,20,5.37572
767,16,17,5.52394
767,16,21,4.14812
767,17,18,3.18161
767,17,22,5.72704
767,18,19,4.17776
767,18,23,4.50129
767,19,24,2.91853
767,20,21,2.98157
767,21,22,3.35551
767,22,23,3.36706
767,23,24,4.12055
768,0,1,5.13135
768,0,5,2.34917
768,1,2,6.25439
768,1,6,2.76594
768,2,3,6.64493
768,2,7,5.69029
768,3,4,4.97284
768,3,8,3.14719
768,4,9,6.43232
768,5,6,2.41956
768,5,10,5.13473
768,6,7,3.83312
768,6,11,5.01403
768,7,8,5.60238
768,7,12,4.01117
768,8,9,6.16036
768,8,13,5.27417
768,9,14,4.20424
768,10,11,3.29487
768,10,15,3.72071
768,11,12,4.24073
768,11,16,3.24161
768,12,13,2.39609
768,12,17,5.25022
768,13,14,5.66533
768,13,18,5.67322
768,14,19,3.5855
768,15,16,6.49649
768,15,20,2.72798
768,16,17,2.29178
768,16,21,2.4144
768,17,18,3.30699
768,17,22,3.11747
768,18,19,3.93009
768,18,23,3.95976
768,19,24,3.46102
768,20,21,6.08835
768,21,22,4.72272
768,22,23,3.75744
768,23,24,4.68454
769,0,1,5.43132
769,0,5,4.28791
769,1,2,5.34181
769,1,6,4.46151
769,2,3,3.20166
769,2,7,2.61312
769,3,4,4.0232
769,3,8,2.39569
769,4,9,3.44624
769,5,6,4.84337
769,5,10,2.38223
769,6,7,2.79225
769,6,11,3.33563
769,7,8,5.73701
769,7,12,5.41913
769,8,9,2.48708
769,8,13,4.05675
769,9,14,4.7094
769,10,11,5.83013
769,10,15,4.66893
769,11,12,3.60235
769,11,16,2.94618
769,12,13,4.40773
769,12,17,5.5189
769,13,14,4.44134
769,13,18,3.1238
769,14,19,4.04482
769,15,16,4.51024
769,15,20,4.65112
769,16,17,5.37236
769,16,21,4.99447
769,17,18,2.22262
769,17,22,2.69282
769,18,19,2.49762
769,18,23,2.17263
769,19,24,2.97089
769,20,21,6.21876
769,21,22,4.93154
769,22,23,5.03141
769,23,24,4.66607
770,0,1,3.48768
770,0,5,3.65777
770,1,2,3.48398
770,1,6,2.17552
770,2,3,5.46099
770,2,7,2.6778
770,3,4,2.54216
770,3,8,2.11038
770,4,9,2.76653
770,5,6,4.47656
770,5,10,3.02501
770,6,7,3.06811
770,6,11,2.10241
770,7,8,3.96527
770,7,12,3.94009
770,8,9,3.5271
770,8,13,5.42938
770,9,14,3.38725
770,10,11,5.03343
770,10,15,2.29098
770,11,12,3.60937
770,11,16,3.18812
770,12,13,4.62136
770,12,17,4.46885
770,13,14,3.95178
770,13,18,3.47478
770,14,19,3.15059
770,15,16,3.90303
770,15,20,1.92844
770,16,17,4.36604
770,16,21,2.83811
770,17,18,1.90482
770,17,22,2.88399
770,18,19,4.84242
770,18,23,3.55169
770,19,24,2.01053
770,20,21,1.46453
770,21,22,6.16101
770,22,23,3.39691
770,23,24,2.73364
771,0,1,3.79229
771,0,5,3.90439
771,1,2,5.17285
771,1,6,2.94372
771,2,3,3.5342
771,2,7,4.62552
771,3,4,3.14194
771,3,8,4.05665
771,4,9,2.71452
771,5,6,4.02145
771,5,10,2.58603
771,6,7,1.92551
771,6,11,2.20045
771,7,8,4.08877
771,7,12,5.87047
771,8,9,2.78986
771,8,13,2.56139
771,9,14,4.52322
771,10,11,4.92645
771,10,15,4.39577
771,11,12,4.00925
771,11,16,5.52673
771,12,13,2.50173
771,12,17,2.33555
771,13,14,5.49365
771,13,18,5.05939
771,14,19,3.47859
771,15,16,4.79251
771,15,20,5.96287
771,16,17,2.31945
771,16,21,4.74827
771,17,18,5.07645
771,17,22,4.45989
771,18,19,5.04511
771,18,23,3.87858
771,19,24,3.70096
771,20,21,4.50901
771,21,22,2.87826
771,22,23,3.79757
771,23,24,3.94264
772,0,1,4.18741
772,0,5,2.36362
772,1,2,5.84848
772,1,6,2.60319
772,2,3,5.65123
772,2,7,2.97032
772,3,4,4.1659
772,3,8,4.17132
772,4,9,2.54808
772,5,6,2.74691
772,5,10,3.967
772,6,7,4.67577
772,6,11,6.53305
772,7,8,4.98035
772,7,12,3.66081
772,8,9,4.80864
772,8,13,3.84396
772,9,14,2.86868
772,10,11,3.36606
772,10,15,4.60226
772,11,12,4.99152
772,11,16,4.68248
772,12,13,4.04795
772,12,17,5.92781
772,13,14,1.87593
772,13,18,6.72205
772,14,19,6.576
772,15,16,4.78767
772,15,20,5.02922
772,16,17,5.20943
772,16,21,4.18283
772,17,18,6.0111
772,17,22,8.26798
772,18,19,7.37662
772,18,23,3.29004
772,19,24,3.7081
772,20,21,4.36631
772,21,22,6.91553
772,22,23,3.5574
772,23,24,6.22057
773,0,1,2.27237
773,0,5,4.7076
773,1,2,4.13728
773,1,6,4.329
773,2,3,2.7509
773,2,7,5.28237
773,3,4,2.64597
773,3,8,3.87701
773,4,9,2.65208
773,5,6,4.66176
773,5,10,3.03783
773,6,7,3.44811
773,6,11,4.62935
773,7,8,4.54038
773,7,12,2.91753
773,8,9,2.8626
773,8,13,4.17013
773,9,14,4.24417
773,10,11,5.56981
773,10,15,2.41852
773,11,12,2.51249
773,11,16,3.46285
773,12,13,4.64441
773,12,17,2.10516
773,13,14,2.42005
773,13,18,5.51554
773,14,19,5.27952
773,15,16,2.51507
773,15,20,3.27351
773,16,17,3.1076
773,16,21,2.1785
773,17,18,5.62252
773,17,22,3.73891
773,18,19,3.83178
773,18,23,2.3646
773,19,24,5.1714
773,20,21,4.92865
773,21,22,3.26153
773,22,23,6.0532
773,23,24,2.93194
774,0,1,3.33063
774,0,5,5.15861
774,1,2,4.06637
774,1,6,2.95839
774,2,3,5.35562
774,2,7,4.05396
774,3,4,3.78791
774,3,8,2.01375
774,4,9,3.22416
774,5,6,6.2818
774,5,10,4.63683
774,6,7,1.71611
774,6,11,3.16436
774,7,8,3.56181
774,7,12,5.24947
774,8,9,4.57062
774,8,13,3.43326
774,9,14,2.55789
774,10,11,3.51699
774,10,15,1.92506
774,11,12,2.23321
774,11,16,3.01555
774,12,13,3.96591
774,12,17,3.22498
774,13,14,3.39808
774,13,18,2.561
774,14,19,4.12658
774,15,16,3.59252
774,15,20,4.2565
774,16,17,3.61204
774,16,21,3.65251
774,17,18,3.79317
774,17,22,2.27956
774,18,19,4.80091
774,18,23,3.80259
774,19,24,1.93761
774,20,21,2.49741
774,21,22,3.23322
774,22,23,3.27897
774,23,24,2.76533
775,0,1,4.77809
775,0,5,5.97257
775,1,2,4.16557
775,1,6,4.31724
775,2,3,3.10001
775,2,7,3.19786
775,3,4,2.97295
775,3,8,6.23975
775,4,9,2.40876
775,5,6,4.95263
775,5,10,3.11904
775,6,7,2.2987
775,6,11,2.41992
775,7,8,2.71047
775,7,12,4.56677
775,8,9,4.75303
775,8,13,2.76517
775,9,14,4.70506
775,10,11,2.3894
775,10,15,4.03569
775,11,12,6.66481
775,11,16,5.05966
775,12,13,3.59888
775,12,17,4.19898
775,13,14,6.33235
775,13,18,4.23731
775,14,19,4.16688
775,15,16,5.6813
775,15,20,4.73556
775,16,17,4.76111
775,16,21,2.47489
775,17,18,3.75615
775,17,22,4.68993
775,18,19,5.98096
775,18,23,4.70118
775,19,24,2.61616
775,20,21,5.93749
775,21,22,4.46688
775,22,23,4.94045
775,23,24,5.63646
776,0,1,5.66419
776,0,5,2.3569
776,1,2,4.45028
776,1,6,2.997
776,2,3,3.02395
776,2,7,3.90487
776,3,4,5.06087
776,3,8,2.86218
776,4,9,3.86486
776,5,6,3.67622
776,5,10,3.53894
776,6,7,5.73544
776,6,11,2.45855
776,7,8,3.1395
776,7,12,5.07942
776,8,9,3.46035
776,8,13,6.1322
776,9,14,5.05781
776,10,11,5.01726
776,10,15,3.65412
776,11,12,5.11157
776,11,16,4.12549
776,12,13,6.62424
776,12,17,5.81861
776,13,14,4.22287
776,13,18,5.32758
776,14,19,2.97239
776,15,16,6.73651
776,15,20,2.6091
776,16,17,5.33962
776,16,21,3.33341
776,17,18,1.51772
776,17,22,2.1884
776,18,19,2.82729
776,18,23,3.5955
776,19,24,2.70417
776,20,21,3.63288
776,21,22,4.29851
776,22,23,2.44112
776,23,24,2.08896
777,0,1,3.65931
777,0,5,4.90447
777,1,2,3.2908
777,1,6,5.29602
777,2,3,2.54223
777,2,7,2.29992
777,3,4,1.82013
777,3,8,5.56643
777,4,9,3.93471
777,5,6,5.55408
777,5,10,2.43018
777,6,7,2.50828
777,6,11,4.97487
777,7,8,2.23928
777,7,12,4.37624
777,8,9,2.79023
777,8,13,4.85237
777,9,14,4.05676
777,10,11,4.3782
777,10,15,3.67481
777,11,12,4.86831
777,11,16,6.28994
777,12,13,3.26198
777,12,17,4.43448
777,13,14,5.94498
777,13,18,6.17902
777,14,19,6.31208
777,15,16,4.14596
777,15,20,4.18393
777,16,17,2.49035
777,16,21,2.73817
777,17,18,6.2619
777,17,22,5.64796
777,18,19,6.09374
777,18,23,7.66291
777,19,24,2.53756
777,20,21,6.39982
777,21,22,3.42547
777,22,23,4.55607
777,23,24,4.84073
778,0,1,2.81681
778,0,5,1.98024
778,1,2,4.92204
778,1,6,2.58728
778,2,3,3.44741
778,2,7,3.30633
778,3,4,4.89147
778,3,8,4.91805
778,4,9,5.31019
778,5,6,4.69021
778,5,10,1.89719
778,6,7,2.07769
778,6,11,4.14266
778,7,8,2.14057
778,7,12,2.01444
778,8,9,1.61709
778,8,13,3.36764
778,9,14,4.29356
778,10,11,1.9624
778,10,15,5.00614
778,11,12,3.49148
778,11,16,2.96938
778,12,13,2.192
778,12,17,2.62874
778,13,14,3.41584
778,13,18,2.75471
778,14,19,6.2539
778,15,16,2.11312
778,15,20,2.25973
778,16,17,1.71159
778,16,21,2.33632
778,17,18,2.59076
778,17,22,3.08923
778,18,19,2.59059
778,18,23,4.48006
778,19,24,2.57246
778,20,21,3.28387
778,21,22,3.48594
778,22,23,1.96206
778,23,24,2.592
779,0,1,5.70004
779,0,5,2.33039
779,1,2,3.1155
779,1,6,2.60326
779,2,3,3.96656
779,2,7,3.27934
779,3,4,4.0466
779,3,8,4.44714
779,4,9,4.74167
779,5,6,2.85045
779,5,10,3.34781
779,6,7,5.14826
779,6,11,2.20935
779,7,8,4.62319
779,7,12,3.33939
779,8,9,4.56627
779,8,13,3.06324
779,9,14,4.22396
779,10,11,2.88269
779,10,15,2.80554
779,11,12,2.27031
779,11,16,4.63525
779,12,13,4.15774
779,12,17,2.58087
779,13,14,3.1823
779,13,18,3.62374
779,14,19,2.32909
779,15,16,4.30548
779,15,20,4.20225
779,16,17,5.09424
779,16,21,2.59441
779,17,18,4.27666
779,17,22,5.50372
779,18,19,4.95088
779,18,23,4.39773
779,19,24,4.58891
779,20,21,3.5492
779,21,22,2.30291
779,22,23,5.93982
779,23,24,4.5052
780,0,1,5.3216
780,0,5,3.96527
780,1,2,4.13069
780,1,6,2.87181
780,2,3,2.69764
780,2,7,3.71286
780,3,4,2.09934
780,3,8,3.64024
780,4,9,2.94827
780,5,6,2.54305
780,5,10,3.54798
780,6,7,3.6696
780,6,11,4.64278
780,7,8,3.36596
780,7,12,2.34946
780,8,9,2.26213
780,8,13,6.48922
780,9,14,2.73345
780,10,11,4.85751
780,10,15,5.52579
780,11,12,2.77239
780,11,16,5.4979
780,12,13,2.71771
780,12,17,5.53523
780,13,14,6.35785
780,13,18,6.0298
780,14,19,2.34675
780,15,16,5.73342
780,15,20,4.30736
780,16,17,3.75397
780,16,21,2.46687
780,17,18,1.98072
780,17,22,2.7406
780,18,19,4.93872
780,18,23,4.49426
780,19,24,2.4977
780,20,21,1.99524
780,21,22,5.51151
780,22,23,3.72138
780,23,24,5.52282
781,0,1,2.66157
781,0,5,5.63993
781,1,2,5.8287
781,1,6,4.08246
781,2,3,4.1098
781,2,7,2.76356
781,3,4,5.94168
781,3,8,2.02053
781,4,9,3.4047
781,5,6,4.77293
781,5,10,4.51453
781,6,7,5.88861
781,6,11,2.54204
781,7,8,3.53659
781,7,12,2.84042
781,8,9,3.55692
781,8,13,5.47643
781,9,14,2.66745
781,10,11,2.59931
781,10,15,3.84447
781,11,12,5.66385
781,11,16,2.58009
781,12,13,4.58718
781,12,17,6.75135
781,13,14,2.83702
781,13,18,3.44558
781,14,19,2.89905
781,15,16,4.97032
781,15,20,4.09052
781,16,17,2.28304
781,16,21,7.42946
781,17,18,2.09207
781,17,22,5.10025
781,18,19,3.28739
781,18,23,3.95691
781,19,24,4.93089
781,20,21,4.30796
781,21,22,5.25968
781,22,23,4.034
781,23,24,4.67955
782,0,1,3.31798
782,0,5,3.5336
782,1,2,5.67785
782,1,6,2.49641
782,2,3,2.18578
782,2,7,2.36448
782,3,4,3.39183
782,3,8,4.1208
782,4,9,2.7431
782,5,6,4.55607
782,5,10,4.31884
782,6,7,2.81754
782,6,11,6.85505
782,7,8,6.34067
782,7,12,3.8362
782,8,9,3.05272
782,8,13,5.60305
782,9,14,5.60879
782,10,11,4.3934
782,10,15,4.0922
782,11,12,5.29131
782,11,16,6.57218
782,12,13,3.36726
782,12,17,7.13333
782,13,14,3.03159
782,13,18,5.39452
782,14,19,6.73497
782,15,16,5.42876
782,15,20,6.29133
782,16,17,3.22342
782,16,21,3.43118
782,17,18,6.1826
782,17,22,2.20266
782,18,19,3.0711
782,18,23,4.11957
782,19,24,5.73071
782,20,21,5.87607
782,21,22,5.07271
782,22,23,5.73677
782,23,24,6.23125
783,0,1,4.98399
783,0,5,2.82853
783,1,2,3.43452
783,1,6,5.88347
783,2,3,2.05727
783,2,7,4.03891
783,3,4,2.07398
783,3,8,3.74404
783,4,9,3.38999
783,5,6,3.07699
783,5,10,5.53851
783,6,7,1.77295
783,6,11,4.80822
783,7,8,3.98804
783,7,12,3.77164
783,8,9,2.91433
783,8,13,4.39639
783,9,14,4.60135
783,10,11,4.02012
783,10,15,2.10063
783,11,12,4.06707
783,11,16,4.63351
783,12,13,3.46526
783,12,17,3.88184
783,13,14,3.65122
783,13,18,5.33336
783,14,19,2.5113
783,15,16,3.09971
783,15,20,4.78302
783,16,17,2.51308
783,16,21,3.92581
783,17,18,5.71306
783,17,22,2.46058
783,18,19,3.28239
783,18,23,2.61949
783,19,24,1.72398
783,20,21,2.70541
783,21,22,4.27829
783,22,23,4.82711
783,23,24,3.04334
784,0,1,2.96012
784,0,5,2.47088
784,1,2,3.8153
784,1,6,1.24354
784,2,3,3.84466
784,2,7,3.25782
784,3,4,2.18106
784,3,8,1.50739
784,4,9,3.93129
784,5,6,3.55518
784,5,10,3.8064
784,6,7,3.39814
784,6,11,1.36091
784,7,8,1.90453
784,7,12,2.89784
784,8,9,1.46294
784,8,13,2.01331
784,9,14,2.68825
784,10,11,1.73374
784,10,15,2.77059
784,11,12,2.56194
784,11,16,2.45187
784,12,13,1.98105
784,12,17,4.27232
784,13,14,3.21433
784,13,18,1.84611
784,14,19,3.38685
784,15,16,2.48339
784,15,20,2.42109
784,16,17,3.55517
784,16,21,5.3174
784,17,18,3.40093
784,17,22,1.71049
784,18,19,2.11971
784,18,23,4.12738
784,19,24,1.79201
784,20,21,3.40362
784,21,22,5.22794
784,22,23,1.77843
784,23,24,3.46146
785,0,1,1.80176
785,0,5,3.31675
785,1,2,2.03916
785,1,6,2.17123
785,2,3,3.82393
785,2,7,4.20876
785,3,4,3.73598
785,3,8,3.40923
785,4,9,3.42557
785,5,6,3.37472
785,5,10,3.70322
785,6,7,2.00429
785,6,11,3.28322
785,7,8,3.3736
785,7,12,3.47984
785,8,9,1.78323
785,8,13,1.40163
785,9,14,3.56593
785,10,11,5.26928
785,10,15,4.69585
785,11,12,2.72436
785,11,16,3.31288
785,12,13,2.56284
785,12,17,2.88019
785,13,14,4.41735
785,13,18,2.68226
785,14,19,2.2843
785,15,16,3.85713
785,15,20,3.91852
785,16,17,3.03058
785,16,21,2.61269
785,17,18,3.72647
785,17,22,1.34697
785,18,19,1.60721
785,18,23,1.17648
785,19,24,2.5199
785,20,21,2.69142
785,21,22,3.88408
785,22,23,2.36173
785,23,24,1.55359
786,0,1,4.42622
786,0,5,5.22856
786,1,2,4.96412
786,1,6,3.94501
786,2,3,5.58462
786,2,7,4.1124
786,3,4,2.82509
786,3,8,3.04628
786,4,9,2.30419
786,5,6,4.8272
786,5,10,1.63646
786,6,7,3.40425
786,6,11,4.04808
786,7,8,3.51365
786,7,12,4.90854
786,8,9,3.80416
786,8,13,1.78807
786,9,14,3.82155
786,10,11,3.68995
786,10,15,5.15332
786,11,12,4.90559
786,11,16,4.21739
786,12,13,4.46425
786,12,17,3.25953
786,13,14,4.87194
786,13,18,1.69862
786,14,19,2.57624
786,15,16,3.0411
786,15,20,2.5566
786,16,17,3.80154
786,16,21,4.61325
786,17,18,2.04552
786,17,22,2.60089
786,18,19,2.68866
786,18,23,1.79855
786,19,24,1.67406
786,20,21,2.48102
786,21,22,3.47237
786,22,23,3.82868
786,23,24,4.3641
787,0,1,3.94374
787,0,5,2.98969
787,1,2,3.41292
787,1,6,4.6937
787,2,3,2.29289
787,2,7,6.37895
787,3,4,2.90537
787,3,8,3.45603
787,4,9,5.11084
787,5,6,2.69566
787,5,10,5.62796
787,6,7,5.01866
787,6,11,4.54019
787,7,8,5.20336
787,7,12,3.93746
787,8,9,5.86114
787,8,13,4.35868
787,9,14,5.61777
787,10,11,2.82856
787,10,15,5.60451
787,11,12,5.16134
787,11,16,4.4426
787,12,13,4.94902
787,12,17,5.31321
787,13,14,4.25603
787,13,18,5.94951
787,14,19,5.29006
787,15,16,3.59862
787,15,20,4.9704
787,16,17,4.43067
787,16,21,2.59768
787,17,18,3.78878
787,17,22,4.9956
787,18,19,2.63757
787,18,23,3.37734
787,19,24,3.29862
787,20,21,3.49229
787,21,22,5.56845
787,22,23,5.68819
787,23,24,3.1585
788,0,1,4.23077
788,0,5,7.64719
788,1,2,4.6163
788,1,6,2.26272
788,2,3,5.46244
788,2,7,4.80262
788,3,4,7.31827
788,3,8,6.03742
788,4,9,3.13952
788,5,6,2.88444
788,5,10,5.57011
788,6,7,3.35537
788,6,11,5.0911
788,7,8,3.19404
788,7,12,4.52582
788,8,9,2.849
788,8,13,2.46371
788,9,14,2.72062
788,10,11,3.55174
788,10,15,5.17447
788,11,12,3.95997
788,11,16,4.12031
788,12,13,7.20199
788,12,17,6.20993
788,13,14,3.13828
788,13,18,4.37137
788,14,19,2.58047
788,15,16,6.17103
788,15,20,3.36724
788,16,17,6.79603
788,16,21,4.7971
788,17,18,2.93838
788,17,22,4.57002
788,18,19,6.50565
788,18,23,3.44746
788,19,24,3.95539
788,20,21,2.4625
788,21,22,2.55398
788,22,23,4.0016
788,23,24,3.7308
789,0,1,3.28898
789,0,5,4.78939
789,1,2,3.13312
789,1,6,2.53887
789,2,3,2.07614
789,2,7,3.29088
789,3,4,2.05719
789,3,8,4.21186
789,4,9,1.98116
789,5,6,3.36288
789,5,10,5.6531
789,6,7,2.63352
789,6,11,3.08846
789,7,8,2.36649
789,7,12,2.2713
789,8,9,2.68957
789,8,13,2.35944
789,9,14,2.02687
789,10,11,5.22611
789,10,15,4.77892
789,11,12,2.77644
789,11,16,5.14234
789,12,13,3.9256
789,12,17,1.79189
789,13,14,4.43662
789,13,18,3.98234
789,14,19,2.07792
789,15,16,3.73239
789,15,20,3.97953
789,16,17,3.9981
789,16,21,3.15967
789,17,18,4.06294
789,17,22,1.43635
789,18,19,3.61474
789,18,23,2.39869
789,19,24,3.27116
789,20,21,4.24667
789,21,22,2.62651
789,22,23,2.94293
789,23,24,3.5148
790,0,1,4.21295
790,0,5,2.81174
790,1,2,5.23344
790,1,6,3.18151
790,2,3,3.25409
790,2,7,4.34766
790,3,4,2.99246
790,3,8,5.49636
790,4,9,4.36656
790,5,6,4.04686
790,5,10,5.30926
790,6,7,2.74913
790,6,11,2.00215
790,7,8,2.97411
790,7,12,2.04777
790,8,9,2.85148
790,8,13,3.67538
790,9,14,2.68419
790,10,11,2.37973
790,10,15,4.0207
790,11,12,3.99268
790,11,16,4.47981
790,12,13,2.54164
790,12,17,4.64628
790,13,14,4.60113
790,13,18,2.0174
790,14,19,2.1862
790,15,16,3.85476
790,15,20,5.82826
790,16,17,5.71678
790,16,21,2.27438
790,17,18,2.83718
790,17,22,3.73701
790,18,19,4.46573
790,18,23,3.81125
790,19,24,5.59887
790,20,21,3.03282
790,21,22,2.77339
790,22,23,3.36262
790,23,24,2.95001
791,0,1,3.06999
791,0,5,3.6801
791,1,2,4.89979
791,1,6,5.1002
791,2,3,4.44856
791,2,7,3.73862
791,3,4,4.17984
791,3,8,4.54186
791,4,9,5.33794
791,5,6,2.66073
791,5,10,4.96971
791,6,7,2.52548
791,6,11,3.3289
791,7,8,2.1259
791,7,12,4.92964
791,8,9,3.30854
791,8,13,5.84379
791,9,14,6.03851
791,10,11,2.77382
791,10,15,3.78921
791,11,12,2.51306
791,11,16,2.6445
791,12,13,4.83149
791,12,17,2.57316
791,13,14,4.22763
791,13,18,5.06982
791,14,19,3.2926
791,15,16,4.05334
791,15,20,3.87668
791,16,17,2.03251
791,16,21,3.21403
791,17,18,4.20883
791,17,22,3.42136
791,18,19,2.65316
791,18,23,2.56649
791,19,24,5.73297
791,20,21,4.10166
791,21,22,5.6596
791,22,23,5.77139
791,23,24,3.91759
792,0,1,3.02924
792,0,5,5.89136
792,1,2,3.82906
792,1,6,2.69424
792,2,3,4.67864
792,2,7,3.74262
792,3,4,3.59235
792,3,8,3.53407
792,4,9,2.49011
792,5,6,3.14474
792,5,10,1.67697
792,6,7,3.30843
792,6,11,3.43118
792,7,8,4.50198
792,7,12,3.87464
792,8,9,2.14616
792,8,13,4.38022
792,9,14,2.25728
792,10,11,4.7846
792,10,15,3.148
792,11,12,3.34694
792,11,16,3.10185
792,12,13,5.03627
792,12,17,2.99858
792,13,14,3.54096
792,13,18,2.81867
792,14,19,2.12258
792,15,16,2.43456
792,15,20,4.42951
792,16,17,2.5266
792,16,21,4.00372
792,17,18,3.04634
792,17,22,3.50573
792,18,19,2.11974
792,18,23,3.3164
792,19,24,2.75125
792,20,21,2.82889
792,21,22,2.19143
792,22,23,4.24213
792,23,24,1.35523
793,0,1,3.13621
793,0,5,2.92996
793,1,2,3.87952
793,1,6,2.39298
793,2,3,1.99386
793,2,7,5.74624
793,3,4,3.79513
793,3,8,4.06366
793,4,9,3.08361
793,5,6,2.3616
793,5,10,2.75646
793,6,7,5.32257
793,6,11,4.25241
793,7,8,2.46643
793,7,12,2.43962
793,8,9,2.49887
793,8,13,3.10781
793,9,14,2.67257
793,10,11,4.95919
793,10,15,3.46465
793,11,12,2.80636
793,11,16,3.66784
793,12,13,2.06179
793,12,17,3.41276
793,13,14,3.60876
793,13,18,3.13316
793,14,19,1.56759
793,15,16,2.85918
793,15,20,2.9119
793,16,17,5.1095
793,16,21,2.51059
793,17,18,2.35136
793,17,22,1.97488
793,18,19,1.87586
793,18,23,3.57623
793,19,24,4.60202
793,20,21,3.72576
793,21,22,3.95434
793,22,23,4.47499
793,23,24,3.6023
794,0,1,5.52518
794,0,5,3.45061
794,1,2,6.50169
794,1,6,6.5095
794,2,3,6.25374
794,2,7,3.16806
794,3,4,4.92418
794,3,8,3.31947
794,4,9,2.72456
794,5,6,3.24588
794,5,10,7.07344
794,6,7,3.79367
794,6,11,5.02756
794,7,8,4.89393
794,7,12,5.55747
794,8,9,7.39279
794,8,13,6.46084
794,9,14,2.39587
794,10,11,2.7128
794,10,15,3.22636
794,11,12,3.24707
794,11,16,5.72573
794,12,13,5.3785
794,12,17,4.79881
794,13,14,2.12958
794,13,18,2.91173
794,14,19,4.19673
794,15,16,5.66477
794,15,20,5.90389
794,16,17,6.5478
794,16,21,2.60572
794,17,18,2.32029
794,17,22,3.50549
794,18,19,2.82292
794,18,23,2.9341
794,19,24,4.87651
794,20,21,6.03594
794,21,22,3.1745
794,22,23,2.46385
794,23,24,2.86642
795,0,1,5.21121
795,0,5,3.1088
795,1,2,1.74227
795,1,6,2.51111
795,2,3,6.09158
795,2,7,4.18586
795,3,4,2.92237
795,3,8,3.80687
795,4,9,4.12071
795,5,6,4.04058
795,5,10,4.57951
795,6,7,3.57421
795,6,11,3.10744
795,7,8,2.38274
795,7,12,4.0423
795,8,9,3.2365
795,8,13,4.94066
795,9,14,3.67645
795,10,11,5.26752
795,10,15,5.82378
795,11,12,4.92523
795,11,16,4.03362
795,12,13,5.8881
795,12,17,3.60139
795,13,14,6.16662
795,13,18,3.93171
795,14,19,3.83155
795,15,16,5.61346
795,15,20,5.22938
795,16,17,2.27524
795,16,21,3.19204
795,17,18,3.04818
795,17,22,2.79175
795,18,19,3.83492
795,18,23,5.27905
795,19,24,4.70051
795,20,21,1.96164
795,21,22,4.44876
795,22,23,2.39475
795,23,24,5.53626
796,0,1,4.54141
796,0,5,3.50328
796,1,2,5.59997
796,1,6,2.50324
796,2,3,3.61841
796,2,7,4.41361
796,3,4,6.16062
796,3,8,3.59875
796,4,9,2.31842
796,5,6,6.45628
796,5,10,4.04497
796,6,7,4.95015
796,6,11,3.81994
796,7,8,5.18893
796,7,12,4.43418
796,8,9,5.52299
796,8,13,4.27397
796,9,14,3.18165
796,10,11,3.20797
796,10,15,3.45357
796,11,12,5.79646
796,11,16,5.55941
796,12,13,3.82522
796,12,17,5.61085
796,13,14,3.18902
796,13,18,3.34628
796,14,19,2.83544
796,15,16,7.17951
796,15,20,5.19884
796,16,17,6.20657
796,16,21,7.61277
796,17,18,1.92743
796,17,22,3.49837
796,18,19,3.65065
796,18,23,3.39191
796,19,24,3.4013
796,20,21,3.2207
796,21,22,7.30679
796,22,23,5.53004
796,23,24,5.48154
797,0,1,2.38546
797,0,5,2.07285
797,1,2,2.26739
797,1,6,5.71534
797,2,3,4.29814
797,2,7,2.50419
797,3,4,5.25703
797,3,8,2.83684
797,4,9,2.64706
797,5,6,1.8892
797,5,10,5.84544
797,6,7,5.57258
797,6,11,3.81233
797,7,8,4.77338
797,7,12,3.59752
797,8,9,3.3076
797,8,13,3.25017
797,9,14,4.94795
797,10,11,2.87048
797,10,15,3.09178
797,11,12,2.53527
797,11,16,6.44429
797,12,13,2.91101
797,12,17,4.30551
797,13,14,6.35241
797,13,18,3.36633
797,14,19,3.27736
797,15,16,4.83345
797,15,20,3.51706
797,16,17,4.17467
797,16,21,3.86803
797,17,18,5.70609
797,17,22,3.50983
797,18,19,3.62813
797,18,23,4.10797
797,19,24,2.32163
797,20,21,3.99788
797,21,22,3.52908
797,22,23,3.75802
797,23,24,3.52639
798,0,1,4.31967
798,0,5,2.2823
798,1,2,3.5726
798,1,6,2.29648
798,2,3,3.45558
798,2,7,4.06678
798,3,4,2.28755
798,3,8,4.71709
798,4,9,3.53214
798,5,6,2.3966
798,5,10,3.31612
798,6,7,1.81812
798,6,11,3.33919
798,7,8,2.43778
798,7,12,4.35392
798,8,9,3.94659
798,8,13,3.46427
798,9,14,4.55607
798,10,11,2.95551
798,10,15,2.71483
798,11,12,2.80583
798,11,16,3.79605
798,12,13,2.55676
798,12,17,2.50131
798,13,14,3.22925
798,13,18,2.21588
798,14,19,5.7011
798,15,16,4.00439
798,15,20,4.04418
798,16,17,2.96853
798,16,21,1.82441
798,17,18,3.88662
798,17,22,3.41882
798,18,19,3.32119
798,18,23,2.70562
798,19,24,4.05996
798,20,21,2.80937
798,21,22,4.61701
798,22,23,2.64912
798,23,24,4.07045
799,0,1,2.55603
799,0,5,4.21745
799,1,2,3.47385
799,1,6,5.49898
799,2,3,2.94499
799,2,7,2.59118
799,3,4,4.80194
799,3,8,1.9978
799,4,9,3.63804
799,5,6,2.64394
799,5,10,5.35551
799,6,7,5.02695
799,6,11,5.15958
799,7,8,3.41783
799,7,12,2.2513
799,8,9,2.12163
799,8,13,1.83087
799,9,14,3.1976
799,10,11,3.04633
799,10,15,3.05416
799,11,12,3.41702
799,11,16,2.9739
799,12,13,2.59104
799,12,17,2.42335
799,13,14,4.4776
799,13,18,4.79216
799,14,19,2.82297
799,15,16,3.06735
799,15,20,4.54243
799,16,17,5.66725
799,16,21,1.48522
799,17,18,2.85063
799,17,22,2.13975
799,18,19,2.89832
799,18,23,2.44912
799,19,24,4.2331
799,20,21,3.07537
799,21,22,2.3765
799,22,23,4.71624
799,23,24,2.30534
800,0,1,2.51363
800,0,5,3.49464
800,1,2,4.51581
800,1,6,4.55863
800,2,3,5.80386
800,2,7,2.72866
800,3,4,4.89167
800,3,8,4.91497
800,4,9,5.07441
800,5,6,4.63183
800,5,10,2.46913
800,6,7,4.918
800,6,11,2.90981
800,7,8,3.54477
800,7,12,5.61688
800,8,9,5.87498
800,8,13,6.07828
800,9,14,3.64388
800,10,11,2.60009
800,10,15,3.42386
800,11,12,3.58382
800,11,16,5.01008
800,12,13,2.56292
800,12,17,6.59095
800,13,14,2.25623
800,13,18,3.36596
800,14,19,3.77087
800,15,16,4.2464
800,15,20,4.04968
800,16,17,1.8179
800,16,21,6.77027
800,17,18,3.19365
800,17,22,2.50729
800,18,19,5.48371
800,18,23,4.4046
800,19,24,1.83284
800,20,21,4.93288
800,21,22,2.90318
800,22,23,5.06368
800,23,24,4.86383
801,0,1,5.9357
801,0,5,5.51932
801,1,2,3.27749
801,1,6,6.14549
801,2,3,7.11447
801,2,7,4.69215
801,3,4,4.74441
801,3,8,2.09013
801,4,9,3.7811
801,5,6,4.36902
801,5,10,3.94095
801,6,7,3.45606
801,6,11,3.30299
801,7,8,3.86763
801,7,12,3.44367
801,8,9,5.02917
801,8,13,3.19511
801,9,14,5.28607
801,10,11,4.05759
801,10,15,6.05009
801,11,12,4.20107
801,11,16,5.84621
801,12,13,3.29198
801,12,17,6.59724
801,13,14,6.66136
801,13,18,6.54764
801,14,19,5.18299
801,15,16,6.27133
801,15,20,2.46825
801,16,17,5.57505
801,16,21,3.88557
801,17,18,3.04324
801,17,22,4.61477
801,18,19,3.23555
801,18,23,3.93074
801,19,24,5.26848
801,20,21,5.32331
801,21,22,4.92681
801,22,23,2.65436
801,23,24,4.59059
802,0,1,2.01807
802,0,5,1.97817
802,1,2,2.10159
802,1,6,1.50266
802,2,3,3.11782
802,2,7,2.21225
802,3,4,5.53816
802,3,8,1.81389
802,4,9,2.23788
802,5,6,3.85188
802,5,10,3.16868
802,6,7,3.82482
802,6,11,1.45434
802,7,8,4.39938
802,7,12,2.18712
802,8,9,2.68685
802,8,13,2.82772
802,9,14,4.13541
802,10,11,1.98145
802,10,15,2.85101
802,11,12,3.82731
802,11,16,1.83155
802,12,13,2.6336
802,12,17,2.44318
802,13,14,3.59701
802,13,18,3.48993
802,14,19,4.52169
802,15,16,1.87962
802,15,20,2.62617
802,16,17,1.95834
802,16,21,2.04601
802,17,18,4.67008
802,17,22,2.01741
802,18,19,1.87149
802,18,23,1.1516
802,19,24,1.70369
802,20,21,3.19481
802,21,22,2.60839
802,22,23,3.89623
802,23,24,2.22079
803,0,1,7.41091
803,0,5,2.18263
803,1,2,4.15992
803,1,6,3.35898
803,2,3,4.71583
803,2,7,2.43086
803,3,4,3.85946
803,3,8,2.99582
803,4,9,2.49369
803,5,6,5.88153
803,5,10,4.89399
803,6,7,3.54996
803,6,11,5.4033
803,7,8,5.1219
803,7,12,5.66845
803,8,9,4.60181
803,8,13,3.97174
803,9,14,2.53611
803,10,11,3.66989
803,10,15,4.63753
803,11,12,5.97918
803,11,16,4.54913
803,12,13,4.53255
803,12,17,4.22923
803,13,14,4.85532
803,13,18,5.90865
803,14,19,3.36372
803,15,16,6.52059
803,15,20,5.38587
803,16,17,5.44725
803,16,21,4.36131
803,17,18,5.65419
803,17,22,2.62755
803,18,19,4.20297
803,18,23,5.55989
803,19,24,3.11515
803,20,21,2.62569
803,21,22,4.63299
803,22,23,5.85574
803,23,24,3.51965
804,0,1,3.71985
804,0,5,5.09765
804,1,2,3.88124
804,1,6,4.61048
804,2,3,2.04383
804,2,7,1.87764
804,3,4,4.587
804,3,8,2.20174
804,4,9,3.61285
804,5,6,4.61674
804,5,10,3.4574
804,6,7,5.42522
804,6,11,5.16856
804,7,8,5.89888
804,7,12,4.02391
804,8,9,3.11463
804,8,13,2.40822
804,9,14,3.36107
804,10,11,2.89309
804,10,15,5.46337
804,11,12,4.44513
804,11,16,4.75575
804,12,13,4.49083
804,12,17,4.14192
804,13,14,4.17236
804,13,18,3.06075
804,14,19,3.01698
804,15,16,4.64832
804,15,20,2.53692
804,16,17,4.4095
804,16,21,2.69102
804,17,18,6.00427
804,17,22,4.83606
804,18,19,3.83715
804,18,23,2.41524
804,19,24,2.28458
804,20,21,3.78632
804,21,22,2.04799
804,22,23,5.47782
804,23,24,2.44191
805,0,1,4.3285
805,0,5,3.42045
805,1,2,3.72567
805,1,6,4.66389
805,2,3,3.86724
805,2,7,4.05409
805,3,4,6.39479
805,3,8,1.93389
805,4,9,4.06993
805,5,6,2.36569
805,5,10,4.40407
805,6,7,6.23404
805,6,11,4.34075
805,7,8,5.10261
805,7,12,2.23184
805,8,9,3.51574
805,8,13,4.54026
805,9,14,1.45725
805,10,11,5.64116
805,10,15,4.97817
805,11,12,1.8938
805,11,16,3.30449
805,12,13,5.77786
805,12,17,2.67283
805,13,14,4.54192
805,13,18,2.87335
805,14,19,4.10398
805,15,16,3.13521
805,15,20,1.82615
805,16,17,3.0371
805,16,21,5.5389
805,17,18,2.79249
805,17,22,5.04069
805,18,19,3.38449
805,18,23,2.35701
805,19,24,3.36408
805,20,21,3.29322
805,21,22,5.24193
805,22,23,3.42228
805,23,24,1.71542
806,0,1,3.26188
806,0,5,4.50562
806,1,2,3.32224
806,1,6,4.83878
806,2,3,5.01032
806,2,7,4.08844
806,3,4,4.13169
806,3,8,4.50226
806,4,9,2.44172
806,5,6,5.17649
806,5,10,3.61354
806,6,7,5.75035
806,6,11,3.14884
806,7,8,2.15603
806,7,12,2.38717
806,8,9,3.4544
806,8,13,4.01301
806,9,14,2.76762
806,10,11,6.03251
806,10,15,6.26794
806,11,12,4.642
806,11,16,2.51873
806,12,13,3.5585
806,12,17,4.4757
806,13,14,3.39268
806,13,18,1.76323
806,14,19,2.47576
806,15,16,5.21631
806,15,20,5.16852
806,16,17,4.80954
806,16,21,4.29711
806,17,18,3.89447
806,17,22,3.44149
806,18,19,1.64457
806,18,23,3.86737
806,19,24,4.50308
806,20,21,3.64572
806,21,22,3.7357
806,22,23,3.46421
806,23,24,3.23962
807,0,1,6.12947
807,0,5,5.90027
807,1,2,2.98836
807,1,6,2.5136
807,2,3,4.50911
807,2,7,3.97313
807,3,4,2.35513
807,3,8,4.42386
807,4,9,4.1699
807,5,6,5.78676
807,5,10,4.41649
807,6,7,5.63131
807,6,11,5.73679
807,7,8,2.85673
807,7,12,2.88955
807,8,9,5.23206
807,8,13,5.18408
807,9,14,3.25912
807,10,11,3.49567
807,10,15,4.96558
807,11,12,4.44578
807,11,16,3.02998
807,12,13,5.01277
807,12,17,3.41401
807,13,14,5.50512
807,13,18,3.49415
807,14,19,5.3182
807,15,16,5.30108
807,15,20,2.905
807,16,17,5.41568
807,16,21,2.22157
807,17,18,3.8072
807,17,22,3.97291
807,18,19,2.86814
807,18,23,6.97175
807,19,24,3.25237
807,20,21,2.11534
807,21,22,2.25142
807,22,23,3.42491
807,23,24,5.86438
808,0,1,2.48301
808,0,5,5.3813
808,1,2,3.07678
808,1,6,3.11762
808,2,3,5.29666
808,2,7,2.95177
808,3,4,4.94863
808,3,8,3.5803
808,4,9,3.75604
808,5,6,4.12187
808,5,10,3.47481
808,6,7,6.29492
808,6,11,5.46809
808,7,8,5.69134
808,7,12,2.88705
808,8,9,3.65
808,8,13,2.44277
808,9,14,3.77041
808,10,11,5.34098
808,10,15,3.25873
808,11,12,5.14374
808,11,16,2.33027
808,12,13,6.31036
808,12,17,4.1858
808,13,14,5.31475
808,13,18,4.25145
808,14,19,3.01476
808,15,16,5.32068
808,15,20,2.02103
808,16,17,6.01543
808,16,21,2.17781
808,17,18,3.10113
808,17,22,2.88562
808,18,19,3.7705
808,18,23,2.6205
808,19,24,3.61136
808,20,21,1.84616
808,21,22,2.6598
808,22,23,2.61577
808,23,24,4.78921
809,0,1,2.16459
809,0,5,4.12214
809,1,2,4.24105
809,1,6,3.15205
809,2,3,3.34615
809,2,7,4.25348
809,3,4,3.97003
809,3,8,2.5643
809,4,9,4.38912
809,5,6,3.82105
809,5,10,4.13501
809,6,7,1.61786
809,6,11,6.01812
809,7,8,5.83736
809,7,12,4.98184
809,8,9,6.80772
809,8,13,2.47187
809,9,14,6.37778
809,10,11,3.75396
809,10,15,4.98651
809,11,12,3.59362
809,11,16,3.00619
809,12,13,3.87389
809,12,17,2.8829
809,13,14,6.33878
809,13,18,3.3639
809,14,19,2.88778
809,15,16,4.423
809,15,20,5.97816
809,16,17,2.20072
809,16,21,3.3362
809,17,18,4.95087
809,17,22,5.28503
809,18,19,4.10527
809,18,23,5.43198
809,19,24,3.89246
809,20,21,5.30273
809,21,22,4.86019
809,22,23,5.44659
809,23,24,2.4827
810,0,1,7.32958
810,0,5,3.08087
810,1,2,5.58033
810,1,6,3.78282
810,2,3,3.24829
810,2,7,6.40594
810,3,4,5.21337
810,3,8,4.1148
810,4,9,5.93818
810,5,6,5.07837
810,5,10,4.8586
810,6,7,3.13378
810,6,11,3.16788
810,7,8,3.15322
810,7,12,6.32304
810,8,9,7.81307
810,8,13,6.9959
810,9,14,8.09647
810,10,11,4.07809
810,10,15,4.58516
810,11,12,6.45669
810,11,16,5.06941
810,12,13,4.56898
810,12,17,4.75132
810,13,14,7.0197
810,13,18,4.10413
810,14,19,6.39799
810,15,16,6.50643
810,15,20,4.05006
810,16,17,5.41828
810,16,21,2.57519
810,17,18,6.76439
810,17,22,6.75202
810,18,19,5.17694
810,18,23,8.17515
810,19,24,4.73584
810,20,21,4.4426
810,21,22,4.34278
810,22,23,5.00242
810,23,24,3.37194
811,0,1,4.73991
811,0,5,3.33478
811,1,2,4.88218
811,1,6,4.1711
811,2,3,2.34813
811,2,7,3.85571
811,3,4,2.9328
811,3,8,5.65336
811,4,9,4.65452
811,5,6,2.66869
811,5,10,4.40072
811,6,7,1.83042
811,6,11,6.75613
811,7,8,4.87237
811,7,12,3.24943
811,8,9,6.76578
811,8,13,4.21795
811,9,14,3.78926
811,10,11,3.54565
811,10,15,2.37623
811,11,12,5.71974
811,11,16,3.67996
811,12,13,5.04844
811,12,17,5.67956
811,13,14,5.32743
811,13,18,2.92241
811,14,19,3.99717
811,15,16,5.14102
811,15,20,5.21259
811,16,17,3.74699
811,16,21,5.92442
811,17,18,2.63312
811,17,22,6.15946
811,18,19,5.11919
811,18,23,2.98057
811,19,24,4.24171
811,20,21,4.75432
811,21,22,2.86168
811,22,23,2.39064
811,23,24,5.20122
812,0,1,1.59925
812,0,5,2.69285
812,1,2,4.66459
812,1,6,2.56576
812,2,3,4.04746
812,2,7,3.32261
812,3,4,4.02748
812,3,8,3.64513
812,4,9,2.48081
812,5,6,5.51286
812,5,10,2.78839
812,6,7,3.49467
812,6,11,3.27795
812,7,8,1.77615
812,7,12,4.36882
812,8,9,3.9905
812,8,13,4.58273
812,9,14,2.1779
812,10,11,3.18658
812,10,15,2.71511
812,11,12,2.02169
812,11,16,4.09897
812,12,13,4.16807
812,12,17,4.37269
812,13,14,1.71085
812,13,18,3.43093
812,14,19,2.25513
812,15,16,2.0849
812,15,20,4.13859
812,16,17,4.2989
812,16,21,2.94653
812,17,18,2.22292
812,17,22,3.26172
812,18,19,3.25974
812,18,23,2.53778
812,19,24,2.86442
812,20,21,1.92422
812,21,22,2.97535
812,22,23,3.61196
812,23,24,1.72153
813,0,1,3.20366
813,0,5,5.29909
813,1,2,4.08646
813,1,6,3.80556
813,2,3,1.7841
813,2,7,4.96136
813,3,4,2.07421
813,3,8,2.99808
813,4,9,4.10392
813,5,6,4.59449
813,5,10,4.53181
813,6,7,4.91254
813,6,11,3.87588
813,7,8,4.89634
813,7,12,1.94813
813,8,9,4.04672
813,8,13,1.9482
813,9,14,3.6173
813,10,11,2.57581
813,10,15,1.77136
813,11,12,4.33243
813,11,16,1.83819
813,12,13,3.78966
813,12,17,1.83592
813,13,14,3.95537
813,13,18,2.07179
813,14,19,3.55733
813,15,16,2.92297
813,15,20,2.46525
813,16,17,1.86352
813,16,21,2.58501
813,17,18,4.22949
813,17,22,1.95979
813,18,19,3.72476
813,18,23,3.21105
813,19,24,5.1691
813,20,21,3.12914
813,21,22,3.23427
813,22,23,4.8155
813,23,24,2.20526
814,0,1,1.46504
814,0,5,5.32394
814,1,2,1.27143
814,1,6,3.34231
814,2,3,1.77931
814,2,7,2.23435
814,3,4,4.34604
814,3,8,3.92955
814,4,9,2.50924
814,5,6,2.12835
814,5,10,2.43367
814,6,7,3.48671
814,6,11,2.07351
814,7,8,3.95198
814,7,12,4.41191
814,8,9,3.09502
814,8,13,1.44586
814,9,14,4.8265
814,10,11,4.79203
814,10,15,1.99741
814,11,12,1.9372
814,11,16,1.87061
814,12,13,3.0182
814,12,17,2.51591
814,13,14,3.08572
814,13,18,2.99348
814,14,19,4.08046
814,15,16,1.31362
814,15,20,3.15495
814,16,17,2.25403
814,16,21,3.37638
814,17,18,2.48817
814,17,22,2.33307
814,18,19,1.31026
814,18,23,2.60411
814,19,24,3.93193
814,20,21,4.81437
814,21,22,4.54008
814,22,23,2.84842
814,23,24,1.67506
815,0,1,5.40991
815,0,5,2.10256
815,1,2,3.16735
815,1,6,1.96109
815,2,3,5.57069
815,2,7,5.37678
815,3,4,2.75722
815,3,8,2.57964
815,4,9,3.7196
815,5,6,3.59537
815,5,10,3.71531
815,6,7,3.47308
815,6,11,2.11469
815,7,8,2.06596
815,7,12,4.15923
815,8,9,4.36244
815,8,13,3.21153
815,9,14,4.34982
815,10,11,3.4535
815,10,15,3.3524
815,11,12,4.31053
815,11,16,2.11655
815,12,13,3.50933
815,12,17,3.13978
815,13,14,3.04939
815,13,18,4.01395
815,14,19,5.53585
815,15,16,3.86511
815,15,20,3.01672
815,16,17,2.07281
815,16,21,2.03405
815,17,18,5.95091
815,17,22,4.34944
815,18,19,2.50494
815,18,23,3.71172
815,19,24,4.76336
815,20,21,3.21254
815,21,22,2.21001
815,22,23,2.38
815,23,24,2.53456
816,0,1,4.15618
816,0,5,5.09371
816,1,2,4.60805
816,1,6,3.30509
816,2,3,5.30841
816,2,7,5.32228
816,3,4,4.28599
816,3,8,4.58757
816,4,9,5.47496
816,5,6,2.33872
816,5,10,4.3867
816,6,7,2.73863
816,6,11,2.22416
816,7,8,2.96495
816,7,12,2.23948
816,8,9,4.07342
816,8,13,3.66724
816,9,14,5.55359
816,10,11,3.24573
816,10,15,5.27792
816,11,12,4.88408
816,11,16,2.99806
816,12,13,2.91186
816,12,17,4.27067
816,13,14,4.51196
816,13,18,3.59941
816,14,19,2.69899
816,15,16,3.94963
816,15,20,6.00489
816,16,17,2.37323
816,16,21,2.96211
816,17,18,4.08652
816,17,22,3.13079
816,18,19,3.39136
816,18,23,4.75018
816,19,24,5.11117
816,20,21,5.39147
816,21,22,3.34667
816,22,23,1.96019
816,23,24,2.20332
817,0,1,4.26337
817,0,5,4.53489
817,1,2,2.23188
817,1,6,2.64067
817,2,3,4.32291
817,2,7,3.46023
817,3,4,4.06678
817,3,8,2.42031
817,4,9,3.48255
817,5,6,4.09826
817,5,10,3.95467
817,6,7,1.78441
817,6,11,2.97615
817,7,8,2.43787
817,7,12,2.44071
817,8,9,4.36793
817,8,13,3.02709
817,9,14,5.33199
817,10,11,5.2759
817,10,15,3.86715
817,11,12,1.97178
817,11,16,3.78971
817,12,13,4.19178
817,12,17,2.63589
817,13,14,6.15689
817,13,18,3.24576
817,14,19,3.74685
817,15,16,3.83839
817,15,20,5.91786
817,16,17,2.19425
817,16,21,3.85198
817,17,18,4.29443
817,17,22,1.88488
817,18,19,3.53987
817,18,23,3.71407
817,19,24,3.7655
817,20,21,3.89348
817,21,22,2.65056
817,22,23,2.67895
817,23,24,4.17983
818,0,1,4.31086
818,0,5,4.97696
818,1,2,3.87368
818,1,6,5.53969
818,2,3,3.13379
818,2,7,3.12266
818,3,4,2.56671
818,3,8,2.91771
818,4,9,5.35796
818,5,6,4.11107
818,5,10,3.13236
818,6,7,4.80252
818,6,11,5.78027
818,7,8,4.93424
818,7,12,2.87621
818,8,9,3.09977
818,8,13,3.2496
818,9,14,4.81198
818,10,11,4.7874
818,10,15,2.32489
818,11,12,4.01655
818,11,16,5.40776
818,12,13,2.24279
818,12,17,3.22217
818,13,14,1.99464
818,13,18,4.49623
818,14,19,3.15488
818,15,16,4.00351
818,15,20,4.94633
818,16,17,4.97716
818,16,21,3.02902
818,17,18,6.30652
818,17,22,2.02387
818,18,19,2.90552
818,18,23,5.08663
818,19,24,5.2212
818,20,21,3.18153
818,21,22,4.32522
818,22,23,2.5695
818,23,24,4.9461
819,0,1,1.71883
819,0,5,4.32917
819,1,2,4.07496
819,1,6,4.42305
819,2,3,4.64456
819,2,7,4.83739
819,3,4,4.11636
819,3,8,5.50648
819,4,9,4.4153
819,5,6,5.20972
819,5,10,2.01061
819,6,7,3.22886
819,6,11,5.02182
819,7,8,3.47353
819,7,12,2.26986
819,8,9,4.76742
819,8,13,2.77082
819,9,14,4.085
819,10,11,3.35108
819,10,15,4.25455
819,11,12,4.59674
819,11,16,2.06884
819,12,13,3.18063
819,12,17,2.13739
819,13,14,4.51928
819,13,18,3.54026
819,14,19,3.1484
819,15,16,1.90947
819,15,20,4.33306
819,16,17,4.18966
819,16,21,3.0322
819,17,18,4.05046
819,17,22,1.74692
819,18,19,2.51515
819,18,23,4.45938
819,19,24,4.9993
819,20,21,2.35854
819,21,22,2.07974
819,22,23,3.72358
819,23,24,3.81959
820,0,1,4.9817
820,0,5,2.39246
820,1,2,2.80738
820,1,6,4.38131
820,2,3,4.58248
820,2,7,5.44632
820,3,4,4.69407
820,3,8,2.4122
820,4,9,4.54236
820,5,6,4.03471
820,5,10,5.25167
820,6,7,2.79006
820,6,11,3.8172
820,7,8,3.40733
820,7,12,3.52623
820,8,9,3.24333
820,8,13,3.04451
820,9,14,2.82549
820,10,11,5.32668
820,10,15,2.56157
820,11,12,2.99383
820,11,16,3.33704
820,12,13,5.50042
820,12,17,2.25195
820,13,14,3.96978
820,13,18,2.66008
820,14,19,2.56118
820,15,16,3.93029
820,15,20,3.77412
820,16,17,5.8594
820,16,21,3.79238
820,17,18,1.70444
820,17,22,2.28422
820,18,19,4.69404
820,18,23,1.66144
820,19,24,6.2904
820,20,21,3.21007
820,21,22,3.7514
820,22,23,5.32295
820,23,24,2.66389
821,0,1,4.59683
821,0,5,4.81792
821,1,2,4.51238
821,1,6,4.15477
821,2,3,2.55181
821,2,7,4.59252
821,3,4,4.16247
821,3,8,4.89234
821,4,9,5.58232
821,5,6,4.76627
821,5,10,2.78975
821,6,7,3.54579
821,6,11,1.8522
821,7,8,2.41199
821,7,12,3.42394
821,8,9,2.87731
821,8,13,2.07629
821,9,14,2.56659
821,10,11,4.09968
821,10,15,3.84445
821,11,12,2.942
821,11,16,2.39016
821,12,13,2.26758
821,12,17,1.87841
821,13,14,2.47559
821,13,18,2.26596
821,14,19,4.88276
821,15,16,1.65292
821,15,20,3.18272
821,16,17,4.26096
821,16,21,1.91011
821,17,18,3.12904
821,17,22,2.22922
821,18,19,4.00084
821,18,23,4.18037
821,19,24,2.79939
821,20,21,5.03124
821,21,22,4.50191
821,22,23,2.91577
821,23,24,2.32031
822,0,1,1.36207
822,0,5,1.80515
822,1,2,3.1369
822,1,6,2.22503
822,2,3,4.44241
822,2,7,4.17099
822,3,4,3.7445
822,3,8,5.24993
822,4,9,4.08141
822,5,6,4.47922
822,5,10,1.12632
822,6,7,3.21205
822,6,11,3.13938
822,7,8,2.09807
822,7,12,5.23324
822,8,9,2.5764
822,8,13,2.07831
822,9,14,4.17776
822,10,11,2.16311
822,10,15,4.60821
822,11,12,4.70214
822,11,16,3.61018
822,12,13,2.46842
822,12,17,3.73915
822,13,14,1.98986
822,13,18,1.64361
822,14,19,3.33202
822,15,16,1.29401
822,15,20,4.39447
822,16,17,2.48119
822,16,21,4.24922
822,17,18,5.20565
822,17,22,1.44033
822,18,19,2.38258
822,18,23,2.41485
822,19,24,2.97573
822,20,21,4.20238
822,21,22,3.59033
822,22,23,3.23367
822,23,24,1.9796
823,0,1,5.68778
823,0,5,4.40496
823,1,2,2.8314
823,1,6,3.80124
823,2,3,2.91221
823,2,7,3.02558
823,3,4,1.89024
823,3,8,3.44164
823,4,9,2.87565
823,5,6,3.90193
823,5,10,5.23429
823,6,7,4.07862
823,6,11,2.62289
823,7,8,4.67834
823,7,12,3.93047
823,8,9,2.67767
823,8,13,2.98643
823,9,14,6.56211
823,10,11,4.83432
823,10,15,3.18898
823,11,12,3.28161
823,11,16,5.72158
823,12,13,4.85318
823,12,17,6.24005
823,13,14,3.68062
823,13,18,3.59038
823,14,19,6.1487
823,15,16,3.03942
823,15,20,3.83741
823,16,17,2.38106
823,16,21,4.58782
823,17,18,4.06694
823,17,22,6.30121
823,18,19,5.00876
823,18,23,3.0393
823,19,24,3.03036
823,20,21,3.72863
823,21,22,3.77224
823,22,23,3.12064
823,23,24,4.92507
824,0,1,6.90368
824,0,5,4.91619
824,1,2,3.47456
824,1,6,3.16698
824,2,3,3.47806
824,2,7,4.61949
824,3,4,2.39273
824,3,8,2.84772
824,4,9,6.36141
824,5,6,4.21901
824,5,10,6.15094
824,6,7,3.96622
824,6,11,5.08484
824,7,8,3.17676
824,7,12,4.91621
824,8,9,3.56845
824,8,13,4.71087
824,9,14,2.81532
824,10,11,6.44514
824,10,15,2.59579
824,11,12,2.74878
824,11,16,6.65235
824,12,13,5.57782
824,12,17,4.87129
824,13,14,6.23743
824,13,18,6.24035
824,14,19,2.33705
824,15,16,6.68542
824,15,20,4.66061
824,16,17,7.1009
824,16,21,4.63226
824,17,18,5.37929
824,17,22,5.01533
824,18,19,2.877
824,18,23,5.5512
824,19,24,4.79697
824,20,21,6.6611
824,21,22,2.08982
824,22,23,4.39271
824,23,24,4.92471
825,0,1,3.2679
825,0,5,4.84618
825,1,2,3.46292
825,1,6,2.93544
825,2,3,4.84848
825,2,7,3.97534
825,3,4,5.36197
825,3,8,4.75829
825,4,9,4.85782
825,5,6,2.93628
825,5,10,4.19634
825,6,7,4.7065
825,6,11,2.21638
825,7,8,2.59411
825,7,12,2.33084
825,8,9,3.49886
825,8,13,2.23332
825,9,14,4.69869
825,10,11,3.12771
825,10,15,3.86487
825,11,12,2.28545
825,11,16,2.73818
825,12,13,5.53132
825,12,17,2.14243
825,13,14,2.17583
825,13,18,4.68487
825,14,19,2.39314
825,15,16,2.86644
825,15,20,2.81114
825,16,17,4.12834
825,16,21,4.37913
825,17,18,3.41064
825,17,22,2.70679
825,18,19,2.59721
825,18,23,4.4262
825,19,24,2.56025
825,20,21,1.91553
825,21,22,4.67378
825,22,23,2.4586
825,23,24,4.0395
826,0,1,3.9413
826,0,5,3.66885
826,1,2,3.60679
826,1,6,2.94141
826,2,3,3.76918
826,2,7,4.11371
826,3,4,2.30955
826,3,8,2.43585
826,4,9,5.02464
826,5,6,2.65005
826,5,10,4.02009
826,6,7,3.62705
826,6,11,2.40637
826,7,8,3.9103
826,7,12,3.52904
826,8,9,4.22334
826,8,13,2.73561
826,9,14,5.13661
826,10,11,2.63565
826,10,15,4.1552
826,11,12,3.01707
826,11,16,3.79994
826,12,13,2.56098
826,12,17,2.42315
826,13,14,3.55633
826,13,18,2.68687
826,14,19,4.05029
826,15,16,4.17603
826,15,20,4.09335
826,16,17,4.40571
826,16,21,3.19797
826,17,18,5.26322
826,17,22,3.59963
826,18,19,2.11467
826,18,23,4.01158
826,19,24,3.98995
826,20,21,5.18616
826,21,22,1.98225
826,22,23,2.38201
826,23,24,4.39542
827,0,1,3.35543
827,0,5,3.83581
827,1,2,3.4415
827,1,6,3.42826
827,2,3,3.57722
827,2,7,3.82129
827,3,4,4.51817
827,3,8,3.92061
827,4,9,3.05666
827,5,6,1.73301
827,5,10,2.1919
827,6,7,4.97186
827,6,11,3.24792
827,7,8,2.17279
827,7,12,3.68015
827,8,9,3.67219
827,8,13,5.64052
827,9,14,3.82447
827,10,11,3.89481
827,10,15,2.0208
827,11,12,4.2184
827,11,16,2.4804
827,12,13,2.90786
827,12,17,3.00048
827,13,14,3.391
827,13,18,6.15406
827,14,19,2.01789
827,15,16,3.43814
827,15,20,2.48251
827,16,17,4.77962
827,16,21,3.46474
827,17,18,4.18238
827,17,22,3.24803
827,18,19,3.16386
827,18,23,2.0929
827,19,24,3.49041
827,20,21,4.63325
827,21,22,3.42223
827,22,23,2.333
827,23,24,1.93665
828,0,1,3.99864
828,0,5,2.2414
828,1,2,2.59686
828,1,6,4.60106
828,2,3,4.21247
828,2,7,3.24427
828,3,4,4.09419
828,3,8,2.83977
828,4,9,5.29601
828,5,6,4.89457
828,5,10,4.21947
828,6,7,4.58622
828,6,11,6.23274
828,7,8,3.57494
828,7,12,3.50776
828,8,9,2.78148
828,8,13,2.54467
828,9,14,3.31365
828,10,11,5.33172
828,10,15,4.62038
828,11,12,4.24987
828,11,16,4.53662
828,12,13,2.9679
828,12,17,2.47765
828,13,14,4.26063
828,13,18,4.90847
828,14,19,2.94976
828,15,16,1.90044
828,15,20,4.52315
828,16,17,5.20998
828,16,21,2.51384
828,17,18,3.3805
828,17,22,4.22547
828,18,19,5.90157
828,18,23,5.93972
828,19,24,4.67103
828,20,21,5.51399
828,21,22,3.11091
828,22,23,1.89052
828,23,24,4.97108
829,0,1,4.99217
829,0,5,2.98439
829,1,2,5.42128
829,1,6,5.73144
829,2,3,2.24188
829,2,7,5.49847
829,3,4,4.54254
829,3,8,4.18046
829,4,9,3.90834
829,5,6,5.04868
829,5,10,3.79529
829,6,7,4.45475
829,6,11,5.27573
829,7,8,5.41229
829,7,12,4.23113
829,8,9,6.79223
829,8,13,2.99693
829,9,14,3.07158
829,10,11,2.30191
829,10,15,2.62299
829,11,12,6.0932
829,11,16,4.96762
829,12,13,4.12612
829,12,17,6.50084
829,13,14,5.23156
829,13,18,4.40723
829,14,19,4.52479
829,15,16,3.33654
829,15,20,4.22012
829,16,17,5.41513
829,16,21,5.98095
829,17,18,2.61129
829,17,22,5.15291
829,18,19,2.77239
829,18,23,2.83868
829,19,24,4.39915
829,20,21,3.41574
829,21,22,4.64784
829,22,23,5.90626
829,23,24,6.4092
830,0,1,4.71313
830,0,5,6.07283
830,1,2,7.74053
830,1,6,4.9771
830,2,3,3.97443
830,2,7,5.81355
830,3,4,5.60663
830,3,8,3.17325
830,4,9,4.76047
830,5,6,3.68405
830,5,10,6.75547
830,6,7,3.51945
830,6,11,3.47668
830,7,8,7.37462
830,7,12,5.11744
830,8,9,7.95707
830,8,13,6.40235
830,9,14,6.84164
830,10,11,4.31387
830,10,15,2.86969
830,11,12,3.73709
830,11,16,3.72547
830,12,13,3.02327
830,12,17,6.38017
830,13,14,6.07003
830,13,18,6.95082
830,14,19,5.70607
830,15,16,7.75288
830,15,20,6.19499
830,16,17,2.90009
830,16,21,6.9299
830,17,18,5.99339
830,17,22,7.85848
830,18,19,7.37623
830,18,23,5.81383
830,19,24,3.17772
830,20,21,6.66058
830,21,22,5.19404
830,22,23,6.15626
830,23,24,5.89212
831,0,1,4.49952
831,0,5,2.31108
831,1,2,6.39294
831,1,6,4.42845
831,2,3,3.3844
831,2,7,3.83419
831,3,4,3.21287
831,3,8,2.55146
831,4,9,3.00143
831,5,6,2.74183
831,5,10,2.4569
831,6,7,4.8039
831,6,11,4.47333
831,7,8,3.14057
831,7,12,6.66782
831,8,9,5.79069
831,8,13,3.19689
831,9,14,5.19274
831,10,11,5.56472
831,10,15,3.26717
831,11,12,4.7334
831,11,16,2.08124
831,12,13,3.22753
831,12,17,4.6614
831,13,14,5.81112
831,13,18,5.36382
831,14,19,2.84231
831,15,16,4.37027
831,15,20,3.55515
831,16,17,2.63179
831,16,21,6.54966
831,17,18,6.11017
831,17,22,4.69143
831,18,19,2.58326
831,18,23,7.16022
831,19,24,2.24822
831,20,21,3.12711
831,21,22,2.43674
831,22,23,5.01354
831,23,24,3.31077
832,0,1,7.36812
832,0,5,3.36741
832,1,2,2.92044
832,1,6,5.75487
832,2,3,5.22523
832,2,7,2.5261
832,3,4,2.07705
832,3,8,3.40596
832,4,9,2.80245
832,5,6,5.41302
832,5,10,2.43714
832,6,7,4.97187
832,6,11,3.17159
832,7,8,2.88418
832,7,12,3.91733
832,8,9,4.13107
832,8,13,7.20613
832,9,14,5.00038
832,10,11,6.06145
832,10,15,1.95417
832,11,12,3.43404
832,11,16,3.11023
832,12,13,4.64422
832,12,17,3.93848
832,13,14,4.58473
832,13,18,3.01508
832,14,19,2.11346
832,15,16,5.45961
832,15,20,4.5862
832,16,17,3.89953
832,16,21,3.46832
832,17,18,4.42037
832,17,22,2.67
832,18,19,4.40756
832,18,23,5.48707
832,19,24,4.54477
832,20,21,5.77747
832,21,22,5.15399
832,22,23,4.33954
832,23,24,6.15092
833,0,1,4.69771
833,0,5,3.88271
833,1,2,3.47256
833,1,6,3.76297
833,2,3,5.94468
833,2,7,3.32661
833,3,4,2.18144
833,3,8,2.01601
833,4,9,3.05196
833,5,6,6.9206
833,5,10,4.68044
833,6,7,4.94095
833,6,11,4.0884
833,7,8,2.98933
833,7,12,4.1255
833,8,9,4.99814
833,8,13,4.54852
833,9,14,3.19863
833,10,11,3.57796
833,10,15,4.0183
833,11,12,4.6448
833,11,16,3.48961
833,12,13,2.67744
833,12,17,2.94461
833,13,14,5.05189
833,13,18,2.9384
833,14,19,2.55209
833,15,16,2.80431
833,15,20,3.92631
833,16,17,2.70789
833,16,21,4.05727
833,17,18,5.49933
833,17,22,3.57241
833,18,19,2.47556
833,18,23,5.35437
833,19,24,3.55595
833,20,21,5.00458
833,21,22,5.48533
833,22,23,3.16609
833,23,24,5.64202
834,0,1,5.03556
834,0,5,3.38733
834,1,2,3.83569
834,1,6,3.15408
834,2,3,3.69467
834,2,7,2.00791
834,3,4,5.47679
834,3,8,4.19468
834,4,9,3.85173
834,5,6,4.19577
834,5,10,4.11045
834,6,7,2.07794
834,6,11,1.87083
834,7,8,4.2074
834,7,12,5.94379
834,8,9,2.86227
834,8,13,6.352
834,9,14,5.79089
834,10,11,3.52992
834,10,15,2.29765
834,11,12,6.29454
834,11,16,2.50115
834,12,13,3.93548
834,12,17,4.46262
834,13,14,3.52116
834,13,18,4.19865
834,14,19,3.43535
834,15,16,3.63233
834,15,20,4.3666
834,16,17,3.02291
834,16,21,5.90355
834,17,18,3.87119
834,17,22,4.726
834,18,19,4.74235
834,18,23,3.81262
834,19,24,4.526
834,20,21,4.71146
834,21,22,5.69062
834,22,23,3.03084
834,23,24,3.76323
835,0,1,6.23393
835,0,5,4.46452
835,1,2,3.59685
835,1,6,5.77199
835,2,3,3.73185
835,2,7,4.17489
835,3,4,3.33138
835,3,8,5.45306
835,4,9,3.38776
835,5,6,4.92951
835,5,10,5.65357
835,6,7,3.28512
835,6,11,5.40074
835,7,8,3.72698
835,7,12,5.54946
835,8,9,2.51722
835,8,13,5.4012
835,9,14,2.84567
835,10,11,5.84913
835,10,15,3.33558
835,11,12,4.32491
835,11,16,6.65576
835,12,13,2.11239
835,12,17,4.69374
835,13,14,4.35614
835,13,18,4.00145
835,14,19,4.16641
835,15,16,5.13798
835,15,20,5.90484
835,16,17,3.36012
835,16,21,3.16514
835,17,18,2.93281
835,17,22,2.58292
835,18,19,4.94156
835,18,23,6.60586
835,19,24,3.31165
835,20,21,4.62649
835,21,22,3.44602
835,22,23,6.99601
835,23,24,5.83018
836,0,1,4.42312
836,0,5,2.20753
836,1,2,2.4433
836,1,6,2.51914
836,2,3,4.28039
836,2,7,3.55648
836,3,4,5.25654
836,3,8,4.93905
836,4,9,6.52651
836,5,6,2.79158
836,5,10,3.77071
836,6,7,3.6087
836,6,11,5.09735
836,7,8,2.84974
836,7,12,4.61646
836,8,9,3.03527
836,8,13,1.91517
836,9,14,4.44024
836,10,11,3.64842
836,10,15,3.14393
836,11,12,2.84377
836,11,16,3.86868
836,12,13,4.20241
836,12,17,5.46023
836,13,14,4.44048
836,13,18,2.3681
836,14,19,5.2601
836,15,16,1.90571
836,15,20,2.4917
836,16,17,4.76335
836,16,21,5.68372
836,17,18,2.82743
836,17,22,4.03315
836,18,19,5.99457
836,18,23,5.70822
836,19,24,4.38471
836,20,21,2.31274
836,21,22,5.52485
836,22,23,4.47188
836,23,24,3.97911
837,0,1,3.95842
837,0,5,4.31484
837,1,2,3.29318
837,1,6,2.91086
837,2,3,5.77994
837,2,7,3.976
837,3,4,3.26441
837,3,8,6.13823
837,4,9,6.11315
837,5,6,4.81874
837,5,10,2.06688
837,6,7,3.81205
837,6,11,4.84118
837,7,8,5.94527
837,7,12,6.04759
837,8,9,3.56785
837,8,13,2.48082
837,9,14,3.89046
837,10,11,2.12838
837,10,15,4.82532
837,11,12,3.01261
837,11,16,3.64435
837,12,13,5.55281
837,12,17,2.95579
837,13,14,4.79636
837,13,18,2.49671
837,14,19,3.33996
837,15,16,4.48743
837,15,20,5.29009
837,16,17,4.70905
837,16,21,3.01208
837,17,18,2.24449
837,17,22,2.77961
837,18,19,3.75718
837,18,23,2.6358
837,19,24,5.11151
837,20,21,4.00684
837,21,22,4.3634
837,22,23,3.75978
837,23,24,3.54336
838,0,1,6.14231
838,0,5,5.03526
838,1,2,5.53233
838,1,6,5.47287
838,2,3,2.58689
838,2,7,6.19354
838,3,4,2.45939
838,3,8,6.98608
838,4,9,5.32902
838,5,6,3.97176
838,5,10,7.45226
838,6,7,3.24829
838,6,11,3.27737
838,7,8,4.597
838,7,12,3.13385
838,8,9,5.43326
838,8,13,3.15817
838,9,14,3.37513
838,10,11,5.47232
838,10,15,6.54516
838,11,12,2.60823
838,11,16,2.3192
838,12,13,3.00934
838,12,17,3.59251
838,13,14,6.40297
838,13,18,6.89539
838,14,19,4.73651
838,15,16,2.20841
838,15,20,2.55597
838,16,17,5.80261
838,16,21,2.46089
838,17,18,6.41931
838,17,22,7.1108
838,18,19,6.45011
838,18,23,6.45102
838,19,24,4.83224
838,20,21,3.45455
838,21,22,2.3809
838,22,23,3.26866
838,23,24,6.52028
839,0,1,5.5469
839,0,5,1.82317
839,1,2,4.16946
839,1,6,4.67068
839,2,3,2.43144
839,2,7,4.70395
839,3,4,4.42975
839,3,8,4.89203
839,4,9,6.08657
839,5,6,4.17305
839,5,10,2.90624
839,6,7,2.49255
839,6,11,3.3648
839,7,8,5.64426
839,7,12,5.21102
839,8,9,3.49949
839,8,13,5.7342
839,9,14,5.77453
839,10,11,5.63316
839,10,15,2.87269
839,11,12,3.36355
839,11,16,3.78874
839,12,13,6.05117
839,12,17,4.74061
839,13,14,4.09517
839,13,18,3.6983
839,14,19,2.99035
839,15,16,4.24851
839,15,20,4.8807
839,16,17,2.80982
839,16,21,2.11828
839,17,18,5.30494
839,17,22,6.20217
839,18,19,3.6024
839,18,23,4.19973
839,19,24,2.85838
839,20,21,3.53845
839,21,22,3.12317
839,22,23,4.02127
839,23,24,8.15943
840,0,1,5.52733
840,0,5,3.28391
840,1,2,4.11296
840,1,6,3.23277
840,2,3,4.01488
840,2,7,2.91923
840,3,4,3.89861
840,3,8,2.34874
840,4,9,2.23075
840,5,6,3.77158
840,5,10,3.44273
840,6,7,4.67012
840,6,11,5.86792
840,7,8,3.14779
840,7,12,2.26763
840,8,9,3.75885
840,8,13,3.7314
840,9,14,2.3696
840,10,11,4.2358
840,10,15,3.50199
840,11,12,5.73487
840,11,16,1.93152
840,12,13,4.34448
840,12,17,3.93143
840,13,14,5.00796
840,13,18,4.54941
840,14,19,6.03969
840,15,16,3.71564
840,15,20,3.40973
840,16,17,2.26347
840,16,21,3.65022
840,17,18,4.27695
840,17,22,3.2105
840,18,19,5.58836
840,18,23,5.61014
840,19,24,2.29045
840,20,21,4.16109
840,21,22,3.41557
840,22,23,3.35461
840,23,24,4.53724
841,0,1,3.94726
841,0,5,4.79774
841,1,2,4.81936
841,1,6,5.02377
841,2,3,4.02803
841,2,7,5.18211
841,3,4,2.41536
841,3,8,5.05137
841,4,9,4.2176
841,5,6,2.02612
841,5,10,2.98973
841,6,7,5.49184
841,6,11,2.71039
841,7,8,4.09816
841,7,12,3.81611
841,8,9,3.3052
841,8,13,5.05369
841,9,14,4.42271
841,10,11,5.53442
841,10,15,4.22308
841,11,12,2.36296
841,11,16,4.17247
841,12,13,4.98165
841,12,17,4.27347
841,13,14,4.60078
841,13,18,5.26526
841,14,19,4.41696
841,15,16,3.00998
841,15,20,4.15188
841,16,17,5.85886
841,16,21,4.99185
841,17,18,6.00573
841,17,22,2.818
841,18,19,6.40164
841,18,23,5.16504
841,19,24,5.6319
841,20,21,4.76618
841,21,22,3.72815
841,22,23,4.17877
841,23,24,3.23501
842,0,1,5.07152
842,0,5,4.36474
842,1,2,5.86488
842,1,6,5.72286
842,2,3,4.34657
842,2,7,5.49766
842,3,4,3.70222
842,3,8,3.56538
842,4,9,2.61867
842,5,6,5.79704
842,5,10,3.98479
842,6,7,4.61427
842,6,11,2.64428
842,7,8,2.49069
842,7,12,3.31864
842,8,9,4.40016
842,8,13,4.56727
842,9,14,6.14285
842,10,11,4.48083
842,10,15,3.74232
842,11,12,8.01184
842,11,16,5.70189
842,12,13,7.43047
842,12,17,8.01358
842,13,14,5.42152
842,13,18,5.42185
842,14,19,2.58614
842,15,16,5.36457
842,15,20,4.84607
842,16,17,4.97067
842,16,21,4.52547
842,17,18,5.8106
842,17,22,3.63366
842,18,19,4.06602
842,18,23,2.6405
842,19,24,4.09578
842,20,21,3.50679
842,21,22,5.7716
842,22,23,4.29734
842,23,24,3.0507
843,0,1,4.12873
843,0,5,3.44451
843,1,2,3.86781
843,1,6,3.24816
843,2,3,2.0914
843,2,7,5.12327
843,3,4,3.87931
843,3,8,7.25685
843,4,9,6.2643
843,5,6,3.63292
843,5,10,6.87839
843,6,7,4.73007
843,6,11,6.7072
843,7,8,7.98283
843,7,12,4.98411
843,8,9,2.84864
843,8,13,2.9352
843,9,14,3.16147
843,10,11,3.61716
843,10,15,3.05983
843,11,12,2.17965
843,11,16,5.34688
843,12,13,2.61607
843,12,17,3.99462
843,13,14,2.60784
843,13,18,3.52562
843,14,19,6.19152
843,15,16,4.97606
843,15,20,5.03982
843,16,17,3.03891
843,16,21,4.12823
843,17,18,7.50855
843,17,22,2.7625
843,18,19,5.18569
843,18,23,5.06028
843,19,24,2.91977
843,20,21,7.09855
843,21,22,3.88926
843,22,23,2.84405
843,23,24,7.468
844,0,1,5.06425
844,0,5,2.34245
844,1,2,4.18245
844,1,6,5.03399
844,2,3,3.53011
844,2,7,6.09621
844,3,4,4.58382
844,3,8,4.43796
844,4,9,2.89028
844,5,6,4.7476
844,5,10,5.11784
844,6,7,4.10583
844,6,11,4.13555
844,7,8,3.56518
844,7,12,2.219
844,8,9,5.58946
844,8,13,3.14756
844,9,14,3.041
844,10,11,2.88679
844,10,15,3.78909
844,11,12,4.69745
844,11,16,5.84171
844,12,13,3.7848
844,12,17,3.26101
844,13,14,3.28175
844,13,18,6.77406
844,14,19,3.78345
844,15,16,4.78522
844,15,20,4.12585
844,16,17,2.48774
844,16,21,5.87094
844,17,18,3.44223
844,17,22,2.6542
844,18,19,4.26292
844,18,23,5.2202
844,19,24,4.02146
844,20,21,2.3689
844,21,22,6.23074
844,22,23,5.49447
844,23,24,5.31046
845,0,1,4.23363
845,0,5,3.67154
845,1,2,4.3864
845,1,6,4.33399
845,2,3,3.584
845,2,7,3.67575
845,3,4,4.13853
845,3,8,3.79955
845,4,9,2.16974
845,5,6,2.85967
845,5,10,2.4923
845,6,7,6.76528
845,6,11,4.8117
845,7,8,3.81104
845,7,12,4.68454
845,8,9,3.83089
845,8,13,5.95488
845,9,14,4.05581
845,10,11,5.73373
845,10,15,2.96162
845,11,12,4.98745
845,11,16,5.52029
845,12,13,3.40782
845,12,17,4.27454
845,13,14,4.89234
845,13,18,5.21922
845,14,19,3.64849
845,15,16,3.2491
845,15,20,6.33495
845,16,17,5.73753
845,16,21,2.94649
845,17,18,1.98761
845,17,22,3.42311
845,18,19,2.44821
845,18,23,4.84473
845,19,24,5.13854
845,20,21,2.7353
845,21,22,5.68243
845,22,23,5.78781
845,23,24,2.50982
846,0,1,4.63219
846,0,5,5.39661
846,1,2,3.20613
846,1,6,3.2444
846,2,3,3.05936
846,2,7,5.61216
846,3,4,3.27468
846,3,8,4.84552
846,4,9,3.36415
846,5,6,4.15937
846,5,10,3.42465
846,6,7,6.44915
846,6,11,4.37003
846,7,8,4.42242
846,7,12,5.22625
846,8,9,5.17236
846,8,13,6.67535
846,9,14,2.47437
846,10,11,4.15444
846,10,15,5.85662
846,11,12,5.484
846,11,16,6.843
846,12,13,6.29348
846,12,17,4.93882
846,13,14,6.55831
846,13,18,3.3197
846,14,19,3.50556
846,15,16,7.02168
846,15,20,4.50396
846,16,17,6.52574
846,16,21,3.12851
846,17,18,3.15369
846,17,22,5.72384
846,18,19,4.59098
846,18,23,6.56944
846,19,24,3.98077
846,20,21,2.80477
846,21,22,5.72655
846,22,23,4.75979
846,23,24,3.00662
847,0,1,2.5594
847,0,5,1.83065
847,1,2,5.71408
847,1,6,3.40557
847,2,3,4.46411
847,2,7,2.19152
847,3,4,4.84983
847,3,8,2.92706
847,4,9,4.75997
847,5,6,5.2625
847,5,10,5.30302
847,6,7,4.43046
847,6,11,5.91164
847,7,8,2.9206
847,7,12,5.90781
847,8,9,4.85656
847,8,13,4.18522
847,9,14,4.56858
847,10,11,3.03329
847,10,15,4.48489
847,11,12,2.76468
847,11,16,4.00386
847,12,13,3.68726
847,12,17,4.6303
847,13,14,4.15059
847,13,18,5.55128
847,14,19,4.49113
847,15,16,3.71345
847,15,20,5.90868
847,16,17,4.05472
847,16,21,4.77258
847,17,18,5.80525
847,17,22,2.6705
847,18,19,2.27405
847,18,23,3.76318
847,19,24,2.77549
847,20,21,5.96774
847,21,22,2.9647
847,22,23,2.73011
847,23,24,3.44105
848,0,1,2.43194
848,0,5,3.38237
848,1,2,2.37896
848,1,6,2.99755
848,2,3,5.06081
848,2,7,2.41399
848,3,4,3.37845
848,3,8,2.94742
848,4,9,3.26693
848,5,6,2.20935
848,5,10,1.61047
848,6,7,2.21842
848,6,11,5.38731
848,7,8,4.12098
848,7,12,2.99314
848,8,9,4.80689
848,8,13,3.40951
848,9,14,5.1303
848,10,11,2.08677
848,10,15,3.05116
848,11,12,2.84405
848,11,16,2.12568
848,12,13,2.05215
848,12,17,5.00106
848,13,14,4.39662
848,13,18,2.90501
848,14,19,3.36599
848,15,16,3.87099
848,15,20,4.27395
848,16,17,4.17641
848,16,21,3.02482
848,17,18,6.86594
848,17,22,4.29143
848,18,19,2.5866
848,18,23,4.93625
848,19,24,1.91848
848,20,21,3.29427
848,21,22,3.99068
848,22,23,2.84882
848,23,24,2.23247
849,0,1,2.93851
849,0,5,6.13245
849,1,2,3.53589
849,1,6,5.66444
849,2,3,5.62863
849,2,7,2.31731
849,3,4,3.46251
849,3,8,2.83845
849,4,9,4.73521
849,5,6,3.08663
849,5,10,5.06923
849,6,7,3.13507
849,6,11,2.79403
849,7,8,3.21817
849,7,12,4.07923
849,8,9,2.79684
849,8,13,3.82118
849,9,14,4.06615
849,10,11,1.83171
849,10,15,4.6987
849,11,12,4.92444
849,11,16,4.0177
849,12,13,2.9342
849,12,17,3.93237
849,13,14,2.24869
849,13,18,3.08099
849,14,19,3.76038
849,15,16,3.40412
849,15,20,4.86234
849,16,17,5.74076
849,16,21,5.11654
849,17,18,4.14193
849,17,22,5.18936
849,18,19,5.97592
849,18,23,2.15798
849,19,24,4.03515
849,20,21,3.84004
849,21,22,2.53686
849,22,23,2.68509
849,23,24,2.71968
850,0,1,4.77577
850,0,5,4.14325
850,1,2,5.44066
850,1,6,6.39793
850,2,3,2.45193
850,2,7,3.63106
850,3,4,2.42235
850,3,8,3.69986
850,4,9,4.61956
850,5,6,3.45199
850,5,10,2.64795
850,6,7,2.68558
850,6,11,5.24661
850,7,8,5.577
850,7,12,5.13956
850,8,9,3.00331
850,8,13,2.88947
850,9,14,2.00182
850,10,11,4.13672
850,10,15,2.4108
850,11,12,4.67363
850,11,16,4.88886
850,12,13,2.8561
850,12,17,4.26344
850,13,14,3.69535
850,13,18,5.06525
850,14,19,6.14422
850,15,16,3.14082
850,15,20,3.76365
850,16,17,2.28411
850,16,21,2.0388
850,17,18,3.41687
850,17,22,2.26131
850,18,19,5.05803
850,18,23,5.18416
850,19,24,2.68984
850,20,21,5.47173
850,21,22,2.12715
850,22,23,2.09441
850,23,24,5.22008
851,0,1,2.8155
851,0,5,5.54726
851,1,2,3.88222
851,1,6,2.37524
851,2,3,3.23091
851,2,7,2.69368
851,3,4,3.09981
851,3,8,5.35193
851,4,9,6.12538
851,5,6,5.32884
851,5,10,4.15383
851,6,7,5.20619
851,6,11,4.82748
851,7,8,4.28331
851,7,12,3.72079
851,8,9,3.67881
851,8,13,2.85424
851,9,14,3.93324
851,10,11,3.96342
851,10,15,4.43278
851,11,12,4.18466
851,11,16,4.31057
851,12,13,4.15481
851,12,17,4.30677
851,13,14,2.8961
851,13,18,5.68166
851,14,19,4.2377
851,15,16,3.94906
851,15,20,4.57962
851,16,17,2.8329
851,16,21,4.01712
851,17,18,2.55921
851,17,22,4.17162
851,18,19,5.81692
851,18,23,3.57572
851,19,24,2.32381
851,20,21,4.23933
851,21,22,3.27033
851,22,23,3.42458
851,23,24,5.99424
852,0,1,2.31817
852,0,5,2.38659
852,1,2,3.4054
852,1,6,4.16781
852,2,3,4.71805
852,2,7,4.74609
852,3,4,3.44569
852,3,8,2.83643
852,4,9,3.39915
852,5,6,3.96614
852,5,10,6.1657
852,6,7,3.31421
852,6,11,6.66096
852,7,8,3.21038
852,7,12,2.65227
852,8,9,3.65603
852,8,13,2.84477
852,9,14,4.21537
852,10,11,6.19154
852,10,15,4.8649
852,11,12,2.31297
852,11,16,3.1855
852,12,13,3.40401
852,12,17,1.92957
852,13,14,4.39487
852,13,18,4.16522
852,14,19,6.20356
852,15,16,4.1709
852,15,20,3.98639
852,16,17,4.48521
852,16,21,3.21751
852,17,18,3.28592
852,17,22,2.75855
852,18,19,1.98361
852,18,23,3.97655
852,19,24,4.47312
852,20,21,4.86712
852,21,22,3.6131
852,22,23,5.41264
852,23,24,2.59231
853,0,1,4.67729
853,0,5,4.98163
853,1,2,4.54811
853,1,6,5.18012
853,2,3,3.12595
853,2,7,5.24862
853,3,4,2.78157
853,3,8,5.47527
853,4,9,3.94531
853,5,6,5.9014
853,5,10,2.17737
853,6,7,4.06993
853,6,11,4.32881
853,7,8,3.51218
853,7,12,5.24882
853,8,9,5.30481
853,8,13,4.48521
853,9,14,3.13131
853,10,11,3.42508
853,10,15,3.99796
853,11,12,3.31633
853,11,16,3.123
853,12,13,2.27731
853,12,17,2.36964
853,13,14,4.88817
853,13,18,4.27032
853,14,19,5.35328
853,15,16,2.11008
853,15,20,5.03051
853,16,17,2.19205
853,16,21,4.63073
853,17,18,5.59016
853,17,22,2.67461
853,18,19,4.42547
853,18,23,5.83974
853,19,24,2.21566
853,20,21,3.2307
853,21,22,3.77601
853,22,23,5.79858
853,23,24,3.45367
854,0,1,7.40372
854,0,5,4.36628
854,1,2,3.22861
854,1,6,6.02463
854,2,3,4.87534
854,2,7,5.77918
854,3,4,4.47207
854,3,8,5.96889
854,4,9,2.53771
854,5,6,2.65493
854,5,10,6.68241
854,6,7,6.01847
854,6,11,6.35031
854,7,8,3.31
854,7,12,5.60312
854,8,9,6.78632
854,8,13,4.56003
854,9,14,2.51712
854,10,11,4.08682
854,10,15,6.26267
854,11,12,5.43681
854,11,16,2.19285
854,12,13,2.94395
854,12,17,4.31343
854,13,14,3.10626
854,13,18,3.88843
854,14,19,5.8908
854,15,16,3.09647
854,15,20,4.59809
854,16,17,4.23197
854,16,21,3.16115
854,17,18,2.34946
854,17,22,3.29306
854,18,19,7.3845
854,18,23,5.23087
854,19,24,4.19143
854,20,21,3.93517
854,21,22,6.5777
854,22,23,3.62004
854,23,24,3.90704
855,0,1,3.82533
855,0,5,3.94485
855,1,2,1.8481
855,1,6,3.74998
855,2,3,4.84519
855,2,7,4.61217
855,3,4,2.84979
855,3,8,3.63754
855,4,9,4.99155
855,5,6,4.28258
855,5,10,4.44414
855,6,7,2.47041
855,6,11,4.80697
855,7,8,5.83872
855,7,12,5.10846
855,8,9,3.16814
855,8,13,1.7989
855,9,14,2.77024
855,10,11,2.27565
855,10,15,4.74258
855,11,12,5.61772
855,11,16,6.16499
855,12,13,4.22426
855,12,17,5.84587
855,13,14,3.01769
855,13,18,3.8231
855,14,19,6.42292
855,15,16,1.93764
855,15,20,3.89188
855,16,17,1.82639
855,16,21,5.11553
855,17,18,4.89388
855,17,22,3.08264
855,18,19,4.16024
855,18,23,5.41705
855,19,24,1.9596
855,20,21,3.72613
855,21,22,3.65452
855,22,23,5.07934
855,23,24,2.21644
856,0,1,5.73157
856,0,5,4.36157
856,1,2,3.86454
856,1,6,1.6974
856,2,3,3.30516
856,2,7,2.27837
856,3,4,5.33979
856,3,8,2.80044
856,4,9,4.17084
856,5,6,4.72386
856,5,10,3.95526
856,6,7,4.62825
856,6,11,3.86954
856,7,8,4.63424
856,7,12,3.183
856,8,9,2.89263
856,8,13,3.38891
856,9,14,2.12206
856,10,11,4.46815
856,10,15,3.16932
856,11,12,4.98838
856,11,16,2.72697
856,12,13,2.42611
856,12,17,3.32488
856,13,14,2.85333
856,13,18,4.10258
856,14,19,2.33617
856,15,16,5.67126
856,15,20,4.93611
856,16,17,5.46984
856,16,21,5.91809
856,17,18,3.87301
856,17,22,5.45331
856,18,19,5.90124
856,18,23,2.58526
856,19,24,5.47033
856,20,21,2.59569
856,21,22,3.24175
856,22,23,3.34533
856,23,24,2.21837
857,0,1,4.69424
857,0,5,4.12206
857,1,2,4.49115
857,1,6,2.36755
857,2,3,3.67819
857,2,7,1.96377
857,3,4,3.66047
857,3,8,5.0083
857,4,9,5.35397
857,5,6,2.62922
857,5,10,4.24946
857,6,7,4.80406
857,6,11,2.89835
857,7,8,2.17658
857,7,12,4.6215
857,8,9,2.04689
857,8,13,3.63059
857,9,14,3.49663
857,10,11,5.67759
857,10,15,4.0844
857,11,12,4.04444
857,11,16,1.80203
857,12,13,4.145
857,12,17,3.57141
857,13,14,2.67746
857,13,18,4.63698
857,14,19,2.80261
857,15,16,5.58558
857,15,20,4.00165
857,16,17,2.82147
857,16,21,2.12203
857,17,18,4.72323
857,17,22,6.11393
857,18,19,3.1129
857,18,23,3.39533
857,19,24,3.2766
857,20,21,1.80083
857,21,22,2.41303
857,22,23,2.71742
857,23,24,2.21433
858,0,1,2.07129
858,0,5,1.89201
858,1,2,3.60266
858,1,6,4.04833
858,2,3,5.2852
858,2,7,3.83649
858,3,4,5.20812
858,3,8,3.04876
858,4,9,4.89208
858,5,6,3.43183
858,5,10,2.7574
858,6,7,4.27128
858,6,11,3.27198
858,7,8,4.36862
858,7,12,3.69061
858,8,9,3.09258
858,8,13,4.18815
858,9,14,4.18784
858,10,11,2.53597
858,10,15,3.05039
858,11,12,4.29163
858,11,16,2.73603
858,12,13,4.54759
858,12,17,5.13832
858,13,14,1.97337
858,13,18,3.59695
858,14,19,3.95715
858,15,16,2.589
858,15,20,3.90339
858,16,17,4.04376
858,16,21,4.69775
858,17,18,4.33493
858,17,22,1.5079
858,18,19,2.07479
858,18,23,3.3383
858,19,24,2.5889
858,20,21,4.23259
858,21,22,2.14856
858,22,23,2.65842
858,23,24,4.94937
859,0,1,4.23722
859,0,5,5.06196
859,1,2,1.94136
859,1,6,4.66778
859,2,3,4.60152
859,2,7,2.3643
859,3,4,3.45705
859,3,8,4.99842
859,4,9,2.40777
859,5,6,5.29262
859,5,10,3.81617
859,6,7,5.50725
859,6,11,5.31343
859,7,8,2.60806
859,7,12,1.99815
859,8,9,4.90695
859,8,13,4.34899
859,9,14,3.53314
859,10,11,3.81813
859,10,15,3.51394
859,11,12,4.4422
859,11,16,2.28077
859,12,13,2.06042
859,12,17,4.15581
859,13,14,3.94933
859,13,18,2.91389
859,14,19,2.1691
859,15,16,4.08737
859,15,20,2.79213
859,16,17,3.67113
859,16,21,3.17705
859,17,18,2.2388
859,17,22,4.12762
859,18,19,4.67524
859,18,23,2.84147
859,19,24,3.22374
859,20,21,5.81427
859,21,22,4.48699
859,22,23,4.08516
859,23,24,4.7869
860,0,1,4.93732
860,0,5,5.08338
860,1,2,3.9603
860,1,6,4.84346
860,2,3,4.55439
860,2,7,2.9284
860,3,4,2.27216
860,3,8,2.15672
860,4,9,3.29007
860,5,6,3.20435
860,5,10,4.40592
860,6,7,2.82476
860,6,11,2.09138
860,7,8,3.32238
860,7,12,3.57586
860,8,9,2.01309
860,8,13,5.7233
860,9,14,5.30609
860,10,11,5.89724
860,10,15,5.70443
860,11,12,3.63208
860,11,16,6.14236
860,12,13,3.42744
860,12,17,4.72192
860,13,14,6.34406
860,13,18,2.68417
860,14,19,3.16457
860,15,16,5.78192
860,15,20,3.367
860,16,17,6.74999
860,16,21,6.00246
860,17,18,1.81745
860,17,22,2.74597
860,18,19,2.44088
860,18,23,1.78348
860,19,24,2.73114
860,20,21,4.35081
860,21,22,2.0443
860,22,23,4.46852
860,23,24,3.5251
861,0,1,6.13531
861,0,5,4.95759
861,1,2,5.71821
861,1,6,3.63025
861,2,3,7.3933
861,2,7,5.40886
861,3,4,4.52371
861,3,8,2.56345
861,4,9,2.71169
861,5,6,5.27957
861,5,10,5.38831
861,6,7,3.15812
861,6,11,4.53487
861,7,8,4.15448
861,7,12,7.55183
861,8,9,5.81409
861,8,13,6.09055
861,9,14,4.31363
861,10,11,6.0642
861,10,15,5.36622
861,11,12,4.36128
861,11,16,3.44991
861,12,13,3.42601
861,12,17,8.27961
861,13,14,5.91773
861,13,18,4.96007
861,14,19,3.18972
861,15,16,6.66147
861,15,20,5.83965
861,16,17,2.32302
861,16,21,6.47479
861,17,18,4.39086
861,17,22,5.84125
861,18,19,3.36752
861,18,23,6.23479
861,19,24,4.32248
861,20,21,4.83614
861,21,22,2.82734
861,22,23,2.11389
861,23,24,5.06647
862,0,1,2.10378
862,0,5,3.07685
862,1,2,3.25519
862,1,6,7.19444
862,2,3,1.78059
862,2,7,5.02614
862,3,4,3.64843
862,3,8,2.67107
862,4,9,3.30585
862,5,6,4.72199
862,5,10,2.57334
862,6,7,2.18009
862,6,11,4.96888
862,7,8,5.79822
862,7,12,3.45905
862,8,9,5.37229
862,8,13,1.78515
862,9,14,3.9979
862,10,11,4.6787
862,10,15,5.15352
862,11,12,2.65052
862,11,16,7.50982
862,12,13,3.60034
862,12,17,2.98716
862,13,14,3.77318
862,13,18,5.13301
862,14,19,3.13871
862,15,16,3.32866
862,15,20,7.55265
862,16,17,4.00993
862,16,21,2.03067
862,17,18,4.3286
862,17,22,4.62895
862,18,19,2.5434
862,18,23,5.76051
862,19,24,4.53591
862,20,21,3.8579
862,21,22,2.96768
862,22,23,2.13241
862,23,24,5.16539
863,0,1,6.06805
863,0,5,5.27949
863,1,2,2.04889
863,1,6,4.70793
863,2,3,4.05594
863,2,7,5.07425
863,3,4,4.63164
863,3,8,2.70399
863,4,9,2.77727
863,5,6,2.30319
863,5,10,2.53749
863,6,7,3.07091
863,6,11,3.01738
863,7,8,3.79558
863,7,12,3.79341
863,8,9,3.48287
863,8,13,4.60526
863,9,14,5.83645
863,10,11,3.6522
863,10,15,3.67466
863,11,12,3.85935
863,11,16,3.36617
863,12,13,4.22592
863,12,17,2.04399
863,13,14,2.45916
863,13,18,4.63623
863,14,19,5.37443
863,15,16,4.90073
863,15,20,4.63881
863,16,17,4.03307
863,16,21,2.75321
863,17,18,4.60777
863,17,22,3.72048
863,18,19,5.39931
863,18,23,5.13412
863,19,24,4.65468
863,20,21,3.46788
863,21,22,4.44975
863,22,23,2.67597
863,23,24,5.75459
864,0,1,4.35748
864,0,5,5.60336
864,1,2,4.39354
864,1,6,7.10004
864,2,3,6.01751
864,2,7,4.95514
864,3,4,3.20098
864,3,8,4.36047
864,4,9,2.77611
864,5,6,6.07289
864,5,10,3.21381
864,6,7,5.62009
864,6,11,2.66788
864,7,8,7.03619
864,7,12,4.65255
864,8,9,3.62107
864,8,13,5.17111
864,9,14,3.24496
864,10,11,5.12274
864,10,15,6.70186
864,11,12,5.56741
864,11,16,2.70107
864,12,13,5.28022
864,12,17,5.28071
864,13,14,2.9842
864,13,18,6.3431
864,14,19,2.44706
864,15,16,3.45834
864,15,20,6.10261
864,16,17,5.73532
864,16,21,4.62714
864,17,18,2.63278
864,17,22,4.929
864,18,19,6.35892
864,18,23,4.39983
864,19,24,3.97302
864,20,21,2.72041
864,21,22,5.17598
864,22,23,4.80859
864,23,24,3.63078
865,0,1,5.57655
865,0,5,2.45565
865,1,2,3.55639
865,1,6,7.77091
865,2,3,4.44793
865,2,7,7.67537
865,3,4,6.26744
865,3,8,2.55339
865,4,9,4.58494
865,5,6,5.29536
865,5,10,2.51168
865,6,7,7.85104
865,6,11,3.18537
865,7,8,4.6832
865,7,12,3.76698
865,8,9,5.07938
865,8,13,5.23831
865,9,14,2.86611
865,10,11,7.55922
865,10,15,4.68771
865,11,12,2.05957
865,11,16,4.25176
865,12,13,7.27649
865,12,17,4.4185
865,13,14,8.12623
865,13,18,6.71666
865,14,19,3.41153
865,15,16,5.26596
865,15,20,8.45771
865,16,17,4.44033
865,16,21,4.08897
865,17,18,3.98323
865,17,22,5.17523
865,18,19,4.66062
865,18,23,4.35194
865,19,24,3.64059
865,20,21,2.38909
865,21,22,2.89771
865,22,23,6.6212
865,23,24,5.37327
866,0,1,2.90934
866,0,5,5.37495
866,1,2,7.20212
866,1,6,5.67208
866,2,3,6.14399
866,2,7,4.65025
866,3,4,2.45642
866,3,8,5.99863
866,4,9,2.19645
866,5,6,6.35034
866,5,10,4.03712
866,6,7,5.96709
866,6,11,6.30956
866,7,8,5.36958
866,7,12,2.6327
866,8,9,3.15825
866,8,13,7.29452
866,9,14,4.27881
866,10,11,3.83192
866,10,15,5.75171
866,11,12,3.17018
866,11,16,3.28365
866,12,13,3.33266
866,12,17,6.32944
866,13,14,2.66543
866,13,18,2.83516
866,14,19,2.71227
866,15,16,7.16734
866,15,20,2.74406
866,16,17,5.07526
866,16,21,2.77441
866,17,18,4.64978
866,17,22,7.21677
866,18,19,7.16419
866,18,23,3.23748
866,19,24,3.26073
866,20,21,5.57246
866,21,22,3.32457
866,22,23,2.9341
866,23,24,3.94259
867,0,1,2.92108
867,0,5,3.54899
867,1,2,4.01309
867,1,6,2.62649
867,2,3,3.17928
867,2,7,3.12707
867,3,4,6.40903
867,3,8,2.94546
867,4,9,2.20026
867,5,6,5.64562
867,5,10,3.10587
867,6,7,3.40278
867,6,11,3.20763
867,7,8,4.75493
867,7,12,5.61081
867,8,9,5.71531
867,8,13,6.5803
867,9,14,4.97325
867,10,11,3.84982
867,10,15,2.93051
867,11,12,3.79101
867,11,16,4.83751
867,12,13,4.17273
867,12,17,4.4656
867,13,14,6.64456
867,13,18,3.88758
867,14,19,5.8761
867,15,16,5.74701
867,15,20,6.51397
867,16,17,6.30637
867,16,21,6.41191
867,17,18,4.66046
867,17,22,2.83534
867,18,19,4.54453
867,18,23,3.71838
867,19,24,3.71101
867,20,21,5.46296
867,21,22,6.03092
867,22,23,5.89425
867,23,24,4.72548
868,0,1,1.75957
868,0,5,1.92656
868,1,2,2.12918
868,1,6,4.67083
868,2,3,5.2137
868,2,7,2.27032
868,3,4,4.39923
868,3,8,1.7789
868,4,9,1.52872
868,5,6,5.4425
868,5,10,2.2311
868,6,7,3.18456
868,6,11,3.89177
868,7,8,3.05094
868,7,12,3.90428
868,8,9,1.8584
868,8,13,5.72622
868,9,14,4.39298
868,10,11,3.32679
868,10,15,2.99323
868,11,12,4.78996
868,11,16,2.37325
868,12,13,3.74443
868,12,17,3.8378
868,13,14,5.52434
868,13,18,2.12096
868,14,19,3.66944
868,15,16,2.53171
868,15,20,3.48258
868,16,17,4.49032
868,16,21,4.36584
868,17,18,3.26973
868,17,22,2.18498
868,18,19,1.73985
868,18,23,3.45329
868,19,24,2.7295
868,20,21,2.48817
868,21,22,3.77174
868,22,23,3.48155
868,23,24,1.75289
869,0,1,3.07157
869,0,5,3.44622
869,1,2,4.6571
869,1,6,4.73865
869,2,3,4.58005
869,2,7,2.63909
869,3,4,4.93753
869,3,8,5.59907
869,4,9,5.4342
869,5,6,4.70033
869,5,10,4.73647
869,6,7,3.80187
869,6,11,3.22435
869,7,8,5.43545
869,7,12,5.03338
869,8,9,3.68204
869,8,13,3.47332
869,9,14,5.8732
869,10,11,3.08531
869,10,15,2.37171
869,11,12,2.49004
869,11,16,3.89956
869,12,13,4.68702
869,12,17,2.48574
869,13,14,3.24362
869,13,18,4.89473
869,14,19,3.17283
869,15,16,3.5407
869,15,20,5.60028
869,16,17,5.36117
869,16,21,2.75846
869,17,18,5.92306
869,17,22,4.55169
869,18,19,1.61895
869,18,23,4.33716
869,19,24,3.41738
869,20,21,3.53556
869,21,22,1.82811
869,22,23,2.16102
869,23,24,5.08997
870,0,1,2.92647
870,0,5,3.65279
870,1,2,4.55216
870,1,6,2.19898
870,2,3,3.59471
870,2,7,4.16915
870,3,4,5.07053
870,3,8,5.28862
870,4,9,5.85347
870,5,6,5.34625
870,5,10,4.86716
870,6,7,4.91071
870,6,11,5.91368
870,7,8,4.96384
870,7,12,3.36845
870,8,9,3.75723
870,8,13,1.7763
870,9,14,2.04567
870,10,11,4.17025
870,10,15,3.26472
870,11,12,2.82479
870,11,16,2.7333
870,12,13,4.64904
870,12,17,3.2285
870,13,14,3.40196
870,13,18,4.34848
870,14,19,4.54792
870,15,16,4.6719
870,15,20,3.09095
870,16,17,3.62553
870,16,21,3.91273
870,17,18,3.88387
870,17,22,4.37715
870,18,19,2.01502
870,18,23,5.23386
870,19,24,4.28979
870,20,21,4.63639
870,21,22,4.48317
870,22,23,5.39994
870,23,24,5.0786
871,0,1,5.30603
871,0,5,4.58838
871,1,2,2.6546
871,1,6,1.85891
871,2,3,3.7301
871,2,7,5.84485
871,3,4,2.54317
871,3,8,4.36127
871,4,9,2.36709
871,5,6,3.03826
871,5,10,5.82244
871,6,7,5.22045
871,6,11,2.12413
871,7,8,4.55426
871,7,12,2.33647
871,8,9,4.0241
871,8,13,3.75316
871,9,14,2.18158
871,10,11,5.32188
871,10,15,5.05319
871,11,12,2.49386
871,11,16,3.59645
871,12,13,3.22508
871,12,17,2.30801
871,13,14,3.28277
871,13,18,5.64153
871,14,19,2.10225
871,15,16,2.09097
871,15,20,5.39924
871,16,17,4.41837
871,16,21,2.37433
871,17,18,2.55546
871,17,22,4.41114
871,18,19,4.03263
871,18,23,3.97783
871,19,24,5.29057
871,20,21,2.05316
871,21,22,4.50388
871,22,23,6.63154
871,23,24,1.97807
872,0,1,1.89171
872,0,5,5.51582
872,1,2,2.23437
872,1,6,3.69675
872,2,3,2.44529
872,2,7,3.60741
872,3,4,4.54999
872,3,8,2.48898
872,4,9,4.76333
872,5,6,2.89192
872,5,10,2.86005
872,6,7,2.24446
872,6,11,2.66475
872,7,8,5.04018
872,7,12,4.34217
872,8,9,1.60696
872,8,13,3.00528
872,9,14,3.43798
872,10,11,4.63711
872,10,15,1.95971
872,11,12,4.19058
872,11,16,3.46423
872,12,13,2.5215
872,12,17,4.01776
872,13,14,1.82418
872,13,18,1.45711
872,14,19,3.15087
872,15,16,2.67361
872,15,20,4.28512
872,16,17,2.19139
872,16,21,2.84809
872,17,18,5.00162
872,17,22,1.97595
872,18,19,2.05276
872,18,23,1.91867
872,19,24,4.66695
872,20,21,4.37356
872,21,22,4.2766
872,22,23,4.48502
872,23,24,2.52126
873,0,1,5.45386
873,0,5,5.79577
873,1,2,5.10556
873,1,6,7.52914
873,2,3,5.74226
873,2,7,3.73354
873,3,4,7.30696
873,3,8,4.88945
873,4,9,4.38033
873,5,6,3.6537
873,5,10,5.36108
873,6,7,3.88849
873,6,11,6.31213
873,7,8,9.57394
873,7,12,4.81498
873,8,9,5.61709
873,8,13,4.27156
873,9,14,4.88815
873,10,11,2.99998
873,10,15,2.32724
873,11,12,2.91792
873,11,16,5.72325
873,12,13,4.31576
873,12,17,7.67842
873,13,14,4.52438
873,13,18,5.35061
873,14,19,2.8707
873,15,16,2.57448
873,15,20,3.68848
873,16,17,4.81869
873,16,21,3.7359
873,17,18,6.6975
873,17,22,3.17142
873,18,19,4.38601
873,18,23,4.12225
873,19,24,6.11931
873,20,21,3.50183
873,21,22,5.82525
873,22,23,2.19084
873,23,24,6.90265
874,0,1,1.77938
874,0,5,3.22902
874,1,2,4.32408
874,1,6,2.86944
874,2,3,4.78778
874,2,7,3.54949
874,3,4,2.45054
874,3,8,3.75937
874,4,9,2.96044
874,5,6,2.24241
874,5,10,3.00184
874,6,7,2.55289
874,6,11,4.5339
874,7,8,2.76617
874,7,12,4.84863
874,8,9,3.59658
874,8,13,3.58852
874,9,14,4.07171
874,10,11,4.06192
874,10,15,3.17438
874,11,12,2.72739
874,11,16,3.45818
874,12,13,4.86148
874,12,17,2.33509
874,13,14,3.65176
874,13,18,3.20947
874,14,19,4.50472
874,15,16,4.27997
874,15,20,1.87077
874,16,17,3.96895
874,16,21,3.63145
874,17,18,2.57064
874,17,22,2.28179
874,18,19,2.95701
874,18,23,3.45892
874,19,24,3.02473
874,20,21,2.23265
874,21,22,4.4567
874,22,23,2.65892
874,23,24,1.58412
875,0,1,4.29082
875,0,5,2.23484
875,1,2,5.17617
875,1,6,4.26818
875,2,3,2.56554
875,2,7,4.57657
875,3,4,2.82771
875,3,8,3.08269
875,4,9,5.089
875,5,6,3.22877
875,5,10,2.32182
875,6,7,2.77884
875,6,11,5.04383
875,7,8,1.63021
875,7,12,2.41874
875,8,9,2.49492
875,8,13,3.26219
875,9,14,3.50153
875,10,11,4.29307
875,10,15,4.21662
875,11,12,2.39235
875,11,16,2.1363
875,12,13,3.09495
875,12,17,1.53835
875,13,14,3.82483
875,13,18,4.46134
875,14,19,4.31144
875,15,16,1.87123
875,15,20,3.42362
875,16,17,4.79426
875,16,21,3.36086
875,17,18,3.2004
875,17,22,2.49334
875,18,19,4.29591
875,18,23,2.51376
875,19,24,3.10134
875,20,21,3.47366
875,21,22,3.67963
875,22,23,4.54555
875,23,24,3.0302
876,0,1,4.10502
876,0,5,2.35153
876,1,2,4.72634
876,1,6,6.81086
876,2,3,5.78941
876,2,7,6.2048
876,3,4,3.84692
876,3,8,4.87364
876,4,9,5.65819
876,5,6,6.41881
876,5,10,3.63958
876,6,7,3.85858
876,6,11,5.54439
876,7,8,4.36912
876,7,12,4.81761
876,8,9,5.337
876,8,13,3.58127
876,9,14,3.42384
876,10,11,2.19398
876,10,15,2.52033
876,11,12,3.13295
876,11,16,6.55119
876,12,13,3.24343
876,12,17,4.06812
876,13,14,3.65165
876,13,18,4.00051
876,14,19,3.53556
876,15,16,2.99213
876,15,20,4.87296
876,16,17,2.66082
876,16,21,3.29009
876,17,18,5.80148
876,17,22,5.08868
876,18,19,5.70741
876,18,23,5.5009
876,19,24,5.14496
876,20,21,5.83276
876,21,22,2.9507
876,22,23,4.76974
876,23,24,3.54145
877,0,1,5.56748
877,0,5,4.48849
877,1,2,3.05753
877,1,6,2.51382
877,2,3,4.73281
877,2,7,4.01872
877,3,4,4.59782
877,3,8,2.31403
877,4,9,2.37743
877,5,6,2.31142
877,5,10,4.54087
877,6,7,3.44408
877,6,11,3.76517
877,7,8,5.87971
877,7,12,2.13261
877,8,9,5.68517
877,8,13,5.62638
877,9,14,5.66984
877,10,11,4.47605
877,10,15,4.79777
877,11,12,5.0116
877,11,16,2.63733
877,12,13,7.09975
877,12,17,3.45318
877,13,14,3.85338
877,13,18,5.1098
877,14,19,3.384
877,15,16,6.74873
877,15,20,2.71652
877,16,17,3.97806
877,16,21,4.86599
877,17,18,5.40344
877,17,22,6.5755
877,18,19,5.72935
877,18,23,5.80079
877,19,24,3.34333
877,20,21,2.63118
877,21,22,3.71562
877,22,23,2.4528
877,23,24,6.10847
878,0,1,6.50127
878,0,5,5.36601
878,1,2,5.73467
878,1,6,4.94911
878,2,3,2.90672
878,2,7,2.28622
878,3,4,3.8142
878,3,8,2.23537
878,4,9,5.77427
878,5,6,6.29984
878,5,10,3.19641
878,6,7,3.46393
878,6,11,3.82194
878,7,8,5.27652
878,7,12,3.14726
878,8,9,5.43352
878,8,13,5.26444
878,9,14,4.4214
878,10,11,4.5468
878,10,15,5.2604
878,11,12,4.79812
878,11,16,1.89307
878,12,13,2.68288
878,12,17,3.97541
878,13,14,1.93335
878,13,18,4.7037
878,14,19,4.08562
878,15,16,3.60868
878,15,20,2.57874
878,16,17,6.3036
878,16,21,7.60093
878,17,18,2.14876
878,17,22,2.71203
878,18,19,5.57125
878,18,23,2.18185
878,19,24,6.08001
878,20,21,5.24994
878,21,22,4.32444
878,22,23,3.70378
878,23,24,4.93155
879,0,1,4.23947
879,0,5,2.69935
879,1,2,3.82792
879,1,6,2.18086
879,2,3,3.79053
879,2,7,2.95962
879,3,4,4.87951
879,3,8,4.49391
879,4,9,2.75232
879,5,6,2.97513
879,5,10,2.45584
879,6,7,3.9119
879,6,11,2.57359
879,7,8,2.62922
879,7,12,2.01571
879,8,9,2.79104
879,8,13,4.8865
879,9,14,4.37497
879,10,11,2.31361
879,10,15,4.60756
879,11,12,2.69529
879,11,16,2.53472
879,12,13,3.91489
879,12,17,2.75017
879,13,14,4.69078
879,13,18,4.95705
879,14,19,3.18685
879,15,16,5.28325
879,15,20,2.16072
879,16,17,3.60331
879,16,21,4.22165
879,17,18,4.93283
879,17,22,5.33958
879,18,19,4.05041
879,18,23,2.43707
879,19,24,3.27401
879,20,21,2.46392
879,21,22,4.80537
879,22,23,4.53822
879,23,24,3.75718
880,0,1,5.44302
880,0,5,3.96593
880,1,2,3.80977
880,1,6,3.57846
880,2,3,5.21834
880,2,7,2.74799
880,3,4,3.96201
880,3,8,4.89984
880,4,9,4.25988
880,5,6,3.50668
880,5,10,2.10681
880,6,7,4.13455
880,6,11,5.06617
880,7,8,5.46711
880,7,12,5.51058
880,8,9,2.05772
880,8,13,2.75425
880,9,14,2.73452
880,10,11,3.17101
880,10,15,4.96038
880,11,12,5.74954
880,11,16,2.02704
880,12,13,2.118
880,12,17,5.06966
880,13,14,4.22825
880,13,18,4.37663
880,14,19,5.91659
880,15,16,2.29112
880,15,20,1.90775
880,16,17,3.72452
880,16,21,3.12522
880,17,18,5.19413
880,17,22,5.78338
880,18,19,5.75935
880,18,23,4.57426
880,19,24,3.2202
880,20,21,5.67411
880,21,22,3.71006
880,22,23,1.78753
880,23,24,2.43306
881,0,1,6.05177
881,0,5,3.00502
881,1,2,3.60771
881,1,6,5.37263
881,2,3,3.48026
881,2,7,3.45487
881,3,4,2.45142
881,3,8,2.48261
881,4,9,4.52427
881,5,6,3.23093
881,5,10,3.36762
881,6,7,3.73021
881,6,11,3.08355
881,7,8,6.21627
881,7,12,5.68169
881,8,9,4.17404
881,8,13,3.01964
881,9,14,6.69366
881,10,11,5.00374
881,10,15,6.37162
881,11,12,2.52417
881,11,16,2.61068
881,12,13,4.52999
881,12,17,6.57284
881,13,14,4.72563
881,13,18,5.33804
881,14,19,5.47545
881,15,16,7.1632
881,15,20,5.79414
881,16,17,2.93929
881,16,21,4.92054
881,17,18,4.06301
881,17,22,6.80544
881,18,19,4.1493
881,18,23,3.6876
881,19,24,2.83364
881,20,21,5.67566
881,21,22,4.93637
881,22,23,5.48304
881,23,24,2.8882
882,0,1,2.57204
882,0,5,4.12619
882,1,2,2.74922
882,1,6,4.04618
882,2,3,2.79202
882,2,7,3.75046
882,3,4,4.33431
882,3,8,3.92808
882,4,9,1.93891
882,5,6,5.01019
882,5,10,5.04535
882,6,7,1.64702
882,6,11,3.43486
882,7,8,3.64321
882,7,12,4.10212
882,8,9,2.73079
882,8,13,3.11007
882,9,14,2.97285
882,10,11,2.38261
882,10,15,3.17002
882,11,12,4.19148
882,11,16,2.71607
882,12,13,2.58904
882,12,17,4.82469
882,13,14,5.58941
882,13,18,4.24927
882,14,19,3.58163
882,15,16,2.99555
882,15,20,2.47135
882,16,17,1.73781
882,16,21,4.58543
882,17,18,5.03881
882,17,22,3.7768
882,18,19,3.97556
882,18,23,3.43931
882,19,24,3.21438
882,20,21,5.24002
882,21,22,1.73327
882,22,23,3.8749
882,23,24,4.01346
883,0,1,5.94873
883,0,5,2.33018
883,1,2,3.62515
883,1,6,8.13763
883,2,3,4.56551
883,2,7,2.59619
883,3,4,2.78453
883,3,8,3.55432
883,4,9,5.8721
883,5,6,6.61408
883,5,10,3.22898
883,6,7,4.03839
883,6,11,8.22152
883,7,8,3.98554
883,7,12,3.54847
883,8,9,3.45561
883,8,13,2.34359
883,9,14,2.54082
883,10,11,3.52829
883,10,15,3.47138
883,11,12,5.66172
883,11,16,3.06355
883,12,13,4.31026
883,12,17,4.01895
883,13,14,6.23594
883,13,18,6.92958
883,14,19,5.83252
883,15,16,3.57781
883,15,20,6.83198
883,16,17,4.42492
883,16,21,3.04172
883,17,18,3.188
883,17,22,2.41635
883,18,19,5.1099
883,18,23,7.56648
883,19,24,2.6504
883,20,21,6.98558
883,21,22,2.5004
883,22,23,6.36099
883,23,24,5.66314
884,0,1,3.34978
884,0,5,2.79728
884,1,2,3.31057
884,1,6,2.61196
884,2,3,2.97671
884,2,7,1.89609
884,3,4,4.45625
884,3,8,4.58891
884,4,9,3.59244
884,5,6,4.31223
884,5,10,3.07839
884,6,7,2.07293
884,6,11,1.93994
884,7,8,3.31505
884,7,12,4.22478
884,8,9,3.57566
884,8,13,4.43903
884,9,14,2.99554
884,10,11,3.19386
884,10,15,2.29794
884,11,12,2.34673
884,11,16,1.98627
884,12,13,1.78692
884,12,17,4.04883
884,13,14,1.51458
884,13,18,4.89307
884,14,19,2.81291
884,15,16,4.77616
884,15,20,2.01318
884,16,17,1.84727
884,16,21,3.37076
884,17,18,1.99978
884,17,22,4.1307
884,18,19,4.28605
884,18,23,3.18233
884,19,24,1.63675
884,20,21,3.00124
884,21,22,2.71436
884,22,23,2.68047
884,23,24,1.78349
885,0,1,2.3183
885,0,5,5.46913
885,1,2,4.62156
885,1,6,3.8559
885,2,3,4.23327
885,2,7,4.47551
885,3,4,3.38969
885,3,8,2.17195
885,4,9,4.04366
885,5,6,2.06373
885,5,10,2.74937
885,6,7,5.81221
885,6,11,5.23293
885,7,8,2.09387
885,7,12,5.19499
885,8,9,4.00312
885,8,13,5.57951
885,9,14,1.90489
885,10,11,4.38873
885,10,15,3.06106
885,11,12,4.46136
885,11,16,2.73378
885,12,13,5.48057
885,12,17,4.70067
885,13,14,4.09272
885,13,18,2.08441
885,14,19,4.82839
885,15,16,2.76585
885,15,20,4.87283
885,16,17,5.90092
885,16,21,4.2513
885,17,18,2.44638
885,17,22,3.48441
885,18,19,2.68579
885,18,23,3.62445
885,19,24,3.07474
885,20,21,4.05247
885,21,22,3.35872
885,22,23,4.66829
885,23,24,2.92183
886,0,1,2.34748
886,0,5,4.57397
886,1,2,3.58595
886,1,6,2.25162
886,2,3,4.89569
886,2,7,4.40207
886,3,4,3.52577
886,3,8,3.4724
886,4,9,2.09691
886,5,6,5.33648
886,5,10,4.01415
886,6,7,4.2345
886,6,11,1.93219
886,7,8,2.30065
886,7,12,3.02565
886,8,9,1.77548
886,8,13,2.82574
886,9,14,2.20079
886,10,11,2.23728
886,10,15,1.42047
886,11,12,4.9005
886,11,16,2.22942
886,12,13,3.48759
886,12,17,1.76655
886,13,14,1.61942
886,13,18,3.19286
886,14,19,2.82619
886,15,16,4.35456
886,15,20,1.99273
886,16,17,2.60804
886,16,21,2.06393
886,17,18,2.91892
886,17,22,2.48573
886,18,19,2.48518
886,18,23,1.3921
886,19,24,4.70827
886,20,21,3.4275
886,21,22,2.4259
886,22,23,2.18153
886,23,24,3.17835
887,0,1,3.75786
887,0,5,3.44402
887,1,2,5.98177
887,1,6,6.13254
887,2,3,4.68681
887,2,7,4.81659
887,3,4,3.27423
887,3,8,4.94062
887,4,9,3.7645
887,5,6,2.47048
887,5,10,4.00024
887,6,7,4.49712
887,6,11,5.12092
887,7,8,7.01377
887,7,12,5.65151
887,8,9,3.24355
887,8,13,8.03622
887,9,14,6.28483
887,10,11,5.64876
887,10,15,3.39489
887,11,12,6.07477
887,11,16,3.07972
887,12,13,4.28436
887,12,17,4.18425
887,13,14,2.44913
887,13,18,3.25472
887,14,19,3.41809
887,15,16,8.52748
887,15,20,5.98235
887,16,17,2.91446
887,16,21,5.65336
887,17,18,3.65464
887,17,22,3.17692
887,18,19,4.3296
887,18,23,5.27259
887,19,24,7.56977
887,20,21,2.2038
887,21,22,6.65963
887,22,23,4.49527
887,23,24,4.01367
888,0,1,3.7439
888,0,5,4.68917
888,1,2,2.94197
888,1,6,3.77617
888,2,3,2.51118
888,2,7,3.53112
888,3,4,4.13255
888,3,8,2.54829
888,4,9,3.10459
888,5,6,4.43234
888,5,10,3.36183
888,6,7,5.09847
888,6,11,2.86931
888,7,8,6.52286
888,7,12,4.47868
888,8,9,4.74002
888,8,13,2.98276
888,9,14,5.24671
888,10,11,4.73679
888,10,15,3.28833
888,11,12,2.38084
888,11,16,5.14652
888,12,13,2.53654
888,12,17,4.47769
888,13,14,5.33874
888,13,18,6.09928
888,14,19,5.90166
888,15,16,5.25848
888,15,20,4.90645
888,16,17,2.36939
888,16,21,6.39438
888,17,18,3.08251
888,17,22,6.88774
888,18,19,5.91937
888,18,23,5.94093
888,19,24,2.52671
888,20,21,2.40093
888,21,22,3.27145
888,22,23,4.15191
888,23,24,6.88939
889,0,1,2.62057
889,0,5,2.28223
889,1,2,5.26807
889,1,6,5.62147
889,2,3,5.48815
889,2,7,3.20527
889,3,4,3.47339
889,3,8,5.07512
889,4,9,2.47424
889,5,6,2.10811
889,5,10,2.36643
889,6,7,2.19086
889,6,11,4.98318
889,7,8,5.23233
889,7,12,3.7727
889,8,9,6.06529
889,8,13,2.94368
889,9,14,4.33354
889,10,11,3.88233
889,10,15,4.61248
889,11,12,4.57817
889,11,16,3.44967
889,12,13,4.04262
889,12,17,3.83342
889,13,14,2.08035
889,13,18,3.06435
889,14,19,6.45442
889,15,16,3.53835
889,15,20,4.05724
889,16,17,3.35827
889,16,21,2.19038
889,17,18,5.64005
889,17,22,2.98708
889,18,19,6.02847
889,18,23,2.4322
889,19,24,2.44924
889,20,21,4.65215
889,21,22,2.85796
889,22,23,4.31289
889,23,24,2.89551
890,0,1,4.54768
890,0,5,3.54681
890,1,2,2.3682
890,1,6,5.18152
890,2,3,4.65428
890,2,7,5.31269
890,3,4,2.45919
890,3,8,4.33328
890,4,9,2.6125
890,5,6,5.03128
890,5,10,5.76867
890,6,7,5.11662
890,6,11,2.5454
890,7,8,1.95104
890,7,12,5.75055
890,8,9,6.10605
890,8,13,4.90722
890,9,14,6.17284
890,10,11,2.31123
890,10,15,4.79702
890,11,12,4.53922
890,11,16,5.20692
890,12,13,4.91836
890,12,17,2.44663
890,13,14,2.42249
890,13,18,2.2878
890,14,19,4.81067
890,15,16,5.29923
890,15,20,5.93624
890,16,17,3.45155
890,16,21,3.36152
890,17,18,4.22098
890,17,22,3.48088
890,18,19,2.82718
890,18,23,5.49012
890,19,24,5.33385
890,20,21,3.29097
890,21,22,2.15367
890,22,23,2.56883
890,23,24,6.05594
891,0,1,2.25799
891,0,5,3.42016
891,1,2,3.18134
891,1,6,2.54133
891,2,3,3.60339
891,2,7,3.95192
891,3,4,4.45741
891,3,8,3.40865
891,4,9,4.07842
891,5,6,5.45418
891,5,10,3.20837
891,6,7,4.68742
891,6,11,4.28796
891,7,8,2.36418
891,7,12,4.21276
891,8,9,3.1906
891,8,13,3.33379
891,9,14,3.4932
891,10,11,3.48648
891,10,15,3.23979
891,11,12,2.68634
891,11,16,2.58083
891,12,13,3.84544
891,12,17,3.56738
891,13,14,4.55943
891,13,18,2.89527
891,14,19,5.00232
891,15,16,5.76869
891,15,20,6.23996
891,16,17,5.68575
891,16,21,2.04214
891,17,18,5.20396
891,17,22,4.93549
891,18,19,2.76889
891,18,23,4.57787
891,19,24,2.70772
891,20,21,5.49979
891,21,22,5.43293
891,22,23,4.3437
891,23,24,2.74531
892,0,1,6.18612
892,0,5,5.60033
892,1,2,2.34308
892,1,6,4.56095
892,2,3,5.03451
892,2,7,2.57978
892,3,4,2.54507
892,3,8,4.00364
892,4,9,5.80104
892,5,6,3.29225
892,5,10,3.87407
892,6,7,3.0022
892,6,11,7.0445
892,7,8,3.4915
892,7,12,5.33065
892,8,9,7.00565
892,8,13,3.42235
892,9,14,4.48395
892,10,11,3.48959
892,10,15,2.37796
892,11,12,4.33815
892,11,16,4.25504
892,12,13,2.51263
892,12,17,2.51013
892,13,14,3.32123
892,13,18,7.1258
892,14,19,4.35606
892,15,16,2.85355
892,15,20,5.40951
892,16,17,3.98061
892,16,21,5.37359
892,17,18,3.58692
892,17,22,5.87594
892,18,19,5.89701
892,18,23,3.9652
892,19,24,3.05704
892,20,21,3.69622
892,21,22,2.22675
892,22,23,2.5661
892,23,24,4.03044
893,0,1,4.18302
893,0,5,4.34558
893,1,2,2.6612
893,1,6,2.39236
893,2,3,3.24531
893,2,7,2.55989
893,3,4,3.03223
893,3,8,4.01069
893,4,9,2.43831
893,5,6,3.9626
893,5,10,4.1671
893,6,7,4.48451
893,6,11,2.51709
893,7,8,3.31564
893,7,12,2.35933
893,8,9,2.09878
893,8,13,3.39658
893,9,14,2.29114
893,10,11,2.55367
893,10,15,1.63514
893,11,12,4.50489
893,11,16,3.6173
893,12,13,1.59247
893,12,17,4.86362
893,13,14,2.57358
893,13,18,1.52666
893,14,19,4.25782
893,15,16,3.02932
893,15,20,1.91983
893,16,17,2.54896
893,16,21,3.60894
893,17,18,3.09627
893,17,22,1.81576
893,18,19,2.92284
893,18,23,1.25149
893,19,24,2.22873
893,20,21,4.7442
893,21,22,2.60382
893,22,23,4.60567
893,23,24,2.61503
894,0,1,5.01703
894,0,5,5.73255
894,1,2,4.40311
894,1,6,3.45229
894,2,3,2.76957
894,2,7,5.73447
894,3,4,4.96284
894,3,8,3.81439
894,4,9,2.80194
894,5,6,5.26534
894,5,10,2.68984
894,6,7,3.20789
894,6,11,2.45892
894,7,8,3.13215
894,7,12,4.23176
894,8,9,5.11227
894,8,13,4.92676
894,9,14,2.71819
894,10,11,2.68024
894,10,15,5.03248
894,11,12,3.7609
894,11,16,5.12985
894,12,13,5.42465
894,12,17,2.18984
894,13,14,3.69327
894,13,18,5.26484
894,14,19,5.12539
894,15,16,2.64589
894,15,20,2.87606
894,16,17,4.13732
894,16,21,4.74895
894,17,18,3.82095
894,17,22,5.75278
894,18,19,3.94563
894,18,23,5.91209
894,19,24,3.31756
894,20,21,5.48623
894,21,22,3.87801
894,22,23,4.10799
894,23,24,4.97708
895,0,1,3.52681
895,0,5,5.9541
895,1,2,2.24478
895,1,6,2.04227
895,2,3,3.88891
895,2,7,3.65221
895,3,4,5.65174
895,3,8,4.78653
895,4,9,3.27828
895,5,6,5.74126
895,5,10,1.66209
895,6,7,3.46497
895,6,11,4.84299
895,7,8,4.55863
895,7,12,4.44228
895,8,9,2.94787
895,8,13,3.14969
895,9,14,2.76106
895,10,11,4.11936
895,10,15,4.15353
895,11,12,2.5286
895,11,16,3.04858
895,12,13,3.11211
895,12,17,3.17691
895,13,14,3.00308
895,13,18,3.10027
895,14,19,2.06884
895,15,16,4.04888
895,15,20,2.30186
895,16,17,3.51749
895,16,21,5.70753
895,17,18,2.1575
895,17,22,3.00471
895,18,19,2.35407
895,18,23,2.06771
895,19,24,4.80442
895,20,21,4.38114
895,21,22,3.952
895,22,23,5.51155
895,23,24,2.38198
896,0,1,2.90448
896,0,5,4.04498
896,1,2,4.38509
896,1,6,3.44563
896,2,3,2.84987
896,2,7,2.88542
896,3,4,5.61973
896,3,8,1.85443
896,4,9,3.79199
896,5,6,4.03215
896,5,10,4.96876
896,6,7,3.44874
896,6,11,5.01207
896,7,8,2.63355
896,7,12,2.30633
896,8,9,1.6355
896,8,13,4.51124
896,9,14,2.52325
896,10,11,6.17793
896,10,15,2.96436
896,11,12,3.21176
896,11,16,3.80415
896,12,13,4.88959
896,12,17,4.01159
896,13,14,5.43995
896,13,18,3.59602
896,14,19,3.41836
896,15,16,3.27294
896,15,20,5.24777
896,16,17,6.4761
896,16,21,5.06855
896,17,18,4.45694
896,17,22,4.45443
896,18,19,3.24304
896,18,23,3.86114
896,19,24,6.36559
896,20,21,1.90575
896,21,22,1.96506
896,22,23,5.42019
896,23,24,1.9814
897,0,1,2.05598
897,0,5,6.56542
897,1,2,2.87769
897,1,6,4.39209
897,2,3,3.22737
897,2,7,3.9016
897,3,4,5.63591
897,3,8,3.37273
897,4,9,3.54949
897,5,6,5.23237
897,5,10,3.59023
897,6,7,5.81888
897,6,11,1.91549
897,7,8,2.48731
897,7,12,4.62508
897,8,9,1.70636
897,8,13,5.70002
897,9,14,4.93893
897,10,11,3.20344
897,10,15,5.64058
897,11,12,3.96129
897,11,16,5.28777
897,12,13,5.84004
897,12,17,3.11585
897,13,14,4.33712
897,13,18,5.38094
897,14,19,2.67294
897,15,16,5.56758
897,15,20,5.08108
897,16,17,5.72639
897,16,21,4.22478
897,17,18,4.58805
897,17,22,3.48435
897,18,19,5.07204
897,18,23,3.6882
897,19,24,4.38265
897,20,21,2.855
897,21,22,5.74017
897,22,23,3.19341
897,23,24,4.14932
898,0,1,5.34148
898,0,5,5.90058
898,1,2,3.95761
898,1,6,5.46408
898,2,3,5.96504
898,2,7,5.46754
898,3,4,5.66996
898,3,8,5.85991
898,4,9,1.9842
898,5,6,5.5104
898,5,10,3.01589
898,6,7,5.54449
898,6,11,6.47236
898,7,8,2.64412
898,7,12,3.32559
898,8,9,7.34849
898,8,13,5.29479
898,9,14,5.7399
898,10,11,3.87219
898,10,15,6.80103
898,11,12,7.26344
898,11,16,4.57768
898,12,13,6.01394
898,12,17,6.37612
898,13,14,4.65299
898,13,18,4.15086
898,14,19,5.86753
898,15,16,4.75851
898,15,20,5.38987
898,16,17,3.82135
898,16,21,6.08447
898,17,18,3.21455
898,17,22,5.66274
898,18,19,5.86505
898,18,23,5.3526
898,19,24,3.24471
898,20,21,3.34135
898,21,22,3.19915
898,22,23,6.22003
898,23,24,6.87067
899,0,1,4.45489
899,0,5,2.73399
899,1,2,3.89594
899,1,6,4.62365
899,2,3,3.46289
899,2,7,2.87837
899,3,4,3.99745
899,3,8,2.30608
899,4,9,4.19038
899,5,6,5.2051
899,5,10,3.23664
899,6,7,5.36443
899,6,11,2.43669
899,7,8,4.22302
899,7,12,3.07352
899,8,9,3.8487
899,8,13,3.54951
899,9,14,5.9291
899,10,11,4.84853
899,10,15,5.16736
899,11,12,5.4742
899,11,16,5.63246
899,12,13,3.70023
899,12,17,3.50974
899,13,14,4.9084
899,13,18,1.80577
899,14,19,4.70276
899,15,16,4.74075
899,15,20,2.02432
899,16,17,3.66716
899,16,21,4.98852
899,17,18,4.46673
899,17,22,4.22286
899,18,19,4.67154
899,18,23,4.43596
899,19,24,3.6057
899,20,21,2.89062
899,21,22,5.24216
899,22,23,2.82758
899,23,24,2.22846
900,0,1,2.20734
900,0,5,2.51507
900,1,2,2.46892
900,1,6,3.27528
900,2,3,3.94456
900,2,7,5.29046
900,3,4,3.11055
900,3,8,1.74177
900,4,9,1.80791
900,5,6,2.41934
900,5,10,3.24488
900,6,7,2.29369
900,6,11,4.92207
900,7,8,2.36753
900,7,12,5.40587
900,8,9,2.82723
900,8,13,4.2353
900,9,14,2.22937
900,10,11,4.07234
900,10,15,4.07908
900,11,12,2.08889
900,11,16,5.14526
900,12,13,2.95964
900,12,17,4.60503
900,13,14,4.94537
900,13,18,2.01314
900,14,19,3.2255
900,15,16,3.33409
900,15,20,3.72798
900,16,17,3.21721
900,16,21,2.64707
900,17,18,2.97435
900,17,22,1.42743
900,18,19,1.99857
900,18,23,2.87864
900,19,24,2.00622
900,20,21,2.4417
900,21,22,1.57955
900,22,23,5.95396
900,23,24,4.39025
901,0,1,3.02211
901,0,5,3.88182
901,1,2,5.80159
901,1,6,4.67093
901,2,3,6.59926
901,2,7,2.47804
901,3,4,4.55297
901,3,8,2.46565
901,4,9,3.78042
901,5,6,3.84067
901,5,10,2.92341
901,6,7,5.70913
901,6,11,5.84624
901,7,8,3.31374
901,7,12,2.58676
901,8,9,5.55901
901,8,13,6.28808
901,9,14,5.77359
901,10,11,2.5658
901,10,15,6.49779
901,11,12,5.55727
901,11,16,2.63985
901,12,13,3.46175
901,12,17,3.42035
901,13,14,3.80392
901,13,18,5.52471
901,14,19,6.6258
901,15,16,3.92741
901,15,20,2.95791
901,16,17,5.10553
901,16,21,4.25964
901,17,18,5.12385
901,17,22,3.95972
901,18,19,3.23616
901,18,23,4.67493
901,19,24,5.31656
901,20,21,4.1779
901,21,22,4.72962
901,22,23,3.63865
901,23,24,6.80034
902,0,1,3.63785
902,0,5,3.77052
902,1,2,4.99737
902,1,6,2.40166
902,2,3,3.3173
902,2,7,4.54416
902,3,4,7.10331
902,3,8,4.91841
902,4,9,3.49056
902,5,6,3.44787
902,5,10,3.76154
902,6,7,2.93012
902,6,11,2.20182
902,7,8,5.36924
902,7,12,2.40323
902,8,9,3.33594
902,8,13,4.41802
902,9,14,3.39405
902,10,11,5.78648
902,10,15,2.58105
902,11,12,3.96605
902,11,16,6.02391
902,12,13,4.42996
902,12,17,4.46648
902,13,14,5.65819
902,13,18,4.69868
902,14,19,2.12716
902,15,16,4.18414
902,15,20,3.12014
902,16,17,6.51199
902,16,21,4.44199
902,17,18,4.02296
902,17,22,3.185
902,18,19,3.62603
902,18,23,5.4325
902,19,24,4.19906
902,20,21,3.84428
902,21,22,3.24363
902,22,23,3.166
902,23,24,5.55937
903,0,1,6.24028
903,0,5,2.89616
903,1,2,3.28718
903,1,6,4.2565
903,2,3,4.97139
903,2,7,7.24896
903,3,4,3.89943
903,3,8,2.95017
903,4,9,5.10653
903,5,6,3.2038
903,5,10,6.57622
903,6,7,6.42333
903,6,11,6.66738
903,7,8,2.49152
903,7,12,4.18283
903,8,9,5.19992
903,8,13,3.52041
903,9,14,2.06412
903,10,11,3.70692
903,10,15,4.8288
903,11,12,2.26209
903,11,16,6.15936
903,12,13,5.69361
903,12,17,5.27127
903,13,14,2.83748
903,13,18,6.2986
903,14,19,4.32591
903,15,16,4.3423
903,15,20,2.86958
903,16,17,3.12401
903,16,21,5.0342
903,17,18,2.39766
903,17,22,2.3971
903,18,19,4.22278
903,18,23,2.91237
903,19,24,6.97164
903,20,21,3.03774
903,21,22,2.13197
903,22,23,5.9789
903,23,24,2.68695
904,0,1,5.52151
904,0,5,4.58944
904,1,2,5.24946
904,1,6,4.25656
904,2,3,6.52815
904,2,7,2.33479
904,3,4,2.48283
904,3,8,5.59456
904,4,9,4.51597
904,5,6,6.29366
904,5,10,5.54379
904,6,7,2.03606
904,6,11,3.90434
904,7,8,3.4511
904,7,12,6.54717
904,8,9,2.84918
904,8,13,6.11569
904,9,14,5.69468
904,10,11,3.80497
904,10,15,3.58335
904,11,12,4.4913
904,11,16,3.3901
904,12,13,4.69574
904,12,17,3.72797
904,13,14,4.88425
904,13,18,5.87084
904,14,19,6.40936
904,15,16,5.06453
904,15,20,4.88959
904,16,17,2.89415
904,16,21,2.63651
904,17,18,2.76545
904,17,22,5.78895
904,18,19,2.71813
904,18,23,6.88479
904,19,24,4.15403
904,20,21,2.51833
904,21,22,4.25936
904,22,23,4.78752
904,23,24,4.4156
905,0,1,4.12738
905,0,5,3.61463
905,1,2,6.18212
905,1,6,5.77152
905,2,3,3.44325
905,2,7,4.38889
905,3,4,3.02221
905,3,8,6.7163
905,4,9,3.41972
905,5,6,4.74102
905,5,10,6.28745
905,6,7,3.89074
905,6,11,7.0838
905,7,8,6.19054
905,7,12,3.90541
905,8,9,4.68002
905,8,13,3.69946
905,9,14,3.42593
905,10,11,4.63814
905,10,15,6.10723
905,11,12,8.05697
905,11,16,3.46242
905,12,13,3.92546
905,12,17,6.52525
905,13,14,5.13671
905,13,18,5.23797
905,14,19,3.52346
905,15,16,3.00741
905,15,20,5.94505
905,16,17,4.6542
905,16,21,6.09794
905,17,18,3.39811
905,17,22,4.65358
905,18,19,2.81917
905,18,23,5.02211
905,19,24,2.92816
905,20,21,3.56882
905,21,22,3.67308
905,22,23,4.51698
905,23,24,5.16715
906,0,1,3.29968
906,0,5,2.48944
906,1,2,5.94052
906,1,6,5.65536
906,2,3,3.60691
906,2,7,3.0833
906,3,4,3.95422
906,3,8,2.67312
906,4,9,4.04076
906,5,6,4.49924
906,5,10,5.42493
906,6,7,5.13841
906,6,11,5.53563
906,7,8,4.80068
906,7,12,3.82504
906,8,9,4.25726
906,8,13,5.34886
906,9,14,4.99596
906,10,11,4.42241
906,10,15,3.83026
906,11,12,5.65752
906,11,16,3.34773
906,12,13,3.27093
906,12,17,2.3705
906,13,14,4.65841
906,13,18,3.89967
906,14,19,6.53432
906,15,16,2.41356
906,15,20,4.35635
906,16,17,2.54332
906,16,21,3.92999
906,17,18,5.06294
906,17,22,4.84268
906,18,19,6.63977
906,18,23,4.21466
906,19,24,4.33445
906,20,21,4.39444
906,21,22,5.56479
906,22,23,3.86233
906,23,24,5.27329
907,0,1,4.58458
907,0,5,4.23063
907,1,2,3.86468
907,1,6,4.74648
907,2,3,5.4346
907,2,7,3.22115
907,3,4,2.84572
907,3,8,4.25001
907,4,9,4.92287
907,5,6,3.28481
907,5,10,2.89185
907,6,7,5.3035
907,6,11,3.04127
907,7,8,2.05684
907,7,12,3.27672
907,8,9,4.07983
907,8,13,5.79727
907,9,14,2.67283
907,10,11,3.81166
907,10,15,4.51171
907,11,12,3.22967
907,11,16,3.922
907,12,13,3.16914
907,12,17,4.94928
907,13,14,6.79909
907,13,18,2.59088
907,14,19,5.51035
907,15,16,5.61429
907,15,20,6.89953
907,16,17,2.82086
907,16,21,3.73099
907,17,18,4.88476
907,17,22,4.29557
907,18,19,2.48387
907,18,23,2.73571
907,19,24,4.66772
907,20,21,4.17947
907,21,22,4.1679
907,22,23,4.10389
907,23,24,5.76595
908,0,1,3.11766
908,0,5,5.32609
908,1,2,1.52322
908,1,6,3.75642
908,2,3,5.45118
908,2,7,4.81735
908,3,4,4.84093
908,3,8,2.3184
908,4,9,4.72586
908,5,6,2.59912
908,5,10,2.11104
908,6,7,2.77462
908,6,11,2.11337
908,7,8,3.87855
908,7,12,2.44472
908,8,9,1.74098
908,8,13,3.0601
908,9,14,1.90852
908,10,11,4.44588
908,10,15,2.00347
908,11,12,3.58243
908,11,16,3.11917
908,12,13,3.78937
908,12,17,2.98656
908,13,14,3.28341
908,13,18,2.92116
908,14,19,4.84806
908,15,16,4.84999
908,15,20,2.80805
908,16,17,5.38041
908,16,21,2.8632
908,17,18,2.96717
908,17,22,1.67556
908,18,19,1.58628
908,18,23,1.18943
908,19,24,5.65374
908,20,21,3.99492
908,21,22,2.39419
908,22,23,1.82842
908,23,24,2.95612
909,0,1,3.36224
909,0,5,4.52349
909,1,2,5.14005
909,1,6,2.63352
909,2,3,4.28184
909,2,7,2.55438
909,3,4,2.65928
909,3,8,2.95812
909,4,9,3.59627
909,5,6,3.5775
909,5,10,5.6377
909,6,7,3.84467
909,6,11,6.54934
909,7,8,4.15927
909,7,12,1.71276
909,8,9,5.27422
909,8,13,4.54534
909,9,14,2.84035
909,10,11,4.09855
909,10,15,3.44539
909,11,12,2.46159
909,11,16,2.8182
909,12,13,5.02399
909,12,17,2.25981
909,13,14,6.19157
909,13,18,3.93531
909,14,19,2.25565
909,15,16,5.36594
909,15,20,3.76359
909,16,17,5.62101
909,16,21,4.43326
909,17,18,3.16516
909,17,22,5.43385
909,18,19,1.95256
909,18,23,5.00758
909,19,24,5.32067
909,20,21,2.22048
909,21,22,3.74523
909,22,23,5.25914
909,23,24,2.20708
910,0,1,6.10396
910,0,5,3.57045
910,1,2,3.15422
910,1,6,3.96014
910,2,3,3.9893
910,2,7,3.38681
910,3,4,4.23646
910,3,8,6.48731
910,4,9,2.26511
910,5,6,3.73901
910,5,10,5.83713
910,6,7,5.41371
910,6,11,5.61333
910,7,8,3.41177
910,7,12,4.78918
910,8,9,5.44252
910,8,13,2.77592
910,9,14,5.00113
910,10,11,4.98023
910,10,15,3.50488
910,11,12,2.41142
910,11,16,3.47424
910,12,13,5.02484
910,12,17,3.8683
910,13,14,2.59973
910,13,18,3.02779
910,14,19,6.17451
910,15,16,4.54701
910,15,20,4.97326
910,16,17,4.53675
910,16,21,3.00532
910,17,18,4.4628
910,17,22,2.96281
910,18,19,2.95531
910,18,23,6.37426
910,19,24,4.07517
910,20,21,5.36775
910,21,22,2.26453
910,22,23,5.05333
910,23,24,6.23509
911,0,1,1.93982
911,0,5,5.17331
911,1,2,2.54217
911,1,6,5.15673
911,2,3,5.3143
911,2,7,5.30869
911,3,4,3.32868
911,3,8,2.30608
911,4,9,3.63788
911,5,6,4.97335
911,5,10,5.40399
911,6,7,2.98723
911,6,11,2.97077
911,7,8,3.3501
911,7,12,3.85395
911,8,9,5.04177
911,8,13,4.99696
911,9,14,4.06731
911,10,11,4.1397
911,10,15,1.97857
911,11,12,5.05819
911,11,16,4.18954
911,12,13,3.78454
911,12,17,4.26327
911,13,14,3.52366
911,13,18,2.33017
911,14,19,5.0509
911,15,16,3.76652
911,15,20,4.61878
911,16,17,3.74943
911,16,21,5.81861
911,17,18,3.7562
911,17,22,4.82318
911,18,19,6.32896
911,18,23,4.45361
911,19,24,2.17855
911,20,21,4.48413
911,21,22,4.22101
911,22,23,1.98254
911,23,24,5.32476
912,0,1,2.40536
912,0,5,6.43131
912,1,2,5.36703
912,1,6,2.80783
912,2,3,2.35954
912,2,7,2.59135
912,3,4,2.98025
912,3,8,4.13678
912,4,9,4.37021
912,5,6,2.80098
912,5,10,3.86129
912,6,7,3.37874
912,6,11,3.48372
912,7,8,2.17405
912,7,12,1.42277
912,8,9,1.93718
912,8,13,2.45895
912,9,14,1.83225
912,10,11,3.55769
912,10,15,1.58405
912,11,12,4.65875
912,11,16,2.29789
912,12,13,1.76418
912,12,17,1.67033
912,13,14,2.76136
912,13,18,4.6549
912,14,19,2.13211
912,15,16,3.23814
912,15,20,2.50076
912,16,17,3.47219
912,16,21,3.62098
912,17,18,1.94327
912,17,22,4.54129
912,18,19,3.58128
912,18,23,2.03397
912,19,24,3.51981
912,20,21,3.44849
912,21,22,4.0659
912,22,23,4.64462
912,23,24,3.05814
913,0,1,3.23389
913,0,5,4.55936
913,1,2,3.51218
913,1,6,5.90193
913,2,3,2.87209
913,2,7,2.93587
913,3,4,4.44305
913,3,8,4.36672
913,4,9,3.00659
913,5,6,3.6972
913,5,10,4.50179
913,6,7,2.70486
913,6,11,4.24295
913,7,8,5.44116
913,7,12,5.36372
913,8,9,4.20356
913,8,13,3.6408
913,9,14,4.08873
913,10,11,3.20837
913,10,15,4.40664
913,11,12,3.45994
913,11,16,5.66266
913,12,13,2.76088
913,12,17,4.16349
913,13,14,5.7023
913,13,18,2.45313
913,14,19,2.44164
913,15,16,3.77511
913,15,20,3.24308
913,16,17,3.06862
913,16,21,3.71693
913,17,18,2.94674
913,17,22,2.59508
913,18,19,3.60555
913,18,23,5.90169
913,19,24,1.76398
913,20,21,4.50385
913,21,22,4.91751
913,22,23,5.2001
913,23,24,6.32469
914,0,1,5.37618
914,0,5,3.55849
914,1,2,2.58763
914,1,6,4.31705
914,2,3,4.50204
914,2,7,5.36116
914,3,4,3.86346
914,3,8,5.89112
914,4,9,5.89909
914,5,6,4.98171
914,5,10,2.6874
914,6,7,5.35174
914,6,11,5.29769
914,7,8,7.1222
914,7,12,6.29314
914,8,9,6.56244
914,8,13,3.0443
914,9,14,6.18781
914,10,11,2.52746
914,10,15,3.68616
914,11,12,6.14961
914,11,16,2.49824
914,12,13,5.98632
914,12,17,6.14639
914,13,14,6.19207
914,13,18,3.75324
914,14,19,3.62944
914,15,16,3.35003
914,15,20,6.41944
914,16,17,4.40745
914,16,21,5.93345
914,17,18,5.09145
914,17,22,6.61468
914,18,19,2.75307
914,18,23,3.49509
914,19,24,3.46446
914,20,21,2.66329
914,21,22,6.06119
914,22,23,4.74674
914,23,24,2.9903
915,0,1,2.46211
915,0,5,3.44404
915,1,2,2.89514
915,1,6,3.8209
915,2,3,3.00393
915,2,7,6.37199
915,3,4,2.14104
915,3,8,1.7293
915,4,9,3.14249
915,5,6,3.56125
915,5,10,3.43198
915,6,7,3.70099
915,6,11,4.45206
915,7,8,1.99429
915,7,12,3.44952
915,8,9,2.37365
915,8,13,5.45999
915,9,14,5.47448
915,10,11,2.72746
915,10,15,5.98117
915,11,12,1.82142
915,11,16,6.09149
915,12,13,2.29682
915,12,17,3.30678
915,13,14,5.3136
915,13,18,2.10815
915,14,19,2.59643
915,15,16,4.71039
915,15,20,2.77599
915,16,17,3.68524
915,16,21,4.30882
915,17,18,2.14088
915,17,22,3.09557
915,18,19,2.77442
915,18,23,4.51404
915,19,24,5.88343
915,20,21,3.42292
915,21,22,4.33495
915,22,23,6.00835
915,23,24,2.15473
916,0,1,3.3562
916,0,5,5.39004
916,1,2,3.21052
916,1,6,2.42616
916,2,3,3.54768
916,2,7,2.97881
916,3,4,2.1988
916,3,8,3.48127
916,4,9,3.94486
916,5,6,2.65175
916,5,10,2.02234
916,6,7,3.62059
916,6,11,3.11293
916,7,8,4.08495
916,7,12,1.73836
916,8,9,3.4008
916,8,13,1.81049
916,9,14,3.49505
916,10,11,3.37824
916,10,15,2.02853
916,11,12,2.39192
916,11,16,3.28924
916,12,13,3.6345
916,12,17,2.40109
916,13,14,3.46218
916,13,18,2.31466
916,14,19,2.00146
916,15,16,2.45375
916,15,20,2.82804
916,16,17,3.48685
916,16,21,2.53547
916,17,18,3.44577
916,17,22,3.44873
916,18,19,3.79167
916,18,23,3.49307
916,19,24,3.21248
916,20,21,3.67852
916,21,22,2.089
916,22,23,4.41134
916,23,24,2.7164
917,0,1,4.89272
917,0,5,5.30227
917,1,2,2.41365
917,1,6,6.06408
917,2,3,4.0862
917,2,7,3.78063
917,3,4,2.9457
917,3,8,2.73084
917,4,9,3.356
917,5,6,5.4211
917,5,10,4.44336
917,6,7,2.72074
917,6,11,5.59766
917,7,8,4.50524
917,7,12,4.5565
917,8,9,4.83014
917,8,13,2.87242
917,9,14,5.5377
917,10,11,2.52627
917,10,15,3.47351
917,11,12,3.9862
917,11,16,6.01812
917,12,13,6.0572
917,12,17,6.00168
917,13,14,3.61367
917,13,18,6.04843
917,14,19,1.9009
917,15,16,2.94562
917,15,20,4.00475
917,16,17,4.59992
917,16,21,4.39509
917,17,18,3.80342
917,17,22,2.53838
917,18,19,3.48923
917,18,23,2.19513
917,19,24,4.05486
917,20,21,2.59776
917,21,22,6.45867
917,22,23,4.88761
917,23,24,5.27748
918,0,1,5.18918
918,0,5,3.13836
918,1,2,5.81312
918,1,6,4.66843
918,2,3,4.03548
918,2,7,3.69264
918,3,4,2.16064
918,3,8,4.08597
918,4,9,5.11787
918,5,6,3.41961
918,5,10,5.11785
918,6,7,2.81001
918,6,11,4.8751
918,7,8,4.27505
918,7,12,4.36473
918,8,9,2.30745
918,8,13,2.35087
918,9,14,2.92508
918,10,11,4.20575
918,10,15,3.20965
918,11,12,5.03341
918,11,16,5.9876
918,12,13,4.73251
918,12,17,4.982
918,13,14,5.85054
918,13,18,4.87137
918,14,19,4.47017
918,15,16,6.30339
918,15,20,4.0749
918,16,17,4.65422
918,16,21,5.25689
918,17,18,3.09352
918,17,22,3.74975
918,18,19,3.8044
918,18,23,4.66228
918,19,24,2.99704
918,20,21,3.67144
918,21,22,2.12633
918,22,23,5.35536
918,23,24,3.25731
919,0,1,2.69455
919,0,5,3.53634
919,1,2,2.31349
919,1,6,2.9603
919,2,3,2.6498
919,2,7,3.24203
919,3,4,3.36773
919,3,8,1.92811
919,4,9,3.96928
919,5,6,2.65867
919,5,10,3.35661
919,6,7,4.07068
919,6,11,1.97188
919,7,8,3.92602
919,7,12,4.82719
919,8,9,1.7447
919,8,13,4.95267
919,9,14,2.3937
919,10,11,2.14729
919,10,15,3.32345
919,11,12,3.80542
919,11,16,3.5564
919,12,13,4.1143
919,12,17,3.36641
919,13,14,3.37828
919,13,18,3.64958
919,14,19,3.50524
919,15,16,3.80696
919,15,20,4.15029
919,16,17,4.80821
919,16,21,3.80888
919,17,18,1.81557
919,17,22,3.09385
919,18,19,2.93541
919,18,23,2.05928
919,19,24,5.02106
919,20,21,2.53318
919,21,22,3.07307
919,22,23,2.61388
919,23,24,2.04884
920,0,1,4.80425
920,0,5,2.70393
920,1,2,3.99741
920,1,6,4.95854
920,2,3,5.33814
920,2,7,4.29947
920,3,4,4.39325
920,3,8,4.0755
920,4,9,4.18926
920,5,6,7.7348
920,5,10,2.94601
920,6,7,2.3362
920,6,11,3.95097
920,7,8,2.55251
920,7,12,3.72029
920,8,9,6.24166
920,8,13,2.881
920,9,14,4.59462
920,10,11,4.84475
920,10,15,4.23734
920,11,12,6.46192
920,11,16,5.09286
920,12,13,3.77752
920,12,17,3.90824
920,13,14,2.55115
920,13,18,1.72374
920,14,19,4.77134
920,15,16,2.04619
920,15,20,5.67198
920,16,17,4.63157
920,16,21,5.16654
920,17,18,5.45318
920,17,22,4.39888
920,18,19,2.49048
920,18,23,6.63256
920,19,24,4.70217
920,20,21,3.73856
920,21,22,4.79952
920,22,23,3.54495
920,23,24,5.25442
921,0,1,2.08462
921,0,5,6.45111
921,1,2,3.08601
921,1,6,2.36632
921,2,3,5.35304
921,2,7,4.75334
921,3,4,4.53334
921,3,8,3.55992
921,4,9,3.19609
921,5,6,4.16779
921,5,10,2.35173
921,6,7,2.32388
921,6,11,1.88512
921,7,8,4.43369
921,7,12,2.45384
921,8,9,3.25741
921,8,13,3.16394
921,9,14,3.26925
921,10,11,3.241
921,10,15,4.60409
921,11,12,4.0967
921,11,16,3.76092
921,12,13,2.95018
921,12,17,4.13567
921,13,14,4.49568
921,13,18,5.29323
921,14,19,4.05507
921,15,16,2.27312
921,15,20,3.05518
921,16,17,2.66795
921,16,21,6.54135
921,17,18,3.16311
921,17,22,4.53474
921,18,19,4.29867
921,18,23,3.01784
921,19,24,4.75666
921,20,21,3.20264
921,21,22,5.83261
921,22,23,3.79384
921,23,24,2.16388
922,0,1,2.66292
922,0,5,3.29037
922,1,2,3.00535
922,1,6,2.31068
922,2,3,4.2879
922,2,7,3.7402
922,3,4,1.77499
922,3,8,3.14646
922,4,9,2.1438
922,5,6,3.55453
922,5,10,3.30132
922,6,7,2.07547
922,6,11,3.86095
922,7,8,2.12034
922,7,12,2.55743
922,8,9,3.41268
922,8,13,1.72777
922,9,14,3.89356
922,10,11,4.50616
922,10,15,3.37952
922,11,12,1.92408
922,11,16,3.37437
922,12,13,3.64184
922,12,17,1.80901
922,13,14,3.3485
922,13,18,2.2724
922,14,19,2.66701
922,15,16,3.26379
922,15,20,4.60159
922,16,17,2.62953
922,16,21,4.42859
922,17,18,3.10393
922,17,22,3.66978
922,18,19,1.92767
922,18,23,4.90382
922,19,24,2.22832
922,20,21,2.4498
922,21,22,2.99635
922,22,23,4.77146
922,23,24,2.12063
923,0,1,3.24846
923,0,5,5.9807
923,1,2,6.42135
923,1,6,4.00755
923,2,3,6.30137
923,2,7,2.58665
923,3,4,2.33462
923,3,8,2.06641
923,4,9,5.68662
923,5,6,4.86514
923,5,10,2.35451
923,6,7,2.29123
923,6,11,2.14206
923,7,8,6.08345
923,7,12,4.30218
923,8,9,3.07053
923,8,13,6.12756
923,9,14,4.2569
923,10,11,3.33822
923,10,15,4.61875
923,11,12,4.18361
923,11,16,2.59363
923,12,13,6.0677
923,12,17,4.14414
923,13,14,2.06185
923,13,18,6.57614
923,14,19,2.10465
923,15,16,5.05846
923,15,20,2.51866
923,16,17,6.36049
923,16,21,2.48038
923,17,18,2.99348
923,17,22,5.39644
923,18,19,3.57382
923,18,23,5.84893
923,19,24,2.57585
923,20,21,2.33106
923,21,22,4.44793
923,22,23,5.64297
923,23,24,2.23853
924,0,1,5.67669
924,0,5,5.1288
924,1,2,3.13734
924,1,6,2.7243
924,2,3,3.7782
924,2,7,3.81108
924,3,4,5.70791
924,3,8,3.29375
924,4,9,2.00091
924,5,6,2.88247
924,5,10,5.53515
924,6,7,5.71092
924,6,11,3.14087
924,7,8,3.84634
924,7,12,4.7327
924,8,9,2.96471
924,8,13,6.72122
924,9,14,4.85069
924,10,11,4.44924
924,10,15,1.92907
924,11,12,2.53431
924,11,16,1.81111
924,12,13,6.51463
924,12,17,2.9657
924,13,14,2.31901
924,13,18,4.73584
924,14,19,3.57646
924,15,16,2.88384
924,15,20,1.81385
924,16,17,3.13198
924,16,21,6.10128
924,17,18,3.03618
924,17,22,3.14553
924,18,19,2.34396
924,18,23,1.87276
924,19,24,3.65718
924,20,21,3.20527
924,21,22,3.70412
924,22,23,5.66008
924,23,24,3.85928
925,0,1,5.58522
925,0,5,3.21086
925,1,2,6.1709
925,1,6,6.42731
925,2,3,4.83013
925,2,7,2.85891
925,3,4,2.85084
925,3,8,6.58496
925,4,9,5.7837
925,5,6,4.27025
925,5,10,6.19782
925,6,7,3.48863
925,6,11,5.24226
925,7,8,4.93632
925,7,12,5.41577
925,8,9,4.36763
925,8,13,5.52434
925,9,14,5.78223
925,10,11,5.44271
925,10,15,4.63406
925,11,12,5.46949
925,11,16,5.20792
925,12,13,4.02754
925,12,17,6.37736
925,13,14,5.30302
925,13,18,5.05738
925,14,19,6.45577
925,15,16,4.46094
925,15,20,6.85599
925,16,17,5.94546
925,16,21,4.00342
925,17,18,6.91224
925,17,22,5.31479
925,18,19,2.65582
925,18,23,7.72464
925,19,24,3.5022
925,20,21,5.36913
925,21,22,2.05571
925,22,23,4.44299
925,23,24,4.56296
926,0,1,2.96104
926,0,5,5.57786
926,1,2,5.58914
926,1,6,3.85148
926,2,3,4.9094
926,2,7,4.09954
926,3,4,5.50747
926,3,8,2.56608
926,4,9,4.18102
926,5,6,5.59342
926,5,10,3.45396
926,6,7,4.27327
926,6,11,4.63626
926,7,8,5.00569
926,7,12,3.68532
926,8,9,2.47527
926,8,13,4.86521
926,9,14,6.6165
926,10,11,4.98399
926,10,15,2.51665
926,11,12,5.90371
926,11,16,3.96736
926,12,13,3.53643
926,12,17,3.27394
926,13,14,3.57866
926,13,18,3.64128
926,14,19,6.22367
926,15,16,2.08988
926,15,20,3.67088
926,16,17,4.65671
926,16,21,4.64819
926,17,18,6.61857
926,17,22,2.18109
926,18,19,5.22559
926,18,23,6.34134
926,19,24,3.03676
926,20,21,2.57115
926,21,22,5.01593
926,22,23,4.19084
926,23,24,2.43403
927,0,1,3.52353
927,0,5,4.20776
927,1,2,2.84248
927,1,6,3.55222
927,2,3,3.18625
927,2,7,4.04386
927,3,4,3.33005
927,3,8,2.73891
927,4,9,2.77111
927,5,6,2.86617
927,5,10,2.95723
927,6,7,4.84057
927,6,11,5.8582
927,7,8,5.4544
927,7,12,4.77882
927,8,9,2.41612
927,8,13,3.11089
927,9,14,2.59449
927,10,11,4.15129
927,10,15,5.80379
927,11,12,2.43232
927,11,16,5.53259
927,12,13,3.30648
927,12,17,4.90229
927,13,14,5.24871
927,13,18,2.71001
927,14,19,2.99461
927,15,16,1.71275
927,15,20,4.17268
927,16,17,3.0749
927,16,21,2.42267
927,17,18,3.2399
927,17,22,3.69355
927,18,19,2.38364
927,18,23,3.40567
927,19,24,2.05567
927,20,21,2.75604
927,21,22,4.26652
927,22,23,4.12798
927,23,24,5.07167
928,0,1,2.90173
928,0,5,6.9571
928,1,2,3.50724
928,1,6,1.58197
928,2,3,3.01665
928,2,7,3.5345
928,3,4,7.04242
928,3,8,4.73904
928,4,9,3.24378
928,5,6,2.85618
928,5,10,1.92079
928,6,7,3.87743
928,6,11,1.50881
928,7,8,4.84261
928,7,12,4.56308
928,8,9,0.99948
928,8,13,1.9454
928,9,14,3.94671
928,10,11,3.54506
928,10,15,2.85179
928,11,12,4.07957
928,11,16,2.67724
928,12,13,4.37
928,12,17,5.24776
928,13,14,1.29448
928,13,18,3.39856
928,14,19,3.27662
928,15,16,4.26953
928,15,20,3.59564
928,16,17,5.25157
928,16,21,5.05556
928,17,18,4.15797
928,17,22,4.47974
928,18,19,4.84537
928,18,23,1.03029
928,19,24,2.03258
928,20,21,2.30804
928,21,22,4.20472
928,22,23,3.31457
928,23,24,1.36196
929,0,1,3.66453
929,0,5,4.56179
929,1,2,5.58527
929,1,6,2.79843
929,2,3,4.61471
929,2,7,2.66498
929,3,4,3.43251
929,3,8,2.49159
929,4,9,4.47077
929,5,6,2.47668
929,5,10,5.884
929,6,7,5.35776
929,6,11,3.82762
929,7,8,2.32339
929,7,12,2.5576
929,8,9,4.5917
929,8,13,6.2745
929,9,14,1.91553
929,10,11,6.09596
929,10,15,2.524
929,11,12,3.85627
929,11,16,3.80049
929,12,13,4.81353
929,12,17,2.65038
929,13,14,3.37674
929,13,18,5.15906
929,14,19,4.36298
929,15,16,3.8894
929,15,20,2.55685
929,16,17,5.15836
929,16,21,5.7092
929,17,18,4.28606
929,17,22,6.86574
929,18,19,6.5675
929,18,23,2.75936
929,19,24,4.44762
929,20,21,5.13195
929,21,22,4.90589
929,22,23,3.9964
929,23,24,3.05076
930,0,1,2.8954
930,0,5,3.5594
930,1,2,5.25256
930,1,6,4.40324
930,2,3,3.5904
930,2,7,2.68405
930,3,4,3.04433
930,3,8,3.40404
930,4,9,2.4782
930,5,6,4.42228
930,5,10,2.84005
930,6,7,3.34523
930,6,11,5.86663
930,7,8,2.86237
930,7,12,3.89885
930,8,9,2.38507
930,8,13,2.82884
930,9,14,5.89498
930,10,11,3.24816
930,10,15,6.40779
930,11,12,6.56078
930,11,16,6.55043
930,12,13,2.0979
930,12,17,4.84099
930,13,14,3.91878
930,13,18,3.93701
930,14,19,6.84427
930,15,16,2.46997
930,15,20,4.99371
930,16,17,4.37386
930,16,21,4.6002
930,17,18,4.20018
930,17,22,2.65316
930,18,19,3.30516
930,18,23,2.67983
930,19,24,4.74511
930,20,21,3.00433
930,21,22,2.13784
930,22,23,3.8877
930,23,24,4.73683
931,0,1,2.89336
931,0,5,5.10566
931,1,2,5.98745
931,1,6,2.68954
931,2,3,4.54146
931,2,7,4.08046
931,3,4,2.38419
931,3,8,6.15638
931,4,9,4.40342
931,5,6,2.45169
931,5,10,3.98414
931,6,7,1.7546
931,6,11,2.90317
931,7,8,2.40273
931,7,12,5.23345
931,8,9,4.76453
931,8,13,2.91943
931,9,14,5.16932
931,10,11,4.83713
931,10,15,3.6037
931,11,12,2.87518
931,11,16,2.85779
931,12,13,1.92906
931,12,17,4.22994
931,13,14,2.57989
931,13,18,3.39858
931,14,19,5.08488
931,15,16,2.96748
931,15,20,2.33304
931,16,17,3.45598
931,16,21,4.47046
931,17,18,5.32069
931,17,22,4.50906
931,18,19,3.29829
931,18,23,4.44386
931,19,24,4.5627
931,20,21,6.30152
931,21,22,3.53355
931,22,23,5.02999
931,23,24,4.57586
932,0,1,5.73869
932,0,5,4.07652
932,1,2,5.00303
932,1,6,5.96642
932,2,3,4.45135
932,2,7,7.21711
932,3,4,3.80738
932,3,8,4.99944
932,4,9,2.06867
932,5,6,7.34369
932,5,10,4.96684
932,6,7,4.69673
932,6,11,3.06619
932,7,8,5.09665
932,7,12,6.49431
932,8,9,7.15885
932,8,13,7.77015
932,9,14,5.99567
932,10,11,6.89251
932,10,15,6.76374
932,11,12,5.77673
932,11,16,5.82214
932,12,13,6.32125
932,12,17,3.45428
932,13,14,3.57466
932,13,18,6.32174
932,14,19,2.30846
932,15,16,5.85305
932,15,20,6.47534
932,16,17,6.02444
932,16,21,5.77731
932,17,18,4.43508
932,17,22,5.45703
932,18,19,4.96461
932,18,23,3.77447
932,19,24,7.30886
932,20,21,4.864
932,21,22,6.66998
932,22,23,6.11879
932,23,24,3.20502
933,0,1,4.98005
933,0,5,3.04749
933,1,2,4.8137
933,1,6,2.08997
933,2,3,3.77201
933,2,7,2.47599
933,3,4,3.04249
933,3,8,3.8815
933,4,9,4.57849
933,5,6,5.15479
933,5,10,2.80973
933,6,7,4.44743
933,6,11,4.02011
933,7,8,1.61705
933,7,12,3.554
933,8,9,2.80368
933,8,13,5.21861
933,9,14,4.00707
933,10,11,2.24932
933,10,15,2.72801
933,11,12,4.98375
933,11,16,4.897
933,12,13,5.78386
933,12,17,2.80982
933,13,14,2.30331
933,13,18,5.05597
933,14,19,3.82988
933,15,16,4.31243
933,15,20,2.48371
933,16,17,4.37591
933,16,21,5.0268
933,17,18,3.11388
933,17,22,2.33874
933,18,19,3.6138
933,18,23,2.03527
933,19,24,5.0408
933,20,21,1.6848
933,21,22,6.19828
933,22,23,5.42615
933,23,24,2.09587
934,0,1,2.14567
934,0,5,4.60606
934,1,2,3.47415
934,1,6,2.48267
934,2,3,6.22822
934,2,7,5.21664
934,3,4,4.39518
934,3,8,3.50264
934,4,9,1.92331
934,5,6,6.43432
934,5,10,3.4825
934,6,7,3.90135
934,6,11,2.99498
934,7,8,2.27695
934,7,12,6.25644
934,8,9,2.76271
934,8,13,4.21
934,9,14,6.62363
934,10,11,4.88148
934,10,15,4.31562
934,11,12,5.46837
934,11,16,5.27612
934,12,13,2.54007
934,12,17,4.0917
934,13,14,3.90374
934,13,18,1.5862
934,14,19,2.98637
934,15,16,4.77475
934,15,20,4.48387
934,16,17,4.63226
934,16,21,2.55458
934,17,18,3.24769
934,17,22,5.35446
934,18,19,2.24513
934,18,23,4.01815
934,19,24,2.00758
934,20,21,2.93567
934,21,22,5.8068
934,22,23,4.97114
934,23,24,3.21658
935,0,1,4.10499
935,0,5,4.14171
935,1,2,3.35408
935,1,6,2.77945
935,2,3,3.0737
935,2,7,4.31366
935,3,4,2.64028
935,3,8,5.0785
935,4,9,5.79425
935,5,6,4.76032
935,5,10,2.6487
935,6,7,2.58579
935,6,11,7.11233
935,7,8,5.68982
935,7,12,6.49465
935,8,9,3.51047
935,8,13,4.0266
935,9,14,2.72073
935,10,11,4.7823
935,10,15,4.35082
935,11,12,7.09206
935,11,16,4.49426
935,12,13,3.68657
935,12,17,7.42044
935,13,14,2.67449
935,13,18,2.64073
935,14,19,4.93858
935,15,16,3.71369
935,15,20,4.21732
935,16,17,3.89468
935,16,21,3.17891
935,17,18,5.30659
935,17,22,3.71589
935,18,19,2.49552
935,18,23,6.72342
935,19,24,1.83315
935,20,21,5.04753
935,21,22,3.60073
935,22,23,3.66501
935,23,24,5.35781
936,0,1,3.38343
936,0,5,4.61964
936,1,2,2.94176
936,1,6,4.17947
936,2,3,4.074
936,2,7,3.00378
936,3,4,5.95335
936,3,8,2.77674
936,4,9,2.82783
936,5,6,3.62103
936,5,10,4.72355
936,6,7,2.00081
936,6,11,3.0205
936,7,8,5.09519
936,7,12,4.39483
936,8,9,2.13287
936,8,13,4.29495
936,9,14,1.95714
936,10,11,5.37584
936,10,15,2.11736
936,11,12,2.23889
936,11,16,3.14168
936,12,13,2.54796
936,12,17,3.65621
936,13,14,4.40785
936,13,18,4.05844
936,14,19,3.44352
936,15,16,5.21568
936,15,20,3.62631
936,16,17,3.40846
936,16,21,4.34384
936,17,18,5.06656
936,17,22,3.55999
936,18,19,4.70266
936,18,23,2.61136
936,19,24,3.28808
936,20,21,2.71555
936,21,22,4.58154
936,22,23,3.07053
936,23,24,1.9307
937,0,1,4.59577
937,0,5,2.44655
937,1,2,5.09913
937,1,6,6.50381
937,2,3,5.02392
937,2,7,5.76794
937,3,4,4.82833
937,3,8,5.32532
937,4,9,3.07985
937,5,6,5.16635
937,5,10,4.72157
937,6,7,4.53738
937,6,11,6.65144
937,7,8,6.09289
937,7,12,6.42178
937,8,9,7.73241
937,8,13,2.27143
937,9,14,4.16167
937,10,11,3.97743
937,10,15,3.23179
937,11,12,6.01914
937,11,16,3.20798
937,12,13,4.06102
937,12,17,3.44966
937,13,14,4.33858
937,13,18,5.19767
937,14,19,6.63323
937,15,16,6.00617
937,15,20,2.91333
937,16,17,5.39782
937,16,21,4.97244
937,17,18,5.86112
937,17,22,4.85196
937,18,19,5.92303
937,18,23,3.74451
937,19,24,5.20731
937,20,21,4.66692
937,21,22,5.26895
937,22,23,2.97874
937,23,24,5.10912
938,0,1,2.91364
938,0,5,3.52559
938,1,2,3.11065
938,1,6,4.13789
938,2,3,4.20134
938,2,7,4.88035
938,3,4,3.27936
938,3,8,4.5724
938,4,9,4.55395
938,5,6,4.18281
938,5,10,2.96109
938,6,7,3.30101
938,6,11,3.69341
938,7,8,2.59065
938,7,12,3.5326
938,8,9,4.47936
938,8,13,2.818
938,9,14,2.59756
938,10,11,4.7322
938,10,15,4.32914
938,11,12,2.27092
938,11,16,2.92109
938,12,13,2.36863
938,12,17,1.84653
938,13,14,2.18371
938,13,18,5.09931
938,14,19,4.66657
938,15,16,4.05182
938,15,20,3.03746
938,16,17,2.0832
938,16,21,2.05296
938,17,18,4.53091
938,17,22,3.01223
938,18,19,2.25793
938,18,23,1.68906
938,19,24,3.42112
938,20,21,3.1251
938,21,22,3.29381
938,22,23,3.62159
938,23,24,4.37543
939,0,1,5.74448
939,0,5,2.31016
939,1,2,5.16416
939,1,6,2.70271
939,2,3,6.74964
939,2,7,2.26268
939,3,4,5.09264
939,3,8,4.3715
939,4,9,4.00604
939,5,6,4.73661
939,5,10,5.20106
939,6,7,2.10914
939,6,11,6.76965
939,7,8,4.80539
939,7,12,7.25645
939,8,9,5.12698
939,8,13,3.94778
939,9,14,4.82738
939,10,11,4.72469
939,10,15,4.52421
939,11,12,4.46908
939,11,16,4.37473
939,12,13,4.06981
939,12,17,3.53735
939,13,14,6.59182
939,13,18,3.82159
939,14,19,6.98481
939,15,16,3.3567
939,15,20,3.07073
939,16,17,1.77914
939,16,21,4.15891
939,17,18,4.99813
939,17,22,5.7896
939,18,19,5.41719
939,18,23,6.93162
939,19,24,3.64821
939,20,21,3.99443
939,21,22,3.2818
939,22,23,2.81043
939,23,24,6.12366
940,0,1,2.25987
940,0,5,4.58671
940,1,2,2.7676
940,1,6,3.77222
940,2,3,3.73496
940,2,7,2.22507
940,3,4,5.38576
940,3,8,3.19391
940,4,9,5.27348
940,5,6,1.90555
940,5,10,3.69181
940,6,7,3.13618
940,6,11,2.14191
940,7,8,5.28098
940,7,12,4.35154
940,8,9,3.20727
940,8,13,1.50559
940,9,14,2.63293
940,10,11,3.52891
940,10,15,4.64944
940,11,12,4.37993
940,11,16,2.56999
940,12,13,3.55166
940,12,17,1.96405
940,13,14,4.83292
940,13,18,5.03608
940,14,19,3.44827
940,15,16,3.31289
940,15,20,2.51167
940,16,17,3.465
940,16,21,2.38847
940,17,18,4.94793
940,17,22,2.40159
940,18,19,4.24891
940,18,23,2.67703
940,19,24,2.0631
940,20,21,2.44328
940,21,22,3.98904
940,22,23,2.87226
940,23,24,3.53028
941,0,1,7.30273
941,0,5,4.58535
941,1,2,5.70473
941,1,6,6.65977
941,2,3,7.1468
941,2,7,3.70996
941,3,4,3.29489
941,3,8,6.75018
941,4,9,4.69308
941,5,6,3.19242
941,5,10,6.73379
941,6,7,5.71299
941,6,11,7.62985
941,7,8,5.3246
941,7,12,3.37732
941,8,9,4.14349
941,8,13,8.18165
941,9,14,5.28848
941,10,11,6.3241
941,10,15,3.2999
941,11,12,3.73072
941,11,16,5.32518
941,12,13,3.7526
941,12,17,5.63001
941,13,14,4.82542
941,13,18,7.76957
941,14,19,4.95004
941,15,16,3.08541
941,15,20,6.30515
941,16,17,6.38144
941,16,21,6.8381
941,17,18,5.33127
941,17,22,9.04836
941,18,19,3.03296
941,18,23,3.43131
941,19,24,6.51563
941,20,21,3.97929
941,21,22,6.84917
941,22,23,2.8456
941,23,24,5.15078
942,0,1,1.65198
942,0,5,6.06527
942,1,2,3.92821
942,1,6,2.75526
942,2,3,3.37118
942,2,7,3.94247
942,3,4,4.83761
942,3,8,4.84403
942,4,9,3.78245
942,5,6,2.83102
942,5,10,3.16879
942,6,7,2.02029
942,6,11,3.23513
942,7,8,3.51532
942,7,12,1.47559
942,8,9,2.53992
942,8,13,1.93652
942,9,14,2.01294
942,10,11,3.40481
942,10,15,2.94728
942,11,12,2.18411
942,11,16,3.49549
942,12,13,1.62753
942,12,17,3.79654
942,13,14,3.04285
942,13,18,2.25495
942,14,19,4.52127
942,15,16,2.78377
942,15,20,1.52406
942,16,17,3.47241
942,16,21,2.64733
942,17,18,2.02753
942,17,22,2.84991
942,18,19,3.66712
942,18,23,1.67745
942,19,24,2.09629
942,20,21,5.40256
942,21,22,4.30956
942,22,23,2.7446
942,23,24,0.99037
943,0,1,2.66318
943,0,5,4.6554
943,1,2,3.90809
943,1,6,1.90334
943,2,3,2.4599
943,2,7,2.80703
943,3,4,2.53574
943,3,8,2.1759
943,4,9,3.09109
943,5,6,2.18878
943,5,10,3.62066
943,6,7,3.18724
943,6,11,2.45497
943,7,8,4.23641
943,7,12,2.24549
943,8,9,1.71332
943,8,13,2.11205
943,9,14,2.51575
943,10,11,2.59754
943,10,15,3.02505
943,11,12,4.50097
943,11,16,3.62963
943,12,13,1.68969
943,12,17,3.96857
943,13,14,2.73288
943,13,18,2.92137
943,14,19,5.23161
943,15,16,3.32119
943,15,20,1.96408
943,16,17,2.49473
943,16,21,3.44507
943,17,18,2.15972
943,17,22,2.84472
943,18,19,1.99471
943,18,23,1.82947
943,19,24,2.7754
943,20,21,2.42448
943,21,22,4.89815
943,22,23,3.53524
943,23,24,2.95865
944,0,1,6.45458
944,0,5,2.19361
944,1,2,6.35863
944,1,6,7.17648
944,2,3,4.77643
944,2,7,2.31191
944,3,4,2.59682
944,3,8,4.36628
944,4,9,4.3057
944,5,6,2.17108
944,5,10,4.57117
944,6,7,3.12239
944,6,11,7.3071
944,7,8,2.72434
944,7,12,4.00486
944,8,9,6.02409
944,8,13,4.09512
944,9,14,2.17273
944,10,11,4.87541
944,10,15,3.11564
944,11,12,3.54599
944,11,16,5.27834
944,12,13,2.78259
944,12,17,5.48532
944,13,14,4.46688
944,13,18,5.06719
944,14,19,3.05402
944,15,16,2.8036
944,15,20,5.70735
944,16,17,3.64202
944,16,21,4.00559
944,17,18,5.48
944,17,22,5.83567
944,18,19,4.90726
944,18,23,4.2622
944,19,24,2.13528
944,20,21,5.3626
944,21,22,2.08246
944,22,23,4.54133
944,23,24,2.92859
945,0,1,3.96834
945,0,5,2.81877
945,1,2,5.30624
945,1,6,2.87787
945,2,3,2.80433
945,2,7,4.35311
945,3,4,2.74739
945,3,8,3.05896
945,4,9,4.70105
945,5,6,5.25176
945,5,10,2.60532
945,6,7,5.28301
945,6,11,5.63495
945,7,8,2.79393
945,7,12,4.16062
945,8,9,6.41847
945,8,13,5.54906
945,9,14,5.84723
945,10,11,4.82687
945,10,15,3.62672
945,11,12,3.55873
945,11,16,2.96542
945,12,13,3.2004
945,12,17,2.59585
945,13,14,6.09412
945,13,18,5.15219
945,14,19,5.20685
945,15,16,2.606
945,15,20,3.94701
945,16,17,4.36228
945,16,21,4.82523
945,17,18,2.81495
945,17,22,2.94015
945,18,19,4.60956
945,18,23,7.71023
945,19,24,2.88261
945,20,21,4.86054
945,21,22,5.30794
945,22,23,2.39793
945,23,24,3.34519
946,0,1,2.58982
946,0,5,2.84479
946,1,2,2.99191
946,1,6,5.35005
946,2,3,3.78774
946,2,7,5.65775
946,3,4,1.6267
946,3,8,5.44478
946,4,9,2.81826
946,5,6,3.80452
946,5,10,2.96121
946,6,7,2.04772
946,6,11,2.57653
946,7,8,3.12237
946,7,12,4.88633
946,8,9,3.57711
946,8,13,1.42623
946,9,14,3.75456
946,10,11,2.76464
946,10,15,4.41277
946,11,12,3.27558
946,11,16,4.66942
946,12,13,2.4575
946,12,17,2.81416
946,13,14,3.42929
946,13,18,2.65657
946,14,19,3.98358
946,15,16,1.96408
946,15,20,5.02481
946,16,17,1.92279
946,16,21,2.89698
946,17,18,5.49356
946,17,22,2.20897
946,18,19,2.35522
946,18,23,4.73675
946,19,24,3.81686
946,20,21,4.55806
946,21,22,1.83042
946,22,23,4.60012
946,23,24,4.08351
947,0,1,3.43775
947,0,5,4.13866
947,1,2,4.3763
947,1,6,2.70777
947,2,3,3.05965
947,2,7,5.58587
947,3,4,4.3818
947,3,8,6.73662
947,4,9,2.98594
947,5,6,6.93092
947,5,10,6.13573
947,6,7,2.23461
947,6,11,6.83183
947,7,8,4.23506
947,7,12,4.94857
947,8,9,6.26836
947,8,13,2.37917
947,9,14,7.36932
947,10,11,4.8957
947,10,15,4.41403
947,11,12,3.30834
947,11,16,4.85968
947,12,13,4.66875
947,12,17,4.36585
947,13,14,3.91276
947,13,18,3.12614
947,14,19,6.579
947,15,16,4.81644
947,15,20,6.49034
947,16,17,2.21621
947,16,21,2.26795
947,17,18,6.14845
947,17,22,2.51593
947,18,19,3.31158
947,18,23,5.42415
947,19,24,3.18286
947,20,21,5.63112
947,21,22,3.60808
947,22,23,5.21371
947,23,24,5.90438
948,0,1,2.82519
948,0,5,2.83009
948,1,2,6.31423
948,1,6,3.30634
948,2,3,4.704
948,2,7,2.36117
948,3,4,6.82503
948,3,8,5.49306
948,4,9,6.40565
948,5,6,4.33312
948,5,10,3.71969
948,6,7,3.89884
948,6,11,5.9404
948,7,8,4.95069
948,7,12,5.61078
948,8,9,3.23538
948,8,13,3.13781
948,9,14,5.93763
948,10,11,3.3185
948,10,15,2.18722
948,11,12,2.91241
948,11,16,4.45191
948,12,13,3.8541
948,12,17,4.68749
948,13,14,3.21438
948,13,18,5.64641
948,14,19,7.93758
948,15,16,5.43425
948,15,20,4.62726
948,16,17,3.92963
948,16,21,5.15317
948,17,18,7.51652
948,17,22,4.81882
948,18,19,6.02541
948,18,23,5.66859
948,19,24,2.61464
948,20,21,2.96522
948,21,22,2.75361
948,22,23,4.17606
948,23,24,2.56554
949,0,1,2.0554
949,0,5,5.103
949,1,2,3.03802
949,1,6,4.82014
949,2,3,5.18793
949,2,7,4.11282
949,3,4,4.00906
949,3,8,2.28283
949,4,9,4.67512
949,5,6,4.20398
949,5,10,4.81136
949,6,7,3.51894
949,6,11,4.82777
949,7,8,5.08627
949,7,12,1.81639
949,8,9,2.11748
949,8,13,3.72237
949,9,14,4.21983
949,10,11,3.28642
949,10,15,1.99155
949,11,12,3.94801
949,11,16,1.78955
949,12,13,1.96535
949,12,17,2.54659
949,13,14,4.17216
949,13,18,4.50967
949,14,19,5.13491
949,15,16,4.27313
949,15,20,2.01537
949,16,17,3.23846
949,16,21,2.83109
949,17,18,3.48459
949,17,22,2.44334
949,18,19,2.91455
949,18,23,4.10306
949,19,24,2.68266
949,20,21,2.82458
949,21,22,2.55503
949,22,23,3.57972
949,23,24,3.41233
950,0,1,2.96324
950,0,5,4.16603
950,1,2,2.89929
950,1,6,2.24089
950,2,3,2.03054
950,2,7,3.74895
950,3,4,2.93553
950,3,8,3.46427
950,4,9,3.14938
950,5,6,3.24779
950,5,10,2.6642
950,6,7,4.04485
950,6,11,4.737
950,7,8,5.91844
950,7,12,2.62182
950,8,9,4.23107
950,8,13,1.94403
950,9,14,3.96749
950,10,11,4.39136
950,10,15,3.421
950,11,12,5.3
950,11,16,3.46872
950,12,13,3.98301
950,12,17,5.15537
950,13,14,2.76802
950,13,18,4.19715
950,14,19,3.8119
950,15,16,3.34983
950,15,20,3.82304
950,16,17,3.54523
950,16,21,3.04338
950,17,18,5.18344
950,17,22,3.4622
950,18,19,5.15388
950,18,23,2.4642
950,19,24,2.7402
950,20,21,4.01237
950,21,22,2.63457
950,22,23,1.85922
950,23,24,3.86787
951,0,1,5.14404
951,0,5,3.96781
951,1,2,3.43716
951,1,6,3.58595
951,2,3,2.24253
951,2,7,5.2193
951,3,4,2.34537
951,3,8,2.2813
951,4,9,2.54736
951,5,6,5.86007
951,5,10,3.4263
951,6,7,2.67457
951,6,11,6.31083
951,7,8,2.36624
951,7,12,3.72402
951,8,9,4.90814
951,8,13,2.3896
951,9,14,5.84162
951,10,11,4.95488
951,10,15,2.6669
951,11,12,5.44791
951,11,16,2.40702
951,12,13,6.33453
951,12,17,5.28053
951,13,14,6.41864
951,13,18,3.15399
951,14,19,2.73819
951,15,16,4.97907
951,15,20,2.46527
951,16,17,6.77636
951,16,21,4.84654
951,17,18,4.60674
951,17,22,6.62635
951,18,19,2.14704
951,18,23,3.16685
951,19,24,2.50584
951,20,21,3.62726
951,21,22,5.54937
951,22,23,3.24093
951,23,24,5.46804
952,0,1,7.4139
952,0,5,2.97103
952,1,2,4.20248
952,1,6,5.69022
952,2,3,5.81054
952,2,7,3.77996
952,3,4,2.32902
952,3,8,3.28073
952,4,9,5.18884
952,5,6,3.60544
952,5,10,4.36708
952,6,7,3.2022
952,6,11,3.40524
952,7,8,3.05553
952,7,12,4.46487
952,8,9,3.23066
952,8,13,6.58514
952,9,14,3.73241
952,10,11,6.06117
952,10,15,5.18109
952,11,12,5.71365
952,11,16,3.76405
952,12,13,3.60402
952,12,17,5.2854
952,13,14,4.85157
952,13,18,4.60279
952,14,19,2.46394
952,15,16,7.47371
952,15,20,3.29561
952,16,17,3.64852
952,16,21,3.01222
952,17,18,5.06498
952,17,22,6.36422
952,18,19,2.51255
952,18,23,6.5291
952,19,24,5.07917
952,20,21,3.10994
952,21,22,3.64063
952,22,23,4.21561
952,23,24,3.08429
953,0,1,1.73599
953,0,5,2.46314
953,1,2,3.60053
953,1,6,5.45673
953,2,3,1.79267
953,2,7,1.81472
953,3,4,4.34494
953,3,8,6.47131
953,4,9,3.00927
953,5,6,3.99706
953,5,10,3.25843
953,6,7,2.4685
953,6,11,5.75635
953,7,8,4.94355
953,7,12,5.91178
953,8,9,5.16519
953,8,13,1.51692
953,9,14,4.35193
953,10,11,2.37853
953,10,15,4.54184
953,11,12,3.19683
953,11,16,2.70521
953,12,13,2.75778
953,12,17,1.82247
953,13,14,3.67131
953,13,18,2.15533
953,14,19,3.05086
953,15,16,1.94913
953,15,20,5.50691
953,16,17,2.02701
953,16,21,1.50091
953,17,18,6.29802
953,17,22,1.99363
953,18,19,1.68711
953,18,23,2.83343
953,19,24,1.93405
953,20,21,4.43358
953,21,22,1.90059
953,22,23,4.5051
953,23,24,5.19666
954,0,1,6.33737
954,0,5,4.96478
954,1,2,7.61778
954,1,6,4.16939
954,2,3,2.40918
954,2,7,3.1043
954,3,4,4.20983
954,3,8,5.81048
954,4,9,4.98131
954,5,6,7.05208
954,5,10,3.44368
954,6,7,5.66028
954,6,11,5.93173
954,7,8,5.24334
954,7,12,5.28254
954,8,9,2.90781
954,8,13,3.24144
954,9,14,6.24624
954,10,11,2.71969
954,10,15,6.38975
954,11,12,6.45666
954,11,16,5.39675
954,12,13,4.62779
954,12,17,5.60332
954,13,14,6.12116
954,13,18,5.87019
954,14,19,3.07827
954,15,16,3.41089
954,15,20,3.77803
954,16,17,4.23662
954,16,21,3.19807
954,17,18,6.61414
954,17,22,2.69235
954,18,19,4.79025
954,18,23,7.68505
954,19,24,5.86012
954,20,21,7.1302
954,21,22,6.718
954,22,23,5.94695
954,23,24,7.66536
955,0,1,4.48155
955,0,5,2.82098
955,1,2,5.50596
955,1,6,5.33867
955,2,3,2.71375
955,2,7,5.77102
955,3,4,5.20037
955,3,8,2.97198
955,4,9,3.03984
955,5,6,4.78803
955,5,10,5.95626
955,6,7,4.25158
955,6,11,5.10376
955,7,8,4.2876
955,7,12,6.4148
955,8,9,4.92837
955,8,13,2.16885
955,9,14,4.70607
955,10,11,5.00034
955,10,15,5.42317
955,11,12,5.53005
955,11,16,4.2693
955,12,13,3.66245
955,12,17,3.62299
955,13,14,4.84111
955,13,18,4.60627
955,14,19,2.7238
955,15,16,4.36655
955,15,20,3.35573
955,16,17,5.3508
955,16,21,2.75773
955,17,18,3.68435
955,17,22,2.56508
955,18,19,5.97078
955,18,23,5.75427
955,19,24,5.50521
955,20,21,4.03415
955,21,22,4.11821
955,22,23,6.39275
955,23,24,3.87684
956,0,1,3.34603
956,0,5,3.19861
956,1,2,7.77419
956,1,6,1.79543
956,2,3,6.13664
956,2,7,3.17676
956,3,4,2.63249
956,3,8,4.62091
956,4,9,5.3381
956,5,6,6.73061
956,5,10,4.62735
956,6,7,3.55507
956,6,11,4.67163
956,7,8,6.27545
956,7,12,4.72094
956,8,9,5.46313
956,8,13,6.13282
956,9,14,5.63511
956,10,11,4.29152
956,10,15,2.79028
956,11,12,3.63125
956,11,16,3.1592
956,12,13,4.31787
956,12,17,3.48641
956,13,14,3.64667
956,13,18,4.51045
956,14,19,2.53464
956,15,16,3.70416
956,15,20,3.92664
956,16,17,3.24809
956,16,21,3.72828
956,17,18,4.13506
956,17,22,5.73841
956,18,19,7.08429
956,18,23,5.90651
956,19,24,4.06674
956,20,21,2.76257
956,21,22,4.4956
956,22,23,3.59486
956,23,24,3.29054
957,0,1,3.58011
957,0,5,1.69546
957,1,2,5.36223
957,1,6,2.15966
957,2,3,2.19594
957,2,7,4.95122
957,3,4,2.25158
957,3,8,2.2004
957,4,9,5.45692
957,5,6,4.59796
957,5,10,2.4429
957,6,7,2.13283
957,6,11,4.14684
957,7,8,2.1965
957,7,12,4.97785
957,8,9,2.75068
957,8,13,1.93149
957,9,14,2.83702
957,10,11,2.21422
957,10,15,2.47215
957,11,12,2.62722
957,11,16,2.54531
957,12,13,3.03716
957,12,17,1.32592
957,13,14,3.38592
957,13,18,4.8543
957,14,19,2.39677
957,15,16,3.83036
957,15,20,3.90213
957,16,17,3.64042
957,16,21,3.34543
957,17,18,3.22863
957,17,22,2.41582
957,18,19,3.95876
957,18,23,2.73013
957,19,24,2.00864
957,20,21,1.97721
957,21,22,5.14386
957,22,23,4.11913
957,23,24,4.50496
958,0,1,2.41066
958,0,5,3.07448
958,1,2,3.99174
958,1,6,4.00763
958,2,3,6.59311
958,2,7,2.01737
958,3,4,4.06579
958,3,8,2.44913
958,4,9,2.52583
958,5,6,5.04279
958,5,10,2.73299
958,6,7,1.8697
958,6,11,3.3072
958,7,8,4.85915
958,7,12,4.00541
958,8,9,2.02164
958,8,13,4.8984
958,9,14,4.82116
958,10,11,2.21279
958,10,15,4.98987
958,11,12,5.29903
958,11,16,2.12531
958,12,13,5.77492
958,12,17,3.15739
958,13,14,5.01589
958,13,18,3.15927
958,14,19,1.75105
958,15,16,2.54642
958,15,20,3.28704
958,16,17,3.97582
958,16,21,5.48027
958,17,18,2.31388
958,17,22,3.60551
958,18,19,4.4543
958,18,23,3.91657
958,19,24,4.38065
958,20,21,2.57235
958,21,22,4.65888
958,22,23,5.05419
958,23,24,4.1151
959,0,1,2.5742
959,0,5,2.45621
959,1,2,6.15967
959,1,6,3.87058
959,2,3,3.69308
959,2,7,4.99648
959,3,4,2.91102
959,3,8,5.96251
959,4,9,5.53633
959,5,6,4.72526
959,5,10,3.01165
959,6,7,4.82235
959,6,11,4.9477
959,7,8,2.9842
959,7,12,3.95185
959,8,9,2.72679
959,8,13,5.9965
959,9,14,2.93697
959,10,11,5.91174
959,10,15,3.91036
959,11,12,2.39485
959,11,16,4.39122
959,12,13,5.77864
959,12,17,2.22644
959,13,14,2.49878
959,13,18,4.30509
959,14,19,5.38187
959,15,16,5.13166
959,15,20,2.36043
959,16,17,4.5517
959,16,21,3.93807
959,17,18,3.60614
959,17,22,3.35811
959,18,19,2.66297
959,18,23,5.24225
959,19,24,4.45783
959,20,21,5.04966
959,21,22,5.49158
959,22,23,4.64437
959,23,24,2.85282
960,0,1,3.64983
960,0,5,4.44946
960,1,2,4.35592
960,1,6,3.62754
960,2,3,4.37252
960,2,7,5.27521
960,3,4,3.02146
960,3,8,3.04914
960,4,9,3.47167
960,5,6,2.34838
960,5,10,5.14802
960,6,7,5.28338
960,6,11,4.15825
960,7,8,2.15196
960,7,12,4.00334
960,8,9,4.3574
960,8,13,3.34828
960,9,14,1.73861
960,10,11,2.19083
960,10,15,3.5191
960,11,12,2.56708
960,11,16,3.49105
960,12,13,3.52641
960,12,17,3.12248
960,13,14,4.73029
960,13,18,3.34224
960,14,19,3.51433
960,15,16,3.51075
960,15,20,4.1102
960,16,17,2.43414
960,16,21,3.13869
960,17,18,3.18084
960,17,22,3.29879
960,18,19,1.94183
960,18,23,2.71839
960,19,24,4.39184
960,20,21,3.39679
960,21,22,1.80684
960,22,23,4.72717
960,23,24,2.29083
961,0,1,3.77736
961,0,5,3.39042
961,1,2,3.24511
961,1,6,6.99522
961,2,3,2.02528
961,2,7,4.12527
961,3,4,5.19237
961,3,8,3.08486
961,4,9,4.0315
961,5,6,2.78441
961,5,10,8.42281
961,6,7,5.83867
961,6,11,4.69485
961,7,8,6.93439
961,7,12,1.95642
961,8,9,6.36408
961,8,13,5.4274
961,9,14,4.12062
961,10,11,7.33639
961,10,15,2.8338
961,11,12,2.42268
961,11,16,4.52942
961,12,13,3.14189
961,12,17,3.53538
961,13,14,5.7223
961,13,18,8.19848
961,14,19,3.97094
961,15,16,5.02811
961,15,20,5.20896
961,16,17,2.75618
961,16,21,3.21189
961,17,18,7.43004
961,17,22,7.46094
961,18,19,3.50167
961,18,23,6.36316
961,19,24,2.70888
961,20,21,4.23921
961,21,22,1.84025
961,22,23,6.3192
961,23,24,5.15162
962,0,1,2.17976
962,0,5,4.5129
962,1,2,4.23283
962,1,6,1.90141
962,2,3,4.90821
962,2,7,4.02689
962,3,4,6.01037
962,3,8,2.40212
962,4,9,2.62282
962,5,6,6.21561
962,5,10,1.68222
962,6,7,2.63185
962,6,11,1.38366
962,7,8,1.45639
962,7,12,5.54387
962,8,9,3.29065
962,8,13,2.40741
962,9,14,2.68767
962,10,11,5.4887
962,10,15,3.45719
962,11,12,6.44205
962,11,16,1.86611
962,12,13,3.21812
962,12,17,4.37731
962,13,14,5.15768
962,13,18,3.93463
962,14,19,4.0849
962,15,16,2.339
962,15,20,2.03051
962,16,17,4.75434
962,16,21,3.70193
962,17,18,2.15006
962,17,22,2.02864
962,18,19,3.14269
962,18,23,2.93966
962,19,24,2.87136
962,20,21,3.33688
962,21,22,4.57219
962,22,23,2.42629
962,23,24,3.82752
963,0,1,4.41048
963,0,5,4.90532
963,1,2,5.14778
963,1,6,6.78895
963,2,3,5.11378
963,2,7,2.56387
963,3,4,4.75833
963,3,8,3.66926
963,4,9,4.17116
963,5,6,1.96951
963,5,10,7.41316
963,6,7,5.18756
963,6,11,6.80384
963,7,8,5.40597
963,7,12,2.41699
963,8,9,3.1786
963,8,13,5.5187
963,9,14,3.13758
963,10,11,6.07795
963,10,15,3.30889
963,11,12,4.58913
963,11,16,6.1856
963,12,13,5.5019
963,12,17,1.96015
963,13,14,6.20794
963,13,18,6.75424
963,14,19,3.0801
963,15,16,4.01778
963,15,20,4.274
963,16,17,2.8687
963,16,21,2.83962
963,17,18,5.83374
963,17,22,5.83147
963,18,19,3.69696
963,18,23,6.46515
963,19,24,4.64725
963,20,21,3.05018
963,21,22,4.34375
963,22,23,4.84701
963,23,24,6.06226
964,0,1,3.17255
964,0,5,7.35082
964,1,2,5.45162
964,1,6,5.84869
964,2,3,5.90687
964,2,7,2.25179
964,3,4,4.40482
964,3,8,4.70099
964,4,9,3.86947
964,5,6,4.59343
964,5,10,2.31937
964,6,7,6.18897
964,6,11,3.18118
964,7,8,5.7095
964,7,12,6.93203
964,8,9,5.62489
964,8,13,3.74634
964,9,14,4.57575
964,10,11,4.03708
964,10,15,5.42372
964,11,12,8.69046
964,11,16,2.69305
964,12,13,7.90745
964,12,17,6.00253
964,13,14,5.34359
964,13,18,5.05875
964,14,19,3.20474
964,15,16,5.38759
964,15,20,3.49683
964,16,17,6.90675
964,16,21,4.5514
964,17,18,4.31806
964,17,22,5.77195
964,18,19,5.2198
964,18,23,3.66406
964,19,24,4.34489
964,20,21,2.77113
964,21,22,6.68163
964,22,23,3.5417
964,23,24,5.54146
965,0,1,4.55252
965,0,5,5.79034
965,1,2,6.10306
965,1,6,5.84935
965,2,3,4.90018
965,2,7,5.74732
965,3,4,5.16077
965,3,8,5.48298
965,4,9,5.90904
965,5,6,3.88164
965,5,10,3.89349
965,6,7,2.53111
965,6,11,4.75721
965,7,8,4.54299
965,7,12,3.34414
965,8,9,5.24251
965,8,13,3.0939
965,9,14,5.35533
965,10,11,3.8417
965,10,15,3.35047
965,11,12,2.91026
965,11,16,4.67968
965,12,13,4.64447
965,12,17,3.52633
965,13,14,2.6007
965,13,18,3.08654
965,14,19,2.86863
965,15,16,5.77849
965,15,20,3.23591
965,16,17,4.37621
965,16,21,2.85322
965,17,18,2.80926
965,17,22,3.68867
965,18,19,5.58161
965,18,23,5.10291
965,19,24,2.59291
965,20,21,3.2366
965,21,22,5.88526
965,22,23,4.56132
965,23,24,4.28297
966,0,1,1.56141
966,0,5,4.28687
966,1,2,2.44859
966,1,6,5.71108
966,2,3,2.29073
966,2,7,4.69173
966,3,4,2.46833
966,3,8,3.71802
966,4,9,4.25022
966,5,6,3.8792
966,5,10,4.21874
966,6,7,4.621
966,6,11,3.64624
966,7,8,2.16676
966,7,12,6.09547
966,8,9,2.0412
966,8,13,1.5914
966,9,14,6.36666
966,10,11,3.71194
966,10,15,4.62295
966,11,12,3.31388
966,11,16,3.4327
966,12,13,1.77508
966,12,17,2.09327
966,13,14,5.16617
966,13,18,1.57352
966,14,19,5.2866
966,15,16,4.09164
966,15,20,4.40013
966,16,17,3.22493
966,16,21,3.64402
966,17,18,4.37566
966,17,22,3.55872
966,18,19,2.70006
966,18,23,3.09226
966,19,24,2.20147
966,20,21,3.91091
966,21,22,3.4843
966,22,23,3.71185
966,23,24,5.24553
967,0,1,3.14392
967,0,5,2.71802
967,1,2,2.86453
967,1,6,3.34305
967,2,3,4.45143
967,2,7,3.35377
967,3,4,3.35816
967,3,8,2.02677
967,4,9,3.23128
967,5,6,3.25734
967,5,10,3.06284
967,6,7,3.67054
967,6,11,3.84113
967,7,8,5.88631
967,7,12,5.74503
967,8,9,5.57508
967,8,13,4.40588
967,9,14,3.80362
967,10,11,2.82785
967,10,15,5.40773
967,11,12,5.68509
967,11,16,4.68975
967,12,13,5.38069
967,12,17,5.25561
967,13,14,5.46287
967,13,18,3.35875
967,14,19,4.37613
967,15,16,2.40554
967,15,20,6.05463
967,16,17,2.17781
967,16,21,4.8317
967,17,18,2.09547
967,17,22,3.68814
967,18,19,5.09193
967,18,23,5.1067
967,19,24,2.74007
967,20,21,4.42966
967,21,22,6.29139
967,22,23,4.2922
967,23,24,2.6819
968,0,1,2.93591
968,0,5,4.03182
968,1,2,2.90401
968,1,6,1.39209
968,2,3,2.45152
968,2,7,3.13016
968,3,4,4.65384
968,3,8,3.38217
968,4,9,2.13668
968,5,6,4.14788
968,5,10,3.639
968,6,7,3.80337
968,6,11,3.05842
968,7,8,2.35244
968,7,12,5.1996
968,8,9,2.5667
968,8,13,2.79165
968,9,14,3.08596
968,10,11,2.58917
968,10,15,4.53914
968,11,12,3.45772
968,11,16,2.55317
968,12,13,3.32902
968,12,17,2.88669
968,13,14,3.74885
968,13,18,1.97837
968,14,19,4.11157
968,15,16,4.45595
968,15,20,5.20896
968,16,17,4.38799
968,16,21,5.14967
968,17,18,2.73467
968,17,22,1.74442
968,18,19,1.33099
968,18,23,1.61829
968,19,24,2.00926
968,20,21,3.58831
968,21,22,3.24017
968,22,23,5.41886
968,23,24,2.64384
969,0,1,3.6096
969,0,5,3.06936
969,1,2,2.11069
969,1,6,2.72883
969,2,3,2.41233
969,2,7,3.73512
969,3,4,2.39433
969,3,8,4.69749
969,4,9,5.76241
969,5,6,4.6527
969,5,10,3.53305
969,6,7,2.55582
969,6,11,4.91993
969,7,8,4.33604
969,7,12,3.95253
969,8,9,4.65161
969,8,13,2.75532
969,9,14,4.56424
969,10,11,3.65923
969,10,15,3.57455
969,11,12,2.08903
969,11,16,4.96793
969,12,13,3.0989
969,12,17,1.55177
969,13,14,2.41044
969,13,18,2.78483
969,14,19,3.71722
969,15,16,2.14377
969,15,20,2.15628
969,16,17,2.06542
969,16,21,2.40175
969,17,18,3.79293
969,17,22,3.73838
969,18,19,4.49583
969,18,23,3.91576
969,19,24,1.9618
969,20,21,4.65353
969,21,22,2.67151
969,22,23,5.26046
969,23,24,4.24651
970,0,1,2.90793
970,0,5,2.44734
970,1,2,2.9595
970,1,6,3.08479
970,2,3,1.49261
970,2,7,2.93584
970,3,4,3.22739
970,3,8,6.56441
970,4,9,5.58921
970,5,6,4.91384
970,5,10,2.4945
970,6,7,3.75195
970,6,11,6.60822
970,7,8,2.41461
970,7,12,5.27298
970,8,9,5.84698
970,8,13,2.63306
970,9,14,2.06384
970,10,11,5.14514
970,10,15,5.6928
970,11,12,1.75638
970,11,16,3.79505
970,12,13,3.22684
970,12,17,1.35979
970,13,14,6.11176
970,13,18,4.83646
970,14,19,2.88088
970,15,16,1.8733
970,15,20,4.91703
970,16,17,2.2982
970,16,21,2.64775
970,17,18,3.05671
970,17,22,1.58074
970,18,19,3.09953
970,18,23,5.86629
970,19,24,3.30492
970,20,21,5.79079
970,21,22,3.44712
970,22,23,2.72755
970,23,24,2.78348
971,0,1,2.43661
971,0,5,1.80781
971,1,2,3.00119
971,1,6,5.93822
971,2,3,2.10125
971,2,7,4.2783
971,3,4,2.6905
971,3,8,2.67616
971,4,9,2.21413
971,5,6,2.94466
971,5,10,5.21408
971,6,7,1.95666
971,6,11,6.25797
971,7,8,4.1241
971,7,12,4.33615
971,8,9,4.18412
971,8,13,3.5512
971,9,14,5.68453
971,10,11,2.07974
971,10,15,2.09761
971,11,12,3.81808
971,11,16,5.21227
971,12,13,3.7238
971,12,17,2.59612
971,13,14,3.1238
971,13,18,2.05725
971,14,19,4.56258
971,15,16,3.368
971,15,20,2.26595
971,16,17,4.14286
971,16,21,2.48862
971,17,18,2.27411
971,17,22,3.28231
971,18,19,5.44957
971,18,23,4.18139
971,19,24,3.66136
971,20,21,5.25621
971,21,22,3.19549
971,22,23,4.37865
971,23,24,5.06951
972,0,1,2.31796
972,0,5,4.43343
972,1,2,5.22613
972,1,6,2.49191
972,2,3,6.97169
972,2,7,3.40998
972,3,4,4.85974
972,3,8,4.47537
972,4,9,3.53023
972,5,6,6.40169
972,5,10,2.26941
972,6,7,3.91847
972,6,11,1.33083
972,7,8,3.67917
972,7,12,2.42602
972,8,9,2.9862
972,8,13,3.25469
972,9,14,4.34092
972,10,11,2.91103
972,10,15,1.35514
972,11,12,3.95091
972,11,16,2.49415
972,12,13,4.2551
972,12,17,3.50613
972,13,14,2.15409
972,13,18,1.72493
972,14,19,2.88014
972,15,16,3.5031
972,15,20,2.03583
972,16,17,2.00138
972,16,21,6.86278
972,17,18,2.96439
972,17,22,2.11862
972,18,19,6.43729
972,18,23,1.96973
972,19,24,2.39783
972,20,21,3.61097
972,21,22,5.39065
972,22,23,2.88093
972,23,24,3.79119
973,0,1,6.11046
973,0,5,3.17534
973,1,2,6.07166
973,1,6,7.36947
973,2,3,3.26814
973,2,7,5.82275
973,3,4,5.28816
973,3,8,7.66565
973,4,9,3.77746
973,5,6,4.00361
973,5,10,6.29653
973,6,7,2.99395
973,6,11,3.72006
973,7,8,3.8205
973,7,12,5.55006
973,8,9,7.81933
973,8,13,5.24047
973,9,14,6.44954
973,10,11,2.5239
973,10,15,3.36503
973,11,12,4.42085
973,11,16,6.38327
973,12,13,6.28001
973,12,17,2.99555
973,13,14,2.4653
973,13,18,2.69301
973,14,19,7.06242
973,15,16,4.55754
973,15,20,5.10532
973,16,17,4.66214
973,16,21,2.49542
973,17,18,4.86787
973,17,22,3.6747
973,18,19,5.64086
973,18,23,3.20567
973,19,24,5.09341
973,20,21,3.7529
973,21,22,5.27723
973,22,23,2.07903
973,23,24,6.54604
974,0,1,2.52442
974,0,5,2.34188
974,1,2,4.00557
974,1,6,5.11993
974,2,3,4.33975
974,2,7,5.45759
974,3,4,2.90676
974,3,8,4.4657
974,4,9,4.68204
974,5,6,3.80822
974,5,10,4.66066
974,6,7,3.82438
974,6,11,4.29328
974,7,8,4.67675
974,7,12,4.59152
974,8,9,4.41142
974,8,13,2.94127
974,9,14,3.37517
974,10,11,2.83807
974,10,15,3.64741
974,11,12,1.56689
974,11,16,4.31236
974,12,13,3.11229
974,12,17,2.80963
974,13,14,4.4214
974,13,18,5.93435
974,14,19,2.92254
974,15,16,2.77929
974,15,20,3.8722
974,16,17,3.50811
974,16,21,5.03403
974,17,18,3.46257
974,17,22,4.22306
974,18,19,5.23275
974,18,23,3.62316
974,19,24,4.51197
974,20,21,3.09906
974,21,22,4.98603
974,22,23,6.94253
974,23,24,3.54091
975,0,1,7.09388
975,0,5,4.94107
975,1,2,4.60974
975,1,6,3.01873
975,2,3,5.11702
975,2,7,5.81692
975,3,4,5.37628
975,3,8,3.86966
975,4,9,4.62606
975,5,6,4.14018
975,5,10,7.36334
975,6,7,5.48847
975,6,11,3.76786
975,7,8,2.29222
975,7,12,4.25509
975,8,9,3.83524
975,8,13,4.86237
975,9,14,2.63382
975,10,11,5.73233
975,10,15,2.58713
975,11,12,3.41678
975,11,16,3.96315
975,12,13,4.83504
975,12,17,3.18039
975,13,14,5.92992
975,13,18,5.43976
975,14,19,4.92426
975,15,16,3.15083
975,15,20,4.20926
975,16,17,4.90831
975,16,21,2.71578
975,17,18,4.13907
975,17,22,7.47481
975,18,19,2.43299
975,18,23,3.2994
975,19,24,2.74716
975,20,21,2.981
975,21,22,4.98148
975,22,23,3.75086
975,23,24,4.09011
976,0,1,4.41753
976,0,5,3.94886
976,1,2,7.06982
976,1,6,4.76833
976,2,3,6.03172
976,2,7,3.09067
976,3,4,5.78214
976,3,8,2.69892
976,4,9,3.22963
976,5,6,2.13084
976,5,10,3.92505
976,6,7,4.5784
976,6,11,3.07702
976,7,8,3.90766
976,7,12,4.49918
976,8,9,4.08224
976,8,13,6.62172
976,9,14,4.85807
976,10,11,2.9594
976,10,15,3.16329
976,11,12,4.53919
976,11,16,4.33758
976,12,13,3.18005
976,12,17,5.53799
976,13,14,5.42487
976,13,18,3.31407
976,14,19,5.36652
976,15,16,5.85895
976,15,20,5.1506
976,16,17,2.39093
976,16,21,4.90594
976,17,18,2.64761
976,17,22,6.73999
976,18,19,2.79366
976,18,23,5.75909
976,19,24,4.76699
976,20,21,3.62053
976,21,22,5.04425
976,22,23,2.95304
976,23,24,6.25672
977,0,1,5.10214
977,0,5,4.39728
977,1,2,4.23596
977,1,6,3.59022
977,2,3,5.25003
977,2,7,3.74808
977,3,4,6.20344
977,3,8,4.4805
977,4,9,3.55591
977,5,6,3.17335
977,5,10,5.46967
977,6,7,2.25019
977,6,11,3.93382
977,7,8,6.91085
977,7,12,4.73908
977,8,9,3.74219
977,8,13,3.43957
977,9,14,3.67929
977,10,11,4.12398
977,10,15,2.93423
977,11,12,3.82097
977,11,16,4.95858
977,12,13,4.85028
977,12,17,4.6896
977,13,14,2.43886
977,13,18,3.78113
977,14,19,4.47321
977,15,16,2.38027
977,15,20,2.60867
977,16,17,4.85263
977,16,21,5.0999
977,17,18,2.5226
977,17,22,5.76368
977,18,19,6.28271
977,18,23,3.14065
977,19,24,4.48374
977,20,21,3.0581
977,21,22,5.14259
977,22,23,2.74427
977,23,24,3.17424
978,0,1,3.38462
978,0,5,3.62842
978,1,2,1.85914
978,1,6,2.58003
978,2,3,2.95193
978,2,7,4.90246
978,3,4,1.87282
978,3,8,4.37503
978,4,9,3.15723
978,5,6,2.29945
978,5,10,3.29295
978,6,7,2.51011
978,6,11,3.25124
978,7,8,1.88335
978,7,12,2.77509
978,8,9,2.41698
978,8,13,1.62369
978,9,14,2.40754
978,10,11,4.93325
978,10,15,2.94297
978,11,12,2.01707
978,11,16,2.23684
978,12,13,3.04016
978,12,17,2.78653
978,13,14,4.41545
978,13,18,2.48857
978,14,19,2.76087
978,15,16,2.45533
978,15,20,3.79905
978,16,17,1.72528
978,16,21,2.38823
978,17,18,4.11849
978,17,22,3.28568
978,18,19,2.00402
978,18,23,4.2483
978,19,24,2.99447
978,20,21,3.92561
978,21,22,2.27707
978,22,23,3.55843
978,23,24,2.24051
979,0,1,3.15258
979,0,5,5.7377
979,1,2,4.23952
979,1,6,3.05153
979,2,3,5.17605
979,2,7,3.5887
979,3,4,3.84443
979,3,8,1.92032
979,4,9,2.63802
979,5,6,2.11787
979,5,10,5.27879
979,6,7,3.73905
979,6,11,2.78169
979,7,8,4.50824
979,7,12,3.41458
979,8,9,2.7126
979,8,13,2.313
979,9,14,3.72414
979,10,11,5.47368
979,10,15,2.54387
979,11,12,4.82255
979,11,16,1.40947
979,12,13,3.98046
979,12,17,2.56511
979,13,14,2.06315
979,13,18,6.37659
979,14,19,2.66249
979,15,16,4.01678
979,15,20,3.13583
979,16,17,2.96824
979,16,21,4.98002
979,17,18,2.85952
979,17,22,4.84327
979,18,19,3.63877
979,18,23,2.21872
979,19,24,4.8531
979,20,21,1.57383
979,21,22,6.90671
979,22,23,4.39816
979,23,24,3.76189
980,0,1,4.66853
980,0,5,2.45571
980,1,2,2.82415
980,1,6,5.02846
980,2,3,2.18307
980,2,7,2.64644
980,3,4,5.03769
980,3,8,4.62295
980,4,9,1.97504
980,5,6,3.45485
980,5,10,3.50664
980,6,7,2.04122
980,6,11,4.05379
980,7,8,2.51417
980,7,12,2.21194
980,8,9,1.95941
980,8,13,1.76144
980,9,14,2.02847
980,10,11,2.3092
980,10,15,2.23713
980,11,12,4.41534
980,11,16,4.61315
980,12,13,4.68593
980,12,17,2.77736
980,13,14,5.67617
980,13,18,2.1925
980,14,19,3.4468
980,15,16,2.26754
980,15,20,3.16844
980,16,17,2.05866
980,16,21,2.90304
980,17,18,4.75495
980,17,22,3.56885
980,18,19,4.80187
980,18,23,3.02583
980,19,24,3.68691
980,20,21,2.33872
980,21,22,4.89637
980,22,23,3.12558
980,23,24,4.9641
981,0,1,4.27074
981,0,5,3.64412
981,1,2,2.64762
981,1,6,5.54796
981,2,3,4.1464
981,2,7,4.82736
981,3,4,2.53474
981,3,8,2.24595
981,4,9,2.42642
981,5,6,4.68462
981,5,10,6.64074
981,6,7,4.9995
981,6,11,5.67757
981,7,8,2.24205
981,7,12,2.96022
981,8,9,4.29665
981,8,13,6.21861
981,9,14,4.0663
981,10,11,2.94567
981,10,15,2.85157
981,11,12,3.24728
981,11,16,3.30814
981,12,13,7.12809
981,12,17,5.52307
981,13,14,3.48853
981,13,18,7.01364
981,14,19,2.38194
981,15,16,5.69888
981,15,20,6.52919
981,16,17,7.3035
981,16,21,4.35597
981,17,18,3.36966
981,17,22,5.41718
981,18,19,4.2398
981,18,23,4.68871
981,19,24,4.5734
981,20,21,3.45031
981,21,22,5.81854
981,22,23,5.50477
981,23,24,2.59746
982,0,1,4.2983
982,0,5,3.73022
982,1,2,2.05143
982,1,6,4.08614
982,2,3,3.05116
982,2,7,5.7277
982,3,4,6.45529
982,3,8,2.60774
982,4,9,4.11829
982,5,6,3.25483
982,5,10,4.2217
982,6,7,2.74409
982,6,11,3.86047
982,7,8,4.38046
982,7,12,3.74027
982,8,9,2.66199
982,8,13,3.91325
982,9,14,3.86262
982,10,11,3.26278
982,10,15,3.2709
982,11,12,2.27112
982,11,16,2.76439
982,12,13,3.66414
982,12,17,3.45592
982,13,14,4.91511
982,13,18,2.46022
982,14,19,1.78738
982,15,16,3.36724
982,15,20,4.55721
982,16,17,5.94431
982,16,21,4.3189
982,17,18,1.60108
982,17,22,3.54909
982,18,19,2.17193
982,18,23,2.16426
982,19,24,3.20986
982,20,21,2.21312
982,21,22,5.82366
982,22,23,4.77206
982,23,24,1.26342
983,0,1,1.97188
983,0,5,4.95717
983,1,2,4.06458
983,1,6,4.43772
983,2,3,5.28756
983,2,7,4.82751
983,3,4,2.65909
983,3,8,2.0316
983,4,9,1.82853
983,5,6,2.49229
983,5,10,3.12495
983,6,7,5.21693
983,6,11,2.89222
983,7,8,5.98988
983,7,12,5.64781
983,8,9,1.6051
983,8,13,1.96192
983,9,14,4.04296
983,10,11,3.73146
983,10,15,3.73069
983,11,12,2.53195
983,11,16,3.81327
983,12,13,4.09884
983,12,17,3.76464
983,13,14,3.79515
983,13,18,3.12585
983,14,19,4.98899
983,15,16,3.80528
983,15,20,3.28754
983,16,17,5.42672
983,16,21,4.92692
983,17,18,5.54134
983,17,22,3.82021
983,18,19,1.92158
983,18,23,1.64787
983,19,24,5.52185
983,20,21,2.88983
983,21,22,3.20732
983,22,23,2.32824
983,23,24,2.8165
984,0,1,2.0738
984,0,5,5.76631
984,1,2,3.49704
984,1,6,5.02462
984,2,3,3.81929
984,2,7,5.77367
984,3,4,3.46508
984,3,8,3.56044
984,4,9,4.48037
984,5,6,4.23583
984,5,10,2.34699
984,6,7,3.98766
984,6,11,2.04733
984,7,8,4.35656
984,7,12,3.79988
984,8,9,2.96164
984,8,13,3.47349
984,9,14,3.16957
984,10,11,2.34383
984,10,15,4.59092
984,11,12,5.33832
984,11,16,3.74598
984,12,13,3.29217
984,12,17,3.68014
984,13,14,2.71945
984,13,18,2.42464
984,14,19,2.70243
984,15,16,2.78866
984,15,20,3.92921
984,16,17,3.12923
984,16,21,6.06969
984,17,18,2.61069
984,17,22,4.20311
984,18,19,3.35124
984,18,23,2.33054
984,19,24,4.44961
984,20,21,3.49474
984,21,22,2.23902
984,22,23,3.45282
984,23,24,4.70608
985,0,1,3.40405
985,0,5,3.64828
985,1,2,1.82197
985,1,6,4.08561
985,2,3,5.34278
985,2,7,2.80246
985,3,4,5.42106
985,3,8,2.17608
985,4,9,1.79458
985,5,6,3.05673
985,5,10,3.42781
985,6,7,4.2395
985,6,11,5.88279
985,7,8,3.68133
985,7,12,4.5702
985,8,9,4.12531
985,8,13,3.73438
985,9,14,4.31659
985,10,11,4.61238
985,10,15,2.95681
985,11,12,3.31117
985,11,16,3.41792
985,12,13,2.90478
985,12,17,4.51881
985,13,14,6.13461
985,13,18,2.64955
985,14,19,3.63966
985,15,16,2.32834
985,15,20,2.53197
985,16,17,3.46821
985,16,21,5.96967
985,17,18,4.03203
985,17,22,2.57582
985,18,19,2.08804
985,18,23,2.35407
985,19,24,3.33351
985,20,21,3.41724
985,21,22,2.07767
985,22,23,4.26535
985,23,24,5.39711
986,0,1,5.56229
986,0,5,4.56003
986,1,2,5.03937
986,1,6,3.61987
986,2,3,3.24506
986,2,7,6.2226
986,3,4,3.44303
986,3,8,3.24593
986,4,9,3.53786
986,5,6,5.13322
986,5,10,3.04822
986,6,7,3.38363
986,6,11,5.29992
986,7,8,3.34777
986,7,12,3.60435
986,8,9,4.17141
986,8,13,4.82342
986,9,14,5.23938
986,10,11,6.27779
986,10,15,4.82334
986,11,12,2.93666
986,11,16,5.19576
986,12,13,3.9232
986,12,17,4.71462
986,13,14,5.56969
986,13,18,2.10039
986,14,19,2.47045
986,15,16,6.54834
986,15,20,2.5331
986,16,17,4.06576
986,16,21,2.02911
986,17,18,2.1217
986,17,22,5.54802
986,18,19,4.87469
986,18,23,2.28739
986,19,24,3.29549
986,20,21,2.92282
986,21,22,4.95853
986,22,23,2.77806
986,23,24,4.68168
987,0,1,3.39545
987,0,5,3.11915
987,1,2,2.09092
987,1,6,3.03099
987,2,3,4.81057
987,2,7,2.85547
987,3,4,5.47955
987,3,8,3.86942
987,4,9,2.81357
987,5,6,5.54612
987,5,10,2.88234
987,6,7,6.2771
987,6,11,3.52469
987,7,8,4.2534
987,7,12,6.22709
987,8,9,2.58633
987,8,13,5.53005
987,9,14,3.03092
987,10,11,2.45615
987,10,15,3.57854
987,11,12,4.72608
987,11,16,4.62129
987,12,13,4.7856
987,12,17,4.37954
987,13,14,5.18787
987,13,18,4.34454
987,14,19,4.06184
987,15,16,3.87927
987,15,20,2.52963
987,16,17,2.31951
987,16,21,5.02956
987,17,18,6.40519
987,17,22,4.65062
987,18,19,3.38302
987,18,23,4.83558
987,19,24,6.16406
987,20,21,3.46957
987,21,22,4.52386
987,22,23,2.6794
987,23,24,7.14898
988,0,1,3.90181
988,0,5,3.06559
988,1,2,3.08105
988,1,6,3.92038
988,2,3,2.74342
988,2,7,5.23339
988,3,4,5.07544
988,3,8,3.75978
988,4,9,4.03278
988,5,6,3.3767
988,5,10,4.90394
988,6,7,4.17504
988,6,11,3.76976
988,7,8,3.22041
988,7,12,4.92878
988,8,9,4.06728
988,8,13,3.60908
988,9,14,2.49821
988,10,11,3.82374
988,10,15,2.84102
988,11,12,3.43032
988,11,16,1.8762
988,12,13,3.82659
988,12,17,4.12933
988,13,14,1.75721
988,13,18,2.91364
988,14,19,2.08735
988,15,16,2.15628
988,15,20,2.81378
988,16,17,2.14062
988,16,21,4.7115
988,17,18,3.8983
988,17,22,5.66278
988,18,19,5.23614
988,18,23,4.68994
988,19,24,4.9911
988,20,21,3.87326
988,21,22,5.69811
988,22,23,2.35172
988,23,24,3.39163
989,0,1,3.64497
989,0,5,3.72396
989,1,2,6.64369
989,1,6,4.70475
989,2,3,5.01475
989,2,7,5.98054
989,3,4,4.01667
989,3,8,5.71008
989,4,9,5.56915
989,5,6,3.09955
989,5,10,3.75036
989,6,7,2.43764
989,6,11,3.58668
989,7,8,3.93981
989,7,12,4.5218
989,8,9,6.0596
989,8,13,6.95839
989,9,14,7.11837
989,10,11,6.17538
989,10,15,5.65756
989,11,12,3.13892
989,11,16,2.95682
989,12,13,5.81463
989,12,17,3.15975
989,13,14,3.48616
989,13,18,4.43038
989,14,19,4.94511
989,15,16,5.15952
989,15,20,3.06806
989,16,17,2.06305
989,16,21,5.95809
989,17,18,2.91558
989,17,22,3.23482
989,18,19,3.21021
989,18,23,2.70493
989,19,24,5.44551
989,20,21,6.08711
989,21,22,3.45122
989,22,23,5.04319
989,23,24,3.65785
990,0,1,2.26052
990,0,5,3.29778
990,1,2,1.13292
990,1,6,2.44023
990,2,3,1.79135
990,2,7,3.93729
990,3,4,2.52929
990,3,8,3.01347
990,4,9,4.12978
990,5,6,4.58768
990,5,10,2.46791
990,6,7,3.75855
990,6,11,4.03083
990,7,8,4.16847
990,7,12,3.21642
990,8,9,2.42722
990,8,13,2.05286
990,9,14,2.07933
990,10,11,5.16073
990,10,15,3.95063
990,11,12,3.33417
990,11,16,2.83236
990,12,13,2.45482
990,12,17,1.74156
990,13,14,3.59679
990,13,18,3.27588
990,14,19,3.04441
990,15,16,2.76233
990,15,20,4.49396
990,16,17,4.43187
990,16,21,3.74751
990,17,18,2.34655
990,17,22,2.35578
990,18,19,1.89734
990,18,23,1.83007
990,19,24,2.56068
990,20,21,2.55201
990,21,22,2.88318
990,22,23,1.94217
990,23,24,3.23852
991,0,1,1.85352
991,0,5,5.77526
991,1,2,4.78948
991,1,6,4.64832
991,2,3,2.98942
991,2,7,4.30103
991,3,4,2.16528
991,3,8,3.60325
991,4,9,4.79667
991,5,6,2.21731
991,5,10,4.91048
991,6,7,4.30219
991,6,11,2.1266
991,7,8,4.04358
991,7,12,2.52077
991,8,9,4.04838
991,8,13,2.08216
991,9,14,1.77617
991,10,11,2.86456
991,10,15,2.65156
991,11,12,2.00258
991,11,16,1.79921
991,12,13,3.26697
991,12,17,4.20063
991,13,14,3.31371
991,13,18,5.50769
991,14,19,3.32668
991,15,16,1.49778
991,15,20,2.06801
991,16,17,2.83413
991,16,21,2.75101
991,17,18,4.43805
991,17,22,4.90796
991,18,19,1.99964
991,18,23,4.33735
991,19,24,2.29544
991,20,21,3.76818
991,21,22,4.47074
991,22,23,2.0752
991,23,24,1.58445
992,0,1,4.72585
992,0,5,3.32223
992,1,2,3.49134
992,1,6,6.63402
992,2,3,3.32714
992,2,7,6.8458
992,3,4,3.99463
992,3,8,4.27626
992,4,9,5.82221
992,5,6,1.52724
992,5,10,3.30302
992,6,7,7.47311
992,6,11,5.62158
992,7,8,5.89715
992,7,12,4.46015
992,8,9,4.96508
992,8,13,4.75726
992,9,14,4.25578
992,10,11,7.5923
992,10,15,4.75591
992,11,12,2.24574
992,11,16,3.98097
992,12,13,4.13013
992,12,17,4.55223
992,13,14,2.8388
992,13,18,7.56246
992,14,19,2.61556
992,15,16,3.4704
992,15,20,6.40917
992,16,17,5.87443
992,16,21,4.52969
992,17,18,2.71294
992,17,22,6.18481
992,18,19,3.73329
992,18,23,4.91725
992,19,24,7.61878
992,20,21,2.42
992,21,22,5.19652
992,22,23,6.97875
992,23,24,3.47161
993,0,1,5.79363
993,0,5,3.714
993,1,2,3.98487
993,1,6,2.10232
993,2,3,2.33481
993,2,7,5.12261
993,3,4,3.06371
993,3,8,3.32606
993,4,9,4.44035
993,5,6,3.02636
993,5,10,4.62162
993,6,7,2.96455
993,6,11,2.48411
993,7,8,3.16624
993,7,12,3.44106
993,8,9,5.95482
993,8,13,2.52468
993,9,14,4.28887
993,10,11,4.55894
993,10,15,2.16811
993,11,12,3.82058
993,11,16,4.24505
993,12,13,5.54915
993,12,17,2.48158
993,13,14,5.35882
993,13,18,2.23657
993,14,19,5.28487
993,15,16,4.85957
993,15,20,5.40741
993,16,17,4.88096
993,16,21,2.99612
993,17,18,3.76956
993,17,22,5.73583
993,18,19,2.26252
993,18,23,5.72974
993,19,24,2.39564
993,20,21,2.80089
993,21,22,2.66135
993,22,23,4.48062
993,23,24,5.25877
994,0,1,2.56692
994,0,5,2.64045
994,1,2,2.36982
994,1,6,5.73043
994,2,3,6.17983
994,2,7,3.53258
994,3,4,2.89868
994,3,8,2.68685
994,4,9,2.70887
994,5,6,5.60846
994,5,10,2.92365
994,6,7,5.84992
994,6,11,5.81883
994,7,8,6.28432
994,7,12,5.65104
994,8,9,5.48471
994,8,13,3.36225
994,9,14,4.20492
994,10,11,4.75404
994,10,15,6.74076
994,11,12,2.99488
994,11,16,2.72916
994,12,13,4.55085
994,12,17,7.32475
994,13,14,6.28733
994,13,18,2.43642
994,14,19,5.13079
994,15,16,2.9034
994,15,20,2.649
994,16,17,2.92921
994,16,21,5.74302
994,17,18,2.77034
994,17,22,3.21473
994,18,19,5.67086
994,18,23,3.79169
994,19,24,3.31813
994,20,21,3.297
994,21,22,4.13942
994,22,23,4.10861
994,23,24,4.62158
995,0,1,3.27179
995,0,5,1.95142
995,1,2,3.81968
995,1,6,3.80418
995,2,3,2.64462
995,2,7,4.76649
995,3,4,4.72062
995,3,8,2.85937
995,4,9,3.65626
995,5,6,5.71257
995,5,10,2.17175
995,6,7,2.02099
995,6,11,4.60985
995,7,8,3.14413
995,7,12,2.16607
995,8,9,2.97601
995,8,13,4.50347
995,9,14,5.81068
995,10,11,2.81021
995,10,15,3.19412
995,11,12,3.64169
995,11,16,2.08731
995,12,13,5.21159
995,12,17,3.37934
995,13,14,3.08913
995,13,18,3.2241
995,14,19,3.48415
995,15,16,5.45295
995,15,20,2.03187
995,16,17,4.11958
995,16,21,2.90451
995,17,18,2.70152
995,17,22,3.43307
995,18,19,2.22735
995,18,23,3.90423
995,19,24,4.19046
995,20,21,2.01449
995,21,22,4.09107
995,22,23,5.18014
995,23,24,4.26231
996,0,1,4.54508
996,0,5,6.49765
996,1,2,5.39529
996,1,6,3.86953
996,2,3,4.0793
996,2,7,3.12734
996,3,4,5.97154
996,3,8,2.96892
996,4,9,2.7287
996,5,6,2.23209
996,5,10,2.03797
996,6,7,5.2047
996,6,11,4.0948
996,7,8,3.60292
996,7,12,4.08693
996,8,9,2.65743
996,8,13,4.54028
996,9,14,3.21396
996,10,11,4.9354
996,10,15,4.81503
996,11,12,3.22135
996,11,16,3.50981
996,12,13,2.16298
996,12,17,2.74043
996,13,14,2.88726
996,13,18,4.63842
996,14,19,2.39099
996,15,16,4.34872
996,15,20,3.05733
996,16,17,5.19602
996,16,21,4.07738
996,17,18,2.90169
996,17,22,3.93918
996,18,19,3.48364
996,18,23,4.25991
996,19,24,5.37399
996,20,21,3.69078
996,21,22,3.25637
996,22,23,4.30276
996,23,24,4.60757
997,0,1,4.85642
997,0,5,3.63904
997,1,2,5.04011
997,1,6,2.33973
997,2,3,5.74904
997,2,7,2.66801
997,3,4,4.78432
997,3,8,4.51989
997,4,9,4.47162
997,5,6,3.37887
997,5,10,3.76272
997,6,7,5.05407
997,6,11,1.86183
997,7,8,2.98516
997,7,12,4.45781
997,8,9,3.14951
997,8,13,3.88655
997,9,14,3.21085
997,10,11,4.27653
997,10,15,3.73905
997,11,12,3.10561
997,11,16,3.63096
997,12,13,2.5967
997,12,17,5.77626
997,13,14,4.05774
997,13,18,4.02861
997,14,19,3.61598
997,15,16,5.72676
997,15,20,4.23313
997,16,17,4.49648
997,16,21,6.23396
997,17,18,2.35815
997,17,22,5.32227
997,18,19,5.59504
997,18,23,5.60769
997,19,24,3.82896
997,20,21,5.44871
997,21,22,6.94027
997,22,23,4.12705
997,23,24,2.10787
998,0,1,4.41422
998,0,5,2.31435
998,1,2,2.76678
998,1,6,1.52963
998,2,3,4.39207
998,2,7,3.46718
998,3,4,4.28293
998,3,8,2.1043
998,4,9,3.56023
998,5,6,3.50741
998,5,10,4.4681
998,6,7,4.08002
998,6,11,3.29089
998,7,8,1.8204
998,7,12,2.32178
998,8,9,2.73662
998,8,13,3.68792
998,9,14,2.37139
998,10,11,5.98664
998,10,15,3.52783
998,11,12,2.37005
998,11,16,2.26109
998,12,13,3.20691
998,12,17,3.78444
998,13,14,2.77063
998,13,18,3.83188
998,14,19,2.3182
998,15,16,4.60387
998,15,20,4.11758
998,16,17,4.0664
998,16,21,3.74325
998,17,18,2.37512
998,17,22,1.71473
998,18,19,4.00208
998,18,23,3.8715
998,19,24,2.07322
998,20,21,1.89395
998,21,22,3.5462
998,22,23,4.19134
998,23,24,2.32893
999,0,1,3.89082
999,0,5,3.37659
999,1,2,4.30747
999,1,6,3.84826
999,2,3,5.45648
999,2,7,4.94807
999,3,4,5.02032
999,3,8,2.48354
999,4,9,3.62111
999,5,6,2.56175
999,5,10,2.72871
999,6,7,4.19512
999,6,11,2.61265
999,7,8,5.85962
999,7,12,6.0269
999,8,9,3.41493
999,8,13,3.5684
999,9,14,4.29031
999,10,11,4.31442
999,10,15,2.83571
999,11,12,3.17434
999,11,16,3.82213
999,12,13,6.63193
999,12,17,6.09845
999,13,14,6.05072
999,13,18,3.96883
999,14,19,2.63036
999,15,16,3.62803
999,15,20,2.80665
999,16,17,5.98767
999,16,21,5.3634
999,17,18,6.33962
999,17,22,6.14376
999,18,19,5.54537
999,18,23,4.679
999,19,24,5.11974
999,20,21,3.59331
999,21,22,5.4955
999,22,23,3.1199
999,23,24,2.41138
