data,node_init,node_term,c,
0,0,1,4.24686
0,0,15,3.57291
0,1,2,4.5295
0,1,16,4.24686
0,2,3,4.0
0,2,17,4.98968
0,3,4,5.15784
0,3,18,4.10241
0,4,5,5.15784
0,4,19,4.0
0,5,6,4.41501
0,5,20,3.74106
0,6,7,4.59837
0,6,21,4.31573
0,7,8,4.76652
0,7,22,4.76652
0,8,9,4.31573
0,8,23,4.98968
0,9,10,4.74282
0,9,24,4.69765
0,10,11,4.41501
0,10,25,3.57291
0,11,12,4.23702
0,11,26,3.32605
0,12,13,4.0237
0,12,27,5.68734
0,13,14,4.0
0,13,28,4.27056
0,14,29,4.24686
0,15,16,4.5295
0,15,30,4.16815
0,16,17,5.15784
0,16,31,4.16815
0,17,18,4.0237
0,17,32,4.31573
0,18,19,4.69765
0,18,33,4.24686
0,19,20,4.27056
0,19,34,4.91097
0,20,21,3.57291
0,20,35,4.84523
0,21,22,3.74106
0,21,36,4.69765
0,22,23,4.98968
0,22,37,4.10241
0,23,24,4.69765
0,23,38,4.31573
0,24,25,5.15784
0,24,39,4.74282
0,25,26,4.94452
0,25,40,4.06887
0,26,27,4.10241
0,26,41,4.31573
0,27,28,4.48389
0,27,42,5.15784
0,28,29,4.23702
0,28,43,4.48389
0,29,44,4.48389
0,30,31,3.57291
0,30,45,4.16815
0,31,32,4.10241
0,31,46,4.23702
0,32,33,4.06887
0,32,47,4.16815
0,33,34,5.51918
0,33,48,5.15784
0,34,35,5.15784
0,34,49,5.27232
0,35,36,3.32605
0,35,50,4.06887
0,36,37,5.44047
0,36,51,4.16815
0,37,38,4.76652
0,37,52,3.74106
0,38,39,4.0237
0,38,53,4.10241
0,39,40,4.31573
0,39,54,5.27232
0,40,41,4.23702
0,40,55,4.27056
0,41,42,4.77636
0,41,56,5.68734
0,42,43,4.27056
0,42,57,5.44047
0,43,44,3.32605
0,43,58,4.10241
0,44,59,5.51918
0,45,46,5.51918
0,45,60,3.4942
0,46,47,4.91097
0,46,61,3.4942
0,47,48,4.0237
0,47,62,5.51918
0,48,49,4.23702
0,48,63,4.74282
0,49,50,3.57291
0,49,64,5.27232
0,50,51,4.94452
0,50,65,4.48389
0,51,52,4.5295
0,51,66,5.27232
0,52,53,4.84523
0,52,67,4.5295
0,53,54,4.5295
0,53,68,5.01339
0,54,55,5.27232
0,54,69,4.23702
0,55,56,5.15784
0,55,70,4.41501
0,56,57,4.27056
0,56,71,4.5295
0,57,58,3.32605
0,57,72,4.74282
0,58,59,5.68734
0,58,73,5.51918
0,59,74,4.59837
0,60,61,3.85555
0,60,75,3.32605
0,61,62,4.59837
0,61,76,5.68734
0,62,63,4.23702
0,62,77,3.32605
0,63,64,4.91097
0,63,78,5.01339
0,64,65,4.5295
0,64,79,4.41501
0,65,66,4.31573
0,65,80,4.76652
0,66,67,4.94452
0,66,81,5.15784
0,67,68,5.68734
0,67,82,3.74106
0,68,69,5.51918
0,68,83,4.91097
0,69,70,3.32605
0,69,84,5.15784
0,70,71,4.24686
0,70,85,4.69765
0,71,72,4.94452
0,71,86,5.51918
0,72,73,4.10241
0,72,87,3.4942
0,73,74,3.4942
0,73,88,3.4942
0,74,89,4.74282
0,75,76,4.48389
0,75,90,5.68734
0,76,77,5.27232
0,76,91,4.5295
0,77,78,4.98968
0,77,92,5.51918
0,78,79,4.59837
0,78,93,5.15784
0,79,80,5.68734
0,79,94,5.27232
0,80,81,4.5295
0,80,95,4.98968
0,81,82,4.0
0,81,96,5.68734
0,82,83,4.69765
0,82,97,3.32605
0,83,84,4.91097
0,83,98,5.01339
0,84,85,4.0
0,84,99,4.10241
0,85,86,4.84523
0,85,100,3.74106
0,86,87,4.77636
0,86,101,3.85555
0,87,88,4.94452
0,87,102,3.74106
0,88,89,4.76652
0,88,103,3.74106
0,89,104,3.4942
0,90,91,5.44047
0,90,105,4.69765
0,91,92,4.98968
0,91,106,4.06887
0,92,93,5.51918
0,92,107,4.5295
0,93,94,5.51918
0,93,108,5.44047
0,94,95,4.74282
0,94,109,4.98968
0,95,96,4.91097
0,95,110,5.27232
0,96,97,4.98968
0,96,111,4.06887
0,97,98,3.57291
0,97,112,3.85555
0,98,99,3.4942
0,98,113,5.51918
0,99,100,3.4942
0,99,114,3.74106
0,100,101,5.15784
0,100,115,4.06887
0,101,102,5.01339
0,101,116,4.59837
0,102,103,5.15784
0,102,117,5.51918
0,103,104,4.91097
0,103,118,4.48389
0,104,119,3.57291
0,105,106,5.44047
0,105,120,5.15784
0,106,107,5.68734
0,106,121,5.44047
0,107,108,4.98968
0,107,122,4.74282
0,108,109,5.27232
0,108,123,5.27232
0,109,110,5.15784
0,109,124,4.0
0,110,111,5.01339
0,110,125,4.91097
0,111,112,5.68734
0,111,126,4.27056
0,112,113,3.85555
0,112,127,4.74282
0,113,114,4.10241
0,113,128,5.01339
0,114,115,4.06887
0,114,129,4.59837
0,115,116,3.4942
0,115,130,4.16815
0,116,117,4.41501
0,116,131,5.15784
0,117,118,4.0
0,117,132,5.27232
0,118,119,4.74282
0,118,133,4.16815
0,119,134,4.23702
0,120,121,3.57291
0,120,135,4.31573
0,121,122,4.24686
0,121,136,5.27232
0,122,123,4.48389
0,122,137,4.69765
0,123,124,4.84523
0,123,138,4.0237
0,124,125,4.77636
0,124,139,4.94452
0,125,126,4.16815
0,125,140,4.59837
0,126,127,3.32605
0,126,141,4.98968
0,127,128,4.91097
0,127,142,4.16815
0,128,129,4.69765
0,128,143,4.0237
0,129,130,4.41501
0,129,144,4.77636
0,130,131,3.32605
0,130,145,5.44047
0,131,132,4.84523
0,131,146,5.68734
0,132,133,4.06887
0,132,147,3.32605
0,133,134,4.16815
0,133,148,5.51918
0,134,149,5.44047
0,135,136,4.10241
0,135,150,4.74282
0,136,137,4.31573
0,136,151,4.84523
0,137,138,3.85555
0,137,152,4.5295
0,138,139,3.85555
0,138,153,4.24686
0,139,140,3.85555
0,139,154,5.51918
0,140,141,4.94452
0,140,155,4.76652
0,141,142,4.5295
0,141,156,3.74106
0,142,143,4.94452
0,142,157,3.32605
0,143,144,4.94452
0,143,158,5.51918
0,144,145,4.06887
0,144,159,4.69765
0,145,146,4.77636
0,145,160,4.10241
0,146,147,4.0
0,146,161,3.57291
0,147,148,4.91097
0,147,162,5.68734
0,148,149,3.32605
0,148,163,4.0237
0,149,164,4.59837
0,150,151,4.74282
0,150,165,4.24686
0,151,152,5.51918
0,151,166,4.10241
0,152,153,3.4942
0,152,167,4.23702
0,153,154,4.41501
0,153,168,4.76652
0,154,155,4.5295
0,154,169,4.5295
0,155,156,4.10241
0,155,170,3.57291
0,156,157,4.23702
0,156,171,4.91097
0,157,158,4.91097
0,157,172,4.06887
0,158,159,4.98968
0,158,173,4.27056
0,159,160,5.68734
0,159,174,5.15784
0,160,161,4.84523
0,160,175,3.57291
0,161,162,5.51918
0,161,176,4.5295
0,162,163,4.41501
0,162,177,4.74282
0,163,164,4.76652
0,163,178,4.24686
0,164,179,4.0
0,165,166,4.24686
0,165,180,4.06887
0,166,167,4.77636
0,166,181,4.84523
0,167,168,4.23702
0,167,182,3.57291
0,168,169,3.74106
0,168,183,4.77636
0,169,170,4.77636
0,169,184,3.85555
0,170,171,4.0237
0,170,185,4.0237
0,171,172,3.4942
0,171,186,5.27232
0,172,173,4.06887
0,172,187,4.24686
0,173,174,4.98968
0,173,188,5.51918
0,174,175,3.57291
0,174,189,5.15784
0,175,176,5.68734
0,175,190,4.91097
0,176,177,3.4942
0,176,191,4.0
0,177,178,5.68734
0,177,192,4.24686
0,178,179,4.0237
0,178,193,3.32605
0,179,194,4.69765
0,180,181,3.85555
0,180,195,4.84523
0,181,182,4.24686
0,181,196,4.69765
0,182,183,4.74282
0,182,197,4.27056
0,183,184,4.10241
0,183,198,3.85555
0,184,185,4.27056
0,184,199,4.59837
0,185,186,4.59837
0,185,200,4.59837
0,186,187,3.4942
0,186,201,4.0
0,187,188,4.0237
0,187,202,4.77636
0,188,189,3.32605
0,188,203,5.44047
0,189,190,4.24686
0,189,204,4.0
0,190,191,4.16815
0,190,205,5.44047
0,191,192,3.74106
0,191,206,4.23702
0,192,193,4.98968
0,192,207,4.41501
0,193,194,5.44047
0,193,208,5.68734
0,194,209,4.10241
0,195,196,4.76652
0,195,210,4.31573
0,196,197,4.76652
0,196,211,3.4942
0,197,198,5.15784
0,197,212,4.77636
0,198,199,5.68734
0,198,213,4.06887
0,199,200,3.4942
0,199,214,4.77636
0,200,201,5.44047
0,200,215,4.84523
0,201,202,5.27232
0,201,216,4.24686
0,202,203,4.27056
0,202,217,4.10241
0,203,204,3.85555
0,203,218,5.01339
0,204,205,5.27232
0,204,219,4.77636
0,205,206,4.77636
0,205,220,5.15784
0,206,207,4.24686
0,206,221,4.48389
0,207,208,4.06887
0,207,222,4.48389
0,208,209,5.68734
0,208,223,4.24686
0,209,224,4.23702
0,210,211,4.76652
0,211,212,4.59837
0,212,213,4.76652
0,213,214,5.01339
0,214,215,4.31573
0,215,216,4.48389
0,216,217,4.16815
0,217,218,3.4942
0,218,219,3.32605
0,219,220,4.16815
0,220,221,4.91097
0,221,222,4.59837
0,222,223,4.27056
0,223,224,4.24686
1,0,1,4.60463
1,0,15,5.47536
1,1,2,4.30276
1,1,16,4.60463
1,2,3,4.0
1,2,17,4.57825
1,3,4,4.40607
1,3,18,5.77812
1,4,5,4.40607
1,4,19,4.0
1,5,6,4.43246
1,5,20,5.30318
1,6,7,5.1471
1,6,21,5.44897
1,7,8,4.97493
1,7,22,4.97493
1,8,9,5.44897
1,8,23,4.57825
1,9,10,3.97361
1,9,24,4.13059
1,10,11,4.43246
1,10,25,5.47536
1,11,12,4.67216
1,11,26,4.87072
1,12,13,5.00131
1,12,27,4.70883
1,13,14,4.0
1,13,28,5.60594
1,14,29,4.60463
1,15,16,4.30276
1,15,30,3.82782
1,16,17,4.40607
1,16,31,3.82782
1,17,18,5.00131
1,17,32,5.44897
1,18,19,4.13059
1,18,33,4.60463
1,19,20,5.60594
1,19,34,3.80144
1,20,21,5.47536
1,20,35,5.75174
1,21,22,5.30318
1,21,36,4.13059
1,22,23,4.57825
1,22,37,5.77812
1,23,24,4.13059
1,23,38,5.44897
1,24,25,4.40607
1,24,39,3.97361
1,25,26,4.73522
1,25,40,4.84434
1,26,27,5.77812
1,26,41,5.44897
1,27,28,5.27679
1,27,42,4.40607
1,28,29,4.67216
1,28,43,5.27679
1,29,44,5.27679
1,30,31,5.47536
1,30,45,3.82782
1,31,32,5.77812
1,31,46,4.67216
1,32,33,4.84434
1,32,47,3.82782
1,33,34,4.88101
1,33,48,4.40607
1,34,35,4.40607
1,34,49,4.27638
1,35,36,4.87072
1,35,50,4.84434
1,36,37,4.1042
1,36,51,3.82782
1,37,38,4.97493
1,37,52,5.30318
1,38,39,5.00131
1,38,53,5.77812
1,39,40,5.44897
1,39,54,4.27638
1,40,41,4.67216
1,40,55,5.60594
1,41,42,4.9074
1,41,56,4.70883
1,42,43,5.60594
1,42,57,4.1042
1,43,44,4.87072
1,43,58,5.77812
1,44,59,4.88101
1,45,46,4.88101
1,45,60,4.69855
1,46,47,3.80144
1,46,61,4.69855
1,47,48,5.00131
1,47,62,4.88101
1,48,49,4.67216
1,48,63,3.97361
1,49,50,5.47536
1,49,64,4.27638
1,50,51,4.73522
1,50,65,5.27679
1,51,52,4.30276
1,51,66,4.27638
1,52,53,5.75174
1,52,67,4.30276
1,53,54,4.30276
1,53,68,5.57956
1,54,55,4.27638
1,54,69,4.67216
1,55,56,4.40607
1,55,70,4.43246
1,56,57,5.60594
1,56,71,4.30276
1,57,58,4.87072
1,57,72,3.97361
1,58,59,4.70883
1,58,73,4.88101
1,59,74,5.1471
1,60,61,5.17349
1,60,75,4.87072
1,61,62,5.1471
1,61,76,4.70883
1,62,63,4.67216
1,62,77,4.87072
1,63,64,3.80144
1,63,78,5.57956
1,64,65,4.30276
1,64,79,4.43246
1,65,66,5.44897
1,65,80,4.97493
1,66,67,4.73522
1,66,81,4.40607
1,67,68,4.70883
1,67,82,5.30318
1,68,69,4.88101
1,68,83,3.80144
1,69,70,4.87072
1,69,84,4.40607
1,70,71,4.60463
1,70,85,4.13059
1,71,72,4.73522
1,71,86,4.88101
1,72,73,5.77812
1,72,87,4.69855
1,73,74,4.69855
1,73,88,4.69855
1,74,89,3.97361
1,75,76,5.27679
1,75,90,4.70883
1,76,77,4.27638
1,76,91,4.30276
1,77,78,4.57825
1,77,92,4.88101
1,78,79,5.1471
1,78,93,4.40607
1,79,80,4.70883
1,79,94,4.27638
1,80,81,4.30276
1,80,95,4.57825
1,81,82,4.0
1,81,96,4.70883
1,82,83,4.13059
1,82,97,4.87072
1,83,84,3.80144
1,83,98,5.57956
1,84,85,4.0
1,84,99,5.77812
1,85,86,5.75174
1,85,100,5.30318
1,86,87,4.9074
1,86,101,5.17349
1,87,88,4.73522
1,87,102,5.30318
1,88,89,4.97493
1,88,103,5.30318
1,89,104,4.69855
1,90,91,4.1042
1,90,105,4.13059
1,91,92,4.57825
1,91,106,4.84434
1,92,93,4.88101
1,92,107,4.30276
1,93,94,4.88101
1,93,108,4.1042
1,94,95,3.97361
1,94,109,4.57825
1,95,96,3.80144
1,95,110,4.27638
1,96,97,4.57825
1,96,111,4.84434
1,97,98,5.47536
1,97,112,5.17349
1,98,99,4.69855
1,98,113,4.88101
1,99,100,4.69855
1,99,114,5.30318
1,100,101,4.40607
1,100,115,4.84434
1,101,102,5.57956
1,101,116,5.1471
1,102,103,4.40607
1,102,117,4.88101
1,103,104,3.80144
1,103,118,5.27679
1,104,119,5.47536
1,105,106,4.1042
1,105,120,4.40607
1,106,107,4.70883
1,106,121,4.1042
1,107,108,4.57825
1,107,122,3.97361
1,108,109,4.27638
1,108,123,4.27638
1,109,110,4.40607
1,109,124,4.0
1,110,111,5.57956
1,110,125,3.80144
1,111,112,4.70883
1,111,126,5.60594
1,112,113,5.17349
1,112,127,3.97361
1,113,114,5.77812
1,113,128,5.57956
1,114,115,4.84434
1,114,129,5.1471
1,115,116,4.69855
1,115,130,3.82782
1,116,117,4.43246
1,116,131,4.40607
1,117,118,4.0
1,117,132,4.27638
1,118,119,3.97361
1,118,133,3.82782
1,119,134,4.67216
1,120,121,5.47536
1,120,135,5.44897
1,121,122,4.60463
1,121,136,4.27638
1,122,123,5.27679
1,122,137,4.13059
1,123,124,5.75174
1,123,138,5.00131
1,124,125,4.9074
1,124,139,4.73522
1,125,126,3.82782
1,125,140,5.1471
1,126,127,4.87072
1,126,141,4.57825
1,127,128,3.80144
1,127,142,3.82782
1,128,129,4.13059
1,128,143,5.00131
1,129,130,4.43246
1,129,144,4.9074
1,130,131,4.87072
1,130,145,4.1042
1,131,132,5.75174
1,131,146,4.70883
1,132,133,4.84434
1,132,147,4.87072
1,133,134,3.82782
1,133,148,4.88101
1,134,149,4.1042
1,135,136,5.77812
1,135,150,3.97361
1,136,137,5.44897
1,136,151,5.75174
1,137,138,5.17349
1,137,152,4.30276
1,138,139,5.17349
1,138,153,4.60463
1,139,140,5.17349
1,139,154,4.88101
1,140,141,4.73522
1,140,155,4.97493
1,141,142,4.30276
1,141,156,5.30318
1,142,143,4.73522
1,142,157,4.87072
1,143,144,4.73522
1,143,158,4.88101
1,144,145,4.84434
1,144,159,4.13059
1,145,146,4.9074
1,145,160,5.77812
1,146,147,4.0
1,146,161,5.47536
1,147,148,3.80144
1,147,162,4.70883
1,148,149,4.87072
1,148,163,5.00131
1,149,164,5.1471
1,150,151,3.97361
1,150,165,4.60463
1,151,152,4.88101
1,151,166,5.77812
1,152,153,4.69855
1,152,167,4.67216
1,153,154,4.43246
1,153,168,4.97493
1,154,155,4.30276
1,154,169,4.30276
1,155,156,5.77812
1,155,170,5.47536
1,156,157,4.67216
1,156,171,3.80144
1,157,158,3.80144
1,157,172,4.84434
1,158,159,4.57825
1,158,173,5.60594
1,159,160,4.70883
1,159,174,4.40607
1,160,161,5.75174
1,160,175,5.47536
1,161,162,4.88101
1,161,176,4.30276
1,162,163,4.43246
1,162,177,3.97361
1,163,164,4.97493
1,163,178,4.60463
1,164,179,4.0
1,165,166,4.60463
1,165,180,4.84434
1,166,167,4.9074
1,166,181,5.75174
1,167,168,4.67216
1,167,182,5.47536
1,168,169,5.30318
1,168,183,4.9074
1,169,170,4.9074
1,169,184,5.17349
1,170,171,5.00131
1,170,185,5.00131
1,171,172,4.69855
1,171,186,4.27638
1,172,173,4.84434
1,172,187,4.60463
1,173,174,4.57825
1,173,188,4.88101
1,174,175,5.47536
1,174,189,4.40607
1,175,176,4.70883
1,175,190,3.80144
1,176,177,4.69855
1,176,191,4.0
1,177,178,4.70883
1,177,192,4.60463
1,178,179,5.00131
1,178,193,4.87072
1,179,194,4.13059
1,180,181,5.17349
1,180,195,5.75174
1,181,182,4.60463
1,181,196,4.13059
1,182,183,3.97361
1,182,197,5.60594
1,183,184,5.77812
1,183,198,5.17349
1,184,185,5.60594
1,184,199,5.1471
1,185,186,5.1471
1,185,200,5.1471
1,186,187,4.69855
1,186,201,4.0
1,187,188,5.00131
1,187,202,4.9074
1,188,189,4.87072
1,188,203,4.1042
1,189,190,4.60463
1,189,204,4.0
1,190,191,3.82782
1,190,205,4.1042
1,191,192,5.30318
1,191,206,4.67216
1,192,193,4.57825
1,192,207,4.43246
1,193,194,4.1042
1,193,208,4.70883
1,194,209,5.77812
1,195,196,4.97493
1,195,210,5.44897
1,196,197,4.97493
1,196,211,4.69855
1,197,198,4.40607
1,197,212,4.9074
1,198,199,4.70883
1,198,213,4.84434
1,199,200,4.69855
1,199,214,4.9074
1,200,201,4.1042
1,200,215,5.75174
1,201,202,4.27638
1,201,216,4.60463
1,202,203,5.60594
1,202,217,5.77812
1,203,204,5.17349
1,203,218,5.57956
1,204,205,4.27638
1,204,219,4.9074
1,205,206,4.9074
1,205,220,4.40607
1,206,207,4.60463
1,206,221,5.27679
1,207,208,4.84434
1,207,222,5.27679
1,208,209,4.70883
1,208,223,4.60463
1,209,224,4.67216
1,210,211,4.97493
1,211,212,5.1471
1,212,213,4.97493
1,213,214,5.57956
1,214,215,5.44897
1,215,216,5.27679
1,216,217,3.82782
1,217,218,4.69855
1,218,219,4.87072
1,219,220,3.82782
1,220,221,3.80144
1,221,222,5.1471
1,222,223,5.60594
1,223,224,4.60463
2,0,1,4.31573
2,0,15,4.18157
2,1,2,4.28711
2,1,16,4.31573
2,2,3,4.0
2,2,17,4.12701
2,3,4,3.8551
2,3,18,4.46868
2,4,5,3.8551
2,4,19,4.0
2,5,6,4.04383
2,5,20,3.90966
2,6,7,3.96422
2,6,21,3.99284
2,7,8,3.69232
2,7,22,3.69232
2,8,9,3.99284
2,8,23,4.12701
2,9,10,3.81128
2,9,24,4.01521
2,10,11,4.04383
2,10,25,4.18157
2,11,12,3.40521
2,11,26,3.86584
2,12,13,3.88104
2,12,27,4.14221
2,13,14,4.0
2,13,28,4.19677
2,14,29,4.31573
2,15,16,4.28711
2,15,30,3.72809
2,16,17,3.8551
2,16,31,3.72809
2,17,18,3.88104
2,17,32,3.99284
2,18,19,4.01521
2,18,33,4.31573
2,19,20,4.19677
2,19,34,3.53937
2,20,21,4.18157
2,20,35,4.27996
2,21,22,3.90966
2,21,36,4.01521
2,22,23,4.12701
2,22,37,4.46868
2,23,24,4.01521
2,23,38,3.99284
2,24,25,3.8551
2,24,39,3.81128
2,25,26,4.33094
2,25,40,3.67711
2,26,27,4.46868
2,26,41,3.99284
2,27,28,3.72094
2,27,42,3.8551
2,28,29,3.40521
2,28,43,3.72094
2,29,44,3.72094
2,30,31,4.18157
2,30,45,3.72809
2,31,32,4.46868
2,31,46,3.40521
2,32,33,3.67711
2,32,47,3.72809
2,33,34,4.41412
2,33,48,3.8551
2,34,35,3.8551
2,34,49,4.09839
2,35,36,3.86584
2,35,50,3.67711
2,36,37,3.82648
2,36,51,3.72809
2,37,38,3.69232
2,37,52,3.90966
2,38,39,3.88104
2,38,53,4.46868
2,39,40,3.99284
2,39,54,4.09839
2,40,41,3.40521
2,40,55,4.19677
2,41,42,4.60284
2,41,56,4.14221
2,42,43,4.19677
2,42,57,3.82648
2,43,44,3.86584
2,43,58,4.46868
2,44,59,4.41412
2,45,46,4.41412
2,45,60,3.59393
2,46,47,3.53937
2,46,61,3.59393
2,47,48,3.88104
2,47,62,4.41412
2,48,49,3.40521
2,48,63,3.81128
2,49,50,4.18157
2,49,64,4.09839
2,50,51,4.33094
2,50,65,3.72094
2,51,52,4.28711
2,51,66,4.09839
2,52,53,4.27996
2,52,67,4.28711
2,53,54,4.28711
2,53,68,4.00805
2,54,55,4.09839
2,54,69,3.40521
2,55,56,3.8551
2,55,70,4.04383
2,56,57,4.19677
2,56,71,4.28711
2,57,58,3.86584
2,57,72,3.81128
2,58,59,4.14221
2,58,73,4.41412
2,59,74,3.96422
2,60,61,4.15295
2,60,75,3.86584
2,61,62,3.96422
2,61,76,4.14221
2,62,63,3.40521
2,62,77,3.86584
2,63,64,3.53937
2,63,78,4.00805
2,64,65,4.28711
2,64,79,4.04383
2,65,66,3.99284
2,65,80,3.69232
2,66,67,4.33094
2,66,81,3.8551
2,67,68,4.14221
2,67,82,3.90966
2,68,69,4.41412
2,68,83,3.53937
2,69,70,3.86584
2,69,84,3.8551
2,70,71,4.31573
2,70,85,4.01521
2,71,72,4.33094
2,71,86,4.41412
2,72,73,4.46868
2,72,87,3.59393
2,73,74,3.59393
2,73,88,3.59393
2,74,89,3.81128
2,75,76,3.72094
2,75,90,4.14221
2,76,77,4.09839
2,76,91,4.28711
2,77,78,4.12701
2,77,92,4.41412
2,78,79,3.96422
2,78,93,3.8551
2,79,80,4.14221
2,79,94,4.09839
2,80,81,4.28711
2,80,95,4.12701
2,81,82,4.0
2,81,96,4.14221
2,82,83,4.01521
2,82,97,3.86584
2,83,84,3.53937
2,83,98,4.00805
2,84,85,4.0
2,84,99,4.46868
2,85,86,4.27996
2,85,100,3.90966
2,86,87,4.60284
2,86,101,4.15295
2,87,88,4.33094
2,87,102,3.90966
2,88,89,3.69232
2,88,103,3.90966
2,89,104,3.59393
2,90,91,3.82648
2,90,105,4.01521
2,91,92,4.12701
2,91,106,3.67711
2,92,93,4.41412
2,92,107,4.28711
2,93,94,4.41412
2,93,108,3.82648
2,94,95,3.81128
2,94,109,4.12701
2,95,96,3.53937
2,95,110,4.09839
2,96,97,4.12701
2,96,111,3.67711
2,97,98,4.18157
2,97,112,4.15295
2,98,99,3.59393
2,98,113,4.41412
2,99,100,3.59393
2,99,114,3.90966
2,100,101,3.8551
2,100,115,3.67711
2,101,102,4.00805
2,101,116,3.96422
2,102,103,3.8551
2,102,117,4.41412
2,103,104,3.53937
2,103,118,3.72094
2,104,119,4.18157
2,105,106,3.82648
2,105,120,3.8551
2,106,107,4.14221
2,106,121,3.82648
2,107,108,4.12701
2,107,122,3.81128
2,108,109,4.09839
2,108,123,4.09839
2,109,110,3.8551
2,109,124,4.0
2,110,111,4.00805
2,110,125,3.53937
2,111,112,4.14221
2,111,126,4.19677
2,112,113,4.15295
2,112,127,3.81128
2,113,114,4.46868
2,113,128,4.00805
2,114,115,3.67711
2,114,129,3.96422
2,115,116,3.59393
2,115,130,3.72809
2,116,117,4.04383
2,116,131,3.8551
2,117,118,4.0
2,117,132,4.09839
2,118,119,3.81128
2,118,133,3.72809
2,119,134,3.40521
2,120,121,4.18157
2,120,135,3.99284
2,121,122,4.31573
2,121,136,4.09839
2,122,123,3.72094
2,122,137,4.01521
2,123,124,4.27996
2,123,138,3.88104
2,124,125,4.60284
2,124,139,4.33094
2,125,126,3.72809
2,125,140,3.96422
2,126,127,3.86584
2,126,141,4.12701
2,127,128,3.53937
2,127,142,3.72809
2,128,129,4.01521
2,128,143,3.88104
2,129,130,4.04383
2,129,144,4.60284
2,130,131,3.86584
2,130,145,3.82648
2,131,132,4.27996
2,131,146,4.14221
2,132,133,3.67711
2,132,147,3.86584
2,133,134,3.72809
2,133,148,4.41412
2,134,149,3.82648
2,135,136,4.46868
2,135,150,3.81128
2,136,137,3.99284
2,136,151,4.27996
2,137,138,4.15295
2,137,152,4.28711
2,138,139,4.15295
2,138,153,4.31573
2,139,140,4.15295
2,139,154,4.41412
2,140,141,4.33094
2,140,155,3.69232
2,141,142,4.28711
2,141,156,3.90966
2,142,143,4.33094
2,142,157,3.86584
2,143,144,4.33094
2,143,158,4.41412
2,144,145,3.67711
2,144,159,4.01521
2,145,146,4.60284
2,145,160,4.46868
2,146,147,4.0
2,146,161,4.18157
2,147,148,3.53937
2,147,162,4.14221
2,148,149,3.86584
2,148,163,3.88104
2,149,164,3.96422
2,150,151,3.81128
2,150,165,4.31573
2,151,152,4.41412
2,151,166,4.46868
2,152,153,3.59393
2,152,167,3.40521
2,153,154,4.04383
2,153,168,3.69232
2,154,155,4.28711
2,154,169,4.28711
2,155,156,4.46868
2,155,170,4.18157
2,156,157,3.40521
2,156,171,3.53937
2,157,158,3.53937
2,157,172,3.67711
2,158,159,4.12701
2,158,173,4.19677
2,159,160,4.14221
2,159,174,3.8551
2,160,161,4.27996
2,160,175,4.18157
2,161,162,4.41412
2,161,176,4.28711
2,162,163,4.04383
2,162,177,3.81128
2,163,164,3.69232
2,163,178,4.31573
2,164,179,4.0
2,165,166,4.31573
2,165,180,3.67711
2,166,167,4.60284
2,166,181,4.27996
2,167,168,3.40521
2,167,182,4.18157
2,168,169,3.90966
2,168,183,4.60284
2,169,170,4.60284
2,169,184,4.15295
2,170,171,3.88104
2,170,185,3.88104
2,171,172,3.59393
2,171,186,4.09839
2,172,173,3.67711
2,172,187,4.31573
2,173,174,4.12701
2,173,188,4.41412
2,174,175,4.18157
2,174,189,3.8551
2,175,176,4.14221
2,175,190,3.53937
2,176,177,3.59393
2,176,191,4.0
2,177,178,4.14221
2,177,192,4.31573
2,178,179,3.88104
2,178,193,3.86584
2,179,194,4.01521
2,180,181,4.15295
2,180,195,4.27996
2,181,182,4.31573
2,181,196,4.01521
2,182,183,3.81128
2,182,197,4.19677
2,183,184,4.46868
2,183,198,4.15295
2,184,185,4.19677
2,184,199,3.96422
2,185,186,3.96422
2,185,200,3.96422
2,186,187,3.59393
2,186,201,4.0
2,187,188,3.88104
2,187,202,4.60284
2,188,189,3.86584
2,188,203,3.82648
2,189,190,4.31573
2,189,204,4.0
2,190,191,3.72809
2,190,205,3.82648
2,191,192,3.90966
2,191,206,3.40521
2,192,193,4.12701
2,192,207,4.04383
2,193,194,3.82648
2,193,208,4.14221
2,194,209,4.46868
2,195,196,3.69232
2,195,210,3.99284
2,196,197,3.69232
2,196,211,3.59393
2,197,198,3.8551
2,197,212,4.60284
2,198,199,4.14221
2,198,213,3.67711
2,199,200,3.59393
2,199,214,4.60284
2,200,201,3.82648
2,200,215,4.27996
2,201,202,4.09839
2,201,216,4.31573
2,202,203,4.19677
2,202,217,4.46868
2,203,204,4.15295
2,203,218,4.00805
2,204,205,4.09839
2,204,219,4.60284
2,205,206,4.60284
2,205,220,3.8551
2,206,207,4.31573
2,206,221,3.72094
2,207,208,3.67711
2,207,222,3.72094
2,208,209,4.14221
2,208,223,4.31573
2,209,224,3.40521
2,210,211,3.69232
2,211,212,3.96422
2,212,213,3.69232
2,213,214,4.00805
2,214,215,3.99284
2,215,216,3.72094
2,216,217,3.72809
2,217,218,3.59393
2,218,219,3.86584
2,219,220,3.72809
2,220,221,3.53937
2,221,222,3.96422
2,222,223,4.19677
2,223,224,4.31573
3,0,1,3.43159
3,0,15,3.29385
3,1,2,3.54653
3,1,16,3.43159
3,2,3,4.0
3,2,17,3.81083
3,3,4,3.08679
3,3,18,2.84038
3,4,5,3.08679
3,4,19,4.0
3,5,6,2.70755
3,5,20,2.56981
3,6,7,3.78802
3,6,21,3.67309
3,7,8,3.06398
3,7,22,3.06398
3,8,9,3.67309
3,8,23,3.81083
3,9,10,4.37924
3,9,24,2.82249
3,10,11,2.70755
3,10,25,3.29385
3,11,12,3.51746
3,11,26,3.86226
3,12,13,2.68474
3,12,27,2.63332
3,13,14,4.0
3,13,28,2.11634
3,14,29,3.43159
3,15,16,3.54653
3,15,30,3.27596
3,16,17,3.08679
3,16,31,3.27596
3,17,18,2.68474
3,17,32,3.67309
3,18,19,2.82249
3,18,33,3.43159
3,19,20,2.11634
3,19,34,3.6552
3,20,21,3.29385
3,20,35,3.21961
3,21,22,2.56981
3,21,36,2.82249
3,22,23,3.81083
3,22,37,2.84038
3,23,24,2.82249
3,23,38,3.67309
3,24,25,3.08679
3,24,39,4.37924
3,25,26,2.25408
3,25,40,4.2415
3,26,27,2.84038
3,26,41,3.67309
3,27,28,2.94905
3,27,42,3.08679
3,28,29,3.51746
3,28,43,2.94905
3,29,44,2.94905
3,30,31,3.29385
3,30,45,3.27596
3,31,32,2.84038
3,31,46,3.51746
3,32,33,4.2415
3,32,47,3.27596
3,33,34,3.35735
3,33,48,3.08679
3,34,35,3.08679
3,34,49,3.92576
3,35,36,3.86226
3,35,50,4.2415
3,36,37,3.20172
3,36,51,3.27596
3,37,38,3.06398
3,37,52,2.56981
3,38,39,2.68474
3,38,53,2.84038
3,39,40,3.67309
3,39,54,3.92576
3,40,41,3.51746
3,40,55,2.11634
3,41,42,2.97812
3,41,56,2.63332
3,42,43,2.11634
3,42,57,3.20172
3,43,44,3.86226
3,43,58,2.84038
3,44,59,3.35735
3,45,46,3.35735
3,45,60,3.13822
3,46,47,3.6552
3,46,61,3.13822
3,47,48,2.68474
3,47,62,3.35735
3,48,49,3.51746
3,48,63,4.37924
3,49,50,3.29385
3,49,64,3.92576
3,50,51,2.25408
3,50,65,2.94905
3,51,52,3.54653
3,51,66,3.92576
3,52,53,3.21961
3,52,67,3.54653
3,53,54,3.54653
3,53,68,2.49557
3,54,55,3.92576
3,54,69,3.51746
3,55,56,3.08679
3,55,70,2.70755
3,56,57,2.11634
3,56,71,3.54653
3,57,58,3.86226
3,57,72,4.37924
3,58,59,2.63332
3,58,73,3.35735
3,59,74,3.78802
3,60,61,3.40878
3,60,75,3.86226
3,61,62,3.78802
3,61,76,2.63332
3,62,63,3.51746
3,62,77,3.86226
3,63,64,3.6552
3,63,78,2.49557
3,64,65,3.54653
3,64,79,2.70755
3,65,66,3.67309
3,65,80,3.06398
3,66,67,2.25408
3,66,81,3.08679
3,67,68,2.63332
3,67,82,2.56981
3,68,69,3.35735
3,68,83,3.6552
3,69,70,3.86226
3,69,84,3.08679
3,70,71,3.43159
3,70,85,2.82249
3,71,72,2.25408
3,71,86,3.35735
3,72,73,2.84038
3,72,87,3.13822
3,73,74,3.13822
3,73,88,3.13822
3,74,89,4.37924
3,75,76,2.94905
3,75,90,2.63332
3,76,77,3.92576
3,76,91,3.54653
3,77,78,3.81083
3,77,92,3.35735
3,78,79,3.78802
3,78,93,3.08679
3,79,80,2.63332
3,79,94,3.92576
3,80,81,3.54653
3,80,95,3.81083
3,81,82,4.0
3,81,96,2.63332
3,82,83,2.82249
3,82,97,3.86226
3,83,84,3.6552
3,83,98,2.49557
3,84,85,4.0
3,84,99,2.84038
3,85,86,3.21961
3,85,100,2.56981
3,86,87,2.97812
3,86,101,3.40878
3,87,88,2.25408
3,87,102,2.56981
3,88,89,3.06398
3,88,103,2.56981
3,89,104,3.13822
3,90,91,3.20172
3,90,105,2.82249
3,91,92,3.81083
3,91,106,4.2415
3,92,93,3.35735
3,92,107,3.54653
3,93,94,3.35735
3,93,108,3.20172
3,94,95,4.37924
3,94,109,3.81083
3,95,96,3.6552
3,95,110,3.92576
3,96,97,3.81083
3,96,111,4.2415
3,97,98,3.29385
3,97,112,3.40878
3,98,99,3.13822
3,98,113,3.35735
3,99,100,3.13822
3,99,114,2.56981
3,100,101,3.08679
3,100,115,4.2415
3,101,102,2.49557
3,101,116,3.78802
3,102,103,3.08679
3,102,117,3.35735
3,103,104,3.6552
3,103,118,2.94905
3,104,119,3.29385
3,105,106,3.20172
3,105,120,3.08679
3,106,107,2.63332
3,106,121,3.20172
3,107,108,3.81083
3,107,122,4.37924
3,108,109,3.92576
3,108,123,3.92576
3,109,110,3.08679
3,109,124,4.0
3,110,111,2.49557
3,110,125,3.6552
3,111,112,2.63332
3,111,126,2.11634
3,112,113,3.40878
3,112,127,4.37924
3,113,114,2.84038
3,113,128,2.49557
3,114,115,4.2415
3,114,129,3.78802
3,115,116,3.13822
3,115,130,3.27596
3,116,117,2.70755
3,116,131,3.08679
3,117,118,4.0
3,117,132,3.92576
3,118,119,4.37924
3,118,133,3.27596
3,119,134,3.51746
3,120,121,3.29385
3,120,135,3.67309
3,121,122,3.43159
3,121,136,3.92576
3,122,123,2.94905
3,122,137,2.82249
3,123,124,3.21961
3,123,138,2.68474
3,124,125,2.97812
3,124,139,2.25408
3,125,126,3.27596
3,125,140,3.78802
3,126,127,3.86226
3,126,141,3.81083
3,127,128,3.6552
3,127,142,3.27596
3,128,129,2.82249
3,128,143,2.68474
3,129,130,2.70755
3,129,144,2.97812
3,130,131,3.86226
3,130,145,3.20172
3,131,132,3.21961
3,131,146,2.63332
3,132,133,4.2415
3,132,147,3.86226
3,133,134,3.27596
3,133,148,3.35735
3,134,149,3.20172
3,135,136,2.84038
3,135,150,4.37924
3,136,137,3.67309
3,136,151,3.21961
3,137,138,3.40878
3,137,152,3.54653
3,138,139,3.40878
3,138,153,3.43159
3,139,140,3.40878
3,139,154,3.35735
3,140,141,2.25408
3,140,155,3.06398
3,141,142,3.54653
3,141,156,2.56981
3,142,143,2.25408
3,142,157,3.86226
3,143,144,2.25408
3,143,158,3.35735
3,144,145,4.2415
3,144,159,2.82249
3,145,146,2.97812
3,145,160,2.84038
3,146,147,4.0
3,146,161,3.29385
3,147,148,3.6552
3,147,162,2.63332
3,148,149,3.86226
3,148,163,2.68474
3,149,164,3.78802
3,150,151,4.37924
3,150,165,3.43159
3,151,152,3.35735
3,151,166,2.84038
3,152,153,3.13822
3,152,167,3.51746
3,153,154,2.70755
3,153,168,3.06398
3,154,155,3.54653
3,154,169,3.54653
3,155,156,2.84038
3,155,170,3.29385
3,156,157,3.51746
3,156,171,3.6552
3,157,158,3.6552
3,157,172,4.2415
3,158,159,3.81083
3,158,173,2.11634
3,159,160,2.63332
3,159,174,3.08679
3,160,161,3.21961
3,160,175,3.29385
3,161,162,3.35735
3,161,176,3.54653
3,162,163,2.70755
3,162,177,4.37924
3,163,164,3.06398
3,163,178,3.43159
3,164,179,4.0
3,165,166,3.43159
3,165,180,4.2415
3,166,167,2.97812
3,166,181,3.21961
3,167,168,3.51746
3,167,182,3.29385
3,168,169,2.56981
3,168,183,2.97812
3,169,170,2.97812
3,169,184,3.40878
3,170,171,2.68474
3,170,185,2.68474
3,171,172,3.13822
3,171,186,3.92576
3,172,173,4.2415
3,172,187,3.43159
3,173,174,3.81083
3,173,188,3.35735
3,174,175,3.29385
3,174,189,3.08679
3,175,176,2.63332
3,175,190,3.6552
3,176,177,3.13822
3,176,191,4.0
3,177,178,2.63332
3,177,192,3.43159
3,178,179,2.68474
3,178,193,3.86226
3,179,194,2.82249
3,180,181,3.40878
3,180,195,3.21961
3,181,182,3.43159
3,181,196,2.82249
3,182,183,4.37924
3,182,197,2.11634
3,183,184,2.84038
3,183,198,3.40878
3,184,185,2.11634
3,184,199,3.78802
3,185,186,3.78802
3,185,200,3.78802
3,186,187,3.13822
3,186,201,4.0
3,187,188,2.68474
3,187,202,2.97812
3,188,189,3.86226
3,188,203,3.20172
3,189,190,3.43159
3,189,204,4.0
3,190,191,3.27596
3,190,205,3.20172
3,191,192,2.56981
3,191,206,3.51746
3,192,193,3.81083
3,192,207,2.70755
3,193,194,3.20172
3,193,208,2.63332
3,194,209,2.84038
3,195,196,3.06398
3,195,210,3.67309
3,196,197,3.06398
3,196,211,3.13822
3,197,198,3.08679
3,197,212,2.97812
3,198,199,2.63332
3,198,213,4.2415
3,199,200,3.13822
3,199,214,2.97812
3,200,201,3.20172
3,200,215,3.21961
3,201,202,3.92576
3,201,216,3.43159
3,202,203,2.11634
3,202,217,2.84038
3,203,204,3.40878
3,203,218,2.49557
3,204,205,3.92576
3,204,219,2.97812
3,205,206,2.97812
3,205,220,3.08679
3,206,207,3.43159
3,206,221,2.94905
3,207,208,4.2415
3,207,222,2.94905
3,208,209,2.63332
3,208,223,3.43159
3,209,224,3.51746
3,210,211,3.06398
3,211,212,3.78802
3,212,213,3.06398
3,213,214,2.49557
3,214,215,3.67309
3,215,216,2.94905
3,216,217,3.27596
3,217,218,3.13822
3,218,219,3.86226
3,219,220,3.27596
3,220,221,3.6552
3,221,222,3.78802
3,222,223,2.11634
3,223,224,3.43159
4,0,1,4.05054
4,0,15,4.03488
4,1,2,5.36937
4,1,16,4.05054
4,2,3,4.0
4,2,17,3.9356
4,3,4,4.04159
4,3,18,5.40425
4,4,5,4.04159
4,4,19,4.0
4,5,6,4.15652
4,5,20,4.14087
4,6,7,5.23878
4,6,21,3.91995
4,7,8,5.34477
4,7,22,5.34477
4,8,9,3.91995
4,8,23,3.9356
4,9,10,3.88507
4,9,24,5.47536
4,10,11,4.15652
4,10,25,4.03488
4,11,12,3.9754
4,11,26,3.98435
4,12,13,5.45971
4,12,27,5.41096
4,13,14,4.0
4,13,28,5.51024
4,14,29,4.05054
4,15,16,5.36937
4,15,30,4.10599
4,16,17,4.04159
4,16,31,4.10599
4,17,18,5.45971
4,17,32,3.91995
4,18,19,5.47536
4,18,33,4.05054
4,19,20,5.51024
4,19,34,3.99106
4,20,21,4.03488
4,20,35,5.28932
4,21,22,4.14087
4,21,36,5.47536
4,22,23,3.9356
4,22,37,5.40425
4,23,24,5.47536
4,23,38,3.91995
4,24,25,4.04159
4,24,39,3.88507
4,25,26,5.52589
4,25,40,3.86941
4,26,27,5.40425
4,26,41,3.91995
4,27,28,4.02594
4,27,42,4.04159
4,28,29,3.9754
4,28,43,4.02594
4,29,44,4.02594
4,30,31,4.03488
4,30,45,4.10599
4,31,32,5.40425
4,31,46,3.9754
4,32,33,3.86941
4,32,47,4.10599
4,33,34,5.30497
4,33,48,4.04159
4,34,35,4.04159
4,34,49,5.25443
4,35,36,3.98435
4,35,50,3.86941
4,36,37,5.36042
4,36,51,4.10599
4,37,38,5.34477
4,37,52,4.14087
4,38,39,5.45971
4,38,53,5.40425
4,39,40,3.91995
4,39,54,5.25443
4,40,41,3.9754
4,40,55,5.51024
4,41,42,5.4199
4,41,56,5.41096
4,42,43,5.51024
4,42,57,5.36042
4,43,44,3.98435
4,43,58,5.40425
4,44,59,5.30497
4,45,46,5.30497
4,45,60,4.09034
4,46,47,3.99106
4,46,61,4.09034
4,47,48,5.45971
4,47,62,5.30497
4,48,49,3.9754
4,48,63,3.88507
4,49,50,4.03488
4,49,64,5.25443
4,50,51,5.52589
4,50,65,4.02594
4,51,52,5.36937
4,51,66,5.25443
4,52,53,5.28932
4,52,67,5.36937
4,53,54,5.36937
4,53,68,5.39531
4,54,55,5.25443
4,54,69,3.9754
4,55,56,4.04159
4,55,70,4.15652
4,56,57,5.51024
4,56,71,5.36937
4,57,58,3.98435
4,57,72,3.88507
4,58,59,5.41096
4,58,73,5.30497
4,59,74,5.23878
4,60,61,5.35372
4,60,75,3.98435
4,61,62,5.23878
4,61,76,5.41096
4,62,63,3.9754
4,62,77,3.98435
4,63,64,3.99106
4,63,78,5.39531
4,64,65,5.36937
4,64,79,4.15652
4,65,66,3.91995
4,65,80,5.34477
4,66,67,5.52589
4,66,81,4.04159
4,67,68,5.41096
4,67,82,4.14087
4,68,69,5.30497
4,68,83,3.99106
4,69,70,3.98435
4,69,84,4.04159
4,70,71,4.05054
4,70,85,5.47536
4,71,72,5.52589
4,71,86,5.30497
4,72,73,5.40425
4,72,87,4.09034
4,73,74,4.09034
4,73,88,4.09034
4,74,89,3.88507
4,75,76,4.02594
4,75,90,5.41096
4,76,77,5.25443
4,76,91,5.36937
4,77,78,3.9356
4,77,92,5.30497
4,78,79,5.23878
4,78,93,4.04159
4,79,80,5.41096
4,79,94,5.25443
4,80,81,5.36937
4,80,95,3.9356
4,81,82,4.0
4,81,96,5.41096
4,82,83,5.47536
4,82,97,3.98435
4,83,84,3.99106
4,83,98,5.39531
4,84,85,4.0
4,84,99,5.40425
4,85,86,5.28932
4,85,100,4.14087
4,86,87,5.4199
4,86,101,5.35372
4,87,88,5.52589
4,87,102,4.14087
4,88,89,5.34477
4,88,103,4.14087
4,89,104,4.09034
4,90,91,5.36042
4,90,105,5.47536
4,91,92,3.9356
4,91,106,3.86941
4,92,93,5.30497
4,92,107,5.36937
4,93,94,5.30497
4,93,108,5.36042
4,94,95,3.88507
4,94,109,3.9356
4,95,96,3.99106
4,95,110,5.25443
4,96,97,3.9356
4,96,111,3.86941
4,97,98,4.03488
4,97,112,5.35372
4,98,99,4.09034
4,98,113,5.30497
4,99,100,4.09034
4,99,114,4.14087
4,100,101,4.04159
4,100,115,3.86941
4,101,102,5.39531
4,101,116,5.23878
4,102,103,4.04159
4,102,117,5.30497
4,103,104,3.99106
4,103,118,4.02594
4,104,119,4.03488
4,105,106,5.36042
4,105,120,4.04159
4,106,107,5.41096
4,106,121,5.36042
4,107,108,3.9356
4,107,122,3.88507
4,108,109,5.25443
4,108,123,5.25443
4,109,110,4.04159
4,109,124,4.0
4,110,111,5.39531
4,110,125,3.99106
4,111,112,5.41096
4,111,126,5.51024
4,112,113,5.35372
4,112,127,3.88507
4,113,114,5.40425
4,113,128,5.39531
4,114,115,3.86941
4,114,129,5.23878
4,115,116,4.09034
4,115,130,4.10599
4,116,117,4.15652
4,116,131,4.04159
4,117,118,4.0
4,117,132,5.25443
4,118,119,3.88507
4,118,133,4.10599
4,119,134,3.9754
4,120,121,4.03488
4,120,135,3.91995
4,121,122,4.05054
4,121,136,5.25443
4,122,123,4.02594
4,122,137,5.47536
4,123,124,5.28932
4,123,138,5.45971
4,124,125,5.4199
4,124,139,5.52589
4,125,126,4.10599
4,125,140,5.23878
4,126,127,3.98435
4,126,141,3.9356
4,127,128,3.99106
4,127,142,4.10599
4,128,129,5.47536
4,128,143,5.45971
4,129,130,4.15652
4,129,144,5.4199
4,130,131,3.98435
4,130,145,5.36042
4,131,132,5.28932
4,131,146,5.41096
4,132,133,3.86941
4,132,147,3.98435
4,133,134,4.10599
4,133,148,5.30497
4,134,149,5.36042
4,135,136,5.40425
4,135,150,3.88507
4,136,137,3.91995
4,136,151,5.28932
4,137,138,5.35372
4,137,152,5.36937
4,138,139,5.35372
4,138,153,4.05054
4,139,140,5.35372
4,139,154,5.30497
4,140,141,5.52589
4,140,155,5.34477
4,141,142,5.36937
4,141,156,4.14087
4,142,143,5.52589
4,142,157,3.98435
4,143,144,5.52589
4,143,158,5.30497
4,144,145,3.86941
4,144,159,5.47536
4,145,146,5.4199
4,145,160,5.40425
4,146,147,4.0
4,146,161,4.03488
4,147,148,3.99106
4,147,162,5.41096
4,148,149,3.98435
4,148,163,5.45971
4,149,164,5.23878
4,150,151,3.88507
4,150,165,4.05054
4,151,152,5.30497
4,151,166,5.40425
4,152,153,4.09034
4,152,167,3.9754
4,153,154,4.15652
4,153,168,5.34477
4,154,155,5.36937
4,154,169,5.36937
4,155,156,5.40425
4,155,170,4.03488
4,156,157,3.9754
4,156,171,3.99106
4,157,158,3.99106
4,157,172,3.86941
4,158,159,3.9356
4,158,173,5.51024
4,159,160,5.41096
4,159,174,4.04159
4,160,161,5.28932
4,160,175,4.03488
4,161,162,5.30497
4,161,176,5.36937
4,162,163,4.15652
4,162,177,3.88507
4,163,164,5.34477
4,163,178,4.05054
4,164,179,4.0
4,165,166,4.05054
4,165,180,3.86941
4,166,167,5.4199
4,166,181,5.28932
4,167,168,3.9754
4,167,182,4.03488
4,168,169,4.14087
4,168,183,5.4199
4,169,170,5.4199
4,169,184,5.35372
4,170,171,5.45971
4,170,185,5.45971
4,171,172,4.09034
4,171,186,5.25443
4,172,173,3.86941
4,172,187,4.05054
4,173,174,3.9356
4,173,188,5.30497
4,174,175,4.03488
4,174,189,4.04159
4,175,176,5.41096
4,175,190,3.99106
4,176,177,4.09034
4,176,191,4.0
4,177,178,5.41096
4,177,192,4.05054
4,178,179,5.45971
4,178,193,3.98435
4,179,194,5.47536
4,180,181,5.35372
4,180,195,5.28932
4,181,182,4.05054
4,181,196,5.47536
4,182,183,3.88507
4,182,197,5.51024
4,183,184,5.40425
4,183,198,5.35372
4,184,185,5.51024
4,184,199,5.23878
4,185,186,5.23878
4,185,200,5.23878
4,186,187,4.09034
4,186,201,4.0
4,187,188,5.45971
4,187,202,5.4199
4,188,189,3.98435
4,188,203,5.36042
4,189,190,4.05054
4,189,204,4.0
4,190,191,4.10599
4,190,205,5.36042
4,191,192,4.14087
4,191,206,3.9754
4,192,193,3.9356
4,192,207,4.15652
4,193,194,5.36042
4,193,208,5.41096
4,194,209,5.40425
4,195,196,5.34477
4,195,210,3.91995
4,196,197,5.34477
4,196,211,4.09034
4,197,198,4.04159
4,197,212,5.4199
4,198,199,5.41096
4,198,213,3.86941
4,199,200,4.09034
4,199,214,5.4199
4,200,201,5.36042
4,200,215,5.28932
4,201,202,5.25443
4,201,216,4.05054
4,202,203,5.51024
4,202,217,5.40425
4,203,204,5.35372
4,203,218,5.39531
4,204,205,5.25443
4,204,219,5.4199
4,205,206,5.4199
4,205,220,4.04159
4,206,207,4.05054
4,206,221,4.02594
4,207,208,3.86941
4,207,222,4.02594
4,208,209,5.41096
4,208,223,4.05054
4,209,224,3.9754
4,210,211,5.34477
4,211,212,5.23878
4,212,213,5.34477
4,213,214,5.39531
4,214,215,3.91995
4,215,216,4.02594
4,216,217,4.10599
4,217,218,4.09034
4,218,219,3.98435
4,219,220,4.10599
4,220,221,3.99106
4,221,222,5.23878
4,222,223,5.51024
4,223,224,4.05054
5,0,1,4.25715
5,0,15,4.26341
5,1,2,3.856
5,1,16,4.25715
5,2,3,4.0
5,2,17,4.11538
5,3,4,3.97764
5,3,18,4.11941
5,4,5,3.97764
5,4,19,4.0
5,5,6,4.11941
5,5,20,4.12567
5,6,7,3.72049
5,6,21,4.12164
5,7,8,3.58275
5,7,22,3.58275
5,8,9,4.12164
5,8,23,4.11538
5,9,10,3.85823
5,9,24,3.71826
5,10,11,4.11941
5,10,25,4.26341
5,11,12,3.72675
5,11,26,4.00626
5,12,13,3.72452
5,12,27,3.83364
5,13,14,4.0
5,13,28,3.98166
5,14,29,4.25715
5,15,16,3.856
5,15,30,3.86226
5,16,17,3.97764
5,16,31,3.86226
5,17,18,3.72452
5,17,32,4.12164
5,18,19,3.71826
5,18,33,4.25715
5,19,20,3.98166
5,19,34,3.72049
5,20,21,4.26341
5,20,35,3.97764
5,21,22,4.12567
5,21,36,3.71826
5,22,23,4.11538
5,22,37,4.11941
5,23,24,3.71826
5,23,38,4.12164
5,24,25,3.97764
5,24,39,3.85823
5,25,26,3.9754
5,25,40,3.86449
5,26,27,4.11941
5,26,41,4.12164
5,27,28,3.9839
5,27,42,3.97764
5,28,29,3.72675
5,28,43,3.9839
5,29,44,3.9839
5,30,31,4.26341
5,30,45,3.86226
5,31,32,4.11941
5,31,46,3.72675
5,32,33,3.86449
5,32,47,3.86226
5,33,34,3.97138
5,33,48,3.97764
5,34,35,3.97764
5,34,49,3.71423
5,35,36,4.00626
5,35,50,3.86449
5,36,37,3.57649
5,36,51,3.86226
5,37,38,3.58275
5,37,52,4.12567
5,38,39,3.72452
5,38,53,4.11941
5,39,40,4.12164
5,39,54,3.71423
5,40,41,3.72675
5,40,55,3.98166
5,41,42,4.11315
5,41,56,3.83364
5,42,43,3.98166
5,42,57,3.57649
5,43,44,4.00626
5,43,58,4.11941
5,44,59,3.97138
5,45,46,3.97138
5,45,60,3.86852
5,46,47,3.72049
5,46,61,3.86852
5,47,48,3.72452
5,47,62,3.97138
5,48,49,3.72675
5,48,63,3.85823
5,49,50,4.26341
5,49,64,3.71423
5,50,51,3.9754
5,50,65,3.9839
5,51,52,3.856
5,51,66,3.71423
5,52,53,3.97764
5,52,67,3.856
5,53,54,3.856
5,53,68,3.8399
5,54,55,3.71423
5,54,69,3.72675
5,55,56,3.97764
5,55,70,4.11941
5,56,57,3.98166
5,56,71,3.856
5,57,58,4.00626
5,57,72,3.85823
5,58,59,3.83364
5,58,73,3.97138
5,59,74,3.72049
5,60,61,3.86226
5,60,75,4.00626
5,61,62,3.72049
5,61,76,3.83364
5,62,63,3.72675
5,62,77,4.00626
5,63,64,3.72049
5,63,78,3.8399
5,64,65,3.856
5,64,79,4.11941
5,65,66,4.12164
5,65,80,3.58275
5,66,67,3.9754
5,66,81,3.97764
5,67,68,3.83364
5,67,82,4.12567
5,68,69,3.97138
5,68,83,3.72049
5,69,70,4.00626
5,69,84,3.97764
5,70,71,4.25715
5,70,85,3.71826
5,71,72,3.9754
5,71,86,3.97138
5,72,73,4.11941
5,72,87,3.86852
5,73,74,3.86852
5,73,88,3.86852
5,74,89,3.85823
5,75,76,3.9839
5,75,90,3.83364
5,76,77,3.71423
5,76,91,3.856
5,77,78,4.11538
5,77,92,3.97138
5,78,79,3.72049
5,78,93,3.97764
5,79,80,3.83364
5,79,94,3.71423
5,80,81,3.856
5,80,95,4.11538
5,81,82,4.0
5,81,96,3.83364
5,82,83,3.71826
5,82,97,4.00626
5,83,84,3.72049
5,83,98,3.8399
5,84,85,4.0
5,84,99,4.11941
5,85,86,3.97764
5,85,100,4.12567
5,86,87,4.11315
5,86,101,3.86226
5,87,88,3.9754
5,87,102,4.12567
5,88,89,3.58275
5,88,103,4.12567
5,89,104,3.86852
5,90,91,3.57649
5,90,105,3.71826
5,91,92,4.11538
5,91,106,3.86449
5,92,93,3.97138
5,92,107,3.856
5,93,94,3.97138
5,93,108,3.57649
5,94,95,3.85823
5,94,109,4.11538
5,95,96,3.72049
5,95,110,3.71423
5,96,97,4.11538
5,96,111,3.86449
5,97,98,4.26341
5,97,112,3.86226
5,98,99,3.86852
5,98,113,3.97138
5,99,100,3.86852
5,99,114,4.12567
5,100,101,3.97764
5,100,115,3.86449
5,101,102,3.8399
5,101,116,3.72049
5,102,103,3.97764
5,102,117,3.97138
5,103,104,3.72049
5,103,118,3.9839
5,104,119,4.26341
5,105,106,3.57649
5,105,120,3.97764
5,106,107,3.83364
5,106,121,3.57649
5,107,108,4.11538
5,107,122,3.85823
5,108,109,3.71423
5,108,123,3.71423
5,109,110,3.97764
5,109,124,4.0
5,110,111,3.8399
5,110,125,3.72049
5,111,112,3.83364
5,111,126,3.98166
5,112,113,3.86226
5,112,127,3.85823
5,113,114,4.11941
5,113,128,3.8399
5,114,115,3.86449
5,114,129,3.72049
5,115,116,3.86852
5,115,130,3.86226
5,116,117,4.11941
5,116,131,3.97764
5,117,118,4.0
5,117,132,3.71423
5,118,119,3.85823
5,118,133,3.86226
5,119,134,3.72675
5,120,121,4.26341
5,120,135,4.12164
5,121,122,4.25715
5,121,136,3.71423
5,122,123,3.9839
5,122,137,3.71826
5,123,124,3.97764
5,123,138,3.72452
5,124,125,4.11315
5,124,139,3.9754
5,125,126,3.86226
5,125,140,3.72049
5,126,127,4.00626
5,126,141,4.11538
5,127,128,3.72049
5,127,142,3.86226
5,128,129,3.71826
5,128,143,3.72452
5,129,130,4.11941
5,129,144,4.11315
5,130,131,4.00626
5,130,145,3.57649
5,131,132,3.97764
5,131,146,3.83364
5,132,133,3.86449
5,132,147,4.00626
5,133,134,3.86226
5,133,148,3.97138
5,134,149,3.57649
5,135,136,4.11941
5,135,150,3.85823
5,136,137,4.12164
5,136,151,3.97764
5,137,138,3.86226
5,137,152,3.856
5,138,139,3.86226
5,138,153,4.25715
5,139,140,3.86226
5,139,154,3.97138
5,140,141,3.9754
5,140,155,3.58275
5,141,142,3.856
5,141,156,4.12567
5,142,143,3.9754
5,142,157,4.00626
5,143,144,3.9754
5,143,158,3.97138
5,144,145,3.86449
5,144,159,3.71826
5,145,146,4.11315
5,145,160,4.11941
5,146,147,4.0
5,146,161,4.26341
5,147,148,3.72049
5,147,162,3.83364
5,148,149,4.00626
5,148,163,3.72452
5,149,164,3.72049
5,150,151,3.85823
5,150,165,4.25715
5,151,152,3.97138
5,151,166,4.11941
5,152,153,3.86852
5,152,167,3.72675
5,153,154,4.11941
5,153,168,3.58275
5,154,155,3.856
5,154,169,3.856
5,155,156,4.11941
5,155,170,4.26341
5,156,157,3.72675
5,156,171,3.72049
5,157,158,3.72049
5,157,172,3.86449
5,158,159,4.11538
5,158,173,3.98166
5,159,160,3.83364
5,159,174,3.97764
5,160,161,3.97764
5,160,175,4.26341
5,161,162,3.97138
5,161,176,3.856
5,162,163,4.11941
5,162,177,3.85823
5,163,164,3.58275
5,163,178,4.25715
5,164,179,4.0
5,165,166,4.25715
5,165,180,3.86449
5,166,167,4.11315
5,166,181,3.97764
5,167,168,3.72675
5,167,182,4.26341
5,168,169,4.12567
5,168,183,4.11315
5,169,170,4.11315
5,169,184,3.86226
5,170,171,3.72452
5,170,185,3.72452
5,171,172,3.86852
5,171,186,3.71423
5,172,173,3.86449
5,172,187,4.25715
5,173,174,4.11538
5,173,188,3.97138
5,174,175,4.26341
5,174,189,3.97764
5,175,176,3.83364
5,175,190,3.72049
5,176,177,3.86852
5,176,191,4.0
5,177,178,3.83364
5,177,192,4.25715
5,178,179,3.72452
5,178,193,4.00626
5,179,194,3.71826
5,180,181,3.86226
5,180,195,3.97764
5,181,182,4.25715
5,181,196,3.71826
5,182,183,3.85823
5,182,197,3.98166
5,183,184,4.11941
5,183,198,3.86226
5,184,185,3.98166
5,184,199,3.72049
5,185,186,3.72049
5,185,200,3.72049
5,186,187,3.86852
5,186,201,4.0
5,187,188,3.72452
5,187,202,4.11315
5,188,189,4.00626
5,188,203,3.57649
5,189,190,4.25715
5,189,204,4.0
5,190,191,3.86226
5,190,205,3.57649
5,191,192,4.12567
5,191,206,3.72675
5,192,193,4.11538
5,192,207,4.11941
5,193,194,3.57649
5,193,208,3.83364
5,194,209,4.11941
5,195,196,3.58275
5,195,210,4.12164
5,196,197,3.58275
5,196,211,3.86852
5,197,198,3.97764
5,197,212,4.11315
5,198,199,3.83364
5,198,213,3.86449
5,199,200,3.86852
5,199,214,4.11315
5,200,201,3.57649
5,200,215,3.97764
5,201,202,3.71423
5,201,216,4.25715
5,202,203,3.98166
5,202,217,4.11941
5,203,204,3.86226
5,203,218,3.8399
5,204,205,3.71423
5,204,219,4.11315
5,205,206,4.11315
5,205,220,3.97764
5,206,207,4.25715
5,206,221,3.9839
5,207,208,3.86449
5,207,222,3.9839
5,208,209,3.83364
5,208,223,4.25715
5,209,224,3.72675
5,210,211,3.58275
5,211,212,3.72049
5,212,213,3.58275
5,213,214,3.8399
5,214,215,4.12164
5,215,216,3.9839
5,216,217,3.86226
5,217,218,3.86852
5,218,219,4.00626
5,219,220,3.86226
5,220,221,3.72049
5,221,222,3.72049
5,222,223,3.98166
5,223,224,4.25715
6,0,1,4.26341
6,0,15,4.86312
6,1,2,3.85734
6,1,16,4.26341
6,2,3,4.0
6,2,17,3.92934
6,3,4,3.57515
6,3,18,4.72046
6,4,5,3.57515
6,4,19,4.0
6,5,6,3.90922
6,5,20,4.50893
6,6,7,4.12298
6,6,21,4.52905
6,7,8,3.76879
6,7,22,3.76879
6,8,9,4.52905
6,8,23,3.92934
6,9,10,3.66593
6,9,24,3.50315
6,10,11,3.90922
6,10,25,4.86312
6,11,12,3.91145
6,11,26,4.59971
6,12,13,4.10286
6,12,27,3.43249
6,13,14,4.0
6,13,28,4.36627
6,14,29,4.26341
6,15,16,3.85734
6,15,30,3.64581
6,16,17,3.57515
6,16,31,3.64581
6,17,18,4.10286
6,17,32,4.52905
6,18,19,3.50315
6,18,33,4.26341
6,19,20,4.36627
6,19,34,3.31174
6,20,21,4.86312
6,20,35,4.38639
6,21,22,4.50893
6,21,36,3.50315
6,22,23,3.92934
6,22,37,4.72046
6,23,24,3.50315
6,23,38,4.52905
6,24,25,3.57515
6,24,39,3.66593
6,25,26,3.76655
6,25,40,4.26564
6,26,27,4.72046
6,26,41,4.52905
6,27,28,4.17486
6,27,42,3.57515
6,28,29,3.91145
6,28,43,4.17486
6,29,44,4.17486
6,30,31,4.86312
6,30,45,3.64581
6,31,32,4.72046
6,31,46,3.91145
6,32,33,4.26564
6,32,47,3.64581
6,33,34,3.78668
6,33,48,3.57515
6,34,35,3.57515
6,34,49,3.52327
6,35,36,4.59971
6,35,50,4.26564
6,36,37,3.16908
6,36,51,3.64581
6,37,38,3.76879
6,37,52,4.50893
6,38,39,4.10286
6,38,53,4.72046
6,39,40,4.52905
6,39,54,3.52327
6,40,41,3.91145
6,40,55,4.36627
6,41,42,4.12075
6,41,56,3.43249
6,42,43,4.36627
6,42,57,3.16908
6,43,44,4.59971
6,43,58,4.72046
6,44,59,3.78668
6,45,46,3.78668
6,45,60,4.24552
6,46,47,3.31174
6,46,61,4.24552
6,47,48,4.10286
6,47,62,3.78668
6,48,49,3.91145
6,48,63,3.66593
6,49,50,4.86312
6,49,64,3.52327
6,50,51,3.76655
6,50,65,4.17486
6,51,52,3.85734
6,51,66,3.52327
6,52,53,4.38639
6,52,67,3.85734
6,53,54,3.85734
6,53,68,4.0322
6,54,55,3.52327
6,54,69,3.91145
6,55,56,3.57515
6,55,70,3.90922
6,56,57,4.36627
6,56,71,3.85734
6,57,58,4.59971
6,57,72,3.66593
6,58,59,3.43249
6,58,73,3.78668
6,59,74,4.12298
6,60,61,4.45705
6,60,75,4.59971
6,61,62,4.12298
6,61,76,3.43249
6,62,63,3.91145
6,62,77,4.59971
6,63,64,3.31174
6,63,78,4.0322
6,64,65,3.85734
6,64,79,3.90922
6,65,66,4.52905
6,65,80,3.76879
6,66,67,3.76655
6,66,81,3.57515
6,67,68,3.43249
6,67,82,4.50893
6,68,69,3.78668
6,68,83,3.31174
6,69,70,4.59971
6,69,84,3.57515
6,70,71,4.26341
6,70,85,3.50315
6,71,72,3.76655
6,71,86,3.78668
6,72,73,4.72046
6,72,87,4.24552
6,73,74,4.24552
6,73,88,4.24552
6,74,89,3.66593
6,75,76,4.17486
6,75,90,3.43249
6,76,77,3.52327
6,76,91,3.85734
6,77,78,3.92934
6,77,92,3.78668
6,78,79,4.12298
6,78,93,3.57515
6,79,80,3.43249
6,79,94,3.52327
6,80,81,3.85734
6,80,95,3.92934
6,81,82,4.0
6,81,96,3.43249
6,82,83,3.50315
6,82,97,4.59971
6,83,84,3.31174
6,83,98,4.0322
6,84,85,4.0
6,84,99,4.72046
6,85,86,4.38639
6,85,100,4.50893
6,86,87,4.12075
6,86,101,4.45705
6,87,88,3.76655
6,87,102,4.50893
6,88,89,3.76879
6,88,103,4.50893
6,89,104,4.24552
6,90,91,3.16908
6,90,105,3.50315
6,91,92,3.92934
6,91,106,4.26564
6,92,93,3.78668
6,92,107,3.85734
6,93,94,3.78668
6,93,108,3.16908
6,94,95,3.66593
6,94,109,3.92934
6,95,96,3.31174
6,95,110,3.52327
6,96,97,3.92934
6,96,111,4.26564
6,97,98,4.86312
6,97,112,4.45705
6,98,99,4.24552
6,98,113,3.78668
6,99,100,4.24552
6,99,114,4.50893
6,100,101,3.57515
6,100,115,4.26564
6,101,102,4.0322
6,101,116,4.12298
6,102,103,3.57515
6,102,117,3.78668
6,103,104,3.31174
6,103,118,4.17486
6,104,119,4.86312
6,105,106,3.16908
6,105,120,3.57515
6,106,107,3.43249
6,106,121,3.16908
6,107,108,3.92934
6,107,122,3.66593
6,108,109,3.52327
6,108,123,3.52327
6,109,110,3.57515
6,109,124,4.0
6,110,111,4.0322
6,110,125,3.31174
6,111,112,3.43249
6,111,126,4.36627
6,112,113,4.45705
6,112,127,3.66593
6,113,114,4.72046
6,113,128,4.0322
6,114,115,4.26564
6,114,129,4.12298
6,115,116,4.24552
6,115,130,3.64581
6,116,117,3.90922
6,116,131,3.57515
6,117,118,4.0
6,117,132,3.52327
6,118,119,3.66593
6,118,133,3.64581
6,119,134,3.91145
6,120,121,4.86312
6,120,135,4.52905
6,121,122,4.26341
6,121,136,3.52327
6,122,123,4.17486
6,122,137,3.50315
6,123,124,4.38639
6,123,138,4.10286
6,124,125,4.12075
6,124,139,3.76655
6,125,126,3.64581
6,125,140,4.12298
6,126,127,4.59971
6,126,141,3.92934
6,127,128,3.31174
6,127,142,3.64581
6,128,129,3.50315
6,128,143,4.10286
6,129,130,3.90922
6,129,144,4.12075
6,130,131,4.59971
6,130,145,3.16908
6,131,132,4.38639
6,131,146,3.43249
6,132,133,4.26564
6,132,147,4.59971
6,133,134,3.64581
6,133,148,3.78668
6,134,149,3.16908
6,135,136,4.72046
6,135,150,3.66593
6,136,137,4.52905
6,136,151,4.38639
6,137,138,4.45705
6,137,152,3.85734
6,138,139,4.45705
6,138,153,4.26341
6,139,140,4.45705
6,139,154,3.78668
6,140,141,3.76655
6,140,155,3.76879
6,141,142,3.85734
6,141,156,4.50893
6,142,143,3.76655
6,142,157,4.59971
6,143,144,3.76655
6,143,158,3.78668
6,144,145,4.26564
6,144,159,3.50315
6,145,146,4.12075
6,145,160,4.72046
6,146,147,4.0
6,146,161,4.86312
6,147,148,3.31174
6,147,162,3.43249
6,148,149,4.59971
6,148,163,4.10286
6,149,164,4.12298
6,150,151,3.66593
6,150,165,4.26341
6,151,152,3.78668
6,151,166,4.72046
6,152,153,4.24552
6,152,167,3.91145
6,153,154,3.90922
6,153,168,3.76879
6,154,155,3.85734
6,154,169,3.85734
6,155,156,4.72046
6,155,170,4.86312
6,156,157,3.91145
6,156,171,3.31174
6,157,158,3.31174
6,157,172,4.26564
6,158,159,3.92934
6,158,173,4.36627
6,159,160,3.43249
6,159,174,3.57515
6,160,161,4.38639
6,160,175,4.86312
6,161,162,3.78668
6,161,176,3.85734
6,162,163,3.90922
6,162,177,3.66593
6,163,164,3.76879
6,163,178,4.26341
6,164,179,4.0
6,165,166,4.26341
6,165,180,4.26564
6,166,167,4.12075
6,166,181,4.38639
6,167,168,3.91145
6,167,182,4.86312
6,168,169,4.50893
6,168,183,4.12075
6,169,170,4.12075
6,169,184,4.45705
6,170,171,4.10286
6,170,185,4.10286
6,171,172,4.24552
6,171,186,3.52327
6,172,173,4.26564
6,172,187,4.26341
6,173,174,3.92934
6,173,188,3.78668
6,174,175,4.86312
6,174,189,3.57515
6,175,176,3.43249
6,175,190,3.31174
6,176,177,4.24552
6,176,191,4.0
6,177,178,3.43249
6,177,192,4.26341
6,178,179,4.10286
6,178,193,4.59971
6,179,194,3.50315
6,180,181,4.45705
6,180,195,4.38639
6,181,182,4.26341
6,181,196,3.50315
6,182,183,3.66593
6,182,197,4.36627
6,183,184,4.72046
6,183,198,4.45705
6,184,185,4.36627
6,184,199,4.12298
6,185,186,4.12298
6,185,200,4.12298
6,186,187,4.24552
6,186,201,4.0
6,187,188,4.10286
6,187,202,4.12075
6,188,189,4.59971
6,188,203,3.16908
6,189,190,4.26341
6,189,204,4.0
6,190,191,3.64581
6,190,205,3.16908
6,191,192,4.50893
6,191,206,3.91145
6,192,193,3.92934
6,192,207,3.90922
6,193,194,3.16908
6,193,208,3.43249
6,194,209,4.72046
6,195,196,3.76879
6,195,210,4.52905
6,196,197,3.76879
6,196,211,4.24552
6,197,198,3.57515
6,197,212,4.12075
6,198,199,3.43249
6,198,213,4.26564
6,199,200,4.24552
6,199,214,4.12075
6,200,201,3.16908
6,200,215,4.38639
6,201,202,3.52327
6,201,216,4.26341
6,202,203,4.36627
6,202,217,4.72046
6,203,204,4.45705
6,203,218,4.0322
6,204,205,3.52327
6,204,219,4.12075
6,205,206,4.12075
6,205,220,3.57515
6,206,207,4.26341
6,206,221,4.17486
6,207,208,4.26564
6,207,222,4.17486
6,208,209,3.43249
6,208,223,4.26341
6,209,224,3.91145
6,210,211,3.76879
6,211,212,4.12298
6,212,213,3.76879
6,213,214,4.0322
6,214,215,4.52905
6,215,216,4.17486
6,216,217,3.64581
6,217,218,4.24552
6,218,219,4.59971
6,219,220,3.64581
6,220,221,3.31174
6,221,222,4.12298
6,222,223,4.36627
6,223,224,4.26341
7,0,1,4.04517
7,0,15,3.56754
7,1,2,4.52011
7,1,16,4.04517
7,2,3,4.0
7,2,17,4.2889
7,3,4,4.61805
7,3,18,4.08765
7,4,5,4.61805
7,4,19,4.0
7,5,6,4.37432
7,5,20,3.89669
7,6,7,4.28622
7,6,21,3.81128
7,7,8,4.61537
7,7,22,4.61537
7,8,9,3.81128
7,8,23,4.2889
7,9,10,4.24373
7,9,24,4.84926
7,10,11,4.37432
7,10,25,3.56754
7,11,12,4.09526
7,11,26,3.52238
7,12,13,4.37163
7,12,27,5.13816
7,13,14,4.0
7,13,28,4.4168
7,14,29,4.04517
7,15,16,4.52011
7,15,30,4.32915
7,16,17,4.61805
7,16,31,4.32915
7,17,18,4.37163
7,17,32,3.81128
7,18,19,4.84926
7,18,33,4.04517
7,19,20,4.4168
7,19,34,4.57288
7,20,21,3.56754
7,20,35,4.33139
7,21,22,3.89669
7,21,36,4.84926
7,22,23,4.2889
7,22,37,4.08765
7,23,24,4.84926
7,23,38,3.81128
7,24,25,4.61805
7,24,39,4.24373
7,25,26,4.89443
7,25,40,3.76611
7,26,27,4.08765
7,26,41,3.81128
7,27,28,4.14043
7,27,42,4.61805
7,28,29,4.09526
7,28,43,4.14043
7,29,44,4.14043
7,30,31,3.56754
7,30,45,4.32915
7,31,32,4.08765
7,31,46,4.09526
7,32,33,3.76611
7,32,47,4.32915
7,33,34,4.80901
7,33,48,4.61805
7,34,35,4.61805
7,34,49,4.76384
7,35,36,3.52238
7,35,50,3.76611
7,36,37,5.09299
7,36,51,4.32915
7,37,38,4.61537
7,37,52,3.89669
7,38,39,4.37163
7,38,53,4.08765
7,39,40,3.81128
7,39,54,4.76384
7,40,41,4.09526
7,40,55,4.4168
7,41,42,4.56528
7,41,56,5.13816
7,42,43,4.4168
7,42,57,5.09299
7,43,44,3.52238
7,43,58,4.08765
7,44,59,4.80901
7,45,46,4.80901
7,45,60,3.85153
7,46,47,4.57288
7,46,61,3.85153
7,47,48,4.37163
7,47,62,4.80901
7,48,49,4.09526
7,48,63,4.24373
7,49,50,3.56754
7,49,64,4.76384
7,50,51,4.89443
7,50,65,4.14043
7,51,52,4.52011
7,51,66,4.76384
7,52,53,4.33139
7,52,67,4.52011
7,53,54,4.52011
7,53,68,4.66053
7,54,55,4.76384
7,54,69,4.09526
7,55,56,4.61805
7,55,70,4.37432
7,56,57,4.4168
7,56,71,4.52011
7,57,58,3.52238
7,57,72,4.24373
7,58,59,5.13816
7,58,73,4.80901
7,59,74,4.28622
7,60,61,4.04249
7,60,75,3.52238
7,61,62,4.28622
7,61,76,5.13816
7,62,63,4.09526
7,62,77,3.52238
7,63,64,4.57288
7,63,78,4.66053
7,64,65,4.52011
7,64,79,4.37432
7,65,66,3.81128
7,65,80,4.61537
7,66,67,4.89443
7,66,81,4.61805
7,67,68,5.13816
7,67,82,3.89669
7,68,69,4.80901
7,68,83,4.57288
7,69,70,3.52238
7,69,84,4.61805
7,70,71,4.04517
7,70,85,4.84926
7,71,72,4.89443
7,71,86,4.80901
7,72,73,4.08765
7,72,87,3.85153
7,73,74,3.85153
7,73,88,3.85153
7,74,89,4.24373
7,75,76,4.14043
7,75,90,5.13816
7,76,77,4.76384
7,76,91,4.52011
7,77,78,4.2889
7,77,92,4.80901
7,78,79,4.28622
7,78,93,4.61805
7,79,80,5.13816
7,79,94,4.76384
7,80,81,4.52011
7,80,95,4.2889
7,81,82,4.0
7,81,96,5.13816
7,82,83,4.84926
7,82,97,3.52238
7,83,84,4.57288
7,83,98,4.66053
7,84,85,4.0
7,84,99,4.08765
7,85,86,4.33139
7,85,100,3.89669
7,86,87,4.56528
7,86,101,4.04249
7,87,88,4.89443
7,87,102,3.89669
7,88,89,4.61537
7,88,103,3.89669
7,89,104,3.85153
7,90,91,5.09299
7,90,105,4.84926
7,91,92,4.2889
7,91,106,3.76611
7,92,93,4.80901
7,92,107,4.52011
7,93,94,4.80901
7,93,108,5.09299
7,94,95,4.24373
7,94,109,4.2889
7,95,96,4.57288
7,95,110,4.76384
7,96,97,4.2889
7,96,111,3.76611
7,97,98,3.56754
7,97,112,4.04249
7,98,99,3.85153
7,98,113,4.80901
7,99,100,3.85153
7,99,114,3.89669
7,100,101,4.61805
7,100,115,3.76611
7,101,102,4.66053
7,101,116,4.28622
7,102,103,4.61805
7,102,117,4.80901
7,103,104,4.57288
7,103,118,4.14043
7,104,119,3.56754
7,105,106,5.09299
7,105,120,4.61805
7,106,107,5.13816
7,106,121,5.09299
7,107,108,4.2889
7,107,122,4.24373
7,108,109,4.76384
7,108,123,4.76384
7,109,110,4.61805
7,109,124,4.0
7,110,111,4.66053
7,110,125,4.57288
7,111,112,5.13816
7,111,126,4.4168
7,112,113,4.04249
7,112,127,4.24373
7,113,114,4.08765
7,113,128,4.66053
7,114,115,3.76611
7,114,129,4.28622
7,115,116,3.85153
7,115,130,4.32915
7,116,117,4.37432
7,116,131,4.61805
7,117,118,4.0
7,117,132,4.76384
7,118,119,4.24373
7,118,133,4.32915
7,119,134,4.09526
7,120,121,3.56754
7,120,135,3.81128
7,121,122,4.04517
7,121,136,4.76384
7,122,123,4.14043
7,122,137,4.84926
7,123,124,4.33139
7,123,138,4.37163
7,124,125,4.56528
7,124,139,4.89443
7,125,126,4.32915
7,125,140,4.28622
7,126,127,3.52238
7,126,141,4.2889
7,127,128,4.57288
7,127,142,4.32915
7,128,129,4.84926
7,128,143,4.37163
7,129,130,4.37432
7,129,144,4.56528
7,130,131,3.52238
7,130,145,5.09299
7,131,132,4.33139
7,131,146,5.13816
7,132,133,3.76611
7,132,147,3.52238
7,133,134,4.32915
7,133,148,4.80901
7,134,149,5.09299
7,135,136,4.08765
7,135,150,4.24373
7,136,137,3.81128
7,136,151,4.33139
7,137,138,4.04249
7,137,152,4.52011
7,138,139,4.04249
7,138,153,4.04517
7,139,140,4.04249
7,139,154,4.80901
7,140,141,4.89443
7,140,155,4.61537
7,141,142,4.52011
7,141,156,3.89669
7,142,143,4.89443
7,142,157,3.52238
7,143,144,4.89443
7,143,158,4.80901
7,144,145,3.76611
7,144,159,4.84926
7,145,146,4.56528
7,145,160,4.08765
7,146,147,4.0
7,146,161,3.56754
7,147,148,4.57288
7,147,162,5.13816
7,148,149,3.52238
7,148,163,4.37163
7,149,164,4.28622
7,150,151,4.24373
7,150,165,4.04517
7,151,152,4.80901
7,151,166,4.08765
7,152,153,3.85153
7,152,167,4.09526
7,153,154,4.37432
7,153,168,4.61537
7,154,155,4.52011
7,154,169,4.52011
7,155,156,4.08765
7,155,170,3.56754
7,156,157,4.09526
7,156,171,4.57288
7,157,158,4.57288
7,157,172,3.76611
7,158,159,4.2889
7,158,173,4.4168
7,159,160,5.13816
7,159,174,4.61805
7,160,161,4.33139
7,160,175,3.56754
7,161,162,4.80901
7,161,176,4.52011
7,162,163,4.37432
7,162,177,4.24373
7,163,164,4.61537
7,163,178,4.04517
7,164,179,4.0
7,165,166,4.04517
7,165,180,3.76611
7,166,167,4.56528
7,166,181,4.33139
7,167,168,4.09526
7,167,182,3.56754
7,168,169,3.89669
7,168,183,4.56528
7,169,170,4.56528
7,169,184,4.04249
7,170,171,4.37163
7,170,185,4.37163
7,171,172,3.85153
7,171,186,4.76384
7,172,173,3.76611
7,172,187,4.04517
7,173,174,4.2889
7,173,188,4.80901
7,174,175,3.56754
7,174,189,4.61805
7,175,176,5.13816
7,175,190,4.57288
7,176,177,3.85153
7,176,191,4.0
7,177,178,5.13816
7,177,192,4.04517
7,178,179,4.37163
7,178,193,3.52238
7,179,194,4.84926
7,180,181,4.04249
7,180,195,4.33139
7,181,182,4.04517
7,181,196,4.84926
7,182,183,4.24373
7,182,197,4.4168
7,183,184,4.08765
7,183,198,4.04249
7,184,185,4.4168
7,184,199,4.28622
7,185,186,4.28622
7,185,200,4.28622
7,186,187,3.85153
7,186,201,4.0
7,187,188,4.37163
7,187,202,4.56528
7,188,189,3.52238
7,188,203,5.09299
7,189,190,4.04517
7,189,204,4.0
7,190,191,4.32915
7,190,205,5.09299
7,191,192,3.89669
7,191,206,4.09526
7,192,193,4.2889
7,192,207,4.37432
7,193,194,5.09299
7,193,208,5.13816
7,194,209,4.08765
7,195,196,4.61537
7,195,210,3.81128
7,196,197,4.61537
7,196,211,3.85153
7,197,198,4.61805
7,197,212,4.56528
7,198,199,5.13816
7,198,213,3.76611
7,199,200,3.85153
7,199,214,4.56528
7,200,201,5.09299
7,200,215,4.33139
7,201,202,4.76384
7,201,216,4.04517
7,202,203,4.4168
7,202,217,4.08765
7,203,204,4.04249
7,203,218,4.66053
7,204,205,4.76384
7,204,219,4.56528
7,205,206,4.56528
7,205,220,4.61805
7,206,207,4.04517
7,206,221,4.14043
7,207,208,3.76611
7,207,222,4.14043
7,208,209,5.13816
7,208,223,4.04517
7,209,224,4.09526
7,210,211,4.61537
7,211,212,4.28622
7,212,213,4.61537
7,213,214,4.66053
7,214,215,3.81128
7,215,216,4.14043
7,216,217,4.32915
7,217,218,3.85153
7,218,219,3.52238
7,219,220,4.32915
7,220,221,4.57288
7,221,222,4.28622
7,222,223,4.4168
7,223,224,4.04517
8,0,1,3.92084
8,0,15,4.45705
8,1,2,4.41188
8,1,16,3.92084
8,2,3,4.0
8,2,17,4.22942
8,3,4,4.67037
8,3,18,4.86894
8,4,5,4.67037
8,4,19,4.0
8,5,6,4.3618
8,5,20,4.898
8,6,7,5.25667
8,6,21,4.76563
8,7,8,5.69762
8,7,22,5.69762
8,8,9,4.76563
8,8,23,4.22942
8,9,10,4.30858
8,9,24,4.85284
8,10,11,4.3618
8,10,25,4.45705
8,11,12,5.28574
8,11,26,4.53621
8,12,13,5.38905
8,12,27,5.08226
8,13,14,4.0
8,13,28,5.30989
8,14,29,3.92084
8,15,16,4.41188
8,15,30,4.44095
8,16,17,4.67037
8,16,31,4.44095
8,17,18,5.38905
8,17,32,4.76563
8,18,19,4.85284
8,18,33,3.92084
8,19,20,5.30989
8,19,34,4.74953
8,20,21,4.45705
8,20,35,5.17751
8,21,22,4.898
8,21,36,4.85284
8,22,23,4.22942
8,22,37,4.86894
8,23,24,4.85284
8,23,38,4.76563
8,24,25,4.67037
8,24,39,4.30858
8,25,26,4.77368
8,25,40,4.84479
8,26,27,4.86894
8,26,41,4.76563
8,27,28,5.20658
8,27,42,4.67037
8,28,29,5.28574
8,28,43,5.20658
8,29,44,5.20658
8,30,31,4.45705
8,30,45,4.44095
8,31,32,4.86894
8,31,46,5.28574
8,32,33,4.84479
8,32,47,4.44095
8,33,34,4.6413
8,33,48,4.67037
8,34,35,4.67037
8,34,49,4.72046
8,35,36,4.53621
8,35,50,4.84479
8,36,37,5.16141
8,36,51,4.44095
8,37,38,5.69762
8,37,52,4.898
8,38,39,5.38905
8,38,53,4.86894
8,39,40,4.76563
8,39,54,4.72046
8,40,41,5.28574
8,40,55,5.30989
8,41,42,4.33273
8,41,56,5.08226
8,42,43,5.30989
8,42,57,5.16141
8,43,44,4.53621
8,43,58,4.86894
8,44,59,4.6413
8,45,46,4.6413
8,45,60,4.97716
8,46,47,4.74953
8,46,61,4.97716
8,47,48,5.38905
8,47,62,4.6413
8,48,49,5.28574
8,48,63,4.30858
8,49,50,4.45705
8,49,64,4.72046
8,50,51,4.77368
8,50,65,5.20658
8,51,52,4.41188
8,51,66,4.72046
8,52,53,5.17751
8,52,67,4.41188
8,53,54,4.41188
8,53,68,5.61847
8,54,55,4.72046
8,54,69,5.28574
8,55,56,4.67037
8,55,70,4.3618
8,56,57,5.30989
8,56,71,4.41188
8,57,58,4.53621
8,57,72,4.30858
8,58,59,5.08226
8,58,73,4.6413
8,59,74,5.25667
8,60,61,4.94809
8,60,75,4.53621
8,61,62,5.25667
8,61,76,5.08226
8,62,63,5.28574
8,62,77,4.53621
8,63,64,4.74953
8,63,78,5.61847
8,64,65,4.41188
8,64,79,4.3618
8,65,66,4.76563
8,65,80,5.69762
8,66,67,4.77368
8,66,81,4.67037
8,67,68,5.08226
8,67,82,4.898
8,68,69,4.6413
8,68,83,4.74953
8,69,70,4.53621
8,69,84,4.67037
8,70,71,3.92084
8,70,85,4.85284
8,71,72,4.77368
8,71,86,4.6413
8,72,73,4.86894
8,72,87,4.97716
8,73,74,4.97716
8,73,88,4.97716
8,74,89,4.30858
8,75,76,5.20658
8,75,90,5.08226
8,76,77,4.72046
8,76,91,4.41188
8,77,78,4.22942
8,77,92,4.6413
8,78,79,5.25667
8,78,93,4.67037
8,79,80,5.08226
8,79,94,4.72046
8,80,81,4.41188
8,80,95,4.22942
8,81,82,4.0
8,81,96,5.08226
8,82,83,4.85284
8,82,97,4.53621
8,83,84,4.74953
8,83,98,5.61847
8,84,85,4.0
8,84,99,4.86894
8,85,86,5.17751
8,85,100,4.898
8,86,87,4.33273
8,86,101,4.94809
8,87,88,4.77368
8,87,102,4.898
8,88,89,5.69762
8,88,103,4.898
8,89,104,4.97716
8,90,91,5.16141
8,90,105,4.85284
8,91,92,4.22942
8,91,106,4.84479
8,92,93,4.6413
8,92,107,4.41188
8,93,94,4.6413
8,93,108,5.16141
8,94,95,4.30858
8,94,109,4.22942
8,95,96,4.74953
8,95,110,4.72046
8,96,97,4.22942
8,96,111,4.84479
8,97,98,4.45705
8,97,112,4.94809
8,98,99,4.97716
8,98,113,4.6413
8,99,100,4.97716
8,99,114,4.898
8,100,101,4.67037
8,100,115,4.84479
8,101,102,5.61847
8,101,116,5.25667
8,102,103,4.67037
8,102,117,4.6413
8,103,104,4.74953
8,103,118,5.20658
8,104,119,4.45705
8,105,106,5.16141
8,105,120,4.67037
8,106,107,5.08226
8,106,121,5.16141
8,107,108,4.22942
8,107,122,4.30858
8,108,109,4.72046
8,108,123,4.72046
8,109,110,4.67037
8,109,124,4.0
8,110,111,5.61847
8,110,125,4.74953
8,111,112,5.08226
8,111,126,5.30989
8,112,113,4.94809
8,112,127,4.30858
8,113,114,4.86894
8,113,128,5.61847
8,114,115,4.84479
8,114,129,5.25667
8,115,116,4.97716
8,115,130,4.44095
8,116,117,4.3618
8,116,131,4.67037
8,117,118,4.0
8,117,132,4.72046
8,118,119,4.30858
8,118,133,4.44095
8,119,134,5.28574
8,120,121,4.45705
8,120,135,4.76563
8,121,122,3.92084
8,121,136,4.72046
8,122,123,5.20658
8,122,137,4.85284
8,123,124,5.17751
8,123,138,5.38905
8,124,125,4.33273
8,124,139,4.77368
8,125,126,4.44095
8,125,140,5.25667
8,126,127,4.53621
8,126,141,4.22942
8,127,128,4.74953
8,127,142,4.44095
8,128,129,4.85284
8,128,143,5.38905
8,129,130,4.3618
8,129,144,4.33273
8,130,131,4.53621
8,130,145,5.16141
8,131,132,5.17751
8,131,146,5.08226
8,132,133,4.84479
8,132,147,4.53621
8,133,134,4.44095
8,133,148,4.6413
8,134,149,5.16141
8,135,136,4.86894
8,135,150,4.30858
8,136,137,4.76563
8,136,151,5.17751
8,137,138,4.94809
8,137,152,4.41188
8,138,139,4.94809
8,138,153,3.92084
8,139,140,4.94809
8,139,154,4.6413
8,140,141,4.77368
8,140,155,5.69762
8,141,142,4.41188
8,141,156,4.898
8,142,143,4.77368
8,142,157,4.53621
8,143,144,4.77368
8,143,158,4.6413
8,144,145,4.84479
8,144,159,4.85284
8,145,146,4.33273
8,145,160,4.86894
8,146,147,4.0
8,146,161,4.45705
8,147,148,4.74953
8,147,162,5.08226
8,148,149,4.53621
8,148,163,5.38905
8,149,164,5.25667
8,150,151,4.30858
8,150,165,3.92084
8,151,152,4.6413
8,151,166,4.86894
8,152,153,4.97716
8,152,167,5.28574
8,153,154,4.3618
8,153,168,5.69762
8,154,155,4.41188
8,154,169,4.41188
8,155,156,4.86894
8,155,170,4.45705
8,156,157,5.28574
8,156,171,4.74953
8,157,158,4.74953
8,157,172,4.84479
8,158,159,4.22942
8,158,173,5.30989
8,159,160,5.08226
8,159,174,4.67037
8,160,161,5.17751
8,160,175,4.45705
8,161,162,4.6413
8,161,176,4.41188
8,162,163,4.3618
8,162,177,4.30858
8,163,164,5.69762
8,163,178,3.92084
8,164,179,4.0
8,165,166,3.92084
8,165,180,4.84479
8,166,167,4.33273
8,166,181,5.17751
8,167,168,5.28574
8,167,182,4.45705
8,168,169,4.898
8,168,183,4.33273
8,169,170,4.33273
8,169,184,4.94809
8,170,171,5.38905
8,170,185,5.38905
8,171,172,4.97716
8,171,186,4.72046
8,172,173,4.84479
8,172,187,3.92084
8,173,174,4.22942
8,173,188,4.6413
8,174,175,4.45705
8,174,189,4.67037
8,175,176,5.08226
8,175,190,4.74953
8,176,177,4.97716
8,176,191,4.0
8,177,178,5.08226
8,177,192,3.92084
8,178,179,5.38905
8,178,193,4.53621
8,179,194,4.85284
8,180,181,4.94809
8,180,195,5.17751
8,181,182,3.92084
8,181,196,4.85284
8,182,183,4.30858
8,182,197,5.30989
8,183,184,4.86894
8,183,198,4.94809
8,184,185,5.30989
8,184,199,5.25667
8,185,186,5.25667
8,185,200,5.25667
8,186,187,4.97716
8,186,201,4.0
8,187,188,5.38905
8,187,202,4.33273
8,188,189,4.53621
8,188,203,5.16141
8,189,190,3.92084
8,189,204,4.0
8,190,191,4.44095
8,190,205,5.16141
8,191,192,4.898
8,191,206,5.28574
8,192,193,4.22942
8,192,207,4.3618
8,193,194,5.16141
8,193,208,5.08226
8,194,209,4.86894
8,195,196,5.69762
8,195,210,4.76563
8,196,197,5.69762
8,196,211,4.97716
8,197,198,4.67037
8,197,212,4.33273
8,198,199,5.08226
8,198,213,4.84479
8,199,200,4.97716
8,199,214,4.33273
8,200,201,5.16141
8,200,215,5.17751
8,201,202,4.72046
8,201,216,3.92084
8,202,203,5.30989
8,202,217,4.86894
8,203,204,4.94809
8,203,218,5.61847
8,204,205,4.72046
8,204,219,4.33273
8,205,206,4.33273
8,205,220,4.67037
8,206,207,3.92084
8,206,221,5.20658
8,207,208,4.84479
8,207,222,5.20658
8,208,209,5.08226
8,208,223,3.92084
8,209,224,5.28574
8,210,211,5.69762
8,211,212,5.25667
8,212,213,5.69762
8,213,214,5.61847
8,214,215,4.76563
8,215,216,5.20658
8,216,217,4.44095
8,217,218,4.97716
8,218,219,4.53621
8,219,220,4.44095
8,220,221,4.74953
8,221,222,5.25667
8,222,223,5.30989
8,223,224,3.92084
9,0,1,3.4468
9,0,15,3.11228
9,1,2,4.2482
9,1,16,3.4468
9,2,3,4.0
9,2,17,3.57336
9,3,4,3.95617
9,3,18,3.36048
9,4,5,3.95617
9,4,19,4.0
9,5,6,3.82961
9,5,20,3.4951
9,6,7,4.04025
9,6,21,3.23884
9,7,8,4.42306
9,7,22,4.42306
9,8,9,3.23884
9,8,23,3.57336
9,9,10,4.12656
9,9,24,4.63102
9,10,11,3.82961
9,10,25,3.11228
9,11,12,4.17486
9,11,26,3.66548
9,12,13,4.2965
9,12,27,4.20438
9,13,14,4.0
9,13,28,3.7433
9,14,29,3.4468
9,15,16,4.2482
9,15,30,4.38281
9,16,17,3.95617
9,16,31,4.38281
9,17,18,4.2965
9,17,32,3.23884
9,18,19,4.63102
9,18,33,3.4468
9,19,20,3.7433
9,19,34,4.50938
9,20,21,3.11228
9,20,35,3.48705
9,21,22,3.4951
9,21,36,4.63102
9,22,23,3.57336
9,22,37,3.36048
9,23,24,4.63102
9,23,38,3.23884
9,24,25,3.95617
9,24,39,4.12656
9,25,26,4.07782
9,25,40,3.79205
9,26,27,3.36048
9,26,41,3.23884
9,27,28,3.62166
9,27,42,3.95617
9,28,29,4.17486
9,28,43,3.62166
9,29,44,3.62166
9,30,31,3.11228
9,30,45,4.38281
9,31,32,3.36048
9,31,46,4.17486
9,32,33,3.79205
9,32,47,4.38281
9,33,34,3.82156
9,33,48,3.95617
9,34,35,3.95617
9,34,49,4.37476
9,35,36,3.66548
9,35,50,3.79205
9,36,37,4.75758
9,36,51,4.38281
9,37,38,4.42306
9,37,52,3.4951
9,38,39,4.2965
9,38,53,3.36048
9,39,40,3.23884
9,39,54,4.37476
9,40,41,4.17486
9,40,55,3.7433
9,41,42,3.695
9,41,56,4.20438
9,42,43,3.7433
9,42,57,4.75758
9,43,44,3.66548
9,43,58,3.36048
9,44,59,3.82156
9,45,46,3.82156
9,45,60,4.0483
9,46,47,4.50938
9,46,61,4.0483
9,47,48,4.2965
9,47,62,3.82156
9,48,49,4.17486
9,48,63,4.12656
9,49,50,3.11228
9,49,64,4.37476
9,50,51,4.07782
9,50,65,3.62166
9,51,52,4.2482
9,51,66,4.37476
9,52,53,3.48705
9,52,67,4.2482
9,53,54,4.2482
9,53,68,3.86986
9,54,55,4.37476
9,54,69,4.17486
9,55,56,3.95617
9,55,70,3.82961
9,56,57,3.7433
9,56,71,4.2482
9,57,58,3.66548
9,57,72,4.12656
9,58,59,4.20438
9,58,73,3.82156
9,59,74,4.04025
9,60,61,3.91369
9,60,75,3.66548
9,61,62,4.04025
9,61,76,4.20438
9,62,63,4.17486
9,62,77,3.66548
9,63,64,4.50938
9,63,78,3.86986
9,64,65,4.2482
9,64,79,3.82961
9,65,66,3.23884
9,65,80,4.42306
9,66,67,4.07782
9,66,81,3.95617
9,67,68,4.20438
9,67,82,3.4951
9,68,69,3.82156
9,68,83,4.50938
9,69,70,3.66548
9,69,84,3.95617
9,70,71,3.4468
9,70,85,4.63102
9,71,72,4.07782
9,71,86,3.82156
9,72,73,3.36048
9,72,87,4.0483
9,73,74,4.0483
9,73,88,4.0483
9,74,89,4.12656
9,75,76,3.62166
9,75,90,4.20438
9,76,77,4.37476
9,76,91,4.2482
9,77,78,3.57336
9,77,92,3.82156
9,78,79,4.04025
9,78,93,3.95617
9,79,80,4.20438
9,79,94,4.37476
9,80,81,4.2482
9,80,95,3.57336
9,81,82,4.0
9,81,96,4.20438
9,82,83,4.63102
9,82,97,3.66548
9,83,84,4.50938
9,83,98,3.86986
9,84,85,4.0
9,84,99,3.36048
9,85,86,3.48705
9,85,100,3.4951
9,86,87,3.695
9,86,101,3.91369
9,87,88,4.07782
9,87,102,3.4951
9,88,89,4.42306
9,88,103,3.4951
9,89,104,4.0483
9,90,91,4.75758
9,90,105,4.63102
9,91,92,3.57336
9,91,106,3.79205
9,92,93,3.82156
9,92,107,4.2482
9,93,94,3.82156
9,93,108,4.75758
9,94,95,4.12656
9,94,109,3.57336
9,95,96,4.50938
9,95,110,4.37476
9,96,97,3.57336
9,96,111,3.79205
9,97,98,3.11228
9,97,112,3.91369
9,98,99,4.0483
9,98,113,3.82156
9,99,100,4.0483
9,99,114,3.4951
9,100,101,3.95617
9,100,115,3.79205
9,101,102,3.86986
9,101,116,4.04025
9,102,103,3.95617
9,102,117,3.82156
9,103,104,4.50938
9,103,118,3.62166
9,104,119,3.11228
9,105,106,4.75758
9,105,120,3.95617
9,106,107,4.20438
9,106,121,4.75758
9,107,108,3.57336
9,107,122,4.12656
9,108,109,4.37476
9,108,123,4.37476
9,109,110,3.95617
9,109,124,4.0
9,110,111,3.86986
9,110,125,4.50938
9,111,112,4.20438
9,111,126,3.7433
9,112,113,3.91369
9,112,127,4.12656
9,113,114,3.36048
9,113,128,3.86986
9,114,115,3.79205
9,114,129,4.04025
9,115,116,4.0483
9,115,130,4.38281
9,116,117,3.82961
9,116,131,3.95617
9,117,118,4.0
9,117,132,4.37476
9,118,119,4.12656
9,118,133,4.38281
9,119,134,4.17486
9,120,121,3.11228
9,120,135,3.23884
9,121,122,3.4468
9,121,136,4.37476
9,122,123,3.62166
9,122,137,4.63102
9,123,124,3.48705
9,123,138,4.2965
9,124,125,3.695
9,124,139,4.07782
9,125,126,4.38281
9,125,140,4.04025
9,126,127,3.66548
9,126,141,3.57336
9,127,128,4.50938
9,127,142,4.38281
9,128,129,4.63102
9,128,143,4.2965
9,129,130,3.82961
9,129,144,3.695
9,130,131,3.66548
9,130,145,4.75758
9,131,132,3.48705
9,131,146,4.20438
9,132,133,3.79205
9,132,147,3.66548
9,133,134,4.38281
9,133,148,3.82156
9,134,149,4.75758
9,135,136,3.36048
9,135,150,4.12656
9,136,137,3.23884
9,136,151,3.48705
9,137,138,3.91369
9,137,152,4.2482
9,138,139,3.91369
9,138,153,3.4468
9,139,140,3.91369
9,139,154,3.82156
9,140,141,4.07782
9,140,155,4.42306
9,141,142,4.2482
9,141,156,3.4951
9,142,143,4.07782
9,142,157,3.66548
9,143,144,4.07782
9,143,158,3.82156
9,144,145,3.79205
9,144,159,4.63102
9,145,146,3.695
9,145,160,3.36048
9,146,147,4.0
9,146,161,3.11228
9,147,148,4.50938
9,147,162,4.20438
9,148,149,3.66548
9,148,163,4.2965
9,149,164,4.04025
9,150,151,4.12656
9,150,165,3.4468
9,151,152,3.82156
9,151,166,3.36048
9,152,153,4.0483
9,152,167,4.17486
9,153,154,3.82961
9,153,168,4.42306
9,154,155,4.2482
9,154,169,4.2482
9,155,156,3.36048
9,155,170,3.11228
9,156,157,4.17486
9,156,171,4.50938
9,157,158,4.50938
9,157,172,3.79205
9,158,159,3.57336
9,158,173,3.7433
9,159,160,4.20438
9,159,174,3.95617
9,160,161,3.48705
9,160,175,3.11228
9,161,162,3.82156
9,161,176,4.2482
9,162,163,3.82961
9,162,177,4.12656
9,163,164,4.42306
9,163,178,3.4468
9,164,179,4.0
9,165,166,3.4468
9,165,180,3.79205
9,166,167,3.695
9,166,181,3.48705
9,167,168,4.17486
9,167,182,3.11228
9,168,169,3.4951
9,168,183,3.695
9,169,170,3.695
9,169,184,3.91369
9,170,171,4.2965
9,170,185,4.2965
9,171,172,4.0483
9,171,186,4.37476
9,172,173,3.79205
9,172,187,3.4468
9,173,174,3.57336
9,173,188,3.82156
9,174,175,3.11228
9,174,189,3.95617
9,175,176,4.20438
9,175,190,4.50938
9,176,177,4.0483
9,176,191,4.0
9,177,178,4.20438
9,177,192,3.4468
9,178,179,4.2965
9,178,193,3.66548
9,179,194,4.63102
9,180,181,3.91369
9,180,195,3.48705
9,181,182,3.4468
9,181,196,4.63102
9,182,183,4.12656
9,182,197,3.7433
9,183,184,3.36048
9,183,198,3.91369
9,184,185,3.7433
9,184,199,4.04025
9,185,186,4.04025
9,185,200,4.04025
9,186,187,4.0483
9,186,201,4.0
9,187,188,4.2965
9,187,202,3.695
9,188,189,3.66548
9,188,203,4.75758
9,189,190,3.4468
9,189,204,4.0
9,190,191,4.38281
9,190,205,4.75758
9,191,192,3.4951
9,191,206,4.17486
9,192,193,3.57336
9,192,207,3.82961
9,193,194,4.75758
9,193,208,4.20438
9,194,209,3.36048
9,195,196,4.42306
9,195,210,3.23884
9,196,197,4.42306
9,196,211,4.0483
9,197,198,3.95617
9,197,212,3.695
9,198,199,4.20438
9,198,213,3.79205
9,199,200,4.0483
9,199,214,3.695
9,200,201,4.75758
9,200,215,3.48705
9,201,202,4.37476
9,201,216,3.4468
9,202,203,3.7433
9,202,217,3.36048
9,203,204,3.91369
9,203,218,3.86986
9,204,205,4.37476
9,204,219,3.695
9,205,206,3.695
9,205,220,3.95617
9,206,207,3.4468
9,206,221,3.62166
9,207,208,3.79205
9,207,222,3.62166
9,208,209,4.20438
9,208,223,3.4468
9,209,224,4.17486
9,210,211,4.42306
9,211,212,4.04025
9,212,213,4.42306
9,213,214,3.86986
9,214,215,3.23884
9,215,216,3.62166
9,216,217,4.38281
9,217,218,4.0483
9,218,219,3.66548
9,219,220,4.38281
9,220,221,4.50938
9,221,222,4.04025
9,222,223,3.7433
9,223,224,3.4468
10,0,1,3.59617
10,0,15,3.84974
10,1,2,2.78626
10,1,16,3.59617
10,2,3,4.0
10,2,17,3.42488
10,3,4,2.83322
10,3,18,2.636
10,4,5,2.83322
10,4,19,4.0
10,5,6,3.0045
10,5,20,3.25807
10,6,7,2.86855
10,6,21,3.67845
10,7,8,2.27689
10,7,22,2.27689
10,8,9,3.67845
10,8,23,3.42488
10,9,10,3.82872
10,9,24,2.1946
10,10,11,3.0045
10,10,25,3.84974
10,11,12,3.49062
10,11,26,4.25357
10,12,13,2.44817
10,12,27,1.61948
10,13,14,4.0
10,13,28,2.04433
10,14,29,3.59617
10,15,16,2.78626
10,15,30,3.40834
10,16,17,2.83322
10,16,31,3.40834
10,17,18,2.44817
10,17,32,3.67845
10,18,19,2.1946
10,18,33,3.59617
10,19,20,2.04433
10,19,34,3.23705
10,20,21,3.84974
10,20,35,2.46472
10,21,22,3.25807
10,21,36,2.1946
10,22,23,3.42488
10,22,37,2.636
10,23,24,2.1946
10,23,38,3.67845
10,24,25,2.83322
10,24,39,3.82872
10,25,26,1.79076
10,25,40,4.08229
10,26,27,2.636
10,26,41,3.67845
10,27,28,3.08679
10,27,42,2.83322
10,28,29,3.49062
10,28,43,3.08679
10,29,44,3.08679
10,30,31,3.84974
10,30,45,3.40834
10,31,32,2.636
10,31,46,3.49062
10,32,33,4.08229
10,32,47,3.40834
10,33,34,2.21115
10,33,48,2.83322
10,34,35,2.83322
10,34,49,2.61498
10,35,36,4.25357
10,35,50,4.08229
10,36,37,2.02332
10,36,51,3.40834
10,37,38,2.27689
10,37,52,3.25807
10,38,39,2.44817
10,38,53,2.636
10,39,40,3.67845
10,39,54,2.61498
10,40,41,3.49062
10,40,55,2.04433
10,41,42,2.38243
10,41,56,1.61948
10,42,43,2.04433
10,42,57,2.02332
10,43,44,4.25357
10,43,58,2.636
10,44,59,2.21115
10,45,46,2.21115
10,45,60,3.66191
10,46,47,3.23705
10,46,61,3.66191
10,47,48,2.44817
10,47,62,2.21115
10,48,49,3.49062
10,48,63,3.82872
10,49,50,3.84974
10,49,64,2.61498
10,50,51,1.79076
10,50,65,3.08679
10,51,52,2.78626
10,51,66,2.61498
10,52,53,2.46472
10,52,67,2.78626
10,53,54,2.78626
10,53,68,1.87305
10,54,55,2.61498
10,54,69,3.49062
10,55,56,2.83322
10,55,70,3.0045
10,56,57,2.04433
10,56,71,2.78626
10,57,58,4.25357
10,57,72,3.82872
10,58,59,1.61948
10,58,73,2.21115
10,59,74,2.86855
10,60,61,3.03983
10,60,75,4.25357
10,61,62,2.86855
10,61,76,1.61948
10,62,63,3.49062
10,62,77,4.25357
10,63,64,3.23705
10,63,78,1.87305
10,64,65,2.78626
10,64,79,3.0045
10,65,66,3.67845
10,65,80,2.27689
10,66,67,1.79076
10,66,81,2.83322
10,67,68,1.61948
10,67,82,3.25807
10,68,69,2.21115
10,68,83,3.23705
10,69,70,4.25357
10,69,84,2.83322
10,70,71,3.59617
10,70,85,2.1946
10,71,72,1.79076
10,71,86,2.21115
10,72,73,2.636
10,72,87,3.66191
10,73,74,3.66191
10,73,88,3.66191
10,74,89,3.82872
10,75,76,3.08679
10,75,90,1.61948
10,76,77,2.61498
10,76,91,2.78626
10,77,78,3.42488
10,77,92,2.21115
10,78,79,2.86855
10,78,93,2.83322
10,79,80,1.61948
10,79,94,2.61498
10,80,81,2.78626
10,80,95,3.42488
10,81,82,4.0
10,81,96,1.61948
10,82,83,2.1946
10,82,97,4.25357
10,83,84,3.23705
10,83,98,1.87305
10,84,85,4.0
10,84,99,2.636
10,85,86,2.46472
10,85,100,3.25807
10,86,87,2.38243
10,86,101,3.03983
10,87,88,1.79076
10,87,102,3.25807
10,88,89,2.27689
10,88,103,3.25807
10,89,104,3.66191
10,90,91,2.02332
10,90,105,2.1946
10,91,92,3.42488
10,91,106,4.08229
10,92,93,2.21115
10,92,107,2.78626
10,93,94,2.21115
10,93,108,2.02332
10,94,95,3.82872
10,94,109,3.42488
10,95,96,3.23705
10,95,110,2.61498
10,96,97,3.42488
10,96,111,4.08229
10,97,98,3.84974
10,97,112,3.03983
10,98,99,3.66191
10,98,113,2.21115
10,99,100,3.66191
10,99,114,3.25807
10,100,101,2.83322
10,100,115,4.08229
10,101,102,1.87305
10,101,116,2.86855
10,102,103,2.83322
10,102,117,2.21115
10,103,104,3.23705
10,103,118,3.08679
10,104,119,3.84974
10,105,106,2.02332
10,105,120,2.83322
10,106,107,1.61948
10,106,121,2.02332
10,107,108,3.42488
10,107,122,3.82872
10,108,109,2.61498
10,108,123,2.61498
10,109,110,2.83322
10,109,124,4.0
10,110,111,1.87305
10,110,125,3.23705
10,111,112,1.61948
10,111,126,2.04433
10,112,113,3.03983
10,112,127,3.82872
10,113,114,2.636
10,113,128,1.87305
10,114,115,4.08229
10,114,129,2.86855
10,115,116,3.66191
10,115,130,3.40834
10,116,117,3.0045
10,116,131,2.83322
10,117,118,4.0
10,117,132,2.61498
10,118,119,3.82872
10,118,133,3.40834
10,119,134,3.49062
10,120,121,3.84974
10,120,135,3.67845
10,121,122,3.59617
10,121,136,2.61498
10,122,123,3.08679
10,122,137,2.1946
10,123,124,2.46472
10,123,138,2.44817
10,124,125,2.38243
10,124,139,1.79076
10,125,126,3.40834
10,125,140,2.86855
10,126,127,4.25357
10,126,141,3.42488
10,127,128,3.23705
10,127,142,3.40834
10,128,129,2.1946
10,128,143,2.44817
10,129,130,3.0045
10,129,144,2.38243
10,130,131,4.25357
10,130,145,2.02332
10,131,132,2.46472
10,131,146,1.61948
10,132,133,4.08229
10,132,147,4.25357
10,133,134,3.40834
10,133,148,2.21115
10,134,149,2.02332
10,135,136,2.636
10,135,150,3.82872
10,136,137,3.67845
10,136,151,2.46472
10,137,138,3.03983
10,137,152,2.78626
10,138,139,3.03983
10,138,153,3.59617
10,139,140,3.03983
10,139,154,2.21115
10,140,141,1.79076
10,140,155,2.27689
10,141,142,2.78626
10,141,156,3.25807
10,142,143,1.79076
10,142,157,4.25357
10,143,144,1.79076
10,143,158,2.21115
10,144,145,4.08229
10,144,159,2.1946
10,145,146,2.38243
10,145,160,2.636
10,146,147,4.0
10,146,161,3.84974
10,147,148,3.23705
10,147,162,1.61948
10,148,149,4.25357
10,148,163,2.44817
10,149,164,2.86855
10,150,151,3.82872
10,150,165,3.59617
10,151,152,2.21115
10,151,166,2.636
10,152,153,3.66191
10,152,167,3.49062
10,153,154,3.0045
10,153,168,2.27689
10,154,155,2.78626
10,154,169,2.78626
10,155,156,2.636
10,155,170,3.84974
10,156,157,3.49062
10,156,171,3.23705
10,157,158,3.23705
10,157,172,4.08229
10,158,159,3.42488
10,158,173,2.04433
10,159,160,1.61948
10,159,174,2.83322
10,160,161,2.46472
10,160,175,3.84974
10,161,162,2.21115
10,161,176,2.78626
10,162,163,3.0045
10,162,177,3.82872
10,163,164,2.27689
10,163,178,3.59617
10,164,179,4.0
10,165,166,3.59617
10,165,180,4.08229
10,166,167,2.38243
10,166,181,2.46472
10,167,168,3.49062
10,167,182,3.84974
10,168,169,3.25807
10,168,183,2.38243
10,169,170,2.38243
10,169,184,3.03983
10,170,171,2.44817
10,170,185,2.44817
10,171,172,3.66191
10,171,186,2.61498
10,172,173,4.08229
10,172,187,3.59617
10,173,174,3.42488
10,173,188,2.21115
10,174,175,3.84974
10,174,189,2.83322
10,175,176,1.61948
10,175,190,3.23705
10,176,177,3.66191
10,176,191,4.0
10,177,178,1.61948
10,177,192,3.59617
10,178,179,2.44817
10,178,193,4.25357
10,179,194,2.1946
10,180,181,3.03983
10,180,195,2.46472
10,181,182,3.59617
10,181,196,2.1946
10,182,183,3.82872
10,182,197,2.04433
10,183,184,2.636
10,183,198,3.03983
10,184,185,2.04433
10,184,199,2.86855
10,185,186,2.86855
10,185,200,2.86855
10,186,187,3.66191
10,186,201,4.0
10,187,188,2.44817
10,187,202,2.38243
10,188,189,4.25357
10,188,203,2.02332
10,189,190,3.59617
10,189,204,4.0
10,190,191,3.40834
10,190,205,2.02332
10,191,192,3.25807
10,191,206,3.49062
10,192,193,3.42488
10,192,207,3.0045
10,193,194,2.02332
10,193,208,1.61948
10,194,209,2.636
10,195,196,2.27689
10,195,210,3.67845
10,196,197,2.27689
10,196,211,3.66191
10,197,198,2.83322
10,197,212,2.38243
10,198,199,1.61948
10,198,213,4.08229
10,199,200,3.66191
10,199,214,2.38243
10,200,201,2.02332
10,200,215,2.46472
10,201,202,2.61498
10,201,216,3.59617
10,202,203,2.04433
10,202,217,2.636
10,203,204,3.03983
10,203,218,1.87305
10,204,205,2.61498
10,204,219,2.38243
10,205,206,2.38243
10,205,220,2.83322
10,206,207,3.59617
10,206,221,3.08679
10,207,208,4.08229
10,207,222,3.08679
10,208,209,1.61948
10,208,223,3.59617
10,209,224,3.49062
10,210,211,2.27689
10,211,212,2.86855
10,212,213,2.27689
10,213,214,1.87305
10,214,215,3.67845
10,215,216,3.08679
10,216,217,3.40834
10,217,218,3.66191
10,218,219,4.25357
10,219,220,3.40834
10,220,221,3.23705
10,221,222,2.86855
10,222,223,2.04433
10,223,224,3.59617
11,0,1,3.62881
11,0,15,3.35512
11,1,2,4.16726
11,1,16,3.62881
11,2,3,4.0
11,2,17,3.47721
11,3,4,2.80818
11,3,18,3.52238
11,4,5,2.80818
11,4,19,4.0
11,5,6,2.95978
11,5,20,2.68609
11,6,7,3.74196
11,6,21,3.20351
11,7,8,3.07293
11,7,22,3.07293
11,8,9,3.20351
11,8,23,3.47721
11,9,10,3.84839
11,9,24,3.49823
11,10,11,2.95978
11,10,25,3.35512
11,11,12,2.90567
11,11,26,3.72631
11,12,13,3.22453
11,12,27,2.97543
11,13,14,4.0
11,13,28,2.85334
11,14,29,3.62881
11,15,16,4.16726
11,15,30,3.33097
11,16,17,2.80818
11,16,31,3.33097
11,17,18,3.22453
11,17,32,3.20351
11,18,19,3.49823
11,18,33,3.62881
11,19,20,2.85334
11,19,34,3.17936
11,20,21,3.35512
11,20,35,3.37077
11,21,22,2.68609
11,21,36,3.49823
11,22,23,3.47721
11,22,37,3.52238
11,23,24,3.49823
11,23,38,3.20351
11,24,25,2.80818
11,24,39,3.84839
11,25,26,3.12704
11,25,40,3.5747
11,26,27,3.52238
11,26,41,3.20351
11,27,28,2.53448
11,27,42,2.80818
11,28,29,2.90567
11,28,43,2.53448
11,29,44,2.53448
11,30,31,3.35512
11,30,45,3.33097
11,31,32,3.52238
11,31,46,2.90567
11,32,33,3.5747
11,32,47,3.33097
11,33,34,3.64447
11,33,48,2.80818
11,34,35,2.80818
11,34,49,4.01565
11,35,36,3.72631
11,35,50,3.5747
11,36,37,3.34662
11,36,51,3.33097
11,37,38,3.07293
11,37,52,2.68609
11,38,39,3.22453
11,38,53,3.52238
11,39,40,3.20351
11,39,54,4.01565
11,40,41,2.90567
11,40,55,2.85334
11,41,42,3.79607
11,41,56,2.97543
11,42,43,2.85334
11,42,57,3.34662
11,43,44,3.72631
11,43,58,3.52238
11,44,59,3.64447
11,45,46,3.64447
11,45,60,3.05727
11,46,47,3.17936
11,46,61,3.05727
11,47,48,3.22453
11,47,62,3.64447
11,48,49,2.90567
11,48,63,3.84839
11,49,50,3.35512
11,49,64,4.01565
11,50,51,3.12704
11,50,65,2.53448
11,51,52,4.16726
11,51,66,4.01565
11,52,53,3.37077
11,52,67,4.16726
11,53,54,4.16726
11,53,68,2.70174
11,54,55,4.01565
11,54,69,2.90567
11,55,56,2.80818
11,55,70,2.95978
11,56,57,2.85334
11,56,71,4.16726
11,57,58,3.72631
11,57,72,3.84839
11,58,59,2.97543
11,58,73,3.64447
11,59,74,3.74196
11,60,61,3.89356
11,60,75,3.72631
11,61,62,3.74196
11,61,76,2.97543
11,62,63,2.90567
11,62,77,3.72631
11,63,64,3.17936
11,63,78,2.70174
11,64,65,4.16726
11,64,79,2.95978
11,65,66,3.20351
11,65,80,3.07293
11,66,67,3.12704
11,66,81,2.80818
11,67,68,2.97543
11,67,82,2.68609
11,68,69,3.64447
11,68,83,3.17936
11,69,70,3.72631
11,69,84,2.80818
11,70,71,3.62881
11,70,85,3.49823
11,71,72,3.12704
11,71,86,3.64447
11,72,73,3.52238
11,72,87,3.05727
11,73,74,3.05727
11,73,88,3.05727
11,74,89,3.84839
11,75,76,2.53448
11,75,90,2.97543
11,76,77,4.01565
11,76,91,4.16726
11,77,78,3.47721
11,77,92,3.64447
11,78,79,3.74196
11,78,93,2.80818
11,79,80,2.97543
11,79,94,4.01565
11,80,81,4.16726
11,80,95,3.47721
11,81,82,4.0
11,81,96,2.97543
11,82,83,3.49823
11,82,97,3.72631
11,83,84,3.17936
11,83,98,2.70174
11,84,85,4.0
11,84,99,3.52238
11,85,86,3.37077
11,85,100,2.68609
11,86,87,3.79607
11,86,101,3.89356
11,87,88,3.12704
11,87,102,2.68609
11,88,89,3.07293
11,88,103,2.68609
11,89,104,3.05727
11,90,91,3.34662
11,90,105,3.49823
11,91,92,3.47721
11,91,106,3.5747
11,92,93,3.64447
11,92,107,4.16726
11,93,94,3.64447
11,93,108,3.34662
11,94,95,3.84839
11,94,109,3.47721
11,95,96,3.17936
11,95,110,4.01565
11,96,97,3.47721
11,96,111,3.5747
11,97,98,3.35512
11,97,112,3.89356
11,98,99,3.05727
11,98,113,3.64447
11,99,100,3.05727
11,99,114,2.68609
11,100,101,2.80818
11,100,115,3.5747
11,101,102,2.70174
11,101,116,3.74196
11,102,103,2.80818
11,102,117,3.64447
11,103,104,3.17936
11,103,118,2.53448
11,104,119,3.35512
11,105,106,3.34662
11,105,120,2.80818
11,106,107,2.97543
11,106,121,3.34662
11,107,108,3.47721
11,107,122,3.84839
11,108,109,4.01565
11,108,123,4.01565
11,109,110,2.80818
11,109,124,4.0
11,110,111,2.70174
11,110,125,3.17936
11,111,112,2.97543
11,111,126,2.85334
11,112,113,3.89356
11,112,127,3.84839
11,113,114,3.52238
11,113,128,2.70174
11,114,115,3.5747
11,114,129,3.74196
11,115,116,3.05727
11,115,130,3.33097
11,116,117,2.95978
11,116,131,2.80818
11,117,118,4.0
11,117,132,4.01565
11,118,119,3.84839
11,118,133,3.33097
11,119,134,2.90567
11,120,121,3.35512
11,120,135,3.20351
11,121,122,3.62881
11,121,136,4.01565
11,122,123,2.53448
11,122,137,3.49823
11,123,124,3.37077
11,123,138,3.22453
11,124,125,3.79607
11,124,139,3.12704
11,125,126,3.33097
11,125,140,3.74196
11,126,127,3.72631
11,126,141,3.47721
11,127,128,3.17936
11,127,142,3.33097
11,128,129,3.49823
11,128,143,3.22453
11,129,130,2.95978
11,129,144,3.79607
11,130,131,3.72631
11,130,145,3.34662
11,131,132,3.37077
11,131,146,2.97543
11,132,133,3.5747
11,132,147,3.72631
11,133,134,3.33097
11,133,148,3.64447
11,134,149,3.34662
11,135,136,3.52238
11,135,150,3.84839
11,136,137,3.20351
11,136,151,3.37077
11,137,138,3.89356
11,137,152,4.16726
11,138,139,3.89356
11,138,153,3.62881
11,139,140,3.89356
11,139,154,3.64447
11,140,141,3.12704
11,140,155,3.07293
11,141,142,4.16726
11,141,156,2.68609
11,142,143,3.12704
11,142,157,3.72631
11,143,144,3.12704
11,143,158,3.64447
11,144,145,3.5747
11,144,159,3.49823
11,145,146,3.79607
11,145,160,3.52238
11,146,147,4.0
11,146,161,3.35512
11,147,148,3.17936
11,147,162,2.97543
11,148,149,3.72631
11,148,163,3.22453
11,149,164,3.74196
11,150,151,3.84839
11,150,165,3.62881
11,151,152,3.64447
11,151,166,3.52238
11,152,153,3.05727
11,152,167,2.90567
11,153,154,2.95978
11,153,168,3.07293
11,154,155,4.16726
11,154,169,4.16726
11,155,156,3.52238
11,155,170,3.35512
11,156,157,2.90567
11,156,171,3.17936
11,157,158,3.17936
11,157,172,3.5747
11,158,159,3.47721
11,158,173,2.85334
11,159,160,2.97543
11,159,174,2.80818
11,160,161,3.37077
11,160,175,3.35512
11,161,162,3.64447
11,161,176,4.16726
11,162,163,2.95978
11,162,177,3.84839
11,163,164,3.07293
11,163,178,3.62881
11,164,179,4.0
11,165,166,3.62881
11,165,180,3.5747
11,166,167,3.79607
11,166,181,3.37077
11,167,168,2.90567
11,167,182,3.35512
11,168,169,2.68609
11,168,183,3.79607
11,169,170,3.79607
11,169,184,3.89356
11,170,171,3.22453
11,170,185,3.22453
11,171,172,3.05727
11,171,186,4.01565
11,172,173,3.5747
11,172,187,3.62881
11,173,174,3.47721
11,173,188,3.64447
11,174,175,3.35512
11,174,189,2.80818
11,175,176,2.97543
11,175,190,3.17936
11,176,177,3.05727
11,176,191,4.0
11,177,178,2.97543
11,177,192,3.62881
11,178,179,3.22453
11,178,193,3.72631
11,179,194,3.49823
11,180,181,3.89356
11,180,195,3.37077
11,181,182,3.62881
11,181,196,3.49823
11,182,183,3.84839
11,182,197,2.85334
11,183,184,3.52238
11,183,198,3.89356
11,184,185,2.85334
11,184,199,3.74196
11,185,186,3.74196
11,185,200,3.74196
11,186,187,3.05727
11,186,201,4.0
11,187,188,3.22453
11,187,202,3.79607
11,188,189,3.72631
11,188,203,3.34662
11,189,190,3.62881
11,189,204,4.0
11,190,191,3.33097
11,190,205,3.34662
11,191,192,2.68609
11,191,206,2.90567
11,192,193,3.47721
11,192,207,2.95978
11,193,194,3.34662
11,193,208,2.97543
11,194,209,3.52238
11,195,196,3.07293
11,195,210,3.20351
11,196,197,3.07293
11,196,211,3.05727
11,197,198,2.80818
11,197,212,3.79607
11,198,199,2.97543
11,198,213,3.5747
11,199,200,3.05727
11,199,214,3.79607
11,200,201,3.34662
11,200,215,3.37077
11,201,202,4.01565
11,201,216,3.62881
11,202,203,2.85334
11,202,217,3.52238
11,203,204,3.89356
11,203,218,2.70174
11,204,205,4.01565
11,204,219,3.79607
11,205,206,3.79607
11,205,220,2.80818
11,206,207,3.62881
11,206,221,2.53448
11,207,208,3.5747
11,207,222,2.53448
11,208,209,2.97543
11,208,223,3.62881
11,209,224,2.90567
11,210,211,3.07293
11,211,212,3.74196
11,212,213,3.07293
11,213,214,2.70174
11,214,215,3.20351
11,215,216,2.53448
11,216,217,3.33097
11,217,218,3.05727
11,218,219,3.72631
11,219,220,3.33097
11,220,221,3.17936
11,221,222,3.74196
11,222,223,2.85334
11,223,224,3.62881
12,0,1,3.88551
12,0,15,3.47944
12,1,2,4.63504
12,1,16,3.88551
12,2,3,4.0
12,2,17,4.69273
12,3,4,4.5693
12,3,18,4.11449
12,4,5,4.5693
12,4,19,4.0
12,5,6,3.76208
12,5,20,3.35601
12,6,7,5.03619
12,6,21,4.28666
12,7,8,4.91276
12,7,22,4.91276
12,8,9,4.28666
12,8,23,4.69273
12,9,10,4.80722
12,9,24,4.51161
12,10,11,3.76208
12,10,25,3.47944
12,11,12,4.27772
12,11,26,3.59393
12,12,13,4.10554
12,12,27,5.20435
12,13,14,4.0
12,13,28,3.99106
12,14,29,3.88551
12,15,16,4.63504
12,15,30,3.87657
12,16,17,4.5693
12,16,31,3.87657
12,17,18,4.10554
12,17,32,4.28666
12,18,19,4.51161
12,18,33,3.88551
12,19,20,3.99106
12,19,34,4.68379
12,20,21,3.47944
12,20,35,4.92171
12,21,22,3.35601
12,21,36,4.51161
12,22,23,4.69273
12,22,37,4.11449
12,23,24,4.51161
12,23,38,4.28666
12,24,25,4.5693
12,24,39,4.80722
12,25,26,4.39713
12,25,40,4.40115
12,26,27,4.11449
12,26,41,4.28666
12,27,28,4.16323
12,27,42,4.5693
12,28,29,4.27772
12,28,43,4.16323
12,29,44,4.16323
12,30,31,3.47944
12,30,45,3.87657
12,31,32,4.11449
12,31,46,4.27772
12,32,33,4.40115
12,32,47,3.87657
12,33,34,5.32778
12,33,48,4.5693
12,34,35,4.5693
12,34,49,5.44226
12,35,36,3.59393
12,35,50,4.40115
12,36,37,5.31883
12,36,51,3.87657
12,37,38,4.91276
12,37,52,3.35601
12,38,39,4.10554
12,38,53,4.11449
12,39,40,4.28666
12,39,54,5.44226
12,40,41,4.27772
12,40,55,3.99106
12,41,42,4.52056
12,41,56,5.20435
12,42,43,3.99106
12,42,57,5.31883
12,43,44,3.59393
12,43,58,4.11449
12,44,59,5.32778
12,45,46,5.32778
12,45,60,3.4705
12,46,47,4.68379
12,46,61,3.4705
12,47,48,4.10554
12,47,62,5.32778
12,48,49,4.27772
12,48,63,4.80722
12,49,50,3.47944
12,49,64,5.44226
12,50,51,4.39713
12,50,65,4.16323
12,51,52,4.63504
12,51,66,5.44226
12,52,53,4.92171
12,52,67,4.63504
12,53,54,4.63504
12,53,68,4.79828
12,54,55,5.44226
12,54,69,4.27772
12,55,56,4.5693
12,55,70,3.76208
12,56,57,3.99106
12,56,71,4.63504
12,57,58,3.59393
12,57,72,4.80722
12,58,59,5.20435
12,58,73,5.32778
12,59,74,5.03619
12,60,61,4.22897
12,60,75,3.59393
12,61,62,5.03619
12,61,76,5.20435
12,62,63,4.27772
12,62,77,3.59393
12,63,64,4.68379
12,63,78,4.79828
12,64,65,4.63504
12,64,79,3.76208
12,65,66,4.28666
12,65,80,4.91276
12,66,67,4.39713
12,66,81,4.5693
12,67,68,5.20435
12,67,82,3.35601
12,68,69,5.32778
12,68,83,4.68379
12,69,70,3.59393
12,69,84,4.5693
12,70,71,3.88551
12,70,85,4.51161
12,71,72,4.39713
12,71,86,5.32778
12,72,73,4.11449
12,72,87,3.4705
12,73,74,3.4705
12,73,88,3.4705
12,74,89,4.80722
12,75,76,4.16323
12,75,90,5.20435
12,76,77,5.44226
12,76,91,4.63504
12,77,78,4.69273
12,77,92,5.32778
12,78,79,5.03619
12,78,93,4.5693
12,79,80,5.20435
12,79,94,5.44226
12,80,81,4.63504
12,80,95,4.69273
12,81,82,4.0
12,81,96,5.20435
12,82,83,4.51161
12,82,97,3.59393
12,83,84,4.68379
12,83,98,4.79828
12,84,85,4.0
12,84,99,4.11449
12,85,86,4.92171
12,85,100,3.35601
12,86,87,4.52056
12,86,101,4.22897
12,87,88,4.39713
12,87,102,3.35601
12,88,89,4.91276
12,88,103,3.35601
12,89,104,3.4705
12,90,91,5.31883
12,90,105,4.51161
12,91,92,4.69273
12,91,106,4.40115
12,92,93,5.32778
12,92,107,4.63504
12,93,94,5.32778
12,93,108,5.31883
12,94,95,4.80722
12,94,109,4.69273
12,95,96,4.68379
12,95,110,5.44226
12,96,97,4.69273
12,96,111,4.40115
12,97,98,3.47944
12,97,112,4.22897
12,98,99,3.4705
12,98,113,5.32778
12,99,100,3.4705
12,99,114,3.35601
12,100,101,4.5693
12,100,115,4.40115
12,101,102,4.79828
12,101,116,5.03619
12,102,103,4.5693
12,102,117,5.32778
12,103,104,4.68379
12,103,118,4.16323
12,104,119,3.47944
12,105,106,5.31883
12,105,120,4.5693
12,106,107,5.20435
12,106,121,5.31883
12,107,108,4.69273
12,107,122,4.80722
12,108,109,5.44226
12,108,123,5.44226
12,109,110,4.5693
12,109,124,4.0
12,110,111,4.79828
12,110,125,4.68379
12,111,112,5.20435
12,111,126,3.99106
12,112,113,4.22897
12,112,127,4.80722
12,113,114,4.11449
12,113,128,4.79828
12,114,115,4.40115
12,114,129,5.03619
12,115,116,3.4705
12,115,130,3.87657
12,116,117,3.76208
12,116,131,4.5693
12,117,118,4.0
12,117,132,5.44226
12,118,119,4.80722
12,118,133,3.87657
12,119,134,4.27772
12,120,121,3.47944
12,120,135,4.28666
12,121,122,3.88551
12,121,136,5.44226
12,122,123,4.16323
12,122,137,4.51161
12,123,124,4.92171
12,123,138,4.10554
12,124,125,4.52056
12,124,139,4.39713
12,125,126,3.87657
12,125,140,5.03619
12,126,127,3.59393
12,126,141,4.69273
12,127,128,4.68379
12,127,142,3.87657
12,128,129,4.51161
12,128,143,4.10554
12,129,130,3.76208
12,129,144,4.52056
12,130,131,3.59393
12,130,145,5.31883
12,131,132,4.92171
12,131,146,5.20435
12,132,133,4.40115
12,132,147,3.59393
12,133,134,3.87657
12,133,148,5.32778
12,134,149,5.31883
12,135,136,4.11449
12,135,150,4.80722
12,136,137,4.28666
12,136,151,4.92171
12,137,138,4.22897
12,137,152,4.63504
12,138,139,4.22897
12,138,153,3.88551
12,139,140,4.22897
12,139,154,5.32778
12,140,141,4.39713
12,140,155,4.91276
12,141,142,4.63504
12,141,156,3.35601
12,142,143,4.39713
12,142,157,3.59393
12,143,144,4.39713
12,143,158,5.32778
12,144,145,4.40115
12,144,159,4.51161
12,145,146,4.52056
12,145,160,4.11449
12,146,147,4.0
12,146,161,3.47944
12,147,148,4.68379
12,147,162,5.20435
12,148,149,3.59393
12,148,163,4.10554
12,149,164,5.03619
12,150,151,4.80722
12,150,165,3.88551
12,151,152,5.32778
12,151,166,4.11449
12,152,153,3.4705
12,152,167,4.27772
12,153,154,3.76208
12,153,168,4.91276
12,154,155,4.63504
12,154,169,4.63504
12,155,156,4.11449
12,155,170,3.47944
12,156,157,4.27772
12,156,171,4.68379
12,157,158,4.68379
12,157,172,4.40115
12,158,159,4.69273
12,158,173,3.99106
12,159,160,5.20435
12,159,174,4.5693
12,160,161,4.92171
12,160,175,3.47944
12,161,162,5.32778
12,161,176,4.63504
12,162,163,3.76208
12,162,177,4.80722
12,163,164,4.91276
12,163,178,3.88551
12,164,179,4.0
12,165,166,3.88551
12,165,180,4.40115
12,166,167,4.52056
12,166,181,4.92171
12,167,168,4.27772
12,167,182,3.47944
12,168,169,3.35601
12,168,183,4.52056
12,169,170,4.52056
12,169,184,4.22897
12,170,171,4.10554
12,170,185,4.10554
12,171,172,3.4705
12,171,186,5.44226
12,172,173,4.40115
12,172,187,3.88551
12,173,174,4.69273
12,173,188,5.32778
12,174,175,3.47944
12,174,189,4.5693
12,175,176,5.20435
12,175,190,4.68379
12,176,177,3.4705
12,176,191,4.0
12,177,178,5.20435
12,177,192,3.88551
12,178,179,4.10554
12,178,193,3.59393
12,179,194,4.51161
12,180,181,4.22897
12,180,195,4.92171
12,181,182,3.88551
12,181,196,4.51161
12,182,183,4.80722
12,182,197,3.99106
12,183,184,4.11449
12,183,198,4.22897
12,184,185,3.99106
12,184,199,5.03619
12,185,186,5.03619
12,185,200,5.03619
12,186,187,3.4705
12,186,201,4.0
12,187,188,4.10554
12,187,202,4.52056
12,188,189,3.59393
12,188,203,5.31883
12,189,190,3.88551
12,189,204,4.0
12,190,191,3.87657
12,190,205,5.31883
12,191,192,3.35601
12,191,206,4.27772
12,192,193,4.69273
12,192,207,3.76208
12,193,194,5.31883
12,193,208,5.20435
12,194,209,4.11449
12,195,196,4.91276
12,195,210,4.28666
12,196,197,4.91276
12,196,211,3.4705
12,197,198,4.5693
12,197,212,4.52056
12,198,199,5.20435
12,198,213,4.40115
12,199,200,3.4705
12,199,214,4.52056
12,200,201,5.31883
12,200,215,4.92171
12,201,202,5.44226
12,201,216,3.88551
12,202,203,3.99106
12,202,217,4.11449
12,203,204,4.22897
12,203,218,4.79828
12,204,205,5.44226
12,204,219,4.52056
12,205,206,4.52056
12,205,220,4.5693
12,206,207,3.88551
12,206,221,4.16323
12,207,208,4.40115
12,207,222,4.16323
12,208,209,5.20435
12,208,223,3.88551
12,209,224,4.27772
12,210,211,4.91276
12,211,212,5.03619
12,212,213,4.91276
12,213,214,4.79828
12,214,215,4.28666
12,215,216,4.16323
12,216,217,3.87657
12,217,218,3.4705
12,218,219,3.59393
12,219,220,3.87657
12,220,221,4.68379
12,221,222,5.03619
12,222,223,3.99106
12,223,224,3.88551
13,0,1,3.64894
13,0,15,3.83364
13,1,2,3.94857
13,1,16,3.64894
13,2,3,4.0
13,2,17,3.81128
13,3,4,3.37837
13,3,18,3.78221
13,4,5,3.37837
13,4,19,4.0
13,5,6,3.21603
13,5,20,3.40073
13,6,7,4.29561
13,6,21,3.99598
13,7,8,3.86271
13,7,22,3.86271
13,8,9,3.99598
13,8,23,3.81128
13,9,10,4.16234
13,9,24,3.51567
13,10,11,3.21603
13,10,25,3.83364
13,11,12,3.91413
13,11,26,4.1847
13,12,13,3.70037
13,12,27,3.32694
13,13,14,4.0
13,13,28,3.3493
13,14,29,3.64894
13,15,16,3.94857
13,15,30,3.5671
13,16,17,3.37837
13,16,31,3.5671
13,17,18,3.70037
13,17,32,3.99598
13,18,19,3.51567
13,18,33,3.64894
13,19,20,3.3493
13,19,34,3.72944
13,20,21,3.83364
13,20,35,3.94455
13,21,22,3.40073
13,21,36,3.51567
13,22,23,3.81128
13,22,37,3.78221
13,23,24,3.51567
13,23,38,3.99598
13,24,25,3.37837
13,24,39,4.16234
13,25,26,3.16461
13,25,40,4.34704
13,26,27,3.78221
13,26,41,3.99598
13,27,28,3.56307
13,27,42,3.37837
13,28,29,3.91413
13,28,43,3.56307
13,29,44,3.56307
13,30,31,3.83364
13,30,45,3.5671
13,31,32,3.78221
13,31,46,3.91413
13,32,33,4.34704
13,32,47,3.5671
13,33,34,3.75985
13,33,48,3.37837
13,34,35,3.37837
13,34,49,4.11091
13,35,36,4.1847
13,35,50,4.34704
13,36,37,3.67801
13,36,51,3.5671
13,37,38,3.86271
13,37,52,3.40073
13,38,39,3.70037
13,38,53,3.78221
13,39,40,3.99598
13,39,54,4.11091
13,40,41,3.91413
13,40,55,3.3493
13,41,42,3.59751
13,41,56,3.32694
13,42,43,3.3493
13,42,57,3.67801
13,43,44,4.1847
13,43,58,3.78221
13,44,59,3.75985
13,45,46,3.75985
13,45,60,3.7518
13,46,47,3.72944
13,46,61,3.7518
13,47,48,3.70037
13,47,62,3.75985
13,48,49,3.91413
13,48,63,4.16234
13,49,50,3.83364
13,49,64,4.11091
13,50,51,3.16461
13,50,65,3.56307
13,51,52,3.94857
13,51,66,4.11091
13,52,53,3.94455
13,52,67,3.94857
13,53,54,3.94857
13,53,68,3.51164
13,54,55,4.11091
13,54,69,3.91413
13,55,56,3.37837
13,55,70,3.21603
13,56,57,3.3493
13,56,71,3.94857
13,57,58,4.1847
13,57,72,4.16234
13,58,59,3.32694
13,58,73,3.75985
13,59,74,4.29561
13,60,61,4.13327
13,60,75,4.1847
13,61,62,4.29561
13,61,76,3.32694
13,62,63,3.91413
13,62,77,4.1847
13,63,64,3.72944
13,63,78,3.51164
13,64,65,3.94857
13,64,79,3.21603
13,65,66,3.99598
13,65,80,3.86271
13,66,67,3.16461
13,66,81,3.37837
13,67,68,3.32694
13,67,82,3.40073
13,68,69,3.75985
13,68,83,3.72944
13,69,70,4.1847
13,69,84,3.37837
13,70,71,3.64894
13,70,85,3.51567
13,71,72,3.16461
13,71,86,3.75985
13,72,73,3.78221
13,72,87,3.7518
13,73,74,3.7518
13,73,88,3.7518
13,74,89,4.16234
13,75,76,3.56307
13,75,90,3.32694
13,76,77,4.11091
13,76,91,3.94857
13,77,78,3.81128
13,77,92,3.75985
13,78,79,4.29561
13,78,93,3.37837
13,79,80,3.32694
13,79,94,4.11091
13,80,81,3.94857
13,80,95,3.81128
13,81,82,4.0
13,81,96,3.32694
13,82,83,3.51567
13,82,97,4.1847
13,83,84,3.72944
13,83,98,3.51164
13,84,85,4.0
13,84,99,3.78221
13,85,86,3.94455
13,85,100,3.40073
13,86,87,3.59751
13,86,101,4.13327
13,87,88,3.16461
13,87,102,3.40073
13,88,89,3.86271
13,88,103,3.40073
13,89,104,3.7518
13,90,91,3.67801
13,90,105,3.51567
13,91,92,3.81128
13,91,106,4.34704
13,92,93,3.75985
13,92,107,3.94857
13,93,94,3.75985
13,93,108,3.67801
13,94,95,4.16234
13,94,109,3.81128
13,95,96,3.72944
13,95,110,4.11091
13,96,97,3.81128
13,96,111,4.34704
13,97,98,3.83364
13,97,112,4.13327
13,98,99,3.7518
13,98,113,3.75985
13,99,100,3.7518
13,99,114,3.40073
13,100,101,3.37837
13,100,115,4.34704
13,101,102,3.51164
13,101,116,4.29561
13,102,103,3.37837
13,102,117,3.75985
13,103,104,3.72944
13,103,118,3.56307
13,104,119,3.83364
13,105,106,3.67801
13,105,120,3.37837
13,106,107,3.32694
13,106,121,3.67801
13,107,108,3.81128
13,107,122,4.16234
13,108,109,4.11091
13,108,123,4.11091
13,109,110,3.37837
13,109,124,4.0
13,110,111,3.51164
13,110,125,3.72944
13,111,112,3.32694
13,111,126,3.3493
13,112,113,4.13327
13,112,127,4.16234
13,113,114,3.78221
13,113,128,3.51164
13,114,115,4.34704
13,114,129,4.29561
13,115,116,3.7518
13,115,130,3.5671
13,116,117,3.21603
13,116,131,3.37837
13,117,118,4.0
13,117,132,4.11091
13,118,119,4.16234
13,118,133,3.5671
13,119,134,3.91413
13,120,121,3.83364
13,120,135,3.99598
13,121,122,3.64894
13,121,136,4.11091
13,122,123,3.56307
13,122,137,3.51567
13,123,124,3.94455
13,123,138,3.70037
13,124,125,3.59751
13,124,139,3.16461
13,125,126,3.5671
13,125,140,4.29561
13,126,127,4.1847
13,126,141,3.81128
13,127,128,3.72944
13,127,142,3.5671
13,128,129,3.51567
13,128,143,3.70037
13,129,130,3.21603
13,129,144,3.59751
13,130,131,4.1847
13,130,145,3.67801
13,131,132,3.94455
13,131,146,3.32694
13,132,133,4.34704
13,132,147,4.1847
13,133,134,3.5671
13,133,148,3.75985
13,134,149,3.67801
13,135,136,3.78221
13,135,150,4.16234
13,136,137,3.99598
13,136,151,3.94455
13,137,138,4.13327
13,137,152,3.94857
13,138,139,4.13327
13,138,153,3.64894
13,139,140,4.13327
13,139,154,3.75985
13,140,141,3.16461
13,140,155,3.86271
13,141,142,3.94857
13,141,156,3.40073
13,142,143,3.16461
13,142,157,4.1847
13,143,144,3.16461
13,143,158,3.75985
13,144,145,4.34704
13,144,159,3.51567
13,145,146,3.59751
13,145,160,3.78221
13,146,147,4.0
13,146,161,3.83364
13,147,148,3.72944
13,147,162,3.32694
13,148,149,4.1847
13,148,163,3.70037
13,149,164,4.29561
13,150,151,4.16234
13,150,165,3.64894
13,151,152,3.75985
13,151,166,3.78221
13,152,153,3.7518
13,152,167,3.91413
13,153,154,3.21603
13,153,168,3.86271
13,154,155,3.94857
13,154,169,3.94857
13,155,156,3.78221
13,155,170,3.83364
13,156,157,3.91413
13,156,171,3.72944
13,157,158,3.72944
13,157,172,4.34704
13,158,159,3.81128
13,158,173,3.3493
13,159,160,3.32694
13,159,174,3.37837
13,160,161,3.94455
13,160,175,3.83364
13,161,162,3.75985
13,161,176,3.94857
13,162,163,3.21603
13,162,177,4.16234
13,163,164,3.86271
13,163,178,3.64894
13,164,179,4.0
13,165,166,3.64894
13,165,180,4.34704
13,166,167,3.59751
13,166,181,3.94455
13,167,168,3.91413
13,167,182,3.83364
13,168,169,3.40073
13,168,183,3.59751
13,169,170,3.59751
13,169,184,4.13327
13,170,171,3.70037
13,170,185,3.70037
13,171,172,3.7518
13,171,186,4.11091
13,172,173,4.34704
13,172,187,3.64894
13,173,174,3.81128
13,173,188,3.75985
13,174,175,3.83364
13,174,189,3.37837
13,175,176,3.32694
13,175,190,3.72944
13,176,177,3.7518
13,176,191,4.0
13,177,178,3.32694
13,177,192,3.64894
13,178,179,3.70037
13,178,193,4.1847
13,179,194,3.51567
13,180,181,4.13327
13,180,195,3.94455
13,181,182,3.64894
13,181,196,3.51567
13,182,183,4.16234
13,182,197,3.3493
13,183,184,3.78221
13,183,198,4.13327
13,184,185,3.3493
13,184,199,4.29561
13,185,186,4.29561
13,185,200,4.29561
13,186,187,3.7518
13,186,201,4.0
13,187,188,3.70037
13,187,202,3.59751
13,188,189,4.1847
13,188,203,3.67801
13,189,190,3.64894
13,189,204,4.0
13,190,191,3.5671
13,190,205,3.67801
13,191,192,3.40073
13,191,206,3.91413
13,192,193,3.81128
13,192,207,3.21603
13,193,194,3.67801
13,193,208,3.32694
13,194,209,3.78221
13,195,196,3.86271
13,195,210,3.99598
13,196,197,3.86271
13,196,211,3.7518
13,197,198,3.37837
13,197,212,3.59751
13,198,199,3.32694
13,198,213,4.34704
13,199,200,3.7518
13,199,214,3.59751
13,200,201,3.67801
13,200,215,3.94455
13,201,202,4.11091
13,201,216,3.64894
13,202,203,3.3493
13,202,217,3.78221
13,203,204,4.13327
13,203,218,3.51164
13,204,205,4.11091
13,204,219,3.59751
13,205,206,3.59751
13,205,220,3.37837
13,206,207,3.64894
13,206,221,3.56307
13,207,208,4.34704
13,207,222,3.56307
13,208,209,3.32694
13,208,223,3.64894
13,209,224,3.91413
13,210,211,3.86271
13,211,212,4.29561
13,212,213,3.86271
13,213,214,3.51164
13,214,215,3.99598
13,215,216,3.56307
13,216,217,3.5671
13,217,218,3.7518
13,218,219,4.1847
13,219,220,3.5671
13,220,221,3.72944
13,221,222,4.29561
13,222,223,3.3493
13,223,224,3.64894
14,0,1,3.42131
14,0,15,3.2299
14,1,2,3.94633
14,1,16,3.42131
14,2,3,4.0
14,2,17,2.69861
14,3,4,3.13062
14,3,18,3.17623
14,4,5,3.13062
14,4,19,4.0
14,5,6,3.85331
14,5,20,3.66191
14,6,7,3.03223
14,6,21,2.5072
14,7,8,3.46424
14,7,22,3.46424
14,8,9,2.5072
14,8,23,2.69861
14,9,10,3.2773
14,9,24,4.37834
14,10,11,3.85331
14,10,25,3.2299
14,11,12,3.5179
14,11,26,3.80859
14,12,13,4.18694
14,12,27,3.07695
14,13,14,4.0
14,13,28,3.60824
14,14,29,3.42131
14,15,16,3.94633
14,15,30,4.43201
14,16,17,3.13062
14,16,31,4.43201
14,17,18,4.18694
14,17,32,2.5072
14,18,19,4.37834
14,18,33,3.42131
14,19,20,3.60824
14,19,34,3.70931
14,20,21,3.2299
14,20,35,2.45354
14,21,22,3.66191
14,21,36,4.37834
14,22,23,2.69861
14,22,37,3.17623
14,23,24,4.37834
14,23,38,2.5072
14,24,25,3.13062
14,24,39,3.2773
14,25,26,3.79965
14,25,40,3.0859
14,26,27,3.17623
14,26,41,2.5072
14,27,28,2.93921
14,27,42,3.13062
14,28,29,3.5179
14,28,43,2.93921
14,29,44,2.93921
14,30,31,3.2299
14,30,45,4.43201
14,31,32,3.17623
14,31,46,3.5179
14,32,33,3.0859
14,32,47,4.43201
14,33,34,2.64494
14,33,48,3.13062
14,34,35,3.13062
14,34,49,3.22364
14,35,36,3.80859
14,35,50,3.0859
14,36,37,3.65565
14,36,51,4.43201
14,37,38,3.46424
14,37,52,3.66191
14,38,39,4.18694
14,38,53,3.17623
14,39,40,2.5072
14,39,54,3.22364
14,40,41,3.5179
14,40,55,3.60824
14,41,42,3.36764
14,41,56,3.07695
14,42,43,3.60824
14,42,57,3.65565
14,43,44,3.80859
14,43,58,3.17623
14,44,59,2.64494
14,45,46,2.64494
14,45,60,4.2406
14,46,47,3.70931
14,46,61,4.2406
14,47,48,4.18694
14,47,62,2.64494
14,48,49,3.5179
14,48,63,3.2773
14,49,50,3.2299
14,49,64,3.22364
14,50,51,3.79965
14,50,65,2.93921
14,51,52,3.94633
14,51,66,3.22364
14,52,53,2.45354
14,52,67,3.94633
14,53,54,3.94633
14,53,68,2.88554
14,54,55,3.22364
14,54,69,3.5179
14,55,56,3.13062
14,55,70,3.85331
14,56,57,3.60824
14,56,71,3.94633
14,57,58,3.80859
14,57,72,3.2773
14,58,59,3.07695
14,58,73,2.64494
14,59,74,3.03223
14,60,61,3.75493
14,60,75,3.80859
14,61,62,3.03223
14,61,76,3.07695
14,62,63,3.5179
14,62,77,3.80859
14,63,64,3.70931
14,63,78,2.88554
14,64,65,3.94633
14,64,79,3.85331
14,65,66,2.5072
14,65,80,3.46424
14,66,67,3.79965
14,66,81,3.13062
14,67,68,3.07695
14,67,82,3.66191
14,68,69,2.64494
14,68,83,3.70931
14,69,70,3.80859
14,69,84,3.13062
14,70,71,3.42131
14,70,85,4.37834
14,71,72,3.79965
14,71,86,2.64494
14,72,73,3.17623
14,72,87,4.2406
14,73,74,4.2406
14,73,88,4.2406
14,74,89,3.2773
14,75,76,2.93921
14,75,90,3.07695
14,76,77,3.22364
14,76,91,3.94633
14,77,78,2.69861
14,77,92,2.64494
14,78,79,3.03223
14,78,93,3.13062
14,79,80,3.07695
14,79,94,3.22364
14,80,81,3.94633
14,80,95,2.69861
14,81,82,4.0
14,81,96,3.07695
14,82,83,4.37834
14,82,97,3.80859
14,83,84,3.70931
14,83,98,2.88554
14,84,85,4.0
14,84,99,3.17623
14,85,86,2.45354
14,85,100,3.66191
14,86,87,3.36764
14,86,101,3.75493
14,87,88,3.79965
14,87,102,3.66191
14,88,89,3.46424
14,88,103,3.66191
14,89,104,4.2406
14,90,91,3.65565
14,90,105,4.37834
14,91,92,2.69861
14,91,106,3.0859
14,92,93,2.64494
14,92,107,3.94633
14,93,94,2.64494
14,93,108,3.65565
14,94,95,3.2773
14,94,109,2.69861
14,95,96,3.70931
14,95,110,3.22364
14,96,97,2.69861
14,96,111,3.0859
14,97,98,3.2299
14,97,112,3.75493
14,98,99,4.2406
14,98,113,2.64494
14,99,100,4.2406
14,99,114,3.66191
14,100,101,3.13062
14,100,115,3.0859
14,101,102,2.88554
14,101,116,3.03223
14,102,103,3.13062
14,102,117,2.64494
14,103,104,3.70931
14,103,118,2.93921
14,104,119,3.2299
14,105,106,3.65565
14,105,120,3.13062
14,106,107,3.07695
14,106,121,3.65565
14,107,108,2.69861
14,107,122,3.2773
14,108,109,3.22364
14,108,123,3.22364
14,109,110,3.13062
14,109,124,4.0
14,110,111,2.88554
14,110,125,3.70931
14,111,112,3.07695
14,111,126,3.60824
14,112,113,3.75493
14,112,127,3.2773
14,113,114,3.17623
14,113,128,2.88554
14,114,115,3.0859
14,114,129,3.03223
14,115,116,4.2406
14,115,130,4.43201
14,116,117,3.85331
14,116,131,3.13062
14,117,118,4.0
14,117,132,3.22364
14,118,119,3.2773
14,118,133,4.43201
14,119,134,3.5179
14,120,121,3.2299
14,120,135,2.5072
14,121,122,3.42131
14,121,136,3.22364
14,122,123,2.93921
14,122,137,4.37834
14,123,124,2.45354
14,123,138,4.18694
14,124,125,3.36764
14,124,139,3.79965
14,125,126,4.43201
14,125,140,3.03223
14,126,127,3.80859
14,126,141,2.69861
14,127,128,3.70931
14,127,142,4.43201
14,128,129,4.37834
14,128,143,4.18694
14,129,130,3.85331
14,129,144,3.36764
14,130,131,3.80859
14,130,145,3.65565
14,131,132,2.45354
14,131,146,3.07695
14,132,133,3.0859
14,132,147,3.80859
14,133,134,4.43201
14,133,148,2.64494
14,134,149,3.65565
14,135,136,3.17623
14,135,150,3.2773
14,136,137,2.5072
14,136,151,2.45354
14,137,138,3.75493
14,137,152,3.94633
14,138,139,3.75493
14,138,153,3.42131
14,139,140,3.75493
14,139,154,2.64494
14,140,141,3.79965
14,140,155,3.46424
14,141,142,3.94633
14,141,156,3.66191
14,142,143,3.79965
14,142,157,3.80859
14,143,144,3.79965
14,143,158,2.64494
14,144,145,3.0859
14,144,159,4.37834
14,145,146,3.36764
14,145,160,3.17623
14,146,147,4.0
14,146,161,3.2299
14,147,148,3.70931
14,147,162,3.07695
14,148,149,3.80859
14,148,163,4.18694
14,149,164,3.03223
14,150,151,3.2773
14,150,165,3.42131
14,151,152,2.64494
14,151,166,3.17623
14,152,153,4.2406
14,152,167,3.5179
14,153,154,3.85331
14,153,168,3.46424
14,154,155,3.94633
14,154,169,3.94633
14,155,156,3.17623
14,155,170,3.2299
14,156,157,3.5179
14,156,171,3.70931
14,157,158,3.70931
14,157,172,3.0859
14,158,159,2.69861
14,158,173,3.60824
14,159,160,3.07695
14,159,174,3.13062
14,160,161,2.45354
14,160,175,3.2299
14,161,162,2.64494
14,161,176,3.94633
14,162,163,3.85331
14,162,177,3.2773
14,163,164,3.46424
14,163,178,3.42131
14,164,179,4.0
14,165,166,3.42131
14,165,180,3.0859
14,166,167,3.36764
14,166,181,2.45354
14,167,168,3.5179
14,167,182,3.2299
14,168,169,3.66191
14,168,183,3.36764
14,169,170,3.36764
14,169,184,3.75493
14,170,171,4.18694
14,170,185,4.18694
14,171,172,4.2406
14,171,186,3.22364
14,172,173,3.0859
14,172,187,3.42131
14,173,174,2.69861
14,173,188,2.64494
14,174,175,3.2299
14,174,189,3.13062
14,175,176,3.07695
14,175,190,3.70931
14,176,177,4.2406
14,176,191,4.0
14,177,178,3.07695
14,177,192,3.42131
14,178,179,4.18694
14,178,193,3.80859
14,179,194,4.37834
14,180,181,3.75493
14,180,195,2.45354
14,181,182,3.42131
14,181,196,4.37834
14,182,183,3.2773
14,182,197,3.60824
14,183,184,3.17623
14,183,198,3.75493
14,184,185,3.60824
14,184,199,3.03223
14,185,186,3.03223
14,185,200,3.03223
14,186,187,4.2406
14,186,201,4.0
14,187,188,4.18694
14,187,202,3.36764
14,188,189,3.80859
14,188,203,3.65565
14,189,190,3.42131
14,189,204,4.0
14,190,191,4.43201
14,190,205,3.65565
14,191,192,3.66191
14,191,206,3.5179
14,192,193,2.69861
14,192,207,3.85331
14,193,194,3.65565
14,193,208,3.07695
14,194,209,3.17623
14,195,196,3.46424
14,195,210,2.5072
14,196,197,3.46424
14,196,211,4.2406
14,197,198,3.13062
14,197,212,3.36764
14,198,199,3.07695
14,198,213,3.0859
14,199,200,4.2406
14,199,214,3.36764
14,200,201,3.65565
14,200,215,2.45354
14,201,202,3.22364
14,201,216,3.42131
14,202,203,3.60824
14,202,217,3.17623
14,203,204,3.75493
14,203,218,2.88554
14,204,205,3.22364
14,204,219,3.36764
14,205,206,3.36764
14,205,220,3.13062
14,206,207,3.42131
14,206,221,2.93921
14,207,208,3.0859
14,207,222,2.93921
14,208,209,3.07695
14,208,223,3.42131
14,209,224,3.5179
14,210,211,3.46424
14,211,212,3.03223
14,212,213,3.46424
14,213,214,2.88554
14,214,215,2.5072
14,215,216,2.93921
14,216,217,4.43201
14,217,218,4.2406
14,218,219,3.80859
14,219,220,4.43201
14,220,221,3.70931
14,221,222,3.03223
14,222,223,3.60824
14,223,224,3.42131
15,0,1,3.68114
15,0,15,3.07203
15,1,2,4.90919
15,1,16,3.68114
15,2,3,4.0
15,2,17,4.09302
15,3,4,4.76697
15,3,18,3.98122
15,4,5,4.76697
15,4,19,4.0
15,5,6,4.35509
15,5,20,3.74598
15,6,7,4.71196
15,6,21,3.48392
15,7,8,5.38591
15,7,22,5.38591
15,8,9,3.48392
15,8,23,4.09302
15,9,10,4.41188
15,9,24,5.58314
15,10,11,4.35509
15,10,25,3.07203
15,11,12,4.47673
15,11,26,3.3909
15,12,13,4.97403
15,12,27,5.67616
15,13,14,4.0
15,13,28,4.65517
15,14,29,3.68114
15,15,16,4.90919
15,15,30,4.67395
15,16,17,4.76697
15,16,31,4.67395
15,17,18,4.97403
15,17,32,3.48392
15,18,19,5.58314
15,18,33,3.68114
15,19,20,4.65517
15,19,34,5.08583
15,20,21,3.07203
15,20,35,4.3931
15,21,22,3.74598
15,21,36,5.58314
15,22,23,4.09302
15,22,37,3.98122
15,23,24,5.58314
15,23,38,3.48392
15,24,25,4.76697
15,24,39,4.41188
15,25,26,5.26427
15,25,40,3.80278
15,26,27,3.98122
15,26,41,3.48392
15,27,28,4.15787
15,27,42,4.76697
15,28,29,4.47673
15,28,43,4.15787
15,29,44,4.15787
15,30,31,3.07203
15,30,45,4.67395
15,31,32,3.98122
15,31,46,4.47673
15,32,33,3.80278
15,32,47,4.67395
15,33,34,5.00221
15,33,48,4.76697
15,34,35,4.76697
15,34,49,5.32107
15,35,36,3.3909
15,35,50,3.80278
15,36,37,5.99502
15,36,51,4.67395
15,37,38,5.38591
15,37,52,3.74598
15,38,39,4.97403
15,38,53,3.98122
15,39,40,3.48392
15,39,54,5.32107
15,40,41,4.47673
15,40,55,4.65517
15,41,42,4.59032
15,41,56,5.67616
15,42,43,4.65517
15,42,57,5.99502
15,43,44,3.3909
15,43,58,3.98122
15,44,59,5.00221
15,45,46,5.00221
15,45,60,4.06485
15,46,47,5.08583
15,46,61,4.06485
15,47,48,4.97403
15,47,62,5.00221
15,48,49,4.47673
15,48,63,4.41188
15,49,50,3.07203
15,49,64,5.32107
15,50,51,5.26427
15,50,65,4.15787
15,51,52,4.90919
15,51,66,5.32107
15,52,53,4.3931
15,52,67,4.90919
15,53,54,4.90919
15,53,68,5.06705
15,54,55,5.32107
15,54,69,4.47673
15,55,56,4.76697
15,55,70,4.35509
15,56,57,4.65517
15,56,71,4.90919
15,57,58,3.3909
15,57,72,4.41188
15,58,59,5.67616
15,58,73,5.00221
15,59,74,4.71196
15,60,61,4.30008
15,60,75,3.3909
15,61,62,4.71196
15,61,76,5.67616
15,62,63,4.47673
15,62,77,3.3909
15,63,64,5.08583
15,63,78,5.06705
15,64,65,4.90919
15,64,79,4.35509
15,65,66,3.48392
15,65,80,5.38591
15,66,67,5.26427
15,66,81,4.76697
15,67,68,5.67616
15,67,82,3.74598
15,68,69,5.00221
15,68,83,5.08583
15,69,70,3.3909
15,69,84,4.76697
15,70,71,3.68114
15,70,85,5.58314
15,71,72,5.26427
15,71,86,5.00221
15,72,73,3.98122
15,72,87,4.06485
15,73,74,4.06485
15,73,88,4.06485
15,74,89,4.41188
15,75,76,4.15787
15,75,90,5.67616
15,76,77,5.32107
15,76,91,4.90919
15,77,78,4.09302
15,77,92,5.00221
15,78,79,4.71196
15,78,93,4.76697
15,79,80,5.67616
15,79,94,5.32107
15,80,81,4.90919
15,80,95,4.09302
15,81,82,4.0
15,81,96,5.67616
15,82,83,5.58314
15,82,97,3.3909
15,83,84,5.08583
15,83,98,5.06705
15,84,85,4.0
15,84,99,3.98122
15,85,86,4.3931
15,85,100,3.74598
15,86,87,4.59032
15,86,101,4.30008
15,87,88,5.26427
15,87,102,3.74598
15,88,89,5.38591
15,88,103,3.74598
15,89,104,4.06485
15,90,91,5.99502
15,90,105,5.58314
15,91,92,4.09302
15,91,106,3.80278
15,92,93,5.00221
15,92,107,4.90919
15,93,94,5.00221
15,93,108,5.99502
15,94,95,4.41188
15,94,109,4.09302
15,95,96,5.08583
15,95,110,5.32107
15,96,97,4.09302
15,96,111,3.80278
15,97,98,3.07203
15,97,112,4.30008
15,98,99,4.06485
15,98,113,5.00221
15,99,100,4.06485
15,99,114,3.74598
15,100,101,4.76697
15,100,115,3.80278
15,101,102,5.06705
15,101,116,4.71196
15,102,103,4.76697
15,102,117,5.00221
15,103,104,5.08583
15,103,118,4.15787
15,104,119,3.07203
15,105,106,5.99502
15,105,120,4.76697
15,106,107,5.67616
15,106,121,5.99502
15,107,108,4.09302
15,107,122,4.41188
15,108,109,5.32107
15,108,123,5.32107
15,109,110,4.76697
15,109,124,4.0
15,110,111,5.06705
15,110,125,5.08583
15,111,112,5.67616
15,111,126,4.65517
15,112,113,4.30008
15,112,127,4.41188
15,113,114,3.98122
15,113,128,5.06705
15,114,115,3.80278
15,114,129,4.71196
15,115,116,4.06485
15,115,130,4.67395
15,116,117,4.35509
15,116,131,4.76697
15,117,118,4.0
15,117,132,5.32107
15,118,119,4.41188
15,118,133,4.67395
15,119,134,4.47673
15,120,121,3.07203
15,120,135,3.48392
15,121,122,3.68114
15,121,136,5.32107
15,122,123,4.15787
15,122,137,5.58314
15,123,124,4.3931
15,123,138,4.97403
15,124,125,4.59032
15,124,139,5.26427
15,125,126,4.67395
15,125,140,4.71196
15,126,127,3.3909
15,126,141,4.09302
15,127,128,5.08583
15,127,142,4.67395
15,128,129,5.58314
15,128,143,4.97403
15,129,130,4.35509
15,129,144,4.59032
15,130,131,3.3909
15,130,145,5.99502
15,131,132,4.3931
15,131,146,5.67616
15,132,133,3.80278
15,132,147,3.3909
15,133,134,4.67395
15,133,148,5.00221
15,134,149,5.99502
15,135,136,3.98122
15,135,150,4.41188
15,136,137,3.48392
15,136,151,4.3931
15,137,138,4.30008
15,137,152,4.90919
15,138,139,4.30008
15,138,153,3.68114
15,139,140,4.30008
15,139,154,5.00221
15,140,141,5.26427
15,140,155,5.38591
15,141,142,4.90919
15,141,156,3.74598
15,142,143,5.26427
15,142,157,3.3909
15,143,144,5.26427
15,143,158,5.00221
15,144,145,3.80278
15,144,159,5.58314
15,145,146,4.59032
15,145,160,3.98122
15,146,147,4.0
15,146,161,3.07203
15,147,148,5.08583
15,147,162,5.67616
15,148,149,3.3909
15,148,163,4.97403
15,149,164,4.71196
15,150,151,4.41188
15,150,165,3.68114
15,151,152,5.00221
15,151,166,3.98122
15,152,153,4.06485
15,152,167,4.47673
15,153,154,4.35509
15,153,168,5.38591
15,154,155,4.90919
15,154,169,4.90919
15,155,156,3.98122
15,155,170,3.07203
15,156,157,4.47673
15,156,171,5.08583
15,157,158,5.08583
15,157,172,3.80278
15,158,159,4.09302
15,158,173,4.65517
15,159,160,5.67616
15,159,174,4.76697
15,160,161,4.3931
15,160,175,3.07203
15,161,162,5.00221
15,161,176,4.90919
15,162,163,4.35509
15,162,177,4.41188
15,163,164,5.38591
15,163,178,3.68114
15,164,179,4.0
15,165,166,3.68114
15,165,180,3.80278
15,166,167,4.59032
15,166,181,4.3931
15,167,168,4.47673
15,167,182,3.07203
15,168,169,3.74598
15,168,183,4.59032
15,169,170,4.59032
15,169,184,4.30008
15,170,171,4.97403
15,170,185,4.97403
15,171,172,4.06485
15,171,186,5.32107
15,172,173,3.80278
15,172,187,3.68114
15,173,174,4.09302
15,173,188,5.00221
15,174,175,3.07203
15,174,189,4.76697
15,175,176,5.67616
15,175,190,5.08583
15,176,177,4.06485
15,176,191,4.0
15,177,178,5.67616
15,177,192,3.68114
15,178,179,4.97403
15,178,193,3.3909
15,179,194,5.58314
15,180,181,4.30008
15,180,195,4.3931
15,181,182,3.68114
15,181,196,5.58314
15,182,183,4.41188
15,182,197,4.65517
15,183,184,3.98122
15,183,198,4.30008
15,184,185,4.65517
15,184,199,4.71196
15,185,186,4.71196
15,185,200,4.71196
15,186,187,4.06485
15,186,201,4.0
15,187,188,4.97403
15,187,202,4.59032
15,188,189,3.3909
15,188,203,5.99502
15,189,190,3.68114
15,189,204,4.0
15,190,191,4.67395
15,190,205,5.99502
15,191,192,3.74598
15,191,206,4.47673
15,192,193,4.09302
15,192,207,4.35509
15,193,194,5.99502
15,193,208,5.67616
15,194,209,3.98122
15,195,196,5.38591
15,195,210,3.48392
15,196,197,5.38591
15,196,211,4.06485
15,197,198,4.76697
15,197,212,4.59032
15,198,199,5.67616
15,198,213,3.80278
15,199,200,4.06485
15,199,214,4.59032
15,200,201,5.99502
15,200,215,4.3931
15,201,202,5.32107
15,201,216,3.68114
15,202,203,4.65517
15,202,217,3.98122
15,203,204,4.30008
15,203,218,5.06705
15,204,205,5.32107
15,204,219,4.59032
15,205,206,4.59032
15,205,220,4.76697
15,206,207,3.68114
15,206,221,4.15787
15,207,208,3.80278
15,207,222,4.15787
15,208,209,5.67616
15,208,223,3.68114
15,209,224,4.47673
15,210,211,5.38591
15,211,212,4.71196
15,212,213,5.38591
15,213,214,5.06705
15,214,215,3.48392
15,215,216,4.15787
15,216,217,4.67395
15,217,218,4.06485
15,218,219,3.3909
15,219,220,4.67395
15,220,221,5.08583
15,221,222,4.71196
15,222,223,4.65517
15,223,224,3.68114
16,0,1,3.84974
16,0,15,3.27686
16,1,2,3.67353
16,1,16,3.84974
16,2,3,4.0
16,2,17,4.31439
16,3,4,4.04427
16,3,18,2.95039
16,4,5,4.04427
16,4,19,4.0
16,5,6,3.57962
16,5,20,3.00674
16,6,7,3.56531
16,6,21,3.74151
16,7,8,3.29519
16,7,22,3.29519
16,8,9,3.74151
16,8,23,4.31439
16,9,10,4.46465
16,9,24,3.40342
16,10,11,3.57962
16,10,25,3.27686
16,11,12,3.62166
16,11,26,3.42712
16,12,13,2.83054
16,12,27,3.71781
16,13,14,4.0
16,13,28,2.68027
16,14,29,3.84974
16,15,16,3.67353
16,15,30,3.72988
16,16,17,4.04427
16,16,31,3.72988
16,17,18,2.83054
16,17,32,3.74151
16,18,19,3.40342
16,18,33,3.84974
16,19,20,2.68027
16,19,34,4.19454
16,20,21,3.27686
16,20,35,3.41504
16,21,22,3.00674
16,21,36,3.40342
16,22,23,4.31439
16,22,37,2.95039
16,23,24,3.40342
16,23,38,3.74151
16,24,25,4.04427
16,24,39,4.46465
16,25,26,3.25315
16,25,40,3.89177
16,26,27,2.95039
16,26,41,3.74151
16,27,28,3.47139
16,27,42,4.04427
16,28,29,3.62166
16,28,43,3.47139
16,29,44,3.47139
16,30,31,3.27686
16,30,45,3.72988
16,31,32,2.95039
16,31,46,3.62166
16,32,33,3.89177
16,32,47,3.72988
16,33,34,3.98793
16,33,48,4.04427
16,34,35,4.04427
16,34,49,4.13819
16,35,36,3.42712
16,35,50,3.89177
16,36,37,3.86807
16,36,51,3.72988
16,37,38,3.29519
16,37,52,3.00674
16,38,39,2.83054
16,38,53,2.95039
16,39,40,3.74151
16,39,54,4.13819
16,40,41,3.62166
16,40,55,2.68027
16,41,42,3.52327
16,41,56,3.71781
16,42,43,2.68027
16,42,57,3.86807
16,43,44,3.42712
16,43,58,2.95039
16,44,59,3.98793
16,45,46,3.98793
16,45,60,3.157
16,46,47,4.19454
16,46,61,3.157
16,47,48,2.83054
16,47,62,3.98793
16,48,49,3.62166
16,48,63,4.46465
16,49,50,3.27686
16,49,64,4.13819
16,50,51,3.25315
16,50,65,3.47139
16,51,52,3.67353
16,51,66,4.13819
16,52,53,3.41504
16,52,67,3.67353
16,53,54,3.67353
16,53,68,3.14493
16,54,55,4.13819
16,54,69,3.62166
16,55,56,4.04427
16,55,70,3.57962
16,56,57,2.68027
16,56,71,3.67353
16,57,58,3.42712
16,57,72,4.46465
16,58,59,3.71781
16,58,73,3.98793
16,59,74,3.56531
16,60,61,3.10065
16,60,75,3.42712
16,61,62,3.56531
16,61,76,3.71781
16,62,63,3.62166
16,62,77,3.42712
16,63,64,4.19454
16,63,78,3.14493
16,64,65,3.67353
16,64,79,3.57962
16,65,66,3.74151
16,65,80,3.29519
16,66,67,3.25315
16,66,81,4.04427
16,67,68,3.71781
16,67,82,3.00674
16,68,69,3.98793
16,68,83,4.19454
16,69,70,3.42712
16,69,84,4.04427
16,70,71,3.84974
16,70,85,3.40342
16,71,72,3.25315
16,71,86,3.98793
16,72,73,2.95039
16,72,87,3.157
16,73,74,3.157
16,73,88,3.157
16,74,89,4.46465
16,75,76,3.47139
16,75,90,3.71781
16,76,77,4.13819
16,76,91,3.67353
16,77,78,4.31439
16,77,92,3.98793
16,78,79,3.56531
16,78,93,4.04427
16,79,80,3.71781
16,79,94,4.13819
16,80,81,3.67353
16,80,95,4.31439
16,81,82,4.0
16,81,96,3.71781
16,82,83,3.40342
16,82,97,3.42712
16,83,84,4.19454
16,83,98,3.14493
16,84,85,4.0
16,84,99,2.95039
16,85,86,3.41504
16,85,100,3.00674
16,86,87,3.52327
16,86,101,3.10065
16,87,88,3.25315
16,87,102,3.00674
16,88,89,3.29519
16,88,103,3.00674
16,89,104,3.157
16,90,91,3.86807
16,90,105,3.40342
16,91,92,4.31439
16,91,106,3.89177
16,92,93,3.98793
16,92,107,3.67353
16,93,94,3.98793
16,93,108,3.86807
16,94,95,4.46465
16,94,109,4.31439
16,95,96,4.19454
16,95,110,4.13819
16,96,97,4.31439
16,96,111,3.89177
16,97,98,3.27686
16,97,112,3.10065
16,98,99,3.157
16,98,113,3.98793
16,99,100,3.157
16,99,114,3.00674
16,100,101,4.04427
16,100,115,3.89177
16,101,102,3.14493
16,101,116,3.56531
16,102,103,4.04427
16,102,117,3.98793
16,103,104,4.19454
16,103,118,3.47139
16,104,119,3.27686
16,105,106,3.86807
16,105,120,4.04427
16,106,107,3.71781
16,106,121,3.86807
16,107,108,4.31439
16,107,122,4.46465
16,108,109,4.13819
16,108,123,4.13819
16,109,110,4.04427
16,109,124,4.0
16,110,111,3.14493
16,110,125,4.19454
16,111,112,3.71781
16,111,126,2.68027
16,112,113,3.10065
16,112,127,4.46465
16,113,114,2.95039
16,113,128,3.14493
16,114,115,3.89177
16,114,129,3.56531
16,115,116,3.157
16,115,130,3.72988
16,116,117,3.57962
16,116,131,4.04427
16,117,118,4.0
16,117,132,4.13819
16,118,119,4.46465
16,118,133,3.72988
16,119,134,3.62166
16,120,121,3.27686
16,120,135,3.74151
16,121,122,3.84974
16,121,136,4.13819
16,122,123,3.47139
16,122,137,3.40342
16,123,124,3.41504
16,123,138,2.83054
16,124,125,3.52327
16,124,139,3.25315
16,125,126,3.72988
16,125,140,3.56531
16,126,127,3.42712
16,126,141,4.31439
16,127,128,4.19454
16,127,142,3.72988
16,128,129,3.40342
16,128,143,2.83054
16,129,130,3.57962
16,129,144,3.52327
16,130,131,3.42712
16,130,145,3.86807
16,131,132,3.41504
16,131,146,3.71781
16,132,133,3.89177
16,132,147,3.42712
16,133,134,3.72988
16,133,148,3.98793
16,134,149,3.86807
16,135,136,2.95039
16,135,150,4.46465
16,136,137,3.74151
16,136,151,3.41504
16,137,138,3.10065
16,137,152,3.67353
16,138,139,3.10065
16,138,153,3.84974
16,139,140,3.10065
16,139,154,3.98793
16,140,141,3.25315
16,140,155,3.29519
16,141,142,3.67353
16,141,156,3.00674
16,142,143,3.25315
16,142,157,3.42712
16,143,144,3.25315
16,143,158,3.98793
16,144,145,3.89177
16,144,159,3.40342
16,145,146,3.52327
16,145,160,2.95039
16,146,147,4.0
16,146,161,3.27686
16,147,148,4.19454
16,147,162,3.71781
16,148,149,3.42712
16,148,163,2.83054
16,149,164,3.56531
16,150,151,4.46465
16,150,165,3.84974
16,151,152,3.98793
16,151,166,2.95039
16,152,153,3.157
16,152,167,3.62166
16,153,154,3.57962
16,153,168,3.29519
16,154,155,3.67353
16,154,169,3.67353
16,155,156,2.95039
16,155,170,3.27686
16,156,157,3.62166
16,156,171,4.19454
16,157,158,4.19454
16,157,172,3.89177
16,158,159,4.31439
16,158,173,2.68027
16,159,160,3.71781
16,159,174,4.04427
16,160,161,3.41504
16,160,175,3.27686
16,161,162,3.98793
16,161,176,3.67353
16,162,163,3.57962
16,162,177,4.46465
16,163,164,3.29519
16,163,178,3.84974
16,164,179,4.0
16,165,166,3.84974
16,165,180,3.89177
16,166,167,3.52327
16,166,181,3.41504
16,167,168,3.62166
16,167,182,3.27686
16,168,169,3.00674
16,168,183,3.52327
16,169,170,3.52327
16,169,184,3.10065
16,170,171,2.83054
16,170,185,2.83054
16,171,172,3.157
16,171,186,4.13819
16,172,173,3.89177
16,172,187,3.84974
16,173,174,4.31439
16,173,188,3.98793
16,174,175,3.27686
16,174,189,4.04427
16,175,176,3.71781
16,175,190,4.19454
16,176,177,3.157
16,176,191,4.0
16,177,178,3.71781
16,177,192,3.84974
16,178,179,2.83054
16,178,193,3.42712
16,179,194,3.40342
16,180,181,3.10065
16,180,195,3.41504
16,181,182,3.84974
16,181,196,3.40342
16,182,183,4.46465
16,182,197,2.68027
16,183,184,2.95039
16,183,198,3.10065
16,184,185,2.68027
16,184,199,3.56531
16,185,186,3.56531
16,185,200,3.56531
16,186,187,3.157
16,186,201,4.0
16,187,188,2.83054
16,187,202,3.52327
16,188,189,3.42712
16,188,203,3.86807
16,189,190,3.84974
16,189,204,4.0
16,190,191,3.72988
16,190,205,3.86807
16,191,192,3.00674
16,191,206,3.62166
16,192,193,4.31439
16,192,207,3.57962
16,193,194,3.86807
16,193,208,3.71781
16,194,209,2.95039
16,195,196,3.29519
16,195,210,3.74151
16,196,197,3.29519
16,196,211,3.157
16,197,198,4.04427
16,197,212,3.52327
16,198,199,3.71781
16,198,213,3.89177
16,199,200,3.157
16,199,214,3.52327
16,200,201,3.86807
16,200,215,3.41504
16,201,202,4.13819
16,201,216,3.84974
16,202,203,2.68027
16,202,217,2.95039
16,203,204,3.10065
16,203,218,3.14493
16,204,205,4.13819
16,204,219,3.52327
16,205,206,3.52327
16,205,220,4.04427
16,206,207,3.84974
16,206,221,3.47139
16,207,208,3.89177
16,207,222,3.47139
16,208,209,3.71781
16,208,223,3.84974
16,209,224,3.62166
16,210,211,3.29519
16,211,212,3.56531
16,212,213,3.29519
16,213,214,3.14493
16,214,215,3.74151
16,215,216,3.47139
16,216,217,3.72988
16,217,218,3.157
16,218,219,3.42712
16,219,220,3.72988
16,220,221,4.19454
16,221,222,3.56531
16,222,223,2.68027
16,223,224,3.84974
17,0,1,4.24463
17,0,15,4.61313
17,1,2,4.39757
17,1,16,4.24463
17,2,3,4.0
17,2,17,4.37119
17,3,4,4.14356
17,3,18,5.0107
17,4,5,4.14356
17,4,19,4.0
17,5,6,4.01699
17,5,20,4.3855
17,6,7,4.89264
17,6,21,4.73969
17,7,8,4.66501
17,7,22,4.66501
17,8,9,4.73969
17,8,23,4.37119
17,9,10,4.12656
17,9,24,4.16994
17,10,11,4.01699
17,10,25,4.61313
17,11,12,4.26743
17,11,26,4.3685
17,12,13,4.53845
17,12,27,4.54113
17,13,14,4.0
17,13,28,4.78307
17,14,29,4.24463
17,15,16,4.39757
17,15,30,3.77237
17,16,17,4.14356
17,16,31,3.77237
17,17,18,4.53845
17,17,32,4.73969
17,18,19,4.16994
17,18,33,4.24463
17,19,20,4.78307
17,19,34,3.89893
17,20,21,4.61313
17,20,35,5.13726
17,21,22,4.3855
17,21,36,4.16994
17,22,23,4.37119
17,22,37,5.0107
17,23,24,4.16994
17,23,38,4.73969
17,24,25,4.14356
17,24,39,4.12656
17,25,26,4.41457
17,25,40,4.49507
17,26,27,5.0107
17,26,41,4.73969
17,27,28,4.51206
17,27,42,4.14356
17,28,29,4.26743
17,28,43,4.51206
17,29,44,4.51206
17,30,31,4.61313
17,30,45,3.77237
17,31,32,5.0107
17,31,46,4.26743
17,32,33,4.49507
17,32,47,3.77237
17,33,34,4.76876
17,33,48,4.14356
17,34,35,4.14356
17,34,49,4.52413
17,35,36,4.3685
17,35,50,4.49507
17,36,37,4.2965
17,36,51,3.77237
17,37,38,4.66501
17,37,52,4.3855
17,38,39,4.53845
17,38,53,5.0107
17,39,40,4.73969
17,39,54,4.52413
17,40,41,4.26743
17,40,55,4.78307
17,41,42,4.6422
17,41,56,4.54113
17,42,43,4.78307
17,42,57,4.2965
17,43,44,4.3685
17,43,58,5.0107
17,44,59,4.76876
17,45,46,4.76876
17,45,60,4.14087
17,46,47,3.89893
17,46,61,4.14087
17,47,48,4.53845
17,47,62,4.76876
17,48,49,4.26743
17,48,63,4.12656
17,49,50,4.61313
17,49,64,4.52413
17,50,51,4.41457
17,50,65,4.51206
17,51,52,4.39757
17,51,66,4.52413
17,52,53,5.13726
17,52,67,4.39757
17,53,54,4.39757
17,53,68,4.90963
17,54,55,4.52413
17,54,69,4.26743
17,55,56,4.14356
17,55,70,4.01699
17,56,57,4.78307
17,56,71,4.39757
17,57,58,4.3685
17,57,72,4.12656
17,58,59,4.54113
17,58,73,4.76876
17,59,74,4.89264
17,60,61,4.76608
17,60,75,4.3685
17,61,62,4.89264
17,61,76,4.54113
17,62,63,4.26743
17,62,77,4.3685
17,63,64,3.89893
17,63,78,4.90963
17,64,65,4.39757
17,64,79,4.01699
17,65,66,4.73969
17,65,80,4.66501
17,66,67,4.41457
17,66,81,4.14356
17,67,68,4.54113
17,67,82,4.3855
17,68,69,4.76876
17,68,83,3.89893
17,69,70,4.3685
17,69,84,4.14356
17,70,71,4.24463
17,70,85,4.16994
17,71,72,4.41457
17,71,86,4.76876
17,72,73,5.0107
17,72,87,4.14087
17,73,74,4.14087
17,73,88,4.14087
17,74,89,4.12656
17,75,76,4.51206
17,75,90,4.54113
17,76,77,4.52413
17,76,91,4.39757
17,77,78,4.37119
17,77,92,4.76876
17,78,79,4.89264
17,78,93,4.14356
17,79,80,4.54113
17,79,94,4.52413
17,80,81,4.39757
17,80,95,4.37119
17,81,82,4.0
17,81,96,4.54113
17,82,83,4.16994
17,82,97,4.3685
17,83,84,3.89893
17,83,98,4.90963
17,84,85,4.0
17,84,99,5.0107
17,85,86,5.13726
17,85,100,4.3855
17,86,87,4.6422
17,86,101,4.76608
17,87,88,4.41457
17,87,102,4.3855
17,88,89,4.66501
17,88,103,4.3855
17,89,104,4.14087
17,90,91,4.2965
17,90,105,4.16994
17,91,92,4.37119
17,91,106,4.49507
17,92,93,4.76876
17,92,107,4.39757
17,93,94,4.76876
17,93,108,4.2965
17,94,95,4.12656
17,94,109,4.37119
17,95,96,3.89893
17,95,110,4.52413
17,96,97,4.37119
17,96,111,4.49507
17,97,98,4.61313
17,97,112,4.76608
17,98,99,4.14087
17,98,113,4.76876
17,99,100,4.14087
17,99,114,4.3855
17,100,101,4.14356
17,100,115,4.49507
17,101,102,4.90963
17,101,116,4.89264
17,102,103,4.14356
17,102,117,4.76876
17,103,104,3.89893
17,103,118,4.51206
17,104,119,4.61313
17,105,106,4.2965
17,105,120,4.14356
17,106,107,4.54113
17,106,121,4.2965
17,107,108,4.37119
17,107,122,4.12656
17,108,109,4.52413
17,108,123,4.52413
17,109,110,4.14356
17,109,124,4.0
17,110,111,4.90963
17,110,125,3.89893
17,111,112,4.54113
17,111,126,4.78307
17,112,113,4.76608
17,112,127,4.12656
17,113,114,5.0107
17,113,128,4.90963
17,114,115,4.49507
17,114,129,4.89264
17,115,116,4.14087
17,115,130,3.77237
17,116,117,4.01699
17,116,131,4.14356
17,117,118,4.0
17,117,132,4.52413
17,118,119,4.12656
17,118,133,3.77237
17,119,134,4.26743
17,120,121,4.61313
17,120,135,4.73969
17,121,122,4.24463
17,121,136,4.52413
17,122,123,4.51206
17,122,137,4.16994
17,123,124,5.13726
17,123,138,4.53845
17,124,125,4.6422
17,124,139,4.41457
17,125,126,3.77237
17,125,140,4.89264
17,126,127,4.3685
17,126,141,4.37119
17,127,128,3.89893
17,127,142,3.77237
17,128,129,4.16994
17,128,143,4.53845
17,129,130,4.01699
17,129,144,4.6422
17,130,131,4.3685
17,130,145,4.2965
17,131,132,5.13726
17,131,146,4.54113
17,132,133,4.49507
17,132,147,4.3685
17,133,134,3.77237
17,133,148,4.76876
17,134,149,4.2965
17,135,136,5.0107
17,135,150,4.12656
17,136,137,4.73969
17,136,151,5.13726
17,137,138,4.76608
17,137,152,4.39757
17,138,139,4.76608
17,138,153,4.24463
17,139,140,4.76608
17,139,154,4.76876
17,140,141,4.41457
17,140,155,4.66501
17,141,142,4.39757
17,141,156,4.3855
17,142,143,4.41457
17,142,157,4.3685
17,143,144,4.41457
17,143,158,4.76876
17,144,145,4.49507
17,144,159,4.16994
17,145,146,4.6422
17,145,160,5.0107
17,146,147,4.0
17,146,161,4.61313
17,147,148,3.89893
17,147,162,4.54113
17,148,149,4.3685
17,148,163,4.53845
17,149,164,4.89264
17,150,151,4.12656
17,150,165,4.24463
17,151,152,4.76876
17,151,166,5.0107
17,152,153,4.14087
17,152,167,4.26743
17,153,154,4.01699
17,153,168,4.66501
17,154,155,4.39757
17,154,169,4.39757
17,155,156,5.0107
17,155,170,4.61313
17,156,157,4.26743
17,156,171,3.89893
17,157,158,3.89893
17,157,172,4.49507
17,158,159,4.37119
17,158,173,4.78307
17,159,160,4.54113
17,159,174,4.14356
17,160,161,5.13726
17,160,175,4.61313
17,161,162,4.76876
17,161,176,4.39757
17,162,163,4.01699
17,162,177,4.12656
17,163,164,4.66501
17,163,178,4.24463
17,164,179,4.0
17,165,166,4.24463
17,165,180,4.49507
17,166,167,4.6422
17,166,181,5.13726
17,167,168,4.26743
17,167,182,4.61313
17,168,169,4.3855
17,168,183,4.6422
17,169,170,4.6422
17,169,184,4.76608
17,170,171,4.53845
17,170,185,4.53845
17,171,172,4.14087
17,171,186,4.52413
17,172,173,4.49507
17,172,187,4.24463
17,173,174,4.37119
17,173,188,4.76876
17,174,175,4.61313
17,174,189,4.14356
17,175,176,4.54113
17,175,190,3.89893
17,176,177,4.14087
17,176,191,4.0
17,177,178,4.54113
17,177,192,4.24463
17,178,179,4.53845
17,178,193,4.3685
17,179,194,4.16994
17,180,181,4.76608
17,180,195,5.13726
17,181,182,4.24463
17,181,196,4.16994
17,182,183,4.12656
17,182,197,4.78307
17,183,184,5.0107
17,183,198,4.76608
17,184,185,4.78307
17,184,199,4.89264
17,185,186,4.89264
17,185,200,4.89264
17,186,187,4.14087
17,186,201,4.0
17,187,188,4.53845
17,187,202,4.6422
17,188,189,4.3685
17,188,203,4.2965
17,189,190,4.24463
17,189,204,4.0
17,190,191,3.77237
17,190,205,4.2965
17,191,192,4.3855
17,191,206,4.26743
17,192,193,4.37119
17,192,207,4.01699
17,193,194,4.2965
17,193,208,4.54113
17,194,209,5.0107
17,195,196,4.66501
17,195,210,4.73969
17,196,197,4.66501
17,196,211,4.14087
17,197,198,4.14356
17,197,212,4.6422
17,198,199,4.54113
17,198,213,4.49507
17,199,200,4.14087
17,199,214,4.6422
17,200,201,4.2965
17,200,215,5.13726
17,201,202,4.52413
17,201,216,4.24463
17,202,203,4.78307
17,202,217,5.0107
17,203,204,4.76608
17,203,218,4.90963
17,204,205,4.52413
17,204,219,4.6422
17,205,206,4.6422
17,205,220,4.14356
17,206,207,4.24463
17,206,221,4.51206
17,207,208,4.49507
17,207,222,4.51206
17,208,209,4.54113
17,208,223,4.24463
17,209,224,4.26743
17,210,211,4.66501
17,211,212,4.89264
17,212,213,4.66501
17,213,214,4.90963
17,214,215,4.73969
17,215,216,4.51206
17,216,217,3.77237
17,217,218,4.14087
17,218,219,4.3685
17,219,220,3.77237
17,220,221,3.89893
17,221,222,4.89264
17,222,223,4.78307
17,223,224,4.24463
18,0,1,4.81572
18,0,15,4.86938
18,1,2,4.76384
18,1,16,4.81572
18,2,3,4.0
18,2,17,4.97582
18,3,4,5.21597
18,3,18,5.63322
18,4,5,5.21597
18,4,19,4.0
18,5,6,5.05587
18,5,20,5.10954
18,6,7,4.97761
18,6,21,5.02949
18,7,8,5.21776
18,7,22,5.21776
18,8,9,5.02949
18,8,23,4.97582
18,9,10,4.1601
18,9,24,5.00399
18,10,11,5.05587
18,10,25,4.86938
18,11,12,4.45392
18,11,26,4.05367
18,12,13,5.05766
18,12,27,5.97981
18,13,14,4.0
18,13,28,5.87338
18,14,29,4.81572
18,15,16,4.76384
18,15,30,4.24015
18,16,17,5.21597
18,16,31,4.24015
18,17,18,5.05766
18,17,32,5.02949
18,18,19,5.00399
18,18,33,4.81572
18,19,20,5.87338
18,19,34,4.40026
18,20,21,4.86938
18,20,35,5.79333
18,21,22,5.10954
18,21,36,5.00399
18,22,23,4.97582
18,22,37,5.63322
18,23,24,5.00399
18,23,38,5.02949
18,24,25,5.21597
18,24,39,4.1601
18,25,26,5.81971
18,25,40,4.21377
18,26,27,5.63322
18,26,41,5.02949
18,27,28,5.26964
18,27,42,5.21597
18,28,29,4.45392
18,28,43,5.26964
18,29,44,5.26964
18,30,31,4.86938
18,30,45,4.24015
18,31,32,5.63322
18,31,46,4.45392
18,32,33,4.21377
18,32,47,4.24015
18,33,34,5.73966
18,33,48,5.21597
18,34,35,5.21597
18,34,49,4.92394
18,35,36,4.05367
18,35,50,4.21377
18,36,37,5.1641
18,36,51,4.24015
18,37,38,5.21776
18,37,52,5.10954
18,38,39,5.05766
18,38,53,5.63322
18,39,40,5.02949
18,39,54,4.92394
18,40,41,4.45392
18,40,55,5.87338
18,41,42,5.57956
18,41,56,5.97981
18,42,43,5.87338
18,42,57,5.1641
18,43,44,4.05367
18,43,58,5.63322
18,44,59,5.73966
18,45,46,5.73966
18,45,60,4.29382
18,46,47,4.40026
18,46,61,4.29382
18,47,48,5.05766
18,47,62,5.73966
18,48,49,4.45392
18,48,63,4.1601
18,49,50,4.86938
18,49,64,4.92394
18,50,51,5.81971
18,50,65,5.26964
18,51,52,4.76384
18,51,66,4.92394
18,52,53,5.79333
18,52,67,4.76384
18,53,54,4.76384
18,53,68,6.03348
18,54,55,4.92394
18,54,69,4.45392
18,55,56,5.21597
18,55,70,5.05587
18,56,57,5.87338
18,56,71,4.76384
18,57,58,4.05367
18,57,72,4.1601
18,58,59,5.97981
18,58,73,5.73966
18,59,74,4.97761
18,60,61,4.81751
18,60,75,4.05367
18,61,62,4.97761
18,61,76,5.97981
18,62,63,4.45392
18,62,77,4.05367
18,63,64,4.40026
18,63,78,6.03348
18,64,65,4.76384
18,64,79,5.05587
18,65,66,5.02949
18,65,80,5.21776
18,66,67,5.81971
18,66,81,5.21597
18,67,68,5.97981
18,67,82,5.10954
18,68,69,5.73966
18,68,83,4.40026
18,69,70,4.05367
18,69,84,5.21597
18,70,71,4.81572
18,70,85,5.00399
18,71,72,5.81971
18,71,86,5.73966
18,72,73,5.63322
18,72,87,4.29382
18,73,74,4.29382
18,73,88,4.29382
18,74,89,4.1601
18,75,76,5.26964
18,75,90,5.97981
18,76,77,4.92394
18,76,91,4.76384
18,77,78,4.97582
18,77,92,5.73966
18,78,79,4.97761
18,78,93,5.21597
18,79,80,5.97981
18,79,94,4.92394
18,80,81,4.76384
18,80,95,4.97582
18,81,82,4.0
18,81,96,5.97981
18,82,83,5.00399
18,82,97,4.05367
18,83,84,4.40026
18,83,98,6.03348
18,84,85,4.0
18,84,99,5.63322
18,85,86,5.79333
18,85,100,5.10954
18,86,87,5.57956
18,86,101,4.81751
18,87,88,5.81971
18,87,102,5.10954
18,88,89,5.21776
18,88,103,5.10954
18,89,104,4.29382
18,90,91,5.1641
18,90,105,5.00399
18,91,92,4.97582
18,91,106,4.21377
18,92,93,5.73966
18,92,107,4.76384
18,93,94,5.73966
18,93,108,5.1641
18,94,95,4.1601
18,94,109,4.97582
18,95,96,4.40026
18,95,110,4.92394
18,96,97,4.97582
18,96,111,4.21377
18,97,98,4.86938
18,97,112,4.81751
18,98,99,4.29382
18,98,113,5.73966
18,99,100,4.29382
18,99,114,5.10954
18,100,101,5.21597
18,100,115,4.21377
18,101,102,6.03348
18,101,116,4.97761
18,102,103,5.21597
18,102,117,5.73966
18,103,104,4.40026
18,103,118,5.26964
18,104,119,4.86938
18,105,106,5.1641
18,105,120,5.21597
18,106,107,5.97981
18,106,121,5.1641
18,107,108,4.97582
18,107,122,4.1601
18,108,109,4.92394
18,108,123,4.92394
18,109,110,5.21597
18,109,124,4.0
18,110,111,6.03348
18,110,125,4.40026
18,111,112,5.97981
18,111,126,5.87338
18,112,113,4.81751
18,112,127,4.1601
18,113,114,5.63322
18,113,128,6.03348
18,114,115,4.21377
18,114,129,4.97761
18,115,116,4.29382
18,115,130,4.24015
18,116,117,5.05587
18,116,131,5.21597
18,117,118,4.0
18,117,132,4.92394
18,118,119,4.1601
18,118,133,4.24015
18,119,134,4.45392
18,120,121,4.86938
18,120,135,5.02949
18,121,122,4.81572
18,121,136,4.92394
18,122,123,5.26964
18,122,137,5.00399
18,123,124,5.79333
18,123,138,5.05766
18,124,125,5.57956
18,124,139,5.81971
18,125,126,4.24015
18,125,140,4.97761
18,126,127,4.05367
18,126,141,4.97582
18,127,128,4.40026
18,127,142,4.24015
18,128,129,5.00399
18,128,143,5.05766
18,129,130,5.05587
18,129,144,5.57956
18,130,131,4.05367
18,130,145,5.1641
18,131,132,5.79333
18,131,146,5.97981
18,132,133,4.21377
18,132,147,4.05367
18,133,134,4.24015
18,133,148,5.73966
18,134,149,5.1641
18,135,136,5.63322
18,135,150,4.1601
18,136,137,5.02949
18,136,151,5.79333
18,137,138,4.81751
18,137,152,4.76384
18,138,139,4.81751
18,138,153,4.81572
18,139,140,4.81751
18,139,154,5.73966
18,140,141,5.81971
18,140,155,5.21776
18,141,142,4.76384
18,141,156,5.10954
18,142,143,5.81971
18,142,157,4.05367
18,143,144,5.81971
18,143,158,5.73966
18,144,145,4.21377
18,144,159,5.00399
18,145,146,5.57956
18,145,160,5.63322
18,146,147,4.0
18,146,161,4.86938
18,147,148,4.40026
18,147,162,5.97981
18,148,149,4.05367
18,148,163,5.05766
18,149,164,4.97761
18,150,151,4.1601
18,150,165,4.81572
18,151,152,5.73966
18,151,166,5.63322
18,152,153,4.29382
18,152,167,4.45392
18,153,154,5.05587
18,153,168,5.21776
18,154,155,4.76384
18,154,169,4.76384
18,155,156,5.63322
18,155,170,4.86938
18,156,157,4.45392
18,156,171,4.40026
18,157,158,4.40026
18,157,172,4.21377
18,158,159,4.97582
18,158,173,5.87338
18,159,160,5.97981
18,159,174,5.21597
18,160,161,5.79333
18,160,175,4.86938
18,161,162,5.73966
18,161,176,4.76384
18,162,163,5.05587
18,162,177,4.1601
18,163,164,5.21776
18,163,178,4.81572
18,164,179,4.0
18,165,166,4.81572
18,165,180,4.21377
18,166,167,5.57956
18,166,181,5.79333
18,167,168,4.45392
18,167,182,4.86938
18,168,169,5.10954
18,168,183,5.57956
18,169,170,5.57956
18,169,184,4.81751
18,170,171,5.05766
18,170,185,5.05766
18,171,172,4.29382
18,171,186,4.92394
18,172,173,4.21377
18,172,187,4.81572
18,173,174,4.97582
18,173,188,5.73966
18,174,175,4.86938
18,174,189,5.21597
18,175,176,5.97981
18,175,190,4.40026
18,176,177,4.29382
18,176,191,4.0
18,177,178,5.97981
18,177,192,4.81572
18,178,179,5.05766
18,178,193,4.05367
18,179,194,5.00399
18,180,181,4.81751
18,180,195,5.79333
18,181,182,4.81572
18,181,196,5.00399
18,182,183,4.1601
18,182,197,5.87338
18,183,184,5.63322
18,183,198,4.81751
18,184,185,5.87338
18,184,199,4.97761
18,185,186,4.97761
18,185,200,4.97761
18,186,187,4.29382
18,186,201,4.0
18,187,188,5.05766
18,187,202,5.57956
18,188,189,4.05367
18,188,203,5.1641
18,189,190,4.81572
18,189,204,4.0
18,190,191,4.24015
18,190,205,5.1641
18,191,192,5.10954
18,191,206,4.45392
18,192,193,4.97582
18,192,207,5.05587
18,193,194,5.1641
18,193,208,5.97981
18,194,209,5.63322
18,195,196,5.21776
18,195,210,5.02949
18,196,197,5.21776
18,196,211,4.29382
18,197,198,5.21597
18,197,212,5.57956
18,198,199,5.97981
18,198,213,4.21377
18,199,200,4.29382
18,199,214,5.57956
18,200,201,5.1641
18,200,215,5.79333
18,201,202,4.92394
18,201,216,4.81572
18,202,203,5.87338
18,202,217,5.63322
18,203,204,4.81751
18,203,218,6.03348
18,204,205,4.92394
18,204,219,5.57956
18,205,206,5.57956
18,205,220,5.21597
18,206,207,4.81572
18,206,221,5.26964
18,207,208,4.21377
18,207,222,5.26964
18,208,209,5.97981
18,208,223,4.81572
18,209,224,4.45392
18,210,211,5.21776
18,211,212,4.97761
18,212,213,5.21776
18,213,214,6.03348
18,214,215,5.02949
18,215,216,5.26964
18,216,217,4.24015
18,217,218,4.29382
18,218,219,4.05367
18,219,220,4.24015
18,220,221,4.40026
18,221,222,4.97761
18,222,223,5.87338
18,223,224,4.81572
19,0,1,4.05456
19,0,15,3.92263
19,1,2,3.59393
19,1,16,4.05456
19,2,3,4.0
19,2,17,4.18872
19,3,4,4.19812
19,3,18,3.51656
19,4,5,4.19812
19,4,19,4.0
19,5,6,4.06395
19,5,20,3.93202
19,6,7,3.59617
19,6,21,4.0568
19,7,8,3.60556
19,7,22,3.60556
19,8,9,4.0568
19,8,23,4.18872
19,9,10,4.13416
19,9,24,3.60332
19,10,11,4.06395
19,10,25,3.92263
19,11,12,4.01163
19,11,26,3.86807
19,12,13,3.47139
19,12,27,3.79205
19,13,14,4.0
19,13,28,3.52595
19,14,29,4.05456
19,15,16,3.59393
19,15,30,4.00939
19,16,17,4.19812
19,16,31,4.00939
19,17,18,3.47139
19,17,32,4.0568
19,18,19,3.60332
19,18,33,4.05456
19,19,20,3.52595
19,19,34,4.14356
19,20,21,3.92263
19,20,35,3.65073
19,21,22,3.93202
19,21,36,3.60332
19,22,23,4.18872
19,22,37,3.51656
19,23,24,3.60332
19,23,38,4.0568
19,24,25,4.19812
19,24,39,4.13416
19,25,26,3.65788
19,25,40,4.00224
19,26,27,3.51656
19,26,41,4.0568
19,27,28,4.06619
19,27,42,4.19812
19,28,29,4.01163
19,28,43,4.06619
19,29,44,4.06619
19,30,31,3.92263
19,30,45,4.00939
19,31,32,3.51656
19,31,46,4.01163
19,32,33,4.00224
19,32,47,4.00939
19,33,34,3.78265
19,33,48,4.19812
19,34,35,4.19812
19,34,49,3.72809
19,35,36,3.86807
19,35,50,4.00224
19,36,37,3.73749
19,36,51,4.00939
19,37,38,3.60556
19,37,52,3.93202
19,38,39,3.47139
19,38,53,3.51656
19,39,40,4.0568
19,39,54,3.72809
19,40,41,4.01163
19,40,55,3.52595
19,41,42,3.64849
19,41,56,3.79205
19,42,43,3.52595
19,42,57,3.73749
19,43,44,3.86807
19,43,58,3.51656
19,44,59,3.78265
19,45,46,3.78265
19,45,60,3.87746
19,46,47,4.14356
19,46,61,3.87746
19,47,48,3.47139
19,47,62,3.78265
19,48,49,4.01163
19,48,63,4.13416
19,49,50,3.92263
19,49,64,3.72809
19,50,51,3.65788
19,50,65,4.06619
19,51,52,3.59393
19,51,66,3.72809
19,52,53,3.65073
19,52,67,3.59393
19,53,54,3.59393
19,53,68,3.66012
19,54,55,3.72809
19,54,69,4.01163
19,55,56,4.19812
19,55,70,4.06395
19,56,57,3.52595
19,56,71,3.59393
19,57,58,3.86807
19,57,72,4.13416
19,58,59,3.79205
19,58,73,3.78265
19,59,74,3.59617
19,60,61,3.462
19,60,75,3.86807
19,61,62,3.59617
19,61,76,3.79205
19,62,63,4.01163
19,62,77,3.86807
19,63,64,4.14356
19,63,78,3.66012
19,64,65,3.59393
19,64,79,4.06395
19,65,66,4.0568
19,65,80,3.60556
19,66,67,3.65788
19,66,81,4.19812
19,67,68,3.79205
19,67,82,3.93202
19,68,69,3.78265
19,68,83,4.14356
19,69,70,3.86807
19,69,84,4.19812
19,70,71,4.05456
19,70,85,3.60332
19,71,72,3.65788
19,71,86,3.78265
19,72,73,3.51656
19,72,87,3.87746
19,73,74,3.87746
19,73,88,3.87746
19,74,89,4.13416
19,75,76,4.06619
19,75,90,3.79205
19,76,77,3.72809
19,76,91,3.59393
19,77,78,4.18872
19,77,92,3.78265
19,78,79,3.59617
19,78,93,4.19812
19,79,80,3.79205
19,79,94,3.72809
19,80,81,3.59393
19,80,95,4.18872
19,81,82,4.0
19,81,96,3.79205
19,82,83,3.60332
19,82,97,3.86807
19,83,84,4.14356
19,83,98,3.66012
19,84,85,4.0
19,84,99,3.51656
19,85,86,3.65073
19,85,100,3.93202
19,86,87,3.64849
19,86,101,3.462
19,87,88,3.65788
19,87,102,3.93202
19,88,89,3.60556
19,88,103,3.93202
19,89,104,3.87746
19,90,91,3.73749
19,90,105,3.60332
19,91,92,4.18872
19,91,106,4.00224
19,92,93,3.78265
19,92,107,3.59393
19,93,94,3.78265
19,93,108,3.73749
19,94,95,4.13416
19,94,109,4.18872
19,95,96,4.14356
19,95,110,3.72809
19,96,97,4.18872
19,96,111,4.00224
19,97,98,3.92263
19,97,112,3.462
19,98,99,3.87746
19,98,113,3.78265
19,99,100,3.87746
19,99,114,3.93202
19,100,101,4.19812
19,100,115,4.00224
19,101,102,3.66012
19,101,116,3.59617
19,102,103,4.19812
19,102,117,3.78265
19,103,104,4.14356
19,103,118,4.06619
19,104,119,3.92263
19,105,106,3.73749
19,105,120,4.19812
19,106,107,3.79205
19,106,121,3.73749
19,107,108,4.18872
19,107,122,4.13416
19,108,109,3.72809
19,108,123,3.72809
19,109,110,4.19812
19,109,124,4.0
19,110,111,3.66012
19,110,125,4.14356
19,111,112,3.79205
19,111,126,3.52595
19,112,113,3.462
19,112,127,4.13416
19,113,114,3.51656
19,113,128,3.66012
19,114,115,4.00224
19,114,129,3.59617
19,115,116,3.87746
19,115,130,4.00939
19,116,117,4.06395
19,116,131,4.19812
19,117,118,4.0
19,117,132,3.72809
19,118,119,4.13416
19,118,133,4.00939
19,119,134,4.01163
19,120,121,3.92263
19,120,135,4.0568
19,121,122,4.05456
19,121,136,3.72809
19,122,123,4.06619
19,122,137,3.60332
19,123,124,3.65073
19,123,138,3.47139
19,124,125,3.64849
19,124,139,3.65788
19,125,126,4.00939
19,125,140,3.59617
19,126,127,3.86807
19,126,141,4.18872
19,127,128,4.14356
19,127,142,4.00939
19,128,129,3.60332
19,128,143,3.47139
19,129,130,4.06395
19,129,144,3.64849
19,130,131,3.86807
19,130,145,3.73749
19,131,132,3.65073
19,131,146,3.79205
19,132,133,4.00224
19,132,147,3.86807
19,133,134,4.00939
19,133,148,3.78265
19,134,149,3.73749
19,135,136,3.51656
19,135,150,4.13416
19,136,137,4.0568
19,136,151,3.65073
19,137,138,3.462
19,137,152,3.59393
19,138,139,3.462
19,138,153,4.05456
19,139,140,3.462
19,139,154,3.78265
19,140,141,3.65788
19,140,155,3.60556
19,141,142,3.59393
19,141,156,3.93202
19,142,143,3.65788
19,142,157,3.86807
19,143,144,3.65788
19,143,158,3.78265
19,144,145,4.00224
19,144,159,3.60332
19,145,146,3.64849
19,145,160,3.51656
19,146,147,4.0
19,146,161,3.92263
19,147,148,4.14356
19,147,162,3.79205
19,148,149,3.86807
19,148,163,3.47139
19,149,164,3.59617
19,150,151,4.13416
19,150,165,4.05456
19,151,152,3.78265
19,151,166,3.51656
19,152,153,3.87746
19,152,167,4.01163
19,153,154,4.06395
19,153,168,3.60556
19,154,155,3.59393
19,154,169,3.59393
19,155,156,3.51656
19,155,170,3.92263
19,156,157,4.01163
19,156,171,4.14356
19,157,158,4.14356
19,157,172,4.00224
19,158,159,4.18872
19,158,173,3.52595
19,159,160,3.79205
19,159,174,4.19812
19,160,161,3.65073
19,160,175,3.92263
19,161,162,3.78265
19,161,176,3.59393
19,162,163,4.06395
19,162,177,4.13416
19,163,164,3.60556
19,163,178,4.05456
19,164,179,4.0
19,165,166,4.05456
19,165,180,4.00224
19,166,167,3.64849
19,166,181,3.65073
19,167,168,4.01163
19,167,182,3.92263
19,168,169,3.93202
19,168,183,3.64849
19,169,170,3.64849
19,169,184,3.462
19,170,171,3.47139
19,170,185,3.47139
19,171,172,3.87746
19,171,186,3.72809
19,172,173,4.00224
19,172,187,4.05456
19,173,174,4.18872
19,173,188,3.78265
19,174,175,3.92263
19,174,189,4.19812
19,175,176,3.79205
19,175,190,4.14356
19,176,177,3.87746
19,176,191,4.0
19,177,178,3.79205
19,177,192,4.05456
19,178,179,3.47139
19,178,193,3.86807
19,179,194,3.60332
19,180,181,3.462
19,180,195,3.65073
19,181,182,4.05456
19,181,196,3.60332
19,182,183,4.13416
19,182,197,3.52595
19,183,184,3.51656
19,183,198,3.462
19,184,185,3.52595
19,184,199,3.59617
19,185,186,3.59617
19,185,200,3.59617
19,186,187,3.87746
19,186,201,4.0
19,187,188,3.47139
19,187,202,3.64849
19,188,189,3.86807
19,188,203,3.73749
19,189,190,4.05456
19,189,204,4.0
19,190,191,4.00939
19,190,205,3.73749
19,191,192,3.93202
19,191,206,4.01163
19,192,193,4.18872
19,192,207,4.06395
19,193,194,3.73749
19,193,208,3.79205
19,194,209,3.51656
19,195,196,3.60556
19,195,210,4.0568
19,196,197,3.60556
19,196,211,3.87746
19,197,198,4.19812
19,197,212,3.64849
19,198,199,3.79205
19,198,213,4.00224
19,199,200,3.87746
19,199,214,3.64849
19,200,201,3.73749
19,200,215,3.65073
19,201,202,3.72809
19,201,216,4.05456
19,202,203,3.52595
19,202,217,3.51656
19,203,204,3.462
19,203,218,3.66012
19,204,205,3.72809
19,204,219,3.64849
19,205,206,3.64849
19,205,220,4.19812
19,206,207,4.05456
19,206,221,4.06619
19,207,208,4.00224
19,207,222,4.06619
19,208,209,3.79205
19,208,223,4.05456
19,209,224,4.01163
19,210,211,3.60556
19,211,212,3.59617
19,212,213,3.60556
19,213,214,3.66012
19,214,215,4.0568
19,215,216,4.06619
19,216,217,4.00939
19,217,218,3.87746
19,218,219,3.86807
19,219,220,4.00939
19,220,221,4.14356
19,221,222,3.59617
19,222,223,3.52595
19,223,224,4.05456
20,0,1,4.03578
20,0,15,3.6391
20,1,2,4.27906
20,1,16,4.03578
20,2,3,4.0
20,2,17,4.07513
20,3,4,4.10688
20,3,18,3.91816
20,4,5,4.10688
20,4,19,4.0
20,5,6,4.06753
20,5,20,3.67085
20,6,7,3.92174
20,6,21,3.67845
20,7,8,3.95349
20,7,22,3.95349
20,8,9,3.67845
20,8,23,4.07513
20,9,10,4.03935
20,9,24,4.31081
20,10,11,4.06753
20,10,25,3.6391
20,11,12,3.67443
20,11,26,3.60332
20,12,13,3.91413
20,12,27,4.38595
20,13,14,4.0
20,13,28,3.94991
20,14,29,4.03578
20,15,16,4.27906
20,15,30,4.03175
20,16,17,4.10688
20,16,31,4.03175
20,17,18,3.91413
20,17,32,3.67845
20,18,19,4.31081
20,18,33,4.03578
20,19,20,3.94991
20,19,34,4.07111
20,20,21,3.6391
20,20,35,3.95751
20,21,22,3.67085
20,21,36,4.31081
20,22,23,4.07513
20,22,37,3.91816
20,23,24,4.31081
20,23,38,3.67845
20,24,25,4.10688
20,24,39,4.03935
20,25,26,4.34659
20,25,40,3.64268
20,26,27,3.91816
20,26,41,3.67845
20,27,28,3.71021
20,27,42,4.10688
20,28,29,3.67443
20,28,43,3.71021
20,29,44,3.71021
20,30,31,3.6391
20,30,45,4.03175
20,31,32,3.91816
20,31,46,3.67443
20,32,33,3.64268
20,32,47,4.03175
20,33,34,4.35419
20,33,48,4.10688
20,34,35,4.10688
20,34,49,4.31842
20,35,36,3.60332
20,35,50,3.64268
20,36,37,4.35017
20,36,51,4.03175
20,37,38,3.95349
20,37,52,3.67085
20,38,39,3.91413
20,38,53,3.91816
20,39,40,3.67845
20,39,54,4.31842
20,40,41,3.67443
20,40,55,3.94991
20,41,42,4.31484
20,41,56,4.38595
20,42,43,3.94991
20,42,57,4.35017
20,43,44,3.60332
20,43,58,3.91816
20,44,59,4.35419
20,45,46,4.35419
20,45,60,3.63507
20,46,47,4.07111
20,46,61,3.63507
20,47,48,3.91413
20,47,62,4.35419
20,48,49,3.67443
20,48,63,4.03935
20,49,50,3.6391
20,49,64,4.31842
20,50,51,4.34659
20,50,65,3.71021
20,51,52,4.27906
20,51,66,4.31842
20,52,53,3.95751
20,52,67,4.27906
20,53,54,4.27906
20,53,68,3.98927
20,54,55,4.31842
20,54,69,3.67443
20,55,56,4.10688
20,55,70,4.06753
20,56,57,3.94991
20,56,71,4.27906
20,57,58,3.60332
20,57,72,4.03935
20,58,59,4.38595
20,58,73,4.35419
20,59,74,3.92174
20,60,61,3.88238
20,60,75,3.60332
20,61,62,3.92174
20,61,76,4.38595
20,62,63,3.67443
20,62,77,3.60332
20,63,64,4.07111
20,63,78,3.98927
20,64,65,4.27906
20,64,79,4.06753
20,65,66,3.67845
20,65,80,3.95349
20,66,67,4.34659
20,66,81,4.10688
20,67,68,4.38595
20,67,82,3.67085
20,68,69,4.35419
20,68,83,4.07111
20,69,70,3.60332
20,69,84,4.10688
20,70,71,4.03578
20,70,85,4.31081
20,71,72,4.34659
20,71,86,4.35419
20,72,73,3.91816
20,72,87,3.63507
20,73,74,3.63507
20,73,88,3.63507
20,74,89,4.03935
20,75,76,3.71021
20,75,90,4.38595
20,76,77,4.31842
20,76,91,4.27906
20,77,78,4.07513
20,77,92,4.35419
20,78,79,3.92174
20,78,93,4.10688
20,79,80,4.38595
20,79,94,4.31842
20,80,81,4.27906
20,80,95,4.07513
20,81,82,4.0
20,81,96,4.38595
20,82,83,4.31081
20,82,97,3.60332
20,83,84,4.07111
20,83,98,3.98927
20,84,85,4.0
20,84,99,3.91816
20,85,86,3.95751
20,85,100,3.67085
20,86,87,4.31484
20,86,101,3.88238
20,87,88,4.34659
20,87,102,3.67085
20,88,89,3.95349
20,88,103,3.67085
20,89,104,3.63507
20,90,91,4.35017
20,90,105,4.31081
20,91,92,4.07513
20,91,106,3.64268
20,92,93,4.35419
20,92,107,4.27906
20,93,94,4.35419
20,93,108,4.35017
20,94,95,4.03935
20,94,109,4.07513
20,95,96,4.07111
20,95,110,4.31842
20,96,97,4.07513
20,96,111,3.64268
20,97,98,3.6391
20,97,112,3.88238
20,98,99,3.63507
20,98,113,4.35419
20,99,100,3.63507
20,99,114,3.67085
20,100,101,4.10688
20,100,115,3.64268
20,101,102,3.98927
20,101,116,3.92174
20,102,103,4.10688
20,102,117,4.35419
20,103,104,4.07111
20,103,118,3.71021
20,104,119,3.6391
20,105,106,4.35017
20,105,120,4.10688
20,106,107,4.38595
20,106,121,4.35017
20,107,108,4.07513
20,107,122,4.03935
20,108,109,4.31842
20,108,123,4.31842
20,109,110,4.10688
20,109,124,4.0
20,110,111,3.98927
20,110,125,4.07111
20,111,112,4.38595
20,111,126,3.94991
20,112,113,3.88238
20,112,127,4.03935
20,113,114,3.91816
20,113,128,3.98927
20,114,115,3.64268
20,114,129,3.92174
20,115,116,3.63507
20,115,130,4.03175
20,116,117,4.06753
20,116,131,4.10688
20,117,118,4.0
20,117,132,4.31842
20,118,119,4.03935
20,118,133,4.03175
20,119,134,3.67443
20,120,121,3.6391
20,120,135,3.67845
20,121,122,4.03578
20,121,136,4.31842
20,122,123,3.71021
20,122,137,4.31081
20,123,124,3.95751
20,123,138,3.91413
20,124,125,4.31484
20,124,139,4.34659
20,125,126,4.03175
20,125,140,3.92174
20,126,127,3.60332
20,126,141,4.07513
20,127,128,4.07111
20,127,142,4.03175
20,128,129,4.31081
20,128,143,3.91413
20,129,130,4.06753
20,129,144,4.31484
20,130,131,3.60332
20,130,145,4.35017
20,131,132,3.95751
20,131,146,4.38595
20,132,133,3.64268
20,132,147,3.60332
20,133,134,4.03175
20,133,148,4.35419
20,134,149,4.35017
20,135,136,3.91816
20,135,150,4.03935
20,136,137,3.67845
20,136,151,3.95751
20,137,138,3.88238
20,137,152,4.27906
20,138,139,3.88238
20,138,153,4.03578
20,139,140,3.88238
20,139,154,4.35419
20,140,141,4.34659
20,140,155,3.95349
20,141,142,4.27906
20,141,156,3.67085
20,142,143,4.34659
20,142,157,3.60332
20,143,144,4.34659
20,143,158,4.35419
20,144,145,3.64268
20,144,159,4.31081
20,145,146,4.31484
20,145,160,3.91816
20,146,147,4.0
20,146,161,3.6391
20,147,148,4.07111
20,147,162,4.38595
20,148,149,3.60332
20,148,163,3.91413
20,149,164,3.92174
20,150,151,4.03935
20,150,165,4.03578
20,151,152,4.35419
20,151,166,3.91816
20,152,153,3.63507
20,152,167,3.67443
20,153,154,4.06753
20,153,168,3.95349
20,154,155,4.27906
20,154,169,4.27906
20,155,156,3.91816
20,155,170,3.6391
20,156,157,3.67443
20,156,171,4.07111
20,157,158,4.07111
20,157,172,3.64268
20,158,159,4.07513
20,158,173,3.94991
20,159,160,4.38595
20,159,174,4.10688
20,160,161,3.95751
20,160,175,3.6391
20,161,162,4.35419
20,161,176,4.27906
20,162,163,4.06753
20,162,177,4.03935
20,163,164,3.95349
20,163,178,4.03578
20,164,179,4.0
20,165,166,4.03578
20,165,180,3.64268
20,166,167,4.31484
20,166,181,3.95751
20,167,168,3.67443
20,167,182,3.6391
20,168,169,3.67085
20,168,183,4.31484
20,169,170,4.31484
20,169,184,3.88238
20,170,171,3.91413
20,170,185,3.91413
20,171,172,3.63507
20,171,186,4.31842
20,172,173,3.64268
20,172,187,4.03578
20,173,174,4.07513
20,173,188,4.35419
20,174,175,3.6391
20,174,189,4.10688
20,175,176,4.38595
20,175,190,4.07111
20,176,177,3.63507
20,176,191,4.0
20,177,178,4.38595
20,177,192,4.03578
20,178,179,3.91413
20,178,193,3.60332
20,179,194,4.31081
20,180,181,3.88238
20,180,195,3.95751
20,181,182,4.03578
20,181,196,4.31081
20,182,183,4.03935
20,182,197,3.94991
20,183,184,3.91816
20,183,198,3.88238
20,184,185,3.94991
20,184,199,3.92174
20,185,186,3.92174
20,185,200,3.92174
20,186,187,3.63507
20,186,201,4.0
20,187,188,3.91413
20,187,202,4.31484
20,188,189,3.60332
20,188,203,4.35017
20,189,190,4.03578
20,189,204,4.0
20,190,191,4.03175
20,190,205,4.35017
20,191,192,3.67085
20,191,206,3.67443
20,192,193,4.07513
20,192,207,4.06753
20,193,194,4.35017
20,193,208,4.38595
20,194,209,3.91816
20,195,196,3.95349
20,195,210,3.67845
20,196,197,3.95349
20,196,211,3.63507
20,197,198,4.10688
20,197,212,4.31484
20,198,199,4.38595
20,198,213,3.64268
20,199,200,3.63507
20,199,214,4.31484
20,200,201,4.35017
20,200,215,3.95751
20,201,202,4.31842
20,201,216,4.03578
20,202,203,3.94991
20,202,217,3.91816
20,203,204,3.88238
20,203,218,3.98927
20,204,205,4.31842
20,204,219,4.31484
20,205,206,4.31484
20,205,220,4.10688
20,206,207,4.03578
20,206,221,3.71021
20,207,208,3.64268
20,207,222,3.71021
20,208,209,4.38595
20,208,223,4.03578
20,209,224,3.67443
20,210,211,3.95349
20,211,212,3.92174
20,212,213,3.95349
20,213,214,3.98927
20,214,215,3.67845
20,215,216,3.71021
20,216,217,4.03175
20,217,218,3.63507
20,218,219,3.60332
20,219,220,4.03175
20,220,221,4.07111
20,221,222,3.92174
20,222,223,3.94991
20,223,224,4.03578
21,0,1,3.46871
21,0,15,3.37256
21,1,2,3.57425
21,1,16,3.46871
21,2,3,4.0
21,2,17,3.22185
21,3,4,3.98569
21,3,18,2.94681
21,4,5,3.98569
21,4,19,4.0
21,5,6,4.23255
21,5,20,4.1364
21,6,7,3.23124
21,6,21,3.1257
21,7,8,3.99508
21,7,22,3.99508
21,8,9,3.1257
21,8,23,3.22185
21,9,10,3.75314
21,9,24,4.33809
21,10,11,4.23255
21,10,25,3.37256
21,11,12,4.42083
21,11,26,3.90385
21,12,13,4.24194
21,12,27,3.55994
21,13,14,4.0
21,13,28,3.71065
21,14,29,3.46871
21,15,16,3.57425
21,15,30,4.76384
21,16,17,3.98569
21,16,31,4.76384
21,17,18,4.24194
21,17,32,3.1257
21,18,19,4.33809
21,18,33,3.46871
21,19,20,3.71065
21,19,34,4.51698
21,20,21,3.37256
21,20,35,2.69995
21,21,22,4.1364
21,21,36,4.33809
21,22,23,3.22185
21,22,37,2.94681
21,23,24,4.33809
21,23,38,3.1257
21,24,25,3.98569
21,24,39,3.75314
21,25,26,3.8068
21,25,40,3.65699
21,26,27,2.94681
21,26,41,3.1257
21,27,28,3.88954
21,27,42,3.98569
21,28,29,4.42083
21,28,43,3.88954
21,29,44,3.88954
21,30,31,3.37256
21,30,45,4.76384
21,31,32,2.94681
21,31,46,4.42083
21,32,33,3.65699
21,32,47,4.76384
21,33,34,2.7961
21,33,48,3.98569
21,34,35,3.98569
21,34,49,3.32739
21,35,36,3.90385
21,35,50,3.65699
21,36,37,4.09123
21,36,51,4.76384
21,37,38,3.99508
21,37,52,4.1364
21,38,39,4.24194
21,38,53,2.94681
21,39,40,3.1257
21,39,54,3.32739
21,40,41,4.42083
21,40,55,3.71065
21,41,42,3.04296
21,41,56,3.55994
21,42,43,3.71065
21,42,57,4.09123
21,43,44,3.90385
21,43,58,2.94681
21,44,59,2.7961
21,45,46,2.7961
21,45,60,4.66769
21,46,47,4.51698
21,46,61,4.66769
21,47,48,4.24194
21,47,62,2.7961
21,48,49,4.42083
21,48,63,3.75314
21,49,50,3.37256
21,49,64,3.32739
21,50,51,3.8068
21,50,65,3.88954
21,51,52,3.57425
21,51,66,3.32739
21,52,53,2.69995
21,52,67,3.57425
21,53,54,3.57425
21,53,68,3.46379
21,54,55,3.32739
21,54,69,4.42083
21,55,56,3.98569
21,55,70,4.23255
21,56,57,3.71065
21,56,71,3.57425
21,57,58,3.90385
21,57,72,3.75314
21,58,59,3.55994
21,58,73,2.7961
21,59,74,3.23124
21,60,61,3.4781
21,60,75,3.90385
21,61,62,3.23124
21,61,76,3.55994
21,62,63,4.42083
21,62,77,3.90385
21,63,64,4.51698
21,63,78,3.46379
21,64,65,3.57425
21,64,79,4.23255
21,65,66,3.1257
21,65,80,3.99508
21,66,67,3.8068
21,66,81,3.98569
21,67,68,3.55994
21,67,82,4.1364
21,68,69,2.7961
21,68,83,4.51698
21,69,70,3.90385
21,69,84,3.98569
21,70,71,3.46871
21,70,85,4.33809
21,71,72,3.8068
21,71,86,2.7961
21,72,73,2.94681
21,72,87,4.66769
21,73,74,4.66769
21,73,88,4.66769
21,74,89,3.75314
21,75,76,3.88954
21,75,90,3.55994
21,76,77,3.32739
21,76,91,3.57425
21,77,78,3.22185
21,77,92,2.7961
21,78,79,3.23124
21,78,93,3.98569
21,79,80,3.55994
21,79,94,3.32739
21,80,81,3.57425
21,80,95,3.22185
21,81,82,4.0
21,81,96,3.55994
21,82,83,4.33809
21,82,97,3.90385
21,83,84,4.51698
21,83,98,3.46379
21,84,85,4.0
21,84,99,2.94681
21,85,86,2.69995
21,85,100,4.1364
21,86,87,3.04296
21,86,101,3.4781
21,87,88,3.8068
21,87,102,4.1364
21,88,89,3.99508
21,88,103,4.1364
21,89,104,4.66769
21,90,91,4.09123
21,90,105,4.33809
21,91,92,3.22185
21,91,106,3.65699
21,92,93,2.7961
21,92,107,3.57425
21,93,94,2.7961
21,93,108,4.09123
21,94,95,3.75314
21,94,109,3.22185
21,95,96,4.51698
21,95,110,3.32739
21,96,97,3.22185
21,96,111,3.65699
21,97,98,3.37256
21,97,112,3.4781
21,98,99,4.66769
21,98,113,2.7961
21,99,100,4.66769
21,99,114,4.1364
21,100,101,3.98569
21,100,115,3.65699
21,101,102,3.46379
21,101,116,3.23124
21,102,103,3.98569
21,102,117,2.7961
21,103,104,4.51698
21,103,118,3.88954
21,104,119,3.37256
21,105,106,4.09123
21,105,120,3.98569
21,106,107,3.55994
21,106,121,4.09123
21,107,108,3.22185
21,107,122,3.75314
21,108,109,3.32739
21,108,123,3.32739
21,109,110,3.98569
21,109,124,4.0
21,110,111,3.46379
21,110,125,4.51698
21,111,112,3.55994
21,111,126,3.71065
21,112,113,3.4781
21,112,127,3.75314
21,113,114,2.94681
21,113,128,3.46379
21,114,115,3.65699
21,114,129,3.23124
21,115,116,4.66769
21,115,130,4.76384
21,116,117,4.23255
21,116,131,3.98569
21,117,118,4.0
21,117,132,3.32739
21,118,119,3.75314
21,118,133,4.76384
21,119,134,4.42083
21,120,121,3.37256
21,120,135,3.1257
21,121,122,3.46871
21,121,136,3.32739
21,122,123,3.88954
21,122,137,4.33809
21,123,124,2.69995
21,123,138,4.24194
21,124,125,3.04296
21,124,139,3.8068
21,125,126,4.76384
21,125,140,3.23124
21,126,127,3.90385
21,126,141,3.22185
21,127,128,4.51698
21,127,142,4.76384
21,128,129,4.33809
21,128,143,4.24194
21,129,130,4.23255
21,129,144,3.04296
21,130,131,3.90385
21,130,145,4.09123
21,131,132,2.69995
21,131,146,3.55994
21,132,133,3.65699
21,132,147,3.90385
21,133,134,4.76384
21,133,148,2.7961
21,134,149,4.09123
21,135,136,2.94681
21,135,150,3.75314
21,136,137,3.1257
21,136,151,2.69995
21,137,138,3.4781
21,137,152,3.57425
21,138,139,3.4781
21,138,153,3.46871
21,139,140,3.4781
21,139,154,2.7961
21,140,141,3.8068
21,140,155,3.99508
21,141,142,3.57425
21,141,156,4.1364
21,142,143,3.8068
21,142,157,3.90385
21,143,144,3.8068
21,143,158,2.7961
21,144,145,3.65699
21,144,159,4.33809
21,145,146,3.04296
21,145,160,2.94681
21,146,147,4.0
21,146,161,3.37256
21,147,148,4.51698
21,147,162,3.55994
21,148,149,3.90385
21,148,163,4.24194
21,149,164,3.23124
21,150,151,3.75314
21,150,165,3.46871
21,151,152,2.7961
21,151,166,2.94681
21,152,153,4.66769
21,152,167,4.42083
21,153,154,4.23255
21,153,168,3.99508
21,154,155,3.57425
21,154,169,3.57425
21,155,156,2.94681
21,155,170,3.37256
21,156,157,4.42083
21,156,171,4.51698
21,157,158,4.51698
21,157,172,3.65699
21,158,159,3.22185
21,158,173,3.71065
21,159,160,3.55994
21,159,174,3.98569
21,160,161,2.69995
21,160,175,3.37256
21,161,162,2.7961
21,161,176,3.57425
21,162,163,4.23255
21,162,177,3.75314
21,163,164,3.99508
21,163,178,3.46871
21,164,179,4.0
21,165,166,3.46871
21,165,180,3.65699
21,166,167,3.04296
21,166,181,2.69995
21,167,168,4.42083
21,167,182,3.37256
21,168,169,4.1364
21,168,183,3.04296
21,169,170,3.04296
21,169,184,3.4781
21,170,171,4.24194
21,170,185,4.24194
21,171,172,4.66769
21,171,186,3.32739
21,172,173,3.65699
21,172,187,3.46871
21,173,174,3.22185
21,173,188,2.7961
21,174,175,3.37256
21,174,189,3.98569
21,175,176,3.55994
21,175,190,4.51698
21,176,177,4.66769
21,176,191,4.0
21,177,178,3.55994
21,177,192,3.46871
21,178,179,4.24194
21,178,193,3.90385
21,179,194,4.33809
21,180,181,3.4781
21,180,195,2.69995
21,181,182,3.46871
21,181,196,4.33809
21,182,183,3.75314
21,182,197,3.71065
21,183,184,2.94681
21,183,198,3.4781
21,184,185,3.71065
21,184,199,3.23124
21,185,186,3.23124
21,185,200,3.23124
21,186,187,4.66769
21,186,201,4.0
21,187,188,4.24194
21,187,202,3.04296
21,188,189,3.90385
21,188,203,4.09123
21,189,190,3.46871
21,189,204,4.0
21,190,191,4.76384
21,190,205,4.09123
21,191,192,4.1364
21,191,206,4.42083
21,192,193,3.22185
21,192,207,4.23255
21,193,194,4.09123
21,193,208,3.55994
21,194,209,2.94681
21,195,196,3.99508
21,195,210,3.1257
21,196,197,3.99508
21,196,211,4.66769
21,197,198,3.98569
21,197,212,3.04296
21,198,199,3.55994
21,198,213,3.65699
21,199,200,4.66769
21,199,214,3.04296
21,200,201,4.09123
21,200,215,2.69995
21,201,202,3.32739
21,201,216,3.46871
21,202,203,3.71065
21,202,217,2.94681
21,203,204,3.4781
21,203,218,3.46379
21,204,205,3.32739
21,204,219,3.04296
21,205,206,3.04296
21,205,220,3.98569
21,206,207,3.46871
21,206,221,3.88954
21,207,208,3.65699
21,207,222,3.88954
21,208,209,3.55994
21,208,223,3.46871
21,209,224,4.42083
21,210,211,3.99508
21,211,212,3.23124
21,212,213,3.99508
21,213,214,3.46379
21,214,215,3.1257
21,215,216,3.88954
21,216,217,4.76384
21,217,218,4.66769
21,218,219,3.90385
21,219,220,4.76384
21,220,221,4.51698
21,221,222,3.23124
21,222,223,3.71065
21,223,224,3.46871
22,0,1,3.66683
22,0,15,3.16729
22,1,2,4.1449
22,1,16,3.66683
22,2,3,4.0
22,2,17,3.42444
22,3,4,3.48302
22,3,18,3.31219
22,4,5,3.48302
22,4,19,4.0
22,5,6,3.72541
22,5,20,3.22587
22,6,7,3.40297
22,6,21,2.9249
22,7,8,3.46155
22,7,22,3.46155
22,8,9,2.9249
22,8,23,3.42444
22,9,10,3.75761
22,9,24,4.20348
22,10,11,3.72541
22,10,25,3.16729
22,11,12,3.31666
22,11,26,3.50046
22,12,13,3.70394
22,12,27,3.62792
22,13,14,4.0
22,13,28,3.37077
22,14,29,3.66683
22,15,16,4.1449
22,15,30,4.05858
22,16,17,3.48302
22,16,31,4.05858
22,17,18,3.70394
22,17,32,2.9249
22,18,19,4.20348
22,18,33,3.66683
22,19,20,3.37077
22,19,34,3.8162
22,20,21,3.16729
22,20,35,3.0698
22,21,22,3.22587
22,21,36,4.20348
22,22,23,3.42444
22,22,37,3.31219
22,23,24,4.20348
22,23,38,2.9249
22,24,25,3.48302
22,24,39,3.75761
22,25,26,3.87031
22,25,40,3.25807
22,26,27,3.31219
22,26,41,2.9249
22,27,28,2.98348
22,27,42,3.48302
22,28,29,3.31666
22,28,43,2.98348
22,29,44,2.98348
22,30,31,3.16729
22,30,45,4.05858
22,31,32,3.31219
22,31,46,3.31666
22,32,33,3.25807
22,32,47,4.05858
22,33,34,3.56933
22,33,48,3.48302
22,34,35,3.48302
22,34,49,3.90251
22,35,36,3.50046
22,35,50,3.25807
22,36,37,3.96109
22,36,51,4.05858
22,37,38,3.46155
22,37,52,3.22587
22,38,39,3.70394
22,38,53,3.31219
22,39,40,2.9249
22,39,54,3.90251
22,40,41,3.31666
22,40,55,3.37077
22,41,42,3.81172
22,41,56,3.62792
22,42,43,3.37077
22,42,57,3.96109
22,43,44,3.50046
22,43,58,3.31219
22,44,59,3.56933
22,45,46,3.56933
22,45,60,3.55905
22,46,47,3.8162
22,46,61,3.55905
22,47,48,3.70394
22,47,62,3.56933
22,48,49,3.31666
22,48,63,3.75761
22,49,50,3.16729
22,49,64,3.90251
22,50,51,3.87031
22,50,65,2.98348
22,51,52,4.1449
22,51,66,3.90251
22,52,53,3.0698
22,52,67,4.1449
22,53,54,4.1449
22,53,68,3.12838
22,54,55,3.90251
22,54,69,3.31666
22,55,56,3.48302
22,55,70,3.72541
22,56,57,3.37077
22,56,71,4.1449
22,57,58,3.50046
22,57,72,3.75761
22,58,59,3.62792
22,58,73,3.56933
22,59,74,3.40297
22,60,61,3.64536
22,60,75,3.50046
22,61,62,3.40297
22,61,76,3.62792
22,62,63,3.31666
22,62,77,3.50046
22,63,64,3.8162
22,63,78,3.12838
22,64,65,4.1449
22,64,79,3.72541
22,65,66,2.9249
22,65,80,3.46155
22,66,67,3.87031
22,66,81,3.48302
22,67,68,3.62792
22,67,82,3.22587
22,68,69,3.56933
22,68,83,3.8162
22,69,70,3.50046
22,69,84,3.48302
22,70,71,3.66683
22,70,85,4.20348
22,71,72,3.87031
22,71,86,3.56933
22,72,73,3.31219
22,72,87,3.55905
22,73,74,3.55905
22,73,88,3.55905
22,74,89,3.75761
22,75,76,2.98348
22,75,90,3.62792
22,76,77,3.90251
22,76,91,4.1449
22,77,78,3.42444
22,77,92,3.56933
22,78,79,3.40297
22,78,93,3.48302
22,79,80,3.62792
22,79,94,3.90251
22,80,81,4.1449
22,80,95,3.42444
22,81,82,4.0
22,81,96,3.62792
22,82,83,4.20348
22,82,97,3.50046
22,83,84,3.8162
22,83,98,3.12838
22,84,85,4.0
22,84,99,3.31219
22,85,86,3.0698
22,85,100,3.22587
22,86,87,3.81172
22,86,101,3.64536
22,87,88,3.87031
22,87,102,3.22587
22,88,89,3.46155
22,88,103,3.22587
22,89,104,3.55905
22,90,91,3.96109
22,90,105,4.20348
22,91,92,3.42444
22,91,106,3.25807
22,92,93,3.56933
22,92,107,4.1449
22,93,94,3.56933
22,93,108,3.96109
22,94,95,3.75761
22,94,109,3.42444
22,95,96,3.8162
22,95,110,3.90251
22,96,97,3.42444
22,96,111,3.25807
22,97,98,3.16729
22,97,112,3.64536
22,98,99,3.55905
22,98,113,3.56933
22,99,100,3.55905
22,99,114,3.22587
22,100,101,3.48302
22,100,115,3.25807
22,101,102,3.12838
22,101,116,3.40297
22,102,103,3.48302
22,102,117,3.56933
22,103,104,3.8162
22,103,118,2.98348
22,104,119,3.16729
22,105,106,3.96109
22,105,120,3.48302
22,106,107,3.62792
22,106,121,3.96109
22,107,108,3.42444
22,107,122,3.75761
22,108,109,3.90251
22,108,123,3.90251
22,109,110,3.48302
22,109,124,4.0
22,110,111,3.12838
22,110,125,3.8162
22,111,112,3.62792
22,111,126,3.37077
22,112,113,3.64536
22,112,127,3.75761
22,113,114,3.31219
22,113,128,3.12838
22,114,115,3.25807
22,114,129,3.40297
22,115,116,3.55905
22,115,130,4.05858
22,116,117,3.72541
22,116,131,3.48302
22,117,118,4.0
22,117,132,3.90251
22,118,119,3.75761
22,118,133,4.05858
22,119,134,3.31666
22,120,121,3.16729
22,120,135,2.9249
22,121,122,3.66683
22,121,136,3.90251
22,122,123,2.98348
22,122,137,4.20348
22,123,124,3.0698
22,123,138,3.70394
22,124,125,3.81172
22,124,139,3.87031
22,125,126,4.05858
22,125,140,3.40297
22,126,127,3.50046
22,126,141,3.42444
22,127,128,3.8162
22,127,142,4.05858
22,128,129,4.20348
22,128,143,3.70394
22,129,130,3.72541
22,129,144,3.81172
22,130,131,3.50046
22,130,145,3.96109
22,131,132,3.0698
22,131,146,3.62792
22,132,133,3.25807
22,132,147,3.50046
22,133,134,4.05858
22,133,148,3.56933
22,134,149,3.96109
22,135,136,3.31219
22,135,150,3.75761
22,136,137,2.9249
22,136,151,3.0698
22,137,138,3.64536
22,137,152,4.1449
22,138,139,3.64536
22,138,153,3.66683
22,139,140,3.64536
22,139,154,3.56933
22,140,141,3.87031
22,140,155,3.46155
22,141,142,4.1449
22,141,156,3.22587
22,142,143,3.87031
22,142,157,3.50046
22,143,144,3.87031
22,143,158,3.56933
22,144,145,3.25807
22,144,159,4.20348
22,145,146,3.81172
22,145,160,3.31219
22,146,147,4.0
22,146,161,3.16729
22,147,148,3.8162
22,147,162,3.62792
22,148,149,3.50046
22,148,163,3.70394
22,149,164,3.40297
22,150,151,3.75761
22,150,165,3.66683
22,151,152,3.56933
22,151,166,3.31219
22,152,153,3.55905
22,152,167,3.31666
22,153,154,3.72541
22,153,168,3.46155
22,154,155,4.1449
22,154,169,4.1449
22,155,156,3.31219
22,155,170,3.16729
22,156,157,3.31666
22,156,171,3.8162
22,157,158,3.8162
22,157,172,3.25807
22,158,159,3.42444
22,158,173,3.37077
22,159,160,3.62792
22,159,174,3.48302
22,160,161,3.0698
22,160,175,3.16729
22,161,162,3.56933
22,161,176,4.1449
22,162,163,3.72541
22,162,177,3.75761
22,163,164,3.46155
22,163,178,3.66683
22,164,179,4.0
22,165,166,3.66683
22,165,180,3.25807
22,166,167,3.81172
22,166,181,3.0698
22,167,168,3.31666
22,167,182,3.16729
22,168,169,3.22587
22,168,183,3.81172
22,169,170,3.81172
22,169,184,3.64536
22,170,171,3.70394
22,170,185,3.70394
22,171,172,3.55905
22,171,186,3.90251
22,172,173,3.25807
22,172,187,3.66683
22,173,174,3.42444
22,173,188,3.56933
22,174,175,3.16729
22,174,189,3.48302
22,175,176,3.62792
22,175,190,3.8162
22,176,177,3.55905
22,176,191,4.0
22,177,178,3.62792
22,177,192,3.66683
22,178,179,3.70394
22,178,193,3.50046
22,179,194,4.20348
22,180,181,3.64536
22,180,195,3.0698
22,181,182,3.66683
22,181,196,4.20348
22,182,183,3.75761
22,182,197,3.37077
22,183,184,3.31219
22,183,198,3.64536
22,184,185,3.37077
22,184,199,3.40297
22,185,186,3.40297
22,185,200,3.40297
22,186,187,3.55905
22,186,201,4.0
22,187,188,3.70394
22,187,202,3.81172
22,188,189,3.50046
22,188,203,3.96109
22,189,190,3.66683
22,189,204,4.0
22,190,191,4.05858
22,190,205,3.96109
22,191,192,3.22587
22,191,206,3.31666
22,192,193,3.42444
22,192,207,3.72541
22,193,194,3.96109
22,193,208,3.62792
22,194,209,3.31219
22,195,196,3.46155
22,195,210,2.9249
22,196,197,3.46155
22,196,211,3.55905
22,197,198,3.48302
22,197,212,3.81172
22,198,199,3.62792
22,198,213,3.25807
22,199,200,3.55905
22,199,214,3.81172
22,200,201,3.96109
22,200,215,3.0698
22,201,202,3.90251
22,201,216,3.66683
22,202,203,3.37077
22,202,217,3.31219
22,203,204,3.64536
22,203,218,3.12838
22,204,205,3.90251
22,204,219,3.81172
22,205,206,3.81172
22,205,220,3.48302
22,206,207,3.66683
22,206,221,2.98348
22,207,208,3.25807
22,207,222,2.98348
22,208,209,3.62792
22,208,223,3.66683
22,209,224,3.31666
22,210,211,3.46155
22,211,212,3.40297
22,212,213,3.46155
22,213,214,3.12838
22,214,215,2.9249
22,215,216,2.98348
22,216,217,4.05858
22,217,218,3.55905
22,218,219,3.50046
22,219,220,4.05858
22,220,221,3.8162
22,221,222,3.40297
22,222,223,3.37077
22,223,224,3.66683
23,0,1,3.68919
23,0,15,3.84258
23,1,2,4.18202
23,1,16,3.68919
23,2,3,4.0
23,2,17,4.01476
23,3,4,3.43696
23,3,18,4.0246
23,4,5,3.43696
23,4,19,4.0
23,5,6,3.11139
23,5,20,3.26478
23,6,7,4.66098
23,6,21,4.16815
23,7,8,4.08318
23,7,22,4.08318
23,8,9,4.16815
23,8,23,4.01476
23,9,10,4.32557
23,9,24,3.60422
23,10,11,3.11139
23,10,25,3.84258
23,11,12,3.90117
23,11,26,4.15339
23,12,13,3.75761
23,12,27,3.61897
23,13,14,4.0
23,13,28,3.4468
23,14,29,3.68919
23,15,16,4.18202
23,15,30,3.4222
23,16,17,3.43696
23,16,31,3.4222
23,17,18,3.75761
23,17,32,4.16815
23,18,19,3.60422
23,18,33,3.68919
23,19,20,3.4468
23,19,34,3.74777
23,20,21,3.84258
23,20,35,4.35017
23,21,22,3.26478
23,21,36,3.60422
23,22,23,4.01476
23,22,37,4.0246
23,23,24,3.60422
23,23,38,4.16815
23,24,25,3.43696
23,24,39,4.32557
23,25,26,3.2934
23,25,40,4.47897
23,26,27,4.0246
23,26,41,4.16815
23,27,28,3.59035
23,27,42,3.43696
23,28,29,3.90117
23,28,43,3.59035
23,29,44,3.59035
23,30,31,3.84258
23,30,45,3.4222
23,31,32,4.0246
23,31,46,3.90117
23,32,33,4.47897
23,32,47,3.4222
23,33,34,4.19677
23,33,48,3.43696
23,34,35,3.43696
23,34,49,4.50759
23,35,36,4.15339
23,35,50,4.47897
23,36,37,3.92979
23,36,51,3.4222
23,37,38,4.08318
23,37,52,3.26478
23,38,39,3.75761
23,38,53,4.0246
23,39,40,4.16815
23,39,54,4.50759
23,40,41,3.90117
23,40,55,3.4468
23,41,42,3.8712
23,41,56,3.61897
23,42,43,3.4468
23,42,57,3.92979
23,43,44,4.15339
23,43,58,4.0246
23,44,59,4.19677
23,45,46,4.19677
23,45,60,3.57559
23,46,47,3.74777
23,46,61,3.57559
23,47,48,3.75761
23,47,62,4.19677
23,48,49,3.90117
23,48,63,4.32557
23,49,50,3.84258
23,49,64,4.50759
23,50,51,3.2934
23,50,65,3.59035
23,51,52,4.18202
23,51,66,4.50759
23,52,53,4.35017
23,52,67,4.18202
23,53,54,4.18202
23,53,68,3.77237
23,54,55,4.50759
23,54,69,3.90117
23,55,56,3.43696
23,55,70,3.11139
23,56,57,3.4468
23,56,71,4.18202
23,57,58,4.15339
23,57,72,4.32557
23,58,59,3.61897
23,58,73,4.19677
23,59,74,4.66098
23,60,61,4.33541
23,60,75,4.15339
23,61,62,4.66098
23,61,76,3.61897
23,62,63,3.90117
23,62,77,4.15339
23,63,64,3.74777
23,63,78,3.77237
23,64,65,4.18202
23,64,79,3.11139
23,65,66,4.16815
23,65,80,4.08318
23,66,67,3.2934
23,66,81,3.43696
23,67,68,3.61897
23,67,82,3.26478
23,68,69,4.19677
23,68,83,3.74777
23,69,70,4.15339
23,69,84,3.43696
23,70,71,3.68919
23,70,85,3.60422
23,71,72,3.2934
23,71,86,4.19677
23,72,73,4.0246
23,72,87,3.57559
23,73,74,3.57559
23,73,88,3.57559
23,74,89,4.32557
23,75,76,3.59035
23,75,90,3.61897
23,76,77,4.50759
23,76,91,4.18202
23,77,78,4.01476
23,77,92,4.19677
23,78,79,4.66098
23,78,93,3.43696
23,79,80,3.61897
23,79,94,4.50759
23,80,81,4.18202
23,80,95,4.01476
23,81,82,4.0
23,81,96,3.61897
23,82,83,3.60422
23,82,97,4.15339
23,83,84,3.74777
23,83,98,3.77237
23,84,85,4.0
23,84,99,4.0246
23,85,86,4.35017
23,85,100,3.26478
23,86,87,3.8712
23,86,101,4.33541
23,87,88,3.2934
23,87,102,3.26478
23,88,89,4.08318
23,88,103,3.26478
23,89,104,3.57559
23,90,91,3.92979
23,90,105,3.60422
23,91,92,4.01476
23,91,106,4.47897
23,92,93,4.19677
23,92,107,4.18202
23,93,94,4.19677
23,93,108,3.92979
23,94,95,4.32557
23,94,109,4.01476
23,95,96,3.74777
23,95,110,4.50759
23,96,97,4.01476
23,96,111,4.47897
23,97,98,3.84258
23,97,112,4.33541
23,98,99,3.57559
23,98,113,4.19677
23,99,100,3.57559
23,99,114,3.26478
23,100,101,3.43696
23,100,115,4.47897
23,101,102,3.77237
23,101,116,4.66098
23,102,103,3.43696
23,102,117,4.19677
23,103,104,3.74777
23,103,118,3.59035
23,104,119,3.84258
23,105,106,3.92979
23,105,120,3.43696
23,106,107,3.61897
23,106,121,3.92979
23,107,108,4.01476
23,107,122,4.32557
23,108,109,4.50759
23,108,123,4.50759
23,109,110,3.43696
23,109,124,4.0
23,110,111,3.77237
23,110,125,3.74777
23,111,112,3.61897
23,111,126,3.4468
23,112,113,4.33541
23,112,127,4.32557
23,113,114,4.0246
23,113,128,3.77237
23,114,115,4.47897
23,114,129,4.66098
23,115,116,3.57559
23,115,130,3.4222
23,116,117,3.11139
23,116,131,3.43696
23,117,118,4.0
23,117,132,4.50759
23,118,119,4.32557
23,118,133,3.4222
23,119,134,3.90117
23,120,121,3.84258
23,120,135,4.16815
23,121,122,3.68919
23,121,136,4.50759
23,122,123,3.59035
23,122,137,3.60422
23,123,124,4.35017
23,123,138,3.75761
23,124,125,3.8712
23,124,139,3.2934
23,125,126,3.4222
23,125,140,4.66098
23,126,127,4.15339
23,126,141,4.01476
23,127,128,3.74777
23,127,142,3.4222
23,128,129,3.60422
23,128,143,3.75761
23,129,130,3.11139
23,129,144,3.8712
23,130,131,4.15339
23,130,145,3.92979
23,131,132,4.35017
23,131,146,3.61897
23,132,133,4.47897
23,132,147,4.15339
23,133,134,3.4222
23,133,148,4.19677
23,134,149,3.92979
23,135,136,4.0246
23,135,150,4.32557
23,136,137,4.16815
23,136,151,4.35017
23,137,138,4.33541
23,137,152,4.18202
23,138,139,4.33541
23,138,153,3.68919
23,139,140,4.33541
23,139,154,4.19677
23,140,141,3.2934
23,140,155,4.08318
23,141,142,4.18202
23,141,156,3.26478
23,142,143,3.2934
23,142,157,4.15339
23,143,144,3.2934
23,143,158,4.19677
23,144,145,4.47897
23,144,159,3.60422
23,145,146,3.8712
23,145,160,4.0246
23,146,147,4.0
23,146,161,3.84258
23,147,148,3.74777
23,147,162,3.61897
23,148,149,4.15339
23,148,163,3.75761
23,149,164,4.66098
23,150,151,4.32557
23,150,165,3.68919
23,151,152,4.19677
23,151,166,4.0246
23,152,153,3.57559
23,152,167,3.90117
23,153,154,3.11139
23,153,168,4.08318
23,154,155,4.18202
23,154,169,4.18202
23,155,156,4.0246
23,155,170,3.84258
23,156,157,3.90117
23,156,171,3.74777
23,157,158,3.74777
23,157,172,4.47897
23,158,159,4.01476
23,158,173,3.4468
23,159,160,3.61897
23,159,174,3.43696
23,160,161,4.35017
23,160,175,3.84258
23,161,162,4.19677
23,161,176,4.18202
23,162,163,3.11139
23,162,177,4.32557
23,163,164,4.08318
23,163,178,3.68919
23,164,179,4.0
23,165,166,3.68919
23,165,180,4.47897
23,166,167,3.8712
23,166,181,4.35017
23,167,168,3.90117
23,167,182,3.84258
23,168,169,3.26478
23,168,183,3.8712
23,169,170,3.8712
23,169,184,4.33541
23,170,171,3.75761
23,170,185,3.75761
23,171,172,3.57559
23,171,186,4.50759
23,172,173,4.47897
23,172,187,3.68919
23,173,174,4.01476
23,173,188,4.19677
23,174,175,3.84258
23,174,189,3.43696
23,175,176,3.61897
23,175,190,3.74777
23,176,177,3.57559
23,176,191,4.0
23,177,178,3.61897
23,177,192,3.68919
23,178,179,3.75761
23,178,193,4.15339
23,179,194,3.60422
23,180,181,4.33541
23,180,195,4.35017
23,181,182,3.68919
23,181,196,3.60422
23,182,183,4.32557
23,182,197,3.4468
23,183,184,4.0246
23,183,198,4.33541
23,184,185,3.4468
23,184,199,4.66098
23,185,186,4.66098
23,185,200,4.66098
23,186,187,3.57559
23,186,201,4.0
23,187,188,3.75761
23,187,202,3.8712
23,188,189,4.15339
23,188,203,3.92979
23,189,190,3.68919
23,189,204,4.0
23,190,191,3.4222
23,190,205,3.92979
23,191,192,3.26478
23,191,206,3.90117
23,192,193,4.01476
23,192,207,3.11139
23,193,194,3.92979
23,193,208,3.61897
23,194,209,4.0246
23,195,196,4.08318
23,195,210,4.16815
23,196,197,4.08318
23,196,211,3.57559
23,197,198,3.43696
23,197,212,3.8712
23,198,199,3.61897
23,198,213,4.47897
23,199,200,3.57559
23,199,214,3.8712
23,200,201,3.92979
23,200,215,4.35017
23,201,202,4.50759
23,201,216,3.68919
23,202,203,3.4468
23,202,217,4.0246
23,203,204,4.33541
23,203,218,3.77237
23,204,205,4.50759
23,204,219,3.8712
23,205,206,3.8712
23,205,220,3.43696
23,206,207,3.68919
23,206,221,3.59035
23,207,208,4.47897
23,207,222,3.59035
23,208,209,3.61897
23,208,223,3.68919
23,209,224,3.90117
23,210,211,4.08318
23,211,212,4.66098
23,212,213,4.08318
23,213,214,3.77237
23,214,215,4.16815
23,215,216,3.59035
23,216,217,3.4222
23,217,218,3.57559
23,218,219,4.15339
23,219,220,3.4222
23,220,221,3.74777
23,221,222,4.66098
23,222,223,3.4468
23,223,224,3.68919
24,0,1,4.35196
24,0,15,3.43606
24,1,2,4.39713
24,1,16,4.35196
24,2,3,4.0
24,2,17,3.96109
24,3,4,3.80233
24,3,18,3.83319
24,4,5,3.80233
24,4,19,4.0
24,5,6,4.1932
24,5,20,3.2773
24,6,7,3.09037
24,6,21,3.0452
24,7,8,2.93161
24,7,22,2.93161
24,8,9,3.0452
24,8,23,3.96109
24,9,10,3.60914
24,9,24,4.23836
24,10,11,4.1932
24,10,25,3.43606
24,11,12,2.53448
24,11,26,3.08411
24,12,13,3.32247
24,12,27,4.19946
24,13,14,4.0
24,13,28,3.67443
24,14,29,4.35196
24,15,16,4.39713
24,15,30,3.84124
24,16,17,3.80233
24,16,31,3.84124
24,17,18,3.32247
24,17,32,3.0452
24,18,19,4.23836
24,18,33,4.35196
24,19,20,3.67443
24,19,34,3.45037
24,20,21,3.43606
24,20,35,3.44232
24,21,22,3.2773
24,21,36,4.23836
24,22,23,3.96109
24,22,37,3.83319
24,23,24,4.23836
24,23,38,3.0452
24,24,25,3.80233
24,24,39,3.60914
24,25,26,4.59032
24,25,40,2.69324
24,26,27,3.83319
24,26,41,3.0452
24,27,28,2.88644
24,27,42,3.80233
24,28,29,2.53448
24,28,43,2.88644
24,29,44,2.88644
24,30,31,3.43606
24,30,45,3.84124
24,31,32,3.83319
24,31,46,2.53448
24,32,33,2.69324
24,32,47,3.84124
24,33,34,4.35822
24,33,48,3.80233
24,34,35,3.80233
24,34,49,4.00626
24,35,36,3.08411
24,35,50,2.69324
24,36,37,3.8475
24,36,51,3.84124
24,37,38,2.93161
24,37,52,3.2773
24,38,39,3.32247
24,38,53,3.83319
24,39,40,3.0452
24,39,54,4.00626
24,40,41,2.53448
24,40,55,3.67443
24,41,42,4.74908
24,41,56,4.19946
24,42,43,3.67443
24,42,57,3.8475
24,43,44,3.08411
24,43,58,3.83319
24,44,59,4.35822
24,45,46,4.35822
24,45,60,2.92535
24,46,47,3.45037
24,46,61,2.92535
24,47,48,3.32247
24,47,62,4.35822
24,48,49,2.53448
24,48,63,3.60914
24,49,50,3.43606
24,49,64,4.00626
24,50,51,4.59032
24,50,65,2.88644
24,51,52,4.39713
24,51,66,4.00626
24,52,53,3.44232
24,52,67,4.39713
24,53,54,4.39713
24,53,68,3.28356
24,54,55,4.00626
24,54,69,2.53448
24,55,56,3.80233
24,55,70,4.1932
24,56,57,3.67443
24,56,71,4.39713
24,57,58,3.08411
24,57,72,3.60914
24,58,59,4.19946
24,58,73,4.35822
24,59,74,3.09037
24,60,61,3.48123
24,60,75,3.08411
24,61,62,3.09037
24,61,76,4.19946
24,62,63,2.53448
24,62,77,3.08411
24,63,64,3.45037
24,63,78,3.28356
24,64,65,4.39713
24,64,79,4.1932
24,65,66,3.0452
24,65,80,2.93161
24,66,67,4.59032
24,66,81,3.80233
24,67,68,4.19946
24,67,82,3.2773
24,68,69,4.35822
24,68,83,3.45037
24,69,70,3.08411
24,69,84,3.80233
24,70,71,4.35196
24,70,85,4.23836
24,71,72,4.59032
24,71,86,4.35822
24,72,73,3.83319
24,72,87,2.92535
24,73,74,2.92535
24,73,88,2.92535
24,74,89,3.60914
24,75,76,2.88644
24,75,90,4.19946
24,76,77,4.00626
24,76,91,4.39713
24,77,78,3.96109
24,77,92,4.35822
24,78,79,3.09037
24,78,93,3.80233
24,79,80,4.19946
24,79,94,4.00626
24,80,81,4.39713
24,80,95,3.96109
24,81,82,4.0
24,81,96,4.19946
24,82,83,4.23836
24,82,97,3.08411
24,83,84,3.45037
24,83,98,3.28356
24,84,85,4.0
24,84,99,3.83319
24,85,86,3.44232
24,85,100,3.2773
24,86,87,4.74908
24,86,101,3.48123
24,87,88,4.59032
24,87,102,3.2773
24,88,89,2.93161
24,88,103,3.2773
24,89,104,2.92535
24,90,91,3.8475
24,90,105,4.23836
24,91,92,3.96109
24,91,106,2.69324
24,92,93,4.35822
24,92,107,4.39713
24,93,94,4.35822
24,93,108,3.8475
24,94,95,3.60914
24,94,109,3.96109
24,95,96,3.45037
24,95,110,4.00626
24,96,97,3.96109
24,96,111,2.69324
24,97,98,3.43606
24,97,112,3.48123
24,98,99,2.92535
24,98,113,4.35822
24,99,100,2.92535
24,99,114,3.2773
24,100,101,3.80233
24,100,115,2.69324
24,101,102,3.28356
24,101,116,3.09037
24,102,103,3.80233
24,102,117,4.35822
24,103,104,3.45037
24,103,118,2.88644
24,104,119,3.43606
24,105,106,3.8475
24,105,120,3.80233
24,106,107,4.19946
24,106,121,3.8475
24,107,108,3.96109
24,107,122,3.60914
24,108,109,4.00626
24,108,123,4.00626
24,109,110,3.80233
24,109,124,4.0
24,110,111,3.28356
24,110,125,3.45037
24,111,112,4.19946
24,111,126,3.67443
24,112,113,3.48123
24,112,127,3.60914
24,113,114,3.83319
24,113,128,3.28356
24,114,115,2.69324
24,114,129,3.09037
24,115,116,2.92535
24,115,130,3.84124
24,116,117,4.1932
24,116,131,3.80233
24,117,118,4.0
24,117,132,4.00626
24,118,119,3.60914
24,118,133,3.84124
24,119,134,2.53448
24,120,121,3.43606
24,120,135,3.0452
24,121,122,4.35196
24,121,136,4.00626
24,122,123,2.88644
24,122,137,4.23836
24,123,124,3.44232
24,123,138,3.32247
24,124,125,4.74908
24,124,139,4.59032
24,125,126,3.84124
24,125,140,3.09037
24,126,127,3.08411
24,126,141,3.96109
24,127,128,3.45037
24,127,142,3.84124
24,128,129,4.23836
24,128,143,3.32247
24,129,130,4.1932
24,129,144,4.74908
24,130,131,3.08411
24,130,145,3.8475
24,131,132,3.44232
24,131,146,4.19946
24,132,133,2.69324
24,132,147,3.08411
24,133,134,3.84124
24,133,148,4.35822
24,134,149,3.8475
24,135,136,3.83319
24,135,150,3.60914
24,136,137,3.0452
24,136,151,3.44232
24,137,138,3.48123
24,137,152,4.39713
24,138,139,3.48123
24,138,153,4.35196
24,139,140,3.48123
24,139,154,4.35822
24,140,141,4.59032
24,140,155,2.93161
24,141,142,4.39713
24,141,156,3.2773
24,142,143,4.59032
24,142,157,3.08411
24,143,144,4.59032
24,143,158,4.35822
24,144,145,2.69324
24,144,159,4.23836
24,145,146,4.74908
24,145,160,3.83319
24,146,147,4.0
24,146,161,3.43606
24,147,148,3.45037
24,147,162,4.19946
24,148,149,3.08411
24,148,163,3.32247
24,149,164,3.09037
24,150,151,3.60914
24,150,165,4.35196
24,151,152,4.35822
24,151,166,3.83319
24,152,153,2.92535
24,152,167,2.53448
24,153,154,4.1932
24,153,168,2.93161
24,154,155,4.39713
24,154,169,4.39713
24,155,156,3.83319
24,155,170,3.43606
24,156,157,2.53448
24,156,171,3.45037
24,157,158,3.45037
24,157,172,2.69324
24,158,159,3.96109
24,158,173,3.67443
24,159,160,4.19946
24,159,174,3.80233
24,160,161,3.44232
24,160,175,3.43606
24,161,162,4.35822
24,161,176,4.39713
24,162,163,4.1932
24,162,177,3.60914
24,163,164,2.93161
24,163,178,4.35196
24,164,179,4.0
24,165,166,4.35196
24,165,180,2.69324
24,166,167,4.74908
24,166,181,3.44232
24,167,168,2.53448
24,167,182,3.43606
24,168,169,3.2773
24,168,183,4.74908
24,169,170,4.74908
24,169,184,3.48123
24,170,171,3.32247
24,170,185,3.32247
24,171,172,2.92535
24,171,186,4.00626
24,172,173,2.69324
24,172,187,4.35196
24,173,174,3.96109
24,173,188,4.35822
24,174,175,3.43606
24,174,189,3.80233
24,175,176,4.19946
24,175,190,3.45037
24,176,177,2.92535
24,176,191,4.0
24,177,178,4.19946
24,177,192,4.35196
24,178,179,3.32247
24,178,193,3.08411
24,179,194,4.23836
24,180,181,3.48123
24,180,195,3.44232
24,181,182,4.35196
24,181,196,4.23836
24,182,183,3.60914
24,182,197,3.67443
24,183,184,3.83319
24,183,198,3.48123
24,184,185,3.67443
24,184,199,3.09037
24,185,186,3.09037
24,185,200,3.09037
24,186,187,2.92535
24,186,201,4.0
24,187,188,3.32247
24,187,202,4.74908
24,188,189,3.08411
24,188,203,3.8475
24,189,190,4.35196
24,189,204,4.0
24,190,191,3.84124
24,190,205,3.8475
24,191,192,3.2773
24,191,206,2.53448
24,192,193,3.96109
24,192,207,4.1932
24,193,194,3.8475
24,193,208,4.19946
24,194,209,3.83319
24,195,196,2.93161
24,195,210,3.0452
24,196,197,2.93161
24,196,211,2.92535
24,197,198,3.80233
24,197,212,4.74908
24,198,199,4.19946
24,198,213,2.69324
24,199,200,2.92535
24,199,214,4.74908
24,200,201,3.8475
24,200,215,3.44232
24,201,202,4.00626
24,201,216,4.35196
24,202,203,3.67443
24,202,217,3.83319
24,203,204,3.48123
24,203,218,3.28356
24,204,205,4.00626
24,204,219,4.74908
24,205,206,4.74908
24,205,220,3.80233
24,206,207,4.35196
24,206,221,2.88644
24,207,208,2.69324
24,207,222,2.88644
24,208,209,4.19946
24,208,223,4.35196
24,209,224,2.53448
24,210,211,2.93161
24,211,212,3.09037
24,212,213,2.93161
24,213,214,3.28356
24,214,215,3.0452
24,215,216,2.88644
24,216,217,3.84124
24,217,218,2.92535
24,218,219,3.08411
24,219,220,3.84124
24,220,221,3.45037
24,221,222,3.09037
24,222,223,3.67443
24,223,224,4.35196
25,0,1,3.89088
25,0,15,3.33231
25,1,2,4.46287
25,1,16,3.89088
25,2,3,4.0
25,2,17,4.17173
25,3,4,5.37205
25,3,18,3.79518
25,4,5,5.37205
25,4,19,4.0
25,5,6,5.0912
25,5,20,4.53263
25,6,7,4.18515
25,6,21,3.61316
25,7,8,5.38547
25,7,22,5.38547
25,8,9,3.61316
25,8,23,4.17173
25,9,10,4.28085
25,9,24,5.66319
25,10,11,5.0912
25,10,25,3.33231
25,11,12,4.9226
25,11,26,3.44143
25,12,13,5.10462
25,12,27,5.83492
25,13,14,4.0
25,13,28,4.9955
25,14,29,3.89088
25,15,16,4.46287
25,15,30,5.20032
25,16,17,5.37205
25,16,31,5.20032
25,17,18,5.10462
25,17,32,3.61316
25,18,19,5.66319
25,18,33,3.89088
25,19,20,4.9955
25,19,34,5.48117
25,20,21,3.33231
25,20,35,4.07603
25,21,22,4.53263
25,21,36,5.66319
25,22,23,4.17173
25,22,37,3.79518
25,23,24,5.66319
25,23,38,3.61316
25,24,25,5.37205
25,24,39,4.28085
25,25,26,5.55407
25,25,40,3.72228
25,26,27,3.79518
25,26,41,3.61316
25,27,28,4.81348
25,27,42,5.37205
25,28,29,4.9226
25,28,43,4.81348
25,29,44,4.81348
25,30,31,3.33231
25,30,45,5.20032
25,31,32,3.79518
25,31,46,4.9226
25,32,33,3.72228
25,32,47,5.20032
25,33,34,4.6346
25,33,48,5.37205
25,34,35,5.37205
25,34,49,4.74372
25,35,36,3.44143
25,35,50,3.72228
25,36,37,5.94404
25,36,51,5.20032
25,37,38,5.38547
25,37,52,4.53263
25,38,39,5.10462
25,38,53,3.79518
25,39,40,3.61316
25,39,54,4.74372
25,40,41,4.9226
25,40,55,4.9955
25,41,42,4.35375
25,41,56,5.83492
25,42,43,4.9955
25,42,57,5.94404
25,43,44,3.44143
25,43,58,3.79518
25,44,59,4.6346
25,45,46,4.6346
25,45,60,4.64175
25,46,47,5.48117
25,46,61,4.64175
25,47,48,5.10462
25,47,62,4.6346
25,48,49,4.9226
25,48,63,4.28085
25,49,50,3.33231
25,49,64,4.74372
25,50,51,5.55407
25,50,65,4.81348
25,51,52,4.46287
25,51,66,4.74372
25,52,53,4.07603
25,52,67,4.46287
25,53,54,4.46287
25,53,68,5.27635
25,54,55,4.74372
25,54,69,4.9226
25,55,56,5.37205
25,55,70,5.0912
25,56,57,4.9955
25,56,71,4.46287
25,57,58,3.44143
25,57,72,4.28085
25,58,59,5.83492
25,58,73,4.6346
25,59,74,4.18515
25,60,61,3.9043
25,60,75,3.44143
25,61,62,4.18515
25,61,76,5.83492
25,62,63,4.9226
25,62,77,3.44143
25,63,64,5.48117
25,63,78,5.27635
25,64,65,4.46287
25,64,79,5.0912
25,65,66,3.61316
25,65,80,5.38547
25,66,67,5.55407
25,66,81,5.37205
25,67,68,5.83492
25,67,82,4.53263
25,68,69,4.6346
25,68,83,5.48117
25,69,70,3.44143
25,69,84,5.37205
25,70,71,3.89088
25,70,85,5.66319
25,71,72,5.55407
25,71,86,4.6346
25,72,73,3.79518
25,72,87,4.64175
25,73,74,4.64175
25,73,88,4.64175
25,74,89,4.28085
25,75,76,4.81348
25,75,90,5.83492
25,76,77,4.74372
25,76,91,4.46287
25,77,78,4.17173
25,77,92,4.6346
25,78,79,4.18515
25,78,93,5.37205
25,79,80,5.83492
25,79,94,4.74372
25,80,81,4.46287
25,80,95,4.17173
25,81,82,4.0
25,81,96,5.83492
25,82,83,5.66319
25,82,97,3.44143
25,83,84,5.48117
25,83,98,5.27635
25,84,85,4.0
25,84,99,3.79518
25,85,86,4.07603
25,85,100,4.53263
25,86,87,4.35375
25,86,101,3.9043
25,87,88,5.55407
25,87,102,4.53263
25,88,89,5.38547
25,88,103,4.53263
25,89,104,4.64175
25,90,91,5.94404
25,90,105,5.66319
25,91,92,4.17173
25,91,106,3.72228
25,92,93,4.6346
25,92,107,4.46287
25,93,94,4.6346
25,93,108,5.94404
25,94,95,4.28085
25,94,109,4.17173
25,95,96,5.48117
25,95,110,4.74372
25,96,97,4.17173
25,96,111,3.72228
25,97,98,3.33231
25,97,112,3.9043
25,98,99,4.64175
25,98,113,4.6346
25,99,100,4.64175
25,99,114,4.53263
25,100,101,5.37205
25,100,115,3.72228
25,101,102,5.27635
25,101,116,4.18515
25,102,103,5.37205
25,102,117,4.6346
25,103,104,5.48117
25,103,118,4.81348
25,104,119,3.33231
25,105,106,5.94404
25,105,120,5.37205
25,106,107,5.83492
25,106,121,5.94404
25,107,108,4.17173
25,107,122,4.28085
25,108,109,4.74372
25,108,123,4.74372
25,109,110,5.37205
25,109,124,4.0
25,110,111,5.27635
25,110,125,5.48117
25,111,112,5.83492
25,111,126,4.9955
25,112,113,3.9043
25,112,127,4.28085
25,113,114,3.79518
25,113,128,5.27635
25,114,115,3.72228
25,114,129,4.18515
25,115,116,4.64175
25,115,130,5.20032
25,116,117,5.0912
25,116,131,5.37205
25,117,118,4.0
25,117,132,4.74372
25,118,119,4.28085
25,118,133,5.20032
25,119,134,4.9226
25,120,121,3.33231
25,120,135,3.61316
25,121,122,3.89088
25,121,136,4.74372
25,122,123,4.81348
25,122,137,5.66319
25,123,124,4.07603
25,123,138,5.10462
25,124,125,4.35375
25,124,139,5.55407
25,125,126,5.20032
25,125,140,4.18515
25,126,127,3.44143
25,126,141,4.17173
25,127,128,5.48117
25,127,142,5.20032
25,128,129,5.66319
25,128,143,5.10462
25,129,130,5.0912
25,129,144,4.35375
25,130,131,3.44143
25,130,145,5.94404
25,131,132,4.07603
25,131,146,5.83492
25,132,133,3.72228
25,132,147,3.44143
25,133,134,5.20032
25,133,148,4.6346
25,134,149,5.94404
25,135,136,3.79518
25,135,150,4.28085
25,136,137,3.61316
25,136,151,4.07603
25,137,138,3.9043
25,137,152,4.46287
25,138,139,3.9043
25,138,153,3.89088
25,139,140,3.9043
25,139,154,4.6346
25,140,141,5.55407
25,140,155,5.38547
25,141,142,4.46287
25,141,156,4.53263
25,142,143,5.55407
25,142,157,3.44143
25,143,144,5.55407
25,143,158,4.6346
25,144,145,3.72228
25,144,159,5.66319
25,145,146,4.35375
25,145,160,3.79518
25,146,147,4.0
25,146,161,3.33231
25,147,148,5.48117
25,147,162,5.83492
25,148,149,3.44143
25,148,163,5.10462
25,149,164,4.18515
25,150,151,4.28085
25,150,165,3.89088
25,151,152,4.6346
25,151,166,3.79518
25,152,153,4.64175
25,152,167,4.9226
25,153,154,5.0912
25,153,168,5.38547
25,154,155,4.46287
25,154,169,4.46287
25,155,156,3.79518
25,155,170,3.33231
25,156,157,4.9226
25,156,171,5.48117
25,157,158,5.48117
25,157,172,3.72228
25,158,159,4.17173
25,158,173,4.9955
25,159,160,5.83492
25,159,174,5.37205
25,160,161,4.07603
25,160,175,3.33231
25,161,162,4.6346
25,161,176,4.46287
25,162,163,5.0912
25,162,177,4.28085
25,163,164,5.38547
25,163,178,3.89088
25,164,179,4.0
25,165,166,3.89088
25,165,180,3.72228
25,166,167,4.35375
25,166,181,4.07603
25,167,168,4.9226
25,167,182,3.33231
25,168,169,4.53263
25,168,183,4.35375
25,169,170,4.35375
25,169,184,3.9043
25,170,171,5.10462
25,170,185,5.10462
25,171,172,4.64175
25,171,186,4.74372
25,172,173,3.72228
25,172,187,3.89088
25,173,174,4.17173
25,173,188,4.6346
25,174,175,3.33231
25,174,189,5.37205
25,175,176,5.83492
25,175,190,5.48117
25,176,177,4.64175
25,176,191,4.0
25,177,178,5.83492
25,177,192,3.89088
25,178,179,5.10462
25,178,193,3.44143
25,179,194,5.66319
25,180,181,3.9043
25,180,195,4.07603
25,181,182,3.89088
25,181,196,5.66319
25,182,183,4.28085
25,182,197,4.9955
25,183,184,3.79518
25,183,198,3.9043
25,184,185,4.9955
25,184,199,4.18515
25,185,186,4.18515
25,185,200,4.18515
25,186,187,4.64175
25,186,201,4.0
25,187,188,5.10462
25,187,202,4.35375
25,188,189,3.44143
25,188,203,5.94404
25,189,190,3.89088
25,189,204,4.0
25,190,191,5.20032
25,190,205,5.94404
25,191,192,4.53263
25,191,206,4.9226
25,192,193,4.17173
25,192,207,5.0912
25,193,194,5.94404
25,193,208,5.83492
25,194,209,3.79518
25,195,196,5.38547
25,195,210,3.61316
25,196,197,5.38547
25,196,211,4.64175
25,197,198,5.37205
25,197,212,4.35375
25,198,199,5.83492
25,198,213,3.72228
25,199,200,4.64175
25,199,214,4.35375
25,200,201,5.94404
25,200,215,4.07603
25,201,202,4.74372
25,201,216,3.89088
25,202,203,4.9955
25,202,217,3.79518
25,203,204,3.9043
25,203,218,5.27635
25,204,205,4.74372
25,204,219,4.35375
25,205,206,4.35375
25,205,220,5.37205
25,206,207,3.89088
25,206,221,4.81348
25,207,208,3.72228
25,207,222,4.81348
25,208,209,5.83492
25,208,223,3.89088
25,209,224,4.9226
25,210,211,5.38547
25,211,212,4.18515
25,212,213,5.38547
25,213,214,5.27635
25,214,215,3.61316
25,215,216,4.81348
25,216,217,5.20032
25,217,218,4.64175
25,218,219,3.44143
25,219,220,5.20032
25,220,221,5.48117
25,221,222,4.18515
25,222,223,4.9955
25,223,224,3.89088
26,0,1,3.52506
26,0,15,3.0528
26,1,2,4.17933
26,1,16,3.52506
26,2,3,4.0
26,2,17,3.4629
26,3,4,2.90433
26,3,18,3.23213
26,4,5,2.90433
26,4,19,4.0
26,5,6,2.96649
26,5,20,2.49423
26,6,7,3.64491
26,6,21,2.99064
26,7,8,3.08634
26,7,22,3.08634
26,8,9,2.99064
26,8,23,3.4629
26,9,10,3.93784
26,9,24,3.62076
26,10,11,2.96649
26,10,25,3.0528
26,11,12,2.90701
26,11,26,3.52774
26,12,13,3.14851
26,12,27,3.08366
26,13,14,4.0
26,13,28,2.67356
26,14,29,3.52506
26,15,16,4.17933
26,15,30,3.44143
26,16,17,2.90433
26,16,31,3.44143
26,17,18,3.14851
26,17,32,2.99064
26,18,19,3.62076
26,18,33,3.52506
26,19,20,2.67356
26,19,34,3.37927
26,20,21,3.0528
26,20,35,3.16997
26,21,22,2.49423
26,21,36,3.62076
26,22,23,3.4629
26,22,37,3.23213
26,23,24,3.62076
26,23,38,2.99064
26,24,25,2.90433
26,24,39,3.93784
26,25,26,3.14582
26,25,40,3.46558
26,26,27,3.23213
26,26,41,2.99064
26,27,28,2.43207
26,27,42,2.90433
26,28,29,2.90701
26,28,43,2.43207
26,29,44,2.43207
26,30,31,3.0528
26,30,45,3.44143
26,31,32,3.23213
26,31,46,2.90701
26,32,33,3.46558
26,32,47,3.44143
26,33,34,3.64223
26,33,48,2.90433
26,34,35,2.90433
26,34,49,4.11717
26,35,36,3.52774
26,35,50,3.46558
26,36,37,3.5586
26,36,51,3.44143
26,37,38,3.08634
26,37,52,2.49423
26,38,39,3.14851
26,38,53,3.23213
26,39,40,2.99064
26,39,54,4.11717
26,40,41,2.90701
26,40,55,2.67356
26,41,42,3.70439
26,41,56,3.08366
26,42,43,2.67356
26,42,57,3.5586
26,43,44,3.52774
26,43,58,3.23213
26,44,59,3.64223
26,45,46,3.64223
26,45,60,2.96917
26,46,47,3.37927
26,46,61,2.96917
26,47,48,3.14851
26,47,62,3.64223
26,48,49,2.90701
26,48,63,3.93784
26,49,50,3.0528
26,49,64,4.11717
26,50,51,3.14582
26,50,65,2.43207
26,51,52,4.17933
26,51,66,4.11717
26,52,53,3.16997
26,52,67,4.17933
26,53,54,4.17933
26,53,68,2.6114
26,54,55,4.11717
26,54,69,2.90701
26,55,56,2.90433
26,55,70,2.96649
26,56,57,2.67356
26,56,71,4.17933
26,57,58,3.52774
26,57,72,3.93784
26,58,59,3.08366
26,58,73,3.64223
26,59,74,3.64491
26,60,61,3.70708
26,60,75,3.52774
26,61,62,3.64491
26,61,76,3.08366
26,62,63,2.90701
26,62,77,3.52774
26,63,64,3.37927
26,63,78,2.6114
26,64,65,4.17933
26,64,79,2.96649
26,65,66,2.99064
26,65,80,3.08634
26,66,67,3.14582
26,66,81,2.90433
26,67,68,3.08366
26,67,82,2.49423
26,68,69,3.64223
26,68,83,3.37927
26,69,70,3.52774
26,69,84,2.90433
26,70,71,3.52506
26,70,85,3.62076
26,71,72,3.14582
26,71,86,3.64223
26,72,73,3.23213
26,72,87,2.96917
26,73,74,2.96917
26,73,88,2.96917
26,74,89,3.93784
26,75,76,2.43207
26,75,90,3.08366
26,76,77,4.11717
26,76,91,4.17933
26,77,78,3.4629
26,77,92,3.64223
26,78,79,3.64491
26,78,93,2.90433
26,79,80,3.08366
26,79,94,4.11717
26,80,81,4.17933
26,80,95,3.4629
26,81,82,4.0
26,81,96,3.08366
26,82,83,3.62076
26,82,97,3.52774
26,83,84,3.37927
26,83,98,2.6114
26,84,85,4.0
26,84,99,3.23213
26,85,86,3.16997
26,85,100,2.49423
26,86,87,3.70439
26,86,101,3.70708
26,87,88,3.14582
26,87,102,2.49423
26,88,89,3.08634
26,88,103,2.49423
26,89,104,2.96917
26,90,91,3.5586
26,90,105,3.62076
26,91,92,3.4629
26,91,106,3.46558
26,92,93,3.64223
26,92,107,4.17933
26,93,94,3.64223
26,93,108,3.5586
26,94,95,3.93784
26,94,109,3.4629
26,95,96,3.37927
26,95,110,4.11717
26,96,97,3.4629
26,96,111,3.46558
26,97,98,3.0528
26,97,112,3.70708
26,98,99,2.96917
26,98,113,3.64223
26,99,100,2.96917
26,99,114,2.49423
26,100,101,2.90433
26,100,115,3.46558
26,101,102,2.6114
26,101,116,3.64491
26,102,103,2.90433
26,102,117,3.64223
26,103,104,3.37927
26,103,118,2.43207
26,104,119,3.0528
26,105,106,3.5586
26,105,120,2.90433
26,106,107,3.08366
26,106,121,3.5586
26,107,108,3.4629
26,107,122,3.93784
26,108,109,4.11717
26,108,123,4.11717
26,109,110,2.90433
26,109,124,4.0
26,110,111,2.6114
26,110,125,3.37927
26,111,112,3.08366
26,111,126,2.67356
26,112,113,3.70708
26,112,127,3.93784
26,113,114,3.23213
26,113,128,2.6114
26,114,115,3.46558
26,114,129,3.64491
26,115,116,2.96917
26,115,130,3.44143
26,116,117,2.96649
26,116,131,2.90433
26,117,118,4.0
26,117,132,4.11717
26,118,119,3.93784
26,118,133,3.44143
26,119,134,2.90701
26,120,121,3.0528
26,120,135,2.99064
26,121,122,3.52506
26,121,136,4.11717
26,122,123,2.43207
26,122,137,3.62076
26,123,124,3.16997
26,123,138,3.14851
26,124,125,3.70439
26,124,139,3.14582
26,125,126,3.44143
26,125,140,3.64491
26,126,127,3.52774
26,126,141,3.4629
26,127,128,3.37927
26,127,142,3.44143
26,128,129,3.62076
26,128,143,3.14851
26,129,130,2.96649
26,129,144,3.70439
26,130,131,3.52774
26,130,145,3.5586
26,131,132,3.16997
26,131,146,3.08366
26,132,133,3.46558
26,132,147,3.52774
26,133,134,3.44143
26,133,148,3.64223
26,134,149,3.5586
26,135,136,3.23213
26,135,150,3.93784
26,136,137,2.99064
26,136,151,3.16997
26,137,138,3.70708
26,137,152,4.17933
26,138,139,3.70708
26,138,153,3.52506
26,139,140,3.70708
26,139,154,3.64223
26,140,141,3.14582
26,140,155,3.08634
26,141,142,4.17933
26,141,156,2.49423
26,142,143,3.14582
26,142,157,3.52774
26,143,144,3.14582
26,143,158,3.64223
26,144,145,3.46558
26,144,159,3.62076
26,145,146,3.70439
26,145,160,3.23213
26,146,147,4.0
26,146,161,3.0528
26,147,148,3.37927
26,147,162,3.08366
26,148,149,3.52774
26,148,163,3.14851
26,149,164,3.64491
26,150,151,3.93784
26,150,165,3.52506
26,151,152,3.64223
26,151,166,3.23213
26,152,153,2.96917
26,152,167,2.90701
26,153,154,2.96649
26,153,168,3.08634
26,154,155,4.17933
26,154,169,4.17933
26,155,156,3.23213
26,155,170,3.0528
26,156,157,2.90701
26,156,171,3.37927
26,157,158,3.37927
26,157,172,3.46558
26,158,159,3.4629
26,158,173,2.67356
26,159,160,3.08366
26,159,174,2.90433
26,160,161,3.16997
26,160,175,3.0528
26,161,162,3.64223
26,161,176,4.17933
26,162,163,2.96649
26,162,177,3.93784
26,163,164,3.08634
26,163,178,3.52506
26,164,179,4.0
26,165,166,3.52506
26,165,180,3.46558
26,166,167,3.70439
26,166,181,3.16997
26,167,168,2.90701
26,167,182,3.0528
26,168,169,2.49423
26,168,183,3.70439
26,169,170,3.70439
26,169,184,3.70708
26,170,171,3.14851
26,170,185,3.14851
26,171,172,2.96917
26,171,186,4.11717
26,172,173,3.46558
26,172,187,3.52506
26,173,174,3.4629
26,173,188,3.64223
26,174,175,3.0528
26,174,189,2.90433
26,175,176,3.08366
26,175,190,3.37927
26,176,177,2.96917
26,176,191,4.0
26,177,178,3.08366
26,177,192,3.52506
26,178,179,3.14851
26,178,193,3.52774
26,179,194,3.62076
26,180,181,3.70708
26,180,195,3.16997
26,181,182,3.52506
26,181,196,3.62076
26,182,183,3.93784
26,182,197,2.67356
26,183,184,3.23213
26,183,198,3.70708
26,184,185,2.67356
26,184,199,3.64491
26,185,186,3.64491
26,185,200,3.64491
26,186,187,2.96917
26,186,201,4.0
26,187,188,3.14851
26,187,202,3.70439
26,188,189,3.52774
26,188,203,3.5586
26,189,190,3.52506
26,189,204,4.0
26,190,191,3.44143
26,190,205,3.5586
26,191,192,2.49423
26,191,206,2.90701
26,192,193,3.4629
26,192,207,2.96649
26,193,194,3.5586
26,193,208,3.08366
26,194,209,3.23213
26,195,196,3.08634
26,195,210,2.99064
26,196,197,3.08634
26,196,211,2.96917
26,197,198,2.90433
26,197,212,3.70439
26,198,199,3.08366
26,198,213,3.46558
26,199,200,2.96917
26,199,214,3.70439
26,200,201,3.5586
26,200,215,3.16997
26,201,202,4.11717
26,201,216,3.52506
26,202,203,2.67356
26,202,217,3.23213
26,203,204,3.70708
26,203,218,2.6114
26,204,205,4.11717
26,204,219,3.70439
26,205,206,3.70439
26,205,220,2.90433
26,206,207,3.52506
26,206,221,2.43207
26,207,208,3.46558
26,207,222,2.43207
26,208,209,3.08366
26,208,223,3.52506
26,209,224,2.90701
26,210,211,3.08634
26,211,212,3.64491
26,212,213,3.08634
26,213,214,2.6114
26,214,215,2.99064
26,215,216,2.43207
26,216,217,3.44143
26,217,218,2.96917
26,218,219,3.52774
26,219,220,3.44143
26,220,221,3.37927
26,221,222,3.64491
26,222,223,2.67356
26,223,224,3.52506
27,0,1,4.21198
27,0,15,3.6315
27,1,2,4.01386
27,1,16,4.21198
27,2,3,4.0
27,2,17,4.13864
27,3,4,3.7679
27,3,18,3.64536
27,4,5,3.7679
27,4,19,4.0
27,5,6,3.84124
27,5,20,3.26076
27,6,7,3.36004
27,6,21,3.55815
27,7,8,2.9893
27,7,22,2.9893
27,8,9,3.55815
27,8,23,4.13864
27,9,10,3.92666
27,9,24,3.64312
27,10,11,3.84124
27,10,25,3.6315
27,11,12,2.97543
27,11,26,3.41952
27,12,13,3.06264
27,12,27,3.78176
27,13,14,4.0
27,13,28,3.27462
27,14,29,4.21198
27,15,16,4.01386
27,15,30,3.62926
27,16,17,3.7679
27,16,31,3.62926
27,17,18,3.06264
27,17,32,3.55815
27,18,19,3.64312
27,18,33,4.21198
27,19,20,3.27462
27,19,34,3.55592
27,20,21,3.6315
27,20,35,3.57202
27,21,22,3.26076
27,21,36,3.64312
27,22,23,4.13864
27,22,37,3.64536
27,23,24,3.64312
27,23,38,3.55815
27,24,25,3.7679
27,24,39,3.92666
27,25,26,3.8551
27,25,40,3.34617
27,26,27,3.64536
27,26,41,3.55815
27,27,28,3.18741
27,27,42,3.7679
27,28,29,2.97543
27,28,43,3.18741
27,29,44,3.18741
27,30,31,3.6315
27,30,45,3.62926
27,31,32,3.64536
27,31,46,2.97543
27,32,33,3.34617
27,32,47,3.62926
27,33,34,4.1525
27,33,48,3.7679
27,34,35,3.7679
27,34,49,3.94052
27,35,36,3.41952
27,35,50,3.34617
27,36,37,3.56978
27,36,51,3.62926
27,37,38,2.9893
27,37,52,3.26076
27,38,39,3.06264
27,38,53,3.64536
27,39,40,3.55815
27,39,54,3.94052
27,40,41,2.97543
27,40,55,3.27462
27,41,42,4.22584
27,41,56,3.78176
27,42,43,3.27462
27,42,57,3.56978
27,43,44,3.41952
27,43,58,3.64536
27,44,59,4.1525
27,45,46,4.1525
27,45,60,3.04878
27,46,47,3.55592
27,46,61,3.04878
27,47,48,3.06264
27,47,62,4.1525
27,48,49,2.97543
27,48,63,3.92666
27,49,50,3.6315
27,49,64,3.94052
27,50,51,3.8551
27,50,65,3.18741
27,51,52,4.01386
27,51,66,3.94052
27,52,53,3.57202
27,52,67,4.01386
27,53,54,4.01386
27,53,68,3.20128
27,54,55,3.94052
27,54,69,2.97543
27,55,56,3.7679
27,55,70,3.84124
27,56,57,3.27462
27,56,71,4.01386
27,57,58,3.41952
27,57,72,3.92666
27,58,59,3.78176
27,58,73,4.1525
27,59,74,3.36004
27,60,61,3.43338
27,60,75,3.41952
27,61,62,3.36004
27,61,76,3.78176
27,62,63,2.97543
27,62,77,3.41952
27,63,64,3.55592
27,63,78,3.20128
27,64,65,4.01386
27,64,79,3.84124
27,65,66,3.55815
27,65,80,2.9893
27,66,67,3.8551
27,66,81,3.7679
27,67,68,3.78176
27,67,82,3.26076
27,68,69,4.1525
27,68,83,3.55592
27,69,70,3.41952
27,69,84,3.7679
27,70,71,4.21198
27,70,85,3.64312
27,71,72,3.8551
27,71,86,4.1525
27,72,73,3.64536
27,72,87,3.04878
27,73,74,3.04878
27,73,88,3.04878
27,74,89,3.92666
27,75,76,3.18741
27,75,90,3.78176
27,76,77,3.94052
27,76,91,4.01386
27,77,78,4.13864
27,77,92,4.1525
27,78,79,3.36004
27,78,93,3.7679
27,79,80,3.78176
27,79,94,3.94052
27,80,81,4.01386
27,80,95,4.13864
27,81,82,4.0
27,81,96,3.78176
27,82,83,3.64312
27,82,97,3.41952
27,83,84,3.55592
27,83,98,3.20128
27,84,85,4.0
27,84,99,3.64536
27,85,86,3.57202
27,85,100,3.26076
27,86,87,4.22584
27,86,101,3.43338
27,87,88,3.8551
27,87,102,3.26076
27,88,89,2.9893
27,88,103,3.26076
27,89,104,3.04878
27,90,91,3.56978
27,90,105,3.64312
27,91,92,4.13864
27,91,106,3.34617
27,92,93,4.1525
27,92,107,4.01386
27,93,94,4.1525
27,93,108,3.56978
27,94,95,3.92666
27,94,109,4.13864
27,95,96,3.55592
27,95,110,3.94052
27,96,97,4.13864
27,96,111,3.34617
27,97,98,3.6315
27,97,112,3.43338
27,98,99,3.04878
27,98,113,4.1525
27,99,100,3.04878
27,99,114,3.26076
27,100,101,3.7679
27,100,115,3.34617
27,101,102,3.20128
27,101,116,3.36004
27,102,103,3.7679
27,102,117,4.1525
27,103,104,3.55592
27,103,118,3.18741
27,104,119,3.6315
27,105,106,3.56978
27,105,120,3.7679
27,106,107,3.78176
27,106,121,3.56978
27,107,108,4.13864
27,107,122,3.92666
27,108,109,3.94052
27,108,123,3.94052
27,109,110,3.7679
27,109,124,4.0
27,110,111,3.20128
27,110,125,3.55592
27,111,112,3.78176
27,111,126,3.27462
27,112,113,3.43338
27,112,127,3.92666
27,113,114,3.64536
27,113,128,3.20128
27,114,115,3.34617
27,114,129,3.36004
27,115,116,3.04878
27,115,130,3.62926
27,116,117,3.84124
27,116,131,3.7679
27,117,118,4.0
27,117,132,3.94052
27,118,119,3.92666
27,118,133,3.62926
27,119,134,2.97543
27,120,121,3.6315
27,120,135,3.55815
27,121,122,4.21198
27,121,136,3.94052
27,122,123,3.18741
27,122,137,3.64312
27,123,124,3.57202
27,123,138,3.06264
27,124,125,4.22584
27,124,139,3.8551
27,125,126,3.62926
27,125,140,3.36004
27,126,127,3.41952
27,126,141,4.13864
27,127,128,3.55592
27,127,142,3.62926
27,128,129,3.64312
27,128,143,3.06264
27,129,130,3.84124
27,129,144,4.22584
27,130,131,3.41952
27,130,145,3.56978
27,131,132,3.57202
27,131,146,3.78176
27,132,133,3.34617
27,132,147,3.41952
27,133,134,3.62926
27,133,148,4.1525
27,134,149,3.56978
27,135,136,3.64536
27,135,150,3.92666
27,136,137,3.55815
27,136,151,3.57202
27,137,138,3.43338
27,137,152,4.01386
27,138,139,3.43338
27,138,153,4.21198
27,139,140,3.43338
27,139,154,4.1525
27,140,141,3.8551
27,140,155,2.9893
27,141,142,4.01386
27,141,156,3.26076
27,142,143,3.8551
27,142,157,3.41952
27,143,144,3.8551
27,143,158,4.1525
27,144,145,3.34617
27,144,159,3.64312
27,145,146,4.22584
27,145,160,3.64536
27,146,147,4.0
27,146,161,3.6315
27,147,148,3.55592
27,147,162,3.78176
27,148,149,3.41952
27,148,163,3.06264
27,149,164,3.36004
27,150,151,3.92666
27,150,165,4.21198
27,151,152,4.1525
27,151,166,3.64536
27,152,153,3.04878
27,152,167,2.97543
27,153,154,3.84124
27,153,168,2.9893
27,154,155,4.01386
27,154,169,4.01386
27,155,156,3.64536
27,155,170,3.6315
27,156,157,2.97543
27,156,171,3.55592
27,157,158,3.55592
27,157,172,3.34617
27,158,159,4.13864
27,158,173,3.27462
27,159,160,3.78176
27,159,174,3.7679
27,160,161,3.57202
27,160,175,3.6315
27,161,162,4.1525
27,161,176,4.01386
27,162,163,3.84124
27,162,177,3.92666
27,163,164,2.9893
27,163,178,4.21198
27,164,179,4.0
27,165,166,4.21198
27,165,180,3.34617
27,166,167,4.22584
27,166,181,3.57202
27,167,168,2.97543
27,167,182,3.6315
27,168,169,3.26076
27,168,183,4.22584
27,169,170,4.22584
27,169,184,3.43338
27,170,171,3.06264
27,170,185,3.06264
27,171,172,3.04878
27,171,186,3.94052
27,172,173,3.34617
27,172,187,4.21198
27,173,174,4.13864
27,173,188,4.1525
27,174,175,3.6315
27,174,189,3.7679
27,175,176,3.78176
27,175,190,3.55592
27,176,177,3.04878
27,176,191,4.0
27,177,178,3.78176
27,177,192,4.21198
27,178,179,3.06264
27,178,193,3.41952
27,179,194,3.64312
27,180,181,3.43338
27,180,195,3.57202
27,181,182,4.21198
27,181,196,3.64312
27,182,183,3.92666
27,182,197,3.27462
27,183,184,3.64536
27,183,198,3.43338
27,184,185,3.27462
27,184,199,3.36004
27,185,186,3.36004
27,185,200,3.36004
27,186,187,3.04878
27,186,201,4.0
27,187,188,3.06264
27,187,202,4.22584
27,188,189,3.41952
27,188,203,3.56978
27,189,190,4.21198
27,189,204,4.0
27,190,191,3.62926
27,190,205,3.56978
27,191,192,3.26076
27,191,206,2.97543
27,192,193,4.13864
27,192,207,3.84124
27,193,194,3.56978
27,193,208,3.78176
27,194,209,3.64536
27,195,196,2.9893
27,195,210,3.55815
27,196,197,2.9893
27,196,211,3.04878
27,197,198,3.7679
27,197,212,4.22584
27,198,199,3.78176
27,198,213,3.34617
27,199,200,3.04878
27,199,214,4.22584
27,200,201,3.56978
27,200,215,3.57202
27,201,202,3.94052
27,201,216,4.21198
27,202,203,3.27462
27,202,217,3.64536
27,203,204,3.43338
27,203,218,3.20128
27,204,205,3.94052
27,204,219,4.22584
27,205,206,4.22584
27,205,220,3.7679
27,206,207,4.21198
27,206,221,3.18741
27,207,208,3.34617
27,207,222,3.18741
27,208,209,3.78176
27,208,223,4.21198
27,209,224,2.97543
27,210,211,2.9893
27,211,212,3.36004
27,212,213,2.9893
27,213,214,3.20128
27,214,215,3.55815
27,215,216,3.18741
27,216,217,3.62926
27,217,218,3.04878
27,218,219,3.41952
27,219,220,3.62926
27,220,221,3.55592
27,221,222,3.36004
27,222,223,3.27462
27,223,224,4.21198
28,0,1,4.01565
28,0,15,4.11583
28,1,2,4.54828
28,1,16,4.01565
28,2,3,4.0
28,2,17,3.61987
28,3,4,3.91727
28,3,18,4.66411
28,4,5,3.91727
28,4,19,4.0
28,5,6,4.31305
28,5,20,4.41323
28,6,7,4.25268
28,6,21,3.72004
28,7,8,4.55007
28,7,22,4.55007
28,8,9,3.72004
28,8,23,3.61987
28,9,10,3.60422
28,9,24,4.84568
28,10,11,4.31305
28,10,25,4.11583
28,11,12,4.00179
28,11,26,4.10018
28,12,13,4.94586
28,12,27,4.46555
28,13,14,4.0
28,13,28,4.96151
28,14,29,4.01565
28,15,16,4.54828
28,15,30,4.2974
28,16,17,3.91727
28,16,31,4.2974
28,17,18,4.94586
28,17,32,3.72004
28,18,19,4.84568
28,18,33,4.01565
28,19,20,4.96151
28,19,34,3.90161
28,20,21,4.11583
28,20,35,4.26833
28,21,22,4.41323
28,21,36,4.84568
28,22,23,3.61987
28,22,37,4.66411
28,23,24,4.84568
28,23,38,3.72004
28,24,25,3.91727
28,24,39,3.60422
28,25,26,4.86133
28,25,40,3.70439
28,26,27,4.66411
28,26,41,3.72004
28,27,28,4.01744
28,27,42,3.91727
28,28,29,4.00179
28,28,43,4.01744
28,29,44,4.01744
28,30,31,4.11583
28,30,45,4.2974
28,31,32,4.66411
28,31,46,4.00179
28,32,33,3.70439
28,32,47,4.2974
28,33,34,4.16815
28,33,48,3.91727
28,34,35,3.91727
28,34,49,4.1525
28,35,36,4.10018
28,35,50,3.70439
28,36,37,4.4499
28,36,51,4.2974
28,37,38,4.55007
28,37,52,4.41323
28,38,39,4.94586
28,38,53,4.66411
28,39,40,3.72004
28,39,54,4.1525
28,40,41,4.00179
28,40,55,4.96151
28,41,42,4.56394
28,41,56,4.46555
28,42,43,4.96151
28,42,57,4.4499
28,43,44,4.10018
28,43,58,4.66411
28,44,59,4.16815
28,45,46,4.16815
28,45,60,4.39757
28,46,47,3.90161
28,46,61,4.39757
28,47,48,4.94586
28,47,62,4.16815
28,48,49,4.00179
28,48,63,3.60422
28,49,50,4.11583
28,49,64,4.1525
28,50,51,4.86133
28,50,65,4.01744
28,51,52,4.54828
28,51,66,4.1525
28,52,53,4.26833
28,52,67,4.54828
28,53,54,4.54828
28,53,68,4.56573
28,54,55,4.1525
28,54,69,4.00179
28,55,56,3.91727
28,55,70,4.31305
28,56,57,4.96151
28,56,71,4.54828
28,57,58,4.10018
28,57,72,3.60422
28,58,59,4.46555
28,58,73,4.16815
28,59,74,4.25268
28,60,61,4.64846
28,60,75,4.10018
28,61,62,4.25268
28,61,76,4.46555
28,62,63,4.00179
28,62,77,4.10018
28,63,64,3.90161
28,63,78,4.56573
28,64,65,4.54828
28,64,79,4.31305
28,65,66,3.72004
28,65,80,4.55007
28,66,67,4.86133
28,66,81,3.91727
28,67,68,4.46555
28,67,82,4.41323
28,68,69,4.16815
28,68,83,3.90161
28,69,70,4.10018
28,69,84,3.91727
28,70,71,4.01565
28,70,85,4.84568
28,71,72,4.86133
28,71,86,4.16815
28,72,73,4.66411
28,72,87,4.39757
28,73,74,4.39757
28,73,88,4.39757
28,74,89,3.60422
28,75,76,4.01744
28,75,90,4.46555
28,76,77,4.1525
28,76,91,4.54828
28,77,78,3.61987
28,77,92,4.16815
28,78,79,4.25268
28,78,93,3.91727
28,79,80,4.46555
28,79,94,4.1525
28,80,81,4.54828
28,80,95,3.61987
28,81,82,4.0
28,81,96,4.46555
28,82,83,4.84568
28,82,97,4.10018
28,83,84,3.90161
28,83,98,4.56573
28,84,85,4.0
28,84,99,4.66411
28,85,86,4.26833
28,85,100,4.41323
28,86,87,4.56394
28,86,101,4.64846
28,87,88,4.86133
28,87,102,4.41323
28,88,89,4.55007
28,88,103,4.41323
28,89,104,4.39757
28,90,91,4.4499
28,90,105,4.84568
28,91,92,3.61987
28,91,106,3.70439
28,92,93,4.16815
28,92,107,4.54828
28,93,94,4.16815
28,93,108,4.4499
28,94,95,3.60422
28,94,109,3.61987
28,95,96,3.90161
28,95,110,4.1525
28,96,97,3.61987
28,96,111,3.70439
28,97,98,4.11583
28,97,112,4.64846
28,98,99,4.39757
28,98,113,4.16815
28,99,100,4.39757
28,99,114,4.41323
28,100,101,3.91727
28,100,115,3.70439
28,101,102,4.56573
28,101,116,4.25268
28,102,103,3.91727
28,102,117,4.16815
28,103,104,3.90161
28,103,118,4.01744
28,104,119,4.11583
28,105,106,4.4499
28,105,120,3.91727
28,106,107,4.46555
28,106,121,4.4499
28,107,108,3.61987
28,107,122,3.60422
28,108,109,4.1525
28,108,123,4.1525
28,109,110,3.91727
28,109,124,4.0
28,110,111,4.56573
28,110,125,3.90161
28,111,112,4.46555
28,111,126,4.96151
28,112,113,4.64846
28,112,127,3.60422
28,113,114,4.66411
28,113,128,4.56573
28,114,115,3.70439
28,114,129,4.25268
28,115,116,4.39757
28,115,130,4.2974
28,116,117,4.31305
28,116,131,3.91727
28,117,118,4.0
28,117,132,4.1525
28,118,119,3.60422
28,118,133,4.2974
28,119,134,4.00179
28,120,121,4.11583
28,120,135,3.72004
28,121,122,4.01565
28,121,136,4.1525
28,122,123,4.01744
28,122,137,4.84568
28,123,124,4.26833
28,123,138,4.94586
28,124,125,4.56394
28,124,139,4.86133
28,125,126,4.2974
28,125,140,4.25268
28,126,127,4.10018
28,126,141,3.61987
28,127,128,3.90161
28,127,142,4.2974
28,128,129,4.84568
28,128,143,4.94586
28,129,130,4.31305
28,129,144,4.56394
28,130,131,4.10018
28,130,145,4.4499
28,131,132,4.26833
28,131,146,4.46555
28,132,133,3.70439
28,132,147,4.10018
28,133,134,4.2974
28,133,148,4.16815
28,134,149,4.4499
28,135,136,4.66411
28,135,150,3.60422
28,136,137,3.72004
28,136,151,4.26833
28,137,138,4.64846
28,137,152,4.54828
28,138,139,4.64846
28,138,153,4.01565
28,139,140,4.64846
28,139,154,4.16815
28,140,141,4.86133
28,140,155,4.55007
28,141,142,4.54828
28,141,156,4.41323
28,142,143,4.86133
28,142,157,4.10018
28,143,144,4.86133
28,143,158,4.16815
28,144,145,3.70439
28,144,159,4.84568
28,145,146,4.56394
28,145,160,4.66411
28,146,147,4.0
28,146,161,4.11583
28,147,148,3.90161
28,147,162,4.46555
28,148,149,4.10018
28,148,163,4.94586
28,149,164,4.25268
28,150,151,3.60422
28,150,165,4.01565
28,151,152,4.16815
28,151,166,4.66411
28,152,153,4.39757
28,152,167,4.00179
28,153,154,4.31305
28,153,168,4.55007
28,154,155,4.54828
28,154,169,4.54828
28,155,156,4.66411
28,155,170,4.11583
28,156,157,4.00179
28,156,171,3.90161
28,157,158,3.90161
28,157,172,3.70439
28,158,159,3.61987
28,158,173,4.96151
28,159,160,4.46555
28,159,174,3.91727
28,160,161,4.26833
28,160,175,4.11583
28,161,162,4.16815
28,161,176,4.54828
28,162,163,4.31305
28,162,177,3.60422
28,163,164,4.55007
28,163,178,4.01565
28,164,179,4.0
28,165,166,4.01565
28,165,180,3.70439
28,166,167,4.56394
28,166,181,4.26833
28,167,168,4.00179
28,167,182,4.11583
28,168,169,4.41323
28,168,183,4.56394
28,169,170,4.56394
28,169,184,4.64846
28,170,171,4.94586
28,170,185,4.94586
28,171,172,4.39757
28,171,186,4.1525
28,172,173,3.70439
28,172,187,4.01565
28,173,174,3.61987
28,173,188,4.16815
28,174,175,4.11583
28,174,189,3.91727
28,175,176,4.46555
28,175,190,3.90161
28,176,177,4.39757
28,176,191,4.0
28,177,178,4.46555
28,177,192,4.01565
28,178,179,4.94586
28,178,193,4.10018
28,179,194,4.84568
28,180,181,4.64846
28,180,195,4.26833
28,181,182,4.01565
28,181,196,4.84568
28,182,183,3.60422
28,182,197,4.96151
28,183,184,4.66411
28,183,198,4.64846
28,184,185,4.96151
28,184,199,4.25268
28,185,186,4.25268
28,185,200,4.25268
28,186,187,4.39757
28,186,201,4.0
28,187,188,4.94586
28,187,202,4.56394
28,188,189,4.10018
28,188,203,4.4499
28,189,190,4.01565
28,189,204,4.0
28,190,191,4.2974
28,190,205,4.4499
28,191,192,4.41323
28,191,206,4.00179
28,192,193,3.61987
28,192,207,4.31305
28,193,194,4.4499
28,193,208,4.46555
28,194,209,4.66411
28,195,196,4.55007
28,195,210,3.72004
28,196,197,4.55007
28,196,211,4.39757
28,197,198,3.91727
28,197,212,4.56394
28,198,199,4.46555
28,198,213,3.70439
28,199,200,4.39757
28,199,214,4.56394
28,200,201,4.4499
28,200,215,4.26833
28,201,202,4.1525
28,201,216,4.01565
28,202,203,4.96151
28,202,217,4.66411
28,203,204,4.64846
28,203,218,4.56573
28,204,205,4.1525
28,204,219,4.56394
28,205,206,4.56394
28,205,220,3.91727
28,206,207,4.01565
28,206,221,4.01744
28,207,208,3.70439
28,207,222,4.01744
28,208,209,4.46555
28,208,223,4.01565
28,209,224,4.00179
28,210,211,4.55007
28,211,212,4.25268
28,212,213,4.55007
28,213,214,4.56573
28,214,215,3.72004
28,215,216,4.01744
28,216,217,4.2974
28,217,218,4.39757
28,218,219,4.10018
28,219,220,4.2974
28,220,221,3.90161
28,221,222,4.25268
28,222,223,4.96151
28,223,224,4.01565
29,0,1,4.12611
29,0,15,4.43514
29,1,2,4.4651
29,1,16,4.12611
29,2,3,4.0
29,2,17,4.25446
29,3,4,4.31618
29,3,18,4.90024
29,4,5,4.31618
29,4,19,4.0
29,5,6,4.18783
29,5,20,4.49685
29,6,7,4.90248
29,6,21,4.56349
29,7,8,4.96419
29,7,22,4.96419
29,8,9,4.56349
29,8,23,4.25446
29,9,10,4.12835
29,9,24,4.52682
29,10,11,4.18783
29,10,25,4.43514
29,11,12,4.49909
29,11,26,4.30902
29,12,13,4.83584
29,12,27,4.78128
29,13,14,4.0
29,13,28,4.96196
29,14,29,4.12611
29,15,16,4.4651
29,15,30,4.06172
29,16,17,4.31618
29,16,31,4.06172
29,17,18,4.83584
29,17,32,4.56349
29,18,19,4.52682
29,18,33,4.12611
29,19,20,4.96196
29,19,34,4.19007
29,20,21,4.43514
29,20,35,5.02859
29,21,22,4.49685
29,21,36,4.52682
29,22,23,4.25446
29,22,37,4.90024
29,23,24,4.52682
29,23,38,4.56349
29,24,25,4.31618
29,24,39,4.12835
29,25,26,4.65293
29,25,40,4.43737
29,26,27,4.90024
29,26,41,4.56349
29,27,28,4.6252
29,27,42,4.31618
29,28,29,4.49909
29,28,43,4.6252
29,29,44,4.6252
29,30,31,4.43514
29,30,45,4.06172
29,31,32,4.90024
29,31,46,4.49909
29,32,33,4.43737
29,32,47,4.06172
29,33,34,4.71957
29,33,48,4.31618
29,34,35,4.31618
29,34,49,4.59345
29,35,36,4.30902
29,35,50,4.43737
29,36,37,4.65517
29,36,51,4.06172
29,37,38,4.96419
29,37,52,4.49685
29,38,39,4.83584
29,38,53,4.90024
29,39,40,4.56349
29,39,54,4.59345
29,40,41,4.49909
29,40,55,4.96196
29,41,42,4.59122
29,41,56,4.78128
29,42,43,4.96196
29,42,57,4.65517
29,43,44,4.30902
29,43,58,4.90024
29,44,59,4.71957
29,45,46,4.71957
29,45,60,4.37074
29,46,47,4.19007
29,46,61,4.37074
29,47,48,4.83584
29,47,62,4.71957
29,48,49,4.49909
29,48,63,4.12835
29,49,50,4.43514
29,49,64,4.59345
29,50,51,4.65293
29,50,65,4.6252
29,51,52,4.4651
29,51,66,4.59345
29,52,53,5.02859
29,52,67,4.4651
29,53,54,4.4651
29,53,68,5.09031
29,54,55,4.59345
29,54,69,4.49909
29,55,56,4.31618
29,55,70,4.18783
29,56,57,4.96196
29,56,71,4.4651
29,57,58,4.30902
29,57,72,4.12835
29,58,59,4.78128
29,58,73,4.71957
29,59,74,4.90248
29,60,61,4.77413
29,60,75,4.30902
29,61,62,4.90248
29,61,76,4.78128
29,62,63,4.49909
29,62,77,4.30902
29,63,64,4.19007
29,63,78,5.09031
29,64,65,4.4651
29,64,79,4.18783
29,65,66,4.56349
29,65,80,4.96419
29,66,67,4.65293
29,66,81,4.31618
29,67,68,4.78128
29,67,82,4.49685
29,68,69,4.71957
29,68,83,4.19007
29,69,70,4.30902
29,69,84,4.31618
29,70,71,4.12611
29,70,85,4.52682
29,71,72,4.65293
29,71,86,4.71957
29,72,73,4.90024
29,72,87,4.37074
29,73,74,4.37074
29,73,88,4.37074
29,74,89,4.12835
29,75,76,4.6252
29,75,90,4.78128
29,76,77,4.59345
29,76,91,4.4651
29,77,78,4.25446
29,77,92,4.71957
29,78,79,4.90248
29,78,93,4.31618
29,79,80,4.78128
29,79,94,4.59345
29,80,81,4.4651
29,80,95,4.25446
29,81,82,4.0
29,81,96,4.78128
29,82,83,4.52682
29,82,97,4.30902
29,83,84,4.19007
29,83,98,5.09031
29,84,85,4.0
29,84,99,4.90024
29,85,86,5.02859
29,85,100,4.49685
29,86,87,4.59122
29,86,101,4.77413
29,87,88,4.65293
29,87,102,4.49685
29,88,89,4.96419
29,88,103,4.49685
29,89,104,4.37074
29,90,91,4.65517
29,90,105,4.52682
29,91,92,4.25446
29,91,106,4.43737
29,92,93,4.71957
29,92,107,4.4651
29,93,94,4.71957
29,93,108,4.65517
29,94,95,4.12835
29,94,109,4.25446
29,95,96,4.19007
29,95,110,4.59345
29,96,97,4.25446
29,96,111,4.43737
29,97,98,4.43514
29,97,112,4.77413
29,98,99,4.37074
29,98,113,4.71957
29,99,100,4.37074
29,99,114,4.49685
29,100,101,4.31618
29,100,115,4.43737
29,101,102,5.09031
29,101,116,4.90248
29,102,103,4.31618
29,102,117,4.71957
29,103,104,4.19007
29,103,118,4.6252
29,104,119,4.43514
29,105,106,4.65517
29,105,120,4.31618
29,106,107,4.78128
29,106,121,4.65517
29,107,108,4.25446
29,107,122,4.12835
29,108,109,4.59345
29,108,123,4.59345
29,109,110,4.31618
29,109,124,4.0
29,110,111,5.09031
29,110,125,4.19007
29,111,112,4.78128
29,111,126,4.96196
29,112,113,4.77413
29,112,127,4.12835
29,113,114,4.90024
29,113,128,5.09031
29,114,115,4.43737
29,114,129,4.90248
29,115,116,4.37074
29,115,130,4.06172
29,116,117,4.18783
29,116,131,4.31618
29,117,118,4.0
29,117,132,4.59345
29,118,119,4.12835
29,118,133,4.06172
29,119,134,4.49909
29,120,121,4.43514
29,120,135,4.56349
29,121,122,4.12611
29,121,136,4.59345
29,122,123,4.6252
29,122,137,4.52682
29,123,124,5.02859
29,123,138,4.83584
29,124,125,4.59122
29,124,139,4.65293
29,125,126,4.06172
29,125,140,4.90248
29,126,127,4.30902
29,126,141,4.25446
29,127,128,4.19007
29,127,142,4.06172
29,128,129,4.52682
29,128,143,4.83584
29,129,130,4.18783
29,129,144,4.59122
29,130,131,4.30902
29,130,145,4.65517
29,131,132,5.02859
29,131,146,4.78128
29,132,133,4.43737
29,132,147,4.30902
29,133,134,4.06172
29,133,148,4.71957
29,134,149,4.65517
29,135,136,4.90024
29,135,150,4.12835
29,136,137,4.56349
29,136,151,5.02859
29,137,138,4.77413
29,137,152,4.4651
29,138,139,4.77413
29,138,153,4.12611
29,139,140,4.77413
29,139,154,4.71957
29,140,141,4.65293
29,140,155,4.96419
29,141,142,4.4651
29,141,156,4.49685
29,142,143,4.65293
29,142,157,4.30902
29,143,144,4.65293
29,143,158,4.71957
29,144,145,4.43737
29,144,159,4.52682
29,145,146,4.59122
29,145,160,4.90024
29,146,147,4.0
29,146,161,4.43514
29,147,148,4.19007
29,147,162,4.78128
29,148,149,4.30902
29,148,163,4.83584
29,149,164,4.90248
29,150,151,4.12835
29,150,165,4.12611
29,151,152,4.71957
29,151,166,4.90024
29,152,153,4.37074
29,152,167,4.49909
29,153,154,4.18783
29,153,168,4.96419
29,154,155,4.4651
29,154,169,4.4651
29,155,156,4.90024
29,155,170,4.43514
29,156,157,4.49909
29,156,171,4.19007
29,157,158,4.19007
29,157,172,4.43737
29,158,159,4.25446
29,158,173,4.96196
29,159,160,4.78128
29,159,174,4.31618
29,160,161,5.02859
29,160,175,4.43514
29,161,162,4.71957
29,161,176,4.4651
29,162,163,4.18783
29,162,177,4.12835
29,163,164,4.96419
29,163,178,4.12611
29,164,179,4.0
29,165,166,4.12611
29,165,180,4.43737
29,166,167,4.59122
29,166,181,5.02859
29,167,168,4.49909
29,167,182,4.43514
29,168,169,4.49685
29,168,183,4.59122
29,169,170,4.59122
29,169,184,4.77413
29,170,171,4.83584
29,170,185,4.83584
29,171,172,4.37074
29,171,186,4.59345
29,172,173,4.43737
29,172,187,4.12611
29,173,174,4.25446
29,173,188,4.71957
29,174,175,4.43514
29,174,189,4.31618
29,175,176,4.78128
29,175,190,4.19007
29,176,177,4.37074
29,176,191,4.0
29,177,178,4.78128
29,177,192,4.12611
29,178,179,4.83584
29,178,193,4.30902
29,179,194,4.52682
29,180,181,4.77413
29,180,195,5.02859
29,181,182,4.12611
29,181,196,4.52682
29,182,183,4.12835
29,182,197,4.96196
29,183,184,4.90024
29,183,198,4.77413
29,184,185,4.96196
29,184,199,4.90248
29,185,186,4.90248
29,185,200,4.90248
29,186,187,4.37074
29,186,201,4.0
29,187,188,4.83584
29,187,202,4.59122
29,188,189,4.30902
29,188,203,4.65517
29,189,190,4.12611
29,189,204,4.0
29,190,191,4.06172
29,190,205,4.65517
29,191,192,4.49685
29,191,206,4.49909
29,192,193,4.25446
29,192,207,4.18783
29,193,194,4.65517
29,193,208,4.78128
29,194,209,4.90024
29,195,196,4.96419
29,195,210,4.56349
29,196,197,4.96419
29,196,211,4.37074
29,197,198,4.31618
29,197,212,4.59122
29,198,199,4.78128
29,198,213,4.43737
29,199,200,4.37074
29,199,214,4.59122
29,200,201,4.65517
29,200,215,5.02859
29,201,202,4.59345
29,201,216,4.12611
29,202,203,4.96196
29,202,217,4.90024
29,203,204,4.77413
29,203,218,5.09031
29,204,205,4.59345
29,204,219,4.59122
29,205,206,4.59122
29,205,220,4.31618
29,206,207,4.12611
29,206,221,4.6252
29,207,208,4.43737
29,207,222,4.6252
29,208,209,4.78128
29,208,223,4.12611
29,209,224,4.49909
29,210,211,4.96419
29,211,212,4.90248
29,212,213,4.96419
29,213,214,5.09031
29,214,215,4.56349
29,215,216,4.6252
29,216,217,4.06172
29,217,218,4.37074
29,218,219,4.30902
29,219,220,4.06172
29,220,221,4.19007
29,221,222,4.90248
29,222,223,4.96196
29,223,224,4.12611
30,0,1,4.41144
30,0,15,4.16815
30,1,2,4.30724
30,1,16,4.41144
30,2,3,4.0
30,2,17,4.9387
30,3,4,4.97314
30,3,18,4.47539
30,4,5,4.97314
30,4,19,4.0
30,5,6,4.44587
30,5,20,4.20259
30,6,7,4.59122
30,6,21,4.69542
30,7,8,4.62565
30,7,22,4.62565
30,8,9,4.69542
30,8,23,4.9387
30,9,10,4.52726
30,9,24,4.34167
30,10,11,4.44587
30,10,25,4.16815
30,11,12,4.31842
30,11,26,3.75672
30,12,13,4.09839
30,12,27,5.28037
30,13,14,4.0
30,13,28,4.50982
30,14,29,4.41144
30,15,16,4.30724
30,15,30,4.03444
30,16,17,4.97314
30,16,31,4.03444
30,17,18,4.09839
30,17,32,4.69542
30,18,19,4.34167
30,18,33,4.41144
30,19,20,4.50982
30,19,34,4.5617
30,20,21,4.16815
30,20,35,5.00265
30,21,22,4.20259
30,21,36,4.34167
30,22,23,4.9387
30,22,37,4.47539
30,23,24,4.34167
30,23,38,4.69542
30,24,25,4.97314
30,24,39,4.52726
30,25,26,4.75311
30,25,40,4.28398
30,26,27,4.47539
30,26,41,4.69542
30,27,28,4.72985
30,27,42,4.97314
30,28,29,4.31842
30,28,43,4.72985
30,29,44,4.72985
30,30,31,4.16815
30,30,45,4.03444
30,31,32,4.47539
30,31,46,4.31842
30,32,33,4.28398
30,32,47,4.03444
30,33,34,5.24594
30,33,48,4.97314
30,34,35,4.97314
30,34,49,4.8345
30,35,36,3.75672
30,35,50,4.28398
30,36,37,4.86894
30,36,51,4.03444
30,37,38,4.62565
30,37,52,4.20259
30,38,39,4.09839
30,38,53,4.47539
30,39,40,4.69542
30,39,54,4.8345
30,40,41,4.31842
30,40,55,4.50982
30,41,42,4.71867
30,41,56,5.28037
30,42,43,4.50982
30,42,57,4.86894
30,43,44,3.75672
30,43,58,4.47539
30,44,59,5.24594
30,45,46,5.24594
30,45,60,3.79115
30,46,47,4.5617
30,46,61,3.79115
30,47,48,4.09839
30,47,62,5.24594
30,48,49,4.31842
30,48,63,4.52726
30,49,50,4.16815
30,49,64,4.8345
30,50,51,4.75311
30,50,65,4.72985
30,51,52,4.30724
30,51,66,4.8345
30,52,53,5.00265
30,52,67,4.30724
30,53,54,4.30724
30,53,68,5.03709
30,54,55,4.8345
30,54,69,4.31842
30,55,56,4.97314
30,55,70,4.44587
30,56,57,4.50982
30,56,71,4.30724
30,57,58,3.75672
30,57,72,4.52726
30,58,59,5.28037
30,58,73,5.24594
30,59,74,4.59122
30,60,61,4.06395
30,60,75,3.75672
30,61,62,4.59122
30,61,76,5.28037
30,62,63,4.31842
30,62,77,3.75672
30,63,64,4.5617
30,63,78,5.03709
30,64,65,4.30724
30,64,79,4.44587
30,65,66,4.69542
30,65,80,4.62565
30,66,67,4.75311
30,66,81,4.97314
30,67,68,5.28037
30,67,82,4.20259
30,68,69,5.24594
30,68,83,4.5617
30,69,70,3.75672
30,69,84,4.97314
30,70,71,4.41144
30,70,85,4.34167
30,71,72,4.75311
30,71,86,5.24594
30,72,73,4.47539
30,72,87,3.79115
30,73,74,3.79115
30,73,88,3.79115
30,74,89,4.52726
30,75,76,4.72985
30,75,90,5.28037
30,76,77,4.8345
30,76,91,4.30724
30,77,78,4.9387
30,77,92,5.24594
30,78,79,4.59122
30,78,93,4.97314
30,79,80,5.28037
30,79,94,4.8345
30,80,81,4.30724
30,80,95,4.9387
30,81,82,4.0
30,81,96,5.28037
30,82,83,4.34167
30,82,97,3.75672
30,83,84,4.5617
30,83,98,5.03709
30,84,85,4.0
30,84,99,4.47539
30,85,86,5.00265
30,85,100,4.20259
30,86,87,4.71867
30,86,101,4.06395
30,87,88,4.75311
30,87,102,4.20259
30,88,89,4.62565
30,88,103,4.20259
30,89,104,3.79115
30,90,91,4.86894
30,90,105,4.34167
30,91,92,4.9387
30,91,106,4.28398
30,92,93,5.24594
30,92,107,4.30724
30,93,94,5.24594
30,93,108,4.86894
30,94,95,4.52726
30,94,109,4.9387
30,95,96,4.5617
30,95,110,4.8345
30,96,97,4.9387
30,96,111,4.28398
30,97,98,4.16815
30,97,112,4.06395
30,98,99,3.79115
30,98,113,5.24594
30,99,100,3.79115
30,99,114,4.20259
30,100,101,4.97314
30,100,115,4.28398
30,101,102,5.03709
30,101,116,4.59122
30,102,103,4.97314
30,102,117,5.24594
30,103,104,4.5617
30,103,118,4.72985
30,104,119,4.16815
30,105,106,4.86894
30,105,120,4.97314
30,106,107,5.28037
30,106,121,4.86894
30,107,108,4.9387
30,107,122,4.52726
30,108,109,4.8345
30,108,123,4.8345
30,109,110,4.97314
30,109,124,4.0
30,110,111,5.03709
30,110,125,4.5617
30,111,112,5.28037
30,111,126,4.50982
30,112,113,4.06395
30,112,127,4.52726
30,113,114,4.47539
30,113,128,5.03709
30,114,115,4.28398
30,114,129,4.59122
30,115,116,3.79115
30,115,130,4.03444
30,116,117,4.44587
30,116,131,4.97314
30,117,118,4.0
30,117,132,4.8345
30,118,119,4.52726
30,118,133,4.03444
30,119,134,4.31842
30,120,121,4.16815
30,120,135,4.69542
30,121,122,4.41144
30,121,136,4.8345
30,122,123,4.72985
30,122,137,4.34167
30,123,124,5.00265
30,123,138,4.09839
30,124,125,4.71867
30,124,139,4.75311
30,125,126,4.03444
30,125,140,4.59122
30,126,127,3.75672
30,126,141,4.9387
30,127,128,4.5617
30,127,142,4.03444
30,128,129,4.34167
30,128,143,4.09839
30,129,130,4.44587
30,129,144,4.71867
30,130,131,3.75672
30,130,145,4.86894
30,131,132,5.00265
30,131,146,5.28037
30,132,133,4.28398
30,132,147,3.75672
30,133,134,4.03444
30,133,148,5.24594
30,134,149,4.86894
30,135,136,4.47539
30,135,150,4.52726
30,136,137,4.69542
30,136,151,5.00265
30,137,138,4.06395
30,137,152,4.30724
30,138,139,4.06395
30,138,153,4.41144
30,139,140,4.06395
30,139,154,5.24594
30,140,141,4.75311
30,140,155,4.62565
30,141,142,4.30724
30,141,156,4.20259
30,142,143,4.75311
30,142,157,3.75672
30,143,144,4.75311
30,143,158,5.24594
30,144,145,4.28398
30,144,159,4.34167
30,145,146,4.71867
30,145,160,4.47539
30,146,147,4.0
30,146,161,4.16815
30,147,148,4.5617
30,147,162,5.28037
30,148,149,3.75672
30,148,163,4.09839
30,149,164,4.59122
30,150,151,4.52726
30,150,165,4.41144
30,151,152,5.24594
30,151,166,4.47539
30,152,153,3.79115
30,152,167,4.31842
30,153,154,4.44587
30,153,168,4.62565
30,154,155,4.30724
30,154,169,4.30724
30,155,156,4.47539
30,155,170,4.16815
30,156,157,4.31842
30,156,171,4.5617
30,157,158,4.5617
30,157,172,4.28398
30,158,159,4.9387
30,158,173,4.50982
30,159,160,5.28037
30,159,174,4.97314
30,160,161,5.00265
30,160,175,4.16815
30,161,162,5.24594
30,161,176,4.30724
30,162,163,4.44587
30,162,177,4.52726
30,163,164,4.62565
30,163,178,4.41144
30,164,179,4.0
30,165,166,4.41144
30,165,180,4.28398
30,166,167,4.71867
30,166,181,5.00265
30,167,168,4.31842
30,167,182,4.16815
30,168,169,4.20259
30,168,183,4.71867
30,169,170,4.71867
30,169,184,4.06395
30,170,171,4.09839
30,170,185,4.09839
30,171,172,3.79115
30,171,186,4.8345
30,172,173,4.28398
30,172,187,4.41144
30,173,174,4.9387
30,173,188,5.24594
30,174,175,4.16815
30,174,189,4.97314
30,175,176,5.28037
30,175,190,4.5617
30,176,177,3.79115
30,176,191,4.0
30,177,178,5.28037
30,177,192,4.41144
30,178,179,4.09839
30,178,193,3.75672
30,179,194,4.34167
30,180,181,4.06395
30,180,195,5.00265
30,181,182,4.41144
30,181,196,4.34167
30,182,183,4.52726
30,182,197,4.50982
30,183,184,4.47539
30,183,198,4.06395
30,184,185,4.50982
30,184,199,4.59122
30,185,186,4.59122
30,185,200,4.59122
30,186,187,3.79115
30,186,201,4.0
30,187,188,4.09839
30,187,202,4.71867
30,188,189,3.75672
30,188,203,4.86894
30,189,190,4.41144
30,189,204,4.0
30,190,191,4.03444
30,190,205,4.86894
30,191,192,4.20259
30,191,206,4.31842
30,192,193,4.9387
30,192,207,4.44587
30,193,194,4.86894
30,193,208,5.28037
30,194,209,4.47539
30,195,196,4.62565
30,195,210,4.69542
30,196,197,4.62565
30,196,211,3.79115
30,197,198,4.97314
30,197,212,4.71867
30,198,199,5.28037
30,198,213,4.28398
30,199,200,3.79115
30,199,214,4.71867
30,200,201,4.86894
30,200,215,5.00265
30,201,202,4.8345
30,201,216,4.41144
30,202,203,4.50982
30,202,217,4.47539
30,203,204,4.06395
30,203,218,5.03709
30,204,205,4.8345
30,204,219,4.71867
30,205,206,4.71867
30,205,220,4.97314
30,206,207,4.41144
30,206,221,4.72985
30,207,208,4.28398
30,207,222,4.72985
30,208,209,5.28037
30,208,223,4.41144
30,209,224,4.31842
30,210,211,4.62565
30,211,212,4.59122
30,212,213,4.62565
30,213,214,5.03709
30,214,215,4.69542
30,215,216,4.72985
30,216,217,4.03444
30,217,218,3.79115
30,218,219,3.75672
30,219,220,4.03444
30,220,221,4.5617
30,221,222,4.59122
30,222,223,4.50982
30,223,224,4.41144
31,0,1,3.76432
31,0,15,4.35106
31,1,2,4.24641
31,1,16,3.76432
31,2,3,4.0
31,2,17,3.98971
31,3,4,4.14624
31,3,18,4.59748
31,4,5,4.14624
31,4,19,4.0
31,5,6,3.92084
31,5,20,4.50759
31,6,7,5.05855
31,6,21,4.57646
31,7,8,5.21508
31,7,22,5.21508
31,8,9,4.57646
31,8,23,3.98971
31,9,10,4.2254
31,9,24,4.40294
31,10,11,3.92084
31,10,25,4.35106
31,11,12,4.96866
31,11,26,4.58674
31,12,13,4.98968
31,12,27,4.39265
31,13,14,4.0
31,13,28,4.754
31,14,29,3.76432
31,15,16,4.24641
31,15,30,4.15652
31,16,17,4.14624
31,16,31,4.15652
31,17,18,4.98968
31,17,32,4.57646
31,18,19,4.40294
31,18,33,3.76432
31,19,20,4.754
31,19,34,4.38192
31,20,21,4.35106
31,20,35,4.82287
31,21,22,4.50759
31,21,36,4.40294
31,22,23,3.98971
31,22,37,4.59748
31,23,24,4.40294
31,23,38,4.57646
31,24,25,4.14624
31,24,39,4.2254
31,25,26,4.16726
31,25,40,4.81214
31,26,27,4.59748
31,26,41,4.57646
31,27,28,4.73298
31,27,42,4.14624
31,28,29,4.96866
31,28,43,4.73298
31,29,44,4.73298
31,30,31,4.35106
31,30,45,4.15652
31,31,32,4.59748
31,31,46,4.96866
31,32,33,4.81214
31,32,47,4.15652
31,33,34,4.23613
31,33,48,4.14624
31,34,35,4.14624
31,34,49,4.47181
31,35,36,4.58674
31,35,50,4.81214
31,36,37,4.62834
31,36,51,4.15652
31,37,38,5.21508
31,37,52,4.50759
31,38,39,4.98968
31,38,53,4.59748
31,39,40,4.57646
31,39,54,4.47181
31,40,41,4.96866
31,40,55,4.754
31,41,42,4.01073
31,41,56,4.39265
31,42,43,4.754
31,42,57,4.62834
31,43,44,4.58674
31,43,58,4.59748
31,44,59,4.23613
31,45,46,4.23613
31,45,60,4.74327
31,46,47,4.38192
31,46,61,4.74327
31,47,48,4.98968
31,47,62,4.23613
31,48,49,4.96866
31,48,63,4.2254
31,49,50,4.35106
31,49,64,4.47181
31,50,51,4.16726
31,50,65,4.73298
31,51,52,4.24641
31,51,66,4.47181
31,52,53,4.82287
31,52,67,4.24641
31,53,54,4.24641
31,53,68,4.9794
31,54,55,4.47181
31,54,69,4.96866
31,55,56,4.14624
31,55,70,3.92084
31,56,57,4.754
31,56,71,4.24641
31,57,58,4.58674
31,57,72,4.2254
31,58,59,4.39265
31,58,73,4.23613
31,59,74,5.05855
31,60,61,4.83316
31,60,75,4.58674
31,61,62,5.05855
31,61,76,4.39265
31,62,63,4.96866
31,62,77,4.58674
31,63,64,4.38192
31,63,78,4.9794
31,64,65,4.24641
31,64,79,3.92084
31,65,66,4.57646
31,65,80,5.21508
31,66,67,4.16726
31,66,81,4.14624
31,67,68,4.39265
31,67,82,4.50759
31,68,69,4.23613
31,68,83,4.38192
31,69,70,4.58674
31,69,84,4.14624
31,70,71,3.76432
31,70,85,4.40294
31,71,72,4.16726
31,71,86,4.23613
31,72,73,4.59748
31,72,87,4.74327
31,73,74,4.74327
31,73,88,4.74327
31,74,89,4.2254
31,75,76,4.73298
31,75,90,4.39265
31,76,77,4.47181
31,76,91,4.24641
31,77,78,3.98971
31,77,92,4.23613
31,78,79,5.05855
31,78,93,4.14624
31,79,80,4.39265
31,79,94,4.47181
31,80,81,4.24641
31,80,95,3.98971
31,81,82,4.0
31,81,96,4.39265
31,82,83,4.40294
31,82,97,4.58674
31,83,84,4.38192
31,83,98,4.9794
31,84,85,4.0
31,84,99,4.59748
31,85,86,4.82287
31,85,100,4.50759
31,86,87,4.01073
31,86,101,4.83316
31,87,88,4.16726
31,87,102,4.50759
31,88,89,5.21508
31,88,103,4.50759
31,89,104,4.74327
31,90,91,4.62834
31,90,105,4.40294
31,91,92,3.98971
31,91,106,4.81214
31,92,93,4.23613
31,92,107,4.24641
31,93,94,4.23613
31,93,108,4.62834
31,94,95,4.2254
31,94,109,3.98971
31,95,96,4.38192
31,95,110,4.47181
31,96,97,3.98971
31,96,111,4.81214
31,97,98,4.35106
31,97,112,4.83316
31,98,99,4.74327
31,98,113,4.23613
31,99,100,4.74327
31,99,114,4.50759
31,100,101,4.14624
31,100,115,4.81214
31,101,102,4.9794
31,101,116,5.05855
31,102,103,4.14624
31,102,117,4.23613
31,103,104,4.38192
31,103,118,4.73298
31,104,119,4.35106
31,105,106,4.62834
31,105,120,4.14624
31,106,107,4.39265
31,106,121,4.62834
31,107,108,3.98971
31,107,122,4.2254
31,108,109,4.47181
31,108,123,4.47181
31,109,110,4.14624
31,109,124,4.0
31,110,111,4.9794
31,110,125,4.38192
31,111,112,4.39265
31,111,126,4.754
31,112,113,4.83316
31,112,127,4.2254
31,113,114,4.59748
31,113,128,4.9794
31,114,115,4.81214
31,114,129,5.05855
31,115,116,4.74327
31,115,130,4.15652
31,116,117,3.92084
31,116,131,4.14624
31,117,118,4.0
31,117,132,4.47181
31,118,119,4.2254
31,118,133,4.15652
31,119,134,4.96866
31,120,121,4.35106
31,120,135,4.57646
31,121,122,3.76432
31,121,136,4.47181
31,122,123,4.73298
31,122,137,4.40294
31,123,124,4.82287
31,123,138,4.98968
31,124,125,4.01073
31,124,139,4.16726
31,125,126,4.15652
31,125,140,5.05855
31,126,127,4.58674
31,126,141,3.98971
31,127,128,4.38192
31,127,142,4.15652
31,128,129,4.40294
31,128,143,4.98968
31,129,130,3.92084
31,129,144,4.01073
31,130,131,4.58674
31,130,145,4.62834
31,131,132,4.82287
31,131,146,4.39265
31,132,133,4.81214
31,132,147,4.58674
31,133,134,4.15652
31,133,148,4.23613
31,134,149,4.62834
31,135,136,4.59748
31,135,150,4.2254
31,136,137,4.57646
31,136,151,4.82287
31,137,138,4.83316
31,137,152,4.24641
31,138,139,4.83316
31,138,153,3.76432
31,139,140,4.83316
31,139,154,4.23613
31,140,141,4.16726
31,140,155,5.21508
31,141,142,4.24641
31,141,156,4.50759
31,142,143,4.16726
31,142,157,4.58674
31,143,144,4.16726
31,143,158,4.23613
31,144,145,4.81214
31,144,159,4.40294
31,145,146,4.01073
31,145,160,4.59748
31,146,147,4.0
31,146,161,4.35106
31,147,148,4.38192
31,147,162,4.39265
31,148,149,4.58674
31,148,163,4.98968
31,149,164,5.05855
31,150,151,4.2254
31,150,165,3.76432
31,151,152,4.23613
31,151,166,4.59748
31,152,153,4.74327
31,152,167,4.96866
31,153,154,3.92084
31,153,168,5.21508
31,154,155,4.24641
31,154,169,4.24641
31,155,156,4.59748
31,155,170,4.35106
31,156,157,4.96866
31,156,171,4.38192
31,157,158,4.38192
31,157,172,4.81214
31,158,159,3.98971
31,158,173,4.754
31,159,160,4.39265
31,159,174,4.14624
31,160,161,4.82287
31,160,175,4.35106
31,161,162,4.23613
31,161,176,4.24641
31,162,163,3.92084
31,162,177,4.2254
31,163,164,5.21508
31,163,178,3.76432
31,164,179,4.0
31,165,166,3.76432
31,165,180,4.81214
31,166,167,4.01073
31,166,181,4.82287
31,167,168,4.96866
31,167,182,4.35106
31,168,169,4.50759
31,168,183,4.01073
31,169,170,4.01073
31,169,184,4.83316
31,170,171,4.98968
31,170,185,4.98968
31,171,172,4.74327
31,171,186,4.47181
31,172,173,4.81214
31,172,187,3.76432
31,173,174,3.98971
31,173,188,4.23613
31,174,175,4.35106
31,174,189,4.14624
31,175,176,4.39265
31,175,190,4.38192
31,176,177,4.74327
31,176,191,4.0
31,177,178,4.39265
31,177,192,3.76432
31,178,179,4.98968
31,178,193,4.58674
31,179,194,4.40294
31,180,181,4.83316
31,180,195,4.82287
31,181,182,3.76432
31,181,196,4.40294
31,182,183,4.2254
31,182,197,4.754
31,183,184,4.59748
31,183,198,4.83316
31,184,185,4.754
31,184,199,5.05855
31,185,186,5.05855
31,185,200,5.05855
31,186,187,4.74327
31,186,201,4.0
31,187,188,4.98968
31,187,202,4.01073
31,188,189,4.58674
31,188,203,4.62834
31,189,190,3.76432
31,189,204,4.0
31,190,191,4.15652
31,190,205,4.62834
31,191,192,4.50759
31,191,206,4.96866
31,192,193,3.98971
31,192,207,3.92084
31,193,194,4.62834
31,193,208,4.39265
31,194,209,4.59748
31,195,196,5.21508
31,195,210,4.57646
31,196,197,5.21508
31,196,211,4.74327
31,197,198,4.14624
31,197,212,4.01073
31,198,199,4.39265
31,198,213,4.81214
31,199,200,4.74327
31,199,214,4.01073
31,200,201,4.62834
31,200,215,4.82287
31,201,202,4.47181
31,201,216,3.76432
31,202,203,4.754
31,202,217,4.59748
31,203,204,4.83316
31,203,218,4.9794
31,204,205,4.47181
31,204,219,4.01073
31,205,206,4.01073
31,205,220,4.14624
31,206,207,3.76432
31,206,221,4.73298
31,207,208,4.81214
31,207,222,4.73298
31,208,209,4.39265
31,208,223,3.76432
31,209,224,4.96866
31,210,211,5.21508
31,211,212,5.05855
31,212,213,5.21508
31,213,214,4.9794
31,214,215,4.57646
31,215,216,4.73298
31,216,217,4.15652
31,217,218,4.74327
31,218,219,4.58674
31,219,220,4.15652
31,220,221,4.38192
31,221,222,5.05855
31,222,223,4.754
31,223,224,3.76432
32,0,1,3.93605
32,0,15,3.75359
32,1,2,3.9754
32,1,16,3.93605
32,2,3,4.0
32,2,17,3.70797
32,3,4,3.45529
32,3,18,3.72899
32,4,5,3.45529
32,4,19,4.0
32,5,6,3.68337
32,5,20,3.50091
32,6,7,3.56486
32,6,21,3.52551
32,7,8,3.31219
32,7,22,3.31219
32,8,9,3.52551
32,8,23,3.70797
32,9,10,3.77192
32,9,24,3.72273
32,10,11,3.68337
32,10,25,3.75359
32,11,12,3.33678
32,11,26,3.81754
32,12,13,3.54026
32,12,27,3.4307
32,13,14,4.0
32,13,28,3.47631
32,14,29,3.93605
32,15,16,3.9754
32,15,30,3.74732
32,16,17,3.45529
32,16,31,3.74732
32,17,18,3.54026
32,17,32,3.52551
32,18,19,3.72273
32,18,33,3.93605
32,19,20,3.47631
32,19,34,3.51925
32,20,21,3.75359
32,20,35,3.50091
32,21,22,3.50091
32,21,36,3.72273
32,22,23,3.70797
32,22,37,3.72899
32,23,24,3.72273
32,23,38,3.52551
32,24,25,3.45529
32,24,39,3.77192
32,25,26,3.65878
32,25,40,3.58946
32,26,27,3.72899
32,26,41,3.52551
32,27,28,3.27283
32,27,42,3.45529
32,28,29,3.33678
32,28,43,3.27283
32,29,44,3.27283
32,30,31,3.75359
32,30,45,3.74732
32,31,32,3.72899
32,31,46,3.33678
32,32,33,3.58946
32,32,47,3.74732
32,33,34,3.68337
32,33,48,3.45529
32,34,35,3.45529
32,34,49,3.74732
32,35,36,3.81754
32,35,50,3.58946
32,36,37,3.49465
32,36,51,3.74732
32,37,38,3.31219
32,37,52,3.50091
32,38,39,3.54026
32,38,53,3.72899
32,39,40,3.52551
32,39,54,3.74732
32,40,41,3.33678
32,40,55,3.47631
32,41,42,3.91145
32,41,56,3.4307
32,42,43,3.47631
32,42,57,3.49465
32,43,44,3.81754
32,43,58,3.72899
32,44,59,3.68337
32,45,46,3.68337
32,45,60,3.56486
32,46,47,3.51925
32,46,61,3.56486
32,47,48,3.54026
32,47,62,3.68337
32,48,49,3.33678
32,48,63,3.77192
32,49,50,3.75359
32,49,64,3.74732
32,50,51,3.65878
32,50,65,3.27283
32,51,52,3.9754
32,51,66,3.74732
32,52,53,3.50091
32,52,67,3.9754
32,53,54,3.9754
32,53,68,3.24823
32,54,55,3.74732
32,54,69,3.33678
32,55,56,3.45529
32,55,70,3.68337
32,56,57,3.47631
32,56,71,3.9754
32,57,58,3.81754
32,57,72,3.77192
32,58,59,3.4307
32,58,73,3.68337
32,59,74,3.56486
32,60,61,3.79294
32,60,75,3.81754
32,61,62,3.56486
32,61,76,3.4307
32,62,63,3.33678
32,62,77,3.81754
32,63,64,3.51925
32,63,78,3.24823
32,64,65,3.9754
32,64,79,3.68337
32,65,66,3.52551
32,65,80,3.31219
32,66,67,3.65878
32,66,81,3.45529
32,67,68,3.4307
32,67,82,3.50091
32,68,69,3.68337
32,68,83,3.51925
32,69,70,3.81754
32,69,84,3.45529
32,70,71,3.93605
32,70,85,3.72273
32,71,72,3.65878
32,71,86,3.68337
32,72,73,3.72899
32,72,87,3.56486
32,73,74,3.56486
32,73,88,3.56486
32,74,89,3.77192
32,75,76,3.27283
32,75,90,3.4307
32,76,77,3.74732
32,76,91,3.9754
32,77,78,3.70797
32,77,92,3.68337
32,78,79,3.56486
32,78,93,3.45529
32,79,80,3.4307
32,79,94,3.74732
32,80,81,3.9754
32,80,95,3.70797
32,81,82,4.0
32,81,96,3.4307
32,82,83,3.72273
32,82,97,3.81754
32,83,84,3.51925
32,83,98,3.24823
32,84,85,4.0
32,84,99,3.72899
32,85,86,3.50091
32,85,100,3.50091
32,86,87,3.91145
32,86,101,3.79294
32,87,88,3.65878
32,87,102,3.50091
32,88,89,3.31219
32,88,103,3.50091
32,89,104,3.56486
32,90,91,3.49465
32,90,105,3.72273
32,91,92,3.70797
32,91,106,3.58946
32,92,93,3.68337
32,92,107,3.9754
32,93,94,3.68337
32,93,108,3.49465
32,94,95,3.77192
32,94,109,3.70797
32,95,96,3.51925
32,95,110,3.74732
32,96,97,3.70797
32,96,111,3.58946
32,97,98,3.75359
32,97,112,3.79294
32,98,99,3.56486
32,98,113,3.68337
32,99,100,3.56486
32,99,114,3.50091
32,100,101,3.45529
32,100,115,3.58946
32,101,102,3.24823
32,101,116,3.56486
32,102,103,3.45529
32,102,117,3.68337
32,103,104,3.51925
32,103,118,3.27283
32,104,119,3.75359
32,105,106,3.49465
32,105,120,3.45529
32,106,107,3.4307
32,106,121,3.49465
32,107,108,3.70797
32,107,122,3.77192
32,108,109,3.74732
32,108,123,3.74732
32,109,110,3.45529
32,109,124,4.0
32,110,111,3.24823
32,110,125,3.51925
32,111,112,3.4307
32,111,126,3.47631
32,112,113,3.79294
32,112,127,3.77192
32,113,114,3.72899
32,113,128,3.24823
32,114,115,3.58946
32,114,129,3.56486
32,115,116,3.56486
32,115,130,3.74732
32,116,117,3.68337
32,116,131,3.45529
32,117,118,4.0
32,117,132,3.74732
32,118,119,3.77192
32,118,133,3.74732
32,119,134,3.33678
32,120,121,3.75359
32,120,135,3.52551
32,121,122,3.93605
32,121,136,3.74732
32,122,123,3.27283
32,122,137,3.72273
32,123,124,3.50091
32,123,138,3.54026
32,124,125,3.91145
32,124,139,3.65878
32,125,126,3.74732
32,125,140,3.56486
32,126,127,3.81754
32,126,141,3.70797
32,127,128,3.51925
32,127,142,3.74732
32,128,129,3.72273
32,128,143,3.54026
32,129,130,3.68337
32,129,144,3.91145
32,130,131,3.81754
32,130,145,3.49465
32,131,132,3.50091
32,131,146,3.4307
32,132,133,3.58946
32,132,147,3.81754
32,133,134,3.74732
32,133,148,3.68337
32,134,149,3.49465
32,135,136,3.72899
32,135,150,3.77192
32,136,137,3.52551
32,136,151,3.50091
32,137,138,3.79294
32,137,152,3.9754
32,138,139,3.79294
32,138,153,3.93605
32,139,140,3.79294
32,139,154,3.68337
32,140,141,3.65878
32,140,155,3.31219
32,141,142,3.9754
32,141,156,3.50091
32,142,143,3.65878
32,142,157,3.81754
32,143,144,3.65878
32,143,158,3.68337
32,144,145,3.58946
32,144,159,3.72273
32,145,146,3.91145
32,145,160,3.72899
32,146,147,4.0
32,146,161,3.75359
32,147,148,3.51925
32,147,162,3.4307
32,148,149,3.81754
32,148,163,3.54026
32,149,164,3.56486
32,150,151,3.77192
32,150,165,3.93605
32,151,152,3.68337
32,151,166,3.72899
32,152,153,3.56486
32,152,167,3.33678
32,153,154,3.68337
32,153,168,3.31219
32,154,155,3.9754
32,154,169,3.9754
32,155,156,3.72899
32,155,170,3.75359
32,156,157,3.33678
32,156,171,3.51925
32,157,158,3.51925
32,157,172,3.58946
32,158,159,3.70797
32,158,173,3.47631
32,159,160,3.4307
32,159,174,3.45529
32,160,161,3.50091
32,160,175,3.75359
32,161,162,3.68337
32,161,176,3.9754
32,162,163,3.68337
32,162,177,3.77192
32,163,164,3.31219
32,163,178,3.93605
32,164,179,4.0
32,165,166,3.93605
32,165,180,3.58946
32,166,167,3.91145
32,166,181,3.50091
32,167,168,3.33678
32,167,182,3.75359
32,168,169,3.50091
32,168,183,3.91145
32,169,170,3.91145
32,169,184,3.79294
32,170,171,3.54026
32,170,185,3.54026
32,171,172,3.56486
32,171,186,3.74732
32,172,173,3.58946
32,172,187,3.93605
32,173,174,3.70797
32,173,188,3.68337
32,174,175,3.75359
32,174,189,3.45529
32,175,176,3.4307
32,175,190,3.51925
32,176,177,3.56486
32,176,191,4.0
32,177,178,3.4307
32,177,192,3.93605
32,178,179,3.54026
32,178,193,3.81754
32,179,194,3.72273
32,180,181,3.79294
32,180,195,3.50091
32,181,182,3.93605
32,181,196,3.72273
32,182,183,3.77192
32,182,197,3.47631
32,183,184,3.72899
32,183,198,3.79294
32,184,185,3.47631
32,184,199,3.56486
32,185,186,3.56486
32,185,200,3.56486
32,186,187,3.56486
32,186,201,4.0
32,187,188,3.54026
32,187,202,3.91145
32,188,189,3.81754
32,188,203,3.49465
32,189,190,3.93605
32,189,204,4.0
32,190,191,3.74732
32,190,205,3.49465
32,191,192,3.50091
32,191,206,3.33678
32,192,193,3.70797
32,192,207,3.68337
32,193,194,3.49465
32,193,208,3.4307
32,194,209,3.72899
32,195,196,3.31219
32,195,210,3.52551
32,196,197,3.31219
32,196,211,3.56486
32,197,198,3.45529
32,197,212,3.91145
32,198,199,3.4307
32,198,213,3.58946
32,199,200,3.56486
32,199,214,3.91145
32,200,201,3.49465
32,200,215,3.50091
32,201,202,3.74732
32,201,216,3.93605
32,202,203,3.47631
32,202,217,3.72899
32,203,204,3.79294
32,203,218,3.24823
32,204,205,3.74732
32,204,219,3.91145
32,205,206,3.91145
32,205,220,3.45529
32,206,207,3.93605
32,206,221,3.27283
32,207,208,3.58946
32,207,222,3.27283
32,208,209,3.4307
32,208,223,3.93605
32,209,224,3.33678
32,210,211,3.31219
32,211,212,3.56486
32,212,213,3.31219
32,213,214,3.24823
32,214,215,3.52551
32,215,216,3.27283
32,216,217,3.74732
32,217,218,3.56486
32,218,219,3.81754
32,219,220,3.74732
32,220,221,3.51925
32,221,222,3.56486
32,222,223,3.47631
32,223,224,3.93605
33,0,1,3.2773
33,0,15,3.28982
33,1,2,4.26475
33,1,16,3.2773
33,2,3,4.0
33,2,17,4.48657
33,3,4,4.21243
33,3,18,3.55458
33,4,5,4.21243
33,4,19,4.0
33,5,6,3.00316
33,5,20,3.01568
33,6,7,5.48654
33,6,21,4.49909
33,7,8,5.2124
33,7,22,5.2124
33,8,9,4.49909
33,8,23,4.48657
33,9,10,5.20927
33,9,24,3.99061
33,10,11,3.00316
33,10,25,3.28982
33,11,12,4.94765
33,11,26,4.01252
33,12,13,4.00313
33,12,27,4.47718
33,13,14,4.0
33,13,28,3.28043
33,14,29,3.2773
33,15,16,4.26475
33,15,30,3.72586
33,16,17,4.21243
33,16,31,3.72586
33,17,18,4.00313
33,17,32,4.49909
33,18,19,3.99061
33,18,33,3.2773
33,19,20,3.28043
33,19,34,4.93512
33,20,21,3.28982
33,20,35,4.76384
33,21,22,3.01568
33,21,36,3.99061
33,22,23,4.48657
33,22,37,3.55458
33,23,24,3.99061
33,23,38,4.49909
33,24,25,4.21243
33,24,39,5.20927
33,25,26,3.26791
33,25,40,5.22179
33,26,27,3.55458
33,26,41,4.49909
33,27,28,4.22495
33,27,42,4.21243
33,28,29,4.94765
33,28,43,4.22495
33,29,44,4.22495
33,30,31,3.28982
33,30,45,3.72586
33,31,32,3.55458
33,31,46,4.94765
33,32,33,5.22179
33,32,47,3.72586
33,33,34,4.75132
33,33,48,4.21243
33,34,35,4.21243
33,34,49,5.47402
33,35,36,4.01252
33,35,50,5.22179
33,36,37,5.19987
33,36,51,3.72586
33,37,38,5.2124
33,37,52,3.01568
33,38,39,4.00313
33,38,53,3.55458
33,39,40,4.49909
33,39,54,5.47402
33,40,41,4.94765
33,40,55,3.28043
33,41,42,3.54205
33,41,56,4.47718
33,42,43,3.28043
33,42,57,5.19987
33,43,44,4.01252
33,43,58,3.55458
33,44,59,4.75132
33,45,46,4.75132
33,45,60,3.73838
33,46,47,4.93512
33,46,61,3.73838
33,47,48,4.00313
33,47,62,4.75132
33,48,49,4.94765
33,48,63,5.20927
33,49,50,3.28982
33,49,64,5.47402
33,50,51,3.26791
33,50,65,4.22495
33,51,52,4.26475
33,51,66,5.47402
33,52,53,4.76384
33,52,67,4.26475
33,53,54,4.26475
33,53,68,4.4897
33,54,55,5.47402
33,54,69,4.94765
33,55,56,4.21243
33,55,70,3.00316
33,56,57,3.28043
33,56,71,4.26475
33,57,58,4.01252
33,57,72,5.20927
33,58,59,4.47718
33,58,73,4.75132
33,59,74,5.48654
33,60,61,4.27727
33,60,75,4.01252
33,61,62,5.48654
33,61,76,4.47718
33,62,63,4.94765
33,62,77,4.01252
33,63,64,4.93512
33,63,78,4.4897
33,64,65,4.26475
33,64,79,3.00316
33,65,66,4.49909
33,65,80,5.2124
33,66,67,3.26791
33,66,81,4.21243
33,67,68,4.47718
33,67,82,3.01568
33,68,69,4.75132
33,68,83,4.93512
33,69,70,4.01252
33,69,84,4.21243
33,70,71,3.2773
33,70,85,3.99061
33,71,72,3.26791
33,71,86,4.75132
33,72,73,3.55458
33,72,87,3.73838
33,73,74,3.73838
33,73,88,3.73838
33,74,89,5.20927
33,75,76,4.22495
33,75,90,4.47718
33,76,77,5.47402
33,76,91,4.26475
33,77,78,4.48657
33,77,92,4.75132
33,78,79,5.48654
33,78,93,4.21243
33,79,80,4.47718
33,79,94,5.47402
33,80,81,4.26475
33,80,95,4.48657
33,81,82,4.0
33,81,96,4.47718
33,82,83,3.99061
33,82,97,4.01252
33,83,84,4.93512
33,83,98,4.4897
33,84,85,4.0
33,84,99,3.55458
33,85,86,4.76384
33,85,100,3.01568
33,86,87,3.54205
33,86,101,4.27727
33,87,88,3.26791
33,87,102,3.01568
33,88,89,5.2124
33,88,103,3.01568
33,89,104,3.73838
33,90,91,5.19987
33,90,105,3.99061
33,91,92,4.48657
33,91,106,5.22179
33,92,93,4.75132
33,92,107,4.26475
33,93,94,4.75132
33,93,108,5.19987
33,94,95,5.20927
33,94,109,4.48657
33,95,96,4.93512
33,95,110,5.47402
33,96,97,4.48657
33,96,111,5.22179
33,97,98,3.28982
33,97,112,4.27727
33,98,99,3.73838
33,98,113,4.75132
33,99,100,3.73838
33,99,114,3.01568
33,100,101,4.21243
33,100,115,5.22179
33,101,102,4.4897
33,101,116,5.48654
33,102,103,4.21243
33,102,117,4.75132
33,103,104,4.93512
33,103,118,4.22495
33,104,119,3.28982
33,105,106,5.19987
33,105,120,4.21243
33,106,107,4.47718
33,106,121,5.19987
33,107,108,4.48657
33,107,122,5.20927
33,108,109,5.47402
33,108,123,5.47402
33,109,110,4.21243
33,109,124,4.0
33,110,111,4.4897
33,110,125,4.93512
33,111,112,4.47718
33,111,126,3.28043
33,112,113,4.27727
33,112,127,5.20927
33,113,114,3.55458
33,113,128,4.4897
33,114,115,5.22179
33,114,129,5.48654
33,115,116,3.73838
33,115,130,3.72586
33,116,117,3.00316
33,116,131,4.21243
33,117,118,4.0
33,117,132,5.47402
33,118,119,5.20927
33,118,133,3.72586
33,119,134,4.94765
33,120,121,3.28982
33,120,135,4.49909
33,121,122,3.2773
33,121,136,5.47402
33,122,123,4.22495
33,122,137,3.99061
33,123,124,4.76384
33,123,138,4.00313
33,124,125,3.54205
33,124,139,3.26791
33,125,126,3.72586
33,125,140,5.48654
33,126,127,4.01252
33,126,141,4.48657
33,127,128,4.93512
33,127,142,3.72586
33,128,129,3.99061
33,128,143,4.00313
33,129,130,3.00316
33,129,144,3.54205
33,130,131,4.01252
33,130,145,5.19987
33,131,132,4.76384
33,131,146,4.47718
33,132,133,5.22179
33,132,147,4.01252
33,133,134,3.72586
33,133,148,4.75132
33,134,149,5.19987
33,135,136,3.55458
33,135,150,5.20927
33,136,137,4.49909
33,136,151,4.76384
33,137,138,4.27727
33,137,152,4.26475
33,138,139,4.27727
33,138,153,3.2773
33,139,140,4.27727
33,139,154,4.75132
33,140,141,3.26791
33,140,155,5.2124
33,141,142,4.26475
33,141,156,3.01568
33,142,143,3.26791
33,142,157,4.01252
33,143,144,3.26791
33,143,158,4.75132
33,144,145,5.22179
33,144,159,3.99061
33,145,146,3.54205
33,145,160,3.55458
33,146,147,4.0
33,146,161,3.28982
33,147,148,4.93512
33,147,162,4.47718
33,148,149,4.01252
33,148,163,4.00313
33,149,164,5.48654
33,150,151,5.20927
33,150,165,3.2773
33,151,152,4.75132
33,151,166,3.55458
33,152,153,3.73838
33,152,167,4.94765
33,153,154,3.00316
33,153,168,5.2124
33,154,155,4.26475
33,154,169,4.26475
33,155,156,3.55458
33,155,170,3.28982
33,156,157,4.94765
33,156,171,4.93512
33,157,158,4.93512
33,157,172,5.22179
33,158,159,4.48657
33,158,173,3.28043
33,159,160,4.47718
33,159,174,4.21243
33,160,161,4.76384
33,160,175,3.28982
33,161,162,4.75132
33,161,176,4.26475
33,162,163,3.00316
33,162,177,5.20927
33,163,164,5.2124
33,163,178,3.2773
33,164,179,4.0
33,165,166,3.2773
33,165,180,5.22179
33,166,167,3.54205
33,166,181,4.76384
33,167,168,4.94765
33,167,182,3.28982
33,168,169,3.01568
33,168,183,3.54205
33,169,170,3.54205
33,169,184,4.27727
33,170,171,4.00313
33,170,185,4.00313
33,171,172,3.73838
33,171,186,5.47402
33,172,173,5.22179
33,172,187,3.2773
33,173,174,4.48657
33,173,188,4.75132
33,174,175,3.28982
33,174,189,4.21243
33,175,176,4.47718
33,175,190,4.93512
33,176,177,3.73838
33,176,191,4.0
33,177,178,4.47718
33,177,192,3.2773
33,178,179,4.00313
33,178,193,4.01252
33,179,194,3.99061
33,180,181,4.27727
33,180,195,4.76384
33,181,182,3.2773
33,181,196,3.99061
33,182,183,5.20927
33,182,197,3.28043
33,183,184,3.55458
33,183,198,4.27727
33,184,185,3.28043
33,184,199,5.48654
33,185,186,5.48654
33,185,200,5.48654
33,186,187,3.73838
33,186,201,4.0
33,187,188,4.00313
33,187,202,3.54205
33,188,189,4.01252
33,188,203,5.19987
33,189,190,3.2773
33,189,204,4.0
33,190,191,3.72586
33,190,205,5.19987
33,191,192,3.01568
33,191,206,4.94765
33,192,193,4.48657
33,192,207,3.00316
33,193,194,5.19987
33,193,208,4.47718
33,194,209,3.55458
33,195,196,5.2124
33,195,210,4.49909
33,196,197,5.2124
33,196,211,3.73838
33,197,198,4.21243
33,197,212,3.54205
33,198,199,4.47718
33,198,213,5.22179
33,199,200,3.73838
33,199,214,3.54205
33,200,201,5.19987
33,200,215,4.76384
33,201,202,5.47402
33,201,216,3.2773
33,202,203,3.28043
33,202,217,3.55458
33,203,204,4.27727
33,203,218,4.4897
33,204,205,5.47402
33,204,219,3.54205
33,205,206,3.54205
33,205,220,4.21243
33,206,207,3.2773
33,206,221,4.22495
33,207,208,5.22179
33,207,222,4.22495
33,208,209,4.47718
33,208,223,3.2773
33,209,224,4.94765
33,210,211,5.2124
33,211,212,5.48654
33,212,213,5.2124
33,213,214,4.4897
33,214,215,4.49909
33,215,216,4.22495
33,216,217,3.72586
33,217,218,3.73838
33,218,219,4.01252
33,219,220,3.72586
33,220,221,4.93512
33,221,222,5.48654
33,222,223,3.28043
33,223,224,3.2773
34,0,1,4.09481
34,0,15,4.14043
34,1,2,4.01834
34,1,16,4.09481
34,2,3,4.0
34,2,17,3.71199
34,3,4,4.54247
34,3,18,4.15876
34,4,5,4.54247
34,4,19,4.0
34,5,6,4.92528
34,5,20,4.9709
34,6,7,3.68114
34,6,21,3.75761
34,7,8,4.51161
34,7,22,4.51161
34,8,9,3.75761
34,8,23,3.71199
34,9,10,3.61719
34,9,24,4.84881
34,10,11,4.92528
34,10,25,4.14043
34,11,12,4.49328
34,11,26,4.04562
34,12,13,4.89443
34,12,27,4.56081
34,13,14,4.0
34,13,28,4.98924
34,14,29,4.09481
34,15,16,4.01834
34,15,30,4.83048
34,16,17,4.54247
34,16,31,4.83048
34,17,18,4.89443
34,17,32,3.75761
34,18,19,4.84881
34,18,33,4.09481
34,19,20,4.98924
34,19,34,4.44766
34,20,21,4.14043
34,20,35,3.77595
34,21,22,4.9709
34,21,36,4.84881
34,22,23,3.71199
34,22,37,4.15876
34,23,24,4.84881
34,23,38,3.75761
34,24,25,4.54247
34,24,39,3.61719
34,25,26,4.94362
34,25,40,3.6628
34,26,27,4.15876
34,26,41,3.75761
34,27,28,4.58809
34,27,42,4.54247
34,28,29,4.49328
34,28,43,4.58809
34,29,44,4.58809
34,30,31,4.14043
34,30,45,4.83048
34,31,32,4.15876
34,31,46,4.49328
34,32,33,3.6628
34,32,47,4.83048
34,33,34,3.73033
34,33,48,4.54247
34,34,35,4.54247
34,34,49,3.63552
34,35,36,4.04562
34,35,50,3.6628
34,36,37,4.466
34,36,51,4.83048
34,37,38,4.51161
34,37,52,4.9709
34,38,39,4.89443
34,38,53,4.15876
34,39,40,3.75761
34,39,54,3.63552
34,40,41,4.49328
34,40,55,4.98924
34,41,42,4.11315
34,41,56,4.56081
34,42,43,4.98924
34,42,57,4.466
34,43,44,4.04562
34,43,58,4.15876
34,44,59,3.73033
34,45,46,3.73033
34,45,60,4.87609
34,46,47,4.44766
34,46,61,4.87609
34,47,48,4.89443
34,47,62,3.73033
34,48,49,4.49328
34,48,63,3.61719
34,49,50,4.14043
34,49,64,3.63552
34,50,51,4.94362
34,50,65,4.58809
34,51,52,4.01834
34,51,66,3.63552
34,52,53,3.77595
34,52,67,4.01834
34,53,54,4.01834
34,53,68,4.60642
34,54,55,3.63552
34,54,69,4.49328
34,55,56,4.54247
34,55,70,4.92528
34,56,57,4.98924
34,56,71,4.01834
34,57,58,4.04562
34,57,72,3.61719
34,58,59,4.56081
34,58,73,3.73033
34,59,74,3.68114
34,60,61,4.06395
34,60,75,4.04562
34,61,62,3.68114
34,61,76,4.56081
34,62,63,4.49328
34,62,77,4.04562
34,63,64,4.44766
34,63,78,4.60642
34,64,65,4.01834
34,64,79,4.92528
34,65,66,3.75761
34,65,80,4.51161
34,66,67,4.94362
34,66,81,4.54247
34,67,68,4.56081
34,67,82,4.9709
34,68,69,3.73033
34,68,83,4.44766
34,69,70,4.04562
34,69,84,4.54247
34,70,71,4.09481
34,70,85,4.84881
34,71,72,4.94362
34,71,86,3.73033
34,72,73,4.15876
34,72,87,4.87609
34,73,74,4.87609
34,73,88,4.87609
34,74,89,3.61719
34,75,76,4.58809
34,75,90,4.56081
34,76,77,3.63552
34,76,91,4.01834
34,77,78,3.71199
34,77,92,3.73033
34,78,79,3.68114
34,78,93,4.54247
34,79,80,4.56081
34,79,94,3.63552
34,80,81,4.01834
34,80,95,3.71199
34,81,82,4.0
34,81,96,4.56081
34,82,83,4.84881
34,82,97,4.04562
34,83,84,4.44766
34,83,98,4.60642
34,84,85,4.0
34,84,99,4.15876
34,85,86,3.77595
34,85,100,4.9709
34,86,87,4.11315
34,86,101,4.06395
34,87,88,4.94362
34,87,102,4.9709
34,88,89,4.51161
34,88,103,4.9709
34,89,104,4.87609
34,90,91,4.466
34,90,105,4.84881
34,91,92,3.71199
34,91,106,3.6628
34,92,93,3.73033
34,92,107,4.01834
34,93,94,3.73033
34,93,108,4.466
34,94,95,3.61719
34,94,109,3.71199
34,95,96,4.44766
34,95,110,3.63552
34,96,97,3.71199
34,96,111,3.6628
34,97,98,4.14043
34,97,112,4.06395
34,98,99,4.87609
34,98,113,3.73033
34,99,100,4.87609
34,99,114,4.9709
34,100,101,4.54247
34,100,115,3.6628
34,101,102,4.60642
34,101,116,3.68114
34,102,103,4.54247
34,102,117,3.73033
34,103,104,4.44766
34,103,118,4.58809
34,104,119,4.14043
34,105,106,4.466
34,105,120,4.54247
34,106,107,4.56081
34,106,121,4.466
34,107,108,3.71199
34,107,122,3.61719
34,108,109,3.63552
34,108,123,3.63552
34,109,110,4.54247
34,109,124,4.0
34,110,111,4.60642
34,110,125,4.44766
34,111,112,4.56081
34,111,126,4.98924
34,112,113,4.06395
34,112,127,3.61719
34,113,114,4.15876
34,113,128,4.60642
34,114,115,3.6628
34,114,129,3.68114
34,115,116,4.87609
34,115,130,4.83048
34,116,117,4.92528
34,116,131,4.54247
34,117,118,4.0
34,117,132,3.63552
34,118,119,3.61719
34,118,133,4.83048
34,119,134,4.49328
34,120,121,4.14043
34,120,135,3.75761
34,121,122,4.09481
34,121,136,3.63552
34,122,123,4.58809
34,122,137,4.84881
34,123,124,3.77595
34,123,138,4.89443
34,124,125,4.11315
34,124,139,4.94362
34,125,126,4.83048
34,125,140,3.68114
34,126,127,4.04562
34,126,141,3.71199
34,127,128,4.44766
34,127,142,4.83048
34,128,129,4.84881
34,128,143,4.89443
34,129,130,4.92528
34,129,144,4.11315
34,130,131,4.04562
34,130,145,4.466
34,131,132,3.77595
34,131,146,4.56081
34,132,133,3.6628
34,132,147,4.04562
34,133,134,4.83048
34,133,148,3.73033
34,134,149,4.466
34,135,136,4.15876
34,135,150,3.61719
34,136,137,3.75761
34,136,151,3.77595
34,137,138,4.06395
34,137,152,4.01834
34,138,139,4.06395
34,138,153,4.09481
34,139,140,4.06395
34,139,154,3.73033
34,140,141,4.94362
34,140,155,4.51161
34,141,142,4.01834
34,141,156,4.9709
34,142,143,4.94362
34,142,157,4.04562
34,143,144,4.94362
34,143,158,3.73033
34,144,145,3.6628
34,144,159,4.84881
34,145,146,4.11315
34,145,160,4.15876
34,146,147,4.0
34,146,161,4.14043
34,147,148,4.44766
34,147,162,4.56081
34,148,149,4.04562
34,148,163,4.89443
34,149,164,3.68114
34,150,151,3.61719
34,150,165,4.09481
34,151,152,3.73033
34,151,166,4.15876
34,152,153,4.87609
34,152,167,4.49328
34,153,154,4.92528
34,153,168,4.51161
34,154,155,4.01834
34,154,169,4.01834
34,155,156,4.15876
34,155,170,4.14043
34,156,157,4.49328
34,156,171,4.44766
34,157,158,4.44766
34,157,172,3.6628
34,158,159,3.71199
34,158,173,4.98924
34,159,160,4.56081
34,159,174,4.54247
34,160,161,3.77595
34,160,175,4.14043
34,161,162,3.73033
34,161,176,4.01834
34,162,163,4.92528
34,162,177,3.61719
34,163,164,4.51161
34,163,178,4.09481
34,164,179,4.0
34,165,166,4.09481
34,165,180,3.6628
34,166,167,4.11315
34,166,181,3.77595
34,167,168,4.49328
34,167,182,4.14043
34,168,169,4.9709
34,168,183,4.11315
34,169,170,4.11315
34,169,184,4.06395
34,170,171,4.89443
34,170,185,4.89443
34,171,172,4.87609
34,171,186,3.63552
34,172,173,3.6628
34,172,187,4.09481
34,173,174,3.71199
34,173,188,3.73033
34,174,175,4.14043
34,174,189,4.54247
34,175,176,4.56081
34,175,190,4.44766
34,176,177,4.87609
34,176,191,4.0
34,177,178,4.56081
34,177,192,4.09481
34,178,179,4.89443
34,178,193,4.04562
34,179,194,4.84881
34,180,181,4.06395
34,180,195,3.77595
34,181,182,4.09481
34,181,196,4.84881
34,182,183,3.61719
34,182,197,4.98924
34,183,184,4.15876
34,183,198,4.06395
34,184,185,4.98924
34,184,199,3.68114
34,185,186,3.68114
34,185,200,3.68114
34,186,187,4.87609
34,186,201,4.0
34,187,188,4.89443
34,187,202,4.11315
34,188,189,4.04562
34,188,203,4.466
34,189,190,4.09481
34,189,204,4.0
34,190,191,4.83048
34,190,205,4.466
34,191,192,4.9709
34,191,206,4.49328
34,192,193,3.71199
34,192,207,4.92528
34,193,194,4.466
34,193,208,4.56081
34,194,209,4.15876
34,195,196,4.51161
34,195,210,3.75761
34,196,197,4.51161
34,196,211,4.87609
34,197,198,4.54247
34,197,212,4.11315
34,198,199,4.56081
34,198,213,3.6628
34,199,200,4.87609
34,199,214,4.11315
34,200,201,4.466
34,200,215,3.77595
34,201,202,3.63552
34,201,216,4.09481
34,202,203,4.98924
34,202,217,4.15876
34,203,204,4.06395
34,203,218,4.60642
34,204,205,3.63552
34,204,219,4.11315
34,205,206,4.11315
34,205,220,4.54247
34,206,207,4.09481
34,206,221,4.58809
34,207,208,3.6628
34,207,222,4.58809
34,208,209,4.56081
34,208,223,4.09481
34,209,224,4.49328
34,210,211,4.51161
34,211,212,3.68114
34,212,213,4.51161
34,213,214,4.60642
34,214,215,3.75761
34,215,216,4.58809
34,216,217,4.83048
34,217,218,4.87609
34,218,219,4.04562
34,219,220,4.83048
34,220,221,4.44766
34,221,222,3.68114
34,222,223,4.98924
34,223,224,4.09481
35,0,1,3.8238
35,0,15,4.33854
35,1,2,4.55141
35,1,16,3.8238
35,2,3,4.0
35,2,17,4.02012
35,3,4,2.95665
35,3,18,4.88996
35,4,5,2.95665
35,4,19,4.0
35,5,6,2.76032
35,5,20,3.27507
35,6,7,5.26248
35,6,21,4.53487
35,7,8,4.19901
35,7,22,4.19901
35,8,9,4.53487
35,8,23,4.02012
35,9,10,4.19633
35,9,24,3.48794
35,10,11,2.76032
35,10,25,4.33854
35,11,12,3.6476
35,11,26,4.51474
35,12,13,4.00268
35,12,27,3.50807
35,13,14,4.0
35,13,28,3.82648
35,14,29,3.8238
35,15,16,4.55141
35,15,30,2.93653
35,16,17,2.95665
35,16,31,2.93653
35,17,18,4.00268
35,17,32,4.53487
35,18,19,3.48794
35,18,33,3.8238
35,19,20,3.82648
35,19,34,3.13285
35,20,21,4.33854
35,20,35,5.08628
35,21,22,3.27507
35,21,36,3.48794
35,22,23,4.02012
35,22,37,4.88996
35,23,24,3.48794
35,23,38,4.53487
35,24,25,2.95665
35,24,39,4.19633
35,25,26,3.31174
35,25,40,4.71107
35,26,27,4.88996
35,26,41,4.53487
35,27,28,3.47139
35,27,42,2.95665
35,28,29,3.6476
35,28,43,3.47139
35,29,44,3.47139
35,30,31,4.33854
35,30,45,2.93653
35,31,32,4.88996
35,31,46,3.6476
35,32,33,4.71107
35,32,47,2.93653
35,33,34,4.57154
35,33,48,2.95665
35,34,35,2.95665
35,34,49,4.74774
35,35,36,4.51474
35,35,50,4.71107
35,36,37,3.68427
35,36,51,2.93653
35,37,38,4.19901
35,37,52,3.27507
35,38,39,4.00268
35,38,53,4.88996
35,39,40,4.53487
35,39,54,4.74774
35,40,41,3.6476
35,40,55,3.82648
35,41,42,4.37521
35,41,56,3.50807
35,42,43,3.82648
35,42,57,3.68427
35,43,44,4.51474
35,43,58,4.88996
35,44,59,4.57154
35,45,46,4.57154
35,45,60,3.45127
35,46,47,3.13285
35,46,61,3.45127
35,47,48,4.00268
35,47,62,4.57154
35,48,49,3.6476
35,48,63,4.19633
35,49,50,4.33854
35,49,64,4.74774
35,50,51,3.31174
35,50,65,3.47139
35,51,52,4.55141
35,51,66,4.74774
35,52,53,5.08628
35,52,67,4.55141
35,53,54,4.55141
35,53,68,4.02281
35,54,55,4.74774
35,54,69,3.6476
35,55,56,2.95665
35,55,70,2.76032
35,56,57,3.82648
35,56,71,4.55141
35,57,58,4.51474
35,57,72,4.19633
35,58,59,3.50807
35,58,73,4.57154
35,59,74,5.26248
35,60,61,5.06616
35,60,75,4.51474
35,61,62,5.26248
35,61,76,3.50807
35,62,63,3.6476
35,62,77,4.51474
35,63,64,3.13285
35,63,78,4.02281
35,64,65,4.55141
35,64,79,2.76032
35,65,66,4.53487
35,65,80,4.19901
35,66,67,3.31174
35,66,81,2.95665
35,67,68,3.50807
35,67,82,3.27507
35,68,69,4.57154
35,68,83,3.13285
35,69,70,4.51474
35,69,84,2.95665
35,70,71,3.8238
35,70,85,3.48794
35,71,72,3.31174
35,71,86,4.57154
35,72,73,4.88996
35,72,87,3.45127
35,73,74,3.45127
35,73,88,3.45127
35,74,89,4.19633
35,75,76,3.47139
35,75,90,3.50807
35,76,77,4.74774
35,76,91,4.55141
35,77,78,4.02012
35,77,92,4.57154
35,78,79,5.26248
35,78,93,2.95665
35,79,80,3.50807
35,79,94,4.74774
35,80,81,4.55141
35,80,95,4.02012
35,81,82,4.0
35,81,96,3.50807
35,82,83,3.48794
35,82,97,4.51474
35,83,84,3.13285
35,83,98,4.02281
35,84,85,4.0
35,84,99,4.88996
35,85,86,5.08628
35,85,100,3.27507
35,86,87,4.37521
35,86,101,5.06616
35,87,88,3.31174
35,87,102,3.27507
35,88,89,4.19901
35,88,103,3.27507
35,89,104,3.45127
35,90,91,3.68427
35,90,105,3.48794
35,91,92,4.02012
35,91,106,4.71107
35,92,93,4.57154
35,92,107,4.55141
35,93,94,4.57154
35,93,108,3.68427
35,94,95,4.19633
35,94,109,4.02012
35,95,96,3.13285
35,95,110,4.74774
35,96,97,4.02012
35,96,111,4.71107
35,97,98,4.33854
35,97,112,5.06616
35,98,99,3.45127
35,98,113,4.57154
35,99,100,3.45127
35,99,114,3.27507
35,100,101,2.95665
35,100,115,4.71107
35,101,102,4.02281
35,101,116,5.26248
35,102,103,2.95665
35,102,117,4.57154
35,103,104,3.13285
35,103,118,3.47139
35,104,119,4.33854
35,105,106,3.68427
35,105,120,2.95665
35,106,107,3.50807
35,106,121,3.68427
35,107,108,4.02012
35,107,122,4.19633
35,108,109,4.74774
35,108,123,4.74774
35,109,110,2.95665
35,109,124,4.0
35,110,111,4.02281
35,110,125,3.13285
35,111,112,3.50807
35,111,126,3.82648
35,112,113,5.06616
35,112,127,4.19633
35,113,114,4.88996
35,113,128,4.02281
35,114,115,4.71107
35,114,129,5.26248
35,115,116,3.45127
35,115,130,2.93653
35,116,117,2.76032
35,116,131,2.95665
35,117,118,4.0
35,117,132,4.74774
35,118,119,4.19633
35,118,133,2.93653
35,119,134,3.6476
35,120,121,4.33854
35,120,135,4.53487
35,121,122,3.8238
35,121,136,4.74774
35,122,123,3.47139
35,122,137,3.48794
35,123,124,5.08628
35,123,138,4.00268
35,124,125,4.37521
35,124,139,3.31174
35,125,126,2.93653
35,125,140,5.26248
35,126,127,4.51474
35,126,141,4.02012
35,127,128,3.13285
35,127,142,2.93653
35,128,129,3.48794
35,128,143,4.00268
35,129,130,2.76032
35,129,144,4.37521
35,130,131,4.51474
35,130,145,3.68427
35,131,132,5.08628
35,131,146,3.50807
35,132,133,4.71107
35,132,147,4.51474
35,133,134,2.93653
35,133,148,4.57154
35,134,149,3.68427
35,135,136,4.88996
35,135,150,4.19633
35,136,137,4.53487
35,136,151,5.08628
35,137,138,5.06616
35,137,152,4.55141
35,138,139,5.06616
35,138,153,3.8238
35,139,140,5.06616
35,139,154,4.57154
35,140,141,3.31174
35,140,155,4.19901
35,141,142,4.55141
35,141,156,3.27507
35,142,143,3.31174
35,142,157,4.51474
35,143,144,3.31174
35,143,158,4.57154
35,144,145,4.71107
35,144,159,3.48794
35,145,146,4.37521
35,145,160,4.88996
35,146,147,4.0
35,146,161,4.33854
35,147,148,3.13285
35,147,162,3.50807
35,148,149,4.51474
35,148,163,4.00268
35,149,164,5.26248
35,150,151,4.19633
35,150,165,3.8238
35,151,152,4.57154
35,151,166,4.88996
35,152,153,3.45127
35,152,167,3.6476
35,153,154,2.76032
35,153,168,4.19901
35,154,155,4.55141
35,154,169,4.55141
35,155,156,4.88996
35,155,170,4.33854
35,156,157,3.6476
35,156,171,3.13285
35,157,158,3.13285
35,157,172,4.71107
35,158,159,4.02012
35,158,173,3.82648
35,159,160,3.50807
35,159,174,2.95665
35,160,161,5.08628
35,160,175,4.33854
35,161,162,4.57154
35,161,176,4.55141
35,162,163,2.76032
35,162,177,4.19633
35,163,164,4.19901
35,163,178,3.8238
35,164,179,4.0
35,165,166,3.8238
35,165,180,4.71107
35,166,167,4.37521
35,166,181,5.08628
35,167,168,3.6476
35,167,182,4.33854
35,168,169,3.27507
35,168,183,4.37521
35,169,170,4.37521
35,169,184,5.06616
35,170,171,4.00268
35,170,185,4.00268
35,171,172,3.45127
35,171,186,4.74774
35,172,173,4.71107
35,172,187,3.8238
35,173,174,4.02012
35,173,188,4.57154
35,174,175,4.33854
35,174,189,2.95665
35,175,176,3.50807
35,175,190,3.13285
35,176,177,3.45127
35,176,191,4.0
35,177,178,3.50807
35,177,192,3.8238
35,178,179,4.00268
35,178,193,4.51474
35,179,194,3.48794
35,180,181,5.06616
35,180,195,5.08628
35,181,182,3.8238
35,181,196,3.48794
35,182,183,4.19633
35,182,197,3.82648
35,183,184,4.88996
35,183,198,5.06616
35,184,185,3.82648
35,184,199,5.26248
35,185,186,5.26248
35,185,200,5.26248
35,186,187,3.45127
35,186,201,4.0
35,187,188,4.00268
35,187,202,4.37521
35,188,189,4.51474
35,188,203,3.68427
35,189,190,3.8238
35,189,204,4.0
35,190,191,2.93653
35,190,205,3.68427
35,191,192,3.27507
35,191,206,3.6476
35,192,193,4.02012
35,192,207,2.76032
35,193,194,3.68427
35,193,208,3.50807
35,194,209,4.88996
35,195,196,4.19901
35,195,210,4.53487
35,196,197,4.19901
35,196,211,3.45127
35,197,198,2.95665
35,197,212,4.37521
35,198,199,3.50807
35,198,213,4.71107
35,199,200,3.45127
35,199,214,4.37521
35,200,201,3.68427
35,200,215,5.08628
35,201,202,4.74774
35,201,216,3.8238
35,202,203,3.82648
35,202,217,4.88996
35,203,204,5.06616
35,203,218,4.02281
35,204,205,4.74774
35,204,219,4.37521
35,205,206,4.37521
35,205,220,2.95665
35,206,207,3.8238
35,206,221,3.47139
35,207,208,4.71107
35,207,222,3.47139
35,208,209,3.50807
35,208,223,3.8238
35,209,224,3.6476
35,210,211,4.19901
35,211,212,5.26248
35,212,213,4.19901
35,213,214,4.02281
35,214,215,4.53487
35,215,216,3.47139
35,216,217,2.93653
35,217,218,3.45127
35,218,219,4.51474
35,219,220,2.93653
35,220,221,3.13285
35,221,222,5.26248
35,222,223,3.82648
35,223,224,3.8238
36,0,1,3.62702
36,0,15,3.65386
36,1,2,3.87657
36,1,16,3.62702
36,2,3,4.0
36,2,17,4.21779
36,3,4,3.36809
36,3,18,3.53043
36,4,5,3.36809
36,4,19,4.0
36,5,6,2.77732
36,5,20,2.80415
36,6,7,4.49417
36,6,21,4.24463
36,7,8,3.64447
36,7,22,3.64447
36,8,9,4.24463
36,8,23,4.21779
36,9,10,4.59077
36,9,24,3.02686
36,10,11,2.77732
36,10,25,3.65386
36,11,12,3.7679
36,11,26,4.02683
36,12,13,3.0537
36,12,27,3.24466
36,13,14,4.0
36,13,28,2.68072
36,14,29,3.62702
36,15,16,3.87657
36,15,30,3.15029
36,16,17,3.36809
36,16,31,3.15029
36,17,18,3.0537
36,17,32,4.24463
36,18,19,3.02686
36,18,33,3.62702
36,19,20,2.68072
36,19,34,3.74106
36,20,21,3.65386
36,20,35,4.12119
36,21,22,2.80415
36,21,36,3.02686
36,22,23,4.21779
36,22,37,3.53043
36,23,24,3.02686
36,23,38,4.24463
36,24,25,3.36809
36,24,39,4.59077
36,25,26,2.65389
36,25,40,4.6176
36,26,27,3.53043
36,26,41,4.24463
36,27,28,3.39492
36,27,42,3.36809
36,28,29,3.7679
36,28,43,3.39492
36,29,44,3.39492
36,30,31,3.65386
36,30,45,3.15029
36,31,32,3.53043
36,31,46,3.7679
36,32,33,4.6176
36,32,47,3.15029
36,33,34,4.09436
36,33,48,3.36809
36,34,35,3.36809
36,34,49,4.46734
36,35,36,4.02683
36,35,50,4.6176
36,36,37,3.61763
36,36,51,3.15029
36,37,38,3.64447
36,37,52,2.80415
36,38,39,3.0537
36,38,53,3.53043
36,39,40,4.24463
36,39,54,4.46734
36,40,41,3.7679
36,40,55,2.68072
36,41,42,3.50359
36,41,56,3.24466
36,42,43,2.68072
36,42,57,3.61763
36,43,44,4.02683
36,43,58,3.53043
36,44,59,4.09436
36,45,46,4.09436
36,45,60,3.17713
36,46,47,3.74106
36,46,61,3.17713
36,47,48,3.0537
36,47,62,4.09436
36,48,49,3.7679
36,48,63,4.59077
36,49,50,3.65386
36,49,64,4.46734
36,50,51,2.65389
36,50,65,3.39492
36,51,52,3.87657
36,51,66,4.46734
36,52,53,4.12119
36,52,67,3.87657
36,53,54,3.87657
36,53,68,3.27149
36,54,55,4.46734
36,54,69,3.7679
36,55,56,3.36809
36,55,70,2.77732
36,56,57,2.68072
36,56,71,3.87657
36,57,58,4.02683
36,57,72,4.59077
36,58,59,3.24466
36,58,73,4.09436
36,59,74,4.49417
36,60,61,3.9034
36,60,75,4.02683
36,61,62,4.49417
36,61,76,3.24466
36,62,63,3.7679
36,62,77,4.02683
36,63,64,3.74106
36,63,78,3.27149
36,64,65,3.87657
36,64,79,2.77732
36,65,66,4.24463
36,65,80,3.64447
36,66,67,2.65389
36,66,81,3.36809
36,67,68,3.24466
36,67,82,2.80415
36,68,69,4.09436
36,68,83,3.74106
36,69,70,4.02683
36,69,84,3.36809
36,70,71,3.62702
36,70,85,3.02686
36,71,72,2.65389
36,71,86,4.09436
36,72,73,3.53043
36,72,87,3.17713
36,73,74,3.17713
36,73,88,3.17713
36,74,89,4.59077
36,75,76,3.39492
36,75,90,3.24466
36,76,77,4.46734
36,76,91,3.87657
36,77,78,4.21779
36,77,92,4.09436
36,78,79,4.49417
36,78,93,3.36809
36,79,80,3.24466
36,79,94,4.46734
36,80,81,3.87657
36,80,95,4.21779
36,81,82,4.0
36,81,96,3.24466
36,82,83,3.02686
36,82,97,4.02683
36,83,84,3.74106
36,83,98,3.27149
36,84,85,4.0
36,84,99,3.53043
36,85,86,4.12119
36,85,100,2.80415
36,86,87,3.50359
36,86,101,3.9034
36,87,88,2.65389
36,87,102,2.80415
36,88,89,3.64447
36,88,103,2.80415
36,89,104,3.17713
36,90,91,3.61763
36,90,105,3.02686
36,91,92,4.21779
36,91,106,4.6176
36,92,93,4.09436
36,92,107,3.87657
36,93,94,4.09436
36,93,108,3.61763
36,94,95,4.59077
36,94,109,4.21779
36,95,96,3.74106
36,95,110,4.46734
36,96,97,4.21779
36,96,111,4.6176
36,97,98,3.65386
36,97,112,3.9034
36,98,99,3.17713
36,98,113,4.09436
36,99,100,3.17713
36,99,114,2.80415
36,100,101,3.36809
36,100,115,4.6176
36,101,102,3.27149
36,101,116,4.49417
36,102,103,3.36809
36,102,117,4.09436
36,103,104,3.74106
36,103,118,3.39492
36,104,119,3.65386
36,105,106,3.61763
36,105,120,3.36809
36,106,107,3.24466
36,106,121,3.61763
36,107,108,4.21779
36,107,122,4.59077
36,108,109,4.46734
36,108,123,4.46734
36,109,110,3.36809
36,109,124,4.0
36,110,111,3.27149
36,110,125,3.74106
36,111,112,3.24466
36,111,126,2.68072
36,112,113,3.9034
36,112,127,4.59077
36,113,114,3.53043
36,113,128,3.27149
36,114,115,4.6176
36,114,129,4.49417
36,115,116,3.17713
36,115,130,3.15029
36,116,117,2.77732
36,116,131,3.36809
36,117,118,4.0
36,117,132,4.46734
36,118,119,4.59077
36,118,133,3.15029
36,119,134,3.7679
36,120,121,3.65386
36,120,135,4.24463
36,121,122,3.62702
36,121,136,4.46734
36,122,123,3.39492
36,122,137,3.02686
36,123,124,4.12119
36,123,138,3.0537
36,124,125,3.50359
36,124,139,2.65389
36,125,126,3.15029
36,125,140,4.49417
36,126,127,4.02683
36,126,141,4.21779
36,127,128,3.74106
36,127,142,3.15029
36,128,129,3.02686
36,128,143,3.0537
36,129,130,2.77732
36,129,144,3.50359
36,130,131,4.02683
36,130,145,3.61763
36,131,132,4.12119
36,131,146,3.24466
36,132,133,4.6176
36,132,147,4.02683
36,133,134,3.15029
36,133,148,4.09436
36,134,149,3.61763
36,135,136,3.53043
36,135,150,4.59077
36,136,137,4.24463
36,136,151,4.12119
36,137,138,3.9034
36,137,152,3.87657
36,138,139,3.9034
36,138,153,3.62702
36,139,140,3.9034
36,139,154,4.09436
36,140,141,2.65389
36,140,155,3.64447
36,141,142,3.87657
36,141,156,2.80415
36,142,143,2.65389
36,142,157,4.02683
36,143,144,2.65389
36,143,158,4.09436
36,144,145,4.6176
36,144,159,3.02686
36,145,146,3.50359
36,145,160,3.53043
36,146,147,4.0
36,146,161,3.65386
36,147,148,3.74106
36,147,162,3.24466
36,148,149,4.02683
36,148,163,3.0537
36,149,164,4.49417
36,150,151,4.59077
36,150,165,3.62702
36,151,152,4.09436
36,151,166,3.53043
36,152,153,3.17713
36,152,167,3.7679
36,153,154,2.77732
36,153,168,3.64447
36,154,155,3.87657
36,154,169,3.87657
36,155,156,3.53043
36,155,170,3.65386
36,156,157,3.7679
36,156,171,3.74106
36,157,158,3.74106
36,157,172,4.6176
36,158,159,4.21779
36,158,173,2.68072
36,159,160,3.24466
36,159,174,3.36809
36,160,161,4.12119
36,160,175,3.65386
36,161,162,4.09436
36,161,176,3.87657
36,162,163,2.77732
36,162,177,4.59077
36,163,164,3.64447
36,163,178,3.62702
36,164,179,4.0
36,165,166,3.62702
36,165,180,4.6176
36,166,167,3.50359
36,166,181,4.12119
36,167,168,3.7679
36,167,182,3.65386
36,168,169,2.80415
36,168,183,3.50359
36,169,170,3.50359
36,169,184,3.9034
36,170,171,3.0537
36,170,185,3.0537
36,171,172,3.17713
36,171,186,4.46734
36,172,173,4.6176
36,172,187,3.62702
36,173,174,4.21779
36,173,188,4.09436
36,174,175,3.65386
36,174,189,3.36809
36,175,176,3.24466
36,175,190,3.74106
36,176,177,3.17713
36,176,191,4.0
36,177,178,3.24466
36,177,192,3.62702
36,178,179,3.0537
36,178,193,4.02683
36,179,194,3.02686
36,180,181,3.9034
36,180,195,4.12119
36,181,182,3.62702
36,181,196,3.02686
36,182,183,4.59077
36,182,197,2.68072
36,183,184,3.53043
36,183,198,3.9034
36,184,185,2.68072
36,184,199,4.49417
36,185,186,4.49417
36,185,200,4.49417
36,186,187,3.17713
36,186,201,4.0
36,187,188,3.0537
36,187,202,3.50359
36,188,189,4.02683
36,188,203,3.61763
36,189,190,3.62702
36,189,204,4.0
36,190,191,3.15029
36,190,205,3.61763
36,191,192,2.80415
36,191,206,3.7679
36,192,193,4.21779
36,192,207,2.77732
36,193,194,3.61763
36,193,208,3.24466
36,194,209,3.53043
36,195,196,3.64447
36,195,210,4.24463
36,196,197,3.64447
36,196,211,3.17713
36,197,198,3.36809
36,197,212,3.50359
36,198,199,3.24466
36,198,213,4.6176
36,199,200,3.17713
36,199,214,3.50359
36,200,201,3.61763
36,200,215,4.12119
36,201,202,4.46734
36,201,216,3.62702
36,202,203,2.68072
36,202,217,3.53043
36,203,204,3.9034
36,203,218,3.27149
36,204,205,4.46734
36,204,219,3.50359
36,205,206,3.50359
36,205,220,3.36809
36,206,207,3.62702
36,206,221,3.39492
36,207,208,4.6176
36,207,222,3.39492
36,208,209,3.24466
36,208,223,3.62702
36,209,224,3.7679
36,210,211,3.64447
36,211,212,4.49417
36,212,213,3.64447
36,213,214,3.27149
36,214,215,4.24463
36,215,216,3.39492
36,216,217,3.15029
36,217,218,3.17713
36,218,219,4.02683
36,219,220,3.15029
36,220,221,3.74106
36,221,222,4.49417
36,222,223,2.68072
36,223,224,3.62702
37,0,1,3.91235
37,0,15,3.87657
37,1,2,4.08587
37,1,16,3.91235
37,2,3,4.0
37,2,17,3.91145
37,3,4,4.3855
37,3,18,3.96243
37,4,5,4.3855
37,4,19,4.0
37,5,6,4.38639
37,5,20,4.35062
37,6,7,4.04919
37,6,21,3.87567
37,7,8,4.52324
37,7,22,4.52324
37,8,9,3.87567
37,8,23,3.91145
37,9,10,3.99911
37,9,24,4.55991
37,10,11,4.38639
37,10,25,3.87657
37,11,12,4.43737
37,11,26,3.96422
37,12,13,4.52413
37,12,27,4.47136
37,13,14,4.0
37,13,28,4.43648
37,14,29,3.91235
37,15,16,4.08587
37,15,30,4.47405
37,16,17,4.3855
37,16,31,4.47405
37,17,18,4.52413
37,17,32,3.87567
37,18,19,4.55991
37,18,33,3.91235
37,19,20,4.43648
37,19,34,4.47315
37,20,21,3.87657
37,20,35,3.96154
37,21,22,4.35062
37,21,36,4.55991
37,22,23,3.91145
37,22,37,3.96243
37,23,24,4.55991
37,23,38,3.87567
37,24,25,4.3855
37,24,39,3.99911
37,25,26,4.47226
37,25,40,3.96333
37,26,27,3.96243
37,26,41,3.87567
37,27,28,4.34972
37,27,42,4.3855
37,28,29,4.43737
37,28,43,4.34972
37,29,44,4.34972
37,30,31,3.87657
37,30,45,4.47405
37,31,32,3.96243
37,31,46,4.43737
37,32,33,3.96333
37,32,47,4.47405
37,33,34,3.99732
37,33,48,4.3855
37,34,35,4.3855
37,34,49,4.08497
37,35,36,3.96422
37,35,50,3.96333
37,36,37,4.55902
37,36,51,4.47405
37,37,38,4.52324
37,37,52,4.35062
37,38,39,4.52413
37,38,53,3.96243
37,39,40,3.87567
37,39,54,4.08497
37,40,41,4.43737
37,40,55,4.43648
37,41,42,3.99821
37,41,56,4.47136
37,42,43,4.43648
37,42,57,4.55902
37,43,44,3.96422
37,43,58,3.96243
37,44,59,3.99732
37,45,46,3.99732
37,45,60,4.43827
37,46,47,4.47315
37,46,61,4.43827
37,47,48,4.52413
37,47,62,3.99732
37,48,49,4.43737
37,48,63,3.99911
37,49,50,3.87657
37,49,64,4.08497
37,50,51,4.47226
37,50,65,4.34972
37,51,52,4.08587
37,51,66,4.08497
37,52,53,3.96154
37,52,67,4.08587
37,53,54,4.08587
37,53,68,4.43559
37,54,55,4.08497
37,54,69,4.43737
37,55,56,4.3855
37,55,70,4.38639
37,56,57,4.43648
37,56,71,4.08587
37,57,58,3.96422
37,57,72,3.99911
37,58,59,4.47136
37,58,73,3.99732
37,59,74,4.04919
37,60,61,4.05009
37,60,75,3.96422
37,61,62,4.04919
37,61,76,4.47136
37,62,63,4.43737
37,62,77,3.96422
37,63,64,4.47315
37,63,78,4.43559
37,64,65,4.08587
37,64,79,4.38639
37,65,66,3.87567
37,65,80,4.52324
37,66,67,4.47226
37,66,81,4.3855
37,67,68,4.47136
37,67,82,4.35062
37,68,69,3.99732
37,68,83,4.47315
37,69,70,3.96422
37,69,84,4.3855
37,70,71,3.91235
37,70,85,4.55991
37,71,72,4.47226
37,71,86,3.99732
37,72,73,3.96243
37,72,87,4.43827
37,73,74,4.43827
37,73,88,4.43827
37,74,89,3.99911
37,75,76,4.34972
37,75,90,4.47136
37,76,77,4.08497
37,76,91,4.08587
37,77,78,3.91145
37,77,92,3.99732
37,78,79,4.04919
37,78,93,4.3855
37,79,80,4.47136
37,79,94,4.08497
37,80,81,4.08587
37,80,95,3.91145
37,81,82,4.0
37,81,96,4.47136
37,82,83,4.55991
37,82,97,3.96422
37,83,84,4.47315
37,83,98,4.43559
37,84,85,4.0
37,84,99,3.96243
37,85,86,3.96154
37,85,100,4.35062
37,86,87,3.99821
37,86,101,4.05009
37,87,88,4.47226
37,87,102,4.35062
37,88,89,4.52324
37,88,103,4.35062
37,89,104,4.43827
37,90,91,4.55902
37,90,105,4.55991
37,91,92,3.91145
37,91,106,3.96333
37,92,93,3.99732
37,92,107,4.08587
37,93,94,3.99732
37,93,108,4.55902
37,94,95,3.99911
37,94,109,3.91145
37,95,96,4.47315
37,95,110,4.08497
37,96,97,3.91145
37,96,111,3.96333
37,97,98,3.87657
37,97,112,4.05009
37,98,99,4.43827
37,98,113,3.99732
37,99,100,4.43827
37,99,114,4.35062
37,100,101,4.3855
37,100,115,3.96333
37,101,102,4.43559
37,101,116,4.04919
37,102,103,4.3855
37,102,117,3.99732
37,103,104,4.47315
37,103,118,4.34972
37,104,119,3.87657
37,105,106,4.55902
37,105,120,4.3855
37,106,107,4.47136
37,106,121,4.55902
37,107,108,3.91145
37,107,122,3.99911
37,108,109,4.08497
37,108,123,4.08497
37,109,110,4.3855
37,109,124,4.0
37,110,111,4.43559
37,110,125,4.47315
37,111,112,4.47136
37,111,126,4.43648
37,112,113,4.05009
37,112,127,3.99911
37,113,114,3.96243
37,113,128,4.43559
37,114,115,3.96333
37,114,129,4.04919
37,115,116,4.43827
37,115,130,4.47405
37,116,117,4.38639
37,116,131,4.3855
37,117,118,4.0
37,117,132,4.08497
37,118,119,3.99911
37,118,133,4.47405
37,119,134,4.43737
37,120,121,3.87657
37,120,135,3.87567
37,121,122,3.91235
37,121,136,4.08497
37,122,123,4.34972
37,122,137,4.55991
37,123,124,3.96154
37,123,138,4.52413
37,124,125,3.99821
37,124,139,4.47226
37,125,126,4.47405
37,125,140,4.04919
37,126,127,3.96422
37,126,141,3.91145
37,127,128,4.47315
37,127,142,4.47405
37,128,129,4.55991
37,128,143,4.52413
37,129,130,4.38639
37,129,144,3.99821
37,130,131,3.96422
37,130,145,4.55902
37,131,132,3.96154
37,131,146,4.47136
37,132,133,3.96333
37,132,147,3.96422
37,133,134,4.47405
37,133,148,3.99732
37,134,149,4.55902
37,135,136,3.96243
37,135,150,3.99911
37,136,137,3.87567
37,136,151,3.96154
37,137,138,4.05009
37,137,152,4.08587
37,138,139,4.05009
37,138,153,3.91235
37,139,140,4.05009
37,139,154,3.99732
37,140,141,4.47226
37,140,155,4.52324
37,141,142,4.08587
37,141,156,4.35062
37,142,143,4.47226
37,142,157,3.96422
37,143,144,4.47226
37,143,158,3.99732
37,144,145,3.96333
37,144,159,4.55991
37,145,146,3.99821
37,145,160,3.96243
37,146,147,4.0
37,146,161,3.87657
37,147,148,4.47315
37,147,162,4.47136
37,148,149,3.96422
37,148,163,4.52413
37,149,164,4.04919
37,150,151,3.99911
37,150,165,3.91235
37,151,152,3.99732
37,151,166,3.96243
37,152,153,4.43827
37,152,167,4.43737
37,153,154,4.38639
37,153,168,4.52324
37,154,155,4.08587
37,154,169,4.08587
37,155,156,3.96243
37,155,170,3.87657
37,156,157,4.43737
37,156,171,4.47315
37,157,158,4.47315
37,157,172,3.96333
37,158,159,3.91145
37,158,173,4.43648
37,159,160,4.47136
37,159,174,4.3855
37,160,161,3.96154
37,160,175,3.87657
37,161,162,3.99732
37,161,176,4.08587
37,162,163,4.38639
37,162,177,3.99911
37,163,164,4.52324
37,163,178,3.91235
37,164,179,4.0
37,165,166,3.91235
37,165,180,3.96333
37,166,167,3.99821
37,166,181,3.96154
37,167,168,4.43737
37,167,182,3.87657
37,168,169,4.35062
37,168,183,3.99821
37,169,170,3.99821
37,169,184,4.05009
37,170,171,4.52413
37,170,185,4.52413
37,171,172,4.43827
37,171,186,4.08497
37,172,173,3.96333
37,172,187,3.91235
37,173,174,3.91145
37,173,188,3.99732
37,174,175,3.87657
37,174,189,4.3855
37,175,176,4.47136
37,175,190,4.47315
37,176,177,4.43827
37,176,191,4.0
37,177,178,4.47136
37,177,192,3.91235
37,178,179,4.52413
37,178,193,3.96422
37,179,194,4.55991
37,180,181,4.05009
37,180,195,3.96154
37,181,182,3.91235
37,181,196,4.55991
37,182,183,3.99911
37,182,197,4.43648
37,183,184,3.96243
37,183,198,4.05009
37,184,185,4.43648
37,184,199,4.04919
37,185,186,4.04919
37,185,200,4.04919
37,186,187,4.43827
37,186,201,4.0
37,187,188,4.52413
37,187,202,3.99821
37,188,189,3.96422
37,188,203,4.55902
37,189,190,3.91235
37,189,204,4.0
37,190,191,4.47405
37,190,205,4.55902
37,191,192,4.35062
37,191,206,4.43737
37,192,193,3.91145
37,192,207,4.38639
37,193,194,4.55902
37,193,208,4.47136
37,194,209,3.96243
37,195,196,4.52324
37,195,210,3.87567
37,196,197,4.52324
37,196,211,4.43827
37,197,198,4.3855
37,197,212,3.99821
37,198,199,4.47136
37,198,213,3.96333
37,199,200,4.43827
37,199,214,3.99821
37,200,201,4.55902
37,200,215,3.96154
37,201,202,4.08497
37,201,216,3.91235
37,202,203,4.43648
37,202,217,3.96243
37,203,204,4.05009
37,203,218,4.43559
37,204,205,4.08497
37,204,219,3.99821
37,205,206,3.99821
37,205,220,4.3855
37,206,207,3.91235
37,206,221,4.34972
37,207,208,3.96333
37,207,222,4.34972
37,208,209,4.47136
37,208,223,3.91235
37,209,224,4.43737
37,210,211,4.52324
37,211,212,4.04919
37,212,213,4.52324
37,213,214,4.43559
37,214,215,3.87567
37,215,216,4.34972
37,216,217,4.47405
37,217,218,4.43827
37,218,219,3.96422
37,219,220,4.47405
37,220,221,4.47315
37,221,222,4.04919
37,222,223,4.43648
37,223,224,3.91235
38,0,1,3.93023
38,0,15,3.10244
38,1,2,3.54608
38,1,16,3.93023
38,2,3,4.0
38,2,17,4.09078
38,3,4,3.81664
38,3,18,2.64852
38,4,5,3.81664
38,4,19,4.0
38,5,6,3.65609
38,5,20,2.8283
38,6,7,2.87884
38,6,21,3.26299
38,7,8,2.60469
38,7,22,2.60469
38,8,9,3.26299
38,8,23,4.09078
38,9,10,4.16055
38,9,24,3.27194
38,10,11,3.65609
38,10,25,3.10244
38,11,12,3.05862
38,11,26,3.17221
38,12,13,2.44414
38,12,27,3.36272
38,13,14,4.0
38,13,28,2.37438
38,14,29,3.93023
38,15,16,3.54608
38,15,30,3.72586
38,16,17,3.81664
38,16,31,3.72586
38,17,18,2.44414
38,17,32,3.26299
38,18,19,3.27194
38,18,33,3.93023
38,19,20,2.37438
38,19,34,3.88641
38,20,21,3.10244
38,20,35,2.80907
38,21,22,2.8283
38,21,36,3.27194
38,22,23,4.09078
38,22,37,2.64852
38,23,24,3.27194
38,23,38,3.26299
38,24,25,3.81664
38,24,39,4.16055
38,25,26,3.20217
38,25,40,3.33276
38,26,27,2.64852
38,26,41,3.26299
38,27,28,2.98885
38,27,42,3.81664
38,28,29,3.05862
38,28,43,2.98885
38,29,44,2.98885
38,30,31,3.10244
38,30,45,3.72586
38,31,32,2.64852
38,31,46,3.05862
38,32,33,3.33276
38,32,47,3.72586
38,33,34,3.63686
38,33,48,3.81664
38,34,35,3.81664
38,34,49,3.70663
38,35,36,3.17221
38,35,50,3.33276
38,36,37,3.43249
38,36,51,3.72586
38,37,38,2.60469
38,37,52,2.8283
38,38,39,2.44414
38,38,53,2.64852
38,39,40,3.26299
38,39,54,3.70663
38,40,41,3.05862
38,40,55,2.37438
38,41,42,3.47631
38,41,56,3.36272
38,42,43,2.37438
38,42,57,3.43249
38,43,44,3.17221
38,43,58,2.64852
38,44,59,3.63686
38,45,46,3.63686
38,45,60,2.89807
38,46,47,3.88641
38,46,61,2.89807
38,47,48,2.44414
38,47,62,3.63686
38,48,49,3.05862
38,48,63,4.16055
38,49,50,3.10244
38,49,64,3.70663
38,50,51,3.20217
38,50,65,2.98885
38,51,52,3.54608
38,51,66,3.70663
38,52,53,2.80907
38,52,67,3.54608
38,53,54,3.54608
38,53,68,2.53493
38,54,55,3.70663
38,54,69,3.05862
38,55,56,3.81664
38,55,70,3.65609
38,56,57,2.37438
38,56,71,3.54608
38,57,58,3.17221
38,57,72,4.16055
38,58,59,3.36272
38,58,73,3.63686
38,59,74,2.87884
38,60,61,2.71829
38,60,75,3.17221
38,61,62,2.87884
38,61,76,3.36272
38,62,63,3.05862
38,62,77,3.17221
38,63,64,3.88641
38,63,78,2.53493
38,64,65,3.54608
38,64,79,3.65609
38,65,66,3.26299
38,65,80,2.60469
38,66,67,3.20217
38,66,81,3.81664
38,67,68,3.36272
38,67,82,2.8283
38,68,69,3.63686
38,68,83,3.88641
38,69,70,3.17221
38,69,84,3.81664
38,70,71,3.93023
38,70,85,3.27194
38,71,72,3.20217
38,71,86,3.63686
38,72,73,2.64852
38,72,87,2.89807
38,73,74,2.89807
38,73,88,2.89807
38,74,89,4.16055
38,75,76,2.98885
38,75,90,3.36272
38,76,77,3.70663
38,76,91,3.54608
38,77,78,4.09078
38,77,92,3.63686
38,78,79,2.87884
38,78,93,3.81664
38,79,80,3.36272
38,79,94,3.70663
38,80,81,3.54608
38,80,95,4.09078
38,81,82,4.0
38,81,96,3.36272
38,82,83,3.27194
38,82,97,3.17221
38,83,84,3.88641
38,83,98,2.53493
38,84,85,4.0
38,84,99,2.64852
38,85,86,2.80907
38,85,100,2.8283
38,86,87,3.47631
38,86,101,2.71829
38,87,88,3.20217
38,87,102,2.8283
38,88,89,2.60469
38,88,103,2.8283
38,89,104,2.89807
38,90,91,3.43249
38,90,105,3.27194
38,91,92,4.09078
38,91,106,3.33276
38,92,93,3.63686
38,92,107,3.54608
38,93,94,3.63686
38,93,108,3.43249
38,94,95,4.16055
38,94,109,4.09078
38,95,96,3.88641
38,95,110,3.70663
38,96,97,4.09078
38,96,111,3.33276
38,97,98,3.10244
38,97,112,2.71829
38,98,99,2.89807
38,98,113,3.63686
38,99,100,2.89807
38,99,114,2.8283
38,100,101,3.81664
38,100,115,3.33276
38,101,102,2.53493
38,101,116,2.87884
38,102,103,3.81664
38,102,117,3.63686
38,103,104,3.88641
38,103,118,2.98885
38,104,119,3.10244
38,105,106,3.43249
38,105,120,3.81664
38,106,107,3.36272
38,106,121,3.43249
38,107,108,4.09078
38,107,122,4.16055
38,108,109,3.70663
38,108,123,3.70663
38,109,110,3.81664
38,109,124,4.0
38,110,111,2.53493
38,110,125,3.88641
38,111,112,3.36272
38,111,126,2.37438
38,112,113,2.71829
38,112,127,4.16055
38,113,114,2.64852
38,113,128,2.53493
38,114,115,3.33276
38,114,129,2.87884
38,115,116,2.89807
38,115,130,3.72586
38,116,117,3.65609
38,116,131,3.81664
38,117,118,4.0
38,117,132,3.70663
38,118,119,4.16055
38,118,133,3.72586
38,119,134,3.05862
38,120,121,3.10244
38,120,135,3.26299
38,121,122,3.93023
38,121,136,3.70663
38,122,123,2.98885
38,122,137,3.27194
38,123,124,2.80907
38,123,138,2.44414
38,124,125,3.47631
38,124,139,3.20217
38,125,126,3.72586
38,125,140,2.87884
38,126,127,3.17221
38,126,141,4.09078
38,127,128,3.88641
38,127,142,3.72586
38,128,129,3.27194
38,128,143,2.44414
38,129,130,3.65609
38,129,144,3.47631
38,130,131,3.17221
38,130,145,3.43249
38,131,132,2.80907
38,131,146,3.36272
38,132,133,3.33276
38,132,147,3.17221
38,133,134,3.72586
38,133,148,3.63686
38,134,149,3.43249
38,135,136,2.64852
38,135,150,4.16055
38,136,137,3.26299
38,136,151,2.80907
38,137,138,2.71829
38,137,152,3.54608
38,138,139,2.71829
38,138,153,3.93023
38,139,140,2.71829
38,139,154,3.63686
38,140,141,3.20217
38,140,155,2.60469
38,141,142,3.54608
38,141,156,2.8283
38,142,143,3.20217
38,142,157,3.17221
38,143,144,3.20217
38,143,158,3.63686
38,144,145,3.33276
38,144,159,3.27194
38,145,146,3.47631
38,145,160,2.64852
38,146,147,4.0
38,146,161,3.10244
38,147,148,3.88641
38,147,162,3.36272
38,148,149,3.17221
38,148,163,2.44414
38,149,164,2.87884
38,150,151,4.16055
38,150,165,3.93023
38,151,152,3.63686
38,151,166,2.64852
38,152,153,2.89807
38,152,167,3.05862
38,153,154,3.65609
38,153,168,2.60469
38,154,155,3.54608
38,154,169,3.54608
38,155,156,2.64852
38,155,170,3.10244
38,156,157,3.05862
38,156,171,3.88641
38,157,158,3.88641
38,157,172,3.33276
38,158,159,4.09078
38,158,173,2.37438
38,159,160,3.36272
38,159,174,3.81664
38,160,161,2.80907
38,160,175,3.10244
38,161,162,3.63686
38,161,176,3.54608
38,162,163,3.65609
38,162,177,4.16055
38,163,164,2.60469
38,163,178,3.93023
38,164,179,4.0
38,165,166,3.93023
38,165,180,3.33276
38,166,167,3.47631
38,166,181,2.80907
38,167,168,3.05862
38,167,182,3.10244
38,168,169,2.8283
38,168,183,3.47631
38,169,170,3.47631
38,169,184,2.71829
38,170,171,2.44414
38,170,185,2.44414
38,171,172,2.89807
38,171,186,3.70663
38,172,173,3.33276
38,172,187,3.93023
38,173,174,4.09078
38,173,188,3.63686
38,174,175,3.10244
38,174,189,3.81664
38,175,176,3.36272
38,175,190,3.88641
38,176,177,2.89807
38,176,191,4.0
38,177,178,3.36272
38,177,192,3.93023
38,178,179,2.44414
38,178,193,3.17221
38,179,194,3.27194
38,180,181,2.71829
38,180,195,2.80907
38,181,182,3.93023
38,181,196,3.27194
38,182,183,4.16055
38,182,197,2.37438
38,183,184,2.64852
38,183,198,2.71829
38,184,185,2.37438
38,184,199,2.87884
38,185,186,2.87884
38,185,200,2.87884
38,186,187,2.89807
38,186,201,4.0
38,187,188,2.44414
38,187,202,3.47631
38,188,189,3.17221
38,188,203,3.43249
38,189,190,3.93023
38,189,204,4.0
38,190,191,3.72586
38,190,205,3.43249
38,191,192,2.8283
38,191,206,3.05862
38,192,193,4.09078
38,192,207,3.65609
38,193,194,3.43249
38,193,208,3.36272
38,194,209,2.64852
38,195,196,2.60469
38,195,210,3.26299
38,196,197,2.60469
38,196,211,2.89807
38,197,198,3.81664
38,197,212,3.47631
38,198,199,3.36272
38,198,213,3.33276
38,199,200,2.89807
38,199,214,3.47631
38,200,201,3.43249
38,200,215,2.80907
38,201,202,3.70663
38,201,216,3.93023
38,202,203,2.37438
38,202,217,2.64852
38,203,204,2.71829
38,203,218,2.53493
38,204,205,3.70663
38,204,219,3.47631
38,205,206,3.47631
38,205,220,3.81664
38,206,207,3.93023
38,206,221,2.98885
38,207,208,3.33276
38,207,222,2.98885
38,208,209,3.36272
38,208,223,3.93023
38,209,224,3.05862
38,210,211,2.60469
38,211,212,2.87884
38,212,213,2.60469
38,213,214,2.53493
38,214,215,3.26299
38,215,216,2.98885
38,216,217,3.72586
38,217,218,2.89807
38,218,219,3.17221
38,219,220,3.72586
38,220,221,3.88641
38,221,222,2.87884
38,222,223,2.37438
38,223,224,3.93023
39,0,1,3.9034
39,0,15,3.52908
39,1,2,4.45347
39,1,16,3.9034
39,2,3,4.0
39,2,17,4.51161
39,3,4,4.67485
39,3,18,3.98256
39,4,5,4.67485
39,4,19,4.0
39,5,6,4.06663
39,5,20,3.69232
39,6,7,4.68737
39,6,21,4.13729
39,7,8,4.8506
39,7,22,4.8506
39,8,9,4.13729
39,8,23,4.51161
39,9,10,4.60821
39,9,24,4.61671
39,10,11,4.06663
39,10,25,3.52908
39,11,12,4.39713
39,11,26,3.62568
39,12,13,4.24239
39,12,27,5.12832
39,13,14,4.0
39,13,28,4.14579
39,14,29,3.9034
39,15,16,4.45347
39,15,30,4.16323
39,16,17,4.67485
39,16,31,4.16323
39,17,18,4.24239
39,17,32,4.13729
39,18,19,4.61671
39,18,33,3.9034
39,19,20,4.14579
39,19,34,4.77144
39,20,21,3.52908
39,20,35,4.59077
39,21,22,3.69232
39,21,36,4.61671
39,22,23,4.51161
39,22,37,3.98256
39,23,24,4.61671
39,23,38,4.13729
39,24,25,4.67485
39,24,39,4.60821
39,25,26,4.52011
39,25,40,4.23389
39,26,27,3.98256
39,26,41,4.13729
39,27,28,4.30053
39,27,42,4.67485
39,28,29,4.39713
39,28,43,4.30053
39,29,44,4.30053
39,30,31,3.52908
39,30,45,4.16323
39,31,32,3.98256
39,31,46,4.39713
39,32,33,4.23389
39,32,47,4.16323
39,33,34,4.96509
39,33,48,4.67485
39,34,35,4.67485
39,34,49,5.06169
39,35,36,3.62568
39,35,50,4.23389
39,36,37,5.22492
39,36,51,4.16323
39,37,38,4.8506
39,37,52,3.69232
39,38,39,4.24239
39,38,53,3.98256
39,39,40,4.13729
39,39,54,5.06169
39,40,41,4.39713
39,40,55,4.14579
39,41,42,4.35688
39,41,56,5.12832
39,42,43,4.14579
39,42,57,5.22492
39,43,44,3.62568
39,43,58,3.98256
39,44,59,4.96509
39,45,46,4.96509
39,45,60,3.78892
39,46,47,4.77144
39,46,61,3.78892
39,47,48,4.24239
39,47,62,4.96509
39,48,49,4.39713
39,48,63,4.60821
39,49,50,3.52908
39,49,64,5.06169
39,50,51,4.52011
39,50,65,4.30053
39,51,52,4.45347
39,51,66,5.06169
39,52,53,4.59077
39,52,67,4.45347
39,53,54,4.45347
39,53,68,4.754
39,54,55,5.06169
39,54,69,4.39713
39,55,56,4.67485
39,55,70,4.06663
39,56,57,4.14579
39,56,71,4.45347
39,57,58,3.62568
39,57,72,4.60821
39,58,59,5.12832
39,58,73,4.96509
39,59,74,4.68737
39,60,61,4.07916
39,60,75,3.62568
39,61,62,4.68737
39,61,76,5.12832
39,62,63,4.39713
39,62,77,3.62568
39,63,64,4.77144
39,63,78,4.754
39,64,65,4.45347
39,64,79,4.06663
39,65,66,4.13729
39,65,80,4.8506
39,66,67,4.52011
39,66,81,4.67485
39,67,68,5.12832
39,67,82,3.69232
39,68,69,4.96509
39,68,83,4.77144
39,69,70,3.62568
39,69,84,4.67485
39,70,71,3.9034
39,70,85,4.61671
39,71,72,4.52011
39,71,86,4.96509
39,72,73,3.98256
39,72,87,3.78892
39,73,74,3.78892
39,73,88,3.78892
39,74,89,4.60821
39,75,76,4.30053
39,75,90,5.12832
39,76,77,5.06169
39,76,91,4.45347
39,77,78,4.51161
39,77,92,4.96509
39,78,79,4.68737
39,78,93,4.67485
39,79,80,5.12832
39,79,94,5.06169
39,80,81,4.45347
39,80,95,4.51161
39,81,82,4.0
39,81,96,5.12832
39,82,83,4.61671
39,82,97,3.62568
39,83,84,4.77144
39,83,98,4.754
39,84,85,4.0
39,84,99,3.98256
39,85,86,4.59077
39,85,100,3.69232
39,86,87,4.35688
39,86,101,4.07916
39,87,88,4.52011
39,87,102,3.69232
39,88,89,4.8506
39,88,103,3.69232
39,89,104,3.78892
39,90,91,5.22492
39,90,105,4.61671
39,91,92,4.51161
39,91,106,4.23389
39,92,93,4.96509
39,92,107,4.45347
39,93,94,4.96509
39,93,108,5.22492
39,94,95,4.60821
39,94,109,4.51161
39,95,96,4.77144
39,95,110,5.06169
39,96,97,4.51161
39,96,111,4.23389
39,97,98,3.52908
39,97,112,4.07916
39,98,99,3.78892
39,98,113,4.96509
39,99,100,3.78892
39,99,114,3.69232
39,100,101,4.67485
39,100,115,4.23389
39,101,102,4.754
39,101,116,4.68737
39,102,103,4.67485
39,102,117,4.96509
39,103,104,4.77144
39,103,118,4.30053
39,104,119,3.52908
39,105,106,5.22492
39,105,120,4.67485
39,106,107,5.12832
39,106,121,5.22492
39,107,108,4.51161
39,107,122,4.60821
39,108,109,5.06169
39,108,123,5.06169
39,109,110,4.67485
39,109,124,4.0
39,110,111,4.754
39,110,125,4.77144
39,111,112,5.12832
39,111,126,4.14579
39,112,113,4.07916
39,112,127,4.60821
39,113,114,3.98256
39,113,128,4.754
39,114,115,4.23389
39,114,129,4.68737
39,115,116,3.78892
39,115,130,4.16323
39,116,117,4.06663
39,116,131,4.67485
39,117,118,4.0
39,117,132,5.06169
39,118,119,4.60821
39,118,133,4.16323
39,119,134,4.39713
39,120,121,3.52908
39,120,135,4.13729
39,121,122,3.9034
39,121,136,5.06169
39,122,123,4.30053
39,122,137,4.61671
39,123,124,4.59077
39,123,138,4.24239
39,124,125,4.35688
39,124,139,4.52011
39,125,126,4.16323
39,125,140,4.68737
39,126,127,3.62568
39,126,141,4.51161
39,127,128,4.77144
39,127,142,4.16323
39,128,129,4.61671
39,128,143,4.24239
39,129,130,4.06663
39,129,144,4.35688
39,130,131,3.62568
39,130,145,5.22492
39,131,132,4.59077
39,131,146,5.12832
39,132,133,4.23389
39,132,147,3.62568
39,133,134,4.16323
39,133,148,4.96509
39,134,149,5.22492
39,135,136,3.98256
39,135,150,4.60821
39,136,137,4.13729
39,136,151,4.59077
39,137,138,4.07916
39,137,152,4.45347
39,138,139,4.07916
39,138,153,3.9034
39,139,140,4.07916
39,139,154,4.96509
39,140,141,4.52011
39,140,155,4.8506
39,141,142,4.45347
39,141,156,3.69232
39,142,143,4.52011
39,142,157,3.62568
39,143,144,4.52011
39,143,158,4.96509
39,144,145,4.23389
39,144,159,4.61671
39,145,146,4.35688
39,145,160,3.98256
39,146,147,4.0
39,146,161,3.52908
39,147,148,4.77144
39,147,162,5.12832
39,148,149,3.62568
39,148,163,4.24239
39,149,164,4.68737
39,150,151,4.60821
39,150,165,3.9034
39,151,152,4.96509
39,151,166,3.98256
39,152,153,3.78892
39,152,167,4.39713
39,153,154,4.06663
39,153,168,4.8506
39,154,155,4.45347
39,154,169,4.45347
39,155,156,3.98256
39,155,170,3.52908
39,156,157,4.39713
39,156,171,4.77144
39,157,158,4.77144
39,157,172,4.23389
39,158,159,4.51161
39,158,173,4.14579
39,159,160,5.12832
39,159,174,4.67485
39,160,161,4.59077
39,160,175,3.52908
39,161,162,4.96509
39,161,176,4.45347
39,162,163,4.06663
39,162,177,4.60821
39,163,164,4.8506
39,163,178,3.9034
39,164,179,4.0
39,165,166,3.9034
39,165,180,4.23389
39,166,167,4.35688
39,166,181,4.59077
39,167,168,4.39713
39,167,182,3.52908
39,168,169,3.69232
39,168,183,4.35688
39,169,170,4.35688
39,169,184,4.07916
39,170,171,4.24239
39,170,185,4.24239
39,171,172,3.78892
39,171,186,5.06169
39,172,173,4.23389
39,172,187,3.9034
39,173,174,4.51161
39,173,188,4.96509
39,174,175,3.52908
39,174,189,4.67485
39,175,176,5.12832
39,175,190,4.77144
39,176,177,3.78892
39,176,191,4.0
39,177,178,5.12832
39,177,192,3.9034
39,178,179,4.24239
39,178,193,3.62568
39,179,194,4.61671
39,180,181,4.07916
39,180,195,4.59077
39,181,182,3.9034
39,181,196,4.61671
39,182,183,4.60821
39,182,197,4.14579
39,183,184,3.98256
39,183,198,4.07916
39,184,185,4.14579
39,184,199,4.68737
39,185,186,4.68737
39,185,200,4.68737
39,186,187,3.78892
39,186,201,4.0
39,187,188,4.24239
39,187,202,4.35688
39,188,189,3.62568
39,188,203,5.22492
39,189,190,3.9034
39,189,204,4.0
39,190,191,4.16323
39,190,205,5.22492
39,191,192,3.69232
39,191,206,4.39713
39,192,193,4.51161
39,192,207,4.06663
39,193,194,5.22492
39,193,208,5.12832
39,194,209,3.98256
39,195,196,4.8506
39,195,210,4.13729
39,196,197,4.8506
39,196,211,3.78892
39,197,198,4.67485
39,197,212,4.35688
39,198,199,5.12832
39,198,213,4.23389
39,199,200,3.78892
39,199,214,4.35688
39,200,201,5.22492
39,200,215,4.59077
39,201,202,5.06169
39,201,216,3.9034
39,202,203,4.14579
39,202,217,3.98256
39,203,204,4.07916
39,203,218,4.754
39,204,205,5.06169
39,204,219,4.35688
39,205,206,4.35688
39,205,220,4.67485
39,206,207,3.9034
39,206,221,4.30053
39,207,208,4.23389
39,207,222,4.30053
39,208,209,5.12832
39,208,223,3.9034
39,209,224,4.39713
39,210,211,4.8506
39,211,212,4.68737
39,212,213,4.8506
39,213,214,4.754
39,214,215,4.13729
39,215,216,4.30053
39,216,217,4.16323
39,217,218,3.78892
39,218,219,3.62568
39,219,220,4.16323
39,220,221,4.77144
39,221,222,4.68737
39,222,223,4.14579
39,223,224,3.9034
40,0,1,3.88149
40,0,15,4.28532
40,1,2,3.62747
40,1,16,3.88149
40,2,3,4.0
40,2,17,4.32378
40,3,4,4.00984
40,3,18,3.91279
40,4,5,4.00984
40,4,19,4.0
40,5,6,3.56754
40,5,20,3.97138
40,6,7,4.4736
40,6,21,4.72762
40,7,8,4.15966
40,7,22,4.15966
40,8,9,4.72762
40,8,23,4.32378
40,9,10,4.44229
40,9,24,3.31353
40,10,11,3.56754
40,10,25,4.28532
40,11,12,4.53218
40,11,26,4.40383
40,12,13,3.71736
40,12,27,3.63731
40,13,14,4.0
40,13,28,3.59885
40,14,29,3.88149
40,15,16,3.62747
40,15,30,3.68606
40,16,17,4.00984
40,16,31,3.68606
40,17,18,3.71736
40,17,32,4.72762
40,18,19,3.31353
40,18,33,3.88149
40,19,20,3.59885
40,19,34,4.12835
40,20,21,4.28532
40,20,35,4.35509
40,21,22,3.97138
40,21,36,3.31353
40,22,23,4.32378
40,22,37,3.91279
40,23,24,3.31353
40,23,38,4.72762
40,24,25,4.00984
40,24,39,4.44229
40,25,26,3.19502
40,25,40,4.84613
40,26,27,3.91279
40,26,41,4.72762
40,27,28,4.41367
40,27,42,4.00984
40,28,29,4.53218
40,28,43,4.41367
40,29,44,4.41367
40,30,31,4.28532
40,30,45,3.68606
40,31,32,3.91279
40,31,46,4.53218
40,32,33,4.84613
40,32,47,3.68606
40,33,34,3.95125
40,33,48,4.00984
40,34,35,4.00984
40,34,49,4.06977
40,35,36,4.40383
40,35,50,4.84613
40,36,37,3.75582
40,36,51,3.68606
40,37,38,4.15966
40,37,52,3.97138
40,38,39,3.71736
40,38,53,3.91279
40,39,40,4.72762
40,39,54,4.06977
40,40,41,4.53218
40,40,55,3.59885
40,41,42,3.50896
40,41,56,3.63731
40,42,43,3.59885
40,42,57,3.75582
40,43,44,4.40383
40,43,58,3.91279
40,44,59,3.95125
40,45,46,3.95125
40,45,60,4.08989
40,46,47,4.12835
40,46,61,4.08989
40,47,48,3.71736
40,47,62,3.95125
40,48,49,4.53218
40,48,63,4.44229
40,49,50,4.28532
40,49,64,4.06977
40,50,51,3.19502
40,50,65,4.41367
40,51,52,3.62747
40,51,66,4.06977
40,52,53,4.35509
40,52,67,3.62747
40,53,54,3.62747
40,53,68,4.04114
40,54,55,4.06977
40,54,69,4.53218
40,55,56,4.00984
40,55,70,3.56754
40,56,57,3.59885
40,56,71,3.62747
40,57,58,4.40383
40,57,72,4.44229
40,58,59,3.63731
40,58,73,3.95125
40,59,74,4.4736
40,60,61,4.0313
40,60,75,4.40383
40,61,62,4.4736
40,61,76,3.63731
40,62,63,4.53218
40,62,77,4.40383
40,63,64,4.12835
40,63,78,4.04114
40,64,65,3.62747
40,64,79,3.56754
40,65,66,4.72762
40,65,80,4.15966
40,66,67,3.19502
40,66,81,4.00984
40,67,68,3.63731
40,67,82,3.97138
40,68,69,3.95125
40,68,83,4.12835
40,69,70,4.40383
40,69,84,4.00984
40,70,71,3.88149
40,70,85,3.31353
40,71,72,3.19502
40,71,86,3.95125
40,72,73,3.91279
40,72,87,4.08989
40,73,74,4.08989
40,73,88,4.08989
40,74,89,4.44229
40,75,76,4.41367
40,75,90,3.63731
40,76,77,4.06977
40,76,91,3.62747
40,77,78,4.32378
40,77,92,3.95125
40,78,79,4.4736
40,78,93,4.00984
40,79,80,3.63731
40,79,94,4.06977
40,80,81,3.62747
40,80,95,4.32378
40,81,82,4.0
40,81,96,3.63731
40,82,83,3.31353
40,82,97,4.40383
40,83,84,4.12835
40,83,98,4.04114
40,84,85,4.0
40,84,99,3.91279
40,85,86,4.35509
40,85,100,3.97138
40,86,87,3.50896
40,86,101,4.0313
40,87,88,3.19502
40,87,102,3.97138
40,88,89,4.15966
40,88,103,3.97138
40,89,104,4.08989
40,90,91,3.75582
40,90,105,3.31353
40,91,92,4.32378
40,91,106,4.84613
40,92,93,3.95125
40,92,107,3.62747
40,93,94,3.95125
40,93,108,3.75582
40,94,95,4.44229
40,94,109,4.32378
40,95,96,4.12835
40,95,110,4.06977
40,96,97,4.32378
40,96,111,4.84613
40,97,98,4.28532
40,97,112,4.0313
40,98,99,4.08989
40,98,113,3.95125
40,99,100,4.08989
40,99,114,3.97138
40,100,101,4.00984
40,100,115,4.84613
40,101,102,4.04114
40,101,116,4.4736
40,102,103,4.00984
40,102,117,3.95125
40,103,104,4.12835
40,103,118,4.41367
40,104,119,4.28532
40,105,106,3.75582
40,105,120,4.00984
40,106,107,3.63731
40,106,121,3.75582
40,107,108,4.32378
40,107,122,4.44229
40,108,109,4.06977
40,108,123,4.06977
40,109,110,4.00984
40,109,124,4.0
40,110,111,4.04114
40,110,125,4.12835
40,111,112,3.63731
40,111,126,3.59885
40,112,113,4.0313
40,112,127,4.44229
40,113,114,3.91279
40,113,128,4.04114
40,114,115,4.84613
40,114,129,4.4736
40,115,116,4.08989
40,115,130,3.68606
40,116,117,3.56754
40,116,131,4.00984
40,117,118,4.0
40,117,132,4.06977
40,118,119,4.44229
40,118,133,3.68606
40,119,134,4.53218
40,120,121,4.28532
40,120,135,4.72762
40,121,122,3.88149
40,121,136,4.06977
40,122,123,4.41367
40,122,137,3.31353
40,123,124,4.35509
40,123,138,3.71736
40,124,125,3.50896
40,124,139,3.19502
40,125,126,3.68606
40,125,140,4.4736
40,126,127,4.40383
40,126,141,4.32378
40,127,128,4.12835
40,127,142,3.68606
40,128,129,3.31353
40,128,143,3.71736
40,129,130,3.56754
40,129,144,3.50896
40,130,131,4.40383
40,130,145,3.75582
40,131,132,4.35509
40,131,146,3.63731
40,132,133,4.84613
40,132,147,4.40383
40,133,134,3.68606
40,133,148,3.95125
40,134,149,3.75582
40,135,136,3.91279
40,135,150,4.44229
40,136,137,4.72762
40,136,151,4.35509
40,137,138,4.0313
40,137,152,3.62747
40,138,139,4.0313
40,138,153,3.88149
40,139,140,4.0313
40,139,154,3.95125
40,140,141,3.19502
40,140,155,4.15966
40,141,142,3.62747
40,141,156,3.97138
40,142,143,3.19502
40,142,157,4.40383
40,143,144,3.19502
40,143,158,3.95125
40,144,145,4.84613
40,144,159,3.31353
40,145,146,3.50896
40,145,160,3.91279
40,146,147,4.0
40,146,161,4.28532
40,147,148,4.12835
40,147,162,3.63731
40,148,149,4.40383
40,148,163,3.71736
40,149,164,4.4736
40,150,151,4.44229
40,150,165,3.88149
40,151,152,3.95125
40,151,166,3.91279
40,152,153,4.08989
40,152,167,4.53218
40,153,154,3.56754
40,153,168,4.15966
40,154,155,3.62747
40,154,169,3.62747
40,155,156,3.91279
40,155,170,4.28532
40,156,157,4.53218
40,156,171,4.12835
40,157,158,4.12835
40,157,172,4.84613
40,158,159,4.32378
40,158,173,3.59885
40,159,160,3.63731
40,159,174,4.00984
40,160,161,4.35509
40,160,175,4.28532
40,161,162,3.95125
40,161,176,3.62747
40,162,163,3.56754
40,162,177,4.44229
40,163,164,4.15966
40,163,178,3.88149
40,164,179,4.0
40,165,166,3.88149
40,165,180,4.84613
40,166,167,3.50896
40,166,181,4.35509
40,167,168,4.53218
40,167,182,4.28532
40,168,169,3.97138
40,168,183,3.50896
40,169,170,3.50896
40,169,184,4.0313
40,170,171,3.71736
40,170,185,3.71736
40,171,172,4.08989
40,171,186,4.06977
40,172,173,4.84613
40,172,187,3.88149
40,173,174,4.32378
40,173,188,3.95125
40,174,175,4.28532
40,174,189,4.00984
40,175,176,3.63731
40,175,190,4.12835
40,176,177,4.08989
40,176,191,4.0
40,177,178,3.63731
40,177,192,3.88149
40,178,179,3.71736
40,178,193,4.40383
40,179,194,3.31353
40,180,181,4.0313
40,180,195,4.35509
40,181,182,3.88149
40,181,196,3.31353
40,182,183,4.44229
40,182,197,3.59885
40,183,184,3.91279
40,183,198,4.0313
40,184,185,3.59885
40,184,199,4.4736
40,185,186,4.4736
40,185,200,4.4736
40,186,187,4.08989
40,186,201,4.0
40,187,188,3.71736
40,187,202,3.50896
40,188,189,4.40383
40,188,203,3.75582
40,189,190,3.88149
40,189,204,4.0
40,190,191,3.68606
40,190,205,3.75582
40,191,192,3.97138
40,191,206,4.53218
40,192,193,4.32378
40,192,207,3.56754
40,193,194,3.75582
40,193,208,3.63731
40,194,209,3.91279
40,195,196,4.15966
40,195,210,4.72762
40,196,197,4.15966
40,196,211,4.08989
40,197,198,4.00984
40,197,212,3.50896
40,198,199,3.63731
40,198,213,4.84613
40,199,200,4.08989
40,199,214,3.50896
40,200,201,3.75582
40,200,215,4.35509
40,201,202,4.06977
40,201,216,3.88149
40,202,203,3.59885
40,202,217,3.91279
40,203,204,4.0313
40,203,218,4.04114
40,204,205,4.06977
40,204,219,3.50896
40,205,206,3.50896
40,205,220,4.00984
40,206,207,3.88149
40,206,221,4.41367
40,207,208,4.84613
40,207,222,4.41367
40,208,209,3.63731
40,208,223,3.88149
40,209,224,4.53218
40,210,211,4.15966
40,211,212,4.4736
40,212,213,4.15966
40,213,214,4.04114
40,214,215,4.72762
40,215,216,4.41367
40,216,217,3.68606
40,217,218,4.08989
40,218,219,4.40383
40,219,220,3.68606
40,220,221,4.12835
40,221,222,4.4736
40,222,223,3.59885
40,223,224,3.88149
41,0,1,4.43022
41,0,15,4.91813
41,1,2,4.31931
41,1,16,4.43022
41,2,3,4.0
41,2,17,4.04517
41,3,4,4.47852
41,3,18,5.23744
41,4,5,4.47852
41,4,19,4.0
41,5,6,4.86357
41,5,20,5.35148
41,6,7,4.42217
41,6,21,4.53308
41,7,8,4.85552
41,7,22,4.85552
41,8,9,4.53308
41,8,23,4.04517
41,9,10,3.61495
41,9,24,4.75266
41,10,11,4.86357
41,10,25,4.91813
41,11,12,4.53621
41,11,26,4.48791
41,12,13,5.24057
41,12,27,4.79783
41,13,14,4.0
41,13,28,5.67079
41,14,29,4.43022
41,15,16,4.31931
41,15,30,4.43335
41,16,17,4.47852
41,16,31,4.43335
41,17,18,5.24057
41,17,32,4.53308
41,18,19,4.75266
41,18,33,4.43022
41,19,20,5.67079
41,19,34,4.0483
41,20,21,4.91813
41,20,35,4.85239
41,21,22,5.35148
41,21,36,4.75266
41,22,23,4.04517
41,22,37,5.23744
41,23,24,4.75266
41,23,38,4.53308
41,24,25,4.47852
41,24,39,3.61495
41,25,26,5.18288
41,25,40,4.10286
41,26,27,5.23744
41,26,41,4.53308
41,27,28,4.96643
41,27,42,4.47852
41,28,29,4.53621
41,28,43,4.96643
41,29,44,4.96643
41,30,31,4.91813
41,30,45,4.43335
41,31,32,5.23744
41,31,46,4.53621
41,32,33,4.10286
41,32,47,4.43335
41,33,34,4.36448
41,33,48,4.47852
41,34,35,4.47852
41,34,49,3.93426
41,35,36,4.48791
41,35,50,4.10286
41,36,37,4.36761
41,36,51,4.43335
41,37,38,4.85552
41,37,52,5.35148
41,38,39,5.24057
41,38,53,5.23744
41,39,40,4.53308
41,39,54,3.93426
41,40,41,4.53621
41,40,55,5.67079
41,41,42,4.74953
41,41,56,4.79783
41,42,43,5.67079
41,42,57,4.36761
41,43,44,4.48791
41,43,58,5.23744
41,44,59,4.36448
41,45,46,4.36448
41,45,60,4.92126
41,46,47,4.0483
41,46,61,4.92126
41,47,48,5.24057
41,47,62,4.36448
41,48,49,4.53621
41,48,63,3.61495
41,49,50,4.91813
41,49,64,3.93426
41,50,51,5.18288
41,50,65,4.96643
41,51,52,4.31931
41,51,66,3.93426
41,52,53,4.85239
41,52,67,4.31931
41,53,54,4.31931
41,53,68,5.28574
41,54,55,3.93426
41,54,69,4.53621
41,55,56,4.47852
41,55,70,4.86357
41,56,57,5.67079
41,56,71,4.31931
41,57,58,4.48791
41,57,72,3.61495
41,58,59,4.79783
41,58,73,4.36448
41,59,74,4.42217
41,60,61,4.80722
41,60,75,4.48791
41,61,62,4.42217
41,61,76,4.79783
41,62,63,4.53621
41,62,77,4.48791
41,63,64,4.0483
41,63,78,5.28574
41,64,65,4.31931
41,64,79,4.86357
41,65,66,4.53308
41,65,80,4.85552
41,66,67,5.18288
41,66,81,4.47852
41,67,68,4.79783
41,67,82,5.35148
41,68,69,4.36448
41,68,83,4.0483
41,69,70,4.48791
41,69,84,4.47852
41,70,71,4.43022
41,70,85,4.75266
41,71,72,5.18288
41,71,86,4.36448
41,72,73,5.23744
41,72,87,4.92126
41,73,74,4.92126
41,73,88,4.92126
41,74,89,3.61495
41,75,76,4.96643
41,75,90,4.79783
41,76,77,3.93426
41,76,91,4.31931
41,77,78,4.04517
41,77,92,4.36448
41,78,79,4.42217
41,78,93,4.47852
41,79,80,4.79783
41,79,94,3.93426
41,80,81,4.31931
41,80,95,4.04517
41,81,82,4.0
41,81,96,4.79783
41,82,83,4.75266
41,82,97,4.48791
41,83,84,4.0483
41,83,98,5.28574
41,84,85,4.0
41,84,99,5.23744
41,85,86,4.85239
41,85,100,5.35148
41,86,87,4.74953
41,86,101,4.80722
41,87,88,5.18288
41,87,102,5.35148
41,88,89,4.85552
41,88,103,5.35148
41,89,104,4.92126
41,90,91,4.36761
41,90,105,4.75266
41,91,92,4.04517
41,91,106,4.10286
41,92,93,4.36448
41,92,107,4.31931
41,93,94,4.36448
41,93,108,4.36761
41,94,95,3.61495
41,94,109,4.04517
41,95,96,4.0483
41,95,110,3.93426
41,96,97,4.04517
41,96,111,4.10286
41,97,98,4.91813
41,97,112,4.80722
41,98,99,4.92126
41,98,113,4.36448
41,99,100,4.92126
41,99,114,5.35148
41,100,101,4.47852
41,100,115,4.10286
41,101,102,5.28574
41,101,116,4.42217
41,102,103,4.47852
41,102,117,4.36448
41,103,104,4.0483
41,103,118,4.96643
41,104,119,4.91813
41,105,106,4.36761
41,105,120,4.47852
41,106,107,4.79783
41,106,121,4.36761
41,107,108,4.04517
41,107,122,3.61495
41,108,109,3.93426
41,108,123,3.93426
41,109,110,4.47852
41,109,124,4.0
41,110,111,5.28574
41,110,125,4.0483
41,111,112,4.79783
41,111,126,5.67079
41,112,113,4.80722
41,112,127,3.61495
41,113,114,5.23744
41,113,128,5.28574
41,114,115,4.10286
41,114,129,4.42217
41,115,116,4.92126
41,115,130,4.43335
41,116,117,4.86357
41,116,131,4.47852
41,117,118,4.0
41,117,132,3.93426
41,118,119,3.61495
41,118,133,4.43335
41,119,134,4.53621
41,120,121,4.91813
41,120,135,4.53308
41,121,122,4.43022
41,121,136,3.93426
41,122,123,4.96643
41,122,137,4.75266
41,123,124,4.85239
41,123,138,5.24057
41,124,125,4.74953
41,124,139,5.18288
41,125,126,4.43335
41,125,140,4.42217
41,126,127,4.48791
41,126,141,4.04517
41,127,128,4.0483
41,127,142,4.43335
41,128,129,4.75266
41,128,143,5.24057
41,129,130,4.86357
41,129,144,4.74953
41,130,131,4.48791
41,130,145,4.36761
41,131,132,4.85239
41,131,146,4.79783
41,132,133,4.10286
41,132,147,4.48791
41,133,134,4.43335
41,133,148,4.36448
41,134,149,4.36761
41,135,136,5.23744
41,135,150,3.61495
41,136,137,4.53308
41,136,151,4.85239
41,137,138,4.80722
41,137,152,4.31931
41,138,139,4.80722
41,138,153,4.43022
41,139,140,4.80722
41,139,154,4.36448
41,140,141,5.18288
41,140,155,4.85552
41,141,142,4.31931
41,141,156,5.35148
41,142,143,5.18288
41,142,157,4.48791
41,143,144,5.18288
41,143,158,4.36448
41,144,145,4.10286
41,144,159,4.75266
41,145,146,4.74953
41,145,160,5.23744
41,146,147,4.0
41,146,161,4.91813
41,147,148,4.0483
41,147,162,4.79783
41,148,149,4.48791
41,148,163,5.24057
41,149,164,4.42217
41,150,151,3.61495
41,150,165,4.43022
41,151,152,4.36448
41,151,166,5.23744
41,152,153,4.92126
41,152,167,4.53621
41,153,154,4.86357
41,153,168,4.85552
41,154,155,4.31931
41,154,169,4.31931
41,155,156,5.23744
41,155,170,4.91813
41,156,157,4.53621
41,156,171,4.0483
41,157,158,4.0483
41,157,172,4.10286
41,158,159,4.04517
41,158,173,5.67079
41,159,160,4.79783
41,159,174,4.47852
41,160,161,4.85239
41,160,175,4.91813
41,161,162,4.36448
41,161,176,4.31931
41,162,163,4.86357
41,162,177,3.61495
41,163,164,4.85552
41,163,178,4.43022
41,164,179,4.0
41,165,166,4.43022
41,165,180,4.10286
41,166,167,4.74953
41,166,181,4.85239
41,167,168,4.53621
41,167,182,4.91813
41,168,169,5.35148
41,168,183,4.74953
41,169,170,4.74953
41,169,184,4.80722
41,170,171,5.24057
41,170,185,5.24057
41,171,172,4.92126
41,171,186,3.93426
41,172,173,4.10286
41,172,187,4.43022
41,173,174,4.04517
41,173,188,4.36448
41,174,175,4.91813
41,174,189,4.47852
41,175,176,4.79783
41,175,190,4.0483
41,176,177,4.92126
41,176,191,4.0
41,177,178,4.79783
41,177,192,4.43022
41,178,179,5.24057
41,178,193,4.48791
41,179,194,4.75266
41,180,181,4.80722
41,180,195,4.85239
41,181,182,4.43022
41,181,196,4.75266
41,182,183,3.61495
41,182,197,5.67079
41,183,184,5.23744
41,183,198,4.80722
41,184,185,5.67079
41,184,199,4.42217
41,185,186,4.42217
41,185,200,4.42217
41,186,187,4.92126
41,186,201,4.0
41,187,188,5.24057
41,187,202,4.74953
41,188,189,4.48791
41,188,203,4.36761
41,189,190,4.43022
41,189,204,4.0
41,190,191,4.43335
41,190,205,4.36761
41,191,192,5.35148
41,191,206,4.53621
41,192,193,4.04517
41,192,207,4.86357
41,193,194,4.36761
41,193,208,4.79783
41,194,209,5.23744
41,195,196,4.85552
41,195,210,4.53308
41,196,197,4.85552
41,196,211,4.92126
41,197,198,4.47852
41,197,212,4.74953
41,198,199,4.79783
41,198,213,4.10286
41,199,200,4.92126
41,199,214,4.74953
41,200,201,4.36761
41,200,215,4.85239
41,201,202,3.93426
41,201,216,4.43022
41,202,203,5.67079
41,202,217,5.23744
41,203,204,4.80722
41,203,218,5.28574
41,204,205,3.93426
41,204,219,4.74953
41,205,206,4.74953
41,205,220,4.47852
41,206,207,4.43022
41,206,221,4.96643
41,207,208,4.10286
41,207,222,4.96643
41,208,209,4.79783
41,208,223,4.43022
41,209,224,4.53621
41,210,211,4.85552
41,211,212,4.42217
41,212,213,4.85552
41,213,214,5.28574
41,214,215,4.53308
41,215,216,4.96643
41,216,217,4.43335
41,217,218,4.92126
41,218,219,4.48791
41,219,220,4.43335
41,220,221,4.0483
41,221,222,4.42217
41,222,223,5.67079
41,223,224,4.43022
42,0,1,4.66053
42,0,15,4.32334
42,1,2,4.42977
42,1,16,4.66053
42,2,3,4.0
42,2,17,4.84166
42,3,4,4.0729
42,3,18,4.75311
42,4,5,4.0729
42,4,19,4.0
42,5,6,3.89177
42,5,20,3.55458
42,6,7,4.27369
42,6,21,4.50446
42,7,8,3.50493
42,7,22,3.50493
42,8,9,4.50446
42,8,23,4.84166
42,9,10,4.18112
42,9,24,3.66101
42,10,11,3.89177
42,10,25,4.32334
42,11,12,3.07516
42,11,26,3.6628
42,12,13,3.32381
42,12,27,4.50267
42,13,14,4.0
42,13,28,3.98435
42,14,29,4.66053
42,15,16,4.42977
42,15,30,3.23124
42,16,17,4.0729
42,16,31,3.23124
42,17,18,3.32381
42,17,32,4.50446
42,18,19,3.66101
42,18,33,4.66053
42,19,20,3.98435
42,19,34,3.41236
42,20,21,4.32334
42,20,35,4.93423
42,21,22,3.55458
42,21,36,3.66101
42,22,23,4.84166
42,22,37,4.75311
42,23,24,3.66101
42,23,38,4.50446
42,24,25,4.0729
42,24,39,4.18112
42,25,26,4.32155
42,25,40,3.84392
42,26,27,4.75311
42,26,41,4.50446
42,27,28,3.7357
42,27,42,4.0729
42,28,29,3.07516
42,28,43,3.7357
42,29,44,3.7357
42,30,31,4.32334
42,30,45,3.23124
42,31,32,4.75311
42,31,46,3.07516
42,32,33,3.84392
42,32,47,3.23124
42,33,34,5.27143
42,33,48,4.0729
42,34,35,4.0729
42,34,49,4.61089
42,35,36,3.6628
42,35,50,3.84392
42,36,37,3.84213
42,36,51,3.23124
42,37,38,3.50493
42,37,52,3.55458
42,38,39,3.32381
42,38,53,4.75311
42,39,40,4.50446
42,39,54,4.61089
42,40,41,3.07516
42,40,55,3.98435
42,41,42,5.09031
42,41,56,4.50267
42,42,43,3.98435
42,42,57,3.84213
42,43,44,3.6628
42,43,58,4.75311
42,44,59,5.27143
42,45,46,5.27143
42,45,60,2.89404
42,46,47,3.41236
42,46,61,2.89404
42,47,48,3.32381
42,47,62,5.27143
42,48,49,3.07516
42,48,63,4.18112
42,49,50,4.32334
42,49,64,4.61089
42,50,51,4.32155
42,50,65,3.7357
42,51,52,4.42977
42,51,66,4.61089
42,52,53,4.93423
42,52,67,4.42977
42,53,54,4.42977
42,53,68,4.16547
42,54,55,4.61089
42,54,69,3.07516
42,55,56,4.0729
42,55,70,3.89177
42,56,57,3.98435
42,56,71,4.42977
42,57,58,3.6628
42,57,72,4.18112
42,58,59,4.50267
42,58,73,5.27143
42,59,74,4.27369
42,60,61,4.09257
42,60,75,3.6628
42,61,62,4.27369
42,61,76,4.50267
42,62,63,3.07516
42,62,77,3.6628
42,63,64,3.41236
42,63,78,4.16547
42,64,65,4.42977
42,64,79,3.89177
42,65,66,4.50446
42,65,80,3.50493
42,66,67,4.32155
42,66,81,4.0729
42,67,68,4.50267
42,67,82,3.55458
42,68,69,5.27143
42,68,83,3.41236
42,69,70,3.6628
42,69,84,4.0729
42,70,71,4.66053
42,70,85,3.66101
42,71,72,4.32155
42,71,86,5.27143
42,72,73,4.75311
42,72,87,2.89404
42,73,74,2.89404
42,73,88,2.89404
42,74,89,4.18112
42,75,76,3.7357
42,75,90,4.50267
42,76,77,4.61089
42,76,91,4.42977
42,77,78,4.84166
42,77,92,5.27143
42,78,79,4.27369
42,78,93,4.0729
42,79,80,4.50267
42,79,94,4.61089
42,80,81,4.42977
42,80,95,4.84166
42,81,82,4.0
42,81,96,4.50267
42,82,83,3.66101
42,82,97,3.6628
42,83,84,3.41236
42,83,98,4.16547
42,84,85,4.0
42,84,99,4.75311
42,85,86,4.93423
42,85,100,3.55458
42,86,87,5.09031
42,86,101,4.09257
42,87,88,4.32155
42,87,102,3.55458
42,88,89,3.50493
42,88,103,3.55458
42,89,104,2.89404
42,90,91,3.84213
42,90,105,3.66101
42,91,92,4.84166
42,91,106,3.84392
42,92,93,5.27143
42,92,107,4.42977
42,93,94,5.27143
42,93,108,3.84213
42,94,95,4.18112
42,94,109,4.84166
42,95,96,3.41236
42,95,110,4.61089
42,96,97,4.84166
42,96,111,3.84392
42,97,98,4.32334
42,97,112,4.09257
42,98,99,2.89404
42,98,113,5.27143
42,99,100,2.89404
42,99,114,3.55458
42,100,101,4.0729
42,100,115,3.84392
42,101,102,4.16547
42,101,116,4.27369
42,102,103,4.0729
42,102,117,5.27143
42,103,104,3.41236
42,103,118,3.7357
42,104,119,4.32334
42,105,106,3.84213
42,105,120,4.0729
42,106,107,4.50267
42,106,121,3.84213
42,107,108,4.84166
42,107,122,4.18112
42,108,109,4.61089
42,108,123,4.61089
42,109,110,4.0729
42,109,124,4.0
42,110,111,4.16547
42,110,125,3.41236
42,111,112,4.50267
42,111,126,3.98435
42,112,113,4.09257
42,112,127,4.18112
42,113,114,4.75311
42,113,128,4.16547
42,114,115,3.84392
42,114,129,4.27369
42,115,116,2.89404
42,115,130,3.23124
42,116,117,3.89177
42,116,131,4.0729
42,117,118,4.0
42,117,132,4.61089
42,118,119,4.18112
42,118,133,3.23124
42,119,134,3.07516
42,120,121,4.32334
42,120,135,4.50446
42,121,122,4.66053
42,121,136,4.61089
42,122,123,3.7357
42,122,137,3.66101
42,123,124,4.93423
42,123,138,3.32381
42,124,125,5.09031
42,124,139,4.32155
42,125,126,3.23124
42,125,140,4.27369
42,126,127,3.6628
42,126,141,4.84166
42,127,128,3.41236
42,127,142,3.23124
42,128,129,3.66101
42,128,143,3.32381
42,129,130,3.89177
42,129,144,5.09031
42,130,131,3.6628
42,130,145,3.84213
42,131,132,4.93423
42,131,146,4.50267
42,132,133,3.84392
42,132,147,3.6628
42,133,134,3.23124
42,133,148,5.27143
42,134,149,3.84213
42,135,136,4.75311
42,135,150,4.18112
42,136,137,4.50446
42,136,151,4.93423
42,137,138,4.09257
42,137,152,4.42977
42,138,139,4.09257
42,138,153,4.66053
42,139,140,4.09257
42,139,154,5.27143
42,140,141,4.32155
42,140,155,3.50493
42,141,142,4.42977
42,141,156,3.55458
42,142,143,4.32155
42,142,157,3.6628
42,143,144,4.32155
42,143,158,5.27143
42,144,145,3.84392
42,144,159,3.66101
42,145,146,5.09031
42,145,160,4.75311
42,146,147,4.0
42,146,161,4.32334
42,147,148,3.41236
42,147,162,4.50267
42,148,149,3.6628
42,148,163,3.32381
42,149,164,4.27369
42,150,151,4.18112
42,150,165,4.66053
42,151,152,5.27143
42,151,166,4.75311
42,152,153,2.89404
42,152,167,3.07516
42,153,154,3.89177
42,153,168,3.50493
42,154,155,4.42977
42,154,169,4.42977
42,155,156,4.75311
42,155,170,4.32334
42,156,157,3.07516
42,156,171,3.41236
42,157,158,3.41236
42,157,172,3.84392
42,158,159,4.84166
42,158,173,3.98435
42,159,160,4.50267
42,159,174,4.0729
42,160,161,4.93423
42,160,175,4.32334
42,161,162,5.27143
42,161,176,4.42977
42,162,163,3.89177
42,162,177,4.18112
42,163,164,3.50493
42,163,178,4.66053
42,164,179,4.0
42,165,166,4.66053
42,165,180,3.84392
42,166,167,5.09031
42,166,181,4.93423
42,167,168,3.07516
42,167,182,4.32334
42,168,169,3.55458
42,168,183,5.09031
42,169,170,5.09031
42,169,184,4.09257
42,170,171,3.32381
42,170,185,3.32381
42,171,172,2.89404
42,171,186,4.61089
42,172,173,3.84392
42,172,187,4.66053
42,173,174,4.84166
42,173,188,5.27143
42,174,175,4.32334
42,174,189,4.0729
42,175,176,4.50267
42,175,190,3.41236
42,176,177,2.89404
42,176,191,4.0
42,177,178,4.50267
42,177,192,4.66053
42,178,179,3.32381
42,178,193,3.6628
42,179,194,3.66101
42,180,181,4.09257
42,180,195,4.93423
42,181,182,4.66053
42,181,196,3.66101
42,182,183,4.18112
42,182,197,3.98435
42,183,184,4.75311
42,183,198,4.09257
42,184,185,3.98435
42,184,199,4.27369
42,185,186,4.27369
42,185,200,4.27369
42,186,187,2.89404
42,186,201,4.0
42,187,188,3.32381
42,187,202,5.09031
42,188,189,3.6628
42,188,203,3.84213
42,189,190,4.66053
42,189,204,4.0
42,190,191,3.23124
42,190,205,3.84213
42,191,192,3.55458
42,191,206,3.07516
42,192,193,4.84166
42,192,207,3.89177
42,193,194,3.84213
42,193,208,4.50267
42,194,209,4.75311
42,195,196,3.50493
42,195,210,4.50446
42,196,197,3.50493
42,196,211,2.89404
42,197,198,4.0729
42,197,212,5.09031
42,198,199,4.50267
42,198,213,3.84392
42,199,200,2.89404
42,199,214,5.09031
42,200,201,3.84213
42,200,215,4.93423
42,201,202,4.61089
42,201,216,4.66053
42,202,203,3.98435
42,202,217,4.75311
42,203,204,4.09257
42,203,218,4.16547
42,204,205,4.61089
42,204,219,5.09031
42,205,206,5.09031
42,205,220,4.0729
42,206,207,4.66053
42,206,221,3.7357
42,207,208,3.84392
42,207,222,3.7357
42,208,209,4.50267
42,208,223,4.66053
42,209,224,3.07516
42,210,211,3.50493
42,211,212,4.27369
42,212,213,3.50493
42,213,214,4.16547
42,214,215,4.50446
42,215,216,3.7357
42,216,217,3.23124
42,217,218,2.89404
42,218,219,3.6628
42,219,220,3.23124
42,220,221,3.41236
42,221,222,4.27369
42,222,223,3.98435
42,223,224,4.66053
43,0,1,4.22271
43,0,15,4.05814
43,1,2,4.22182
43,1,16,4.22271
43,2,3,4.0
43,2,17,3.71512
43,3,4,3.479
43,3,18,4.27996
43,4,5,3.479
43,4,19,4.0
43,5,6,3.98658
43,5,20,3.82201
43,6,7,3.54966
43,6,21,3.55055
43,7,8,3.31353
43,7,22,3.31353
43,8,9,3.55055
43,8,23,3.71512
43,9,10,3.49241
43,9,24,3.98569
43,10,11,3.98658
43,10,25,4.05814
43,11,12,3.09171
43,11,26,3.83543
43,12,13,3.82111
43,12,27,3.70081
43,13,14,4.0
43,13,28,4.04383
43,14,29,4.22271
43,15,16,4.22182
43,15,30,3.76387
43,16,17,3.479
43,16,31,3.76387
43,17,18,3.82111
43,17,32,3.55055
43,18,19,3.98569
43,18,33,4.22271
43,19,20,4.04383
43,19,34,3.25628
43,20,21,4.05814
43,20,35,3.77237
43,21,22,3.82201
43,21,36,3.98569
43,22,23,3.71512
43,22,37,4.27996
43,23,24,3.98569
43,23,38,3.55055
43,24,25,3.479
43,24,39,3.49241
43,25,26,4.2084
43,25,40,3.32784
43,26,27,4.27996
43,26,41,3.55055
43,27,28,3.31442
43,27,42,3.479
43,28,29,3.09171
43,28,43,3.31442
43,29,44,3.31442
43,30,31,4.05814
43,30,45,3.76387
43,31,32,4.27996
43,31,46,3.09171
43,32,33,3.32784
43,32,47,3.76387
43,33,34,3.93694
43,33,48,3.479
43,34,35,3.479
43,34,49,3.71423
43,35,36,3.83543
43,35,50,3.32784
43,36,37,3.4781
43,36,51,3.76387
43,37,38,3.31353
43,37,52,3.82201
43,38,39,3.82111
43,38,53,4.27996
43,39,40,3.55055
43,39,54,3.71423
43,40,41,3.09171
43,40,55,4.04383
43,41,42,4.44453
43,41,56,3.70081
43,42,43,4.04383
43,42,57,3.4781
43,43,44,3.83543
43,43,58,4.27996
43,44,59,3.93694
43,45,46,3.93694
43,45,60,3.5993
43,46,47,3.25628
43,46,61,3.5993
43,47,48,3.82111
43,47,62,3.93694
43,48,49,3.09171
43,48,63,3.49241
43,49,50,4.05814
43,49,64,3.71423
43,50,51,4.2084
43,50,65,3.31442
43,51,52,4.22182
43,51,66,3.71423
43,52,53,3.77237
43,52,67,4.22182
43,53,54,4.22182
43,53,68,3.53624
43,54,55,3.71423
43,54,69,3.09171
43,55,56,3.479
43,55,70,3.98658
43,56,57,4.04383
43,56,71,4.22182
43,57,58,3.83543
43,57,72,3.49241
43,58,59,3.70081
43,58,73,3.93694
43,59,74,3.54966
43,60,61,4.05724
43,60,75,3.83543
43,61,62,3.54966
43,61,76,3.70081
43,62,63,3.09171
43,62,77,3.83543
43,63,64,3.25628
43,63,78,3.53624
43,64,65,4.22182
43,64,79,3.98658
43,65,66,3.55055
43,65,80,3.31353
43,66,67,4.2084
43,66,81,3.479
43,67,68,3.70081
43,67,82,3.82201
43,68,69,3.93694
43,68,83,3.25628
43,69,70,3.83543
43,69,84,3.479
43,70,71,4.22271
43,70,85,3.98569
43,71,72,4.2084
43,71,86,3.93694
43,72,73,4.27996
43,72,87,3.5993
43,73,74,3.5993
43,73,88,3.5993
43,74,89,3.49241
43,75,76,3.31442
43,75,90,3.70081
43,76,77,3.71423
43,76,91,4.22182
43,77,78,3.71512
43,77,92,3.93694
43,78,79,3.54966
43,78,93,3.479
43,79,80,3.70081
43,79,94,3.71423
43,80,81,4.22182
43,80,95,3.71512
43,81,82,4.0
43,81,96,3.70081
43,82,83,3.98569
43,82,97,3.83543
43,83,84,3.25628
43,83,98,3.53624
43,84,85,4.0
43,84,99,4.27996
43,85,86,3.77237
43,85,100,3.82201
43,86,87,4.44453
43,86,101,4.05724
43,87,88,4.2084
43,87,102,3.82201
43,88,89,3.31353
43,88,103,3.82201
43,89,104,3.5993
43,90,91,3.4781
43,90,105,3.98569
43,91,92,3.71512
43,91,106,3.32784
43,92,93,3.93694
43,92,107,4.22182
43,93,94,3.93694
43,93,108,3.4781
43,94,95,3.49241
43,94,109,3.71512
43,95,96,3.25628
43,95,110,3.71423
43,96,97,3.71512
43,96,111,3.32784
43,97,98,4.05814
43,97,112,4.05724
43,98,99,3.5993
43,98,113,3.93694
43,99,100,3.5993
43,99,114,3.82201
43,100,101,3.479
43,100,115,3.32784
43,101,102,3.53624
43,101,116,3.54966
43,102,103,3.479
43,102,117,3.93694
43,103,104,3.25628
43,103,118,3.31442
43,104,119,4.05814
43,105,106,3.4781
43,105,120,3.479
43,106,107,3.70081
43,106,121,3.4781
43,107,108,3.71512
43,107,122,3.49241
43,108,109,3.71423
43,108,123,3.71423
43,109,110,3.479
43,109,124,4.0
43,110,111,3.53624
43,110,125,3.25628
43,111,112,3.70081
43,111,126,4.04383
43,112,113,4.05724
43,112,127,3.49241
43,113,114,4.27996
43,113,128,3.53624
43,114,115,3.32784
43,114,129,3.54966
43,115,116,3.5993
43,115,130,3.76387
43,116,117,3.98658
43,116,131,3.479
43,117,118,4.0
43,117,132,3.71423
43,118,119,3.49241
43,118,133,3.76387
43,119,134,3.09171
43,120,121,4.05814
43,120,135,3.55055
43,121,122,4.22271
43,121,136,3.71423
43,122,123,3.31442
43,122,137,3.98569
43,123,124,3.77237
43,123,138,3.82111
43,124,125,4.44453
43,124,139,4.2084
43,125,126,3.76387
43,125,140,3.54966
43,126,127,3.83543
43,126,141,3.71512
43,127,128,3.25628
43,127,142,3.76387
43,128,129,3.98569
43,128,143,3.82111
43,129,130,3.98658
43,129,144,4.44453
43,130,131,3.83543
43,130,145,3.4781
43,131,132,3.77237
43,131,146,3.70081
43,132,133,3.32784
43,132,147,3.83543
43,133,134,3.76387
43,133,148,3.93694
43,134,149,3.4781
43,135,136,4.27996
43,135,150,3.49241
43,136,137,3.55055
43,136,151,3.77237
43,137,138,4.05724
43,137,152,4.22182
43,138,139,4.05724
43,138,153,4.22271
43,139,140,4.05724
43,139,154,3.93694
43,140,141,4.2084
43,140,155,3.31353
43,141,142,4.22182
43,141,156,3.82201
43,142,143,4.2084
43,142,157,3.83543
43,143,144,4.2084
43,143,158,3.93694
43,144,145,3.32784
43,144,159,3.98569
43,145,146,4.44453
43,145,160,4.27996
43,146,147,4.0
43,146,161,4.05814
43,147,148,3.25628
43,147,162,3.70081
43,148,149,3.83543
43,148,163,3.82111
43,149,164,3.54966
43,150,151,3.49241
43,150,165,4.22271
43,151,152,3.93694
43,151,166,4.27996
43,152,153,3.5993
43,152,167,3.09171
43,153,154,3.98658
43,153,168,3.31353
43,154,155,4.22182
43,154,169,4.22182
43,155,156,4.27996
43,155,170,4.05814
43,156,157,3.09171
43,156,171,3.25628
43,157,158,3.25628
43,157,172,3.32784
43,158,159,3.71512
43,158,173,4.04383
43,159,160,3.70081
43,159,174,3.479
43,160,161,3.77237
43,160,175,4.05814
43,161,162,3.93694
43,161,176,4.22182
43,162,163,3.98658
43,162,177,3.49241
43,163,164,3.31353
43,163,178,4.22271
43,164,179,4.0
43,165,166,4.22271
43,165,180,3.32784
43,166,167,4.44453
43,166,181,3.77237
43,167,168,3.09171
43,167,182,4.05814
43,168,169,3.82201
43,168,183,4.44453
43,169,170,4.44453
43,169,184,4.05724
43,170,171,3.82111
43,170,185,3.82111
43,171,172,3.5993
43,171,186,3.71423
43,172,173,3.32784
43,172,187,4.22271
43,173,174,3.71512
43,173,188,3.93694
43,174,175,4.05814
43,174,189,3.479
43,175,176,3.70081
43,175,190,3.25628
43,176,177,3.5993
43,176,191,4.0
43,177,178,3.70081
43,177,192,4.22271
43,178,179,3.82111
43,178,193,3.83543
43,179,194,3.98569
43,180,181,4.05724
43,180,195,3.77237
43,181,182,4.22271
43,181,196,3.98569
43,182,183,3.49241
43,182,197,4.04383
43,183,184,4.27996
43,183,198,4.05724
43,184,185,4.04383
43,184,199,3.54966
43,185,186,3.54966
43,185,200,3.54966
43,186,187,3.5993
43,186,201,4.0
43,187,188,3.82111
43,187,202,4.44453
43,188,189,3.83543
43,188,203,3.4781
43,189,190,4.22271
43,189,204,4.0
43,190,191,3.76387
43,190,205,3.4781
43,191,192,3.82201
43,191,206,3.09171
43,192,193,3.71512
43,192,207,3.98658
43,193,194,3.4781
43,193,208,3.70081
43,194,209,4.27996
43,195,196,3.31353
43,195,210,3.55055
43,196,197,3.31353
43,196,211,3.5993
43,197,198,3.479
43,197,212,4.44453
43,198,199,3.70081
43,198,213,3.32784
43,199,200,3.5993
43,199,214,4.44453
43,200,201,3.4781
43,200,215,3.77237
43,201,202,3.71423
43,201,216,4.22271
43,202,203,4.04383
43,202,217,4.27996
43,203,204,4.05724
43,203,218,3.53624
43,204,205,3.71423
43,204,219,4.44453
43,205,206,4.44453
43,205,220,3.479
43,206,207,4.22271
43,206,221,3.31442
43,207,208,3.32784
43,207,222,3.31442
43,208,209,3.70081
43,208,223,4.22271
43,209,224,3.09171
43,210,211,3.31353
43,211,212,3.54966
43,212,213,3.31353
43,213,214,3.53624
43,214,215,3.55055
43,215,216,3.31442
43,216,217,3.76387
43,217,218,3.5993
43,218,219,3.83543
43,219,220,3.76387
43,220,221,3.25628
43,221,222,3.54966
43,222,223,4.04383
43,223,224,4.22271
44,0,1,4.76742
44,0,15,4.61268
44,1,2,3.6865
44,1,16,4.76742
44,2,3,4.0
44,2,17,4.67485
44,3,4,4.84568
44,3,18,4.29919
44,4,5,4.84568
44,4,19,4.0
44,5,6,4.93825
44,5,20,4.78352
44,6,7,3.43919
44,6,21,4.52011
44,7,8,3.61003
44,7,22,3.61003
44,8,9,4.52011
44,8,23,4.67485
44,9,10,3.90743
44,9,24,3.85734
44,10,11,4.93825
44,10,25,4.61268
44,11,12,3.92353
44,11,26,3.84526
44,12,13,3.7026
44,12,27,4.53218
44,13,14,4.0
44,13,28,4.47002
44,14,29,4.76742
44,15,16,3.6865
44,15,30,4.17084
44,16,17,4.84568
44,16,31,4.17084
44,17,18,3.7026
44,17,32,4.52011
44,18,19,3.85734
44,18,33,4.76742
44,19,20,4.47002
44,19,34,4.07826
44,20,21,4.61268
44,20,35,4.20661
44,21,22,4.78352
44,21,36,3.85734
44,22,23,4.67485
44,22,37,4.29919
44,23,24,3.85734
44,23,38,4.52011
44,24,25,4.84568
44,24,39,3.90743
44,25,26,4.62476
44,25,40,3.75269
44,26,27,4.29919
44,26,41,4.52011
44,27,28,4.69095
44,27,42,4.84568
44,28,29,3.92353
44,28,43,4.69095
44,29,44,4.69095
44,30,31,4.61268
44,30,45,4.17084
44,31,32,4.29919
44,31,46,3.92353
44,32,33,3.75269
44,32,47,4.17084
44,33,34,4.36135
44,33,48,4.84568
44,34,35,4.84568
44,34,49,3.59393
44,35,36,3.84526
44,35,50,3.75269
44,36,37,3.76477
44,36,51,4.17084
44,37,38,3.61003
44,37,52,4.78352
44,38,39,3.7026
44,38,53,4.29919
44,39,40,4.52011
44,39,54,3.59393
44,40,41,3.92353
44,40,55,4.47002
44,41,42,4.45392
44,41,56,4.53218
44,42,43,4.47002
44,42,57,3.76477
44,43,44,3.84526
44,43,58,4.29919
44,44,59,4.36135
44,45,46,4.36135
44,45,60,4.0161
44,46,47,4.07826
44,46,61,4.0161
44,47,48,3.7026
44,47,62,4.36135
44,48,49,3.92353
44,48,63,3.90743
44,49,50,4.61268
44,49,64,3.59393
44,50,51,4.62476
44,50,65,4.69095
44,51,52,3.6865
44,51,66,3.59393
44,52,53,4.20661
44,52,67,3.6865
44,53,54,3.6865
44,53,68,4.37745
44,54,55,3.59393
44,54,69,3.92353
44,55,56,4.84568
44,55,70,4.93825
44,56,57,4.47002
44,56,71,3.6865
44,57,58,3.84526
44,57,72,3.90743
44,58,59,4.53218
44,58,73,4.36135
44,59,74,3.43919
44,60,61,3.53177
44,60,75,3.84526
44,61,62,3.43919
44,61,76,4.53218
44,62,63,3.92353
44,62,77,3.84526
44,63,64,4.07826
44,63,78,4.37745
44,64,65,3.6865
44,64,79,4.93825
44,65,66,4.52011
44,65,80,3.61003
44,66,67,4.62476
44,66,81,4.84568
44,67,68,4.53218
44,67,82,4.78352
44,68,69,4.36135
44,68,83,4.07826
44,69,70,3.84526
44,69,84,4.84568
44,70,71,4.76742
44,70,85,3.85734
44,71,72,4.62476
44,71,86,4.36135
44,72,73,4.29919
44,72,87,4.0161
44,73,74,4.0161
44,73,88,4.0161
44,74,89,3.90743
44,75,76,4.69095
44,75,90,4.53218
44,76,77,3.59393
44,76,91,3.6865
44,77,78,4.67485
44,77,92,4.36135
44,78,79,3.43919
44,78,93,4.84568
44,79,80,4.53218
44,79,94,3.59393
44,80,81,3.6865
44,80,95,4.67485
44,81,82,4.0
44,81,96,4.53218
44,82,83,3.85734
44,82,97,3.84526
44,83,84,4.07826
44,83,98,4.37745
44,84,85,4.0
44,84,99,4.29919
44,85,86,4.20661
44,85,100,4.78352
44,86,87,4.45392
44,86,101,3.53177
44,87,88,4.62476
44,87,102,4.78352
44,88,89,3.61003
44,88,103,4.78352
44,89,104,4.0161
44,90,91,3.76477
44,90,105,3.85734
44,91,92,4.67485
44,91,106,3.75269
44,92,93,4.36135
44,92,107,3.6865
44,93,94,4.36135
44,93,108,3.76477
44,94,95,3.90743
44,94,109,4.67485
44,95,96,4.07826
44,95,110,3.59393
44,96,97,4.67485
44,96,111,3.75269
44,97,98,4.61268
44,97,112,3.53177
44,98,99,4.0161
44,98,113,4.36135
44,99,100,4.0161
44,99,114,4.78352
44,100,101,4.84568
44,100,115,3.75269
44,101,102,4.37745
44,101,116,3.43919
44,102,103,4.84568
44,102,117,4.36135
44,103,104,4.07826
44,103,118,4.69095
44,104,119,4.61268
44,105,106,3.76477
44,105,120,4.84568
44,106,107,4.53218
44,106,121,3.76477
44,107,108,4.67485
44,107,122,3.90743
44,108,109,3.59393
44,108,123,3.59393
44,109,110,4.84568
44,109,124,4.0
44,110,111,4.37745
44,110,125,4.07826
44,111,112,4.53218
44,111,126,4.47002
44,112,113,3.53177
44,112,127,3.90743
44,113,114,4.29919
44,113,128,4.37745
44,114,115,3.75269
44,114,129,3.43919
44,115,116,4.0161
44,115,130,4.17084
44,116,117,4.93825
44,116,131,4.84568
44,117,118,4.0
44,117,132,3.59393
44,118,119,3.90743
44,118,133,4.17084
44,119,134,3.92353
44,120,121,4.61268
44,120,135,4.52011
44,121,122,4.76742
44,121,136,3.59393
44,122,123,4.69095
44,122,137,3.85734
44,123,124,4.20661
44,123,138,3.7026
44,124,125,4.45392
44,124,139,4.62476
44,125,126,4.17084
44,125,140,3.43919
44,126,127,3.84526
44,126,141,4.67485
44,127,128,4.07826
44,127,142,4.17084
44,128,129,3.85734
44,128,143,3.7026
44,129,130,4.93825
44,129,144,4.45392
44,130,131,3.84526
44,130,145,3.76477
44,131,132,4.20661
44,131,146,4.53218
44,132,133,3.75269
44,132,147,3.84526
44,133,134,4.17084
44,133,148,4.36135
44,134,149,3.76477
44,135,136,4.29919
44,135,150,3.90743
44,136,137,4.52011
44,136,151,4.20661
44,137,138,3.53177
44,137,152,3.6865
44,138,139,3.53177
44,138,153,4.76742
44,139,140,3.53177
44,139,154,4.36135
44,140,141,4.62476
44,140,155,3.61003
44,141,142,3.6865
44,141,156,4.78352
44,142,143,4.62476
44,142,157,3.84526
44,143,144,4.62476
44,143,158,4.36135
44,144,145,3.75269
44,144,159,3.85734
44,145,146,4.45392
44,145,160,4.29919
44,146,147,4.0
44,146,161,4.61268
44,147,148,4.07826
44,147,162,4.53218
44,148,149,3.84526
44,148,163,3.7026
44,149,164,3.43919
44,150,151,3.90743
44,150,165,4.76742
44,151,152,4.36135
44,151,166,4.29919
44,152,153,4.0161
44,152,167,3.92353
44,153,154,4.93825
44,153,168,3.61003
44,154,155,3.6865
44,154,169,3.6865
44,155,156,4.29919
44,155,170,4.61268
44,156,157,3.92353
44,156,171,4.07826
44,157,158,4.07826
44,157,172,3.75269
44,158,159,4.67485
44,158,173,4.47002
44,159,160,4.53218
44,159,174,4.84568
44,160,161,4.20661
44,160,175,4.61268
44,161,162,4.36135
44,161,176,3.6865
44,162,163,4.93825
44,162,177,3.90743
44,163,164,3.61003
44,163,178,4.76742
44,164,179,4.0
44,165,166,4.76742
44,165,180,3.75269
44,166,167,4.45392
44,166,181,4.20661
44,167,168,3.92353
44,167,182,4.61268
44,168,169,4.78352
44,168,183,4.45392
44,169,170,4.45392
44,169,184,3.53177
44,170,171,3.7026
44,170,185,3.7026
44,171,172,4.0161
44,171,186,3.59393
44,172,173,3.75269
44,172,187,4.76742
44,173,174,4.67485
44,173,188,4.36135
44,174,175,4.61268
44,174,189,4.84568
44,175,176,4.53218
44,175,190,4.07826
44,176,177,4.0161
44,176,191,4.0
44,177,178,4.53218
44,177,192,4.76742
44,178,179,3.7026
44,178,193,3.84526
44,179,194,3.85734
44,180,181,3.53177
44,180,195,4.20661
44,181,182,4.76742
44,181,196,3.85734
44,182,183,3.90743
44,182,197,4.47002
44,183,184,4.29919
44,183,198,3.53177
44,184,185,4.47002
44,184,199,3.43919
44,185,186,3.43919
44,185,200,3.43919
44,186,187,4.0161
44,186,201,4.0
44,187,188,3.7026
44,187,202,4.45392
44,188,189,3.84526
44,188,203,3.76477
44,189,190,4.76742
44,189,204,4.0
44,190,191,4.17084
44,190,205,3.76477
44,191,192,4.78352
44,191,206,3.92353
44,192,193,4.67485
44,192,207,4.93825
44,193,194,3.76477
44,193,208,4.53218
44,194,209,4.29919
44,195,196,3.61003
44,195,210,4.52011
44,196,197,3.61003
44,196,211,4.0161
44,197,198,4.84568
44,197,212,4.45392
44,198,199,4.53218
44,198,213,3.75269
44,199,200,4.0161
44,199,214,4.45392
44,200,201,3.76477
44,200,215,4.20661
44,201,202,3.59393
44,201,216,4.76742
44,202,203,4.47002
44,202,217,4.29919
44,203,204,3.53177
44,203,218,4.37745
44,204,205,3.59393
44,204,219,4.45392
44,205,206,4.45392
44,205,220,4.84568
44,206,207,4.76742
44,206,221,4.69095
44,207,208,3.75269
44,207,222,4.69095
44,208,209,4.53218
44,208,223,4.76742
44,209,224,3.92353
44,210,211,3.61003
44,211,212,3.43919
44,212,213,3.61003
44,213,214,4.37745
44,214,215,4.52011
44,215,216,4.69095
44,216,217,4.17084
44,217,218,4.0161
44,218,219,3.84526
44,219,220,4.17084
44,220,221,4.07826
44,221,222,3.43919
44,222,223,4.47002
44,223,224,4.76742
45,0,1,4.15339
45,0,15,4.2169
45,1,2,3.87076
45,1,16,4.15339
45,2,3,4.0
45,2,17,4.22942
45,3,4,4.44319
45,3,18,4.08765
45,4,5,4.44319
45,4,19,4.0
45,5,6,4.36716
45,5,20,4.43067
45,6,7,4.01029
45,6,21,4.29292
45,7,8,4.22405
45,7,22,4.22405
45,8,9,4.29292
45,8,23,4.22942
45,9,10,4.07603
45,9,24,4.08452
45,10,11,4.36716
45,10,25,4.2169
45,11,12,4.3533
45,11,26,4.0635
45,12,13,4.14803
45,12,27,4.31394
45,13,14,4.0
45,13,28,4.30142
45,14,29,4.15339
45,15,16,3.87076
45,15,30,4.21377
45,16,17,4.44319
45,16,31,4.21377
45,17,18,4.14803
45,17,32,4.29292
45,18,19,4.08452
45,18,33,4.15339
45,19,20,4.30142
45,19,34,4.28979
45,20,21,4.2169
45,20,35,4.16368
45,21,22,4.43067
45,21,36,4.08452
45,22,23,4.22942
45,22,37,4.08765
45,23,24,4.08452
45,23,38,4.29292
45,24,25,4.44319
45,24,39,4.07603
45,25,26,4.23792
45,25,40,4.13953
45,26,27,4.08765
45,26,41,4.29292
45,27,28,4.50669
45,27,42,4.44319
45,28,29,4.3533
45,28,43,4.50669
45,29,44,4.50669
45,30,31,4.2169
45,30,45,4.21377
45,31,32,4.08765
45,31,46,4.3533
45,32,33,4.13953
45,32,47,4.21377
45,33,34,4.10018
45,33,48,4.44319
45,34,35,4.44319
45,34,49,3.94678
45,35,36,4.0635
45,35,50,4.13953
45,36,37,4.16055
45,36,51,4.21377
45,37,38,4.22405
45,37,52,4.43067
45,38,39,4.14803
45,38,53,4.08765
45,39,40,4.29292
45,39,54,3.94678
45,40,41,4.3533
45,40,55,4.30142
45,41,42,4.02415
45,41,56,4.31394
45,42,43,4.30142
45,42,57,4.16055
45,43,44,4.0635
45,43,58,4.08765
45,44,59,4.10018
45,45,46,4.10018
45,45,60,4.27727
45,46,47,4.28979
45,46,61,4.27727
45,47,48,4.14803
45,47,62,4.10018
45,48,49,4.3533
45,48,63,4.07603
45,49,50,4.2169
45,49,64,3.94678
45,50,51,4.23792
45,50,65,4.50669
45,51,52,3.87076
45,51,66,3.94678
45,52,53,4.16368
45,52,67,3.87076
45,53,54,3.87076
45,53,68,4.37745
45,54,55,3.94678
45,54,69,4.3533
45,55,56,4.44319
45,55,70,4.36716
45,56,57,4.30142
45,56,71,3.87076
45,57,58,4.0635
45,57,72,4.07603
45,58,59,4.31394
45,58,73,4.10018
45,59,74,4.01029
45,60,61,3.93426
45,60,75,4.0635
45,61,62,4.01029
45,61,76,4.31394
45,62,63,4.3533
45,62,77,4.0635
45,63,64,4.28979
45,63,78,4.37745
45,64,65,3.87076
45,64,79,4.36716
45,65,66,4.29292
45,65,80,4.22405
45,66,67,4.23792
45,66,81,4.44319
45,67,68,4.31394
45,67,82,4.43067
45,68,69,4.10018
45,68,83,4.28979
45,69,70,4.0635
45,69,84,4.44319
45,70,71,4.15339
45,70,85,4.08452
45,71,72,4.23792
45,71,86,4.10018
45,72,73,4.08765
45,72,87,4.27727
45,73,74,4.27727
45,73,88,4.27727
45,74,89,4.07603
45,75,76,4.50669
45,75,90,4.31394
45,76,77,3.94678
45,76,91,3.87076
45,77,78,4.22942
45,77,92,4.10018
45,78,79,4.01029
45,78,93,4.44319
45,79,80,4.31394
45,79,94,3.94678
45,80,81,3.87076
45,80,95,4.22942
45,81,82,4.0
45,81,96,4.31394
45,82,83,4.08452
45,82,97,4.0635
45,83,84,4.28979
45,83,98,4.37745
45,84,85,4.0
45,84,99,4.08765
45,85,86,4.16368
45,85,100,4.43067
45,86,87,4.02415
45,86,101,3.93426
45,87,88,4.23792
45,87,102,4.43067
45,88,89,4.22405
45,88,103,4.43067
45,89,104,4.27727
45,90,91,4.16055
45,90,105,4.08452
45,91,92,4.22942
45,91,106,4.13953
45,92,93,4.10018
45,92,107,3.87076
45,93,94,4.10018
45,93,108,4.16055
45,94,95,4.07603
45,94,109,4.22942
45,95,96,4.28979
45,95,110,3.94678
45,96,97,4.22942
45,96,111,4.13953
45,97,98,4.2169
45,97,112,3.93426
45,98,99,4.27727
45,98,113,4.10018
45,99,100,4.27727
45,99,114,4.43067
45,100,101,4.44319
45,100,115,4.13953
45,101,102,4.37745
45,101,116,4.01029
45,102,103,4.44319
45,102,117,4.10018
45,103,104,4.28979
45,103,118,4.50669
45,104,119,4.2169
45,105,106,4.16055
45,105,120,4.44319
45,106,107,4.31394
45,106,121,4.16055
45,107,108,4.22942
45,107,122,4.07603
45,108,109,3.94678
45,108,123,3.94678
45,109,110,4.44319
45,109,124,4.0
45,110,111,4.37745
45,110,125,4.28979
45,111,112,4.31394
45,111,126,4.30142
45,112,113,3.93426
45,112,127,4.07603
45,113,114,4.08765
45,113,128,4.37745
45,114,115,4.13953
45,114,129,4.01029
45,115,116,4.27727
45,115,130,4.21377
45,116,117,4.36716
45,116,131,4.44319
45,117,118,4.0
45,117,132,3.94678
45,118,119,4.07603
45,118,133,4.21377
45,119,134,4.3533
45,120,121,4.2169
45,120,135,4.29292
45,121,122,4.15339
45,121,136,3.94678
45,122,123,4.50669
45,122,137,4.08452
45,123,124,4.16368
45,123,138,4.14803
45,124,125,4.02415
45,124,139,4.23792
45,125,126,4.21377
45,125,140,4.01029
45,126,127,4.0635
45,126,141,4.22942
45,127,128,4.28979
45,127,142,4.21377
45,128,129,4.08452
45,128,143,4.14803
45,129,130,4.36716
45,129,144,4.02415
45,130,131,4.0635
45,130,145,4.16055
45,131,132,4.16368
45,131,146,4.31394
45,132,133,4.13953
45,132,147,4.0635
45,133,134,4.21377
45,133,148,4.10018
45,134,149,4.16055
45,135,136,4.08765
45,135,150,4.07603
45,136,137,4.29292
45,136,151,4.16368
45,137,138,3.93426
45,137,152,3.87076
45,138,139,3.93426
45,138,153,4.15339
45,139,140,3.93426
45,139,154,4.10018
45,140,141,4.23792
45,140,155,4.22405
45,141,142,3.87076
45,141,156,4.43067
45,142,143,4.23792
45,142,157,4.0635
45,143,144,4.23792
45,143,158,4.10018
45,144,145,4.13953
45,144,159,4.08452
45,145,146,4.02415
45,145,160,4.08765
45,146,147,4.0
45,146,161,4.2169
45,147,148,4.28979
45,147,162,4.31394
45,148,149,4.0635
45,148,163,4.14803
45,149,164,4.01029
45,150,151,4.07603
45,150,165,4.15339
45,151,152,4.10018
45,151,166,4.08765
45,152,153,4.27727
45,152,167,4.3533
45,153,154,4.36716
45,153,168,4.22405
45,154,155,3.87076
45,154,169,3.87076
45,155,156,4.08765
45,155,170,4.2169
45,156,157,4.3533
45,156,171,4.28979
45,157,158,4.28979
45,157,172,4.13953
45,158,159,4.22942
45,158,173,4.30142
45,159,160,4.31394
45,159,174,4.44319
45,160,161,4.16368
45,160,175,4.2169
45,161,162,4.10018
45,161,176,3.87076
45,162,163,4.36716
45,162,177,4.07603
45,163,164,4.22405
45,163,178,4.15339
45,164,179,4.0
45,165,166,4.15339
45,165,180,4.13953
45,166,167,4.02415
45,166,181,4.16368
45,167,168,4.3533
45,167,182,4.2169
45,168,169,4.43067
45,168,183,4.02415
45,169,170,4.02415
45,169,184,3.93426
45,170,171,4.14803
45,170,185,4.14803
45,171,172,4.27727
45,171,186,3.94678
45,172,173,4.13953
45,172,187,4.15339
45,173,174,4.22942
45,173,188,4.10018
45,174,175,4.2169
45,174,189,4.44319
45,175,176,4.31394
45,175,190,4.28979
45,176,177,4.27727
45,176,191,4.0
45,177,178,4.31394
45,177,192,4.15339
45,178,179,4.14803
45,178,193,4.0635
45,179,194,4.08452
45,180,181,3.93426
45,180,195,4.16368
45,181,182,4.15339
45,181,196,4.08452
45,182,183,4.07603
45,182,197,4.30142
45,183,184,4.08765
45,183,198,3.93426
45,184,185,4.30142
45,184,199,4.01029
45,185,186,4.01029
45,185,200,4.01029
45,186,187,4.27727
45,186,201,4.0
45,187,188,4.14803
45,187,202,4.02415
45,188,189,4.0635
45,188,203,4.16055
45,189,190,4.15339
45,189,204,4.0
45,190,191,4.21377
45,190,205,4.16055
45,191,192,4.43067
45,191,206,4.3533
45,192,193,4.22942
45,192,207,4.36716
45,193,194,4.16055
45,193,208,4.31394
45,194,209,4.08765
45,195,196,4.22405
45,195,210,4.29292
45,196,197,4.22405
45,196,211,4.27727
45,197,198,4.44319
45,197,212,4.02415
45,198,199,4.31394
45,198,213,4.13953
45,199,200,4.27727
45,199,214,4.02415
45,200,201,4.16055
45,200,215,4.16368
45,201,202,3.94678
45,201,216,4.15339
45,202,203,4.30142
45,202,217,4.08765
45,203,204,3.93426
45,203,218,4.37745
45,204,205,3.94678
45,204,219,4.02415
45,205,206,4.02415
45,205,220,4.44319
45,206,207,4.15339
45,206,221,4.50669
45,207,208,4.13953
45,207,222,4.50669
45,208,209,4.31394
45,208,223,4.15339
45,209,224,4.3533
45,210,211,4.22405
45,211,212,4.01029
45,212,213,4.22405
45,213,214,4.37745
45,214,215,4.29292
45,215,216,4.50669
45,216,217,4.21377
45,217,218,4.27727
45,218,219,4.0635
45,219,220,4.21377
45,220,221,4.28979
45,221,222,4.01029
45,222,223,4.30142
45,223,224,4.15339
46,0,1,3.85913
46,0,15,3.6391
46,1,2,4.12969
46,1,16,3.85913
46,2,3,4.0
46,2,17,3.75493
46,3,4,4.11806
46,3,18,3.76879
46,4,5,4.11806
46,4,19,4.0
46,5,6,4.22227
46,5,20,4.00224
46,6,7,3.80546
46,6,21,3.5349
46,7,8,4.1686
46,7,22,4.1686
46,8,9,3.5349
46,8,23,3.75493
46,9,10,3.8958
46,9,24,4.49283
46,10,11,4.22227
46,10,25,3.6391
46,11,12,4.03891
46,11,26,3.77997
46,12,13,4.2728
46,12,27,4.24776
46,13,14,4.0
46,13,28,4.13193
46,14,29,3.85913
46,15,16,4.12969
46,15,30,4.36314
46,16,17,4.11806
46,16,31,4.36314
46,17,18,4.2728
46,17,32,3.5349
46,18,19,4.49283
46,18,33,3.85913
46,19,20,4.13193
46,19,34,4.25894
46,20,21,3.6391
46,20,35,3.66459
46,21,22,4.00224
46,21,36,4.49283
46,22,23,3.75493
46,22,37,3.76879
46,23,24,4.49283
46,23,38,3.5349
46,24,25,4.11806
46,24,39,3.8958
46,25,26,4.35196
46,25,40,3.67577
46,26,27,3.76879
46,26,41,3.5349
46,27,28,3.89804
46,27,42,4.11806
46,28,29,4.03891
46,28,43,3.89804
46,29,44,3.89804
46,30,31,3.6391
46,30,45,4.36314
46,31,32,3.76879
46,31,46,4.03891
46,32,33,3.67577
46,32,47,4.36314
46,33,34,3.88462
46,33,48,4.11806
46,34,35,4.11806
46,34,49,4.02549
46,35,36,3.77997
46,35,50,3.67577
46,36,37,4.38863
46,36,51,4.36314
46,37,38,4.1686
46,37,52,4.00224
46,38,39,4.2728
46,38,53,3.76879
46,39,40,3.5349
46,39,54,4.02549
46,40,41,4.03891
46,40,55,4.13193
46,41,42,3.98882
46,41,56,4.24776
46,42,43,4.13193
46,42,57,4.38863
46,43,44,3.77997
46,43,58,3.76879
46,44,59,3.88462
46,45,46,3.88462
46,45,60,4.14311
46,46,47,4.25894
46,46,61,4.14311
46,47,48,4.2728
46,47,62,3.88462
46,48,49,4.03891
46,48,63,3.8958
46,49,50,3.6391
46,49,64,4.02549
46,50,51,4.35196
46,50,65,3.89804
46,51,52,4.12969
46,51,66,4.02549
46,52,53,3.66459
46,52,67,4.12969
46,53,54,4.12969
46,53,68,4.02773
46,54,55,4.02549
46,54,69,4.03891
46,55,56,4.11806
46,55,70,4.22227
46,56,57,4.13193
46,56,71,4.12969
46,57,58,3.77997
46,57,72,3.8958
46,58,59,4.24776
46,58,73,3.88462
46,59,74,3.80546
46,60,61,3.90966
46,60,75,3.77997
46,61,62,3.80546
46,61,76,4.24776
46,62,63,4.03891
46,62,77,3.77997
46,63,64,4.25894
46,63,78,4.02773
46,64,65,4.12969
46,64,79,4.22227
46,65,66,3.5349
46,65,80,4.1686
46,66,67,4.35196
46,66,81,4.11806
46,67,68,4.24776
46,67,82,4.00224
46,68,69,3.88462
46,68,83,4.25894
46,69,70,3.77997
46,69,84,4.11806
46,70,71,3.85913
46,70,85,4.49283
46,71,72,4.35196
46,71,86,3.88462
46,72,73,3.76879
46,72,87,4.14311
46,73,74,4.14311
46,73,88,4.14311
46,74,89,3.8958
46,75,76,3.89804
46,75,90,4.24776
46,76,77,4.02549
46,76,91,4.12969
46,77,78,3.75493
46,77,92,3.88462
46,78,79,3.80546
46,78,93,4.11806
46,79,80,4.24776
46,79,94,4.02549
46,80,81,4.12969
46,80,95,3.75493
46,81,82,4.0
46,81,96,4.24776
46,82,83,4.49283
46,82,97,3.77997
46,83,84,4.25894
46,83,98,4.02773
46,84,85,4.0
46,84,99,3.76879
46,85,86,3.66459
46,85,100,4.00224
46,86,87,3.98882
46,86,101,3.90966
46,87,88,4.35196
46,87,102,4.00224
46,88,89,4.1686
46,88,103,4.00224
46,89,104,4.14311
46,90,91,4.38863
46,90,105,4.49283
46,91,92,3.75493
46,91,106,3.67577
46,92,93,3.88462
46,92,107,4.12969
46,93,94,3.88462
46,93,108,4.38863
46,94,95,3.8958
46,94,109,3.75493
46,95,96,4.25894
46,95,110,4.02549
46,96,97,3.75493
46,96,111,3.67577
46,97,98,3.6391
46,97,112,3.90966
46,98,99,4.14311
46,98,113,3.88462
46,99,100,4.14311
46,99,114,4.00224
46,100,101,4.11806
46,100,115,3.67577
46,101,102,4.02773
46,101,116,3.80546
46,102,103,4.11806
46,102,117,3.88462
46,103,104,4.25894
46,103,118,3.89804
46,104,119,3.6391
46,105,106,4.38863
46,105,120,4.11806
46,106,107,4.24776
46,106,121,4.38863
46,107,108,3.75493
46,107,122,3.8958
46,108,109,4.02549
46,108,123,4.02549
46,109,110,4.11806
46,109,124,4.0
46,110,111,4.02773
46,110,125,4.25894
46,111,112,4.24776
46,111,126,4.13193
46,112,113,3.90966
46,112,127,3.8958
46,113,114,3.76879
46,113,128,4.02773
46,114,115,3.67577
46,114,129,3.80546
46,115,116,4.14311
46,115,130,4.36314
46,116,117,4.22227
46,116,131,4.11806
46,117,118,4.0
46,117,132,4.02549
46,118,119,3.8958
46,118,133,4.36314
46,119,134,4.03891
46,120,121,3.6391
46,120,135,3.5349
46,121,122,3.85913
46,121,136,4.02549
46,122,123,3.89804
46,122,137,4.49283
46,123,124,3.66459
46,123,138,4.2728
46,124,125,3.98882
46,124,139,4.35196
46,125,126,4.36314
46,125,140,3.80546
46,126,127,3.77997
46,126,141,3.75493
46,127,128,4.25894
46,127,142,4.36314
46,128,129,4.49283
46,128,143,4.2728
46,129,130,4.22227
46,129,144,3.98882
46,130,131,3.77997
46,130,145,4.38863
46,131,132,3.66459
46,131,146,4.24776
46,132,133,3.67577
46,132,147,3.77997
46,133,134,4.36314
46,133,148,3.88462
46,134,149,4.38863
46,135,136,3.76879
46,135,150,3.8958
46,136,137,3.5349
46,136,151,3.66459
46,137,138,3.90966
46,137,152,4.12969
46,138,139,3.90966
46,138,153,3.85913
46,139,140,3.90966
46,139,154,3.88462
46,140,141,4.35196
46,140,155,4.1686
46,141,142,4.12969
46,141,156,4.00224
46,142,143,4.35196
46,142,157,3.77997
46,143,144,4.35196
46,143,158,3.88462
46,144,145,3.67577
46,144,159,4.49283
46,145,146,3.98882
46,145,160,3.76879
46,146,147,4.0
46,146,161,3.6391
46,147,148,4.25894
46,147,162,4.24776
46,148,149,3.77997
46,148,163,4.2728
46,149,164,3.80546
46,150,151,3.8958
46,150,165,3.85913
46,151,152,3.88462
46,151,166,3.76879
46,152,153,4.14311
46,152,167,4.03891
46,153,154,4.22227
46,153,168,4.1686
46,154,155,4.12969
46,154,169,4.12969
46,155,156,3.76879
46,155,170,3.6391
46,156,157,4.03891
46,156,171,4.25894
46,157,158,4.25894
46,157,172,3.67577
46,158,159,3.75493
46,158,173,4.13193
46,159,160,4.24776
46,159,174,4.11806
46,160,161,3.66459
46,160,175,3.6391
46,161,162,3.88462
46,161,176,4.12969
46,162,163,4.22227
46,162,177,3.8958
46,163,164,4.1686
46,163,178,3.85913
46,164,179,4.0
46,165,166,3.85913
46,165,180,3.67577
46,166,167,3.98882
46,166,181,3.66459
46,167,168,4.03891
46,167,182,3.6391
46,168,169,4.00224
46,168,183,3.98882
46,169,170,3.98882
46,169,184,3.90966
46,170,171,4.2728
46,170,185,4.2728
46,171,172,4.14311
46,171,186,4.02549
46,172,173,3.67577
46,172,187,3.85913
46,173,174,3.75493
46,173,188,3.88462
46,174,175,3.6391
46,174,189,4.11806
46,175,176,4.24776
46,175,190,4.25894
46,176,177,4.14311
46,176,191,4.0
46,177,178,4.24776
46,177,192,3.85913
46,178,179,4.2728
46,178,193,3.77997
46,179,194,4.49283
46,180,181,3.90966
46,180,195,3.66459
46,181,182,3.85913
46,181,196,4.49283
46,182,183,3.8958
46,182,197,4.13193
46,183,184,3.76879
46,183,198,3.90966
46,184,185,4.13193
46,184,199,3.80546
46,185,186,3.80546
46,185,200,3.80546
46,186,187,4.14311
46,186,201,4.0
46,187,188,4.2728
46,187,202,3.98882
46,188,189,3.77997
46,188,203,4.38863
46,189,190,3.85913
46,189,204,4.0
46,190,191,4.36314
46,190,205,4.38863
46,191,192,4.00224
46,191,206,4.03891
46,192,193,3.75493
46,192,207,4.22227
46,193,194,4.38863
46,193,208,4.24776
46,194,209,3.76879
46,195,196,4.1686
46,195,210,3.5349
46,196,197,4.1686
46,196,211,4.14311
46,197,198,4.11806
46,197,212,3.98882
46,198,199,4.24776
46,198,213,3.67577
46,199,200,4.14311
46,199,214,3.98882
46,200,201,4.38863
46,200,215,3.66459
46,201,202,4.02549
46,201,216,3.85913
46,202,203,4.13193
46,202,217,3.76879
46,203,204,3.90966
46,203,218,4.02773
46,204,205,4.02549
46,204,219,3.98882
46,205,206,3.98882
46,205,220,4.11806
46,206,207,3.85913
46,206,221,3.89804
46,207,208,3.67577
46,207,222,3.89804
46,208,209,4.24776
46,208,223,3.85913
46,209,224,4.03891
46,210,211,4.1686
46,211,212,3.80546
46,212,213,4.1686
46,213,214,4.02773
46,214,215,3.5349
46,215,216,3.89804
46,216,217,4.36314
46,217,218,4.14311
46,218,219,3.77997
46,219,220,4.36314
46,220,221,4.25894
46,221,222,3.80546
46,222,223,4.13193
46,223,224,3.85913
47,0,1,4.3779
47,0,15,4.22316
47,1,2,3.92487
47,1,16,4.3779
47,2,3,4.0
47,2,17,4.96061
47,3,4,4.83361
47,3,18,4.14803
47,4,5,4.83361
47,4,19,4.0
47,5,6,4.25089
47,5,20,4.09615
47,6,7,4.35285
47,6,21,4.80588
47,7,8,4.22584
47,7,22,4.22584
47,8,9,4.80588
47,8,23,4.96061
47,9,10,4.58272
47,9,24,3.79786
47,10,11,4.25089
47,10,25,4.22316
47,11,12,4.30097
47,11,26,3.84526
47,12,13,3.64312
47,12,27,4.75847
47,13,14,4.0
47,13,28,4.02102
47,14,29,4.3779
47,15,16,3.92487
47,15,30,3.87299
47,16,17,4.83361
47,16,31,3.87299
47,17,18,3.64312
47,17,32,4.80588
47,18,19,3.79786
47,18,33,4.3779
47,19,20,4.02102
47,19,34,4.45571
47,20,21,4.22316
47,20,35,4.73075
47,21,22,4.09615
47,21,36,3.79786
47,22,23,4.96061
47,22,37,4.14803
47,23,24,3.79786
47,23,38,4.80588
47,24,25,4.83361
47,24,39,4.58272
47,25,26,4.17575
47,25,40,4.42798
47,26,27,4.14803
47,26,41,4.80588
47,27,28,4.67887
47,27,42,4.83361
47,28,29,4.30097
47,28,43,4.67887
47,29,44,4.67887
47,30,31,4.22316
47,30,45,3.87299
47,31,32,4.14803
47,31,46,4.30097
47,32,33,4.42798
47,32,47,3.87299
47,33,34,4.88548
47,33,48,4.83361
47,34,35,4.83361
47,34,49,4.50759
47,35,36,3.84526
47,35,50,4.42798
47,36,37,4.38058
47,36,51,3.87299
47,37,38,4.22584
47,37,52,4.09615
47,38,39,3.64312
47,38,53,4.14803
47,39,40,4.80588
47,39,54,4.50759
47,40,41,4.30097
47,40,55,4.02102
47,41,42,4.30276
47,41,56,4.75847
47,42,43,4.02102
47,42,57,4.38058
47,43,44,3.84526
47,43,58,4.14803
47,44,59,4.88548
47,45,46,4.88548
47,45,60,3.71826
47,46,47,4.45571
47,46,61,3.71826
47,47,48,3.64312
47,47,62,4.88548
47,48,49,4.30097
47,48,63,4.58272
47,49,50,4.22316
47,49,64,4.50759
47,50,51,4.17575
47,50,65,4.67887
47,51,52,3.92487
47,51,66,4.50759
47,52,53,4.73075
47,52,67,3.92487
47,53,54,3.92487
47,53,68,4.60374
47,54,55,4.50759
47,54,69,4.30097
47,55,56,4.83361
47,55,70,4.25089
47,56,57,4.02102
47,56,71,3.92487
47,57,58,3.84526
47,57,72,4.58272
47,58,59,4.75847
47,58,73,4.88548
47,59,74,4.35285
47,60,61,3.77013
47,60,75,3.84526
47,61,62,4.35285
47,61,76,4.75847
47,62,63,4.30097
47,62,77,3.84526
47,63,64,4.45571
47,63,78,4.60374
47,64,65,3.92487
47,64,79,4.25089
47,65,66,4.80588
47,65,80,4.22584
47,66,67,4.17575
47,66,81,4.83361
47,67,68,4.75847
47,67,82,4.09615
47,68,69,4.88548
47,68,83,4.45571
47,69,70,3.84526
47,69,84,4.83361
47,70,71,4.3779
47,70,85,3.79786
47,71,72,4.17575
47,71,86,4.88548
47,72,73,4.14803
47,72,87,3.71826
47,73,74,3.71826
47,73,88,3.71826
47,74,89,4.58272
47,75,76,4.67887
47,75,90,4.75847
47,76,77,4.50759
47,76,91,3.92487
47,77,78,4.96061
47,77,92,4.88548
47,78,79,4.35285
47,78,93,4.83361
47,79,80,4.75847
47,79,94,4.50759
47,80,81,3.92487
47,80,95,4.96061
47,81,82,4.0
47,81,96,4.75847
47,82,83,3.79786
47,82,97,3.84526
47,83,84,4.45571
47,83,98,4.60374
47,84,85,4.0
47,84,99,4.14803
47,85,86,4.73075
47,85,100,4.09615
47,86,87,4.30276
47,86,101,3.77013
47,87,88,4.17575
47,87,102,4.09615
47,88,89,4.22584
47,88,103,4.09615
47,89,104,3.71826
47,90,91,4.38058
47,90,105,3.79786
47,91,92,4.96061
47,91,106,4.42798
47,92,93,4.88548
47,92,107,3.92487
47,93,94,4.88548
47,93,108,4.38058
47,94,95,4.58272
47,94,109,4.96061
47,95,96,4.45571
47,95,110,4.50759
47,96,97,4.96061
47,96,111,4.42798
47,97,98,4.22316
47,97,112,3.77013
47,98,99,3.71826
47,98,113,4.88548
47,99,100,3.71826
47,99,114,4.09615
47,100,101,4.83361
47,100,115,4.42798
47,101,102,4.60374
47,101,116,4.35285
47,102,103,4.83361
47,102,117,4.88548
47,103,104,4.45571
47,103,118,4.67887
47,104,119,4.22316
47,105,106,4.38058
47,105,120,4.83361
47,106,107,4.75847
47,106,121,4.38058
47,107,108,4.96061
47,107,122,4.58272
47,108,109,4.50759
47,108,123,4.50759
47,109,110,4.83361
47,109,124,4.0
47,110,111,4.60374
47,110,125,4.45571
47,111,112,4.75847
47,111,126,4.02102
47,112,113,3.77013
47,112,127,4.58272
47,113,114,4.14803
47,113,128,4.60374
47,114,115,4.42798
47,114,129,4.35285
47,115,116,3.71826
47,115,130,3.87299
47,116,117,4.25089
47,116,131,4.83361
47,117,118,4.0
47,117,132,4.50759
47,118,119,4.58272
47,118,133,3.87299
47,119,134,4.30097
47,120,121,4.22316
47,120,135,4.80588
47,121,122,4.3779
47,121,136,4.50759
47,122,123,4.67887
47,122,137,3.79786
47,123,124,4.73075
47,123,138,3.64312
47,124,125,4.30276
47,124,139,4.17575
47,125,126,3.87299
47,125,140,4.35285
47,126,127,3.84526
47,126,141,4.96061
47,127,128,4.45571
47,127,142,3.87299
47,128,129,3.79786
47,128,143,3.64312
47,129,130,4.25089
47,129,144,4.30276
47,130,131,3.84526
47,130,145,4.38058
47,131,132,4.73075
47,131,146,4.75847
47,132,133,4.42798
47,132,147,3.84526
47,133,134,3.87299
47,133,148,4.88548
47,134,149,4.38058
47,135,136,4.14803
47,135,150,4.58272
47,136,137,4.80588
47,136,151,4.73075
47,137,138,3.77013
47,137,152,3.92487
47,138,139,3.77013
47,138,153,4.3779
47,139,140,3.77013
47,139,154,4.88548
47,140,141,4.17575
47,140,155,4.22584
47,141,142,3.92487
47,141,156,4.09615
47,142,143,4.17575
47,142,157,3.84526
47,143,144,4.17575
47,143,158,4.88548
47,144,145,4.42798
47,144,159,3.79786
47,145,146,4.30276
47,145,160,4.14803
47,146,147,4.0
47,146,161,4.22316
47,147,148,4.45571
47,147,162,4.75847
47,148,149,3.84526
47,148,163,3.64312
47,149,164,4.35285
47,150,151,4.58272
47,150,165,4.3779
47,151,152,4.88548
47,151,166,4.14803
47,152,153,3.71826
47,152,167,4.30097
47,153,154,4.25089
47,153,168,4.22584
47,154,155,3.92487
47,154,169,3.92487
47,155,156,4.14803
47,155,170,4.22316
47,156,157,4.30097
47,156,171,4.45571
47,157,158,4.45571
47,157,172,4.42798
47,158,159,4.96061
47,158,173,4.02102
47,159,160,4.75847
47,159,174,4.83361
47,160,161,4.73075
47,160,175,4.22316
47,161,162,4.88548
47,161,176,3.92487
47,162,163,4.25089
47,162,177,4.58272
47,163,164,4.22584
47,163,178,4.3779
47,164,179,4.0
47,165,166,4.3779
47,165,180,4.42798
47,166,167,4.30276
47,166,181,4.73075
47,167,168,4.30097
47,167,182,4.22316
47,168,169,4.09615
47,168,183,4.30276
47,169,170,4.30276
47,169,184,3.77013
47,170,171,3.64312
47,170,185,3.64312
47,171,172,3.71826
47,171,186,4.50759
47,172,173,4.42798
47,172,187,4.3779
47,173,174,4.96061
47,173,188,4.88548
47,174,175,4.22316
47,174,189,4.83361
47,175,176,4.75847
47,175,190,4.45571
47,176,177,3.71826
47,176,191,4.0
47,177,178,4.75847
47,177,192,4.3779
47,178,179,3.64312
47,178,193,3.84526
47,179,194,3.79786
47,180,181,3.77013
47,180,195,4.73075
47,181,182,4.3779
47,181,196,3.79786
47,182,183,4.58272
47,182,197,4.02102
47,183,184,4.14803
47,183,198,3.77013
47,184,185,4.02102
47,184,199,4.35285
47,185,186,4.35285
47,185,200,4.35285
47,186,187,3.71826
47,186,201,4.0
47,187,188,3.64312
47,187,202,4.30276
47,188,189,3.84526
47,188,203,4.38058
47,189,190,4.3779
47,189,204,4.0
47,190,191,3.87299
47,190,205,4.38058
47,191,192,4.09615
47,191,206,4.30097
47,192,193,4.96061
47,192,207,4.25089
47,193,194,4.38058
47,193,208,4.75847
47,194,209,4.14803
47,195,196,4.22584
47,195,210,4.80588
47,196,197,4.22584
47,196,211,3.71826
47,197,198,4.83361
47,197,212,4.30276
47,198,199,4.75847
47,198,213,4.42798
47,199,200,3.71826
47,199,214,4.30276
47,200,201,4.38058
47,200,215,4.73075
47,201,202,4.50759
47,201,216,4.3779
47,202,203,4.02102
47,202,217,4.14803
47,203,204,3.77013
47,203,218,4.60374
47,204,205,4.50759
47,204,219,4.30276
47,205,206,4.30276
47,205,220,4.83361
47,206,207,4.3779
47,206,221,4.67887
47,207,208,4.42798
47,207,222,4.67887
47,208,209,4.75847
47,208,223,4.3779
47,209,224,4.30097
47,210,211,4.22584
47,211,212,4.35285
47,212,213,4.22584
47,213,214,4.60374
47,214,215,4.80588
47,215,216,4.67887
47,216,217,3.87299
47,217,218,3.71826
47,218,219,3.84526
47,219,220,3.87299
47,220,221,4.45571
47,221,222,4.35285
47,222,223,4.02102
47,223,224,4.3779
48,0,1,4.3287
48,0,15,3.74554
48,1,2,3.22319
48,1,16,4.3287
48,2,3,4.0
48,2,17,4.27548
48,3,4,4.21556
48,3,18,2.96873
48,4,5,4.21556
48,4,19,4.0
48,5,6,4.26878
48,5,20,3.68561
48,6,7,2.58681
48,6,21,3.69232
48,7,8,2.52688
48,7,22,2.52688
48,8,9,3.69232
48,8,23,4.27548
48,9,10,3.94678
48,9,24,3.16326
48,10,11,4.26878
48,10,25,3.74554
48,11,12,3.30369
48,11,26,3.41683
48,12,13,2.5801
48,12,27,3.43875
48,13,14,4.0
48,13,28,2.9088
48,14,29,4.3287
48,15,16,3.22319
48,15,30,3.94007
48,16,17,4.21556
48,16,31,3.94007
48,17,18,2.5801
48,17,32,3.69232
48,18,19,3.16326
48,18,33,4.3287
48,19,20,2.9088
48,19,34,3.88685
48,20,21,3.74554
48,20,35,2.91551
48,21,22,3.68561
48,21,36,3.16326
48,22,23,4.27548
48,22,37,2.96873
48,23,24,3.16326
48,23,38,3.69232
48,24,25,4.21556
48,24,39,3.94678
48,25,26,3.49197
48,25,40,3.36362
48,26,27,2.96873
48,26,41,3.69232
48,27,28,3.63239
48,27,42,4.21556
48,28,29,3.30369
48,28,43,3.63239
48,29,44,3.63239
48,30,31,3.74554
48,30,45,3.94007
48,31,32,2.96873
48,31,46,3.30369
48,32,33,3.36362
48,32,47,3.94007
48,33,34,3.49867
48,33,48,4.21556
48,34,35,4.21556
48,34,49,3.16997
48,35,36,3.41683
48,35,50,3.36362
48,36,37,3.11004
48,36,51,3.94007
48,37,38,2.52688
48,37,52,3.68561
48,38,39,2.5801
48,38,53,2.96873
48,39,40,3.69232
48,39,54,3.16997
48,40,41,3.30369
48,40,55,2.9088
48,41,42,3.55189
48,41,56,3.43875
48,42,43,2.9088
48,42,57,3.11004
48,43,44,3.41683
48,43,58,2.96873
48,44,59,3.49867
48,45,46,3.49867
48,45,60,3.35691
48,46,47,3.88685
48,46,61,3.35691
48,47,48,2.5801
48,47,62,3.49867
48,48,49,3.30369
48,48,63,3.94678
48,49,50,3.74554
48,49,64,3.16997
48,50,51,3.49197
48,50,65,3.63239
48,51,52,3.22319
48,51,66,3.16997
48,52,53,2.91551
48,52,67,3.22319
48,53,54,3.22319
48,53,68,2.85558
48,54,55,3.16997
48,54,69,3.30369
48,55,56,4.21556
48,55,70,4.26878
48,56,57,2.9088
48,56,71,3.22319
48,57,58,3.41683
48,57,72,3.94678
48,58,59,3.43875
48,58,73,3.49867
48,59,74,2.58681
48,60,61,2.64002
48,60,75,3.41683
48,61,62,2.58681
48,61,76,3.43875
48,62,63,3.30369
48,62,77,3.41683
48,63,64,3.88685
48,63,78,2.85558
48,64,65,3.22319
48,64,79,4.26878
48,65,66,3.69232
48,65,80,2.52688
48,66,67,3.49197
48,66,81,4.21556
48,67,68,3.43875
48,67,82,3.68561
48,68,69,3.49867
48,68,83,3.88685
48,69,70,3.41683
48,69,84,4.21556
48,70,71,4.3287
48,70,85,3.16326
48,71,72,3.49197
48,71,86,3.49867
48,72,73,2.96873
48,72,87,3.35691
48,73,74,3.35691
48,73,88,3.35691
48,74,89,3.94678
48,75,76,3.63239
48,75,90,3.43875
48,76,77,3.16997
48,76,91,3.22319
48,77,78,4.27548
48,77,92,3.49867
48,78,79,2.58681
48,78,93,4.21556
48,79,80,3.43875
48,79,94,3.16997
48,80,81,3.22319
48,80,95,4.27548
48,81,82,4.0
48,81,96,3.43875
48,82,83,3.16326
48,82,97,3.41683
48,83,84,3.88685
48,83,98,2.85558
48,84,85,4.0
48,84,99,2.96873
48,85,86,2.91551
48,85,100,3.68561
48,86,87,3.55189
48,86,101,2.64002
48,87,88,3.49197
48,87,102,3.68561
48,88,89,2.52688
48,88,103,3.68561
48,89,104,3.35691
48,90,91,3.11004
48,90,105,3.16326
48,91,92,4.27548
48,91,106,3.36362
48,92,93,3.49867
48,92,107,3.22319
48,93,94,3.49867
48,93,108,3.11004
48,94,95,3.94678
48,94,109,4.27548
48,95,96,3.88685
48,95,110,3.16997
48,96,97,4.27548
48,96,111,3.36362
48,97,98,3.74554
48,97,112,2.64002
48,98,99,3.35691
48,98,113,3.49867
48,99,100,3.35691
48,99,114,3.68561
48,100,101,4.21556
48,100,115,3.36362
48,101,102,2.85558
48,101,116,2.58681
48,102,103,4.21556
48,102,117,3.49867
48,103,104,3.88685
48,103,118,3.63239
48,104,119,3.74554
48,105,106,3.11004
48,105,120,4.21556
48,106,107,3.43875
48,106,121,3.11004
48,107,108,4.27548
48,107,122,3.94678
48,108,109,3.16997
48,108,123,3.16997
48,109,110,4.21556
48,109,124,4.0
48,110,111,2.85558
48,110,125,3.88685
48,111,112,3.43875
48,111,126,2.9088
48,112,113,2.64002
48,112,127,3.94678
48,113,114,2.96873
48,113,128,2.85558
48,114,115,3.36362
48,114,129,2.58681
48,115,116,3.35691
48,115,130,3.94007
48,116,117,4.26878
48,116,131,4.21556
48,117,118,4.0
48,117,132,3.16997
48,118,119,3.94678
48,118,133,3.94007
48,119,134,3.30369
48,120,121,3.74554
48,120,135,3.69232
48,121,122,4.3287
48,121,136,3.16997
48,122,123,3.63239
48,122,137,3.16326
48,123,124,2.91551
48,123,138,2.5801
48,124,125,3.55189
48,124,139,3.49197
48,125,126,3.94007
48,125,140,2.58681
48,126,127,3.41683
48,126,141,4.27548
48,127,128,3.88685
48,127,142,3.94007
48,128,129,3.16326
48,128,143,2.5801
48,129,130,4.26878
48,129,144,3.55189
48,130,131,3.41683
48,130,145,3.11004
48,131,132,2.91551
48,131,146,3.43875
48,132,133,3.36362
48,132,147,3.41683
48,133,134,3.94007
48,133,148,3.49867
48,134,149,3.11004
48,135,136,2.96873
48,135,150,3.94678
48,136,137,3.69232
48,136,151,2.91551
48,137,138,2.64002
48,137,152,3.22319
48,138,139,2.64002
48,138,153,4.3287
48,139,140,2.64002
48,139,154,3.49867
48,140,141,3.49197
48,140,155,2.52688
48,141,142,3.22319
48,141,156,3.68561
48,142,143,3.49197
48,142,157,3.41683
48,143,144,3.49197
48,143,158,3.49867
48,144,145,3.36362
48,144,159,3.16326
48,145,146,3.55189
48,145,160,2.96873
48,146,147,4.0
48,146,161,3.74554
48,147,148,3.88685
48,147,162,3.43875
48,148,149,3.41683
48,148,163,2.5801
48,149,164,2.58681
48,150,151,3.94678
48,150,165,4.3287
48,151,152,3.49867
48,151,166,2.96873
48,152,153,3.35691
48,152,167,3.30369
48,153,154,4.26878
48,153,168,2.52688
48,154,155,3.22319
48,154,169,3.22319
48,155,156,2.96873
48,155,170,3.74554
48,156,157,3.30369
48,156,171,3.88685
48,157,158,3.88685
48,157,172,3.36362
48,158,159,4.27548
48,158,173,2.9088
48,159,160,3.43875
48,159,174,4.21556
48,160,161,2.91551
48,160,175,3.74554
48,161,162,3.49867
48,161,176,3.22319
48,162,163,4.26878
48,162,177,3.94678
48,163,164,2.52688
48,163,178,4.3287
48,164,179,4.0
48,165,166,4.3287
48,165,180,3.36362
48,166,167,3.55189
48,166,181,2.91551
48,167,168,3.30369
48,167,182,3.74554
48,168,169,3.68561
48,168,183,3.55189
48,169,170,3.55189
48,169,184,2.64002
48,170,171,2.5801
48,170,185,2.5801
48,171,172,3.35691
48,171,186,3.16997
48,172,173,3.36362
48,172,187,4.3287
48,173,174,4.27548
48,173,188,3.49867
48,174,175,3.74554
48,174,189,4.21556
48,175,176,3.43875
48,175,190,3.88685
48,176,177,3.35691
48,176,191,4.0
48,177,178,3.43875
48,177,192,4.3287
48,178,179,2.5801
48,178,193,3.41683
48,179,194,3.16326
48,180,181,2.64002
48,180,195,2.91551
48,181,182,4.3287
48,181,196,3.16326
48,182,183,3.94678
48,182,197,2.9088
48,183,184,2.96873
48,183,198,2.64002
48,184,185,2.9088
48,184,199,2.58681
48,185,186,2.58681
48,185,200,2.58681
48,186,187,3.35691
48,186,201,4.0
48,187,188,2.5801
48,187,202,3.55189
48,188,189,3.41683
48,188,203,3.11004
48,189,190,4.3287
48,189,204,4.0
48,190,191,3.94007
48,190,205,3.11004
48,191,192,3.68561
48,191,206,3.30369
48,192,193,4.27548
48,192,207,4.26878
48,193,194,3.11004
48,193,208,3.43875
48,194,209,2.96873
48,195,196,2.52688
48,195,210,3.69232
48,196,197,2.52688
48,196,211,3.35691
48,197,198,4.21556
48,197,212,3.55189
48,198,199,3.43875
48,198,213,3.36362
48,199,200,3.35691
48,199,214,3.55189
48,200,201,3.11004
48,200,215,2.91551
48,201,202,3.16997
48,201,216,4.3287
48,202,203,2.9088
48,202,217,2.96873
48,203,204,2.64002
48,203,218,2.85558
48,204,205,3.16997
48,204,219,3.55189
48,205,206,3.55189
48,205,220,4.21556
48,206,207,4.3287
48,206,221,3.63239
48,207,208,3.36362
48,207,222,3.63239
48,208,209,3.43875
48,208,223,4.3287
48,209,224,3.30369
48,210,211,2.52688
48,211,212,2.58681
48,212,213,2.52688
48,213,214,2.85558
48,214,215,3.69232
48,215,216,3.63239
48,216,217,3.94007
48,217,218,3.35691
48,218,219,3.41683
48,219,220,3.94007
48,220,221,3.88685
48,221,222,2.58681
48,222,223,2.9088
48,223,224,4.3287
49,0,1,4.63102
49,0,15,4.43648
49,1,2,4.43201
49,1,16,4.63102
49,2,3,4.0
49,2,17,4.63281
49,3,4,4.20169
49,3,18,4.86849
49,4,5,4.20169
49,4,19,4.0
49,5,6,4.1999
49,5,20,4.00537
49,6,7,4.23926
49,6,21,4.43827
49,7,8,3.80815
49,7,22,3.80815
49,8,9,4.43827
49,8,23,4.63281
49,9,10,4.00179
49,9,24,4.00089
49,10,11,4.1999
49,10,25,4.43648
49,11,12,3.37614
49,11,26,3.80546
49,12,13,3.80636
49,12,27,4.6337
49,13,14,4.0
49,13,28,4.43737
49,14,29,4.63102
49,15,16,4.43201
49,15,30,3.56889
49,16,17,4.20169
49,16,31,3.56889
49,17,18,3.80636
49,17,32,4.43827
49,18,19,4.00089
49,18,33,4.63102
49,19,20,4.43737
49,19,34,3.57067
49,20,21,4.43648
49,20,35,4.87028
49,21,22,4.00537
49,21,36,4.00089
49,22,23,4.63281
49,22,37,4.86849
49,23,24,4.00089
49,23,38,4.43827
49,24,25,4.20169
49,24,39,4.00179
49,25,26,4.63191
49,25,40,3.80725
49,26,27,4.86849
49,26,41,4.43827
49,27,28,4.00716
49,27,42,4.20169
49,28,29,3.37614
49,28,43,4.00716
49,29,44,4.00716
49,30,31,4.43648
49,30,45,3.56889
49,31,32,4.86849
49,31,46,3.37614
49,32,33,3.80725
49,32,47,3.56889
49,33,34,5.06482
49,33,48,4.20169
49,34,35,4.20169
49,34,49,4.4338
49,35,36,3.80546
49,35,50,3.80725
49,36,37,4.00268
49,36,51,3.56889
49,37,38,3.80815
49,37,52,4.00537
49,38,39,3.80636
49,38,53,4.86849
49,39,40,4.43827
49,39,54,4.4338
49,40,41,3.37614
49,40,55,4.43737
49,41,42,5.06303
49,41,56,4.6337
49,42,43,4.43737
49,42,57,4.00268
49,43,44,3.80546
49,43,58,4.86849
49,44,59,5.06482
49,45,46,5.06482
49,45,60,3.37435
49,46,47,3.57067
49,46,61,3.37435
49,47,48,3.80636
49,47,62,5.06482
49,48,49,3.37614
49,48,63,4.00179
49,49,50,4.43648
49,49,64,4.4338
49,50,51,4.63191
49,50,65,4.00716
49,51,52,4.43201
49,51,66,4.4338
49,52,53,4.87028
49,52,67,4.43201
49,53,54,4.43201
49,53,68,4.43916
49,54,55,4.4338
49,54,69,3.37614
49,55,56,4.20169
49,55,70,4.1999
49,56,57,4.43737
49,56,71,4.43201
49,57,58,3.80546
49,57,72,4.00179
49,58,59,4.6337
49,58,73,5.06482
49,59,74,4.23926
49,60,61,4.23747
49,60,75,3.80546
49,61,62,4.23926
49,61,76,4.6337
49,62,63,3.37614
49,62,77,3.80546
49,63,64,3.57067
49,63,78,4.43916
49,64,65,4.43201
49,64,79,4.1999
49,65,66,4.43827
49,65,80,3.80815
49,66,67,4.63191
49,66,81,4.20169
49,67,68,4.6337
49,67,82,4.00537
49,68,69,5.06482
49,68,83,3.57067
49,69,70,3.80546
49,69,84,4.20169
49,70,71,4.63102
49,70,85,4.00089
49,71,72,4.63191
49,71,86,5.06482
49,72,73,4.86849
49,72,87,3.37435
49,73,74,3.37435
49,73,88,3.37435
49,74,89,4.00179
49,75,76,4.00716
49,75,90,4.6337
49,76,77,4.4338
49,76,91,4.43201
49,77,78,4.63281
49,77,92,5.06482
49,78,79,4.23926
49,78,93,4.20169
49,79,80,4.6337
49,79,94,4.4338
49,80,81,4.43201
49,80,95,4.63281
49,81,82,4.0
49,81,96,4.6337
49,82,83,4.00089
49,82,97,3.80546
49,83,84,3.57067
49,83,98,4.43916
49,84,85,4.0
49,84,99,4.86849
49,85,86,4.87028
49,85,100,4.00537
49,86,87,5.06303
49,86,101,4.23747
49,87,88,4.63191
49,87,102,4.00537
49,88,89,3.80815
49,88,103,4.00537
49,89,104,3.37435
49,90,91,4.00268
49,90,105,4.00089
49,91,92,4.63281
49,91,106,3.80725
49,92,93,5.06482
49,92,107,4.43201
49,93,94,5.06482
49,93,108,4.00268
49,94,95,4.00179
49,94,109,4.63281
49,95,96,3.57067
49,95,110,4.4338
49,96,97,4.63281
49,96,111,3.80725
49,97,98,4.43648
49,97,112,4.23747
49,98,99,3.37435
49,98,113,5.06482
49,99,100,3.37435
49,99,114,4.00537
49,100,101,4.20169
49,100,115,3.80725
49,101,102,4.43916
49,101,116,4.23926
49,102,103,4.20169
49,102,117,5.06482
49,103,104,3.57067
49,103,118,4.00716
49,104,119,4.43648
49,105,106,4.00268
49,105,120,4.20169
49,106,107,4.6337
49,106,121,4.00268
49,107,108,4.63281
49,107,122,4.00179
49,108,109,4.4338
49,108,123,4.4338
49,109,110,4.20169
49,109,124,4.0
49,110,111,4.43916
49,110,125,3.57067
49,111,112,4.6337
49,111,126,4.43737
49,112,113,4.23747
49,112,127,4.00179
49,113,114,4.86849
49,113,128,4.43916
49,114,115,3.80725
49,114,129,4.23926
49,115,116,3.37435
49,115,130,3.56889
49,116,117,4.1999
49,116,131,4.20169
49,117,118,4.0
49,117,132,4.4338
49,118,119,4.00179
49,118,133,3.56889
49,119,134,3.37614
49,120,121,4.43648
49,120,135,4.43827
49,121,122,4.63102
49,121,136,4.4338
49,122,123,4.00716
49,122,137,4.00089
49,123,124,4.87028
49,123,138,3.80636
49,124,125,5.06303
49,124,139,4.63191
49,125,126,3.56889
49,125,140,4.23926
49,126,127,3.80546
49,126,141,4.63281
49,127,128,3.57067
49,127,142,3.56889
49,128,129,4.00089
49,128,143,3.80636
49,129,130,4.1999
49,129,144,5.06303
49,130,131,3.80546
49,130,145,4.00268
49,131,132,4.87028
49,131,146,4.6337
49,132,133,3.80725
49,132,147,3.80546
49,133,134,3.56889
49,133,148,5.06482
49,134,149,4.00268
49,135,136,4.86849
49,135,150,4.00179
49,136,137,4.43827
49,136,151,4.87028
49,137,138,4.23747
49,137,152,4.43201
49,138,139,4.23747
49,138,153,4.63102
49,139,140,4.23747
49,139,154,5.06482
49,140,141,4.63191
49,140,155,3.80815
49,141,142,4.43201
49,141,156,4.00537
49,142,143,4.63191
49,142,157,3.80546
49,143,144,4.63191
49,143,158,5.06482
49,144,145,3.80725
49,144,159,4.00089
49,145,146,5.06303
49,145,160,4.86849
49,146,147,4.0
49,146,161,4.43648
49,147,148,3.57067
49,147,162,4.6337
49,148,149,3.80546
49,148,163,3.80636
49,149,164,4.23926
49,150,151,4.00179
49,150,165,4.63102
49,151,152,5.06482
49,151,166,4.86849
49,152,153,3.37435
49,152,167,3.37614
49,153,154,4.1999
49,153,168,3.80815
49,154,155,4.43201
49,154,169,4.43201
49,155,156,4.86849
49,155,170,4.43648
49,156,157,3.37614
49,156,171,3.57067
49,157,158,3.57067
49,157,172,3.80725
49,158,159,4.63281
49,158,173,4.43737
49,159,160,4.6337
49,159,174,4.20169
49,160,161,4.87028
49,160,175,4.43648
49,161,162,5.06482
49,161,176,4.43201
49,162,163,4.1999
49,162,177,4.00179
49,163,164,3.80815
49,163,178,4.63102
49,164,179,4.0
49,165,166,4.63102
49,165,180,3.80725
49,166,167,5.06303
49,166,181,4.87028
49,167,168,3.37614
49,167,182,4.43648
49,168,169,4.00537
49,168,183,5.06303
49,169,170,5.06303
49,169,184,4.23747
49,170,171,3.80636
49,170,185,3.80636
49,171,172,3.37435
49,171,186,4.4338
49,172,173,3.80725
49,172,187,4.63102
49,173,174,4.63281
49,173,188,5.06482
49,174,175,4.43648
49,174,189,4.20169
49,175,176,4.6337
49,175,190,3.57067
49,176,177,3.37435
49,176,191,4.0
49,177,178,4.6337
49,177,192,4.63102
49,178,179,3.80636
49,178,193,3.80546
49,179,194,4.00089
49,180,181,4.23747
49,180,195,4.87028
49,181,182,4.63102
49,181,196,4.00089
49,182,183,4.00179
49,182,197,4.43737
49,183,184,4.86849
49,183,198,4.23747
49,184,185,4.43737
49,184,199,4.23926
49,185,186,4.23926
49,185,200,4.23926
49,186,187,3.37435
49,186,201,4.0
49,187,188,3.80636
49,187,202,5.06303
49,188,189,3.80546
49,188,203,4.00268
49,189,190,4.63102
49,189,204,4.0
49,190,191,3.56889
49,190,205,4.00268
49,191,192,4.00537
49,191,206,3.37614
49,192,193,4.63281
49,192,207,4.1999
49,193,194,4.00268
49,193,208,4.6337
49,194,209,4.86849
49,195,196,3.80815
49,195,210,4.43827
49,196,197,3.80815
49,196,211,3.37435
49,197,198,4.20169
49,197,212,5.06303
49,198,199,4.6337
49,198,213,3.80725
49,199,200,3.37435
49,199,214,5.06303
49,200,201,4.00268
49,200,215,4.87028
49,201,202,4.4338
49,201,216,4.63102
49,202,203,4.43737
49,202,217,4.86849
49,203,204,4.23747
49,203,218,4.43916
49,204,205,4.4338
49,204,219,5.06303
49,205,206,5.06303
49,205,220,4.20169
49,206,207,4.63102
49,206,221,4.00716
49,207,208,3.80725
49,207,222,4.00716
49,208,209,4.6337
49,208,223,4.63102
49,209,224,3.37614
49,210,211,3.80815
49,211,212,4.23926
49,212,213,3.80815
49,213,214,4.43916
49,214,215,4.43827
49,215,216,4.00716
49,216,217,3.56889
49,217,218,3.37435
49,218,219,3.80546
49,219,220,3.56889
49,220,221,3.57067
49,221,222,4.23926
49,222,223,4.43737
49,223,224,4.63102
50,0,1,3.44903
50,0,15,3.79518
50,1,2,4.33362
50,1,16,3.44903
50,2,3,4.0
50,2,17,3.21201
50,3,4,3.77326
50,3,18,4.1288
50,4,5,3.77326
50,4,19,4.0
50,5,6,4.01029
50,5,20,4.35643
50,6,7,4.44274
50,6,21,3.55815
50,7,8,5.00399
50,7,22,5.00399
50,8,9,3.55815
50,8,23,3.21201
50,9,10,3.76298
50,9,24,4.89487
50,10,11,4.01029
50,10,25,3.79518
50,11,12,4.67037
50,11,26,4.34614
50,12,13,5.24102
50,12,27,4.10688
50,13,14,4.0
50,13,28,4.69005
50,14,29,3.44903
50,15,16,4.33362
50,15,30,4.56125
50,16,17,3.77326
50,16,31,4.56125
50,17,18,5.24102
50,17,32,3.55815
50,18,19,4.89487
50,18,33,3.44903
50,19,20,4.69005
50,19,34,4.32423
50,20,21,3.79518
50,20,35,3.89177
50,21,22,4.35643
50,21,36,4.89487
50,22,23,3.21201
50,22,37,4.1288
50,23,24,4.89487
50,23,38,3.55815
50,24,25,3.77326
50,24,39,3.76298
50,25,26,4.34391
50,25,40,4.10912
50,26,27,4.1288
50,26,41,3.55815
50,27,28,4.11941
50,27,42,3.77326
50,28,29,4.67037
50,28,43,4.11941
50,29,44,4.11941
50,30,31,3.79518
50,30,45,4.56125
50,31,32,4.1288
50,31,46,4.67037
50,32,33,4.10912
50,32,47,4.56125
50,33,34,3.54563
50,33,48,3.77326
50,34,35,3.77326
50,34,49,4.0966
50,35,36,4.34614
50,35,50,4.10912
50,36,37,4.65785
50,36,51,4.56125
50,37,38,5.00399
50,37,52,4.35643
50,38,39,5.24102
50,38,53,4.1288
50,39,40,3.55815
50,39,54,4.0966
50,40,41,4.67037
50,40,55,4.69005
50,41,42,3.78265
50,41,56,4.10688
50,42,43,4.69005
50,42,57,4.65785
50,43,44,4.34614
50,43,58,4.1288
50,44,59,3.54563
50,45,46,3.54563
50,45,60,4.9074
50,46,47,4.32423
50,46,61,4.9074
50,47,48,5.24102
50,47,62,3.54563
50,48,49,4.67037
50,48,63,3.76298
50,49,50,3.79518
50,49,64,4.0966
50,50,51,4.34391
50,50,65,4.11941
50,51,52,4.33362
50,51,66,4.0966
50,52,53,3.89177
50,52,67,4.33362
50,53,54,4.33362
50,53,68,4.45303
50,54,55,4.0966
50,54,69,4.67037
50,55,56,3.77326
50,55,70,4.01029
50,56,57,4.69005
50,56,71,4.33362
50,57,58,4.34614
50,57,72,3.76298
50,58,59,4.10688
50,58,73,3.54563
50,59,74,4.44274
50,60,61,4.67976
50,60,75,4.34614
50,61,62,4.44274
50,61,76,4.10688
50,62,63,4.67037
50,62,77,4.34614
50,63,64,4.32423
50,63,78,4.45303
50,64,65,4.33362
50,64,79,4.01029
50,65,66,3.55815
50,65,80,5.00399
50,66,67,4.34391
50,66,81,3.77326
50,67,68,4.10688
50,67,82,4.35643
50,68,69,3.54563
50,68,83,4.32423
50,69,70,4.34614
50,69,84,3.77326
50,70,71,3.44903
50,70,85,4.89487
50,71,72,4.34391
50,71,86,3.54563
50,72,73,4.1288
50,72,87,4.9074
50,73,74,4.9074
50,73,88,4.9074
50,74,89,3.76298
50,75,76,4.11941
50,75,90,4.10688
50,76,77,4.0966
50,76,91,4.33362
50,77,78,3.21201
50,77,92,3.54563
50,78,79,4.44274
50,78,93,3.77326
50,79,80,4.10688
50,79,94,4.0966
50,80,81,4.33362
50,80,95,3.21201
50,81,82,4.0
50,81,96,4.10688
50,82,83,4.89487
50,82,97,4.34614
50,83,84,4.32423
50,83,98,4.45303
50,84,85,4.0
50,84,99,4.1288
50,85,86,3.89177
50,85,100,4.35643
50,86,87,3.78265
50,86,101,4.67976
50,87,88,4.34391
50,87,102,4.35643
50,88,89,5.00399
50,88,103,4.35643
50,89,104,4.9074
50,90,91,4.65785
50,90,105,4.89487
50,91,92,3.21201
50,91,106,4.10912
50,92,93,3.54563
50,92,107,4.33362
50,93,94,3.54563
50,93,108,4.65785
50,94,95,3.76298
50,94,109,3.21201
50,95,96,4.32423
50,95,110,4.0966
50,96,97,3.21201
50,96,111,4.10912
50,97,98,3.79518
50,97,112,4.67976
50,98,99,4.9074
50,98,113,3.54563
50,99,100,4.9074
50,99,114,4.35643
50,100,101,3.77326
50,100,115,4.10912
50,101,102,4.45303
50,101,116,4.44274
50,102,103,3.77326
50,102,117,3.54563
50,103,104,4.32423
50,103,118,4.11941
50,104,119,3.79518
50,105,106,4.65785
50,105,120,3.77326
50,106,107,4.10688
50,106,121,4.65785
50,107,108,3.21201
50,107,122,3.76298
50,108,109,4.0966
50,108,123,4.0966
50,109,110,3.77326
50,109,124,4.0
50,110,111,4.45303
50,110,125,4.32423
50,111,112,4.10688
50,111,126,4.69005
50,112,113,4.67976
50,112,127,3.76298
50,113,114,4.1288
50,113,128,4.45303
50,114,115,4.10912
50,114,129,4.44274
50,115,116,4.9074
50,115,130,4.56125
50,116,117,4.01029
50,116,131,3.77326
50,117,118,4.0
50,117,132,4.0966
50,118,119,3.76298
50,118,133,4.56125
50,119,134,4.67037
50,120,121,3.79518
50,120,135,3.55815
50,121,122,3.44903
50,121,136,4.0966
50,122,123,4.11941
50,122,137,4.89487
50,123,124,3.89177
50,123,138,5.24102
50,124,125,3.78265
50,124,139,4.34391
50,125,126,4.56125
50,125,140,4.44274
50,126,127,4.34614
50,126,141,3.21201
50,127,128,4.32423
50,127,142,4.56125
50,128,129,4.89487
50,128,143,5.24102
50,129,130,4.01029
50,129,144,3.78265
50,130,131,4.34614
50,130,145,4.65785
50,131,132,3.89177
50,131,146,4.10688
50,132,133,4.10912
50,132,147,4.34614
50,133,134,4.56125
50,133,148,3.54563
50,134,149,4.65785
50,135,136,4.1288
50,135,150,3.76298
50,136,137,3.55815
50,136,151,3.89177
50,137,138,4.67976
50,137,152,4.33362
50,138,139,4.67976
50,138,153,3.44903
50,139,140,4.67976
50,139,154,3.54563
50,140,141,4.34391
50,140,155,5.00399
50,141,142,4.33362
50,141,156,4.35643
50,142,143,4.34391
50,142,157,4.34614
50,143,144,4.34391
50,143,158,3.54563
50,144,145,4.10912
50,144,159,4.89487
50,145,146,3.78265
50,145,160,4.1288
50,146,147,4.0
50,146,161,3.79518
50,147,148,4.32423
50,147,162,4.10688
50,148,149,4.34614
50,148,163,5.24102
50,149,164,4.44274
50,150,151,3.76298
50,150,165,3.44903
50,151,152,3.54563
50,151,166,4.1288
50,152,153,4.9074
50,152,167,4.67037
50,153,154,4.01029
50,153,168,5.00399
50,154,155,4.33362
50,154,169,4.33362
50,155,156,4.1288
50,155,170,3.79518
50,156,157,4.67037
50,156,171,4.32423
50,157,158,4.32423
50,157,172,4.10912
50,158,159,3.21201
50,158,173,4.69005
50,159,160,4.10688
50,159,174,3.77326
50,160,161,3.89177
50,160,175,3.79518
50,161,162,3.54563
50,161,176,4.33362
50,162,163,4.01029
50,162,177,3.76298
50,163,164,5.00399
50,163,178,3.44903
50,164,179,4.0
50,165,166,3.44903
50,165,180,4.10912
50,166,167,3.78265
50,166,181,3.89177
50,167,168,4.67037
50,167,182,3.79518
50,168,169,4.35643
50,168,183,3.78265
50,169,170,3.78265
50,169,184,4.67976
50,170,171,5.24102
50,170,185,5.24102
50,171,172,4.9074
50,171,186,4.0966
50,172,173,4.10912
50,172,187,3.44903
50,173,174,3.21201
50,173,188,3.54563
50,174,175,3.79518
50,174,189,3.77326
50,175,176,4.10688
50,175,190,4.32423
50,176,177,4.9074
50,176,191,4.0
50,177,178,4.10688
50,177,192,3.44903
50,178,179,5.24102
50,178,193,4.34614
50,179,194,4.89487
50,180,181,4.67976
50,180,195,3.89177
50,181,182,3.44903
50,181,196,4.89487
50,182,183,3.76298
50,182,197,4.69005
50,183,184,4.1288
50,183,198,4.67976
50,184,185,4.69005
50,184,199,4.44274
50,185,186,4.44274
50,185,200,4.44274
50,186,187,4.9074
50,186,201,4.0
50,187,188,5.24102
50,187,202,3.78265
50,188,189,4.34614
50,188,203,4.65785
50,189,190,3.44903
50,189,204,4.0
50,190,191,4.56125
50,190,205,4.65785
50,191,192,4.35643
50,191,206,4.67037
50,192,193,3.21201
50,192,207,4.01029
50,193,194,4.65785
50,193,208,4.10688
50,194,209,4.1288
50,195,196,5.00399
50,195,210,3.55815
50,196,197,5.00399
50,196,211,4.9074
50,197,198,3.77326
50,197,212,3.78265
50,198,199,4.10688
50,198,213,4.10912
50,199,200,4.9074
50,199,214,3.78265
50,200,201,4.65785
50,200,215,3.89177
50,201,202,4.0966
50,201,216,3.44903
50,202,203,4.69005
50,202,217,4.1288
50,203,204,4.67976
50,203,218,4.45303
50,204,205,4.0966
50,204,219,3.78265
50,205,206,3.78265
50,205,220,3.77326
50,206,207,3.44903
50,206,221,4.11941
50,207,208,4.10912
50,207,222,4.11941
50,208,209,4.10688
50,208,223,3.44903
50,209,224,4.67037
50,210,211,5.00399
50,211,212,4.44274
50,212,213,5.00399
50,213,214,4.45303
50,214,215,3.55815
50,215,216,4.11941
50,216,217,4.56125
50,217,218,4.9074
50,218,219,4.34614
50,219,220,4.56125
50,220,221,4.32423
50,221,222,4.44274
50,222,223,4.69005
50,223,224,3.44903
51,0,1,4.11583
51,0,15,4.19946
51,1,2,3.60824
51,1,16,4.11583
51,2,3,4.0
51,2,17,3.78131
51,3,4,3.86673
51,3,18,3.8077
51,4,5,3.86673
51,4,19,4.0
51,5,6,4.20125
51,5,20,4.28488
51,6,7,3.35735
51,6,21,3.86494
51,7,8,3.44277
51,7,22,3.44277
51,8,9,3.86494
51,8,23,3.78131
51,9,10,3.66548
51,9,24,3.69366
51,10,11,4.20125
51,10,25,4.19946
51,11,12,3.83453
51,11,26,4.08363
51,12,13,3.77729
51,12,27,3.47497
51,13,14,4.0
51,13,28,3.89312
51,14,29,4.11583
51,15,16,3.60824
51,15,30,4.08542
51,16,17,3.86673
51,16,31,4.08542
51,17,18,3.77729
51,17,32,3.86494
51,18,19,3.69366
51,18,33,4.11583
51,19,20,3.89312
51,19,34,3.7509
51,20,21,4.19946
51,20,35,3.47318
51,21,22,4.28488
51,21,36,3.69366
51,22,23,3.78131
51,22,37,3.8077
51,23,24,3.69366
51,23,38,3.86494
51,24,25,3.86673
51,24,39,3.66548
51,25,26,3.80949
51,25,40,3.74911
51,26,27,3.8077
51,26,41,3.86494
51,27,28,3.95036
51,27,42,3.86673
51,28,29,3.83453
51,28,43,3.95036
51,29,44,3.95036
51,30,31,4.19946
51,30,45,4.08542
51,31,32,3.8077
51,31,46,3.83453
51,32,33,3.74911
51,32,47,4.08542
51,33,34,3.38955
51,33,48,3.86673
51,34,35,3.86673
51,34,49,3.27373
51,35,36,4.08363
51,35,50,3.74911
51,36,37,3.35914
51,36,51,4.08542
51,37,38,3.44277
51,37,52,4.28488
51,38,39,3.77729
51,38,53,3.8077
51,39,40,3.86494
51,39,54,3.27373
51,40,41,3.83453
51,40,55,3.89312
51,41,42,3.72407
51,41,56,3.47497
51,42,43,3.89312
51,42,57,3.35914
51,43,44,4.08363
51,43,58,3.8077
51,44,59,3.38955
51,45,46,3.38955
51,45,60,4.16905
51,46,47,3.7509
51,46,61,4.16905
51,47,48,3.77729
51,47,62,3.38955
51,48,49,3.83453
51,48,63,3.66548
51,49,50,4.19946
51,49,64,3.27373
51,50,51,3.80949
51,50,65,3.95036
51,51,52,3.60824
51,51,66,3.27373
51,52,53,3.47318
51,52,67,3.60824
51,53,54,3.60824
51,53,68,3.5586
51,54,55,3.27373
51,54,69,3.83453
51,55,56,3.86673
51,55,70,4.20125
51,56,57,3.89312
51,56,71,3.60824
51,57,58,4.08363
51,57,72,3.66548
51,58,59,3.47497
51,58,73,3.38955
51,59,74,3.35735
51,60,61,3.69187
51,60,75,4.08363
51,61,62,3.35735
51,61,76,3.47497
51,62,63,3.83453
51,62,77,4.08363
51,63,64,3.7509
51,63,78,3.5586
51,64,65,3.60824
51,64,79,4.20125
51,65,66,3.86494
51,65,80,3.44277
51,66,67,3.80949
51,66,81,3.86673
51,67,68,3.47497
51,67,82,4.28488
51,68,69,3.38955
51,68,83,3.7509
51,69,70,4.08363
51,69,84,3.86673
51,70,71,4.11583
51,70,85,3.69366
51,71,72,3.80949
51,71,86,3.38955
51,72,73,3.8077
51,72,87,4.16905
51,73,74,4.16905
51,73,88,4.16905
51,74,89,3.66548
51,75,76,3.95036
51,75,90,3.47497
51,76,77,3.27373
51,76,91,3.60824
51,77,78,3.78131
51,77,92,3.38955
51,78,79,3.35735
51,78,93,3.86673
51,79,80,3.47497
51,79,94,3.27373
51,80,81,3.60824
51,80,95,3.78131
51,81,82,4.0
51,81,96,3.47497
51,82,83,3.69366
51,82,97,4.08363
51,83,84,3.7509
51,83,98,3.5586
51,84,85,4.0
51,84,99,3.8077
51,85,86,3.47318
51,85,100,4.28488
51,86,87,3.72407
51,86,101,3.69187
51,87,88,3.80949
51,87,102,4.28488
51,88,89,3.44277
51,88,103,4.28488
51,89,104,4.16905
51,90,91,3.35914
51,90,105,3.69366
51,91,92,3.78131
51,91,106,3.74911
51,92,93,3.38955
51,92,107,3.60824
51,93,94,3.38955
51,93,108,3.35914
51,94,95,3.66548
51,94,109,3.78131
51,95,96,3.7509
51,95,110,3.27373
51,96,97,3.78131
51,96,111,3.74911
51,97,98,4.19946
51,97,112,3.69187
51,98,99,4.16905
51,98,113,3.38955
51,99,100,4.16905
51,99,114,4.28488
51,100,101,3.86673
51,100,115,3.74911
51,101,102,3.5586
51,101,116,3.35735
51,102,103,3.86673
51,102,117,3.38955
51,103,104,3.7509
51,103,118,3.95036
51,104,119,4.19946
51,105,106,3.35914
51,105,120,3.86673
51,106,107,3.47497
51,106,121,3.35914
51,107,108,3.78131
51,107,122,3.66548
51,108,109,3.27373
51,108,123,3.27373
51,109,110,3.86673
51,109,124,4.0
51,110,111,3.5586
51,110,125,3.7509
51,111,112,3.47497
51,111,126,3.89312
51,112,113,3.69187
51,112,127,3.66548
51,113,114,3.8077
51,113,128,3.5586
51,114,115,3.74911
51,114,129,3.35735
51,115,116,4.16905
51,115,130,4.08542
51,116,117,4.20125
51,116,131,3.86673
51,117,118,4.0
51,117,132,3.27373
51,118,119,3.66548
51,118,133,4.08542
51,119,134,3.83453
51,120,121,4.19946
51,120,135,3.86494
51,121,122,4.11583
51,121,136,3.27373
51,122,123,3.95036
51,122,137,3.69366
51,123,124,3.47318
51,123,138,3.77729
51,124,125,3.72407
51,124,139,3.80949
51,125,126,4.08542
51,125,140,3.35735
51,126,127,4.08363
51,126,141,3.78131
51,127,128,3.7509
51,127,142,4.08542
51,128,129,3.69366
51,128,143,3.77729
51,129,130,4.20125
51,129,144,3.72407
51,130,131,4.08363
51,130,145,3.35914
51,131,132,3.47318
51,131,146,3.47497
51,132,133,3.74911
51,132,147,4.08363
51,133,134,4.08542
51,133,148,3.38955
51,134,149,3.35914
51,135,136,3.8077
51,135,150,3.66548
51,136,137,3.86494
51,136,151,3.47318
51,137,138,3.69187
51,137,152,3.60824
51,138,139,3.69187
51,138,153,4.11583
51,139,140,3.69187
51,139,154,3.38955
51,140,141,3.80949
51,140,155,3.44277
51,141,142,3.60824
51,141,156,4.28488
51,142,143,3.80949
51,142,157,4.08363
51,143,144,3.80949
51,143,158,3.38955
51,144,145,3.74911
51,144,159,3.69366
51,145,146,3.72407
51,145,160,3.8077
51,146,147,4.0
51,146,161,4.19946
51,147,148,3.7509
51,147,162,3.47497
51,148,149,4.08363
51,148,163,3.77729
51,149,164,3.35735
51,150,151,3.66548
51,150,165,4.11583
51,151,152,3.38955
51,151,166,3.8077
51,152,153,4.16905
51,152,167,3.83453
51,153,154,4.20125
51,153,168,3.44277
51,154,155,3.60824
51,154,169,3.60824
51,155,156,3.8077
51,155,170,4.19946
51,156,157,3.83453
51,156,171,3.7509
51,157,158,3.7509
51,157,172,3.74911
51,158,159,3.78131
51,158,173,3.89312
51,159,160,3.47497
51,159,174,3.86673
51,160,161,3.47318
51,160,175,4.19946
51,161,162,3.38955
51,161,176,3.60824
51,162,163,4.20125
51,162,177,3.66548
51,163,164,3.44277
51,163,178,4.11583
51,164,179,4.0
51,165,166,4.11583
51,165,180,3.74911
51,166,167,3.72407
51,166,181,3.47318
51,167,168,3.83453
51,167,182,4.19946
51,168,169,4.28488
51,168,183,3.72407
51,169,170,3.72407
51,169,184,3.69187
51,170,171,3.77729
51,170,185,3.77729
51,171,172,4.16905
51,171,186,3.27373
51,172,173,3.74911
51,172,187,4.11583
51,173,174,3.78131
51,173,188,3.38955
51,174,175,4.19946
51,174,189,3.86673
51,175,176,3.47497
51,175,190,3.7509
51,176,177,4.16905
51,176,191,4.0
51,177,178,3.47497
51,177,192,4.11583
51,178,179,3.77729
51,178,193,4.08363
51,179,194,3.69366
51,180,181,3.69187
51,180,195,3.47318
51,181,182,4.11583
51,181,196,3.69366
51,182,183,3.66548
51,182,197,3.89312
51,183,184,3.8077
51,183,198,3.69187
51,184,185,3.89312
51,184,199,3.35735
51,185,186,3.35735
51,185,200,3.35735
51,186,187,4.16905
51,186,201,4.0
51,187,188,3.77729
51,187,202,3.72407
51,188,189,4.08363
51,188,203,3.35914
51,189,190,4.11583
51,189,204,4.0
51,190,191,4.08542
51,190,205,3.35914
51,191,192,4.28488
51,191,206,3.83453
51,192,193,3.78131
51,192,207,4.20125
51,193,194,3.35914
51,193,208,3.47497
51,194,209,3.8077
51,195,196,3.44277
51,195,210,3.86494
51,196,197,3.44277
51,196,211,4.16905
51,197,198,3.86673
51,197,212,3.72407
51,198,199,3.47497
51,198,213,3.74911
51,199,200,4.16905
51,199,214,3.72407
51,200,201,3.35914
51,200,215,3.47318
51,201,202,3.27373
51,201,216,4.11583
51,202,203,3.89312
51,202,217,3.8077
51,203,204,3.69187
51,203,218,3.5586
51,204,205,3.27373
51,204,219,3.72407
51,205,206,3.72407
51,205,220,3.86673
51,206,207,4.11583
51,206,221,3.95036
51,207,208,3.74911
51,207,222,3.95036
51,208,209,3.47497
51,208,223,4.11583
51,209,224,3.83453
51,210,211,3.44277
51,211,212,3.35735
51,212,213,3.44277
51,213,214,3.5586
51,214,215,3.86494
51,215,216,3.95036
51,216,217,4.08542
51,217,218,4.16905
51,218,219,4.08363
51,219,220,4.08542
51,220,221,3.7509
51,221,222,3.35735
51,222,223,3.89312
51,223,224,4.11583
52,0,1,4.40115
52,0,15,4.44274
52,1,2,3.76253
52,1,16,4.40115
52,2,3,4.0
52,2,17,4.74193
52,3,4,4.24015
52,3,18,4.20527
52,4,5,4.24015
52,4,19,4.0
52,5,6,3.89938
52,5,20,3.94097
52,6,7,4.1449
52,6,21,4.78352
52,7,8,3.64312
52,7,22,3.64312
52,8,9,4.78352
52,8,23,4.74193
52,9,10,4.34078
52,9,24,3.26076
52,10,11,3.89938
52,10,25,4.44274
52,11,12,3.88059
52,11,26,4.04159
52,12,13,3.30235
52,12,27,4.00268
52,13,14,4.0
52,13,28,3.7035
52,14,29,4.40115
52,15,16,3.76253
52,15,30,3.49823
52,16,17,4.24015
52,16,31,3.49823
52,17,18,3.30235
52,17,32,4.78352
52,18,19,3.26076
52,18,33,4.40115
52,19,20,3.7035
52,19,34,3.839
52,20,21,4.44274
52,20,35,4.54605
52,21,22,3.94097
52,21,36,3.26076
52,22,23,4.74193
52,22,37,4.20527
52,23,24,3.26076
52,23,38,4.78352
52,24,25,4.24015
52,24,39,4.34078
52,25,26,3.66191
52,25,40,4.38237
52,26,27,4.20527
52,26,41,4.78352
52,27,28,4.28174
52,27,42,4.24015
52,28,29,3.88059
52,28,43,4.28174
52,29,44,4.28174
52,30,31,4.44274
52,30,45,3.49823
52,31,32,4.20527
52,31,46,3.88059
52,32,33,4.38237
52,32,47,3.49823
52,33,34,4.50446
52,33,48,4.24015
52,34,35,4.24015
52,34,49,4.10331
52,35,36,4.04159
52,35,50,4.38237
52,36,37,3.60153
52,36,51,3.49823
52,37,38,3.64312
52,37,52,3.94097
52,38,39,3.30235
52,38,53,4.20527
52,39,40,4.78352
52,39,54,4.10331
52,40,41,3.88059
52,40,55,3.7035
52,41,42,4.16368
52,41,56,4.00268
52,42,43,3.7035
52,42,57,3.60153
52,43,44,4.04159
52,43,58,4.20527
52,44,59,4.50446
52,45,46,4.50446
52,45,60,3.53982
52,46,47,3.839
52,46,61,3.53982
52,47,48,3.30235
52,47,62,4.50446
52,48,49,3.88059
52,48,63,4.34078
52,49,50,4.44274
52,49,64,4.10331
52,50,51,3.66191
52,50,65,4.28174
52,51,52,3.76253
52,51,66,4.10331
52,52,53,4.54605
52,52,67,3.76253
52,53,54,3.76253
52,53,68,4.04427
52,54,55,4.10331
52,54,69,3.88059
52,55,56,4.24015
52,55,70,3.89938
52,56,57,3.7035
52,56,71,3.76253
52,57,58,4.04159
52,57,72,4.34078
52,58,59,4.00268
52,58,73,4.50446
52,59,74,4.1449
52,60,61,3.80412
52,60,75,4.04159
52,61,62,4.1449
52,61,76,4.00268
52,62,63,3.88059
52,62,77,4.04159
52,63,64,3.839
52,63,78,4.04427
52,64,65,3.76253
52,64,79,3.89938
52,65,66,4.78352
52,65,80,3.64312
52,66,67,3.66191
52,66,81,4.24015
52,67,68,4.00268
52,67,82,3.94097
52,68,69,4.50446
52,68,83,3.839
52,69,70,4.04159
52,69,84,4.24015
52,70,71,4.40115
52,70,85,3.26076
52,71,72,3.66191
52,71,86,4.50446
52,72,73,4.20527
52,72,87,3.53982
52,73,74,3.53982
52,73,88,3.53982
52,74,89,4.34078
52,75,76,4.28174
52,75,90,4.00268
52,76,77,4.10331
52,76,91,3.76253
52,77,78,4.74193
52,77,92,4.50446
52,78,79,4.1449
52,78,93,4.24015
52,79,80,4.00268
52,79,94,4.10331
52,80,81,3.76253
52,80,95,4.74193
52,81,82,4.0
52,81,96,4.00268
52,82,83,3.26076
52,82,97,4.04159
52,83,84,3.839
52,83,98,4.04427
52,84,85,4.0
52,84,99,4.20527
52,85,86,4.54605
52,85,100,3.94097
52,86,87,4.16368
52,86,101,3.80412
52,87,88,3.66191
52,87,102,3.94097
52,88,89,3.64312
52,88,103,3.94097
52,89,104,3.53982
52,90,91,3.60153
52,90,105,3.26076
52,91,92,4.74193
52,91,106,4.38237
52,92,93,4.50446
52,92,107,3.76253
52,93,94,4.50446
52,93,108,3.60153
52,94,95,4.34078
52,94,109,4.74193
52,95,96,3.839
52,95,110,4.10331
52,96,97,4.74193
52,96,111,4.38237
52,97,98,4.44274
52,97,112,3.80412
52,98,99,3.53982
52,98,113,4.50446
52,99,100,3.53982
52,99,114,3.94097
52,100,101,4.24015
52,100,115,4.38237
52,101,102,4.04427
52,101,116,4.1449
52,102,103,4.24015
52,102,117,4.50446
52,103,104,3.839
52,103,118,4.28174
52,104,119,4.44274
52,105,106,3.60153
52,105,120,4.24015
52,106,107,4.00268
52,106,121,3.60153
52,107,108,4.74193
52,107,122,4.34078
52,108,109,4.10331
52,108,123,4.10331
52,109,110,4.24015
52,109,124,4.0
52,110,111,4.04427
52,110,125,3.839
52,111,112,4.00268
52,111,126,3.7035
52,112,113,3.80412
52,112,127,4.34078
52,113,114,4.20527
52,113,128,4.04427
52,114,115,4.38237
52,114,129,4.1449
52,115,116,3.53982
52,115,130,3.49823
52,116,117,3.89938
52,116,131,4.24015
52,117,118,4.0
52,117,132,4.10331
52,118,119,4.34078
52,118,133,3.49823
52,119,134,3.88059
52,120,121,4.44274
52,120,135,4.78352
52,121,122,4.40115
52,121,136,4.10331
52,122,123,4.28174
52,122,137,3.26076
52,123,124,4.54605
52,123,138,3.30235
52,124,125,4.16368
52,124,139,3.66191
52,125,126,3.49823
52,125,140,4.1449
52,126,127,4.04159
52,126,141,4.74193
52,127,128,3.839
52,127,142,3.49823
52,128,129,3.26076
52,128,143,3.30235
52,129,130,3.89938
52,129,144,4.16368
52,130,131,4.04159
52,130,145,3.60153
52,131,132,4.54605
52,131,146,4.00268
52,132,133,4.38237
52,132,147,4.04159
52,133,134,3.49823
52,133,148,4.50446
52,134,149,3.60153
52,135,136,4.20527
52,135,150,4.34078
52,136,137,4.78352
52,136,151,4.54605
52,137,138,3.80412
52,137,152,3.76253
52,138,139,3.80412
52,138,153,4.40115
52,139,140,3.80412
52,139,154,4.50446
52,140,141,3.66191
52,140,155,3.64312
52,141,142,3.76253
52,141,156,3.94097
52,142,143,3.66191
52,142,157,4.04159
52,143,144,3.66191
52,143,158,4.50446
52,144,145,4.38237
52,144,159,3.26076
52,145,146,4.16368
52,145,160,4.20527
52,146,147,4.0
52,146,161,4.44274
52,147,148,3.839
52,147,162,4.00268
52,148,149,4.04159
52,148,163,3.30235
52,149,164,4.1449
52,150,151,4.34078
52,150,165,4.40115
52,151,152,4.50446
52,151,166,4.20527
52,152,153,3.53982
52,152,167,3.88059
52,153,154,3.89938
52,153,168,3.64312
52,154,155,3.76253
52,154,169,3.76253
52,155,156,4.20527
52,155,170,4.44274
52,156,157,3.88059
52,156,171,3.839
52,157,158,3.839
52,157,172,4.38237
52,158,159,4.74193
52,158,173,3.7035
52,159,160,4.00268
52,159,174,4.24015
52,160,161,4.54605
52,160,175,4.44274
52,161,162,4.50446
52,161,176,3.76253
52,162,163,3.89938
52,162,177,4.34078
52,163,164,3.64312
52,163,178,4.40115
52,164,179,4.0
52,165,166,4.40115
52,165,180,4.38237
52,166,167,4.16368
52,166,181,4.54605
52,167,168,3.88059
52,167,182,4.44274
52,168,169,3.94097
52,168,183,4.16368
52,169,170,4.16368
52,169,184,3.80412
52,170,171,3.30235
52,170,185,3.30235
52,171,172,3.53982
52,171,186,4.10331
52,172,173,4.38237
52,172,187,4.40115
52,173,174,4.74193
52,173,188,4.50446
52,174,175,4.44274
52,174,189,4.24015
52,175,176,4.00268
52,175,190,3.839
52,176,177,3.53982
52,176,191,4.0
52,177,178,4.00268
52,177,192,4.40115
52,178,179,3.30235
52,178,193,4.04159
52,179,194,3.26076
52,180,181,3.80412
52,180,195,4.54605
52,181,182,4.40115
52,181,196,3.26076
52,182,183,4.34078
52,182,197,3.7035
52,183,184,4.20527
52,183,198,3.80412
52,184,185,3.7035
52,184,199,4.1449
52,185,186,4.1449
52,185,200,4.1449
52,186,187,3.53982
52,186,201,4.0
52,187,188,3.30235
52,187,202,4.16368
52,188,189,4.04159
52,188,203,3.60153
52,189,190,4.40115
52,189,204,4.0
52,190,191,3.49823
52,190,205,3.60153
52,191,192,3.94097
52,191,206,3.88059
52,192,193,4.74193
52,192,207,3.89938
52,193,194,3.60153
52,193,208,4.00268
52,194,209,4.20527
52,195,196,3.64312
52,195,210,4.78352
52,196,197,3.64312
52,196,211,3.53982
52,197,198,4.24015
52,197,212,4.16368
52,198,199,4.00268
52,198,213,4.38237
52,199,200,3.53982
52,199,214,4.16368
52,200,201,3.60153
52,200,215,4.54605
52,201,202,4.10331
52,201,216,4.40115
52,202,203,3.7035
52,202,217,4.20527
52,203,204,3.80412
52,203,218,4.04427
52,204,205,4.10331
52,204,219,4.16368
52,205,206,4.16368
52,205,220,4.24015
52,206,207,4.40115
52,206,221,4.28174
52,207,208,4.38237
52,207,222,4.28174
52,208,209,4.00268
52,208,223,4.40115
52,209,224,3.88059
52,210,211,3.64312
52,211,212,4.1449
52,212,213,3.64312
52,213,214,4.04427
52,214,215,4.78352
52,215,216,4.28174
52,216,217,3.49823
52,217,218,3.53982
52,218,219,4.04159
52,219,220,3.49823
52,220,221,3.839
52,221,222,4.1449
52,222,223,3.7035
52,223,224,4.40115
53,0,1,3.98122
53,0,15,3.92532
53,1,2,3.70394
53,1,16,3.98122
53,2,3,4.0
53,2,17,3.52103
53,3,4,4.56081
53,3,18,3.62926
53,4,5,4.56081
53,4,19,4.0
53,5,6,5.02099
53,5,20,4.96509
53,6,7,3.18786
53,6,21,3.46513
53,7,8,4.22763
53,7,22,4.22763
53,8,9,3.46513
53,8,23,3.52103
53,9,10,3.53982
53,9,24,4.74372
53,10,11,5.02099
53,10,25,3.92532
53,11,12,4.52369
53,11,26,3.9441
53,12,13,4.68781
53,12,27,4.26475
53,13,14,4.0
53,13,28,4.66903
53,14,29,3.98122
53,15,16,3.70394
53,15,30,5.03977
53,16,17,4.56081
53,16,31,5.03977
53,17,18,4.68781
53,17,32,3.46513
53,18,19,4.74372
53,18,33,3.98122
53,19,20,4.66903
53,19,34,4.57959
53,20,21,3.92532
53,20,35,3.16908
53,21,22,4.96509
53,21,36,4.74372
53,22,23,3.52103
53,22,37,3.62926
53,23,24,4.74372
53,23,38,3.46513
53,24,25,4.56081
53,24,39,3.53982
53,25,26,4.72493
53,25,40,3.48392
53,26,27,3.62926
53,26,41,3.46513
53,27,28,4.5049
53,27,42,4.56081
53,28,29,4.52369
53,28,43,4.5049
53,29,44,4.5049
53,30,31,3.92532
53,30,45,5.03977
53,31,32,3.62926
53,31,46,4.52369
53,32,33,3.48392
53,32,47,5.03977
53,33,34,3.22498
53,33,48,4.56081
53,34,35,4.56081
53,34,49,3.24376
53,35,36,3.9441
53,35,50,3.48392
53,36,37,4.28353
53,36,51,5.03977
53,37,38,4.22763
53,37,52,4.96509
53,38,39,4.68781
53,38,53,3.62926
53,39,40,3.46513
53,39,54,3.24376
53,40,41,4.52369
53,40,55,4.66903
53,41,42,3.68516
53,41,56,4.26475
53,42,43,4.66903
53,42,57,4.28353
53,43,44,3.9441
53,43,58,3.62926
53,44,59,3.22498
53,45,46,3.22498
53,45,60,4.98387
53,46,47,4.57959
53,46,61,4.98387
53,47,48,4.68781
53,47,62,3.22498
53,48,49,4.52369
53,48,63,3.53982
53,49,50,3.92532
53,49,64,3.24376
53,50,51,4.72493
53,50,65,4.5049
53,51,52,3.70394
53,51,66,3.24376
53,52,53,3.16908
53,52,67,3.70394
53,53,54,3.70394
53,53,68,4.20885
53,54,55,3.24376
53,54,69,4.52369
53,55,56,4.56081
53,55,70,5.02099
53,56,57,4.66903
53,56,71,3.70394
53,57,58,3.9441
53,57,72,3.53982
53,58,59,4.26475
53,58,73,3.22498
53,59,74,3.18786
53,60,61,3.64804
53,60,75,3.9441
53,61,62,3.18786
53,61,76,4.26475
53,62,63,4.52369
53,62,77,3.9441
53,63,64,4.57959
53,63,78,4.20885
53,64,65,3.70394
53,64,79,5.02099
53,65,66,3.46513
53,65,80,4.22763
53,66,67,4.72493
53,66,81,4.56081
53,67,68,4.26475
53,67,82,4.96509
53,68,69,3.22498
53,68,83,4.57959
53,69,70,3.9441
53,69,84,4.56081
53,70,71,3.98122
53,70,85,4.74372
53,71,72,4.72493
53,71,86,3.22498
53,72,73,3.62926
53,72,87,4.98387
53,73,74,4.98387
53,73,88,4.98387
53,74,89,3.53982
53,75,76,4.5049
53,75,90,4.26475
53,76,77,3.24376
53,76,91,3.70394
53,77,78,3.52103
53,77,92,3.22498
53,78,79,3.18786
53,78,93,4.56081
53,79,80,4.26475
53,79,94,3.24376
53,80,81,3.70394
53,80,95,3.52103
53,81,82,4.0
53,81,96,4.26475
53,82,83,4.74372
53,82,97,3.9441
53,83,84,4.57959
53,83,98,4.20885
53,84,85,4.0
53,84,99,3.62926
53,85,86,3.16908
53,85,100,4.96509
53,86,87,3.68516
53,86,101,3.64804
53,87,88,4.72493
53,87,102,4.96509
53,88,89,4.22763
53,88,103,4.96509
53,89,104,4.98387
53,90,91,4.28353
53,90,105,4.74372
53,91,92,3.52103
53,91,106,3.48392
53,92,93,3.22498
53,92,107,3.70394
53,93,94,3.22498
53,93,108,4.28353
53,94,95,3.53982
53,94,109,3.52103
53,95,96,4.57959
53,95,110,3.24376
53,96,97,3.52103
53,96,111,3.48392
53,97,98,3.92532
53,97,112,3.64804
53,98,99,4.98387
53,98,113,3.22498
53,99,100,4.98387
53,99,114,4.96509
53,100,101,4.56081
53,100,115,3.48392
53,101,102,4.20885
53,101,116,3.18786
53,102,103,4.56081
53,102,117,3.22498
53,103,104,4.57959
53,103,118,4.5049
53,104,119,3.92532
53,105,106,4.28353
53,105,120,4.56081
53,106,107,4.26475
53,106,121,4.28353
53,107,108,3.52103
53,107,122,3.53982
53,108,109,3.24376
53,108,123,3.24376
53,109,110,4.56081
53,109,124,4.0
53,110,111,4.20885
53,110,125,4.57959
53,111,112,4.26475
53,111,126,4.66903
53,112,113,3.64804
53,112,127,3.53982
53,113,114,3.62926
53,113,128,4.20885
53,114,115,3.48392
53,114,129,3.18786
53,115,116,4.98387
53,115,130,5.03977
53,116,117,5.02099
53,116,131,4.56081
53,117,118,4.0
53,117,132,3.24376
53,118,119,3.53982
53,118,133,5.03977
53,119,134,4.52369
53,120,121,3.92532
53,120,135,3.46513
53,121,122,3.98122
53,121,136,3.24376
53,122,123,4.5049
53,122,137,4.74372
53,123,124,3.16908
53,123,138,4.68781
53,124,125,3.68516
53,124,139,4.72493
53,125,126,5.03977
53,125,140,3.18786
53,126,127,3.9441
53,126,141,3.52103
53,127,128,4.57959
53,127,142,5.03977
53,128,129,4.74372
53,128,143,4.68781
53,129,130,5.02099
53,129,144,3.68516
53,130,131,3.9441
53,130,145,4.28353
53,131,132,3.16908
53,131,146,4.26475
53,132,133,3.48392
53,132,147,3.9441
53,133,134,5.03977
53,133,148,3.22498
53,134,149,4.28353
53,135,136,3.62926
53,135,150,3.53982
53,136,137,3.46513
53,136,151,3.16908
53,137,138,3.64804
53,137,152,3.70394
53,138,139,3.64804
53,138,153,3.98122
53,139,140,3.64804
53,139,154,3.22498
53,140,141,4.72493
53,140,155,4.22763
53,141,142,3.70394
53,141,156,4.96509
53,142,143,4.72493
53,142,157,3.9441
53,143,144,4.72493
53,143,158,3.22498
53,144,145,3.48392
53,144,159,4.74372
53,145,146,3.68516
53,145,160,3.62926
53,146,147,4.0
53,146,161,3.92532
53,147,148,4.57959
53,147,162,4.26475
53,148,149,3.9441
53,148,163,4.68781
53,149,164,3.18786
53,150,151,3.53982
53,150,165,3.98122
53,151,152,3.22498
53,151,166,3.62926
53,152,153,4.98387
53,152,167,4.52369
53,153,154,5.02099
53,153,168,4.22763
53,154,155,3.70394
53,154,169,3.70394
53,155,156,3.62926
53,155,170,3.92532
53,156,157,4.52369
53,156,171,4.57959
53,157,158,4.57959
53,157,172,3.48392
53,158,159,3.52103
53,158,173,4.66903
53,159,160,4.26475
53,159,174,4.56081
53,160,161,3.16908
53,160,175,3.92532
53,161,162,3.22498
53,161,176,3.70394
53,162,163,5.02099
53,162,177,3.53982
53,163,164,4.22763
53,163,178,3.98122
53,164,179,4.0
53,165,166,3.98122
53,165,180,3.48392
53,166,167,3.68516
53,166,181,3.16908
53,167,168,4.52369
53,167,182,3.92532
53,168,169,4.96509
53,168,183,3.68516
53,169,170,3.68516
53,169,184,3.64804
53,170,171,4.68781
53,170,185,4.68781
53,171,172,4.98387
53,171,186,3.24376
53,172,173,3.48392
53,172,187,3.98122
53,173,174,3.52103
53,173,188,3.22498
53,174,175,3.92532
53,174,189,4.56081
53,175,176,4.26475
53,175,190,4.57959
53,176,177,4.98387
53,176,191,4.0
53,177,178,4.26475
53,177,192,3.98122
53,178,179,4.68781
53,178,193,3.9441
53,179,194,4.74372
53,180,181,3.64804
53,180,195,3.16908
53,181,182,3.98122
53,181,196,4.74372
53,182,183,3.53982
53,182,197,4.66903
53,183,184,3.62926
53,183,198,3.64804
53,184,185,4.66903
53,184,199,3.18786
53,185,186,3.18786
53,185,200,3.18786
53,186,187,4.98387
53,186,201,4.0
53,187,188,4.68781
53,187,202,3.68516
53,188,189,3.9441
53,188,203,4.28353
53,189,190,3.98122
53,189,204,4.0
53,190,191,5.03977
53,190,205,4.28353
53,191,192,4.96509
53,191,206,4.52369
53,192,193,3.52103
53,192,207,5.02099
53,193,194,4.28353
53,193,208,4.26475
53,194,209,3.62926
53,195,196,4.22763
53,195,210,3.46513
53,196,197,4.22763
53,196,211,4.98387
53,197,198,4.56081
53,197,212,3.68516
53,198,199,4.26475
53,198,213,3.48392
53,199,200,4.98387
53,199,214,3.68516
53,200,201,4.28353
53,200,215,3.16908
53,201,202,3.24376
53,201,216,3.98122
53,202,203,4.66903
53,202,217,3.62926
53,203,204,3.64804
53,203,218,4.20885
53,204,205,3.24376
53,204,219,3.68516
53,205,206,3.68516
53,205,220,4.56081
53,206,207,3.98122
53,206,221,4.5049
53,207,208,3.48392
53,207,222,4.5049
53,208,209,4.26475
53,208,223,3.98122
53,209,224,4.52369
53,210,211,4.22763
53,211,212,3.18786
53,212,213,4.22763
53,213,214,4.20885
53,214,215,3.46513
53,215,216,4.5049
53,216,217,5.03977
53,217,218,4.98387
53,218,219,3.9441
53,219,220,5.03977
53,220,221,4.57959
53,221,222,3.18786
53,222,223,4.66903
53,223,224,3.98122
54,0,1,3.58051
54,0,15,3.8229
54,1,2,4.25223
54,1,16,3.58051
54,2,3,4.0
54,2,17,4.07155
54,3,4,4.91366
54,3,18,4.07513
54,4,5,4.91366
54,4,19,4.0
54,5,6,4.42262
54,5,20,4.66501
54,6,7,4.98566
54,6,21,4.31394
54,7,8,5.82776
54,7,22,5.82776
54,8,9,4.31394
54,8,23,4.07155
54,9,10,4.49104
54,9,24,5.09433
54,10,11,4.42262
54,10,25,3.8229
54,11,12,5.57553
54,11,26,4.24239
54,12,13,5.33672
54,12,27,5.16589
54,13,14,4.0
54,13,28,4.91724
54,14,29,3.58051
54,15,16,4.25223
54,15,30,4.8421
54,16,17,4.91366
54,16,31,4.8421
54,17,18,5.33672
54,17,32,4.31394
54,18,19,5.09433
54,18,33,3.58051
54,19,20,4.91724
54,19,34,5.33314
54,20,21,3.8229
54,20,35,4.56617
54,21,22,4.66501
54,21,36,5.09433
54,22,23,4.07155
54,22,37,4.07513
54,23,24,5.09433
54,23,38,4.31394
54,24,25,4.91366
54,24,39,4.49104
54,25,26,4.67485
54,25,40,4.73343
54,26,27,4.07513
54,26,41,4.31394
54,27,28,5.15605
54,27,42,4.91366
54,28,29,5.57553
54,28,43,5.15605
54,29,44,5.15605
54,30,31,3.8229
54,30,45,4.8421
54,31,32,4.07513
54,31,46,5.57553
54,32,33,4.73343
54,32,47,4.8421
54,33,34,4.32378
54,33,48,4.91366
54,34,35,4.91366
54,34,49,4.74327
54,35,36,4.24239
54,35,50,4.73343
54,36,37,5.58537
54,36,51,4.8421
54,37,38,5.82776
54,37,52,4.66501
54,38,39,5.33672
54,38,53,4.07513
54,39,40,4.31394
54,39,54,4.74327
54,40,41,5.57553
54,40,55,4.91724
54,41,42,3.83274
54,41,56,5.16589
54,42,43,4.91724
54,42,57,5.58537
54,43,44,4.24239
54,43,58,4.07513
54,44,59,4.32378
54,45,46,4.32378
54,45,60,5.08449
54,46,47,5.33314
54,46,61,5.08449
54,47,48,5.33672
54,47,62,4.32378
54,48,49,5.57553
54,48,63,4.49104
54,49,50,3.8229
54,49,64,4.74327
54,50,51,4.67485
54,50,65,5.15605
54,51,52,4.25223
54,51,66,4.74327
54,52,53,4.56617
54,52,67,4.25223
54,53,54,4.25223
54,53,68,5.40828
54,54,55,4.74327
54,54,69,5.57553
54,55,56,4.91366
54,55,70,4.42262
54,56,57,4.91724
54,56,71,4.25223
54,57,58,4.24239
54,57,72,4.49104
54,58,59,5.16589
54,58,73,4.32378
54,59,74,4.98566
54,60,61,4.49462
54,60,75,4.24239
54,61,62,4.98566
54,61,76,5.16589
54,62,63,5.57553
54,62,77,4.24239
54,63,64,5.33314
54,63,78,5.40828
54,64,65,4.25223
54,64,79,4.42262
54,65,66,4.31394
54,65,80,5.82776
54,66,67,4.67485
54,66,81,4.91366
54,67,68,5.16589
54,67,82,4.66501
54,68,69,4.32378
54,68,83,5.33314
54,69,70,4.24239
54,69,84,4.91366
54,70,71,3.58051
54,70,85,5.09433
54,71,72,4.67485
54,71,86,4.32378
54,72,73,4.07513
54,72,87,5.08449
54,73,74,5.08449
54,73,88,5.08449
54,74,89,4.49104
54,75,76,5.15605
54,75,90,5.16589
54,76,77,4.74327
54,76,91,4.25223
54,77,78,4.07155
54,77,92,4.32378
54,78,79,4.98566
54,78,93,4.91366
54,79,80,5.16589
54,79,94,4.74327
54,80,81,4.25223
54,80,95,4.07155
54,81,82,4.0
54,81,96,5.16589
54,82,83,5.09433
54,82,97,4.24239
54,83,84,5.33314
54,83,98,5.40828
54,84,85,4.0
54,84,99,4.07513
54,85,86,4.56617
54,85,100,4.66501
54,86,87,3.83274
54,86,101,4.49462
54,87,88,4.67485
54,87,102,4.66501
54,88,89,5.82776
54,88,103,4.66501
54,89,104,5.08449
54,90,91,5.58537
54,90,105,5.09433
54,91,92,4.07155
54,91,106,4.73343
54,92,93,4.32378
54,92,107,4.25223
54,93,94,4.32378
54,93,108,5.58537
54,94,95,4.49104
54,94,109,4.07155
54,95,96,5.33314
54,95,110,4.74327
54,96,97,4.07155
54,96,111,4.73343
54,97,98,3.8229
54,97,112,4.49462
54,98,99,5.08449
54,98,113,4.32378
54,99,100,5.08449
54,99,114,4.66501
54,100,101,4.91366
54,100,115,4.73343
54,101,102,5.40828
54,101,116,4.98566
54,102,103,4.91366
54,102,117,4.32378
54,103,104,5.33314
54,103,118,5.15605
54,104,119,3.8229
54,105,106,5.58537
54,105,120,4.91366
54,106,107,5.16589
54,106,121,5.58537
54,107,108,4.07155
54,107,122,4.49104
54,108,109,4.74327
54,108,123,4.74327
54,109,110,4.91366
54,109,124,4.0
54,110,111,5.40828
54,110,125,5.33314
54,111,112,5.16589
54,111,126,4.91724
54,112,113,4.49462
54,112,127,4.49104
54,113,114,4.07513
54,113,128,5.40828
54,114,115,4.73343
54,114,129,4.98566
54,115,116,5.08449
54,115,130,4.8421
54,116,117,4.42262
54,116,131,4.91366
54,117,118,4.0
54,117,132,4.74327
54,118,119,4.49104
54,118,133,4.8421
54,119,134,5.57553
54,120,121,3.8229
54,120,135,4.31394
54,121,122,3.58051
54,121,136,4.74327
54,122,123,5.15605
54,122,137,5.09433
54,123,124,4.56617
54,123,138,5.33672
54,124,125,3.83274
54,124,139,4.67485
54,125,126,4.8421
54,125,140,4.98566
54,126,127,4.24239
54,126,141,4.07155
54,127,128,5.33314
54,127,142,4.8421
54,128,129,5.09433
54,128,143,5.33672
54,129,130,4.42262
54,129,144,3.83274
54,130,131,4.24239
54,130,145,5.58537
54,131,132,4.56617
54,131,146,5.16589
54,132,133,4.73343
54,132,147,4.24239
54,133,134,4.8421
54,133,148,4.32378
54,134,149,5.58537
54,135,136,4.07513
54,135,150,4.49104
54,136,137,4.31394
54,136,151,4.56617
54,137,138,4.49462
54,137,152,4.25223
54,138,139,4.49462
54,138,153,3.58051
54,139,140,4.49462
54,139,154,4.32378
54,140,141,4.67485
54,140,155,5.82776
54,141,142,4.25223
54,141,156,4.66501
54,142,143,4.67485
54,142,157,4.24239
54,143,144,4.67485
54,143,158,4.32378
54,144,145,4.73343
54,144,159,5.09433
54,145,146,3.83274
54,145,160,4.07513
54,146,147,4.0
54,146,161,3.8229
54,147,148,5.33314
54,147,162,5.16589
54,148,149,4.24239
54,148,163,5.33672
54,149,164,4.98566
54,150,151,4.49104
54,150,165,3.58051
54,151,152,4.32378
54,151,166,4.07513
54,152,153,5.08449
54,152,167,5.57553
54,153,154,4.42262
54,153,168,5.82776
54,154,155,4.25223
54,154,169,4.25223
54,155,156,4.07513
54,155,170,3.8229
54,156,157,5.57553
54,156,171,5.33314
54,157,158,5.33314
54,157,172,4.73343
54,158,159,4.07155
54,158,173,4.91724
54,159,160,5.16589
54,159,174,4.91366
54,160,161,4.56617
54,160,175,3.8229
54,161,162,4.32378
54,161,176,4.25223
54,162,163,4.42262
54,162,177,4.49104
54,163,164,5.82776
54,163,178,3.58051
54,164,179,4.0
54,165,166,3.58051
54,165,180,4.73343
54,166,167,3.83274
54,166,181,4.56617
54,167,168,5.57553
54,167,182,3.8229
54,168,169,4.66501
54,168,183,3.83274
54,169,170,3.83274
54,169,184,4.49462
54,170,171,5.33672
54,170,185,5.33672
54,171,172,5.08449
54,171,186,4.74327
54,172,173,4.73343
54,172,187,3.58051
54,173,174,4.07155
54,173,188,4.32378
54,174,175,3.8229
54,174,189,4.91366
54,175,176,5.16589
54,175,190,5.33314
54,176,177,5.08449
54,176,191,4.0
54,177,178,5.16589
54,177,192,3.58051
54,178,179,5.33672
54,178,193,4.24239
54,179,194,5.09433
54,180,181,4.49462
54,180,195,4.56617
54,181,182,3.58051
54,181,196,5.09433
54,182,183,4.49104
54,182,197,4.91724
54,183,184,4.07513
54,183,198,4.49462
54,184,185,4.91724
54,184,199,4.98566
54,185,186,4.98566
54,185,200,4.98566
54,186,187,5.08449
54,186,201,4.0
54,187,188,5.33672
54,187,202,3.83274
54,188,189,4.24239
54,188,203,5.58537
54,189,190,3.58051
54,189,204,4.0
54,190,191,4.8421
54,190,205,5.58537
54,191,192,4.66501
54,191,206,5.57553
54,192,193,4.07155
54,192,207,4.42262
54,193,194,5.58537
54,193,208,5.16589
54,194,209,4.07513
54,195,196,5.82776
54,195,210,4.31394
54,196,197,5.82776
54,196,211,5.08449
54,197,198,4.91366
54,197,212,3.83274
54,198,199,5.16589
54,198,213,4.73343
54,199,200,5.08449
54,199,214,3.83274
54,200,201,5.58537
54,200,215,4.56617
54,201,202,4.74327
54,201,216,3.58051
54,202,203,4.91724
54,202,217,4.07513
54,203,204,4.49462
54,203,218,5.40828
54,204,205,4.74327
54,204,219,3.83274
54,205,206,3.83274
54,205,220,4.91366
54,206,207,3.58051
54,206,221,5.15605
54,207,208,4.73343
54,207,222,5.15605
54,208,209,5.16589
54,208,223,3.58051
54,209,224,5.57553
54,210,211,5.82776
54,211,212,4.98566
54,212,213,5.82776
54,213,214,5.40828
54,214,215,4.31394
54,215,216,5.15605
54,216,217,4.8421
54,217,218,5.08449
54,218,219,4.24239
54,219,220,4.8421
54,220,221,5.33314
54,221,222,4.98566
54,222,223,4.91724
54,223,224,3.58051
55,0,1,4.1279
55,0,15,4.03801
55,1,2,4.67932
55,1,16,4.1279
55,2,3,4.0
55,2,17,3.84124
55,3,4,3.07293
55,3,18,4.71733
55,4,5,3.07293
55,4,19,4.0
55,5,6,3.35959
55,5,20,3.2697
55,6,7,4.30276
55,6,21,3.75135
55,7,8,3.53445
55,7,22,3.53445
55,8,9,3.75135
55,8,23,3.84124
55,9,10,3.71334
55,9,24,3.911
55,10,11,3.35959
55,10,25,4.03801
55,11,12,2.85513
55,11,26,3.91011
55,12,13,3.82111
55,12,27,3.75224
55,13,14,4.0
55,13,28,3.94902
55,14,29,4.1279
55,15,16,4.67932
55,15,30,3.23169
55,16,17,3.07293
55,16,31,3.23169
55,17,18,3.82111
55,17,32,3.75135
55,18,19,3.911
55,18,33,4.1279
55,19,20,3.94902
55,19,34,2.94502
55,20,21,4.03801
55,20,35,4.43067
55,21,22,3.2697
55,21,36,3.911
55,22,23,3.84124
55,22,37,4.71733
55,23,24,3.911
55,23,38,3.75135
55,24,25,3.07293
55,24,39,3.71334
55,25,26,4.03891
55,25,40,3.62345
55,26,27,4.71733
55,26,41,3.75135
55,27,28,2.98304
55,27,42,3.07293
55,28,29,2.85513
55,28,43,2.98304
55,29,44,2.98304
55,30,31,4.03801
55,30,45,3.23169
55,31,32,4.71733
55,31,46,2.85513
55,32,33,3.62345
55,32,47,3.23169
55,33,34,4.52056
55,33,48,3.07293
55,34,35,3.07293
55,34,49,4.39265
55,35,36,3.91011
55,35,50,3.62345
55,36,37,3.62434
55,36,51,3.23169
55,37,38,3.53445
55,37,52,3.2697
55,38,39,3.82111
55,38,53,4.71733
55,39,40,3.75135
55,39,54,4.39265
55,40,41,2.85513
55,40,55,3.94902
55,41,42,4.80722
55,41,56,3.75224
55,42,43,3.94902
55,42,57,3.62434
55,43,44,3.91011
55,43,58,4.71733
55,44,59,4.52056
55,45,46,4.52056
55,45,60,3.1418
55,46,47,2.94502
55,46,61,3.1418
55,47,48,3.82111
55,47,62,4.52056
55,48,49,2.85513
55,48,63,3.71334
55,49,50,4.03801
55,49,64,4.39265
55,50,51,4.03891
55,50,65,2.98304
55,51,52,4.67932
55,51,66,4.39265
55,52,53,4.43067
55,52,67,4.67932
55,53,54,4.67932
55,53,68,3.66235
55,54,55,4.39265
55,54,69,2.85513
55,55,56,3.07293
55,55,70,3.35959
55,56,57,3.94902
55,56,71,4.67932
55,57,58,3.91011
55,57,72,3.71334
55,58,59,3.75224
55,58,73,4.52056
55,59,74,4.30276
55,60,61,4.58943
55,60,75,3.91011
55,61,62,4.30276
55,61,76,3.75224
55,62,63,2.85513
55,62,77,3.91011
55,63,64,2.94502
55,63,78,3.66235
55,64,65,4.67932
55,64,79,3.35959
55,65,66,3.75135
55,65,80,3.53445
55,66,67,4.03891
55,66,81,3.07293
55,67,68,3.75224
55,67,82,3.2697
55,68,69,4.52056
55,68,83,2.94502
55,69,70,3.91011
55,69,84,3.07293
55,70,71,4.1279
55,70,85,3.911
55,71,72,4.03891
55,71,86,4.52056
55,72,73,4.71733
55,72,87,3.1418
55,73,74,3.1418
55,73,88,3.1418
55,74,89,3.71334
55,75,76,2.98304
55,75,90,3.75224
55,76,77,4.39265
55,76,91,4.67932
55,77,78,3.84124
55,77,92,4.52056
55,78,79,4.30276
55,78,93,3.07293
55,79,80,3.75224
55,79,94,4.39265
55,80,81,4.67932
55,80,95,3.84124
55,81,82,4.0
55,81,96,3.75224
55,82,83,3.911
55,82,97,3.91011
55,83,84,2.94502
55,83,98,3.66235
55,84,85,4.0
55,84,99,4.71733
55,85,86,4.43067
55,85,100,3.2697
55,86,87,4.80722
55,86,101,4.58943
55,87,88,4.03891
55,87,102,3.2697
55,88,89,3.53445
55,88,103,3.2697
55,89,104,3.1418
55,90,91,3.62434
55,90,105,3.911
55,91,92,3.84124
55,91,106,3.62345
55,92,93,4.52056
55,92,107,4.67932
55,93,94,4.52056
55,93,108,3.62434
55,94,95,3.71334
55,94,109,3.84124
55,95,96,2.94502
55,95,110,4.39265
55,96,97,3.84124
55,96,111,3.62345
55,97,98,4.03801
55,97,112,4.58943
55,98,99,3.1418
55,98,113,4.52056
55,99,100,3.1418
55,99,114,3.2697
55,100,101,3.07293
55,100,115,3.62345
55,101,102,3.66235
55,101,116,4.30276
55,102,103,3.07293
55,102,117,4.52056
55,103,104,2.94502
55,103,118,2.98304
55,104,119,4.03801
55,105,106,3.62434
55,105,120,3.07293
55,106,107,3.75224
55,106,121,3.62434
55,107,108,3.84124
55,107,122,3.71334
55,108,109,4.39265
55,108,123,4.39265
55,109,110,3.07293
55,109,124,4.0
55,110,111,3.66235
55,110,125,2.94502
55,111,112,3.75224
55,111,126,3.94902
55,112,113,4.58943
55,112,127,3.71334
55,113,114,4.71733
55,113,128,3.66235
55,114,115,3.62345
55,114,129,4.30276
55,115,116,3.1418
55,115,130,3.23169
55,116,117,3.35959
55,116,131,3.07293
55,117,118,4.0
55,117,132,4.39265
55,118,119,3.71334
55,118,133,3.23169
55,119,134,2.85513
55,120,121,4.03801
55,120,135,3.75135
55,121,122,4.1279
55,121,136,4.39265
55,122,123,2.98304
55,122,137,3.911
55,123,124,4.43067
55,123,138,3.82111
55,124,125,4.80722
55,124,139,4.03891
55,125,126,3.23169
55,125,140,4.30276
55,126,127,3.91011
55,126,141,3.84124
55,127,128,2.94502
55,127,142,3.23169
55,128,129,3.911
55,128,143,3.82111
55,129,130,3.35959
55,129,144,4.80722
55,130,131,3.91011
55,130,145,3.62434
55,131,132,4.43067
55,131,146,3.75224
55,132,133,3.62345
55,132,147,3.91011
55,133,134,3.23169
55,133,148,4.52056
55,134,149,3.62434
55,135,136,4.71733
55,135,150,3.71334
55,136,137,3.75135
55,136,151,4.43067
55,137,138,4.58943
55,137,152,4.67932
55,138,139,4.58943
55,138,153,4.1279
55,139,140,4.58943
55,139,154,4.52056
55,140,141,4.03891
55,140,155,3.53445
55,141,142,4.67932
55,141,156,3.2697
55,142,143,4.03891
55,142,157,3.91011
55,143,144,4.03891
55,143,158,4.52056
55,144,145,3.62345
55,144,159,3.911
55,145,146,4.80722
55,145,160,4.71733
55,146,147,4.0
55,146,161,4.03801
55,147,148,2.94502
55,147,162,3.75224
55,148,149,3.91011
55,148,163,3.82111
55,149,164,4.30276
55,150,151,3.71334
55,150,165,4.1279
55,151,152,4.52056
55,151,166,4.71733
55,152,153,3.1418
55,152,167,2.85513
55,153,154,3.35959
55,153,168,3.53445
55,154,155,4.67932
55,154,169,4.67932
55,155,156,4.71733
55,155,170,4.03801
55,156,157,2.85513
55,156,171,2.94502
55,157,158,2.94502
55,157,172,3.62345
55,158,159,3.84124
55,158,173,3.94902
55,159,160,3.75224
55,159,174,3.07293
55,160,161,4.43067
55,160,175,4.03801
55,161,162,4.52056
55,161,176,4.67932
55,162,163,3.35959
55,162,177,3.71334
55,163,164,3.53445
55,163,178,4.1279
55,164,179,4.0
55,165,166,4.1279
55,165,180,3.62345
55,166,167,4.80722
55,166,181,4.43067
55,167,168,2.85513
55,167,182,4.03801
55,168,169,3.2697
55,168,183,4.80722
55,169,170,4.80722
55,169,184,4.58943
55,170,171,3.82111
55,170,185,3.82111
55,171,172,3.1418
55,171,186,4.39265
55,172,173,3.62345
55,172,187,4.1279
55,173,174,3.84124
55,173,188,4.52056
55,174,175,4.03801
55,174,189,3.07293
55,175,176,3.75224
55,175,190,2.94502
55,176,177,3.1418
55,176,191,4.0
55,177,178,3.75224
55,177,192,4.1279
55,178,179,3.82111
55,178,193,3.91011
55,179,194,3.911
55,180,181,4.58943
55,180,195,4.43067
55,181,182,4.1279
55,181,196,3.911
55,182,183,3.71334
55,182,197,3.94902
55,183,184,4.71733
55,183,198,4.58943
55,184,185,3.94902
55,184,199,4.30276
55,185,186,4.30276
55,185,200,4.30276
55,186,187,3.1418
55,186,201,4.0
55,187,188,3.82111
55,187,202,4.80722
55,188,189,3.91011
55,188,203,3.62434
55,189,190,4.1279
55,189,204,4.0
55,190,191,3.23169
55,190,205,3.62434
55,191,192,3.2697
55,191,206,2.85513
55,192,193,3.84124
55,192,207,3.35959
55,193,194,3.62434
55,193,208,3.75224
55,194,209,4.71733
55,195,196,3.53445
55,195,210,3.75135
55,196,197,3.53445
55,196,211,3.1418
55,197,198,3.07293
55,197,212,4.80722
55,198,199,3.75224
55,198,213,3.62345
55,199,200,3.1418
55,199,214,4.80722
55,200,201,3.62434
55,200,215,4.43067
55,201,202,4.39265
55,201,216,4.1279
55,202,203,3.94902
55,202,217,4.71733
55,203,204,4.58943
55,203,218,3.66235
55,204,205,4.39265
55,204,219,4.80722
55,205,206,4.80722
55,205,220,3.07293
55,206,207,4.1279
55,206,221,2.98304
55,207,208,3.62345
55,207,222,2.98304
55,208,209,3.75224
55,208,223,4.1279
55,209,224,2.85513
55,210,211,3.53445
55,211,212,4.30276
55,212,213,3.53445
55,213,214,3.66235
55,214,215,3.75135
55,215,216,2.98304
55,216,217,3.23169
55,217,218,3.1418
55,218,219,3.91011
55,219,220,3.23169
55,220,221,2.94502
55,221,222,4.30276
55,222,223,3.94902
55,223,224,4.1279
56,0,1,4.07513
56,0,15,4.17173
56,1,2,3.784
56,1,16,4.07513
56,2,3,4.0
56,2,17,4.3685
56,3,4,4.84389
56,3,18,3.95573
56,4,5,4.84389
56,4,19,4.0
56,5,6,4.55052
56,5,20,4.64712
56,6,7,4.17397
56,6,21,4.4651
56,7,8,4.64935
56,7,22,4.64935
56,8,9,4.4651
56,8,23,4.3685
56,9,10,4.29337
56,9,24,4.25938
56,10,11,4.55052
56,10,25,4.17173
56,11,12,4.86536
56,11,26,4.0966
56,12,13,4.35598
56,12,27,4.62789
56,13,14,4.0
56,13,28,4.43111
56,14,29,4.07513
56,15,16,3.784
56,15,30,4.47539
56,16,17,4.84389
56,16,31,4.47539
56,17,18,4.35598
56,17,32,4.4651
56,18,19,4.25938
56,18,33,4.07513
56,19,20,4.43111
56,19,34,4.76876
56,20,21,4.17173
56,20,35,4.2491
56,21,22,4.64712
56,21,36,4.25938
56,22,23,4.3685
56,22,37,3.95573
56,23,24,4.25938
56,23,38,4.4651
56,24,25,4.84389
56,24,39,4.29337
56,25,26,4.33452
56,25,40,4.38997
56,26,27,3.95573
56,26,41,4.4651
56,27,28,4.94049
56,27,42,4.84389
56,28,29,4.86536
56,28,43,4.94049
56,29,44,4.94049
56,30,31,4.17173
56,30,45,4.47539
56,31,32,3.95573
56,31,46,4.86536
56,32,33,4.38997
56,32,47,4.47539
56,33,34,4.1525
56,33,48,4.84389
56,34,35,4.84389
56,34,49,4.07737
56,35,36,4.0966
56,35,50,4.38997
56,36,37,4.55276
56,36,51,4.47539
56,37,38,4.64935
56,37,52,4.64712
56,38,39,4.35598
56,38,53,3.95573
56,39,40,4.4651
56,39,54,4.07737
56,40,41,4.86536
56,40,55,4.43111
56,41,42,3.85913
56,41,56,4.62789
56,42,43,4.43111
56,42,57,4.55276
56,43,44,4.0966
56,43,58,3.95573
56,44,59,4.1525
56,45,46,4.1525
56,45,60,4.57199
56,46,47,4.76876
56,46,61,4.57199
56,47,48,4.35598
56,47,62,4.1525
56,48,49,4.86536
56,48,63,4.29337
56,49,50,4.17173
56,49,64,4.07737
56,50,51,4.33452
56,50,65,4.94049
56,51,52,3.784
56,51,66,4.07737
56,52,53,4.2491
56,52,67,3.784
56,53,54,3.784
56,53,68,4.72449
56,54,55,4.07737
56,54,69,4.86536
56,55,56,4.84389
56,55,70,4.55052
56,56,57,4.43111
56,56,71,3.784
56,57,58,4.0966
56,57,72,4.29337
56,58,59,4.62789
56,58,73,4.1525
56,59,74,4.17397
56,60,61,3.88059
56,60,75,4.0966
56,61,62,4.17397
56,61,76,4.62789
56,62,63,4.86536
56,62,77,4.0966
56,63,64,4.76876
56,63,78,4.72449
56,64,65,3.784
56,64,79,4.55052
56,65,66,4.4651
56,65,80,4.64935
56,66,67,4.33452
56,66,81,4.84389
56,67,68,4.62789
56,67,82,4.64712
56,68,69,4.1525
56,68,83,4.76876
56,69,70,4.0966
56,69,84,4.84389
56,70,71,4.07513
56,70,85,4.25938
56,71,72,4.33452
56,71,86,4.1525
56,72,73,3.95573
56,72,87,4.57199
56,73,74,4.57199
56,73,88,4.57199
56,74,89,4.29337
56,75,76,4.94049
56,75,90,4.62789
56,76,77,4.07737
56,76,91,3.784
56,77,78,4.3685
56,77,92,4.1525
56,78,79,4.17397
56,78,93,4.84389
56,79,80,4.62789
56,79,94,4.07737
56,80,81,3.784
56,80,95,4.3685
56,81,82,4.0
56,81,96,4.62789
56,82,83,4.25938
56,82,97,4.0966
56,83,84,4.76876
56,83,98,4.72449
56,84,85,4.0
56,84,99,3.95573
56,85,86,4.2491
56,85,100,4.64712
56,86,87,3.85913
56,86,101,3.88059
56,87,88,4.33452
56,87,102,4.64712
56,88,89,4.64935
56,88,103,4.64712
56,89,104,4.57199
56,90,91,4.55276
56,90,105,4.25938
56,91,92,4.3685
56,91,106,4.38997
56,92,93,4.1525
56,92,107,3.784
56,93,94,4.1525
56,93,108,4.55276
56,94,95,4.29337
56,94,109,4.3685
56,95,96,4.76876
56,95,110,4.07737
56,96,97,4.3685
56,96,111,4.38997
56,97,98,4.17173
56,97,112,3.88059
56,98,99,4.57199
56,98,113,4.1525
56,99,100,4.57199
56,99,114,4.64712
56,100,101,4.84389
56,100,115,4.38997
56,101,102,4.72449
56,101,116,4.17397
56,102,103,4.84389
56,102,117,4.1525
56,103,104,4.76876
56,103,118,4.94049
56,104,119,4.17173
56,105,106,4.55276
56,105,120,4.84389
56,106,107,4.62789
56,106,121,4.55276
56,107,108,4.3685
56,107,122,4.29337
56,108,109,4.07737
56,108,123,4.07737
56,109,110,4.84389
56,109,124,4.0
56,110,111,4.72449
56,110,125,4.76876
56,111,112,4.62789
56,111,126,4.43111
56,112,113,3.88059
56,112,127,4.29337
56,113,114,3.95573
56,113,128,4.72449
56,114,115,4.38997
56,114,129,4.17397
56,115,116,4.57199
56,115,130,4.47539
56,116,117,4.55052
56,116,131,4.84389
56,117,118,4.0
56,117,132,4.07737
56,118,119,4.29337
56,118,133,4.47539
56,119,134,4.86536
56,120,121,4.17173
56,120,135,4.4651
56,121,122,4.07513
56,121,136,4.07737
56,122,123,4.94049
56,122,137,4.25938
56,123,124,4.2491
56,123,138,4.35598
56,124,125,3.85913
56,124,139,4.33452
56,125,126,4.47539
56,125,140,4.17397
56,126,127,4.0966
56,126,141,4.3685
56,127,128,4.76876
56,127,142,4.47539
56,128,129,4.25938
56,128,143,4.35598
56,129,130,4.55052
56,129,144,3.85913
56,130,131,4.0966
56,130,145,4.55276
56,131,132,4.2491
56,131,146,4.62789
56,132,133,4.38997
56,132,147,4.0966
56,133,134,4.47539
56,133,148,4.1525
56,134,149,4.55276
56,135,136,3.95573
56,135,150,4.29337
56,136,137,4.4651
56,136,151,4.2491
56,137,138,3.88059
56,137,152,3.784
56,138,139,3.88059
56,138,153,4.07513
56,139,140,3.88059
56,139,154,4.1525
56,140,141,4.33452
56,140,155,4.64935
56,141,142,3.784
56,141,156,4.64712
56,142,143,4.33452
56,142,157,4.0966
56,143,144,4.33452
56,143,158,4.1525
56,144,145,4.38997
56,144,159,4.25938
56,145,146,3.85913
56,145,160,3.95573
56,146,147,4.0
56,146,161,4.17173
56,147,148,4.76876
56,147,162,4.62789
56,148,149,4.0966
56,148,163,4.35598
56,149,164,4.17397
56,150,151,4.29337
56,150,165,4.07513
56,151,152,4.1525
56,151,166,3.95573
56,152,153,4.57199
56,152,167,4.86536
56,153,154,4.55052
56,153,168,4.64935
56,154,155,3.784
56,154,169,3.784
56,155,156,3.95573
56,155,170,4.17173
56,156,157,4.86536
56,156,171,4.76876
56,157,158,4.76876
56,157,172,4.38997
56,158,159,4.3685
56,158,173,4.43111
56,159,160,4.62789
56,159,174,4.84389
56,160,161,4.2491
56,160,175,4.17173
56,161,162,4.1525
56,161,176,3.784
56,162,163,4.55052
56,162,177,4.29337
56,163,164,4.64935
56,163,178,4.07513
56,164,179,4.0
56,165,166,4.07513
56,165,180,4.38997
56,166,167,3.85913
56,166,181,4.2491
56,167,168,4.86536
56,167,182,4.17173
56,168,169,4.64712
56,168,183,3.85913
56,169,170,3.85913
56,169,184,3.88059
56,170,171,4.35598
56,170,185,4.35598
56,171,172,4.57199
56,171,186,4.07737
56,172,173,4.38997
56,172,187,4.07513
56,173,174,4.3685
56,173,188,4.1525
56,174,175,4.17173
56,174,189,4.84389
56,175,176,4.62789
56,175,190,4.76876
56,176,177,4.57199
56,176,191,4.0
56,177,178,4.62789
56,177,192,4.07513
56,178,179,4.35598
56,178,193,4.0966
56,179,194,4.25938
56,180,181,3.88059
56,180,195,4.2491
56,181,182,4.07513
56,181,196,4.25938
56,182,183,4.29337
56,182,197,4.43111
56,183,184,3.95573
56,183,198,3.88059
56,184,185,4.43111
56,184,199,4.17397
56,185,186,4.17397
56,185,200,4.17397
56,186,187,4.57199
56,186,201,4.0
56,187,188,4.35598
56,187,202,3.85913
56,188,189,4.0966
56,188,203,4.55276
56,189,190,4.07513
56,189,204,4.0
56,190,191,4.47539
56,190,205,4.55276
56,191,192,4.64712
56,191,206,4.86536
56,192,193,4.3685
56,192,207,4.55052
56,193,194,4.55276
56,193,208,4.62789
56,194,209,3.95573
56,195,196,4.64935
56,195,210,4.4651
56,196,197,4.64935
56,196,211,4.57199
56,197,198,4.84389
56,197,212,3.85913
56,198,199,4.62789
56,198,213,4.38997
56,199,200,4.57199
56,199,214,3.85913
56,200,201,4.55276
56,200,215,4.2491
56,201,202,4.07737
56,201,216,4.07513
56,202,203,4.43111
56,202,217,3.95573
56,203,204,3.88059
56,203,218,4.72449
56,204,205,4.07737
56,204,219,3.85913
56,205,206,3.85913
56,205,220,4.84389
56,206,207,4.07513
56,206,221,4.94049
56,207,208,4.38997
56,207,222,4.94049
56,208,209,4.62789
56,208,223,4.07513
56,209,224,4.86536
56,210,211,4.64935
56,211,212,4.17397
56,212,213,4.64935
56,213,214,4.72449
56,214,215,4.4651
56,215,216,4.94049
56,216,217,4.47539
56,217,218,4.57199
56,218,219,4.0966
56,219,220,4.47539
56,220,221,4.76876
56,221,222,4.17397
56,222,223,4.43111
56,223,224,4.07513
57,0,1,3.79786
57,0,15,4.05367
57,1,2,3.7187
57,1,16,3.79786
57,2,3,4.0
57,2,17,3.98793
57,3,4,4.33452
57,3,18,3.77237
57,4,5,4.33452
57,4,19,4.0
57,5,6,4.14445
57,5,20,4.40026
57,6,7,4.16457
57,6,21,4.24373
57,7,8,4.51117
57,7,22,4.51117
57,8,9,4.24373
57,8,23,3.98793
57,9,10,4.19007
57,9,24,4.06529
57,10,11,4.14445
57,10,25,4.05367
57,11,12,4.79246
57,11,26,4.25581
57,12,13,4.3211
57,12,27,4.05322
57,13,14,4.0
57,13,28,4.11896
57,14,29,3.79786
57,15,16,3.7187
57,15,30,4.34659
57,16,17,4.33452
57,16,31,4.34659
57,17,18,4.3211
57,17,32,4.24373
57,18,19,4.06529
57,18,33,3.79786
57,19,20,4.11896
57,19,34,4.53666
57,20,21,4.05367
57,20,35,3.96243
57,21,22,4.40026
57,21,36,4.06529
57,22,23,3.98793
57,22,37,3.77237
57,23,24,4.06529
57,23,38,4.24373
57,24,25,4.33452
57,24,39,4.19007
57,25,26,3.86315
57,25,40,4.44587
57,26,27,3.77237
57,26,41,4.24373
57,27,28,4.59032
57,27,42,4.33452
57,28,29,4.79246
57,28,43,4.59032
57,29,44,4.59032
57,30,31,4.05367
57,30,45,4.34659
57,31,32,3.77237
57,31,46,4.79246
57,32,33,4.44587
57,32,47,4.34659
57,33,34,3.70663
57,33,48,4.33452
57,34,35,4.33452
57,34,49,3.90877
57,35,36,4.25581
57,35,50,4.44587
57,36,37,4.25536
57,36,51,4.34659
57,37,38,4.51117
57,37,52,4.40026
57,38,39,4.3211
57,38,53,3.77237
57,39,40,4.24373
57,39,54,3.90877
57,40,41,4.79246
57,40,55,4.11896
57,41,42,3.51656
57,41,56,4.05322
57,42,43,4.11896
57,42,57,4.25536
57,43,44,4.25581
57,43,58,3.77237
57,44,59,3.70663
57,45,46,3.70663
57,45,60,4.6024
57,46,47,4.53666
57,46,61,4.6024
57,47,48,4.3211
57,47,62,3.70663
57,48,49,4.79246
57,48,63,4.19007
57,49,50,4.05367
57,49,64,3.90877
57,50,51,3.86315
57,50,65,4.59032
57,51,52,3.7187
57,51,66,3.90877
57,52,53,3.96243
57,52,67,3.7187
57,53,54,3.7187
57,53,68,4.30902
57,54,55,3.90877
57,54,69,4.79246
57,55,56,4.33452
57,55,70,4.14445
57,56,57,4.11896
57,56,71,3.7187
57,57,58,4.25581
57,57,72,4.19007
57,58,59,4.05322
57,58,73,3.70663
57,59,74,4.16457
57,60,61,3.97451
57,60,75,4.25581
57,61,62,4.16457
57,61,76,4.05322
57,62,63,4.79246
57,62,77,4.25581
57,63,64,4.53666
57,63,78,4.30902
57,64,65,3.7187
57,64,79,4.14445
57,65,66,4.24373
57,65,80,4.51117
57,66,67,3.86315
57,66,81,4.33452
57,67,68,4.05322
57,67,82,4.40026
57,68,69,3.70663
57,68,83,4.53666
57,69,70,4.25581
57,69,84,4.33452
57,70,71,3.79786
57,70,85,4.06529
57,71,72,3.86315
57,71,86,3.70663
57,72,73,3.77237
57,72,87,4.6024
57,73,74,4.6024
57,73,88,4.6024
57,74,89,4.19007
57,75,76,4.59032
57,75,90,4.05322
57,76,77,3.90877
57,76,91,3.7187
57,77,78,3.98793
57,77,92,3.70663
57,78,79,4.16457
57,78,93,4.33452
57,79,80,4.05322
57,79,94,3.90877
57,80,81,3.7187
57,80,95,3.98793
57,81,82,4.0
57,81,96,4.05322
57,82,83,4.06529
57,82,97,4.25581
57,83,84,4.53666
57,83,98,4.30902
57,84,85,4.0
57,84,99,3.77237
57,85,86,3.96243
57,85,100,4.40026
57,86,87,3.51656
57,86,101,3.97451
57,87,88,3.86315
57,87,102,4.40026
57,88,89,4.51117
57,88,103,4.40026
57,89,104,4.6024
57,90,91,4.25536
57,90,105,4.06529
57,91,92,3.98793
57,91,106,4.44587
57,92,93,3.70663
57,92,107,3.7187
57,93,94,3.70663
57,93,108,4.25536
57,94,95,4.19007
57,94,109,3.98793
57,95,96,4.53666
57,95,110,3.90877
57,96,97,3.98793
57,96,111,4.44587
57,97,98,4.05367
57,97,112,3.97451
57,98,99,4.6024
57,98,113,3.70663
57,99,100,4.6024
57,99,114,4.40026
57,100,101,4.33452
57,100,115,4.44587
57,101,102,4.30902
57,101,116,4.16457
57,102,103,4.33452
57,102,117,3.70663
57,103,104,4.53666
57,103,118,4.59032
57,104,119,4.05367
57,105,106,4.25536
57,105,120,4.33452
57,106,107,4.05322
57,106,121,4.25536
57,107,108,3.98793
57,107,122,4.19007
57,108,109,3.90877
57,108,123,3.90877
57,109,110,4.33452
57,109,124,4.0
57,110,111,4.30902
57,110,125,4.53666
57,111,112,4.05322
57,111,126,4.11896
57,112,113,3.97451
57,112,127,4.19007
57,113,114,3.77237
57,113,128,4.30902
57,114,115,4.44587
57,114,129,4.16457
57,115,116,4.6024
57,115,130,4.34659
57,116,117,4.14445
57,116,131,4.33452
57,117,118,4.0
57,117,132,3.90877
57,118,119,4.19007
57,118,133,4.34659
57,119,134,4.79246
57,120,121,4.05367
57,120,135,4.24373
57,121,122,3.79786
57,121,136,3.90877
57,122,123,4.59032
57,122,137,4.06529
57,123,124,3.96243
57,123,138,4.3211
57,124,125,3.51656
57,124,139,3.86315
57,125,126,4.34659
57,125,140,4.16457
57,126,127,4.25581
57,126,141,3.98793
57,127,128,4.53666
57,127,142,4.34659
57,128,129,4.06529
57,128,143,4.3211
57,129,130,4.14445
57,129,144,3.51656
57,130,131,4.25581
57,130,145,4.25536
57,131,132,3.96243
57,131,146,4.05322
57,132,133,4.44587
57,132,147,4.25581
57,133,134,4.34659
57,133,148,3.70663
57,134,149,4.25536
57,135,136,3.77237
57,135,150,4.19007
57,136,137,4.24373
57,136,151,3.96243
57,137,138,3.97451
57,137,152,3.7187
57,138,139,3.97451
57,138,153,3.79786
57,139,140,3.97451
57,139,154,3.70663
57,140,141,3.86315
57,140,155,4.51117
57,141,142,3.7187
57,141,156,4.40026
57,142,143,3.86315
57,142,157,4.25581
57,143,144,3.86315
57,143,158,3.70663
57,144,145,4.44587
57,144,159,4.06529
57,145,146,3.51656
57,145,160,3.77237
57,146,147,4.0
57,146,161,4.05367
57,147,148,4.53666
57,147,162,4.05322
57,148,149,4.25581
57,148,163,4.3211
57,149,164,4.16457
57,150,151,4.19007
57,150,165,3.79786
57,151,152,3.70663
57,151,166,3.77237
57,152,153,4.6024
57,152,167,4.79246
57,153,154,4.14445
57,153,168,4.51117
57,154,155,3.7187
57,154,169,3.7187
57,155,156,3.77237
57,155,170,4.05367
57,156,157,4.79246
57,156,171,4.53666
57,157,158,4.53666
57,157,172,4.44587
57,158,159,3.98793
57,158,173,4.11896
57,159,160,4.05322
57,159,174,4.33452
57,160,161,3.96243
57,160,175,4.05367
57,161,162,3.70663
57,161,176,3.7187
57,162,163,4.14445
57,162,177,4.19007
57,163,164,4.51117
57,163,178,3.79786
57,164,179,4.0
57,165,166,3.79786
57,165,180,4.44587
57,166,167,3.51656
57,166,181,3.96243
57,167,168,4.79246
57,167,182,4.05367
57,168,169,4.40026
57,168,183,3.51656
57,169,170,3.51656
57,169,184,3.97451
57,170,171,4.3211
57,170,185,4.3211
57,171,172,4.6024
57,171,186,3.90877
57,172,173,4.44587
57,172,187,3.79786
57,173,174,3.98793
57,173,188,3.70663
57,174,175,4.05367
57,174,189,4.33452
57,175,176,4.05322
57,175,190,4.53666
57,176,177,4.6024
57,176,191,4.0
57,177,178,4.05322
57,177,192,3.79786
57,178,179,4.3211
57,178,193,4.25581
57,179,194,4.06529
57,180,181,3.97451
57,180,195,3.96243
57,181,182,3.79786
57,181,196,4.06529
57,182,183,4.19007
57,182,197,4.11896
57,183,184,3.77237
57,183,198,3.97451
57,184,185,4.11896
57,184,199,4.16457
57,185,186,4.16457
57,185,200,4.16457
57,186,187,4.6024
57,186,201,4.0
57,187,188,4.3211
57,187,202,3.51656
57,188,189,4.25581
57,188,203,4.25536
57,189,190,3.79786
57,189,204,4.0
57,190,191,4.34659
57,190,205,4.25536
57,191,192,4.40026
57,191,206,4.79246
57,192,193,3.98793
57,192,207,4.14445
57,193,194,4.25536
57,193,208,4.05322
57,194,209,3.77237
57,195,196,4.51117
57,195,210,4.24373
57,196,197,4.51117
57,196,211,4.6024
57,197,198,4.33452
57,197,212,3.51656
57,198,199,4.05322
57,198,213,4.44587
57,199,200,4.6024
57,199,214,3.51656
57,200,201,4.25536
57,200,215,3.96243
57,201,202,3.90877
57,201,216,3.79786
57,202,203,4.11896
57,202,217,3.77237
57,203,204,3.97451
57,203,218,4.30902
57,204,205,3.90877
57,204,219,3.51656
57,205,206,3.51656
57,205,220,4.33452
57,206,207,3.79786
57,206,221,4.59032
57,207,208,4.44587
57,207,222,4.59032
57,208,209,4.05322
57,208,223,3.79786
57,209,224,4.79246
57,210,211,4.51117
57,211,212,4.16457
57,212,213,4.51117
57,213,214,4.30902
57,214,215,4.24373
57,215,216,4.59032
57,216,217,4.34659
57,217,218,4.6024
57,218,219,4.25581
57,219,220,4.34659
57,220,221,4.53666
57,221,222,4.16457
57,222,223,4.11896
57,223,224,3.79786
58,0,1,3.24153
58,0,15,3.85242
58,1,2,3.79875
58,1,16,3.24153
58,2,3,4.0
58,2,17,2.96559
58,3,4,2.4598
58,3,18,3.65117
58,4,5,2.4598
58,4,19,4.0
58,5,6,2.73573
58,5,20,3.34662
58,6,7,4.13372
58,6,21,3.57649
58,7,8,3.62792
58,7,22,3.62792
58,8,9,3.57649
58,8,23,2.96559
58,9,10,3.72407
58,9,24,3.29296
58,10,11,2.73573
58,10,25,3.85242
58,11,12,3.82916
58,11,26,4.61089
58,12,13,3.90385
58,12,27,2.25855
58,13,14,4.0
58,13,28,3.14537
58,14,29,3.24153
58,15,16,3.79875
58,15,30,3.4942
58,16,17,2.4598
58,16,31,3.4942
58,17,18,3.90385
58,17,32,3.57649
58,18,19,3.29296
58,18,33,3.24153
58,19,20,3.14537
58,19,34,3.21827
58,20,21,3.85242
58,20,35,3.37524
58,21,22,3.34662
58,21,36,3.29296
58,22,23,2.96559
58,22,37,3.65117
58,23,24,3.29296
58,23,38,3.57649
58,24,25,2.4598
58,24,39,3.72407
58,25,26,2.53448
58,25,40,4.33496
58,26,27,3.65117
58,26,41,3.57649
58,27,28,3.07069
58,27,42,2.4598
58,28,29,3.82916
58,28,43,3.07069
58,29,44,3.07069
58,30,31,3.85242
58,30,45,3.4942
58,31,32,3.65117
58,31,46,3.82916
58,32,33,4.33496
58,32,47,3.4942
58,33,34,2.76435
58,33,48,2.4598
58,34,35,2.4598
58,34,49,3.52282
58,35,36,4.61089
58,35,50,4.33496
58,36,37,3.01702
58,36,51,3.4942
58,37,38,3.62792
58,37,52,3.34662
58,38,39,3.90385
58,38,53,3.65117
58,39,40,3.57649
58,39,54,3.52282
58,40,41,3.82916
58,40,55,3.14537
58,41,42,3.04028
58,41,56,2.25855
58,42,43,3.14537
58,42,57,3.01702
58,43,44,4.61089
58,43,58,3.65117
58,44,59,2.76435
58,45,46,2.76435
58,45,60,4.1051
58,46,47,3.21827
58,46,61,4.1051
58,47,48,3.90385
58,47,62,2.76435
58,48,49,3.82916
58,48,63,3.72407
58,49,50,3.85242
58,49,64,3.52282
58,50,51,2.53448
58,50,65,3.07069
58,51,52,3.79875
58,51,66,3.52282
58,52,53,3.37524
58,52,67,3.79875
58,53,54,3.79875
58,53,68,2.86944
58,54,55,3.52282
58,54,69,3.82916
58,55,56,2.4598
58,55,70,2.73573
58,56,57,3.14537
58,56,71,3.79875
58,57,58,4.61089
58,57,72,3.72407
58,58,59,2.25855
58,58,73,2.76435
58,59,74,4.13372
58,60,61,4.40965
58,60,75,4.61089
58,61,62,4.13372
58,61,76,2.25855
58,62,63,3.82916
58,62,77,4.61089
58,63,64,3.21827
58,63,78,2.86944
58,64,65,3.79875
58,64,79,2.73573
58,65,66,3.57649
58,65,80,3.62792
58,66,67,2.53448
58,66,81,2.4598
58,67,68,2.25855
58,67,82,3.34662
58,68,69,2.76435
58,68,83,3.21827
58,69,70,4.61089
58,69,84,2.4598
58,70,71,3.24153
58,70,85,3.29296
58,71,72,2.53448
58,71,86,2.76435
58,72,73,3.65117
58,72,87,4.1051
58,73,74,4.1051
58,73,88,4.1051
58,74,89,3.72407
58,75,76,3.07069
58,75,90,2.25855
58,76,77,3.52282
58,76,91,3.79875
58,77,78,2.96559
58,77,92,2.76435
58,78,79,4.13372
58,78,93,2.4598
58,79,80,2.25855
58,79,94,3.52282
58,80,81,3.79875
58,80,95,2.96559
58,81,82,4.0
58,81,96,2.25855
58,82,83,3.29296
58,82,97,4.61089
58,83,84,3.21827
58,83,98,2.86944
58,84,85,4.0
58,84,99,3.65117
58,85,86,3.37524
58,85,100,3.34662
58,86,87,3.04028
58,86,101,4.40965
58,87,88,2.53448
58,87,102,3.34662
58,88,89,3.62792
58,88,103,3.34662
58,89,104,4.1051
58,90,91,3.01702
58,90,105,3.29296
58,91,92,2.96559
58,91,106,4.33496
58,92,93,2.76435
58,92,107,3.79875
58,93,94,2.76435
58,93,108,3.01702
58,94,95,3.72407
58,94,109,2.96559
58,95,96,3.21827
58,95,110,3.52282
58,96,97,2.96559
58,96,111,4.33496
58,97,98,3.85242
58,97,112,4.40965
58,98,99,4.1051
58,98,113,2.76435
58,99,100,4.1051
58,99,114,3.34662
58,100,101,2.4598
58,100,115,4.33496
58,101,102,2.86944
58,101,116,4.13372
58,102,103,2.4598
58,102,117,2.76435
58,103,104,3.21827
58,103,118,3.07069
58,104,119,3.85242
58,105,106,3.01702
58,105,120,2.4598
58,106,107,2.25855
58,106,121,3.01702
58,107,108,2.96559
58,107,122,3.72407
58,108,109,3.52282
58,108,123,3.52282
58,109,110,2.4598
58,109,124,4.0
58,110,111,2.86944
58,110,125,3.21827
58,111,112,2.25855
58,111,126,3.14537
58,112,113,4.40965
58,112,127,3.72407
58,113,114,3.65117
58,113,128,2.86944
58,114,115,4.33496
58,114,129,4.13372
58,115,116,4.1051
58,115,130,3.4942
58,116,117,2.73573
58,116,131,2.4598
58,117,118,4.0
58,117,132,3.52282
58,118,119,3.72407
58,118,133,3.4942
58,119,134,3.82916
58,120,121,3.85242
58,120,135,3.57649
58,121,122,3.24153
58,121,136,3.52282
58,122,123,3.07069
58,122,137,3.29296
58,123,124,3.37524
58,123,138,3.90385
58,124,125,3.04028
58,124,139,2.53448
58,125,126,3.4942
58,125,140,4.13372
58,126,127,4.61089
58,126,141,2.96559
58,127,128,3.21827
58,127,142,3.4942
58,128,129,3.29296
58,128,143,3.90385
58,129,130,2.73573
58,129,144,3.04028
58,130,131,4.61089
58,130,145,3.01702
58,131,132,3.37524
58,131,146,2.25855
58,132,133,4.33496
58,132,147,4.61089
58,133,134,3.4942
58,133,148,2.76435
58,134,149,3.01702
58,135,136,3.65117
58,135,150,3.72407
58,136,137,3.57649
58,136,151,3.37524
58,137,138,4.40965
58,137,152,3.79875
58,138,139,4.40965
58,138,153,3.24153
58,139,140,4.40965
58,139,154,2.76435
58,140,141,2.53448
58,140,155,3.62792
58,141,142,3.79875
58,141,156,3.34662
58,142,143,2.53448
58,142,157,4.61089
58,143,144,2.53448
58,143,158,2.76435
58,144,145,4.33496
58,144,159,3.29296
58,145,146,3.04028
58,145,160,3.65117
58,146,147,4.0
58,146,161,3.85242
58,147,148,3.21827
58,147,162,2.25855
58,148,149,4.61089
58,148,163,3.90385
58,149,164,4.13372
58,150,151,3.72407
58,150,165,3.24153
58,151,152,2.76435
58,151,166,3.65117
58,152,153,4.1051
58,152,167,3.82916
58,153,154,2.73573
58,153,168,3.62792
58,154,155,3.79875
58,154,169,3.79875
58,155,156,3.65117
58,155,170,3.85242
58,156,157,3.82916
58,156,171,3.21827
58,157,158,3.21827
58,157,172,4.33496
58,158,159,2.96559
58,158,173,3.14537
58,159,160,2.25855
58,159,174,2.4598
58,160,161,3.37524
58,160,175,3.85242
58,161,162,2.76435
58,161,176,3.79875
58,162,163,2.73573
58,162,177,3.72407
58,163,164,3.62792
58,163,178,3.24153
58,164,179,4.0
58,165,166,3.24153
58,165,180,4.33496
58,166,167,3.04028
58,166,181,3.37524
58,167,168,3.82916
58,167,182,3.85242
58,168,169,3.34662
58,168,183,3.04028
58,169,170,3.04028
58,169,184,4.40965
58,170,171,3.90385
58,170,185,3.90385
58,171,172,4.1051
58,171,186,3.52282
58,172,173,4.33496
58,172,187,3.24153
58,173,174,2.96559
58,173,188,2.76435
58,174,175,3.85242
58,174,189,2.4598
58,175,176,2.25855
58,175,190,3.21827
58,176,177,4.1051
58,176,191,4.0
58,177,178,2.25855
58,177,192,3.24153
58,178,179,3.90385
58,178,193,4.61089
58,179,194,3.29296
58,180,181,4.40965
58,180,195,3.37524
58,181,182,3.24153
58,181,196,3.29296
58,182,183,3.72407
58,182,197,3.14537
58,183,184,3.65117
58,183,198,4.40965
58,184,185,3.14537
58,184,199,4.13372
58,185,186,4.13372
58,185,200,4.13372
58,186,187,4.1051
58,186,201,4.0
58,187,188,3.90385
58,187,202,3.04028
58,188,189,4.61089
58,188,203,3.01702
58,189,190,3.24153
58,189,204,4.0
58,190,191,3.4942
58,190,205,3.01702
58,191,192,3.34662
58,191,206,3.82916
58,192,193,2.96559
58,192,207,2.73573
58,193,194,3.01702
58,193,208,2.25855
58,194,209,3.65117
58,195,196,3.62792
58,195,210,3.57649
58,196,197,3.62792
58,196,211,4.1051
58,197,198,2.4598
58,197,212,3.04028
58,198,199,2.25855
58,198,213,4.33496
58,199,200,4.1051
58,199,214,3.04028
58,200,201,3.01702
58,200,215,3.37524
58,201,202,3.52282
58,201,216,3.24153
58,202,203,3.14537
58,202,217,3.65117
58,203,204,4.40965
58,203,218,2.86944
58,204,205,3.52282
58,204,219,3.04028
58,205,206,3.04028
58,205,220,2.4598
58,206,207,3.24153
58,206,221,3.07069
58,207,208,4.33496
58,207,222,3.07069
58,208,209,2.25855
58,208,223,3.24153
58,209,224,3.82916
58,210,211,3.62792
58,211,212,4.13372
58,212,213,3.62792
58,213,214,2.86944
58,214,215,3.57649
58,215,216,3.07069
58,216,217,3.4942
58,217,218,4.1051
58,218,219,4.61089
58,219,220,3.4942
58,220,221,3.21827
58,221,222,4.13372
58,222,223,3.14537
58,223,224,3.24153
59,0,1,3.66861
59,0,15,3.47587
59,1,2,4.24597
59,1,16,3.66861
59,2,3,4.0
59,2,17,3.49823
59,3,4,3.50404
59,3,18,3.72183
59,4,5,3.50404
59,4,19,4.0
59,5,6,3.67443
59,5,20,3.48168
59,6,7,3.88283
59,6,21,3.30548
59,7,8,3.88864
59,7,22,3.88864
59,8,9,3.30548
59,8,23,3.49823
59,9,10,3.82961
59,9,24,4.25178
59,10,11,3.67443
59,10,25,3.47587
59,11,12,3.64268
59,11,26,3.80725
59,12,13,4.05903
59,12,27,3.75001
59,13,14,4.0
59,13,28,3.72765
59,14,29,3.66861
59,15,16,4.24597
59,15,30,4.00581
59,16,17,3.50404
59,16,31,4.00581
59,17,18,4.05903
59,17,32,3.30548
59,18,19,4.25178
59,18,33,3.66861
59,19,20,3.72765
59,19,34,3.83543
59,20,21,3.47587
59,20,35,3.55144
59,21,22,3.48168
59,21,36,4.25178
59,22,23,3.49823
59,22,37,3.72183
59,23,24,4.25178
59,23,38,3.30548
59,24,25,3.50404
59,24,39,3.82961
59,25,26,3.9204
59,25,40,3.63686
59,26,27,3.72183
59,26,41,3.30548
59,27,28,3.31129
59,27,42,3.50404
59,28,29,3.64268
59,28,43,3.31129
59,29,44,3.31129
59,30,31,3.47587
59,30,45,4.00581
59,31,32,3.72183
59,31,46,3.64268
59,32,33,3.63686
59,32,47,4.00581
59,33,34,3.74419
59,33,48,3.50404
59,34,35,3.50404
59,34,49,4.07558
59,35,36,3.80725
59,35,50,3.63686
59,36,37,4.08139
59,36,51,4.00581
59,37,38,3.88864
59,37,52,3.48168
59,38,39,4.05903
59,38,53,3.72183
59,39,40,3.30548
59,39,54,4.07558
59,40,41,3.64268
59,40,55,3.72765
59,41,42,3.91458
59,41,56,3.75001
59,42,43,3.72765
59,42,57,4.08139
59,43,44,3.80725
59,43,58,3.72183
59,44,59,3.74419
59,45,46,3.74419
59,45,60,3.81306
59,46,47,3.83543
59,46,61,3.81306
59,47,48,4.05903
59,47,62,3.74419
59,48,49,3.64268
59,48,63,3.82961
59,49,50,3.47587
59,49,64,4.07558
59,50,51,3.9204
59,50,65,3.31129
59,51,52,4.24597
59,51,66,4.07558
59,52,53,3.55144
59,52,67,4.24597
59,53,54,4.24597
59,53,68,3.55726
59,54,55,4.07558
59,54,69,3.64268
59,55,56,3.50404
59,55,70,3.67443
59,56,57,3.72765
59,56,71,4.24597
59,57,58,3.80725
59,57,72,3.82961
59,58,59,3.75001
59,58,73,3.74419
59,59,74,3.88283
59,60,61,4.05322
59,60,75,3.80725
59,61,62,3.88283
59,61,76,3.75001
59,62,63,3.64268
59,62,77,3.80725
59,63,64,3.83543
59,63,78,3.55726
59,64,65,4.24597
59,64,79,3.67443
59,65,66,3.30548
59,65,80,3.88864
59,66,67,3.9204
59,66,81,3.50404
59,67,68,3.75001
59,67,82,3.48168
59,68,69,3.74419
59,68,83,3.83543
59,69,70,3.80725
59,69,84,3.50404
59,70,71,3.66861
59,70,85,4.25178
59,71,72,3.9204
59,71,86,3.74419
59,72,73,3.72183
59,72,87,3.81306
59,73,74,3.81306
59,73,88,3.81306
59,74,89,3.82961
59,75,76,3.31129
59,75,90,3.75001
59,76,77,4.07558
59,76,91,4.24597
59,77,78,3.49823
59,77,92,3.74419
59,78,79,3.88283
59,78,93,3.50404
59,79,80,3.75001
59,79,94,4.07558
59,80,81,4.24597
59,80,95,3.49823
59,81,82,4.0
59,81,96,3.75001
59,82,83,4.25178
59,82,97,3.80725
59,83,84,3.83543
59,83,98,3.55726
59,84,85,4.0
59,84,99,3.72183
59,85,86,3.55144
59,85,100,3.48168
59,86,87,3.91458
59,86,101,4.05322
59,87,88,3.9204
59,87,102,3.48168
59,88,89,3.88864
59,88,103,3.48168
59,89,104,3.81306
59,90,91,4.08139
59,90,105,4.25178
59,91,92,3.49823
59,91,106,3.63686
59,92,93,3.74419
59,92,107,4.24597
59,93,94,3.74419
59,93,108,4.08139
59,94,95,3.82961
59,94,109,3.49823
59,95,96,3.83543
59,95,110,4.07558
59,96,97,3.49823
59,96,111,3.63686
59,97,98,3.47587
59,97,112,4.05322
59,98,99,3.81306
59,98,113,3.74419
59,99,100,3.81306
59,99,114,3.48168
59,100,101,3.50404
59,100,115,3.63686
59,101,102,3.55726
59,101,116,3.88283
59,102,103,3.50404
59,102,117,3.74419
59,103,104,3.83543
59,103,118,3.31129
59,104,119,3.47587
59,105,106,4.08139
59,105,120,3.50404
59,106,107,3.75001
59,106,121,4.08139
59,107,108,3.49823
59,107,122,3.82961
59,108,109,4.07558
59,108,123,4.07558
59,109,110,3.50404
59,109,124,4.0
59,110,111,3.55726
59,110,125,3.83543
59,111,112,3.75001
59,111,126,3.72765
59,112,113,4.05322
59,112,127,3.82961
59,113,114,3.72183
59,113,128,3.55726
59,114,115,3.63686
59,114,129,3.88283
59,115,116,3.81306
59,115,130,4.00581
59,116,117,3.67443
59,116,131,3.50404
59,117,118,4.0
59,117,132,4.07558
59,118,119,3.82961
59,118,133,4.00581
59,119,134,3.64268
59,120,121,3.47587
59,120,135,3.30548
59,121,122,3.66861
59,121,136,4.07558
59,122,123,3.31129
59,122,137,4.25178
59,123,124,3.55144
59,123,138,4.05903
59,124,125,3.91458
59,124,139,3.9204
59,125,126,4.00581
59,125,140,3.88283
59,126,127,3.80725
59,126,141,3.49823
59,127,128,3.83543
59,127,142,4.00581
59,128,129,4.25178
59,128,143,4.05903
59,129,130,3.67443
59,129,144,3.91458
59,130,131,3.80725
59,130,145,4.08139
59,131,132,3.55144
59,131,146,3.75001
59,132,133,3.63686
59,132,147,3.80725
59,133,134,4.00581
59,133,148,3.74419
59,134,149,4.08139
59,135,136,3.72183
59,135,150,3.82961
59,136,137,3.30548
59,136,151,3.55144
59,137,138,4.05322
59,137,152,4.24597
59,138,139,4.05322
59,138,153,3.66861
59,139,140,4.05322
59,139,154,3.74419
59,140,141,3.9204
59,140,155,3.88864
59,141,142,4.24597
59,141,156,3.48168
59,142,143,3.9204
59,142,157,3.80725
59,143,144,3.9204
59,143,158,3.74419
59,144,145,3.63686
59,144,159,4.25178
59,145,146,3.91458
59,145,160,3.72183
59,146,147,4.0
59,146,161,3.47587
59,147,148,3.83543
59,147,162,3.75001
59,148,149,3.80725
59,148,163,4.05903
59,149,164,3.88283
59,150,151,3.82961
59,150,165,3.66861
59,151,152,3.74419
59,151,166,3.72183
59,152,153,3.81306
59,152,167,3.64268
59,153,154,3.67443
59,153,168,3.88864
59,154,155,4.24597
59,154,169,4.24597
59,155,156,3.72183
59,155,170,3.47587
59,156,157,3.64268
59,156,171,3.83543
59,157,158,3.83543
59,157,172,3.63686
59,158,159,3.49823
59,158,173,3.72765
59,159,160,3.75001
59,159,174,3.50404
59,160,161,3.55144
59,160,175,3.47587
59,161,162,3.74419
59,161,176,4.24597
59,162,163,3.67443
59,162,177,3.82961
59,163,164,3.88864
59,163,178,3.66861
59,164,179,4.0
59,165,166,3.66861
59,165,180,3.63686
59,166,167,3.91458
59,166,181,3.55144
59,167,168,3.64268
59,167,182,3.47587
59,168,169,3.48168
59,168,183,3.91458
59,169,170,3.91458
59,169,184,4.05322
59,170,171,4.05903
59,170,185,4.05903
59,171,172,3.81306
59,171,186,4.07558
59,172,173,3.63686
59,172,187,3.66861
59,173,174,3.49823
59,173,188,3.74419
59,174,175,3.47587
59,174,189,3.50404
59,175,176,3.75001
59,175,190,3.83543
59,176,177,3.81306
59,176,191,4.0
59,177,178,3.75001
59,177,192,3.66861
59,178,179,4.05903
59,178,193,3.80725
59,179,194,4.25178
59,180,181,4.05322
59,180,195,3.55144
59,181,182,3.66861
59,181,196,4.25178
59,182,183,3.82961
59,182,197,3.72765
59,183,184,3.72183
59,183,198,4.05322
59,184,185,3.72765
59,184,199,3.88283
59,185,186,3.88283
59,185,200,3.88283
59,186,187,3.81306
59,186,201,4.0
59,187,188,4.05903
59,187,202,3.91458
59,188,189,3.80725
59,188,203,4.08139
59,189,190,3.66861
59,189,204,4.0
59,190,191,4.00581
59,190,205,4.08139
59,191,192,3.48168
59,191,206,3.64268
59,192,193,3.49823
59,192,207,3.67443
59,193,194,4.08139
59,193,208,3.75001
59,194,209,3.72183
59,195,196,3.88864
59,195,210,3.30548
59,196,197,3.88864
59,196,211,3.81306
59,197,198,3.50404
59,197,212,3.91458
59,198,199,3.75001
59,198,213,3.63686
59,199,200,3.81306
59,199,214,3.91458
59,200,201,4.08139
59,200,215,3.55144
59,201,202,4.07558
59,201,216,3.66861
59,202,203,3.72765
59,202,217,3.72183
59,203,204,4.05322
59,203,218,3.55726
59,204,205,4.07558
59,204,219,3.91458
59,205,206,3.91458
59,205,220,3.50404
59,206,207,3.66861
59,206,221,3.31129
59,207,208,3.63686
59,207,222,3.31129
59,208,209,3.75001
59,208,223,3.66861
59,209,224,3.64268
59,210,211,3.88864
59,211,212,3.88283
59,212,213,3.88864
59,213,214,3.55726
59,214,215,3.30548
59,215,216,3.31129
59,216,217,4.00581
59,217,218,3.81306
59,218,219,3.80725
59,219,220,4.00581
59,220,221,3.83543
59,221,222,3.88283
59,222,223,3.72765
59,223,224,3.66861
60,0,1,3.73122
60,0,15,3.13062
60,1,2,3.78042
60,1,16,3.73122
60,2,3,4.0
60,2,17,2.97767
60,3,4,2.7809
60,3,18,2.91103
60,4,5,2.7809
60,4,19,4.0
60,5,6,3.53445
60,5,20,2.93384
60,6,7,2.42626
60,6,21,2.37706
60,7,8,2.22948
60,7,22,2.22948
60,8,9,2.37706
60,8,23,2.97767
60,9,10,3.24645
60,9,24,3.58364
60,10,11,3.53445
60,10,25,3.13062
60,11,12,2.44906
60,11,26,3.39939
60,12,13,2.98304
60,12,27,2.56131
60,13,14,4.0
60,13,28,2.71426
60,14,29,3.73122
60,15,16,3.78042
60,15,30,3.80323
60,16,17,2.7809
60,16,31,3.80323
60,17,18,2.98304
60,17,32,2.37706
60,18,19,3.58364
60,18,33,3.73122
60,19,20,2.71426
60,19,34,3.04967
60,20,21,3.13062
60,20,35,2.15748
60,21,22,2.93384
60,21,36,3.58364
60,22,23,2.97767
60,22,37,2.91103
60,23,24,3.58364
60,23,38,2.37706
60,24,25,2.7809
60,24,39,3.24645
60,25,26,3.31487
60,25,40,2.64584
60,26,27,2.91103
60,26,41,2.37706
60,27,28,2.18029
60,27,42,2.7809
60,28,29,2.44906
60,28,43,2.18029
60,29,44,2.18029
60,30,31,3.13062
60,30,45,3.80323
60,31,32,2.91103
60,31,46,2.44906
60,32,33,2.64584
60,32,47,3.80323
60,33,34,2.75809
60,33,48,2.7809
60,34,35,2.7809
60,34,49,3.02686
60,35,36,3.39939
60,35,50,2.64584
60,36,37,2.83009
60,36,51,3.80323
60,37,38,2.22948
60,37,52,2.93384
60,38,39,2.98304
60,38,53,2.91103
60,39,40,2.37706
60,39,54,3.02686
60,40,41,2.44906
60,40,55,2.71426
60,41,42,3.51164
60,41,56,2.56131
60,42,43,2.71426
60,42,57,2.83009
60,43,44,3.39939
60,43,58,2.91103
60,44,59,2.75809
60,45,46,2.75809
60,45,60,3.20262
60,46,47,3.04967
60,46,61,3.20262
60,47,48,2.98304
60,47,62,2.75809
60,48,49,2.44906
60,48,63,3.24645
60,49,50,3.13062
60,49,64,3.02686
60,50,51,3.31487
60,50,65,2.18029
60,51,52,3.78042
60,51,66,3.02686
60,52,53,2.15748
60,52,67,3.78042
60,53,54,3.78042
60,53,68,1.96071
60,54,55,3.02686
60,54,69,2.44906
60,55,56,2.7809
60,55,70,3.53445
60,56,57,2.71426
60,56,71,3.78042
60,57,58,3.39939
60,57,72,3.24645
60,58,59,2.56131
60,58,73,2.75809
60,59,74,2.42626
60,60,61,3.17981
60,60,75,3.39939
60,61,62,2.42626
60,61,76,2.56131
60,62,63,2.44906
60,62,77,3.39939
60,63,64,3.04967
60,63,78,1.96071
60,64,65,3.78042
60,64,79,3.53445
60,65,66,2.37706
60,65,80,2.22948
60,66,67,3.31487
60,66,81,2.7809
60,67,68,2.56131
60,67,82,2.93384
60,68,69,2.75809
60,68,83,3.04967
60,69,70,3.39939
60,69,84,2.7809
60,70,71,3.73122
60,70,85,3.58364
60,71,72,3.31487
60,71,86,2.75809
60,72,73,2.91103
60,72,87,3.20262
60,73,74,3.20262
60,73,88,3.20262
60,74,89,3.24645
60,75,76,2.18029
60,75,90,2.56131
60,76,77,3.02686
60,76,91,3.78042
60,77,78,2.97767
60,77,92,2.75809
60,78,79,2.42626
60,78,93,2.7809
60,79,80,2.56131
60,79,94,3.02686
60,80,81,3.78042
60,80,95,2.97767
60,81,82,4.0
60,81,96,2.56131
60,82,83,3.58364
60,82,97,3.39939
60,83,84,3.04967
60,83,98,1.96071
60,84,85,4.0
60,84,99,2.91103
60,85,86,2.15748
60,85,100,2.93384
60,86,87,3.51164
60,86,101,3.17981
60,87,88,3.31487
60,87,102,2.93384
60,88,89,2.22948
60,88,103,2.93384
60,89,104,3.20262
60,90,91,2.83009
60,90,105,3.58364
60,91,92,2.97767
60,91,106,2.64584
60,92,93,2.75809
60,92,107,3.78042
60,93,94,2.75809
60,93,108,2.83009
60,94,95,3.24645
60,94,109,2.97767
60,95,96,3.04967
60,95,110,3.02686
60,96,97,2.97767
60,96,111,2.64584
60,97,98,3.13062
60,97,112,3.17981
60,98,99,3.20262
60,98,113,2.75809
60,99,100,3.20262
60,99,114,2.93384
60,100,101,2.7809
60,100,115,2.64584
60,101,102,1.96071
60,101,116,2.42626
60,102,103,2.7809
60,102,117,2.75809
60,103,104,3.04967
60,103,118,2.18029
60,104,119,3.13062
60,105,106,2.83009
60,105,120,2.7809
60,106,107,2.56131
60,106,121,2.83009
60,107,108,2.97767
60,107,122,3.24645
60,108,109,3.02686
60,108,123,3.02686
60,109,110,2.7809
60,109,124,4.0
60,110,111,1.96071
60,110,125,3.04967
60,111,112,2.56131
60,111,126,2.71426
60,112,113,3.17981
60,112,127,3.24645
60,113,114,2.91103
60,113,128,1.96071
60,114,115,2.64584
60,114,129,2.42626
60,115,116,3.20262
60,115,130,3.80323
60,116,117,3.53445
60,116,131,2.7809
60,117,118,4.0
60,117,132,3.02686
60,118,119,3.24645
60,118,133,3.80323
60,119,134,2.44906
60,120,121,3.13062
60,120,135,2.37706
60,121,122,3.73122
60,121,136,3.02686
60,122,123,2.18029
60,122,137,3.58364
60,123,124,2.15748
60,123,138,2.98304
60,124,125,3.51164
60,124,139,3.31487
60,125,126,3.80323
60,125,140,2.42626
60,126,127,3.39939
60,126,141,2.97767
60,127,128,3.04967
60,127,142,3.80323
60,128,129,3.58364
60,128,143,2.98304
60,129,130,3.53445
60,129,144,3.51164
60,130,131,3.39939
60,130,145,2.83009
60,131,132,2.15748
60,131,146,2.56131
60,132,133,2.64584
60,132,147,3.39939
60,133,134,3.80323
60,133,148,2.75809
60,134,149,2.83009
60,135,136,2.91103
60,135,150,3.24645
60,136,137,2.37706
60,136,151,2.15748
60,137,138,3.17981
60,137,152,3.78042
60,138,139,3.17981
60,138,153,3.73122
60,139,140,3.17981
60,139,154,2.75809
60,140,141,3.31487
60,140,155,2.22948
60,141,142,3.78042
60,141,156,2.93384
60,142,143,3.31487
60,142,157,3.39939
60,143,144,3.31487
60,143,158,2.75809
60,144,145,2.64584
60,144,159,3.58364
60,145,146,3.51164
60,145,160,2.91103
60,146,147,4.0
60,146,161,3.13062
60,147,148,3.04967
60,147,162,2.56131
60,148,149,3.39939
60,148,163,2.98304
60,149,164,2.42626
60,150,151,3.24645
60,150,165,3.73122
60,151,152,2.75809
60,151,166,2.91103
60,152,153,3.20262
60,152,167,2.44906
60,153,154,3.53445
60,153,168,2.22948
60,154,155,3.78042
60,154,169,3.78042
60,155,156,2.91103
60,155,170,3.13062
60,156,157,2.44906
60,156,171,3.04967
60,157,158,3.04967
60,157,172,2.64584
60,158,159,2.97767
60,158,173,2.71426
60,159,160,2.56131
60,159,174,2.7809
60,160,161,2.15748
60,160,175,3.13062
60,161,162,2.75809
60,161,176,3.78042
60,162,163,3.53445
60,162,177,3.24645
60,163,164,2.22948
60,163,178,3.73122
60,164,179,4.0
60,165,166,3.73122
60,165,180,2.64584
60,166,167,3.51164
60,166,181,2.15748
60,167,168,2.44906
60,167,182,3.13062
60,168,169,2.93384
60,168,183,3.51164
60,169,170,3.51164
60,169,184,3.17981
60,170,171,2.98304
60,170,185,2.98304
60,171,172,3.20262
60,171,186,3.02686
60,172,173,2.64584
60,172,187,3.73122
60,173,174,2.97767
60,173,188,2.75809
60,174,175,3.13062
60,174,189,2.7809
60,175,176,2.56131
60,175,190,3.04967
60,176,177,3.20262
60,176,191,4.0
60,177,178,2.56131
60,177,192,3.73122
60,178,179,2.98304
60,178,193,3.39939
60,179,194,3.58364
60,180,181,3.17981
60,180,195,2.15748
60,181,182,3.73122
60,181,196,3.58364
60,182,183,3.24645
60,182,197,2.71426
60,183,184,2.91103
60,183,198,3.17981
60,184,185,2.71426
60,184,199,2.42626
60,185,186,2.42626
60,185,200,2.42626
60,186,187,3.20262
60,186,201,4.0
60,187,188,2.98304
60,187,202,3.51164
60,188,189,3.39939
60,188,203,2.83009
60,189,190,3.73122
60,189,204,4.0
60,190,191,3.80323
60,190,205,2.83009
60,191,192,2.93384
60,191,206,2.44906
60,192,193,2.97767
60,192,207,3.53445
60,193,194,2.83009
60,193,208,2.56131
60,194,209,2.91103
60,195,196,2.22948
60,195,210,2.37706
60,196,197,2.22948
60,196,211,3.20262
60,197,198,2.7809
60,197,212,3.51164
60,198,199,2.56131
60,198,213,2.64584
60,199,200,3.20262
60,199,214,3.51164
60,200,201,2.83009
60,200,215,2.15748
60,201,202,3.02686
60,201,216,3.73122
60,202,203,2.71426
60,202,217,2.91103
60,203,204,3.17981
60,203,218,1.96071
60,204,205,3.02686
60,204,219,3.51164
60,205,206,3.51164
60,205,220,2.7809
60,206,207,3.73122
60,206,221,2.18029
60,207,208,2.64584
60,207,222,2.18029
60,208,209,2.56131
60,208,223,3.73122
60,209,224,2.44906
60,210,211,2.22948
60,211,212,2.42626
60,212,213,2.22948
60,213,214,1.96071
60,214,215,2.37706
60,215,216,2.18029
60,216,217,3.80323
60,217,218,3.20262
60,218,219,3.39939
60,219,220,3.80323
60,220,221,3.04967
60,221,222,2.42626
60,222,223,2.71426
60,223,224,3.73122
61,0,1,3.58051
61,0,15,3.26657
61,1,2,3.47944
61,1,16,3.58051
61,2,3,4.0
61,2,17,2.9164
61,3,4,2.64986
61,3,18,2.74601
61,4,5,2.64986
61,4,19,4.0
61,5,6,3.31397
61,5,20,3.00003
61,6,7,2.50139
61,6,21,2.60246
61,7,8,2.23485
61,7,22,2.23485
61,8,9,2.60246
61,8,23,2.9164
61,9,10,3.33589
61,9,24,3.2129
61,10,11,3.31397
61,10,25,3.26657
61,11,12,2.7554
61,11,26,3.68606
61,12,13,2.89896
61,12,27,2.12931
61,13,14,4.0
61,13,28,2.47947
61,14,29,3.58051
61,15,16,3.47944
61,15,30,3.73346
61,16,17,2.64986
61,16,31,3.73346
61,17,18,2.89896
61,17,32,2.60246
61,18,19,3.2129
61,18,33,3.58051
61,19,20,2.47947
61,19,34,3.06935
61,20,21,3.26657
61,20,35,2.0819
61,21,22,3.00003
61,21,36,3.2129
61,22,23,2.9164
61,22,37,2.74601
61,23,24,3.2129
61,23,38,2.60246
61,24,25,2.64986
61,24,39,3.33589
61,25,26,2.79342
61,25,40,3.02194
61,26,27,2.74601
61,26,41,2.60246
61,27,28,2.33592
61,27,42,2.64986
61,28,29,2.7554
61,28,43,2.33592
61,29,44,2.33592
61,30,31,3.26657
61,30,45,3.73346
61,31,32,2.74601
61,31,46,2.7554
61,32,33,3.02194
61,32,47,3.73346
61,33,34,2.39584
61,33,48,2.64986
61,34,35,2.64986
61,34,49,2.81533
61,35,36,3.68606
61,35,50,3.02194
61,36,37,2.54879
61,36,51,3.73346
61,37,38,2.23485
61,37,52,3.00003
61,38,39,2.89896
61,38,53,2.74601
61,39,40,2.60246
61,39,54,2.81533
61,40,41,2.7554
61,40,55,2.47947
61,41,42,3.05996
61,41,56,2.12931
61,42,43,2.47947
61,42,57,2.54879
61,43,44,3.68606
61,43,58,2.74601
61,44,59,2.39584
61,45,46,2.39584
61,45,60,3.41952
61,46,47,3.06935
61,46,61,3.41952
61,47,48,2.89896
61,47,62,2.39584
61,48,49,2.7554
61,48,63,3.33589
61,49,50,3.26657
61,49,64,2.81533
61,50,51,2.79342
61,50,65,2.33592
61,51,52,3.47944
61,51,66,2.81533
61,52,53,2.0819
61,52,67,3.47944
61,53,54,3.47944
61,53,68,1.81536
61,54,55,2.81533
61,54,69,2.7554
61,55,56,2.64986
61,55,70,3.31397
61,56,57,2.47947
61,56,71,3.47944
61,57,58,3.68606
61,57,72,3.33589
61,58,59,2.12931
61,58,73,2.39584
61,59,74,2.50139
61,60,61,3.1655
61,60,75,3.68606
61,61,62,2.50139
61,61,76,2.12931
61,62,63,2.7554
61,62,77,3.68606
61,63,64,3.06935
61,63,78,1.81536
61,64,65,3.47944
61,64,79,3.31397
61,65,66,2.60246
61,65,80,2.23485
61,66,67,2.79342
61,66,81,2.64986
61,67,68,2.12931
61,67,82,3.00003
61,68,69,2.39584
61,68,83,3.06935
61,69,70,3.68606
61,69,84,2.64986
61,70,71,3.58051
61,70,85,3.2129
61,71,72,2.79342
61,71,86,2.39584
61,72,73,2.74601
61,72,87,3.41952
61,73,74,3.41952
61,73,88,3.41952
61,74,89,3.33589
61,75,76,2.33592
61,75,90,2.12931
61,76,77,2.81533
61,76,91,3.47944
61,77,78,2.9164
61,77,92,2.39584
61,78,79,2.50139
61,78,93,2.64986
61,79,80,2.12931
61,79,94,2.81533
61,80,81,3.47944
61,80,95,2.9164
61,81,82,4.0
61,81,96,2.12931
61,82,83,3.2129
61,82,97,3.68606
61,83,84,3.06935
61,83,98,1.81536
61,84,85,4.0
61,84,99,2.74601
61,85,86,2.0819
61,85,100,3.00003
61,86,87,3.05996
61,86,101,3.1655
61,87,88,2.79342
61,87,102,3.00003
61,88,89,2.23485
61,88,103,3.00003
61,89,104,3.41952
61,90,91,2.54879
61,90,105,3.2129
61,91,92,2.9164
61,91,106,3.02194
61,92,93,2.39584
61,92,107,3.47944
61,93,94,2.39584
61,93,108,2.54879
61,94,95,3.33589
61,94,109,2.9164
61,95,96,3.06935
61,95,110,2.81533
61,96,97,2.9164
61,96,111,3.02194
61,97,98,3.26657
61,97,112,3.1655
61,98,99,3.41952
61,98,113,2.39584
61,99,100,3.41952
61,99,114,3.00003
61,100,101,2.64986
61,100,115,3.02194
61,101,102,1.81536
61,101,116,2.50139
61,102,103,2.64986
61,102,117,2.39584
61,103,104,3.06935
61,103,118,2.33592
61,104,119,3.26657
61,105,106,2.54879
61,105,120,2.64986
61,106,107,2.12931
61,106,121,2.54879
61,107,108,2.9164
61,107,122,3.33589
61,108,109,2.81533
61,108,123,2.81533
61,109,110,2.64986
61,109,124,4.0
61,110,111,1.81536
61,110,125,3.06935
61,111,112,2.12931
61,111,126,2.47947
61,112,113,3.1655
61,112,127,3.33589
61,113,114,2.74601
61,113,128,1.81536
61,114,115,3.02194
61,114,129,2.50139
61,115,116,3.41952
61,115,130,3.73346
61,116,117,3.31397
61,116,131,2.64986
61,117,118,4.0
61,117,132,2.81533
61,118,119,3.33589
61,118,133,3.73346
61,119,134,2.7554
61,120,121,3.26657
61,120,135,2.60246
61,121,122,3.58051
61,121,136,2.81533
61,122,123,2.33592
61,122,137,3.2129
61,123,124,2.0819
61,123,138,2.89896
61,124,125,3.05996
61,124,139,2.79342
61,125,126,3.73346
61,125,140,2.50139
61,126,127,3.68606
61,126,141,2.9164
61,127,128,3.06935
61,127,142,3.73346
61,128,129,3.2129
61,128,143,2.89896
61,129,130,3.31397
61,129,144,3.05996
61,130,131,3.68606
61,130,145,2.54879
61,131,132,2.0819
61,131,146,2.12931
61,132,133,3.02194
61,132,147,3.68606
61,133,134,3.73346
61,133,148,2.39584
61,134,149,2.54879
61,135,136,2.74601
61,135,150,3.33589
61,136,137,2.60246
61,136,151,2.0819
61,137,138,3.1655
61,137,152,3.47944
61,138,139,3.1655
61,138,153,3.58051
61,139,140,3.1655
61,139,154,2.39584
61,140,141,2.79342
61,140,155,2.23485
61,141,142,3.47944
61,141,156,3.00003
61,142,143,2.79342
61,142,157,3.68606
61,143,144,2.79342
61,143,158,2.39584
61,144,145,3.02194
61,144,159,3.2129
61,145,146,3.05996
61,145,160,2.74601
61,146,147,4.0
61,146,161,3.26657
61,147,148,3.06935
61,147,162,2.12931
61,148,149,3.68606
61,148,163,2.89896
61,149,164,2.50139
61,150,151,3.33589
61,150,165,3.58051
61,151,152,2.39584
61,151,166,2.74601
61,152,153,3.41952
61,152,167,2.7554
61,153,154,3.31397
61,153,168,2.23485
61,154,155,3.47944
61,154,169,3.47944
61,155,156,2.74601
61,155,170,3.26657
61,156,157,2.7554
61,156,171,3.06935
61,157,158,3.06935
61,157,172,3.02194
61,158,159,2.9164
61,158,173,2.47947
61,159,160,2.12931
61,159,174,2.64986
61,160,161,2.0819
61,160,175,3.26657
61,161,162,2.39584
61,161,176,3.47944
61,162,163,3.31397
61,162,177,3.33589
61,163,164,2.23485
61,163,178,3.58051
61,164,179,4.0
61,165,166,3.58051
61,165,180,3.02194
61,166,167,3.05996
61,166,181,2.0819
61,167,168,2.7554
61,167,182,3.26657
61,168,169,3.00003
61,168,183,3.05996
61,169,170,3.05996
61,169,184,3.1655
61,170,171,2.89896
61,170,185,2.89896
61,171,172,3.41952
61,171,186,2.81533
61,172,173,3.02194
61,172,187,3.58051
61,173,174,2.9164
61,173,188,2.39584
61,174,175,3.26657
61,174,189,2.64986
61,175,176,2.12931
61,175,190,3.06935
61,176,177,3.41952
61,176,191,4.0
61,177,178,2.12931
61,177,192,3.58051
61,178,179,2.89896
61,178,193,3.68606
61,179,194,3.2129
61,180,181,3.1655
61,180,195,2.0819
61,181,182,3.58051
61,181,196,3.2129
61,182,183,3.33589
61,182,197,2.47947
61,183,184,2.74601
61,183,198,3.1655
61,184,185,2.47947
61,184,199,2.50139
61,185,186,2.50139
61,185,200,2.50139
61,186,187,3.41952
61,186,201,4.0
61,187,188,2.89896
61,187,202,3.05996
61,188,189,3.68606
61,188,203,2.54879
61,189,190,3.58051
61,189,204,4.0
61,190,191,3.73346
61,190,205,2.54879
61,191,192,3.00003
61,191,206,2.7554
61,192,193,2.9164
61,192,207,3.31397
61,193,194,2.54879
61,193,208,2.12931
61,194,209,2.74601
61,195,196,2.23485
61,195,210,2.60246
61,196,197,2.23485
61,196,211,3.41952
61,197,198,2.64986
61,197,212,3.05996
61,198,199,2.12931
61,198,213,3.02194
61,199,200,3.41952
61,199,214,3.05996
61,200,201,2.54879
61,200,215,2.0819
61,201,202,2.81533
61,201,216,3.58051
61,202,203,2.47947
61,202,217,2.74601
61,203,204,3.1655
61,203,218,1.81536
61,204,205,2.81533
61,204,219,3.05996
61,205,206,3.05996
61,205,220,2.64986
61,206,207,3.58051
61,206,221,2.33592
61,207,208,3.02194
61,207,222,2.33592
61,208,209,2.12931
61,208,223,3.58051
61,209,224,2.7554
61,210,211,2.23485
61,211,212,2.50139
61,212,213,2.23485
61,213,214,1.81536
61,214,215,2.60246
61,215,216,2.33592
61,216,217,3.73346
61,217,218,3.41952
61,218,219,3.68606
61,219,220,3.73346
61,220,221,3.06935
61,221,222,2.50139
61,222,223,2.47947
61,223,224,3.58051
62,0,1,5.12921
62,0,15,5.01339
62,1,2,4.10957
62,1,16,5.12921
62,2,3,4.0
62,2,17,5.0107
62,3,4,4.95793
62,3,18,5.12295
62,4,5,4.95793
62,4,19,4.0
62,5,6,5.07644
62,5,20,4.96061
62,6,7,3.87523
62,6,21,4.89487
62,7,8,3.82246
62,7,22,3.82246
62,8,9,4.89487
62,8,23,5.0107
62,9,10,3.88149
62,9,24,4.0568
62,10,11,5.07644
62,10,25,5.01339
62,11,12,3.71289
62,11,26,3.88417
62,12,13,3.94097
62,12,27,5.0675
62,13,14,4.0
62,13,28,5.07018
62,14,29,5.12921
62,15,16,4.10957
62,15,30,3.94723
62,16,17,4.95793
62,16,31,3.94723
62,17,18,3.94097
62,17,32,4.89487
62,18,19,4.0568
62,18,33,5.12921
62,19,20,5.07018
62,19,34,3.82872
62,20,21,5.01339
62,20,35,5.00444
62,21,22,4.96061
62,21,36,4.0568
62,22,23,5.0107
62,22,37,5.12295
62,23,24,4.0568
62,23,38,4.89487
62,24,25,4.95793
62,24,39,3.88149
62,25,26,5.18601
62,25,40,3.76566
62,26,27,5.12295
62,26,41,4.89487
62,27,28,4.8421
62,27,42,4.95793
62,28,29,3.71289
62,28,43,4.8421
62,29,44,4.8421
62,30,31,5.01339
62,30,45,3.94723
62,31,32,5.12295
62,31,46,3.71289
62,32,33,3.76566
62,32,47,3.94723
62,33,34,5.12027
62,33,48,4.95793
62,34,35,4.95793
62,34,49,3.99106
62,35,36,3.88417
62,35,50,3.76566
62,36,37,3.93828
62,36,51,3.94723
62,37,38,3.82246
62,37,52,4.96061
62,38,39,3.94097
62,38,53,5.12295
62,39,40,4.89487
62,39,54,3.99106
62,40,41,3.71289
62,40,55,5.07018
62,41,42,5.23878
62,41,56,5.0675
62,42,43,5.07018
62,42,57,3.93828
62,43,44,3.88417
62,43,58,5.12295
62,44,59,5.12027
62,45,46,5.12027
62,45,60,3.8314
62,46,47,3.82872
62,46,61,3.8314
62,47,48,3.94097
62,47,62,5.12027
62,48,49,3.71289
62,48,63,3.88149
62,49,50,5.01339
62,49,64,3.99106
62,50,51,5.18601
62,50,65,4.8421
62,51,52,4.10957
62,51,66,3.99106
62,52,53,5.00444
62,52,67,4.10957
62,53,54,4.10957
62,53,68,4.95167
62,54,55,3.99106
62,54,69,3.71289
62,55,56,4.95793
62,55,70,5.07644
62,56,57,5.07018
62,56,71,4.10957
62,57,58,3.88417
62,57,72,3.88149
62,58,59,5.0675
62,58,73,5.12027
62,59,74,3.87523
62,60,61,3.99374
62,60,75,3.88417
62,61,62,3.87523
62,61,76,5.0675
62,62,63,3.71289
62,62,77,3.88417
62,63,64,3.82872
62,63,78,4.95167
62,64,65,4.10957
62,64,79,5.07644
62,65,66,4.89487
62,65,80,3.82246
62,66,67,5.18601
62,66,81,4.95793
62,67,68,5.0675
62,67,82,4.96061
62,68,69,5.12027
62,68,83,3.82872
62,69,70,3.88417
62,69,84,4.95793
62,70,71,5.12921
62,70,85,4.0568
62,71,72,5.18601
62,71,86,5.12027
62,72,73,5.12295
62,72,87,3.8314
62,73,74,3.8314
62,73,88,3.8314
62,74,89,3.88149
62,75,76,4.8421
62,75,90,5.0675
62,76,77,3.99106
62,76,91,4.10957
62,77,78,5.0107
62,77,92,5.12027
62,78,79,3.87523
62,78,93,4.95793
62,79,80,5.0675
62,79,94,3.99106
62,80,81,4.10957
62,80,95,5.0107
62,81,82,4.0
62,81,96,5.0675
62,82,83,4.0568
62,82,97,3.88417
62,83,84,3.82872
62,83,98,4.95167
62,84,85,4.0
62,84,99,5.12295
62,85,86,5.00444
62,85,100,4.96061
62,86,87,5.23878
62,86,101,3.99374
62,87,88,5.18601
62,87,102,4.96061
62,88,89,3.82246
62,88,103,4.96061
62,89,104,3.8314
62,90,91,3.93828
62,90,105,4.0568
62,91,92,5.0107
62,91,106,3.76566
62,92,93,5.12027
62,92,107,4.10957
62,93,94,5.12027
62,93,108,3.93828
62,94,95,3.88149
62,94,109,5.0107
62,95,96,3.82872
62,95,110,3.99106
62,96,97,5.0107
62,96,111,3.76566
62,97,98,5.01339
62,97,112,3.99374
62,98,99,3.8314
62,98,113,5.12027
62,99,100,3.8314
62,99,114,4.96061
62,100,101,4.95793
62,100,115,3.76566
62,101,102,4.95167
62,101,116,3.87523
62,102,103,4.95793
62,102,117,5.12027
62,103,104,3.82872
62,103,118,4.8421
62,104,119,5.01339
62,105,106,3.93828
62,105,120,4.95793
62,106,107,5.0675
62,106,121,3.93828
62,107,108,5.0107
62,107,122,3.88149
62,108,109,3.99106
62,108,123,3.99106
62,109,110,4.95793
62,109,124,4.0
62,110,111,4.95167
62,110,125,3.82872
62,111,112,5.0675
62,111,126,5.07018
62,112,113,3.99374
62,112,127,3.88149
62,113,114,5.12295
62,113,128,4.95167
62,114,115,3.76566
62,114,129,3.87523
62,115,116,3.8314
62,115,130,3.94723
62,116,117,5.07644
62,116,131,4.95793
62,117,118,4.0
62,117,132,3.99106
62,118,119,3.88149
62,118,133,3.94723
62,119,134,3.71289
62,120,121,5.01339
62,120,135,4.89487
62,121,122,5.12921
62,121,136,3.99106
62,122,123,4.8421
62,122,137,4.0568
62,123,124,5.00444
62,123,138,3.94097
62,124,125,5.23878
62,124,139,5.18601
62,125,126,3.94723
62,125,140,3.87523
62,126,127,3.88417
62,126,141,5.0107
62,127,128,3.82872
62,127,142,3.94723
62,128,129,4.0568
62,128,143,3.94097
62,129,130,5.07644
62,129,144,5.23878
62,130,131,3.88417
62,130,145,3.93828
62,131,132,5.00444
62,131,146,5.0675
62,132,133,3.76566
62,132,147,3.88417
62,133,134,3.94723
62,133,148,5.12027
62,134,149,3.93828
62,135,136,5.12295
62,135,150,3.88149
62,136,137,4.89487
62,136,151,5.00444
62,137,138,3.99374
62,137,152,4.10957
62,138,139,3.99374
62,138,153,5.12921
62,139,140,3.99374
62,139,154,5.12027
62,140,141,5.18601
62,140,155,3.82246
62,141,142,4.10957
62,141,156,4.96061
62,142,143,5.18601
62,142,157,3.88417
62,143,144,5.18601
62,143,158,5.12027
62,144,145,3.76566
62,144,159,4.0568
62,145,146,5.23878
62,145,160,5.12295
62,146,147,4.0
62,146,161,5.01339
62,147,148,3.82872
62,147,162,5.0675
62,148,149,3.88417
62,148,163,3.94097
62,149,164,3.87523
62,150,151,3.88149
62,150,165,5.12921
62,151,152,5.12027
62,151,166,5.12295
62,152,153,3.8314
62,152,167,3.71289
62,153,154,5.07644
62,153,168,3.82246
62,154,155,4.10957
62,154,169,4.10957
62,155,156,5.12295
62,155,170,5.01339
62,156,157,3.71289
62,156,171,3.82872
62,157,158,3.82872
62,157,172,3.76566
62,158,159,5.0107
62,158,173,5.07018
62,159,160,5.0675
62,159,174,4.95793
62,160,161,5.00444
62,160,175,5.01339
62,161,162,5.12027
62,161,176,4.10957
62,162,163,5.07644
62,162,177,3.88149
62,163,164,3.82246
62,163,178,5.12921
62,164,179,4.0
62,165,166,5.12921
62,165,180,3.76566
62,166,167,5.23878
62,166,181,5.00444
62,167,168,3.71289
62,167,182,5.01339
62,168,169,4.96061
62,168,183,5.23878
62,169,170,5.23878
62,169,184,3.99374
62,170,171,3.94097
62,170,185,3.94097
62,171,172,3.8314
62,171,186,3.99106
62,172,173,3.76566
62,172,187,5.12921
62,173,174,5.0107
62,173,188,5.12027
62,174,175,5.01339
62,174,189,4.95793
62,175,176,5.0675
62,175,190,3.82872
62,176,177,3.8314
62,176,191,4.0
62,177,178,5.0675
62,177,192,5.12921
62,178,179,3.94097
62,178,193,3.88417
62,179,194,4.0568
62,180,181,3.99374
62,180,195,5.00444
62,181,182,5.12921
62,181,196,4.0568
62,182,183,3.88149
62,182,197,5.07018
62,183,184,5.12295
62,183,198,3.99374
62,184,185,5.07018
62,184,199,3.87523
62,185,186,3.87523
62,185,200,3.87523
62,186,187,3.8314
62,186,201,4.0
62,187,188,3.94097
62,187,202,5.23878
62,188,189,3.88417
62,188,203,3.93828
62,189,190,5.12921
62,189,204,4.0
62,190,191,3.94723
62,190,205,3.93828
62,191,192,4.96061
62,191,206,3.71289
62,192,193,5.0107
62,192,207,5.07644
62,193,194,3.93828
62,193,208,5.0675
62,194,209,5.12295
62,195,196,3.82246
62,195,210,4.89487
62,196,197,3.82246
62,196,211,3.8314
62,197,198,4.95793
62,197,212,5.23878
62,198,199,5.0675
62,198,213,3.76566
62,199,200,3.8314
62,199,214,5.23878
62,200,201,3.93828
62,200,215,5.00444
62,201,202,3.99106
62,201,216,5.12921
62,202,203,5.07018
62,202,217,5.12295
62,203,204,3.99374
62,203,218,4.95167
62,204,205,3.99106
62,204,219,5.23878
62,205,206,5.23878
62,205,220,4.95793
62,206,207,5.12921
62,206,221,4.8421
62,207,208,3.76566
62,207,222,4.8421
62,208,209,5.0675
62,208,223,5.12921
62,209,224,3.71289
62,210,211,3.82246
62,211,212,3.87523
62,212,213,3.82246
62,213,214,4.95167
62,214,215,4.89487
62,215,216,4.8421
62,216,217,3.94723
62,217,218,3.8314
62,218,219,3.88417
62,219,220,3.94723
62,220,221,3.82872
62,221,222,3.87523
62,222,223,5.07018
62,223,224,5.12921
63,0,1,3.6221
63,0,15,3.95215
63,1,2,3.17444
63,1,16,3.6221
63,2,3,4.0
63,2,17,4.05054
63,3,4,3.92174
63,3,18,3.12659
63,4,5,3.92174
63,4,19,4.0
63,5,6,3.49331
63,5,20,3.82335
63,6,7,3.93292
63,6,21,4.38058
63,7,8,3.80412
63,7,22,3.80412
63,8,9,4.38058
63,8,23,4.05054
63,9,10,4.42843
63,9,24,3.04565
63,10,11,3.49331
63,10,25,3.95215
63,11,12,4.62968
63,11,26,4.33004
63,12,13,3.37569
63,12,27,3.09618
63,13,14,4.0
63,13,28,2.99779
63,14,29,3.6221
63,15,16,3.17444
63,15,30,3.8712
63,16,17,3.92174
63,16,31,3.8712
63,17,18,3.37569
63,17,32,4.38058
63,18,19,3.04565
63,18,33,3.6221
63,19,20,2.99779
63,19,34,4.29963
63,20,21,3.95215
63,20,35,3.55502
63,21,22,3.82335
63,21,36,3.04565
63,22,23,4.05054
63,22,37,3.12659
63,23,24,3.04565
63,23,38,4.38058
63,24,25,3.92174
63,24,39,4.42843
63,25,26,2.66775
63,25,40,4.75847
63,26,27,3.12659
63,26,41,4.38058
63,27,28,4.25178
63,27,42,3.92174
63,28,29,4.62968
63,28,43,4.25178
63,29,44,4.25178
63,30,31,3.95215
63,30,45,3.8712
63,31,32,3.12659
63,31,46,4.62968
63,32,33,4.75847
63,32,47,3.8712
63,33,34,3.22498
63,33,48,3.92174
63,34,35,3.92174
63,34,49,3.60287
63,35,36,4.33004
63,35,50,4.75847
63,36,37,3.47408
63,36,51,3.8712
63,37,38,3.80412
63,37,52,3.82335
63,38,39,3.37569
63,38,53,3.12659
63,39,40,4.38058
63,39,54,3.60287
63,40,41,4.62968
63,40,55,2.99779
63,41,42,2.79655
63,41,56,3.09618
63,42,43,2.99779
63,42,57,3.47408
63,43,44,4.33004
63,43,58,3.12659
63,44,59,3.22498
63,45,46,3.22498
63,45,60,4.20125
63,46,47,4.29963
63,46,61,4.20125
63,47,48,3.37569
63,47,62,3.22498
63,48,49,4.62968
63,48,63,4.42843
63,49,50,3.95215
63,49,64,3.60287
63,50,51,2.66775
63,50,65,4.25178
63,51,52,3.17444
63,51,66,3.60287
63,52,53,3.55502
63,52,67,3.17444
63,53,54,3.17444
63,53,68,3.42622
63,54,55,3.60287
63,54,69,4.62968
63,55,56,3.92174
63,55,70,3.49331
63,56,57,2.99779
63,56,71,3.17444
63,57,58,4.33004
63,57,72,4.42843
63,58,59,3.09618
63,58,73,3.22498
63,59,74,3.93292
63,60,61,3.50449
63,60,75,4.33004
63,61,62,3.93292
63,61,76,3.09618
63,62,63,4.62968
63,62,77,4.33004
63,63,64,4.29963
63,63,78,3.42622
63,64,65,3.17444
63,64,79,3.49331
63,65,66,4.38058
63,65,80,3.80412
63,66,67,2.66775
63,66,81,3.92174
63,67,68,3.09618
63,67,82,3.82335
63,68,69,3.22498
63,68,83,4.29963
63,69,70,4.33004
63,69,84,3.92174
63,70,71,3.6221
63,70,85,3.04565
63,71,72,2.66775
63,71,86,3.22498
63,72,73,3.12659
63,72,87,4.20125
63,73,74,4.20125
63,73,88,4.20125
63,74,89,4.42843
63,75,76,4.25178
63,75,90,3.09618
63,76,77,3.60287
63,76,91,3.17444
63,77,78,4.05054
63,77,92,3.22498
63,78,79,3.93292
63,78,93,3.92174
63,79,80,3.09618
63,79,94,3.60287
63,80,81,3.17444
63,80,95,4.05054
63,81,82,4.0
63,81,96,3.09618
63,82,83,3.04565
63,82,97,4.33004
63,83,84,4.29963
63,83,98,3.42622
63,84,85,4.0
63,84,99,3.12659
63,85,86,3.55502
63,85,100,3.82335
63,86,87,2.79655
63,86,101,3.50449
63,87,88,2.66775
63,87,102,3.82335
63,88,89,3.80412
63,88,103,3.82335
63,89,104,4.20125
63,90,91,3.47408
63,90,105,3.04565
63,91,92,4.05054
63,91,106,4.75847
63,92,93,3.22498
63,92,107,3.17444
63,93,94,3.22498
63,93,108,3.47408
63,94,95,4.42843
63,94,109,4.05054
63,95,96,4.29963
63,95,110,3.60287
63,96,97,4.05054
63,96,111,4.75847
63,97,98,3.95215
63,97,112,3.50449
63,98,99,4.20125
63,98,113,3.22498
63,99,100,4.20125
63,99,114,3.82335
63,100,101,3.92174
63,100,115,4.75847
63,101,102,3.42622
63,101,116,3.93292
63,102,103,3.92174
63,102,117,3.22498
63,103,104,4.29963
63,103,118,4.25178
63,104,119,3.95215
63,105,106,3.47408
63,105,120,3.92174
63,106,107,3.09618
63,106,121,3.47408
63,107,108,4.05054
63,107,122,4.42843
63,108,109,3.60287
63,108,123,3.60287
63,109,110,3.92174
63,109,124,4.0
63,110,111,3.42622
63,110,125,4.29963
63,111,112,3.09618
63,111,126,2.99779
63,112,113,3.50449
63,112,127,4.42843
63,113,114,3.12659
63,113,128,3.42622
63,114,115,4.75847
63,114,129,3.93292
63,115,116,4.20125
63,115,130,3.8712
63,116,117,3.49331
63,116,131,3.92174
63,117,118,4.0
63,117,132,3.60287
63,118,119,4.42843
63,118,133,3.8712
63,119,134,4.62968
63,120,121,3.95215
63,120,135,4.38058
63,121,122,3.6221
63,121,136,3.60287
63,122,123,4.25178
63,122,137,3.04565
63,123,124,3.55502
63,123,138,3.37569
63,124,125,2.79655
63,124,139,2.66775
63,125,126,3.8712
63,125,140,3.93292
63,126,127,4.33004
63,126,141,4.05054
63,127,128,4.29963
63,127,142,3.8712
63,128,129,3.04565
63,128,143,3.37569
63,129,130,3.49331
63,129,144,2.79655
63,130,131,4.33004
63,130,145,3.47408
63,131,132,3.55502
63,131,146,3.09618
63,132,133,4.75847
63,132,147,4.33004
63,133,134,3.8712
63,133,148,3.22498
63,134,149,3.47408
63,135,136,3.12659
63,135,150,4.42843
63,136,137,4.38058
63,136,151,3.55502
63,137,138,3.50449
63,137,152,3.17444
63,138,139,3.50449
63,138,153,3.6221
63,139,140,3.50449
63,139,154,3.22498
63,140,141,2.66775
63,140,155,3.80412
63,141,142,3.17444
63,141,156,3.82335
63,142,143,2.66775
63,142,157,4.33004
63,143,144,2.66775
63,143,158,3.22498
63,144,145,4.75847
63,144,159,3.04565
63,145,146,2.79655
63,145,160,3.12659
63,146,147,4.0
63,146,161,3.95215
63,147,148,4.29963
63,147,162,3.09618
63,148,149,4.33004
63,148,163,3.37569
63,149,164,3.93292
63,150,151,4.42843
63,150,165,3.6221
63,151,152,3.22498
63,151,166,3.12659
63,152,153,4.20125
63,152,167,4.62968
63,153,154,3.49331
63,153,168,3.80412
63,154,155,3.17444
63,154,169,3.17444
63,155,156,3.12659
63,155,170,3.95215
63,156,157,4.62968
63,156,171,4.29963
63,157,158,4.29963
63,157,172,4.75847
63,158,159,4.05054
63,158,173,2.99779
63,159,160,3.09618
63,159,174,3.92174
63,160,161,3.55502
63,160,175,3.95215
63,161,162,3.22498
63,161,176,3.17444
63,162,163,3.49331
63,162,177,4.42843
63,163,164,3.80412
63,163,178,3.6221
63,164,179,4.0
63,165,166,3.6221
63,165,180,4.75847
63,166,167,2.79655
63,166,181,3.55502
63,167,168,4.62968
63,167,182,3.95215
63,168,169,3.82335
63,168,183,2.79655
63,169,170,2.79655
63,169,184,3.50449
63,170,171,3.37569
63,170,185,3.37569
63,171,172,4.20125
63,171,186,3.60287
63,172,173,4.75847
63,172,187,3.6221
63,173,174,4.05054
63,173,188,3.22498
63,174,175,3.95215
63,174,189,3.92174
63,175,176,3.09618
63,175,190,4.29963
63,176,177,4.20125
63,176,191,4.0
63,177,178,3.09618
63,177,192,3.6221
63,178,179,3.37569
63,178,193,4.33004
63,179,194,3.04565
63,180,181,3.50449
63,180,195,3.55502
63,181,182,3.6221
63,181,196,3.04565
63,182,183,4.42843
63,182,197,2.99779
63,183,184,3.12659
63,183,198,3.50449
63,184,185,2.99779
63,184,199,3.93292
63,185,186,3.93292
63,185,200,3.93292
63,186,187,4.20125
63,186,201,4.0
63,187,188,3.37569
63,187,202,2.79655
63,188,189,4.33004
63,188,203,3.47408
63,189,190,3.6221
63,189,204,4.0
63,190,191,3.8712
63,190,205,3.47408
63,191,192,3.82335
63,191,206,4.62968
63,192,193,4.05054
63,192,207,3.49331
63,193,194,3.47408
63,193,208,3.09618
63,194,209,3.12659
63,195,196,3.80412
63,195,210,4.38058
63,196,197,3.80412
63,196,211,4.20125
63,197,198,3.92174
63,197,212,2.79655
63,198,199,3.09618
63,198,213,4.75847
63,199,200,4.20125
63,199,214,2.79655
63,200,201,3.47408
63,200,215,3.55502
63,201,202,3.60287
63,201,216,3.6221
63,202,203,2.99779
63,202,217,3.12659
63,203,204,3.50449
63,203,218,3.42622
63,204,205,3.60287
63,204,219,2.79655
63,205,206,2.79655
63,205,220,3.92174
63,206,207,3.6221
63,206,221,4.25178
63,207,208,4.75847
63,207,222,4.25178
63,208,209,3.09618
63,208,223,3.6221
63,209,224,4.62968
63,210,211,3.80412
63,211,212,3.93292
63,212,213,3.80412
63,213,214,3.42622
63,214,215,4.38058
63,215,216,4.25178
63,216,217,3.8712
63,217,218,4.20125
63,218,219,4.33004
63,219,220,3.8712
63,220,221,4.29963
63,221,222,3.93292
63,222,223,2.99779
63,223,224,3.6221
64,0,1,4.34614
64,0,15,3.9043
64,1,2,4.15518
64,1,16,4.34614
64,2,3,4.0
64,2,17,4.22182
64,3,4,3.38285
64,3,18,4.05948
64,4,5,3.38285
64,4,19,4.0
64,5,6,3.50717
64,5,20,3.06532
64,6,7,3.58901
64,6,21,3.77997
64,7,8,2.75004
64,7,22,2.75004
64,8,9,3.77997
64,8,23,4.22182
64,9,10,3.87567
64,9,24,3.31621
64,10,11,3.50717
64,10,25,3.9043
64,11,12,2.59485
64,11,26,3.55815
64,12,13,2.87436
64,12,27,3.53803
64,13,14,4.0
64,13,28,3.22051
64,14,29,4.34614
64,15,16,4.15518
64,15,30,3.16103
64,16,17,3.38285
64,16,31,3.16103
64,17,18,2.87436
64,17,32,3.77997
64,18,19,3.31621
64,18,33,4.34614
64,19,20,3.22051
64,19,34,3.0367
64,20,21,3.9043
64,20,35,3.93515
64,21,22,3.06532
64,21,36,3.31621
64,22,23,4.22182
64,22,37,4.05948
64,23,24,3.31621
64,23,38,3.77997
64,24,25,3.38285
64,24,39,3.87567
64,25,26,3.66235
64,25,40,3.43383
64,26,27,4.05948
64,26,41,3.77997
64,27,28,2.941
64,27,42,3.38285
64,28,29,2.59485
64,28,43,2.941
64,29,44,2.941
64,30,31,3.9043
64,30,45,3.16103
64,31,32,4.05948
64,31,46,2.59485
64,32,33,3.43383
64,32,47,3.16103
64,33,34,4.377
64,33,48,3.38285
64,34,35,3.38285
64,34,49,4.03086
64,35,36,3.55815
64,35,50,3.43383
64,36,37,3.19189
64,36,51,3.16103
64,37,38,2.75004
64,37,52,3.06532
64,38,39,2.87436
64,38,53,4.05948
64,39,40,3.77997
64,39,54,4.03086
64,40,41,2.59485
64,40,55,3.22051
64,41,42,4.50133
64,41,56,3.53803
64,42,43,3.22051
64,42,57,3.19189
64,43,44,3.55815
64,43,58,4.05948
64,44,59,4.377
64,45,46,4.377
64,45,60,2.71918
64,46,47,3.0367
64,46,61,2.71918
64,47,48,2.87436
64,47,62,4.377
64,48,49,2.59485
64,48,63,3.87567
64,49,50,3.9043
64,49,64,4.03086
64,50,51,3.66235
64,50,65,2.941
64,51,52,4.15518
64,51,66,4.03086
64,52,53,3.93515
64,52,67,4.15518
64,53,54,4.15518
64,53,68,3.09618
64,54,55,4.03086
64,54,69,2.59485
64,55,56,3.38285
64,55,70,3.50717
64,56,57,3.22051
64,56,71,4.15518
64,57,58,3.55815
64,57,72,3.87567
64,58,59,3.53803
64,58,73,4.377
64,59,74,3.58901
64,60,61,3.71334
64,60,75,3.55815
64,61,62,3.58901
64,61,76,3.53803
64,62,63,2.59485
64,62,77,3.55815
64,63,64,3.0367
64,63,78,3.09618
64,64,65,4.15518
64,64,79,3.50717
64,65,66,3.77997
64,65,80,2.75004
64,66,67,3.66235
64,66,81,3.38285
64,67,68,3.53803
64,67,82,3.06532
64,68,69,4.377
64,68,83,3.0367
64,69,70,3.55815
64,69,84,3.38285
64,70,71,4.34614
64,70,85,3.31621
64,71,72,3.66235
64,71,86,4.377
64,72,73,4.05948
64,72,87,2.71918
64,73,74,2.71918
64,73,88,2.71918
64,74,89,3.87567
64,75,76,2.941
64,75,90,3.53803
64,76,77,4.03086
64,76,91,4.15518
64,77,78,4.22182
64,77,92,4.377
64,78,79,3.58901
64,78,93,3.38285
64,79,80,3.53803
64,79,94,4.03086
64,80,81,4.15518
64,80,95,4.22182
64,81,82,4.0
64,81,96,3.53803
64,82,83,3.31621
64,82,97,3.55815
64,83,84,3.0367
64,83,98,3.09618
64,84,85,4.0
64,84,99,4.05948
64,85,86,3.93515
64,85,100,3.06532
64,86,87,4.50133
64,86,101,3.71334
64,87,88,3.66235
64,87,102,3.06532
64,88,89,2.75004
64,88,103,3.06532
64,89,104,2.71918
64,90,91,3.19189
64,90,105,3.31621
64,91,92,4.22182
64,91,106,3.43383
64,92,93,4.377
64,92,107,4.15518
64,93,94,4.377
64,93,108,3.19189
64,94,95,3.87567
64,94,109,4.22182
64,95,96,3.0367
64,95,110,4.03086
64,96,97,4.22182
64,96,111,3.43383
64,97,98,3.9043
64,97,112,3.71334
64,98,99,2.71918
64,98,113,4.377
64,99,100,2.71918
64,99,114,3.06532
64,100,101,3.38285
64,100,115,3.43383
64,101,102,3.09618
64,101,116,3.58901
64,102,103,3.38285
64,102,117,4.377
64,103,104,3.0367
64,103,118,2.941
64,104,119,3.9043
64,105,106,3.19189
64,105,120,3.38285
64,106,107,3.53803
64,106,121,3.19189
64,107,108,4.22182
64,107,122,3.87567
64,108,109,4.03086
64,108,123,4.03086
64,109,110,3.38285
64,109,124,4.0
64,110,111,3.09618
64,110,125,3.0367
64,111,112,3.53803
64,111,126,3.22051
64,112,113,3.71334
64,112,127,3.87567
64,113,114,4.05948
64,113,128,3.09618
64,114,115,3.43383
64,114,129,3.58901
64,115,116,2.71918
64,115,130,3.16103
64,116,117,3.50717
64,116,131,3.38285
64,117,118,4.0
64,117,132,4.03086
64,118,119,3.87567
64,118,133,3.16103
64,119,134,2.59485
64,120,121,3.9043
64,120,135,3.77997
64,121,122,4.34614
64,121,136,4.03086
64,122,123,2.941
64,122,137,3.31621
64,123,124,3.93515
64,123,138,2.87436
64,124,125,4.50133
64,124,139,3.66235
64,125,126,3.16103
64,125,140,3.58901
64,126,127,3.55815
64,126,141,4.22182
64,127,128,3.0367
64,127,142,3.16103
64,128,129,3.31621
64,128,143,2.87436
64,129,130,3.50717
64,129,144,4.50133
64,130,131,3.55815
64,130,145,3.19189
64,131,132,3.93515
64,131,146,3.53803
64,132,133,3.43383
64,132,147,3.55815
64,133,134,3.16103
64,133,148,4.377
64,134,149,3.19189
64,135,136,4.05948
64,135,150,3.87567
64,136,137,3.77997
64,136,151,3.93515
64,137,138,3.71334
64,137,152,4.15518
64,138,139,3.71334
64,138,153,4.34614
64,139,140,3.71334
64,139,154,4.377
64,140,141,3.66235
64,140,155,2.75004
64,141,142,4.15518
64,141,156,3.06532
64,142,143,3.66235
64,142,157,3.55815
64,143,144,3.66235
64,143,158,4.377
64,144,145,3.43383
64,144,159,3.31621
64,145,146,4.50133
64,145,160,4.05948
64,146,147,4.0
64,146,161,3.9043
64,147,148,3.0367
64,147,162,3.53803
64,148,149,3.55815
64,148,163,2.87436
64,149,164,3.58901
64,150,151,3.87567
64,150,165,4.34614
64,151,152,4.377
64,151,166,4.05948
64,152,153,2.71918
64,152,167,2.59485
64,153,154,3.50717
64,153,168,2.75004
64,154,155,4.15518
64,154,169,4.15518
64,155,156,4.05948
64,155,170,3.9043
64,156,157,2.59485
64,156,171,3.0367
64,157,158,3.0367
64,157,172,3.43383
64,158,159,4.22182
64,158,173,3.22051
64,159,160,3.53803
64,159,174,3.38285
64,160,161,3.93515
64,160,175,3.9043
64,161,162,4.377
64,161,176,4.15518
64,162,163,3.50717
64,162,177,3.87567
64,163,164,2.75004
64,163,178,4.34614
64,164,179,4.0
64,165,166,4.34614
64,165,180,3.43383
64,166,167,4.50133
64,166,181,3.93515
64,167,168,2.59485
64,167,182,3.9043
64,168,169,3.06532
64,168,183,4.50133
64,169,170,4.50133
64,169,184,3.71334
64,170,171,2.87436
64,170,185,2.87436
64,171,172,2.71918
64,171,186,4.03086
64,172,173,3.43383
64,172,187,4.34614
64,173,174,4.22182
64,173,188,4.377
64,174,175,3.9043
64,174,189,3.38285
64,175,176,3.53803
64,175,190,3.0367
64,176,177,2.71918
64,176,191,4.0
64,177,178,3.53803
64,177,192,4.34614
64,178,179,2.87436
64,178,193,3.55815
64,179,194,3.31621
64,180,181,3.71334
64,180,195,3.93515
64,181,182,4.34614
64,181,196,3.31621
64,182,183,3.87567
64,182,197,3.22051
64,183,184,4.05948
64,183,198,3.71334
64,184,185,3.22051
64,184,199,3.58901
64,185,186,3.58901
64,185,200,3.58901
64,186,187,2.71918
64,186,201,4.0
64,187,188,2.87436
64,187,202,4.50133
64,188,189,3.55815
64,188,203,3.19189
64,189,190,4.34614
64,189,204,4.0
64,190,191,3.16103
64,190,205,3.19189
64,191,192,3.06532
64,191,206,2.59485
64,192,193,4.22182
64,192,207,3.50717
64,193,194,3.19189
64,193,208,3.53803
64,194,209,4.05948
64,195,196,2.75004
64,195,210,3.77997
64,196,197,2.75004
64,196,211,2.71918
64,197,198,3.38285
64,197,212,4.50133
64,198,199,3.53803
64,198,213,3.43383
64,199,200,2.71918
64,199,214,4.50133
64,200,201,3.19189
64,200,215,3.93515
64,201,202,4.03086
64,201,216,4.34614
64,202,203,3.22051
64,202,217,4.05948
64,203,204,3.71334
64,203,218,3.09618
64,204,205,4.03086
64,204,219,4.50133
64,205,206,4.50133
64,205,220,3.38285
64,206,207,4.34614
64,206,221,2.941
64,207,208,3.43383
64,207,222,2.941
64,208,209,3.53803
64,208,223,4.34614
64,209,224,2.59485
64,210,211,2.75004
64,211,212,3.58901
64,212,213,2.75004
64,213,214,3.09618
64,214,215,3.77997
64,215,216,2.941
64,216,217,3.16103
64,217,218,2.71918
64,218,219,3.55815
64,219,220,3.16103
64,220,221,3.0367
64,221,222,3.58901
64,222,223,3.22051
64,223,224,4.34614
65,0,1,4.45347
65,0,15,4.69229
65,1,2,3.89804
65,1,16,4.45347
65,2,3,4.0
65,2,17,3.26523
65,3,4,2.6758
65,3,18,4.59032
65,4,5,2.6758
65,4,19,4.0
65,5,6,3.86405
65,5,20,4.10286
65,6,7,2.9486
65,6,21,3.50404
65,7,8,2.35917
65,7,22,2.35917
65,8,9,3.50404
65,8,23,3.26523
65,9,10,2.81175
65,9,24,3.30861
65,10,11,3.86405
65,10,25,4.69229
65,11,12,2.46114
65,11,26,4.23881
65,12,13,3.54742
65,12,27,2.57384
65,13,14,4.0
65,13,28,4.00089
65,14,29,4.45347
65,15,16,3.89804
65,15,30,3.41057
65,16,17,2.6758
65,16,31,3.41057
65,17,18,3.54742
65,17,32,3.50404
65,18,19,3.30861
65,18,33,4.45347
65,19,20,4.00089
65,19,34,2.22233
65,20,21,4.69229
65,20,35,3.40208
65,21,22,4.10286
65,21,36,3.30861
65,22,23,3.26523
65,22,37,4.59032
65,23,24,3.30861
65,23,38,3.50404
65,24,25,2.6758
65,24,39,2.81175
65,25,26,3.76208
65,25,40,3.05057
65,26,27,4.59032
65,26,41,3.50404
65,27,28,2.91461
65,27,42,2.6758
65,28,29,2.46114
65,28,43,2.91461
65,29,44,2.91461
65,30,31,4.69229
65,30,45,3.41057
65,31,32,4.59032
65,31,46,2.46114
65,32,33,3.05057
65,32,47,3.41057
65,33,34,3.16326
65,33,48,2.6758
65,34,35,2.6758
65,34,49,2.70979
65,35,36,4.23881
65,35,50,3.05057
65,36,37,2.12036
65,36,51,3.41057
65,37,38,2.35917
65,37,52,4.10286
65,38,39,3.54742
65,38,53,4.59032
65,39,40,3.50404
65,39,54,2.70979
65,40,41,2.46114
65,40,55,4.00089
65,41,42,4.35151
65,41,56,2.57384
65,42,43,4.00089
65,42,57,2.12036
65,43,44,4.23881
65,43,58,4.59032
65,44,59,3.16326
65,45,46,3.16326
65,45,60,3.64938
65,46,47,2.22233
65,46,61,3.64938
65,47,48,3.54742
65,47,62,3.16326
65,48,49,2.46114
65,48,63,2.81175
65,49,50,4.69229
65,49,64,2.70979
65,50,51,3.76208
65,50,65,2.91461
65,51,52,3.89804
65,51,66,2.70979
65,52,53,3.40208
65,52,67,3.89804
65,53,54,3.89804
65,53,68,2.81265
65,54,55,2.70979
65,54,69,2.46114
65,55,56,2.6758
65,55,70,3.86405
65,56,57,4.00089
65,56,71,3.89804
65,57,58,4.23881
65,57,72,2.81175
65,58,59,2.57384
65,58,73,3.16326
65,59,74,2.9486
65,60,61,4.13685
65,60,75,4.23881
65,61,62,2.9486
65,61,76,2.57384
65,62,63,2.46114
65,62,77,4.23881
65,63,64,2.22233
65,63,78,2.81265
65,64,65,3.89804
65,64,79,3.86405
65,65,66,3.50404
65,65,80,2.35917
65,66,67,3.76208
65,66,81,2.6758
65,67,68,2.57384
65,67,82,4.10286
65,68,69,3.16326
65,68,83,2.22233
65,69,70,4.23881
65,69,84,2.6758
65,70,71,4.45347
65,70,85,3.30861
65,71,72,3.76208
65,71,86,3.16326
65,72,73,4.59032
65,72,87,3.64938
65,73,74,3.64938
65,73,88,3.64938
65,74,89,2.81175
65,75,76,2.91461
65,75,90,2.57384
65,76,77,2.70979
65,76,91,3.89804
65,77,78,3.26523
65,77,92,3.16326
65,78,79,2.9486
65,78,93,2.6758
65,79,80,2.57384
65,79,94,2.70979
65,80,81,3.89804
65,80,95,3.26523
65,81,82,4.0
65,81,96,2.57384
65,82,83,3.30861
65,82,97,4.23881
65,83,84,2.22233
65,83,98,2.81265
65,84,85,4.0
65,84,99,4.59032
65,85,86,3.40208
65,85,100,4.10286
65,86,87,4.35151
65,86,101,4.13685
65,87,88,3.76208
65,87,102,4.10286
65,88,89,2.35917
65,88,103,4.10286
65,89,104,3.64938
65,90,91,2.12036
65,90,105,3.30861
65,91,92,3.26523
65,91,106,3.05057
65,92,93,3.16326
65,92,107,3.89804
65,93,94,3.16326
65,93,108,2.12036
65,94,95,2.81175
65,94,109,3.26523
65,95,96,2.22233
65,95,110,2.70979
65,96,97,3.26523
65,96,111,3.05057
65,97,98,4.69229
65,97,112,4.13685
65,98,99,3.64938
65,98,113,3.16326
65,99,100,3.64938
65,99,114,4.10286
65,100,101,2.6758
65,100,115,3.05057
65,101,102,2.81265
65,101,116,2.9486
65,102,103,2.6758
65,102,117,3.16326
65,103,104,2.22233
65,103,118,2.91461
65,104,119,4.69229
65,105,106,2.12036
65,105,120,2.6758
65,106,107,2.57384
65,106,121,2.12036
65,107,108,3.26523
65,107,122,2.81175
65,108,109,2.70979
65,108,123,2.70979
65,109,110,2.6758
65,109,124,4.0
65,110,111,2.81265
65,110,125,2.22233
65,111,112,2.57384
65,111,126,4.00089
65,112,113,4.13685
65,112,127,2.81175
65,113,114,4.59032
65,113,128,2.81265
65,114,115,3.05057
65,114,129,2.9486
65,115,116,3.64938
65,115,130,3.41057
65,116,117,3.86405
65,116,131,2.6758
65,117,118,4.0
65,117,132,2.70979
65,118,119,2.81175
65,118,133,3.41057
65,119,134,2.46114
65,120,121,4.69229
65,120,135,3.50404
65,121,122,4.45347
65,121,136,2.70979
65,122,123,2.91461
65,122,137,3.30861
65,123,124,3.40208
65,123,138,3.54742
65,124,125,4.35151
65,124,139,3.76208
65,125,126,3.41057
65,125,140,2.9486
65,126,127,4.23881
65,126,141,3.26523
65,127,128,2.22233
65,127,142,3.41057
65,128,129,3.30861
65,128,143,3.54742
65,129,130,3.86405
65,129,144,4.35151
65,130,131,4.23881
65,130,145,2.12036
65,131,132,3.40208
65,131,146,2.57384
65,132,133,3.05057
65,132,147,4.23881
65,133,134,3.41057
65,133,148,3.16326
65,134,149,2.12036
65,135,136,4.59032
65,135,150,2.81175
65,136,137,3.50404
65,136,151,3.40208
65,137,138,4.13685
65,137,152,3.89804
65,138,139,4.13685
65,138,153,4.45347
65,139,140,4.13685
65,139,154,3.16326
65,140,141,3.76208
65,140,155,2.35917
65,141,142,3.89804
65,141,156,4.10286
65,142,143,3.76208
65,142,157,4.23881
65,143,144,3.76208
65,143,158,3.16326
65,144,145,3.05057
65,144,159,3.30861
65,145,146,4.35151
65,145,160,4.59032
65,146,147,4.0
65,146,161,4.69229
65,147,148,2.22233
65,147,162,2.57384
65,148,149,4.23881
65,148,163,3.54742
65,149,164,2.9486
65,150,151,2.81175
65,150,165,4.45347
65,151,152,3.16326
65,151,166,4.59032
65,152,153,3.64938
65,152,167,2.46114
65,153,154,3.86405
65,153,168,2.35917
65,154,155,3.89804
65,154,169,3.89804
65,155,156,4.59032
65,155,170,4.69229
65,156,157,2.46114
65,156,171,2.22233
65,157,158,2.22233
65,157,172,3.05057
65,158,159,3.26523
65,158,173,4.00089
65,159,160,2.57384
65,159,174,2.6758
65,160,161,3.40208
65,160,175,4.69229
65,161,162,3.16326
65,161,176,3.89804
65,162,163,3.86405
65,162,177,2.81175
65,163,164,2.35917
65,163,178,4.45347
65,164,179,4.0
65,165,166,4.45347
65,165,180,3.05057
65,166,167,4.35151
65,166,181,3.40208
65,167,168,2.46114
65,167,182,4.69229
65,168,169,4.10286
65,168,183,4.35151
65,169,170,4.35151
65,169,184,4.13685
65,170,171,3.54742
65,170,185,3.54742
65,171,172,3.64938
65,171,186,2.70979
65,172,173,3.05057
65,172,187,4.45347
65,173,174,3.26523
65,173,188,3.16326
65,174,175,4.69229
65,174,189,2.6758
65,175,176,2.57384
65,175,190,2.22233
65,176,177,3.64938
65,176,191,4.0
65,177,178,2.57384
65,177,192,4.45347
65,178,179,3.54742
65,178,193,4.23881
65,179,194,3.30861
65,180,181,4.13685
65,180,195,3.40208
65,181,182,4.45347
65,181,196,3.30861
65,182,183,2.81175
65,182,197,4.00089
65,183,184,4.59032
65,183,198,4.13685
65,184,185,4.00089
65,184,199,2.9486
65,185,186,2.9486
65,185,200,2.9486
65,186,187,3.64938
65,186,201,4.0
65,187,188,3.54742
65,187,202,4.35151
65,188,189,4.23881
65,188,203,2.12036
65,189,190,4.45347
65,189,204,4.0
65,190,191,3.41057
65,190,205,2.12036
65,191,192,4.10286
65,191,206,2.46114
65,192,193,3.26523
65,192,207,3.86405
65,193,194,2.12036
65,193,208,2.57384
65,194,209,4.59032
65,195,196,2.35917
65,195,210,3.50404
65,196,197,2.35917
65,196,211,3.64938
65,197,198,2.6758
65,197,212,4.35151
65,198,199,2.57384
65,198,213,3.05057
65,199,200,3.64938
65,199,214,4.35151
65,200,201,2.12036
65,200,215,3.40208
65,201,202,2.70979
65,201,216,4.45347
65,202,203,4.00089
65,202,217,4.59032
65,203,204,4.13685
65,203,218,2.81265
65,204,205,2.70979
65,204,219,4.35151
65,205,206,4.35151
65,205,220,2.6758
65,206,207,4.45347
65,206,221,2.91461
65,207,208,3.05057
65,207,222,2.91461
65,208,209,2.57384
65,208,223,4.45347
65,209,224,2.46114
65,210,211,2.35917
65,211,212,2.9486
65,212,213,2.35917
65,213,214,2.81265
65,214,215,3.50404
65,215,216,2.91461
65,216,217,3.41057
65,217,218,3.64938
65,218,219,4.23881
65,219,220,3.41057
65,220,221,2.22233
65,221,222,2.9486
65,222,223,4.00089
65,223,224,4.45347
66,0,1,3.51433
66,0,15,3.32471
66,1,2,3.84079
66,1,16,3.51433
66,2,3,4.0
66,2,17,4.18738
66,3,4,4.31216
66,3,18,3.1655
66,4,5,4.31216
66,4,19,4.0
66,5,6,3.6391
66,5,20,3.44948
66,6,7,4.32423
66,6,21,3.99776
66,7,8,4.449
66,7,22,4.449
66,8,9,3.99776
66,8,23,4.18738
66,9,10,4.67306
66,9,24,3.96556
66,10,11,3.6391
66,10,25,3.32471
66,11,12,4.60821
66,11,26,3.81038
66,12,13,3.77595
66,12,27,4.15295
66,13,14,4.0
66,13,28,3.29027
66,14,29,3.51433
66,15,16,3.84079
66,15,30,4.12477
66,16,17,4.31216
66,16,31,4.12477
66,17,18,3.77595
66,17,32,3.99776
66,18,19,3.96556
66,18,33,3.51433
66,19,20,3.29027
66,19,34,4.79783
66,20,21,3.32471
66,20,35,3.83856
66,21,22,3.44948
66,21,36,3.96556
66,22,23,4.18738
66,22,37,3.1655
66,23,24,3.96556
66,23,38,3.99776
66,24,25,4.31216
66,24,39,4.67306
66,25,26,3.47989
66,25,40,4.48344
66,26,27,3.1655
66,26,41,3.99776
66,27,28,4.12254
66,27,42,4.31216
66,28,29,4.60821
66,28,43,4.12254
66,29,44,4.12254
66,30,31,3.32471
66,30,45,4.12477
66,31,32,3.1655
66,31,46,4.60821
66,32,33,4.48344
66,32,47,4.12477
66,33,34,4.02817
66,33,48,4.31216
66,34,35,4.31216
66,34,49,4.51385
66,35,36,3.81038
66,35,50,4.48344
66,36,37,4.63862
66,36,51,4.12477
66,37,38,4.449
66,37,52,3.44948
66,38,39,3.77595
66,38,53,3.1655
66,39,40,3.99776
66,39,54,4.51385
66,40,41,4.60821
66,40,55,3.29027
66,41,42,3.35512
66,41,56,4.15295
66,42,43,3.29027
66,42,57,4.63862
66,43,44,3.81038
66,43,58,3.1655
66,44,59,4.02817
66,45,46,4.02817
66,45,60,3.93515
66,46,47,4.79783
66,46,61,3.93515
66,47,48,3.77595
66,47,62,4.02817
66,48,49,4.60821
66,48,63,4.67306
66,49,50,3.32471
66,49,64,4.51385
66,50,51,3.47989
66,50,65,4.12254
66,51,52,3.84079
66,51,66,4.51385
66,52,53,3.83856
66,52,67,3.84079
66,53,54,3.84079
66,53,68,3.96333
66,54,55,4.51385
66,54,69,4.60821
66,55,56,4.31216
66,55,70,3.6391
66,56,57,3.29027
66,56,71,3.84079
66,57,58,3.81038
66,57,72,4.67306
66,58,59,4.15295
66,58,73,4.02817
66,59,74,4.32423
66,60,61,3.65117
66,60,75,3.81038
66,61,62,4.32423
66,61,76,4.15295
66,62,63,4.60821
66,62,77,3.81038
66,63,64,4.79783
66,63,78,3.96333
66,64,65,3.84079
66,64,79,3.6391
66,65,66,3.99776
66,65,80,4.449
66,66,67,3.47989
66,66,81,4.31216
66,67,68,4.15295
66,67,82,3.44948
66,68,69,4.02817
66,68,83,4.79783
66,69,70,3.81038
66,69,84,4.31216
66,70,71,3.51433
66,70,85,3.96556
66,71,72,3.47989
66,71,86,4.02817
66,72,73,3.1655
66,72,87,3.93515
66,73,74,3.93515
66,73,88,3.93515
66,74,89,4.67306
66,75,76,4.12254
66,75,90,4.15295
66,76,77,4.51385
66,76,91,3.84079
66,77,78,4.18738
66,77,92,4.02817
66,78,79,4.32423
66,78,93,4.31216
66,79,80,4.15295
66,79,94,4.51385
66,80,81,3.84079
66,80,95,4.18738
66,81,82,4.0
66,81,96,4.15295
66,82,83,3.96556
66,82,97,3.81038
66,83,84,4.79783
66,83,98,3.96333
66,84,85,4.0
66,84,99,3.1655
66,85,86,3.83856
66,85,100,3.44948
66,86,87,3.35512
66,86,101,3.65117
66,87,88,3.47989
66,87,102,3.44948
66,88,89,4.449
66,88,103,3.44948
66,89,104,3.93515
66,90,91,4.63862
66,90,105,3.96556
66,91,92,4.18738
66,91,106,4.48344
66,92,93,4.02817
66,92,107,3.84079
66,93,94,4.02817
66,93,108,4.63862
66,94,95,4.67306
66,94,109,4.18738
66,95,96,4.79783
66,95,110,4.51385
66,96,97,4.18738
66,96,111,4.48344
66,97,98,3.32471
66,97,112,3.65117
66,98,99,3.93515
66,98,113,4.02817
66,99,100,3.93515
66,99,114,3.44948
66,100,101,4.31216
66,100,115,4.48344
66,101,102,3.96333
66,101,116,4.32423
66,102,103,4.31216
66,102,117,4.02817
66,103,104,4.79783
66,103,118,4.12254
66,104,119,3.32471
66,105,106,4.63862
66,105,120,4.31216
66,106,107,4.15295
66,106,121,4.63862
66,107,108,4.18738
66,107,122,4.67306
66,108,109,4.51385
66,108,123,4.51385
66,109,110,4.31216
66,109,124,4.0
66,110,111,3.96333
66,110,125,4.79783
66,111,112,4.15295
66,111,126,3.29027
66,112,113,3.65117
66,112,127,4.67306
66,113,114,3.1655
66,113,128,3.96333
66,114,115,4.48344
66,114,129,4.32423
66,115,116,3.93515
66,115,130,4.12477
66,116,117,3.6391
66,116,131,4.31216
66,117,118,4.0
66,117,132,4.51385
66,118,119,4.67306
66,118,133,4.12477
66,119,134,4.60821
66,120,121,3.32471
66,120,135,3.99776
66,121,122,3.51433
66,121,136,4.51385
66,122,123,4.12254
66,122,137,3.96556
66,123,124,3.83856
66,123,138,3.77595
66,124,125,3.35512
66,124,139,3.47989
66,125,126,4.12477
66,125,140,4.32423
66,126,127,3.81038
66,126,141,4.18738
66,127,128,4.79783
66,127,142,4.12477
66,128,129,3.96556
66,128,143,3.77595
66,129,130,3.6391
66,129,144,3.35512
66,130,131,3.81038
66,130,145,4.63862
66,131,132,3.83856
66,131,146,4.15295
66,132,133,4.48344
66,132,147,3.81038
66,133,134,4.12477
66,133,148,4.02817
66,134,149,4.63862
66,135,136,3.1655
66,135,150,4.67306
66,136,137,3.99776
66,136,151,3.83856
66,137,138,3.65117
66,137,152,3.84079
66,138,139,3.65117
66,138,153,3.51433
66,139,140,3.65117
66,139,154,4.02817
66,140,141,3.47989
66,140,155,4.449
66,141,142,3.84079
66,141,156,3.44948
66,142,143,3.47989
66,142,157,3.81038
66,143,144,3.47989
66,143,158,4.02817
66,144,145,4.48344
66,144,159,3.96556
66,145,146,3.35512
66,145,160,3.1655
66,146,147,4.0
66,146,161,3.32471
66,147,148,4.79783
66,147,162,4.15295
66,148,149,3.81038
66,148,163,3.77595
66,149,164,4.32423
66,150,151,4.67306
66,150,165,3.51433
66,151,152,4.02817
66,151,166,3.1655
66,152,153,3.93515
66,152,167,4.60821
66,153,154,3.6391
66,153,168,4.449
66,154,155,3.84079
66,154,169,3.84079
66,155,156,3.1655
66,155,170,3.32471
66,156,157,4.60821
66,156,171,4.79783
66,157,158,4.79783
66,157,172,4.48344
66,158,159,4.18738
66,158,173,3.29027
66,159,160,4.15295
66,159,174,4.31216
66,160,161,3.83856
66,160,175,3.32471
66,161,162,4.02817
66,161,176,3.84079
66,162,163,3.6391
66,162,177,4.67306
66,163,164,4.449
66,163,178,3.51433
66,164,179,4.0
66,165,166,3.51433
66,165,180,4.48344
66,166,167,3.35512
66,166,181,3.83856
66,167,168,4.60821
66,167,182,3.32471
66,168,169,3.44948
66,168,183,3.35512
66,169,170,3.35512
66,169,184,3.65117
66,170,171,3.77595
66,170,185,3.77595
66,171,172,3.93515
66,171,186,4.51385
66,172,173,4.48344
66,172,187,3.51433
66,173,174,4.18738
66,173,188,4.02817
66,174,175,3.32471
66,174,189,4.31216
66,175,176,4.15295
66,175,190,4.79783
66,176,177,3.93515
66,176,191,4.0
66,177,178,4.15295
66,177,192,3.51433
66,178,179,3.77595
66,178,193,3.81038
66,179,194,3.96556
66,180,181,3.65117
66,180,195,3.83856
66,181,182,3.51433
66,181,196,3.96556
66,182,183,4.67306
66,182,197,3.29027
66,183,184,3.1655
66,183,198,3.65117
66,184,185,3.29027
66,184,199,4.32423
66,185,186,4.32423
66,185,200,4.32423
66,186,187,3.93515
66,186,201,4.0
66,187,188,3.77595
66,187,202,3.35512
66,188,189,3.81038
66,188,203,4.63862
66,189,190,3.51433
66,189,204,4.0
66,190,191,4.12477
66,190,205,4.63862
66,191,192,3.44948
66,191,206,4.60821
66,192,193,4.18738
66,192,207,3.6391
66,193,194,4.63862
66,193,208,4.15295
66,194,209,3.1655
66,195,196,4.449
66,195,210,3.99776
66,196,197,4.449
66,196,211,3.93515
66,197,198,4.31216
66,197,212,3.35512
66,198,199,4.15295
66,198,213,4.48344
66,199,200,3.93515
66,199,214,3.35512
66,200,201,4.63862
66,200,215,3.83856
66,201,202,4.51385
66,201,216,3.51433
66,202,203,3.29027
66,202,217,3.1655
66,203,204,3.65117
66,203,218,3.96333
66,204,205,4.51385
66,204,219,3.35512
66,205,206,3.35512
66,205,220,4.31216
66,206,207,3.51433
66,206,221,4.12254
66,207,208,4.48344
66,207,222,4.12254
66,208,209,4.15295
66,208,223,3.51433
66,209,224,4.60821
66,210,211,4.449
66,211,212,4.32423
66,212,213,4.449
66,213,214,3.96333
66,214,215,3.99776
66,215,216,4.12254
66,216,217,4.12477
66,217,218,3.93515
66,218,219,3.81038
66,219,220,4.12477
66,220,221,4.79783
66,221,222,4.32423
66,222,223,3.29027
66,223,224,3.51433
67,0,1,4.07424
67,0,15,4.34257
67,1,2,4.79291
67,1,16,4.07424
67,2,3,4.0
67,2,17,3.39447
67,3,4,3.56128
67,3,18,5.13548
67,4,5,3.56128
67,4,19,4.0
67,5,6,4.24105
67,5,20,4.50938
67,6,7,4.38147
67,6,21,3.6628
67,7,8,4.54828
67,7,22,4.54828
67,8,9,3.6628
67,8,23,3.39447
67,9,10,3.32024
67,9,24,4.95972
67,10,11,4.24105
67,10,25,4.34257
67,11,12,3.75537
67,11,26,4.26833
67,12,13,5.22805
67,12,27,4.35419
67,13,14,4.0
67,13,28,5.30229
67,14,29,4.07424
67,15,16,4.79291
67,15,30,4.16681
67,16,17,3.56128
67,16,31,4.16681
67,17,18,5.22805
67,17,32,3.6628
67,18,19,4.95972
67,18,33,4.07424
67,19,20,5.30229
67,19,34,3.48705
67,20,21,4.34257
67,20,35,4.45571
67,21,22,4.50938
67,21,36,4.95972
67,22,23,3.39447
67,22,37,5.13548
67,23,24,4.95972
67,23,38,3.6628
67,24,25,3.56128
67,24,39,3.32024
67,25,26,5.03396
67,25,40,3.58856
67,26,27,5.13548
67,26,41,3.6628
67,27,28,3.82961
67,27,42,3.56128
67,28,29,3.75537
67,28,43,3.82961
67,29,44,3.82961
67,30,31,4.34257
67,30,45,4.16681
67,31,32,5.13548
67,31,46,3.75537
67,32,33,3.58856
67,32,47,4.16681
67,33,34,4.18738
67,33,48,3.56128
67,34,35,3.56128
67,34,49,4.11315
67,35,36,4.26833
67,35,50,3.58856
67,36,37,4.27996
67,36,51,4.16681
67,37,38,4.54828
67,37,52,4.50938
67,38,39,5.22805
67,38,53,5.13548
67,39,40,3.6628
67,39,54,4.11315
67,40,41,3.75537
67,40,55,5.30229
67,41,42,4.86715
67,41,56,4.35419
67,42,43,5.30229
67,42,57,4.27996
67,43,44,4.26833
67,43,58,5.13548
67,44,59,4.18738
67,45,46,4.18738
67,45,60,4.43514
67,46,47,3.48705
67,46,61,4.43514
67,47,48,5.22805
67,47,62,4.18738
67,48,49,3.75537
67,48,63,3.32024
67,49,50,4.34257
67,49,64,4.11315
67,50,51,5.03396
67,50,65,3.82961
67,51,52,4.79291
67,51,66,4.11315
67,52,53,4.45571
67,52,67,4.79291
67,53,54,4.79291
67,53,68,4.62252
67,54,55,4.11315
67,54,69,3.75537
67,55,56,3.56128
67,55,70,4.24105
67,56,57,5.30229
67,56,71,4.79291
67,57,58,4.26833
67,57,72,3.32024
67,58,59,4.35419
67,58,73,4.18738
67,59,74,4.38147
67,60,61,5.06124
67,60,75,4.26833
67,61,62,4.38147
67,61,76,4.35419
67,62,63,3.75537
67,62,77,4.26833
67,63,64,3.48705
67,63,78,4.62252
67,64,65,4.79291
67,64,79,4.24105
67,65,66,3.6628
67,65,80,4.54828
67,66,67,5.03396
67,66,81,3.56128
67,67,68,4.35419
67,67,82,4.50938
67,68,69,4.18738
67,68,83,3.48705
67,69,70,4.26833
67,69,84,3.56128
67,70,71,4.07424
67,70,85,4.95972
67,71,72,5.03396
67,71,86,4.18738
67,72,73,5.13548
67,72,87,4.43514
67,73,74,4.43514
67,73,88,4.43514
67,74,89,3.32024
67,75,76,3.82961
67,75,90,4.35419
67,76,77,4.11315
67,76,91,4.79291
67,77,78,3.39447
67,77,92,4.18738
67,78,79,4.38147
67,78,93,3.56128
67,79,80,4.35419
67,79,94,4.11315
67,80,81,4.79291
67,80,95,3.39447
67,81,82,4.0
67,81,96,4.35419
67,82,83,4.95972
67,82,97,4.26833
67,83,84,3.48705
67,83,98,4.62252
67,84,85,4.0
67,84,99,5.13548
67,85,86,4.45571
67,85,100,4.50938
67,86,87,4.86715
67,86,101,5.06124
67,87,88,5.03396
67,87,102,4.50938
67,88,89,4.54828
67,88,103,4.50938
67,89,104,4.43514
67,90,91,4.27996
67,90,105,4.95972
67,91,92,3.39447
67,91,106,3.58856
67,92,93,4.18738
67,92,107,4.79291
67,93,94,4.18738
67,93,108,4.27996
67,94,95,3.32024
67,94,109,3.39447
67,95,96,3.48705
67,95,110,4.11315
67,96,97,3.39447
67,96,111,3.58856
67,97,98,4.34257
67,97,112,5.06124
67,98,99,4.43514
67,98,113,4.18738
67,99,100,4.43514
67,99,114,4.50938
67,100,101,3.56128
67,100,115,3.58856
67,101,102,4.62252
67,101,116,4.38147
67,102,103,3.56128
67,102,117,4.18738
67,103,104,3.48705
67,103,118,3.82961
67,104,119,4.34257
67,105,106,4.27996
67,105,120,3.56128
67,106,107,4.35419
67,106,121,4.27996
67,107,108,3.39447
67,107,122,3.32024
67,108,109,4.11315
67,108,123,4.11315
67,109,110,3.56128
67,109,124,4.0
67,110,111,4.62252
67,110,125,3.48705
67,111,112,4.35419
67,111,126,5.30229
67,112,113,5.06124
67,112,127,3.32024
67,113,114,5.13548
67,113,128,4.62252
67,114,115,3.58856
67,114,129,4.38147
67,115,116,4.43514
67,115,130,4.16681
67,116,117,4.24105
67,116,131,3.56128
67,117,118,4.0
67,117,132,4.11315
67,118,119,3.32024
67,118,133,4.16681
67,119,134,3.75537
67,120,121,4.34257
67,120,135,3.6628
67,121,122,4.07424
67,121,136,4.11315
67,122,123,3.82961
67,122,137,4.95972
67,123,124,4.45571
67,123,138,5.22805
67,124,125,4.86715
67,124,139,5.03396
67,125,126,4.16681
67,125,140,4.38147
67,126,127,4.26833
67,126,141,3.39447
67,127,128,3.48705
67,127,142,4.16681
67,128,129,4.95972
67,128,143,5.22805
67,129,130,4.24105
67,129,144,4.86715
67,130,131,4.26833
67,130,145,4.27996
67,131,132,4.45571
67,131,146,4.35419
67,132,133,3.58856
67,132,147,4.26833
67,133,134,4.16681
67,133,148,4.18738
67,134,149,4.27996
67,135,136,5.13548
67,135,150,3.32024
67,136,137,3.6628
67,136,151,4.45571
67,137,138,5.06124
67,137,152,4.79291
67,138,139,5.06124
67,138,153,4.07424
67,139,140,5.06124
67,139,154,4.18738
67,140,141,5.03396
67,140,155,4.54828
67,141,142,4.79291
67,141,156,4.50938
67,142,143,5.03396
67,142,157,4.26833
67,143,144,5.03396
67,143,158,4.18738
67,144,145,3.58856
67,144,159,4.95972
67,145,146,4.86715
67,145,160,5.13548
67,146,147,4.0
67,146,161,4.34257
67,147,148,3.48705
67,147,162,4.35419
67,148,149,4.26833
67,148,163,5.22805
67,149,164,4.38147
67,150,151,3.32024
67,150,165,4.07424
67,151,152,4.18738
67,151,166,5.13548
67,152,153,4.43514
67,152,167,3.75537
67,153,154,4.24105
67,153,168,4.54828
67,154,155,4.79291
67,154,169,4.79291
67,155,156,5.13548
67,155,170,4.34257
67,156,157,3.75537
67,156,171,3.48705
67,157,158,3.48705
67,157,172,3.58856
67,158,159,3.39447
67,158,173,5.30229
67,159,160,4.35419
67,159,174,3.56128
67,160,161,4.45571
67,160,175,4.34257
67,161,162,4.18738
67,161,176,4.79291
67,162,163,4.24105
67,162,177,3.32024
67,163,164,4.54828
67,163,178,4.07424
67,164,179,4.0
67,165,166,4.07424
67,165,180,3.58856
67,166,167,4.86715
67,166,181,4.45571
67,167,168,3.75537
67,167,182,4.34257
67,168,169,4.50938
67,168,183,4.86715
67,169,170,4.86715
67,169,184,5.06124
67,170,171,5.22805
67,170,185,5.22805
67,171,172,4.43514
67,171,186,4.11315
67,172,173,3.58856
67,172,187,4.07424
67,173,174,3.39447
67,173,188,4.18738
67,174,175,4.34257
67,174,189,3.56128
67,175,176,4.35419
67,175,190,3.48705
67,176,177,4.43514
67,176,191,4.0
67,177,178,4.35419
67,177,192,4.07424
67,178,179,5.22805
67,178,193,4.26833
67,179,194,4.95972
67,180,181,5.06124
67,180,195,4.45571
67,181,182,4.07424
67,181,196,4.95972
67,182,183,3.32024
67,182,197,5.30229
67,183,184,5.13548
67,183,198,5.06124
67,184,185,5.30229
67,184,199,4.38147
67,185,186,4.38147
67,185,200,4.38147
67,186,187,4.43514
67,186,201,4.0
67,187,188,5.22805
67,187,202,4.86715
67,188,189,4.26833
67,188,203,4.27996
67,189,190,4.07424
67,189,204,4.0
67,190,191,4.16681
67,190,205,4.27996
67,191,192,4.50938
67,191,206,3.75537
67,192,193,3.39447
67,192,207,4.24105
67,193,194,4.27996
67,193,208,4.35419
67,194,209,5.13548
67,195,196,4.54828
67,195,210,3.6628
67,196,197,4.54828
67,196,211,4.43514
67,197,198,3.56128
67,197,212,4.86715
67,198,199,4.35419
67,198,213,3.58856
67,199,200,4.43514
67,199,214,4.86715
67,200,201,4.27996
67,200,215,4.45571
67,201,202,4.11315
67,201,216,4.07424
67,202,203,5.30229
67,202,217,5.13548
67,203,204,5.06124
67,203,218,4.62252
67,204,205,4.11315
67,204,219,4.86715
67,205,206,4.86715
67,205,220,3.56128
67,206,207,4.07424
67,206,221,3.82961
67,207,208,3.58856
67,207,222,3.82961
67,208,209,4.35419
67,208,223,4.07424
67,209,224,3.75537
67,210,211,4.54828
67,211,212,4.38147
67,212,213,4.54828
67,213,214,4.62252
67,214,215,3.6628
67,215,216,3.82961
67,216,217,4.16681
67,217,218,4.43514
67,218,219,4.26833
67,219,220,4.16681
67,220,221,3.48705
67,221,222,4.38147
67,222,223,5.30229
67,223,224,4.07424
68,0,1,4.31171
68,0,15,4.79693
68,1,2,3.19993
68,1,16,4.31171
68,2,3,4.0
68,2,17,4.56125
68,3,4,4.73746
68,3,18,3.99687
68,4,5,4.73746
68,4,19,4.0
68,5,6,4.48791
68,5,20,4.97314
68,6,7,3.93471
68,6,21,5.04648
68,7,8,4.11091
68,7,22,4.11091
68,8,9,5.04648
68,8,23,4.56125
68,9,10,4.24955
68,9,24,3.37614
68,10,11,4.48791
68,10,25,4.79693
68,11,12,4.91097
68,11,26,4.48523
68,12,13,3.86136
68,12,27,3.93739
68,13,14,4.0
68,13,28,4.17307
68,14,29,4.31171
68,15,16,3.19993
68,15,30,4.1762
68,16,17,4.73746
68,16,31,4.1762
68,17,18,3.86136
68,17,32,5.04648
68,18,19,3.37614
68,18,33,4.31171
68,19,20,4.17307
68,19,34,4.42575
68,20,21,4.79693
68,20,35,4.24641
68,21,22,4.97314
68,21,36,3.37614
68,22,23,4.56125
68,22,37,3.99687
68,23,24,3.37614
68,23,38,5.04648
68,24,25,4.73746
68,24,39,4.24955
68,25,26,3.68784
68,25,40,4.73477
68,26,27,3.99687
68,26,41,5.04648
68,27,28,5.22268
68,27,42,4.73746
68,28,29,4.91097
68,28,43,5.22268
68,29,44,5.22268
68,30,31,4.79693
68,30,45,4.1762
68,31,32,3.99687
68,31,46,4.91097
68,32,33,4.73477
68,32,47,4.1762
68,33,34,3.76119
68,33,48,4.73746
68,34,35,4.73746
68,34,49,3.44948
68,35,36,4.48523
68,35,50,4.73477
68,36,37,3.62568
68,36,51,4.1762
68,37,38,4.11091
68,37,52,4.97314
68,38,39,3.86136
68,38,53,3.99687
68,39,40,5.04648
68,39,54,3.44948
68,40,41,4.91097
68,40,55,4.17307
68,41,42,3.51164
68,41,56,3.93739
68,42,43,4.17307
68,42,57,3.62568
68,43,44,4.48523
68,43,58,3.99687
68,44,59,3.76119
68,45,46,3.76119
68,45,60,4.66143
68,46,47,4.42575
68,46,61,4.66143
68,47,48,3.86136
68,47,62,3.76119
68,48,49,4.91097
68,48,63,4.24955
68,49,50,4.79693
68,49,64,3.44948
68,50,51,3.68784
68,50,65,5.22268
68,51,52,3.19993
68,51,66,3.44948
68,52,53,4.24641
68,52,67,3.19993
68,53,54,3.19993
68,53,68,4.42262
68,54,55,3.44948
68,54,69,4.91097
68,55,56,4.73746
68,55,70,4.48791
68,56,57,4.17307
68,56,71,3.19993
68,57,58,4.48523
68,57,72,4.24955
68,58,59,3.93739
68,58,73,3.76119
68,59,74,3.93471
68,60,61,3.68516
68,60,75,4.48523
68,61,62,3.93471
68,61,76,3.93739
68,62,63,4.91097
68,62,77,4.48523
68,63,64,4.42575
68,63,78,4.42262
68,64,65,3.19993
68,64,79,4.48791
68,65,66,5.04648
68,65,80,4.11091
68,66,67,3.68784
68,66,81,4.73746
68,67,68,3.93739
68,67,82,4.97314
68,68,69,3.76119
68,68,83,4.42575
68,69,70,4.48523
68,69,84,4.73746
68,70,71,4.31171
68,70,85,3.37614
68,71,72,3.68784
68,71,86,3.76119
68,72,73,3.99687
68,72,87,4.66143
68,73,74,4.66143
68,73,88,4.66143
68,74,89,4.24955
68,75,76,5.22268
68,75,90,3.93739
68,76,77,3.44948
68,76,91,3.19993
68,77,78,4.56125
68,77,92,3.76119
68,78,79,3.93471
68,78,93,4.73746
68,79,80,3.93739
68,79,94,3.44948
68,80,81,3.19993
68,80,95,4.56125
68,81,82,4.0
68,81,96,3.93739
68,82,83,3.37614
68,82,97,4.48523
68,83,84,4.42575
68,83,98,4.42262
68,84,85,4.0
68,84,99,3.99687
68,85,86,4.24641
68,85,100,4.97314
68,86,87,3.51164
68,86,101,3.68516
68,87,88,3.68784
68,87,102,4.97314
68,88,89,4.11091
68,88,103,4.97314
68,89,104,4.66143
68,90,91,3.62568
68,90,105,3.37614
68,91,92,4.56125
68,91,106,4.73477
68,92,93,3.76119
68,92,107,3.19993
68,93,94,3.76119
68,93,108,3.62568
68,94,95,4.24955
68,94,109,4.56125
68,95,96,4.42575
68,95,110,3.44948
68,96,97,4.56125
68,96,111,4.73477
68,97,98,4.79693
68,97,112,3.68516
68,98,99,4.66143
68,98,113,3.76119
68,99,100,4.66143
68,99,114,4.97314
68,100,101,4.73746
68,100,115,4.73477
68,101,102,4.42262
68,101,116,3.93471
68,102,103,4.73746
68,102,117,3.76119
68,103,104,4.42575
68,103,118,5.22268
68,104,119,4.79693
68,105,106,3.62568
68,105,120,4.73746
68,106,107,3.93739
68,106,121,3.62568
68,107,108,4.56125
68,107,122,4.24955
68,108,109,3.44948
68,108,123,3.44948
68,109,110,4.73746
68,109,124,4.0
68,110,111,4.42262
68,110,125,4.42575
68,111,112,3.93739
68,111,126,4.17307
68,112,113,3.68516
68,112,127,4.24955
68,113,114,3.99687
68,113,128,4.42262
68,114,115,4.73477
68,114,129,3.93471
68,115,116,4.66143
68,115,130,4.1762
68,116,117,4.48791
68,116,131,4.73746
68,117,118,4.0
68,117,132,3.44948
68,118,119,4.24955
68,118,133,4.1762
68,119,134,4.91097
68,120,121,4.79693
68,120,135,5.04648
68,121,122,4.31171
68,121,136,3.44948
68,122,123,5.22268
68,122,137,3.37614
68,123,124,4.24641
68,123,138,3.86136
68,124,125,3.51164
68,124,139,3.68784
68,125,126,4.1762
68,125,140,3.93471
68,126,127,4.48523
68,126,141,4.56125
68,127,128,4.42575
68,127,142,4.1762
68,128,129,3.37614
68,128,143,3.86136
68,129,130,4.48791
68,129,144,3.51164
68,130,131,4.48523
68,130,145,3.62568
68,131,132,4.24641
68,131,146,3.93739
68,132,133,4.73477
68,132,147,4.48523
68,133,134,4.1762
68,133,148,3.76119
68,134,149,3.62568
68,135,136,3.99687
68,135,150,4.24955
68,136,137,5.04648
68,136,151,4.24641
68,137,138,3.68516
68,137,152,3.19993
68,138,139,3.68516
68,138,153,4.31171
68,139,140,3.68516
68,139,154,3.76119
68,140,141,3.68784
68,140,155,4.11091
68,141,142,3.19993
68,141,156,4.97314
68,142,143,3.68784
68,142,157,4.48523
68,143,144,3.68784
68,143,158,3.76119
68,144,145,4.73477
68,144,159,3.37614
68,145,146,3.51164
68,145,160,3.99687
68,146,147,4.0
68,146,161,4.79693
68,147,148,4.42575
68,147,162,3.93739
68,148,149,4.48523
68,148,163,3.86136
68,149,164,3.93471
68,150,151,4.24955
68,150,165,4.31171
68,151,152,3.76119
68,151,166,3.99687
68,152,153,4.66143
68,152,167,4.91097
68,153,154,4.48791
68,153,168,4.11091
68,154,155,3.19993
68,154,169,3.19993
68,155,156,3.99687
68,155,170,4.79693
68,156,157,4.91097
68,156,171,4.42575
68,157,158,4.42575
68,157,172,4.73477
68,158,159,4.56125
68,158,173,4.17307
68,159,160,3.93739
68,159,174,4.73746
68,160,161,4.24641
68,160,175,4.79693
68,161,162,3.76119
68,161,176,3.19993
68,162,163,4.48791
68,162,177,4.24955
68,163,164,4.11091
68,163,178,4.31171
68,164,179,4.0
68,165,166,4.31171
68,165,180,4.73477
68,166,167,3.51164
68,166,181,4.24641
68,167,168,4.91097
68,167,182,4.79693
68,168,169,4.97314
68,168,183,3.51164
68,169,170,3.51164
68,169,184,3.68516
68,170,171,3.86136
68,170,185,3.86136
68,171,172,4.66143
68,171,186,3.44948
68,172,173,4.73477
68,172,187,4.31171
68,173,174,4.56125
68,173,188,3.76119
68,174,175,4.79693
68,174,189,4.73746
68,175,176,3.93739
68,175,190,4.42575
68,176,177,4.66143
68,176,191,4.0
68,177,178,3.93739
68,177,192,4.31171
68,178,179,3.86136
68,178,193,4.48523
68,179,194,3.37614
68,180,181,3.68516
68,180,195,4.24641
68,181,182,4.31171
68,181,196,3.37614
68,182,183,4.24955
68,182,197,4.17307
68,183,184,3.99687
68,183,198,3.68516
68,184,185,4.17307
68,184,199,3.93471
68,185,186,3.93471
68,185,200,3.93471
68,186,187,4.66143
68,186,201,4.0
68,187,188,3.86136
68,187,202,3.51164
68,188,189,4.48523
68,188,203,3.62568
68,189,190,4.31171
68,189,204,4.0
68,190,191,4.1762
68,190,205,3.62568
68,191,192,4.97314
68,191,206,4.91097
68,192,193,4.56125
68,192,207,4.48791
68,193,194,3.62568
68,193,208,3.93739
68,194,209,3.99687
68,195,196,4.11091
68,195,210,5.04648
68,196,197,4.11091
68,196,211,4.66143
68,197,198,4.73746
68,197,212,3.51164
68,198,199,3.93739
68,198,213,4.73477
68,199,200,4.66143
68,199,214,3.51164
68,200,201,3.62568
68,200,215,4.24641
68,201,202,3.44948
68,201,216,4.31171
68,202,203,4.17307
68,202,217,3.99687
68,203,204,3.68516
68,203,218,4.42262
68,204,205,3.44948
68,204,219,3.51164
68,205,206,3.51164
68,205,220,4.73746
68,206,207,4.31171
68,206,221,5.22268
68,207,208,4.73477
68,207,222,5.22268
68,208,209,3.93739
68,208,223,4.31171
68,209,224,4.91097
68,210,211,4.11091
68,211,212,3.93471
68,212,213,4.11091
68,213,214,4.42262
68,214,215,5.04648
68,215,216,5.22268
68,216,217,4.1762
68,217,218,4.66143
68,218,219,4.48523
68,219,220,4.1762
68,220,221,4.42575
68,221,222,3.93471
68,222,223,4.17307
68,223,224,4.31171
69,0,1,4.41457
69,0,15,4.34614
69,1,2,4.35911
69,1,16,4.41457
69,2,3,4.0
69,2,17,4.66858
69,3,4,5.46105
69,3,18,4.70526
69,4,5,5.46105
69,4,19,4.0
69,5,6,5.20703
69,5,20,5.13861
69,6,7,4.54471
69,6,21,4.60016
69,7,8,5.33717
69,7,22,5.33717
69,8,9,4.60016
69,8,23,4.66858
69,9,10,4.25402
69,9,24,5.15158
69,10,11,5.20703
69,10,25,4.34614
69,11,12,4.97806
69,11,26,3.93158
69,12,13,5.08315
69,12,27,5.82016
69,13,14,4.0
69,13,28,5.49772
69,14,29,4.41457
69,15,16,4.35911
69,15,30,4.79246
69,16,17,5.46105
69,16,31,4.79246
69,17,18,5.08315
69,17,32,4.60016
69,18,19,5.15158
69,18,33,4.41457
69,19,20,5.49772
69,19,34,5.04648
69,20,21,4.34614
69,20,35,4.95927
69,21,22,5.13861
69,21,36,5.15158
69,22,23,4.66858
69,22,37,4.70526
69,23,24,5.15158
69,23,38,4.60016
69,24,25,5.46105
69,24,39,4.25402
69,25,26,5.56614
69,25,40,4.18559
69,26,27,4.70526
69,26,41,4.60016
69,27,28,5.39262
69,27,42,5.46105
69,28,29,4.97806
69,28,43,5.39262
69,29,44,5.39262
69,30,31,4.34614
69,30,45,4.79246
69,31,32,4.70526
69,31,46,4.97806
69,32,33,4.18559
69,32,47,4.79246
69,33,34,5.0277
69,33,48,5.46105
69,34,35,5.46105
69,34,49,4.61313
69,35,36,3.93158
69,35,50,4.18559
69,36,37,5.40559
69,36,51,4.79246
69,37,38,5.33717
69,37,52,5.13861
69,38,39,5.08315
69,38,53,4.70526
69,39,40,4.60016
69,39,54,4.61313
69,40,41,4.97806
69,40,55,5.49772
69,41,42,4.77368
69,41,56,5.82016
69,42,43,5.49772
69,42,57,5.40559
69,43,44,3.93158
69,43,58,4.70526
69,44,59,5.0277
69,45,46,5.0277
69,45,60,4.72404
69,46,47,5.04648
69,46,61,4.72404
69,47,48,5.08315
69,47,62,5.0277
69,48,49,4.97806
69,48,63,4.25402
69,49,50,4.34614
69,49,64,4.61313
69,50,51,5.56614
69,50,65,5.39262
69,51,52,4.35911
69,51,66,4.61313
69,52,53,4.95927
69,52,67,4.35911
69,53,54,4.35911
69,53,68,5.75174
69,54,55,4.61313
69,54,69,4.97806
69,55,56,5.46105
69,55,70,5.20703
69,56,57,5.49772
69,56,71,4.35911
69,57,58,3.93158
69,57,72,4.25402
69,58,59,5.82016
69,58,73,5.0277
69,59,74,4.54471
69,60,61,4.29069
69,60,75,3.93158
69,61,62,4.54471
69,61,76,5.82016
69,62,63,4.97806
69,62,77,3.93158
69,63,64,5.04648
69,63,78,5.75174
69,64,65,4.35911
69,64,79,5.20703
69,65,66,4.60016
69,65,80,5.33717
69,66,67,5.56614
69,66,81,5.46105
69,67,68,5.82016
69,67,82,5.13861
69,68,69,5.0277
69,68,83,5.04648
69,69,70,3.93158
69,69,84,5.46105
69,70,71,4.41457
69,70,85,5.15158
69,71,72,5.56614
69,71,86,5.0277
69,72,73,4.70526
69,72,87,4.72404
69,73,74,4.72404
69,73,88,4.72404
69,74,89,4.25402
69,75,76,5.39262
69,75,90,5.82016
69,76,77,4.61313
69,76,91,4.35911
69,77,78,4.66858
69,77,92,5.0277
69,78,79,4.54471
69,78,93,5.46105
69,79,80,5.82016
69,79,94,4.61313
69,80,81,4.35911
69,80,95,4.66858
69,81,82,4.0
69,81,96,5.82016
69,82,83,5.15158
69,82,97,3.93158
69,83,84,5.04648
69,83,98,5.75174
69,84,85,4.0
69,84,99,4.70526
69,85,86,4.95927
69,85,100,5.13861
69,86,87,4.77368
69,86,101,4.29069
69,87,88,5.56614
69,87,102,5.13861
69,88,89,5.33717
69,88,103,5.13861
69,89,104,4.72404
69,90,91,5.40559
69,90,105,5.15158
69,91,92,4.66858
69,91,106,4.18559
69,92,93,5.0277
69,92,107,4.35911
69,93,94,5.0277
69,93,108,5.40559
69,94,95,4.25402
69,94,109,4.66858
69,95,96,5.04648
69,95,110,4.61313
69,96,97,4.66858
69,96,111,4.18559
69,97,98,4.34614
69,97,112,4.29069
69,98,99,4.72404
69,98,113,5.0277
69,99,100,4.72404
69,99,114,5.13861
69,100,101,5.46105
69,100,115,4.18559
69,101,102,5.75174
69,101,116,4.54471
69,102,103,5.46105
69,102,117,5.0277
69,103,104,5.04648
69,103,118,5.39262
69,104,119,4.34614
69,105,106,5.40559
69,105,120,5.46105
69,106,107,5.82016
69,106,121,5.40559
69,107,108,4.66858
69,107,122,4.25402
69,108,109,4.61313
69,108,123,4.61313
69,109,110,5.46105
69,109,124,4.0
69,110,111,5.75174
69,110,125,5.04648
69,111,112,5.82016
69,111,126,5.49772
69,112,113,4.29069
69,112,127,4.25402
69,113,114,4.70526
69,113,128,5.75174
69,114,115,4.18559
69,114,129,4.54471
69,115,116,4.72404
69,115,130,4.79246
69,116,117,5.20703
69,116,131,5.46105
69,117,118,4.0
69,117,132,4.61313
69,118,119,4.25402
69,118,133,4.79246
69,119,134,4.97806
69,120,121,4.34614
69,120,135,4.60016
69,121,122,4.41457
69,121,136,4.61313
69,122,123,5.39262
69,122,137,5.15158
69,123,124,4.95927
69,123,138,5.08315
69,124,125,4.77368
69,124,139,5.56614
69,125,126,4.79246
69,125,140,4.54471
69,126,127,3.93158
69,126,141,4.66858
69,127,128,5.04648
69,127,142,4.79246
69,128,129,5.15158
69,128,143,5.08315
69,129,130,5.20703
69,129,144,4.77368
69,130,131,3.93158
69,130,145,5.40559
69,131,132,4.95927
69,131,146,5.82016
69,132,133,4.18559
69,132,147,3.93158
69,133,134,4.79246
69,133,148,5.0277
69,134,149,5.40559
69,135,136,4.70526
69,135,150,4.25402
69,136,137,4.60016
69,136,151,4.95927
69,137,138,4.29069
69,137,152,4.35911
69,138,139,4.29069
69,138,153,4.41457
69,139,140,4.29069
69,139,154,5.0277
69,140,141,5.56614
69,140,155,5.33717
69,141,142,4.35911
69,141,156,5.13861
69,142,143,5.56614
69,142,157,3.93158
69,143,144,5.56614
69,143,158,5.0277
69,144,145,4.18559
69,144,159,5.15158
69,145,146,4.77368
69,145,160,4.70526
69,146,147,4.0
69,146,161,4.34614
69,147,148,5.04648
69,147,162,5.82016
69,148,149,3.93158
69,148,163,5.08315
69,149,164,4.54471
69,150,151,4.25402
69,150,165,4.41457
69,151,152,5.0277
69,151,166,4.70526
69,152,153,4.72404
69,152,167,4.97806
69,153,154,5.20703
69,153,168,5.33717
69,154,155,4.35911
69,154,169,4.35911
69,155,156,4.70526
69,155,170,4.34614
69,156,157,4.97806
69,156,171,5.04648
69,157,158,5.04648
69,157,172,4.18559
69,158,159,4.66858
69,158,173,5.49772
69,159,160,5.82016
69,159,174,5.46105
69,160,161,4.95927
69,160,175,4.34614
69,161,162,5.0277
69,161,176,4.35911
69,162,163,5.20703
69,162,177,4.25402
69,163,164,5.33717
69,163,178,4.41457
69,164,179,4.0
69,165,166,4.41457
69,165,180,4.18559
69,166,167,4.77368
69,166,181,4.95927
69,167,168,4.97806
69,167,182,4.34614
69,168,169,5.13861
69,168,183,4.77368
69,169,170,4.77368
69,169,184,4.29069
69,170,171,5.08315
69,170,185,5.08315
69,171,172,4.72404
69,171,186,4.61313
69,172,173,4.18559
69,172,187,4.41457
69,173,174,4.66858
69,173,188,5.0277
69,174,175,4.34614
69,174,189,5.46105
69,175,176,5.82016
69,175,190,5.04648
69,176,177,4.72404
69,176,191,4.0
69,177,178,5.82016
69,177,192,4.41457
69,178,179,5.08315
69,178,193,3.93158
69,179,194,5.15158
69,180,181,4.29069
69,180,195,4.95927
69,181,182,4.41457
69,181,196,5.15158
69,182,183,4.25402
69,182,197,5.49772
69,183,184,4.70526
69,183,198,4.29069
69,184,185,5.49772
69,184,199,4.54471
69,185,186,4.54471
69,185,200,4.54471
69,186,187,4.72404
69,186,201,4.0
69,187,188,5.08315
69,187,202,4.77368
69,188,189,3.93158
69,188,203,5.40559
69,189,190,4.41457
69,189,204,4.0
69,190,191,4.79246
69,190,205,5.40559
69,191,192,5.13861
69,191,206,4.97806
69,192,193,4.66858
69,192,207,5.20703
69,193,194,5.40559
69,193,208,5.82016
69,194,209,4.70526
69,195,196,5.33717
69,195,210,4.60016
69,196,197,5.33717
69,196,211,4.72404
69,197,198,5.46105
69,197,212,4.77368
69,198,199,5.82016
69,198,213,4.18559
69,199,200,4.72404
69,199,214,4.77368
69,200,201,5.40559
69,200,215,4.95927
69,201,202,4.61313
69,201,216,4.41457
69,202,203,5.49772
69,202,217,4.70526
69,203,204,4.29069
69,203,218,5.75174
69,204,205,4.61313
69,204,219,4.77368
69,205,206,4.77368
69,205,220,5.46105
69,206,207,4.41457
69,206,221,5.39262
69,207,208,4.18559
69,207,222,5.39262
69,208,209,5.82016
69,208,223,4.41457
69,209,224,4.97806
69,210,211,5.33717
69,211,212,4.54471
69,212,213,5.33717
69,213,214,5.75174
69,214,215,4.60016
69,215,216,5.39262
69,216,217,4.79246
69,217,218,4.72404
69,218,219,3.93158
69,219,220,4.79246
69,220,221,5.04648
69,221,222,4.54471
69,222,223,5.49772
69,223,224,4.41457
70,0,1,3.82111
70,0,15,4.16636
70,1,2,3.06264
70,1,16,3.82111
70,2,3,4.0
70,2,17,4.30589
70,3,4,4.15026
70,3,18,3.229
70,4,5,4.15026
70,4,19,4.0
70,5,6,3.66548
70,5,20,4.01073
70,6,7,3.89267
70,6,21,4.65114
70,7,8,3.73704
70,7,22,3.73704
70,8,9,4.65114
70,8,23,4.30589
70,9,10,4.48478
70,9,24,2.90701
70,10,11,3.66548
70,10,25,4.16636
70,11,12,4.6744
70,11,26,4.34525
70,12,13,3.25226
70,12,27,3.2129
70,13,14,4.0
70,13,28,3.07337
70,14,29,3.82111
70,15,16,3.06264
70,15,30,3.84437
70,16,17,4.15026
70,16,31,3.84437
70,17,18,3.25226
70,17,32,4.65114
70,18,19,2.90701
70,18,33,3.82111
70,19,20,3.07337
70,19,34,4.32915
70,20,21,4.16636
70,20,35,3.71378
70,21,22,4.01073
70,21,36,2.90701
70,22,23,4.30589
70,22,37,3.229
70,23,24,2.90701
70,23,38,4.65114
70,24,25,4.15026
70,24,39,4.48478
70,25,26,2.72812
70,25,40,4.83003
70,26,27,3.229
70,26,41,4.65114
70,27,28,4.49551
70,27,42,4.15026
70,28,29,4.6744
70,28,43,4.49551
70,29,44,4.49551
70,30,31,4.16636
70,30,45,3.84437
70,31,32,3.229
70,31,46,4.6744
70,32,33,4.83003
70,32,47,3.84437
70,33,34,3.36853
70,33,48,4.15026
70,34,35,4.15026
70,34,49,3.54742
70,35,36,4.34525
70,35,50,4.83003
70,36,37,3.39179
70,36,51,3.84437
70,37,38,3.73704
70,37,52,4.01073
70,38,39,3.25226
70,38,53,3.229
70,39,40,4.65114
70,39,54,3.54742
70,40,41,4.6744
70,40,55,3.07337
70,41,42,2.88375
70,41,56,3.2129
70,42,43,3.07337
70,42,57,3.39179
70,43,44,4.34525
70,43,58,3.229
70,44,59,3.36853
70,45,46,3.36853
70,45,60,4.18962
70,46,47,4.32915
70,46,61,4.18962
70,47,48,3.25226
70,47,62,3.36853
70,48,49,4.6744
70,48,63,4.48478
70,49,50,4.16636
70,49,64,3.54742
70,50,51,2.72812
70,50,65,4.49551
70,51,52,3.06264
70,51,66,3.54742
70,52,53,3.71378
70,52,67,3.06264
70,53,54,3.06264
70,53,68,3.55815
70,54,55,3.54742
70,54,69,4.6744
70,55,56,4.15026
70,55,70,3.66548
70,56,57,3.07337
70,56,71,3.06264
70,57,58,4.34525
70,57,72,4.48478
70,58,59,3.2129
70,58,73,3.36853
70,59,74,3.89267
70,60,61,3.40789
70,60,75,4.34525
70,61,62,3.89267
70,61,76,3.2129
70,62,63,4.6744
70,62,77,4.34525
70,63,64,4.32915
70,63,78,3.55815
70,64,65,3.06264
70,64,79,3.66548
70,65,66,4.65114
70,65,80,3.73704
70,66,67,2.72812
70,66,81,4.15026
70,67,68,3.2129
70,67,82,4.01073
70,68,69,3.36853
70,68,83,4.32915
70,69,70,4.34525
70,69,84,4.15026
70,70,71,3.82111
70,70,85,2.90701
70,71,72,2.72812
70,71,86,3.36853
70,72,73,3.229
70,72,87,4.18962
70,73,74,4.18962
70,73,88,4.18962
70,74,89,4.48478
70,75,76,4.49551
70,75,90,3.2129
70,76,77,3.54742
70,76,91,3.06264
70,77,78,4.30589
70,77,92,3.36853
70,78,79,3.89267
70,78,93,4.15026
70,79,80,3.2129
70,79,94,3.54742
70,80,81,3.06264
70,80,95,4.30589
70,81,82,4.0
70,81,96,3.2129
70,82,83,2.90701
70,82,97,4.34525
70,83,84,4.32915
70,83,98,3.55815
70,84,85,4.0
70,84,99,3.229
70,85,86,3.71378
70,85,100,4.01073
70,86,87,2.88375
70,86,101,3.40789
70,87,88,2.72812
70,87,102,4.01073
70,88,89,3.73704
70,88,103,4.01073
70,89,104,4.18962
70,90,91,3.39179
70,90,105,2.90701
70,91,92,4.30589
70,91,106,4.83003
70,92,93,3.36853
70,92,107,3.06264
70,93,94,3.36853
70,93,108,3.39179
70,94,95,4.48478
70,94,109,4.30589
70,95,96,4.32915
70,95,110,3.54742
70,96,97,4.30589
70,96,111,4.83003
70,97,98,4.16636
70,97,112,3.40789
70,98,99,4.18962
70,98,113,3.36853
70,99,100,4.18962
70,99,114,4.01073
70,100,101,4.15026
70,100,115,4.83003
70,101,102,3.55815
70,101,116,3.89267
70,102,103,4.15026
70,102,117,3.36853
70,103,104,4.32915
70,103,118,4.49551
70,104,119,4.16636
70,105,106,3.39179
70,105,120,4.15026
70,106,107,3.2129
70,106,121,3.39179
70,107,108,4.30589
70,107,122,4.48478
70,108,109,3.54742
70,108,123,3.54742
70,109,110,4.15026
70,109,124,4.0
70,110,111,3.55815
70,110,125,4.32915
70,111,112,3.2129
70,111,126,3.07337
70,112,113,3.40789
70,112,127,4.48478
70,113,114,3.229
70,113,128,3.55815
70,114,115,4.83003
70,114,129,3.89267
70,115,116,4.18962
70,115,130,3.84437
70,116,117,3.66548
70,116,131,4.15026
70,117,118,4.0
70,117,132,3.54742
70,118,119,4.48478
70,118,133,3.84437
70,119,134,4.6744
70,120,121,4.16636
70,120,135,4.65114
70,121,122,3.82111
70,121,136,3.54742
70,122,123,4.49551
70,122,137,2.90701
70,123,124,3.71378
70,123,138,3.25226
70,124,125,2.88375
70,124,139,2.72812
70,125,126,3.84437
70,125,140,3.89267
70,126,127,4.34525
70,126,141,4.30589
70,127,128,4.32915
70,127,142,3.84437
70,128,129,2.90701
70,128,143,3.25226
70,129,130,3.66548
70,129,144,2.88375
70,130,131,4.34525
70,130,145,3.39179
70,131,132,3.71378
70,131,146,3.2129
70,132,133,4.83003
70,132,147,4.34525
70,133,134,3.84437
70,133,148,3.36853
70,134,149,3.39179
70,135,136,3.229
70,135,150,4.48478
70,136,137,4.65114
70,136,151,3.71378
70,137,138,3.40789
70,137,152,3.06264
70,138,139,3.40789
70,138,153,3.82111
70,139,140,3.40789
70,139,154,3.36853
70,140,141,2.72812
70,140,155,3.73704
70,141,142,3.06264
70,141,156,4.01073
70,142,143,2.72812
70,142,157,4.34525
70,143,144,2.72812
70,143,158,3.36853
70,144,145,4.83003
70,144,159,2.90701
70,145,146,2.88375
70,145,160,3.229
70,146,147,4.0
70,146,161,4.16636
70,147,148,4.32915
70,147,162,3.2129
70,148,149,4.34525
70,148,163,3.25226
70,149,164,3.89267
70,150,151,4.48478
70,150,165,3.82111
70,151,152,3.36853
70,151,166,3.229
70,152,153,4.18962
70,152,167,4.6744
70,153,154,3.66548
70,153,168,3.73704
70,154,155,3.06264
70,154,169,3.06264
70,155,156,3.229
70,155,170,4.16636
70,156,157,4.6744
70,156,171,4.32915
70,157,158,4.32915
70,157,172,4.83003
70,158,159,4.30589
70,158,173,3.07337
70,159,160,3.2129
70,159,174,4.15026
70,160,161,3.71378
70,160,175,4.16636
70,161,162,3.36853
70,161,176,3.06264
70,162,163,3.66548
70,162,177,4.48478
70,163,164,3.73704
70,163,178,3.82111
70,164,179,4.0
70,165,166,3.82111
70,165,180,4.83003
70,166,167,2.88375
70,166,181,3.71378
70,167,168,4.6744
70,167,182,4.16636
70,168,169,4.01073
70,168,183,2.88375
70,169,170,2.88375
70,169,184,3.40789
70,170,171,3.25226
70,170,185,3.25226
70,171,172,4.18962
70,171,186,3.54742
70,172,173,4.83003
70,172,187,3.82111
70,173,174,4.30589
70,173,188,3.36853
70,174,175,4.16636
70,174,189,4.15026
70,175,176,3.2129
70,175,190,4.32915
70,176,177,4.18962
70,176,191,4.0
70,177,178,3.2129
70,177,192,3.82111
70,178,179,3.25226
70,178,193,4.34525
70,179,194,2.90701
70,180,181,3.40789
70,180,195,3.71378
70,181,182,3.82111
70,181,196,2.90701
70,182,183,4.48478
70,182,197,3.07337
70,183,184,3.229
70,183,198,3.40789
70,184,185,3.07337
70,184,199,3.89267
70,185,186,3.89267
70,185,200,3.89267
70,186,187,4.18962
70,186,201,4.0
70,187,188,3.25226
70,187,202,2.88375
70,188,189,4.34525
70,188,203,3.39179
70,189,190,3.82111
70,189,204,4.0
70,190,191,3.84437
70,190,205,3.39179
70,191,192,4.01073
70,191,206,4.6744
70,192,193,4.30589
70,192,207,3.66548
70,193,194,3.39179
70,193,208,3.2129
70,194,209,3.229
70,195,196,3.73704
70,195,210,4.65114
70,196,197,3.73704
70,196,211,4.18962
70,197,198,4.15026
70,197,212,2.88375
70,198,199,3.2129
70,198,213,4.83003
70,199,200,4.18962
70,199,214,2.88375
70,200,201,3.39179
70,200,215,3.71378
70,201,202,3.54742
70,201,216,3.82111
70,202,203,3.07337
70,202,217,3.229
70,203,204,3.40789
70,203,218,3.55815
70,204,205,3.54742
70,204,219,2.88375
70,205,206,2.88375
70,205,220,4.15026
70,206,207,3.82111
70,206,221,4.49551
70,207,208,4.83003
70,207,222,4.49551
70,208,209,3.2129
70,208,223,3.82111
70,209,224,4.6744
70,210,211,3.73704
70,211,212,3.89267
70,212,213,3.73704
70,213,214,3.55815
70,214,215,4.65114
70,215,216,4.49551
70,216,217,3.84437
70,217,218,4.18962
70,218,219,4.34525
70,219,220,3.84437
70,220,221,4.32915
70,221,222,3.89267
70,222,223,3.07337
70,223,224,3.82111
71,0,1,3.95662
71,0,15,4.37476
71,1,2,3.46916
71,1,16,3.95662
71,2,3,4.0
71,2,17,4.81974
71,3,4,4.66948
71,3,18,3.84392
71,4,5,4.66948
71,4,19,4.0
71,5,6,3.80636
71,5,20,4.2245
71,6,7,4.75042
71,6,21,5.23789
71,7,8,4.60016
71,7,22,4.60016
71,8,9,5.23789
71,8,23,4.81974
71,9,10,4.86312
71,9,24,3.31889
71,10,11,3.80636
71,10,25,4.37476
71,11,12,5.131
71,11,26,4.41814
71,12,13,3.73704
71,12,27,4.13864
71,13,14,4.0
71,13,28,3.69366
71,14,29,3.95662
71,15,16,3.46916
71,15,30,3.84974
71,16,17,4.66948
71,16,31,3.84974
71,17,18,3.73704
71,17,32,5.23789
71,18,19,3.31889
71,18,33,3.95662
71,19,20,3.69366
71,19,34,4.71286
71,20,21,4.37476
71,20,35,4.70704
71,21,22,4.2245
71,21,36,3.31889
71,22,23,4.81974
71,22,37,3.84392
71,23,24,3.31889
71,23,38,5.23789
71,24,25,4.66948
71,24,39,4.86312
71,25,26,3.27551
71,25,40,5.28127
71,26,27,3.84392
71,26,41,5.23789
71,27,28,5.08762
71,27,42,4.66948
71,28,29,5.131
71,28,43,5.08762
71,29,44,5.08762
71,30,31,4.37476
71,30,45,3.84974
71,31,32,3.84392
71,31,46,5.131
71,32,33,5.28127
71,32,47,3.84974
71,33,34,4.2889
71,33,48,4.66948
71,34,35,4.66948
71,34,49,4.33228
71,35,36,4.41814
71,35,50,5.28127
71,36,37,4.18202
71,36,51,3.84974
71,37,38,4.60016
71,37,52,4.2245
71,38,39,3.73704
71,38,53,3.84392
71,39,40,5.23789
71,39,54,4.33228
71,40,41,5.131
71,40,55,3.69366
71,41,42,3.42578
71,41,56,4.13864
71,42,43,3.69366
71,42,57,4.18202
71,43,44,4.41814
71,43,58,3.84392
71,44,59,4.2889
71,45,46,4.2889
71,45,60,4.26788
71,46,47,4.71286
71,46,61,4.26788
71,47,48,3.73704
71,47,62,4.2889
71,48,49,5.131
71,48,63,4.86312
71,49,50,4.37476
71,49,64,4.33228
71,50,51,3.27551
71,50,65,5.08762
71,51,52,3.46916
71,51,66,4.33228
71,52,53,4.70704
71,52,67,3.46916
71,53,54,3.46916
71,53,68,4.55678
71,54,55,4.33228
71,54,69,5.131
71,55,56,4.66948
71,55,70,3.80636
71,56,57,3.69366
71,56,71,3.46916
71,57,58,4.41814
71,57,72,4.86312
71,58,59,4.13864
71,58,73,4.2889
71,59,74,4.75042
71,60,61,3.8873
71,60,75,4.41814
71,61,62,4.75042
71,61,76,4.13864
71,62,63,5.131
71,62,77,4.41814
71,63,64,4.71286
71,63,78,4.55678
71,64,65,3.46916
71,64,79,3.80636
71,65,66,5.23789
71,65,80,4.60016
71,66,67,3.27551
71,66,81,4.66948
71,67,68,4.13864
71,67,82,4.2245
71,68,69,4.2889
71,68,83,4.71286
71,69,70,4.41814
71,69,84,4.66948
71,70,71,3.95662
71,70,85,3.31889
71,71,72,3.27551
71,71,86,4.2889
71,72,73,3.84392
71,72,87,4.26788
71,73,74,4.26788
71,73,88,4.26788
71,74,89,4.86312
71,75,76,5.08762
71,75,90,4.13864
71,76,77,4.33228
71,76,91,3.46916
71,77,78,4.81974
71,77,92,4.2889
71,78,79,4.75042
71,78,93,4.66948
71,79,80,4.13864
71,79,94,4.33228
71,80,81,3.46916
71,80,95,4.81974
71,81,82,4.0
71,81,96,4.13864
71,82,83,3.31889
71,82,97,4.41814
71,83,84,4.71286
71,83,98,4.55678
71,84,85,4.0
71,84,99,3.84392
71,85,86,4.70704
71,85,100,4.2245
71,86,87,3.42578
71,86,101,3.8873
71,87,88,3.27551
71,87,102,4.2245
71,88,89,4.60016
71,88,103,4.2245
71,89,104,4.26788
71,90,91,4.18202
71,90,105,3.31889
71,91,92,4.81974
71,91,106,5.28127
71,92,93,4.2889
71,92,107,3.46916
71,93,94,4.2889
71,93,108,4.18202
71,94,95,4.86312
71,94,109,4.81974
71,95,96,4.71286
71,95,110,4.33228
71,96,97,4.81974
71,96,111,5.28127
71,97,98,4.37476
71,97,112,3.8873
71,98,99,4.26788
71,98,113,4.2889
71,99,100,4.26788
71,99,114,4.2245
71,100,101,4.66948
71,100,115,5.28127
71,101,102,4.55678
71,101,116,4.75042
71,102,103,4.66948
71,102,117,4.2889
71,103,104,4.71286
71,103,118,5.08762
71,104,119,4.37476
71,105,106,4.18202
71,105,120,4.66948
71,106,107,4.13864
71,106,121,4.18202
71,107,108,4.81974
71,107,122,4.86312
71,108,109,4.33228
71,108,123,4.33228
71,109,110,4.66948
71,109,124,4.0
71,110,111,4.55678
71,110,125,4.71286
71,111,112,4.13864
71,111,126,3.69366
71,112,113,3.8873
71,112,127,4.86312
71,113,114,3.84392
71,113,128,4.55678
71,114,115,5.28127
71,114,129,4.75042
71,115,116,4.26788
71,115,130,3.84974
71,116,117,3.80636
71,116,131,4.66948
71,117,118,4.0
71,117,132,4.33228
71,118,119,4.86312
71,118,133,3.84974
71,119,134,5.131
71,120,121,4.37476
71,120,135,5.23789
71,121,122,3.95662
71,121,136,4.33228
71,122,123,5.08762
71,122,137,3.31889
71,123,124,4.70704
71,123,138,3.73704
71,124,125,3.42578
71,124,139,3.27551
71,125,126,3.84974
71,125,140,4.75042
71,126,127,4.41814
71,126,141,4.81974
71,127,128,4.71286
71,127,142,3.84974
71,128,129,3.31889
71,128,143,3.73704
71,129,130,3.80636
71,129,144,3.42578
71,130,131,4.41814
71,130,145,4.18202
71,131,132,4.70704
71,131,146,4.13864
71,132,133,5.28127
71,132,147,4.41814
71,133,134,3.84974
71,133,148,4.2889
71,134,149,4.18202
71,135,136,3.84392
71,135,150,4.86312
71,136,137,5.23789
71,136,151,4.70704
71,137,138,3.8873
71,137,152,3.46916
71,138,139,3.8873
71,138,153,3.95662
71,139,140,3.8873
71,139,154,4.2889
71,140,141,3.27551
71,140,155,4.60016
71,141,142,3.46916
71,141,156,4.2245
71,142,143,3.27551
71,142,157,4.41814
71,143,144,3.27551
71,143,158,4.2889
71,144,145,5.28127
71,144,159,3.31889
71,145,146,3.42578
71,145,160,3.84392
71,146,147,4.0
71,146,161,4.37476
71,147,148,4.71286
71,147,162,4.13864
71,148,149,4.41814
71,148,163,3.73704
71,149,164,4.75042
71,150,151,4.86312
71,150,165,3.95662
71,151,152,4.2889
71,151,166,3.84392
71,152,153,4.26788
71,152,167,5.131
71,153,154,3.80636
71,153,168,4.60016
71,154,155,3.46916
71,154,169,3.46916
71,155,156,3.84392
71,155,170,4.37476
71,156,157,5.131
71,156,171,4.71286
71,157,158,4.71286
71,157,172,5.28127
71,158,159,4.81974
71,158,173,3.69366
71,159,160,4.13864
71,159,174,4.66948
71,160,161,4.70704
71,160,175,4.37476
71,161,162,4.2889
71,161,176,3.46916
71,162,163,3.80636
71,162,177,4.86312
71,163,164,4.60016
71,163,178,3.95662
71,164,179,4.0
71,165,166,3.95662
71,165,180,5.28127
71,166,167,3.42578
71,166,181,4.70704
71,167,168,5.131
71,167,182,4.37476
71,168,169,4.2245
71,168,183,3.42578
71,169,170,3.42578
71,169,184,3.8873
71,170,171,3.73704
71,170,185,3.73704
71,171,172,4.26788
71,171,186,4.33228
71,172,173,5.28127
71,172,187,3.95662
71,173,174,4.81974
71,173,188,4.2889
71,174,175,4.37476
71,174,189,4.66948
71,175,176,4.13864
71,175,190,4.71286
71,176,177,4.26788
71,176,191,4.0
71,177,178,4.13864
71,177,192,3.95662
71,178,179,3.73704
71,178,193,4.41814
71,179,194,3.31889
71,180,181,3.8873
71,180,195,4.70704
71,181,182,3.95662
71,181,196,3.31889
71,182,183,4.86312
71,182,197,3.69366
71,183,184,3.84392
71,183,198,3.8873
71,184,185,3.69366
71,184,199,4.75042
71,185,186,4.75042
71,185,200,4.75042
71,186,187,4.26788
71,186,201,4.0
71,187,188,3.73704
71,187,202,3.42578
71,188,189,4.41814
71,188,203,4.18202
71,189,190,3.95662
71,189,204,4.0
71,190,191,3.84974
71,190,205,4.18202
71,191,192,4.2245
71,191,206,5.131
71,192,193,4.81974
71,192,207,3.80636
71,193,194,4.18202
71,193,208,4.13864
71,194,209,3.84392
71,195,196,4.60016
71,195,210,5.23789
71,196,197,4.60016
71,196,211,4.26788
71,197,198,4.66948
71,197,212,3.42578
71,198,199,4.13864
71,198,213,5.28127
71,199,200,4.26788
71,199,214,3.42578
71,200,201,4.18202
71,200,215,4.70704
71,201,202,4.33228
71,201,216,3.95662
71,202,203,3.69366
71,202,217,3.84392
71,203,204,3.8873
71,203,218,4.55678
71,204,205,4.33228
71,204,219,3.42578
71,205,206,3.42578
71,205,220,4.66948
71,206,207,3.95662
71,206,221,5.08762
71,207,208,5.28127
71,207,222,5.08762
71,208,209,4.13864
71,208,223,3.95662
71,209,224,5.131
71,210,211,4.60016
71,211,212,4.75042
71,212,213,4.60016
71,213,214,4.55678
71,214,215,5.23789
71,215,216,5.08762
71,216,217,3.84974
71,217,218,4.26788
71,218,219,4.41814
71,219,220,3.84974
71,220,221,4.71286
71,221,222,4.75042
71,222,223,3.69366
71,223,224,3.95662
72,0,1,3.50717
72,0,15,3.97138
72,1,2,3.63328
72,1,16,3.50717
72,2,3,4.0
72,2,17,3.13106
72,3,4,3.4535
72,3,18,3.60466
72,4,5,3.4535
72,4,19,4.0
72,5,6,3.82961
72,5,20,4.29382
72,6,7,3.72139
72,6,21,3.59527
72,7,8,4.04383
72,7,22,4.04383
72,8,9,3.59527
72,8,23,3.13106
72,9,10,3.62389
72,9,24,3.95573
72,10,11,3.82961
72,10,25,3.97138
72,11,12,4.41054
72,11,26,4.46421
72,12,13,4.41993
72,12,27,3.08679
72,13,14,4.0
72,13,28,3.9271
72,14,29,3.50717
72,15,16,3.63328
72,15,30,4.32244
72,16,17,3.4535
72,16,31,4.32244
72,17,18,4.41993
72,17,32,3.59527
72,18,19,3.95573
72,18,33,3.50717
72,19,20,3.9271
72,19,34,3.94633
72,20,21,3.97138
72,20,35,3.22856
72,21,22,4.29382
72,21,36,3.95573
72,22,23,3.13106
72,22,37,3.60466
72,23,24,3.95573
72,23,38,3.59527
72,24,25,3.4535
72,24,39,3.62389
72,25,26,3.4629
72,25,40,4.0881
72,26,27,3.60466
72,26,41,3.59527
72,27,28,3.91771
72,27,42,3.4535
72,28,29,4.41054
72,28,43,3.91771
72,29,44,3.91771
72,30,31,3.97138
72,30,45,4.32244
72,31,32,3.60466
72,31,46,4.41054
72,32,33,4.0881
72,32,47,4.32244
72,33,34,2.76435
72,33,48,3.4535
72,34,35,3.4535
72,34,49,3.25718
72,35,36,4.46421
72,35,50,4.0881
72,36,37,3.57962
72,36,51,4.32244
72,37,38,4.04383
72,37,52,4.29382
72,38,39,4.41993
72,38,53,3.60466
72,39,40,3.59527
72,39,54,3.25718
72,40,41,4.41054
72,40,55,3.9271
72,41,42,3.14046
72,41,56,3.08679
72,42,43,3.9271
72,42,57,3.57962
72,43,44,4.46421
72,43,58,3.60466
72,44,59,2.76435
72,45,46,2.76435
72,45,60,4.78665
72,46,47,3.94633
72,46,61,4.78665
72,47,48,4.41993
72,47,62,2.76435
72,48,49,4.41054
72,48,63,3.62389
72,49,50,3.97138
72,49,64,3.25718
72,50,51,3.4629
72,50,65,3.91771
72,51,52,3.63328
72,51,66,3.25718
72,52,53,3.22856
72,52,67,3.63328
72,53,54,3.63328
72,53,68,3.551
72,54,55,3.25718
72,54,69,4.41054
72,55,56,3.4535
72,55,70,3.82961
72,56,57,3.9271
72,56,71,3.63328
72,57,58,4.46421
72,57,72,3.62389
72,58,59,3.08679
72,58,73,2.76435
72,59,74,3.72139
72,60,61,4.09749
72,60,75,4.46421
72,61,62,3.72139
72,61,76,3.08679
72,62,63,4.41054
72,62,77,4.46421
72,63,64,3.94633
72,63,78,3.551
72,64,65,3.63328
72,64,79,3.82961
72,65,66,3.59527
72,65,80,4.04383
72,66,67,3.4629
72,66,81,3.4535
72,67,68,3.08679
72,67,82,4.29382
72,68,69,2.76435
72,68,83,3.94633
72,69,70,4.46421
72,69,84,3.4535
72,70,71,3.50717
72,70,85,3.95573
72,71,72,3.4629
72,71,86,2.76435
72,72,73,3.60466
72,72,87,4.78665
72,73,74,4.78665
72,73,88,4.78665
72,74,89,3.62389
72,75,76,3.91771
72,75,90,3.08679
72,76,77,3.25718
72,76,91,3.63328
72,77,78,3.13106
72,77,92,2.76435
72,78,79,3.72139
72,78,93,3.4535
72,79,80,3.08679
72,79,94,3.25718
72,80,81,3.63328
72,80,95,3.13106
72,81,82,4.0
72,81,96,3.08679
72,82,83,3.95573
72,82,97,4.46421
72,83,84,3.94633
72,83,98,3.551
72,84,85,4.0
72,84,99,3.60466
72,85,86,3.22856
72,85,100,4.29382
72,86,87,3.14046
72,86,101,4.09749
72,87,88,3.4629
72,87,102,4.29382
72,88,89,4.04383
72,88,103,4.29382
72,89,104,4.78665
72,90,91,3.57962
72,90,105,3.95573
72,91,92,3.13106
72,91,106,4.0881
72,92,93,2.76435
72,92,107,3.63328
72,93,94,2.76435
72,93,108,3.57962
72,94,95,3.62389
72,94,109,3.13106
72,95,96,3.94633
72,95,110,3.25718
72,96,97,3.13106
72,96,111,4.0881
72,97,98,3.97138
72,97,112,4.09749
72,98,99,4.78665
72,98,113,2.76435
72,99,100,4.78665
72,99,114,4.29382
72,100,101,3.4535
72,100,115,4.0881
72,101,102,3.551
72,101,116,3.72139
72,102,103,3.4535
72,102,117,2.76435
72,103,104,3.94633
72,103,118,3.91771
72,104,119,3.97138
72,105,106,3.57962
72,105,120,3.4535
72,106,107,3.08679
72,106,121,3.57962
72,107,108,3.13106
72,107,122,3.62389
72,108,109,3.25718
72,108,123,3.25718
72,109,110,3.4535
72,109,124,4.0
72,110,111,3.551
72,110,125,3.94633
72,111,112,3.08679
72,111,126,3.9271
72,112,113,4.09749
72,112,127,3.62389
72,113,114,3.60466
72,113,128,3.551
72,114,115,4.0881
72,114,129,3.72139
72,115,116,4.78665
72,115,130,4.32244
72,116,117,3.82961
72,116,131,3.4535
72,117,118,4.0
72,117,132,3.25718
72,118,119,3.62389
72,118,133,4.32244
72,119,134,4.41054
72,120,121,3.97138
72,120,135,3.59527
72,121,122,3.50717
72,121,136,3.25718
72,122,123,3.91771
72,122,137,3.95573
72,123,124,3.22856
72,123,138,4.41993
72,124,125,3.14046
72,124,139,3.4629
72,125,126,4.32244
72,125,140,3.72139
72,126,127,4.46421
72,126,141,3.13106
72,127,128,3.94633
72,127,142,4.32244
72,128,129,3.95573
72,128,143,4.41993
72,129,130,3.82961
72,129,144,3.14046
72,130,131,4.46421
72,130,145,3.57962
72,131,132,3.22856
72,131,146,3.08679
72,132,133,4.0881
72,132,147,4.46421
72,133,134,4.32244
72,133,148,2.76435
72,134,149,3.57962
72,135,136,3.60466
72,135,150,3.62389
72,136,137,3.59527
72,136,151,3.22856
72,137,138,4.09749
72,137,152,3.63328
72,138,139,4.09749
72,138,153,3.50717
72,139,140,4.09749
72,139,154,2.76435
72,140,141,3.4629
72,140,155,4.04383
72,141,142,3.63328
72,141,156,4.29382
72,142,143,3.4629
72,142,157,4.46421
72,143,144,3.4629
72,143,158,2.76435
72,144,145,4.0881
72,144,159,3.95573
72,145,146,3.14046
72,145,160,3.60466
72,146,147,4.0
72,146,161,3.97138
72,147,148,3.94633
72,147,162,3.08679
72,148,149,4.46421
72,148,163,4.41993
72,149,164,3.72139
72,150,151,3.62389
72,150,165,3.50717
72,151,152,2.76435
72,151,166,3.60466
72,152,153,4.78665
72,152,167,4.41054
72,153,154,3.82961
72,153,168,4.04383
72,154,155,3.63328
72,154,169,3.63328
72,155,156,3.60466
72,155,170,3.97138
72,156,157,4.41054
72,156,171,3.94633
72,157,158,3.94633
72,157,172,4.0881
72,158,159,3.13106
72,158,173,3.9271
72,159,160,3.08679
72,159,174,3.4535
72,160,161,3.22856
72,160,175,3.97138
72,161,162,2.76435
72,161,176,3.63328
72,162,163,3.82961
72,162,177,3.62389
72,163,164,4.04383
72,163,178,3.50717
72,164,179,4.0
72,165,166,3.50717
72,165,180,4.0881
72,166,167,3.14046
72,166,181,3.22856
72,167,168,4.41054
72,167,182,3.97138
72,168,169,4.29382
72,168,183,3.14046
72,169,170,3.14046
72,169,184,4.09749
72,170,171,4.41993
72,170,185,4.41993
72,171,172,4.78665
72,171,186,3.25718
72,172,173,4.0881
72,172,187,3.50717
72,173,174,3.13106
72,173,188,2.76435
72,174,175,3.97138
72,174,189,3.4535
72,175,176,3.08679
72,175,190,3.94633
72,176,177,4.78665
72,176,191,4.0
72,177,178,3.08679
72,177,192,3.50717
72,178,179,4.41993
72,178,193,4.46421
72,179,194,3.95573
72,180,181,4.09749
72,180,195,3.22856
72,181,182,3.50717
72,181,196,3.95573
72,182,183,3.62389
72,182,197,3.9271
72,183,184,3.60466
72,183,198,4.09749
72,184,185,3.9271
72,184,199,3.72139
72,185,186,3.72139
72,185,200,3.72139
72,186,187,4.78665
72,186,201,4.0
72,187,188,4.41993
72,187,202,3.14046
72,188,189,4.46421
72,188,203,3.57962
72,189,190,3.50717
72,189,204,4.0
72,190,191,4.32244
72,190,205,3.57962
72,191,192,4.29382
72,191,206,4.41054
72,192,193,3.13106
72,192,207,3.82961
72,193,194,3.57962
72,193,208,3.08679
72,194,209,3.60466
72,195,196,4.04383
72,195,210,3.59527
72,196,197,4.04383
72,196,211,4.78665
72,197,198,3.4535
72,197,212,3.14046
72,198,199,3.08679
72,198,213,4.0881
72,199,200,4.78665
72,199,214,3.14046
72,200,201,3.57962
72,200,215,3.22856
72,201,202,3.25718
72,201,216,3.50717
72,202,203,3.9271
72,202,217,3.60466
72,203,204,4.09749
72,203,218,3.551
72,204,205,3.25718
72,204,219,3.14046
72,205,206,3.14046
72,205,220,3.4535
72,206,207,3.50717
72,206,221,3.91771
72,207,208,4.0881
72,207,222,3.91771
72,208,209,3.08679
72,208,223,3.50717
72,209,224,4.41054
72,210,211,4.04383
72,211,212,3.72139
72,212,213,4.04383
72,213,214,3.551
72,214,215,3.59527
72,215,216,3.91771
72,216,217,4.32244
72,217,218,4.78665
72,218,219,4.46421
72,219,220,4.32244
72,220,221,3.94633
72,221,222,3.72139
72,222,223,3.9271
72,223,224,3.50717
73,0,1,4.48567
73,0,15,4.30634
73,1,2,4.18202
73,1,16,4.48567
73,2,3,4.0
73,2,17,4.35285
73,3,4,4.52235
73,3,18,4.48836
73,4,5,4.52235
73,4,19,4.0
73,5,6,4.65517
73,5,20,4.47584
73,6,7,3.86986
73,6,21,4.17352
73,7,8,4.03935
73,7,22,4.03935
73,8,9,4.17352
73,8,23,4.35285
73,9,10,3.86718
73,9,24,4.35151
73,10,11,4.65517
73,10,25,4.30634
73,11,12,3.85734
73,11,26,3.82067
73,12,13,4.17218
73,12,27,4.70436
73,13,14,4.0
73,13,28,4.65785
73,14,29,4.48567
73,15,16,4.18202
73,15,30,4.16949
73,16,17,4.52235
73,16,31,4.16949
73,17,18,4.17218
73,17,32,4.17352
73,18,19,4.35151
73,18,33,4.48567
73,19,20,4.65785
73,19,34,4.03667
73,20,21,4.30634
73,20,35,4.35553
73,21,22,4.47584
73,21,36,4.35151
73,22,23,4.35285
73,22,37,4.48836
73,23,24,4.35151
73,23,38,4.17352
73,24,25,4.52235
73,24,39,3.86718
73,25,26,4.83718
73,25,40,3.68784
73,26,27,4.48836
73,26,41,4.17352
73,27,28,4.34301
73,27,42,4.52235
73,28,29,3.85734
73,28,43,4.34301
73,29,44,4.34301
73,30,31,4.30634
73,30,45,4.16949
73,31,32,4.48836
73,31,46,3.85734
73,32,33,3.68784
73,32,47,4.16949
73,33,34,4.53487
73,33,48,4.52235
73,34,35,4.52235
73,34,49,4.04919
73,35,36,3.82067
73,35,50,3.68784
73,36,37,4.21869
73,36,51,4.16949
73,37,38,4.03935
73,37,52,4.47584
73,38,39,4.17218
73,38,53,4.48836
73,39,40,4.17352
73,39,54,4.04919
73,40,41,3.85734
73,40,55,4.65785
73,41,42,4.66769
73,41,56,4.70436
73,42,43,4.65785
73,42,57,4.21869
73,43,44,3.82067
73,43,58,4.48836
73,44,59,4.53487
73,45,46,4.53487
73,45,60,3.99016
73,46,47,4.03667
73,46,61,3.99016
73,47,48,4.17218
73,47,62,4.53487
73,48,49,3.85734
73,48,63,3.86718
73,49,50,4.30634
73,49,64,4.04919
73,50,51,4.83718
73,50,65,4.34301
73,51,52,4.18202
73,51,66,4.04919
73,52,53,4.35553
73,52,67,4.18202
73,53,54,4.18202
73,53,68,4.52503
73,54,55,4.04919
73,54,69,3.85734
73,55,56,4.52235
73,55,70,4.65517
73,56,57,4.65785
73,56,71,4.18202
73,57,58,3.82067
73,57,72,3.86718
73,58,59,4.70436
73,58,73,4.53487
73,59,74,3.86986
73,60,61,4.00268
73,60,75,3.82067
73,61,62,3.86986
73,61,76,4.70436
73,62,63,3.85734
73,62,77,3.82067
73,63,64,4.03667
73,63,78,4.52503
73,64,65,4.18202
73,64,79,4.65517
73,65,66,4.17352
73,65,80,4.03935
73,66,67,4.83718
73,66,81,4.52235
73,67,68,4.70436
73,67,82,4.47584
73,68,69,4.53487
73,68,83,4.03667
73,69,70,3.82067
73,69,84,4.52235
73,70,71,4.48567
73,70,85,4.35151
73,71,72,4.83718
73,71,86,4.53487
73,72,73,4.48836
73,72,87,3.99016
73,73,74,3.99016
73,73,88,3.99016
73,74,89,3.86718
73,75,76,4.34301
73,75,90,4.70436
73,76,77,4.04919
73,76,91,4.18202
73,77,78,4.35285
73,77,92,4.53487
73,78,79,3.86986
73,78,93,4.52235
73,79,80,4.70436
73,79,94,4.04919
73,80,81,4.18202
73,80,95,4.35285
73,81,82,4.0
73,81,96,4.70436
73,82,83,4.35151
73,82,97,3.82067
73,83,84,4.03667
73,83,98,4.52503
73,84,85,4.0
73,84,99,4.48836
73,85,86,4.35553
73,85,100,4.47584
73,86,87,4.66769
73,86,101,4.00268
73,87,88,4.83718
73,87,102,4.47584
73,88,89,4.03935
73,88,103,4.47584
73,89,104,3.99016
73,90,91,4.21869
73,90,105,4.35151
73,91,92,4.35285
73,91,106,3.68784
73,92,93,4.53487
73,92,107,4.18202
73,93,94,4.53487
73,93,108,4.21869
73,94,95,3.86718
73,94,109,4.35285
73,95,96,4.03667
73,95,110,4.04919
73,96,97,4.35285
73,96,111,3.68784
73,97,98,4.30634
73,97,112,4.00268
73,98,99,3.99016
73,98,113,4.53487
73,99,100,3.99016
73,99,114,4.47584
73,100,101,4.52235
73,100,115,3.68784
73,101,102,4.52503
73,101,116,3.86986
73,102,103,4.52235
73,102,117,4.53487
73,103,104,4.03667
73,103,118,4.34301
73,104,119,4.30634
73,105,106,4.21869
73,105,120,4.52235
73,106,107,4.70436
73,106,121,4.21869
73,107,108,4.35285
73,107,122,3.86718
73,108,109,4.04919
73,108,123,4.04919
73,109,110,4.52235
73,109,124,4.0
73,110,111,4.52503
73,110,125,4.03667
73,111,112,4.70436
73,111,126,4.65785
73,112,113,4.00268
73,112,127,3.86718
73,113,114,4.48836
73,113,128,4.52503
73,114,115,3.68784
73,114,129,3.86986
73,115,116,3.99016
73,115,130,4.16949
73,116,117,4.65517
73,116,131,4.52235
73,117,118,4.0
73,117,132,4.04919
73,118,119,3.86718
73,118,133,4.16949
73,119,134,3.85734
73,120,121,4.30634
73,120,135,4.17352
73,121,122,4.48567
73,121,136,4.04919
73,122,123,4.34301
73,122,137,4.35151
73,123,124,4.35553
73,123,138,4.17218
73,124,125,4.66769
73,124,139,4.83718
73,125,126,4.16949
73,125,140,3.86986
73,126,127,3.82067
73,126,141,4.35285
73,127,128,4.03667
73,127,142,4.16949
73,128,129,4.35151
73,128,143,4.17218
73,129,130,4.65517
73,129,144,4.66769
73,130,131,3.82067
73,130,145,4.21869
73,131,132,4.35553
73,131,146,4.70436
73,132,133,3.68784
73,132,147,3.82067
73,133,134,4.16949
73,133,148,4.53487
73,134,149,4.21869
73,135,136,4.48836
73,135,150,3.86718
73,136,137,4.17352
73,136,151,4.35553
73,137,138,4.00268
73,137,152,4.18202
73,138,139,4.00268
73,138,153,4.48567
73,139,140,4.00268
73,139,154,4.53487
73,140,141,4.83718
73,140,155,4.03935
73,141,142,4.18202
73,141,156,4.47584
73,142,143,4.83718
73,142,157,3.82067
73,143,144,4.83718
73,143,158,4.53487
73,144,145,3.68784
73,144,159,4.35151
73,145,146,4.66769
73,145,160,4.48836
73,146,147,4.0
73,146,161,4.30634
73,147,148,4.03667
73,147,162,4.70436
73,148,149,3.82067
73,148,163,4.17218
73,149,164,3.86986
73,150,151,3.86718
73,150,165,4.48567
73,151,152,4.53487
73,151,166,4.48836
73,152,153,3.99016
73,152,167,3.85734
73,153,154,4.65517
73,153,168,4.03935
73,154,155,4.18202
73,154,169,4.18202
73,155,156,4.48836
73,155,170,4.30634
73,156,157,3.85734
73,156,171,4.03667
73,157,158,4.03667
73,157,172,3.68784
73,158,159,4.35285
73,158,173,4.65785
73,159,160,4.70436
73,159,174,4.52235
73,160,161,4.35553
73,160,175,4.30634
73,161,162,4.53487
73,161,176,4.18202
73,162,163,4.65517
73,162,177,3.86718
73,163,164,4.03935
73,163,178,4.48567
73,164,179,4.0
73,165,166,4.48567
73,165,180,3.68784
73,166,167,4.66769
73,166,181,4.35553
73,167,168,3.85734
73,167,182,4.30634
73,168,169,4.47584
73,168,183,4.66769
73,169,170,4.66769
73,169,184,4.00268
73,170,171,4.17218
73,170,185,4.17218
73,171,172,3.99016
73,171,186,4.04919
73,172,173,3.68784
73,172,187,4.48567
73,173,174,4.35285
73,173,188,4.53487
73,174,175,4.30634
73,174,189,4.52235
73,175,176,4.70436
73,175,190,4.03667
73,176,177,3.99016
73,176,191,4.0
73,177,178,4.70436
73,177,192,4.48567
73,178,179,4.17218
73,178,193,3.82067
73,179,194,4.35151
73,180,181,4.00268
73,180,195,4.35553
73,181,182,4.48567
73,181,196,4.35151
73,182,183,3.86718
73,182,197,4.65785
73,183,184,4.48836
73,183,198,4.00268
73,184,185,4.65785
73,184,199,3.86986
73,185,186,3.86986
73,185,200,3.86986
73,186,187,3.99016
73,186,201,4.0
73,187,188,4.17218
73,187,202,4.66769
73,188,189,3.82067
73,188,203,4.21869
73,189,190,4.48567
73,189,204,4.0
73,190,191,4.16949
73,190,205,4.21869
73,191,192,4.47584
73,191,206,3.85734
73,192,193,4.35285
73,192,207,4.65517
73,193,194,4.21869
73,193,208,4.70436
73,194,209,4.48836
73,195,196,4.03935
73,195,210,4.17352
73,196,197,4.03935
73,196,211,3.99016
73,197,198,4.52235
73,197,212,4.66769
73,198,199,4.70436
73,198,213,3.68784
73,199,200,3.99016
73,199,214,4.66769
73,200,201,4.21869
73,200,215,4.35553
73,201,202,4.04919
73,201,216,4.48567
73,202,203,4.65785
73,202,217,4.48836
73,203,204,4.00268
73,203,218,4.52503
73,204,205,4.04919
73,204,219,4.66769
73,205,206,4.66769
73,205,220,4.52235
73,206,207,4.48567
73,206,221,4.34301
73,207,208,3.68784
73,207,222,4.34301
73,208,209,4.70436
73,208,223,4.48567
73,209,224,3.85734
73,210,211,4.03935
73,211,212,3.86986
73,212,213,4.03935
73,213,214,4.52503
73,214,215,4.17352
73,215,216,4.34301
73,216,217,4.16949
73,217,218,3.99016
73,218,219,3.82067
73,219,220,4.16949
73,220,221,4.03667
73,221,222,3.86986
73,222,223,4.65785
73,223,224,4.48567
74,0,1,3.79786
74,0,15,3.928
74,1,2,4.42888
74,1,16,3.79786
74,2,3,4.0
74,2,17,4.13864
74,3,4,4.48344
74,3,18,4.35688
74,4,5,4.48344
74,4,19,4.0
74,5,6,4.14266
74,5,20,4.2728
74,6,7,4.89979
74,6,21,4.26878
74,7,8,5.2446
74,7,22,5.2446
74,8,9,4.26878
74,8,23,4.13864
74,9,10,4.34078
74,9,24,4.77368
74,10,11,4.14266
74,10,25,3.928
74,11,12,4.81572
74,11,26,4.13014
74,12,13,4.90382
74,12,27,4.91232
74,13,14,4.0
74,13,28,4.70168
74,14,29,3.79786
74,15,16,4.42888
74,15,30,4.3448
74,16,17,4.48344
74,16,31,4.3448
74,17,18,4.90382
74,17,32,4.26878
74,18,19,4.77368
74,18,33,3.79786
74,19,20,4.70168
74,19,34,4.68558
74,20,21,3.928
74,20,35,4.69765
74,21,22,4.2728
74,21,36,4.77368
74,22,23,4.13864
74,22,37,4.35688
74,23,24,4.77368
74,23,38,4.26878
74,24,25,4.48344
74,24,39,4.34078
74,25,26,4.57154
74,25,40,4.47092
74,26,27,4.35688
74,26,41,4.26878
74,27,28,4.61358
74,27,42,4.48344
74,28,29,4.81572
74,28,43,4.61358
74,29,44,4.61358
74,30,31,3.928
74,30,45,4.3448
74,31,32,4.35688
74,31,46,4.81572
74,32,33,4.47092
74,32,47,4.3448
74,33,34,4.56751
74,33,48,4.48344
74,34,35,4.48344
74,34,49,4.76965
74,35,36,4.13014
74,35,50,4.47092
74,36,37,5.11446
74,36,51,4.3448
74,37,38,5.2446
74,37,52,4.2728
74,38,39,4.90382
74,38,53,4.35688
74,39,40,4.26878
74,39,54,4.76965
74,40,41,4.81572
74,40,55,4.70168
74,41,42,4.22674
74,41,56,4.91232
74,42,43,4.70168
74,42,57,5.11446
74,43,44,4.13014
74,43,58,4.35688
74,44,59,4.56751
74,45,46,4.56751
74,45,60,4.47494
74,46,47,4.68558
74,46,61,4.47494
74,47,48,4.90382
74,47,62,4.56751
74,48,49,4.81572
74,48,63,4.34078
74,49,50,3.928
74,49,64,4.76965
74,50,51,4.57154
74,50,65,4.61358
74,51,52,4.42888
74,51,66,4.76965
74,52,53,4.69765
74,52,67,4.42888
74,53,54,4.42888
74,53,68,5.04245
74,54,55,4.76965
74,54,69,4.81572
74,55,56,4.48344
74,55,70,4.14266
74,56,57,4.70168
74,56,71,4.42888
74,57,58,4.13014
74,57,72,4.34078
74,58,59,4.91232
74,58,73,4.56751
74,59,74,4.89979
74,60,61,4.55902
74,60,75,4.13014
74,61,62,4.89979
74,61,76,4.91232
74,62,63,4.81572
74,62,77,4.13014
74,63,64,4.68558
74,63,78,5.04245
74,64,65,4.42888
74,64,79,4.14266
74,65,66,4.26878
74,65,80,5.2446
74,66,67,4.57154
74,66,81,4.48344
74,67,68,4.91232
74,67,82,4.2728
74,68,69,4.56751
74,68,83,4.68558
74,69,70,4.13014
74,69,84,4.48344
74,70,71,3.79786
74,70,85,4.77368
74,71,72,4.57154
74,71,86,4.56751
74,72,73,4.35688
74,72,87,4.47494
74,73,74,4.47494
74,73,88,4.47494
74,74,89,4.34078
74,75,76,4.61358
74,75,90,4.91232
74,76,77,4.76965
74,76,91,4.42888
74,77,78,4.13864
74,77,92,4.56751
74,78,79,4.89979
74,78,93,4.48344
74,79,80,4.91232
74,79,94,4.76965
74,80,81,4.42888
74,80,95,4.13864
74,81,82,4.0
74,81,96,4.91232
74,82,83,4.77368
74,82,97,4.13014
74,83,84,4.68558
74,83,98,5.04245
74,84,85,4.0
74,84,99,4.35688
74,85,86,4.69765
74,85,100,4.2728
74,86,87,4.22674
74,86,101,4.55902
74,87,88,4.57154
74,87,102,4.2728
74,88,89,5.2446
74,88,103,4.2728
74,89,104,4.47494
74,90,91,5.11446
74,90,105,4.77368
74,91,92,4.13864
74,91,106,4.47092
74,92,93,4.56751
74,92,107,4.42888
74,93,94,4.56751
74,93,108,5.11446
74,94,95,4.34078
74,94,109,4.13864
74,95,96,4.68558
74,95,110,4.76965
74,96,97,4.13864
74,96,111,4.47092
74,97,98,3.928
74,97,112,4.55902
74,98,99,4.47494
74,98,113,4.56751
74,99,100,4.47494
74,99,114,4.2728
74,100,101,4.48344
74,100,115,4.47092
74,101,102,5.04245
74,101,116,4.89979
74,102,103,4.48344
74,102,117,4.56751
74,103,104,4.68558
74,103,118,4.61358
74,104,119,3.928
74,105,106,5.11446
74,105,120,4.48344
74,106,107,4.91232
74,106,121,5.11446
74,107,108,4.13864
74,107,122,4.34078
74,108,109,4.76965
74,108,123,4.76965
74,109,110,4.48344
74,109,124,4.0
74,110,111,5.04245
74,110,125,4.68558
74,111,112,4.91232
74,111,126,4.70168
74,112,113,4.55902
74,112,127,4.34078
74,113,114,4.35688
74,113,128,5.04245
74,114,115,4.47092
74,114,129,4.89979
74,115,116,4.47494
74,115,130,4.3448
74,116,117,4.14266
74,116,131,4.48344
74,117,118,4.0
74,117,132,4.76965
74,118,119,4.34078
74,118,133,4.3448
74,119,134,4.81572
74,120,121,3.928
74,120,135,4.26878
74,121,122,3.79786
74,121,136,4.76965
74,122,123,4.61358
74,122,137,4.77368
74,123,124,4.69765
74,123,138,4.90382
74,124,125,4.22674
74,124,139,4.57154
74,125,126,4.3448
74,125,140,4.89979
74,126,127,4.13014
74,126,141,4.13864
74,127,128,4.68558
74,127,142,4.3448
74,128,129,4.77368
74,128,143,4.90382
74,129,130,4.14266
74,129,144,4.22674
74,130,131,4.13014
74,130,145,5.11446
74,131,132,4.69765
74,131,146,4.91232
74,132,133,4.47092
74,132,147,4.13014
74,133,134,4.3448
74,133,148,4.56751
74,134,149,5.11446
74,135,136,4.35688
74,135,150,4.34078
74,136,137,4.26878
74,136,151,4.69765
74,137,138,4.55902
74,137,152,4.42888
74,138,139,4.55902
74,138,153,3.79786
74,139,140,4.55902
74,139,154,4.56751
74,140,141,4.57154
74,140,155,5.2446
74,141,142,4.42888
74,141,156,4.2728
74,142,143,4.57154
74,142,157,4.13014
74,143,144,4.57154
74,143,158,4.56751
74,144,145,4.47092
74,144,159,4.77368
74,145,146,4.22674
74,145,160,4.35688
74,146,147,4.0
74,146,161,3.928
74,147,148,4.68558
74,147,162,4.91232
74,148,149,4.13014
74,148,163,4.90382
74,149,164,4.89979
74,150,151,4.34078
74,150,165,3.79786
74,151,152,4.56751
74,151,166,4.35688
74,152,153,4.47494
74,152,167,4.81572
74,153,154,4.14266
74,153,168,5.2446
74,154,155,4.42888
74,154,169,4.42888
74,155,156,4.35688
74,155,170,3.928
74,156,157,4.81572
74,156,171,4.68558
74,157,158,4.68558
74,157,172,4.47092
74,158,159,4.13864
74,158,173,4.70168
74,159,160,4.91232
74,159,174,4.48344
74,160,161,4.69765
74,160,175,3.928
74,161,162,4.56751
74,161,176,4.42888
74,162,163,4.14266
74,162,177,4.34078
74,163,164,5.2446
74,163,178,3.79786
74,164,179,4.0
74,165,166,3.79786
74,165,180,4.47092
74,166,167,4.22674
74,166,181,4.69765
74,167,168,4.81572
74,167,182,3.928
74,168,169,4.2728
74,168,183,4.22674
74,169,170,4.22674
74,169,184,4.55902
74,170,171,4.90382
74,170,185,4.90382
74,171,172,4.47494
74,171,186,4.76965
74,172,173,4.47092
74,172,187,3.79786
74,173,174,4.13864
74,173,188,4.56751
74,174,175,3.928
74,174,189,4.48344
74,175,176,4.91232
74,175,190,4.68558
74,176,177,4.47494
74,176,191,4.0
74,177,178,4.91232
74,177,192,3.79786
74,178,179,4.90382
74,178,193,4.13014
74,179,194,4.77368
74,180,181,4.55902
74,180,195,4.69765
74,181,182,3.79786
74,181,196,4.77368
74,182,183,4.34078
74,182,197,4.70168
74,183,184,4.35688
74,183,198,4.55902
74,184,185,4.70168
74,184,199,4.89979
74,185,186,4.89979
74,185,200,4.89979
74,186,187,4.47494
74,186,201,4.0
74,187,188,4.90382
74,187,202,4.22674
74,188,189,4.13014
74,188,203,5.11446
74,189,190,3.79786
74,189,204,4.0
74,190,191,4.3448
74,190,205,5.11446
74,191,192,4.2728
74,191,206,4.81572
74,192,193,4.13864
74,192,207,4.14266
74,193,194,5.11446
74,193,208,4.91232
74,194,209,4.35688
74,195,196,5.2446
74,195,210,4.26878
74,196,197,5.2446
74,196,211,4.47494
74,197,198,4.48344
74,197,212,4.22674
74,198,199,4.91232
74,198,213,4.47092
74,199,200,4.47494
74,199,214,4.22674
74,200,201,5.11446
74,200,215,4.69765
74,201,202,4.76965
74,201,216,3.79786
74,202,203,4.70168
74,202,217,4.35688
74,203,204,4.55902
74,203,218,5.04245
74,204,205,4.76965
74,204,219,4.22674
74,205,206,4.22674
74,205,220,4.48344
74,206,207,3.79786
74,206,221,4.61358
74,207,208,4.47092
74,207,222,4.61358
74,208,209,4.91232
74,208,223,3.79786
74,209,224,4.81572
74,210,211,5.2446
74,211,212,4.89979
74,212,213,5.2446
74,213,214,5.04245
74,214,215,4.26878
74,215,216,4.61358
74,216,217,4.3448
74,217,218,4.47494
74,218,219,4.13014
74,219,220,4.3448
74,220,221,4.68558
74,221,222,4.89979
74,222,223,4.70168
74,223,224,3.79786
75,0,1,4.39221
75,0,15,3.84124
75,1,2,4.12969
75,1,16,4.39221
75,2,3,4.0
75,2,17,4.03935
75,3,4,4.19499
75,3,18,3.97093
75,4,5,4.19499
75,4,19,4.0
75,5,6,4.54784
75,5,20,3.99687
75,6,7,3.22587
75,6,21,3.48839
75,7,8,3.3815
75,7,22,3.3815
75,8,9,3.48839
75,8,23,4.03935
75,9,10,3.64715
75,9,24,4.28532
75,10,11,4.54784
75,10,25,3.84124
75,11,12,3.25181
75,11,26,3.44903
75,12,13,3.73436
75,12,27,4.32468
75,13,14,4.0
75,13,28,4.12656
75,14,29,4.39221
75,15,16,4.12969
75,15,30,4.15563
75,16,17,4.19499
75,16,31,4.15563
75,17,18,3.73436
75,17,32,3.48839
75,18,19,4.28532
75,18,33,4.39221
75,19,20,4.12656
75,19,34,3.80278
75,20,21,3.84124
75,20,35,3.61808
75,21,22,3.99687
75,21,36,4.28532
75,22,23,4.03935
75,22,37,3.97093
75,23,24,4.28532
75,23,38,3.48839
75,24,25,4.19499
75,24,39,3.64715
75,25,26,4.67753
75,25,40,3.09618
75,26,27,3.97093
75,26,41,3.48839
75,27,28,3.64402
75,27,42,4.19499
75,28,29,3.25181
75,28,43,3.64402
75,29,44,3.64402
75,30,31,3.84124
75,30,45,4.15563
75,31,32,3.97093
75,31,46,3.25181
75,32,33,3.09618
75,32,47,4.15563
75,33,34,4.16905
75,33,48,4.19499
75,34,35,4.19499
75,34,49,3.77684
75,35,36,3.44903
75,35,50,3.09618
75,36,37,3.93247
75,36,51,4.15563
75,37,38,3.3815
75,37,52,3.99687
75,38,39,3.73436
75,38,53,3.97093
75,39,40,3.48839
75,39,54,3.77684
75,40,41,3.25181
75,40,55,4.12656
75,41,42,4.5219
75,41,56,4.32468
75,42,43,4.12656
75,42,57,3.93247
75,43,44,3.44903
75,43,58,3.97093
75,44,59,4.16905
75,45,46,4.16905
75,45,60,3.60466
75,46,47,3.80278
75,46,61,3.60466
75,47,48,3.73436
75,47,62,4.16905
75,48,49,3.25181
75,48,63,3.64715
75,49,50,3.84124
75,49,64,3.77684
75,50,51,4.67753
75,50,65,3.64402
75,51,52,4.12969
75,51,66,3.77684
75,52,53,3.61808
75,52,67,4.12969
75,53,54,4.12969
75,53,68,3.77371
75,54,55,3.77684
75,54,69,3.25181
75,55,56,4.19499
75,55,70,4.54784
75,56,57,4.12656
75,56,71,4.12969
75,57,58,3.44903
75,57,72,3.64715
75,58,59,4.32468
75,58,73,4.16905
75,59,74,3.22587
75,60,61,3.57872
75,60,75,3.44903
75,61,62,3.22587
75,61,76,4.32468
75,62,63,3.25181
75,62,77,3.44903
75,63,64,3.80278
75,63,78,3.77371
75,64,65,4.12969
75,64,79,4.54784
75,65,66,3.48839
75,65,80,3.3815
75,66,67,4.67753
75,66,81,4.19499
75,67,68,4.32468
75,67,82,3.99687
75,68,69,4.16905
75,68,83,3.80278
75,69,70,3.44903
75,69,84,4.19499
75,70,71,4.39221
75,70,85,4.28532
75,71,72,4.67753
75,71,86,4.16905
75,72,73,3.97093
75,72,87,3.60466
75,73,74,3.60466
75,73,88,3.60466
75,74,89,3.64715
75,75,76,3.64402
75,75,90,4.32468
75,76,77,3.77684
75,76,91,4.12969
75,77,78,4.03935
75,77,92,4.16905
75,78,79,3.22587
75,78,93,4.19499
75,79,80,4.32468
75,79,94,3.77684
75,80,81,4.12969
75,80,95,4.03935
75,81,82,4.0
75,81,96,4.32468
75,82,83,4.28532
75,82,97,3.44903
75,83,84,3.80278
75,83,98,3.77371
75,84,85,4.0
75,84,99,3.97093
75,85,86,3.61808
75,85,100,3.99687
75,86,87,4.5219
75,86,101,3.57872
75,87,88,4.67753
75,87,102,3.99687
75,88,89,3.3815
75,88,103,3.99687
75,89,104,3.60466
75,90,91,3.93247
75,90,105,4.28532
75,91,92,4.03935
75,91,106,3.09618
75,92,93,4.16905
75,92,107,4.12969
75,93,94,4.16905
75,93,108,3.93247
75,94,95,3.64715
75,94,109,4.03935
75,95,96,3.80278
75,95,110,3.77684
75,96,97,4.03935
75,96,111,3.09618
75,97,98,3.84124
75,97,112,3.57872
75,98,99,3.60466
75,98,113,4.16905
75,99,100,3.60466
75,99,114,3.99687
75,100,101,4.19499
75,100,115,3.09618
75,101,102,3.77371
75,101,116,3.22587
75,102,103,4.19499
75,102,117,4.16905
75,103,104,3.80278
75,103,118,3.64402
75,104,119,3.84124
75,105,106,3.93247
75,105,120,4.19499
75,106,107,4.32468
75,106,121,3.93247
75,107,108,4.03935
75,107,122,3.64715
75,108,109,3.77684
75,108,123,3.77684
75,109,110,4.19499
75,109,124,4.0
75,110,111,3.77371
75,110,125,3.80278
75,111,112,4.32468
75,111,126,4.12656
75,112,113,3.57872
75,112,127,3.64715
75,113,114,3.97093
75,113,128,3.77371
75,114,115,3.09618
75,114,129,3.22587
75,115,116,3.60466
75,115,130,4.15563
75,116,117,4.54784
75,116,131,4.19499
75,117,118,4.0
75,117,132,3.77684
75,118,119,3.64715
75,118,133,4.15563
75,119,134,3.25181
75,120,121,3.84124
75,120,135,3.48839
75,121,122,4.39221
75,121,136,3.77684
75,122,123,3.64402
75,122,137,4.28532
75,123,124,3.61808
75,123,138,3.73436
75,124,125,4.5219
75,124,139,4.67753
75,125,126,4.15563
75,125,140,3.22587
75,126,127,3.44903
75,126,141,4.03935
75,127,128,3.80278
75,127,142,4.15563
75,128,129,4.28532
75,128,143,3.73436
75,129,130,4.54784
75,129,144,4.5219
75,130,131,3.44903
75,130,145,3.93247
75,131,132,3.61808
75,131,146,4.32468
75,132,133,3.09618
75,132,147,3.44903
75,133,134,4.15563
75,133,148,4.16905
75,134,149,3.93247
75,135,136,3.97093
75,135,150,3.64715
75,136,137,3.48839
75,136,151,3.61808
75,137,138,3.57872
75,137,152,4.12969
75,138,139,3.57872
75,138,153,4.39221
75,139,140,3.57872
75,139,154,4.16905
75,140,141,4.67753
75,140,155,3.3815
75,141,142,4.12969
75,141,156,3.99687
75,142,143,4.67753
75,142,157,3.44903
75,143,144,4.67753
75,143,158,4.16905
75,144,145,3.09618
75,144,159,4.28532
75,145,146,4.5219
75,145,160,3.97093
75,146,147,4.0
75,146,161,3.84124
75,147,148,3.80278
75,147,162,4.32468
75,148,149,3.44903
75,148,163,3.73436
75,149,164,3.22587
75,150,151,3.64715
75,150,165,4.39221
75,151,152,4.16905
75,151,166,3.97093
75,152,153,3.60466
75,152,167,3.25181
75,153,154,4.54784
75,153,168,3.3815
75,154,155,4.12969
75,154,169,4.12969
75,155,156,3.97093
75,155,170,3.84124
75,156,157,3.25181
75,156,171,3.80278
75,157,158,3.80278
75,157,172,3.09618
75,158,159,4.03935
75,158,173,4.12656
75,159,160,4.32468
75,159,174,4.19499
75,160,161,3.61808
75,160,175,3.84124
75,161,162,4.16905
75,161,176,4.12969
75,162,163,4.54784
75,162,177,3.64715
75,163,164,3.3815
75,163,178,4.39221
75,164,179,4.0
75,165,166,4.39221
75,165,180,3.09618
75,166,167,4.5219
75,166,181,3.61808
75,167,168,3.25181
75,167,182,3.84124
75,168,169,3.99687
75,168,183,4.5219
75,169,170,4.5219
75,169,184,3.57872
75,170,171,3.73436
75,170,185,3.73436
75,171,172,3.60466
75,171,186,3.77684
75,172,173,3.09618
75,172,187,4.39221
75,173,174,4.03935
75,173,188,4.16905
75,174,175,3.84124
75,174,189,4.19499
75,175,176,4.32468
75,175,190,3.80278
75,176,177,3.60466
75,176,191,4.0
75,177,178,4.32468
75,177,192,4.39221
75,178,179,3.73436
75,178,193,3.44903
75,179,194,4.28532
75,180,181,3.57872
75,180,195,3.61808
75,181,182,4.39221
75,181,196,4.28532
75,182,183,3.64715
75,182,197,4.12656
75,183,184,3.97093
75,183,198,3.57872
75,184,185,4.12656
75,184,199,3.22587
75,185,186,3.22587
75,185,200,3.22587
75,186,187,3.60466
75,186,201,4.0
75,187,188,3.73436
75,187,202,4.5219
75,188,189,3.44903
75,188,203,3.93247
75,189,190,4.39221
75,189,204,4.0
75,190,191,4.15563
75,190,205,3.93247
75,191,192,3.99687
75,191,206,3.25181
75,192,193,4.03935
75,192,207,4.54784
75,193,194,3.93247
75,193,208,4.32468
75,194,209,3.97093
75,195,196,3.3815
75,195,210,3.48839
75,196,197,3.3815
75,196,211,3.60466
75,197,198,4.19499
75,197,212,4.5219
75,198,199,4.32468
75,198,213,3.09618
75,199,200,3.60466
75,199,214,4.5219
75,200,201,3.93247
75,200,215,3.61808
75,201,202,3.77684
75,201,216,4.39221
75,202,203,4.12656
75,202,217,3.97093
75,203,204,3.57872
75,203,218,3.77371
75,204,205,3.77684
75,204,219,4.5219
75,205,206,4.5219
75,205,220,4.19499
75,206,207,4.39221
75,206,221,3.64402
75,207,208,3.09618
75,207,222,3.64402
75,208,209,4.32468
75,208,223,4.39221
75,209,224,3.25181
75,210,211,3.3815
75,211,212,3.22587
75,212,213,3.3815
75,213,214,3.77371
75,214,215,3.48839
75,215,216,3.64402
75,216,217,4.15563
75,217,218,3.60466
75,218,219,3.44903
75,219,220,4.15563
75,220,221,3.80278
75,221,222,3.22587
75,222,223,4.12656
75,223,224,4.39221
76,0,1,4.00805
76,0,15,3.08634
76,1,2,4.21735
76,1,16,4.00805
76,2,3,4.0
76,2,17,4.20527
76,3,4,4.19051
76,3,18,3.30369
76,4,5,4.19051
76,4,19,4.0
76,5,6,3.99329
76,5,20,3.07158
76,6,7,3.49286
76,6,21,3.28356
76,7,8,3.4781
76,7,22,3.4781
76,8,9,3.28356
76,8,23,4.20527
76,9,10,4.19722
76,9,24,4.20259
76,10,11,3.99329
76,10,25,3.08634
76,11,12,3.26076
76,11,26,3.07829
76,12,13,3.28088
76,12,27,4.40786
76,13,14,4.0
76,13,28,3.28893
76,14,29,4.00805
76,15,16,4.21735
76,15,30,3.98524
76,16,17,4.19051
76,16,31,3.98524
76,17,18,3.28088
76,17,32,3.28356
76,18,19,4.20259
76,18,33,4.00805
76,19,20,3.28893
76,19,34,4.18246
76,20,21,3.08634
76,20,35,3.50091
76,21,22,3.07158
76,21,36,4.20259
76,22,23,4.20527
76,22,37,3.30369
76,23,24,4.20259
76,23,38,3.28356
76,24,25,4.19051
76,24,39,4.19722
76,25,26,4.21064
76,25,40,3.27551
76,26,27,3.30369
76,26,41,3.28356
76,27,28,3.26881
76,27,42,4.19051
76,28,29,3.26076
76,28,43,3.26881
76,29,44,3.26881
76,30,31,3.08634
76,30,45,3.98524
76,31,32,3.30369
76,31,46,3.26076
76,32,33,3.27551
76,32,47,3.98524
76,33,34,4.42262
76,33,48,4.19051
76,34,35,4.19051
76,34,49,4.41457
76,35,36,3.07829
76,35,50,3.27551
76,36,37,4.39981
76,36,51,3.98524
76,37,38,3.4781
76,37,52,3.07158
76,38,39,3.28088
76,38,53,3.30369
76,39,40,3.28356
76,39,54,4.41457
76,40,41,3.26076
76,40,55,3.28893
76,41,42,4.2254
76,41,56,4.40786
76,42,43,3.28893
76,42,57,4.39981
76,43,44,3.07829
76,43,58,3.30369
76,44,59,4.42262
76,45,46,4.42262
76,45,60,3.06353
76,46,47,4.18246
76,46,61,3.06353
76,47,48,3.28088
76,47,62,4.42262
76,48,49,3.26076
76,48,63,4.19722
76,49,50,3.08634
76,49,64,4.41457
76,50,51,4.21064
76,50,65,3.26881
76,51,52,4.21735
76,51,66,4.41457
76,52,53,3.50091
76,52,67,4.21735
76,53,54,4.21735
76,53,68,3.48615
76,54,55,4.41457
76,54,69,3.26076
76,55,56,4.19051
76,55,70,3.99329
76,56,57,3.28893
76,56,71,4.21735
76,57,58,3.07829
76,57,72,4.19722
76,58,59,4.40786
76,58,73,4.42262
76,59,74,3.49286
76,60,61,3.29564
76,60,75,3.07829
76,61,62,3.49286
76,61,76,4.40786
76,62,63,3.26076
76,62,77,3.07829
76,63,64,4.18246
76,63,78,3.48615
76,64,65,4.21735
76,64,79,3.99329
76,65,66,3.28356
76,65,80,3.4781
76,66,67,4.21064
76,66,81,4.19051
76,67,68,4.40786
76,67,82,3.07158
76,68,69,4.42262
76,68,83,4.18246
76,69,70,3.07829
76,69,84,4.19051
76,70,71,4.00805
76,70,85,4.20259
76,71,72,4.21064
76,71,86,4.42262
76,72,73,3.30369
76,72,87,3.06353
76,73,74,3.06353
76,73,88,3.06353
76,74,89,4.19722
76,75,76,3.26881
76,75,90,4.40786
76,76,77,4.41457
76,76,91,4.21735
76,77,78,4.20527
76,77,92,4.42262
76,78,79,3.49286
76,78,93,4.19051
76,79,80,4.40786
76,79,94,4.41457
76,80,81,4.21735
76,80,95,4.20527
76,81,82,4.0
76,81,96,4.40786
76,82,83,4.20259
76,82,97,3.07829
76,83,84,4.18246
76,83,98,3.48615
76,84,85,4.0
76,84,99,3.30369
76,85,86,3.50091
76,85,100,3.07158
76,86,87,4.2254
76,86,101,3.29564
76,87,88,4.21064
76,87,102,3.07158
76,88,89,3.4781
76,88,103,3.07158
76,89,104,3.06353
76,90,91,4.39981
76,90,105,4.20259
76,91,92,4.20527
76,91,106,3.27551
76,92,93,4.42262
76,92,107,4.21735
76,93,94,4.42262
76,93,108,4.39981
76,94,95,4.19722
76,94,109,4.20527
76,95,96,4.18246
76,95,110,4.41457
76,96,97,4.20527
76,96,111,3.27551
76,97,98,3.08634
76,97,112,3.29564
76,98,99,3.06353
76,98,113,4.42262
76,99,100,3.06353
76,99,114,3.07158
76,100,101,4.19051
76,100,115,3.27551
76,101,102,3.48615
76,101,116,3.49286
76,102,103,4.19051
76,102,117,4.42262
76,103,104,4.18246
76,103,118,3.26881
76,104,119,3.08634
76,105,106,4.39981
76,105,120,4.19051
76,106,107,4.40786
76,106,121,4.39981
76,107,108,4.20527
76,107,122,4.19722
76,108,109,4.41457
76,108,123,4.41457
76,109,110,4.19051
76,109,124,4.0
76,110,111,3.48615
76,110,125,4.18246
76,111,112,4.40786
76,111,126,3.28893
76,112,113,3.29564
76,112,127,4.19722
76,113,114,3.30369
76,113,128,3.48615
76,114,115,3.27551
76,114,129,3.49286
76,115,116,3.06353
76,115,130,3.98524
76,116,117,3.99329
76,116,131,4.19051
76,117,118,4.0
76,117,132,4.41457
76,118,119,4.19722
76,118,133,3.98524
76,119,134,3.26076
76,120,121,3.08634
76,120,135,3.28356
76,121,122,4.00805
76,121,136,4.41457
76,122,123,3.26881
76,122,137,4.20259
76,123,124,3.50091
76,123,138,3.28088
76,124,125,4.2254
76,124,139,4.21064
76,125,126,3.98524
76,125,140,3.49286
76,126,127,3.07829
76,126,141,4.20527
76,127,128,4.18246
76,127,142,3.98524
76,128,129,4.20259
76,128,143,3.28088
76,129,130,3.99329
76,129,144,4.2254
76,130,131,3.07829
76,130,145,4.39981
76,131,132,3.50091
76,131,146,4.40786
76,132,133,3.27551
76,132,147,3.07829
76,133,134,3.98524
76,133,148,4.42262
76,134,149,4.39981
76,135,136,3.30369
76,135,150,4.19722
76,136,137,3.28356
76,136,151,3.50091
76,137,138,3.29564
76,137,152,4.21735
76,138,139,3.29564
76,138,153,4.00805
76,139,140,3.29564
76,139,154,4.42262
76,140,141,4.21064
76,140,155,3.4781
76,141,142,4.21735
76,141,156,3.07158
76,142,143,4.21064
76,142,157,3.07829
76,143,144,4.21064
76,143,158,4.42262
76,144,145,3.27551
76,144,159,4.20259
76,145,146,4.2254
76,145,160,3.30369
76,146,147,4.0
76,146,161,3.08634
76,147,148,4.18246
76,147,162,4.40786
76,148,149,3.07829
76,148,163,3.28088
76,149,164,3.49286
76,150,151,4.19722
76,150,165,4.00805
76,151,152,4.42262
76,151,166,3.30369
76,152,153,3.06353
76,152,167,3.26076
76,153,154,3.99329
76,153,168,3.4781
76,154,155,4.21735
76,154,169,4.21735
76,155,156,3.30369
76,155,170,3.08634
76,156,157,3.26076
76,156,171,4.18246
76,157,158,4.18246
76,157,172,3.27551
76,158,159,4.20527
76,158,173,3.28893
76,159,160,4.40786
76,159,174,4.19051
76,160,161,3.50091
76,160,175,3.08634
76,161,162,4.42262
76,161,176,4.21735
76,162,163,3.99329
76,162,177,4.19722
76,163,164,3.4781
76,163,178,4.00805
76,164,179,4.0
76,165,166,4.00805
76,165,180,3.27551
76,166,167,4.2254
76,166,181,3.50091
76,167,168,3.26076
76,167,182,3.08634
76,168,169,3.07158
76,168,183,4.2254
76,169,170,4.2254
76,169,184,3.29564
76,170,171,3.28088
76,170,185,3.28088
76,171,172,3.06353
76,171,186,4.41457
76,172,173,3.27551
76,172,187,4.00805
76,173,174,4.20527
76,173,188,4.42262
76,174,175,3.08634
76,174,189,4.19051
76,175,176,4.40786
76,175,190,4.18246
76,176,177,3.06353
76,176,191,4.0
76,177,178,4.40786
76,177,192,4.00805
76,178,179,3.28088
76,178,193,3.07829
76,179,194,4.20259
76,180,181,3.29564
76,180,195,3.50091
76,181,182,4.00805
76,181,196,4.20259
76,182,183,4.19722
76,182,197,3.28893
76,183,184,3.30369
76,183,198,3.29564
76,184,185,3.28893
76,184,199,3.49286
76,185,186,3.49286
76,185,200,3.49286
76,186,187,3.06353
76,186,201,4.0
76,187,188,3.28088
76,187,202,4.2254
76,188,189,3.07829
76,188,203,4.39981
76,189,190,4.00805
76,189,204,4.0
76,190,191,3.98524
76,190,205,4.39981
76,191,192,3.07158
76,191,206,3.26076
76,192,193,4.20527
76,192,207,3.99329
76,193,194,4.39981
76,193,208,4.40786
76,194,209,3.30369
76,195,196,3.4781
76,195,210,3.28356
76,196,197,3.4781
76,196,211,3.06353
76,197,198,4.19051
76,197,212,4.2254
76,198,199,4.40786
76,198,213,3.27551
76,199,200,3.06353
76,199,214,4.2254
76,200,201,4.39981
76,200,215,3.50091
76,201,202,4.41457
76,201,216,4.00805
76,202,203,3.28893
76,202,217,3.30369
76,203,204,3.29564
76,203,218,3.48615
76,204,205,4.41457
76,204,219,4.2254
76,205,206,4.2254
76,205,220,4.19051
76,206,207,4.00805
76,206,221,3.26881
76,207,208,3.27551
76,207,222,3.26881
76,208,209,4.40786
76,208,223,4.00805
76,209,224,3.26076
76,210,211,3.4781
76,211,212,3.49286
76,212,213,3.4781
76,213,214,3.48615
76,214,215,3.28356
76,215,216,3.26881
76,216,217,3.98524
76,217,218,3.06353
76,218,219,3.07829
76,219,220,3.98524
76,220,221,4.18246
76,221,222,3.49286
76,222,223,3.28893
76,223,224,4.00805
77,0,1,3.25807
77,0,15,3.28088
77,1,2,3.26344
77,1,16,3.25807
77,2,3,4.0
77,2,17,3.6467
77,3,4,2.67178
77,3,18,2.54432
77,4,5,2.67178
77,4,19,4.0
77,5,6,2.28315
77,5,20,2.30595
77,6,7,3.67488
77,6,21,3.66951
77,7,8,2.69995
77,7,22,2.69995
77,8,9,3.66951
77,8,23,3.6467
77,9,10,4.38863
77,9,24,2.28851
77,10,11,2.28315
77,10,25,3.28088
77,11,12,3.43651
77,11,26,4.02281
77,12,13,2.31132
77,12,27,1.93521
77,13,14,4.0
77,13,28,1.56939
77,14,29,3.25807
77,15,16,3.26344
77,15,30,3.02507
77,16,17,2.67178
77,16,31,3.02507
77,17,18,2.31132
77,17,32,3.66951
77,18,19,2.28851
77,18,33,3.25807
77,19,20,1.56939
77,19,34,3.4137
77,20,21,3.28088
77,20,35,2.93295
77,21,22,2.30595
77,21,36,2.28851
77,22,23,3.6467
77,22,37,2.54432
77,23,24,2.28851
77,23,38,3.66951
77,24,25,2.67178
77,24,39,4.38863
77,25,26,1.54659
77,25,40,4.41144
77,26,27,2.54432
77,26,41,3.66951
77,27,28,2.69458
77,27,42,2.67178
77,28,29,3.43651
77,28,43,2.69458
77,29,44,2.69458
77,30,31,3.28088
77,30,45,3.02507
77,31,32,2.54432
77,31,46,3.43651
77,32,33,4.41144
77,32,47,3.02507
77,33,34,2.91014
77,33,48,2.67178
77,34,35,2.67178
77,34,49,3.65207
77,35,36,4.02281
77,35,50,4.41144
77,36,37,2.67714
77,36,51,3.02507
77,37,38,2.69995
77,37,52,2.30595
77,38,39,2.31132
77,38,53,2.54432
77,39,40,3.66951
77,39,54,3.65207
77,40,41,3.43651
77,40,55,1.56939
77,41,42,2.52151
77,41,56,1.93521
77,42,43,1.56939
77,42,57,2.67714
77,43,44,4.02281
77,43,58,2.54432
77,44,59,2.91014
77,45,46,2.91014
77,45,60,3.04788
77,46,47,3.4137
77,46,61,3.04788
77,47,48,2.31132
77,47,62,2.91014
77,48,49,3.43651
77,48,63,4.38863
77,49,50,3.28088
77,49,64,3.65207
77,50,51,1.54659
77,50,65,2.69458
77,51,52,3.26344
77,51,66,3.65207
77,52,53,2.93295
77,52,67,3.26344
77,53,54,3.26344
77,53,68,1.95802
77,54,55,3.65207
77,54,69,3.43651
77,55,56,2.67178
77,55,70,2.28315
77,56,57,1.56939
77,56,71,3.26344
77,57,58,4.02281
77,57,72,4.38863
77,58,59,1.93521
77,58,73,2.91014
77,59,74,3.67488
77,60,61,3.28625
77,60,75,4.02281
77,61,62,3.67488
77,61,76,1.93521
77,62,63,3.43651
77,62,77,4.02281
77,63,64,3.4137
77,63,78,1.95802
77,64,65,3.26344
77,64,79,2.28315
77,65,66,3.66951
77,65,80,2.69995
77,66,67,1.54659
77,66,81,2.67178
77,67,68,1.93521
77,67,82,2.30595
77,68,69,2.91014
77,68,83,3.4137
77,69,70,4.02281
77,69,84,2.67178
77,70,71,3.25807
77,70,85,2.28851
77,71,72,1.54659
77,71,86,2.91014
77,72,73,2.54432
77,72,87,3.04788
77,73,74,3.04788
77,73,88,3.04788
77,74,89,4.38863
77,75,76,2.69458
77,75,90,1.93521
77,76,77,3.65207
77,76,91,3.26344
77,77,78,3.6467
77,77,92,2.91014
77,78,79,3.67488
77,78,93,2.67178
77,79,80,1.93521
77,79,94,3.65207
77,80,81,3.26344
77,80,95,3.6467
77,81,82,4.0
77,81,96,1.93521
77,82,83,2.28851
77,82,97,4.02281
77,83,84,3.4137
77,83,98,1.95802
77,84,85,4.0
77,84,99,2.54432
77,85,86,2.93295
77,85,100,2.30595
77,86,87,2.52151
77,86,101,3.28625
77,87,88,1.54659
77,87,102,2.30595
77,88,89,2.69995
77,88,103,2.30595
77,89,104,3.04788
77,90,91,2.67714
77,90,105,2.28851
77,91,92,3.6467
77,91,106,4.41144
77,92,93,2.91014
77,92,107,3.26344
77,93,94,2.91014
77,93,108,2.67714
77,94,95,4.38863
77,94,109,3.6467
77,95,96,3.4137
77,95,110,3.65207
77,96,97,3.6467
77,96,111,4.41144
77,97,98,3.28088
77,97,112,3.28625
77,98,99,3.04788
77,98,113,2.91014
77,99,100,3.04788
77,99,114,2.30595
77,100,101,2.67178
77,100,115,4.41144
77,101,102,1.95802
77,101,116,3.67488
77,102,103,2.67178
77,102,117,2.91014
77,103,104,3.4137
77,103,118,2.69458
77,104,119,3.28088
77,105,106,2.67714
77,105,120,2.67178
77,106,107,1.93521
77,106,121,2.67714
77,107,108,3.6467
77,107,122,4.38863
77,108,109,3.65207
77,108,123,3.65207
77,109,110,2.67178
77,109,124,4.0
77,110,111,1.95802
77,110,125,3.4137
77,111,112,1.93521
77,111,126,1.56939
77,112,113,3.28625
77,112,127,4.38863
77,113,114,2.54432
77,113,128,1.95802
77,114,115,4.41144
77,114,129,3.67488
77,115,116,3.04788
77,115,130,3.02507
77,116,117,2.28315
77,116,131,2.67178
77,117,118,4.0
77,117,132,3.65207
77,118,119,4.38863
77,118,133,3.02507
77,119,134,3.43651
77,120,121,3.28088
77,120,135,3.66951
77,121,122,3.25807
77,121,136,3.65207
77,122,123,2.69458
77,122,137,2.28851
77,123,124,2.93295
77,123,138,2.31132
77,124,125,2.52151
77,124,139,1.54659
77,125,126,3.02507
77,125,140,3.67488
77,126,127,4.02281
77,126,141,3.6467
77,127,128,3.4137
77,127,142,3.02507
77,128,129,2.28851
77,128,143,2.31132
77,129,130,2.28315
77,129,144,2.52151
77,130,131,4.02281
77,130,145,2.67714
77,131,132,2.93295
77,131,146,1.93521
77,132,133,4.41144
77,132,147,4.02281
77,133,134,3.02507
77,133,148,2.91014
77,134,149,2.67714
77,135,136,2.54432
77,135,150,4.38863
77,136,137,3.66951
77,136,151,2.93295
77,137,138,3.28625
77,137,152,3.26344
77,138,139,3.28625
77,138,153,3.25807
77,139,140,3.28625
77,139,154,2.91014
77,140,141,1.54659
77,140,155,2.69995
77,141,142,3.26344
77,141,156,2.30595
77,142,143,1.54659
77,142,157,4.02281
77,143,144,1.54659
77,143,158,2.91014
77,144,145,4.41144
77,144,159,2.28851
77,145,146,2.52151
77,145,160,2.54432
77,146,147,4.0
77,146,161,3.28088
77,147,148,3.4137
77,147,162,1.93521
77,148,149,4.02281
77,148,163,2.31132
77,149,164,3.67488
77,150,151,4.38863
77,150,165,3.25807
77,151,152,2.91014
77,151,166,2.54432
77,152,153,3.04788
77,152,167,3.43651
77,153,154,2.28315
77,153,168,2.69995
77,154,155,3.26344
77,154,169,3.26344
77,155,156,2.54432
77,155,170,3.28088
77,156,157,3.43651
77,156,171,3.4137
77,157,158,3.4137
77,157,172,4.41144
77,158,159,3.6467
77,158,173,1.56939
77,159,160,1.93521
77,159,174,2.67178
77,160,161,2.93295
77,160,175,3.28088
77,161,162,2.91014
77,161,176,3.26344
77,162,163,2.28315
77,162,177,4.38863
77,163,164,2.69995
77,163,178,3.25807
77,164,179,4.0
77,165,166,3.25807
77,165,180,4.41144
77,166,167,2.52151
77,166,181,2.93295
77,167,168,3.43651
77,167,182,3.28088
77,168,169,2.30595
77,168,183,2.52151
77,169,170,2.52151
77,169,184,3.28625
77,170,171,2.31132
77,170,185,2.31132
77,171,172,3.04788
77,171,186,3.65207
77,172,173,4.41144
77,172,187,3.25807
77,173,174,3.6467
77,173,188,2.91014
77,174,175,3.28088
77,174,189,2.67178
77,175,176,1.93521
77,175,190,3.4137
77,176,177,3.04788
77,176,191,4.0
77,177,178,1.93521
77,177,192,3.25807
77,178,179,2.31132
77,178,193,4.02281
77,179,194,2.28851
77,180,181,3.28625
77,180,195,2.93295
77,181,182,3.25807
77,181,196,2.28851
77,182,183,4.38863
77,182,197,1.56939
77,183,184,2.54432
77,183,198,3.28625
77,184,185,1.56939
77,184,199,3.67488
77,185,186,3.67488
77,185,200,3.67488
77,186,187,3.04788
77,186,201,4.0
77,187,188,2.31132
77,187,202,2.52151
77,188,189,4.02281
77,188,203,2.67714
77,189,190,3.25807
77,189,204,4.0
77,190,191,3.02507
77,190,205,2.67714
77,191,192,2.30595
77,191,206,3.43651
77,192,193,3.6467
77,192,207,2.28315
77,193,194,2.67714
77,193,208,1.93521
77,194,209,2.54432
77,195,196,2.69995
77,195,210,3.66951
77,196,197,2.69995
77,196,211,3.04788
77,197,198,2.67178
77,197,212,2.52151
77,198,199,1.93521
77,198,213,4.41144
77,199,200,3.04788
77,199,214,2.52151
77,200,201,2.67714
77,200,215,2.93295
77,201,202,3.65207
77,201,216,3.25807
77,202,203,1.56939
77,202,217,2.54432
77,203,204,3.28625
77,203,218,1.95802
77,204,205,3.65207
77,204,219,2.52151
77,205,206,2.52151
77,205,220,2.67178
77,206,207,3.25807
77,206,221,2.69458
77,207,208,4.41144
77,207,222,2.69458
77,208,209,1.93521
77,208,223,3.25807
77,209,224,3.43651
77,210,211,2.69995
77,211,212,3.67488
77,212,213,2.69995
77,213,214,1.95802
77,214,215,3.66951
77,215,216,2.69458
77,216,217,3.02507
77,217,218,3.04788
77,218,219,4.02281
77,219,220,3.02507
77,220,221,3.4137
77,221,222,3.67488
77,222,223,1.56939
77,223,224,3.25807
78,0,1,4.26743
78,0,15,4.47897
78,1,2,4.38952
78,1,16,4.26743
78,2,3,4.0
78,2,17,4.64086
78,3,4,4.98253
78,3,18,4.86849
78,4,5,4.98253
78,4,19,4.0
78,5,6,4.6091
78,5,20,4.82064
78,6,7,4.97448
78,6,21,4.85239
78,7,8,5.31615
78,7,22,5.31615
78,8,9,4.85239
78,8,23,4.64086
78,9,10,4.37342
78,9,24,4.73119
78,10,11,4.6091
78,10,25,4.47897
78,11,12,4.92663
78,11,26,4.21153
78,12,13,4.94273
78,12,27,5.37205
78,13,14,4.0
78,13,28,5.21016
78,14,29,4.26743
78,15,16,4.38952
78,15,30,4.34167
78,16,17,4.98253
78,16,31,4.34167
78,17,18,4.94273
78,17,32,4.85239
78,18,19,4.73119
78,18,33,4.26743
78,19,20,5.21016
78,19,34,4.71509
78,20,21,4.47897
78,20,35,5.24191
78,21,22,4.82064
78,21,36,4.73119
78,22,23,4.64086
78,22,37,4.86849
78,23,24,4.73119
78,23,38,4.85239
78,24,25,4.98253
78,24,39,4.37342
78,25,26,4.99863
78,25,40,4.58496
78,26,27,4.86849
78,26,41,4.85239
78,27,28,5.19406
78,27,42,4.98253
78,28,29,4.92663
78,28,43,5.19406
78,29,44,5.19406
78,30,31,4.47897
78,30,45,4.34167
78,31,32,4.86849
78,31,46,4.92663
78,32,33,4.58496
78,32,47,4.34167
78,33,34,5.03038
78,33,48,4.98253
78,34,35,4.98253
78,34,49,4.76295
78,35,36,4.21153
78,35,50,4.58496
78,36,37,5.10462
78,36,51,4.34167
78,37,38,5.31615
78,37,52,4.82064
78,38,39,4.94273
78,38,53,4.86849
78,39,40,4.85239
78,39,54,4.76295
78,40,41,4.92663
78,40,55,5.21016
78,41,42,4.65696
78,41,56,5.37205
78,42,43,5.21016
78,42,57,5.10462
78,43,44,4.21153
78,43,58,4.86849
78,44,59,5.03038
78,45,46,5.03038
78,45,60,4.5532
78,46,47,4.71509
78,46,61,4.5532
78,47,48,4.94273
78,47,62,5.03038
78,48,49,4.92663
78,48,63,4.37342
78,49,50,4.47897
78,49,64,4.76295
78,50,51,4.99863
78,50,65,5.19406
78,51,52,4.38952
78,51,66,4.76295
78,52,53,5.24191
78,52,67,4.38952
78,53,54,4.38952
78,53,68,5.58358
78,54,55,4.76295
78,54,69,4.92663
78,55,56,4.98253
78,55,70,4.6091
78,56,57,5.21016
78,56,71,4.38952
78,57,58,4.21153
78,57,72,4.37342
78,58,59,5.37205
78,58,73,5.03038
78,59,74,4.97448
78,60,61,4.60106
78,60,75,4.21153
78,61,62,4.97448
78,61,76,5.37205
78,62,63,4.92663
78,62,77,4.21153
78,63,64,4.71509
78,63,78,5.58358
78,64,65,4.38952
78,64,79,4.6091
78,65,66,4.85239
78,65,80,5.31615
78,66,67,4.99863
78,66,81,4.98253
78,67,68,5.37205
78,67,82,4.82064
78,68,69,5.03038
78,68,83,4.71509
78,69,70,4.21153
78,69,84,4.98253
78,70,71,4.26743
78,70,85,4.73119
78,71,72,4.99863
78,71,86,5.03038
78,72,73,4.86849
78,72,87,4.5532
78,73,74,4.5532
78,73,88,4.5532
78,74,89,4.37342
78,75,76,5.19406
78,75,90,5.37205
78,76,77,4.76295
78,76,91,4.38952
78,77,78,4.64086
78,77,92,5.03038
78,78,79,4.97448
78,78,93,4.98253
78,79,80,5.37205
78,79,94,4.76295
78,80,81,4.38952
78,80,95,4.64086
78,81,82,4.0
78,81,96,5.37205
78,82,83,4.73119
78,82,97,4.21153
78,83,84,4.71509
78,83,98,5.58358
78,84,85,4.0
78,84,99,4.86849
78,85,86,5.24191
78,85,100,4.82064
78,86,87,4.65696
78,86,101,4.60106
78,87,88,4.99863
78,87,102,4.82064
78,88,89,5.31615
78,88,103,4.82064
78,89,104,4.5532
78,90,91,5.10462
78,90,105,4.73119
78,91,92,4.64086
78,91,106,4.58496
78,92,93,5.03038
78,92,107,4.38952
78,93,94,5.03038
78,93,108,5.10462
78,94,95,4.37342
78,94,109,4.64086
78,95,96,4.71509
78,95,110,4.76295
78,96,97,4.64086
78,96,111,4.58496
78,97,98,4.47897
78,97,112,4.60106
78,98,99,4.5532
78,98,113,5.03038
78,99,100,4.5532
78,99,114,4.82064
78,100,101,4.98253
78,100,115,4.58496
78,101,102,5.58358
78,101,116,4.97448
78,102,103,4.98253
78,102,117,5.03038
78,103,104,4.71509
78,103,118,5.19406
78,104,119,4.47897
78,105,106,5.10462
78,105,120,4.98253
78,106,107,5.37205
78,106,121,5.10462
78,107,108,4.64086
78,107,122,4.37342
78,108,109,4.76295
78,108,123,4.76295
78,109,110,4.98253
78,109,124,4.0
78,110,111,5.58358
78,110,125,4.71509
78,111,112,5.37205
78,111,126,5.21016
78,112,113,4.60106
78,112,127,4.37342
78,113,114,4.86849
78,113,128,5.58358
78,114,115,4.58496
78,114,129,4.97448
78,115,116,4.5532
78,115,130,4.34167
78,116,117,4.6091
78,116,131,4.98253
78,117,118,4.0
78,117,132,4.76295
78,118,119,4.37342
78,118,133,4.34167
78,119,134,4.92663
78,120,121,4.47897
78,120,135,4.85239
78,121,122,4.26743
78,121,136,4.76295
78,122,123,5.19406
78,122,137,4.73119
78,123,124,5.24191
78,123,138,4.94273
78,124,125,4.65696
78,124,139,4.99863
78,125,126,4.34167
78,125,140,4.97448
78,126,127,4.21153
78,126,141,4.64086
78,127,128,4.71509
78,127,142,4.34167
78,128,129,4.73119
78,128,143,4.94273
78,129,130,4.6091
78,129,144,4.65696
78,130,131,4.21153
78,130,145,5.10462
78,131,132,5.24191
78,131,146,5.37205
78,132,133,4.58496
78,132,147,4.21153
78,133,134,4.34167
78,133,148,5.03038
78,134,149,5.10462
78,135,136,4.86849
78,135,150,4.37342
78,136,137,4.85239
78,136,151,5.24191
78,137,138,4.60106
78,137,152,4.38952
78,138,139,4.60106
78,138,153,4.26743
78,139,140,4.60106
78,139,154,5.03038
78,140,141,4.99863
78,140,155,5.31615
78,141,142,4.38952
78,141,156,4.82064
78,142,143,4.99863
78,142,157,4.21153
78,143,144,4.99863
78,143,158,5.03038
78,144,145,4.58496
78,144,159,4.73119
78,145,146,4.65696
78,145,160,4.86849
78,146,147,4.0
78,146,161,4.47897
78,147,148,4.71509
78,147,162,5.37205
78,148,149,4.21153
78,148,163,4.94273
78,149,164,4.97448
78,150,151,4.37342
78,150,165,4.26743
78,151,152,5.03038
78,151,166,4.86849
78,152,153,4.5532
78,152,167,4.92663
78,153,154,4.6091
78,153,168,5.31615
78,154,155,4.38952
78,154,169,4.38952
78,155,156,4.86849
78,155,170,4.47897
78,156,157,4.92663
78,156,171,4.71509
78,157,158,4.71509
78,157,172,4.58496
78,158,159,4.64086
78,158,173,5.21016
78,159,160,5.37205
78,159,174,4.98253
78,160,161,5.24191
78,160,175,4.47897
78,161,162,5.03038
78,161,176,4.38952
78,162,163,4.6091
78,162,177,4.37342
78,163,164,5.31615
78,163,178,4.26743
78,164,179,4.0
78,165,166,4.26743
78,165,180,4.58496
78,166,167,4.65696
78,166,181,5.24191
78,167,168,4.92663
78,167,182,4.47897
78,168,169,4.82064
78,168,183,4.65696
78,169,170,4.65696
78,169,184,4.60106
78,170,171,4.94273
78,170,185,4.94273
78,171,172,4.5532
78,171,186,4.76295
78,172,173,4.58496
78,172,187,4.26743
78,173,174,4.64086
78,173,188,5.03038
78,174,175,4.47897
78,174,189,4.98253
78,175,176,5.37205
78,175,190,4.71509
78,176,177,4.5532
78,176,191,4.0
78,177,178,5.37205
78,177,192,4.26743
78,178,179,4.94273
78,178,193,4.21153
78,179,194,4.73119
78,180,181,4.60106
78,180,195,5.24191
78,181,182,4.26743
78,181,196,4.73119
78,182,183,4.37342
78,182,197,5.21016
78,183,184,4.86849
78,183,198,4.60106
78,184,185,5.21016
78,184,199,4.97448
78,185,186,4.97448
78,185,200,4.97448
78,186,187,4.5532
78,186,201,4.0
78,187,188,4.94273
78,187,202,4.65696
78,188,189,4.21153
78,188,203,5.10462
78,189,190,4.26743
78,189,204,4.0
78,190,191,4.34167
78,190,205,5.10462
78,191,192,4.82064
78,191,206,4.92663
78,192,193,4.64086
78,192,207,4.6091
78,193,194,5.10462
78,193,208,5.37205
78,194,209,4.86849
78,195,196,5.31615
78,195,210,4.85239
78,196,197,5.31615
78,196,211,4.5532
78,197,198,4.98253
78,197,212,4.65696
78,198,199,5.37205
78,198,213,4.58496
78,199,200,4.5532
78,199,214,4.65696
78,200,201,5.10462
78,200,215,5.24191
78,201,202,4.76295
78,201,216,4.26743
78,202,203,5.21016
78,202,217,4.86849
78,203,204,4.60106
78,203,218,5.58358
78,204,205,4.76295
78,204,219,4.65696
78,205,206,4.65696
78,205,220,4.98253
78,206,207,4.26743
78,206,221,5.19406
78,207,208,4.58496
78,207,222,5.19406
78,208,209,5.37205
78,208,223,4.26743
78,209,224,4.92663
78,210,211,5.31615
78,211,212,4.97448
78,212,213,5.31615
78,213,214,5.58358
78,214,215,4.85239
78,215,216,5.19406
78,216,217,4.34167
78,217,218,4.5532
78,218,219,4.21153
78,219,220,4.34167
78,220,221,4.71509
78,221,222,4.97448
78,222,223,5.21016
78,223,224,4.26743
79,0,1,4.08318
79,0,15,4.03757
79,1,2,4.42128
79,1,16,4.08318
79,2,3,4.0
79,2,17,3.48481
79,3,4,3.45753
79,3,18,4.45884
79,4,5,3.45753
79,4,19,4.0
79,5,6,4.0559
79,5,20,4.01029
79,6,7,3.77729
79,6,21,3.43919
79,7,8,3.75001
79,7,22,3.75001
79,8,9,3.43919
79,8,23,3.48481
79,9,10,3.40163
79,9,24,4.394
79,10,11,4.0559
79,10,25,4.03757
79,11,12,3.32873
79,11,26,3.95438
79,12,13,4.34838
79,12,27,3.87881
79,13,14,4.0
79,13,28,4.43156
79,14,29,4.08318
79,15,16,4.42128
79,15,30,3.97272
79,16,17,3.45753
79,16,31,3.97272
79,17,18,4.34838
79,17,32,3.43919
79,18,19,4.394
79,18,33,4.08318
79,19,20,4.43156
79,19,34,3.37435
79,20,21,4.03757
79,20,35,3.86047
79,21,22,4.01029
79,21,36,4.394
79,22,23,3.48481
79,22,37,4.45884
79,23,24,4.394
79,23,38,3.43919
79,24,25,3.45753
79,24,39,3.40163
79,25,26,4.47718
79,25,40,3.35601
79,26,27,4.45884
79,26,41,3.43919
79,27,28,3.41191
79,27,42,3.45753
79,28,29,3.32873
79,28,43,3.41191
79,29,44,3.41191
79,30,31,4.03757
79,30,45,3.97272
79,31,32,4.45884
79,31,46,3.32873
79,32,33,3.35601
79,32,47,3.97272
79,33,34,3.90609
79,33,48,3.45753
79,34,35,3.45753
79,34,49,3.8229
79,35,36,3.95438
79,35,50,3.35601
79,36,37,3.79562
79,36,51,3.97272
79,37,38,3.75001
79,37,52,4.01029
79,38,39,4.34838
79,38,53,4.45884
79,39,40,3.43919
79,39,54,3.8229
79,40,41,3.32873
79,40,55,4.43156
79,41,42,4.50446
79,41,56,3.87881
79,42,43,4.43156
79,42,57,3.79562
79,43,44,3.95438
79,43,58,4.45884
79,44,59,3.90609
79,45,46,3.90609
79,45,60,3.9271
79,46,47,3.37435
79,46,61,3.9271
79,47,48,4.34838
79,47,62,3.90609
79,48,49,3.32873
79,48,63,3.40163
79,49,50,4.03757
79,49,64,3.8229
79,50,51,4.47718
79,50,65,3.41191
79,51,52,4.42128
79,51,66,3.8229
79,52,53,3.86047
79,52,67,4.42128
79,53,54,4.42128
79,53,68,3.83319
79,54,55,3.8229
79,54,69,3.32873
79,55,56,3.45753
79,55,70,4.0559
79,56,57,4.43156
79,56,71,4.42128
79,57,58,3.95438
79,57,72,3.40163
79,58,59,3.87881
79,58,73,3.90609
79,59,74,3.77729
79,60,61,4.37566
79,60,75,3.95438
79,61,62,3.77729
79,61,76,3.87881
79,62,63,3.32873
79,62,77,3.95438
79,63,64,3.37435
79,63,78,3.83319
79,64,65,4.42128
79,64,79,4.0559
79,65,66,3.43919
79,65,80,3.75001
79,66,67,4.47718
79,66,81,3.45753
79,67,68,3.87881
79,67,82,4.01029
79,68,69,3.90609
79,68,83,3.37435
79,69,70,3.95438
79,69,84,3.45753
79,70,71,4.08318
79,70,85,4.394
79,71,72,4.47718
79,71,86,3.90609
79,72,73,4.45884
79,72,87,3.9271
79,73,74,3.9271
79,73,88,3.9271
79,74,89,3.40163
79,75,76,3.41191
79,75,90,3.87881
79,76,77,3.8229
79,76,91,4.42128
79,77,78,3.48481
79,77,92,3.90609
79,78,79,3.77729
79,78,93,3.45753
79,79,80,3.87881
79,79,94,3.8229
79,80,81,4.42128
79,80,95,3.48481
79,81,82,4.0
79,81,96,3.87881
79,82,83,4.394
79,82,97,3.95438
79,83,84,3.37435
79,83,98,3.83319
79,84,85,4.0
79,84,99,4.45884
79,85,86,3.86047
79,85,100,4.01029
79,86,87,4.50446
79,86,101,4.37566
79,87,88,4.47718
79,87,102,4.01029
79,88,89,3.75001
79,88,103,4.01029
79,89,104,3.9271
79,90,91,3.79562
79,90,105,4.394
79,91,92,3.48481
79,91,106,3.35601
79,92,93,3.90609
79,92,107,4.42128
79,93,94,3.90609
79,93,108,3.79562
79,94,95,3.40163
79,94,109,3.48481
79,95,96,3.37435
79,95,110,3.8229
79,96,97,3.48481
79,96,111,3.35601
79,97,98,4.03757
79,97,112,4.37566
79,98,99,3.9271
79,98,113,3.90609
79,99,100,3.9271
79,99,114,4.01029
79,100,101,3.45753
79,100,115,3.35601
79,101,102,3.83319
79,101,116,3.77729
79,102,103,3.45753
79,102,117,3.90609
79,103,104,3.37435
79,103,118,3.41191
79,104,119,4.03757
79,105,106,3.79562
79,105,120,3.45753
79,106,107,3.87881
79,106,121,3.79562
79,107,108,3.48481
79,107,122,3.40163
79,108,109,3.8229
79,108,123,3.8229
79,109,110,3.45753
79,109,124,4.0
79,110,111,3.83319
79,110,125,3.37435
79,111,112,3.87881
79,111,126,4.43156
79,112,113,4.37566
79,112,127,3.40163
79,113,114,4.45884
79,113,128,3.83319
79,114,115,3.35601
79,114,129,3.77729
79,115,116,3.9271
79,115,130,3.97272
79,116,117,4.0559
79,116,131,3.45753
79,117,118,4.0
79,117,132,3.8229
79,118,119,3.40163
79,118,133,3.97272
79,119,134,3.32873
79,120,121,4.03757
79,120,135,3.43919
79,121,122,4.08318
79,121,136,3.8229
79,122,123,3.41191
79,122,137,4.394
79,123,124,3.86047
79,123,138,4.34838
79,124,125,4.50446
79,124,139,4.47718
79,125,126,3.97272
79,125,140,3.77729
79,126,127,3.95438
79,126,141,3.48481
79,127,128,3.37435
79,127,142,3.97272
79,128,129,4.394
79,128,143,4.34838
79,129,130,4.0559
79,129,144,4.50446
79,130,131,3.95438
79,130,145,3.79562
79,131,132,3.86047
79,131,146,3.87881
79,132,133,3.35601
79,132,147,3.95438
79,133,134,3.97272
79,133,148,3.90609
79,134,149,3.79562
79,135,136,4.45884
79,135,150,3.40163
79,136,137,3.43919
79,136,151,3.86047
79,137,138,4.37566
79,137,152,4.42128
79,138,139,4.37566
79,138,153,4.08318
79,139,140,4.37566
79,139,154,3.90609
79,140,141,4.47718
79,140,155,3.75001
79,141,142,4.42128
79,141,156,4.01029
79,142,143,4.47718
79,142,157,3.95438
79,143,144,4.47718
79,143,158,3.90609
79,144,145,3.35601
79,144,159,4.394
79,145,146,4.50446
79,145,160,4.45884
79,146,147,4.0
79,146,161,4.03757
79,147,148,3.37435
79,147,162,3.87881
79,148,149,3.95438
79,148,163,4.34838
79,149,164,3.77729
79,150,151,3.40163
79,150,165,4.08318
79,151,152,3.90609
79,151,166,4.45884
79,152,153,3.9271
79,152,167,3.32873
79,153,154,4.0559
79,153,168,3.75001
79,154,155,4.42128
79,154,169,4.42128
79,155,156,4.45884
79,155,170,4.03757
79,156,157,3.32873
79,156,171,3.37435
79,157,158,3.37435
79,157,172,3.35601
79,158,159,3.48481
79,158,173,4.43156
79,159,160,3.87881
79,159,174,3.45753
79,160,161,3.86047
79,160,175,4.03757
79,161,162,3.90609
79,161,176,4.42128
79,162,163,4.0559
79,162,177,3.40163
79,163,164,3.75001
79,163,178,4.08318
79,164,179,4.0
79,165,166,4.08318
79,165,180,3.35601
79,166,167,4.50446
79,166,181,3.86047
79,167,168,3.32873
79,167,182,4.03757
79,168,169,4.01029
79,168,183,4.50446
79,169,170,4.50446
79,169,184,4.37566
79,170,171,4.34838
79,170,185,4.34838
79,171,172,3.9271
79,171,186,3.8229
79,172,173,3.35601
79,172,187,4.08318
79,173,174,3.48481
79,173,188,3.90609
79,174,175,4.03757
79,174,189,3.45753
79,175,176,3.87881
79,175,190,3.37435
79,176,177,3.9271
79,176,191,4.0
79,177,178,3.87881
79,177,192,4.08318
79,178,179,4.34838
79,178,193,3.95438
79,179,194,4.394
79,180,181,4.37566
79,180,195,3.86047
79,181,182,4.08318
79,181,196,4.394
79,182,183,3.40163
79,182,197,4.43156
79,183,184,4.45884
79,183,198,4.37566
79,184,185,4.43156
79,184,199,3.77729
79,185,186,3.77729
79,185,200,3.77729
79,186,187,3.9271
79,186,201,4.0
79,187,188,4.34838
79,187,202,4.50446
79,188,189,3.95438
79,188,203,3.79562
79,189,190,4.08318
79,189,204,4.0
79,190,191,3.97272
79,190,205,3.79562
79,191,192,4.01029
79,191,206,3.32873
79,192,193,3.48481
79,192,207,4.0559
79,193,194,3.79562
79,193,208,3.87881
79,194,209,4.45884
79,195,196,3.75001
79,195,210,3.43919
79,196,197,3.75001
79,196,211,3.9271
79,197,198,3.45753
79,197,212,4.50446
79,198,199,3.87881
79,198,213,3.35601
79,199,200,3.9271
79,199,214,4.50446
79,200,201,3.79562
79,200,215,3.86047
79,201,202,3.8229
79,201,216,4.08318
79,202,203,4.43156
79,202,217,4.45884
79,203,204,4.37566
79,203,218,3.83319
79,204,205,3.8229
79,204,219,4.50446
79,205,206,4.50446
79,205,220,3.45753
79,206,207,4.08318
79,206,221,3.41191
79,207,208,3.35601
79,207,222,3.41191
79,208,209,3.87881
79,208,223,4.08318
79,209,224,3.32873
79,210,211,3.75001
79,211,212,3.77729
79,212,213,3.75001
79,213,214,3.83319
79,214,215,3.43919
79,215,216,3.41191
79,216,217,3.97272
79,217,218,3.9271
79,218,219,3.95438
79,219,220,3.97272
79,220,221,3.37435
79,221,222,3.77729
79,222,223,4.43156
79,223,224,4.08318
80,0,1,4.8743
80,0,15,4.93155
80,1,2,4.21511
80,1,16,4.8743
80,2,3,4.0
80,2,17,4.915
80,3,4,5.16499
80,3,18,5.14666
80,4,5,5.16499
80,4,19,4.0
80,5,6,5.12429
80,5,20,5.18154
80,6,7,4.31305
80,6,21,4.97224
80,7,8,4.56304
80,7,22,4.56304
80,8,9,4.97224
80,8,23,4.915
80,9,10,4.0407
80,9,24,4.4651
80,10,11,5.12429
80,10,25,4.93155
80,11,12,4.34793
80,11,26,4.05724
80,12,13,4.52235
80,12,27,5.3801
80,13,14,4.0
80,13,28,5.39665
80,14,29,4.8743
80,15,16,4.21511
80,15,30,4.24999
80,16,17,5.16499
80,16,31,4.24999
80,17,18,4.52235
80,17,32,4.97224
80,18,19,4.4651
80,18,33,4.8743
80,19,20,5.39665
80,19,34,4.29069
80,20,21,4.93155
80,20,35,5.18735
80,21,22,5.18154
80,21,36,4.4651
80,22,23,4.915
80,22,37,5.14666
80,23,24,4.4651
80,23,38,4.97224
80,24,25,5.16499
80,24,39,4.0407
80,25,26,5.3394
80,25,40,4.09794
80,26,27,5.14666
80,26,41,4.97224
80,27,28,5.22223
80,27,42,5.16499
80,28,29,4.34793
80,28,43,5.22223
80,29,44,5.22223
80,30,31,4.93155
80,30,45,4.24999
80,31,32,5.14666
80,31,46,4.34793
80,32,33,4.09794
80,32,47,4.24999
80,33,34,5.13011
80,33,48,5.16499
80,34,35,5.16499
80,34,49,4.25581
80,35,36,4.05724
80,35,50,4.09794
80,36,37,4.5058
80,36,51,4.24999
80,37,38,4.56304
80,37,52,5.18154
80,38,39,4.52235
80,38,53,5.14666
80,39,40,4.97224
80,39,54,4.25581
80,40,41,4.34793
80,40,55,5.39665
80,41,42,5.08941
80,41,56,5.3801
80,42,43,5.39665
80,42,57,4.5058
80,43,44,4.05724
80,43,58,5.14666
80,44,59,5.13011
80,45,46,5.13011
80,45,60,4.30724
80,46,47,4.29069
80,46,61,4.30724
80,47,48,4.52235
80,47,62,5.13011
80,48,49,4.34793
80,48,63,4.0407
80,49,50,4.93155
80,49,64,4.25581
80,50,51,5.3394
80,50,65,5.22223
80,51,52,4.21511
80,51,66,4.25581
80,52,53,5.18735
80,52,67,4.21511
80,53,54,4.21511
80,53,68,5.43734
80,54,55,4.25581
80,54,69,4.34793
80,55,56,5.16499
80,55,70,5.12429
80,56,57,5.39665
80,56,71,4.21511
80,57,58,4.05724
80,57,72,4.0407
80,58,59,5.3801
80,58,73,5.13011
80,59,74,4.31305
80,60,61,4.27235
80,60,75,4.05724
80,61,62,4.31305
80,61,76,5.3801
80,62,63,4.34793
80,62,77,4.05724
80,63,64,4.29069
80,63,78,5.43734
80,64,65,4.21511
80,64,79,5.12429
80,65,66,4.97224
80,65,80,4.56304
80,66,67,5.3394
80,66,81,5.16499
80,67,68,5.3801
80,67,82,5.18154
80,68,69,5.13011
80,68,83,4.29069
80,69,70,4.05724
80,69,84,5.16499
80,70,71,4.8743
80,70,85,4.4651
80,71,72,5.3394
80,71,86,5.13011
80,72,73,5.14666
80,72,87,4.30724
80,73,74,4.30724
80,73,88,4.30724
80,74,89,4.0407
80,75,76,5.22223
80,75,90,5.3801
80,76,77,4.25581
80,76,91,4.21511
80,77,78,4.915
80,77,92,5.13011
80,78,79,4.31305
80,78,93,5.16499
80,79,80,5.3801
80,79,94,4.25581
80,80,81,4.21511
80,80,95,4.915
80,81,82,4.0
80,81,96,5.3801
80,82,83,4.4651
80,82,97,4.05724
80,83,84,4.29069
80,83,98,5.43734
80,84,85,4.0
80,84,99,5.14666
80,85,86,5.18735
80,85,100,5.18154
80,86,87,5.08941
80,86,101,4.27235
80,87,88,5.3394
80,87,102,5.18154
80,88,89,4.56304
80,88,103,5.18154
80,89,104,4.30724
80,90,91,4.5058
80,90,105,4.4651
80,91,92,4.915
80,91,106,4.09794
80,92,93,5.13011
80,92,107,4.21511
80,93,94,5.13011
80,93,108,4.5058
80,94,95,4.0407
80,94,109,4.915
80,95,96,4.29069
80,95,110,4.25581
80,96,97,4.915
80,96,111,4.09794
80,97,98,4.93155
80,97,112,4.27235
80,98,99,4.30724
80,98,113,5.13011
80,99,100,4.30724
80,99,114,5.18154
80,100,101,5.16499
80,100,115,4.09794
80,101,102,5.43734
80,101,116,4.31305
80,102,103,5.16499
80,102,117,5.13011
80,103,104,4.29069
80,103,118,5.22223
80,104,119,4.93155
80,105,106,4.5058
80,105,120,5.16499
80,106,107,5.3801
80,106,121,4.5058
80,107,108,4.915
80,107,122,4.0407
80,108,109,4.25581
80,108,123,4.25581
80,109,110,5.16499
80,109,124,4.0
80,110,111,5.43734
80,110,125,4.29069
80,111,112,5.3801
80,111,126,5.39665
80,112,113,4.27235
80,112,127,4.0407
80,113,114,5.14666
80,113,128,5.43734
80,114,115,4.09794
80,114,129,4.31305
80,115,116,4.30724
80,115,130,4.24999
80,116,117,5.12429
80,116,131,5.16499
80,117,118,4.0
80,117,132,4.25581
80,118,119,4.0407
80,118,133,4.24999
80,119,134,4.34793
80,120,121,4.93155
80,120,135,4.97224
80,121,122,4.8743
80,121,136,4.25581
80,122,123,5.22223
80,122,137,4.4651
80,123,124,5.18735
80,123,138,4.52235
80,124,125,5.08941
80,124,139,5.3394
80,125,126,4.24999
80,125,140,4.31305
80,126,127,4.05724
80,126,141,4.915
80,127,128,4.29069
80,127,142,4.24999
80,128,129,4.4651
80,128,143,4.52235
80,129,130,5.12429
80,129,144,5.08941
80,130,131,4.05724
80,130,145,4.5058
80,131,132,5.18735
80,131,146,5.3801
80,132,133,4.09794
80,132,147,4.05724
80,133,134,4.24999
80,133,148,5.13011
80,134,149,4.5058
80,135,136,5.14666
80,135,150,4.0407
80,136,137,4.97224
80,136,151,5.18735
80,137,138,4.27235
80,137,152,4.21511
80,138,139,4.27235
80,138,153,4.8743
80,139,140,4.27235
80,139,154,5.13011
80,140,141,5.3394
80,140,155,4.56304
80,141,142,4.21511
80,141,156,5.18154
80,142,143,5.3394
80,142,157,4.05724
80,143,144,5.3394
80,143,158,5.13011
80,144,145,4.09794
80,144,159,4.4651
80,145,146,5.08941
80,145,160,5.14666
80,146,147,4.0
80,146,161,4.93155
80,147,148,4.29069
80,147,162,5.3801
80,148,149,4.05724
80,148,163,4.52235
80,149,164,4.31305
80,150,151,4.0407
80,150,165,4.8743
80,151,152,5.13011
80,151,166,5.14666
80,152,153,4.30724
80,152,167,4.34793
80,153,154,5.12429
80,153,168,4.56304
80,154,155,4.21511
80,154,169,4.21511
80,155,156,5.14666
80,155,170,4.93155
80,156,157,4.34793
80,156,171,4.29069
80,157,158,4.29069
80,157,172,4.09794
80,158,159,4.915
80,158,173,5.39665
80,159,160,5.3801
80,159,174,5.16499
80,160,161,5.18735
80,160,175,4.93155
80,161,162,5.13011
80,161,176,4.21511
80,162,163,5.12429
80,162,177,4.0407
80,163,164,4.56304
80,163,178,4.8743
80,164,179,4.0
80,165,166,4.8743
80,165,180,4.09794
80,166,167,5.08941
80,166,181,5.18735
80,167,168,4.34793
80,167,182,4.93155
80,168,169,5.18154
80,168,183,5.08941
80,169,170,5.08941
80,169,184,4.27235
80,170,171,4.52235
80,170,185,4.52235
80,171,172,4.30724
80,171,186,4.25581
80,172,173,4.09794
80,172,187,4.8743
80,173,174,4.915
80,173,188,5.13011
80,174,175,4.93155
80,174,189,5.16499
80,175,176,5.3801
80,175,190,4.29069
80,176,177,4.30724
80,176,191,4.0
80,177,178,5.3801
80,177,192,4.8743
80,178,179,4.52235
80,178,193,4.05724
80,179,194,4.4651
80,180,181,4.27235
80,180,195,5.18735
80,181,182,4.8743
80,181,196,4.4651
80,182,183,4.0407
80,182,197,5.39665
80,183,184,5.14666
80,183,198,4.27235
80,184,185,5.39665
80,184,199,4.31305
80,185,186,4.31305
80,185,200,4.31305
80,186,187,4.30724
80,186,201,4.0
80,187,188,4.52235
80,187,202,5.08941
80,188,189,4.05724
80,188,203,4.5058
80,189,190,4.8743
80,189,204,4.0
80,190,191,4.24999
80,190,205,4.5058
80,191,192,5.18154
80,191,206,4.34793
80,192,193,4.915
80,192,207,5.12429
80,193,194,4.5058
80,193,208,5.3801
80,194,209,5.14666
80,195,196,4.56304
80,195,210,4.97224
80,196,197,4.56304
80,196,211,4.30724
80,197,198,5.16499
80,197,212,5.08941
80,198,199,5.3801
80,198,213,4.09794
80,199,200,4.30724
80,199,214,5.08941
80,200,201,4.5058
80,200,215,5.18735
80,201,202,4.25581
80,201,216,4.8743
80,202,203,5.39665
80,202,217,5.14666
80,203,204,4.27235
80,203,218,5.43734
80,204,205,4.25581
80,204,219,5.08941
80,205,206,5.08941
80,205,220,5.16499
80,206,207,4.8743
80,206,221,5.22223
80,207,208,4.09794
80,207,222,5.22223
80,208,209,5.3801
80,208,223,4.8743
80,209,224,4.34793
80,210,211,4.56304
80,211,212,4.31305
80,212,213,4.56304
80,213,214,5.43734
80,214,215,4.97224
80,215,216,5.22223
80,216,217,4.24999
80,217,218,4.30724
80,218,219,4.05724
80,219,220,4.24999
80,220,221,4.29069
80,221,222,4.31305
80,222,223,5.39665
80,223,224,4.8743
81,0,1,4.45705
81,0,15,4.26609
81,1,2,3.7755
81,1,16,4.45705
81,2,3,4.0
81,2,17,4.61939
81,3,4,5.04559
81,3,18,4.04159
81,4,5,5.04559
81,4,19,4.0
81,5,6,4.88325
81,5,20,4.69229
81,6,7,3.74688
81,6,21,4.42843
81,7,8,4.17307
81,7,22,4.17307
81,8,9,4.42843
81,8,23,4.61939
81,9,10,4.16234
81,9,24,4.20169
81,10,11,4.88325
81,10,25,4.26609
81,11,12,4.39757
81,11,26,3.80904
81,12,13,4.01073
81,12,27,4.82108
81,13,14,4.0
81,13,28,4.46779
81,14,29,4.45705
81,15,16,3.7755
81,15,30,4.42619
81,16,17,5.04559
81,16,31,4.42619
81,17,18,4.01073
81,17,32,4.42843
81,18,19,4.20169
81,18,33,4.45705
81,19,20,4.46779
81,19,34,4.58853
81,20,21,4.26609
81,20,35,4.20393
81,21,22,4.69229
81,21,36,4.20169
81,22,23,4.61939
81,22,37,4.04159
81,23,24,4.20169
81,23,38,4.42843
81,24,25,5.04559
81,24,39,4.16234
81,25,26,4.65875
81,25,40,3.97138
81,26,27,4.04159
81,26,41,4.42843
81,27,28,4.85463
81,27,42,5.04559
81,28,29,4.39757
81,28,43,4.85463
81,29,44,4.85463
81,30,31,4.26609
81,30,45,4.42619
81,31,32,4.04159
81,31,46,4.39757
81,32,33,3.97138
81,32,47,4.42619
81,33,34,4.39489
81,33,48,5.04559
81,34,35,5.04559
81,34,49,3.93784
81,35,36,3.80904
81,35,50,3.97138
81,36,37,4.36403
81,36,51,4.42619
81,37,38,4.17307
81,37,52,4.69229
81,38,39,4.01073
81,38,53,4.04159
81,39,40,4.42843
81,39,54,3.93784
81,40,41,4.39757
81,40,55,4.46779
81,41,42,4.23255
81,41,56,4.82108
81,42,43,4.46779
81,42,57,4.36403
81,43,44,3.80904
81,43,58,4.04159
81,44,59,4.39489
81,45,46,4.39489
81,45,60,4.23523
81,46,47,4.58853
81,46,61,4.23523
81,47,48,4.01073
81,47,62,4.39489
81,48,49,4.39757
81,48,63,4.16234
81,49,50,4.26609
81,49,64,3.93784
81,50,51,4.65875
81,50,65,4.85463
81,51,52,3.7755
81,51,66,3.93784
81,52,53,4.20393
81,52,67,3.7755
81,53,54,3.7755
81,53,68,4.63012
81,54,55,3.93784
81,54,69,4.39757
81,55,56,5.04559
81,55,70,4.88325
81,56,57,4.46779
81,56,71,3.7755
81,57,58,3.80904
81,57,72,4.16234
81,58,59,4.82108
81,58,73,4.39489
81,59,74,3.74688
81,60,61,3.58454
81,60,75,3.80904
81,61,62,3.74688
81,61,76,4.82108
81,62,63,4.39757
81,62,77,3.80904
81,63,64,4.58853
81,63,78,4.63012
81,64,65,3.7755
81,64,79,4.88325
81,65,66,4.42843
81,65,80,4.17307
81,66,67,4.65875
81,66,81,5.04559
81,67,68,4.82108
81,67,82,4.69229
81,68,69,4.39489
81,68,83,4.58853
81,69,70,3.80904
81,69,84,5.04559
81,70,71,4.45705
81,70,85,4.20169
81,71,72,4.65875
81,71,86,4.39489
81,72,73,4.04159
81,72,87,4.23523
81,73,74,4.23523
81,73,88,4.23523
81,74,89,4.16234
81,75,76,4.85463
81,75,90,4.82108
81,76,77,3.93784
81,76,91,3.7755
81,77,78,4.61939
81,77,92,4.39489
81,78,79,3.74688
81,78,93,5.04559
81,79,80,4.82108
81,79,94,3.93784
81,80,81,3.7755
81,80,95,4.61939
81,81,82,4.0
81,81,96,4.82108
81,82,83,4.20169
81,82,97,3.80904
81,83,84,4.58853
81,83,98,4.63012
81,84,85,4.0
81,84,99,4.04159
81,85,86,4.20393
81,85,100,4.69229
81,86,87,4.23255
81,86,101,3.58454
81,87,88,4.65875
81,87,102,4.69229
81,88,89,4.17307
81,88,103,4.69229
81,89,104,4.23523
81,90,91,4.36403
81,90,105,4.20169
81,91,92,4.61939
81,91,106,3.97138
81,92,93,4.39489
81,92,107,3.7755
81,93,94,4.39489
81,93,108,4.36403
81,94,95,4.16234
81,94,109,4.61939
81,95,96,4.58853
81,95,110,3.93784
81,96,97,4.61939
81,96,111,3.97138
81,97,98,4.26609
81,97,112,3.58454
81,98,99,4.23523
81,98,113,4.39489
81,99,100,4.23523
81,99,114,4.69229
81,100,101,5.04559
81,100,115,3.97138
81,101,102,4.63012
81,101,116,3.74688
81,102,103,5.04559
81,102,117,4.39489
81,103,104,4.58853
81,103,118,4.85463
81,104,119,4.26609
81,105,106,4.36403
81,105,120,5.04559
81,106,107,4.82108
81,106,121,4.36403
81,107,108,4.61939
81,107,122,4.16234
81,108,109,3.93784
81,108,123,3.93784
81,109,110,5.04559
81,109,124,4.0
81,110,111,4.63012
81,110,125,4.58853
81,111,112,4.82108
81,111,126,4.46779
81,112,113,3.58454
81,112,127,4.16234
81,113,114,4.04159
81,113,128,4.63012
81,114,115,3.97138
81,114,129,3.74688
81,115,116,4.23523
81,115,130,4.42619
81,116,117,4.88325
81,116,131,5.04559
81,117,118,4.0
81,117,132,3.93784
81,118,119,4.16234
81,118,133,4.42619
81,119,134,4.39757
81,120,121,4.26609
81,120,135,4.42843
81,121,122,4.45705
81,121,136,3.93784
81,122,123,4.85463
81,122,137,4.20169
81,123,124,4.20393
81,123,138,4.01073
81,124,125,4.23255
81,124,139,4.65875
81,125,126,4.42619
81,125,140,3.74688
81,126,127,3.80904
81,126,141,4.61939
81,127,128,4.58853
81,127,142,4.42619
81,128,129,4.20169
81,128,143,4.01073
81,129,130,4.88325
81,129,144,4.23255
81,130,131,3.80904
81,130,145,4.36403
81,131,132,4.20393
81,131,146,4.82108
81,132,133,3.97138
81,132,147,3.80904
81,133,134,4.42619
81,133,148,4.39489
81,134,149,4.36403
81,135,136,4.04159
81,135,150,4.16234
81,136,137,4.42843
81,136,151,4.20393
81,137,138,3.58454
81,137,152,3.7755
81,138,139,3.58454
81,138,153,4.45705
81,139,140,3.58454
81,139,154,4.39489
81,140,141,4.65875
81,140,155,4.17307
81,141,142,3.7755
81,141,156,4.69229
81,142,143,4.65875
81,142,157,3.80904
81,143,144,4.65875
81,143,158,4.39489
81,144,145,3.97138
81,144,159,4.20169
81,145,146,4.23255
81,145,160,4.04159
81,146,147,4.0
81,146,161,4.26609
81,147,148,4.58853
81,147,162,4.82108
81,148,149,3.80904
81,148,163,4.01073
81,149,164,3.74688
81,150,151,4.16234
81,150,165,4.45705
81,151,152,4.39489
81,151,166,4.04159
81,152,153,4.23523
81,152,167,4.39757
81,153,154,4.88325
81,153,168,4.17307
81,154,155,3.7755
81,154,169,3.7755
81,155,156,4.04159
81,155,170,4.26609
81,156,157,4.39757
81,156,171,4.58853
81,157,158,4.58853
81,157,172,3.97138
81,158,159,4.61939
81,158,173,4.46779
81,159,160,4.82108
81,159,174,5.04559
81,160,161,4.20393
81,160,175,4.26609
81,161,162,4.39489
81,161,176,3.7755
81,162,163,4.88325
81,162,177,4.16234
81,163,164,4.17307
81,163,178,4.45705
81,164,179,4.0
81,165,166,4.45705
81,165,180,3.97138
81,166,167,4.23255
81,166,181,4.20393
81,167,168,4.39757
81,167,182,4.26609
81,168,169,4.69229
81,168,183,4.23255
81,169,170,4.23255
81,169,184,3.58454
81,170,171,4.01073
81,170,185,4.01073
81,171,172,4.23523
81,171,186,3.93784
81,172,173,3.97138
81,172,187,4.45705
81,173,174,4.61939
81,173,188,4.39489
81,174,175,4.26609
81,174,189,5.04559
81,175,176,4.82108
81,175,190,4.58853
81,176,177,4.23523
81,176,191,4.0
81,177,178,4.82108
81,177,192,4.45705
81,178,179,4.01073
81,178,193,3.80904
81,179,194,4.20169
81,180,181,3.58454
81,180,195,4.20393
81,181,182,4.45705
81,181,196,4.20169
81,182,183,4.16234
81,182,197,4.46779
81,183,184,4.04159
81,183,198,3.58454
81,184,185,4.46779
81,184,199,3.74688
81,185,186,3.74688
81,185,200,3.74688
81,186,187,4.23523
81,186,201,4.0
81,187,188,4.01073
81,187,202,4.23255
81,188,189,3.80904
81,188,203,4.36403
81,189,190,4.45705
81,189,204,4.0
81,190,191,4.42619
81,190,205,4.36403
81,191,192,4.69229
81,191,206,4.39757
81,192,193,4.61939
81,192,207,4.88325
81,193,194,4.36403
81,193,208,4.82108
81,194,209,4.04159
81,195,196,4.17307
81,195,210,4.42843
81,196,197,4.17307
81,196,211,4.23523
81,197,198,5.04559
81,197,212,4.23255
81,198,199,4.82108
81,198,213,3.97138
81,199,200,4.23523
81,199,214,4.23255
81,200,201,4.36403
81,200,215,4.20393
81,201,202,3.93784
81,201,216,4.45705
81,202,203,4.46779
81,202,217,4.04159
81,203,204,3.58454
81,203,218,4.63012
81,204,205,3.93784
81,204,219,4.23255
81,205,206,4.23255
81,205,220,5.04559
81,206,207,4.45705
81,206,221,4.85463
81,207,208,3.97138
81,207,222,4.85463
81,208,209,4.82108
81,208,223,4.45705
81,209,224,4.39757
81,210,211,4.17307
81,211,212,3.74688
81,212,213,4.17307
81,213,214,4.63012
81,214,215,4.42843
81,215,216,4.85463
81,216,217,4.42619
81,217,218,4.23523
81,218,219,3.80904
81,219,220,4.42619
81,220,221,4.58853
81,221,222,3.74688
81,222,223,4.46779
81,223,224,4.45705
82,0,1,4.61984
82,0,15,4.26117
82,1,2,4.43916
82,1,16,4.61984
82,2,3,4.0
82,2,17,4.80588
82,3,4,4.94496
82,3,18,4.70034
82,4,5,4.94496
82,4,19,4.0
82,5,6,4.75892
82,5,20,4.40026
82,6,7,4.26654
82,6,21,4.44721
82,7,8,4.40562
82,7,22,4.40562
82,8,9,4.44721
82,8,23,4.80588
82,9,10,4.18604
82,9,24,4.57825
82,10,11,4.75892
82,10,25,4.26117
82,11,12,3.96646
82,11,26,3.64133
82,12,13,4.21958
82,12,27,5.38413
82,13,14,4.0
82,13,28,4.83942
82,14,29,4.61984
82,15,16,4.43916
82,15,30,4.13908
82,16,17,4.94496
82,16,31,4.13908
82,17,18,4.21958
82,17,32,4.44721
82,18,19,4.57825
82,18,33,4.61984
82,19,20,4.83942
82,19,34,4.32512
82,20,21,4.26117
82,20,35,4.88638
82,21,22,4.40026
82,21,36,4.57825
82,22,23,4.80588
82,22,37,4.70034
82,23,24,4.57825
82,23,38,4.44721
82,24,25,4.94496
82,24,39,4.18604
82,25,26,5.19809
82,25,40,3.82738
82,26,27,4.70034
82,26,41,4.44721
82,27,28,4.5863
82,27,42,4.94496
82,28,29,3.96646
82,28,43,4.5863
82,29,44,4.5863
82,30,31,4.26117
82,30,45,4.13908
82,31,32,4.70034
82,31,46,3.96646
82,32,33,3.82738
82,32,47,4.13908
82,33,34,5.24504
82,33,48,4.94496
82,34,35,4.94496
82,34,49,4.6252
82,35,36,3.64133
82,35,50,3.82738
82,36,37,4.76429
82,36,51,4.13908
82,37,38,4.40562
82,37,52,4.40026
82,38,39,4.21958
82,38,53,4.70034
82,39,40,4.44721
82,39,54,4.6252
82,40,41,3.96646
82,40,55,4.83942
82,41,42,5.059
82,41,56,5.38413
82,42,43,4.83942
82,42,57,4.76429
82,43,44,3.64133
82,43,58,4.70034
82,44,59,5.24504
82,45,46,5.24504
82,45,60,3.78042
82,46,47,4.32512
82,46,61,3.78042
82,47,48,4.21958
82,47,62,5.24504
82,48,49,3.96646
82,48,63,4.18604
82,49,50,4.26117
82,49,64,4.6252
82,50,51,5.19809
82,50,65,4.5863
82,51,52,4.43916
82,51,66,4.6252
82,52,53,4.88638
82,52,67,4.43916
82,53,54,4.43916
82,53,68,5.02546
82,54,55,4.6252
82,54,69,3.96646
82,55,56,4.94496
82,55,70,4.75892
82,56,57,4.83942
82,56,71,4.43916
82,57,58,3.64133
82,57,72,4.18604
82,58,59,5.38413
82,58,73,5.24504
82,59,74,4.26654
82,60,61,4.0805
82,60,75,3.64133
82,61,62,4.26654
82,61,76,5.38413
82,62,63,3.96646
82,62,77,3.64133
82,63,64,4.32512
82,63,78,5.02546
82,64,65,4.43916
82,64,79,4.75892
82,65,66,4.44721
82,65,80,4.40562
82,66,67,5.19809
82,66,81,4.94496
82,67,68,5.38413
82,67,82,4.40026
82,68,69,5.24504
82,68,83,4.32512
82,69,70,3.64133
82,69,84,4.94496
82,70,71,4.61984
82,70,85,4.57825
82,71,72,5.19809
82,71,86,5.24504
82,72,73,4.70034
82,72,87,3.78042
82,73,74,3.78042
82,73,88,3.78042
82,74,89,4.18604
82,75,76,4.5863
82,75,90,5.38413
82,76,77,4.6252
82,76,91,4.43916
82,77,78,4.80588
82,77,92,5.24504
82,78,79,4.26654
82,78,93,4.94496
82,79,80,5.38413
82,79,94,4.6252
82,80,81,4.43916
82,80,95,4.80588
82,81,82,4.0
82,81,96,5.38413
82,82,83,4.57825
82,82,97,3.64133
82,83,84,4.32512
82,83,98,5.02546
82,84,85,4.0
82,84,99,4.70034
82,85,86,4.88638
82,85,100,4.40026
82,86,87,5.059
82,86,101,4.0805
82,87,88,5.19809
82,87,102,4.40026
82,88,89,4.40562
82,88,103,4.40026
82,89,104,3.78042
82,90,91,4.76429
82,90,105,4.57825
82,91,92,4.80588
82,91,106,3.82738
82,92,93,5.24504
82,92,107,4.43916
82,93,94,5.24504
82,93,108,4.76429
82,94,95,4.18604
82,94,109,4.80588
82,95,96,4.32512
82,95,110,4.6252
82,96,97,4.80588
82,96,111,3.82738
82,97,98,4.26117
82,97,112,4.0805
82,98,99,3.78042
82,98,113,5.24504
82,99,100,3.78042
82,99,114,4.40026
82,100,101,4.94496
82,100,115,3.82738
82,101,102,5.02546
82,101,116,4.26654
82,102,103,4.94496
82,102,117,5.24504
82,103,104,4.32512
82,103,118,4.5863
82,104,119,4.26117
82,105,106,4.76429
82,105,120,4.94496
82,106,107,5.38413
82,106,121,4.76429
82,107,108,4.80588
82,107,122,4.18604
82,108,109,4.6252
82,108,123,4.6252
82,109,110,4.94496
82,109,124,4.0
82,110,111,5.02546
82,110,125,4.32512
82,111,112,5.38413
82,111,126,4.83942
82,112,113,4.0805
82,112,127,4.18604
82,113,114,4.70034
82,113,128,5.02546
82,114,115,3.82738
82,114,129,4.26654
82,115,116,3.78042
82,115,130,4.13908
82,116,117,4.75892
82,116,131,4.94496
82,117,118,4.0
82,117,132,4.6252
82,118,119,4.18604
82,118,133,4.13908
82,119,134,3.96646
82,120,121,4.26117
82,120,135,4.44721
82,121,122,4.61984
82,121,136,4.6252
82,122,123,4.5863
82,122,137,4.57825
82,123,124,4.88638
82,123,138,4.21958
82,124,125,5.059
82,124,139,5.19809
82,125,126,4.13908
82,125,140,4.26654
82,126,127,3.64133
82,126,141,4.80588
82,127,128,4.32512
82,127,142,4.13908
82,128,129,4.57825
82,128,143,4.21958
82,129,130,4.75892
82,129,144,5.059
82,130,131,3.64133
82,130,145,4.76429
82,131,132,4.88638
82,131,146,5.38413
82,132,133,3.82738
82,132,147,3.64133
82,133,134,4.13908
82,133,148,5.24504
82,134,149,4.76429
82,135,136,4.70034
82,135,150,4.18604
82,136,137,4.44721
82,136,151,4.88638
82,137,138,4.0805
82,137,152,4.43916
82,138,139,4.0805
82,138,153,4.61984
82,139,140,4.0805
82,139,154,5.24504
82,140,141,5.19809
82,140,155,4.40562
82,141,142,4.43916
82,141,156,4.40026
82,142,143,5.19809
82,142,157,3.64133
82,143,144,5.19809
82,143,158,5.24504
82,144,145,3.82738
82,144,159,4.57825
82,145,146,5.059
82,145,160,4.70034
82,146,147,4.0
82,146,161,4.26117
82,147,148,4.32512
82,147,162,5.38413
82,148,149,3.64133
82,148,163,4.21958
82,149,164,4.26654
82,150,151,4.18604
82,150,165,4.61984
82,151,152,5.24504
82,151,166,4.70034
82,152,153,3.78042
82,152,167,3.96646
82,153,154,4.75892
82,153,168,4.40562
82,154,155,4.43916
82,154,169,4.43916
82,155,156,4.70034
82,155,170,4.26117
82,156,157,3.96646
82,156,171,4.32512
82,157,158,4.32512
82,157,172,3.82738
82,158,159,4.80588
82,158,173,4.83942
82,159,160,5.38413
82,159,174,4.94496
82,160,161,4.88638
82,160,175,4.26117
82,161,162,5.24504
82,161,176,4.43916
82,162,163,4.75892
82,162,177,4.18604
82,163,164,4.40562
82,163,178,4.61984
82,164,179,4.0
82,165,166,4.61984
82,165,180,3.82738
82,166,167,5.059
82,166,181,4.88638
82,167,168,3.96646
82,167,182,4.26117
82,168,169,4.40026
82,168,183,5.059
82,169,170,5.059
82,169,184,4.0805
82,170,171,4.21958
82,170,185,4.21958
82,171,172,3.78042
82,171,186,4.6252
82,172,173,3.82738
82,172,187,4.61984
82,173,174,4.80588
82,173,188,5.24504
82,174,175,4.26117
82,174,189,4.94496
82,175,176,5.38413
82,175,190,4.32512
82,176,177,3.78042
82,176,191,4.0
82,177,178,5.38413
82,177,192,4.61984
82,178,179,4.21958
82,178,193,3.64133
82,179,194,4.57825
82,180,181,4.0805
82,180,195,4.88638
82,181,182,4.61984
82,181,196,4.57825
82,182,183,4.18604
82,182,197,4.83942
82,183,184,4.70034
82,183,198,4.0805
82,184,185,4.83942
82,184,199,4.26654
82,185,186,4.26654
82,185,200,4.26654
82,186,187,3.78042
82,186,201,4.0
82,187,188,4.21958
82,187,202,5.059
82,188,189,3.64133
82,188,203,4.76429
82,189,190,4.61984
82,189,204,4.0
82,190,191,4.13908
82,190,205,4.76429
82,191,192,4.40026
82,191,206,3.96646
82,192,193,4.80588
82,192,207,4.75892
82,193,194,4.76429
82,193,208,5.38413
82,194,209,4.70034
82,195,196,4.40562
82,195,210,4.44721
82,196,197,4.40562
82,196,211,3.78042
82,197,198,4.94496
82,197,212,5.059
82,198,199,5.38413
82,198,213,3.82738
82,199,200,3.78042
82,199,214,5.059
82,200,201,4.76429
82,200,215,4.88638
82,201,202,4.6252
82,201,216,4.61984
82,202,203,4.83942
82,202,217,4.70034
82,203,204,4.0805
82,203,218,5.02546
82,204,205,4.6252
82,204,219,5.059
82,205,206,5.059
82,205,220,4.94496
82,206,207,4.61984
82,206,221,4.5863
82,207,208,3.82738
82,207,222,4.5863
82,208,209,5.38413
82,208,223,4.61984
82,209,224,3.96646
82,210,211,4.40562
82,211,212,4.26654
82,212,213,4.40562
82,213,214,5.02546
82,214,215,4.44721
82,215,216,4.5863
82,216,217,4.13908
82,217,218,3.78042
82,218,219,3.64133
82,219,220,4.13908
82,220,221,4.32512
82,221,222,4.26654
82,222,223,4.83942
82,223,224,4.61984
83,0,1,4.28264
83,0,15,4.42172
83,1,2,4.16771
83,1,16,4.28264
83,2,3,4.0
83,2,17,3.45395
83,3,4,4.23792
83,3,18,4.58943
83,4,5,4.23792
83,4,19,4.0
83,5,6,5.0666
83,5,20,5.20569
83,6,7,3.4781
83,6,21,3.59304
83,7,8,4.26207
83,7,22,4.26207
83,8,9,3.59304
83,8,23,3.45395
83,9,10,3.17131
83,9,24,4.95167
83,10,11,5.0666
83,10,25,4.42172
83,11,12,4.09436
83,11,26,4.13908
83,12,13,5.09075
83,12,27,4.40562
83,13,14,4.0
83,13,28,5.37339
83,14,29,4.28264
83,15,16,4.16771
83,15,30,4.78397
83,16,17,4.23792
83,16,31,4.78397
83,17,18,5.09075
83,17,32,3.59304
83,18,19,4.95167
83,18,33,4.28264
83,19,20,5.37339
83,19,34,3.95528
83,20,21,4.42172
83,20,35,3.76074
83,21,22,5.20569
83,21,36,4.95167
83,22,23,3.45395
83,22,37,4.58943
83,23,24,4.95167
83,23,38,3.59304
83,24,25,4.23792
83,24,39,3.17131
83,25,26,5.23431
83,25,40,3.3104
83,26,27,4.58943
83,26,41,3.59304
83,27,28,4.377
83,27,42,4.23792
83,28,29,4.09436
83,28,43,4.377
83,29,44,4.377
83,30,31,4.42172
83,30,45,4.78397
83,31,32,4.58943
83,31,46,4.09436
83,32,33,3.3104
83,32,47,4.78397
83,33,34,3.62166
83,33,48,4.23792
83,34,35,4.23792
83,34,49,3.33902
83,35,36,4.13908
83,35,50,3.3104
83,36,37,4.12298
83,36,51,4.78397
83,37,38,4.26207
83,37,52,5.20569
83,38,39,5.09075
83,38,53,4.58943
83,39,40,3.59304
83,39,54,3.33902
83,40,41,4.09436
83,40,55,5.37339
83,41,42,4.45034
83,41,56,4.40562
83,42,43,5.37339
83,42,57,4.12298
83,43,44,4.13908
83,43,58,4.58943
83,44,59,3.62166
83,45,46,3.62166
83,45,60,4.92305
83,46,47,3.95528
83,46,61,4.92305
83,47,48,5.09075
83,47,62,3.62166
83,48,49,4.09436
83,48,63,3.17131
83,49,50,4.42172
83,49,64,3.33902
83,50,51,5.23431
83,50,65,4.377
83,51,52,4.16771
83,51,66,3.33902
83,52,53,3.76074
83,52,67,4.16771
83,53,54,4.16771
83,53,68,4.54471
83,54,55,3.33902
83,54,69,4.09436
83,55,56,4.23792
83,55,70,5.0666
83,56,57,5.37339
83,56,71,4.16771
83,57,58,4.13908
83,57,72,3.17131
83,58,59,4.40562
83,58,73,3.62166
83,59,74,3.4781
83,60,61,4.30679
83,60,75,4.13908
83,61,62,3.4781
83,61,76,4.40562
83,62,63,4.09436
83,62,77,4.13908
83,63,64,3.95528
83,63,78,4.54471
83,64,65,4.16771
83,64,79,5.0666
83,65,66,3.59304
83,65,80,4.26207
83,66,67,5.23431
83,66,81,4.23792
83,67,68,4.40562
83,67,82,5.20569
83,68,69,3.62166
83,68,83,3.95528
83,69,70,4.13908
83,69,84,4.23792
83,70,71,4.28264
83,70,85,4.95167
83,71,72,5.23431
83,71,86,3.62166
83,72,73,4.58943
83,72,87,4.92305
83,73,74,4.92305
83,73,88,4.92305
83,74,89,3.17131
83,75,76,4.377
83,75,90,4.40562
83,76,77,3.33902
83,76,91,4.16771
83,77,78,3.45395
83,77,92,3.62166
83,78,79,3.4781
83,78,93,4.23792
83,79,80,4.40562
83,79,94,3.33902
83,80,81,4.16771
83,80,95,3.45395
83,81,82,4.0
83,81,96,4.40562
83,82,83,4.95167
83,82,97,4.13908
83,83,84,3.95528
83,83,98,4.54471
83,84,85,4.0
83,84,99,4.58943
83,85,86,3.76074
83,85,100,5.20569
83,86,87,4.45034
83,86,101,4.30679
83,87,88,5.23431
83,87,102,5.20569
83,88,89,4.26207
83,88,103,5.20569
83,89,104,4.92305
83,90,91,4.12298
83,90,105,4.95167
83,91,92,3.45395
83,91,106,3.3104
83,92,93,3.62166
83,92,107,4.16771
83,93,94,3.62166
83,93,108,4.12298
83,94,95,3.17131
83,94,109,3.45395
83,95,96,3.95528
83,95,110,3.33902
83,96,97,3.45395
83,96,111,3.3104
83,97,98,4.42172
83,97,112,4.30679
83,98,99,4.92305
83,98,113,3.62166
83,99,100,4.92305
83,99,114,5.20569
83,100,101,4.23792
83,100,115,3.3104
83,101,102,4.54471
83,101,116,3.4781
83,102,103,4.23792
83,102,117,3.62166
83,103,104,3.95528
83,103,118,4.377
83,104,119,4.42172
83,105,106,4.12298
83,105,120,4.23792
83,106,107,4.40562
83,106,121,4.12298
83,107,108,3.45395
83,107,122,3.17131
83,108,109,3.33902
83,108,123,3.33902
83,109,110,4.23792
83,109,124,4.0
83,110,111,4.54471
83,110,125,3.95528
83,111,112,4.40562
83,111,126,5.37339
83,112,113,4.30679
83,112,127,3.17131
83,113,114,4.58943
83,113,128,4.54471
83,114,115,3.3104
83,114,129,3.4781
83,115,116,4.92305
83,115,130,4.78397
83,116,117,5.0666
83,116,131,4.23792
83,117,118,4.0
83,117,132,3.33902
83,118,119,3.17131
83,118,133,4.78397
83,119,134,4.09436
83,120,121,4.42172
83,120,135,3.59304
83,121,122,4.28264
83,121,136,3.33902
83,122,123,4.377
83,122,137,4.95167
83,123,124,3.76074
83,123,138,5.09075
83,124,125,4.45034
83,124,139,5.23431
83,125,126,4.78397
83,125,140,3.4781
83,126,127,4.13908
83,126,141,3.45395
83,127,128,3.95528
83,127,142,4.78397
83,128,129,4.95167
83,128,143,5.09075
83,129,130,5.0666
83,129,144,4.45034
83,130,131,4.13908
83,130,145,4.12298
83,131,132,3.76074
83,131,146,4.40562
83,132,133,3.3104
83,132,147,4.13908
83,133,134,4.78397
83,133,148,3.62166
83,134,149,4.12298
83,135,136,4.58943
83,135,150,3.17131
83,136,137,3.59304
83,136,151,3.76074
83,137,138,4.30679
83,137,152,4.16771
83,138,139,4.30679
83,138,153,4.28264
83,139,140,4.30679
83,139,154,3.62166
83,140,141,5.23431
83,140,155,4.26207
83,141,142,4.16771
83,141,156,5.20569
83,142,143,5.23431
83,142,157,4.13908
83,143,144,5.23431
83,143,158,3.62166
83,144,145,3.3104
83,144,159,4.95167
83,145,146,4.45034
83,145,160,4.58943
83,146,147,4.0
83,146,161,4.42172
83,147,148,3.95528
83,147,162,4.40562
83,148,149,4.13908
83,148,163,5.09075
83,149,164,3.4781
83,150,151,3.17131
83,150,165,4.28264
83,151,152,3.62166
83,151,166,4.58943
83,152,153,4.92305
83,152,167,4.09436
83,153,154,5.0666
83,153,168,4.26207
83,154,155,4.16771
83,154,169,4.16771
83,155,156,4.58943
83,155,170,4.42172
83,156,157,4.09436
83,156,171,3.95528
83,157,158,3.95528
83,157,172,3.3104
83,158,159,3.45395
83,158,173,5.37339
83,159,160,4.40562
83,159,174,4.23792
83,160,161,3.76074
83,160,175,4.42172
83,161,162,3.62166
83,161,176,4.16771
83,162,163,5.0666
83,162,177,3.17131
83,163,164,4.26207
83,163,178,4.28264
83,164,179,4.0
83,165,166,4.28264
83,165,180,3.3104
83,166,167,4.45034
83,166,181,3.76074
83,167,168,4.09436
83,167,182,4.42172
83,168,169,5.20569
83,168,183,4.45034
83,169,170,4.45034
83,169,184,4.30679
83,170,171,5.09075
83,170,185,5.09075
83,171,172,4.92305
83,171,186,3.33902
83,172,173,3.3104
83,172,187,4.28264
83,173,174,3.45395
83,173,188,3.62166
83,174,175,4.42172
83,174,189,4.23792
83,175,176,4.40562
83,175,190,3.95528
83,176,177,4.92305
83,176,191,4.0
83,177,178,4.40562
83,177,192,4.28264
83,178,179,5.09075
83,178,193,4.13908
83,179,194,4.95167
83,180,181,4.30679
83,180,195,3.76074
83,181,182,4.28264
83,181,196,4.95167
83,182,183,3.17131
83,182,197,5.37339
83,183,184,4.58943
83,183,198,4.30679
83,184,185,5.37339
83,184,199,3.4781
83,185,186,3.4781
83,185,200,3.4781
83,186,187,4.92305
83,186,201,4.0
83,187,188,5.09075
83,187,202,4.45034
83,188,189,4.13908
83,188,203,4.12298
83,189,190,4.28264
83,189,204,4.0
83,190,191,4.78397
83,190,205,4.12298
83,191,192,5.20569
83,191,206,4.09436
83,192,193,3.45395
83,192,207,5.0666
83,193,194,4.12298
83,193,208,4.40562
83,194,209,4.58943
83,195,196,4.26207
83,195,210,3.59304
83,196,197,4.26207
83,196,211,4.92305
83,197,198,4.23792
83,197,212,4.45034
83,198,199,4.40562
83,198,213,3.3104
83,199,200,4.92305
83,199,214,4.45034
83,200,201,4.12298
83,200,215,3.76074
83,201,202,3.33902
83,201,216,4.28264
83,202,203,5.37339
83,202,217,4.58943
83,203,204,4.30679
83,203,218,4.54471
83,204,205,3.33902
83,204,219,4.45034
83,205,206,4.45034
83,205,220,4.23792
83,206,207,4.28264
83,206,221,4.377
83,207,208,3.3104
83,207,222,4.377
83,208,209,4.40562
83,208,223,4.28264
83,209,224,4.09436
83,210,211,4.26207
83,211,212,3.4781
83,212,213,4.26207
83,213,214,4.54471
83,214,215,3.59304
83,215,216,4.377
83,216,217,4.78397
83,217,218,4.92305
83,218,219,4.13908
83,219,220,4.78397
83,220,221,3.95528
83,221,222,3.4781
83,222,223,5.37339
83,223,224,4.28264
84,0,1,4.62968
84,0,15,4.62252
84,1,2,3.72228
84,1,16,4.62968
84,2,3,4.0
84,2,17,4.40428
84,3,4,4.94183
84,3,18,4.3448
84,4,5,4.94183
84,4,19,4.0
84,5,6,5.16723
84,5,20,5.16007
84,6,7,3.48973
84,6,21,4.39713
84,7,8,4.02728
84,7,22,4.02728
84,8,9,4.39713
84,8,23,4.40428
84,9,10,3.7746
84,9,24,4.25983
84,10,11,5.16723
84,10,25,4.62252
84,11,12,4.305
84,11,26,3.99284
84,12,13,4.25268
84,12,27,4.66411
84,13,14,4.0
84,13,28,4.88235
84,14,29,4.62968
84,15,16,3.72228
84,15,30,4.53755
84,16,17,4.94183
84,16,31,4.53755
84,17,18,4.25268
84,17,32,4.39713
84,18,19,4.25983
84,18,33,4.62968
84,19,20,4.88235
84,19,34,4.31216
84,20,21,4.62252
84,20,35,4.11941
84,21,22,5.16007
84,21,36,4.25983
84,22,23,4.40428
84,22,37,4.3448
84,23,24,4.25983
84,23,38,4.39713
84,24,25,4.94183
84,24,39,3.7746
84,25,26,4.88951
84,25,40,3.76745
84,26,27,4.3448
84,26,41,4.39713
84,27,28,4.93468
84,27,42,4.94183
84,28,29,4.305
84,28,43,4.93468
84,29,44,4.93468
84,30,31,4.62252
84,30,45,4.53755
84,31,32,4.3448
84,31,46,4.305
84,32,33,3.76745
84,32,47,4.53755
84,33,34,4.12656
84,33,48,4.94183
84,34,35,4.94183
84,34,49,3.49688
84,35,36,3.99284
84,35,50,3.76745
84,36,37,4.03444
84,36,51,4.53755
84,37,38,4.02728
84,37,52,5.16007
84,38,39,4.25268
84,38,53,4.3448
84,39,40,4.39713
84,39,54,3.49688
84,40,41,4.305
84,40,55,4.88235
84,41,42,4.35196
84,41,56,4.66411
84,42,43,4.88235
84,42,57,4.03444
84,43,44,3.99284
84,43,58,4.3448
84,44,59,4.12656
84,45,46,4.12656
84,45,60,4.5304
84,46,47,4.31216
84,46,61,4.5304
84,47,48,4.25268
84,47,62,4.12656
84,48,49,4.305
84,48,63,3.7746
84,49,50,4.62252
84,49,64,3.49688
84,50,51,4.88951
84,50,65,4.93468
84,51,52,3.72228
84,51,66,3.49688
84,52,53,4.11941
84,52,67,3.72228
84,53,54,3.72228
84,53,68,4.65696
84,54,55,3.49688
84,54,69,4.305
84,55,56,4.94183
84,55,70,5.16723
84,56,57,4.88235
84,56,71,3.72228
84,57,58,3.99284
84,57,72,3.7746
84,58,59,4.66411
84,58,73,4.12656
84,59,74,3.48973
84,60,61,3.71512
84,60,75,3.99284
84,61,62,3.48973
84,61,76,4.66411
84,62,63,4.305
84,62,77,3.99284
84,63,64,4.31216
84,63,78,4.65696
84,64,65,3.72228
84,64,79,5.16723
84,65,66,4.39713
84,65,80,4.02728
84,66,67,4.88951
84,66,81,4.94183
84,67,68,4.66411
84,67,82,5.16007
84,68,69,4.12656
84,68,83,4.31216
84,69,70,3.99284
84,69,84,4.94183
84,70,71,4.62968
84,70,85,4.25983
84,71,72,4.88951
84,71,86,4.12656
84,72,73,4.3448
84,72,87,4.5304
84,73,74,4.5304
84,73,88,4.5304
84,74,89,3.7746
84,75,76,4.93468
84,75,90,4.66411
84,76,77,3.49688
84,76,91,3.72228
84,77,78,4.40428
84,77,92,4.12656
84,78,79,3.48973
84,78,93,4.94183
84,79,80,4.66411
84,79,94,3.49688
84,80,81,3.72228
84,80,95,4.40428
84,81,82,4.0
84,81,96,4.66411
84,82,83,4.25983
84,82,97,3.99284
84,83,84,4.31216
84,83,98,4.65696
84,84,85,4.0
84,84,99,4.3448
84,85,86,4.11941
84,85,100,5.16007
84,86,87,4.35196
84,86,101,3.71512
84,87,88,4.88951
84,87,102,5.16007
84,88,89,4.02728
84,88,103,5.16007
84,89,104,4.5304
84,90,91,4.03444
84,90,105,4.25983
84,91,92,4.40428
84,91,106,3.76745
84,92,93,4.12656
84,92,107,3.72228
84,93,94,4.12656
84,93,108,4.03444
84,94,95,3.7746
84,94,109,4.40428
84,95,96,4.31216
84,95,110,3.49688
84,96,97,4.40428
84,96,111,3.76745
84,97,98,4.62252
84,97,112,3.71512
84,98,99,4.5304
84,98,113,4.12656
84,99,100,4.5304
84,99,114,5.16007
84,100,101,4.94183
84,100,115,3.76745
84,101,102,4.65696
84,101,116,3.48973
84,102,103,4.94183
84,102,117,4.12656
84,103,104,4.31216
84,103,118,4.93468
84,104,119,4.62252
84,105,106,4.03444
84,105,120,4.94183
84,106,107,4.66411
84,106,121,4.03444
84,107,108,4.40428
84,107,122,3.7746
84,108,109,3.49688
84,108,123,3.49688
84,109,110,4.94183
84,109,124,4.0
84,110,111,4.65696
84,110,125,4.31216
84,111,112,4.66411
84,111,126,4.88235
84,112,113,3.71512
84,112,127,3.7746
84,113,114,4.3448
84,113,128,4.65696
84,114,115,3.76745
84,114,129,3.48973
84,115,116,4.5304
84,115,130,4.53755
84,116,117,5.16723
84,116,131,4.94183
84,117,118,4.0
84,117,132,3.49688
84,118,119,3.7746
84,118,133,4.53755
84,119,134,4.305
84,120,121,4.62252
84,120,135,4.39713
84,121,122,4.62968
84,121,136,3.49688
84,122,123,4.93468
84,122,137,4.25983
84,123,124,4.11941
84,123,138,4.25268
84,124,125,4.35196
84,124,139,4.88951
84,125,126,4.53755
84,125,140,3.48973
84,126,127,3.99284
84,126,141,4.40428
84,127,128,4.31216
84,127,142,4.53755
84,128,129,4.25983
84,128,143,4.25268
84,129,130,5.16723
84,129,144,4.35196
84,130,131,3.99284
84,130,145,4.03444
84,131,132,4.11941
84,131,146,4.66411
84,132,133,3.76745
84,132,147,3.99284
84,133,134,4.53755
84,133,148,4.12656
84,134,149,4.03444
84,135,136,4.3448
84,135,150,3.7746
84,136,137,4.39713
84,136,151,4.11941
84,137,138,3.71512
84,137,152,3.72228
84,138,139,3.71512
84,138,153,4.62968
84,139,140,3.71512
84,139,154,4.12656
84,140,141,4.88951
84,140,155,4.02728
84,141,142,3.72228
84,141,156,5.16007
84,142,143,4.88951
84,142,157,3.99284
84,143,144,4.88951
84,143,158,4.12656
84,144,145,3.76745
84,144,159,4.25983
84,145,146,4.35196
84,145,160,4.3448
84,146,147,4.0
84,146,161,4.62252
84,147,148,4.31216
84,147,162,4.66411
84,148,149,3.99284
84,148,163,4.25268
84,149,164,3.48973
84,150,151,3.7746
84,150,165,4.62968
84,151,152,4.12656
84,151,166,4.3448
84,152,153,4.5304
84,152,167,4.305
84,153,154,5.16723
84,153,168,4.02728
84,154,155,3.72228
84,154,169,3.72228
84,155,156,4.3448
84,155,170,4.62252
84,156,157,4.305
84,156,171,4.31216
84,157,158,4.31216
84,157,172,3.76745
84,158,159,4.40428
84,158,173,4.88235
84,159,160,4.66411
84,159,174,4.94183
84,160,161,4.11941
84,160,175,4.62252
84,161,162,4.12656
84,161,176,3.72228
84,162,163,5.16723
84,162,177,3.7746
84,163,164,4.02728
84,163,178,4.62968
84,164,179,4.0
84,165,166,4.62968
84,165,180,3.76745
84,166,167,4.35196
84,166,181,4.11941
84,167,168,4.305
84,167,182,4.62252
84,168,169,5.16007
84,168,183,4.35196
84,169,170,4.35196
84,169,184,3.71512
84,170,171,4.25268
84,170,185,4.25268
84,171,172,4.5304
84,171,186,3.49688
84,172,173,3.76745
84,172,187,4.62968
84,173,174,4.40428
84,173,188,4.12656
84,174,175,4.62252
84,174,189,4.94183
84,175,176,4.66411
84,175,190,4.31216
84,176,177,4.5304
84,176,191,4.0
84,177,178,4.66411
84,177,192,4.62968
84,178,179,4.25268
84,178,193,3.99284
84,179,194,4.25983
84,180,181,3.71512
84,180,195,4.11941
84,181,182,4.62968
84,181,196,4.25983
84,182,183,3.7746
84,182,197,4.88235
84,183,184,4.3448
84,183,198,3.71512
84,184,185,4.88235
84,184,199,3.48973
84,185,186,3.48973
84,185,200,3.48973
84,186,187,4.5304
84,186,201,4.0
84,187,188,4.25268
84,187,202,4.35196
84,188,189,3.99284
84,188,203,4.03444
84,189,190,4.62968
84,189,204,4.0
84,190,191,4.53755
84,190,205,4.03444
84,191,192,5.16007
84,191,206,4.305
84,192,193,4.40428
84,192,207,5.16723
84,193,194,4.03444
84,193,208,4.66411
84,194,209,4.3448
84,195,196,4.02728
84,195,210,4.39713
84,196,197,4.02728
84,196,211,4.5304
84,197,198,4.94183
84,197,212,4.35196
84,198,199,4.66411
84,198,213,3.76745
84,199,200,4.5304
84,199,214,4.35196
84,200,201,4.03444
84,200,215,4.11941
84,201,202,3.49688
84,201,216,4.62968
84,202,203,4.88235
84,202,217,4.3448
84,203,204,3.71512
84,203,218,4.65696
84,204,205,3.49688
84,204,219,4.35196
84,205,206,4.35196
84,205,220,4.94183
84,206,207,4.62968
84,206,221,4.93468
84,207,208,3.76745
84,207,222,4.93468
84,208,209,4.66411
84,208,223,4.62968
84,209,224,4.305
84,210,211,4.02728
84,211,212,3.48973
84,212,213,4.02728
84,213,214,4.65696
84,214,215,4.39713
84,215,216,4.93468
84,216,217,4.53755
84,217,218,4.5304
84,218,219,3.99284
84,219,220,4.53755
84,220,221,4.31216
84,221,222,3.48973
84,222,223,4.88235
84,223,224,4.62968
85,0,1,3.78981
85,0,15,4.9065
85,1,2,4.29561
85,1,16,3.78981
85,2,3,4.0
85,2,17,3.77595
85,3,4,3.1172
85,3,18,5.20211
85,4,5,3.1172
85,4,19,4.0
85,5,6,3.13106
85,5,20,4.24776
85,6,7,5.39844
85,6,21,4.89264
85,7,8,4.73969
85,7,22,4.73969
85,8,9,4.89264
85,8,23,3.77595
85,9,10,3.98614
85,9,24,3.63686
85,10,11,3.13106
85,10,25,4.9065
85,11,12,4.44408
85,11,26,5.11669
85,12,13,4.75355
85,12,27,3.41281
85,13,14,4.0
85,13,28,4.54336
85,14,29,3.78981
85,15,16,4.29561
85,15,30,3.34125
85,16,17,3.1172
85,16,31,3.34125
85,17,18,4.75355
85,17,32,4.89264
85,18,19,3.63686
85,18,33,3.78981
85,19,20,4.54336
85,19,34,3.32739
85,20,21,4.9065
85,20,35,5.18825
85,21,22,4.24776
85,21,36,3.63686
85,22,23,3.77595
85,22,37,5.20211
85,23,24,3.63686
85,23,38,4.89264
85,24,25,3.1172
85,24,39,3.98614
85,25,26,3.42667
85,25,40,5.10283
85,26,27,5.20211
85,26,41,4.89264
85,27,28,4.23389
85,27,42,3.1172
85,28,29,4.44408
85,28,43,4.23389
85,29,44,4.23389
85,30,31,4.9065
85,30,45,3.34125
85,31,32,5.20211
85,31,46,4.44408
85,32,33,5.10283
85,32,47,3.34125
85,33,34,4.07155
85,33,48,3.1172
85,34,35,3.1172
85,34,49,4.28174
85,35,36,5.11669
85,35,50,5.10283
85,36,37,3.623
85,36,51,3.34125
85,37,38,4.73969
85,37,52,4.24776
85,38,39,4.75355
85,38,53,5.20211
85,39,40,4.89264
85,39,54,4.28174
85,40,41,4.44408
85,40,55,4.54336
85,41,42,4.08542
85,41,56,3.41281
85,42,43,4.54336
85,42,57,3.623
85,43,44,5.11669
85,43,58,5.20211
85,44,59,4.07155
85,45,46,4.07155
85,45,60,4.45795
85,46,47,3.32739
85,46,61,4.45795
85,47,48,4.75355
85,47,62,4.07155
85,48,49,4.44408
85,48,63,3.98614
85,49,50,4.9065
85,49,64,4.28174
85,50,51,3.42667
85,50,65,4.23389
85,51,52,4.29561
85,51,66,4.28174
85,52,53,5.18825
85,52,67,4.29561
85,53,54,4.29561
85,53,68,4.5295
85,54,55,4.28174
85,54,69,4.44408
85,55,56,3.1172
85,55,70,3.13106
85,56,57,4.54336
85,56,71,4.29561
85,57,58,5.11669
85,57,72,3.98614
85,58,59,3.41281
85,58,73,4.07155
85,59,74,5.39844
85,60,61,5.4123
85,60,75,5.11669
85,61,62,5.39844
85,61,76,3.41281
85,62,63,4.44408
85,62,77,5.11669
85,63,64,3.32739
85,63,78,4.5295
85,64,65,4.29561
85,64,79,3.13106
85,65,66,4.89264
85,65,80,4.73969
85,66,67,3.42667
85,66,81,3.1172
85,67,68,3.41281
85,67,82,4.24776
85,68,69,4.07155
85,68,83,3.32739
85,69,70,5.11669
85,69,84,3.1172
85,70,71,3.78981
85,70,85,3.63686
85,71,72,3.42667
85,71,86,4.07155
85,72,73,5.20211
85,72,87,4.45795
85,73,74,4.45795
85,73,88,4.45795
85,74,89,3.98614
85,75,76,4.23389
85,75,90,3.41281
85,76,77,4.28174
85,76,91,4.29561
85,77,78,3.77595
85,77,92,4.07155
85,78,79,5.39844
85,78,93,3.1172
85,79,80,3.41281
85,79,94,4.28174
85,80,81,4.29561
85,80,95,3.77595
85,81,82,4.0
85,81,96,3.41281
85,82,83,3.63686
85,82,97,5.11669
85,83,84,3.32739
85,83,98,4.5295
85,84,85,4.0
85,84,99,5.20211
85,85,86,5.18825
85,85,100,4.24776
85,86,87,4.08542
85,86,101,5.4123
85,87,88,3.42667
85,87,102,4.24776
85,88,89,4.73969
85,88,103,4.24776
85,89,104,4.45795
85,90,91,3.623
85,90,105,3.63686
85,91,92,3.77595
85,91,106,5.10283
85,92,93,4.07155
85,92,107,4.29561
85,93,94,4.07155
85,93,108,3.623
85,94,95,3.98614
85,94,109,3.77595
85,95,96,3.32739
85,95,110,4.28174
85,96,97,3.77595
85,96,111,5.10283
85,97,98,4.9065
85,97,112,5.4123
85,98,99,4.45795
85,98,113,4.07155
85,99,100,4.45795
85,99,114,4.24776
85,100,101,3.1172
85,100,115,5.10283
85,101,102,4.5295
85,101,116,5.39844
85,102,103,3.1172
85,102,117,4.07155
85,103,104,3.32739
85,103,118,4.23389
85,104,119,4.9065
85,105,106,3.623
85,105,120,3.1172
85,106,107,3.41281
85,106,121,3.623
85,107,108,3.77595
85,107,122,3.98614
85,108,109,4.28174
85,108,123,4.28174
85,109,110,3.1172
85,109,124,4.0
85,110,111,4.5295
85,110,125,3.32739
85,111,112,3.41281
85,111,126,4.54336
85,112,113,5.4123
85,112,127,3.98614
85,113,114,5.20211
85,113,128,4.5295
85,114,115,5.10283
85,114,129,5.39844
85,115,116,4.45795
85,115,130,3.34125
85,116,117,3.13106
85,116,131,3.1172
85,117,118,4.0
85,117,132,4.28174
85,118,119,3.98614
85,118,133,3.34125
85,119,134,4.44408
85,120,121,4.9065
85,120,135,4.89264
85,121,122,3.78981
85,121,136,4.28174
85,122,123,4.23389
85,122,137,3.63686
85,123,124,5.18825
85,123,138,4.75355
85,124,125,4.08542
85,124,139,3.42667
85,125,126,3.34125
85,125,140,5.39844
85,126,127,5.11669
85,126,141,3.77595
85,127,128,3.32739
85,127,142,3.34125
85,128,129,3.63686
85,128,143,4.75355
85,129,130,3.13106
85,129,144,4.08542
85,130,131,5.11669
85,130,145,3.623
85,131,132,5.18825
85,131,146,3.41281
85,132,133,5.10283
85,132,147,5.11669
85,133,134,3.34125
85,133,148,4.07155
85,134,149,3.623
85,135,136,5.20211
85,135,150,3.98614
85,136,137,4.89264
85,136,151,5.18825
85,137,138,5.4123
85,137,152,4.29561
85,138,139,5.4123
85,138,153,3.78981
85,139,140,5.4123
85,139,154,4.07155
85,140,141,3.42667
85,140,155,4.73969
85,141,142,4.29561
85,141,156,4.24776
85,142,143,3.42667
85,142,157,5.11669
85,143,144,3.42667
85,143,158,4.07155
85,144,145,5.10283
85,144,159,3.63686
85,145,146,4.08542
85,145,160,5.20211
85,146,147,4.0
85,146,161,4.9065
85,147,148,3.32739
85,147,162,3.41281
85,148,149,5.11669
85,148,163,4.75355
85,149,164,5.39844
85,150,151,3.98614
85,150,165,3.78981
85,151,152,4.07155
85,151,166,5.20211
85,152,153,4.45795
85,152,167,4.44408
85,153,154,3.13106
85,153,168,4.73969
85,154,155,4.29561
85,154,169,4.29561
85,155,156,5.20211
85,155,170,4.9065
85,156,157,4.44408
85,156,171,3.32739
85,157,158,3.32739
85,157,172,5.10283
85,158,159,3.77595
85,158,173,4.54336
85,159,160,3.41281
85,159,174,3.1172
85,160,161,5.18825
85,160,175,4.9065
85,161,162,4.07155
85,161,176,4.29561
85,162,163,3.13106
85,162,177,3.98614
85,163,164,4.73969
85,163,178,3.78981
85,164,179,4.0
85,165,166,3.78981
85,165,180,5.10283
85,166,167,4.08542
85,166,181,5.18825
85,167,168,4.44408
85,167,182,4.9065
85,168,169,4.24776
85,168,183,4.08542
85,169,170,4.08542
85,169,184,5.4123
85,170,171,4.75355
85,170,185,4.75355
85,171,172,4.45795
85,171,186,4.28174
85,172,173,5.10283
85,172,187,3.78981
85,173,174,3.77595
85,173,188,4.07155
85,174,175,4.9065
85,174,189,3.1172
85,175,176,3.41281
85,175,190,3.32739
85,176,177,4.45795
85,176,191,4.0
85,177,178,3.41281
85,177,192,3.78981
85,178,179,4.75355
85,178,193,5.11669
85,179,194,3.63686
85,180,181,5.4123
85,180,195,5.18825
85,181,182,3.78981
85,181,196,3.63686
85,182,183,3.98614
85,182,197,4.54336
85,183,184,5.20211
85,183,198,5.4123
85,184,185,4.54336
85,184,199,5.39844
85,185,186,5.39844
85,185,200,5.39844
85,186,187,4.45795
85,186,201,4.0
85,187,188,4.75355
85,187,202,4.08542
85,188,189,5.11669
85,188,203,3.623
85,189,190,3.78981
85,189,204,4.0
85,190,191,3.34125
85,190,205,3.623
85,191,192,4.24776
85,191,206,4.44408
85,192,193,3.77595
85,192,207,3.13106
85,193,194,3.623
85,193,208,3.41281
85,194,209,5.20211
85,195,196,4.73969
85,195,210,4.89264
85,196,197,4.73969
85,196,211,4.45795
85,197,198,3.1172
85,197,212,4.08542
85,198,199,3.41281
85,198,213,5.10283
85,199,200,4.45795
85,199,214,4.08542
85,200,201,3.623
85,200,215,5.18825
85,201,202,4.28174
85,201,216,3.78981
85,202,203,4.54336
85,202,217,5.20211
85,203,204,5.4123
85,203,218,4.5295
85,204,205,4.28174
85,204,219,4.08542
85,205,206,4.08542
85,205,220,3.1172
85,206,207,3.78981
85,206,221,4.23389
85,207,208,5.10283
85,207,222,4.23389
85,208,209,3.41281
85,208,223,3.78981
85,209,224,4.44408
85,210,211,4.73969
85,211,212,5.39844
85,212,213,4.73969
85,213,214,4.5295
85,214,215,4.89264
85,215,216,4.23389
85,216,217,3.34125
85,217,218,4.45795
85,218,219,5.11669
85,219,220,3.34125
85,220,221,3.32739
85,221,222,5.39844
85,222,223,4.54336
85,223,224,3.78981
86,0,1,3.79026
86,0,15,3.94946
86,1,2,3.97093
86,1,16,3.79026
86,2,3,4.0
86,2,17,3.52014
86,3,4,3.84526
86,3,18,3.9204
86,4,5,3.84526
86,4,19,4.0
86,5,6,4.11538
86,5,20,4.27459
86,6,7,3.86002
86,6,21,3.67935
86,7,8,4.18515
86,7,22,4.18515
86,8,9,3.67935
86,8,23,3.52014
86,9,10,3.72988
86,9,24,4.29606
86,10,11,4.11538
86,10,25,3.94946
86,11,12,4.21422
86,11,26,4.15921
86,12,13,4.45526
86,12,27,3.8162
86,13,14,4.0
86,13,28,4.24552
86,14,29,3.79026
86,15,16,3.97093
86,15,30,4.32512
86,16,17,3.84526
86,16,31,4.32512
86,17,18,4.45526
86,17,32,3.67935
86,18,19,4.29606
86,18,33,3.79026
86,19,20,4.24552
86,19,34,4.05501
86,20,21,3.94946
86,20,35,3.65028
86,21,22,4.27459
86,21,36,4.29606
86,22,23,3.52014
86,22,37,3.9204
86,23,24,4.29606
86,23,38,3.67935
86,24,25,3.84526
86,24,39,3.72988
86,25,26,4.08631
86,25,40,3.88909
86,26,27,3.9204
86,26,41,3.67935
86,27,28,4.00447
86,27,42,3.84526
86,28,29,4.21422
86,28,43,4.00447
86,29,44,4.00447
86,30,31,3.94946
86,30,45,4.32512
86,31,32,3.9204
86,31,46,4.21422
86,32,33,3.88909
86,32,47,4.32512
86,33,34,3.49107
86,33,48,3.84526
86,34,35,3.84526
86,34,49,3.70081
86,35,36,4.15921
86,35,50,3.88909
86,36,37,4.02594
86,36,51,4.32512
86,37,38,4.18515
86,37,52,4.27459
86,38,39,4.45526
86,38,53,3.9204
86,39,40,3.67935
86,39,54,3.70081
86,40,41,4.21422
86,40,55,4.24552
86,41,42,3.76119
86,41,56,3.8162
86,42,43,4.24552
86,42,57,4.02594
86,43,44,4.15921
86,43,58,3.9204
86,44,59,3.49107
86,45,46,3.49107
86,45,60,4.48433
86,46,47,4.05501
86,46,61,4.48433
86,47,48,4.45526
86,47,62,3.49107
86,48,49,4.21422
86,48,63,3.72988
86,49,50,3.94946
86,49,64,3.70081
86,50,51,4.08631
86,50,65,4.00447
86,51,52,3.97093
86,51,66,3.70081
86,52,53,3.65028
86,52,67,3.97093
86,53,54,3.97093
86,53,68,3.9754
86,54,55,3.70081
86,54,69,4.21422
86,55,56,3.84526
86,55,70,4.11538
86,56,57,4.24552
86,56,71,3.97093
86,57,58,4.15921
86,57,72,3.72988
86,58,59,3.8162
86,58,73,3.49107
86,59,74,3.86002
86,60,61,4.13014
86,60,75,4.15921
86,61,62,3.86002
86,61,76,3.8162
86,62,63,4.21422
86,62,77,4.15921
86,63,64,4.05501
86,63,78,3.9754
86,64,65,3.97093
86,64,79,4.11538
86,65,66,3.67935
86,65,80,4.18515
86,66,67,4.08631
86,66,81,3.84526
86,67,68,3.8162
86,67,82,4.27459
86,68,69,3.49107
86,68,83,4.05501
86,69,70,4.15921
86,69,84,3.84526
86,70,71,3.79026
86,70,85,4.29606
86,71,72,4.08631
86,71,86,3.49107
86,72,73,3.9204
86,72,87,4.48433
86,73,74,4.48433
86,73,88,4.48433
86,74,89,3.72988
86,75,76,4.00447
86,75,90,3.8162
86,76,77,3.70081
86,76,91,3.97093
86,77,78,3.52014
86,77,92,3.49107
86,78,79,3.86002
86,78,93,3.84526
86,79,80,3.8162
86,79,94,3.70081
86,80,81,3.97093
86,80,95,3.52014
86,81,82,4.0
86,81,96,3.8162
86,82,83,4.29606
86,82,97,4.15921
86,83,84,4.05501
86,83,98,3.9754
86,84,85,4.0
86,84,99,3.9204
86,85,86,3.65028
86,85,100,4.27459
86,86,87,3.76119
86,86,101,4.13014
86,87,88,4.08631
86,87,102,4.27459
86,88,89,4.18515
86,88,103,4.27459
86,89,104,4.48433
86,90,91,4.02594
86,90,105,4.29606
86,91,92,3.52014
86,91,106,3.88909
86,92,93,3.49107
86,92,107,3.97093
86,93,94,3.49107
86,93,108,4.02594
86,94,95,3.72988
86,94,109,3.52014
86,95,96,4.05501
86,95,110,3.70081
86,96,97,3.52014
86,96,111,3.88909
86,97,98,3.94946
86,97,112,4.13014
86,98,99,4.48433
86,98,113,3.49107
86,99,100,4.48433
86,99,114,4.27459
86,100,101,3.84526
86,100,115,3.88909
86,101,102,3.9754
86,101,116,3.86002
86,102,103,3.84526
86,102,117,3.49107
86,103,104,4.05501
86,103,118,4.00447
86,104,119,3.94946
86,105,106,4.02594
86,105,120,3.84526
86,106,107,3.8162
86,106,121,4.02594
86,107,108,3.52014
86,107,122,3.72988
86,108,109,3.70081
86,108,123,3.70081
86,109,110,3.84526
86,109,124,4.0
86,110,111,3.9754
86,110,125,4.05501
86,111,112,3.8162
86,111,126,4.24552
86,112,113,4.13014
86,112,127,3.72988
86,113,114,3.9204
86,113,128,3.9754
86,114,115,3.88909
86,114,129,3.86002
86,115,116,4.48433
86,115,130,4.32512
86,116,117,4.11538
86,116,131,3.84526
86,117,118,4.0
86,117,132,3.70081
86,118,119,3.72988
86,118,133,4.32512
86,119,134,4.21422
86,120,121,3.94946
86,120,135,3.67935
86,121,122,3.79026
86,121,136,3.70081
86,122,123,4.00447
86,122,137,4.29606
86,123,124,3.65028
86,123,138,4.45526
86,124,125,3.76119
86,124,139,4.08631
86,125,126,4.32512
86,125,140,3.86002
86,126,127,4.15921
86,126,141,3.52014
86,127,128,4.05501
86,127,142,4.32512
86,128,129,4.29606
86,128,143,4.45526
86,129,130,4.11538
86,129,144,3.76119
86,130,131,4.15921
86,130,145,4.02594
86,131,132,3.65028
86,131,146,3.8162
86,132,133,3.88909
86,132,147,4.15921
86,133,134,4.32512
86,133,148,3.49107
86,134,149,4.02594
86,135,136,3.9204
86,135,150,3.72988
86,136,137,3.67935
86,136,151,3.65028
86,137,138,4.13014
86,137,152,3.97093
86,138,139,4.13014
86,138,153,3.79026
86,139,140,4.13014
86,139,154,3.49107
86,140,141,4.08631
86,140,155,4.18515
86,141,142,3.97093
86,141,156,4.27459
86,142,143,4.08631
86,142,157,4.15921
86,143,144,4.08631
86,143,158,3.49107
86,144,145,3.88909
86,144,159,4.29606
86,145,146,3.76119
86,145,160,3.9204
86,146,147,4.0
86,146,161,3.94946
86,147,148,4.05501
86,147,162,3.8162
86,148,149,4.15921
86,148,163,4.45526
86,149,164,3.86002
86,150,151,3.72988
86,150,165,3.79026
86,151,152,3.49107
86,151,166,3.9204
86,152,153,4.48433
86,152,167,4.21422
86,153,154,4.11538
86,153,168,4.18515
86,154,155,3.97093
86,154,169,3.97093
86,155,156,3.9204
86,155,170,3.94946
86,156,157,4.21422
86,156,171,4.05501
86,157,158,4.05501
86,157,172,3.88909
86,158,159,3.52014
86,158,173,4.24552
86,159,160,3.8162
86,159,174,3.84526
86,160,161,3.65028
86,160,175,3.94946
86,161,162,3.49107
86,161,176,3.97093
86,162,163,4.11538
86,162,177,3.72988
86,163,164,4.18515
86,163,178,3.79026
86,164,179,4.0
86,165,166,3.79026
86,165,180,3.88909
86,166,167,3.76119
86,166,181,3.65028
86,167,168,4.21422
86,167,182,3.94946
86,168,169,4.27459
86,168,183,3.76119
86,169,170,3.76119
86,169,184,4.13014
86,170,171,4.45526
86,170,185,4.45526
86,171,172,4.48433
86,171,186,3.70081
86,172,173,3.88909
86,172,187,3.79026
86,173,174,3.52014
86,173,188,3.49107
86,174,175,3.94946
86,174,189,3.84526
86,175,176,3.8162
86,175,190,4.05501
86,176,177,4.48433
86,176,191,4.0
86,177,178,3.8162
86,177,192,3.79026
86,178,179,4.45526
86,178,193,4.15921
86,179,194,4.29606
86,180,181,4.13014
86,180,195,3.65028
86,181,182,3.79026
86,181,196,4.29606
86,182,183,3.72988
86,182,197,4.24552
86,183,184,3.9204
86,183,198,4.13014
86,184,185,4.24552
86,184,199,3.86002
86,185,186,3.86002
86,185,200,3.86002
86,186,187,4.48433
86,186,201,4.0
86,187,188,4.45526
86,187,202,3.76119
86,188,189,4.15921
86,188,203,4.02594
86,189,190,3.79026
86,189,204,4.0
86,190,191,4.32512
86,190,205,4.02594
86,191,192,4.27459
86,191,206,4.21422
86,192,193,3.52014
86,192,207,4.11538
86,193,194,4.02594
86,193,208,3.8162
86,194,209,3.9204
86,195,196,4.18515
86,195,210,3.67935
86,196,197,4.18515
86,196,211,4.48433
86,197,198,3.84526
86,197,212,3.76119
86,198,199,3.8162
86,198,213,3.88909
86,199,200,4.48433
86,199,214,3.76119
86,200,201,4.02594
86,200,215,3.65028
86,201,202,3.70081
86,201,216,3.79026
86,202,203,4.24552
86,202,217,3.9204
86,203,204,4.13014
86,203,218,3.9754
86,204,205,3.70081
86,204,219,3.76119
86,205,206,3.76119
86,205,220,3.84526
86,206,207,3.79026
86,206,221,4.00447
86,207,208,3.88909
86,207,222,4.00447
86,208,209,3.8162
86,208,223,3.79026
86,209,224,4.21422
86,210,211,4.18515
86,211,212,3.86002
86,212,213,4.18515
86,213,214,3.9754
86,214,215,3.67935
86,215,216,4.00447
86,216,217,4.32512
86,217,218,4.48433
86,218,219,4.15921
86,219,220,4.32512
86,220,221,4.05501
86,221,222,3.86002
86,222,223,4.24552
86,223,224,3.79026
87,0,1,3.22945
87,0,15,3.64625
87,1,2,3.83811
87,1,16,3.22945
87,2,3,4.0
87,2,17,2.46337
87,3,4,1.99425
87,3,18,3.48436
87,4,5,1.99425
87,4,19,4.0
87,5,6,2.76032
87,5,20,3.17713
87,6,7,3.48883
87,6,21,2.88018
87,7,8,3.01971
87,7,22,3.01971
87,8,9,2.88018
87,8,23,2.46337
87,9,10,3.23392
87,9,24,3.36898
87,10,11,2.76032
87,10,25,3.64625
87,11,12,3.1816
87,11,26,4.4168
87,12,13,3.78578
87,12,27,1.83236
87,13,14,4.0
87,13,28,3.01524
87,14,29,3.22945
87,15,16,3.83811
87,15,30,3.53087
87,16,17,1.99425
87,16,31,3.53087
87,17,18,3.78578
87,17,32,2.88018
87,18,19,3.36898
87,18,33,3.22945
87,19,20,3.01524
87,19,34,2.7648
87,20,21,3.64625
87,20,35,2.71829
87,21,22,3.17713
87,21,36,3.36898
87,22,23,2.46337
87,22,37,3.48436
87,23,24,3.36898
87,23,38,2.88018
87,24,25,1.99425
87,24,39,3.23392
87,25,26,2.59843
87,25,40,3.65073
87,26,27,3.48436
87,26,41,2.88018
87,27,28,2.41105
87,27,42,1.99425
87,28,29,3.1816
87,28,43,2.41105
87,29,44,2.41105
87,30,31,3.64625
87,30,45,3.53087
87,31,32,3.48436
87,31,46,3.1816
87,32,33,3.65073
87,32,47,3.53087
87,33,34,2.30148
87,33,48,1.99425
87,34,35,1.99425
87,34,49,3.07203
87,35,36,4.4168
87,35,50,3.65073
87,36,37,2.6029
87,36,51,3.53087
87,37,38,3.01971
87,37,52,3.17713
87,38,39,3.78578
87,38,53,3.48436
87,39,40,2.88018
87,39,54,3.07203
87,40,41,3.1816
87,40,55,3.01524
87,41,42,3.06756
87,41,56,1.83236
87,42,43,3.01524
87,42,57,2.6029
87,43,44,4.4168
87,43,58,3.48436
87,44,59,2.30148
87,45,46,2.30148
87,45,60,3.94768
87,46,47,2.7648
87,46,61,3.94768
87,47,48,3.78578
87,47,62,2.30148
87,48,49,3.1816
87,48,63,3.23392
87,49,50,3.64625
87,49,64,3.07203
87,50,51,2.59843
87,50,65,2.41105
87,51,52,3.83811
87,51,66,3.07203
87,52,53,2.71829
87,52,67,3.83811
87,53,54,3.83811
87,53,68,2.24916
87,54,55,3.07203
87,54,69,3.1816
87,55,56,1.99425
87,55,70,2.76032
87,56,57,3.01524
87,56,71,3.83811
87,57,58,4.4168
87,57,72,3.23392
87,58,59,1.83236
87,58,73,2.30148
87,59,74,3.48883
87,60,61,4.25491
87,60,75,4.4168
87,61,62,3.48883
87,61,76,1.83236
87,62,63,3.1816
87,62,77,4.4168
87,63,64,2.7648
87,63,78,2.24916
87,64,65,3.83811
87,64,79,2.76032
87,65,66,2.88018
87,65,80,3.01971
87,66,67,2.59843
87,66,81,1.99425
87,67,68,1.83236
87,67,82,3.17713
87,68,69,2.30148
87,68,83,2.7648
87,69,70,4.4168
87,69,84,1.99425
87,70,71,3.22945
87,70,85,3.36898
87,71,72,2.59843
87,71,86,2.30148
87,72,73,3.48436
87,72,87,3.94768
87,73,74,3.94768
87,73,88,3.94768
87,74,89,3.23392
87,75,76,2.41105
87,75,90,1.83236
87,76,77,3.07203
87,76,91,3.83811
87,77,78,2.46337
87,77,92,2.30148
87,78,79,3.48883
87,78,93,1.99425
87,79,80,1.83236
87,79,94,3.07203
87,80,81,3.83811
87,80,95,2.46337
87,81,82,4.0
87,81,96,1.83236
87,82,83,3.36898
87,82,97,4.4168
87,83,84,2.7648
87,83,98,2.24916
87,84,85,4.0
87,84,99,3.48436
87,85,86,2.71829
87,85,100,3.17713
87,86,87,3.06756
87,86,101,4.25491
87,87,88,2.59843
87,87,102,3.17713
87,88,89,3.01971
87,88,103,3.17713
87,89,104,3.94768
87,90,91,2.6029
87,90,105,3.36898
87,91,92,2.46337
87,91,106,3.65073
87,92,93,2.30148
87,92,107,3.83811
87,93,94,2.30148
87,93,108,2.6029
87,94,95,3.23392
87,94,109,2.46337
87,95,96,2.7648
87,95,110,3.07203
87,96,97,2.46337
87,96,111,3.65073
87,97,98,3.64625
87,97,112,4.25491
87,98,99,3.94768
87,98,113,2.30148
87,99,100,3.94768
87,99,114,3.17713
87,100,101,1.99425
87,100,115,3.65073
87,101,102,2.24916
87,101,116,3.48883
87,102,103,1.99425
87,102,117,2.30148
87,103,104,2.7648
87,103,118,2.41105
87,104,119,3.64625
87,105,106,2.6029
87,105,120,1.99425
87,106,107,1.83236
87,106,121,2.6029
87,107,108,2.46337
87,107,122,3.23392
87,108,109,3.07203
87,108,123,3.07203
87,109,110,1.99425
87,109,124,4.0
87,110,111,2.24916
87,110,125,2.7648
87,111,112,1.83236
87,111,126,3.01524
87,112,113,4.25491
87,112,127,3.23392
87,113,114,3.48436
87,113,128,2.24916
87,114,115,3.65073
87,114,129,3.48883
87,115,116,3.94768
87,115,130,3.53087
87,116,117,2.76032
87,116,131,1.99425
87,117,118,4.0
87,117,132,3.07203
87,118,119,3.23392
87,118,133,3.53087
87,119,134,3.1816
87,120,121,3.64625
87,120,135,2.88018
87,121,122,3.22945
87,121,136,3.07203
87,122,123,2.41105
87,122,137,3.36898
87,123,124,2.71829
87,123,138,3.78578
87,124,125,3.06756
87,124,139,2.59843
87,125,126,3.53087
87,125,140,3.48883
87,126,127,4.4168
87,126,141,2.46337
87,127,128,2.7648
87,127,142,3.53087
87,128,129,3.36898
87,128,143,3.78578
87,129,130,2.76032
87,129,144,3.06756
87,130,131,4.4168
87,130,145,2.6029
87,131,132,2.71829
87,131,146,1.83236
87,132,133,3.65073
87,132,147,4.4168
87,133,134,3.53087
87,133,148,2.30148
87,134,149,2.6029
87,135,136,3.48436
87,135,150,3.23392
87,136,137,2.88018
87,136,151,2.71829
87,137,138,4.25491
87,137,152,3.83811
87,138,139,4.25491
87,138,153,3.22945
87,139,140,4.25491
87,139,154,2.30148
87,140,141,2.59843
87,140,155,3.01971
87,141,142,3.83811
87,141,156,3.17713
87,142,143,2.59843
87,142,157,4.4168
87,143,144,2.59843
87,143,158,2.30148
87,144,145,3.65073
87,144,159,3.36898
87,145,146,3.06756
87,145,160,3.48436
87,146,147,4.0
87,146,161,3.64625
87,147,148,2.7648
87,147,162,1.83236
87,148,149,4.4168
87,148,163,3.78578
87,149,164,3.48883
87,150,151,3.23392
87,150,165,3.22945
87,151,152,2.30148
87,151,166,3.48436
87,152,153,3.94768
87,152,167,3.1816
87,153,154,2.76032
87,153,168,3.01971
87,154,155,3.83811
87,154,169,3.83811
87,155,156,3.48436
87,155,170,3.64625
87,156,157,3.1816
87,156,171,2.7648
87,157,158,2.7648
87,157,172,3.65073
87,158,159,2.46337
87,158,173,3.01524
87,159,160,1.83236
87,159,174,1.99425
87,160,161,2.71829
87,160,175,3.64625
87,161,162,2.30148
87,161,176,3.83811
87,162,163,2.76032
87,162,177,3.23392
87,163,164,3.01971
87,163,178,3.22945
87,164,179,4.0
87,165,166,3.22945
87,165,180,3.65073
87,166,167,3.06756
87,166,181,2.71829
87,167,168,3.1816
87,167,182,3.64625
87,168,169,3.17713
87,168,183,3.06756
87,169,170,3.06756
87,169,184,4.25491
87,170,171,3.78578
87,170,185,3.78578
87,171,172,3.94768
87,171,186,3.07203
87,172,173,3.65073
87,172,187,3.22945
87,173,174,2.46337
87,173,188,2.30148
87,174,175,3.64625
87,174,189,1.99425
87,175,176,1.83236
87,175,190,2.7648
87,176,177,3.94768
87,176,191,4.0
87,177,178,1.83236
87,177,192,3.22945
87,178,179,3.78578
87,178,193,4.4168
87,179,194,3.36898
87,180,181,4.25491
87,180,195,2.71829
87,181,182,3.22945
87,181,196,3.36898
87,182,183,3.23392
87,182,197,3.01524
87,183,184,3.48436
87,183,198,4.25491
87,184,185,3.01524
87,184,199,3.48883
87,185,186,3.48883
87,185,200,3.48883
87,186,187,3.94768
87,186,201,4.0
87,187,188,3.78578
87,187,202,3.06756
87,188,189,4.4168
87,188,203,2.6029
87,189,190,3.22945
87,189,204,4.0
87,190,191,3.53087
87,190,205,2.6029
87,191,192,3.17713
87,191,206,3.1816
87,192,193,2.46337
87,192,207,2.76032
87,193,194,2.6029
87,193,208,1.83236
87,194,209,3.48436
87,195,196,3.01971
87,195,210,2.88018
87,196,197,3.01971
87,196,211,3.94768
87,197,198,1.99425
87,197,212,3.06756
87,198,199,1.83236
87,198,213,3.65073
87,199,200,3.94768
87,199,214,3.06756
87,200,201,2.6029
87,200,215,2.71829
87,201,202,3.07203
87,201,216,3.22945
87,202,203,3.01524
87,202,217,3.48436
87,203,204,4.25491
87,203,218,2.24916
87,204,205,3.07203
87,204,219,3.06756
87,205,206,3.06756
87,205,220,1.99425
87,206,207,3.22945
87,206,221,2.41105
87,207,208,3.65073
87,207,222,2.41105
87,208,209,1.83236
87,208,223,3.22945
87,209,224,3.1816
87,210,211,3.01971
87,211,212,3.48883
87,212,213,3.01971
87,213,214,2.24916
87,214,215,2.88018
87,215,216,2.41105
87,216,217,3.53087
87,217,218,3.94768
87,218,219,4.4168
87,219,220,3.53087
87,220,221,2.7648
87,221,222,3.48883
87,222,223,3.01524
87,223,224,3.22945
88,0,1,3.76834
88,0,15,3.20038
88,1,2,3.84884
88,1,16,3.76834
88,2,3,4.0
88,2,17,3.61271
88,3,4,3.87076
88,3,18,3.04922
88,4,5,3.87076
88,4,19,4.0
88,5,6,4.02639
88,5,20,3.45842
88,6,7,3.12525
88,6,21,3.04475
88,7,8,3.38329
88,7,22,3.38329
88,8,9,3.04475
88,8,23,3.61271
88,9,10,3.84437
88,9,24,4.10688
88,10,11,4.02639
88,10,25,3.20038
88,11,12,3.53445
88,11,26,3.43204
88,12,13,3.53892
88,12,27,3.7196
88,13,14,4.0
88,13,28,3.30727
88,14,29,3.76834
88,15,16,3.84884
88,15,30,4.25804
88,16,17,3.87076
88,16,31,4.25804
88,17,18,3.53892
88,17,32,3.04475
88,18,19,4.10688
88,18,33,3.76834
88,19,20,3.30727
88,19,34,4.10241
88,20,21,3.20038
88,20,35,2.89359
88,21,22,3.45842
88,21,36,4.10688
88,22,23,3.61271
88,22,37,3.04922
88,23,24,4.10688
88,23,38,3.04475
88,24,25,3.87076
88,24,39,3.84437
88,25,26,3.87523
88,25,40,3.27641
88,26,27,3.04922
88,26,41,3.04475
88,27,28,3.30279
88,27,42,3.87076
88,28,29,3.53445
88,28,43,3.30279
88,29,44,3.30279
88,30,31,3.20038
88,30,45,4.25804
88,31,32,3.04922
88,31,46,3.53445
88,32,33,3.27641
88,32,47,4.25804
88,33,34,3.46155
88,33,48,3.87076
88,34,35,3.87076
88,34,49,3.69321
88,35,36,3.43204
88,35,50,3.27641
88,36,37,3.95125
88,36,51,4.25804
88,37,38,3.38329
88,37,52,3.45842
88,38,39,3.53892
88,38,53,3.04922
88,39,40,3.04475
88,39,54,3.69321
88,40,41,3.53445
88,40,55,3.30727
88,41,42,3.61719
88,41,56,3.7196
88,42,43,3.30727
88,42,57,3.95125
88,43,44,3.43204
88,43,58,3.04922
88,44,59,3.46155
88,45,46,3.46155
88,45,60,3.69008
88,46,47,4.10241
88,46,61,3.69008
88,47,48,3.53892
88,47,62,3.46155
88,48,49,3.53445
88,48,63,3.84437
88,49,50,3.20038
88,49,64,3.69321
88,50,51,3.87523
88,50,65,3.30279
88,51,52,3.84884
88,51,66,3.69321
88,52,53,2.89359
88,52,67,3.84884
88,53,54,3.84884
88,53,68,3.15164
88,54,55,3.69321
88,54,69,3.53445
88,55,56,3.87076
88,55,70,4.02639
88,56,57,3.30727
88,56,71,3.84884
88,57,58,3.43204
88,57,72,3.84437
88,58,59,3.7196
88,58,73,3.46155
88,59,74,3.12525
88,60,61,3.28088
88,60,75,3.43204
88,61,62,3.12525
88,61,76,3.7196
88,62,63,3.53445
88,62,77,3.43204
88,63,64,4.10241
88,63,78,3.15164
88,64,65,3.84884
88,64,79,4.02639
88,65,66,3.04475
88,65,80,3.38329
88,66,67,3.87523
88,66,81,3.87076
88,67,68,3.7196
88,67,82,3.45842
88,68,69,3.46155
88,68,83,4.10241
88,69,70,3.43204
88,69,84,3.87076
88,70,71,3.76834
88,70,85,4.10688
88,71,72,3.87523
88,71,86,3.46155
88,72,73,3.04922
88,72,87,3.69008
88,73,74,3.69008
88,73,88,3.69008
88,74,89,3.84437
88,75,76,3.30279
88,75,90,3.7196
88,76,77,3.69321
88,76,91,3.84884
88,77,78,3.61271
88,77,92,3.46155
88,78,79,3.12525
88,78,93,3.87076
88,79,80,3.7196
88,79,94,3.69321
88,80,81,3.84884
88,80,95,3.61271
88,81,82,4.0
88,81,96,3.7196
88,82,83,4.10688
88,82,97,3.43204
88,83,84,4.10241
88,83,98,3.15164
88,84,85,4.0
88,84,99,3.04922
88,85,86,2.89359
88,85,100,3.45842
88,86,87,3.61719
88,86,101,3.28088
88,87,88,3.87523
88,87,102,3.45842
88,88,89,3.38329
88,88,103,3.45842
88,89,104,3.69008
88,90,91,3.95125
88,90,105,4.10688
88,91,92,3.61271
88,91,106,3.27641
88,92,93,3.46155
88,92,107,3.84884
88,93,94,3.46155
88,93,108,3.95125
88,94,95,3.84437
88,94,109,3.61271
88,95,96,4.10241
88,95,110,3.69321
88,96,97,3.61271
88,96,111,3.27641
88,97,98,3.20038
88,97,112,3.28088
88,98,99,3.69008
88,98,113,3.46155
88,99,100,3.69008
88,99,114,3.45842
88,100,101,3.87076
88,100,115,3.27641
88,101,102,3.15164
88,101,116,3.12525
88,102,103,3.87076
88,102,117,3.46155
88,103,104,4.10241
88,103,118,3.30279
88,104,119,3.20038
88,105,106,3.95125
88,105,120,3.87076
88,106,107,3.7196
88,106,121,3.95125
88,107,108,3.61271
88,107,122,3.84437
88,108,109,3.69321
88,108,123,3.69321
88,109,110,3.87076
88,109,124,4.0
88,110,111,3.15164
88,110,125,4.10241
88,111,112,3.7196
88,111,126,3.30727
88,112,113,3.28088
88,112,127,3.84437
88,113,114,3.04922
88,113,128,3.15164
88,114,115,3.27641
88,114,129,3.12525
88,115,116,3.69008
88,115,130,4.25804
88,116,117,4.02639
88,116,131,3.87076
88,117,118,4.0
88,117,132,3.69321
88,118,119,3.84437
88,118,133,4.25804
88,119,134,3.53445
88,120,121,3.20038
88,120,135,3.04475
88,121,122,3.76834
88,121,136,3.69321
88,122,123,3.30279
88,122,137,4.10688
88,123,124,2.89359
88,123,138,3.53892
88,124,125,3.61719
88,124,139,3.87523
88,125,126,4.25804
88,125,140,3.12525
88,126,127,3.43204
88,126,141,3.61271
88,127,128,4.10241
88,127,142,4.25804
88,128,129,4.10688
88,128,143,3.53892
88,129,130,4.02639
88,129,144,3.61719
88,130,131,3.43204
88,130,145,3.95125
88,131,132,2.89359
88,131,146,3.7196
88,132,133,3.27641
88,132,147,3.43204
88,133,134,4.25804
88,133,148,3.46155
88,134,149,3.95125
88,135,136,3.04922
88,135,150,3.84437
88,136,137,3.04475
88,136,151,2.89359
88,137,138,3.28088
88,137,152,3.84884
88,138,139,3.28088
88,138,153,3.76834
88,139,140,3.28088
88,139,154,3.46155
88,140,141,3.87523
88,140,155,3.38329
88,141,142,3.84884
88,141,156,3.45842
88,142,143,3.87523
88,142,157,3.43204
88,143,144,3.87523
88,143,158,3.46155
88,144,145,3.27641
88,144,159,4.10688
88,145,146,3.61719
88,145,160,3.04922
88,146,147,4.0
88,146,161,3.20038
88,147,148,4.10241
88,147,162,3.7196
88,148,149,3.43204
88,148,163,3.53892
88,149,164,3.12525
88,150,151,3.84437
88,150,165,3.76834
88,151,152,3.46155
88,151,166,3.04922
88,152,153,3.69008
88,152,167,3.53445
88,153,154,4.02639
88,153,168,3.38329
88,154,155,3.84884
88,154,169,3.84884
88,155,156,3.04922
88,155,170,3.20038
88,156,157,3.53445
88,156,171,4.10241
88,157,158,4.10241
88,157,172,3.27641
88,158,159,3.61271
88,158,173,3.30727
88,159,160,3.7196
88,159,174,3.87076
88,160,161,2.89359
88,160,175,3.20038
88,161,162,3.46155
88,161,176,3.84884
88,162,163,4.02639
88,162,177,3.84437
88,163,164,3.38329
88,163,178,3.76834
88,164,179,4.0
88,165,166,3.76834
88,165,180,3.27641
88,166,167,3.61719
88,166,181,2.89359
88,167,168,3.53445
88,167,182,3.20038
88,168,169,3.45842
88,168,183,3.61719
88,169,170,3.61719
88,169,184,3.28088
88,170,171,3.53892
88,170,185,3.53892
88,171,172,3.69008
88,171,186,3.69321
88,172,173,3.27641
88,172,187,3.76834
88,173,174,3.61271
88,173,188,3.46155
88,174,175,3.20038
88,174,189,3.87076
88,175,176,3.7196
88,175,190,4.10241
88,176,177,3.69008
88,176,191,4.0
88,177,178,3.7196
88,177,192,3.76834
88,178,179,3.53892
88,178,193,3.43204
88,179,194,4.10688
88,180,181,3.28088
88,180,195,2.89359
88,181,182,3.76834
88,181,196,4.10688
88,182,183,3.84437
88,182,197,3.30727
88,183,184,3.04922
88,183,198,3.28088
88,184,185,3.30727
88,184,199,3.12525
88,185,186,3.12525
88,185,200,3.12525
88,186,187,3.69008
88,186,201,4.0
88,187,188,3.53892
88,187,202,3.61719
88,188,189,3.43204
88,188,203,3.95125
88,189,190,3.76834
88,189,204,4.0
88,190,191,4.25804
88,190,205,3.95125
88,191,192,3.45842
88,191,206,3.53445
88,192,193,3.61271
88,192,207,4.02639
88,193,194,3.95125
88,193,208,3.7196
88,194,209,3.04922
88,195,196,3.38329
88,195,210,3.04475
88,196,197,3.38329
88,196,211,3.69008
88,197,198,3.87076
88,197,212,3.61719
88,198,199,3.7196
88,198,213,3.27641
88,199,200,3.69008
88,199,214,3.61719
88,200,201,3.95125
88,200,215,2.89359
88,201,202,3.69321
88,201,216,3.76834
88,202,203,3.30727
88,202,217,3.04922
88,203,204,3.28088
88,203,218,3.15164
88,204,205,3.69321
88,204,219,3.61719
88,205,206,3.61719
88,205,220,3.87076
88,206,207,3.76834
88,206,221,3.30279
88,207,208,3.27641
88,207,222,3.30279
88,208,209,3.7196
88,208,223,3.76834
88,209,224,3.53445
88,210,211,3.38329
88,211,212,3.12525
88,212,213,3.38329
88,213,214,3.15164
88,214,215,3.04475
88,215,216,3.30279
88,216,217,4.25804
88,217,218,3.69008
88,218,219,3.43204
88,219,220,4.25804
88,220,221,4.10241
88,221,222,3.12525
88,222,223,3.30727
88,223,224,3.76834
89,0,1,4.16547
89,0,15,4.81259
89,1,2,3.70394
89,1,16,4.16547
89,2,3,4.0
89,2,17,4.3363
89,3,4,3.32426
89,3,18,4.51653
89,4,5,3.32426
89,4,19,4.0
89,5,6,3.15342
89,5,20,3.80054
89,6,7,4.5219
89,6,21,4.98342
89,7,8,3.50985
89,7,22,3.50985
89,8,9,4.98342
89,8,23,4.3363
89,9,10,4.17084
89,9,24,2.6919
89,10,11,3.15342
89,10,25,4.81259
89,11,12,3.80591
89,11,26,4.64712
89,12,13,3.33902
89,12,27,3.0282
89,13,14,4.0
89,13,28,3.50449
89,14,29,4.16547
89,15,16,3.70394
89,15,30,2.98796
89,16,17,3.32426
89,16,31,2.98796
89,17,18,3.33902
89,17,32,4.98342
89,18,19,2.6919
89,18,33,4.16547
89,19,20,3.50449
89,19,34,3.15879
89,20,21,4.81259
89,20,35,4.68737
89,21,22,3.80054
89,21,36,2.6919
89,22,23,4.3363
89,22,37,4.51653
89,23,24,2.6919
89,23,38,4.98342
89,24,25,3.32426
89,24,39,4.17084
89,25,26,2.85737
89,25,40,4.81795
89,26,27,4.51653
89,26,41,4.98342
89,27,28,3.97138
89,27,42,3.32426
89,28,29,3.80591
89,28,43,3.97138
89,29,44,3.97138
89,30,31,4.81259
89,30,45,2.98796
89,31,32,4.51653
89,31,46,3.80591
89,32,33,4.81795
89,32,47,2.98796
89,33,34,4.04025
89,33,48,3.32426
89,34,35,3.32426
89,34,49,3.87478
89,35,36,4.64712
89,35,50,4.81795
89,36,37,2.86274
89,36,51,2.98796
89,37,38,3.50985
89,37,52,3.80054
89,38,39,3.33902
89,38,53,4.51653
89,39,40,4.98342
89,39,54,3.87478
89,40,41,3.80591
89,40,55,3.50449
89,41,42,3.86941
89,41,56,3.0282
89,42,43,3.50449
89,42,57,2.86274
89,43,44,4.64712
89,43,58,4.51653
89,44,59,4.04025
89,45,46,4.04025
89,45,60,3.63507
89,46,47,3.15879
89,46,61,3.63507
89,47,48,3.33902
89,47,62,4.04025
89,48,49,3.80591
89,48,63,4.17084
89,49,50,4.81259
89,49,64,3.87478
89,50,51,2.85737
89,50,65,3.97138
89,51,52,3.70394
89,51,66,3.87478
89,52,53,4.68737
89,52,67,3.70394
89,53,54,3.70394
89,53,68,3.67532
89,54,55,3.87478
89,54,69,3.80591
89,55,56,3.32426
89,55,70,3.15342
89,56,57,3.50449
89,56,71,3.70394
89,57,58,4.64712
89,57,72,4.17084
89,58,59,3.0282
89,58,73,4.04025
89,59,74,4.5219
89,60,61,4.35106
89,60,75,4.64712
89,61,62,4.5219
89,61,76,3.0282
89,62,63,3.80591
89,62,77,4.64712
89,63,64,3.15879
89,63,78,3.67532
89,64,65,3.70394
89,64,79,3.15342
89,65,66,4.98342
89,65,80,3.50985
89,66,67,2.85737
89,66,81,3.32426
89,67,68,3.0282
89,67,82,3.80054
89,68,69,4.04025
89,68,83,3.15879
89,69,70,4.64712
89,69,84,3.32426
89,70,71,4.16547
89,70,85,2.6919
89,71,72,2.85737
89,71,86,4.04025
89,72,73,4.51653
89,72,87,3.63507
89,73,74,3.63507
89,73,88,3.63507
89,74,89,4.17084
89,75,76,3.97138
89,75,90,3.0282
89,76,77,3.87478
89,76,91,3.70394
89,77,78,4.3363
89,77,92,4.04025
89,78,79,4.5219
89,78,93,3.32426
89,79,80,3.0282
89,79,94,3.87478
89,80,81,3.70394
89,80,95,4.3363
89,81,82,4.0
89,81,96,3.0282
89,82,83,2.6919
89,82,97,4.64712
89,83,84,3.15879
89,83,98,3.67532
89,84,85,4.0
89,84,99,4.51653
89,85,86,4.68737
89,85,100,3.80054
89,86,87,3.86941
89,86,101,4.35106
89,87,88,2.85737
89,87,102,3.80054
89,88,89,3.50985
89,88,103,3.80054
89,89,104,3.63507
89,90,91,2.86274
89,90,105,2.6919
89,91,92,4.3363
89,91,106,4.81795
89,92,93,4.04025
89,92,107,3.70394
89,93,94,4.04025
89,93,108,2.86274
89,94,95,4.17084
89,94,109,4.3363
89,95,96,3.15879
89,95,110,3.87478
89,96,97,4.3363
89,96,111,4.81795
89,97,98,4.81259
89,97,112,4.35106
89,98,99,3.63507
89,98,113,4.04025
89,99,100,3.63507
89,99,114,3.80054
89,100,101,3.32426
89,100,115,4.81795
89,101,102,3.67532
89,101,116,4.5219
89,102,103,3.32426
89,102,117,4.04025
89,103,104,3.15879
89,103,118,3.97138
89,104,119,4.81259
89,105,106,2.86274
89,105,120,3.32426
89,106,107,3.0282
89,106,121,2.86274
89,107,108,4.3363
89,107,122,4.17084
89,108,109,3.87478
89,108,123,3.87478
89,109,110,3.32426
89,109,124,4.0
89,110,111,3.67532
89,110,125,3.15879
89,111,112,3.0282
89,111,126,3.50449
89,112,113,4.35106
89,112,127,4.17084
89,113,114,4.51653
89,113,128,3.67532
89,114,115,4.81795
89,114,129,4.5219
89,115,116,3.63507
89,115,130,2.98796
89,116,117,3.15342
89,116,131,3.32426
89,117,118,4.0
89,117,132,3.87478
89,118,119,4.17084
89,118,133,2.98796
89,119,134,3.80591
89,120,121,4.81259
89,120,135,4.98342
89,121,122,4.16547
89,121,136,3.87478
89,122,123,3.97138
89,122,137,2.6919
89,123,124,4.68737
89,123,138,3.33902
89,124,125,3.86941
89,124,139,2.85737
89,125,126,2.98796
89,125,140,4.5219
89,126,127,4.64712
89,126,141,4.3363
89,127,128,3.15879
89,127,142,2.98796
89,128,129,2.6919
89,128,143,3.33902
89,129,130,3.15342
89,129,144,3.86941
89,130,131,4.64712
89,130,145,2.86274
89,131,132,4.68737
89,131,146,3.0282
89,132,133,4.81795
89,132,147,4.64712
89,133,134,2.98796
89,133,148,4.04025
89,134,149,2.86274
89,135,136,4.51653
89,135,150,4.17084
89,136,137,4.98342
89,136,151,4.68737
89,137,138,4.35106
89,137,152,3.70394
89,138,139,4.35106
89,138,153,4.16547
89,139,140,4.35106
89,139,154,4.04025
89,140,141,2.85737
89,140,155,3.50985
89,141,142,3.70394
89,141,156,3.80054
89,142,143,2.85737
89,142,157,4.64712
89,143,144,2.85737
89,143,158,4.04025
89,144,145,4.81795
89,144,159,2.6919
89,145,146,3.86941
89,145,160,4.51653
89,146,147,4.0
89,146,161,4.81259
89,147,148,3.15879
89,147,162,3.0282
89,148,149,4.64712
89,148,163,3.33902
89,149,164,4.5219
89,150,151,4.17084
89,150,165,4.16547
89,151,152,4.04025
89,151,166,4.51653
89,152,153,3.63507
89,152,167,3.80591
89,153,154,3.15342
89,153,168,3.50985
89,154,155,3.70394
89,154,169,3.70394
89,155,156,4.51653
89,155,170,4.81259
89,156,157,3.80591
89,156,171,3.15879
89,157,158,3.15879
89,157,172,4.81795
89,158,159,4.3363
89,158,173,3.50449
89,159,160,3.0282
89,159,174,3.32426
89,160,161,4.68737
89,160,175,4.81259
89,161,162,4.04025
89,161,176,3.70394
89,162,163,3.15342
89,162,177,4.17084
89,163,164,3.50985
89,163,178,4.16547
89,164,179,4.0
89,165,166,4.16547
89,165,180,4.81795
89,166,167,3.86941
89,166,181,4.68737
89,167,168,3.80591
89,167,182,4.81259
89,168,169,3.80054
89,168,183,3.86941
89,169,170,3.86941
89,169,184,4.35106
89,170,171,3.33902
89,170,185,3.33902
89,171,172,3.63507
89,171,186,3.87478
89,172,173,4.81795
89,172,187,4.16547
89,173,174,4.3363
89,173,188,4.04025
89,174,175,4.81259
89,174,189,3.32426
89,175,176,3.0282
89,175,190,3.15879
89,176,177,3.63507
89,176,191,4.0
89,177,178,3.0282
89,177,192,4.16547
89,178,179,3.33902
89,178,193,4.64712
89,179,194,2.6919
89,180,181,4.35106
89,180,195,4.68737
89,181,182,4.16547
89,181,196,2.6919
89,182,183,4.17084
89,182,197,3.50449
89,183,184,4.51653
89,183,198,4.35106
89,184,185,3.50449
89,184,199,4.5219
89,185,186,4.5219
89,185,200,4.5219
89,186,187,3.63507
89,186,201,4.0
89,187,188,3.33902
89,187,202,3.86941
89,188,189,4.64712
89,188,203,2.86274
89,189,190,4.16547
89,189,204,4.0
89,190,191,2.98796
89,190,205,2.86274
89,191,192,3.80054
89,191,206,3.80591
89,192,193,4.3363
89,192,207,3.15342
89,193,194,2.86274
89,193,208,3.0282
89,194,209,4.51653
89,195,196,3.50985
89,195,210,4.98342
89,196,197,3.50985
89,196,211,3.63507
89,197,198,3.32426
89,197,212,3.86941
89,198,199,3.0282
89,198,213,4.81795
89,199,200,3.63507
89,199,214,3.86941
89,200,201,2.86274
89,200,215,4.68737
89,201,202,3.87478
89,201,216,4.16547
89,202,203,3.50449
89,202,217,4.51653
89,203,204,4.35106
89,203,218,3.67532
89,204,205,3.87478
89,204,219,3.86941
89,205,206,3.86941
89,205,220,3.32426
89,206,207,4.16547
89,206,221,3.97138
89,207,208,4.81795
89,207,222,3.97138
89,208,209,3.0282
89,208,223,4.16547
89,209,224,3.80591
89,210,211,3.50985
89,211,212,4.5219
89,212,213,3.50985
89,213,214,3.67532
89,214,215,4.98342
89,215,216,3.97138
89,216,217,2.98796
89,217,218,3.63507
89,218,219,4.64712
89,219,220,2.98796
89,220,221,3.15879
89,221,222,4.5219
89,222,223,3.50449
89,223,224,4.16547
90,0,1,4.15787
90,0,15,3.3739
90,1,2,4.16055
90,1,16,4.15787
90,2,3,4.0
90,2,17,3.56889
90,3,4,2.54298
90,3,18,3.53445
90,4,5,2.54298
90,4,19,4.0
90,5,6,3.13196
90,5,20,2.34799
90,6,7,2.7876
90,6,21,2.78492
90,7,8,1.7617
90,7,22,1.7617
90,8,9,2.78492
90,8,23,3.56889
90,9,10,3.41102
90,9,24,3.13464
90,10,11,3.13196
90,10,25,3.3739
90,11,12,1.60115
90,11,26,3.21603
90,12,13,2.35068
90,12,27,2.70353
90,13,14,4.0
90,13,28,2.50854
90,14,29,4.15787
90,15,16,4.16055
90,15,30,2.97409
90,16,17,2.54298
90,16,31,2.97409
90,17,18,2.35068
90,17,32,2.78492
90,18,19,3.13464
90,18,33,4.15787
90,19,20,2.50854
90,19,34,2.38511
90,20,21,3.3739
90,20,35,2.94547
90,21,22,2.34799
90,21,36,3.13464
90,22,23,3.56889
90,22,37,3.53445
90,23,24,3.13464
90,23,38,2.78492
90,24,25,2.54298
90,24,39,3.41102
90,25,26,3.29251
90,25,40,2.62705
90,26,27,3.53445
90,26,41,2.78492
90,27,28,1.75901
90,27,42,2.54298
90,28,29,1.60115
90,28,43,1.75901
90,29,44,1.75901
90,30,31,3.3739
90,30,45,2.97409
90,31,32,3.53445
90,31,46,1.60115
90,32,33,2.62705
90,32,47,2.97409
90,33,34,3.72944
90,33,48,2.54298
90,34,35,2.54298
90,34,49,3.57157
90,35,36,3.21603
90,35,50,2.62705
90,36,37,2.54566
90,36,51,2.97409
90,37,38,1.7617
90,37,52,2.34799
90,38,39,2.35068
90,38,53,3.53445
90,39,40,2.78492
90,39,54,3.57157
90,40,41,1.60115
90,40,55,2.50854
90,41,42,4.31842
90,41,56,2.70353
90,42,43,2.50854
90,42,57,2.54566
90,43,44,3.21603
90,43,58,3.53445
90,44,59,3.72944
90,45,46,3.72944
90,45,60,2.19013
90,46,47,2.38511
90,46,61,2.19013
90,47,48,2.35068
90,47,62,3.72944
90,48,49,1.60115
90,48,63,3.41102
90,49,50,3.3739
90,49,64,3.57157
90,50,51,3.29251
90,50,65,1.75901
90,51,52,4.16055
90,51,66,3.57157
90,52,53,2.94547
90,52,67,4.16055
90,53,54,4.16055
90,53,68,1.91956
90,54,55,3.57157
90,54,69,1.60115
90,55,56,2.54298
90,55,70,3.13196
90,56,57,2.50854
90,56,71,4.16055
90,57,58,3.21603
90,57,72,3.41102
90,58,59,2.70353
90,58,73,3.72944
90,59,74,2.7876
90,60,61,3.37658
90,60,75,3.21603
90,61,62,2.7876
90,61,76,2.70353
90,62,63,1.60115
90,62,77,3.21603
90,63,64,2.38511
90,63,78,1.91956
90,64,65,4.16055
90,64,79,3.13196
90,65,66,2.78492
90,65,80,1.7617
90,66,67,3.29251
90,66,81,2.54298
90,67,68,2.70353
90,67,82,2.34799
90,68,69,3.72944
90,68,83,2.38511
90,69,70,3.21603
90,69,84,2.54298
90,70,71,4.15787
90,70,85,3.13464
90,71,72,3.29251
90,71,86,3.72944
90,72,73,3.53445
90,72,87,2.19013
90,73,74,2.19013
90,73,88,2.19013
90,74,89,3.41102
90,75,76,1.75901
90,75,90,2.70353
90,76,77,3.57157
90,76,91,4.16055
90,77,78,3.56889
90,77,92,3.72944
90,78,79,2.7876
90,78,93,2.54298
90,79,80,2.70353
90,79,94,3.57157
90,80,81,4.16055
90,80,95,3.56889
90,81,82,4.0
90,81,96,2.70353
90,82,83,3.13464
90,82,97,3.21603
90,83,84,2.38511
90,83,98,1.91956
90,84,85,4.0
90,84,99,3.53445
90,85,86,2.94547
90,85,100,2.34799
90,86,87,4.31842
90,86,101,3.37658
90,87,88,3.29251
90,87,102,2.34799
90,88,89,1.7617
90,88,103,2.34799
90,89,104,2.19013
90,90,91,2.54566
90,90,105,3.13464
90,91,92,3.56889
90,91,106,2.62705
90,92,93,3.72944
90,92,107,4.16055
90,93,94,3.72944
90,93,108,2.54566
90,94,95,3.41102
90,94,109,3.56889
90,95,96,2.38511
90,95,110,3.57157
90,96,97,3.56889
90,96,111,2.62705
90,97,98,3.3739
90,97,112,3.37658
90,98,99,2.19013
90,98,113,3.72944
90,99,100,2.19013
90,99,114,2.34799
90,100,101,2.54298
90,100,115,2.62705
90,101,102,1.91956
90,101,116,2.7876
90,102,103,2.54298
90,102,117,3.72944
90,103,104,2.38511
90,103,118,1.75901
90,104,119,3.3739
90,105,106,2.54566
90,105,120,2.54298
90,106,107,2.70353
90,106,121,2.54566
90,107,108,3.56889
90,107,122,3.41102
90,108,109,3.57157
90,108,123,3.57157
90,109,110,2.54298
90,109,124,4.0
90,110,111,1.91956
90,110,125,2.38511
90,111,112,2.70353
90,111,126,2.50854
90,112,113,3.37658
90,112,127,3.41102
90,113,114,3.53445
90,113,128,1.91956
90,114,115,2.62705
90,114,129,2.7876
90,115,116,2.19013
90,115,130,2.97409
90,116,117,3.13196
90,116,131,2.54298
90,117,118,4.0
90,117,132,3.57157
90,118,119,3.41102
90,118,133,2.97409
90,119,134,1.60115
90,120,121,3.3739
90,120,135,2.78492
90,121,122,4.15787
90,121,136,3.57157
90,122,123,1.75901
90,122,137,3.13464
90,123,124,2.94547
90,123,138,2.35068
90,124,125,4.31842
90,124,139,3.29251
90,125,126,2.97409
90,125,140,2.7876
90,126,127,3.21603
90,126,141,3.56889
90,127,128,2.38511
90,127,142,2.97409
90,128,129,3.13464
90,128,143,2.35068
90,129,130,3.13196
90,129,144,4.31842
90,130,131,3.21603
90,130,145,2.54566
90,131,132,2.94547
90,131,146,2.70353
90,132,133,2.62705
90,132,147,3.21603
90,133,134,2.97409
90,133,148,3.72944
90,134,149,2.54566
90,135,136,3.53445
90,135,150,3.41102
90,136,137,2.78492
90,136,151,2.94547
90,137,138,3.37658
90,137,152,4.16055
90,138,139,3.37658
90,138,153,4.15787
90,139,140,3.37658
90,139,154,3.72944
90,140,141,3.29251
90,140,155,1.7617
90,141,142,4.16055
90,141,156,2.34799
90,142,143,3.29251
90,142,157,3.21603
90,143,144,3.29251
90,143,158,3.72944
90,144,145,2.62705
90,144,159,3.13464
90,145,146,4.31842
90,145,160,3.53445
90,146,147,4.0
90,146,161,3.3739
90,147,148,2.38511
90,147,162,2.70353
90,148,149,3.21603
90,148,163,2.35068
90,149,164,2.7876
90,150,151,3.41102
90,150,165,4.15787
90,151,152,3.72944
90,151,166,3.53445
90,152,153,2.19013
90,152,167,1.60115
90,153,154,3.13196
90,153,168,1.7617
90,154,155,4.16055
90,154,169,4.16055
90,155,156,3.53445
90,155,170,3.3739
90,156,157,1.60115
90,156,171,2.38511
90,157,158,2.38511
90,157,172,2.62705
90,158,159,3.56889
90,158,173,2.50854
90,159,160,2.70353
90,159,174,2.54298
90,160,161,2.94547
90,160,175,3.3739
90,161,162,3.72944
90,161,176,4.16055
90,162,163,3.13196
90,162,177,3.41102
90,163,164,1.7617
90,163,178,4.15787
90,164,179,4.0
90,165,166,4.15787
90,165,180,2.62705
90,166,167,4.31842
90,166,181,2.94547
90,167,168,1.60115
90,167,182,3.3739
90,168,169,2.34799
90,168,183,4.31842
90,169,170,4.31842
90,169,184,3.37658
90,170,171,2.35068
90,170,185,2.35068
90,171,172,2.19013
90,171,186,3.57157
90,172,173,2.62705
90,172,187,4.15787
90,173,174,3.56889
90,173,188,3.72944
90,174,175,3.3739
90,174,189,2.54298
90,175,176,2.70353
90,175,190,2.38511
90,176,177,2.19013
90,176,191,4.0
90,177,178,2.70353
90,177,192,4.15787
90,178,179,2.35068
90,178,193,3.21603
90,179,194,3.13464
90,180,181,3.37658
90,180,195,2.94547
90,181,182,4.15787
90,181,196,3.13464
90,182,183,3.41102
90,182,197,2.50854
90,183,184,3.53445
90,183,198,3.37658
90,184,185,2.50854
90,184,199,2.7876
90,185,186,2.7876
90,185,200,2.7876
90,186,187,2.19013
90,186,201,4.0
90,187,188,2.35068
90,187,202,4.31842
90,188,189,3.21603
90,188,203,2.54566
90,189,190,4.15787
90,189,204,4.0
90,190,191,2.97409
90,190,205,2.54566
90,191,192,2.34799
90,191,206,1.60115
90,192,193,3.56889
90,192,207,3.13196
90,193,194,2.54566
90,193,208,2.70353
90,194,209,3.53445
90,195,196,1.7617
90,195,210,2.78492
90,196,197,1.7617
90,196,211,2.19013
90,197,198,2.54298
90,197,212,4.31842
90,198,199,2.70353
90,198,213,2.62705
90,199,200,2.19013
90,199,214,4.31842
90,200,201,2.54566
90,200,215,2.94547
90,201,202,3.57157
90,201,216,4.15787
90,202,203,2.50854
90,202,217,3.53445
90,203,204,3.37658
90,203,218,1.91956
90,204,205,3.57157
90,204,219,4.31842
90,205,206,4.31842
90,205,220,2.54298
90,206,207,4.15787
90,206,221,1.75901
90,207,208,2.62705
90,207,222,1.75901
90,208,209,2.70353
90,208,223,4.15787
90,209,224,1.60115
90,210,211,1.7617
90,211,212,2.7876
90,212,213,1.7617
90,213,214,1.91956
90,214,215,2.78492
90,215,216,1.75901
90,216,217,2.97409
90,217,218,2.19013
90,218,219,3.21603
90,219,220,2.97409
90,220,221,2.38511
90,221,222,2.7876
90,222,223,2.50854
90,223,224,4.15787
91,0,1,3.55771
91,0,15,4.29561
91,1,2,4.20303
91,1,16,3.55771
91,2,3,4.0
91,2,17,3.17131
91,3,4,2.57384
91,3,18,4.49864
91,4,5,2.57384
91,4,19,4.0
91,5,6,2.96023
91,5,20,3.69813
91,6,7,4.55454
91,6,21,3.90922
91,7,8,3.95707
91,7,22,3.95707
91,8,9,3.90922
91,8,23,3.17131
91,9,10,3.61361
91,9,24,3.60556
91,10,11,2.96023
91,10,25,4.29561
91,11,12,3.75403
91,11,26,4.7379
91,12,13,4.34346
91,12,27,2.77687
91,13,14,4.0
91,13,28,3.90117
91,14,29,3.55771
91,15,16,4.20303
91,15,30,3.40252
91,16,17,2.57384
91,16,31,3.40252
91,17,18,4.34346
91,17,32,3.90922
91,18,19,3.60556
91,18,33,3.55771
91,19,20,3.90117
91,19,34,3.01613
91,20,21,4.29561
91,20,35,4.11225
91,21,22,3.69813
91,21,36,3.60556
91,22,23,3.17131
91,22,37,4.49864
91,23,24,3.60556
91,23,38,3.90922
91,24,25,2.57384
91,24,39,3.61361
91,25,26,3.16326
91,25,40,4.35151
91,26,27,4.49864
91,26,41,3.90922
91,27,28,3.31174
91,27,42,2.57384
91,28,29,3.75403
91,28,43,3.31174
91,29,44,3.31174
91,30,31,4.29561
91,30,45,3.40252
91,31,32,4.49864
91,31,46,3.75403
91,32,33,4.35151
91,32,47,3.40252
91,33,34,3.37435
91,33,48,2.57384
91,34,35,2.57384
91,34,49,3.81664
91,35,36,4.7379
91,35,50,4.35151
91,36,37,3.21917
91,36,51,3.40252
91,37,38,3.95707
91,37,52,3.69813
91,38,39,4.34346
91,38,53,4.49864
91,39,40,3.90922
91,39,54,3.81664
91,40,41,3.75403
91,40,55,3.90117
91,41,42,3.76074
91,41,56,2.77687
91,42,43,3.90117
91,42,57,3.21917
91,43,44,4.7379
91,43,58,4.49864
91,44,59,3.37435
91,45,46,3.37435
91,45,60,4.14043
91,46,47,3.01613
91,46,61,4.14043
91,47,48,4.34346
91,47,62,3.37435
91,48,49,3.75403
91,48,63,3.61361
91,49,50,4.29561
91,49,64,3.81664
91,50,51,3.16326
91,50,65,3.31174
91,51,52,4.20303
91,51,66,3.81664
91,52,53,4.11225
91,52,67,4.20303
91,53,54,4.20303
91,53,68,3.51477
91,54,55,3.81664
91,54,69,3.75403
91,55,56,2.57384
91,55,70,2.96023
91,56,57,3.90117
91,56,71,4.20303
91,57,58,4.7379
91,57,72,3.61361
91,58,59,2.77687
91,58,73,3.37435
91,59,74,4.55454
91,60,61,4.94094
91,60,75,4.7379
91,61,62,4.55454
91,61,76,2.77687
91,62,63,3.75403
91,62,77,4.7379
91,63,64,3.01613
91,63,78,3.51477
91,64,65,4.20303
91,64,79,2.96023
91,65,66,3.90922
91,65,80,3.95707
91,66,67,3.16326
91,66,81,2.57384
91,67,68,2.77687
91,67,82,3.69813
91,68,69,3.37435
91,68,83,3.01613
91,69,70,4.7379
91,69,84,2.57384
91,70,71,3.55771
91,70,85,3.60556
91,71,72,3.16326
91,71,86,3.37435
91,72,73,4.49864
91,72,87,4.14043
91,73,74,4.14043
91,73,88,4.14043
91,74,89,3.61361
91,75,76,3.31174
91,75,90,2.77687
91,76,77,3.81664
91,76,91,4.20303
91,77,78,3.17131
91,77,92,3.37435
91,78,79,4.55454
91,78,93,2.57384
91,79,80,2.77687
91,79,94,3.81664
91,80,81,4.20303
91,80,95,3.17131
91,81,82,4.0
91,81,96,2.77687
91,82,83,3.60556
91,82,97,4.7379
91,83,84,3.01613
91,83,98,3.51477
91,84,85,4.0
91,84,99,4.49864
91,85,86,4.11225
91,85,100,3.69813
91,86,87,3.76074
91,86,101,4.94094
91,87,88,3.16326
91,87,102,3.69813
91,88,89,3.95707
91,88,103,3.69813
91,89,104,4.14043
91,90,91,3.21917
91,90,105,3.60556
91,91,92,3.17131
91,91,106,4.35151
91,92,93,3.37435
91,92,107,4.20303
91,93,94,3.37435
91,93,108,3.21917
91,94,95,3.61361
91,94,109,3.17131
91,95,96,3.01613
91,95,110,3.81664
91,96,97,3.17131
91,96,111,4.35151
91,97,98,4.29561
91,97,112,4.94094
91,98,99,4.14043
91,98,113,3.37435
91,99,100,4.14043
91,99,114,3.69813
91,100,101,2.57384
91,100,115,4.35151
91,101,102,3.51477
91,101,116,4.55454
91,102,103,2.57384
91,102,117,3.37435
91,103,104,3.01613
91,103,118,3.31174
91,104,119,4.29561
91,105,106,3.21917
91,105,120,2.57384
91,106,107,2.77687
91,106,121,3.21917
91,107,108,3.17131
91,107,122,3.61361
91,108,109,3.81664
91,108,123,3.81664
91,109,110,2.57384
91,109,124,4.0
91,110,111,3.51477
91,110,125,3.01613
91,111,112,2.77687
91,111,126,3.90117
91,112,113,4.94094
91,112,127,3.61361
91,113,114,4.49864
91,113,128,3.51477
91,114,115,4.35151
91,114,129,4.55454
91,115,116,4.14043
91,115,130,3.40252
91,116,117,2.96023
91,116,131,2.57384
91,117,118,4.0
91,117,132,3.81664
91,118,119,3.61361
91,118,133,3.40252
91,119,134,3.75403
91,120,121,4.29561
91,120,135,3.90922
91,121,122,3.55771
91,121,136,3.81664
91,122,123,3.31174
91,122,137,3.60556
91,123,124,4.11225
91,123,138,4.34346
91,124,125,3.76074
91,124,139,3.16326
91,125,126,3.40252
91,125,140,4.55454
91,126,127,4.7379
91,126,141,3.17131
91,127,128,3.01613
91,127,142,3.40252
91,128,129,3.60556
91,128,143,4.34346
91,129,130,2.96023
91,129,144,3.76074
91,130,131,4.7379
91,130,145,3.21917
91,131,132,4.11225
91,131,146,2.77687
91,132,133,4.35151
91,132,147,4.7379
91,133,134,3.40252
91,133,148,3.37435
91,134,149,3.21917
91,135,136,4.49864
91,135,150,3.61361
91,136,137,3.90922
91,136,151,4.11225
91,137,138,4.94094
91,137,152,4.20303
91,138,139,4.94094
91,138,153,3.55771
91,139,140,4.94094
91,139,154,3.37435
91,140,141,3.16326
91,140,155,3.95707
91,141,142,4.20303
91,141,156,3.69813
91,142,143,3.16326
91,142,157,4.7379
91,143,144,3.16326
91,143,158,3.37435
91,144,145,4.35151
91,144,159,3.60556
91,145,146,3.76074
91,145,160,4.49864
91,146,147,4.0
91,146,161,4.29561
91,147,148,3.01613
91,147,162,2.77687
91,148,149,4.7379
91,148,163,4.34346
91,149,164,4.55454
91,150,151,3.61361
91,150,165,3.55771
91,151,152,3.37435
91,151,166,4.49864
91,152,153,4.14043
91,152,167,3.75403
91,153,154,2.96023
91,153,168,3.95707
91,154,155,4.20303
91,154,169,4.20303
91,155,156,4.49864
91,155,170,4.29561
91,156,157,3.75403
91,156,171,3.01613
91,157,158,3.01613
91,157,172,4.35151
91,158,159,3.17131
91,158,173,3.90117
91,159,160,2.77687
91,159,174,2.57384
91,160,161,4.11225
91,160,175,4.29561
91,161,162,3.37435
91,161,176,4.20303
91,162,163,2.96023
91,162,177,3.61361
91,163,164,3.95707
91,163,178,3.55771
91,164,179,4.0
91,165,166,3.55771
91,165,180,4.35151
91,166,167,3.76074
91,166,181,4.11225
91,167,168,3.75403
91,167,182,4.29561
91,168,169,3.69813
91,168,183,3.76074
91,169,170,3.76074
91,169,184,4.94094
91,170,171,4.34346
91,170,185,4.34346
91,171,172,4.14043
91,171,186,3.81664
91,172,173,4.35151
91,172,187,3.55771
91,173,174,3.17131
91,173,188,3.37435
91,174,175,4.29561
91,174,189,2.57384
91,175,176,2.77687
91,175,190,3.01613
91,176,177,4.14043
91,176,191,4.0
91,177,178,2.77687
91,177,192,3.55771
91,178,179,4.34346
91,178,193,4.7379
91,179,194,3.60556
91,180,181,4.94094
91,180,195,4.11225
91,181,182,3.55771
91,181,196,3.60556
91,182,183,3.61361
91,182,197,3.90117
91,183,184,4.49864
91,183,198,4.94094
91,184,185,3.90117
91,184,199,4.55454
91,185,186,4.55454
91,185,200,4.55454
91,186,187,4.14043
91,186,201,4.0
91,187,188,4.34346
91,187,202,3.76074
91,188,189,4.7379
91,188,203,3.21917
91,189,190,3.55771
91,189,204,4.0
91,190,191,3.40252
91,190,205,3.21917
91,191,192,3.69813
91,191,206,3.75403
91,192,193,3.17131
91,192,207,2.96023
91,193,194,3.21917
91,193,208,2.77687
91,194,209,4.49864
91,195,196,3.95707
91,195,210,3.90922
91,196,197,3.95707
91,196,211,4.14043
91,197,198,2.57384
91,197,212,3.76074
91,198,199,2.77687
91,198,213,4.35151
91,199,200,4.14043
91,199,214,3.76074
91,200,201,3.21917
91,200,215,4.11225
91,201,202,3.81664
91,201,216,3.55771
91,202,203,3.90117
91,202,217,4.49864
91,203,204,4.94094
91,203,218,3.51477
91,204,205,3.81664
91,204,219,3.76074
91,205,206,3.76074
91,205,220,2.57384
91,206,207,3.55771
91,206,221,3.31174
91,207,208,4.35151
91,207,222,3.31174
91,208,209,2.77687
91,208,223,3.55771
91,209,224,3.75403
91,210,211,3.95707
91,211,212,4.55454
91,212,213,3.95707
91,213,214,3.51477
91,214,215,3.90922
91,215,216,3.31174
91,216,217,3.40252
91,217,218,4.14043
91,218,219,4.7379
91,219,220,3.40252
91,220,221,3.01613
91,221,222,4.55454
91,222,223,3.90117
91,223,224,3.55771
92,0,1,4.24418
92,0,15,3.318
92,1,2,4.17173
92,1,16,4.24418
92,2,3,4.0
92,2,17,3.73883
92,3,4,4.0
92,3,18,3.48973
92,4,5,4.0
92,4,19,4.0
92,5,6,4.50535
92,5,20,3.57917
92,6,7,2.7402
92,6,21,2.81265
92,7,8,3.00137
92,7,22,3.00137
92,8,9,2.81265
92,8,23,3.73883
92,9,10,3.49465
92,9,24,4.4329
92,10,11,4.50535
92,10,25,3.318
92,11,12,2.82964
92,11,26,3.07382
92,12,13,3.50672
92,12,27,4.17173
92,13,14,4.0
92,13,28,3.7509
92,14,29,4.24418
92,15,16,4.17173
92,15,30,4.26117
92,16,17,4.0
92,16,31,4.26117
92,17,18,3.50672
92,17,32,2.81265
92,18,19,4.4329
92,18,33,4.24418
92,19,20,3.7509
92,19,34,3.75582
92,20,21,3.318
92,20,35,2.98438
92,21,22,3.57917
92,21,36,4.4329
92,22,23,3.73883
92,22,37,3.48973
92,23,24,4.4329
92,23,38,2.81265
92,24,25,4.0
92,24,39,3.49465
92,25,26,4.67708
92,25,40,2.56847
92,26,27,3.48973
92,26,41,2.81265
92,27,28,3.07382
92,27,42,4.0
92,28,29,2.82964
92,28,43,3.07382
92,29,44,3.07382
92,30,31,3.318
92,30,45,4.26117
92,31,32,3.48973
92,31,46,2.82964
92,32,33,2.56847
92,32,47,4.26117
92,33,34,3.91056
92,33,48,4.0
92,34,35,4.0
92,34,49,3.66638
92,35,36,3.07382
92,35,50,2.56847
92,36,37,3.92755
92,36,51,4.26117
92,37,38,3.00137
92,37,52,3.57917
92,38,39,3.50672
92,38,53,3.48973
92,39,40,2.81265
92,39,54,3.66638
92,40,41,2.82964
92,40,55,3.7509
92,41,42,4.41591
92,41,56,4.17173
92,42,43,3.7509
92,42,57,3.92755
92,43,44,3.07382
92,43,58,3.48973
92,44,59,3.91056
92,45,46,3.91056
92,45,60,3.33499
92,46,47,3.75582
92,46,61,3.33499
92,47,48,3.50672
92,47,62,3.91056
92,48,49,2.82964
92,48,63,3.49465
92,49,50,3.318
92,49,64,3.66638
92,50,51,4.67708
92,50,65,3.07382
92,51,52,4.17173
92,51,66,3.66638
92,52,53,2.98438
92,52,67,4.17173
92,53,54,4.17173
92,53,68,3.24555
92,54,55,3.66638
92,54,69,2.82964
92,55,56,4.0
92,55,70,4.50535
92,56,57,3.7509
92,56,71,4.17173
92,57,58,3.07382
92,57,72,3.49465
92,58,59,4.17173
92,58,73,3.91056
92,59,74,2.7402
92,60,61,3.24555
92,60,75,3.07382
92,61,62,2.7402
92,61,76,4.17173
92,62,63,2.82964
92,62,77,3.07382
92,63,64,3.75582
92,63,78,3.24555
92,64,65,4.17173
92,64,79,4.50535
92,65,66,2.81265
92,65,80,3.00137
92,66,67,4.67708
92,66,81,4.0
92,67,68,4.17173
92,67,82,3.57917
92,68,69,3.91056
92,68,83,3.75582
92,69,70,3.07382
92,69,84,4.0
92,70,71,4.24418
92,70,85,4.4329
92,71,72,4.67708
92,71,86,3.91056
92,72,73,3.48973
92,72,87,3.33499
92,73,74,3.33499
92,73,88,3.33499
92,74,89,3.49465
92,75,76,3.07382
92,75,90,4.17173
92,76,77,3.66638
92,76,91,4.17173
92,77,78,3.73883
92,77,92,3.91056
92,78,79,2.7402
92,78,93,4.0
92,79,80,4.17173
92,79,94,3.66638
92,80,81,4.17173
92,80,95,3.73883
92,81,82,4.0
92,81,96,4.17173
92,82,83,4.4329
92,82,97,3.07382
92,83,84,3.75582
92,83,98,3.24555
92,84,85,4.0
92,84,99,3.48973
92,85,86,2.98438
92,85,100,3.57917
92,86,87,4.41591
92,86,101,3.24555
92,87,88,4.67708
92,87,102,3.57917
92,88,89,3.00137
92,88,103,3.57917
92,89,104,3.33499
92,90,91,3.92755
92,90,105,4.4329
92,91,92,3.73883
92,91,106,2.56847
92,92,93,3.91056
92,92,107,4.17173
92,93,94,3.91056
92,93,108,3.92755
92,94,95,3.49465
92,94,109,3.73883
92,95,96,3.75582
92,95,110,3.66638
92,96,97,3.73883
92,96,111,2.56847
92,97,98,3.318
92,97,112,3.24555
92,98,99,3.33499
92,98,113,3.91056
92,99,100,3.33499
92,99,114,3.57917
92,100,101,4.0
92,100,115,2.56847
92,101,102,3.24555
92,101,116,2.7402
92,102,103,4.0
92,102,117,3.91056
92,103,104,3.75582
92,103,118,3.07382
92,104,119,3.318
92,105,106,3.92755
92,105,120,4.0
92,106,107,4.17173
92,106,121,3.92755
92,107,108,3.73883
92,107,122,3.49465
92,108,109,3.66638
92,108,123,3.66638
92,109,110,4.0
92,109,124,4.0
92,110,111,3.24555
92,110,125,3.75582
92,111,112,4.17173
92,111,126,3.7509
92,112,113,3.24555
92,112,127,3.49465
92,113,114,3.48973
92,113,128,3.24555
92,114,115,2.56847
92,114,129,2.7402
92,115,116,3.33499
92,115,130,4.26117
92,116,117,4.50535
92,116,131,4.0
92,117,118,4.0
92,117,132,3.66638
92,118,119,3.49465
92,118,133,4.26117
92,119,134,2.82964
92,120,121,3.318
92,120,135,2.81265
92,121,122,4.24418
92,121,136,3.66638
92,122,123,3.07382
92,122,137,4.4329
92,123,124,2.98438
92,123,138,3.50672
92,124,125,4.41591
92,124,139,4.67708
92,125,126,4.26117
92,125,140,2.7402
92,126,127,3.07382
92,126,141,3.73883
92,127,128,3.75582
92,127,142,4.26117
92,128,129,4.4329
92,128,143,3.50672
92,129,130,4.50535
92,129,144,4.41591
92,130,131,3.07382
92,130,145,3.92755
92,131,132,2.98438
92,131,146,4.17173
92,132,133,2.56847
92,132,147,3.07382
92,133,134,4.26117
92,133,148,3.91056
92,134,149,3.92755
92,135,136,3.48973
92,135,150,3.49465
92,136,137,2.81265
92,136,151,2.98438
92,137,138,3.24555
92,137,152,4.17173
92,138,139,3.24555
92,138,153,4.24418
92,139,140,3.24555
92,139,154,3.91056
92,140,141,4.67708
92,140,155,3.00137
92,141,142,4.17173
92,141,156,3.57917
92,142,143,4.67708
92,142,157,3.07382
92,143,144,4.67708
92,143,158,3.91056
92,144,145,2.56847
92,144,159,4.4329
92,145,146,4.41591
92,145,160,3.48973
92,146,147,4.0
92,146,161,3.318
92,147,148,3.75582
92,147,162,4.17173
92,148,149,3.07382
92,148,163,3.50672
92,149,164,2.7402
92,150,151,3.49465
92,150,165,4.24418
92,151,152,3.91056
92,151,166,3.48973
92,152,153,3.33499
92,152,167,2.82964
92,153,154,4.50535
92,153,168,3.00137
92,154,155,4.17173
92,154,169,4.17173
92,155,156,3.48973
92,155,170,3.318
92,156,157,2.82964
92,156,171,3.75582
92,157,158,3.75582
92,157,172,2.56847
92,158,159,3.73883
92,158,173,3.7509
92,159,160,4.17173
92,159,174,4.0
92,160,161,2.98438
92,160,175,3.318
92,161,162,3.91056
92,161,176,4.17173
92,162,163,4.50535
92,162,177,3.49465
92,163,164,3.00137
92,163,178,4.24418
92,164,179,4.0
92,165,166,4.24418
92,165,180,2.56847
92,166,167,4.41591
92,166,181,2.98438
92,167,168,2.82964
92,167,182,3.318
92,168,169,3.57917
92,168,183,4.41591
92,169,170,4.41591
92,169,184,3.24555
92,170,171,3.50672
92,170,185,3.50672
92,171,172,3.33499
92,171,186,3.66638
92,172,173,2.56847
92,172,187,4.24418
92,173,174,3.73883
92,173,188,3.91056
92,174,175,3.318
92,174,189,4.0
92,175,176,4.17173
92,175,190,3.75582
92,176,177,3.33499
92,176,191,4.0
92,177,178,4.17173
92,177,192,4.24418
92,178,179,3.50672
92,178,193,3.07382
92,179,194,4.4329
92,180,181,3.24555
92,180,195,2.98438
92,181,182,4.24418
92,181,196,4.4329
92,182,183,3.49465
92,182,197,3.7509
92,183,184,3.48973
92,183,198,3.24555
92,184,185,3.7509
92,184,199,2.7402
92,185,186,2.7402
92,185,200,2.7402
92,186,187,3.33499
92,186,201,4.0
92,187,188,3.50672
92,187,202,4.41591
92,188,189,3.07382
92,188,203,3.92755
92,189,190,4.24418
92,189,204,4.0
92,190,191,4.26117
92,190,205,3.92755
92,191,192,3.57917
92,191,206,2.82964
92,192,193,3.73883
92,192,207,4.50535
92,193,194,3.92755
92,193,208,4.17173
92,194,209,3.48973
92,195,196,3.00137
92,195,210,2.81265
92,196,197,3.00137
92,196,211,3.33499
92,197,198,4.0
92,197,212,4.41591
92,198,199,4.17173
92,198,213,2.56847
92,199,200,3.33499
92,199,214,4.41591
92,200,201,3.92755
92,200,215,2.98438
92,201,202,3.66638
92,201,216,4.24418
92,202,203,3.7509
92,202,217,3.48973
92,203,204,3.24555
92,203,218,3.24555
92,204,205,3.66638
92,204,219,4.41591
92,205,206,4.41591
92,205,220,4.0
92,206,207,4.24418
92,206,221,3.07382
92,207,208,2.56847
92,207,222,3.07382
92,208,209,4.17173
92,208,223,4.24418
92,209,224,2.82964
92,210,211,3.00137
92,211,212,2.7402
92,212,213,3.00137
92,213,214,3.24555
92,214,215,2.81265
92,215,216,3.07382
92,216,217,4.26117
92,217,218,3.33499
92,218,219,3.07382
92,219,220,4.26117
92,220,221,3.75582
92,221,222,2.7402
92,222,223,3.7509
92,223,224,4.24418
93,0,1,3.3256
93,0,15,2.28986
93,1,2,4.3694
93,1,16,3.3256
93,2,3,4.0
93,2,17,3.62121
93,3,4,3.59035
93,3,18,2.65925
93,4,5,3.59035
93,4,19,4.0
93,5,6,3.29474
93,5,20,2.259
93,6,7,3.62926
93,6,21,2.58546
93,7,8,3.5984
93,7,22,3.5984
93,8,9,2.58546
93,8,23,3.62121
93,9,10,4.29561
93,9,24,4.33854
93,10,11,3.29474
93,10,25,2.28986
93,11,12,3.229
93,11,26,2.96425
93,12,13,3.30279
93,12,27,3.95975
93,13,14,4.0
93,13,28,2.6284
93,14,29,3.3256
93,15,16,4.3694
93,15,30,3.96914
93,16,17,3.59035
93,16,31,3.96914
93,17,18,3.30279
93,17,32,2.58546
93,18,19,4.33854
93,18,33,3.3256
93,19,20,2.6284
93,19,34,4.26475
93,20,21,2.28986
93,20,35,2.95486
93,21,22,2.259
93,21,36,4.33854
93,22,23,3.62121
93,22,37,2.65925
93,23,24,4.33854
93,23,38,2.58546
93,24,25,3.59035
93,24,39,4.29561
93,25,26,3.66414
93,25,40,3.25986
93,26,27,2.65925
93,26,41,2.58546
93,27,28,2.55461
93,27,42,3.59035
93,28,29,3.229
93,28,43,2.55461
93,29,44,2.55461
93,30,31,2.28986
93,30,45,3.96914
93,31,32,2.65925
93,31,46,3.229
93,32,33,3.25986
93,32,47,3.96914
93,33,34,3.99061
93,33,48,3.59035
93,34,35,3.59035
93,34,49,4.66501
93,35,36,2.96425
93,35,50,3.25986
93,36,37,4.63415
93,36,51,3.96914
93,37,38,3.5984
93,37,52,2.259
93,38,39,3.30279
93,38,53,2.65925
93,39,40,2.58546
93,39,54,4.66501
93,40,41,3.229
93,40,55,2.6284
93,41,42,3.695
93,41,56,3.95975
93,42,43,2.6284
93,42,57,4.63415
93,43,44,2.96425
93,43,58,2.65925
93,44,59,3.99061
93,45,46,3.99061
93,45,60,2.9334
93,46,47,4.26475
93,46,61,2.9334
93,47,48,3.30279
93,47,62,3.99061
93,48,49,3.229
93,48,63,4.29561
93,49,50,2.28986
93,49,64,4.66501
93,50,51,3.66414
93,50,65,2.55461
93,51,52,4.3694
93,51,66,4.66501
93,52,53,2.95486
93,52,67,4.3694
93,53,54,4.3694
93,53,68,2.924
93,54,55,4.66501
93,54,69,3.229
93,55,56,3.59035
93,55,70,3.29474
93,56,57,2.6284
93,56,71,4.3694
93,57,58,2.96425
93,57,72,4.29561
93,58,59,3.95975
93,58,73,3.99061
93,59,74,3.62926
93,60,61,3.33365
93,60,75,2.96425
93,61,62,3.62926
93,61,76,3.95975
93,62,63,3.229
93,62,77,2.96425
93,63,64,4.26475
93,63,78,2.924
93,64,65,4.3694
93,64,79,3.29474
93,65,66,2.58546
93,65,80,3.5984
93,66,67,3.66414
93,66,81,3.59035
93,67,68,3.95975
93,67,82,2.259
93,68,69,3.99061
93,68,83,4.26475
93,69,70,2.96425
93,69,84,3.59035
93,70,71,3.3256
93,70,85,4.33854
93,71,72,3.66414
93,71,86,3.99061
93,72,73,2.65925
93,72,87,2.9334
93,73,74,2.9334
93,73,88,2.9334
93,74,89,4.29561
93,75,76,2.55461
93,75,90,3.95975
93,76,77,4.66501
93,76,91,4.3694
93,77,78,3.62121
93,77,92,3.99061
93,78,79,3.62926
93,78,93,3.59035
93,79,80,3.95975
93,79,94,4.66501
93,80,81,4.3694
93,80,95,3.62121
93,81,82,4.0
93,81,96,3.95975
93,82,83,4.33854
93,82,97,2.96425
93,83,84,4.26475
93,83,98,2.924
93,84,85,4.0
93,84,99,2.65925
93,85,86,2.95486
93,85,100,2.259
93,86,87,3.695
93,86,101,3.33365
93,87,88,3.66414
93,87,102,2.259
93,88,89,3.5984
93,88,103,2.259
93,89,104,2.9334
93,90,91,4.63415
93,90,105,4.33854
93,91,92,3.62121
93,91,106,3.25986
93,92,93,3.99061
93,92,107,4.3694
93,93,94,3.99061
93,93,108,4.63415
93,94,95,4.29561
93,94,109,3.62121
93,95,96,4.26475
93,95,110,4.66501
93,96,97,3.62121
93,96,111,3.25986
93,97,98,2.28986
93,97,112,3.33365
93,98,99,2.9334
93,98,113,3.99061
93,99,100,2.9334
93,99,114,2.259
93,100,101,3.59035
93,100,115,3.25986
93,101,102,2.924
93,101,116,3.62926
93,102,103,3.59035
93,102,117,3.99061
93,103,104,4.26475
93,103,118,2.55461
93,104,119,2.28986
93,105,106,4.63415
93,105,120,3.59035
93,106,107,3.95975
93,106,121,4.63415
93,107,108,3.62121
93,107,122,4.29561
93,108,109,4.66501
93,108,123,4.66501
93,109,110,3.59035
93,109,124,4.0
93,110,111,2.924
93,110,125,4.26475
93,111,112,3.95975
93,111,126,2.6284
93,112,113,3.33365
93,112,127,4.29561
93,113,114,2.65925
93,113,128,2.924
93,114,115,3.25986
93,114,129,3.62926
93,115,116,2.9334
93,115,130,3.96914
93,116,117,3.29474
93,116,131,3.59035
93,117,118,4.0
93,117,132,4.66501
93,118,119,4.29561
93,118,133,3.96914
93,119,134,3.229
93,120,121,2.28986
93,120,135,2.58546
93,121,122,3.3256
93,121,136,4.66501
93,122,123,2.55461
93,122,137,4.33854
93,123,124,2.95486
93,123,138,3.30279
93,124,125,3.695
93,124,139,3.66414
93,125,126,3.96914
93,125,140,3.62926
93,126,127,2.96425
93,126,141,3.62121
93,127,128,4.26475
93,127,142,3.96914
93,128,129,4.33854
93,128,143,3.30279
93,129,130,3.29474
93,129,144,3.695
93,130,131,2.96425
93,130,145,4.63415
93,131,132,2.95486
93,131,146,3.95975
93,132,133,3.25986
93,132,147,2.96425
93,133,134,3.96914
93,133,148,3.99061
93,134,149,4.63415
93,135,136,2.65925
93,135,150,4.29561
93,136,137,2.58546
93,136,151,2.95486
93,137,138,3.33365
93,137,152,4.3694
93,138,139,3.33365
93,138,153,3.3256
93,139,140,3.33365
93,139,154,3.99061
93,140,141,3.66414
93,140,155,3.5984
93,141,142,4.3694
93,141,156,2.259
93,142,143,3.66414
93,142,157,2.96425
93,143,144,3.66414
93,143,158,3.99061
93,144,145,3.25986
93,144,159,4.33854
93,145,146,3.695
93,145,160,2.65925
93,146,147,4.0
93,146,161,2.28986
93,147,148,4.26475
93,147,162,3.95975
93,148,149,2.96425
93,148,163,3.30279
93,149,164,3.62926
93,150,151,4.29561
93,150,165,3.3256
93,151,152,3.99061
93,151,166,2.65925
93,152,153,2.9334
93,152,167,3.229
93,153,154,3.29474
93,153,168,3.5984
93,154,155,4.3694
93,154,169,4.3694
93,155,156,2.65925
93,155,170,2.28986
93,156,157,3.229
93,156,171,4.26475
93,157,158,4.26475
93,157,172,3.25986
93,158,159,3.62121
93,158,173,2.6284
93,159,160,3.95975
93,159,174,3.59035
93,160,161,2.95486
93,160,175,2.28986
93,161,162,3.99061
93,161,176,4.3694
93,162,163,3.29474
93,162,177,4.29561
93,163,164,3.5984
93,163,178,3.3256
93,164,179,4.0
93,165,166,3.3256
93,165,180,3.25986
93,166,167,3.695
93,166,181,2.95486
93,167,168,3.229
93,167,182,2.28986
93,168,169,2.259
93,168,183,3.695
93,169,170,3.695
93,169,184,3.33365
93,170,171,3.30279
93,170,185,3.30279
93,171,172,2.9334
93,171,186,4.66501
93,172,173,3.25986
93,172,187,3.3256
93,173,174,3.62121
93,173,188,3.99061
93,174,175,2.28986
93,174,189,3.59035
93,175,176,3.95975
93,175,190,4.26475
93,176,177,2.9334
93,176,191,4.0
93,177,178,3.95975
93,177,192,3.3256
93,178,179,3.30279
93,178,193,2.96425
93,179,194,4.33854
93,180,181,3.33365
93,180,195,2.95486
93,181,182,3.3256
93,181,196,4.33854
93,182,183,4.29561
93,182,197,2.6284
93,183,184,2.65925
93,183,198,3.33365
93,184,185,2.6284
93,184,199,3.62926
93,185,186,3.62926
93,185,200,3.62926
93,186,187,2.9334
93,186,201,4.0
93,187,188,3.30279
93,187,202,3.695
93,188,189,2.96425
93,188,203,4.63415
93,189,190,3.3256
93,189,204,4.0
93,190,191,3.96914
93,190,205,4.63415
93,191,192,2.259
93,191,206,3.229
93,192,193,3.62121
93,192,207,3.29474
93,193,194,4.63415
93,193,208,3.95975
93,194,209,2.65925
93,195,196,3.5984
93,195,210,2.58546
93,196,197,3.5984
93,196,211,2.9334
93,197,198,3.59035
93,197,212,3.695
93,198,199,3.95975
93,198,213,3.25986
93,199,200,2.9334
93,199,214,3.695
93,200,201,4.63415
93,200,215,2.95486
93,201,202,4.66501
93,201,216,3.3256
93,202,203,2.6284
93,202,217,2.65925
93,203,204,3.33365
93,203,218,2.924
93,204,205,4.66501
93,204,219,3.695
93,205,206,3.695
93,205,220,3.59035
93,206,207,3.3256
93,206,221,2.55461
93,207,208,3.25986
93,207,222,2.55461
93,208,209,3.95975
93,208,223,3.3256
93,209,224,3.229
93,210,211,3.5984
93,211,212,3.62926
93,212,213,3.5984
93,213,214,2.924
93,214,215,2.58546
93,215,216,2.55461
93,216,217,3.96914
93,217,218,2.9334
93,218,219,2.96425
93,219,220,3.96914
93,220,221,4.26475
93,221,222,3.62926
93,222,223,2.6284
93,223,224,3.3256
94,0,1,3.71512
94,0,15,3.15656
94,1,2,4.25849
94,1,16,3.71512
94,2,3,4.0
94,2,17,2.77955
94,3,4,2.90656
94,3,18,3.41504
94,4,5,2.90656
94,4,19,4.0
94,5,6,3.84213
94,5,20,3.28356
94,6,7,2.76435
94,6,21,2.22098
94,7,8,2.89136
94,7,22,2.89136
94,8,9,2.22098
94,8,23,2.77955
94,9,10,3.06443
94,9,24,4.3855
94,10,11,3.84213
94,10,25,3.15656
94,11,12,2.63287
94,11,26,3.44143
94,12,13,3.82693
94,12,27,3.16505
94,13,14,4.0
94,13,28,3.54205
94,14,29,3.71512
94,15,16,4.25849
94,15,30,4.12701
94,16,17,2.90656
94,16,31,4.12701
94,17,18,3.82693
94,17,32,2.22098
94,18,19,4.3855
94,18,33,3.71512
94,19,20,3.54205
94,19,34,3.19144
94,20,21,3.15656
94,20,35,2.47947
94,21,22,3.28356
94,21,36,4.3855
94,22,23,2.77955
94,22,37,3.41504
94,23,24,4.3855
94,23,38,2.22098
94,24,25,2.90656
94,24,39,3.06443
94,25,26,4.10062
94,25,40,2.50586
94,26,27,3.41504
94,26,41,2.22098
94,27,28,2.34799
94,27,42,2.90656
94,28,29,2.63287
94,28,43,2.34799
94,29,44,2.34799
94,30,31,3.15656
94,30,45,4.12701
94,31,32,3.41504
94,31,46,2.63287
94,32,33,2.50586
94,32,47,4.12701
94,33,34,3.03804
94,33,48,2.90656
94,34,35,2.90656
94,34,49,3.32292
94,35,36,3.44143
94,35,50,2.50586
94,36,37,3.44993
94,36,51,4.12701
94,37,38,2.89136
94,37,52,3.28356
94,38,39,3.82693
94,38,53,3.41504
94,39,40,2.22098
94,39,54,3.32292
94,40,41,2.63287
94,40,55,3.54205
94,41,42,3.97361
94,41,56,3.16505
94,42,43,3.54205
94,42,57,3.44993
94,43,44,3.44143
94,43,58,3.41504
94,44,59,3.03804
94,45,46,3.03804
94,45,60,3.56844
94,46,47,3.19144
94,46,61,3.56844
94,47,48,3.82693
94,47,62,3.03804
94,48,49,2.63287
94,48,63,3.06443
94,49,50,3.15656
94,49,64,3.32292
94,50,51,4.10062
94,50,65,2.34799
94,51,52,4.25849
94,51,66,3.32292
94,52,53,2.47947
94,52,67,4.25849
94,53,54,4.25849
94,53,68,2.60648
94,54,55,3.32292
94,54,69,2.63287
94,55,56,2.90656
94,55,70,3.84213
94,56,57,3.54205
94,56,71,4.25849
94,57,58,3.44143
94,57,72,3.06443
94,58,59,3.16505
94,58,73,3.03804
94,59,74,2.76435
94,60,61,3.69992
94,60,75,3.44143
94,61,62,2.76435
94,61,76,3.16505
94,62,63,2.63287
94,62,77,3.44143
94,63,64,3.19144
94,63,78,2.60648
94,64,65,4.25849
94,64,79,3.84213
94,65,66,2.22098
94,65,80,2.89136
94,66,67,4.10062
94,66,81,2.90656
94,67,68,3.16505
94,67,82,3.28356
94,68,69,3.03804
94,68,83,3.19144
94,69,70,3.44143
94,69,84,2.90656
94,70,71,3.71512
94,70,85,4.3855
94,71,72,4.10062
94,71,86,3.03804
94,72,73,3.41504
94,72,87,3.56844
94,73,74,3.56844
94,73,88,3.56844
94,74,89,3.06443
94,75,76,2.34799
94,75,90,3.16505
94,76,77,3.32292
94,76,91,4.25849
94,77,78,2.77955
94,77,92,3.03804
94,78,79,2.76435
94,78,93,2.90656
94,79,80,3.16505
94,79,94,3.32292
94,80,81,4.25849
94,80,95,2.77955
94,81,82,4.0
94,81,96,3.16505
94,82,83,4.3855
94,82,97,3.44143
94,83,84,3.19144
94,83,98,2.60648
94,84,85,4.0
94,84,99,3.41504
94,85,86,2.47947
94,85,100,3.28356
94,86,87,3.97361
94,86,101,3.69992
94,87,88,4.10062
94,87,102,3.28356
94,88,89,2.89136
94,88,103,3.28356
94,89,104,3.56844
94,90,91,3.44993
94,90,105,4.3855
94,91,92,2.77955
94,91,106,2.50586
94,92,93,3.03804
94,92,107,4.25849
94,93,94,3.03804
94,93,108,3.44993
94,94,95,3.06443
94,94,109,2.77955
94,95,96,3.19144
94,95,110,3.32292
94,96,97,2.77955
94,96,111,2.50586
94,97,98,3.15656
94,97,112,3.69992
94,98,99,3.56844
94,98,113,3.03804
94,99,100,3.56844
94,99,114,3.28356
94,100,101,2.90656
94,100,115,2.50586
94,101,102,2.60648
94,101,116,2.76435
94,102,103,2.90656
94,102,117,3.03804
94,103,104,3.19144
94,103,118,2.34799
94,104,119,3.15656
94,105,106,3.44993
94,105,120,2.90656
94,106,107,3.16505
94,106,121,3.44993
94,107,108,2.77955
94,107,122,3.06443
94,108,109,3.32292
94,108,123,3.32292
94,109,110,2.90656
94,109,124,4.0
94,110,111,2.60648
94,110,125,3.19144
94,111,112,3.16505
94,111,126,3.54205
94,112,113,3.69992
94,112,127,3.06443
94,113,114,3.41504
94,113,128,2.60648
94,114,115,2.50586
94,114,129,2.76435
94,115,116,3.56844
94,115,130,4.12701
94,116,117,3.84213
94,116,131,2.90656
94,117,118,4.0
94,117,132,3.32292
94,118,119,3.06443
94,118,133,4.12701
94,119,134,2.63287
94,120,121,3.15656
94,120,135,2.22098
94,121,122,3.71512
94,121,136,3.32292
94,122,123,2.34799
94,122,137,4.3855
94,123,124,2.47947
94,123,138,3.82693
94,124,125,3.97361
94,124,139,4.10062
94,125,126,4.12701
94,125,140,2.76435
94,126,127,3.44143
94,126,141,2.77955
94,127,128,3.19144
94,127,142,4.12701
94,128,129,4.3855
94,128,143,3.82693
94,129,130,3.84213
94,129,144,3.97361
94,130,131,3.44143
94,130,145,3.44993
94,131,132,2.47947
94,131,146,3.16505
94,132,133,2.50586
94,132,147,3.44143
94,133,134,4.12701
94,133,148,3.03804
94,134,149,3.44993
94,135,136,3.41504
94,135,150,3.06443
94,136,137,2.22098
94,136,151,2.47947
94,137,138,3.69992
94,137,152,4.25849
94,138,139,3.69992
94,138,153,3.71512
94,139,140,3.69992
94,139,154,3.03804
94,140,141,4.10062
94,140,155,2.89136
94,141,142,4.25849
94,141,156,3.28356
94,142,143,4.10062
94,142,157,3.44143
94,143,144,4.10062
94,143,158,3.03804
94,144,145,2.50586
94,144,159,4.3855
94,145,146,3.97361
94,145,160,3.41504
94,146,147,4.0
94,146,161,3.15656
94,147,148,3.19144
94,147,162,3.16505
94,148,149,3.44143
94,148,163,3.82693
94,149,164,2.76435
94,150,151,3.06443
94,150,165,3.71512
94,151,152,3.03804
94,151,166,3.41504
94,152,153,3.56844
94,152,167,2.63287
94,153,154,3.84213
94,153,168,2.89136
94,154,155,4.25849
94,154,169,4.25849
94,155,156,3.41504
94,155,170,3.15656
94,156,157,2.63287
94,156,171,3.19144
94,157,158,3.19144
94,157,172,2.50586
94,158,159,2.77955
94,158,173,3.54205
94,159,160,3.16505
94,159,174,2.90656
94,160,161,2.47947
94,160,175,3.15656
94,161,162,3.03804
94,161,176,4.25849
94,162,163,3.84213
94,162,177,3.06443
94,163,164,2.89136
94,163,178,3.71512
94,164,179,4.0
94,165,166,3.71512
94,165,180,2.50586
94,166,167,3.97361
94,166,181,2.47947
94,167,168,2.63287
94,167,182,3.15656
94,168,169,3.28356
94,168,183,3.97361
94,169,170,3.97361
94,169,184,3.69992
94,170,171,3.82693
94,170,185,3.82693
94,171,172,3.56844
94,171,186,3.32292
94,172,173,2.50586
94,172,187,3.71512
94,173,174,2.77955
94,173,188,3.03804
94,174,175,3.15656
94,174,189,2.90656
94,175,176,3.16505
94,175,190,3.19144
94,176,177,3.56844
94,176,191,4.0
94,177,178,3.16505
94,177,192,3.71512
94,178,179,3.82693
94,178,193,3.44143
94,179,194,4.3855
94,180,181,3.69992
94,180,195,2.47947
94,181,182,3.71512
94,181,196,4.3855
94,182,183,3.06443
94,182,197,3.54205
94,183,184,3.41504
94,183,198,3.69992
94,184,185,3.54205
94,184,199,2.76435
94,185,186,2.76435
94,185,200,2.76435
94,186,187,3.56844
94,186,201,4.0
94,187,188,3.82693
94,187,202,3.97361
94,188,189,3.44143
94,188,203,3.44993
94,189,190,3.71512
94,189,204,4.0
94,190,191,4.12701
94,190,205,3.44993
94,191,192,3.28356
94,191,206,2.63287
94,192,193,2.77955
94,192,207,3.84213
94,193,194,3.44993
94,193,208,3.16505
94,194,209,3.41504
94,195,196,2.89136
94,195,210,2.22098
94,196,197,2.89136
94,196,211,3.56844
94,197,198,2.90656
94,197,212,3.97361
94,198,199,3.16505
94,198,213,2.50586
94,199,200,3.56844
94,199,214,3.97361
94,200,201,3.44993
94,200,215,2.47947
94,201,202,3.32292
94,201,216,3.71512
94,202,203,3.54205
94,202,217,3.41504
94,203,204,3.69992
94,203,218,2.60648
94,204,205,3.32292
94,204,219,3.97361
94,205,206,3.97361
94,205,220,2.90656
94,206,207,3.71512
94,206,221,2.34799
94,207,208,2.50586
94,207,222,2.34799
94,208,209,3.16505
94,208,223,3.71512
94,209,224,2.63287
94,210,211,2.89136
94,211,212,2.76435
94,212,213,2.89136
94,213,214,2.60648
94,214,215,2.22098
94,215,216,2.34799
94,216,217,4.12701
94,217,218,3.56844
94,218,219,3.44143
94,219,220,4.12701
94,220,221,3.19144
94,221,222,2.76435
94,222,223,3.54205
94,223,224,3.71512
95,0,1,3.38553
95,0,15,4.11493
95,1,2,3.95304
95,1,16,3.38553
95,2,3,4.0
95,2,17,3.35825
95,3,4,3.36809
95,3,18,4.06798
95,4,5,3.36809
95,4,19,4.0
95,5,6,3.39537
95,5,20,4.12477
95,6,7,4.65517
95,6,21,4.08765
95,7,8,4.66501
95,7,22,4.66501
95,8,9,4.08765
95,8,23,3.35825
95,9,10,3.97272
95,9,24,3.96288
95,10,11,3.39537
95,10,25,4.11493
95,11,12,4.71196
95,11,26,4.72941
95,12,13,4.69229
95,12,27,3.32113
95,13,14,4.0
95,13,28,4.07782
95,14,29,3.38553
95,15,16,3.95304
95,15,30,4.00984
95,16,17,3.36809
95,16,31,4.00984
95,17,18,4.69229
95,17,32,4.08765
95,18,19,3.96288
95,18,33,3.38553
95,19,20,4.07782
95,19,34,3.98256
95,20,21,4.11493
95,20,35,4.0407
95,21,22,4.12477
95,21,36,3.96288
95,22,23,3.35825
95,22,37,4.06798
95,23,24,3.96288
95,23,38,4.08765
95,24,25,3.36809
95,24,39,3.97272
95,25,26,3.34841
95,25,40,4.70213
95,26,27,4.06798
95,26,41,4.08765
95,27,28,4.09749
95,27,42,3.36809
95,28,29,4.71196
95,28,43,4.09749
95,29,44,4.09749
95,30,31,4.11493
95,30,45,4.00984
95,31,32,4.06798
95,31,46,4.71196
95,32,33,4.70213
95,32,47,4.00984
95,33,34,3.31129
95,33,48,3.36809
95,34,35,3.36809
95,34,49,3.92576
95,35,36,4.72941
95,35,50,4.70213
95,36,37,3.9356
95,36,51,4.00984
95,37,38,4.66501
95,37,52,4.12477
95,38,39,4.69229
95,38,53,4.06798
95,39,40,4.08765
95,39,54,3.92576
95,40,41,4.71196
95,40,55,4.07782
95,41,42,3.33857
95,41,56,3.32113
95,42,43,4.07782
95,42,57,3.9356
95,43,44,4.72941
95,43,58,4.06798
95,44,59,3.31129
95,45,46,3.31129
95,45,60,4.73924
95,46,47,3.98256
95,46,61,4.73924
95,47,48,4.69229
95,47,62,3.31129
95,48,49,4.71196
95,48,63,3.97272
95,49,50,4.11493
95,49,64,3.92576
95,50,51,3.34841
95,50,65,4.09749
95,51,52,3.95304
95,51,66,3.92576
95,52,53,4.0407
95,52,67,3.95304
95,53,54,3.95304
95,53,68,4.05054
95,54,55,3.92576
95,54,69,4.71196
95,55,56,3.36809
95,55,70,3.39537
95,56,57,4.07782
95,56,71,3.95304
95,57,58,4.72941
95,57,72,3.97272
95,58,59,3.32113
95,58,73,3.31129
95,59,74,4.65517
95,60,61,4.68245
95,60,75,4.72941
95,61,62,4.65517
95,61,76,3.32113
95,62,63,4.71196
95,62,77,4.72941
95,63,64,3.98256
95,63,78,4.05054
95,64,65,3.95304
95,64,79,3.39537
95,65,66,4.08765
95,65,80,4.66501
95,66,67,3.34841
95,66,81,3.36809
95,67,68,3.32113
95,67,82,4.12477
95,68,69,3.31129
95,68,83,3.98256
95,69,70,4.72941
95,69,84,3.36809
95,70,71,3.38553
95,70,85,3.96288
95,71,72,3.34841
95,71,86,3.31129
95,72,73,4.06798
95,72,87,4.73924
95,73,74,4.73924
95,73,88,4.73924
95,74,89,3.97272
95,75,76,4.09749
95,75,90,3.32113
95,76,77,3.92576
95,76,91,3.95304
95,77,78,3.35825
95,77,92,3.31129
95,78,79,4.65517
95,78,93,3.36809
95,79,80,3.32113
95,79,94,3.92576
95,80,81,3.95304
95,80,95,3.35825
95,81,82,4.0
95,81,96,3.32113
95,82,83,3.96288
95,82,97,4.72941
95,83,84,3.98256
95,83,98,4.05054
95,84,85,4.0
95,84,99,4.06798
95,85,86,4.0407
95,85,100,4.12477
95,86,87,3.33857
95,86,101,4.68245
95,87,88,3.34841
95,87,102,4.12477
95,88,89,4.66501
95,88,103,4.12477
95,89,104,4.73924
95,90,91,3.9356
95,90,105,3.96288
95,91,92,3.35825
95,91,106,4.70213
95,92,93,3.31129
95,92,107,3.95304
95,93,94,3.31129
95,93,108,3.9356
95,94,95,3.97272
95,94,109,3.35825
95,95,96,3.98256
95,95,110,3.92576
95,96,97,3.35825
95,96,111,4.70213
95,97,98,4.11493
95,97,112,4.68245
95,98,99,4.73924
95,98,113,3.31129
95,99,100,4.73924
95,99,114,4.12477
95,100,101,3.36809
95,100,115,4.70213
95,101,102,4.05054
95,101,116,4.65517
95,102,103,3.36809
95,102,117,3.31129
95,103,104,3.98256
95,103,118,4.09749
95,104,119,4.11493
95,105,106,3.9356
95,105,120,3.36809
95,106,107,3.32113
95,106,121,3.9356
95,107,108,3.35825
95,107,122,3.97272
95,108,109,3.92576
95,108,123,3.92576
95,109,110,3.36809
95,109,124,4.0
95,110,111,4.05054
95,110,125,3.98256
95,111,112,3.32113
95,111,126,4.07782
95,112,113,4.68245
95,112,127,3.97272
95,113,114,4.06798
95,113,128,4.05054
95,114,115,4.70213
95,114,129,4.65517
95,115,116,4.73924
95,115,130,4.00984
95,116,117,3.39537
95,116,131,3.36809
95,117,118,4.0
95,117,132,3.92576
95,118,119,3.97272
95,118,133,4.00984
95,119,134,4.71196
95,120,121,4.11493
95,120,135,4.08765
95,121,122,3.38553
95,121,136,3.92576
95,122,123,4.09749
95,122,137,3.96288
95,123,124,4.0407
95,123,138,4.69229
95,124,125,3.33857
95,124,139,3.34841
95,125,126,4.00984
95,125,140,4.65517
95,126,127,4.72941
95,126,141,3.35825
95,127,128,3.98256
95,127,142,4.00984
95,128,129,3.96288
95,128,143,4.69229
95,129,130,3.39537
95,129,144,3.33857
95,130,131,4.72941
95,130,145,3.9356
95,131,132,4.0407
95,131,146,3.32113
95,132,133,4.70213
95,132,147,4.72941
95,133,134,4.00984
95,133,148,3.31129
95,134,149,3.9356
95,135,136,4.06798
95,135,150,3.97272
95,136,137,4.08765
95,136,151,4.0407
95,137,138,4.68245
95,137,152,3.95304
95,138,139,4.68245
95,138,153,3.38553
95,139,140,4.68245
95,139,154,3.31129
95,140,141,3.34841
95,140,155,4.66501
95,141,142,3.95304
95,141,156,4.12477
95,142,143,3.34841
95,142,157,4.72941
95,143,144,3.34841
95,143,158,3.31129
95,144,145,4.70213
95,144,159,3.96288
95,145,146,3.33857
95,145,160,4.06798
95,146,147,4.0
95,146,161,4.11493
95,147,148,3.98256
95,147,162,3.32113
95,148,149,4.72941
95,148,163,4.69229
95,149,164,4.65517
95,150,151,3.97272
95,150,165,3.38553
95,151,152,3.31129
95,151,166,4.06798
95,152,153,4.73924
95,152,167,4.71196
95,153,154,3.39537
95,153,168,4.66501
95,154,155,3.95304
95,154,169,3.95304
95,155,156,4.06798
95,155,170,4.11493
95,156,157,4.71196
95,156,171,3.98256
95,157,158,3.98256
95,157,172,4.70213
95,158,159,3.35825
95,158,173,4.07782
95,159,160,3.32113
95,159,174,3.36809
95,160,161,4.0407
95,160,175,4.11493
95,161,162,3.31129
95,161,176,3.95304
95,162,163,3.39537
95,162,177,3.97272
95,163,164,4.66501
95,163,178,3.38553
95,164,179,4.0
95,165,166,3.38553
95,165,180,4.70213
95,166,167,3.33857
95,166,181,4.0407
95,167,168,4.71196
95,167,182,4.11493
95,168,169,4.12477
95,168,183,3.33857
95,169,170,3.33857
95,169,184,4.68245
95,170,171,4.69229
95,170,185,4.69229
95,171,172,4.73924
95,171,186,3.92576
95,172,173,4.70213
95,172,187,3.38553
95,173,174,3.35825
95,173,188,3.31129
95,174,175,4.11493
95,174,189,3.36809
95,175,176,3.32113
95,175,190,3.98256
95,176,177,4.73924
95,176,191,4.0
95,177,178,3.32113
95,177,192,3.38553
95,178,179,4.69229
95,178,193,4.72941
95,179,194,3.96288
95,180,181,4.68245
95,180,195,4.0407
95,181,182,3.38553
95,181,196,3.96288
95,182,183,3.97272
95,182,197,4.07782
95,183,184,4.06798
95,183,198,4.68245
95,184,185,4.07782
95,184,199,4.65517
95,185,186,4.65517
95,185,200,4.65517
95,186,187,4.73924
95,186,201,4.0
95,187,188,4.69229
95,187,202,3.33857
95,188,189,4.72941
95,188,203,3.9356
95,189,190,3.38553
95,189,204,4.0
95,190,191,4.00984
95,190,205,3.9356
95,191,192,4.12477
95,191,206,4.71196
95,192,193,3.35825
95,192,207,3.39537
95,193,194,3.9356
95,193,208,3.32113
95,194,209,4.06798
95,195,196,4.66501
95,195,210,4.08765
95,196,197,4.66501
95,196,211,4.73924
95,197,198,3.36809
95,197,212,3.33857
95,198,199,3.32113
95,198,213,4.70213
95,199,200,4.73924
95,199,214,3.33857
95,200,201,3.9356
95,200,215,4.0407
95,201,202,3.92576
95,201,216,3.38553
95,202,203,4.07782
95,202,217,4.06798
95,203,204,4.68245
95,203,218,4.05054
95,204,205,3.92576
95,204,219,3.33857
95,205,206,3.33857
95,205,220,3.36809
95,206,207,3.38553
95,206,221,4.09749
95,207,208,4.70213
95,207,222,4.09749
95,208,209,3.32113
95,208,223,3.38553
95,209,224,4.71196
95,210,211,4.66501
95,211,212,4.65517
95,212,213,4.66501
95,213,214,4.05054
95,214,215,4.08765
95,215,216,4.09749
95,216,217,4.00984
95,217,218,4.73924
95,218,219,4.72941
95,219,220,4.00984
95,220,221,3.98256
95,221,222,4.65517
95,222,223,4.07782
95,223,224,3.38553
96,0,1,4.54784
96,0,15,4.75221
96,1,2,3.91145
96,1,16,4.54784
96,2,3,4.0
96,2,17,4.47405
96,3,4,4.70257
96,3,18,4.66366
96,4,5,4.70257
96,4,19,4.0
96,5,6,4.77636
96,5,20,4.98074
96,6,7,4.04204
96,6,21,4.67842
96,7,8,4.27056
96,7,22,4.27056
96,8,9,4.67842
96,8,23,4.47405
96,9,10,3.92621
96,9,24,4.13998
96,10,11,4.77636
96,10,25,4.75221
96,11,12,4.35911
96,11,26,4.20438
96,12,13,4.34435
96,12,27,4.61402
96,13,14,4.0
96,13,28,4.89219
96,14,29,4.54784
96,15,16,3.91145
96,15,30,4.22853
96,16,17,4.70257
96,16,31,4.22853
96,17,18,4.34435
96,17,32,4.67842
96,18,19,4.13998
96,18,33,4.54784
96,19,20,4.89219
96,19,34,4.15474
96,20,21,4.75221
96,20,35,4.58987
96,21,22,4.98074
96,21,36,4.13998
96,22,23,4.47405
96,22,37,4.66366
96,23,24,4.13998
96,23,38,4.67842
96,24,25,4.70257
96,24,39,3.92621
96,25,26,4.68781
96,25,40,4.13059
96,26,27,4.66366
96,26,41,4.67842
96,27,28,4.90695
96,27,42,4.70257
96,28,29,4.35911
96,28,43,4.90695
96,29,44,4.90695
96,30,31,4.75221
96,30,45,4.22853
96,31,32,4.66366
96,31,46,4.35911
96,32,33,4.13059
96,32,47,4.22853
96,33,34,4.3855
96,33,48,4.70257
96,34,35,4.70257
96,34,49,3.83766
96,35,36,4.20438
96,35,50,4.13059
96,36,37,4.06619
96,36,51,4.22853
96,37,38,4.27056
96,37,52,4.98074
96,38,39,4.34435
96,38,53,4.66366
96,39,40,4.67842
96,39,54,3.83766
96,40,41,4.35911
96,40,55,4.89219
96,41,42,4.45929
96,41,56,4.61402
96,42,43,4.89219
96,42,57,4.06619
96,43,44,4.20438
96,43,58,4.66366
96,44,59,4.3855
96,45,46,4.3855
96,45,60,4.4329
96,46,47,4.15474
96,46,61,4.4329
96,47,48,4.34435
96,47,62,4.3855
96,48,49,4.35911
96,48,63,3.92621
96,49,50,4.75221
96,49,64,3.83766
96,50,51,4.68781
96,50,65,4.90695
96,51,52,3.91145
96,51,66,3.83766
96,52,53,4.58987
96,52,67,3.91145
96,53,54,3.91145
96,53,68,4.8184
96,54,55,3.83766
96,54,69,4.35911
96,55,56,4.70257
96,55,70,4.77636
96,56,57,4.89219
96,56,71,3.91145
96,57,58,4.20438
96,57,72,3.92621
96,58,59,4.61402
96,58,73,4.3855
96,59,74,4.04204
96,60,61,4.11583
96,60,75,4.20438
96,61,62,4.04204
96,61,76,4.61402
96,62,63,4.35911
96,62,77,4.20438
96,63,64,4.15474
96,63,78,4.8184
96,64,65,3.91145
96,64,79,4.77636
96,65,66,4.67842
96,65,80,4.27056
96,66,67,4.68781
96,66,81,4.70257
96,67,68,4.61402
96,67,82,4.98074
96,68,69,4.3855
96,68,83,4.15474
96,69,70,4.20438
96,69,84,4.70257
96,70,71,4.54784
96,70,85,4.13998
96,71,72,4.68781
96,71,86,4.3855
96,72,73,4.66366
96,72,87,4.4329
96,73,74,4.4329
96,73,88,4.4329
96,74,89,3.92621
96,75,76,4.90695
96,75,90,4.61402
96,76,77,3.83766
96,76,91,3.91145
96,77,78,4.47405
96,77,92,4.3855
96,78,79,4.04204
96,78,93,4.70257
96,79,80,4.61402
96,79,94,3.83766
96,80,81,3.91145
96,80,95,4.47405
96,81,82,4.0
96,81,96,4.61402
96,82,83,4.13998
96,82,97,4.20438
96,83,84,4.15474
96,83,98,4.8184
96,84,85,4.0
96,84,99,4.66366
96,85,86,4.58987
96,85,100,4.98074
96,86,87,4.45929
96,86,101,4.11583
96,87,88,4.68781
96,87,102,4.98074
96,88,89,4.27056
96,88,103,4.98074
96,89,104,4.4329
96,90,91,4.06619
96,90,105,4.13998
96,91,92,4.47405
96,91,106,4.13059
96,92,93,4.3855
96,92,107,3.91145
96,93,94,4.3855
96,93,108,4.06619
96,94,95,3.92621
96,94,109,4.47405
96,95,96,4.15474
96,95,110,3.83766
96,96,97,4.47405
96,96,111,4.13059
96,97,98,4.75221
96,97,112,4.11583
96,98,99,4.4329
96,98,113,4.3855
96,99,100,4.4329
96,99,114,4.98074
96,100,101,4.70257
96,100,115,4.13059
96,101,102,4.8184
96,101,116,4.04204
96,102,103,4.70257
96,102,117,4.3855
96,103,104,4.15474
96,103,118,4.90695
96,104,119,4.75221
96,105,106,4.06619
96,105,120,4.70257
96,106,107,4.61402
96,106,121,4.06619
96,107,108,4.47405
96,107,122,3.92621
96,108,109,3.83766
96,108,123,3.83766
96,109,110,4.70257
96,109,124,4.0
96,110,111,4.8184
96,110,125,4.15474
96,111,112,4.61402
96,111,126,4.89219
96,112,113,4.11583
96,112,127,3.92621
96,113,114,4.66366
96,113,128,4.8184
96,114,115,4.13059
96,114,129,4.04204
96,115,116,4.4329
96,115,130,4.22853
96,116,117,4.77636
96,116,131,4.70257
96,117,118,4.0
96,117,132,3.83766
96,118,119,3.92621
96,118,133,4.22853
96,119,134,4.35911
96,120,121,4.75221
96,120,135,4.67842
96,121,122,4.54784
96,121,136,3.83766
96,122,123,4.90695
96,122,137,4.13998
96,123,124,4.58987
96,123,138,4.34435
96,124,125,4.45929
96,124,139,4.68781
96,125,126,4.22853
96,125,140,4.04204
96,126,127,4.20438
96,126,141,4.47405
96,127,128,4.15474
96,127,142,4.22853
96,128,129,4.13998
96,128,143,4.34435
96,129,130,4.77636
96,129,144,4.45929
96,130,131,4.20438
96,130,145,4.06619
96,131,132,4.58987
96,131,146,4.61402
96,132,133,4.13059
96,132,147,4.20438
96,133,134,4.22853
96,133,148,4.3855
96,134,149,4.06619
96,135,136,4.66366
96,135,150,3.92621
96,136,137,4.67842
96,136,151,4.58987
96,137,138,4.11583
96,137,152,3.91145
96,138,139,4.11583
96,138,153,4.54784
96,139,140,4.11583
96,139,154,4.3855
96,140,141,4.68781
96,140,155,4.27056
96,141,142,3.91145
96,141,156,4.98074
96,142,143,4.68781
96,142,157,4.20438
96,143,144,4.68781
96,143,158,4.3855
96,144,145,4.13059
96,144,159,4.13998
96,145,146,4.45929
96,145,160,4.66366
96,146,147,4.0
96,146,161,4.75221
96,147,148,4.15474
96,147,162,4.61402
96,148,149,4.20438
96,148,163,4.34435
96,149,164,4.04204
96,150,151,3.92621
96,150,165,4.54784
96,151,152,4.3855
96,151,166,4.66366
96,152,153,4.4329
96,152,167,4.35911
96,153,154,4.77636
96,153,168,4.27056
96,154,155,3.91145
96,154,169,3.91145
96,155,156,4.66366
96,155,170,4.75221
96,156,157,4.35911
96,156,171,4.15474
96,157,158,4.15474
96,157,172,4.13059
96,158,159,4.47405
96,158,173,4.89219
96,159,160,4.61402
96,159,174,4.70257
96,160,161,4.58987
96,160,175,4.75221
96,161,162,4.3855
96,161,176,3.91145
96,162,163,4.77636
96,162,177,3.92621
96,163,164,4.27056
96,163,178,4.54784
96,164,179,4.0
96,165,166,4.54784
96,165,180,4.13059
96,166,167,4.45929
96,166,181,4.58987
96,167,168,4.35911
96,167,182,4.75221
96,168,169,4.98074
96,168,183,4.45929
96,169,170,4.45929
96,169,184,4.11583
96,170,171,4.34435
96,170,185,4.34435
96,171,172,4.4329
96,171,186,3.83766
96,172,173,4.13059
96,172,187,4.54784
96,173,174,4.47405
96,173,188,4.3855
96,174,175,4.75221
96,174,189,4.70257
96,175,176,4.61402
96,175,190,4.15474
96,176,177,4.4329
96,176,191,4.0
96,177,178,4.61402
96,177,192,4.54784
96,178,179,4.34435
96,178,193,4.20438
96,179,194,4.13998
96,180,181,4.11583
96,180,195,4.58987
96,181,182,4.54784
96,181,196,4.13998
96,182,183,3.92621
96,182,197,4.89219
96,183,184,4.66366
96,183,198,4.11583
96,184,185,4.89219
96,184,199,4.04204
96,185,186,4.04204
96,185,200,4.04204
96,186,187,4.4329
96,186,201,4.0
96,187,188,4.34435
96,187,202,4.45929
96,188,189,4.20438
96,188,203,4.06619
96,189,190,4.54784
96,189,204,4.0
96,190,191,4.22853
96,190,205,4.06619
96,191,192,4.98074
96,191,206,4.35911
96,192,193,4.47405
96,192,207,4.77636
96,193,194,4.06619
96,193,208,4.61402
96,194,209,4.66366
96,195,196,4.27056
96,195,210,4.67842
96,196,197,4.27056
96,196,211,4.4329
96,197,198,4.70257
96,197,212,4.45929
96,198,199,4.61402
96,198,213,4.13059
96,199,200,4.4329
96,199,214,4.45929
96,200,201,4.06619
96,200,215,4.58987
96,201,202,3.83766
96,201,216,4.54784
96,202,203,4.89219
96,202,217,4.66366
96,203,204,4.11583
96,203,218,4.8184
96,204,205,3.83766
96,204,219,4.45929
96,205,206,4.45929
96,205,220,4.70257
96,206,207,4.54784
96,206,221,4.90695
96,207,208,4.13059
96,207,222,4.90695
96,208,209,4.61402
96,208,223,4.54784
96,209,224,4.35911
96,210,211,4.27056
96,211,212,4.04204
96,212,213,4.27056
96,213,214,4.8184
96,214,215,4.67842
96,215,216,4.90695
96,216,217,4.22853
96,217,218,4.4329
96,218,219,4.20438
96,219,220,4.22853
96,220,221,4.15474
96,221,222,4.04204
96,222,223,4.89219
96,223,224,4.54784
97,0,1,4.00402
97,0,15,3.31084
97,1,2,3.62702
97,1,16,4.00402
97,2,3,4.0
97,2,17,3.98524
97,3,4,4.57422
97,3,18,2.93787
97,4,5,4.57422
97,4,19,4.0
97,5,6,4.59301
97,5,20,3.89982
97,6,7,2.91506
97,6,21,3.29206
97,7,8,3.50404
97,7,22,3.50404
97,8,9,3.29206
97,8,23,3.98524
97,9,10,3.98122
97,9,24,4.216
97,10,11,4.59301
97,10,25,3.31084
97,11,12,3.87702
97,11,26,3.30682
97,12,13,3.52282
97,12,27,4.20125
97,13,14,4.0
97,13,28,3.52685
97,14,29,4.00402
97,15,16,3.62702
97,15,30,4.58898
97,16,17,4.57422
97,16,31,4.58898
97,17,18,3.52282
97,17,32,3.29206
97,18,19,4.216
97,18,33,4.00402
97,19,20,3.52685
97,19,34,4.5702
97,20,21,3.31084
97,20,35,2.91908
97,21,22,3.89982
97,21,36,4.216
97,22,23,3.98524
97,22,37,2.93787
97,23,24,4.216
97,23,38,3.29206
97,24,25,4.57422
97,24,39,3.98122
97,25,26,4.22003
97,25,40,3.28804
97,26,27,2.93787
97,26,41,3.29206
97,27,28,3.88104
97,27,42,4.57422
97,28,29,3.87702
97,28,43,3.88104
97,29,44,3.88104
97,30,31,3.31084
97,30,45,4.58898
97,31,32,2.93787
97,31,46,3.87702
97,32,33,3.28804
97,32,47,4.58898
97,33,34,3.61227
97,33,48,4.57422
97,34,35,4.57422
97,34,49,3.60824
97,35,36,3.30682
97,35,50,3.28804
97,36,37,4.19722
97,36,51,4.58898
97,37,38,3.50404
97,37,52,3.89982
97,38,39,3.52282
97,38,53,2.93787
97,39,40,3.29206
97,39,54,3.60824
97,40,41,3.87702
97,40,55,3.52685
97,41,42,3.63105
97,41,56,4.20125
97,42,43,3.52685
97,42,57,4.19722
97,43,44,3.30682
97,43,58,2.93787
97,44,59,3.61227
97,45,46,3.61227
97,45,60,3.8958
97,46,47,4.5702
97,46,61,3.8958
97,47,48,3.52282
97,47,62,3.61227
97,48,49,3.87702
97,48,63,3.98122
97,49,50,3.31084
97,49,64,3.60824
97,50,51,4.22003
97,50,65,3.88104
97,51,52,3.62702
97,51,66,3.60824
97,52,53,2.91908
97,52,67,3.62702
97,53,54,3.62702
97,53,68,3.50807
97,54,55,3.60824
97,54,69,3.87702
97,55,56,4.57422
97,55,70,4.59301
97,56,57,3.52685
97,56,71,3.62702
97,57,58,3.30682
97,57,72,3.98122
97,58,59,4.20125
97,58,73,3.61227
97,59,74,2.91506
97,60,61,2.93384
97,60,75,3.30682
97,61,62,2.91506
97,61,76,4.20125
97,62,63,3.87702
97,62,77,3.30682
97,63,64,4.5702
97,63,78,3.50807
97,64,65,3.62702
97,64,79,4.59301
97,65,66,3.29206
97,65,80,3.50404
97,66,67,4.22003
97,66,81,4.57422
97,67,68,4.20125
97,67,82,3.89982
97,68,69,3.61227
97,68,83,4.5702
97,69,70,3.30682
97,69,84,4.57422
97,70,71,4.00402
97,70,85,4.216
97,71,72,4.22003
97,71,86,3.61227
97,72,73,2.93787
97,72,87,3.8958
97,73,74,3.8958
97,73,88,3.8958
97,74,89,3.98122
97,75,76,3.88104
97,75,90,4.20125
97,76,77,3.60824
97,76,91,3.62702
97,77,78,3.98524
97,77,92,3.61227
97,78,79,2.91506
97,78,93,4.57422
97,79,80,4.20125
97,79,94,3.60824
97,80,81,3.62702
97,80,95,3.98524
97,81,82,4.0
97,81,96,4.20125
97,82,83,4.216
97,82,97,3.30682
97,83,84,4.5702
97,83,98,3.50807
97,84,85,4.0
97,84,99,2.93787
97,85,86,2.91908
97,85,100,3.89982
97,86,87,3.63105
97,86,101,2.93384
97,87,88,4.22003
97,87,102,3.89982
97,88,89,3.50404
97,88,103,3.89982
97,89,104,3.8958
97,90,91,4.19722
97,90,105,4.216
97,91,92,3.98524
97,91,106,3.28804
97,92,93,3.61227
97,92,107,3.62702
97,93,94,3.61227
97,93,108,4.19722
97,94,95,3.98122
97,94,109,3.98524
97,95,96,4.5702
97,95,110,3.60824
97,96,97,3.98524
97,96,111,3.28804
97,97,98,3.31084
97,97,112,2.93384
97,98,99,3.8958
97,98,113,3.61227
97,99,100,3.8958
97,99,114,3.89982
97,100,101,4.57422
97,100,115,3.28804
97,101,102,3.50807
97,101,116,2.91506
97,102,103,4.57422
97,102,117,3.61227
97,103,104,4.5702
97,103,118,3.88104
97,104,119,3.31084
97,105,106,4.19722
97,105,120,4.57422
97,106,107,4.20125
97,106,121,4.19722
97,107,108,3.98524
97,107,122,3.98122
97,108,109,3.60824
97,108,123,3.60824
97,109,110,4.57422
97,109,124,4.0
97,110,111,3.50807
97,110,125,4.5702
97,111,112,4.20125
97,111,126,3.52685
97,112,113,2.93384
97,112,127,3.98122
97,113,114,2.93787
97,113,128,3.50807
97,114,115,3.28804
97,114,129,2.91506
97,115,116,3.8958
97,115,130,4.58898
97,116,117,4.59301
97,116,131,4.57422
97,117,118,4.0
97,117,132,3.60824
97,118,119,3.98122
97,118,133,4.58898
97,119,134,3.87702
97,120,121,3.31084
97,120,135,3.29206
97,121,122,4.00402
97,121,136,3.60824
97,122,123,3.88104
97,122,137,4.216
97,123,124,2.91908
97,123,138,3.52282
97,124,125,3.63105
97,124,139,4.22003
97,125,126,4.58898
97,125,140,2.91506
97,126,127,3.30682
97,126,141,3.98524
97,127,128,4.5702
97,127,142,4.58898
97,128,129,4.216
97,128,143,3.52282
97,129,130,4.59301
97,129,144,3.63105
97,130,131,3.30682
97,130,145,4.19722
97,131,132,2.91908
97,131,146,4.20125
97,132,133,3.28804
97,132,147,3.30682
97,133,134,4.58898
97,133,148,3.61227
97,134,149,4.19722
97,135,136,2.93787
97,135,150,3.98122
97,136,137,3.29206
97,136,151,2.91908
97,137,138,2.93384
97,137,152,3.62702
97,138,139,2.93384
97,138,153,4.00402
97,139,140,2.93384
97,139,154,3.61227
97,140,141,4.22003
97,140,155,3.50404
97,141,142,3.62702
97,141,156,3.89982
97,142,143,4.22003
97,142,157,3.30682
97,143,144,4.22003
97,143,158,3.61227
97,144,145,3.28804
97,144,159,4.216
97,145,146,3.63105
97,145,160,2.93787
97,146,147,4.0
97,146,161,3.31084
97,147,148,4.5702
97,147,162,4.20125
97,148,149,3.30682
97,148,163,3.52282
97,149,164,2.91506
97,150,151,3.98122
97,150,165,4.00402
97,151,152,3.61227
97,151,166,2.93787
97,152,153,3.8958
97,152,167,3.87702
97,153,154,4.59301
97,153,168,3.50404
97,154,155,3.62702
97,154,169,3.62702
97,155,156,2.93787
97,155,170,3.31084
97,156,157,3.87702
97,156,171,4.5702
97,157,158,4.5702
97,157,172,3.28804
97,158,159,3.98524
97,158,173,3.52685
97,159,160,4.20125
97,159,174,4.57422
97,160,161,2.91908
97,160,175,3.31084
97,161,162,3.61227
97,161,176,3.62702
97,162,163,4.59301
97,162,177,3.98122
97,163,164,3.50404
97,163,178,4.00402
97,164,179,4.0
97,165,166,4.00402
97,165,180,3.28804
97,166,167,3.63105
97,166,181,2.91908
97,167,168,3.87702
97,167,182,3.31084
97,168,169,3.89982
97,168,183,3.63105
97,169,170,3.63105
97,169,184,2.93384
97,170,171,3.52282
97,170,185,3.52282
97,171,172,3.8958
97,171,186,3.60824
97,172,173,3.28804
97,172,187,4.00402
97,173,174,3.98524
97,173,188,3.61227
97,174,175,3.31084
97,174,189,4.57422
97,175,176,4.20125
97,175,190,4.5702
97,176,177,3.8958
97,176,191,4.0
97,177,178,4.20125
97,177,192,4.00402
97,178,179,3.52282
97,178,193,3.30682
97,179,194,4.216
97,180,181,2.93384
97,180,195,2.91908
97,181,182,4.00402
97,181,196,4.216
97,182,183,3.98122
97,182,197,3.52685
97,183,184,2.93787
97,183,198,2.93384
97,184,185,3.52685
97,184,199,2.91506
97,185,186,2.91506
97,185,200,2.91506
97,186,187,3.8958
97,186,201,4.0
97,187,188,3.52282
97,187,202,3.63105
97,188,189,3.30682
97,188,203,4.19722
97,189,190,4.00402
97,189,204,4.0
97,190,191,4.58898
97,190,205,4.19722
97,191,192,3.89982
97,191,206,3.87702
97,192,193,3.98524
97,192,207,4.59301
97,193,194,4.19722
97,193,208,4.20125
97,194,209,2.93787
97,195,196,3.50404
97,195,210,3.29206
97,196,197,3.50404
97,196,211,3.8958
97,197,198,4.57422
97,197,212,3.63105
97,198,199,4.20125
97,198,213,3.28804
97,199,200,3.8958
97,199,214,3.63105
97,200,201,4.19722
97,200,215,2.91908
97,201,202,3.60824
97,201,216,4.00402
97,202,203,3.52685
97,202,217,2.93787
97,203,204,2.93384
97,203,218,3.50807
97,204,205,3.60824
97,204,219,3.63105
97,205,206,3.63105
97,205,220,4.57422
97,206,207,4.00402
97,206,221,3.88104
97,207,208,3.28804
97,207,222,3.88104
97,208,209,4.20125
97,208,223,4.00402
97,209,224,3.87702
97,210,211,3.50404
97,211,212,2.91506
97,212,213,3.50404
97,213,214,3.50807
97,214,215,3.29206
97,215,216,3.88104
97,216,217,4.58898
97,217,218,3.8958
97,218,219,3.30682
97,219,220,4.58898
97,220,221,4.5702
97,221,222,2.91506
97,222,223,3.52685
97,223,224,4.00402
98,0,1,3.75403
98,0,15,3.93381
98,1,2,3.5832
98,1,16,3.75403
98,2,3,4.0
98,2,17,3.95438
98,3,4,3.39805
98,3,18,3.51701
98,4,5,3.39805
98,4,19,4.0
98,5,6,3.1977
98,5,20,3.37748
98,6,7,3.96333
98,6,21,4.13416
98,7,8,3.40699
98,7,22,3.40699
98,8,9,4.13416
98,8,23,3.95438
98,9,10,4.20035
98,9,24,3.02686
98,10,11,3.1977
98,10,25,3.93381
98,11,12,3.8238
98,11,26,4.17978
98,12,13,3.20664
98,12,27,2.98125
98,13,14,4.0
98,13,28,2.96068
98,14,29,3.75403
98,15,16,3.5832
98,15,30,3.44367
98,16,17,3.39805
98,16,31,3.44367
98,17,18,3.20664
98,17,32,4.13416
98,18,19,3.02686
98,18,33,3.75403
98,19,20,2.96068
98,19,34,3.64402
98,20,21,3.93381
98,20,35,3.71736
98,21,22,3.37748
98,21,36,3.02686
98,22,23,3.95438
98,22,37,3.51701
98,23,24,3.02686
98,23,38,4.13416
98,24,25,3.39805
98,24,39,4.20035
98,25,26,2.7809
98,25,40,4.38013
98,26,27,3.51701
98,26,41,4.13416
98,27,28,3.57783
98,27,42,3.39805
98,28,29,3.8238
98,28,43,3.57783
98,29,44,3.57783
98,30,31,3.93381
98,30,45,3.44367
98,31,32,3.51701
98,31,46,3.8238
98,32,33,4.38013
98,32,47,3.44367
98,33,34,3.53758
98,33,48,3.39805
98,34,35,3.39805
98,34,49,3.78355
98,35,36,4.17978
98,35,50,4.38013
98,36,37,3.22721
98,36,51,3.44367
98,37,38,3.40699
98,37,52,3.37748
98,38,39,3.20664
98,38,53,3.51701
98,39,40,4.13416
98,39,54,3.78355
98,40,41,3.8238
98,40,55,2.96068
98,41,42,3.33723
98,41,56,2.98125
98,42,43,2.96068
98,42,57,3.22721
98,43,44,4.17978
98,43,58,3.51701
98,44,59,3.53758
98,45,46,3.53758
98,45,60,3.62345
98,46,47,3.64402
98,46,61,3.62345
98,47,48,3.20664
98,47,62,3.53758
98,48,49,3.8238
98,48,63,4.20035
98,49,50,3.93381
98,49,64,3.78355
98,50,51,2.7809
98,50,65,3.57783
98,51,52,3.5832
98,51,66,3.78355
98,52,53,3.71736
98,52,67,3.5832
98,53,54,3.5832
98,53,68,3.16103
98,54,55,3.78355
98,54,69,3.8238
98,55,56,3.39805
98,55,70,3.1977
98,56,57,2.96068
98,56,71,3.5832
98,57,58,4.17978
98,57,72,4.20035
98,58,59,2.98125
98,58,73,3.53758
98,59,74,3.96333
98,60,61,3.76298
98,60,75,4.17978
98,61,62,3.96333
98,61,76,2.98125
98,62,63,3.8238
98,62,77,4.17978
98,63,64,3.64402
98,63,78,3.16103
98,64,65,3.5832
98,64,79,3.1977
98,65,66,4.13416
98,65,80,3.40699
98,66,67,2.7809
98,66,81,3.39805
98,67,68,2.98125
98,67,82,3.37748
98,68,69,3.53758
98,68,83,3.64402
98,69,70,4.17978
98,69,84,3.39805
98,70,71,3.75403
98,70,85,3.02686
98,71,72,2.7809
98,71,86,3.53758
98,72,73,3.51701
98,72,87,3.62345
98,73,74,3.62345
98,73,88,3.62345
98,74,89,4.20035
98,75,76,3.57783
98,75,90,2.98125
98,76,77,3.78355
98,76,91,3.5832
98,77,78,3.95438
98,77,92,3.53758
98,78,79,3.96333
98,78,93,3.39805
98,79,80,2.98125
98,79,94,3.78355
98,80,81,3.5832
98,80,95,3.95438
98,81,82,4.0
98,81,96,2.98125
98,82,83,3.02686
98,82,97,4.17978
98,83,84,3.64402
98,83,98,3.16103
98,84,85,4.0
98,84,99,3.51701
98,85,86,3.71736
98,85,100,3.37748
98,86,87,3.33723
98,86,101,3.76298
98,87,88,2.7809
98,87,102,3.37748
98,88,89,3.40699
98,88,103,3.37748
98,89,104,3.62345
98,90,91,3.22721
98,90,105,3.02686
98,91,92,3.95438
98,91,106,4.38013
98,92,93,3.53758
98,92,107,3.5832
98,93,94,3.53758
98,93,108,3.22721
98,94,95,4.20035
98,94,109,3.95438
98,95,96,3.64402
98,95,110,3.78355
98,96,97,3.95438
98,96,111,4.38013
98,97,98,3.93381
98,97,112,3.76298
98,98,99,3.62345
98,98,113,3.53758
98,99,100,3.62345
98,99,114,3.37748
98,100,101,3.39805
98,100,115,4.38013
98,101,102,3.16103
98,101,116,3.96333
98,102,103,3.39805
98,102,117,3.53758
98,103,104,3.64402
98,103,118,3.57783
98,104,119,3.93381
98,105,106,3.22721
98,105,120,3.39805
98,106,107,2.98125
98,106,121,3.22721
98,107,108,3.95438
98,107,122,4.20035
98,108,109,3.78355
98,108,123,3.78355
98,109,110,3.39805
98,109,124,4.0
98,110,111,3.16103
98,110,125,3.64402
98,111,112,2.98125
98,111,126,2.96068
98,112,113,3.76298
98,112,127,4.20035
98,113,114,3.51701
98,113,128,3.16103
98,114,115,4.38013
98,114,129,3.96333
98,115,116,3.62345
98,115,130,3.44367
98,116,117,3.1977
98,116,131,3.39805
98,117,118,4.0
98,117,132,3.78355
98,118,119,4.20035
98,118,133,3.44367
98,119,134,3.8238
98,120,121,3.93381
98,120,135,4.13416
98,121,122,3.75403
98,121,136,3.78355
98,122,123,3.57783
98,122,137,3.02686
98,123,124,3.71736
98,123,138,3.20664
98,124,125,3.33723
98,124,139,2.7809
98,125,126,3.44367
98,125,140,3.96333
98,126,127,4.17978
98,126,141,3.95438
98,127,128,3.64402
98,127,142,3.44367
98,128,129,3.02686
98,128,143,3.20664
98,129,130,3.1977
98,129,144,3.33723
98,130,131,4.17978
98,130,145,3.22721
98,131,132,3.71736
98,131,146,2.98125
98,132,133,4.38013
98,132,147,4.17978
98,133,134,3.44367
98,133,148,3.53758
98,134,149,3.22721
98,135,136,3.51701
98,135,150,4.20035
98,136,137,4.13416
98,136,151,3.71736
98,137,138,3.76298
98,137,152,3.5832
98,138,139,3.76298
98,138,153,3.75403
98,139,140,3.76298
98,139,154,3.53758
98,140,141,2.7809
98,140,155,3.40699
98,141,142,3.5832
98,141,156,3.37748
98,142,143,2.7809
98,142,157,4.17978
98,143,144,2.7809
98,143,158,3.53758
98,144,145,4.38013
98,144,159,3.02686
98,145,146,3.33723
98,145,160,3.51701
98,146,147,4.0
98,146,161,3.93381
98,147,148,3.64402
98,147,162,2.98125
98,148,149,4.17978
98,148,163,3.20664
98,149,164,3.96333
98,150,151,4.20035
98,150,165,3.75403
98,151,152,3.53758
98,151,166,3.51701
98,152,153,3.62345
98,152,167,3.8238
98,153,154,3.1977
98,153,168,3.40699
98,154,155,3.5832
98,154,169,3.5832
98,155,156,3.51701
98,155,170,3.93381
98,156,157,3.8238
98,156,171,3.64402
98,157,158,3.64402
98,157,172,4.38013
98,158,159,3.95438
98,158,173,2.96068
98,159,160,2.98125
98,159,174,3.39805
98,160,161,3.71736
98,160,175,3.93381
98,161,162,3.53758
98,161,176,3.5832
98,162,163,3.1977
98,162,177,4.20035
98,163,164,3.40699
98,163,178,3.75403
98,164,179,4.0
98,165,166,3.75403
98,165,180,4.38013
98,166,167,3.33723
98,166,181,3.71736
98,167,168,3.8238
98,167,182,3.93381
98,168,169,3.37748
98,168,183,3.33723
98,169,170,3.33723
98,169,184,3.76298
98,170,171,3.20664
98,170,185,3.20664
98,171,172,3.62345
98,171,186,3.78355
98,172,173,4.38013
98,172,187,3.75403
98,173,174,3.95438
98,173,188,3.53758
98,174,175,3.93381
98,174,189,3.39805
98,175,176,2.98125
98,175,190,3.64402
98,176,177,3.62345
98,176,191,4.0
98,177,178,2.98125
98,177,192,3.75403
98,178,179,3.20664
98,178,193,4.17978
98,179,194,3.02686
98,180,181,3.76298
98,180,195,3.71736
98,181,182,3.75403
98,181,196,3.02686
98,182,183,4.20035
98,182,197,2.96068
98,183,184,3.51701
98,183,198,3.76298
98,184,185,2.96068
98,184,199,3.96333
98,185,186,3.96333
98,185,200,3.96333
98,186,187,3.62345
98,186,201,4.0
98,187,188,3.20664
98,187,202,3.33723
98,188,189,4.17978
98,188,203,3.22721
98,189,190,3.75403
98,189,204,4.0
98,190,191,3.44367
98,190,205,3.22721
98,191,192,3.37748
98,191,206,3.8238
98,192,193,3.95438
98,192,207,3.1977
98,193,194,3.22721
98,193,208,2.98125
98,194,209,3.51701
98,195,196,3.40699
98,195,210,4.13416
98,196,197,3.40699
98,196,211,3.62345
98,197,198,3.39805
98,197,212,3.33723
98,198,199,2.98125
98,198,213,4.38013
98,199,200,3.62345
98,199,214,3.33723
98,200,201,3.22721
98,200,215,3.71736
98,201,202,3.78355
98,201,216,3.75403
98,202,203,2.96068
98,202,217,3.51701
98,203,204,3.76298
98,203,218,3.16103
98,204,205,3.78355
98,204,219,3.33723
98,205,206,3.33723
98,205,220,3.39805
98,206,207,3.75403
98,206,221,3.57783
98,207,208,4.38013
98,207,222,3.57783
98,208,209,2.98125
98,208,223,3.75403
98,209,224,3.8238
98,210,211,3.40699
98,211,212,3.96333
98,212,213,3.40699
98,213,214,3.16103
98,214,215,4.13416
98,215,216,3.57783
98,216,217,3.44367
98,217,218,3.62345
98,218,219,4.17978
98,219,220,3.44367
98,220,221,3.64402
98,221,222,3.96333
98,222,223,2.96068
98,223,224,3.75403
99,0,1,4.40383
99,0,15,3.82693
99,1,2,3.63418
99,1,16,4.40383
99,2,3,4.0
99,2,17,5.43511
99,3,4,5.53573
99,3,18,3.46111
99,4,5,5.53573
99,4,19,4.0
99,5,6,4.50446
99,5,20,3.92755
99,6,7,4.08855
99,6,21,4.8582
99,7,8,4.18917
99,7,22,4.18917
99,8,9,4.8582
99,8,23,5.43511
99,9,10,5.03127
99,9,24,3.7348
99,10,11,4.50446
99,10,25,3.82693
99,11,12,4.55499
99,11,26,3.42309
99,12,13,3.1579
99,12,27,5.16991
99,13,14,4.0
99,13,28,3.56173
99,14,29,4.40383
99,15,16,3.63418
99,15,30,4.10062
99,16,17,5.53573
99,16,31,4.10062
99,17,18,3.1579
99,17,32,4.8582
99,18,19,3.7348
99,18,33,4.40383
99,19,20,3.56173
99,19,34,5.1319
99,20,21,3.82693
99,20,35,4.49238
99,21,22,3.92755
99,21,36,3.7348
99,22,23,5.43511
99,22,37,3.46111
99,23,24,3.7348
99,23,38,4.8582
99,24,25,5.53573
99,24,39,5.03127
99,25,26,4.13864
99,25,40,4.45437
99,26,27,3.46111
99,26,41,4.8582
99,27,28,4.95883
99,27,42,5.53573
99,28,29,4.55499
99,28,43,4.95883
99,29,44,4.95883
99,30,31,3.82693
99,30,45,4.10062
99,31,32,3.46111
99,31,46,4.55499
99,32,33,4.45437
99,32,47,4.10062
99,33,34,5.06929
99,33,48,5.53573
99,34,35,5.53573
99,34,49,4.66545
99,35,36,3.42309
99,35,50,4.45437
99,36,37,4.76608
99,36,51,4.10062
99,37,38,4.18917
99,37,52,3.92755
99,38,39,3.1579
99,38,53,3.46111
99,39,40,4.8582
99,39,54,4.66545
99,40,41,4.55499
99,40,55,3.56173
99,41,42,4.03801
99,41,56,5.16991
99,42,43,3.56173
99,42,57,4.76608
99,43,44,3.42309
99,43,58,3.46111
99,44,59,5.06929
99,45,46,5.06929
99,45,60,3.52372
99,46,47,5.1319
99,46,61,3.52372
99,47,48,3.1579
99,47,62,5.06929
99,48,49,4.55499
99,48,63,5.03127
99,49,50,3.82693
99,49,64,4.66545
99,50,51,4.13864
99,50,65,4.95883
99,51,52,3.63418
99,51,66,4.66545
99,52,53,4.49238
99,52,67,3.63418
99,53,54,3.63418
99,53,68,4.59301
99,54,55,4.66545
99,54,69,4.55499
99,55,56,5.53573
99,55,70,4.50446
99,56,57,3.56173
99,56,71,3.63418
99,57,58,3.42309
99,57,72,5.03127
99,58,59,5.16991
99,58,73,5.06929
99,59,74,4.08855
99,60,61,3.05727
99,60,75,3.42309
99,61,62,4.08855
99,61,76,5.16991
99,62,63,4.55499
99,62,77,3.42309
99,63,64,5.1319
99,63,78,4.59301
99,64,65,3.63418
99,64,79,4.50446
99,65,66,4.8582
99,65,80,4.18917
99,66,67,4.13864
99,66,81,5.53573
99,67,68,5.16991
99,67,82,3.92755
99,68,69,5.06929
99,68,83,5.1319
99,69,70,3.42309
99,69,84,5.53573
99,70,71,4.40383
99,70,85,3.7348
99,71,72,4.13864
99,71,86,5.06929
99,72,73,3.46111
99,72,87,3.52372
99,73,74,3.52372
99,73,88,3.52372
99,74,89,5.03127
99,75,76,4.95883
99,75,90,5.16991
99,76,77,4.66545
99,76,91,3.63418
99,77,78,5.43511
99,77,92,5.06929
99,78,79,4.08855
99,78,93,5.53573
99,79,80,5.16991
99,79,94,4.66545
99,80,81,3.63418
99,80,95,5.43511
99,81,82,4.0
99,81,96,5.16991
99,82,83,3.7348
99,82,97,3.42309
99,83,84,5.1319
99,83,98,4.59301
99,84,85,4.0
99,84,99,3.46111
99,85,86,4.49238
99,85,100,3.92755
99,86,87,4.03801
99,86,101,3.05727
99,87,88,4.13864
99,87,102,3.92755
99,88,89,4.18917
99,88,103,3.92755
99,89,104,3.52372
99,90,91,4.76608
99,90,105,3.7348
99,91,92,5.43511
99,91,106,4.45437
99,92,93,5.06929
99,92,107,3.63418
99,93,94,5.06929
99,93,108,4.76608
99,94,95,5.03127
99,94,109,5.43511
99,95,96,5.1319
99,95,110,4.66545
99,96,97,5.43511
99,96,111,4.45437
99,97,98,3.82693
99,97,112,3.05727
99,98,99,3.52372
99,98,113,5.06929
99,99,100,3.52372
99,99,114,3.92755
99,100,101,5.53573
99,100,115,4.45437
99,101,102,4.59301
99,101,116,4.08855
99,102,103,5.53573
99,102,117,5.06929
99,103,104,5.1319
99,103,118,4.95883
99,104,119,3.82693
99,105,106,4.76608
99,105,120,5.53573
99,106,107,5.16991
99,106,121,4.76608
99,107,108,5.43511
99,107,122,5.03127
99,108,109,4.66545
99,108,123,4.66545
99,109,110,5.53573
99,109,124,4.0
99,110,111,4.59301
99,110,125,5.1319
99,111,112,5.16991
99,111,126,3.56173
99,112,113,3.05727
99,112,127,5.03127
99,113,114,3.46111
99,113,128,4.59301
99,114,115,4.45437
99,114,129,4.08855
99,115,116,3.52372
99,115,130,4.10062
99,116,117,4.50446
99,116,131,5.53573
99,117,118,4.0
99,117,132,4.66545
99,118,119,5.03127
99,118,133,4.10062
99,119,134,4.55499
99,120,121,3.82693
99,120,135,4.8582
99,121,122,4.40383
99,121,136,4.66545
99,122,123,4.95883
99,122,137,3.7348
99,123,124,4.49238
99,123,138,3.1579
99,124,125,4.03801
99,124,139,4.13864
99,125,126,4.10062
99,125,140,4.08855
99,126,127,3.42309
99,126,141,5.43511
99,127,128,5.1319
99,127,142,4.10062
99,128,129,3.7348
99,128,143,3.1579
99,129,130,4.50446
99,129,144,4.03801
99,130,131,3.42309
99,130,145,4.76608
99,131,132,4.49238
99,131,146,5.16991
99,132,133,4.45437
99,132,147,3.42309
99,133,134,4.10062
99,133,148,5.06929
99,134,149,4.76608
99,135,136,3.46111
99,135,150,5.03127
99,136,137,4.8582
99,136,151,4.49238
99,137,138,3.05727
99,137,152,3.63418
99,138,139,3.05727
99,138,153,4.40383
99,139,140,3.05727
99,139,154,5.06929
99,140,141,4.13864
99,140,155,4.18917
99,141,142,3.63418
99,141,156,3.92755
99,142,143,4.13864
99,142,157,3.42309
99,143,144,4.13864
99,143,158,5.06929
99,144,145,4.45437
99,144,159,3.7348
99,145,146,4.03801
99,145,160,3.46111
99,146,147,4.0
99,146,161,3.82693
99,147,148,5.1319
99,147,162,5.16991
99,148,149,3.42309
99,148,163,3.1579
99,149,164,4.08855
99,150,151,5.03127
99,150,165,4.40383
99,151,152,5.06929
99,151,166,3.46111
99,152,153,3.52372
99,152,167,4.55499
99,153,154,4.50446
99,153,168,4.18917
99,154,155,3.63418
99,154,169,3.63418
99,155,156,3.46111
99,155,170,3.82693
99,156,157,4.55499
99,156,171,5.1319
99,157,158,5.1319
99,157,172,4.45437
99,158,159,5.43511
99,158,173,3.56173
99,159,160,5.16991
99,159,174,5.53573
99,160,161,4.49238
99,160,175,3.82693
99,161,162,5.06929
99,161,176,3.63418
99,162,163,4.50446
99,162,177,5.03127
99,163,164,4.18917
99,163,178,4.40383
99,164,179,4.0
99,165,166,4.40383
99,165,180,4.45437
99,166,167,4.03801
99,166,181,4.49238
99,167,168,4.55499
99,167,182,3.82693
99,168,169,3.92755
99,168,183,4.03801
99,169,170,4.03801
99,169,184,3.05727
99,170,171,3.1579
99,170,185,3.1579
99,171,172,3.52372
99,171,186,4.66545
99,172,173,4.45437
99,172,187,4.40383
99,173,174,5.43511
99,173,188,5.06929
99,174,175,3.82693
99,174,189,5.53573
99,175,176,5.16991
99,175,190,5.1319
99,176,177,3.52372
99,176,191,4.0
99,177,178,5.16991
99,177,192,4.40383
99,178,179,3.1579
99,178,193,3.42309
99,179,194,3.7348
99,180,181,3.05727
99,180,195,4.49238
99,181,182,4.40383
99,181,196,3.7348
99,182,183,5.03127
99,182,197,3.56173
99,183,184,3.46111
99,183,198,3.05727
99,184,185,3.56173
99,184,199,4.08855
99,185,186,4.08855
99,185,200,4.08855
99,186,187,3.52372
99,186,201,4.0
99,187,188,3.1579
99,187,202,4.03801
99,188,189,3.42309
99,188,203,4.76608
99,189,190,4.40383
99,189,204,4.0
99,190,191,4.10062
99,190,205,4.76608
99,191,192,3.92755
99,191,206,4.55499
99,192,193,5.43511
99,192,207,4.50446
99,193,194,4.76608
99,193,208,5.16991
99,194,209,3.46111
99,195,196,4.18917
99,195,210,4.8582
99,196,197,4.18917
99,196,211,3.52372
99,197,198,5.53573
99,197,212,4.03801
99,198,199,5.16991
99,198,213,4.45437
99,199,200,3.52372
99,199,214,4.03801
99,200,201,4.76608
99,200,215,4.49238
99,201,202,4.66545
99,201,216,4.40383
99,202,203,3.56173
99,202,217,3.46111
99,203,204,3.05727
99,203,218,4.59301
99,204,205,4.66545
99,204,219,4.03801
99,205,206,4.03801
99,205,220,5.53573
99,206,207,4.40383
99,206,221,4.95883
99,207,208,4.45437
99,207,222,4.95883
99,208,209,5.16991
99,208,223,4.40383
99,209,224,4.55499
99,210,211,4.18917
99,211,212,4.08855
99,212,213,4.18917
99,213,214,4.59301
99,214,215,4.8582
99,215,216,4.95883
99,216,217,4.10062
99,217,218,3.52372
99,218,219,3.42309
99,219,220,4.10062
99,220,221,5.1319
99,221,222,4.08855
99,222,223,3.56173
99,223,224,4.40383
